v -3.448001 -5.127000 1.600000
v -3.448001 -5.127000 2.110000
v -2.438001 -5.127000 1.600000
v -2.438001 -5.127000 2.110000
v -3.363833 -5.127000 1.600000
v -3.279666 -5.127000 1.600000
v -3.195500 -5.127000 1.600000
v -3.111333 -5.127000 1.600000
v -3.027167 -5.127000 1.600000
v -2.943000 -5.127000 1.600000
v -2.858834 -5.127000 1.600000
v -2.774667 -5.127000 1.600000
v -2.690499 -5.127000 1.600000
v -2.606334 -5.127000 1.600000
v -2.522166 -5.127000 1.600000
v -2.943000 -5.127000 1.855000
v -2.943000 -5.127000 1.727500
v -3.195500 -5.127000 1.855000
v -3.195500 -5.127000 1.727500
v -2.690499 -5.127000 1.855000
v -2.690499 -5.127000 1.727500
v -2.438001 -5.127000 1.672857
v -2.438001 -5.127000 1.745714
v -2.438001 -5.127000 1.818571
v -2.438001 -5.127000 1.891429
v -2.438001 -5.127000 1.964285
v -2.438001 -5.127000 2.037143
v -2.943000 -5.127000 1.982500
v -2.690499 -5.127000 1.982500
v -2.522166 -5.127000 2.110000
v -2.606334 -5.127000 2.110000
v -2.690499 -5.127000 2.110000
v -2.774667 -5.127000 2.110000
v -2.858834 -5.127000 2.110000
v -2.943000 -5.127000 2.110000
v -3.027167 -5.127000 2.110000
v -3.111333 -5.127000 2.110000
v -3.195500 -5.127000 2.110000
v -3.279666 -5.127000 2.110000
v -3.363833 -5.127000 2.110000
v -3.195500 -5.127000 1.982500
v -3.448001 -5.127000 2.037143
v -3.448001 -5.127000 1.964285
v -3.448001 -5.127000 1.891429
v -3.448001 -5.127000 1.818571
v -3.448001 -5.127000 1.745714
v -3.448001 -5.127000 1.672857
v -5.258000 -5.127000 1.600000
v -5.258000 -5.127000 2.110000
v -4.248000 -5.127000 1.600000
v -4.248000 -5.127000 2.110000
v -5.173833 -5.127000 1.600000
v -5.089667 -5.127000 1.600000
v -5.005500 -5.127000 1.600000
v -4.921334 -5.127000 1.600000
v -4.837167 -5.127000 1.600000
v -4.752999 -5.127000 1.600000
v -4.668834 -5.127000 1.600000
v -4.584666 -5.127000 1.600000
v -4.500501 -5.127000 1.600000
v -4.416333 -5.127000 1.600000
v -4.332168 -5.127000 1.600000
v -4.752999 -5.127000 1.855000
v -4.752999 -5.127000 1.727500
v -5.005500 -5.127000 1.855000
v -5.005500 -5.127000 1.727500
v -4.500501 -5.127000 1.855000
v -4.500501 -5.127000 1.727500
v -4.248000 -5.127000 1.672857
v -4.248000 -5.127000 1.745714
v -4.248000 -5.127000 1.818571
v -4.248000 -5.127000 1.891429
v -4.248000 -5.127000 1.964285
v -4.248000 -5.127000 2.037143
v -4.752999 -5.127000 1.982500
v -4.500501 -5.127000 1.982500
v -4.332168 -5.127000 2.110000
v -4.416333 -5.127000 2.110000
v -4.500501 -5.127000 2.110000
v -4.584666 -5.127000 2.110000
v -4.668834 -5.127000 2.110000
v -4.752999 -5.127000 2.110000
v -4.837167 -5.127000 2.110000
v -4.921334 -5.127000 2.110000
v -5.005500 -5.127000 2.110000
v -5.089667 -5.127000 2.110000
v -5.173833 -5.127000 2.110000
v -5.005500 -5.127000 1.982500
v -5.258000 -5.127000 2.037143
v -5.258000 -5.127000 1.964285
v -5.258000 -5.127000 1.891429
v -5.258000 -5.127000 1.818571
v -5.258000 -5.127000 1.745714
v -5.258000 -5.127000 1.672857
v -5.258000 -5.147000 2.110000
v -5.258000 -5.127000 2.110000
v -4.248000 -5.147000 2.110000
v -4.248000 -5.127000 2.110000
v -4.332168 -5.127000 2.110000
v -4.416333 -5.127000 2.110000
v -4.500501 -5.127000 2.110000
v -4.584666 -5.127000 2.110000
v -4.668834 -5.127000 2.110000
v -4.752999 -5.127000 2.110000
v -4.837167 -5.127000 2.110000
v -4.921334 -5.127000 2.110000
v -5.005500 -5.127000 2.110000
v -5.089667 -5.127000 2.110000
v -5.173833 -5.127000 2.110000
v -5.173833 -5.147000 2.110000
v -5.089667 -5.147000 2.110000
v -5.005500 -5.147000 2.110000
v -4.921334 -5.147000 2.110000
v -4.837167 -5.147000 2.110000
v -4.752999 -5.147000 2.110000
v -4.668834 -5.147000 2.110000
v -4.584666 -5.147000 2.110000
v -4.500501 -5.147000 2.110000
v -4.416333 -5.147000 2.110000
v -4.332168 -5.147000 2.110000
v -5.258000 -5.147000 1.600000
v -5.258000 -5.127000 1.600000
v -4.248000 -5.147000 1.600000
v -4.248000 -5.127000 1.600000
v -4.332168 -5.127000 1.600000
v -4.416333 -5.127000 1.600000
v -4.500501 -5.127000 1.600000
v -4.584666 -5.127000 1.600000
v -4.668834 -5.127000 1.600000
v -4.752999 -5.127000 1.600000
v -4.837167 -5.127000 1.600000
v -4.921334 -5.127000 1.600000
v -5.005500 -5.127000 1.600000
v -5.089667 -5.127000 1.600000
v -5.173833 -5.127000 1.600000
v -5.173833 -5.147000 1.600000
v -5.089667 -5.147000 1.600000
v -5.005500 -5.147000 1.600000
v -4.921334 -5.147000 1.600000
v -4.837167 -5.147000 1.600000
v -4.752999 -5.147000 1.600000
v -4.668834 -5.147000 1.600000
v -4.584666 -5.147000 1.600000
v -4.500501 -5.147000 1.600000
v -4.416333 -5.147000 1.600000
v -4.332168 -5.147000 1.600000
v -1.623000 -5.147000 2.110000
v -1.623000 -5.127000 2.110000
v -0.613000 -5.147000 2.110000
v -0.613000 -5.127000 2.110000
v -1.538833 -5.147000 2.110000
v -1.454667 -5.147000 2.110000
v -1.370500 -5.147000 2.110000
v -1.286334 -5.147000 2.110000
v -1.202167 -5.147000 2.110000
v -1.118001 -5.147000 2.110000
v -1.033834 -5.147000 2.110000
v -0.949666 -5.147000 2.110000
v -0.865500 -5.147000 2.110000
v -0.781333 -5.147000 2.110000
v -0.697167 -5.147000 2.110000
v -0.697167 -5.127000 2.110000
v -0.781333 -5.127000 2.110000
v -0.865500 -5.127000 2.110000
v -0.949666 -5.127000 2.110000
v -1.033834 -5.127000 2.110000
v -1.118001 -5.127000 2.110000
v -1.202167 -5.127000 2.110000
v -1.286334 -5.127000 2.110000
v -1.370500 -5.127000 2.110000
v -1.454667 -5.127000 2.110000
v -1.538833 -5.127000 2.110000
v -1.623000 -5.147000 1.600000
v -1.623000 -5.127000 1.600000
v -0.613000 -5.147000 1.600000
v -0.613000 -5.127000 1.600000
v -1.538833 -5.147000 1.600000
v -1.454667 -5.147000 1.600000
v -1.370500 -5.147000 1.600000
v -1.286334 -5.147000 1.600000
v -1.202167 -5.147000 1.600000
v -1.118001 -5.147000 1.600000
v -1.033834 -5.147000 1.600000
v -0.949666 -5.147000 1.600000
v -0.865500 -5.147000 1.600000
v -0.781333 -5.147000 1.600000
v -0.697167 -5.147000 1.600000
v -0.697167 -5.127000 1.600000
v -0.781333 -5.127000 1.600000
v -0.865500 -5.127000 1.600000
v -0.949666 -5.127000 1.600000
v -1.033834 -5.127000 1.600000
v -1.118001 -5.127000 1.600000
v -1.202167 -5.127000 1.600000
v -1.286334 -5.127000 1.600000
v -1.370500 -5.127000 1.600000
v -1.454667 -5.127000 1.600000
v -1.538833 -5.127000 1.600000
v -3.448001 -5.147000 2.110000
v -3.448001 -5.127000 2.110000
v -2.438001 -5.147000 2.110000
v -2.438001 -5.127000 2.110000
v -2.522166 -5.127000 2.110000
v -2.606334 -5.127000 2.110000
v -2.690499 -5.127000 2.110000
v -2.774667 -5.127000 2.110000
v -2.858834 -5.127000 2.110000
v -2.943000 -5.127000 2.110000
v -3.027167 -5.127000 2.110000
v -3.111333 -5.127000 2.110000
v -3.195500 -5.127000 2.110000
v -3.279666 -5.127000 2.110000
v -3.363833 -5.127000 2.110000
v -3.363833 -5.147000 2.110000
v -3.279666 -5.147000 2.110000
v -3.195500 -5.147000 2.110000
v -3.111333 -5.147000 2.110000
v -3.027167 -5.147000 2.110000
v -2.943000 -5.147000 2.110000
v -2.858834 -5.147000 2.110000
v -2.774667 -5.147000 2.110000
v -2.690499 -5.147000 2.110000
v -2.606334 -5.147000 2.110000
v -2.522166 -5.147000 2.110000
v -3.448001 -5.147000 1.600000
v -3.448001 -5.127000 1.600000
v -2.438001 -5.147000 1.600000
v -2.438001 -5.127000 1.600000
v -2.522166 -5.127000 1.600000
v -2.606334 -5.127000 1.600000
v -2.690499 -5.127000 1.600000
v -2.774667 -5.127000 1.600000
v -2.858834 -5.127000 1.600000
v -2.943000 -5.127000 1.600000
v -3.027167 -5.127000 1.600000
v -3.111333 -5.127000 1.600000
v -3.195500 -5.127000 1.600000
v -3.279666 -5.127000 1.600000
v -3.363833 -5.127000 1.600000
v -3.363833 -5.147000 1.600000
v -3.279666 -5.147000 1.600000
v -3.195500 -5.147000 1.600000
v -3.111333 -5.147000 1.600000
v -3.027167 -5.147000 1.600000
v -2.943000 -5.147000 1.600000
v -2.858834 -5.147000 1.600000
v -2.774667 -5.147000 1.600000
v -2.690499 -5.147000 1.600000
v -2.606334 -5.147000 1.600000
v -2.522166 -5.147000 1.600000
v -3.448001 -5.147000 1.600000
v -3.448001 -5.147000 2.110000
v -3.448001 -5.127000 1.600000
v -3.448001 -5.127000 2.110000
v -3.448001 -5.127000 1.672857
v -3.448001 -5.127000 1.745714
v -3.448001 -5.127000 1.818571
v -3.448001 -5.127000 1.891429
v -3.448001 -5.127000 1.964285
v -3.448001 -5.127000 2.037143
v -3.448001 -5.147000 2.037143
v -3.448001 -5.147000 1.964285
v -3.448001 -5.147000 1.891429
v -3.448001 -5.147000 1.818571
v -3.448001 -5.147000 1.745714
v -3.448001 -5.147000 1.672857
v -2.438001 -5.147000 1.600000
v -2.438001 -5.147000 2.110000
v -2.438001 -5.127000 1.600000
v -2.438001 -5.127000 2.110000
v -2.438001 -5.127000 1.672857
v -2.438001 -5.127000 1.745714
v -2.438001 -5.127000 1.818571
v -2.438001 -5.127000 1.891429
v -2.438001 -5.127000 1.964285
v -2.438001 -5.127000 2.037143
v -2.438001 -5.147000 2.037143
v -2.438001 -5.147000 1.964285
v -2.438001 -5.147000 1.891429
v -2.438001 -5.147000 1.818571
v -2.438001 -5.147000 1.745714
v -2.438001 -5.147000 1.672857
v -5.258000 -5.147000 1.600000
v -5.258000 -5.147000 2.110000
v -5.258000 -5.127000 1.600000
v -5.258000 -5.127000 2.110000
v -5.258000 -5.127000 1.672857
v -5.258000 -5.127000 1.745714
v -5.258000 -5.127000 1.818571
v -5.258000 -5.127000 1.891429
v -5.258000 -5.127000 1.964285
v -5.258000 -5.127000 2.037143
v -5.258000 -5.147000 2.037143
v -5.258000 -5.147000 1.964285
v -5.258000 -5.147000 1.891429
v -5.258000 -5.147000 1.818571
v -5.258000 -5.147000 1.745714
v -5.258000 -5.147000 1.672857
v -4.248000 -5.147000 1.600000
v -4.248000 -5.147000 2.110000
v -4.248000 -5.127000 1.600000
v -4.248000 -5.127000 2.110000
v -4.248000 -5.127000 1.672857
v -4.248000 -5.127000 1.745714
v -4.248000 -5.127000 1.818571
v -4.248000 -5.127000 1.891429
v -4.248000 -5.127000 1.964285
v -4.248000 -5.127000 2.037143
v -4.248000 -5.147000 2.037143
v -4.248000 -5.147000 1.964285
v -4.248000 -5.147000 1.891429
v -4.248000 -5.147000 1.818571
v -4.248000 -5.147000 1.745714
v -4.248000 -5.147000 1.672857
v -1.623000 -5.147000 1.600000
v -1.623000 -5.147000 2.110000
v -1.623000 -5.127000 1.600000
v -1.623000 -5.127000 2.110000
v -1.623000 -5.127000 1.672857
v -1.623000 -5.127000 1.745714
v -1.623000 -5.127000 1.818571
v -1.623000 -5.127000 1.891429
v -1.623000 -5.127000 1.964285
v -1.623000 -5.127000 2.037143
v -1.623000 -5.147000 2.037143
v -1.623000 -5.147000 1.964285
v -1.623000 -5.147000 1.891429
v -1.623000 -5.147000 1.818571
v -1.623000 -5.147000 1.745714
v -1.623000 -5.147000 1.672857
v -0.613000 -5.147000 1.600000
v -0.613000 -5.147000 2.110000
v -0.613000 -5.127000 1.600000
v -0.613000 -5.127000 2.110000
v -0.613000 -5.127000 1.672857
v -0.613000 -5.127000 1.745714
v -0.613000 -5.127000 1.818571
v -0.613000 -5.127000 1.891429
v -0.613000 -5.127000 1.964285
v -0.613000 -5.127000 2.037143
v -0.613000 -5.147000 2.037143
v -0.613000 -5.147000 1.964285
v -0.613000 -5.147000 1.891429
v -0.613000 -5.147000 1.818571
v -0.613000 -5.147000 1.745714
v -0.613000 -5.147000 1.672857
v 2.622001 0.593000 1.600000
v 2.622001 0.593000 2.110000
v 1.612000 0.593000 1.600000
v 1.612000 0.593000 2.110000
v 2.537833 0.593000 1.600000
v 2.453666 0.593000 1.600000
v 2.369500 0.593000 1.600000
v 2.285333 0.593000 1.600000
v 2.201167 0.593000 1.600000
v 2.117000 0.593000 1.600000
v 2.032834 0.593000 1.600000
v 1.948667 0.593000 1.600000
v 1.864499 0.593000 1.600000
v 1.780334 0.593000 1.600000
v 1.696166 0.593000 1.600000
v 2.117000 0.593000 2.110000
v 2.117000 0.593000 1.855000
v 2.117000 0.593000 1.727500
v 2.369500 0.593000 1.855000
v 2.369500 0.593000 1.727500
v 1.864499 0.593000 1.855000
v 1.864499 0.593000 1.727500
v 1.612000 0.593000 1.672857
v 1.612000 0.593000 1.745714
v 1.612000 0.593000 1.818571
v 1.612000 0.593000 1.891429
v 1.612000 0.593000 1.964285
v 1.612000 0.593000 2.037143
v 2.117000 0.593000 1.982500
v 1.864499 0.593000 1.982500
v 1.696166 0.593000 2.110000
v 1.780334 0.593000 2.110000
v 1.864499 0.593000 2.110000
v 1.948667 0.593000 2.110000
v 2.032834 0.593000 2.110000
v 2.201167 0.593000 2.110000
v 2.285333 0.593000 2.110000
v 2.369500 0.593000 2.110000
v 2.453666 0.593000 2.110000
v 2.537833 0.593000 2.110000
v 2.369500 0.593000 1.982500
v 2.622001 0.593000 2.037143
v 2.622001 0.593000 1.964285
v 2.622001 0.593000 1.891429
v 2.622001 0.593000 1.818571
v 2.622001 0.593000 1.745714
v 2.622001 0.593000 1.672857
v 1.612000 0.593000 2.110000
v 1.612000 0.613000 2.110000
v 2.622001 0.593000 2.110000
v 2.622001 0.613000 2.110000
v 1.696166 0.593000 2.110000
v 1.780334 0.593000 2.110000
v 1.864499 0.593000 2.110000
v 1.948667 0.593000 2.110000
v 2.032834 0.593000 2.110000
v 2.117000 0.593000 2.110000
v 2.201167 0.593000 2.110000
v 2.285333 0.593000 2.110000
v 2.369500 0.593000 2.110000
v 2.453666 0.593000 2.110000
v 2.537833 0.593000 2.110000
v 2.537833 0.613000 2.110000
v 2.453666 0.613000 2.110000
v 2.369500 0.613000 2.110000
v 2.285333 0.613000 2.110000
v 2.201167 0.613000 2.110000
v 2.117000 0.613000 2.110000
v 2.032834 0.613000 2.110000
v 1.948667 0.613000 2.110000
v 1.864499 0.613000 2.110000
v 1.780334 0.613000 2.110000
v 1.696166 0.613000 2.110000
v 1.612000 0.593000 1.600000
v 1.612000 0.613000 1.600000
v 2.622001 0.593000 1.600000
v 2.622001 0.613000 1.600000
v 1.696166 0.593000 1.600000
v 1.780334 0.593000 1.600000
v 1.864499 0.593000 1.600000
v 1.948667 0.593000 1.600000
v 2.032834 0.593000 1.600000
v 2.117000 0.593000 1.600000
v 2.201167 0.593000 1.600000
v 2.285333 0.593000 1.600000
v 2.369500 0.593000 1.600000
v 2.453666 0.593000 1.600000
v 2.537833 0.593000 1.600000
v 2.537833 0.613000 1.600000
v 2.453666 0.613000 1.600000
v 2.369500 0.613000 1.600000
v 2.285333 0.613000 1.600000
v 2.201167 0.613000 1.600000
v 2.117000 0.613000 1.600000
v 2.032834 0.613000 1.600000
v 1.948667 0.613000 1.600000
v 1.864499 0.613000 1.600000
v 1.780334 0.613000 1.600000
v 1.696166 0.613000 1.600000
v 2.622001 0.613000 1.600000
v 2.622001 0.613000 2.110000
v 2.622001 0.593000 1.600000
v 2.622001 0.593000 2.110000
v 2.622001 0.593000 1.672857
v 2.622001 0.593000 1.745714
v 2.622001 0.593000 1.818571
v 2.622001 0.593000 1.891429
v 2.622001 0.593000 1.964285
v 2.622001 0.593000 2.037143
v 2.622001 0.613000 2.037143
v 2.622001 0.613000 1.964285
v 2.622001 0.613000 1.891429
v 2.622001 0.613000 1.818571
v 2.622001 0.613000 1.745714
v 2.622001 0.613000 1.672857
v 1.612000 0.613000 1.600000
v 1.612000 0.613000 2.110000
v 1.612000 0.593000 1.600000
v 1.612000 0.593000 2.110000
v 1.612000 0.593000 1.672857
v 1.612000 0.593000 1.745714
v 1.612000 0.593000 1.818571
v 1.612000 0.593000 1.891429
v 1.612000 0.593000 1.964285
v 1.612000 0.593000 2.037143
v 1.612000 0.613000 2.037143
v 1.612000 0.613000 1.964285
v 1.612000 0.613000 1.891429
v 1.612000 0.613000 1.818571
v 1.612000 0.613000 1.745714
v 1.612000 0.613000 1.672857
v -3.558000 5.340000 0.800000
v -3.558000 5.340000 2.010000
v -4.768001 5.340000 0.800000
v -4.768001 5.340000 2.010000
v -3.638667 5.340000 0.800000
v -3.719333 5.340000 0.800000
v -3.800000 5.340000 0.800000
v -3.880668 5.340000 0.800000
v -3.961333 5.340000 0.800000
v -4.042001 5.340000 0.800000
v -4.122666 5.340000 0.800000
v -4.203334 5.340000 0.800000
v -4.283999 5.340000 0.800000
v -4.364667 5.340000 0.800000
v -4.445334 5.340000 0.800000
v -4.526000 5.340000 0.800000
v -4.606668 5.340000 0.800000
v -4.687333 5.340000 0.800000
v -4.163001 5.340000 1.405000
v -4.163001 5.340000 1.102500
v -3.860499 5.340000 1.405000
v -3.860499 5.340000 1.102500
v -3.860499 5.340000 0.951250
v -3.709250 5.340000 1.102500
v -3.709250 5.340000 0.951250
v -4.163001 5.340000 0.951250
v -4.011750 5.340000 1.102500
v -4.011750 5.340000 0.951250
v -4.465501 5.340000 1.405000
v -4.465501 5.340000 1.102500
v -4.465501 5.340000 0.951250
v -4.314250 5.340000 1.102500
v -4.314250 5.340000 0.951250
v -4.616750 5.340000 1.102500
v -4.616750 5.340000 0.951250
v -4.768001 5.340000 0.880667
v -4.768001 5.340000 0.961333
v -4.768001 5.340000 1.042000
v -4.768001 5.340000 1.122666
v -4.768001 5.340000 1.203333
v -4.768001 5.340000 1.284000
v -4.768001 5.340000 1.364666
v -4.768001 5.340000 1.445333
v -4.768001 5.340000 1.526000
v -4.768001 5.340000 1.606667
v -4.768001 5.340000 1.687333
v -4.768001 5.340000 1.768000
v -4.768001 5.340000 1.848667
v -4.768001 5.340000 1.929333
v -4.616750 5.340000 1.405000
v -4.465501 5.340000 1.253750
v -4.616750 5.340000 1.253750
v -4.163001 5.340000 1.707500
v -4.465501 5.340000 1.707500
v -4.616750 5.340000 1.707500
v -4.465501 5.340000 1.556250
v -4.616750 5.340000 1.556250
v -4.465501 5.340000 1.858750
v -4.616750 5.340000 1.858750
v -4.687333 5.340000 2.010000
v -4.606668 5.340000 2.010000
v -4.526000 5.340000 2.010000
v -4.445334 5.340000 2.010000
v -4.364667 5.340000 2.010000
v -4.283999 5.340000 2.010000
v -4.203334 5.340000 2.010000
v -4.122666 5.340000 2.010000
v -4.042001 5.340000 2.010000
v -3.961333 5.340000 2.010000
v -3.880668 5.340000 2.010000
v -3.800000 5.340000 2.010000
v -3.719333 5.340000 2.010000
v -3.638667 5.340000 2.010000
v -4.163001 5.340000 1.858750
v -4.314250 5.340000 1.707500
v -4.314250 5.340000 1.858750
v -3.860499 5.340000 1.707500
v -3.860499 5.340000 1.858750
v -4.011750 5.340000 1.707500
v -4.011750 5.340000 1.858750
v -3.709250 5.340000 1.707500
v -3.709250 5.340000 1.858750
v -3.558000 5.340000 1.929333
v -3.558000 5.340000 1.848667
v -3.558000 5.340000 1.768000
v -3.558000 5.340000 1.687333
v -3.558000 5.340000 1.606667
v -3.558000 5.340000 1.526000
v -3.558000 5.340000 1.445333
v -3.558000 5.340000 1.364666
v -3.558000 5.340000 1.284000
v -3.558000 5.340000 1.203333
v -3.558000 5.340000 1.122666
v -3.558000 5.340000 1.042000
v -3.558000 5.340000 0.961333
v -3.558000 5.340000 0.880667
v -3.860499 5.340000 1.556250
v -3.709250 5.340000 1.405000
v -3.709250 5.340000 1.556250
v -3.860499 5.340000 1.253750
v -3.709250 5.340000 1.253750
v -0.913001 5.340000 0.800000
v -0.913001 5.340000 2.010000
v -2.123000 5.340000 0.800000
v -2.123000 5.340000 2.010000
v -0.993667 5.340000 0.800000
v -1.074334 5.340000 0.800000
v -1.155000 5.340000 0.800000
v -1.235667 5.340000 0.800000
v -1.316333 5.340000 0.800000
v -1.397000 5.340000 0.800000
v -1.477668 5.340000 0.800000
v -1.558333 5.340000 0.800000
v -1.639001 5.340000 0.800000
v -1.719666 5.340000 0.800000
v -1.800334 5.340000 0.800000
v -1.881000 5.340000 0.800000
v -1.961667 5.340000 0.800000
v -2.042333 5.340000 0.800000
v -1.518001 5.340000 1.405000
v -1.518001 5.340000 1.102500
v -1.215501 5.340000 1.405000
v -1.215501 5.340000 1.102500
v -1.215501 5.340000 0.951250
v -1.064250 5.340000 1.102500
v -1.064250 5.340000 0.951250
v -1.518001 5.340000 0.951250
v -1.366750 5.340000 1.102500
v -1.366750 5.340000 0.951250
v -1.820500 5.340000 1.405000
v -1.820500 5.340000 1.102500
v -1.820500 5.340000 0.951250
v -1.669250 5.340000 1.102500
v -1.669250 5.340000 0.951250
v -1.971749 5.340000 1.102500
v -1.971749 5.340000 0.951250
v -2.123000 5.340000 0.880667
v -2.123000 5.340000 0.961333
v -2.123000 5.340000 1.042000
v -2.123000 5.340000 1.122666
v -2.123000 5.340000 1.203333
v -2.123000 5.340000 1.284000
v -2.123000 5.340000 1.364666
v -2.123000 5.340000 1.445333
v -2.123000 5.340000 1.526000
v -2.123000 5.340000 1.606667
v -2.123000 5.340000 1.687333
v -2.123000 5.340000 1.768000
v -2.123000 5.340000 1.848667
v -2.123000 5.340000 1.929333
v -1.971749 5.340000 1.405000
v -1.820500 5.340000 1.253750
v -1.971749 5.340000 1.253750
v -1.518001 5.340000 1.707500
v -1.820500 5.340000 1.707500
v -1.971749 5.340000 1.707500
v -1.820500 5.340000 1.556250
v -1.971749 5.340000 1.556250
v -1.820500 5.340000 1.858750
v -1.971749 5.340000 1.858750
v -2.042333 5.340000 2.010000
v -1.961667 5.340000 2.010000
v -1.881000 5.340000 2.010000
v -1.800334 5.340000 2.010000
v -1.719666 5.340000 2.010000
v -1.639001 5.340000 2.010000
v -1.558333 5.340000 2.010000
v -1.477668 5.340000 2.010000
v -1.397000 5.340000 2.010000
v -1.316333 5.340000 2.010000
v -1.235667 5.340000 2.010000
v -1.155000 5.340000 2.010000
v -1.074334 5.340000 2.010000
v -0.993667 5.340000 2.010000
v -1.518001 5.340000 1.858750
v -1.669250 5.340000 1.707500
v -1.669250 5.340000 1.858750
v -1.215501 5.340000 1.707500
v -1.215501 5.340000 1.858750
v -1.366750 5.340000 1.707500
v -1.366750 5.340000 1.858750
v -1.064250 5.340000 1.707500
v -1.064250 5.340000 1.858750
v -0.913001 5.340000 1.929333
v -0.913001 5.340000 1.848667
v -0.913001 5.340000 1.768000
v -0.913001 5.340000 1.687333
v -0.913001 5.340000 1.606667
v -0.913001 5.340000 1.526000
v -0.913001 5.340000 1.445333
v -0.913001 5.340000 1.364666
v -0.913001 5.340000 1.284000
v -0.913001 5.340000 1.203333
v -0.913001 5.340000 1.122666
v -0.913001 5.340000 1.042000
v -0.913001 5.340000 0.961333
v -0.913001 5.340000 0.880667
v -1.215501 5.340000 1.556250
v -1.064250 5.340000 1.405000
v -1.064250 5.340000 1.556250
v -1.215501 5.340000 1.253750
v -1.064250 5.340000 1.253750
v -0.913001 5.360000 0.800000
v -0.913001 5.360000 2.010000
v -0.913001 5.340000 0.800000
v -0.913001 5.340000 2.010000
v -0.913001 5.340000 0.880667
v -0.913001 5.340000 0.961333
v -0.913001 5.340000 1.042000
v -0.913001 5.340000 1.122666
v -0.913001 5.340000 1.203333
v -0.913001 5.340000 1.284000
v -0.913001 5.340000 1.364666
v -0.913001 5.340000 1.445333
v -0.913001 5.340000 1.526000
v -0.913001 5.340000 1.606667
v -0.913001 5.340000 1.687333
v -0.913001 5.340000 1.768000
v -0.913001 5.340000 1.848667
v -0.913001 5.340000 1.929333
v -0.913001 5.360000 1.929333
v -0.913001 5.360000 1.848667
v -0.913001 5.360000 1.768000
v -0.913001 5.360000 1.687333
v -0.913001 5.360000 1.606667
v -0.913001 5.360000 1.526000
v -0.913001 5.360000 1.445333
v -0.913001 5.360000 1.364666
v -0.913001 5.360000 1.284000
v -0.913001 5.360000 1.203333
v -0.913001 5.360000 1.122666
v -0.913001 5.360000 1.042000
v -0.913001 5.360000 0.961333
v -0.913001 5.360000 0.880667
v -4.768001 5.360000 0.800000
v -4.768001 5.360000 2.010000
v -4.768001 5.340000 0.800000
v -4.768001 5.340000 2.010000
v -4.768001 5.340000 0.880667
v -4.768001 5.340000 0.961333
v -4.768001 5.340000 1.042000
v -4.768001 5.340000 1.122666
v -4.768001 5.340000 1.203333
v -4.768001 5.340000 1.284000
v -4.768001 5.340000 1.364666
v -4.768001 5.340000 1.445333
v -4.768001 5.340000 1.526000
v -4.768001 5.340000 1.606667
v -4.768001 5.340000 1.687333
v -4.768001 5.340000 1.768000
v -4.768001 5.340000 1.848667
v -4.768001 5.340000 1.929333
v -4.768001 5.360000 1.929333
v -4.768001 5.360000 1.848667
v -4.768001 5.360000 1.768000
v -4.768001 5.360000 1.687333
v -4.768001 5.360000 1.606667
v -4.768001 5.360000 1.526000
v -4.768001 5.360000 1.445333
v -4.768001 5.360000 1.364666
v -4.768001 5.360000 1.284000
v -4.768001 5.360000 1.203333
v -4.768001 5.360000 1.122666
v -4.768001 5.360000 1.042000
v -4.768001 5.360000 0.961333
v -4.768001 5.360000 0.880667
v -3.558000 5.360000 0.800000
v -3.558000 5.360000 2.010000
v -3.558000 5.340000 0.800000
v -3.558000 5.340000 2.010000
v -3.558000 5.340000 0.880667
v -3.558000 5.340000 0.961333
v -3.558000 5.340000 1.042000
v -3.558000 5.340000 1.122666
v -3.558000 5.340000 1.203333
v -3.558000 5.340000 1.284000
v -3.558000 5.340000 1.364666
v -3.558000 5.340000 1.445333
v -3.558000 5.340000 1.526000
v -3.558000 5.340000 1.606667
v -3.558000 5.340000 1.687333
v -3.558000 5.340000 1.768000
v -3.558000 5.340000 1.848667
v -3.558000 5.340000 1.929333
v -3.558000 5.360000 1.929333
v -3.558000 5.360000 1.848667
v -3.558000 5.360000 1.768000
v -3.558000 5.360000 1.687333
v -3.558000 5.360000 1.606667
v -3.558000 5.360000 1.526000
v -3.558000 5.360000 1.445333
v -3.558000 5.360000 1.364666
v -3.558000 5.360000 1.284000
v -3.558000 5.360000 1.203333
v -3.558000 5.360000 1.122666
v -3.558000 5.360000 1.042000
v -3.558000 5.360000 0.961333
v -3.558000 5.360000 0.880667
v -2.123000 5.360000 0.800000
v -2.123000 5.360000 2.010000
v -2.123000 5.340000 0.800000
v -2.123000 5.340000 2.010000
v -2.123000 5.340000 0.880667
v -2.123000 5.340000 0.961333
v -2.123000 5.340000 1.042000
v -2.123000 5.340000 1.122666
v -2.123000 5.340000 1.203333
v -2.123000 5.340000 1.284000
v -2.123000 5.340000 1.364666
v -2.123000 5.340000 1.445333
v -2.123000 5.340000 1.526000
v -2.123000 5.340000 1.606667
v -2.123000 5.340000 1.687333
v -2.123000 5.340000 1.768000
v -2.123000 5.340000 1.848667
v -2.123000 5.340000 1.929333
v -2.123000 5.360000 1.929333
v -2.123000 5.360000 1.848667
v -2.123000 5.360000 1.768000
v -2.123000 5.360000 1.687333
v -2.123000 5.360000 1.606667
v -2.123000 5.360000 1.526000
v -2.123000 5.360000 1.445333
v -2.123000 5.360000 1.364666
v -2.123000 5.360000 1.284000
v -2.123000 5.360000 1.203333
v -2.123000 5.360000 1.122666
v -2.123000 5.360000 1.042000
v -2.123000 5.360000 0.961333
v -2.123000 5.360000 0.880667
v -3.558000 5.360000 2.010000
v -3.558000 5.340000 2.010000
v -4.768001 5.360000 2.010000
v -4.768001 5.340000 2.010000
v -4.687333 5.340000 2.010000
v -4.606668 5.340000 2.010000
v -4.526000 5.340000 2.010000
v -4.445334 5.340000 2.010000
v -4.364667 5.340000 2.010000
v -4.283999 5.340000 2.010000
v -4.203334 5.340000 2.010000
v -4.122666 5.340000 2.010000
v -4.042001 5.340000 2.010000
v -3.961333 5.340000 2.010000
v -3.880668 5.340000 2.010000
v -3.800000 5.340000 2.010000
v -3.719333 5.340000 2.010000
v -3.638667 5.340000 2.010000
v -3.638667 5.360000 2.010000
v -3.719333 5.360000 2.010000
v -3.800000 5.360000 2.010000
v -3.880668 5.360000 2.010000
v -3.961333 5.360000 2.010000
v -4.042001 5.360000 2.010000
v -4.122666 5.360000 2.010000
v -4.203334 5.360000 2.010000
v -4.283999 5.360000 2.010000
v -4.364667 5.360000 2.010000
v -4.445334 5.360000 2.010000
v -4.526000 5.360000 2.010000
v -4.606668 5.360000 2.010000
v -4.687333 5.360000 2.010000
v -3.558000 5.360000 0.800000
v -3.558000 5.340000 0.800000
v -4.768001 5.360000 0.800000
v -4.768001 5.340000 0.800000
v -4.687333 5.340000 0.800000
v -4.606668 5.340000 0.800000
v -4.526000 5.340000 0.800000
v -4.445334 5.340000 0.800000
v -4.364667 5.340000 0.800000
v -4.283999 5.340000 0.800000
v -4.203334 5.340000 0.800000
v -4.122666 5.340000 0.800000
v -4.042001 5.340000 0.800000
v -3.961333 5.340000 0.800000
v -3.880668 5.340000 0.800000
v -3.800000 5.340000 0.800000
v -3.719333 5.340000 0.800000
v -3.638667 5.340000 0.800000
v -3.638667 5.360000 0.800000
v -3.719333 5.360000 0.800000
v -3.800000 5.360000 0.800000
v -3.880668 5.360000 0.800000
v -3.961333 5.360000 0.800000
v -4.042001 5.360000 0.800000
v -4.122666 5.360000 0.800000
v -4.203334 5.360000 0.800000
v -4.283999 5.360000 0.800000
v -4.364667 5.360000 0.800000
v -4.445334 5.360000 0.800000
v -4.526000 5.360000 0.800000
v -4.606668 5.360000 0.800000
v -4.687333 5.360000 0.800000
v -0.913001 5.360000 2.010000
v -0.913001 5.340000 2.010000
v -2.123000 5.360000 2.010000
v -2.123000 5.340000 2.010000
v -2.042333 5.340000 2.010000
v -1.961667 5.340000 2.010000
v -1.881000 5.340000 2.010000
v -1.800334 5.340000 2.010000
v -1.719666 5.340000 2.010000
v -1.639001 5.340000 2.010000
v -1.558333 5.340000 2.010000
v -1.477668 5.340000 2.010000
v -1.397000 5.340000 2.010000
v -1.316333 5.340000 2.010000
v -1.235667 5.340000 2.010000
v -1.155000 5.340000 2.010000
v -1.074334 5.340000 2.010000
v -0.993667 5.340000 2.010000
v -0.993667 5.360000 2.010000
v -1.074334 5.360000 2.010000
v -1.155000 5.360000 2.010000
v -1.235667 5.360000 2.010000
v -1.316333 5.360000 2.010000
v -1.397000 5.360000 2.010000
v -1.477668 5.360000 2.010000
v -1.558333 5.360000 2.010000
v -1.639001 5.360000 2.010000
v -1.719666 5.360000 2.010000
v -1.800334 5.360000 2.010000
v -1.881000 5.360000 2.010000
v -1.961667 5.360000 2.010000
v -2.042333 5.360000 2.010000
v -0.913001 5.360000 0.800000
v -0.913001 5.340000 0.800000
v -2.123000 5.360000 0.800000
v -2.123000 5.340000 0.800000
v -2.042333 5.340000 0.800000
v -1.961667 5.340000 0.800000
v -1.881000 5.340000 0.800000
v -1.800334 5.340000 0.800000
v -1.719666 5.340000 0.800000
v -1.639001 5.340000 0.800000
v -1.558333 5.340000 0.800000
v -1.477668 5.340000 0.800000
v -1.397000 5.340000 0.800000
v -1.316333 5.340000 0.800000
v -1.235667 5.340000 0.800000
v -1.155000 5.340000 0.800000
v -1.074334 5.340000 0.800000
v -0.993667 5.340000 0.800000
v -0.993667 5.360000 0.800000
v -1.074334 5.360000 0.800000
v -1.155000 5.360000 0.800000
v -1.235667 5.360000 0.800000
v -1.316333 5.360000 0.800000
v -1.397000 5.360000 0.800000
v -1.477668 5.360000 0.800000
v -1.558333 5.360000 0.800000
v -1.639001 5.360000 0.800000
v -1.719666 5.360000 0.800000
v -1.800334 5.360000 0.800000
v -1.881000 5.360000 0.800000
v -1.961667 5.360000 0.800000
v -2.042333 5.360000 0.800000
v 4.422000 0.733000 0.000000
v 5.431998 0.733000 0.000000
v 4.422000 0.613000 0.000000
v 5.431998 0.613000 0.000000
v 4.758666 0.613000 0.000000
v 5.095332 0.613000 0.000000
v 5.095332 0.733000 0.000000
v 4.758666 0.733000 0.000000
v 4.422000 0.733000 2.110000
v 5.431998 0.733000 2.110000
v 4.422000 0.613000 2.110000
v 5.431998 0.613000 2.110000
v 4.758666 0.613000 2.110000
v 5.095332 0.613000 2.110000
v 5.095332 0.733000 2.110000
v 4.758666 0.733000 2.110000
v 4.422000 0.733000 0.000000
v 4.422000 0.733000 2.110000
v 4.422000 0.613000 0.000000
v 4.422000 0.613000 2.110000
v 4.422000 0.613000 0.527500
v 4.422000 0.613000 1.055000
v 4.422000 0.613000 1.582500
v 4.422000 0.733000 1.582500
v 4.422000 0.733000 1.055000
v 4.422000 0.733000 0.527500
v 5.431998 0.613000 0.000000
v 5.431998 0.613000 2.110000
v 5.431998 0.733000 0.000000
v 5.431998 0.733000 2.110000
v 5.431998 0.733000 0.527500
v 5.431998 0.733000 1.055000
v 5.431998 0.733000 1.582500
v 5.431998 0.613000 1.582500
v 5.431998 0.613000 1.055000
v 5.431998 0.613000 0.527500
v 2.431998 -5.267000 0.000000
v 2.431998 -5.267000 2.110000
v 2.431998 -5.147000 0.000000
v 2.431998 -5.147000 2.110000
v 2.431998 -5.147000 0.527500
v 2.431998 -5.147000 1.055000
v 2.431998 -5.147000 1.582500
v 2.431998 -5.267000 1.582500
v 2.431998 -5.267000 1.055000
v 2.431998 -5.267000 0.527500
v 1.422000 -5.147000 0.000000
v 1.422000 -5.147000 2.110000
v 1.422000 -5.267000 0.000000
v 1.422000 -5.267000 2.110000
v 1.422000 -5.267000 0.527500
v 1.422000 -5.267000 1.055000
v 1.422000 -5.267000 1.582500
v 1.422000 -5.147000 1.582500
v 1.422000 -5.147000 1.055000
v 1.422000 -5.147000 0.527500
v 1.422000 -5.147000 2.110000
v 2.431998 -5.147000 2.110000
v 1.422000 -5.267000 2.110000
v 2.431998 -5.267000 2.110000
v 1.758666 -5.267000 2.110000
v 2.095334 -5.267000 2.110000
v 2.095334 -5.147000 2.110000
v 1.758666 -5.147000 2.110000
v 1.422000 -5.147000 0.000000
v 2.431998 -5.147000 0.000000
v 1.422000 -5.267000 0.000000
v 2.431998 -5.267000 0.000000
v 1.758666 -5.267000 0.000000
v 2.095334 -5.267000 0.000000
v 2.095334 -5.147000 0.000000
v 1.758666 -5.147000 0.000000
v -6.422999 -1.618000 0.000000
v -6.422999 -0.608000 0.000000
v -6.303000 -1.618000 0.000000
v -6.303000 -0.608000 0.000000
v -6.303000 -1.281334 0.000000
v -6.303000 -0.944667 0.000000
v -6.422999 -0.944667 0.000000
v -6.422999 -1.281334 0.000000
v -6.422999 -1.618000 2.110000
v -6.422999 -0.608000 2.110000
v -6.303000 -1.618000 2.110000
v -6.303000 -0.608000 2.110000
v -6.303000 -1.281334 2.110000
v -6.303000 -0.944667 2.110000
v -6.422999 -0.944667 2.110000
v -6.422999 -1.281334 2.110000
v -6.422999 -1.618000 0.000000
v -6.422999 -1.618000 2.110000
v -6.303000 -1.618000 0.000000
v -6.303000 -1.618000 2.110000
v -6.303000 -1.618000 0.527500
v -6.303000 -1.618000 1.055000
v -6.303000 -1.618000 1.582500
v -6.422999 -1.618000 1.582500
v -6.422999 -1.618000 1.055000
v -6.422999 -1.618000 0.527500
v -6.303000 -0.608000 0.000000
v -6.303000 -0.608000 2.110000
v -6.422999 -0.608000 0.000000
v -6.422999 -0.608000 2.110000
v -6.422999 -0.608000 0.527500
v -6.422999 -0.608000 1.055000
v -6.422999 -0.608000 1.582500
v -6.303000 -0.608000 1.582500
v -6.303000 -0.608000 1.055000
v -6.303000 -0.608000 0.527500
v -6.303000 -0.408000 0.400000
v -6.303000 -0.408000 2.210000
v -6.283000 -0.408000 0.400000
v -6.283000 -0.408000 2.210000
v -6.283000 -0.408000 0.482273
v -6.283000 -0.408000 0.564545
v -6.283000 -0.408000 0.646818
v -6.283000 -0.408000 0.729091
v -6.283000 -0.408000 0.811364
v -6.283000 -0.408000 0.893636
v -6.283000 -0.408000 0.975909
v -6.283000 -0.408000 1.058182
v -6.283000 -0.408000 1.140454
v -6.283000 -0.408000 1.222727
v -6.283000 -0.408000 1.305000
v -6.283000 -0.408000 1.387273
v -6.283000 -0.408000 1.469545
v -6.283000 -0.408000 1.551818
v -6.283000 -0.408000 1.634091
v -6.283000 -0.408000 1.716363
v -6.283000 -0.408000 1.798636
v -6.283000 -0.408000 1.880909
v -6.283000 -0.408000 1.963182
v -6.283000 -0.408000 2.045455
v -6.283000 -0.408000 2.127727
v -6.303000 -0.408000 2.127727
v -6.303000 -0.408000 2.045455
v -6.303000 -0.408000 1.963182
v -6.303000 -0.408000 1.880909
v -6.303000 -0.408000 1.798636
v -6.303000 -0.408000 1.716363
v -6.303000 -0.408000 1.634091
v -6.303000 -0.408000 1.551818
v -6.303000 -0.408000 1.469545
v -6.303000 -0.408000 1.387273
v -6.303000 -0.408000 1.305000
v -6.303000 -0.408000 1.222727
v -6.303000 -0.408000 1.140454
v -6.303000 -0.408000 1.058182
v -6.303000 -0.408000 0.975909
v -6.303000 -0.408000 0.893636
v -6.303000 -0.408000 0.811364
v -6.303000 -0.408000 0.729091
v -6.303000 -0.408000 0.646818
v -6.303000 -0.408000 0.564545
v -6.303000 -0.408000 0.482273
v -6.303000 0.102000 0.400000
v -6.303000 0.102000 2.210000
v -6.283000 0.102000 0.400000
v -6.283000 0.102000 2.210000
v -6.283000 0.102000 0.482273
v -6.283000 0.102000 0.564545
v -6.283000 0.102000 0.646818
v -6.283000 0.102000 0.729091
v -6.283000 0.102000 0.811364
v -6.283000 0.102000 0.893636
v -6.283000 0.102000 0.975909
v -6.283000 0.102000 1.058182
v -6.283000 0.102000 1.140454
v -6.283000 0.102000 1.222727
v -6.283000 0.102000 1.305000
v -6.283000 0.102000 1.387273
v -6.283000 0.102000 1.469545
v -6.283000 0.102000 1.551818
v -6.283000 0.102000 1.634091
v -6.283000 0.102000 1.716363
v -6.283000 0.102000 1.798636
v -6.283000 0.102000 1.880909
v -6.283000 0.102000 1.963182
v -6.283000 0.102000 2.045455
v -6.283000 0.102000 2.127727
v -6.303000 0.102000 2.127727
v -6.303000 0.102000 2.045455
v -6.303000 0.102000 1.963182
v -6.303000 0.102000 1.880909
v -6.303000 0.102000 1.798636
v -6.303000 0.102000 1.716363
v -6.303000 0.102000 1.634091
v -6.303000 0.102000 1.551818
v -6.303000 0.102000 1.469545
v -6.303000 0.102000 1.387273
v -6.303000 0.102000 1.305000
v -6.303000 0.102000 1.222727
v -6.303000 0.102000 1.140454
v -6.303000 0.102000 1.058182
v -6.303000 0.102000 0.975909
v -6.303000 0.102000 0.893636
v -6.303000 0.102000 0.811364
v -6.303000 0.102000 0.729091
v -6.303000 0.102000 0.646818
v -6.303000 0.102000 0.564545
v -6.303000 0.102000 0.482273
v -6.283000 0.102000 0.400000
v -6.283000 0.102000 2.210000
v -6.283000 -0.408000 0.400000
v -6.283000 -0.408000 2.210000
v -6.283000 -0.408000 0.482273
v -6.283000 -0.408000 0.564545
v -6.283000 -0.408000 0.646818
v -6.283000 -0.408000 0.729091
v -6.283000 -0.408000 0.811364
v -6.283000 -0.408000 0.893636
v -6.283000 -0.408000 0.975909
v -6.283000 -0.408000 1.058182
v -6.283000 -0.408000 1.140454
v -6.283000 -0.408000 1.222727
v -6.283000 -0.408000 1.305000
v -6.283000 -0.408000 1.387273
v -6.283000 -0.408000 1.469545
v -6.283000 -0.408000 1.551818
v -6.283000 -0.408000 1.634091
v -6.283000 -0.408000 1.716363
v -6.283000 -0.408000 1.798636
v -6.283000 -0.408000 1.880909
v -6.283000 -0.408000 1.963182
v -6.283000 -0.408000 2.045455
v -6.283000 -0.408000 2.127727
v -6.283000 -0.153000 1.305000
v -6.283000 -0.280500 1.305000
v -6.283000 -0.153000 0.852500
v -6.283000 -0.280500 0.852500
v -6.283000 -0.344250 0.852500
v -6.283000 -0.280500 0.626250
v -6.283000 -0.344250 0.626250
v -6.283000 -0.344250 1.305000
v -6.283000 -0.280500 1.078750
v -6.283000 -0.344250 1.078750
v -6.283000 -0.153000 1.757500
v -6.283000 -0.280500 1.757500
v -6.283000 -0.344250 1.757500
v -6.283000 -0.280500 1.531250
v -6.283000 -0.344250 1.531250
v -6.283000 -0.280500 1.983750
v -6.283000 -0.344250 1.983750
v -6.283000 0.102000 2.127727
v -6.283000 0.102000 2.045455
v -6.283000 0.102000 1.963182
v -6.283000 0.102000 1.880909
v -6.283000 0.102000 1.798636
v -6.283000 0.102000 1.716363
v -6.283000 0.102000 1.634091
v -6.283000 0.102000 1.551818
v -6.283000 0.102000 1.469545
v -6.283000 0.102000 1.387273
v -6.283000 0.102000 1.305000
v -6.283000 0.102000 1.222727
v -6.283000 0.102000 1.140454
v -6.283000 0.102000 1.058182
v -6.283000 0.102000 0.975909
v -6.283000 0.102000 0.893636
v -6.283000 0.102000 0.811364
v -6.283000 0.102000 0.729091
v -6.283000 0.102000 0.646818
v -6.283000 0.102000 0.564545
v -6.283000 0.102000 0.482273
v -6.283000 -0.025500 1.305000
v -6.283000 -0.025500 1.757500
v -6.283000 -0.025500 1.983750
v -6.283000 0.038250 1.757500
v -6.283000 0.038250 1.983750
v -6.283000 -0.025500 1.531250
v -6.283000 0.038250 1.305000
v -6.283000 0.038250 1.531250
v -6.283000 -0.025500 0.852500
v -6.283000 -0.025500 1.078750
v -6.283000 0.038250 0.852500
v -6.283000 0.038250 1.078750
v -6.283000 -0.025500 0.626250
v -6.283000 0.038250 0.626250
v -6.283000 0.029143 0.400000
v -6.283000 -0.043715 0.400000
v -6.283000 -0.116572 0.400000
v -6.283000 -0.189429 0.400000
v -6.283000 -0.262286 0.400000
v -6.283000 -0.335143 0.400000
v -6.283000 -0.153000 0.626250
v -6.283000 -0.089250 0.852500
v -6.283000 -0.089250 0.626250
v -6.283000 -0.216750 0.852500
v -6.283000 -0.216750 0.626250
v -6.283000 -0.335143 2.210000
v -6.283000 -0.262286 2.210000
v -6.283000 -0.189429 2.210000
v -6.283000 -0.116572 2.210000
v -6.283000 -0.043715 2.210000
v -6.283000 0.029143 2.210000
v -6.283000 -0.153000 1.983750
v -6.283000 -0.216750 1.757500
v -6.283000 -0.216750 1.983750
v -6.283000 -0.089250 1.757500
v -6.283000 -0.089250 1.983750
v -6.303000 0.102000 2.210000
v -6.283000 0.102000 2.210000
v -6.303000 -0.408000 2.210000
v -6.283000 -0.408000 2.210000
v -6.283000 -0.335143 2.210000
v -6.283000 -0.262286 2.210000
v -6.283000 -0.189429 2.210000
v -6.283000 -0.116572 2.210000
v -6.283000 -0.043715 2.210000
v -6.283000 0.029143 2.210000
v -6.303000 0.029143 2.210000
v -6.303000 -0.043715 2.210000
v -6.303000 -0.116572 2.210000
v -6.303000 -0.189429 2.210000
v -6.303000 -0.262286 2.210000
v -6.303000 -0.335143 2.210000
v -6.303000 0.102000 0.400000
v -6.283000 0.102000 0.400000
v -6.303000 -0.408000 0.400000
v -6.283000 -0.408000 0.400000
v -6.283000 -0.335143 0.400000
v -6.283000 -0.262286 0.400000
v -6.283000 -0.189429 0.400000
v -6.283000 -0.116572 0.400000
v -6.283000 -0.043715 0.400000
v -6.283000 0.029143 0.400000
v -6.303000 0.029143 0.400000
v -6.303000 -0.043715 0.400000
v -6.303000 -0.116572 0.400000
v -6.303000 -0.189429 0.400000
v -6.303000 -0.262286 0.400000
v -6.303000 -0.335143 0.400000
v -6.303000 0.292000 0.400000
v -6.303000 0.292000 2.210000
v -6.283000 0.292000 0.400000
v -6.283000 0.292000 2.210000
v -6.283000 0.292000 0.482273
v -6.283000 0.292000 0.564545
v -6.283000 0.292000 0.646818
v -6.283000 0.292000 0.729091
v -6.283000 0.292000 0.811364
v -6.283000 0.292000 0.893636
v -6.283000 0.292000 0.975909
v -6.283000 0.292000 1.058182
v -6.283000 0.292000 1.140454
v -6.283000 0.292000 1.222727
v -6.283000 0.292000 1.305000
v -6.283000 0.292000 1.387273
v -6.283000 0.292000 1.469545
v -6.283000 0.292000 1.551818
v -6.283000 0.292000 1.634091
v -6.283000 0.292000 1.716363
v -6.283000 0.292000 1.798636
v -6.283000 0.292000 1.880909
v -6.283000 0.292000 1.963182
v -6.283000 0.292000 2.045455
v -6.283000 0.292000 2.127727
v -6.303000 0.292000 2.127727
v -6.303000 0.292000 2.045455
v -6.303000 0.292000 1.963182
v -6.303000 0.292000 1.880909
v -6.303000 0.292000 1.798636
v -6.303000 0.292000 1.716363
v -6.303000 0.292000 1.634091
v -6.303000 0.292000 1.551818
v -6.303000 0.292000 1.469545
v -6.303000 0.292000 1.387273
v -6.303000 0.292000 1.305000
v -6.303000 0.292000 1.222727
v -6.303000 0.292000 1.140454
v -6.303000 0.292000 1.058182
v -6.303000 0.292000 0.975909
v -6.303000 0.292000 0.893636
v -6.303000 0.292000 0.811364
v -6.303000 0.292000 0.729091
v -6.303000 0.292000 0.646818
v -6.303000 0.292000 0.564545
v -6.303000 0.292000 0.482273
v -6.303000 0.802000 0.400000
v -6.303000 0.802000 2.210000
v -6.283000 0.802000 0.400000
v -6.283000 0.802000 2.210000
v -6.283000 0.802000 0.482273
v -6.283000 0.802000 0.564545
v -6.283000 0.802000 0.646818
v -6.283000 0.802000 0.729091
v -6.283000 0.802000 0.811364
v -6.283000 0.802000 0.893636
v -6.283000 0.802000 0.975909
v -6.283000 0.802000 1.058182
v -6.283000 0.802000 1.140454
v -6.283000 0.802000 1.222727
v -6.283000 0.802000 1.305000
v -6.283000 0.802000 1.387273
v -6.283000 0.802000 1.469545
v -6.283000 0.802000 1.551818
v -6.283000 0.802000 1.634091
v -6.283000 0.802000 1.716363
v -6.283000 0.802000 1.798636
v -6.283000 0.802000 1.880909
v -6.283000 0.802000 1.963182
v -6.283000 0.802000 2.045455
v -6.283000 0.802000 2.127727
v -6.303000 0.802000 2.127727
v -6.303000 0.802000 2.045455
v -6.303000 0.802000 1.963182
v -6.303000 0.802000 1.880909
v -6.303000 0.802000 1.798636
v -6.303000 0.802000 1.716363
v -6.303000 0.802000 1.634091
v -6.303000 0.802000 1.551818
v -6.303000 0.802000 1.469545
v -6.303000 0.802000 1.387273
v -6.303000 0.802000 1.305000
v -6.303000 0.802000 1.222727
v -6.303000 0.802000 1.140454
v -6.303000 0.802000 1.058182
v -6.303000 0.802000 0.975909
v -6.303000 0.802000 0.893636
v -6.303000 0.802000 0.811364
v -6.303000 0.802000 0.729091
v -6.303000 0.802000 0.646818
v -6.303000 0.802000 0.564545
v -6.303000 0.802000 0.482273
v -6.283000 0.802000 0.400000
v -6.283000 0.802000 2.210000
v -6.283000 0.292000 0.400000
v -6.283000 0.292000 2.210000
v -6.283000 0.292000 0.482273
v -6.283000 0.292000 0.564545
v -6.283000 0.292000 0.646818
v -6.283000 0.292000 0.729091
v -6.283000 0.292000 0.811364
v -6.283000 0.292000 0.893636
v -6.283000 0.292000 0.975909
v -6.283000 0.292000 1.058182
v -6.283000 0.292000 1.140454
v -6.283000 0.292000 1.222727
v -6.283000 0.292000 1.305000
v -6.283000 0.292000 1.387273
v -6.283000 0.292000 1.469545
v -6.283000 0.292000 1.551818
v -6.283000 0.292000 1.634091
v -6.283000 0.292000 1.716363
v -6.283000 0.292000 1.798636
v -6.283000 0.292000 1.880909
v -6.283000 0.292000 1.963182
v -6.283000 0.292000 2.045455
v -6.283000 0.292000 2.127727
v -6.283000 0.547000 1.305000
v -6.283000 0.419500 1.305000
v -6.283000 0.547000 0.852500
v -6.283000 0.419500 0.852500
v -6.283000 0.355750 0.852500
v -6.283000 0.419500 0.626250
v -6.283000 0.355750 0.626250
v -6.283000 0.355750 1.305000
v -6.283000 0.419500 1.078750
v -6.283000 0.355750 1.078750
v -6.283000 0.547000 1.757500
v -6.283000 0.419500 1.757500
v -6.283000 0.355750 1.757500
v -6.283000 0.419500 1.531250
v -6.283000 0.355750 1.531250
v -6.283000 0.419500 1.983750
v -6.283000 0.355750 1.983750
v -6.283000 0.802000 2.127727
v -6.283000 0.802000 2.045455
v -6.283000 0.802000 1.963182
v -6.283000 0.802000 1.880909
v -6.283000 0.802000 1.798636
v -6.283000 0.802000 1.716363
v -6.283000 0.802000 1.634091
v -6.283000 0.802000 1.551818
v -6.283000 0.802000 1.469545
v -6.283000 0.802000 1.387273
v -6.283000 0.802000 1.305000
v -6.283000 0.802000 1.222727
v -6.283000 0.802000 1.140454
v -6.283000 0.802000 1.058182
v -6.283000 0.802000 0.975909
v -6.283000 0.802000 0.893636
v -6.283000 0.802000 0.811364
v -6.283000 0.802000 0.729091
v -6.283000 0.802000 0.646818
v -6.283000 0.802000 0.564545
v -6.283000 0.802000 0.482273
v -6.283000 0.674500 1.305000
v -6.283000 0.674500 1.757500
v -6.283000 0.674500 1.983750
v -6.283000 0.738250 1.757500
v -6.283000 0.738250 1.983750
v -6.283000 0.674500 1.531250
v -6.283000 0.738250 1.305000
v -6.283000 0.738250 1.531250
v -6.283000 0.674500 0.852500
v -6.283000 0.674500 1.078750
v -6.283000 0.738250 0.852500
v -6.283000 0.738250 1.078750
v -6.283000 0.674500 0.626250
v -6.283000 0.738250 0.626250
v -6.283000 0.729143 0.400000
v -6.283000 0.656286 0.400000
v -6.283000 0.583428 0.400000
v -6.283000 0.510571 0.400000
v -6.283000 0.437714 0.400000
v -6.283000 0.364857 0.400000
v -6.283000 0.547000 0.626250
v -6.283000 0.610750 0.852500
v -6.283000 0.610750 0.626250
v -6.283000 0.483250 0.852500
v -6.283000 0.483250 0.626250
v -6.283000 0.364857 2.210000
v -6.283000 0.437714 2.210000
v -6.283000 0.510571 2.210000
v -6.283000 0.583428 2.210000
v -6.283000 0.656286 2.210000
v -6.283000 0.729143 2.210000
v -6.283000 0.547000 1.983750
v -6.283000 0.483250 1.757500
v -6.283000 0.483250 1.983750
v -6.283000 0.610750 1.757500
v -6.283000 0.610750 1.983750
v -6.303000 0.802000 2.210000
v -6.283000 0.802000 2.210000
v -6.303000 0.292000 2.210000
v -6.283000 0.292000 2.210000
v -6.283000 0.364857 2.210000
v -6.283000 0.437714 2.210000
v -6.283000 0.510571 2.210000
v -6.283000 0.583428 2.210000
v -6.283000 0.656286 2.210000
v -6.283000 0.729143 2.210000
v -6.303000 0.729143 2.210000
v -6.303000 0.656286 2.210000
v -6.303000 0.583428 2.210000
v -6.303000 0.510571 2.210000
v -6.303000 0.437714 2.210000
v -6.303000 0.364857 2.210000
v -6.303000 0.802000 0.400000
v -6.283000 0.802000 0.400000
v -6.303000 0.292000 0.400000
v -6.283000 0.292000 0.400000
v -6.283000 0.364857 0.400000
v -6.283000 0.437714 0.400000
v -6.283000 0.510571 0.400000
v -6.283000 0.583428 0.400000
v -6.283000 0.656286 0.400000
v -6.283000 0.729143 0.400000
v -6.303000 0.729143 0.400000
v -6.303000 0.656286 0.400000
v -6.303000 0.583428 0.400000
v -6.303000 0.510571 0.400000
v -6.303000 0.437714 0.400000
v -6.303000 0.364857 0.400000
v -6.303000 -2.478000 0.400000
v -6.303000 -2.478000 2.210000
v -6.283000 -2.478000 0.400000
v -6.283000 -2.478000 2.210000
v -6.283000 -2.478000 0.482273
v -6.283000 -2.478000 0.564545
v -6.283000 -2.478000 0.646818
v -6.283000 -2.478000 0.729091
v -6.283000 -2.478000 0.811364
v -6.283000 -2.478000 0.893636
v -6.283000 -2.478000 0.975909
v -6.283000 -2.478000 1.058182
v -6.283000 -2.478000 1.140454
v -6.283000 -2.478000 1.222727
v -6.283000 -2.478000 1.305000
v -6.283000 -2.478000 1.387273
v -6.283000 -2.478000 1.469545
v -6.283000 -2.478000 1.551818
v -6.283000 -2.478000 1.634091
v -6.283000 -2.478000 1.716363
v -6.283000 -2.478000 1.798636
v -6.283000 -2.478000 1.880909
v -6.283000 -2.478000 1.963182
v -6.283000 -2.478000 2.045455
v -6.283000 -2.478000 2.127727
v -6.303000 -2.478000 2.127727
v -6.303000 -2.478000 2.045455
v -6.303000 -2.478000 1.963182
v -6.303000 -2.478000 1.880909
v -6.303000 -2.478000 1.798636
v -6.303000 -2.478000 1.716363
v -6.303000 -2.478000 1.634091
v -6.303000 -2.478000 1.551818
v -6.303000 -2.478000 1.469545
v -6.303000 -2.478000 1.387273
v -6.303000 -2.478000 1.305000
v -6.303000 -2.478000 1.222727
v -6.303000 -2.478000 1.140454
v -6.303000 -2.478000 1.058182
v -6.303000 -2.478000 0.975909
v -6.303000 -2.478000 0.893636
v -6.303000 -2.478000 0.811364
v -6.303000 -2.478000 0.729091
v -6.303000 -2.478000 0.646818
v -6.303000 -2.478000 0.564545
v -6.303000 -2.478000 0.482273
v -6.303000 -1.968000 0.400000
v -6.303000 -1.968000 2.210000
v -6.283000 -1.968000 0.400000
v -6.283000 -1.968000 2.210000
v -6.283000 -1.968000 0.482273
v -6.283000 -1.968000 0.564545
v -6.283000 -1.968000 0.646818
v -6.283000 -1.968000 0.729091
v -6.283000 -1.968000 0.811364
v -6.283000 -1.968000 0.893636
v -6.283000 -1.968000 0.975909
v -6.283000 -1.968000 1.058182
v -6.283000 -1.968000 1.140454
v -6.283000 -1.968000 1.222727
v -6.283000 -1.968000 1.305000
v -6.283000 -1.968000 1.387273
v -6.283000 -1.968000 1.469545
v -6.283000 -1.968000 1.551818
v -6.283000 -1.968000 1.634091
v -6.283000 -1.968000 1.716363
v -6.283000 -1.968000 1.798636
v -6.283000 -1.968000 1.880909
v -6.283000 -1.968000 1.963182
v -6.283000 -1.968000 2.045455
v -6.283000 -1.968000 2.127727
v -6.303000 -1.968000 2.127727
v -6.303000 -1.968000 2.045455
v -6.303000 -1.968000 1.963182
v -6.303000 -1.968000 1.880909
v -6.303000 -1.968000 1.798636
v -6.303000 -1.968000 1.716363
v -6.303000 -1.968000 1.634091
v -6.303000 -1.968000 1.551818
v -6.303000 -1.968000 1.469545
v -6.303000 -1.968000 1.387273
v -6.303000 -1.968000 1.305000
v -6.303000 -1.968000 1.222727
v -6.303000 -1.968000 1.140454
v -6.303000 -1.968000 1.058182
v -6.303000 -1.968000 0.975909
v -6.303000 -1.968000 0.893636
v -6.303000 -1.968000 0.811364
v -6.303000 -1.968000 0.729091
v -6.303000 -1.968000 0.646818
v -6.303000 -1.968000 0.564545
v -6.303000 -1.968000 0.482273
v -6.283000 -1.968000 0.400000
v -6.283000 -1.968000 2.210000
v -6.283000 -2.478000 0.400000
v -6.283000 -2.478000 2.210000
v -6.283000 -2.478000 0.482273
v -6.283000 -2.478000 0.564545
v -6.283000 -2.478000 0.646818
v -6.283000 -2.478000 0.729091
v -6.283000 -2.478000 0.811364
v -6.283000 -2.478000 0.893636
v -6.283000 -2.478000 0.975909
v -6.283000 -2.478000 1.058182
v -6.283000 -2.478000 1.140454
v -6.283000 -2.478000 1.222727
v -6.283000 -2.478000 1.305000
v -6.283000 -2.478000 1.387273
v -6.283000 -2.478000 1.469545
v -6.283000 -2.478000 1.551818
v -6.283000 -2.478000 1.634091
v -6.283000 -2.478000 1.716363
v -6.283000 -2.478000 1.798636
v -6.283000 -2.478000 1.880909
v -6.283000 -2.478000 1.963182
v -6.283000 -2.478000 2.045455
v -6.283000 -2.478000 2.127727
v -6.283000 -2.223000 1.305000
v -6.283000 -2.350500 1.305000
v -6.283000 -2.223000 0.852500
v -6.283000 -2.350500 0.852500
v -6.283000 -2.414250 0.852500
v -6.283000 -2.350500 0.626250
v -6.283000 -2.414250 0.626250
v -6.283000 -2.414250 1.305000
v -6.283000 -2.350500 1.078750
v -6.283000 -2.414250 1.078750
v -6.283000 -2.223000 1.757500
v -6.283000 -2.350500 1.757500
v -6.283000 -2.414250 1.757500
v -6.283000 -2.350500 1.531250
v -6.283000 -2.414250 1.531250
v -6.283000 -2.350500 1.983750
v -6.283000 -2.414250 1.983750
v -6.283000 -1.968000 2.127727
v -6.283000 -1.968000 2.045455
v -6.283000 -1.968000 1.963182
v -6.283000 -1.968000 1.880909
v -6.283000 -1.968000 1.798636
v -6.283000 -1.968000 1.716363
v -6.283000 -1.968000 1.634091
v -6.283000 -1.968000 1.551818
v -6.283000 -1.968000 1.469545
v -6.283000 -1.968000 1.387273
v -6.283000 -1.968000 1.305000
v -6.283000 -1.968000 1.222727
v -6.283000 -1.968000 1.140454
v -6.283000 -1.968000 1.058182
v -6.283000 -1.968000 0.975909
v -6.283000 -1.968000 0.893636
v -6.283000 -1.968000 0.811364
v -6.283000 -1.968000 0.729091
v -6.283000 -1.968000 0.646818
v -6.283000 -1.968000 0.564545
v -6.283000 -1.968000 0.482273
v -6.283000 -2.095500 1.305000
v -6.283000 -2.095500 1.757500
v -6.283000 -2.095500 1.983750
v -6.283000 -2.031750 1.757500
v -6.283000 -2.031750 1.983750
v -6.283000 -2.095500 1.531250
v -6.283000 -2.031750 1.305000
v -6.283000 -2.031750 1.531250
v -6.283000 -2.095500 0.852500
v -6.283000 -2.095500 1.078750
v -6.283000 -2.031750 0.852500
v -6.283000 -2.031750 1.078750
v -6.283000 -2.095500 0.626250
v -6.283000 -2.031750 0.626250
v -6.283000 -2.040857 0.400000
v -6.283000 -2.113715 0.400000
v -6.283000 -2.186572 0.400000
v -6.283000 -2.259429 0.400000
v -6.283000 -2.332286 0.400000
v -6.283000 -2.405143 0.400000
v -6.283000 -2.223000 0.626250
v -6.283000 -2.159250 0.852500
v -6.283000 -2.159250 0.626250
v -6.283000 -2.286750 0.852500
v -6.283000 -2.286750 0.626250
v -6.283000 -2.405143 2.210000
v -6.283000 -2.332286 2.210000
v -6.283000 -2.259429 2.210000
v -6.283000 -2.186572 2.210000
v -6.283000 -2.113715 2.210000
v -6.283000 -2.040857 2.210000
v -6.283000 -2.223000 1.983750
v -6.283000 -2.286750 1.757500
v -6.283000 -2.286750 1.983750
v -6.283000 -2.159250 1.757500
v -6.283000 -2.159250 1.983750
v -6.303000 -1.968000 2.210000
v -6.283000 -1.968000 2.210000
v -6.303000 -2.478000 2.210000
v -6.283000 -2.478000 2.210000
v -6.283000 -2.405143 2.210000
v -6.283000 -2.332286 2.210000
v -6.283000 -2.259429 2.210000
v -6.283000 -2.186572 2.210000
v -6.283000 -2.113715 2.210000
v -6.283000 -2.040857 2.210000
v -6.303000 -2.040857 2.210000
v -6.303000 -2.113715 2.210000
v -6.303000 -2.186572 2.210000
v -6.303000 -2.259429 2.210000
v -6.303000 -2.332286 2.210000
v -6.303000 -2.405143 2.210000
v -6.303000 -1.968000 0.400000
v -6.283000 -1.968000 0.400000
v -6.303000 -2.478000 0.400000
v -6.283000 -2.478000 0.400000
v -6.283000 -2.405143 0.400000
v -6.283000 -2.332286 0.400000
v -6.283000 -2.259429 0.400000
v -6.283000 -2.186572 0.400000
v -6.283000 -2.113715 0.400000
v -6.283000 -2.040857 0.400000
v -6.303000 -2.040857 0.400000
v -6.303000 -2.113715 0.400000
v -6.303000 -2.186572 0.400000
v -6.303000 -2.259429 0.400000
v -6.303000 -2.332286 0.400000
v -6.303000 -2.405143 0.400000
v 6.499999 -2.517000 0.400000
v 6.499999 -2.517000 2.210000
v 6.479999 -2.517000 0.400000
v 6.479999 -2.517000 2.210000
v 6.479999 -2.517000 0.482273
v 6.479999 -2.517000 0.564545
v 6.479999 -2.517000 0.646818
v 6.479999 -2.517000 0.729091
v 6.479999 -2.517000 0.811364
v 6.479999 -2.517000 0.893636
v 6.479999 -2.517000 0.975909
v 6.479999 -2.517000 1.058182
v 6.479999 -2.517000 1.140454
v 6.479999 -2.517000 1.222727
v 6.479999 -2.517000 1.305000
v 6.479999 -2.517000 1.387273
v 6.479999 -2.517000 1.469545
v 6.479999 -2.517000 1.551818
v 6.479999 -2.517000 1.634091
v 6.479999 -2.517000 1.716363
v 6.479999 -2.517000 1.798636
v 6.479999 -2.517000 1.880909
v 6.479999 -2.517000 1.963182
v 6.479999 -2.517000 2.045455
v 6.479999 -2.517000 2.127727
v 6.499999 -2.517000 2.127727
v 6.499999 -2.517000 2.045455
v 6.499999 -2.517000 1.963182
v 6.499999 -2.517000 1.880909
v 6.499999 -2.517000 1.798636
v 6.499999 -2.517000 1.716363
v 6.499999 -2.517000 1.634091
v 6.499999 -2.517000 1.551818
v 6.499999 -2.517000 1.469545
v 6.499999 -2.517000 1.387273
v 6.499999 -2.517000 1.305000
v 6.499999 -2.517000 1.222727
v 6.499999 -2.517000 1.140454
v 6.499999 -2.517000 1.058182
v 6.499999 -2.517000 0.975909
v 6.499999 -2.517000 0.893636
v 6.499999 -2.517000 0.811364
v 6.499999 -2.517000 0.729091
v 6.499999 -2.517000 0.646818
v 6.499999 -2.517000 0.564545
v 6.499999 -2.517000 0.482273
v 6.499999 -3.027000 0.400000
v 6.499999 -3.027000 2.210000
v 6.479999 -3.027000 0.400000
v 6.479999 -3.027000 2.210000
v 6.479999 -3.027000 0.482273
v 6.479999 -3.027000 0.564545
v 6.479999 -3.027000 0.646818
v 6.479999 -3.027000 0.729091
v 6.479999 -3.027000 0.811364
v 6.479999 -3.027000 0.893636
v 6.479999 -3.027000 0.975909
v 6.479999 -3.027000 1.058182
v 6.479999 -3.027000 1.140454
v 6.479999 -3.027000 1.222727
v 6.479999 -3.027000 1.305000
v 6.479999 -3.027000 1.387273
v 6.479999 -3.027000 1.469545
v 6.479999 -3.027000 1.551818
v 6.479999 -3.027000 1.634091
v 6.479999 -3.027000 1.716363
v 6.479999 -3.027000 1.798636
v 6.479999 -3.027000 1.880909
v 6.479999 -3.027000 1.963182
v 6.479999 -3.027000 2.045455
v 6.479999 -3.027000 2.127727
v 6.499999 -3.027000 2.127727
v 6.499999 -3.027000 2.045455
v 6.499999 -3.027000 1.963182
v 6.499999 -3.027000 1.880909
v 6.499999 -3.027000 1.798636
v 6.499999 -3.027000 1.716363
v 6.499999 -3.027000 1.634091
v 6.499999 -3.027000 1.551818
v 6.499999 -3.027000 1.469545
v 6.499999 -3.027000 1.387273
v 6.499999 -3.027000 1.305000
v 6.499999 -3.027000 1.222727
v 6.499999 -3.027000 1.140454
v 6.499999 -3.027000 1.058182
v 6.499999 -3.027000 0.975909
v 6.499999 -3.027000 0.893636
v 6.499999 -3.027000 0.811364
v 6.499999 -3.027000 0.729091
v 6.499999 -3.027000 0.646818
v 6.499999 -3.027000 0.564545
v 6.499999 -3.027000 0.482273
v 6.479999 -3.027000 0.400000
v 6.479999 -3.027000 2.210000
v 6.479999 -2.517000 0.400000
v 6.479999 -2.517000 2.210000
v 6.479999 -2.517000 0.482273
v 6.479999 -2.517000 0.564545
v 6.479999 -2.517000 0.646818
v 6.479999 -2.517000 0.729091
v 6.479999 -2.517000 0.811364
v 6.479999 -2.517000 0.893636
v 6.479999 -2.517000 0.975909
v 6.479999 -2.517000 1.058182
v 6.479999 -2.517000 1.140454
v 6.479999 -2.517000 1.222727
v 6.479999 -2.517000 1.305000
v 6.479999 -2.517000 1.387273
v 6.479999 -2.517000 1.469545
v 6.479999 -2.517000 1.551818
v 6.479999 -2.517000 1.634091
v 6.479999 -2.517000 1.716363
v 6.479999 -2.517000 1.798636
v 6.479999 -2.517000 1.880909
v 6.479999 -2.517000 1.963182
v 6.479999 -2.517000 2.045455
v 6.479999 -2.517000 2.127727
v 6.479999 -2.772000 1.305000
v 6.479999 -2.644500 1.305000
v 6.479999 -2.772000 0.852500
v 6.479999 -2.644500 0.852500
v 6.479999 -2.580750 0.852500
v 6.479999 -2.644500 0.626250
v 6.479999 -2.580750 0.626250
v 6.479999 -2.580750 1.305000
v 6.479999 -2.644500 1.078750
v 6.479999 -2.580750 1.078750
v 6.479999 -2.772000 1.757500
v 6.479999 -2.644500 1.757500
v 6.479999 -2.580750 1.757500
v 6.479999 -2.644500 1.531250
v 6.479999 -2.580750 1.531250
v 6.479999 -2.644500 1.983750
v 6.479999 -2.580750 1.983750
v 6.479999 -3.027000 2.127727
v 6.479999 -3.027000 2.045455
v 6.479999 -3.027000 1.963182
v 6.479999 -3.027000 1.880909
v 6.479999 -3.027000 1.798636
v 6.479999 -3.027000 1.716363
v 6.479999 -3.027000 1.634091
v 6.479999 -3.027000 1.551818
v 6.479999 -3.027000 1.469545
v 6.479999 -3.027000 1.387273
v 6.479999 -3.027000 1.305000
v 6.479999 -3.027000 1.222727
v 6.479999 -3.027000 1.140454
v 6.479999 -3.027000 1.058182
v 6.479999 -3.027000 0.975909
v 6.479999 -3.027000 0.893636
v 6.479999 -3.027000 0.811364
v 6.479999 -3.027000 0.729091
v 6.479999 -3.027000 0.646818
v 6.479999 -3.027000 0.564545
v 6.479999 -3.027000 0.482273
v 6.479999 -2.899500 1.305000
v 6.479999 -2.899500 1.757500
v 6.479999 -2.899500 1.983750
v 6.479999 -2.963250 1.757500
v 6.479999 -2.963250 1.983750
v 6.479999 -2.899500 1.531250
v 6.479999 -2.963250 1.305000
v 6.479999 -2.963250 1.531250
v 6.479999 -2.899500 0.852500
v 6.479999 -2.899500 1.078750
v 6.479999 -2.963250 0.852500
v 6.479999 -2.963250 1.078750
v 6.479999 -2.899500 0.626250
v 6.479999 -2.963250 0.626250
v 6.479999 -2.954143 0.400000
v 6.479999 -2.881286 0.400000
v 6.479999 -2.808429 0.400000
v 6.479999 -2.735572 0.400000
v 6.479999 -2.662715 0.400000
v 6.479999 -2.589857 0.400000
v 6.479999 -2.772000 0.626250
v 6.479999 -2.835750 0.852500
v 6.479999 -2.835750 0.626250
v 6.479999 -2.708250 0.852500
v 6.479999 -2.708250 0.626250
v 6.479999 -2.589857 2.210000
v 6.479999 -2.662715 2.210000
v 6.479999 -2.735572 2.210000
v 6.479999 -2.808429 2.210000
v 6.479999 -2.881286 2.210000
v 6.479999 -2.954143 2.210000
v 6.479999 -2.772000 1.983750
v 6.479999 -2.708250 1.757500
v 6.479999 -2.708250 1.983750
v 6.479999 -2.835750 1.757500
v 6.479999 -2.835750 1.983750
v 6.499999 -3.027000 2.210000
v 6.479999 -3.027000 2.210000
v 6.499999 -2.517000 2.210000
v 6.479999 -2.517000 2.210000
v 6.479999 -2.589857 2.210000
v 6.479999 -2.662715 2.210000
v 6.479999 -2.735572 2.210000
v 6.479999 -2.808429 2.210000
v 6.479999 -2.881286 2.210000
v 6.479999 -2.954143 2.210000
v 6.499999 -2.954143 2.210000
v 6.499999 -2.881286 2.210000
v 6.499999 -2.808429 2.210000
v 6.499999 -2.735572 2.210000
v 6.499999 -2.662715 2.210000
v 6.499999 -2.589857 2.210000
v 6.499999 -3.027000 0.400000
v 6.479999 -3.027000 0.400000
v 6.499999 -2.517000 0.400000
v 6.479999 -2.517000 0.400000
v 6.479999 -2.589857 0.400000
v 6.479999 -2.662715 0.400000
v 6.479999 -2.735572 0.400000
v 6.479999 -2.808429 0.400000
v 6.479999 -2.881286 0.400000
v 6.479999 -2.954143 0.400000
v 6.499999 -2.954143 0.400000
v 6.499999 -2.881286 0.400000
v 6.499999 -2.808429 0.400000
v 6.499999 -2.735572 0.400000
v 6.499999 -2.662715 0.400000
v 6.499999 -2.589857 0.400000
v 4.482001 -5.147000 0.400000
v 4.482001 -5.127000 0.400000
v 4.992000 -5.147000 0.400000
v 4.992000 -5.127000 0.400000
v 4.554858 -5.147000 0.400000
v 4.627715 -5.147000 0.400000
v 4.700572 -5.147000 0.400000
v 4.773429 -5.147000 0.400000
v 4.846286 -5.147000 0.400000
v 4.919143 -5.147000 0.400000
v 4.919143 -5.127000 0.400000
v 4.846286 -5.127000 0.400000
v 4.773429 -5.127000 0.400000
v 4.700572 -5.127000 0.400000
v 4.627715 -5.127000 0.400000
v 4.554858 -5.127000 0.400000
v 4.482001 -5.147000 2.210000
v 4.482001 -5.127000 2.210000
v 4.992000 -5.147000 2.210000
v 4.992000 -5.127000 2.210000
v 4.554858 -5.147000 2.210000
v 4.627715 -5.147000 2.210000
v 4.700572 -5.147000 2.210000
v 4.773429 -5.147000 2.210000
v 4.846286 -5.147000 2.210000
v 4.919143 -5.147000 2.210000
v 4.919143 -5.127000 2.210000
v 4.846286 -5.127000 2.210000
v 4.773429 -5.127000 2.210000
v 4.700572 -5.127000 2.210000
v 4.627715 -5.127000 2.210000
v 4.554858 -5.127000 2.210000
v 4.482001 -5.127000 0.400000
v 4.482001 -5.127000 2.210000
v 4.992000 -5.127000 0.400000
v 4.992000 -5.127000 2.210000
v 4.554858 -5.127000 0.400000
v 4.627715 -5.127000 0.400000
v 4.700572 -5.127000 0.400000
v 4.773429 -5.127000 0.400000
v 4.846286 -5.127000 0.400000
v 4.919143 -5.127000 0.400000
v 4.736999 -5.127000 1.305000
v 4.736999 -5.127000 0.852500
v 4.609500 -5.127000 1.305000
v 4.609500 -5.127000 0.852500
v 4.609500 -5.127000 0.626250
v 4.545749 -5.127000 0.852500
v 4.545749 -5.127000 0.626250
v 4.736999 -5.127000 0.626250
v 4.673251 -5.127000 0.852500
v 4.673251 -5.127000 0.626250
v 4.864501 -5.127000 1.305000
v 4.864501 -5.127000 0.852500
v 4.864501 -5.127000 0.626250
v 4.800750 -5.127000 0.852500
v 4.800750 -5.127000 0.626250
v 4.928248 -5.127000 0.852500
v 4.928248 -5.127000 0.626250
v 4.919143 -5.127000 2.210000
v 4.846286 -5.127000 2.210000
v 4.773429 -5.127000 2.210000
v 4.700572 -5.127000 2.210000
v 4.627715 -5.127000 2.210000
v 4.554858 -5.127000 2.210000
v 4.736999 -5.127000 1.757500
v 4.864501 -5.127000 1.757500
v 4.864501 -5.127000 1.983750
v 4.928248 -5.127000 1.757500
v 4.928248 -5.127000 1.983750
v 4.736999 -5.127000 1.983750
v 4.800750 -5.127000 1.757500
v 4.800750 -5.127000 1.983750
v 4.609500 -5.127000 1.757500
v 4.609500 -5.127000 1.983750
v 4.673251 -5.127000 1.757500
v 4.673251 -5.127000 1.983750
v 4.545749 -5.127000 1.757500
v 4.545749 -5.127000 1.983750
v 4.992000 -5.127000 0.482273
v 4.992000 -5.127000 0.564545
v 4.992000 -5.127000 0.646818
v 4.992000 -5.127000 0.729091
v 4.992000 -5.127000 0.811364
v 4.992000 -5.127000 0.893636
v 4.992000 -5.127000 0.975909
v 4.992000 -5.127000 1.058182
v 4.992000 -5.127000 1.140454
v 4.992000 -5.127000 1.222727
v 4.992000 -5.127000 1.305000
v 4.992000 -5.127000 1.387273
v 4.992000 -5.127000 1.469545
v 4.992000 -5.127000 1.551818
v 4.992000 -5.127000 1.634091
v 4.992000 -5.127000 1.716363
v 4.992000 -5.127000 1.798636
v 4.992000 -5.127000 1.880909
v 4.992000 -5.127000 1.963182
v 4.992000 -5.127000 2.045455
v 4.992000 -5.127000 2.127727
v 4.928248 -5.127000 1.305000
v 4.864501 -5.127000 1.078750
v 4.928248 -5.127000 1.078750
v 4.864501 -5.127000 1.531250
v 4.928248 -5.127000 1.531250
v 4.482001 -5.127000 2.127727
v 4.482001 -5.127000 2.045455
v 4.482001 -5.127000 1.963182
v 4.482001 -5.127000 1.880909
v 4.482001 -5.127000 1.798636
v 4.482001 -5.127000 1.716363
v 4.482001 -5.127000 1.634091
v 4.482001 -5.127000 1.551818
v 4.482001 -5.127000 1.469545
v 4.482001 -5.127000 1.387273
v 4.482001 -5.127000 1.305000
v 4.482001 -5.127000 1.222727
v 4.482001 -5.127000 1.140454
v 4.482001 -5.127000 1.058182
v 4.482001 -5.127000 0.975909
v 4.482001 -5.127000 0.893636
v 4.482001 -5.127000 0.811364
v 4.482001 -5.127000 0.729091
v 4.482001 -5.127000 0.646818
v 4.482001 -5.127000 0.564545
v 4.482001 -5.127000 0.482273
v 4.609500 -5.127000 1.531250
v 4.545749 -5.127000 1.305000
v 4.545749 -5.127000 1.531250
v 4.609500 -5.127000 1.078750
v 4.545749 -5.127000 1.078750
v 4.482001 -5.147000 0.400000
v 4.482001 -5.147000 2.210000
v 4.482001 -5.127000 0.400000
v 4.482001 -5.127000 2.210000
v 4.482001 -5.127000 0.482273
v 4.482001 -5.127000 0.564545
v 4.482001 -5.127000 0.646818
v 4.482001 -5.127000 0.729091
v 4.482001 -5.127000 0.811364
v 4.482001 -5.127000 0.893636
v 4.482001 -5.127000 0.975909
v 4.482001 -5.127000 1.058182
v 4.482001 -5.127000 1.140454
v 4.482001 -5.127000 1.222727
v 4.482001 -5.127000 1.305000
v 4.482001 -5.127000 1.387273
v 4.482001 -5.127000 1.469545
v 4.482001 -5.127000 1.551818
v 4.482001 -5.127000 1.634091
v 4.482001 -5.127000 1.716363
v 4.482001 -5.127000 1.798636
v 4.482001 -5.127000 1.880909
v 4.482001 -5.127000 1.963182
v 4.482001 -5.127000 2.045455
v 4.482001 -5.127000 2.127727
v 4.482001 -5.147000 2.127727
v 4.482001 -5.147000 2.045455
v 4.482001 -5.147000 1.963182
v 4.482001 -5.147000 1.880909
v 4.482001 -5.147000 1.798636
v 4.482001 -5.147000 1.716363
v 4.482001 -5.147000 1.634091
v 4.482001 -5.147000 1.551818
v 4.482001 -5.147000 1.469545
v 4.482001 -5.147000 1.387273
v 4.482001 -5.147000 1.305000
v 4.482001 -5.147000 1.222727
v 4.482001 -5.147000 1.140454
v 4.482001 -5.147000 1.058182
v 4.482001 -5.147000 0.975909
v 4.482001 -5.147000 0.893636
v 4.482001 -5.147000 0.811364
v 4.482001 -5.147000 0.729091
v 4.482001 -5.147000 0.646818
v 4.482001 -5.147000 0.564545
v 4.482001 -5.147000 0.482273
v 4.992000 -5.147000 0.400000
v 4.992000 -5.147000 2.210000
v 4.992000 -5.127000 0.400000
v 4.992000 -5.127000 2.210000
v 4.992000 -5.127000 0.482273
v 4.992000 -5.127000 0.564545
v 4.992000 -5.127000 0.646818
v 4.992000 -5.127000 0.729091
v 4.992000 -5.127000 0.811364
v 4.992000 -5.127000 0.893636
v 4.992000 -5.127000 0.975909
v 4.992000 -5.127000 1.058182
v 4.992000 -5.127000 1.140454
v 4.992000 -5.127000 1.222727
v 4.992000 -5.127000 1.305000
v 4.992000 -5.127000 1.387273
v 4.992000 -5.127000 1.469545
v 4.992000 -5.127000 1.551818
v 4.992000 -5.127000 1.634091
v 4.992000 -5.127000 1.716363
v 4.992000 -5.127000 1.798636
v 4.992000 -5.127000 1.880909
v 4.992000 -5.127000 1.963182
v 4.992000 -5.127000 2.045455
v 4.992000 -5.127000 2.127727
v 4.992000 -5.147000 2.127727
v 4.992000 -5.147000 2.045455
v 4.992000 -5.147000 1.963182
v 4.992000 -5.147000 1.880909
v 4.992000 -5.147000 1.798636
v 4.992000 -5.147000 1.716363
v 4.992000 -5.147000 1.634091
v 4.992000 -5.147000 1.551818
v 4.992000 -5.147000 1.469545
v 4.992000 -5.147000 1.387273
v 4.992000 -5.147000 1.305000
v 4.992000 -5.147000 1.222727
v 4.992000 -5.147000 1.140454
v 4.992000 -5.147000 1.058182
v 4.992000 -5.147000 0.975909
v 4.992000 -5.147000 0.893636
v 4.992000 -5.147000 0.811364
v 4.992000 -5.147000 0.729091
v 4.992000 -5.147000 0.646818
v 4.992000 -5.147000 0.564545
v 4.992000 -5.147000 0.482273
v 5.392001 -5.147000 0.400000
v 5.392001 -5.127000 0.400000
v 5.901999 -5.147000 0.400000
v 5.901999 -5.127000 0.400000
v 5.464858 -5.147000 0.400000
v 5.537715 -5.147000 0.400000
v 5.610572 -5.147000 0.400000
v 5.683429 -5.147000 0.400000
v 5.756286 -5.147000 0.400000
v 5.829143 -5.147000 0.400000
v 5.829143 -5.127000 0.400000
v 5.756286 -5.127000 0.400000
v 5.683429 -5.127000 0.400000
v 5.610572 -5.127000 0.400000
v 5.537715 -5.127000 0.400000
v 5.464858 -5.127000 0.400000
v 5.392001 -5.147000 2.210000
v 5.392001 -5.127000 2.210000
v 5.901999 -5.147000 2.210000
v 5.901999 -5.127000 2.210000
v 5.464858 -5.147000 2.210000
v 5.537715 -5.147000 2.210000
v 5.610572 -5.147000 2.210000
v 5.683429 -5.147000 2.210000
v 5.756286 -5.147000 2.210000
v 5.829143 -5.147000 2.210000
v 5.829143 -5.127000 2.210000
v 5.756286 -5.127000 2.210000
v 5.683429 -5.127000 2.210000
v 5.610572 -5.127000 2.210000
v 5.537715 -5.127000 2.210000
v 5.464858 -5.127000 2.210000
v 5.392001 -5.127000 0.400000
v 5.392001 -5.127000 2.210000
v 5.901999 -5.127000 0.400000
v 5.901999 -5.127000 2.210000
v 5.464858 -5.127000 0.400000
v 5.537715 -5.127000 0.400000
v 5.610572 -5.127000 0.400000
v 5.683429 -5.127000 0.400000
v 5.756286 -5.127000 0.400000
v 5.829143 -5.127000 0.400000
v 5.646998 -5.127000 1.305000
v 5.646998 -5.127000 0.852500
v 5.519500 -5.127000 1.305000
v 5.519500 -5.127000 0.852500
v 5.519500 -5.127000 0.626250
v 5.455749 -5.127000 0.852500
v 5.455749 -5.127000 0.626250
v 5.646998 -5.127000 0.626250
v 5.583251 -5.127000 0.852500
v 5.583251 -5.127000 0.626250
v 5.774501 -5.127000 1.305000
v 5.774501 -5.127000 0.852500
v 5.774501 -5.127000 0.626250
v 5.710750 -5.127000 0.852500
v 5.710750 -5.127000 0.626250
v 5.838248 -5.127000 0.852500
v 5.838248 -5.127000 0.626250
v 5.829143 -5.127000 2.210000
v 5.756286 -5.127000 2.210000
v 5.683429 -5.127000 2.210000
v 5.610572 -5.127000 2.210000
v 5.537715 -5.127000 2.210000
v 5.464858 -5.127000 2.210000
v 5.646998 -5.127000 1.757500
v 5.774501 -5.127000 1.757500
v 5.774501 -5.127000 1.983750
v 5.838248 -5.127000 1.757500
v 5.838248 -5.127000 1.983750
v 5.646998 -5.127000 1.983750
v 5.710750 -5.127000 1.757500
v 5.710750 -5.127000 1.983750
v 5.519500 -5.127000 1.757500
v 5.519500 -5.127000 1.983750
v 5.583251 -5.127000 1.757500
v 5.583251 -5.127000 1.983750
v 5.455749 -5.127000 1.757500
v 5.455749 -5.127000 1.983750
v 5.901999 -5.127000 0.482273
v 5.901999 -5.127000 0.564545
v 5.901999 -5.127000 0.646818
v 5.901999 -5.127000 0.729091
v 5.901999 -5.127000 0.811364
v 5.901999 -5.127000 0.893636
v 5.901999 -5.127000 0.975909
v 5.901999 -5.127000 1.058182
v 5.901999 -5.127000 1.140454
v 5.901999 -5.127000 1.222727
v 5.901999 -5.127000 1.305000
v 5.901999 -5.127000 1.387273
v 5.901999 -5.127000 1.469545
v 5.901999 -5.127000 1.551818
v 5.901999 -5.127000 1.634091
v 5.901999 -5.127000 1.716363
v 5.901999 -5.127000 1.798636
v 5.901999 -5.127000 1.880909
v 5.901999 -5.127000 1.963182
v 5.901999 -5.127000 2.045455
v 5.901999 -5.127000 2.127727
v 5.838248 -5.127000 1.305000
v 5.774501 -5.127000 1.078750
v 5.838248 -5.127000 1.078750
v 5.774501 -5.127000 1.531250
v 5.838248 -5.127000 1.531250
v 5.392001 -5.127000 2.127727
v 5.392001 -5.127000 2.045455
v 5.392001 -5.127000 1.963182
v 5.392001 -5.127000 1.880909
v 5.392001 -5.127000 1.798636
v 5.392001 -5.127000 1.716363
v 5.392001 -5.127000 1.634091
v 5.392001 -5.127000 1.551818
v 5.392001 -5.127000 1.469545
v 5.392001 -5.127000 1.387273
v 5.392001 -5.127000 1.305000
v 5.392001 -5.127000 1.222727
v 5.392001 -5.127000 1.140454
v 5.392001 -5.127000 1.058182
v 5.392001 -5.127000 0.975909
v 5.392001 -5.127000 0.893636
v 5.392001 -5.127000 0.811364
v 5.392001 -5.127000 0.729091
v 5.392001 -5.127000 0.646818
v 5.392001 -5.127000 0.564545
v 5.392001 -5.127000 0.482273
v 5.519500 -5.127000 1.531250
v 5.455749 -5.127000 1.305000
v 5.455749 -5.127000 1.531250
v 5.519500 -5.127000 1.078750
v 5.455749 -5.127000 1.078750
v 5.392001 -5.147000 0.400000
v 5.392001 -5.147000 2.210000
v 5.392001 -5.127000 0.400000
v 5.392001 -5.127000 2.210000
v 5.392001 -5.127000 0.482273
v 5.392001 -5.127000 0.564545
v 5.392001 -5.127000 0.646818
v 5.392001 -5.127000 0.729091
v 5.392001 -5.127000 0.811364
v 5.392001 -5.127000 0.893636
v 5.392001 -5.127000 0.975909
v 5.392001 -5.127000 1.058182
v 5.392001 -5.127000 1.140454
v 5.392001 -5.127000 1.222727
v 5.392001 -5.127000 1.305000
v 5.392001 -5.127000 1.387273
v 5.392001 -5.127000 1.469545
v 5.392001 -5.127000 1.551818
v 5.392001 -5.127000 1.634091
v 5.392001 -5.127000 1.716363
v 5.392001 -5.127000 1.798636
v 5.392001 -5.127000 1.880909
v 5.392001 -5.127000 1.963182
v 5.392001 -5.127000 2.045455
v 5.392001 -5.127000 2.127727
v 5.392001 -5.147000 2.127727
v 5.392001 -5.147000 2.045455
v 5.392001 -5.147000 1.963182
v 5.392001 -5.147000 1.880909
v 5.392001 -5.147000 1.798636
v 5.392001 -5.147000 1.716363
v 5.392001 -5.147000 1.634091
v 5.392001 -5.147000 1.551818
v 5.392001 -5.147000 1.469545
v 5.392001 -5.147000 1.387273
v 5.392001 -5.147000 1.305000
v 5.392001 -5.147000 1.222727
v 5.392001 -5.147000 1.140454
v 5.392001 -5.147000 1.058182
v 5.392001 -5.147000 0.975909
v 5.392001 -5.147000 0.893636
v 5.392001 -5.147000 0.811364
v 5.392001 -5.147000 0.729091
v 5.392001 -5.147000 0.646818
v 5.392001 -5.147000 0.564545
v 5.392001 -5.147000 0.482273
v 5.901999 -5.147000 0.400000
v 5.901999 -5.147000 2.210000
v 5.901999 -5.127000 0.400000
v 5.901999 -5.127000 2.210000
v 5.901999 -5.127000 0.482273
v 5.901999 -5.127000 0.564545
v 5.901999 -5.127000 0.646818
v 5.901999 -5.127000 0.729091
v 5.901999 -5.127000 0.811364
v 5.901999 -5.127000 0.893636
v 5.901999 -5.127000 0.975909
v 5.901999 -5.127000 1.058182
v 5.901999 -5.127000 1.140454
v 5.901999 -5.127000 1.222727
v 5.901999 -5.127000 1.305000
v 5.901999 -5.127000 1.387273
v 5.901999 -5.127000 1.469545
v 5.901999 -5.127000 1.551818
v 5.901999 -5.127000 1.634091
v 5.901999 -5.127000 1.716363
v 5.901999 -5.127000 1.798636
v 5.901999 -5.127000 1.880909
v 5.901999 -5.127000 1.963182
v 5.901999 -5.127000 2.045455
v 5.901999 -5.127000 2.127727
v 5.901999 -5.147000 2.127727
v 5.901999 -5.147000 2.045455
v 5.901999 -5.147000 1.963182
v 5.901999 -5.147000 1.880909
v 5.901999 -5.147000 1.798636
v 5.901999 -5.147000 1.716363
v 5.901999 -5.147000 1.634091
v 5.901999 -5.147000 1.551818
v 5.901999 -5.147000 1.469545
v 5.901999 -5.147000 1.387273
v 5.901999 -5.147000 1.305000
v 5.901999 -5.147000 1.222727
v 5.901999 -5.147000 1.140454
v 5.901999 -5.147000 1.058182
v 5.901999 -5.147000 0.975909
v 5.901999 -5.147000 0.893636
v 5.901999 -5.147000 0.811364
v 5.901999 -5.147000 0.729091
v 5.901999 -5.147000 0.646818
v 5.901999 -5.147000 0.564545
v 5.901999 -5.147000 0.482273
v -6.422999 -0.608000 0.000000
v -6.422999 -0.608000 2.110000
v -6.422999 -1.618000 0.000000
v -6.422999 -1.618000 2.110000
v -6.422999 -0.944667 0.000000
v -6.422999 -1.281334 0.000000
v -6.422999 -1.281334 2.110000
v -6.422999 -0.944667 2.110000
v -6.422999 -1.618000 0.527500
v -6.422999 -1.618000 1.055000
v -6.422999 -1.618000 1.582500
v -6.422999 -0.608000 1.582500
v -6.422999 -0.608000 1.055000
v -6.422999 -0.608000 0.527500
v 2.431998 -5.267000 0.000000
v 2.431998 -5.267000 2.110000
v 1.422000 -5.267000 0.000000
v 1.422000 -5.267000 2.110000
v 2.431998 -5.267000 1.582500
v 2.431998 -5.267000 1.055000
v 2.431998 -5.267000 0.527500
v 1.422000 -5.267000 0.527500
v 1.422000 -5.267000 1.055000
v 1.422000 -5.267000 1.582500
v 1.758666 -5.267000 2.110000
v 2.095334 -5.267000 2.110000
v 2.095334 -5.267000 0.000000
v 1.758666 -5.267000 0.000000
v 5.431998 0.733000 0.000000
v 5.431998 0.733000 2.110000
v 4.422000 0.733000 0.000000
v 4.422000 0.733000 2.110000
v 5.095332 0.733000 0.000000
v 4.758666 0.733000 0.000000
v 4.758666 0.733000 2.110000
v 5.095332 0.733000 2.110000
v 4.422000 0.733000 0.527500
v 4.422000 0.733000 1.055000
v 4.422000 0.733000 1.582500
v 5.431998 0.733000 1.582500
v 5.431998 0.733000 1.055000
v 5.431998 0.733000 0.527500
v -6.303000 -5.147000 0.000000
v -6.303000 5.360000 0.000000
v -3.102250 -2.520250 0.000000
v -3.102250 0.106500 0.000000
v -3.102250 2.733250 0.000000
v 0.098500 -2.520250 0.000000
v 0.098500 0.106500 0.000000
v 3.299251 -2.520250 0.000000
v 3.299251 0.106500 0.000000
v 6.499999 -5.147000 0.000000
v 5.431998 0.613000 0.000000
v 5.095332 0.613000 0.000000
v 4.758666 0.613000 0.000000
v 4.422000 0.613000 0.000000
v 4.899623 0.106500 0.000000
v 3.299251 -1.206875 0.000000
v 4.899623 -2.520250 0.000000
v 4.899623 -1.206875 0.000000
v 4.099437 0.106500 0.000000
v 1.698874 0.106500 0.000000
v 1.422000 -5.147000 0.000000
v 1.758666 -5.147000 0.000000
v 2.095334 -5.147000 0.000000
v 2.431998 -5.147000 0.000000
v 3.299251 -3.833625 0.000000
v 1.698874 -2.520250 0.000000
v 0.098500 -3.833625 0.000000
v 1.698874 -3.833625 0.000000
v 1.698874 -4.490313 0.000000
v 0.898686 -3.833625 0.000000
v 0.098500 -4.490313 0.000000
v 0.898686 -4.490313 0.000000
v -1.501876 -2.520250 0.000000
v -3.102250 -3.833625 0.000000
v -1.501876 -3.833625 0.000000
v 3.299251 -4.490313 0.000000
v 2.499061 -3.833625 0.000000
v 2.499061 -4.490313 0.000000
v 4.899623 -3.833625 0.000000
v -6.303000 -0.608000 0.000000
v -6.303000 -0.944667 0.000000
v -6.303000 -1.281334 0.000000
v -6.303000 -1.618000 0.000000
v -3.102250 -1.206875 0.000000
v -4.702624 0.106500 0.000000
v -4.702624 -2.520250 0.000000
v -4.702624 -1.206875 0.000000
v -4.702624 -0.550188 0.000000
v -5.502812 0.106500 0.000000
v -5.502812 -1.206875 0.000000
v -5.502812 -0.550188 0.000000
v -3.102250 1.419875 0.000000
v -4.702624 2.733250 0.000000
v -4.702624 1.419875 0.000000
v -4.702624 -1.863563 0.000000
v -5.502812 -2.520250 0.000000
v -5.502812 -1.863563 0.000000
v -4.702624 -3.833625 0.000000
v 6.499999 -4.571000 0.000000
v 6.499999 -3.995000 0.000000
v 6.499999 -3.419000 0.000000
v 6.499999 -2.843000 0.000000
v 6.499999 -2.267000 0.000000
v 6.499999 -1.691000 0.000000
v 6.499999 -1.115000 0.000000
v 6.499999 -0.539000 0.000000
v 6.499999 0.037000 0.000000
v 6.499999 0.613000 0.000000
v 0.497001 5.360000 0.000000
v 0.072000 5.360000 0.000000
v -0.353000 5.360000 0.000000
v -0.778001 5.360000 0.000000
v -1.203000 5.360000 0.000000
v -1.627999 5.360000 0.000000
v -2.053000 5.360000 0.000000
v -2.478000 5.360000 0.000000
v -2.903001 5.360000 0.000000
v -3.328000 5.360000 0.000000
v -3.752999 5.360000 0.000000
v -4.178000 5.360000 0.000000
v -4.603000 5.360000 0.000000
v -5.028001 5.360000 0.000000
v -5.453000 5.360000 0.000000
v -5.877999 5.360000 0.000000
v 0.098500 4.046625 0.000000
v 0.098500 4.703312 0.000000
v -3.102250 4.046625 0.000000
v -1.501876 2.733250 0.000000
v -1.501876 4.046625 0.000000
v -1.501876 4.703312 0.000000
v -0.701688 4.046625 0.000000
v -0.701688 4.703312 0.000000
v -3.102250 4.703312 0.000000
v -2.302062 4.046625 0.000000
v -2.302062 4.703312 0.000000
v -4.702624 4.046625 0.000000
v -4.702624 4.703312 0.000000
v -3.902438 4.046625 0.000000
v -3.902438 4.703312 0.000000
v -5.502812 4.046625 0.000000
v -5.502812 4.703312 0.000000
v -6.303000 4.763200 0.000000
v -6.303000 4.166400 0.000000
v -6.303000 3.569600 0.000000
v -6.303000 2.972800 0.000000
v -6.303000 2.376000 0.000000
v -6.303000 1.779200 0.000000
v -6.303000 1.182400 0.000000
v -6.303000 0.585600 0.000000
v -6.303000 -0.011200 0.000000
v 5.965999 0.613000 0.000000
v 3.768332 0.613000 0.000000
v 3.114665 0.613000 0.000000
v 2.461001 0.613000 0.000000
v 1.807334 0.613000 0.000000
v 1.153666 0.613000 0.000000
v 0.499999 0.613000 0.000000
v 3.110000 -5.147000 0.000000
v 3.788001 -5.147000 0.000000
v 4.465999 -5.147000 0.000000
v 5.144000 -5.147000 0.000000
v 5.822001 -5.147000 0.000000
v 0.498500 2.986500 0.000000
v -6.303000 -5.116000 0.000000
v -4.702624 -4.490313 0.000000
v -5.502812 -3.833625 0.000000
v -5.502812 -4.490313 0.000000
v -5.502812 -4.818656 0.000000
v -5.902907 -4.490313 0.000000
v -5.902907 -4.818656 0.000000
v -5.902907 -4.982828 0.000000
v -6.102954 -4.818656 0.000000
v -6.102954 -4.982828 0.000000
v -6.102954 -5.064914 0.000000
v -6.202977 -4.982828 0.000000
v -6.202977 -5.064914 0.000000
v -6.278001 -5.147000 0.000000
v -6.202977 -5.105957 0.000000
v -6.252988 -5.064914 0.000000
v -6.252988 -5.105957 0.000000
v -6.303000 -2.201000 0.000000
v -6.303000 -2.784000 0.000000
v -6.303000 -3.367000 0.000000
v -6.303000 -3.950000 0.000000
v -6.303000 -4.533000 0.000000
v -5.578000 -5.147000 0.000000
v -4.877999 -5.147000 0.000000
v -4.178000 -5.147000 0.000000
v -3.478000 -5.147000 0.000000
v -2.778001 -5.147000 0.000000
v -2.078000 -5.147000 0.000000
v -1.377999 -5.147000 0.000000
v -0.678000 -5.147000 0.000000
v 0.022000 -5.147000 0.000000
v 0.721999 -5.147000 0.000000
v -6.303000 -5.147000 2.874000
v 6.499999 -5.147000 2.884000
v -4.852437 -5.340500 2.767625
v -3.216374 -5.340500 2.768250
v -1.580314 -5.340500 2.768875
v 0.055749 -5.340500 2.769500
v 1.691812 -5.340500 2.770125
v 3.327876 -5.340500 2.770750
v 4.963939 -5.340500 2.771375
v -6.674001 -5.534000 2.660000
v 6.700000 -5.534000 2.660000
v -6.544156 -5.534000 2.660000
v -6.414311 -5.534000 2.660000
v -6.284467 -5.534000 2.660000
v -6.154622 -5.534000 2.660000
v -6.024777 -5.534000 2.660000
v -5.894933 -5.534000 2.660000
v -5.765088 -5.534000 2.660000
v -5.635243 -5.534000 2.660000
v -5.505399 -5.534000 2.660000
v -5.375554 -5.534000 2.660000
v -5.245709 -5.534000 2.660000
v -5.115865 -5.534000 2.660000
v -4.986020 -5.534000 2.660000
v -4.856175 -5.534000 2.660000
v -4.726331 -5.534000 2.660000
v -4.596486 -5.534000 2.660000
v -4.466641 -5.534000 2.660000
v -4.336797 -5.534000 2.660000
v -4.206952 -5.534000 2.660000
v -4.077107 -5.534000 2.660000
v -3.947263 -5.534000 2.660000
v -3.817418 -5.534000 2.660000
v -3.687573 -5.534000 2.660000
v -3.557729 -5.534000 2.660000
v -3.427884 -5.534000 2.660000
v -3.298039 -5.534000 2.660000
v -3.168195 -5.534000 2.660000
v -3.038350 -5.534000 2.660000
v -2.908505 -5.534000 2.660000
v -2.778661 -5.534000 2.660000
v -2.648816 -5.534000 2.660000
v -2.518971 -5.534000 2.660000
v -2.389127 -5.534000 2.660000
v -2.259282 -5.534000 2.660000
v -2.129437 -5.534000 2.660000
v -1.999593 -5.534000 2.660000
v -1.869748 -5.534000 2.660000
v -1.739903 -5.534000 2.660000
v -1.610059 -5.534000 2.660000
v -1.480214 -5.534000 2.660000
v -1.350369 -5.534000 2.660000
v -1.220525 -5.534000 2.660000
v -1.090680 -5.534000 2.660000
v -0.960835 -5.534000 2.660000
v -0.830991 -5.534000 2.660000
v -0.701146 -5.534000 2.660000
v -0.571301 -5.534000 2.660000
v -0.441457 -5.534000 2.660000
v -0.311612 -5.534000 2.660000
v -0.181767 -5.534000 2.660000
v -0.051923 -5.534000 2.660000
v 0.077922 -5.534000 2.660000
v 0.207767 -5.534000 2.660000
v 0.337611 -5.534000 2.660000
v 0.467456 -5.534000 2.660000
v 0.597301 -5.534000 2.660000
v 0.727145 -5.534000 2.660000
v 0.856990 -5.534000 2.660000
v 0.986835 -5.534000 2.660000
v 1.116679 -5.534000 2.660000
v 1.246524 -5.534000 2.660000
v 1.376369 -5.534000 2.660000
v 1.506213 -5.534000 2.660000
v 1.636058 -5.534000 2.660000
v 1.765903 -5.534000 2.660000
v 1.895747 -5.534000 2.660000
v 2.025592 -5.534000 2.660000
v 2.155437 -5.534000 2.660000
v 2.285281 -5.534000 2.660000
v 2.415126 -5.534000 2.660000
v 2.544971 -5.534000 2.660000
v 2.674815 -5.534000 2.660000
v 2.804660 -5.534000 2.660000
v 2.934505 -5.534000 2.660000
v 3.064349 -5.534000 2.660000
v 3.194194 -5.534000 2.660000
v 3.324039 -5.534000 2.660000
v 3.453883 -5.534000 2.660000
v 3.583728 -5.534000 2.660000
v 3.713573 -5.534000 2.660000
v 3.843417 -5.534000 2.660000
v 3.973262 -5.534000 2.660000
v 4.103106 -5.534000 2.660000
v 4.232951 -5.534000 2.660000
v 4.362796 -5.534000 2.660000
v 4.492640 -5.534000 2.660000
v 4.622485 -5.534000 2.660000
v 4.752330 -5.534000 2.660000
v 4.882174 -5.534000 2.660000
v 5.012019 -5.534000 2.660000
v 5.141864 -5.534000 2.660000
v 5.271708 -5.534000 2.660000
v 5.401553 -5.534000 2.660000
v 5.531398 -5.534000 2.660000
v 5.661242 -5.534000 2.660000
v 5.791087 -5.534000 2.660000
v 5.920932 -5.534000 2.660000
v 6.050776 -5.534000 2.660000
v 6.180621 -5.534000 2.660000
v 6.310466 -5.534000 2.660000
v 6.440310 -5.534000 2.660000
v 6.570155 -5.534000 2.660000
v -4.927344 -5.437250 2.713812
v -5.670468 -5.340500 2.767313
v -5.754296 -5.437250 2.713656
v -5.796210 -5.485625 2.686828
v -6.167773 -5.437250 2.713578
v -6.211919 -5.485625 2.686789
v -4.964797 -5.485625 2.686906
v -5.340821 -5.437250 2.713734
v -5.380504 -5.485625 2.686867
v -3.273438 -5.437250 2.714125
v -4.034406 -5.340500 2.767937
v -4.100390 -5.437250 2.713969
v -4.133384 -5.485625 2.686984
v -4.513867 -5.437250 2.713891
v -4.549090 -5.485625 2.686945
v -3.301969 -5.485625 2.687062
v -3.686913 -5.437250 2.714047
v -3.717675 -5.485625 2.687023
v -1.619531 -5.437250 2.714438
v -2.398343 -5.340500 2.768562
v -2.446485 -5.437250 2.714281
v -2.470555 -5.485625 2.687140
v -2.859962 -5.437250 2.714203
v -2.886262 -5.485625 2.687101
v -1.639140 -5.485625 2.687219
v -2.033008 -5.437250 2.714359
v -2.054849 -5.485625 2.687180
v 0.034375 -5.437250 2.714750
v -0.762282 -5.340500 2.769187
v -0.792579 -5.437250 2.714593
v -0.807727 -5.485625 2.687297
v -1.206056 -5.437250 2.714516
v -1.223433 -5.485625 2.687258
v 0.023686 -5.485625 2.687375
v -0.379102 -5.437250 2.714672
v -0.392020 -5.485625 2.687336
v 1.688281 -5.437250 2.715063
v 0.873780 -5.340500 2.769813
v 0.861327 -5.437250 2.714906
v 0.855102 -5.485625 2.687453
v 0.447852 -5.437250 2.714828
v 0.439395 -5.485625 2.687414
v 1.686515 -5.485625 2.687531
v 1.274804 -5.437250 2.714984
v 1.270808 -5.485625 2.687492
v 3.342189 -5.437250 2.715375
v 2.509845 -5.340500 2.770437
v 2.515235 -5.437250 2.715219
v 2.517928 -5.485625 2.687609
v 2.101758 -5.437250 2.715140
v 2.102221 -5.485625 2.687570
v 3.349345 -5.485625 2.687687
v 2.928710 -5.437250 2.715297
v 2.933635 -5.485625 2.687648
v 4.996093 -5.437250 2.715687
v 4.145907 -5.340500 2.771062
v 4.169139 -5.437250 2.715531
v 4.180758 -5.485625 2.687766
v 3.755664 -5.437250 2.715453
v 3.765052 -5.485625 2.687727
v 5.012172 -5.485625 2.687844
v 4.582618 -5.437250 2.715609
v 4.596465 -5.485625 2.687805
v 5.781970 -5.340500 2.771688
v 5.823047 -5.437250 2.715844
v 5.843585 -5.485625 2.687922
v 5.409572 -5.437250 2.715766
v 5.427878 -5.485625 2.687883
v 6.236522 -5.437250 2.715922
v 6.259292 -5.485625 2.687961
v 6.195762 -5.147000 2.884000
v 5.891524 -5.147000 2.884000
v 5.587287 -5.147000 2.884000
v 5.283046 -5.147000 2.884000
v 4.978808 -5.147000 2.884000
v 4.674571 -5.147000 2.884000
v 4.370334 -5.147000 2.884000
v 4.066096 -5.147000 2.884000
v 3.761855 -5.147000 2.884000
v 3.457618 -5.147000 2.884000
v 3.153380 -5.147000 2.884000
v 2.849143 -5.147000 2.884000
v 2.544906 -5.147000 2.884000
v 2.240666 -5.147000 2.884000
v 1.936429 -5.147000 2.884000
v 1.632190 -5.147000 2.884000
v 1.327952 -5.147000 2.884000
v 1.023713 -5.147000 2.884000
v 0.719476 -5.147000 2.884000
v 0.415238 -5.147000 2.884000
v 0.110999 -5.147000 2.884000
v -0.193238 -5.147000 2.884000
v -0.497476 -5.147000 2.884000
v -0.801715 -5.147000 2.884000
v -1.105952 -5.147000 2.884000
v -1.410192 -5.147000 2.884000
v -1.714429 -5.147000 2.884000
v -2.018666 -5.147000 2.884000
v -2.322906 -5.147000 2.884000
v -2.627143 -5.147000 2.884000
v -2.931380 -5.147000 2.884000
v -3.235620 -5.147000 2.884000
v -3.539857 -5.147000 2.884000
v -3.844096 -5.147000 2.884000
v -4.148334 -5.147000 2.884000
v -4.452571 -5.147000 2.884000
v -4.756810 -5.147000 2.884000
v -5.061048 -5.147000 2.884000
v -5.365287 -5.147000 2.884000
v -5.669524 -5.147000 2.884000
v -5.973762 -5.147000 2.884000
v -6.278001 -5.147000 2.884000
v 4.931781 -5.243750 2.827063
v 5.740890 -5.243750 2.827531
v 3.313563 -5.243750 2.826125
v 4.122672 -5.243750 2.826593
v 1.695344 -5.243750 2.825187
v 2.504455 -5.243750 2.825656
v 0.077125 -5.243750 2.824250
v 0.886233 -5.243750 2.824719
v -1.541095 -5.243750 2.823312
v -0.731984 -5.243750 2.823781
v -3.159312 -5.243750 2.822375
v -2.350204 -5.243750 2.822844
v -4.777532 -5.243750 2.821437
v -3.968423 -5.243750 2.821906
v -5.586640 -5.243750 2.820969
v -5.991195 -5.243750 2.820734
v -5.544726 -5.195375 2.847797
v -5.947051 -5.195375 2.847523
v -6.148213 -5.195375 2.847387
v -5.924979 -5.171188 2.860918
v -6.125583 -5.171188 2.860771
v -6.225886 -5.171188 2.860698
v -6.114268 -5.159094 2.867464
v -6.214431 -5.159094 2.867388
v -6.303000 5.360000 2.874000
v -6.303000 -5.147000 2.874000
v -6.674001 5.560000 2.660000
v -6.674001 -5.534000 2.660000
v -6.488500 2.759875 2.767000
v -6.488500 4.109937 2.767000
v -6.674001 5.431000 2.660000
v -6.674001 5.302000 2.660000
v -6.674001 5.173000 2.660000
v -6.674001 5.044000 2.660000
v -6.674001 4.915000 2.660000
v -6.674001 4.786000 2.660000
v -6.674001 4.657000 2.660000
v -6.674001 4.528000 2.660000
v -6.674001 4.399000 2.660000
v -6.674001 4.270000 2.660000
v -6.674001 4.141000 2.660000
v -6.674001 4.012000 2.660000
v -6.674001 3.883000 2.660000
v -6.674001 3.754000 2.660000
v -6.674001 3.625000 2.660000
v -6.674001 3.496000 2.660000
v -6.674001 3.367000 2.660000
v -6.674001 3.238000 2.660000
v -6.674001 3.109000 2.660000
v -6.674001 2.980000 2.660000
v -6.674001 2.851000 2.660000
v -6.674001 2.722000 2.660000
v -6.674001 2.593000 2.660000
v -6.674001 2.464000 2.660000
v -6.674001 2.335000 2.660000
v -6.674001 2.206000 2.660000
v -6.674001 2.077000 2.660000
v -6.674001 1.948000 2.660000
v -6.674001 1.819000 2.660000
v -6.674001 1.690000 2.660000
v -6.674001 1.561000 2.660000
v -6.674001 1.432000 2.660000
v -6.674001 1.303000 2.660000
v -6.674001 1.174000 2.660000
v -6.674001 1.045000 2.660000
v -6.674001 0.916000 2.660000
v -6.674001 0.787000 2.660000
v -6.674001 0.658000 2.660000
v -6.674001 0.529000 2.660000
v -6.674001 0.400000 2.660000
v -6.674001 0.271000 2.660000
v -6.674001 0.142000 2.660000
v -6.674001 0.013000 2.660000
v -6.674001 -0.116000 2.660000
v -6.674001 -0.245000 2.660000
v -6.674001 -0.374000 2.660000
v -6.674001 -0.503000 2.660000
v -6.674001 -0.632000 2.660000
v -6.674001 -0.761000 2.660000
v -6.674001 -0.890000 2.660000
v -6.674001 -1.019000 2.660000
v -6.674001 -1.148000 2.660000
v -6.674001 -1.277000 2.660000
v -6.674001 -1.406000 2.660000
v -6.674001 -1.535000 2.660000
v -6.674001 -1.664000 2.660000
v -6.674001 -1.793000 2.660000
v -6.674001 -1.922000 2.660000
v -6.674001 -2.051000 2.660000
v -6.674001 -2.180000 2.660000
v -6.674001 -2.309000 2.660000
v -6.674001 -2.438000 2.660000
v -6.674001 -2.567000 2.660000
v -6.674001 -2.696000 2.660000
v -6.674001 -2.825000 2.660000
v -6.674001 -2.954000 2.660000
v -6.674001 -3.083000 2.660000
v -6.674001 -3.212000 2.660000
v -6.674001 -3.341000 2.660000
v -6.674001 -3.470000 2.660000
v -6.674001 -3.599000 2.660000
v -6.674001 -3.728000 2.660000
v -6.674001 -3.857000 2.660000
v -6.674001 -3.986000 2.660000
v -6.674001 -4.115000 2.660000
v -6.674001 -4.244000 2.660000
v -6.674001 -4.373000 2.660000
v -6.674001 -4.502000 2.660000
v -6.674001 -4.631000 2.660000
v -6.674001 -4.760000 2.660000
v -6.674001 -4.889000 2.660000
v -6.674001 -5.018000 2.660000
v -6.674001 -5.147000 2.660000
v -6.674001 -5.276000 2.660000
v -6.674001 -5.405000 2.660000
v -6.581250 4.141594 2.713500
v -6.488500 4.784969 2.767000
v -6.581250 4.825797 2.713500
v -6.627625 4.846211 2.686750
v -6.581250 5.167898 2.713500
v -6.627625 5.190605 2.686750
v -6.627625 4.157422 2.686750
v -6.581250 4.483695 2.713500
v -6.627625 4.501816 2.686750
v -6.581250 2.773187 2.713500
v -6.488500 3.434906 2.767000
v -6.581250 3.457391 2.713500
v -6.488500 0.059750 2.767000
v -6.488500 1.409812 2.767000
v -6.627625 3.468632 2.686750
v -6.581250 3.799492 2.713500
v -6.627625 3.813027 2.686750
v -6.627625 2.779844 2.686750
v -6.581250 3.115289 2.713500
v -6.627625 3.124238 2.686750
v -6.581250 1.404781 2.713500
v -6.488500 2.084843 2.767000
v -6.581250 2.088984 2.713500
v -6.627625 2.091055 2.686750
v -6.581250 2.431086 2.713500
v -6.627625 2.435449 2.686750
v -6.627625 1.402265 2.686750
v -6.581250 1.746883 2.713500
v -6.627625 1.746660 2.686750
v -6.581250 0.036375 2.713500
v -6.488500 0.734781 2.767000
v -6.581250 0.720578 2.713500
v -6.488500 -2.640375 2.767000
v -6.488500 -1.290313 2.767000
v -6.627625 0.713476 2.686750
v -6.581250 1.062680 2.713500
v -6.627625 1.057871 2.686750
v -6.627625 0.024687 2.686750
v -6.581250 0.378476 2.713500
v -6.627625 0.369082 2.686750
v -6.581250 -1.332031 2.713500
v -6.488500 -0.615281 2.767000
v -6.581250 -0.647828 2.713500
v -6.627625 -0.664102 2.686750
v -6.581250 -0.305727 2.713500
v -6.627625 -0.319707 2.686750
v -6.627625 -1.352891 2.686750
v -6.581250 -0.989930 2.713500
v -6.627625 -1.008496 2.686750
v -6.581250 -2.700438 2.713500
v -6.488500 -1.965344 2.767000
v -6.581250 -2.016235 2.713500
v -6.488500 -3.990438 2.767000
v -6.627625 -2.041680 2.686750
v -6.581250 -1.674133 2.713500
v -6.627625 -1.697285 2.686750
v -6.627625 -2.730469 2.686750
v -6.581250 -2.358336 2.713500
v -6.627625 -2.386074 2.686750
v -6.581250 -4.068844 2.713500
v -6.488500 -3.315407 2.767000
v -6.581250 -3.384641 2.713500
v -6.627625 -3.419258 2.686750
v -6.581250 -3.042539 2.713500
v -6.627625 -3.074863 2.686750
v -6.627625 -4.108047 2.686750
v -6.581250 -3.726742 2.713500
v -6.627625 -3.763653 2.686750
v -6.488500 -4.665469 2.767000
v -6.581250 -4.753047 2.713500
v -6.627625 -4.796836 2.686750
v -6.581250 -4.410946 2.713500
v -6.627625 -4.452442 2.686750
v -6.581250 -5.095149 2.713500
v -6.627625 -5.141231 2.686750
v -6.303000 -5.116000 2.874000
v -6.395751 -3.912032 2.820500
v -6.395751 -4.577891 2.820500
v -6.395751 -4.910820 2.820500
v -6.349376 -4.534102 2.847250
v -6.349376 -4.864738 2.847250
v -6.349376 -5.030057 2.847250
v -6.326188 -4.841697 2.860625
v -6.326188 -5.006443 2.860625
v -6.326188 -5.088815 2.860625
v -6.314593 -4.994636 2.867312
v -6.314593 -5.076865 2.867312
v -6.303000 -4.854100 2.874000
v -6.303000 -4.592200 2.874000
v -6.303000 -4.330300 2.874000
v -6.303000 -4.068400 2.874000
v -6.303000 -3.806500 2.874000
v -6.303000 -3.544600 2.874000
v -6.303000 -3.282700 2.874000
v -6.303000 -3.020800 2.874000
v -6.303000 -2.758900 2.874000
v -6.303000 -2.497000 2.874000
v -6.303000 -2.235100 2.874000
v -6.303000 -1.973200 2.874000
v -6.303000 -1.711300 2.874000
v -6.303000 -1.449400 2.874000
v -6.303000 -1.187500 2.874000
v -6.303000 -0.925600 2.874000
v -6.303000 -0.663700 2.874000
v -6.303000 -0.401800 2.874000
v -6.303000 -0.139900 2.874000
v -6.303000 0.122000 2.874000
v -6.303000 0.383900 2.874000
v -6.303000 0.645800 2.874000
v -6.303000 0.907700 2.874000
v -6.303000 1.169600 2.874000
v -6.303000 1.431500 2.874000
v -6.303000 1.693400 2.874000
v -6.303000 1.955300 2.874000
v -6.303000 2.217200 2.874000
v -6.303000 2.479100 2.874000
v -6.303000 2.741000 2.874000
v -6.303000 3.002900 2.874000
v -6.303000 3.264800 2.874000
v -6.303000 3.526700 2.874000
v -6.303000 3.788600 2.874000
v -6.303000 4.050500 2.874000
v -6.303000 4.312400 2.874000
v -6.303000 4.574300 2.874000
v -6.303000 4.836200 2.874000
v -6.303000 5.098100 2.874000
v -6.395751 -2.580313 2.820500
v -6.395751 -3.246172 2.820500
v -6.395751 -1.248594 2.820500
v -6.395751 -1.914453 2.820500
v -6.395751 0.083125 2.820500
v -6.395751 -0.582735 2.820500
v -6.395751 1.414844 2.820500
v -6.395751 0.748984 2.820500
v -6.395751 2.746562 2.820500
v -6.395751 2.080703 2.820500
v -6.395751 4.078281 2.820500
v -6.395751 3.412421 2.820500
v -6.395751 4.744140 2.820500
v -2.900001 5.360000 4.839000
v -4.601501 5.360000 3.856500
v -6.303000 5.360000 2.874000
v -2.900001 5.560000 4.839000
v -6.674001 5.560000 2.660000
v -3.797126 5.460000 4.321000
v -3.348563 5.460000 4.580000
v -3.773938 5.410000 4.334375
v -3.336968 5.410000 4.586687
v -3.820313 5.510000 4.307625
v -3.360156 5.510000 4.573312
v -4.158000 5.560000 4.112667
v -5.415999 5.560000 3.386333
v -5.962701 5.360000 3.070500
v -5.622399 5.360000 3.267000
v -5.282100 5.360000 3.463500
v -4.941800 5.360000 3.660000
v -4.261201 5.360000 4.053000
v -3.920899 5.360000 4.249500
v -3.580600 5.360000 4.446000
v -3.240300 5.360000 4.642500
v 0.874000 5.560000 2.660000
v -2.900001 5.560000 4.839000
v 0.497001 5.360000 2.878000
v -1.201501 5.360000 3.858500
v -2.900001 5.360000 4.839000
v -2.003625 5.460000 4.321500
v -2.451812 5.460000 4.580250
v -2.027188 5.410000 4.335125
v -2.463593 5.410000 4.587062
v -1.980063 5.510000 4.307875
v -2.440032 5.510000 4.573437
v 0.157300 5.360000 3.074100
v -0.182401 5.360000 3.270200
v -0.522099 5.360000 3.466300
v -0.861800 5.360000 3.662400
v -1.541200 5.360000 4.054600
v -1.880900 5.360000 4.250700
v -2.220601 5.360000 4.446800
v -2.560300 5.360000 4.642900
v -1.642001 5.560000 4.112667
v -0.384000 5.560000 3.386333
v 0.499999 0.613000 2.870500
v 0.497001 5.360000 2.878000
v 0.686500 2.349000 2.765667
v 0.686000 3.904500 2.767333
v 0.874000 0.974000 2.660000
v 0.874000 5.560000 2.660000
v 0.874000 1.101389 2.660000
v 0.874000 1.228778 2.660000
v 0.874000 1.356166 2.660000
v 0.874000 1.483555 2.660000
v 0.874000 1.610944 2.660000
v 0.874000 1.738333 2.660000
v 0.874000 1.865722 2.660000
v 0.874000 1.993111 2.660000
v 0.874000 2.120500 2.660000
v 0.874000 2.247889 2.660000
v 0.874000 2.375278 2.660000
v 0.874000 2.502666 2.660000
v 0.874000 2.630055 2.660000
v 0.874000 2.757444 2.660000
v 0.874000 2.884833 2.660000
v 0.874000 3.012222 2.660000
v 0.874000 3.139611 2.660000
v 0.874000 3.267000 2.660000
v 0.874000 3.394388 2.660000
v 0.874000 3.521777 2.660000
v 0.874000 3.649166 2.660000
v 0.874000 3.776555 2.660000
v 0.874000 3.903944 2.660000
v 0.874000 4.031333 2.660000
v 0.874000 4.158722 2.660000
v 0.874000 4.286111 2.660000
v 0.874000 4.413500 2.660000
v 0.874000 4.540889 2.660000
v 0.874000 4.668278 2.660000
v 0.874000 4.795666 2.660000
v 0.874000 4.923055 2.660000
v 0.874000 5.050444 2.660000
v 0.874000 5.177833 2.660000
v 0.874000 5.305222 2.660000
v 0.874000 5.432611 2.660000
v 0.780250 2.425833 2.712833
v 0.686749 1.571250 2.764833
v 0.780375 1.654792 2.712417
v 0.827188 1.696562 2.686208
v 0.780437 1.269271 2.712208
v 0.827218 1.312719 2.686104
v 0.827125 2.464250 2.686417
v 0.780313 2.040312 2.712625
v 0.827155 2.080406 2.686312
v 0.780000 3.967916 2.713666
v 0.686250 3.126750 2.766500
v 0.780126 3.196875 2.713250
v 0.827062 3.231937 2.686625
v 0.780187 2.811354 2.713042
v 0.827094 2.848094 2.686521
v 0.827001 3.999625 2.686833
v 0.780063 3.582396 2.713458
v 0.827031 3.615781 2.686729
v 0.685750 4.682250 2.768167
v 0.779874 4.738958 2.714083
v 0.826938 4.767312 2.687042
v 0.779937 4.353437 2.713875
v 0.826968 4.383468 2.686937
v 0.779813 5.124479 2.714292
v 0.826905 5.151156 2.687146
v 0.497750 4.173250 2.876125
v 0.498500 2.986500 2.874250
v 0.499249 1.799750 2.872375
v 0.499999 0.613000 0.000000
v 0.499999 0.613000 2.870500
v 0.497001 5.360000 0.000000
v 0.497001 5.360000 2.878000
v 0.497750 4.173250 2.876125
v 0.498500 2.986500 2.874250
v 0.499249 1.799750 2.872375
v 0.498500 2.986500 1.439000
v 0.498500 2.986500 0.000000
v 0.497001 5.360000 0.411143
v 0.497001 5.360000 0.822286
v 0.497001 5.360000 1.233429
v 0.497001 5.360000 1.644571
v 0.497001 5.360000 2.055714
v 0.497001 5.360000 2.466857
v 0.497750 4.173250 1.439000
v 0.498500 2.986500 0.719500
v 0.497750 4.173250 0.719500
v 0.498500 2.986500 2.158500
v 0.497750 4.173250 2.158500
v 0.499999 0.613000 2.815000
v 0.499999 0.613000 2.252000
v 0.499999 0.613000 1.689000
v 0.499999 0.613000 1.126000
v 0.499999 0.613000 0.563000
v 0.499249 1.799750 1.439000
v 0.499249 1.799750 2.158500
v 0.499249 1.799750 0.719500
v 0.499249 1.799750 2.518250
v 0.499625 1.206375 2.158500
v 0.499625 1.206375 2.518250
v 0.499625 1.206375 2.698125
v 0.499812 0.909687 2.518250
v 0.499812 0.909687 2.698125
v 0.499812 0.909687 2.788063
v 0.499906 0.761343 2.698125
v 0.499906 0.761343 2.788063
v 6.700000 0.974000 2.660000
v 3.787002 0.974000 2.660000
v 0.874000 0.974000 2.660000
v 5.121749 0.793500 2.764000
v 3.643500 0.793500 2.764000
v 2.165250 0.793500 2.764000
v 6.499999 0.613000 2.868000
v 0.499999 0.613000 2.870500
v 6.269229 0.613000 2.868096
v 6.038463 0.613000 2.868192
v 5.807693 0.613000 2.868289
v 5.576922 0.613000 2.868384
v 5.346152 0.613000 2.868481
v 5.115386 0.613000 2.868577
v 4.884616 0.613000 2.868673
v 4.653846 0.613000 2.868769
v 4.423076 0.613000 2.868866
v 4.192306 0.613000 2.868961
v 3.961539 0.613000 2.869058
v 3.730769 0.613000 2.869154
v 3.499999 0.613000 2.869250
v 3.269229 0.613000 2.869346
v 3.038463 0.613000 2.869442
v 2.807693 0.613000 2.869538
v 2.576922 0.613000 2.869635
v 2.346154 0.613000 2.869731
v 2.115384 0.613000 2.869827
v 1.884616 0.613000 2.869923
v 1.653846 0.613000 2.870019
v 1.423078 0.613000 2.870115
v 1.192307 0.613000 2.870212
v 0.961537 0.613000 2.870307
v 0.730769 0.613000 2.870404
v 5.060874 0.703250 2.816000
v 5.860873 0.793500 2.764000
v 5.805438 0.703250 2.816000
v 3.571750 0.703250 2.816000
v 4.382625 0.793500 2.764000
v 4.316314 0.703250 2.816000
v 2.082625 0.703250 2.816000
v 2.904376 0.793500 2.764000
v 2.827186 0.703250 2.816000
v 1.426126 0.793500 2.764000
v 1.338061 0.703250 2.816000
v 1.000651 0.974000 2.660000
v 1.127305 0.974000 2.660000
v 1.253957 0.974000 2.660000
v 1.380609 0.974000 2.660000
v 1.507260 0.974000 2.660000
v 1.633912 0.974000 2.660000
v 1.760566 0.974000 2.660000
v 1.887218 0.974000 2.660000
v 2.013869 0.974000 2.660000
v 2.140521 0.974000 2.660000
v 2.267173 0.974000 2.660000
v 2.393826 0.974000 2.660000
v 2.520476 0.974000 2.660000
v 2.647132 0.974000 2.660000
v 2.773784 0.974000 2.660000
v 2.900435 0.974000 2.660000
v 3.027087 0.974000 2.660000
v 3.153739 0.974000 2.660000
v 3.280391 0.974000 2.660000
v 3.407043 0.974000 2.660000
v 3.533694 0.974000 2.660000
v 3.660346 0.974000 2.660000
v 3.913653 0.974000 2.660000
v 4.040305 0.974000 2.660000
v 4.166957 0.974000 2.660000
v 4.293609 0.974000 2.660000
v 4.420260 0.974000 2.660000
v 4.546912 0.974000 2.660000
v 4.673564 0.974000 2.660000
v 4.800216 0.974000 2.660000
v 4.926867 0.974000 2.660000
v 5.053523 0.974000 2.660000
v 5.180175 0.974000 2.660000
v 5.306827 0.974000 2.660000
v 5.433478 0.974000 2.660000
v 5.560130 0.974000 2.660000
v 5.686782 0.974000 2.660000
v 5.813434 0.974000 2.660000
v 5.940085 0.974000 2.660000
v 6.066737 0.974000 2.660000
v 6.193393 0.974000 2.660000
v 6.320045 0.974000 2.660000
v 6.446696 0.974000 2.660000
v 6.573348 0.974000 2.660000
v 2.247874 0.883750 2.712000
v 1.514188 0.883750 2.712000
v 1.147344 0.883750 2.712000
v 1.558219 0.928875 2.686000
v 1.192735 0.928875 2.686000
v 1.881030 0.883750 2.712000
v 2.289187 0.928875 2.686000
v 1.923703 0.928875 2.686000
v 3.715251 0.883750 2.712000
v 2.981563 0.883750 2.712000
v 2.614718 0.883750 2.712000
v 3.020156 0.928875 2.686000
v 2.654670 0.928875 2.686000
v 3.348407 0.883750 2.712000
v 3.751124 0.928875 2.686000
v 3.385642 0.928875 2.686000
v 5.182624 0.883750 2.712000
v 4.448936 0.883750 2.712000
v 4.082095 0.883750 2.712000
v 4.482093 0.928875 2.686000
v 4.116611 0.928875 2.686000
v 4.815780 0.883750 2.712000
v 5.213061 0.928875 2.686000
v 4.847579 0.928875 2.686000
v 5.916312 0.883750 2.712000
v 5.549468 0.883750 2.712000
v 5.944030 0.928875 2.686000
v 5.578547 0.928875 2.686000
v 6.283156 0.883750 2.712000
v 6.309516 0.928875 2.686000
v 6.499999 -2.280000 4.538000
v 6.499999 -5.147000 2.884000
v 6.600001 -3.300167 3.949333
v 6.700000 -2.280000 4.538000
v 6.700000 -5.534000 2.660000
v 6.600001 -2.790084 4.243667
v 6.549998 -3.267917 3.968000
v 6.549998 -2.773959 4.253000
v 6.650001 -3.332417 3.930666
v 6.650001 -2.806209 4.234333
v 6.700000 -3.093500 4.068500
v 6.700000 -3.907000 3.599000
v 6.700000 -4.720500 3.129500
v 6.499999 -4.669167 3.159667
v 6.499999 -4.191334 3.435333
v 6.499999 -3.713500 3.711000
v 6.499999 -3.235667 3.986666
v 6.499999 -2.757834 4.262333
v 6.600001 -4.320334 3.360667
v -6.303000 -5.116000 0.000000
v -6.303000 -5.116000 2.874000
v -6.303000 -5.147000 0.000000
v -6.303000 -5.147000 2.874000
v -6.303000 -5.147000 0.106444
v -6.303000 -5.147000 0.212889
v -6.303000 -5.147000 0.319333
v -6.303000 -5.147000 0.425777
v -6.303000 -5.147000 0.532222
v -6.303000 -5.147000 0.638667
v -6.303000 -5.147000 0.745111
v -6.303000 -5.147000 0.851555
v -6.303000 -5.147000 0.958000
v -6.303000 -5.147000 1.064445
v -6.303000 -5.147000 1.170889
v -6.303000 -5.147000 1.277333
v -6.303000 -5.147000 1.383778
v -6.303000 -5.147000 1.490222
v -6.303000 -5.147000 1.596666
v -6.303000 -5.147000 1.703111
v -6.303000 -5.147000 1.809556
v -6.303000 -5.147000 1.916000
v -6.303000 -5.147000 2.022444
v -6.303000 -5.147000 2.128889
v -6.303000 -5.147000 2.235333
v -6.303000 -5.147000 2.341778
v -6.303000 -5.147000 2.448222
v -6.303000 -5.147000 2.554667
v -6.303000 -5.147000 2.661111
v -6.303000 -5.147000 2.767555
v -6.303000 -5.116000 2.815000
v -6.303000 -5.116000 2.680952
v -6.303000 -5.116000 2.546905
v -6.303000 -5.116000 2.412857
v -6.303000 -5.116000 2.278810
v -6.303000 -5.116000 2.144762
v -6.303000 -5.116000 2.010714
v -6.303000 -5.116000 1.876667
v -6.303000 -5.116000 1.742619
v -6.303000 -5.116000 1.608572
v -6.303000 -5.116000 1.474524
v -6.303000 -5.116000 1.340476
v -6.303000 -5.116000 1.206429
v -6.303000 -5.116000 1.072381
v -6.303000 -5.116000 0.938333
v -6.303000 -5.116000 0.804286
v -6.303000 -5.116000 0.670238
v -6.303000 -5.116000 0.536191
v -6.303000 -5.116000 0.402143
v -6.303000 -5.116000 0.268095
v -6.303000 -5.116000 0.134048
v -6.278001 -5.147000 0.000000
v -6.278001 -5.147000 2.884000
v -6.303000 -5.147000 0.000000
v -6.303000 -5.147000 2.874000
v -6.303000 -5.147000 0.106444
v -6.303000 -5.147000 0.212889
v -6.303000 -5.147000 0.319333
v -6.303000 -5.147000 0.425777
v -6.303000 -5.147000 0.532222
v -6.303000 -5.147000 0.638667
v -6.303000 -5.147000 0.745111
v -6.303000 -5.147000 0.851555
v -6.303000 -5.147000 0.958000
v -6.303000 -5.147000 1.064445
v -6.303000 -5.147000 1.170889
v -6.303000 -5.147000 1.277333
v -6.303000 -5.147000 1.383778
v -6.303000 -5.147000 1.490222
v -6.303000 -5.147000 1.596666
v -6.303000 -5.147000 1.703111
v -6.303000 -5.147000 1.809556
v -6.303000 -5.147000 1.916000
v -6.303000 -5.147000 2.022444
v -6.303000 -5.147000 2.128889
v -6.303000 -5.147000 2.235333
v -6.303000 -5.147000 2.341778
v -6.303000 -5.147000 2.448222
v -6.303000 -5.147000 2.554667
v -6.303000 -5.147000 2.661111
v -6.303000 -5.147000 2.767555
v -6.278001 -5.147000 2.815000
v -6.278001 -5.147000 2.710741
v -6.278001 -5.147000 2.606482
v -6.278001 -5.147000 2.502222
v -6.278001 -5.147000 2.397963
v -6.278001 -5.147000 2.293704
v -6.278001 -5.147000 2.189445
v -6.278001 -5.147000 2.085185
v -6.278001 -5.147000 1.980926
v -6.278001 -5.147000 1.876667
v -6.278001 -5.147000 1.772407
v -6.278001 -5.147000 1.668148
v -6.278001 -5.147000 1.563889
v -6.278001 -5.147000 1.459630
v -6.278001 -5.147000 1.355370
v -6.278001 -5.147000 1.251111
v -6.278001 -5.147000 1.146852
v -6.278001 -5.147000 1.042593
v -6.278001 -5.147000 0.938333
v -6.278001 -5.147000 0.834074
v -6.278001 -5.147000 0.729815
v -6.278001 -5.147000 0.625556
v -6.278001 -5.147000 0.521296
v -6.278001 -5.147000 0.417037
v -6.278001 -5.147000 0.312778
v -6.278001 -5.147000 0.208519
v -6.278001 -5.147000 0.104259
v -6.303000 -4.398797 0.330762
v -6.303000 -4.398797 0.689675
v -6.303000 -4.398797 1.048587
v -6.303000 -4.398797 1.407500
v -6.303000 -4.398797 1.766412
v -6.303000 -4.398797 2.125325
v -6.303000 -4.398797 2.484237
v -6.303000 -3.576834 0.330762
v -6.303000 -3.576834 0.689675
v -6.303000 -3.576834 1.048587
v -6.303000 -3.576834 1.407500
v -6.303000 -3.576834 1.766412
v -6.303000 -3.576834 2.125325
v -6.303000 -3.576834 2.484237
v -6.303000 -2.754871 0.330762
v -6.303000 -2.754871 0.689675
v -6.303000 -2.754871 1.048587
v -6.303000 -2.754871 1.407500
v -6.303000 -2.754871 1.766412
v -6.303000 -2.754871 2.125325
v -6.303000 -2.754871 2.484237
v -6.303000 -1.932908 0.330762
v -6.303000 -1.932908 2.484237
v -6.303000 -1.110945 2.484237
v -6.303000 -0.288982 0.330762
v -6.303000 -0.288982 2.484237
v -6.303000 0.532981 0.330762
v -6.303000 0.532981 2.484237
v -6.303000 1.354944 0.330762
v -6.303000 1.354944 0.689675
v -6.303000 1.354944 1.048587
v -6.303000 1.354944 1.407500
v -6.303000 1.354944 1.766412
v -6.303000 1.354944 2.125325
v -6.303000 1.354944 2.484237
v -6.303000 2.176907 0.330762
v -6.303000 2.176907 0.689675
v -6.303000 2.176907 1.048587
v -6.303000 2.176907 1.407500
v -6.303000 2.176907 1.766412
v -6.303000 2.176907 2.125325
v -6.303000 2.176907 2.484237
v -6.303000 2.998871 0.330762
v -6.303000 2.998871 0.689675
v -6.303000 2.998871 1.048587
v -6.303000 2.998871 1.407500
v -6.303000 2.998871 1.766412
v -6.303000 2.998871 2.125325
v -6.303000 2.998871 2.484237
v -6.303000 3.820833 0.330762
v -6.303000 3.820833 0.689675
v -6.303000 3.820833 1.048587
v -6.303000 3.820833 1.407500
v -6.303000 3.820833 1.766412
v -6.303000 3.820833 2.125325
v -6.303000 3.820833 2.484237
v -6.303000 4.642797 0.330762
v -6.303000 4.642797 0.689675
v -6.303000 4.642797 1.048587
v -6.303000 4.642797 1.407500
v -6.303000 4.642797 1.766412
v -6.303000 4.642797 2.125325
v -6.303000 4.642797 2.484237
v -6.303000 -1.618000 2.110000
v -6.303000 -1.281334 2.110000
v -6.303000 -0.944667 2.110000
v -6.303000 -0.608000 2.110000
v -6.303000 -1.618000 0.000000
v -6.303000 -1.618000 0.527500
v -6.303000 -1.618000 1.055000
v -6.303000 -1.618000 1.582500
v -6.303000 -0.608000 1.582500
v -6.303000 -0.608000 1.055000
v -6.303000 -0.608000 0.527500
v -6.303000 -0.608000 0.000000
v -6.303000 -0.408000 0.400000
v -6.303000 -0.408000 0.482273
v -6.303000 -0.408000 0.564545
v -6.303000 -0.408000 0.646818
v -6.303000 -0.408000 0.729091
v -6.303000 -0.408000 0.811364
v -6.303000 -0.408000 0.893636
v -6.303000 -0.408000 0.975909
v -6.303000 -0.408000 1.058182
v -6.303000 -0.408000 1.140454
v -6.303000 -0.408000 1.222727
v -6.303000 -0.408000 1.305000
v -6.303000 -0.408000 1.387273
v -6.303000 -0.408000 1.469545
v -6.303000 -0.408000 1.551818
v -6.303000 -0.408000 1.634091
v -6.303000 -0.408000 1.716363
v -6.303000 -0.408000 1.798636
v -6.303000 -0.408000 1.880909
v -6.303000 -0.408000 1.963182
v -6.303000 -0.408000 2.045455
v -6.303000 -0.408000 2.127727
v -6.303000 -0.408000 2.210000
v -6.303000 -0.288982 0.151306
v -6.303000 0.122000 0.330762
v -6.303000 -0.288982 2.304781
v -6.303000 -0.699963 2.484237
v -6.303000 -1.110945 2.304781
v -6.303000 -0.699963 2.304781
v -6.303000 -0.494473 2.304781
v -6.303000 -0.699963 2.215053
v -6.303000 -0.494473 2.215053
v -6.303000 0.532981 2.304781
v -6.303000 0.122000 2.484237
v -6.303000 0.122000 2.304781
v -6.303000 0.102000 2.210000
v -6.303000 0.102000 2.127727
v -6.303000 0.102000 2.045455
v -6.303000 0.102000 1.963182
v -6.303000 0.102000 1.880909
v -6.303000 0.102000 1.798636
v -6.303000 0.102000 1.716363
v -6.303000 0.102000 1.634091
v -6.303000 0.102000 1.551818
v -6.303000 0.102000 1.469545
v -6.303000 0.102000 1.387273
v -6.303000 0.102000 1.305000
v -6.303000 0.102000 1.222727
v -6.303000 0.102000 1.140454
v -6.303000 0.102000 1.058182
v -6.303000 0.102000 0.975909
v -6.303000 0.102000 0.893636
v -6.303000 0.102000 0.811364
v -6.303000 0.102000 0.729091
v -6.303000 0.102000 0.646818
v -6.303000 0.102000 0.564545
v -6.303000 0.102000 0.482273
v -6.303000 0.102000 0.400000
v -6.303000 -0.083491 2.304781
v -6.303000 -0.083491 0.330762
v -6.303000 0.532981 0.151306
v -6.303000 0.122000 0.151306
v -6.303000 -0.335143 2.210000
v -6.303000 -0.262286 2.210000
v -6.303000 -0.189429 2.210000
v -6.303000 -0.116572 2.210000
v -6.303000 -0.043715 2.210000
v -6.303000 0.029143 2.210000
v -6.303000 0.029143 0.400000
v -6.303000 -0.043715 0.400000
v -6.303000 -0.116572 0.400000
v -6.303000 -0.189429 0.400000
v -6.303000 -0.262286 0.400000
v -6.303000 -0.335143 0.400000
v -6.303000 0.292000 0.400000
v -6.303000 0.292000 0.482273
v -6.303000 0.292000 0.564545
v -6.303000 0.292000 0.646818
v -6.303000 0.292000 0.729091
v -6.303000 0.292000 0.811364
v -6.303000 0.292000 0.893636
v -6.303000 0.292000 0.975909
v -6.303000 0.292000 1.058182
v -6.303000 0.292000 1.140454
v -6.303000 0.292000 1.222727
v -6.303000 0.292000 1.305000
v -6.303000 0.292000 1.387273
v -6.303000 0.292000 1.469545
v -6.303000 0.292000 1.551818
v -6.303000 0.292000 1.634091
v -6.303000 0.292000 1.716363
v -6.303000 0.292000 1.798636
v -6.303000 0.292000 1.880909
v -6.303000 0.292000 1.963182
v -6.303000 0.292000 2.045455
v -6.303000 0.292000 2.127727
v -6.303000 0.292000 2.210000
v -6.303000 0.327491 0.330762
v -6.303000 1.354944 0.510219
v -6.303000 0.943963 0.689675
v -6.303000 0.943963 0.330762
v -6.303000 0.943963 0.510219
v -6.303000 1.354944 0.869131
v -6.303000 0.943963 1.048587
v -6.303000 0.943963 0.869131
v -6.303000 1.354944 1.228044
v -6.303000 0.943963 1.407500
v -6.303000 0.943963 1.228044
v -6.303000 1.354944 1.586956
v -6.303000 0.943963 1.766412
v -6.303000 0.943963 1.586956
v -6.303000 1.354944 1.945869
v -6.303000 0.943963 2.125325
v -6.303000 0.943963 1.945869
v -6.303000 0.327491 2.304781
v -6.303000 1.354944 2.304781
v -6.303000 0.943963 2.484237
v -6.303000 0.943963 2.304781
v -6.303000 0.802000 2.210000
v -6.303000 0.802000 2.127727
v -6.303000 0.802000 2.045455
v -6.303000 0.802000 1.963182
v -6.303000 0.802000 1.880909
v -6.303000 0.802000 1.798636
v -6.303000 0.802000 1.716363
v -6.303000 0.802000 1.634091
v -6.303000 0.802000 1.551818
v -6.303000 0.802000 1.469545
v -6.303000 0.802000 1.387273
v -6.303000 0.802000 1.305000
v -6.303000 0.802000 1.222727
v -6.303000 0.802000 1.140454
v -6.303000 0.802000 1.058182
v -6.303000 0.802000 0.975909
v -6.303000 0.802000 0.893636
v -6.303000 0.802000 0.811364
v -6.303000 0.802000 0.729091
v -6.303000 0.802000 0.646818
v -6.303000 0.802000 0.564545
v -6.303000 0.802000 0.482273
v -6.303000 0.802000 0.400000
v -6.303000 0.943963 2.215053
v -6.303000 0.738472 2.304781
v -6.303000 0.943963 2.035597
v -6.303000 0.943963 1.856141
v -6.303000 0.943963 1.676684
v -6.303000 0.943963 1.497228
v -6.303000 0.943963 1.317772
v -6.303000 0.943963 1.138316
v -6.303000 0.943963 0.958859
v -6.303000 0.943963 0.779403
v -6.303000 0.943963 0.599947
v -6.303000 0.943963 0.420491
v -6.303000 0.738472 0.330762
v -6.303000 1.354944 0.151306
v -6.303000 0.943963 0.151306
v -6.303000 0.364857 2.210000
v -6.303000 0.437714 2.210000
v -6.303000 0.510571 2.210000
v -6.303000 0.583428 2.210000
v -6.303000 0.656286 2.210000
v -6.303000 0.729143 2.210000
v -6.303000 0.729143 0.400000
v -6.303000 0.656286 0.400000
v -6.303000 0.583428 0.400000
v -6.303000 0.510571 0.400000
v -6.303000 0.437714 0.400000
v -6.303000 0.364857 0.400000
v -6.303000 -2.478000 0.400000
v -6.303000 -2.478000 0.482273
v -6.303000 -2.478000 0.564545
v -6.303000 -2.478000 0.646818
v -6.303000 -2.478000 0.729091
v -6.303000 -2.478000 0.811364
v -6.303000 -2.478000 0.893636
v -6.303000 -2.478000 0.975909
v -6.303000 -2.478000 1.058182
v -6.303000 -2.478000 1.140454
v -6.303000 -2.478000 1.222727
v -6.303000 -2.478000 1.305000
v -6.303000 -2.478000 1.387273
v -6.303000 -2.478000 1.469545
v -6.303000 -2.478000 1.551818
v -6.303000 -2.478000 1.634091
v -6.303000 -2.478000 1.716363
v -6.303000 -2.478000 1.798636
v -6.303000 -2.478000 1.880909
v -6.303000 -2.478000 1.963182
v -6.303000 -2.478000 2.045455
v -6.303000 -2.478000 2.127727
v -6.303000 -2.478000 2.210000
v -6.303000 -2.754871 0.510219
v -6.303000 -2.343889 0.330762
v -6.303000 -2.549380 0.510219
v -6.303000 -2.754871 0.420491
v -6.303000 -2.549380 0.330762
v -6.303000 -2.549380 0.420491
v -6.303000 -3.165853 0.689675
v -6.303000 -3.576834 0.510219
v -6.303000 -3.165853 0.330762
v -6.303000 -3.165853 0.510219
v -6.303000 -1.932908 0.151306
v -6.303000 -2.754871 0.151306
v -6.303000 -2.343889 0.151306
v -6.303000 -2.549380 0.689675
v -6.303000 -2.754871 0.599947
v -6.303000 -2.549380 0.599947
v -6.303000 -2.754871 0.869131
v -6.303000 -2.549380 0.869131
v -6.303000 -2.754871 0.779403
v -6.303000 -2.549380 0.779403
v -6.303000 -3.165853 1.048587
v -6.303000 -3.576834 0.869131
v -6.303000 -3.165853 0.869131
v -6.303000 -2.549380 1.048587
v -6.303000 -2.754871 0.958859
v -6.303000 -2.549380 0.958859
v -6.303000 -2.754871 1.228044
v -6.303000 -2.549380 1.228044
v -6.303000 -2.754871 1.138316
v -6.303000 -2.549380 1.138316
v -6.303000 -3.165853 1.407500
v -6.303000 -3.576834 1.228044
v -6.303000 -3.165853 1.228044
v -6.303000 -2.549380 1.407500
v -6.303000 -2.754871 1.317772
v -6.303000 -2.549380 1.317772
v -6.303000 -2.754871 1.586956
v -6.303000 -2.549380 1.586956
v -6.303000 -2.754871 1.497228
v -6.303000 -2.549380 1.497228
v -6.303000 -3.165853 1.766412
v -6.303000 -3.576834 1.586956
v -6.303000 -3.165853 1.586956
v -6.303000 -2.549380 1.766412
v -6.303000 -2.754871 1.676684
v -6.303000 -2.549380 1.676684
v -6.303000 -2.754871 1.945869
v -6.303000 -2.549380 1.945869
v -6.303000 -2.754871 1.856141
v -6.303000 -2.549380 1.856141
v -6.303000 -3.165853 2.125325
v -6.303000 -3.576834 1.945869
v -6.303000 -3.165853 1.945869
v -6.303000 -2.549380 2.125325
v -6.303000 -2.754871 2.035597
v -6.303000 -2.549380 2.035597
v -6.303000 -1.932908 2.304781
v -6.303000 -2.343889 2.484237
v -6.303000 -2.754871 2.304781
v -6.303000 -2.343889 2.304781
v -6.303000 -2.549380 2.304781
v -6.303000 -2.754871 2.215053
v -6.303000 -2.549380 2.215053
v -6.303000 -3.165853 2.484237
v -6.303000 -3.576834 2.304781
v -6.303000 -3.165853 2.304781
v -6.303000 -1.968000 2.210000
v -6.303000 -1.968000 2.127727
v -6.303000 -1.968000 2.045455
v -6.303000 -1.968000 1.963182
v -6.303000 -1.968000 1.880909
v -6.303000 -1.968000 1.798636
v -6.303000 -1.968000 1.716363
v -6.303000 -1.968000 1.634091
v -6.303000 -1.968000 1.551818
v -6.303000 -1.968000 1.469545
v -6.303000 -1.968000 1.387273
v -6.303000 -1.968000 1.305000
v -6.303000 -1.968000 1.222727
v -6.303000 -1.968000 1.140454
v -6.303000 -1.968000 1.058182
v -6.303000 -1.968000 0.975909
v -6.303000 -1.968000 0.893636
v -6.303000 -1.968000 0.811364
v -6.303000 -1.968000 0.729091
v -6.303000 -1.968000 0.646818
v -6.303000 -1.968000 0.564545
v -6.303000 -1.968000 0.482273
v -6.303000 -1.968000 0.400000
v -6.303000 -2.138399 2.304781
v -6.303000 -1.521926 2.484237
v -6.303000 -1.521926 2.304781
v -6.303000 -2.138399 0.330762
v -6.303000 -2.405143 2.210000
v -6.303000 -2.332286 2.210000
v -6.303000 -2.259429 2.210000
v -6.303000 -2.186572 2.210000
v -6.303000 -2.113715 2.210000
v -6.303000 -2.040857 2.210000
v -6.303000 -2.040857 0.400000
v -6.303000 -2.113715 0.400000
v -6.303000 -2.186572 0.400000
v -6.303000 -2.259429 0.400000
v -6.303000 -2.332286 0.400000
v -6.303000 -2.405143 0.400000
v -6.303000 -0.011200 0.000000
v -6.303000 0.585600 0.000000
v -6.303000 1.182400 0.000000
v -6.303000 1.779200 0.000000
v -6.303000 2.376000 0.000000
v -6.303000 2.972800 0.000000
v -6.303000 3.569600 0.000000
v -6.303000 4.166400 0.000000
v -6.303000 4.763200 0.000000
v -6.303000 5.360000 0.000000
v -6.303000 -5.116000 2.815000
v -6.303000 -5.116000 2.680952
v -6.303000 -5.116000 2.546905
v -6.303000 -5.116000 2.412857
v -6.303000 -5.116000 2.278810
v -6.303000 -5.116000 2.144762
v -6.303000 -5.116000 2.010714
v -6.303000 -5.116000 1.876667
v -6.303000 -5.116000 1.742619
v -6.303000 -5.116000 1.608572
v -6.303000 -5.116000 1.474524
v -6.303000 -5.116000 1.340476
v -6.303000 -5.116000 1.206429
v -6.303000 -5.116000 1.072381
v -6.303000 -5.116000 0.938333
v -6.303000 -5.116000 0.804286
v -6.303000 -5.116000 0.670238
v -6.303000 -5.116000 0.536191
v -6.303000 -5.116000 0.402143
v -6.303000 -5.116000 0.268095
v -6.303000 -5.116000 0.134048
v -6.303000 -5.116000 0.000000
v -6.303000 -4.398797 2.663693
v -6.303000 -4.809779 2.484237
v -6.303000 -4.809779 2.663693
v -6.303000 -4.398797 2.304781
v -6.303000 -4.809779 2.125325
v -6.303000 -4.809779 2.304781
v -6.303000 -4.398797 1.945869
v -6.303000 -4.809779 1.766412
v -6.303000 -4.809779 1.945869
v -6.303000 -4.398797 1.586956
v -6.303000 -4.809779 1.407500
v -6.303000 -4.809779 1.586956
v -6.303000 -4.398797 1.228044
v -6.303000 -4.809779 1.048587
v -6.303000 -4.809779 1.228044
v -6.303000 -4.398797 0.869131
v -6.303000 -4.809779 0.689675
v -6.303000 -4.809779 0.869131
v -6.303000 -4.398797 0.510219
v -6.303000 -4.809779 0.330762
v -6.303000 -4.809779 0.510219
v -6.303000 -4.398797 0.151306
v -6.303000 -4.809779 0.151306
v -6.303000 -4.533000 0.000000
v -6.303000 -3.950000 0.000000
v -6.303000 -3.367000 0.000000
v -6.303000 -2.784000 0.000000
v -6.303000 -2.201000 0.000000
v -6.303000 5.360000 0.402143
v -6.303000 5.360000 0.804286
v -6.303000 5.360000 1.206429
v -6.303000 5.360000 1.608572
v -6.303000 5.360000 2.010714
v -6.303000 5.360000 2.412857
v -6.303000 5.360000 2.815000
v -6.303000 5.098100 2.815000
v -6.303000 4.836200 2.815000
v -6.303000 4.574300 2.815000
v -6.303000 4.312400 2.815000
v -6.303000 4.050500 2.815000
v -6.303000 3.788600 2.815000
v -6.303000 3.526700 2.815000
v -6.303000 3.264800 2.815000
v -6.303000 3.002900 2.815000
v -6.303000 2.741000 2.815000
v -6.303000 2.479100 2.815000
v -6.303000 2.217200 2.815000
v -6.303000 1.955300 2.815000
v -6.303000 1.693400 2.815000
v -6.303000 1.431500 2.815000
v -6.303000 1.169600 2.815000
v -6.303000 0.907700 2.815000
v -6.303000 0.645800 2.815000
v -6.303000 0.383900 2.815000
v -6.303000 0.122000 2.815000
v -6.303000 -0.139900 2.815000
v -6.303000 -0.401800 2.815000
v -6.303000 -0.663700 2.815000
v -6.303000 -0.925600 2.815000
v -6.303000 -1.187500 2.815000
v -6.303000 -1.449400 2.815000
v -6.303000 -1.711300 2.815000
v -6.303000 -1.973200 2.815000
v -6.303000 -2.235100 2.815000
v -6.303000 -2.497000 2.815000
v -6.303000 -2.758900 2.815000
v -6.303000 -3.020800 2.815000
v -6.303000 -3.282700 2.815000
v -6.303000 -3.544600 2.815000
v -6.303000 -3.806500 2.815000
v -6.303000 -4.068400 2.815000
v -6.303000 -4.330300 2.815000
v -6.303000 -4.592200 2.815000
v -6.303000 -4.854100 2.815000
v -6.303000 -1.932908 1.048587
v -6.303000 -1.932908 1.407500
v -6.303000 -1.932908 1.766412
v -6.303000 -1.932908 2.125325
v -6.303000 5.360000 2.815000
v -6.303000 5.360000 2.874000
v -6.303000 4.312400 2.815000
v -6.303000 3.264800 2.815000
v -6.303000 3.264800 2.874000
v -6.303000 1.169600 2.815000
v -6.303000 1.169600 2.874000
v -6.303000 0.122000 2.874000
v -6.303000 -1.973200 2.874000
v -6.303000 -3.020800 2.815000
v -6.303000 -3.020800 2.874000
v -6.303000 -4.068400 2.815000
v -6.303000 -4.068400 2.874000
v -6.303000 -5.116000 2.815000
v -6.303000 -5.116000 2.874000
v -6.303000 5.098100 2.815000
v -6.303000 4.836200 2.815000
v -6.303000 4.574300 2.815000
v -6.303000 4.050500 2.815000
v -6.303000 3.788600 2.815000
v -6.303000 3.526700 2.815000
v -6.303000 3.002900 2.815000
v -6.303000 2.741000 2.815000
v -6.303000 2.479100 2.815000
v -6.303000 2.217200 2.815000
v -6.303000 1.955300 2.815000
v -6.303000 1.693400 2.815000
v -6.303000 1.431500 2.815000
v -6.303000 0.907700 2.815000
v -6.303000 0.645800 2.815000
v -6.303000 0.383900 2.815000
v -6.303000 0.122000 2.815000
v -6.303000 -0.139900 2.815000
v -6.303000 -0.401800 2.815000
v -6.303000 -0.663700 2.815000
v -6.303000 -0.925600 2.815000
v -6.303000 -1.187500 2.815000
v -6.303000 -1.449400 2.815000
v -6.303000 -1.711300 2.815000
v -6.303000 -1.973200 2.815000
v -6.303000 -2.235100 2.815000
v -6.303000 -2.497000 2.815000
v -6.303000 -2.758900 2.815000
v -6.303000 -3.282700 2.815000
v -6.303000 -3.544600 2.815000
v -6.303000 -3.806500 2.815000
v -6.303000 -4.330300 2.815000
v -6.303000 -4.592200 2.815000
v -6.303000 -4.854100 2.815000
v -6.303000 -4.854100 2.874000
v -6.303000 -4.592200 2.874000
v -6.303000 -4.330300 2.874000
v -6.303000 -3.806500 2.874000
v -6.303000 -3.544600 2.874000
v -6.303000 -3.282700 2.874000
v -6.303000 -2.758900 2.874000
v -6.303000 -2.497000 2.874000
v -6.303000 -2.235100 2.874000
v -6.303000 -1.711300 2.874000
v -6.303000 -1.449400 2.874000
v -6.303000 -1.187500 2.874000
v -6.303000 -0.925600 2.874000
v -6.303000 -0.663700 2.874000
v -6.303000 -0.401800 2.874000
v -6.303000 -0.139900 2.874000
v -6.303000 0.383900 2.874000
v -6.303000 0.645800 2.874000
v -6.303000 0.907700 2.874000
v -6.303000 1.431500 2.874000
v -6.303000 1.693400 2.874000
v -6.303000 1.955300 2.874000
v -6.303000 2.217200 2.874000
v -6.303000 2.479100 2.874000
v -6.303000 2.741000 2.874000
v -6.303000 3.002900 2.874000
v -6.303000 3.526700 2.874000
v -6.303000 3.788600 2.874000
v -6.303000 4.050500 2.874000
v -6.303000 4.312400 2.874000
v -6.303000 4.574300 2.874000
v -6.303000 4.836200 2.874000
v -6.303000 5.098100 2.874000
v -5.403199 -5.147000 2.484237
v -5.403199 -5.147000 2.125325
v -5.403199 -5.147000 1.766412
v -5.403199 -5.147000 1.407500
v -5.403199 -5.147000 1.048587
v -5.403199 -5.147000 0.689675
v -5.403199 -5.147000 0.330762
v -4.400617 -5.147000 2.484237
v -4.400617 -5.147000 1.407500
v -4.400617 -5.147000 1.048587
v -4.400617 -5.147000 0.689675
v -4.400617 -5.147000 0.330762
v -3.398036 -5.147000 2.484237
v -3.398036 -5.147000 1.407500
v -3.398036 -5.147000 1.048587
v -3.398036 -5.147000 0.689675
v -3.398036 -5.147000 0.330762
v -2.395453 -5.147000 2.484237
v -2.395453 -5.147000 1.407500
v -2.395453 -5.147000 1.048587
v -2.395453 -5.147000 0.689675
v -2.395453 -5.147000 0.330762
v -1.392873 -5.147000 2.484237
v -1.392873 -5.147000 1.407500
v -1.392873 -5.147000 1.048587
v -1.392873 -5.147000 0.689675
v -1.392873 -5.147000 0.330762
v -0.390290 -5.147000 2.484237
v -0.390290 -5.147000 2.125325
v -0.390290 -5.147000 1.766412
v -0.390290 -5.147000 1.407500
v -0.390290 -5.147000 1.048587
v -0.390290 -5.147000 0.689675
v -0.390290 -5.147000 0.330762
v 0.612290 -5.147000 2.484237
v 0.612290 -5.147000 2.125325
v 0.612290 -5.147000 1.766412
v 0.612290 -5.147000 1.407500
v 0.612290 -5.147000 1.048587
v 0.612290 -5.147000 0.689675
v 0.612290 -5.147000 0.330762
v 2.617454 -5.147000 2.484237
v 2.617454 -5.147000 1.766412
v 2.617454 -5.147000 1.407500
v 2.617454 -5.147000 0.689675
v 3.620036 -5.147000 2.484237
v 3.620036 -5.147000 2.125325
v 3.620036 -5.147000 1.766412
v 3.620036 -5.147000 1.407500
v 3.620036 -5.147000 1.048587
v 3.620036 -5.147000 0.689675
v 3.620036 -5.147000 0.330762
v 4.622615 -5.147000 2.484237
v 4.622615 -5.147000 0.330762
v 5.625197 -5.147000 2.484237
v 5.625197 -5.147000 0.330762
v -4.248000 -5.147000 2.110000
v -4.332168 -5.147000 2.110000
v -4.416333 -5.147000 2.110000
v -4.500501 -5.147000 2.110000
v -4.584666 -5.147000 2.110000
v -4.668834 -5.147000 2.110000
v -4.752999 -5.147000 2.110000
v -4.837167 -5.147000 2.110000
v -4.921334 -5.147000 2.110000
v -5.005500 -5.147000 2.110000
v -5.089667 -5.147000 2.110000
v -5.173833 -5.147000 2.110000
v -5.258000 -5.147000 2.110000
v -3.899327 -5.147000 1.766412
v -3.899327 -5.147000 2.125325
v -3.899327 -5.147000 1.945869
v -3.899327 -5.147000 2.035597
v -4.149972 -5.147000 1.945869
v -4.149972 -5.147000 2.125325
v -4.149972 -5.147000 2.035597
v -5.403199 -5.147000 1.945869
v -3.398036 -5.147000 2.304781
v -4.400617 -5.147000 2.304781
v -3.899327 -5.147000 2.484237
v -3.899327 -5.147000 2.304781
v -5.403199 -5.147000 2.304781
v -4.901908 -5.147000 2.484237
v -4.901908 -5.147000 2.304781
v -5.403199 -5.147000 2.035597
v -5.904489 -5.147000 1.766412
v -5.904489 -5.147000 2.125325
v -5.904489 -5.147000 1.945869
v -5.258000 -5.147000 1.600000
v -5.173833 -5.147000 1.600000
v -5.089667 -5.147000 1.600000
v -5.005500 -5.147000 1.600000
v -4.921334 -5.147000 1.600000
v -4.837167 -5.147000 1.600000
v -4.752999 -5.147000 1.600000
v -4.668834 -5.147000 1.600000
v -4.584666 -5.147000 1.600000
v -4.500501 -5.147000 1.600000
v -4.416333 -5.147000 1.600000
v -4.332168 -5.147000 1.600000
v -4.248000 -5.147000 1.600000
v -4.901908 -5.147000 1.407500
v -5.403199 -5.147000 1.586956
v -5.403199 -5.147000 1.676684
v -5.904489 -5.147000 1.407500
v -5.904489 -5.147000 1.586956
v -3.899327 -5.147000 1.407500
v -3.899327 -5.147000 1.586956
v -3.899327 -5.147000 1.676684
v -4.149972 -5.147000 1.586956
v -4.149972 -5.147000 1.766412
v -4.149972 -5.147000 1.676684
v -0.613000 -5.147000 2.110000
v -0.697167 -5.147000 2.110000
v -0.781333 -5.147000 2.110000
v -0.865500 -5.147000 2.110000
v -0.949666 -5.147000 2.110000
v -1.033834 -5.147000 2.110000
v -1.118001 -5.147000 2.110000
v -1.202167 -5.147000 2.110000
v -1.286334 -5.147000 2.110000
v -1.370500 -5.147000 2.110000
v -1.454667 -5.147000 2.110000
v -1.538833 -5.147000 2.110000
v -1.623000 -5.147000 2.110000
v -0.390290 -5.147000 1.945869
v -0.390290 -5.147000 2.035597
v -0.390290 -5.147000 2.304781
v -1.392873 -5.147000 2.304781
v -0.891582 -5.147000 2.484237
v -0.891582 -5.147000 2.304781
v 0.612290 -5.147000 1.945869
v 0.110999 -5.147000 1.766412
v 0.110999 -5.147000 2.125325
v 0.110999 -5.147000 1.945869
v -1.894164 -5.147000 2.125325
v -2.395453 -5.147000 2.304781
v -1.894164 -5.147000 2.484237
v -1.894164 -5.147000 2.304781
v -1.623000 -5.147000 1.600000
v -1.538833 -5.147000 1.600000
v -1.454667 -5.147000 1.600000
v -1.370500 -5.147000 1.600000
v -1.286334 -5.147000 1.600000
v -1.202167 -5.147000 1.600000
v -1.118001 -5.147000 1.600000
v -1.033834 -5.147000 1.600000
v -0.949666 -5.147000 1.600000
v -0.865500 -5.147000 1.600000
v -0.781333 -5.147000 1.600000
v -0.697167 -5.147000 1.600000
v -0.613000 -5.147000 1.600000
v -1.894164 -5.147000 1.407500
v -1.894164 -5.147000 1.586956
v -0.390290 -5.147000 1.586956
v -0.891582 -5.147000 1.407500
v -0.390290 -5.147000 1.676684
v 0.612290 -5.147000 1.586956
v 0.110999 -5.147000 1.407500
v 0.110999 -5.147000 1.586956
v -2.438001 -5.147000 2.110000
v -2.522166 -5.147000 2.110000
v -2.606334 -5.147000 2.110000
v -2.690499 -5.147000 2.110000
v -2.774667 -5.147000 2.110000
v -2.858834 -5.147000 2.110000
v -2.943000 -5.147000 2.110000
v -3.027167 -5.147000 2.110000
v -3.111333 -5.147000 2.110000
v -3.195500 -5.147000 2.110000
v -3.279666 -5.147000 2.110000
v -3.363833 -5.147000 2.110000
v -3.448001 -5.147000 2.110000
v -2.896745 -5.147000 2.484237
v -2.896745 -5.147000 2.304781
v -3.648681 -5.147000 1.945869
v -3.648681 -5.147000 2.125325
v -3.648681 -5.147000 2.035597
v -3.448001 -5.147000 1.600000
v -3.363833 -5.147000 1.600000
v -3.279666 -5.147000 1.600000
v -3.195500 -5.147000 1.600000
v -3.111333 -5.147000 1.600000
v -3.027167 -5.147000 1.600000
v -2.943000 -5.147000 1.600000
v -2.858834 -5.147000 1.600000
v -2.774667 -5.147000 1.600000
v -2.690499 -5.147000 1.600000
v -2.606334 -5.147000 1.600000
v -2.522166 -5.147000 1.600000
v -2.438001 -5.147000 1.600000
v -3.648681 -5.147000 1.586956
v -3.648681 -5.147000 1.766412
v -3.648681 -5.147000 1.676684
v -2.896745 -5.147000 1.407500
v -3.448001 -5.147000 2.037143
v -3.448001 -5.147000 1.964285
v -3.448001 -5.147000 1.891429
v -3.448001 -5.147000 1.818571
v -3.448001 -5.147000 1.745714
v -3.448001 -5.147000 1.672857
v -3.899327 -5.147000 1.856141
v -3.648681 -5.147000 1.856141
v -2.438001 -5.147000 1.672857
v -2.438001 -5.147000 1.745714
v -2.438001 -5.147000 1.818571
v -2.438001 -5.147000 1.891429
v -2.438001 -5.147000 1.964285
v -2.438001 -5.147000 2.037143
v -5.258000 -5.147000 2.037143
v -5.258000 -5.147000 1.964285
v -5.258000 -5.147000 1.891429
v -5.258000 -5.147000 1.818571
v -5.258000 -5.147000 1.745714
v -5.258000 -5.147000 1.672857
v -5.403199 -5.147000 1.856141
v -4.248000 -5.147000 1.672857
v -4.248000 -5.147000 1.745714
v -4.248000 -5.147000 1.818571
v -4.248000 -5.147000 1.891429
v -4.248000 -5.147000 1.964285
v -4.248000 -5.147000 2.037143
v -4.149972 -5.147000 1.856141
v -1.623000 -5.147000 2.037143
v -1.623000 -5.147000 1.964285
v -1.623000 -5.147000 1.891429
v -1.623000 -5.147000 1.818571
v -1.623000 -5.147000 1.745714
v -1.623000 -5.147000 1.672857
v -0.613000 -5.147000 1.672857
v -0.613000 -5.147000 1.745714
v -0.613000 -5.147000 1.818571
v -0.613000 -5.147000 1.891429
v -0.613000 -5.147000 1.964285
v -0.613000 -5.147000 2.037143
v -0.390290 -5.147000 1.856141
v 2.431998 -5.147000 0.000000
v 2.431998 -5.147000 0.527500
v 2.431998 -5.147000 1.055000
v 2.431998 -5.147000 1.582500
v 2.431998 -5.147000 2.110000
v 1.422000 -5.147000 2.110000
v 1.422000 -5.147000 1.582500
v 1.422000 -5.147000 1.055000
v 1.422000 -5.147000 0.527500
v 1.422000 -5.147000 0.000000
v 2.095334 -5.147000 2.110000
v 1.758666 -5.147000 2.110000
v 4.482001 -5.147000 0.400000
v 4.554858 -5.147000 0.400000
v 4.627715 -5.147000 0.400000
v 4.700572 -5.147000 0.400000
v 4.773429 -5.147000 0.400000
v 4.846286 -5.147000 0.400000
v 4.919143 -5.147000 0.400000
v 4.992000 -5.147000 0.400000
v 4.121325 -5.147000 0.330762
v 3.620036 -5.147000 0.510219
v 4.121325 -5.147000 0.689675
v 4.121325 -5.147000 0.510219
v 4.371970 -5.147000 0.330762
v 4.121325 -5.147000 0.420491
v 4.371970 -5.147000 0.510219
v 4.371970 -5.147000 0.420491
v 5.123908 -5.147000 0.330762
v 4.622615 -5.147000 0.151306
v 3.620036 -5.147000 0.151306
v 4.121325 -5.147000 0.151306
v 4.873263 -5.147000 0.330762
v 5.625197 -5.147000 0.151306
v 5.123908 -5.147000 0.151306
v 4.992000 -5.147000 2.210000
v 4.919143 -5.147000 2.210000
v 4.846286 -5.147000 2.210000
v 4.773429 -5.147000 2.210000
v 4.700572 -5.147000 2.210000
v 4.627715 -5.147000 2.210000
v 4.554858 -5.147000 2.210000
v 4.482001 -5.147000 2.210000
v 5.625197 -5.147000 2.304781
v 4.622615 -5.147000 2.304781
v 5.123908 -5.147000 2.484237
v 5.123908 -5.147000 2.304781
v 5.123908 -5.147000 2.215053
v 4.873263 -5.147000 2.304781
v 4.121325 -5.147000 2.125325
v 3.620036 -5.147000 2.304781
v 4.121325 -5.147000 2.484237
v 4.121325 -5.147000 2.304781
v 4.371970 -5.147000 2.125325
v 4.121325 -5.147000 2.215053
v 4.371970 -5.147000 2.304781
v 4.371970 -5.147000 2.215053
v 4.121325 -5.147000 1.766412
v 3.620036 -5.147000 1.945869
v 4.121325 -5.147000 1.945869
v 4.482001 -5.147000 2.127727
v 4.482001 -5.147000 2.045455
v 4.482001 -5.147000 1.963182
v 4.482001 -5.147000 1.880909
v 4.482001 -5.147000 1.798636
v 4.482001 -5.147000 1.716363
v 4.482001 -5.147000 1.634091
v 4.482001 -5.147000 1.551818
v 4.482001 -5.147000 1.469545
v 4.482001 -5.147000 1.387273
v 4.482001 -5.147000 1.305000
v 4.482001 -5.147000 1.222727
v 4.482001 -5.147000 1.140454
v 4.482001 -5.147000 1.058182
v 4.482001 -5.147000 0.975909
v 4.482001 -5.147000 0.893636
v 4.482001 -5.147000 0.811364
v 4.482001 -5.147000 0.729091
v 4.482001 -5.147000 0.646818
v 4.482001 -5.147000 0.564545
v 4.482001 -5.147000 0.482273
v 4.371970 -5.147000 1.945869
v 4.121325 -5.147000 2.035597
v 4.371970 -5.147000 2.035597
v 4.371970 -5.147000 1.766412
v 4.121325 -5.147000 1.856141
v 4.371970 -5.147000 1.856141
v 4.121325 -5.147000 1.407500
v 3.620036 -5.147000 1.586956
v 4.121325 -5.147000 1.586956
v 4.371970 -5.147000 1.586956
v 4.121325 -5.147000 1.676684
v 4.371970 -5.147000 1.676684
v 4.371970 -5.147000 1.407500
v 4.121325 -5.147000 1.497228
v 4.371970 -5.147000 1.497228
v 4.121325 -5.147000 1.048587
v 3.620036 -5.147000 1.228044
v 4.121325 -5.147000 1.228044
v 4.371970 -5.147000 1.228044
v 4.121325 -5.147000 1.317772
v 4.371970 -5.147000 1.317772
v 4.371970 -5.147000 1.048587
v 4.121325 -5.147000 1.138316
v 4.371970 -5.147000 1.138316
v 3.620036 -5.147000 0.869131
v 4.121325 -5.147000 0.869131
v 4.371970 -5.147000 0.869131
v 4.121325 -5.147000 0.958859
v 4.371970 -5.147000 0.958859
v 4.371970 -5.147000 0.689675
v 4.121325 -5.147000 0.779403
v 4.371970 -5.147000 0.779403
v 4.121325 -5.147000 0.599947
v 4.371970 -5.147000 0.599947
v 4.992000 -5.147000 0.482273
v 4.992000 -5.147000 0.564545
v 4.992000 -5.147000 0.646818
v 4.992000 -5.147000 0.729091
v 4.992000 -5.147000 0.811364
v 4.992000 -5.147000 0.893636
v 4.992000 -5.147000 0.975909
v 4.992000 -5.147000 1.058182
v 4.992000 -5.147000 1.140454
v 4.992000 -5.147000 1.222727
v 4.992000 -5.147000 1.305000
v 4.992000 -5.147000 1.387273
v 4.992000 -5.147000 1.469545
v 4.992000 -5.147000 1.551818
v 4.992000 -5.147000 1.634091
v 4.992000 -5.147000 1.716363
v 4.992000 -5.147000 1.798636
v 4.992000 -5.147000 1.880909
v 4.992000 -5.147000 1.963182
v 4.992000 -5.147000 2.045455
v 4.992000 -5.147000 2.127727
v 5.392001 -5.147000 0.400000
v 5.464858 -5.147000 0.400000
v 5.537715 -5.147000 0.400000
v 5.610572 -5.147000 0.400000
v 5.683429 -5.147000 0.400000
v 5.756286 -5.147000 0.400000
v 5.829143 -5.147000 0.400000
v 5.901999 -5.147000 0.400000
v 5.374553 -5.147000 0.330762
v 6.126491 -5.147000 0.330762
v 5.875842 -5.147000 0.330762
v 6.126491 -5.147000 0.151306
v 5.901999 -5.147000 2.210000
v 5.829143 -5.147000 2.210000
v 5.756286 -5.147000 2.210000
v 5.683429 -5.147000 2.210000
v 5.610572 -5.147000 2.210000
v 5.537715 -5.147000 2.210000
v 5.464858 -5.147000 2.210000
v 5.392001 -5.147000 2.210000
v 6.126491 -5.147000 2.484237
v 6.126491 -5.147000 2.304781
v 5.875842 -5.147000 2.304781
v 5.374553 -5.147000 2.304781
v 5.392001 -5.147000 2.127727
v 5.392001 -5.147000 2.045455
v 5.392001 -5.147000 1.963182
v 5.392001 -5.147000 1.880909
v 5.392001 -5.147000 1.798636
v 5.392001 -5.147000 1.716363
v 5.392001 -5.147000 1.634091
v 5.392001 -5.147000 1.551818
v 5.392001 -5.147000 1.469545
v 5.392001 -5.147000 1.387273
v 5.392001 -5.147000 1.305000
v 5.392001 -5.147000 1.222727
v 5.392001 -5.147000 1.140454
v 5.392001 -5.147000 1.058182
v 5.392001 -5.147000 0.975909
v 5.392001 -5.147000 0.893636
v 5.392001 -5.147000 0.811364
v 5.392001 -5.147000 0.729091
v 5.392001 -5.147000 0.646818
v 5.392001 -5.147000 0.564545
v 5.392001 -5.147000 0.482273
v 5.901999 -5.147000 0.482273
v 5.901999 -5.147000 0.564545
v 5.901999 -5.147000 0.646818
v 5.901999 -5.147000 0.729091
v 5.901999 -5.147000 0.811364
v 5.901999 -5.147000 0.893636
v 5.901999 -5.147000 0.975909
v 5.901999 -5.147000 1.058182
v 5.901999 -5.147000 1.140454
v 5.901999 -5.147000 1.222727
v 5.901999 -5.147000 1.305000
v 5.901999 -5.147000 1.387273
v 5.901999 -5.147000 1.469545
v 5.901999 -5.147000 1.551818
v 5.901999 -5.147000 1.634091
v 5.901999 -5.147000 1.716363
v 5.901999 -5.147000 1.798636
v 5.901999 -5.147000 1.880909
v 5.901999 -5.147000 1.963182
v 5.901999 -5.147000 2.045455
v 5.901999 -5.147000 2.127727
v 6.499999 -5.147000 0.000000
v 5.822001 -5.147000 0.000000
v 5.144000 -5.147000 0.000000
v 4.465999 -5.147000 0.000000
v 3.788001 -5.147000 0.000000
v 3.110000 -5.147000 0.000000
v 6.499999 -5.147000 2.815000
v 6.499999 -5.147000 2.252000
v 6.499999 -5.147000 1.689000
v 6.499999 -5.147000 1.126000
v 6.499999 -5.147000 0.563000
v 0.721999 -5.147000 0.000000
v 0.022000 -5.147000 0.000000
v -0.678000 -5.147000 0.000000
v -1.377999 -5.147000 0.000000
v -2.078000 -5.147000 0.000000
v -2.778001 -5.147000 0.000000
v -3.478000 -5.147000 0.000000
v -4.178000 -5.147000 0.000000
v -4.877999 -5.147000 0.000000
v -5.578000 -5.147000 0.000000
v -6.278001 -5.147000 0.000000
v -6.278001 -5.147000 0.104259
v -6.278001 -5.147000 0.208519
v -6.278001 -5.147000 0.312778
v -6.278001 -5.147000 0.417037
v -6.278001 -5.147000 0.521296
v -6.278001 -5.147000 0.625556
v -6.278001 -5.147000 0.729815
v -6.278001 -5.147000 0.834074
v -6.278001 -5.147000 0.938333
v -6.278001 -5.147000 1.042593
v -6.278001 -5.147000 1.146852
v -6.278001 -5.147000 1.251111
v -6.278001 -5.147000 1.355370
v -6.278001 -5.147000 1.459630
v -6.278001 -5.147000 1.563889
v -6.278001 -5.147000 1.668148
v -6.278001 -5.147000 1.772407
v -6.278001 -5.147000 1.876667
v -6.278001 -5.147000 1.980926
v -6.278001 -5.147000 2.085185
v -6.278001 -5.147000 2.189445
v -6.278001 -5.147000 2.293704
v -6.278001 -5.147000 2.397963
v -6.278001 -5.147000 2.502222
v -6.278001 -5.147000 2.606482
v -6.278001 -5.147000 2.710741
v -6.278001 -5.147000 2.815000
v -5.403199 -5.147000 0.151306
v -5.904489 -5.147000 0.330762
v -5.904489 -5.147000 0.151306
v -5.904489 -5.147000 0.061578
v -6.155135 -5.147000 0.151306
v -6.155135 -5.147000 0.061578
v -5.904489 -5.147000 0.241034
v -6.155135 -5.147000 0.330762
v -6.155135 -5.147000 0.241034
v -5.403199 -5.147000 0.510219
v -5.904489 -5.147000 0.689675
v -5.904489 -5.147000 0.510219
v -5.904489 -5.147000 0.420491
v -6.155135 -5.147000 0.510219
v -6.155135 -5.147000 0.420491
v -5.904489 -5.147000 0.599947
v -6.155135 -5.147000 0.689675
v -6.155135 -5.147000 0.599947
v -5.403199 -5.147000 0.869131
v -5.904489 -5.147000 1.048587
v -5.904489 -5.147000 0.869131
v -5.904489 -5.147000 0.779403
v -6.155135 -5.147000 0.869131
v -6.155135 -5.147000 0.779403
v -5.904489 -5.147000 0.958859
v -6.155135 -5.147000 1.048587
v -6.155135 -5.147000 0.958859
v -5.403199 -5.147000 1.228044
v -5.904489 -5.147000 1.228044
v -5.904489 -5.147000 1.138316
v -6.155135 -5.147000 1.228044
v -6.155135 -5.147000 1.138316
v -5.904489 -5.147000 1.317772
v -6.155135 -5.147000 1.407500
v -6.155135 -5.147000 1.317772
v -5.904489 -5.147000 1.497228
v -6.155135 -5.147000 1.586956
v -6.155135 -5.147000 1.497228
v -5.904489 -5.147000 1.676684
v -6.155135 -5.147000 1.766412
v -6.155135 -5.147000 1.676684
v -5.904489 -5.147000 1.856141
v -6.155135 -5.147000 1.945869
v -6.155135 -5.147000 1.856141
v -5.904489 -5.147000 2.035597
v -6.155135 -5.147000 2.125325
v -6.155135 -5.147000 2.035597
v -5.904489 -5.147000 2.484237
v -5.904489 -5.147000 2.304781
v -5.904489 -5.147000 2.215053
v -6.155135 -5.147000 2.304781
v -6.155135 -5.147000 2.215053
v -5.904489 -5.147000 2.394509
v -6.155135 -5.147000 2.484237
v -6.155135 -5.147000 2.394509
v -5.403199 -5.147000 2.663693
v -5.904489 -5.147000 2.663693
v -5.904489 -5.147000 2.573966
v -6.155135 -5.147000 2.663693
v -6.155135 -5.147000 2.573966
v -5.904489 -5.147000 2.753422
v -6.155135 -5.147000 2.753422
v -5.973762 -5.147000 2.815000
v -5.669524 -5.147000 2.815000
v -5.365287 -5.147000 2.815000
v -5.061048 -5.147000 2.815000
v -4.756810 -5.147000 2.815000
v -4.452571 -5.147000 2.815000
v -4.148334 -5.147000 2.815000
v -3.844096 -5.147000 2.815000
v -3.539857 -5.147000 2.815000
v -3.235620 -5.147000 2.815000
v -2.931380 -5.147000 2.815000
v -2.627143 -5.147000 2.815000
v -2.322906 -5.147000 2.815000
v -2.018666 -5.147000 2.815000
v -1.714429 -5.147000 2.815000
v -1.410192 -5.147000 2.815000
v -1.105952 -5.147000 2.815000
v -0.801715 -5.147000 2.815000
v -0.497476 -5.147000 2.815000
v -0.193238 -5.147000 2.815000
v 0.110999 -5.147000 2.815000
v 0.415238 -5.147000 2.815000
v 0.719476 -5.147000 2.815000
v 1.023713 -5.147000 2.815000
v 1.327952 -5.147000 2.815000
v 1.632190 -5.147000 2.815000
v 1.936429 -5.147000 2.815000
v 2.240666 -5.147000 2.815000
v 2.544906 -5.147000 2.815000
v 2.849143 -5.147000 2.815000
v 3.153380 -5.147000 2.815000
v 3.457618 -5.147000 2.815000
v 3.761855 -5.147000 2.815000
v 4.066096 -5.147000 2.815000
v 4.370334 -5.147000 2.815000
v 4.674571 -5.147000 2.815000
v 4.978808 -5.147000 2.815000
v 5.283046 -5.147000 2.815000
v 5.587287 -5.147000 2.815000
v 5.891524 -5.147000 2.815000
v 6.195762 -5.147000 2.815000
v -2.395453 -5.147000 1.766412
v 2.617454 -5.147000 2.125325
v 6.499999 -5.147000 2.815000
v 6.499999 -5.147000 2.884000
v -6.278001 -5.147000 2.815000
v -6.278001 -5.147000 2.884000
v 6.195762 -5.147000 2.815000
v 5.891524 -5.147000 2.815000
v 5.587287 -5.147000 2.815000
v 5.283046 -5.147000 2.815000
v 4.978808 -5.147000 2.815000
v 4.674571 -5.147000 2.815000
v 4.370334 -5.147000 2.815000
v 4.066096 -5.147000 2.815000
v 3.761855 -5.147000 2.815000
v 3.457618 -5.147000 2.815000
v 3.153380 -5.147000 2.815000
v 2.849143 -5.147000 2.815000
v 2.544906 -5.147000 2.815000
v 2.240666 -5.147000 2.815000
v 1.936429 -5.147000 2.815000
v 1.632190 -5.147000 2.815000
v 1.327952 -5.147000 2.815000
v 1.023713 -5.147000 2.815000
v 0.719476 -5.147000 2.815000
v 0.415238 -5.147000 2.815000
v 0.110999 -5.147000 2.815000
v -0.193238 -5.147000 2.815000
v -0.497476 -5.147000 2.815000
v -0.801715 -5.147000 2.815000
v -1.105952 -5.147000 2.815000
v -1.410192 -5.147000 2.815000
v -1.714429 -5.147000 2.815000
v -2.018666 -5.147000 2.815000
v -2.322906 -5.147000 2.815000
v -2.627143 -5.147000 2.815000
v -2.931380 -5.147000 2.815000
v -3.235620 -5.147000 2.815000
v -3.539857 -5.147000 2.815000
v -3.844096 -5.147000 2.815000
v -4.148334 -5.147000 2.815000
v -4.452571 -5.147000 2.815000
v -4.756810 -5.147000 2.815000
v -5.061048 -5.147000 2.815000
v -5.365287 -5.147000 2.815000
v -5.669524 -5.147000 2.815000
v -5.973762 -5.147000 2.815000
v -5.973762 -5.147000 2.884000
v -5.669524 -5.147000 2.884000
v -5.365287 -5.147000 2.884000
v -5.061048 -5.147000 2.884000
v -4.756810 -5.147000 2.884000
v -4.452571 -5.147000 2.884000
v -4.148334 -5.147000 2.884000
v -3.844096 -5.147000 2.884000
v -3.539857 -5.147000 2.884000
v -3.235620 -5.147000 2.884000
v -2.931380 -5.147000 2.884000
v -2.627143 -5.147000 2.884000
v -2.322906 -5.147000 2.884000
v -2.018666 -5.147000 2.884000
v -1.714429 -5.147000 2.884000
v -1.410192 -5.147000 2.884000
v -1.105952 -5.147000 2.884000
v -0.801715 -5.147000 2.884000
v -0.497476 -5.147000 2.884000
v -0.193238 -5.147000 2.884000
v 0.110999 -5.147000 2.884000
v 0.415238 -5.147000 2.884000
v 0.719476 -5.147000 2.884000
v 1.023713 -5.147000 2.884000
v 1.327952 -5.147000 2.884000
v 1.632190 -5.147000 2.884000
v 1.936429 -5.147000 2.884000
v 2.240666 -5.147000 2.884000
v 2.544906 -5.147000 2.884000
v 2.849143 -5.147000 2.884000
v 3.153380 -5.147000 2.884000
v 3.457618 -5.147000 2.884000
v 3.761855 -5.147000 2.884000
v 4.066096 -5.147000 2.884000
v 4.370334 -5.147000 2.884000
v 4.674571 -5.147000 2.884000
v 4.978808 -5.147000 2.884000
v 5.283046 -5.147000 2.884000
v 5.587287 -5.147000 2.884000
v 5.891524 -5.147000 2.884000
v 6.195762 -5.147000 2.884000
v 1.314286 0.613000 0.382036
v 1.314286 0.613000 0.792222
v 1.314286 0.613000 1.202407
v 1.314286 0.613000 1.612593
v 1.314286 0.613000 2.022779
v 1.314286 0.613000 2.432964
v 2.188571 0.613000 0.382036
v 2.188571 0.613000 0.792222
v 2.188571 0.613000 1.202407
v 2.188571 0.613000 2.432964
v 3.062858 0.613000 0.382036
v 3.062858 0.613000 0.792222
v 3.062858 0.613000 1.202407
v 3.062858 0.613000 1.612593
v 3.062858 0.613000 2.022779
v 3.062858 0.613000 2.432964
v 3.937144 0.613000 0.382036
v 3.937144 0.613000 0.792222
v 3.937144 0.613000 1.202407
v 3.937144 0.613000 1.612593
v 3.937144 0.613000 2.022779
v 3.937144 0.613000 2.432964
v 1.612000 0.613000 2.110000
v 1.696166 0.613000 2.110000
v 1.780334 0.613000 2.110000
v 1.864499 0.613000 2.110000
v 1.948667 0.613000 2.110000
v 2.032834 0.613000 2.110000
v 2.117000 0.613000 2.110000
v 2.201167 0.613000 2.110000
v 2.285333 0.613000 2.110000
v 2.369500 0.613000 2.110000
v 2.453666 0.613000 2.110000
v 2.537833 0.613000 2.110000
v 2.622001 0.613000 2.110000
v 2.188571 0.613000 2.227871
v 1.751428 0.613000 2.432964
v 1.314286 0.613000 2.227871
v 1.751428 0.613000 2.227871
v 1.532857 0.613000 2.227871
v 1.314286 0.613000 2.125325
v 1.532857 0.613000 2.022779
v 1.532857 0.613000 2.125325
v 0.877143 0.613000 2.432964
v 0.877143 0.613000 2.022779
v 0.877143 0.613000 2.227871
v 1.314286 0.613000 1.817686
v 1.970000 0.613000 2.227871
v 3.062858 0.613000 2.227871
v 2.625712 0.613000 2.432964
v 2.625712 0.613000 2.227871
v 2.407142 0.613000 2.227871
v 3.062858 0.613000 1.817686
v 2.622001 0.613000 1.600000
v 2.537833 0.613000 1.600000
v 2.453666 0.613000 1.600000
v 2.369500 0.613000 1.600000
v 2.285333 0.613000 1.600000
v 2.201167 0.613000 1.600000
v 2.117000 0.613000 1.600000
v 2.032834 0.613000 1.600000
v 1.948667 0.613000 1.600000
v 1.864499 0.613000 1.600000
v 1.780334 0.613000 1.600000
v 1.696166 0.613000 1.600000
v 1.612000 0.613000 1.600000
v 3.062858 0.613000 1.407500
v 2.188571 0.613000 1.407500
v 2.625712 0.613000 1.202407
v 2.625712 0.613000 1.407500
v 2.625712 0.613000 1.510047
v 2.188571 0.613000 1.510047
v 2.407142 0.613000 1.407500
v 2.407142 0.613000 1.510047
v 1.314286 0.613000 1.407500
v 1.751428 0.613000 1.202407
v 1.751428 0.613000 1.407500
v 1.751428 0.613000 1.510047
v 1.970000 0.613000 1.407500
v 1.970000 0.613000 1.510047
v 1.532857 0.613000 1.612593
v 1.314286 0.613000 1.510047
v 1.532857 0.613000 1.407500
v 1.532857 0.613000 1.510047
v 0.877143 0.613000 1.612593
v 0.877143 0.613000 1.202407
v 0.877143 0.613000 1.407500
v 2.622001 0.613000 2.037143
v 2.622001 0.613000 1.964285
v 2.622001 0.613000 1.891429
v 2.622001 0.613000 1.818571
v 2.622001 0.613000 1.745714
v 2.622001 0.613000 1.672857
v 1.612000 0.613000 1.672857
v 1.612000 0.613000 1.745714
v 1.612000 0.613000 1.818571
v 1.612000 0.613000 1.891429
v 1.612000 0.613000 1.964285
v 1.612000 0.613000 2.037143
v 1.532857 0.613000 1.817686
v 1.314286 0.613000 1.715139
v 1.532857 0.613000 1.715139
v 0.877143 0.613000 1.817686
v 1.314286 0.613000 1.920232
v 1.532857 0.613000 1.920232
v 4.422000 0.613000 2.110000
v 4.758666 0.613000 2.110000
v 5.095332 0.613000 2.110000
v 5.431998 0.613000 2.110000
v 4.422000 0.613000 0.000000
v 4.422000 0.613000 0.527500
v 4.422000 0.613000 1.055000
v 4.422000 0.613000 1.582500
v 5.431998 0.613000 1.582500
v 5.431998 0.613000 1.055000
v 5.431998 0.613000 0.527500
v 5.431998 0.613000 0.000000
v 5.965999 0.613000 0.000000
v 6.499999 0.613000 0.000000
v 0.499999 0.613000 0.000000
v 1.153666 0.613000 0.000000
v 1.807334 0.613000 0.000000
v 2.461001 0.613000 0.000000
v 3.114665 0.613000 0.000000
v 3.768332 0.613000 0.000000
v 6.499999 0.613000 0.563000
v 6.499999 0.613000 1.126000
v 6.499999 0.613000 1.689000
v 6.499999 0.613000 2.252000
v 6.499999 0.613000 2.815000
v 6.269229 0.613000 2.815000
v 6.038463 0.613000 2.815000
v 5.807693 0.613000 2.815000
v 5.576922 0.613000 2.815000
v 5.346152 0.613000 2.815000
v 5.115386 0.613000 2.815000
v 4.884616 0.613000 2.815000
v 4.653846 0.613000 2.815000
v 4.423076 0.613000 2.815000
v 4.192306 0.613000 2.815000
v 3.961539 0.613000 2.815000
v 3.730769 0.613000 2.815000
v 3.499999 0.613000 2.815000
v 3.269229 0.613000 2.815000
v 3.038463 0.613000 2.815000
v 2.807693 0.613000 2.815000
v 2.576922 0.613000 2.815000
v 2.346154 0.613000 2.815000
v 2.115384 0.613000 2.815000
v 1.884616 0.613000 2.815000
v 1.653846 0.613000 2.815000
v 1.423078 0.613000 2.815000
v 1.192307 0.613000 2.815000
v 0.961537 0.613000 2.815000
v 0.730769 0.613000 2.815000
v 0.499999 0.613000 2.815000
v 0.499999 0.613000 2.252000
v 0.499999 0.613000 1.689000
v 0.499999 0.613000 1.126000
v 0.499999 0.613000 0.563000
v 5.685714 0.613000 0.382036
v 5.685714 0.613000 1.202407
v 5.685714 0.613000 1.612593
v 5.685714 0.613000 2.022779
v 5.685714 0.613000 2.432964
v 6.499999 0.613000 2.815000
v 6.499999 0.613000 2.868000
v 0.499999 0.613000 2.815000
v 0.499999 0.613000 2.870500
v 0.730769 0.613000 2.870404
v 0.961537 0.613000 2.870307
v 1.192307 0.613000 2.870212
v 1.423078 0.613000 2.870115
v 1.653846 0.613000 2.870019
v 1.884616 0.613000 2.869923
v 2.115384 0.613000 2.869827
v 2.346154 0.613000 2.869731
v 2.576922 0.613000 2.869635
v 2.807693 0.613000 2.869538
v 3.038463 0.613000 2.869442
v 3.269229 0.613000 2.869346
v 3.499999 0.613000 2.869250
v 3.730769 0.613000 2.869154
v 3.961539 0.613000 2.869058
v 4.192306 0.613000 2.868961
v 4.423076 0.613000 2.868866
v 4.653846 0.613000 2.868769
v 4.884616 0.613000 2.868673
v 5.115386 0.613000 2.868577
v 5.346152 0.613000 2.868481
v 5.576922 0.613000 2.868384
v 5.807693 0.613000 2.868289
v 6.038463 0.613000 2.868192
v 6.269229 0.613000 2.868096
v 6.269229 0.613000 2.815000
v 6.038463 0.613000 2.815000
v 5.807693 0.613000 2.815000
v 5.576922 0.613000 2.815000
v 5.346152 0.613000 2.815000
v 5.115386 0.613000 2.815000
v 4.884616 0.613000 2.815000
v 4.653846 0.613000 2.815000
v 4.423076 0.613000 2.815000
v 4.192306 0.613000 2.815000
v 3.961539 0.613000 2.815000
v 3.730769 0.613000 2.815000
v 3.499999 0.613000 2.815000
v 3.269229 0.613000 2.815000
v 3.038463 0.613000 2.815000
v 2.807693 0.613000 2.815000
v 2.576922 0.613000 2.815000
v 2.346154 0.613000 2.815000
v 2.115384 0.613000 2.815000
v 1.884616 0.613000 2.815000
v 1.653846 0.613000 2.815000
v 1.423078 0.613000 2.815000
v 1.192307 0.613000 2.815000
v 0.961537 0.613000 2.815000
v 0.730769 0.613000 2.815000
v 6.499999 -4.365286 3.260877
v 6.499999 -4.365286 2.599626
v 6.499999 -4.365286 1.938374
v 6.499999 -4.365286 1.277123
v 6.499999 -4.365286 0.615871
v 6.499999 -3.525972 3.260877
v 6.499999 -3.525972 2.599626
v 6.499999 -3.525972 1.938374
v 6.499999 -3.525972 1.277123
v 6.499999 -3.525972 0.615871
v 6.499999 -2.686657 3.922128
v 6.499999 -2.686657 3.260877
v 6.499999 -2.686657 2.599626
v 6.499999 -1.847343 3.922128
v 6.499999 -1.847343 3.260877
v 6.499999 -1.847343 2.599626
v 6.499999 -1.847343 1.938374
v 6.499999 -1.847343 1.277123
v 6.499999 -1.847343 0.615871
v 6.499999 -1.008029 3.260877
v 6.499999 -1.008029 2.599626
v 6.499999 -1.008029 1.938374
v 6.499999 -1.008029 1.277123
v 6.499999 -1.008029 0.615871
v 6.499999 -0.168715 2.599626
v 6.499999 -0.168715 1.938374
v 6.499999 -0.168715 1.277123
v 6.499999 -0.168715 0.615871
v 6.499999 -2.517000 0.400000
v 6.499999 -2.517000 0.482273
v 6.499999 -2.517000 0.564545
v 6.499999 -2.517000 0.646818
v 6.499999 -2.517000 0.729091
v 6.499999 -2.517000 0.811364
v 6.499999 -2.517000 0.893636
v 6.499999 -2.517000 0.975909
v 6.499999 -2.517000 1.058182
v 6.499999 -2.517000 1.140454
v 6.499999 -2.517000 1.222727
v 6.499999 -2.517000 1.305000
v 6.499999 -2.517000 1.387273
v 6.499999 -2.517000 1.469545
v 6.499999 -2.517000 1.551818
v 6.499999 -2.517000 1.634091
v 6.499999 -2.517000 1.716363
v 6.499999 -2.517000 1.798636
v 6.499999 -2.517000 1.880909
v 6.499999 -2.517000 1.963182
v 6.499999 -2.517000 2.045455
v 6.499999 -2.517000 2.127727
v 6.499999 -2.517000 2.210000
v 6.499999 -1.847343 0.285245
v 6.499999 -2.267000 0.615871
v 6.499999 -2.267000 0.285245
v 6.499999 -2.267000 0.450559
v 6.499999 -3.525972 0.285245
v 6.499999 -3.106315 0.615871
v 6.499999 -3.106315 0.285245
v 6.499999 -1.847343 0.946497
v 6.499999 -2.267000 1.277123
v 6.499999 -2.267000 0.946497
v 6.499999 -2.267000 0.781184
v 6.499999 -3.525972 0.946497
v 6.499999 -3.106315 1.277123
v 6.499999 -3.106315 0.946497
v 6.499999 -2.267000 1.111810
v 6.499999 -1.847343 1.607749
v 6.499999 -2.267000 1.938374
v 6.499999 -2.267000 1.607749
v 6.499999 -2.267000 1.442436
v 6.499999 -3.525972 1.607749
v 6.499999 -3.106315 1.938374
v 6.499999 -3.106315 1.607749
v 6.499999 -2.267000 1.773061
v 6.499999 -1.847343 2.269000
v 6.499999 -2.686657 2.269000
v 6.499999 -2.267000 2.599626
v 6.499999 -2.267000 2.269000
v 6.499999 -2.267000 2.103687
v 6.499999 -2.476829 2.269000
v 6.499999 -3.525972 2.269000
v 6.499999 -3.106315 2.599626
v 6.499999 -3.106315 2.269000
v 6.499999 -3.027000 2.210000
v 6.499999 -3.027000 2.127727
v 6.499999 -3.027000 2.045455
v 6.499999 -3.027000 1.963182
v 6.499999 -3.027000 1.880909
v 6.499999 -3.027000 1.798636
v 6.499999 -3.027000 1.716363
v 6.499999 -3.027000 1.634091
v 6.499999 -3.027000 1.551818
v 6.499999 -3.027000 1.469545
v 6.499999 -3.027000 1.387273
v 6.499999 -3.027000 1.305000
v 6.499999 -3.027000 1.222727
v 6.499999 -3.027000 1.140454
v 6.499999 -3.027000 1.058182
v 6.499999 -3.027000 0.975909
v 6.499999 -3.027000 0.893636
v 6.499999 -3.027000 0.811364
v 6.499999 -3.027000 0.729091
v 6.499999 -3.027000 0.646818
v 6.499999 -3.027000 0.564545
v 6.499999 -3.027000 0.482273
v 6.499999 -3.027000 0.400000
v 6.499999 -3.106315 2.103687
v 6.499999 -2.896486 2.269000
v 6.499999 -3.106315 1.773061
v 6.499999 -3.106315 1.442436
v 6.499999 -3.106315 1.111810
v 6.499999 -3.106315 0.781184
v 6.499999 -3.106315 0.450559
v 6.499999 -2.589857 2.210000
v 6.499999 -2.662715 2.210000
v 6.499999 -2.735572 2.210000
v 6.499999 -2.808429 2.210000
v 6.499999 -2.881286 2.210000
v 6.499999 -2.954143 2.210000
v 6.499999 -2.954143 0.400000
v 6.499999 -2.881286 0.400000
v 6.499999 -2.808429 0.400000
v 6.499999 -2.735572 0.400000
v 6.499999 -2.662715 0.400000
v 6.499999 -2.589857 0.400000
v 6.499999 0.613000 0.000000
v 6.499999 0.037000 0.000000
v 6.499999 -0.539000 0.000000
v 6.499999 -1.115000 0.000000
v 6.499999 -1.691000 0.000000
v 6.499999 -2.267000 0.000000
v 6.499999 -2.843000 0.000000
v 6.499999 -3.419000 0.000000
v 6.499999 -3.995000 0.000000
v 6.499999 -4.571000 0.000000
v 6.499999 -5.147000 0.000000
v 6.499999 -5.147000 2.884000
v 6.499999 -4.669167 3.159667
v 6.499999 -4.191334 3.435333
v 6.499999 -3.713500 3.711000
v 6.499999 -3.235667 3.986666
v 6.499999 -2.757834 4.262333
v 6.499999 -2.280000 4.538000
v 6.499999 -5.147000 0.563000
v 6.499999 -5.147000 1.126000
v 6.499999 -5.147000 1.689000
v 6.499999 -5.147000 2.252000
v 6.499999 -5.147000 2.815000
v 6.499999 -4.365286 2.930251
v 6.499999 -4.784943 2.599626
v 6.499999 -4.784943 2.930251
v 6.499999 -4.784943 2.764938
v 6.499999 -4.994772 2.599626
v 6.499999 -4.994772 2.930251
v 6.499999 -4.994772 2.764938
v 6.499999 -4.365286 2.269000
v 6.499999 -4.784943 1.938374
v 6.499999 -4.784943 2.269000
v 6.499999 0.613000 2.815000
v 6.499999 0.613000 2.252000
v 6.499999 0.613000 1.689000
v 6.499999 0.613000 1.126000
v 6.499999 0.613000 0.563000
v 6.499999 0.613000 2.868000
v 6.499999 0.250943 2.599626
v 6.499999 -0.168715 2.930251
v 6.499999 0.250943 2.930251
v 6.499999 0.460771 2.599626
v 6.499999 0.250943 2.764938
v 6.499999 0.460771 2.930251
v 6.499999 0.460771 2.764938
v 6.499999 0.250943 1.938374
v 6.499999 -0.168715 2.269000
v 6.499999 0.250943 2.269000
v 6.499999 0.565686 2.764938
v 6.499999 0.460771 2.847595
v 6.499999 0.565686 2.847595
v 6.499999 -1.797834 4.259666
v 6.499999 -1.315667 3.981333
v 6.499999 -0.833500 3.703000
v 6.499999 -0.351334 3.424667
v 6.499999 0.130833 3.146333
v -5.793000 5.360000 0.500030
v -5.793000 5.360000 1.048450
v -5.793000 5.360000 1.596870
v -5.793000 5.360000 2.145290
v -5.793000 5.360000 2.693710
v -5.215001 5.360000 0.500030
v -5.215001 5.360000 1.048450
v -5.215001 5.360000 1.596870
v -5.215001 5.360000 2.145290
v -5.215001 5.360000 2.693710
v -5.215001 5.360000 3.242130
v -4.637000 5.360000 2.145290
v -4.637000 5.360000 2.693710
v -4.637000 5.360000 3.242130
v -4.059001 5.360000 2.145290
v -4.059001 5.360000 2.693710
v -4.059001 5.360000 3.242130
v -4.059001 5.360000 3.790550
v -3.481000 5.360000 0.500030
v -3.481000 5.360000 1.048450
v -3.481000 5.360000 1.596870
v -3.481000 5.360000 2.145290
v -3.481000 5.360000 2.693710
v -3.481000 5.360000 3.242130
v -3.481000 5.360000 3.790550
v -2.903001 5.360000 0.500030
v -2.903001 5.360000 1.048450
v -2.903001 5.360000 1.596870
v -2.903001 5.360000 2.145290
v -2.903001 5.360000 2.693710
v -2.903001 5.360000 3.242130
v -2.903001 5.360000 3.790550
v -2.903001 5.360000 4.338970
v -2.325000 5.360000 0.500030
v -2.325000 5.360000 1.048450
v -2.325000 5.360000 1.596870
v -2.325000 5.360000 2.145290
v -2.325000 5.360000 2.693710
v -2.325000 5.360000 3.242130
v -2.325000 5.360000 3.790550
v -1.747001 5.360000 2.145290
v -1.747001 5.360000 2.693710
v -1.747001 5.360000 3.242130
v -1.747001 5.360000 3.790550
v -1.169000 5.360000 2.145290
v -1.169000 5.360000 2.693710
v -1.169000 5.360000 3.242130
v -0.591001 5.360000 0.500030
v -0.591001 5.360000 1.048450
v -0.591001 5.360000 1.596870
v -0.591001 5.360000 2.145290
v -0.591001 5.360000 2.693710
v -0.591001 5.360000 3.242130
v -0.013000 5.360000 0.500030
v -0.013000 5.360000 1.048450
v -0.013000 5.360000 1.596870
v -0.013000 5.360000 2.145290
v -0.013000 5.360000 2.693710
v -0.913001 5.360000 2.010000
v -0.913001 5.360000 1.929333
v -0.913001 5.360000 1.848667
v -0.913001 5.360000 1.768000
v -0.913001 5.360000 1.687333
v -0.913001 5.360000 1.606667
v -0.913001 5.360000 1.526000
v -0.913001 5.360000 1.445333
v -0.913001 5.360000 1.364666
v -0.913001 5.360000 1.284000
v -0.913001 5.360000 1.203333
v -0.913001 5.360000 1.122666
v -0.913001 5.360000 1.042000
v -0.913001 5.360000 0.961333
v -0.913001 5.360000 0.880667
v -0.913001 5.360000 0.800000
v -0.591001 5.360000 1.871080
v -0.880000 5.360000 2.145290
v -1.024501 5.360000 2.145290
v -0.591001 5.360000 2.419500
v -0.880000 5.360000 2.693710
v -1.169000 5.360000 2.419500
v -0.880000 5.360000 2.419500
v -1.458001 5.360000 2.145290
v -0.591001 5.360000 1.322660
v -0.591001 5.360000 0.774240
v -0.880000 5.360000 0.500030
v -4.768001 5.360000 0.800000
v -4.768001 5.360000 0.880667
v -4.768001 5.360000 0.961333
v -4.768001 5.360000 1.042000
v -4.768001 5.360000 1.122666
v -4.768001 5.360000 1.203333
v -4.768001 5.360000 1.284000
v -4.768001 5.360000 1.364666
v -4.768001 5.360000 1.445333
v -4.768001 5.360000 1.526000
v -4.768001 5.360000 1.606667
v -4.768001 5.360000 1.687333
v -4.768001 5.360000 1.768000
v -4.768001 5.360000 1.848667
v -4.768001 5.360000 1.929333
v -4.768001 5.360000 2.010000
v -4.926000 5.360000 1.048450
v -5.215001 5.360000 0.774240
v -4.926000 5.360000 0.500030
v -4.926000 5.360000 0.774240
v -4.926000 5.360000 0.911345
v -4.926000 5.360000 1.596870
v -5.215001 5.360000 1.322660
v -4.926000 5.360000 1.322660
v -4.926000 5.360000 1.185555
v -4.926000 5.360000 1.459765
v -4.926000 5.360000 2.145290
v -5.215001 5.360000 1.871080
v -4.926000 5.360000 1.871080
v -4.926000 5.360000 1.733975
v -4.348001 5.360000 2.145290
v -4.781501 5.360000 2.145290
v -4.926000 5.360000 2.008185
v -4.637000 5.360000 2.419500
v -4.926000 5.360000 2.693710
v -5.215001 5.360000 2.419500
v -4.926000 5.360000 2.419500
v -3.558000 5.360000 2.010000
v -3.558000 5.360000 1.929333
v -3.558000 5.360000 1.848667
v -3.558000 5.360000 1.768000
v -3.558000 5.360000 1.687333
v -3.558000 5.360000 1.606667
v -3.558000 5.360000 1.526000
v -3.558000 5.360000 1.445333
v -3.558000 5.360000 1.364666
v -3.558000 5.360000 1.284000
v -3.558000 5.360000 1.203333
v -3.558000 5.360000 1.122666
v -3.558000 5.360000 1.042000
v -3.558000 5.360000 0.961333
v -3.558000 5.360000 0.880667
v -3.558000 5.360000 0.800000
v -3.481000 5.360000 1.871080
v -3.770000 5.360000 2.145290
v -3.481000 5.360000 2.008185
v -3.625501 5.360000 2.145290
v -2.903001 5.360000 1.871080
v -3.192000 5.360000 2.145290
v -3.192000 5.360000 1.596870
v -3.192000 5.360000 1.871080
v -3.481000 5.360000 2.419500
v -3.770000 5.360000 2.693710
v -4.059001 5.360000 2.419500
v -3.770000 5.360000 2.419500
v -3.481000 5.360000 1.733975
v -3.481000 5.360000 1.322660
v -3.481000 5.360000 1.459765
v -2.903001 5.360000 1.322660
v -3.192000 5.360000 1.048450
v -3.192000 5.360000 1.322660
v -3.481000 5.360000 1.185555
v -3.481000 5.360000 0.774240
v -3.481000 5.360000 0.911345
v -2.903001 5.360000 0.774240
v -3.192000 5.360000 0.500030
v -3.192000 5.360000 0.774240
v -2.123000 5.360000 0.800000
v -2.123000 5.360000 0.880667
v -2.123000 5.360000 0.961333
v -2.123000 5.360000 1.042000
v -2.123000 5.360000 1.122666
v -2.123000 5.360000 1.203333
v -2.123000 5.360000 1.284000
v -2.123000 5.360000 1.364666
v -2.123000 5.360000 1.445333
v -2.123000 5.360000 1.526000
v -2.123000 5.360000 1.606667
v -2.123000 5.360000 1.687333
v -2.123000 5.360000 1.768000
v -2.123000 5.360000 1.848667
v -2.123000 5.360000 1.929333
v -2.123000 5.360000 2.010000
v -2.325000 5.360000 0.774240
v -2.180501 5.360000 1.048450
v -2.325000 5.360000 0.911345
v -2.180501 5.360000 0.774240
v -2.180501 5.360000 0.911345
v -2.325000 5.360000 1.322660
v -2.613999 5.360000 1.048450
v -2.613999 5.360000 0.500030
v -2.613999 5.360000 0.774240
v -2.180501 5.360000 1.322660
v -2.325000 5.360000 1.185555
v -2.180501 5.360000 1.185555
v -2.613999 5.360000 1.596870
v -2.613999 5.360000 1.322660
v -2.180501 5.360000 1.596870
v -2.325000 5.360000 1.459765
v -2.180501 5.360000 1.459765
v -2.036000 5.360000 2.145290
v -2.325000 5.360000 1.871080
v -2.180501 5.360000 1.871080
v -2.325000 5.360000 1.733975
v -2.180501 5.360000 1.733975
v -2.613999 5.360000 2.145290
v -2.613999 5.360000 1.871080
v -2.180501 5.360000 2.145290
v -2.325000 5.360000 2.008185
v -2.180501 5.360000 2.008185
v -1.747001 5.360000 2.419500
v -2.036000 5.360000 2.693710
v -2.325000 5.360000 2.419500
v -2.036000 5.360000 2.419500
v -4.687333 5.360000 2.010000
v -4.606668 5.360000 2.010000
v -4.526000 5.360000 2.010000
v -4.445334 5.360000 2.010000
v -4.364667 5.360000 2.010000
v -4.283999 5.360000 2.010000
v -4.203334 5.360000 2.010000
v -4.122666 5.360000 2.010000
v -4.042001 5.360000 2.010000
v -3.961333 5.360000 2.010000
v -3.880668 5.360000 2.010000
v -3.800000 5.360000 2.010000
v -3.719333 5.360000 2.010000
v -3.638667 5.360000 2.010000
v -4.492499 5.360000 2.145290
v -4.348001 5.360000 2.693710
v -4.348001 5.360000 2.419500
v -4.203500 5.360000 2.145290
v -3.914500 5.360000 2.145290
v -3.638667 5.360000 0.800000
v -3.719333 5.360000 0.800000
v -3.800000 5.360000 0.800000
v -3.880668 5.360000 0.800000
v -3.961333 5.360000 0.800000
v -4.042001 5.360000 0.800000
v -4.122666 5.360000 0.800000
v -4.203334 5.360000 0.800000
v -4.283999 5.360000 0.800000
v -4.364667 5.360000 0.800000
v -4.445334 5.360000 0.800000
v -4.526000 5.360000 0.800000
v -4.606668 5.360000 0.800000
v -4.687333 5.360000 0.800000
v -2.042333 5.360000 2.010000
v -1.961667 5.360000 2.010000
v -1.881000 5.360000 2.010000
v -1.800334 5.360000 2.010000
v -1.719666 5.360000 2.010000
v -1.639001 5.360000 2.010000
v -1.558333 5.360000 2.010000
v -1.477668 5.360000 2.010000
v -1.397000 5.360000 2.010000
v -1.316333 5.360000 2.010000
v -1.235667 5.360000 2.010000
v -1.155000 5.360000 2.010000
v -1.074334 5.360000 2.010000
v -0.993667 5.360000 2.010000
v -1.891500 5.360000 2.145290
v -1.602500 5.360000 2.145290
v -1.458001 5.360000 2.693710
v -1.458001 5.360000 2.419500
v -1.313500 5.360000 2.145290
v -0.993667 5.360000 0.800000
v -1.074334 5.360000 0.800000
v -1.155000 5.360000 0.800000
v -1.235667 5.360000 0.800000
v -1.316333 5.360000 0.800000
v -1.397000 5.360000 0.800000
v -1.477668 5.360000 0.800000
v -1.558333 5.360000 0.800000
v -1.639001 5.360000 0.800000
v -1.719666 5.360000 0.800000
v -1.800334 5.360000 0.800000
v -1.881000 5.360000 0.800000
v -1.961667 5.360000 0.800000
v -2.042333 5.360000 0.800000
v -6.303000 5.360000 0.000000
v -5.877999 5.360000 0.000000
v -5.453000 5.360000 0.000000
v -5.028001 5.360000 0.000000
v -4.603000 5.360000 0.000000
v -4.178000 5.360000 0.000000
v -3.752999 5.360000 0.000000
v -3.328000 5.360000 0.000000
v -2.903001 5.360000 0.000000
v -2.478000 5.360000 0.000000
v -2.053000 5.360000 0.000000
v -1.627999 5.360000 0.000000
v -1.203000 5.360000 0.000000
v -0.778001 5.360000 0.000000
v -0.353000 5.360000 0.000000
v 0.072000 5.360000 0.000000
v 0.497001 5.360000 0.000000
v -2.900001 5.360000 4.839000
v -3.240300 5.360000 4.642500
v -3.580600 5.360000 4.446000
v -3.920899 5.360000 4.249500
v -4.261201 5.360000 4.053000
v -4.601501 5.360000 3.856500
v -4.941800 5.360000 3.660000
v -5.282100 5.360000 3.463500
v -5.622399 5.360000 3.267000
v -5.962701 5.360000 3.070500
v -6.303000 5.360000 2.874000
v 0.497001 5.360000 2.878000
v 0.157300 5.360000 3.074100
v -0.182401 5.360000 3.270200
v -0.522099 5.360000 3.466300
v -0.861800 5.360000 3.662400
v -1.201501 5.360000 3.858500
v -1.541200 5.360000 4.054600
v -1.880900 5.360000 4.250700
v -2.220601 5.360000 4.446800
v -2.560300 5.360000 4.642900
v 0.497001 5.360000 0.411143
v 0.497001 5.360000 0.822286
v 0.497001 5.360000 1.233429
v 0.497001 5.360000 1.644571
v 0.497001 5.360000 2.055714
v 0.497001 5.360000 2.466857
v -6.303000 5.360000 2.815000
v -6.303000 5.360000 2.412857
v -6.303000 5.360000 2.010714
v -6.303000 5.360000 1.608572
v -6.303000 5.360000 1.206429
v -6.303000 5.360000 0.804286
v -6.303000 5.360000 0.402143
v -6.082000 5.360000 2.693710
v -6.082000 5.360000 2.830815
v -6.226501 5.360000 2.693710
v -6.226501 5.360000 2.830815
v -5.793000 5.360000 2.419500
v -6.082000 5.360000 2.145290
v -6.082000 5.360000 2.419500
v -4.059001 5.360000 0.500030
v -1.169000 5.360000 0.500030
v -6.674001 -5.534000 2.660000
v -6.700000 -5.560000 2.705000
v 6.700000 -5.534000 2.660000
v 6.700000 -5.560000 2.705000
v -6.544156 -5.534000 2.660000
v -6.414311 -5.534000 2.660000
v -6.284467 -5.534000 2.660000
v -6.154622 -5.534000 2.660000
v -6.024777 -5.534000 2.660000
v -5.894933 -5.534000 2.660000
v -5.765088 -5.534000 2.660000
v -5.635243 -5.534000 2.660000
v -5.505399 -5.534000 2.660000
v -5.375554 -5.534000 2.660000
v -5.245709 -5.534000 2.660000
v -5.115865 -5.534000 2.660000
v -4.986020 -5.534000 2.660000
v -4.856175 -5.534000 2.660000
v -4.726331 -5.534000 2.660000
v -4.596486 -5.534000 2.660000
v -4.466641 -5.534000 2.660000
v -4.336797 -5.534000 2.660000
v -4.206952 -5.534000 2.660000
v -4.077107 -5.534000 2.660000
v -3.947263 -5.534000 2.660000
v -3.817418 -5.534000 2.660000
v -3.687573 -5.534000 2.660000
v -3.557729 -5.534000 2.660000
v -3.427884 -5.534000 2.660000
v -3.298039 -5.534000 2.660000
v -3.168195 -5.534000 2.660000
v -3.038350 -5.534000 2.660000
v -2.908505 -5.534000 2.660000
v -2.778661 -5.534000 2.660000
v -2.648816 -5.534000 2.660000
v -2.518971 -5.534000 2.660000
v -2.389127 -5.534000 2.660000
v -2.259282 -5.534000 2.660000
v -2.129437 -5.534000 2.660000
v -1.999593 -5.534000 2.660000
v -1.869748 -5.534000 2.660000
v -1.739903 -5.534000 2.660000
v -1.610059 -5.534000 2.660000
v -1.480214 -5.534000 2.660000
v -1.350369 -5.534000 2.660000
v -1.220525 -5.534000 2.660000
v -1.090680 -5.534000 2.660000
v -0.960835 -5.534000 2.660000
v -0.830991 -5.534000 2.660000
v -0.701146 -5.534000 2.660000
v -0.571301 -5.534000 2.660000
v -0.441457 -5.534000 2.660000
v -0.311612 -5.534000 2.660000
v -0.181767 -5.534000 2.660000
v -0.051923 -5.534000 2.660000
v 0.077922 -5.534000 2.660000
v 0.207767 -5.534000 2.660000
v 0.337611 -5.534000 2.660000
v 0.467456 -5.534000 2.660000
v 0.597301 -5.534000 2.660000
v 0.727145 -5.534000 2.660000
v 0.856990 -5.534000 2.660000
v 0.986835 -5.534000 2.660000
v 1.116679 -5.534000 2.660000
v 1.246524 -5.534000 2.660000
v 1.376369 -5.534000 2.660000
v 1.506213 -5.534000 2.660000
v 1.636058 -5.534000 2.660000
v 1.765903 -5.534000 2.660000
v 1.895747 -5.534000 2.660000
v 2.025592 -5.534000 2.660000
v 2.155437 -5.534000 2.660000
v 2.285281 -5.534000 2.660000
v 2.415126 -5.534000 2.660000
v 2.544971 -5.534000 2.660000
v 2.674815 -5.534000 2.660000
v 2.804660 -5.534000 2.660000
v 2.934505 -5.534000 2.660000
v 3.064349 -5.534000 2.660000
v 3.194194 -5.534000 2.660000
v 3.324039 -5.534000 2.660000
v 3.453883 -5.534000 2.660000
v 3.583728 -5.534000 2.660000
v 3.713573 -5.534000 2.660000
v 3.843417 -5.534000 2.660000
v 3.973262 -5.534000 2.660000
v 4.103106 -5.534000 2.660000
v 4.232951 -5.534000 2.660000
v 4.362796 -5.534000 2.660000
v 4.492640 -5.534000 2.660000
v 4.622485 -5.534000 2.660000
v 4.752330 -5.534000 2.660000
v 4.882174 -5.534000 2.660000
v 5.012019 -5.534000 2.660000
v 5.141864 -5.534000 2.660000
v 5.271708 -5.534000 2.660000
v 5.401553 -5.534000 2.660000
v 5.531398 -5.534000 2.660000
v 5.661242 -5.534000 2.660000
v 5.791087 -5.534000 2.660000
v 5.920932 -5.534000 2.660000
v 6.050776 -5.534000 2.660000
v 6.180621 -5.534000 2.660000
v 6.310466 -5.534000 2.660000
v 6.440310 -5.534000 2.660000
v 6.570155 -5.534000 2.660000
v 6.569903 -5.560000 2.705000
v 6.439807 -5.560000 2.705000
v 6.309707 -5.560000 2.705000
v 6.179610 -5.560000 2.705000
v 6.049514 -5.560000 2.705000
v 5.919417 -5.560000 2.705000
v 5.789321 -5.560000 2.705000
v 5.659225 -5.560000 2.705000
v 5.529124 -5.560000 2.705000
v 5.399028 -5.560000 2.705000
v 5.268931 -5.560000 2.705000
v 5.138835 -5.560000 2.705000
v 5.008739 -5.560000 2.705000
v 4.878642 -5.560000 2.705000
v 4.748542 -5.560000 2.705000
v 4.618445 -5.560000 2.705000
v 4.488349 -5.560000 2.705000
v 4.358253 -5.560000 2.705000
v 4.228156 -5.560000 2.705000
v 4.098060 -5.560000 2.705000
v 3.967959 -5.560000 2.705000
v 3.837863 -5.560000 2.705000
v 3.707767 -5.560000 2.705000
v 3.577670 -5.560000 2.705000
v 3.447574 -5.560000 2.705000
v 3.317477 -5.560000 2.705000
v 3.187377 -5.560000 2.705000
v 3.057281 -5.560000 2.705000
v 2.927184 -5.560000 2.705000
v 2.797088 -5.560000 2.705000
v 2.666991 -5.560000 2.705000
v 2.536895 -5.560000 2.705000
v 2.406796 -5.560000 2.705000
v 2.276698 -5.560000 2.705000
v 2.146602 -5.560000 2.705000
v 2.016505 -5.560000 2.705000
v 1.886407 -5.560000 2.705000
v 1.756310 -5.560000 2.705000
v 1.626214 -5.560000 2.705000
v 1.496116 -5.560000 2.705000
v 1.366019 -5.560000 2.705000
v 1.235923 -5.560000 2.705000
v 1.105824 -5.560000 2.705000
v 0.975728 -5.560000 2.705000
v 0.845632 -5.560000 2.705000
v 0.715533 -5.560000 2.705000
v 0.585437 -5.560000 2.705000
v 0.455340 -5.560000 2.705000
v 0.325242 -5.560000 2.705000
v 0.195146 -5.560000 2.705000
v 0.065049 -5.560000 2.705000
v -0.065049 -5.560000 2.705000
v -0.195146 -5.560000 2.705000
v -0.325242 -5.560000 2.705000
v -0.455340 -5.560000 2.705000
v -0.585437 -5.560000 2.705000
v -0.715535 -5.560000 2.705000
v -0.845632 -5.560000 2.705000
v -0.975728 -5.560000 2.705000
v -1.105826 -5.560000 2.705000
v -1.235923 -5.560000 2.705000
v -1.366019 -5.560000 2.705000
v -1.496118 -5.560000 2.705000
v -1.626214 -5.560000 2.705000
v -1.756310 -5.560000 2.705000
v -1.886409 -5.560000 2.705000
v -2.016505 -5.560000 2.705000
v -2.146602 -5.560000 2.705000
v -2.276700 -5.560000 2.705000
v -2.406796 -5.560000 2.705000
v -2.536893 -5.560000 2.705000
v -2.666991 -5.560000 2.705000
v -2.797088 -5.560000 2.705000
v -2.927184 -5.560000 2.705000
v -3.057282 -5.560000 2.705000
v -3.187379 -5.560000 2.705000
v -3.317475 -5.560000 2.705000
v -3.447574 -5.560000 2.705000
v -3.577670 -5.560000 2.705000
v -3.707767 -5.560000 2.705000
v -3.837865 -5.560000 2.705000
v -3.967961 -5.560000 2.705000
v -4.098058 -5.560000 2.705000
v -4.228156 -5.560000 2.705000
v -4.358253 -5.560000 2.705000
v -4.488349 -5.560000 2.705000
v -4.618447 -5.560000 2.705000
v -4.748544 -5.560000 2.705000
v -4.878640 -5.560000 2.705000
v -5.008739 -5.560000 2.705000
v -5.138835 -5.560000 2.705000
v -5.268931 -5.560000 2.705000
v -5.399030 -5.560000 2.705000
v -5.529126 -5.560000 2.705000
v -5.659223 -5.560000 2.705000
v -5.789321 -5.560000 2.705000
v -5.919417 -5.560000 2.705000
v -6.049516 -5.560000 2.705000
v -6.179612 -5.560000 2.705000
v -6.309709 -5.560000 2.705000
v -6.439807 -5.560000 2.705000
v -6.569903 -5.560000 2.705000
v -6.513143 -5.547000 2.682500
v -5.991572 -5.547000 2.682500
v -6.165429 -5.547000 2.682500
v -5.817714 -5.547000 2.682500
v -5.470000 -5.547000 2.682500
v -5.643857 -5.547000 2.682500
v -5.296144 -5.547000 2.682500
v -4.948428 -5.547000 2.682500
v -5.122287 -5.547000 2.682500
v -4.774571 -5.547000 2.682500
v -4.600715 -5.547000 2.682500
v -4.426858 -5.547000 2.682500
v -4.079143 -5.547000 2.682500
v -4.252999 -5.547000 2.682500
v -3.905286 -5.547000 2.682500
v -3.557572 -5.547000 2.682500
v -3.731429 -5.547000 2.682500
v -3.383714 -5.547000 2.682500
v -3.209857 -5.547000 2.682500
v -2.862144 -5.547000 2.682500
v -3.036000 -5.547000 2.682500
v -2.688287 -5.547000 2.682500
v -2.340571 -5.547000 2.682500
v -2.514428 -5.547000 2.682500
v -2.166715 -5.547000 2.682500
v -1.992858 -5.547000 2.682500
v -1.818999 -5.547000 2.682500
v -1.471286 -5.547000 2.682500
v -1.645143 -5.547000 2.682500
v -1.297429 -5.547000 2.682500
v -1.123572 -5.547000 2.682500
v -0.775857 -5.547000 2.682500
v -0.949714 -5.547000 2.682500
v -0.602000 -5.547000 2.682500
v -0.254287 -5.547000 2.682500
v -0.428144 -5.547000 2.682500
v -0.080428 -5.547000 2.682500
v 0.093429 -5.547000 2.682500
v 0.441142 -5.547000 2.682500
v 0.267285 -5.547000 2.682500
v 0.614999 -5.547000 2.682500
v 0.962714 -5.547000 2.682500
v 0.788857 -5.547000 2.682500
v 1.136571 -5.547000 2.682500
v 1.484286 -5.547000 2.682500
v 1.310428 -5.547000 2.682500
v 1.658143 -5.547000 2.682500
v 2.005857 -5.547000 2.682500
v 1.832000 -5.547000 2.682500
v 2.179713 -5.547000 2.682500
v 2.353572 -5.547000 2.682500
v 2.527427 -5.547000 2.682500
v 2.701285 -5.547000 2.682500
v 3.048999 -5.547000 2.682500
v 2.875144 -5.547000 2.682500
v 3.222857 -5.547000 2.682500
v 3.396712 -5.547000 2.682500
v 3.570571 -5.547000 2.682500
v 3.744430 -5.547000 2.682500
v 4.092143 -5.547000 2.682500
v 3.918284 -5.547000 2.682500
v 4.265998 -5.547000 2.682500
v 4.613715 -5.547000 2.682500
v 4.439857 -5.547000 2.682500
v 4.787570 -5.547000 2.682500
v 4.961429 -5.547000 2.682500
v 5.309142 -5.547000 2.682500
v 5.135287 -5.547000 2.682500
v 5.483001 -5.547000 2.682500
v 5.656856 -5.547000 2.682500
v 5.830714 -5.547000 2.682500
v 6.178428 -5.547000 2.682500
v 6.004573 -5.547000 2.682500
v 6.352286 -5.547000 2.682500
v 6.526141 -5.547000 2.682500
v -6.674001 5.560000 2.660000
v -6.700000 5.560000 2.705000
v -6.700000 -0.000000 2.705000
v -6.674001 -5.534000 2.660000
v -6.700000 -5.560000 2.705000
v -6.674001 5.431000 2.660000
v -6.674001 5.302000 2.660000
v -6.674001 5.173000 2.660000
v -6.674001 5.044000 2.660000
v -6.674001 4.915000 2.660000
v -6.674001 4.786000 2.660000
v -6.674001 4.657000 2.660000
v -6.674001 4.528000 2.660000
v -6.674001 4.399000 2.660000
v -6.674001 4.270000 2.660000
v -6.674001 4.141000 2.660000
v -6.674001 4.012000 2.660000
v -6.674001 3.883000 2.660000
v -6.674001 3.754000 2.660000
v -6.674001 3.625000 2.660000
v -6.674001 3.496000 2.660000
v -6.674001 3.367000 2.660000
v -6.674001 3.238000 2.660000
v -6.674001 3.109000 2.660000
v -6.674001 2.980000 2.660000
v -6.674001 2.851000 2.660000
v -6.674001 2.722000 2.660000
v -6.674001 2.593000 2.660000
v -6.674001 2.464000 2.660000
v -6.674001 2.335000 2.660000
v -6.674001 2.206000 2.660000
v -6.674001 2.077000 2.660000
v -6.674001 1.948000 2.660000
v -6.674001 1.819000 2.660000
v -6.674001 1.690000 2.660000
v -6.674001 1.561000 2.660000
v -6.674001 1.432000 2.660000
v -6.674001 1.303000 2.660000
v -6.674001 1.174000 2.660000
v -6.674001 1.045000 2.660000
v -6.674001 0.916000 2.660000
v -6.674001 0.787000 2.660000
v -6.674001 0.658000 2.660000
v -6.674001 0.529000 2.660000
v -6.674001 0.400000 2.660000
v -6.674001 0.271000 2.660000
v -6.674001 0.142000 2.660000
v -6.674001 0.013000 2.660000
v -6.674001 -0.116000 2.660000
v -6.674001 -0.245000 2.660000
v -6.674001 -0.374000 2.660000
v -6.674001 -0.503000 2.660000
v -6.674001 -0.632000 2.660000
v -6.674001 -0.761000 2.660000
v -6.674001 -0.890000 2.660000
v -6.674001 -1.019000 2.660000
v -6.674001 -1.148000 2.660000
v -6.674001 -1.277000 2.660000
v -6.674001 -1.406000 2.660000
v -6.674001 -1.535000 2.660000
v -6.674001 -1.664000 2.660000
v -6.674001 -1.793000 2.660000
v -6.674001 -1.922000 2.660000
v -6.674001 -2.051000 2.660000
v -6.674001 -2.180000 2.660000
v -6.674001 -2.309000 2.660000
v -6.674001 -2.438000 2.660000
v -6.674001 -2.567000 2.660000
v -6.674001 -2.696000 2.660000
v -6.674001 -2.825000 2.660000
v -6.674001 -2.954000 2.660000
v -6.674001 -3.083000 2.660000
v -6.674001 -3.212000 2.660000
v -6.674001 -3.341000 2.660000
v -6.674001 -3.470000 2.660000
v -6.674001 -3.599000 2.660000
v -6.674001 -3.728000 2.660000
v -6.674001 -3.857000 2.660000
v -6.674001 -3.986000 2.660000
v -6.674001 -4.115000 2.660000
v -6.674001 -4.244000 2.660000
v -6.674001 -4.373000 2.660000
v -6.674001 -4.502000 2.660000
v -6.674001 -4.631000 2.660000
v -6.674001 -4.760000 2.660000
v -6.674001 -4.889000 2.660000
v -6.674001 -5.018000 2.660000
v -6.674001 -5.147000 2.660000
v -6.674001 -5.276000 2.660000
v -6.674001 -5.405000 2.660000
v -6.700000 -5.430698 2.705000
v -6.700000 -5.301396 2.705000
v -6.700000 -5.172093 2.705000
v -6.700000 -5.042791 2.705000
v -6.700000 -4.913489 2.705000
v -6.700000 -4.784186 2.705000
v -6.700000 -4.654884 2.705000
v -6.700000 -4.525582 2.705000
v -6.700000 -4.396279 2.705000
v -6.700000 -4.266977 2.705000
v -6.700000 -4.137675 2.705000
v -6.700000 -4.008372 2.705000
v -6.700000 -3.879070 2.705000
v -6.700000 -3.749768 2.705000
v -6.700000 -3.620465 2.705000
v -6.700000 -3.491163 2.705000
v -6.700000 -3.361861 2.705000
v -6.700000 -3.232558 2.705000
v -6.700000 -3.103256 2.705000
v -6.700000 -2.973954 2.705000
v -6.700000 -2.844651 2.705000
v -6.700000 -2.715349 2.705000
v -6.700000 -2.586047 2.705000
v -6.700000 -2.456744 2.705000
v -6.700000 -2.327442 2.705000
v -6.700000 -2.198140 2.705000
v -6.700000 -2.068837 2.705000
v -6.700000 -1.939535 2.705000
v -6.700000 -1.810233 2.705000
v -6.700000 -1.680930 2.705000
v -6.700000 -1.551628 2.705000
v -6.700000 -1.422326 2.705000
v -6.700000 -1.293023 2.705000
v -6.700000 -1.163721 2.705000
v -6.700000 -1.034419 2.705000
v -6.700000 -0.905117 2.705000
v -6.700000 -0.775814 2.705000
v -6.700000 -0.646512 2.705000
v -6.700000 -0.517210 2.705000
v -6.700000 -0.387907 2.705000
v -6.700000 -0.258605 2.705000
v -6.700000 -0.129303 2.705000
v -6.700000 0.129302 2.705000
v -6.700000 0.258605 2.705000
v -6.700000 0.387907 2.705000
v -6.700000 0.517209 2.705000
v -6.700000 0.646511 2.705000
v -6.700000 0.775814 2.705000
v -6.700000 0.905116 2.705000
v -6.700000 1.034418 2.705000
v -6.700000 1.163721 2.705000
v -6.700000 1.293023 2.705000
v -6.700000 1.422325 2.705000
v -6.700000 1.551628 2.705000
v -6.700000 1.680930 2.705000
v -6.700000 1.810232 2.705000
v -6.700000 1.939534 2.705000
v -6.700000 2.068837 2.705000
v -6.700000 2.198139 2.705000
v -6.700000 2.327441 2.705000
v -6.700000 2.456744 2.705000
v -6.700000 2.586046 2.705000
v -6.700000 2.715348 2.705000
v -6.700000 2.844651 2.705000
v -6.700000 2.973953 2.705000
v -6.700000 3.103256 2.705000
v -6.700000 3.232558 2.705000
v -6.700000 3.361860 2.705000
v -6.700000 3.491163 2.705000
v -6.700000 3.620465 2.705000
v -6.700000 3.749767 2.705000
v -6.700000 3.879070 2.705000
v -6.700000 4.008372 2.705000
v -6.700000 4.137674 2.705000
v -6.700000 4.266977 2.705000
v -6.700000 4.396279 2.705000
v -6.700000 4.525581 2.705000
v -6.700000 4.654884 2.705000
v -6.700000 4.784186 2.705000
v -6.700000 4.913488 2.705000
v -6.700000 5.042791 2.705000
v -6.700000 5.172093 2.705000
v -6.700000 5.301395 2.705000
v -6.700000 5.430697 2.705000
v -6.686999 5.386453 2.682500
v -6.686999 5.039359 2.682500
v -6.686999 4.865812 2.682500
v -6.686999 4.518718 2.682500
v -6.686999 4.692265 2.682500
v -6.686999 4.345172 2.682500
v -6.686999 4.171625 2.682500
v -6.686999 3.824531 2.682500
v -6.686999 3.998078 2.682500
v -6.686999 3.650984 2.682500
v -6.686999 3.303890 2.682500
v -6.686999 3.477437 2.682500
v -6.686999 3.130344 2.682500
v -6.686999 2.956796 2.682500
v -6.686999 2.783250 2.682500
v -6.686999 2.436156 2.682500
v -6.686999 2.609703 2.682500
v -6.686999 2.089062 2.682500
v -6.686999 2.262609 2.682500
v -6.686999 1.915515 2.682500
v -6.686999 1.568422 2.682500
v -6.686999 1.741968 2.682500
v -6.686999 1.394875 2.682500
v -6.686999 1.221328 2.682500
v -6.686999 1.047781 2.682500
v -6.686999 0.874234 2.682500
v -6.686999 0.527140 2.682500
v -6.686999 0.700687 2.682500
v -6.686999 0.353594 2.682500
v -6.686999 0.180047 2.682500
v -6.686999 0.006500 2.682500
v -6.686999 -0.167047 2.682500
v -6.686999 -0.514141 2.682500
v -6.686999 -0.340594 2.682500
v -6.686999 -0.687688 2.682500
v -6.686999 -1.034781 2.682500
v -6.686999 -0.861235 2.682500
v -6.686999 -1.208328 2.682500
v -6.686999 -1.381875 2.682500
v -6.686999 -1.728969 2.682500
v -6.686999 -1.555422 2.682500
v -6.686999 -1.902516 2.682500
v -6.686999 -2.076063 2.682500
v -6.686999 -2.249610 2.682500
v -6.686999 -2.423156 2.682500
v -6.686999 -2.770250 2.682500
v -6.686999 -2.596703 2.682500
v -6.686999 -3.117344 2.682500
v -6.686999 -2.943797 2.682500
v -6.686999 -3.290891 2.682500
v -6.686999 -3.637985 2.682500
v -6.686999 -3.464438 2.682500
v -6.686999 -3.811532 2.682500
v -6.686999 -4.158625 2.682500
v -6.686999 -3.985078 2.682500
v -6.686999 -4.505719 2.682500
v -6.686999 -4.332172 2.682500
v -6.686999 -4.679266 2.682500
v -6.686999 -4.852813 2.682500
v -6.686999 -5.199907 2.682500
v -6.686999 -5.026360 2.682500
v -6.686999 -5.373453 2.682500
v 0.874000 0.974000 2.660000
v 0.900001 1.000000 2.705000
v 0.874000 1.993111 2.660000
v 0.874000 2.502666 2.660000
v 0.900001 3.026666 2.705000
v 0.874000 3.521777 2.660000
v 0.900001 3.533333 2.705000
v 0.874000 4.540889 2.660000
v 0.874000 5.050444 2.660000
v 0.900001 5.053333 2.705000
v 0.874000 5.560000 2.660000
v 0.900001 5.560000 2.705000
v 0.874000 1.101389 2.660000
v 0.874000 1.228778 2.660000
v 0.874000 1.356166 2.660000
v 0.874000 1.483555 2.660000
v 0.874000 1.610944 2.660000
v 0.874000 1.738333 2.660000
v 0.874000 1.865722 2.660000
v 0.874000 2.120500 2.660000
v 0.874000 2.247889 2.660000
v 0.874000 2.375278 2.660000
v 0.874000 2.630055 2.660000
v 0.874000 2.757444 2.660000
v 0.874000 2.884833 2.660000
v 0.874000 3.012222 2.660000
v 0.874000 3.139611 2.660000
v 0.874000 3.267000 2.660000
v 0.874000 3.394388 2.660000
v 0.874000 3.649166 2.660000
v 0.874000 3.776555 2.660000
v 0.874000 3.903944 2.660000
v 0.874000 4.031333 2.660000
v 0.874000 4.158722 2.660000
v 0.874000 4.286111 2.660000
v 0.874000 4.413500 2.660000
v 0.874000 4.668278 2.660000
v 0.874000 4.795666 2.660000
v 0.874000 4.923055 2.660000
v 0.874000 5.177833 2.660000
v 0.874000 5.305222 2.660000
v 0.874000 5.432611 2.660000
v 0.900001 5.433333 2.705000
v 0.900001 5.306667 2.705000
v 0.900001 5.180000 2.705000
v 0.900001 4.926666 2.705000
v 0.900001 4.800000 2.705000
v 0.900001 4.673333 2.705000
v 0.900001 4.546666 2.705000
v 0.900001 4.420000 2.705000
v 0.900001 4.293333 2.705000
v 0.900001 4.166666 2.705000
v 0.900001 4.040000 2.705000
v 0.900001 3.913333 2.705000
v 0.900001 3.786667 2.705000
v 0.900001 3.660000 2.705000
v 0.900001 3.406667 2.705000
v 0.900001 3.280000 2.705000
v 0.900001 3.153333 2.705000
v 0.900001 2.900000 2.705000
v 0.900001 2.773333 2.705000
v 0.900001 2.646666 2.705000
v 0.900001 2.520000 2.705000
v 0.900001 2.393333 2.705000
v 0.900001 2.266667 2.705000
v 0.900001 2.140000 2.705000
v 0.900001 2.013333 2.705000
v 0.900001 1.886667 2.705000
v 0.900001 1.760000 2.705000
v 0.900001 1.633333 2.705000
v 0.900001 1.506666 2.705000
v 0.900001 1.380000 2.705000
v 0.900001 1.253333 2.705000
v 0.900001 1.126667 2.705000
v 0.887000 1.156370 2.682500
v 0.887000 1.495111 2.682500
v 0.887000 1.664481 2.682500
v 0.887000 1.833852 2.682500
v 0.887000 2.003222 2.682500
v 0.887000 2.172592 2.682500
v 0.887000 2.341963 2.682500
v 0.887000 2.511333 2.682500
v 0.887000 2.680703 2.682500
v 0.887000 2.850074 2.682500
v 0.887000 3.019444 2.682500
v 0.887000 3.188814 2.682500
v 0.887000 3.358185 2.682500
v 0.887000 3.527555 2.682500
v 0.887000 3.696926 2.682500
v 0.887000 3.866296 2.682500
v 0.887000 4.035666 2.682500
v 0.887000 4.205037 2.682500
v 0.887000 4.374407 2.682500
v 0.887000 4.543778 2.682500
v 0.887000 4.713148 2.682500
v 0.887000 4.882518 2.682500
v 0.887000 5.051889 2.682500
v 0.887000 5.221259 2.682500
v 0.887000 5.390630 2.682500
v 6.700000 0.974000 2.660000
v 6.700000 1.000000 2.705000
v 0.874000 0.974000 2.660000
v 0.900001 1.000000 2.705000
v 6.573348 0.974000 2.660000
v 6.446696 0.974000 2.660000
v 6.320045 0.974000 2.660000
v 6.193393 0.974000 2.660000
v 6.066737 0.974000 2.660000
v 5.940085 0.974000 2.660000
v 5.813434 0.974000 2.660000
v 5.686782 0.974000 2.660000
v 5.560130 0.974000 2.660000
v 5.433478 0.974000 2.660000
v 5.306827 0.974000 2.660000
v 5.180175 0.974000 2.660000
v 5.053523 0.974000 2.660000
v 4.926867 0.974000 2.660000
v 4.800216 0.974000 2.660000
v 4.673564 0.974000 2.660000
v 4.546912 0.974000 2.660000
v 4.420260 0.974000 2.660000
v 4.293609 0.974000 2.660000
v 4.166957 0.974000 2.660000
v 4.040305 0.974000 2.660000
v 3.913653 0.974000 2.660000
v 3.787002 0.974000 2.660000
v 3.660346 0.974000 2.660000
v 3.533694 0.974000 2.660000
v 3.407043 0.974000 2.660000
v 3.280391 0.974000 2.660000
v 3.153739 0.974000 2.660000
v 3.027087 0.974000 2.660000
v 2.900435 0.974000 2.660000
v 2.773784 0.974000 2.660000
v 2.647132 0.974000 2.660000
v 2.520476 0.974000 2.660000
v 2.393826 0.974000 2.660000
v 2.267173 0.974000 2.660000
v 2.140521 0.974000 2.660000
v 2.013869 0.974000 2.660000
v 1.887218 0.974000 2.660000
v 1.760566 0.974000 2.660000
v 1.633912 0.974000 2.660000
v 1.507260 0.974000 2.660000
v 1.380609 0.974000 2.660000
v 1.253957 0.974000 2.660000
v 1.127305 0.974000 2.660000
v 1.000651 0.974000 2.660000
v 1.026086 1.000000 2.705000
v 1.152173 1.000000 2.705000
v 1.278260 1.000000 2.705000
v 1.404347 1.000000 2.705000
v 1.530435 1.000000 2.705000
v 1.656522 1.000000 2.705000
v 1.782609 1.000000 2.705000
v 1.908696 1.000000 2.705000
v 2.034781 1.000000 2.705000
v 2.160869 1.000000 2.705000
v 2.286956 1.000000 2.705000
v 2.413043 1.000000 2.705000
v 2.539130 1.000000 2.705000
v 2.665217 1.000000 2.705000
v 2.791305 1.000000 2.705000
v 2.917392 1.000000 2.705000
v 3.043479 1.000000 2.705000
v 3.169566 1.000000 2.705000
v 3.295653 1.000000 2.705000
v 3.421741 1.000000 2.705000
v 3.547828 1.000000 2.705000
v 3.673911 1.000000 2.705000
v 3.799998 1.000000 2.705000
v 3.926085 1.000000 2.705000
v 4.052173 1.000000 2.705000
v 4.178260 1.000000 2.705000
v 4.304347 1.000000 2.705000
v 4.430434 1.000000 2.705000
v 4.556521 1.000000 2.705000
v 4.682609 1.000000 2.705000
v 4.808696 1.000000 2.705000
v 4.934783 1.000000 2.705000
v 5.060870 1.000000 2.705000
v 5.186957 1.000000 2.705000
v 5.313045 1.000000 2.705000
v 5.439132 1.000000 2.705000
v 5.565219 1.000000 2.705000
v 5.691302 1.000000 2.705000
v 5.817389 1.000000 2.705000
v 5.943477 1.000000 2.705000
v 6.069564 1.000000 2.705000
v 6.195651 1.000000 2.705000
v 6.321738 1.000000 2.705000
v 6.447825 1.000000 2.705000
v 6.573913 1.000000 2.705000
v 6.529029 0.987000 2.682500
v 6.187087 0.987000 2.682500
v 6.016116 0.987000 2.682500
v 5.845145 0.987000 2.682500
v 5.674178 0.987000 2.682500
v 5.503207 0.987000 2.682500
v 5.332236 0.987000 2.682500
v 5.161265 0.987000 2.682500
v 4.990294 0.987000 2.682500
v 4.648353 0.987000 2.682500
v 4.819324 0.987000 2.682500
v 4.477382 0.987000 2.682500
v 4.306411 0.987000 2.682500
v 4.135440 0.987000 2.682500
v 3.964469 0.987000 2.682500
v 3.793498 0.987000 2.682500
v 3.622531 0.987000 2.682500
v 3.451560 0.987000 2.682500
v 3.109618 0.987000 2.682500
v 3.280589 0.987000 2.682500
v 2.938647 0.987000 2.682500
v 2.767676 0.987000 2.682500
v 2.596705 0.987000 2.682500
v 2.425735 0.987000 2.682500
v 2.254764 0.987000 2.682500
v 1.912824 0.987000 2.682500
v 2.083795 0.987000 2.682500
v 1.741853 0.987000 2.682500
v 1.399911 0.987000 2.682500
v 1.570882 0.987000 2.682500
v 1.228940 0.987000 2.682500
v 1.057971 0.987000 2.682500
v -2.900001 5.560000 4.839000
v -4.158000 5.560000 4.112667
v -5.415999 5.560000 3.386333
v -6.674001 5.560000 2.660000
v 0.874000 5.560000 2.660000
v -0.384000 5.560000 3.386333
v -1.642001 5.560000 4.112667
v -6.700000 5.560000 2.705000
v 0.900001 5.560000 2.705000
v -2.900001 5.560000 4.899000
v -1.000001 5.560000 3.802000
v 6.700000 -5.534000 2.660000
v 6.700000 -4.720500 3.129500
v 6.700000 -3.907000 3.599000
v 6.700000 -3.093500 4.068500
v 6.700000 -2.280000 4.538000
v 6.700000 -5.560000 2.705000
v 6.700000 0.974000 2.660000
v 6.700000 1.000000 2.705000
v 6.700000 -2.280000 4.598000
v 6.700000 -1.195334 3.912000
v 6.700000 -0.110667 3.286000
v -1.000155 1.640093 3.801705
v 0.900001 1.000000 2.705000
v 0.900001 1.126667 2.705000
v 0.900001 1.253333 2.705000
v 0.900001 1.380000 2.705000
v 0.900001 1.506666 2.705000
v 0.900001 1.633333 2.705000
v 0.900001 1.760000 2.705000
v 0.900001 1.886667 2.705000
v 0.900001 2.013333 2.705000
v 0.900001 2.140000 2.705000
v 0.900001 2.266667 2.705000
v 0.900001 2.393333 2.705000
v 0.900001 2.520000 2.705000
v 0.900001 2.646666 2.705000
v 0.900001 2.773333 2.705000
v 0.900001 2.900000 2.705000
v 0.900001 3.026666 2.705000
v 0.900001 3.153333 2.705000
v 0.900001 3.280000 2.705000
v 0.900001 3.406667 2.705000
v 0.900001 3.533333 2.705000
v 0.900001 3.660000 2.705000
v 0.900001 3.786667 2.705000
v 0.900001 3.913333 2.705000
v 0.900001 4.040000 2.705000
v 0.900001 4.166666 2.705000
v 0.900001 4.293333 2.705000
v 0.900001 4.420000 2.705000
v 0.900001 4.546666 2.705000
v 0.900001 4.673333 2.705000
v 0.900001 4.800000 2.705000
v 0.900001 4.926666 2.705000
v 0.900001 5.053333 2.705000
v 0.900001 5.180000 2.705000
v 0.900001 5.306667 2.705000
v 0.900001 5.433333 2.705000
v 0.900001 5.560000 2.705000
v -0.031075 1.640147 3.242189
v -1.000155 -0.359115 3.801509
v 0.453464 1.640175 2.962432
v -0.031075 0.640544 3.242092
v 0.453464 0.640571 2.962334
v -1.000155 3.639300 3.801901
v -0.031075 3.639355 3.242385
v 0.695733 1.640188 2.822553
v 0.453464 1.140373 2.962383
v 0.695733 1.140387 2.822504
v 0.453464 3.639382 2.962628
v -0.031075 2.639751 3.242288
v 0.453464 2.639778 2.962530
v 0.816869 1.140393 2.752564
v 0.816869 1.640196 2.752614
v 0.695733 1.390288 2.822528
v 0.816869 1.390295 2.752589
v 0.695733 2.639792 2.822651
v 0.453464 2.139977 2.962481
v 0.695733 2.139991 2.822602
v 0.816869 2.139997 2.752662
v 0.695733 1.890089 2.822578
v 0.816869 1.890096 2.752638
v 0.816869 2.639799 2.752711
v 0.695733 2.389891 2.822626
v 0.816869 2.389898 2.752687
v 0.695733 3.639396 2.822749
v 0.453464 3.139580 2.962579
v 0.695733 3.139594 2.822700
v -0.031075 4.638959 3.242484
v 0.453464 4.638986 2.962726
v 0.816869 3.139601 2.752760
v 0.695733 2.889693 2.822675
v 0.816869 2.889700 2.752736
v 0.816869 3.639403 2.752810
v 0.695733 3.389495 2.822724
v 0.816869 3.389502 2.752785
v 0.695733 4.639000 2.822847
v 0.453464 4.139184 2.962677
v 0.695733 4.139198 2.822798
v 0.816869 4.139205 2.752858
v 0.695733 3.889297 2.822773
v 0.816869 3.889304 2.752834
v 0.816869 4.639007 2.752907
v 0.695733 4.389099 2.822822
v 0.816869 4.389106 2.752883
v 0.453464 5.138788 2.962775
v 0.695733 5.138802 2.822896
v 0.816869 5.138808 2.752956
v 0.695733 4.888901 2.822871
v 0.816869 4.888908 2.752932
v 0.695733 5.388703 2.822920
v 0.816869 5.388709 2.752981
v -1.000001 5.560000 3.802000
v -2.900001 5.560000 4.899000
v -2.900001 -1.760000 4.899000
v -2.380000 -2.280000 4.598000
v -1.969235 1.640038 4.361221
v -1.969235 -0.359170 4.361025
v -0.740001 -0.640000 3.651500
v -2.900001 3.120000 4.899000
v -2.900001 0.680000 4.899000
v -2.380000 -2.280000 4.598000
v 0.900001 1.000000 2.705000
v 6.700000 -2.280000 4.598000
v 6.700000 1.000000 2.705000
v 6.573913 1.000000 2.705000
v 6.447825 1.000000 2.705000
v 6.321738 1.000000 2.705000
v 6.195651 1.000000 2.705000
v 6.069564 1.000000 2.705000
v 5.943477 1.000000 2.705000
v 5.817389 1.000000 2.705000
v 5.691302 1.000000 2.705000
v 5.565219 1.000000 2.705000
v 5.439132 1.000000 2.705000
v 5.313045 1.000000 2.705000
v 5.186957 1.000000 2.705000
v 5.060870 1.000000 2.705000
v 4.934783 1.000000 2.705000
v 4.808696 1.000000 2.705000
v 4.682609 1.000000 2.705000
v 4.556521 1.000000 2.705000
v 4.430434 1.000000 2.705000
v 4.304347 1.000000 2.705000
v 4.178260 1.000000 2.705000
v 4.052173 1.000000 2.705000
v 3.926085 1.000000 2.705000
v 3.799998 1.000000 2.705000
v 3.673911 1.000000 2.705000
v 3.547828 1.000000 2.705000
v 3.421741 1.000000 2.705000
v 3.295653 1.000000 2.705000
v 3.169566 1.000000 2.705000
v 3.043479 1.000000 2.705000
v 2.917392 1.000000 2.705000
v 2.791305 1.000000 2.705000
v 2.665217 1.000000 2.705000
v 2.539130 1.000000 2.705000
v 2.413043 1.000000 2.705000
v 2.286956 1.000000 2.705000
v 2.160869 1.000000 2.705000
v 2.034781 1.000000 2.705000
v 1.908696 1.000000 2.705000
v 1.782609 1.000000 2.705000
v 1.656522 1.000000 2.705000
v 1.530435 1.000000 2.705000
v 1.404347 1.000000 2.705000
v 1.278260 1.000000 2.705000
v 1.152173 1.000000 2.705000
v 1.026086 1.000000 2.705000
v -0.740001 -0.640000 3.651500
v 2.979999 -0.640000 3.651500
v 3.389998 0.180000 3.178250
v 4.839999 -0.640000 3.651500
v 5.045001 0.180000 3.178250
v 5.147498 0.590000 2.941625
v 5.872500 0.180000 3.178250
v 5.923751 0.590000 2.941625
v 5.949374 0.795000 2.823312
v 6.311873 0.590000 2.941625
v 6.324687 0.795000 2.823312
v 5.198749 0.795000 2.823312
v 5.535625 0.590000 2.941625
v 5.574061 0.795000 2.823312
v 3.595000 0.590000 2.941625
v 4.217502 0.180000 3.178250
v 4.371249 0.590000 2.941625
v 1.120000 -0.640000 3.651500
v 1.735000 0.180000 3.178250
v 4.448123 0.795000 2.823312
v 4.759376 0.590000 2.941625
v 4.823436 0.795000 2.823312
v 3.697501 0.795000 2.823312
v 3.983127 0.590000 2.941625
v 4.072814 0.795000 2.823312
v 2.042500 0.590000 2.941625
v 2.562499 0.180000 3.178250
v 2.818751 0.590000 2.941625
v 2.946876 0.795000 2.823312
v 3.206874 0.590000 2.941625
v 3.322188 0.795000 2.823312
v 2.196250 0.795000 2.823312
v 2.430625 0.590000 2.941625
v 2.571563 0.795000 2.823312
v 0.907500 0.180000 3.178250
v 1.266250 0.590000 2.941625
v 1.445624 0.795000 2.823312
v 1.654374 0.590000 2.941625
v 1.820937 0.795000 2.823312
v 0.878125 0.590000 2.941625
v 1.070312 0.795000 2.823312
v 2.159999 -2.280000 4.598000
v -6.700000 -5.560000 2.705000
v -6.569903 -5.560000 2.705000
v -6.439807 -5.560000 2.705000
v -6.309709 -5.560000 2.705000
v -6.179612 -5.560000 2.705000
v -6.049516 -5.560000 2.705000
v -5.919417 -5.560000 2.705000
v -5.789321 -5.560000 2.705000
v -5.659223 -5.560000 2.705000
v -5.529126 -5.560000 2.705000
v -5.399030 -5.560000 2.705000
v -5.268931 -5.560000 2.705000
v -5.138835 -5.560000 2.705000
v -5.008739 -5.560000 2.705000
v -4.878640 -5.560000 2.705000
v -4.748544 -5.560000 2.705000
v -4.618447 -5.560000 2.705000
v -4.488349 -5.560000 2.705000
v -4.358253 -5.560000 2.705000
v -4.228156 -5.560000 2.705000
v -4.098058 -5.560000 2.705000
v -3.967961 -5.560000 2.705000
v -3.837865 -5.560000 2.705000
v -3.707767 -5.560000 2.705000
v -3.577670 -5.560000 2.705000
v -3.447574 -5.560000 2.705000
v -3.317475 -5.560000 2.705000
v -3.187379 -5.560000 2.705000
v -3.057282 -5.560000 2.705000
v -2.927184 -5.560000 2.705000
v -2.797088 -5.560000 2.705000
v -2.666991 -5.560000 2.705000
v -2.536893 -5.560000 2.705000
v -2.406796 -5.560000 2.705000
v -2.276700 -5.560000 2.705000
v -2.146602 -5.560000 2.705000
v -2.016505 -5.560000 2.705000
v -1.886409 -5.560000 2.705000
v -1.756310 -5.560000 2.705000
v -1.626214 -5.560000 2.705000
v -1.496118 -5.560000 2.705000
v -1.366019 -5.560000 2.705000
v -1.235923 -5.560000 2.705000
v -1.105826 -5.560000 2.705000
v -0.975728 -5.560000 2.705000
v -0.845632 -5.560000 2.705000
v -0.715535 -5.560000 2.705000
v -0.585437 -5.560000 2.705000
v -0.455340 -5.560000 2.705000
v -0.325242 -5.560000 2.705000
v -0.195146 -5.560000 2.705000
v -0.065049 -5.560000 2.705000
v 0.065049 -5.560000 2.705000
v 0.195146 -5.560000 2.705000
v 0.325242 -5.560000 2.705000
v 0.455340 -5.560000 2.705000
v 0.585437 -5.560000 2.705000
v 0.715533 -5.560000 2.705000
v 0.845632 -5.560000 2.705000
v 0.975728 -5.560000 2.705000
v 1.105824 -5.560000 2.705000
v 1.235923 -5.560000 2.705000
v 1.366019 -5.560000 2.705000
v 1.496116 -5.560000 2.705000
v 1.626214 -5.560000 2.705000
v 1.756310 -5.560000 2.705000
v 1.886407 -5.560000 2.705000
v 2.016505 -5.560000 2.705000
v 2.146602 -5.560000 2.705000
v 2.276698 -5.560000 2.705000
v 2.406796 -5.560000 2.705000
v 2.536895 -5.560000 2.705000
v 2.666991 -5.560000 2.705000
v 2.797088 -5.560000 2.705000
v 2.927184 -5.560000 2.705000
v 3.057281 -5.560000 2.705000
v 3.187377 -5.560000 2.705000
v 3.317477 -5.560000 2.705000
v 3.447574 -5.560000 2.705000
v 3.577670 -5.560000 2.705000
v 3.707767 -5.560000 2.705000
v 3.837863 -5.560000 2.705000
v 3.967959 -5.560000 2.705000
v 4.098060 -5.560000 2.705000
v 4.228156 -5.560000 2.705000
v 4.358253 -5.560000 2.705000
v 4.488349 -5.560000 2.705000
v 4.618445 -5.560000 2.705000
v 4.748542 -5.560000 2.705000
v 4.878642 -5.560000 2.705000
v 5.008739 -5.560000 2.705000
v 5.138835 -5.560000 2.705000
v 5.268931 -5.560000 2.705000
v 5.399028 -5.560000 2.705000
v 5.529124 -5.560000 2.705000
v 5.659225 -5.560000 2.705000
v 5.789321 -5.560000 2.705000
v 5.919417 -5.560000 2.705000
v 6.049514 -5.560000 2.705000
v 6.179610 -5.560000 2.705000
v 6.309707 -5.560000 2.705000
v 6.439807 -5.560000 2.705000
v 6.569903 -5.560000 2.705000
v 6.700000 -5.560000 2.705000
v -0.000001 -3.660000 3.802000
v -0.000001 -4.629000 3.242530
v -3.417001 -3.660000 3.802000
v -3.417001 -4.629000 3.242530
v -3.417001 -5.113500 2.962795
v -5.125501 -4.629000 3.242530
v -5.125501 -5.113500 2.962795
v -5.125501 -5.355750 2.822928
v -5.979751 -5.113500 2.962795
v -5.979751 -5.355750 2.822928
v -5.979751 -5.476875 2.752994
v -6.406875 -5.355750 2.822928
v -6.406875 -5.476875 2.752994
v -5.125501 -5.476875 2.752994
v -5.552625 -5.355750 2.822928
v -5.552625 -5.476875 2.752994
v -3.417001 -5.355750 2.822928
v -4.271251 -5.113500 2.962795
v -4.271251 -5.355750 2.822928
v -0.000001 -5.113500 2.962795
v -1.708501 -4.629000 3.242530
v -1.708501 -5.113500 2.962795
v 3.416999 -3.660000 3.802000
v 3.416999 -4.629000 3.242530
v -4.271251 -5.476875 2.752994
v -4.698375 -5.355750 2.822928
v -4.698375 -5.476875 2.752994
v -3.417001 -5.476875 2.752994
v -3.844125 -5.355750 2.822928
v -3.844125 -5.476875 2.752994
v -1.708501 -5.355750 2.822928
v -2.562751 -5.113500 2.962795
v -2.562751 -5.355750 2.822928
v -2.562751 -5.476875 2.752994
v -2.989875 -5.355750 2.822928
v -2.989875 -5.476875 2.752994
v -1.708501 -5.476875 2.752994
v -2.135625 -5.355750 2.822928
v -2.135625 -5.476875 2.752994
v -0.000001 -5.355750 2.822928
v -0.854251 -5.113500 2.962795
v -0.854251 -5.355750 2.822928
v 3.416999 -5.113500 2.962795
v 1.708499 -4.629000 3.242530
v 1.708499 -5.113500 2.962795
v -0.854251 -5.476875 2.752994
v -1.281375 -5.355750 2.822928
v -1.281375 -5.476875 2.752994
v -0.000001 -5.476875 2.752994
v -0.427125 -5.355750 2.822928
v -0.427125 -5.476875 2.752994
v 1.708499 -5.355750 2.822928
v 0.854249 -5.113500 2.962795
v 0.854249 -5.355750 2.822928
v 0.854249 -5.476875 2.752994
v 0.427125 -5.355750 2.822928
v 0.427125 -5.476875 2.752994
v 1.708499 -5.476875 2.752994
v 1.281375 -5.355750 2.822928
v 1.281375 -5.476875 2.752994
v 3.416999 -5.355750 2.822928
v 2.562751 -5.113500 2.962795
v 2.562751 -5.355750 2.822928
v 5.125499 -4.629000 3.242530
v 5.125499 -5.113500 2.962795
v 2.562751 -5.476875 2.752994
v 2.135625 -5.355750 2.822928
v 2.135625 -5.476875 2.752994
v 3.416999 -5.476875 2.752994
v 2.989875 -5.355750 2.822928
v 2.989875 -5.476875 2.752994
v 5.125499 -5.355750 2.822928
v 4.271251 -5.113500 2.962795
v 4.271251 -5.355750 2.822928
v 4.271251 -5.476875 2.752994
v 3.844123 -5.355750 2.822928
v 3.844123 -5.476875 2.752994
v 5.125499 -5.476875 2.752994
v 4.698375 -5.355750 2.822928
v 4.698375 -5.476875 2.752994
v 5.979751 -5.113500 2.962795
v 5.979751 -5.355750 2.822928
v 5.979751 -5.476875 2.752994
v 5.552627 -5.355750 2.822928
v 5.552627 -5.476875 2.752994
v 6.406875 -5.355750 2.822928
v 6.406875 -5.476875 2.752994
v 6.700000 -2.280000 4.598000
v -2.380000 -2.280000 4.598000
v -2.900001 -1.760000 4.899000
v -0.000001 -2.691000 4.361470
v -3.417001 -2.691000 4.361470
v -1.708501 -2.691000 4.361470
v 3.416999 -2.691000 4.361470
v 2.159999 -2.280000 4.598000
v -6.700000 -5.560000 2.705000
v -6.700000 5.560000 2.705000
v -2.900001 -1.760000 4.899000
v -2.900001 5.560000 4.899000
v -6.700000 5.430697 2.705000
v -6.700000 5.301395 2.705000
v -6.700000 5.172093 2.705000
v -6.700000 5.042791 2.705000
v -6.700000 4.913488 2.705000
v -6.700000 4.784186 2.705000
v -6.700000 4.654884 2.705000
v -6.700000 4.525581 2.705000
v -6.700000 4.396279 2.705000
v -6.700000 4.266977 2.705000
v -6.700000 4.137674 2.705000
v -6.700000 4.008372 2.705000
v -6.700000 3.879070 2.705000
v -6.700000 3.749767 2.705000
v -6.700000 3.620465 2.705000
v -6.700000 3.491163 2.705000
v -6.700000 3.361860 2.705000
v -6.700000 3.232558 2.705000
v -6.700000 3.103256 2.705000
v -6.700000 2.973953 2.705000
v -6.700000 2.844651 2.705000
v -6.700000 2.715348 2.705000
v -6.700000 2.586046 2.705000
v -6.700000 2.456744 2.705000
v -6.700000 2.327441 2.705000
v -6.700000 2.198139 2.705000
v -6.700000 2.068837 2.705000
v -6.700000 1.939534 2.705000
v -6.700000 1.810232 2.705000
v -6.700000 1.680930 2.705000
v -6.700000 1.551628 2.705000
v -6.700000 1.422325 2.705000
v -6.700000 1.293023 2.705000
v -6.700000 1.163721 2.705000
v -6.700000 1.034418 2.705000
v -6.700000 0.905116 2.705000
v -6.700000 0.775814 2.705000
v -6.700000 0.646511 2.705000
v -6.700000 0.517209 2.705000
v -6.700000 0.387907 2.705000
v -6.700000 0.258605 2.705000
v -6.700000 0.129302 2.705000
v -6.700000 -0.000000 2.705000
v -6.700000 -0.129303 2.705000
v -6.700000 -0.258605 2.705000
v -6.700000 -0.387907 2.705000
v -6.700000 -0.517210 2.705000
v -6.700000 -0.646512 2.705000
v -6.700000 -0.775814 2.705000
v -6.700000 -0.905117 2.705000
v -6.700000 -1.034419 2.705000
v -6.700000 -1.163721 2.705000
v -6.700000 -1.293023 2.705000
v -6.700000 -1.422326 2.705000
v -6.700000 -1.551628 2.705000
v -6.700000 -1.680930 2.705000
v -6.700000 -1.810233 2.705000
v -6.700000 -1.939535 2.705000
v -6.700000 -2.068837 2.705000
v -6.700000 -2.198140 2.705000
v -6.700000 -2.327442 2.705000
v -6.700000 -2.456744 2.705000
v -6.700000 -2.586047 2.705000
v -6.700000 -2.715349 2.705000
v -6.700000 -2.844651 2.705000
v -6.700000 -2.973954 2.705000
v -6.700000 -3.103256 2.705000
v -6.700000 -3.232558 2.705000
v -6.700000 -3.361861 2.705000
v -6.700000 -3.491163 2.705000
v -6.700000 -3.620465 2.705000
v -6.700000 -3.749768 2.705000
v -6.700000 -3.879070 2.705000
v -6.700000 -4.008372 2.705000
v -6.700000 -4.137675 2.705000
v -6.700000 -4.266977 2.705000
v -6.700000 -4.396279 2.705000
v -6.700000 -4.525582 2.705000
v -6.700000 -4.654884 2.705000
v -6.700000 -4.784186 2.705000
v -6.700000 -4.913489 2.705000
v -6.700000 -5.042791 2.705000
v -6.700000 -5.172093 2.705000
v -6.700000 -5.301396 2.705000
v -6.700000 -5.430698 2.705000
v -4.800000 0.950000 3.802000
v -4.800000 3.255000 3.802000
v -5.750001 0.475000 3.253500
v -5.750001 3.017500 3.253500
v -5.750001 4.288750 3.253500
v -6.224999 2.898750 2.979250
v -6.224999 4.229375 2.979250
v -6.224999 4.894687 2.979250
v -6.462501 4.199687 2.842125
v -6.462501 4.879843 2.842125
v -6.462501 5.219922 2.842125
v -6.581250 4.872422 2.773562
v -6.581250 5.216211 2.773562
v -6.462501 4.539766 2.842125
v -6.581250 4.184843 2.773562
v -6.581250 4.528632 2.773562
v -6.224999 3.564062 2.979250
v -6.462501 2.839375 2.842125
v -6.462501 3.519531 2.842125
v -5.750001 1.746250 3.253500
v -6.224999 0.237500 2.979250
v -6.224999 1.568125 2.979250
v -4.800000 -1.355000 3.802000
v -5.750001 -2.067500 3.253500
v -6.462501 3.859609 2.842125
v -6.581250 3.497266 2.773562
v -6.581250 3.841055 2.773562
v -6.462501 3.179453 2.842125
v -6.581250 2.809687 2.773562
v -6.581250 3.153476 2.773562
v -6.224999 2.233437 2.979250
v -6.462501 1.479062 2.842125
v -6.462501 2.159219 2.842125
v -6.462501 2.499296 2.842125
v -6.581250 2.122109 2.773562
v -6.581250 2.465898 2.773562
v -6.462501 1.819140 2.842125
v -6.581250 1.434531 2.773562
v -6.581250 1.778320 2.773562
v -6.224999 0.902812 2.979250
v -6.462501 0.118750 2.842125
v -6.462501 0.798906 2.842125
v -5.750001 -0.796250 3.253500
v -6.224999 -2.423750 2.979250
v -6.224999 -1.093125 2.979250
v -6.462501 1.138984 2.842125
v -6.581250 0.746953 2.773562
v -6.581250 1.090742 2.773562
v -6.462501 0.458828 2.842125
v -6.581250 0.059375 2.773562
v -6.581250 0.403164 2.773562
v -6.224999 -0.427813 2.979250
v -6.462501 -1.241563 2.842125
v -6.462501 -0.561406 2.842125
v -6.462501 -0.221328 2.842125
v -6.581250 -0.628203 2.773562
v -6.581250 -0.284414 2.773562
v -6.462501 -0.901485 2.842125
v -6.581250 -1.315781 2.773562
v -6.581250 -0.971992 2.773562
v -6.224999 -1.758438 2.979250
v -6.462501 -2.601875 2.842125
v -6.462501 -1.921719 2.842125
v -5.750001 -3.338750 3.253500
v -6.224999 -3.754375 2.979250
v -6.462501 -1.581641 2.842125
v -6.581250 -2.003360 2.773562
v -6.581250 -1.659571 2.773562
v -6.462501 -2.261797 2.842125
v -6.581250 -2.690938 2.773562
v -6.581250 -2.347149 2.773562
v -6.224999 -3.089063 2.979250
v -6.462501 -3.962188 2.842125
v -6.462501 -3.282031 2.842125
v -6.462501 -2.941953 2.842125
v -6.581250 -3.378516 2.773562
v -6.581250 -3.034727 2.773562
v -6.462501 -3.622110 2.842125
v -6.581250 -4.066094 2.773562
v -6.581250 -3.722305 2.773562
v -6.224999 -4.419688 2.979250
v -6.462501 -4.642344 2.842125
v -2.900001 0.680000 4.899000
v -2.900001 3.120000 4.899000
v 6.499999 -2.280000 4.538000
v 6.499999 -0.833500 3.703000
v 6.499999 0.613000 2.868000
v 6.700000 -2.280000 4.538000
v 6.700000 0.974000 2.660000
v 6.600001 -1.511625 4.094500
v 6.650001 -1.489063 4.081500
v 6.600001 -1.895813 4.316250
v 6.650001 -1.884531 4.309750
v 6.700000 -1.195334 3.912000
v 6.700000 -0.110667 3.286000
v 6.499999 0.130833 3.146333
v 6.499999 -0.351334 3.424667
v 6.499999 -1.315667 3.981333
v 6.499999 -1.797834 4.259666
v -1.623000 -5.127000 1.600000
v -1.623000 -5.127000 2.110000
v -0.613000 -5.127000 1.600000
v -0.613000 -5.127000 2.110000
v -0.697167 -5.127000 2.110000
v -0.781333 -5.127000 2.110000
v -0.865500 -5.127000 2.110000
v -0.949666 -5.127000 2.110000
v -1.033834 -5.127000 2.110000
v -1.118001 -5.127000 2.110000
v -1.202167 -5.127000 2.110000
v -1.286334 -5.127000 2.110000
v -1.370500 -5.127000 2.110000
v -1.454667 -5.127000 2.110000
v -1.538833 -5.127000 2.110000
v -1.118001 -5.127000 1.855000
v -1.118001 -5.127000 1.982500
v -0.865500 -5.127000 1.855000
v -0.865500 -5.127000 1.982500
v -1.370500 -5.127000 1.855000
v -1.370500 -5.127000 1.982500
v -1.538833 -5.127000 1.600000
v -1.454667 -5.127000 1.600000
v -1.370500 -5.127000 1.600000
v -1.286334 -5.127000 1.600000
v -1.202167 -5.127000 1.600000
v -1.118001 -5.127000 1.600000
v -1.033834 -5.127000 1.600000
v -0.949666 -5.127000 1.600000
v -0.865500 -5.127000 1.600000
v -0.781333 -5.127000 1.600000
v -0.697167 -5.127000 1.600000
v -1.118001 -5.127000 1.727500
v -1.370500 -5.127000 1.727500
v -0.865500 -5.127000 1.727500
v -1.623000 -5.127000 2.037143
v -1.623000 -5.127000 1.964285
v -1.623000 -5.127000 1.891429
v -1.623000 -5.127000 1.818571
v -1.623000 -5.127000 1.745714
v -1.623000 -5.127000 1.672857
v -0.613000 -5.127000 1.672857
v -0.613000 -5.127000 1.745714
v -0.613000 -5.127000 1.818571
v -0.613000 -5.127000 1.891429
v -0.613000 -5.127000 1.964285
v -0.613000 -5.127000 2.037143
# Rhino

mtllib A-40_truth.mtl
usemtl diffuse_0_0_0_255
vt 0.040378570556640625 0.066081471741199493
vt 0.040378570556640625 0.079595088958740234
vt 0.070041805505752563 0.066081471741199493
vt 0.070041805505752563 0.079595088958740234
vt 0.04285050556063652 0.066081471741199493
vt 0.045322444289922714 0.066081471741199493
vt 0.04779437929391861 0.066081471741199493
vt 0.050266314297914505 0.066081471741199493
vt 0.052738253027200699 0.066081471741199493
vt 0.055210188031196594 0.066081471741199493
vt 0.05768212303519249 0.066081471741199493
vt 0.060154061764478683 0.066081471741199493
vt 0.062625996768474579 0.066081471741199493
vt 0.065097935497760773 0.066081471741199493
vt 0.06756986677646637 0.066081471741199493
vt 0.055210188031196594 0.072838276624679565
vt 0.055210188031196594 0.069459870457649231
vt 0.04779437929391861 0.072838276624679565
vt 0.04779437929391861 0.069459870457649231
vt 0.062625996768474579 0.072838276624679565
vt 0.062625996768474579 0.069459870457649231
vt 0.070041805505752563 0.06801198422908783
vt 0.070041805505752563 0.069942504167556763
vt 0.070041805505752563 0.071873024106025696
vt 0.070041805505752563 0.073803536593914032
vt 0.070041805505752563 0.075734056532382965
vt 0.070041805505752563 0.077664576470851898
vt 0.055210188031196594 0.0762166827917099
vt 0.062625996768474579 0.0762166827917099
vt 0.06756986677646637 0.079595088958740234
vt 0.065097935497760773 0.079595088958740234
vt 0.062625996768474579 0.079595088958740234
vt 0.060154061764478683 0.079595088958740234
vt 0.05768212303519249 0.079595088958740234
vt 0.055210188031196594 0.079595088958740234
vt 0.052738253027200699 0.079595088958740234
vt 0.050266314297914505 0.079595088958740234
vt 0.04779437929391861 0.079595088958740234
vt 0.045322444289922714 0.079595088958740234
vt 0.04285050556063652 0.079595088958740234
vt 0.04779437929391861 0.0762166827917099
vt 0.040378570556640625 0.077664576470851898
vt 0.040378570556640625 0.075734056532382965
vt 0.040378570556640625 0.073803536593914032
vt 0.040378570556640625 0.071873024106025696
vt 0.040378570556640625 0.069942504167556763
vt 0.040378570556640625 0.06801198422908783
vt 0.014978465624153614 0.053158868104219437
vt 0 0.053158868104219437
vt 0.014978465624153614 0.082822106778621674
vt 0 0.082822106778621674
vt 0.014978465624153614 0.05563080683350563
vt 0.014978465624153614 0.058102741837501526
vt 0.014978465624153614 0.06057468056678772
vt 0.014978465624153614 0.063046619296073914
vt 0.014978465624153614 0.06551855057477951
vt 0.014978465624153614 0.067990489304065704
vt 0.014978465624153614 0.070462420582771301
vt 0.014978465624153614 0.072934359312057495
vt 0.014978465624153614 0.075406298041343689
vt 0.014978465624153614 0.077878236770629883
vt 0.014978465624153614 0.08035016804933548
vt 0.007489232812076807 0.067990489304065704
vt 0.011233849450945854 0.067990489304065704
vt 0.007489232812076807 0.06057468056678772
vt 0.011233849450945854 0.06057468056678772
vt 0.007489232812076807 0.075406298041343689
vt 0.011233849450945854 0.075406298041343689
vt 0.01283868495374918 0.082822106778621674
vt 0.010698904283344746 0.082822106778621674
vt 0.0085591236129403114 0.082822106778621674
vt 0.0064193420112133026 0.082822106778621674
vt 0.0042795613408088684 0.082822106778621674
vt 0.0021397806704044342 0.082822106778621674
vt 0.0037446164060384035 0.067990489304065704
vt 0.0037446164060384035 0.075406298041343689
vt 0 0.08035016804933548
vt 0 0.077878236770629883
vt 0 0.075406298041343689
vt 0 0.072934359312057495
vt 0 0.070462420582771301
vt 0 0.067990489304065704
vt 0 0.06551855057477951
vt 0 0.063046619296073914
vt 0 0.06057468056678772
vt 0 0.058102741837501526
vt 0 0.05563080683350563
vt 0.0037446164060384035 0.06057468056678772
vt 0.0021397806704044342 0.053158868104219437
vt 0.0042795613408088684 0.053158868104219437
vt 0.0064193420112133026 0.053158868104219437
vt 0.0085591236129403114 0.053158868104219437
vt 0.010698904283344746 0.053158868104219437
vt 0.01283868495374918 0.053158868104219437
vt 0.040378570556640625 0.063144512474536896
vt 0.040378570556640625 0.063731901347637177
vt 0.070041805505752563 0.063144512474536896
vt 0.070041805505752563 0.063731901347637177
vt 0.06756986677646637 0.063731901347637177
vt 0.065097935497760773 0.063731901347637177
vt 0.062625996768474579 0.063731901347637177
vt 0.060154061764478683 0.063731901347637177
vt 0.05768212303519249 0.063731901347637177
vt 0.055210188031196594 0.063731901347637177
vt 0.052738253027200699 0.063731901347637177
vt 0.050266314297914505 0.063731901347637177
vt 0.04779437929391861 0.063731901347637177
vt 0.045322444289922714 0.063731901347637177
vt 0.04285050556063652 0.063731901347637177
vt 0.04285050556063652 0.063144512474536896
vt 0.045322444289922714 0.063144512474536896
vt 0.04779437929391861 0.063144512474536896
vt 0.050266314297914505 0.063144512474536896
vt 0.052738253027200699 0.063144512474536896
vt 0.055210188031196594 0.063144512474536896
vt 0.05768212303519249 0.063144512474536896
vt 0.060154061764478683 0.063144512474536896
vt 0.062625996768474579 0.063144512474536896
vt 0.065097935497760773 0.063144512474536896
vt 0.06756986677646637 0.063144512474536896
vt 0.040378570556640625 0.062557123601436615
vt 0.040378570556640625 0.063144512474536896
vt 0.070041805505752563 0.062557123601436615
vt 0.070041805505752563 0.063144512474536896
vt 0.06756986677646637 0.063144512474536896
vt 0.065097935497760773 0.063144512474536896
vt 0.062625996768474579 0.063144512474536896
vt 0.060154061764478683 0.063144512474536896
vt 0.05768212303519249 0.063144512474536896
vt 0.055210188031196594 0.063144512474536896
vt 0.052738253027200699 0.063144512474536896
vt 0.050266314297914505 0.063144512474536896
vt 0.04779437929391861 0.063144512474536896
vt 0.045322444289922714 0.063144512474536896
vt 0.04285050556063652 0.063144512474536896
vt 0.04285050556063652 0.062557123601436615
vt 0.045322444289922714 0.062557123601436615
vt 0.04779437929391861 0.062557123601436615
vt 0.050266314297914505 0.062557123601436615
vt 0.052738253027200699 0.062557123601436615
vt 0.055210188031196594 0.062557123601436615
vt 0.05768212303519249 0.062557123601436615
vt 0.060154061764478683 0.062557123601436615
vt 0.062625996768474579 0.062557123601436615
vt 0.065097935497760773 0.062557123601436615
vt 0.06756986677646637 0.062557123601436615
vt 0.040378570556640625 0.064319297671318054
vt 0.040378570556640625 0.064906686544418335
vt 0.070041805505752563 0.064319297671318054
vt 0.070041805505752563 0.064906686544418335
vt 0.04285050556063652 0.064319297671318054
vt 0.045322444289922714 0.064319297671318054
vt 0.04779437929391861 0.064319297671318054
vt 0.050266314297914505 0.064319297671318054
vt 0.052738253027200699 0.064319297671318054
vt 0.055210188031196594 0.064319297671318054
vt 0.05768212303519249 0.064319297671318054
vt 0.060154061764478683 0.064319297671318054
vt 0.062625996768474579 0.064319297671318054
vt 0.065097935497760773 0.064319297671318054
vt 0.06756986677646637 0.064319297671318054
vt 0.06756986677646637 0.064906686544418335
vt 0.065097935497760773 0.064906686544418335
vt 0.062625996768474579 0.064906686544418335
vt 0.060154061764478683 0.064906686544418335
vt 0.05768212303519249 0.064906686544418335
vt 0.055210188031196594 0.064906686544418335
vt 0.052738253027200699 0.064906686544418335
vt 0.050266314297914505 0.064906686544418335
vt 0.04779437929391861 0.064906686544418335
vt 0.045322444289922714 0.064906686544418335
vt 0.04285050556063652 0.064906686544418335
vt 0.040378570556640625 0.063731901347637177
vt 0.040378570556640625 0.064319297671318054
vt 0.070041805505752563 0.063731901347637177
vt 0.070041805505752563 0.064319297671318054
vt 0.04285050556063652 0.063731901347637177
vt 0.045322444289922714 0.063731901347637177
vt 0.04779437929391861 0.063731901347637177
vt 0.050266314297914505 0.063731901347637177
vt 0.052738253027200699 0.063731901347637177
vt 0.055210188031196594 0.063731901347637177
vt 0.05768212303519249 0.063731901347637177
vt 0.060154061764478683 0.063731901347637177
vt 0.062625996768474579 0.063731901347637177
vt 0.065097935497760773 0.063731901347637177
vt 0.06756986677646637 0.063731901347637177
vt 0.06756986677646637 0.064319297671318054
vt 0.065097935497760773 0.064319297671318054
vt 0.062625996768474579 0.064319297671318054
vt 0.060154061764478683 0.064319297671318054
vt 0.05768212303519249 0.064319297671318054
vt 0.055210188031196594 0.064319297671318054
vt 0.052738253027200699 0.064319297671318054
vt 0.050266314297914505 0.064319297671318054
vt 0.04779437929391861 0.064319297671318054
vt 0.045322444289922714 0.064319297671318054
vt 0.04285050556063652 0.064319297671318054
vt 0.040378570556640625 0.065494075417518616
vt 0.040378570556640625 0.066081471741199493
vt 0.070041805505752563 0.065494075417518616
vt 0.070041805505752563 0.066081471741199493
vt 0.06756986677646637 0.066081471741199493
vt 0.065097935497760773 0.066081471741199493
vt 0.062625996768474579 0.066081471741199493
vt 0.060154061764478683 0.066081471741199493
vt 0.05768212303519249 0.066081471741199493
vt 0.055210188031196594 0.066081471741199493
vt 0.052738253027200699 0.066081471741199493
vt 0.050266314297914505 0.066081471741199493
vt 0.04779437929391861 0.066081471741199493
vt 0.045322444289922714 0.066081471741199493
vt 0.04285050556063652 0.066081471741199493
vt 0.04285050556063652 0.065494075417518616
vt 0.045322444289922714 0.065494075417518616
vt 0.04779437929391861 0.065494075417518616
vt 0.050266314297914505 0.065494075417518616
vt 0.052738253027200699 0.065494075417518616
vt 0.055210188031196594 0.065494075417518616
vt 0.05768212303519249 0.065494075417518616
vt 0.060154061764478683 0.065494075417518616
vt 0.062625996768474579 0.065494075417518616
vt 0.065097935497760773 0.065494075417518616
vt 0.06756986677646637 0.065494075417518616
vt 0.040378570556640625 0.064906686544418335
vt 0.040378570556640625 0.065494075417518616
vt 0.070041805505752563 0.064906686544418335
vt 0.070041805505752563 0.065494075417518616
vt 0.06756986677646637 0.065494075417518616
vt 0.065097935497760773 0.065494075417518616
vt 0.062625996768474579 0.065494075417518616
vt 0.060154061764478683 0.065494075417518616
vt 0.05768212303519249 0.065494075417518616
vt 0.055210188031196594 0.065494075417518616
vt 0.052738253027200699 0.065494075417518616
vt 0.050266314297914505 0.065494075417518616
vt 0.04779437929391861 0.065494075417518616
vt 0.045322444289922714 0.065494075417518616
vt 0.04285050556063652 0.065494075417518616
vt 0.04285050556063652 0.064906686544418335
vt 0.045322444289922714 0.064906686544418335
vt 0.04779437929391861 0.064906686544418335
vt 0.050266314297914505 0.064906686544418335
vt 0.052738253027200699 0.064906686544418335
vt 0.055210188031196594 0.064906686544418335
vt 0.05768212303519249 0.064906686544418335
vt 0.060154061764478683 0.064906686544418335
vt 0.062625996768474579 0.064906686544418335
vt 0.065097935497760773 0.064906686544418335
vt 0.06756986677646637 0.064906686544418335
vt 0.16596914827823639 0.10038837790489197
vt 0.16596914827823639 0.11536684632301331
vt 0.16655653715133667 0.10038837790489197
vt 0.16655653715133667 0.11536684632301331
vt 0.16655653715133667 0.1025281623005867
vt 0.16655653715133667 0.10466793924570084
vt 0.16655653715133667 0.10680772364139557
vt 0.16655653715133667 0.1089475080370903
vt 0.16655653715133667 0.11108728498220444
vt 0.16655653715133667 0.11322706937789917
vt 0.16596914827823639 0.11322706937789917
vt 0.16596914827823639 0.11108728498220444
vt 0.16596914827823639 0.1089475080370903
vt 0.16596914827823639 0.10680772364139557
vt 0.16596914827823639 0.10466793924570084
vt 0.16596914827823639 0.1025281623005867
vt 0.16526401042938232 0.10038837790489197
vt 0.16526401042938232 0.11536684632301331
vt 0.1658513993024826 0.10038837790489197
vt 0.1658513993024826 0.11536684632301331
vt 0.1658513993024826 0.1025281623005867
vt 0.1658513993024826 0.10466793924570084
vt 0.1658513993024826 0.10680772364139557
vt 0.1658513993024826 0.1089475080370903
vt 0.1658513993024826 0.11108728498220444
vt 0.1658513993024826 0.11322706937789917
vt 0.16526401042938232 0.11322706937789917
vt 0.16526401042938232 0.11108728498220444
vt 0.16526401042938232 0.1089475080370903
vt 0.16526401042938232 0.10680772364139557
vt 0.16526401042938232 0.10466793924570084
vt 0.16526401042938232 0.1025281623005867
vt 0.16737943887710571 0.10038837790489197
vt 0.16737943887710571 0.11536684632301331
vt 0.16796682775020599 0.10038837790489197
vt 0.16796682775020599 0.11536684632301331
vt 0.16796682775020599 0.1025281623005867
vt 0.16796682775020599 0.10466793924570084
vt 0.16796682775020599 0.10680772364139557
vt 0.16796682775020599 0.1089475080370903
vt 0.16796682775020599 0.11108728498220444
vt 0.16796682775020599 0.11322706937789917
vt 0.16737943887710571 0.11322706937789917
vt 0.16737943887710571 0.11108728498220444
vt 0.16737943887710571 0.1089475080370903
vt 0.16737943887710571 0.10680772364139557
vt 0.16737943887710571 0.10466793924570084
vt 0.16737943887710571 0.1025281623005867
vt 0.16667430102825165 0.10038837790489197
vt 0.16667430102825165 0.11536684632301331
vt 0.16726168990135193 0.10038837790489197
vt 0.16726168990135193 0.11536684632301331
vt 0.16726168990135193 0.1025281623005867
vt 0.16726168990135193 0.10466793924570084
vt 0.16726168990135193 0.10680772364139557
vt 0.16726168990135193 0.1089475080370903
vt 0.16726168990135193 0.11108728498220444
vt 0.16726168990135193 0.11322706937789917
vt 0.16667430102825165 0.11322706937789917
vt 0.16667430102825165 0.11108728498220444
vt 0.16667430102825165 0.1089475080370903
vt 0.16667430102825165 0.10680772364139557
vt 0.16667430102825165 0.10466793924570084
vt 0.16667430102825165 0.1025281623005867
vt 0.16878971457481384 0.10038837790489197
vt 0.16878971457481384 0.11536684632301331
vt 0.16937711834907532 0.10038837790489197
vt 0.16937711834907532 0.11536684632301331
vt 0.16937711834907532 0.1025281623005867
vt 0.16937711834907532 0.10466793924570084
vt 0.16937711834907532 0.10680772364139557
vt 0.16937711834907532 0.1089475080370903
vt 0.16937711834907532 0.11108728498220444
vt 0.16937711834907532 0.11322706937789917
vt 0.16878971457481384 0.11322706937789917
vt 0.16878971457481384 0.11108728498220444
vt 0.16878971457481384 0.1089475080370903
vt 0.16878971457481384 0.10680772364139557
vt 0.16878971457481384 0.10466793924570084
vt 0.16878971457481384 0.1025281623005867
vt 0.16808457672595978 0.10038837790489197
vt 0.16808457672595978 0.11536684632301331
vt 0.16867196559906006 0.10038837790489197
vt 0.16867196559906006 0.11536684632301331
vt 0.16867196559906006 0.1025281623005867
vt 0.16867196559906006 0.10466793924570084
vt 0.16867196559906006 0.10680772364139557
vt 0.16867196559906006 0.1089475080370903
vt 0.16867196559906006 0.11108728498220444
vt 0.16867196559906006 0.11322706937789917
vt 0.16808457672595978 0.11322706937789917
vt 0.16808457672595978 0.11108728498220444
vt 0.16808457672595978 0.1089475080370903
vt 0.16808457672595978 0.10680772364139557
vt 0.16808457672595978 0.10466793924570084
vt 0.16808457672595978 0.1025281623005867
vt 0.17142222821712494 0.49394023418426514
vt 0.17142222821712494 0.50843948125839233
vt 0.20108546316623688 0.49394023418426514
vt 0.20108546316623688 0.50843948125839233
vt 0.17389416694641113 0.49394023418426514
vt 0.17636609077453613 0.49394023418426514
vt 0.17883802950382233 0.49394023418426514
vt 0.18130996823310852 0.49394023418426514
vt 0.18378190696239471 0.49394023418426514
vt 0.18625384569168091 0.49394023418426514
vt 0.1887257844209671 0.49394023418426514
vt 0.1911977082490921 0.49394023418426514
vt 0.1936696469783783 0.49394023418426514
vt 0.19614158570766449 0.49394023418426514
vt 0.19861352443695068 0.49394023418426514
vt 0.18625384569168091 0.50843948125839233
vt 0.18625384569168091 0.50118982791900635
vt 0.18625384569168091 0.49756503105163574
vt 0.17883802950382233 0.50118982791900635
vt 0.17883802950382233 0.49756503105163574
vt 0.1936696469783783 0.50118982791900635
vt 0.1936696469783783 0.49756503105163574
vt 0.20108546316623688 0.49601155519485474
vt 0.20108546316623688 0.49808287620544434
vt 0.20108546316623688 0.50015419721603394
vt 0.20108546316623688 0.50222551822662354
vt 0.20108546316623688 0.50429683923721313
vt 0.20108546316623688 0.50636816024780273
vt 0.18625384569168091 0.50481462478637695
vt 0.1936696469783783 0.50481462478637695
vt 0.19861352443695068 0.50843948125839233
vt 0.19614158570766449 0.50843948125839233
vt 0.1936696469783783 0.50843948125839233
vt 0.1911977082490921 0.50843948125839233
vt 0.1887257844209671 0.50843948125839233
vt 0.18378190696239471 0.50843948125839233
vt 0.18130996823310852 0.50843948125839233
vt 0.17883802950382233 0.50843948125839233
vt 0.17636609077453613 0.50843948125839233
vt 0.17389416694641113 0.50843948125839233
vt 0.17883802950382233 0.50481462478637695
vt 0.17142222821712494 0.50636816024780273
vt 0.17142222821712494 0.50429683923721313
vt 0.17142222821712494 0.50222551822662354
vt 0.17142222821712494 0.50015419721603394
vt 0.17142222821712494 0.49808287620544434
vt 0.17142222821712494 0.49601155519485474
vt 0.040378570556640625 0.061969731003046036
vt 0.040378570556640625 0.062557123601436615
vt 0.070041805505752563 0.061969731003046036
vt 0.070041805505752563 0.062557123601436615
vt 0.04285050556063652 0.061969731003046036
vt 0.045322444289922714 0.061969731003046036
vt 0.04779437929391861 0.061969731003046036
vt 0.050266314297914505 0.061969731003046036
vt 0.052738253027200699 0.061969731003046036
vt 0.055210188031196594 0.061969731003046036
vt 0.05768212303519249 0.061969731003046036
vt 0.060154061764478683 0.061969731003046036
vt 0.062625996768474579 0.061969731003046036
vt 0.065097935497760773 0.061969731003046036
vt 0.06756986677646637 0.061969731003046036
vt 0.06756986677646637 0.062557123601436615
vt 0.065097935497760773 0.062557123601436615
vt 0.062625996768474579 0.062557123601436615
vt 0.060154061764478683 0.062557123601436615
vt 0.05768212303519249 0.062557123601436615
vt 0.055210188031196594 0.062557123601436615
vt 0.052738253027200699 0.062557123601436615
vt 0.050266314297914505 0.062557123601436615
vt 0.04779437929391861 0.062557123601436615
vt 0.045322444289922714 0.062557123601436615
vt 0.04285050556063652 0.062557123601436615
vt 0.040378570556640625 0.061382342129945755
vt 0.040378570556640625 0.061969731003046036
vt 0.070041805505752563 0.061382342129945755
vt 0.070041805505752563 0.061969731003046036
vt 0.04285050556063652 0.061382342129945755
vt 0.045322444289922714 0.061382342129945755
vt 0.04779437929391861 0.061382342129945755
vt 0.050266314297914505 0.061382342129945755
vt 0.052738253027200699 0.061382342129945755
vt 0.055210188031196594 0.061382342129945755
vt 0.05768212303519249 0.061382342129945755
vt 0.060154061764478683 0.061382342129945755
vt 0.062625996768474579 0.061382342129945755
vt 0.065097935497760773 0.061382342129945755
vt 0.06756986677646637 0.061382342129945755
vt 0.06756986677646637 0.061969731003046036
vt 0.065097935497760773 0.061969731003046036
vt 0.062625996768474579 0.061969731003046036
vt 0.060154061764478683 0.061969731003046036
vt 0.05768212303519249 0.061969731003046036
vt 0.055210188031196594 0.061969731003046036
vt 0.052738253027200699 0.061969731003046036
vt 0.050266314297914505 0.061969731003046036
vt 0.04779437929391861 0.061969731003046036
vt 0.045322444289922714 0.061969731003046036
vt 0.04285050556063652 0.061969731003046036
vt 0.16314858198165894 0.10038837790489197
vt 0.16314858198165894 0.11536684632301331
vt 0.16373597085475922 0.10038837790489197
vt 0.16373597085475922 0.11536684632301331
vt 0.16373597085475922 0.1025281623005867
vt 0.16373597085475922 0.10466793924570084
vt 0.16373597085475922 0.10680772364139557
vt 0.16373597085475922 0.1089475080370903
vt 0.16373597085475922 0.11108728498220444
vt 0.16373597085475922 0.11322706937789917
vt 0.16314858198165894 0.11322706937789917
vt 0.16314858198165894 0.11108728498220444
vt 0.16314858198165894 0.1089475080370903
vt 0.16314858198165894 0.10680772364139557
vt 0.16314858198165894 0.10466793924570084
vt 0.16314858198165894 0.1025281623005867
vt 0.16244344413280487 0.10038837790489197
vt 0.16244344413280487 0.11536684632301331
vt 0.16303083300590515 0.10038837790489197
vt 0.16303083300590515 0.11536684632301331
vt 0.16303083300590515 0.1025281623005867
vt 0.16303083300590515 0.10466793924570084
vt 0.16303083300590515 0.10680772364139557
vt 0.16303083300590515 0.1089475080370903
vt 0.16303083300590515 0.11108728498220444
vt 0.16303083300590515 0.11322706937789917
vt 0.16244344413280487 0.11322706937789917
vt 0.16244344413280487 0.11108728498220444
vt 0.16244344413280487 0.1089475080370903
vt 0.16244344413280487 0.10680772364139557
vt 0.16244344413280487 0.10466793924570084
vt 0.16244344413280487 0.1025281623005867
vt 0.2074349969625473 0.084769770503044128
vt 0.2074349969625473 0.12030690908432007
vt 0.24297215044498444 0.084769770503044128
vt 0.24297215044498444 0.12030690908432007
vt 0.20980414748191833 0.084769770503044128
vt 0.21217329800128937 0.084769770503044128
vt 0.21454243361949921 0.084769770503044128
vt 0.21691158413887024 0.084769770503044128
vt 0.21928071975708008 0.084769770503044128
vt 0.22164985537528992 0.084769770503044128
vt 0.22401900589466095 0.084769770503044128
vt 0.22638815641403198 0.084769770503044128
vt 0.22875729203224182 0.084769770503044128
vt 0.23112642765045166 0.084769770503044128
vt 0.23349557816982269 0.084769770503044128
vt 0.23586471378803253 0.084769770503044128
vt 0.23823386430740356 0.084769770503044128
vt 0.2406029999256134 0.084769770503044128
vt 0.22520357370376587 0.1025383397936821
vt 0.22520357370376587 0.093654051423072815
vt 0.21631929278373718 0.1025383397936821
vt 0.21631929278373718 0.093654051423072815
vt 0.21631929278373718 0.089211910963058472
vt 0.21187715232372284 0.093654051423072815
vt 0.21187715232372284 0.089211910963058472
vt 0.22520357370376587 0.089211910963058472
vt 0.22076143324375153 0.093654051423072815
vt 0.22076143324375153 0.089211910963058472
vt 0.23408786952495575 0.1025383397936821
vt 0.23408786952495575 0.093654051423072815
vt 0.23408786952495575 0.089211910963058472
vt 0.22964571416378021 0.093654051423072815
vt 0.22964571416378021 0.089211910963058472
vt 0.23853000998497009 0.093654051423072815
vt 0.23853000998497009 0.089211910963058472
vt 0.24297215044498444 0.087138913571834564
vt 0.24297215044498444 0.089508056640625
vt 0.24297215044498444 0.091877199709415436
vt 0.24297215044498444 0.094246342778205872
vt 0.24297215044498444 0.096615485846996307
vt 0.24297215044498444 0.098984628915786743
vt 0.24297215044498444 0.10135377198457718
vt 0.24297215044498444 0.10372291505336761
vt 0.24297215044498444 0.10609205812215805
vt 0.24297215044498444 0.10846120119094849
vt 0.24297215044498444 0.11083034425973892
vt 0.24297215044498444 0.11319948732852936
vt 0.24297215044498444 0.1155686229467392
vt 0.24297215044498444 0.11793776601552963
vt 0.23853000998497009 0.1025383397936821
vt 0.23408786952495575 0.098096199333667755
vt 0.23853000998497009 0.098096199333667755
vt 0.22520357370376587 0.11142262816429138
vt 0.23408786952495575 0.11142262816429138
vt 0.23853000998497009 0.11142262816429138
vt 0.23408786952495575 0.10698048025369644
vt 0.23853000998497009 0.10698048025369644
vt 0.23408786952495575 0.11586476862430573
vt 0.23853000998497009 0.11586476862430573
vt 0.2406029999256134 0.12030690908432007
vt 0.23823386430740356 0.12030690908432007
vt 0.23586471378803253 0.12030690908432007
vt 0.23349557816982269 0.12030690908432007
vt 0.23112642765045166 0.12030690908432007
vt 0.22875729203224182 0.12030690908432007
vt 0.22638815641403198 0.12030690908432007
vt 0.22401900589466095 0.12030690908432007
vt 0.22164985537528992 0.12030690908432007
vt 0.21928071975708008 0.12030690908432007
vt 0.21691158413887024 0.12030690908432007
vt 0.21454243361949921 0.12030690908432007
vt 0.21217329800128937 0.12030690908432007
vt 0.20980414748191833 0.12030690908432007
vt 0.22520357370376587 0.11586476862430573
vt 0.22964571416378021 0.11142262816429138
vt 0.22964571416378021 0.11586476862430573
vt 0.21631929278373718 0.11142262816429138
vt 0.21631929278373718 0.11586476862430573
vt 0.22076143324375153 0.11142262816429138
vt 0.22076143324375153 0.11586476862430573
vt 0.21187715232372284 0.11142262816429138
vt 0.21187715232372284 0.11586476862430573
vt 0.2074349969625473 0.11793776601552963
vt 0.2074349969625473 0.1155686229467392
vt 0.2074349969625473 0.11319948732852936
vt 0.2074349969625473 0.11083034425973892
vt 0.2074349969625473 0.10846120119094849
vt 0.2074349969625473 0.10609205812215805
vt 0.2074349969625473 0.10372291505336761
vt 0.2074349969625473 0.10135377198457718
vt 0.2074349969625473 0.098984628915786743
vt 0.2074349969625473 0.096615485846996307
vt 0.2074349969625473 0.094246342778205872
vt 0.2074349969625473 0.091877199709415436
vt 0.2074349969625473 0.089508056640625
vt 0.2074349969625473 0.087138913571834564
vt 0.21631929278373718 0.10698048025369644
vt 0.21187715232372284 0.1025383397936821
vt 0.21187715232372284 0.10698048025369644
vt 0.21631929278373718 0.098096199333667755
vt 0.21187715232372284 0.098096199333667755
vt 0.2074349969625473 0
vt 0.2074349969625473 0.035537146031856537
vt 0.24297215044498444 0
vt 0.24297215044498444 0.035537146031856537
vt 0.20980414748191833 0
vt 0.21217329800128937 0
vt 0.21454243361949921 0
vt 0.21691158413887024 0
vt 0.21928071975708008 0
vt 0.22164985537528992 0
vt 0.22401900589466095 0
vt 0.22638815641403198 0
vt 0.22875729203224182 0
vt 0.23112642765045166 0
vt 0.23349557816982269 0
vt 0.23586471378803253 0
vt 0.23823386430740356 0
vt 0.2406029999256134 0
vt 0.22520357370376587 0.017768573015928268
vt 0.22520357370376587 0.0088842865079641342
vt 0.21631929278373718 0.017768573015928268
vt 0.21631929278373718 0.0088842865079641342
vt 0.21631929278373718 0.0044421432539820671
vt 0.21187715232372284 0.0088842865079641342
vt 0.21187715232372284 0.0044421432539820671
vt 0.22520357370376587 0.0044421432539820671
vt 0.22076143324375153 0.0088842865079641342
vt 0.22076143324375153 0.0044421432539820671
vt 0.23408786952495575 0.017768573015928268
vt 0.23408786952495575 0.0088842865079641342
vt 0.23408786952495575 0.0044421432539820671
vt 0.22964571416378021 0.0088842865079641342
vt 0.22964571416378021 0.0044421432539820671
vt 0.23853000998497009 0.0088842865079641342
vt 0.23853000998497009 0.0044421432539820671
vt 0.24297215044498444 0.0023691430687904358
vt 0.24297215044498444 0.0047382861375808716
vt 0.24297215044498444 0.0071074292063713074
vt 0.24297215044498444 0.0094765722751617432
vt 0.24297215044498444 0.011845715343952179
vt 0.24297215044498444 0.014214858412742615
vt 0.24297215044498444 0.016584001481533051
vt 0.24297215044498444 0.018953144550323486
vt 0.24297215044498444 0.021322287619113922
vt 0.24297215044498444 0.023691430687904358
vt 0.24297215044498444 0.026060573756694794
vt 0.24297215044498444 0.028429716825485229
vt 0.24297215044498444 0.030798859894275665
vt 0.24297215044498444 0.033168002963066101
vt 0.23853000998497009 0.017768573015928268
vt 0.23408786952495575 0.013326429761946201
vt 0.23853000998497009 0.013326429761946201
vt 0.22520357370376587 0.026652859523892403
vt 0.23408786952495575 0.026652859523892403
vt 0.23853000998497009 0.026652859523892403
vt 0.23408786952495575 0.022210715338587761
vt 0.23853000998497009 0.022210715338587761
vt 0.23408786952495575 0.031095001846551895
vt 0.23853000998497009 0.031095001846551895
vt 0.2406029999256134 0.035537146031856537
vt 0.23823386430740356 0.035537146031856537
vt 0.23586471378803253 0.035537146031856537
vt 0.23349557816982269 0.035537146031856537
vt 0.23112642765045166 0.035537146031856537
vt 0.22875729203224182 0.035537146031856537
vt 0.22638815641403198 0.035537146031856537
vt 0.22401900589466095 0.035537146031856537
vt 0.22164985537528992 0.035537146031856537
vt 0.21928071975708008 0.035537146031856537
vt 0.21691158413887024 0.035537146031856537
vt 0.21454243361949921 0.035537146031856537
vt 0.21217329800128937 0.035537146031856537
vt 0.20980414748191833 0.035537146031856537
vt 0.22520357370376587 0.031095001846551895
vt 0.22964571416378021 0.026652859523892403
vt 0.22964571416378021 0.031095001846551895
vt 0.21631929278373718 0.026652859523892403
vt 0.21631929278373718 0.031095001846551895
vt 0.22076143324375153 0.026652859523892403
vt 0.22076143324375153 0.031095001846551895
vt 0.21187715232372284 0.026652859523892403
vt 0.21187715232372284 0.031095001846551895
vt 0.2074349969625473 0.033168002963066101
vt 0.2074349969625473 0.030798859894275665
vt 0.2074349969625473 0.028429716825485229
vt 0.2074349969625473 0.026060573756694794
vt 0.2074349969625473 0.023691430687904358
vt 0.2074349969625473 0.021322287619113922
vt 0.2074349969625473 0.018953144550323486
vt 0.2074349969625473 0.016584001481533051
vt 0.2074349969625473 0.014214858412742615
vt 0.2074349969625473 0.011845715343952179
vt 0.2074349969625473 0.0094765722751617432
vt 0.2074349969625473 0.0071074292063713074
vt 0.2074349969625473 0.0047382861375808716
vt 0.2074349969625473 0.0023691430687904358
vt 0.21631929278373718 0.022210715338587761
vt 0.21187715232372284 0.017768573015928268
vt 0.21187715232372284 0.022210715338587761
vt 0.21631929278373718 0.013326429761946201
vt 0.21187715232372284 0.013326429761946201
vt 0.308614581823349 0.14195775985717773
vt 0.27307742834091187 0.14195775985717773
vt 0.308614581823349 0.14254514873027802
vt 0.27307742834091187 0.14254514873027802
vt 0.30624544620513916 0.14254514873027802
vt 0.30387631058692932 0.14254514873027802
vt 0.30150714516639709 0.14254514873027802
vt 0.29913800954818726 0.14254514873027802
vt 0.29676887392997742 0.14254514873027802
vt 0.29439973831176758 0.14254514873027802
vt 0.29203057289123535 0.14254514873027802
vt 0.28966143727302551 0.14254514873027802
vt 0.28729230165481567 0.14254514873027802
vt 0.28492316603660583 0.14254514873027802
vt 0.28255400061607361 0.14254514873027802
vt 0.28018486499786377 0.14254514873027802
vt 0.27781572937965393 0.14254514873027802
vt 0.27544659376144409 0.14254514873027802
vt 0.27544659376144409 0.14195775985717773
vt 0.27781572937965393 0.14195775985717773
vt 0.28018486499786377 0.14195775985717773
vt 0.28255400061607361 0.14195775985717773
vt 0.28492316603660583 0.14195775985717773
vt 0.28729230165481567 0.14195775985717773
vt 0.28966143727302551 0.14195775985717773
vt 0.29203057289123535 0.14195775985717773
vt 0.29439973831176758 0.14195775985717773
vt 0.29676887392997742 0.14195775985717773
vt 0.29913800954818726 0.14195775985717773
vt 0.30150714516639709 0.14195775985717773
vt 0.30387631058692932 0.14195775985717773
vt 0.30624544620513916 0.14195775985717773
vt 0.308614581823349 0.14106784760951996
vt 0.27307742834091187 0.14106784760951996
vt 0.308614581823349 0.14165523648262024
vt 0.27307742834091187 0.14165523648262024
vt 0.30624544620513916 0.14165523648262024
vt 0.30387631058692932 0.14165523648262024
vt 0.30150714516639709 0.14165523648262024
vt 0.29913800954818726 0.14165523648262024
vt 0.29676887392997742 0.14165523648262024
vt 0.29439973831176758 0.14165523648262024
vt 0.29203057289123535 0.14165523648262024
vt 0.28966143727302551 0.14165523648262024
vt 0.28729230165481567 0.14165523648262024
vt 0.28492316603660583 0.14165523648262024
vt 0.28255400061607361 0.14165523648262024
vt 0.28018486499786377 0.14165523648262024
vt 0.27781572937965393 0.14165523648262024
vt 0.27544659376144409 0.14165523648262024
vt 0.27544659376144409 0.14106784760951996
vt 0.27781572937965393 0.14106784760951996
vt 0.28018486499786377 0.14106784760951996
vt 0.28255400061607361 0.14106784760951996
vt 0.28492316603660583 0.14106784760951996
vt 0.28729230165481567 0.14106784760951996
vt 0.28966143727302551 0.14106784760951996
vt 0.29203057289123535 0.14106784760951996
vt 0.29439973831176758 0.14106784760951996
vt 0.29676887392997742 0.14106784760951996
vt 0.29913800954818726 0.14106784760951996
vt 0.30150714516639709 0.14106784760951996
vt 0.30387631058692932 0.14106784760951996
vt 0.30624544620513916 0.14106784760951996
vt 0.308614581823349 0.14373758435249329
vt 0.27307742834091187 0.14373758435249329
vt 0.308614581823349 0.14432497322559357
vt 0.27307742834091187 0.14432497322559357
vt 0.30624544620513916 0.14432497322559357
vt 0.30387631058692932 0.14432497322559357
vt 0.30150714516639709 0.14432497322559357
vt 0.29913800954818726 0.14432497322559357
vt 0.29676887392997742 0.14432497322559357
vt 0.29439973831176758 0.14432497322559357
vt 0.29203057289123535 0.14432497322559357
vt 0.28966143727302551 0.14432497322559357
vt 0.28729230165481567 0.14432497322559357
vt 0.28492316603660583 0.14432497322559357
vt 0.28255400061607361 0.14432497322559357
vt 0.28018486499786377 0.14432497322559357
vt 0.27781572937965393 0.14432497322559357
vt 0.27544659376144409 0.14432497322559357
vt 0.27544659376144409 0.14373758435249329
vt 0.27781572937965393 0.14373758435249329
vt 0.28018486499786377 0.14373758435249329
vt 0.28255400061607361 0.14373758435249329
vt 0.28492316603660583 0.14373758435249329
vt 0.28729230165481567 0.14373758435249329
vt 0.28966143727302551 0.14373758435249329
vt 0.29203057289123535 0.14373758435249329
vt 0.29439973831176758 0.14373758435249329
vt 0.29676887392997742 0.14373758435249329
vt 0.29913800954818726 0.14373758435249329
vt 0.30150714516639709 0.14373758435249329
vt 0.30387631058692932 0.14373758435249329
vt 0.30624544620513916 0.14373758435249329
vt 0.308614581823349 0.14284767210483551
vt 0.27307742834091187 0.14284767210483551
vt 0.308614581823349 0.14343506097793579
vt 0.27307742834091187 0.14343506097793579
vt 0.30624544620513916 0.14343506097793579
vt 0.30387631058692932 0.14343506097793579
vt 0.30150714516639709 0.14343506097793579
vt 0.29913800954818726 0.14343506097793579
vt 0.29676887392997742 0.14343506097793579
vt 0.29439973831176758 0.14343506097793579
vt 0.29203057289123535 0.14343506097793579
vt 0.28966143727302551 0.14343506097793579
vt 0.28729230165481567 0.14343506097793579
vt 0.28492316603660583 0.14343506097793579
vt 0.28255400061607361 0.14343506097793579
vt 0.28018486499786377 0.14343506097793579
vt 0.27781572937965393 0.14343506097793579
vt 0.27544659376144409 0.14343506097793579
vt 0.27544659376144409 0.14284767210483551
vt 0.27781572937965393 0.14284767210483551
vt 0.28018486499786377 0.14284767210483551
vt 0.28255400061607361 0.14284767210483551
vt 0.28492316603660583 0.14284767210483551
vt 0.28729230165481567 0.14284767210483551
vt 0.28966143727302551 0.14284767210483551
vt 0.29203057289123535 0.14284767210483551
vt 0.29439973831176758 0.14284767210483551
vt 0.29676887392997742 0.14284767210483551
vt 0.29913800954818726 0.14284767210483551
vt 0.30150714516639709 0.14284767210483551
vt 0.30387631058692932 0.14284767210483551
vt 0.30624544620513916 0.14284767210483551
vt 0.27307742834091187 0.087717555463314056
vt 0.27307742834091187 0.088304951786994934
vt 0.308614581823349 0.087717555463314056
vt 0.308614581823349 0.088304951786994934
vt 0.30624544620513916 0.088304951786994934
vt 0.30387631058692932 0.088304951786994934
vt 0.30150714516639709 0.088304951786994934
vt 0.29913800954818726 0.088304951786994934
vt 0.29676887392997742 0.088304951786994934
vt 0.29439973831176758 0.088304951786994934
vt 0.29203057289123535 0.088304951786994934
vt 0.28966143727302551 0.088304951786994934
vt 0.28729230165481567 0.088304951786994934
vt 0.28492316603660583 0.088304951786994934
vt 0.28255400061607361 0.088304951786994934
vt 0.28018486499786377 0.088304951786994934
vt 0.27781572937965393 0.088304951786994934
vt 0.27544659376144409 0.088304951786994934
vt 0.27544659376144409 0.087717555463314056
vt 0.27781572937965393 0.087717555463314056
vt 0.28018486499786377 0.087717555463314056
vt 0.28255400061607361 0.087717555463314056
vt 0.28492316603660583 0.087717555463314056
vt 0.28729230165481567 0.087717555463314056
vt 0.28966143727302551 0.087717555463314056
vt 0.29203057289123535 0.087717555463314056
vt 0.29439973831176758 0.087717555463314056
vt 0.29676887392997742 0.087717555463314056
vt 0.29913800954818726 0.087717555463314056
vt 0.30150714516639709 0.087717555463314056
vt 0.30387631058692932 0.087717555463314056
vt 0.30624544620513916 0.087717555463314056
vt 0.27307742834091187 0.086827643215656281
vt 0.27307742834091187 0.087415039539337158
vt 0.308614581823349 0.086827643215656281
vt 0.308614581823349 0.087415039539337158
vt 0.30624544620513916 0.087415039539337158
vt 0.30387631058692932 0.087415039539337158
vt 0.30150714516639709 0.087415039539337158
vt 0.29913800954818726 0.087415039539337158
vt 0.29676887392997742 0.087415039539337158
vt 0.29439973831176758 0.087415039539337158
vt 0.29203057289123535 0.087415039539337158
vt 0.28966143727302551 0.087415039539337158
vt 0.28729230165481567 0.087415039539337158
vt 0.28492316603660583 0.087415039539337158
vt 0.28255400061607361 0.087415039539337158
vt 0.28018486499786377 0.087415039539337158
vt 0.27781572937965393 0.087415039539337158
vt 0.27544659376144409 0.087415039539337158
vt 0.27544659376144409 0.086827643215656281
vt 0.27781572937965393 0.086827643215656281
vt 0.28018486499786377 0.086827643215656281
vt 0.28255400061607361 0.086827643215656281
vt 0.28492316603660583 0.086827643215656281
vt 0.28729230165481567 0.086827643215656281
vt 0.28966143727302551 0.086827643215656281
vt 0.29203057289123535 0.086827643215656281
vt 0.29439973831176758 0.086827643215656281
vt 0.29676887392997742 0.086827643215656281
vt 0.29913800954818726 0.086827643215656281
vt 0.30150714516639709 0.086827643215656281
vt 0.30387631058692932 0.086827643215656281
vt 0.30624544620513916 0.086827643215656281
vt 0.27307742834091187 0.089497387409210205
vt 0.27307742834091187 0.090084776282310486
vt 0.308614581823349 0.089497387409210205
vt 0.308614581823349 0.090084776282310486
vt 0.30624544620513916 0.090084776282310486
vt 0.30387631058692932 0.090084776282310486
vt 0.30150714516639709 0.090084776282310486
vt 0.29913800954818726 0.090084776282310486
vt 0.29676887392997742 0.090084776282310486
vt 0.29439973831176758 0.090084776282310486
vt 0.29203057289123535 0.090084776282310486
vt 0.28966143727302551 0.090084776282310486
vt 0.28729230165481567 0.090084776282310486
vt 0.28492316603660583 0.090084776282310486
vt 0.28255400061607361 0.090084776282310486
vt 0.28018486499786377 0.090084776282310486
vt 0.27781572937965393 0.090084776282310486
vt 0.27544659376144409 0.090084776282310486
vt 0.27544659376144409 0.089497387409210205
vt 0.27781572937965393 0.089497387409210205
vt 0.28018486499786377 0.089497387409210205
vt 0.28255400061607361 0.089497387409210205
vt 0.28492316603660583 0.089497387409210205
vt 0.28729230165481567 0.089497387409210205
vt 0.28966143727302551 0.089497387409210205
vt 0.29203057289123535 0.089497387409210205
vt 0.29439973831176758 0.089497387409210205
vt 0.29676887392997742 0.089497387409210205
vt 0.29913800954818726 0.089497387409210205
vt 0.30150714516639709 0.089497387409210205
vt 0.30387631058692932 0.089497387409210205
vt 0.30624544620513916 0.089497387409210205
vt 0.27307742834091187 0.088607467710971832
vt 0.27307742834091187 0.08919486403465271
vt 0.308614581823349 0.088607467710971832
vt 0.308614581823349 0.08919486403465271
vt 0.30624544620513916 0.08919486403465271
vt 0.30387631058692932 0.08919486403465271
vt 0.30150714516639709 0.08919486403465271
vt 0.29913800954818726 0.08919486403465271
vt 0.29676887392997742 0.08919486403465271
vt 0.29439973831176758 0.08919486403465271
vt 0.29203057289123535 0.08919486403465271
vt 0.28966143727302551 0.08919486403465271
vt 0.28729230165481567 0.08919486403465271
vt 0.28492316603660583 0.08919486403465271
vt 0.28255400061607361 0.08919486403465271
vt 0.28018486499786377 0.08919486403465271
vt 0.27781572937965393 0.08919486403465271
vt 0.27544659376144409 0.08919486403465271
vt 0.27544659376144409 0.088607467710971832
vt 0.27781572937965393 0.088607467710971832
vt 0.28018486499786377 0.088607467710971832
vt 0.28255400061607361 0.088607467710971832
vt 0.28492316603660583 0.088607467710971832
vt 0.28729230165481567 0.088607467710971832
vt 0.28966143727302551 0.088607467710971832
vt 0.29203057289123535 0.088607467710971832
vt 0.29439973831176758 0.088607467710971832
vt 0.29676887392997742 0.088607467710971832
vt 0.29913800954818726 0.088607467710971832
vt 0.30150714516639709 0.088607467710971832
vt 0.30387631058692932 0.088607467710971832
vt 0.30624544620513916 0.088607467710971832
vt 0.19269359111785889 0.10038837790489197
vt 0.19269359111785889 0.13005161285400391
vt 0.19621793925762177 0.10038837790489197
vt 0.19621793925762177 0.13005161285400391
vt 0.19621793925762177 0.11027612537145615
vt 0.19621793925762177 0.12016387283802032
vt 0.19269359111785889 0.12016387283802032
vt 0.19269359111785889 0.11027612537145615
vt 0.3027406632900238 0.10106625407934189
vt 0.27307742834091187 0.10106625407934189
vt 0.3027406632900238 0.10459059476852417
vt 0.27307742834091187 0.10459059476852417
vt 0.29285293817520142 0.10459059476852417
vt 0.28296518325805664 0.10459059476852417
vt 0.28296518325805664 0.10106625407934189
vt 0.29285293817520142 0.10106625407934189
vt 0.061969731003046036 0.095157310366630554
vt 0 0.095157310366630554
vt 0.061969731003046036 0.098681658506393433
vt 0 0.098681658506393433
vt 0.046477299183607101 0.098681658506393433
vt 0.030984865501523018 0.098681658506393433
vt 0.015492432750761509 0.098681658506393433
vt 0.015492432750761509 0.095157310366630554
vt 0.030984865501523018 0.095157310366630554
vt 0.046477299183607101 0.095157310366630554
vt 0.10234830528497696 0.084584280848503113
vt 0.040378570556640625 0.084584280848503113
vt 0.10234830528497696 0.088108621537685394
vt 0.040378570556640625 0.088108621537685394
vt 0.086855866014957428 0.088108621537685394
vt 0.071363434195518494 0.088108621537685394
vt 0.055871002376079559 0.088108621537685394
vt 0.055871002376079559 0.084584280848503113
vt 0.071363434195518494 0.084584280848503113
vt 0.086855866014957428 0.084584280848503113
vt 0.10234830528497696 0.081059932708740234
vt 0.040378570556640625 0.081059932708740234
vt 0.10234830528497696 0.084584280848503113
vt 0.040378570556640625 0.084584280848503113
vt 0.086855866014957428 0.084584280848503113
vt 0.071363434195518494 0.084584280848503113
vt 0.055871002376079559 0.084584280848503113
vt 0.055871002376079559 0.081059932708740234
vt 0.071363434195518494 0.081059932708740234
vt 0.086855866014957428 0.081059932708740234
vt 0.10234830528497696 0.091632969677448273
vt 0.040378570556640625 0.091632969677448273
vt 0.10234830528497696 0.095157310366630554
vt 0.040378570556640625 0.095157310366630554
vt 0.086855866014957428 0.095157310366630554
vt 0.071363434195518494 0.095157310366630554
vt 0.055871002376079559 0.095157310366630554
vt 0.055871002376079559 0.091632969677448273
vt 0.071363434195518494 0.091632969677448273
vt 0.086855866014957428 0.091632969677448273
vt 0.3027406632900238 0.095726773142814636
vt 0.27307742834091187 0.095726773142814636
vt 0.3027406632900238 0.099251121282577515
vt 0.27307742834091187 0.099251121282577515
vt 0.29285293817520142 0.099251121282577515
vt 0.28296518325805664 0.099251121282577515
vt 0.28296518325805664 0.095726773142814636
vt 0.29285293817520142 0.095726773142814636
vt 0.3027406632900238 0.090387299656867981
vt 0.27307742834091187 0.090387299656867981
vt 0.3027406632900238 0.093911640346050262
vt 0.27307742834091187 0.093911640346050262
vt 0.29285293817520142 0.093911640346050262
vt 0.28296518325805664 0.093911640346050262
vt 0.28296518325805664 0.090387299656867981
vt 0.29285293817520142 0.090387299656867981
vt 0.070041805505752563 0.053158868104219437
vt 0.040378570556640625 0.053158868104219437
vt 0.070041805505752563 0.056683216243982315
vt 0.040378570556640625 0.056683216243982315
vt 0.060154061764478683 0.056683216243982315
vt 0.050266314297914505 0.056683216243982315
vt 0.050266314297914505 0.053158868104219437
vt 0.060154061764478683 0.053158868104219437
vt 0.19692444801330566 0.10038837790489197
vt 0.19692444801330566 0.13005161285400391
vt 0.20044879615306854 0.10038837790489197
vt 0.20044879615306854 0.13005161285400391
vt 0.20044879615306854 0.11027612537145615
vt 0.20044879615306854 0.12016387283802032
vt 0.19692444801330566 0.12016387283802032
vt 0.19692444801330566 0.11027612537145615
vt 0.10234830528497696 0.088108621537685394
vt 0.040378570556640625 0.088108621537685394
vt 0.10234830528497696 0.091632969677448273
vt 0.040378570556640625 0.091632969677448273
vt 0.086855866014957428 0.091632969677448273
vt 0.071363434195518494 0.091632969677448273
vt 0.055871002376079559 0.091632969677448273
vt 0.055871002376079559 0.088108621537685394
vt 0.071363434195518494 0.088108621537685394
vt 0.086855866014957428 0.088108621537685394
vt 0.20115529000759125 0.10038837790489197
vt 0.20115529000759125 0.1623581200838089
vt 0.20467963814735413 0.10038837790489197
vt 0.20467963814735413 0.1623581200838089
vt 0.20467963814735413 0.1158808171749115
vt 0.20467963814735413 0.13137324154376984
vt 0.20467963814735413 0.14686568081378937
vt 0.20115529000759125 0.14686568081378937
vt 0.20115529000759125 0.13137324154376984
vt 0.20115529000759125 0.1158808171749115
vt 0.3262363076210022 0.10840803384780884
vt 0.27307742834091187 0.10840803384780884
vt 0.3262363076210022 0.10899542272090912
vt 0.27307742834091187 0.10899542272090912
vt 0.32381999492645264 0.10899542272090912
vt 0.32140368223190308 0.10899542272090912
vt 0.31898736953735352 0.10899542272090912
vt 0.31657105684280396 0.10899542272090912
vt 0.31415474414825439 0.10899542272090912
vt 0.31173843145370483 0.10899542272090912
vt 0.30932211875915527 0.10899542272090912
vt 0.30690580606460571 0.10899542272090912
vt 0.30448949337005615 0.10899542272090912
vt 0.30207318067550659 0.10899542272090912
vt 0.29965686798095703 0.10899542272090912
vt 0.29724055528640747 0.10899542272090912
vt 0.29482424259185791 0.10899542272090912
vt 0.29240792989730835 0.10899542272090912
vt 0.28999161720275879 0.10899542272090912
vt 0.28757530450820923 0.10899542272090912
vt 0.28515899181365967 0.10899542272090912
vt 0.28274267911911011 0.10899542272090912
vt 0.28032636642456055 0.10899542272090912
vt 0.27791005373001099 0.10899542272090912
vt 0.27549374103546143 0.10899542272090912
vt 0.27549374103546143 0.10840803384780884
vt 0.27791005373001099 0.10840803384780884
vt 0.28032636642456055 0.10840803384780884
vt 0.28274267911911011 0.10840803384780884
vt 0.28515899181365967 0.10840803384780884
vt 0.28757530450820923 0.10840803384780884
vt 0.28999161720275879 0.10840803384780884
vt 0.29240792989730835 0.10840803384780884
vt 0.29482424259185791 0.10840803384780884
vt 0.29724055528640747 0.10840803384780884
vt 0.29965686798095703 0.10840803384780884
vt 0.30207318067550659 0.10840803384780884
vt 0.30448949337005615 0.10840803384780884
vt 0.30690580606460571 0.10840803384780884
vt 0.30932211875915527 0.10840803384780884
vt 0.31173843145370483 0.10840803384780884
vt 0.31415474414825439 0.10840803384780884
vt 0.31657105684280396 0.10840803384780884
vt 0.31898736953735352 0.10840803384780884
vt 0.32140368223190308 0.10840803384780884
vt 0.32381999492645264 0.10840803384780884
vt 0.3262363076210022 0.10751812160015106
vt 0.27307742834091187 0.10751812160015106
vt 0.3262363076210022 0.10810551047325134
vt 0.27307742834091187 0.10810551047325134
vt 0.32381999492645264 0.10810551047325134
vt 0.32140368223190308 0.10810551047325134
vt 0.31898736953735352 0.10810551047325134
vt 0.31657105684280396 0.10810551047325134
vt 0.31415474414825439 0.10810551047325134
vt 0.31173843145370483 0.10810551047325134
vt 0.30932211875915527 0.10810551047325134
vt 0.30690580606460571 0.10810551047325134
vt 0.30448949337005615 0.10810551047325134
vt 0.30207318067550659 0.10810551047325134
vt 0.29965686798095703 0.10810551047325134
vt 0.29724055528640747 0.10810551047325134
vt 0.29482424259185791 0.10810551047325134
vt 0.29240792989730835 0.10810551047325134
vt 0.28999161720275879 0.10810551047325134
vt 0.28757530450820923 0.10810551047325134
vt 0.28515899181365967 0.10810551047325134
vt 0.28274267911911011 0.10810551047325134
vt 0.28032636642456055 0.10810551047325134
vt 0.27791005373001099 0.10810551047325134
vt 0.27549374103546143 0.10810551047325134
vt 0.27549374103546143 0.10751812160015106
vt 0.27791005373001099 0.10751812160015106
vt 0.28032636642456055 0.10751812160015106
vt 0.28274267911911011 0.10751812160015106
vt 0.28515899181365967 0.10751812160015106
vt 0.28757530450820923 0.10751812160015106
vt 0.28999161720275879 0.10751812160015106
vt 0.29240792989730835 0.10751812160015106
vt 0.29482424259185791 0.10751812160015106
vt 0.29724055528640747 0.10751812160015106
vt 0.29965686798095703 0.10751812160015106
vt 0.30207318067550659 0.10751812160015106
vt 0.30448949337005615 0.10751812160015106
vt 0.30690580606460571 0.10751812160015106
vt 0.30932211875915527 0.10751812160015106
vt 0.31173843145370483 0.10751812160015106
vt 0.31415474414825439 0.10751812160015106
vt 0.31657105684280396 0.10751812160015106
vt 0.31898736953735352 0.10751812160015106
vt 0.32140368223190308 0.10751812160015106
vt 0.32381999492645264 0.10751812160015106
vt 0.3262363076210022 0.11463742703199387
vt 0.27307742834091187 0.11463742703199387
vt 0.3262363076210022 0.12961588799953461
vt 0.27307742834091187 0.12961588799953461
vt 0.32381999492645264 0.12961588799953461
vt 0.32140368223190308 0.12961588799953461
vt 0.31898736953735352 0.12961588799953461
vt 0.31657105684280396 0.12961588799953461
vt 0.31415474414825439 0.12961588799953461
vt 0.31173843145370483 0.12961588799953461
vt 0.30932211875915527 0.12961588799953461
vt 0.30690580606460571 0.12961588799953461
vt 0.30448949337005615 0.12961588799953461
vt 0.30207318067550659 0.12961588799953461
vt 0.29965686798095703 0.12961588799953461
vt 0.29724055528640747 0.12961588799953461
vt 0.29482424259185791 0.12961588799953461
vt 0.29240792989730835 0.12961588799953461
vt 0.28999161720275879 0.12961588799953461
vt 0.28757530450820923 0.12961588799953461
vt 0.28515899181365967 0.12961588799953461
vt 0.28274267911911011 0.12961588799953461
vt 0.28032636642456055 0.12961588799953461
vt 0.27791005373001099 0.12961588799953461
vt 0.27549374103546143 0.12961588799953461
vt 0.29965686798095703 0.12212666124105453
vt 0.29965686798095703 0.12587127089500427
vt 0.31294658780097961 0.12212666124105453
vt 0.31294658780097961 0.12587127089500427
vt 0.31294658780097961 0.12774358689785004
vt 0.3195914626121521 0.12587127089500427
vt 0.3195914626121521 0.12774358689785004
vt 0.29965686798095703 0.12774358689785004
vt 0.30630174279212952 0.12587127089500427
vt 0.30630174279212952 0.12774358689785004
vt 0.28636714816093445 0.12212666124105453
vt 0.28636714816093445 0.12587127089500427
vt 0.28636714816093445 0.12774358689785004
vt 0.29301202297210693 0.12587127089500427
vt 0.29301202297210693 0.12774358689785004
vt 0.27972230315208435 0.12587127089500427
vt 0.27972230315208435 0.12774358689785004
vt 0.27549374103546143 0.11463742703199387
vt 0.27791005373001099 0.11463742703199387
vt 0.28032636642456055 0.11463742703199387
vt 0.28274267911911011 0.11463742703199387
vt 0.28515899181365967 0.11463742703199387
vt 0.28757530450820923 0.11463742703199387
vt 0.28999161720275879 0.11463742703199387
vt 0.29240792989730835 0.11463742703199387
vt 0.29482424259185791 0.11463742703199387
vt 0.29724055528640747 0.11463742703199387
vt 0.29965686798095703 0.11463742703199387
vt 0.30207318067550659 0.11463742703199387
vt 0.30448949337005615 0.11463742703199387
vt 0.30690580606460571 0.11463742703199387
vt 0.30932211875915527 0.11463742703199387
vt 0.31173843145370483 0.11463742703199387
vt 0.31415474414825439 0.11463742703199387
vt 0.31657105684280396 0.11463742703199387
vt 0.31898736953735352 0.11463742703199387
vt 0.32140368223190308 0.11463742703199387
vt 0.32381999492645264 0.11463742703199387
vt 0.29965686798095703 0.1183820441365242
vt 0.28636714816093445 0.1183820441365242
vt 0.27972230315208435 0.1183820441365242
vt 0.28636714816093445 0.11650973558425903
vt 0.27972230315208435 0.11650973558425903
vt 0.29301202297210693 0.1183820441365242
vt 0.29965686798095703 0.11650973558425903
vt 0.29301202297210693 0.11650973558425903
vt 0.31294658780097961 0.1183820441365242
vt 0.30630174279212952 0.1183820441365242
vt 0.31294658780097961 0.11650973558425903
vt 0.30630174279212952 0.11650973558425903
vt 0.3195914626121521 0.1183820441365242
vt 0.3195914626121521 0.11650973558425903
vt 0.3262363076210022 0.116777203977108
vt 0.3262363076210022 0.11891698837280273
vt 0.3262363076210022 0.12105676531791687
vt 0.3262363076210022 0.1231965497136116
vt 0.3262363076210022 0.12533633410930634
vt 0.3262363076210022 0.12747611105442047
vt 0.3195914626121521 0.12212666124105453
vt 0.31294658780097961 0.12025435268878937
vt 0.3195914626121521 0.12025435268878937
vt 0.31294658780097961 0.1239989697933197
vt 0.3195914626121521 0.1239989697933197
vt 0.27307742834091187 0.12747611105442047
vt 0.27307742834091187 0.12533633410930634
vt 0.27307742834091187 0.1231965497136116
vt 0.27307742834091187 0.12105676531791687
vt 0.27307742834091187 0.11891698837280273
vt 0.27307742834091187 0.116777203977108
vt 0.27972230315208435 0.12212666124105453
vt 0.28636714816093445 0.1239989697933197
vt 0.27972230315208435 0.1239989697933197
vt 0.28636714816093445 0.12025435268878937
vt 0.27972230315208435 0.12025435268878937
vt 0.16514626145362854 0.10038837790489197
vt 0.16455887258052826 0.10038837790489197
vt 0.16514626145362854 0.11536684632301331
vt 0.16455887258052826 0.11536684632301331
vt 0.16455887258052826 0.11322706937789917
vt 0.16455887258052826 0.11108728498220444
vt 0.16455887258052826 0.1089475080370903
vt 0.16455887258052826 0.10680772364139557
vt 0.16455887258052826 0.10466793924570084
vt 0.16455887258052826 0.1025281623005867
vt 0.16514626145362854 0.1025281623005867
vt 0.16514626145362854 0.10466793924570084
vt 0.16514626145362854 0.10680772364139557
vt 0.16514626145362854 0.1089475080370903
vt 0.16514626145362854 0.11108728498220444
vt 0.16514626145362854 0.11322706937789917
vt 0.16444112360477448 0.10038837790489197
vt 0.16385373473167419 0.10038837790489197
vt 0.16444112360477448 0.11536684632301331
vt 0.16385373473167419 0.11536684632301331
vt 0.16385373473167419 0.11322706937789917
vt 0.16385373473167419 0.11108728498220444
vt 0.16385373473167419 0.1089475080370903
vt 0.16385373473167419 0.10680772364139557
vt 0.16385373473167419 0.10466793924570084
vt 0.16385373473167419 0.1025281623005867
vt 0.16444112360477448 0.1025281623005867
vt 0.16444112360477448 0.10466793924570084
vt 0.16444112360477448 0.10680772364139557
vt 0.16444112360477448 0.1089475080370903
vt 0.16444112360477448 0.11108728498220444
vt 0.16444112360477448 0.11322706937789917
vt 0.09353744238615036 0.057270605117082596
vt 0.040378570556640625 0.057270605117082596
vt 0.09353744238615036 0.057857997715473175
vt 0.040378570556640625 0.057857997715473175
vt 0.0911211296916008 0.057857997715473175
vt 0.088704816997051239 0.057857997715473175
vt 0.086288504302501678 0.057857997715473175
vt 0.083872191607952118 0.057857997715473175
vt 0.081455878913402557 0.057857997715473175
vt 0.079039566218852997 0.057857997715473175
vt 0.076623253524303436 0.057857997715473175
vt 0.074206940829753876 0.057857997715473175
vt 0.071790628135204315 0.057857997715473175
vt 0.069374315440654755 0.057857997715473175
vt 0.066958002746105194 0.057857997715473175
vt 0.064541690051555634 0.057857997715473175
vt 0.062125381082296371 0.057857997715473175
vt 0.059709068387746811 0.057857997715473175
vt 0.05729275569319725 0.057857997715473175
vt 0.05487644299864769 0.057857997715473175
vt 0.052460130304098129 0.057857997715473175
vt 0.050043817609548569 0.057857997715473175
vt 0.047627504914999008 0.057857997715473175
vt 0.045211192220449448 0.057857997715473175
vt 0.042794883251190186 0.057857997715473175
vt 0.042794883251190186 0.057270605117082596
vt 0.045211192220449448 0.057270605117082596
vt 0.047627504914999008 0.057270605117082596
vt 0.050043817609548569 0.057270605117082596
vt 0.052460130304098129 0.057270605117082596
vt 0.05487644299864769 0.057270605117082596
vt 0.05729275569319725 0.057270605117082596
vt 0.059709068387746811 0.057270605117082596
vt 0.062125381082296371 0.057270605117082596
vt 0.064541690051555634 0.057270605117082596
vt 0.066958002746105194 0.057270605117082596
vt 0.069374315440654755 0.057270605117082596
vt 0.071790628135204315 0.057270605117082596
vt 0.074206940829753876 0.057270605117082596
vt 0.076623253524303436 0.057270605117082596
vt 0.079039566218852997 0.057270605117082596
vt 0.081455878913402557 0.057270605117082596
vt 0.083872191607952118 0.057270605117082596
vt 0.086288504302501678 0.057270605117082596
vt 0.088704816997051239 0.057270605117082596
vt 0.0911211296916008 0.057270605117082596
vt 0.09353744238615036 0.056683216243982315
vt 0.040378570556640625 0.056683216243982315
vt 0.09353744238615036 0.057270605117082596
vt 0.040378570556640625 0.057270605117082596
vt 0.0911211296916008 0.057270605117082596
vt 0.088704816997051239 0.057270605117082596
vt 0.086288504302501678 0.057270605117082596
vt 0.083872191607952118 0.057270605117082596
vt 0.081455878913402557 0.057270605117082596
vt 0.079039566218852997 0.057270605117082596
vt 0.076623253524303436 0.057270605117082596
vt 0.074206940829753876 0.057270605117082596
vt 0.071790628135204315 0.057270605117082596
vt 0.069374315440654755 0.057270605117082596
vt 0.066958002746105194 0.057270605117082596
vt 0.064541690051555634 0.057270605117082596
vt 0.062125381082296371 0.057270605117082596
vt 0.059709068387746811 0.057270605117082596
vt 0.05729275569319725 0.057270605117082596
vt 0.05487644299864769 0.057270605117082596
vt 0.052460130304098129 0.057270605117082596
vt 0.050043817609548569 0.057270605117082596
vt 0.047627504914999008 0.057270605117082596
vt 0.045211192220449448 0.057270605117082596
vt 0.042794883251190186 0.057270605117082596
vt 0.042794883251190186 0.056683216243982315
vt 0.045211192220449448 0.056683216243982315
vt 0.047627504914999008 0.056683216243982315
vt 0.050043817609548569 0.056683216243982315
vt 0.052460130304098129 0.056683216243982315
vt 0.05487644299864769 0.056683216243982315
vt 0.05729275569319725 0.056683216243982315
vt 0.059709068387746811 0.056683216243982315
vt 0.062125381082296371 0.056683216243982315
vt 0.064541690051555634 0.056683216243982315
vt 0.066958002746105194 0.056683216243982315
vt 0.069374315440654755 0.056683216243982315
vt 0.071790628135204315 0.056683216243982315
vt 0.074206940829753876 0.056683216243982315
vt 0.076623253524303436 0.056683216243982315
vt 0.079039566218852997 0.056683216243982315
vt 0.081455878913402557 0.056683216243982315
vt 0.083872191607952118 0.056683216243982315
vt 0.086288504302501678 0.056683216243982315
vt 0.088704816997051239 0.056683216243982315
vt 0.0911211296916008 0.056683216243982315
vt 0.051858749240636826 0
vt 0.051858749240636826 0.051694024354219437
vt 0.066837213933467865 0
vt 0.066837213933467865 0.051694024354219437
vt 0.066837213933467865 0.0023497284855693579
vt 0.066837213933467865 0.0046994569711387157
vt 0.066837213933467865 0.0070491856895387173
vt 0.066837213933467865 0.0093989139422774315
vt 0.066837213933467865 0.011748642660677433
vt 0.066837213933467865 0.014098371379077435
vt 0.066837213933467865 0.016448099166154861
vt 0.066837213933467865 0.018797827884554863
vt 0.066837213933467865 0.021147556602954865
vt 0.066837213933467865 0.023497285321354866
vt 0.066837213933467865 0.025847012177109718
vt 0.066837213933467865 0.028196742758154869
vt 0.066837213933467865 0.030546467751264572
vt 0.066837213933467865 0.032896198332309723
vt 0.066837213933467865 0.035245928913354874
vt 0.066837213933467865 0.037595655769109726
vt 0.066837213933467865 0.039945382624864578
vt 0.066837213933467865 0.042295113205909729
vt 0.066837213933467865 0.044644840061664581
vt 0.066837213933467865 0.046994570642709732
vt 0.066837213933467865 0.049344297498464584
vt 0.059347983449697495 0.025847012177109718
vt 0.063092604279518127 0.025847012177109718
vt 0.059347983449697495 0.012923506088554859
vt 0.063092604279518127 0.012923506088554859
vt 0.064964905381202698 0.012923506088554859
vt 0.063092604279518127 0.0064617530442774296
vt 0.064964905381202698 0.0064617530442774296
vt 0.064964905381202698 0.025847012177109718
vt 0.063092604279518127 0.019385259598493576
vt 0.064964905381202698 0.019385259598493576
vt 0.059347983449697495 0.038770519196987152
vt 0.063092604279518127 0.038770519196987152
vt 0.064964905381202698 0.038770519196987152
vt 0.063092604279518127 0.032308764755725861
vt 0.064964905381202698 0.032308764755725861
vt 0.063092604279518127 0.045232273638248444
vt 0.064964905381202698 0.045232273638248444
vt 0.051858749240636826 0.049344297498464584
vt 0.051858749240636826 0.046994570642709732
vt 0.051858749240636826 0.044644840061664581
vt 0.051858749240636826 0.042295113205909729
vt 0.051858749240636826 0.039945382624864578
vt 0.051858749240636826 0.037595655769109726
vt 0.051858749240636826 0.035245928913354874
vt 0.051858749240636826 0.032896198332309723
vt 0.051858749240636826 0.030546467751264572
vt 0.051858749240636826 0.028196742758154869
vt 0.051858749240636826 0.025847012177109718
vt 0.051858749240636826 0.023497285321354866
vt 0.051858749240636826 0.021147556602954865
vt 0.051858749240636826 0.018797827884554863
vt 0.051858749240636826 0.016448099166154861
vt 0.051858749240636826 0.014098371379077435
vt 0.051858749240636826 0.011748642660677433
vt 0.051858749240636826 0.0093989139422774315
vt 0.051858749240636826 0.0070491856895387173
vt 0.051858749240636826 0.0046994569711387157
vt 0.051858749240636826 0.0023497284855693579
vt 0.05560336634516716 0.025847012177109718
vt 0.05560336634516716 0.038770519196987152
vt 0.05560336634516716 0.045232273638248444
vt 0.053731057792901993 0.038770519196987152
vt 0.053731057792901993 0.045232273638248444
vt 0.05560336634516716 0.032308764755725861
vt 0.053731057792901993 0.025847012177109718
vt 0.053731057792901993 0.032308764755725861
vt 0.05560336634516716 0.012923506088554859
vt 0.05560336634516716 0.019385259598493576
vt 0.053731057792901993 0.012923506088554859
vt 0.053731057792901993 0.019385259598493576
vt 0.05560336634516716 0.0064617530442774296
vt 0.053731057792901993 0.0064617530442774296
vt 0.053998533636331558 0
vt 0.056138314306735992 0
vt 0.058278094977140427 0
vt 0.060417875647544861 0
vt 0.062557652592658997 0
vt 0.064697436988353729 0
vt 0.059347983449697495 0.0064617530442774296
vt 0.057475674897432327 0.012923506088554859
vt 0.057475674897432327 0.0064617530442774296
vt 0.061220292001962662 0.012923506088554859
vt 0.061220292001962662 0.0064617530442774296
vt 0.064697436988353729 0.051694024354219437
vt 0.062557652592658997 0.051694024354219437
vt 0.060417875647544861 0.051694024354219437
vt 0.058278094977140427 0.051694024354219437
vt 0.056138314306735992 0.051694024354219437
vt 0.053998533636331558 0.051694024354219437
vt 0.059347983449697495 0.045232273638248444
vt 0.061220292001962662 0.038770519196987152
vt 0.061220292001962662 0.045232273638248444
vt 0.057475674897432327 0.038770519196987152
vt 0.057475674897432327 0.045232273638248444
vt 0.16091540455818176 0.10038837790489197
vt 0.16032801568508148 0.10038837790489197
vt 0.16091540455818176 0.11536684632301331
vt 0.16032801568508148 0.11536684632301331
vt 0.16032801568508148 0.11322706937789917
vt 0.16032801568508148 0.11108728498220444
vt 0.16032801568508148 0.1089475080370903
vt 0.16032801568508148 0.10680772364139557
vt 0.16032801568508148 0.10466793924570084
vt 0.16032801568508148 0.1025281623005867
vt 0.16091540455818176 0.1025281623005867
vt 0.16091540455818176 0.10466793924570084
vt 0.16091540455818176 0.10680772364139557
vt 0.16091540455818176 0.1089475080370903
vt 0.16091540455818176 0.11108728498220444
vt 0.16091540455818176 0.11322706937789917
vt 0.1602102667093277 0.10038837790489197
vt 0.15962287783622742 0.10038837790489197
vt 0.1602102667093277 0.11536684632301331
vt 0.15962287783622742 0.11536684632301331
vt 0.15962287783622742 0.11322706937789917
vt 0.15962287783622742 0.11108728498220444
vt 0.15962287783622742 0.1089475080370903
vt 0.15962287783622742 0.10680772364139557
vt 0.15962287783622742 0.10466793924570084
vt 0.15962287783622742 0.1025281623005867
vt 0.1602102667093277 0.1025281623005867
vt 0.1602102667093277 0.10466793924570084
vt 0.1602102667093277 0.10680772364139557
vt 0.1602102667093277 0.1089475080370903
vt 0.1602102667093277 0.11108728498220444
vt 0.1602102667093277 0.11322706937789917
vt 0.09353744238615036 0.058445386588573456
vt 0.040378570556640625 0.058445386588573456
vt 0.09353744238615036 0.059032779186964035
vt 0.040378570556640625 0.059032779186964035
vt 0.0911211296916008 0.059032779186964035
vt 0.088704816997051239 0.059032779186964035
vt 0.086288504302501678 0.059032779186964035
vt 0.083872191607952118 0.059032779186964035
vt 0.081455878913402557 0.059032779186964035
vt 0.079039566218852997 0.059032779186964035
vt 0.076623253524303436 0.059032779186964035
vt 0.074206940829753876 0.059032779186964035
vt 0.071790628135204315 0.059032779186964035
vt 0.069374315440654755 0.059032779186964035
vt 0.066958002746105194 0.059032779186964035
vt 0.064541690051555634 0.059032779186964035
vt 0.062125381082296371 0.059032779186964035
vt 0.059709068387746811 0.059032779186964035
vt 0.05729275569319725 0.059032779186964035
vt 0.05487644299864769 0.059032779186964035
vt 0.052460130304098129 0.059032779186964035
vt 0.050043817609548569 0.059032779186964035
vt 0.047627504914999008 0.059032779186964035
vt 0.045211192220449448 0.059032779186964035
vt 0.042794883251190186 0.059032779186964035
vt 0.042794883251190186 0.058445386588573456
vt 0.045211192220449448 0.058445386588573456
vt 0.047627504914999008 0.058445386588573456
vt 0.050043817609548569 0.058445386588573456
vt 0.052460130304098129 0.058445386588573456
vt 0.05487644299864769 0.058445386588573456
vt 0.05729275569319725 0.058445386588573456
vt 0.059709068387746811 0.058445386588573456
vt 0.062125381082296371 0.058445386588573456
vt 0.064541690051555634 0.058445386588573456
vt 0.066958002746105194 0.058445386588573456
vt 0.069374315440654755 0.058445386588573456
vt 0.071790628135204315 0.058445386588573456
vt 0.074206940829753876 0.058445386588573456
vt 0.076623253524303436 0.058445386588573456
vt 0.079039566218852997 0.058445386588573456
vt 0.081455878913402557 0.058445386588573456
vt 0.083872191607952118 0.058445386588573456
vt 0.086288504302501678 0.058445386588573456
vt 0.088704816997051239 0.058445386588573456
vt 0.0911211296916008 0.058445386588573456
vt 0.09353744238615036 0.057857997715473175
vt 0.040378570556640625 0.057857997715473175
vt 0.09353744238615036 0.058445386588573456
vt 0.040378570556640625 0.058445386588573456
vt 0.0911211296916008 0.058445386588573456
vt 0.088704816997051239 0.058445386588573456
vt 0.086288504302501678 0.058445386588573456
vt 0.083872191607952118 0.058445386588573456
vt 0.081455878913402557 0.058445386588573456
vt 0.079039566218852997 0.058445386588573456
vt 0.076623253524303436 0.058445386588573456
vt 0.074206940829753876 0.058445386588573456
vt 0.071790628135204315 0.058445386588573456
vt 0.069374315440654755 0.058445386588573456
vt 0.066958002746105194 0.058445386588573456
vt 0.064541690051555634 0.058445386588573456
vt 0.062125381082296371 0.058445386588573456
vt 0.059709068387746811 0.058445386588573456
vt 0.05729275569319725 0.058445386588573456
vt 0.05487644299864769 0.058445386588573456
vt 0.052460130304098129 0.058445386588573456
vt 0.050043817609548569 0.058445386588573456
vt 0.047627504914999008 0.058445386588573456
vt 0.045211192220449448 0.058445386588573456
vt 0.042794883251190186 0.058445386588573456
vt 0.042794883251190186 0.057857997715473175
vt 0.045211192220449448 0.057857997715473175
vt 0.047627504914999008 0.057857997715473175
vt 0.050043817609548569 0.057857997715473175
vt 0.052460130304098129 0.057857997715473175
vt 0.05487644299864769 0.057857997715473175
vt 0.05729275569319725 0.057857997715473175
vt 0.059709068387746811 0.057857997715473175
vt 0.062125381082296371 0.057857997715473175
vt 0.064541690051555634 0.057857997715473175
vt 0.066958002746105194 0.057857997715473175
vt 0.069374315440654755 0.057857997715473175
vt 0.071790628135204315 0.057857997715473175
vt 0.074206940829753876 0.057857997715473175
vt 0.076623253524303436 0.057857997715473175
vt 0.079039566218852997 0.057857997715473175
vt 0.081455878913402557 0.057857997715473175
vt 0.083872191607952118 0.057857997715473175
vt 0.086288504302501678 0.057857997715473175
vt 0.088704816997051239 0.057857997715473175
vt 0.0911211296916008 0.057857997715473175
vt 0 0
vt 0 0.051694024354219437
vt 0.014978465624153614 0
vt 0.014978465624153614 0.051694024354219437
vt 0.014978465624153614 0.0023497284855693579
vt 0.014978465624153614 0.0046994569711387157
vt 0.014978465624153614 0.0070491856895387173
vt 0.014978465624153614 0.0093989139422774315
vt 0.014978465624153614 0.011748642660677433
vt 0.014978465624153614 0.014098371379077435
vt 0.014978465624153614 0.016448099166154861
vt 0.014978465624153614 0.018797827884554863
vt 0.014978465624153614 0.021147556602954865
vt 0.014978465624153614 0.023497285321354866
vt 0.014978465624153614 0.025847012177109718
vt 0.014978465624153614 0.028196742758154869
vt 0.014978465624153614 0.030546467751264572
vt 0.014978465624153614 0.032896198332309723
vt 0.014978465624153614 0.035245928913354874
vt 0.014978465624153614 0.037595655769109726
vt 0.014978465624153614 0.039945382624864578
vt 0.014978465624153614 0.042295113205909729
vt 0.014978465624153614 0.044644840061664581
vt 0.014978465624153614 0.046994570642709732
vt 0.014978465624153614 0.049344297498464584
vt 0.007489232812076807 0.025847012177109718
vt 0.011233849450945854 0.025847012177109718
vt 0.007489232812076807 0.012923506088554859
vt 0.011233849450945854 0.012923506088554859
vt 0.013106158003211021 0.012923506088554859
vt 0.011233849450945854 0.0064617530442774296
vt 0.013106158003211021 0.0064617530442774296
vt 0.013106158003211021 0.025847012177109718
vt 0.011233849450945854 0.019385259598493576
vt 0.013106158003211021 0.019385259598493576
vt 0.007489232812076807 0.038770519196987152
vt 0.011233849450945854 0.038770519196987152
vt 0.013106158003211021 0.038770519196987152
vt 0.011233849450945854 0.032308764755725861
vt 0.013106158003211021 0.032308764755725861
vt 0.011233849450945854 0.045232273638248444
vt 0.013106158003211021 0.045232273638248444
vt 0 0.049344297498464584
vt 0 0.046994570642709732
vt 0 0.044644840061664581
vt 0 0.042295113205909729
vt 0 0.039945382624864578
vt 0 0.037595655769109726
vt 0 0.035245928913354874
vt 0 0.032896198332309723
vt 0 0.030546467751264572
vt 0 0.028196742758154869
vt 0 0.025847012177109718
vt 0 0.023497285321354866
vt 0 0.021147556602954865
vt 0 0.018797827884554863
vt 0 0.016448099166154861
vt 0 0.014098371379077435
vt 0 0.011748642660677433
vt 0 0.0093989139422774315
vt 0 0.0070491856895387173
vt 0 0.0046994569711387157
vt 0 0.0023497284855693579
vt 0.0037446164060384035 0.025847012177109718
vt 0.0037446164060384035 0.038770519196987152
vt 0.0037446164060384035 0.045232273638248444
vt 0.0018723082030192018 0.038770519196987152
vt 0.0018723082030192018 0.045232273638248444
vt 0.0037446164060384035 0.032308764755725861
vt 0.0018723082030192018 0.025847012177109718
vt 0.0018723082030192018 0.032308764755725861
vt 0.0037446164060384035 0.012923506088554859
vt 0.0037446164060384035 0.019385259598493576
vt 0.0018723082030192018 0.012923506088554859
vt 0.0018723082030192018 0.019385259598493576
vt 0.0037446164060384035 0.0064617530442774296
vt 0.0018723082030192018 0.0064617530442774296
vt 0.0021397809032350779 0
vt 0.0042795618064701557 0
vt 0.0064193424768745899 0
vt 0.0085591236129403114 0
vt 0.010698904283344746 0
vt 0.01283868495374918 0
vt 0.007489232812076807 0.0064617530442774296
vt 0.0056169247254729271 0.012923506088554859
vt 0.0056169247254729271 0.0064617530442774296
vt 0.009361540898680687 0.012923506088554859
vt 0.009361540898680687 0.0064617530442774296
vt 0.01283868495374918 0.051694024354219437
vt 0.010698904283344746 0.051694024354219437
vt 0.0085591236129403114 0.051694024354219437
vt 0.0064193424768745899 0.051694024354219437
vt 0.0042795618064701557 0.051694024354219437
vt 0.0021397809032350779 0.051694024354219437
vt 0.007489232812076807 0.045232273638248444
vt 0.009361540898680687 0.038770519196987152
vt 0.009361540898680687 0.045232273638248444
vt 0.0056169247254729271 0.038770519196987152
vt 0.0056169247254729271 0.045232273638248444
vt 0.16232569515705109 0.10038837790489197
vt 0.16173830628395081 0.10038837790489197
vt 0.16232569515705109 0.11536684632301331
vt 0.16173830628395081 0.11536684632301331
vt 0.16173830628395081 0.11322706937789917
vt 0.16173830628395081 0.11108728498220444
vt 0.16173830628395081 0.1089475080370903
vt 0.16173830628395081 0.10680772364139557
vt 0.16173830628395081 0.10466793924570084
vt 0.16173830628395081 0.1025281623005867
vt 0.16232569515705109 0.1025281623005867
vt 0.16232569515705109 0.10466793924570084
vt 0.16232569515705109 0.10680772364139557
vt 0.16232569515705109 0.1089475080370903
vt 0.16232569515705109 0.11108728498220444
vt 0.16232569515705109 0.11322706937789917
vt 0.16162055730819702 0.10038837790489197
vt 0.16103316843509674 0.10038837790489197
vt 0.16162055730819702 0.11536684632301331
vt 0.16103316843509674 0.11536684632301331
vt 0.16103316843509674 0.11322706937789917
vt 0.16103316843509674 0.11108728498220444
vt 0.16103316843509674 0.1089475080370903
vt 0.16103316843509674 0.10680772364139557
vt 0.16103316843509674 0.10466793924570084
vt 0.16103316843509674 0.1025281623005867
vt 0.16162055730819702 0.1025281623005867
vt 0.16162055730819702 0.10466793924570084
vt 0.16162055730819702 0.10680772364139557
vt 0.16162055730819702 0.1089475080370903
vt 0.16162055730819702 0.11108728498220444
vt 0.16162055730819702 0.11322706937789917
vt 0.3262363076210022 0.11374751478433609
vt 0.27307742834091187 0.11374751478433609
vt 0.3262363076210022 0.11433490365743637
vt 0.27307742834091187 0.11433490365743637
vt 0.32381999492645264 0.11433490365743637
vt 0.32140368223190308 0.11433490365743637
vt 0.31898736953735352 0.11433490365743637
vt 0.31657105684280396 0.11433490365743637
vt 0.31415474414825439 0.11433490365743637
vt 0.31173843145370483 0.11433490365743637
vt 0.30932211875915527 0.11433490365743637
vt 0.30690580606460571 0.11433490365743637
vt 0.30448949337005615 0.11433490365743637
vt 0.30207318067550659 0.11433490365743637
vt 0.29965686798095703 0.11433490365743637
vt 0.29724055528640747 0.11433490365743637
vt 0.29482424259185791 0.11433490365743637
vt 0.29240792989730835 0.11433490365743637
vt 0.28999161720275879 0.11433490365743637
vt 0.28757530450820923 0.11433490365743637
vt 0.28515899181365967 0.11433490365743637
vt 0.28274267911911011 0.11433490365743637
vt 0.28032636642456055 0.11433490365743637
vt 0.27791005373001099 0.11433490365743637
vt 0.27549374103546143 0.11433490365743637
vt 0.27549374103546143 0.11374751478433609
vt 0.27791005373001099 0.11374751478433609
vt 0.28032636642456055 0.11374751478433609
vt 0.28274267911911011 0.11374751478433609
vt 0.28515899181365967 0.11374751478433609
vt 0.28757530450820923 0.11374751478433609
vt 0.28999161720275879 0.11374751478433609
vt 0.29240792989730835 0.11374751478433609
vt 0.29482424259185791 0.11374751478433609
vt 0.29724055528640747 0.11374751478433609
vt 0.29965686798095703 0.11374751478433609
vt 0.30207318067550659 0.11374751478433609
vt 0.30448949337005615 0.11374751478433609
vt 0.30690580606460571 0.11374751478433609
vt 0.30932211875915527 0.11374751478433609
vt 0.31173843145370483 0.11374751478433609
vt 0.31415474414825439 0.11374751478433609
vt 0.31657105684280396 0.11374751478433609
vt 0.31898736953735352 0.11374751478433609
vt 0.32140368223190308 0.11374751478433609
vt 0.32381999492645264 0.11374751478433609
vt 0.3262363076210022 0.11285760253667831
vt 0.27307742834091187 0.11285760253667831
vt 0.3262363076210022 0.11344499140977859
vt 0.27307742834091187 0.11344499140977859
vt 0.32381999492645264 0.11344499140977859
vt 0.32140368223190308 0.11344499140977859
vt 0.31898736953735352 0.11344499140977859
vt 0.31657105684280396 0.11344499140977859
vt 0.31415474414825439 0.11344499140977859
vt 0.31173843145370483 0.11344499140977859
vt 0.30932211875915527 0.11344499140977859
vt 0.30690580606460571 0.11344499140977859
vt 0.30448949337005615 0.11344499140977859
vt 0.30207318067550659 0.11344499140977859
vt 0.29965686798095703 0.11344499140977859
vt 0.29724055528640747 0.11344499140977859
vt 0.29482424259185791 0.11344499140977859
vt 0.29240792989730835 0.11344499140977859
vt 0.28999161720275879 0.11344499140977859
vt 0.28757530450820923 0.11344499140977859
vt 0.28515899181365967 0.11344499140977859
vt 0.28274267911911011 0.11344499140977859
vt 0.28032636642456055 0.11344499140977859
vt 0.27791005373001099 0.11344499140977859
vt 0.27549374103546143 0.11344499140977859
vt 0.27549374103546143 0.11285760253667831
vt 0.27791005373001099 0.11285760253667831
vt 0.28032636642456055 0.11285760253667831
vt 0.28274267911911011 0.11285760253667831
vt 0.28515899181365967 0.11285760253667831
vt 0.28757530450820923 0.11285760253667831
vt 0.28999161720275879 0.11285760253667831
vt 0.29240792989730835 0.11285760253667831
vt 0.29482424259185791 0.11285760253667831
vt 0.29724055528640747 0.11285760253667831
vt 0.29965686798095703 0.11285760253667831
vt 0.30207318067550659 0.11285760253667831
vt 0.30448949337005615 0.11285760253667831
vt 0.30690580606460571 0.11285760253667831
vt 0.30932211875915527 0.11285760253667831
vt 0.31173843145370483 0.11285760253667831
vt 0.31415474414825439 0.11285760253667831
vt 0.31657105684280396 0.11285760253667831
vt 0.31898736953735352 0.11285760253667831
vt 0.32140368223190308 0.11285760253667831
vt 0.32381999492645264 0.11285760253667831
vt 0.15557625889778137 0
vt 0.15557625889778137 0.051694024354219437
vt 0.17055471241474152 0
vt 0.17055471241474152 0.051694024354219437
vt 0.17055471241474152 0.0023497284855693579
vt 0.17055471241474152 0.0046994569711387157
vt 0.17055471241474152 0.0070491856895387173
vt 0.17055471241474152 0.0093989139422774315
vt 0.17055471241474152 0.011748642660677433
vt 0.17055471241474152 0.014098371379077435
vt 0.17055471241474152 0.016448099166154861
vt 0.17055471241474152 0.018797827884554863
vt 0.17055471241474152 0.021147556602954865
vt 0.17055471241474152 0.023497285321354866
vt 0.17055471241474152 0.025847012177109718
vt 0.17055471241474152 0.028196742758154869
vt 0.17055471241474152 0.030546467751264572
vt 0.17055471241474152 0.032896198332309723
vt 0.17055471241474152 0.035245928913354874
vt 0.17055471241474152 0.037595655769109726
vt 0.17055471241474152 0.039945382624864578
vt 0.17055471241474152 0.042295113205909729
vt 0.17055471241474152 0.044644840061664581
vt 0.17055471241474152 0.046994570642709732
vt 0.17055471241474152 0.049344297498464584
vt 0.16306549310684204 0.025847012177109718
vt 0.16681011021137238 0.025847012177109718
vt 0.16306549310684204 0.012923506088554859
vt 0.16681011021137238 0.012923506088554859
vt 0.16868241131305695 0.012923506088554859
vt 0.16681011021137238 0.0064617530442774296
vt 0.16868241131305695 0.0064617530442774296
vt 0.16868241131305695 0.025847012177109718
vt 0.16681011021137238 0.019385259598493576
vt 0.16868241131305695 0.019385259598493576
vt 0.16306549310684204 0.038770519196987152
vt 0.16681011021137238 0.038770519196987152
vt 0.16868241131305695 0.038770519196987152
vt 0.16681011021137238 0.032308764755725861
vt 0.16868241131305695 0.032308764755725861
vt 0.16681011021137238 0.045232273638248444
vt 0.16868241131305695 0.045232273638248444
vt 0.15557625889778137 0.049344297498464584
vt 0.15557625889778137 0.046994570642709732
vt 0.15557625889778137 0.044644840061664581
vt 0.15557625889778137 0.042295113205909729
vt 0.15557625889778137 0.039945382624864578
vt 0.15557625889778137 0.037595655769109726
vt 0.15557625889778137 0.035245928913354874
vt 0.15557625889778137 0.032896198332309723
vt 0.15557625889778137 0.030546467751264572
vt 0.15557625889778137 0.028196742758154869
vt 0.15557625889778137 0.025847012177109718
vt 0.15557625889778137 0.023497285321354866
vt 0.15557625889778137 0.021147556602954865
vt 0.15557625889778137 0.018797827884554863
vt 0.15557625889778137 0.016448099166154861
vt 0.15557625889778137 0.014098371379077435
vt 0.15557625889778137 0.011748642660677433
vt 0.15557625889778137 0.0093989139422774315
vt 0.15557625889778137 0.0070491856895387173
vt 0.15557625889778137 0.0046994569711387157
vt 0.15557625889778137 0.0023497284855693579
vt 0.15932087600231171 0.025847012177109718
vt 0.15932087600231171 0.038770519196987152
vt 0.15932087600231171 0.045232273638248444
vt 0.15744855999946594 0.038770519196987152
vt 0.15744855999946594 0.045232273638248444
vt 0.15932087600231171 0.032308764755725861
vt 0.15744855999946594 0.025847012177109718
vt 0.15744855999946594 0.032308764755725861
vt 0.15932087600231171 0.012923506088554859
vt 0.15932087600231171 0.019385259598493576
vt 0.15744855999946594 0.012923506088554859
vt 0.15744855999946594 0.019385259598493576
vt 0.15932087600231171 0.0064617530442774296
vt 0.15744855999946594 0.0064617530442774296
vt 0.15771603584289551 0
vt 0.15985581278800964 0
vt 0.16199558973312378 0
vt 0.16413538157939911 0
vt 0.16627515852451324 0
vt 0.16841493546962738 0
vt 0.16306549310684204 0.0064617530442774296
vt 0.16119317710399628 0.012923506088554859
vt 0.16119317710399628 0.0064617530442774296
vt 0.16493779420852661 0.012923506088554859
vt 0.16493779420852661 0.0064617530442774296
vt 0.16841493546962738 0.051694024354219437
vt 0.16627515852451324 0.051694024354219437
vt 0.16413538157939911 0.051694024354219437
vt 0.16199558973312378 0.051694024354219437
vt 0.15985581278800964 0.051694024354219437
vt 0.15771603584289551 0.051694024354219437
vt 0.16306549310684204 0.045232273638248444
vt 0.16493779420852661 0.038770519196987152
vt 0.16493779420852661 0.045232273638248444
vt 0.16119317710399628 0.038770519196987152
vt 0.16119317710399628 0.045232273638248444
vt 0.27307742834091187 0.11196769028902054
vt 0.27307742834091187 0.11255507916212082
vt 0.2880558967590332 0.11196769028902054
vt 0.2880558967590332 0.11255507916212082
vt 0.28591611981391907 0.11255507916212082
vt 0.28377634286880493 0.11255507916212082
vt 0.2816365659236908 0.11255507916212082
vt 0.27949678897857666 0.11255507916212082
vt 0.27735701203346252 0.11255507916212082
vt 0.275217205286026 0.11255507916212082
vt 0.275217205286026 0.11196769028902054
vt 0.27735701203346252 0.11196769028902054
vt 0.27949678897857666 0.11196769028902054
vt 0.2816365659236908 0.11196769028902054
vt 0.28377634286880493 0.11196769028902054
vt 0.28591611981391907 0.11196769028902054
vt 0.27307742834091187 0.11107777059078217
vt 0.27307742834091187 0.11166516691446304
vt 0.2880558967590332 0.11107777059078217
vt 0.2880558967590332 0.11166516691446304
vt 0.28591611981391907 0.11166516691446304
vt 0.28377634286880493 0.11166516691446304
vt 0.2816365659236908 0.11166516691446304
vt 0.27949678897857666 0.11166516691446304
vt 0.27735701203346252 0.11166516691446304
vt 0.275217205286026 0.11166516691446304
vt 0.275217205286026 0.11107777059078217
vt 0.27735701203346252 0.11107777059078217
vt 0.27949678897857666 0.11107777059078217
vt 0.2816365659236908 0.11107777059078217
vt 0.28377634286880493 0.11107777059078217
vt 0.28591611981391907 0.11107777059078217
vt 0.17078739404678345 0.10038837790489197
vt 0.17020000517368317 0.10038837790489197
vt 0.17078739404678345 0.11536684632301331
vt 0.17020000517368317 0.11536684632301331
vt 0.17078739404678345 0.1025281623005867
vt 0.17078739404678345 0.10466793924570084
vt 0.17078739404678345 0.10680772364139557
vt 0.17078739404678345 0.1089475080370903
vt 0.17078739404678345 0.11108728498220444
vt 0.17078739404678345 0.11322706937789917
vt 0.17020000517368317 0.11322706937789917
vt 0.17020000517368317 0.11108728498220444
vt 0.17020000517368317 0.1089475080370903
vt 0.17020000517368317 0.10680772364139557
vt 0.17020000517368317 0.10466793924570084
vt 0.17020000517368317 0.1025281623005867
vt 0.17008225619792938 0.10038837790489197
vt 0.1694948673248291 0.10038837790489197
vt 0.17008225619792938 0.11536684632301331
vt 0.1694948673248291 0.11536684632301331
vt 0.17008225619792938 0.1025281623005867
vt 0.17008225619792938 0.10466793924570084
vt 0.17008225619792938 0.10680772364139557
vt 0.17008225619792938 0.1089475080370903
vt 0.17008225619792938 0.11108728498220444
vt 0.17008225619792938 0.11322706937789917
vt 0.1694948673248291 0.11322706937789917
vt 0.1694948673248291 0.11108728498220444
vt 0.1694948673248291 0.1089475080370903
vt 0.1694948673248291 0.10680772364139557
vt 0.1694948673248291 0.10466793924570084
vt 0.1694948673248291 0.1025281623005867
vt 0.10371749848127365 0
vt 0.10371749848127365 0.051694024354219437
vt 0.11869596689939499 0
vt 0.11869596689939499 0.051694024354219437
vt 0.10585728287696838 0
vt 0.10799706727266312 0
vt 0.11013684421777725 0
vt 0.11227662861347198 0
vt 0.11441640555858612 0
vt 0.11655618995428085 0
vt 0.11120673269033432 0.025847012177109718
vt 0.11120673269033432 0.012923506088554859
vt 0.10746211558580399 0.025847012177109718
vt 0.10746211558580399 0.012923506088554859
vt 0.10746211558580399 0.0064617530442774296
vt 0.10558980703353882 0.012923506088554859
vt 0.10558980703353882 0.0064617530442774296
vt 0.11120673269033432 0.0064617530442774296
vt 0.10933442413806915 0.012923506088554859
vt 0.10933442413806915 0.0064617530442774296
vt 0.11495134979486465 0.025847012177109718
vt 0.11495134979486465 0.012923506088554859
vt 0.11495134979486465 0.0064617530442774296
vt 0.11307904124259949 0.012923506088554859
vt 0.11307904124259949 0.0064617530442774296
vt 0.11682365834712982 0.012923506088554859
vt 0.11682365834712982 0.0064617530442774296
vt 0.11655618995428085 0.051694024354219437
vt 0.11441640555858612 0.051694024354219437
vt 0.11227662861347198 0.051694024354219437
vt 0.11013684421777725 0.051694024354219437
vt 0.10799706727266312 0.051694024354219437
vt 0.10585728287696838 0.051694024354219437
vt 0.11120673269033432 0.038770519196987152
vt 0.11495134979486465 0.038770519196987152
vt 0.11495134979486465 0.045232273638248444
vt 0.11682365834712982 0.038770519196987152
vt 0.11682365834712982 0.045232273638248444
vt 0.11120673269033432 0.045232273638248444
vt 0.11307904124259949 0.038770519196987152
vt 0.11307904124259949 0.045232273638248444
vt 0.10746211558580399 0.038770519196987152
vt 0.10746211558580399 0.045232273638248444
vt 0.10933442413806915 0.038770519196987152
vt 0.10933442413806915 0.045232273638248444
vt 0.10558980703353882 0.038770519196987152
vt 0.10558980703353882 0.045232273638248444
vt 0.11869596689939499 0.0023497284855693579
vt 0.11869596689939499 0.0046994569711387157
vt 0.11869596689939499 0.0070491856895387173
vt 0.11869596689939499 0.0093989139422774315
vt 0.11869596689939499 0.011748642660677433
vt 0.11869596689939499 0.014098371379077435
vt 0.11869596689939499 0.016448099166154861
vt 0.11869596689939499 0.018797827884554863
vt 0.11869596689939499 0.021147556602954865
vt 0.11869596689939499 0.023497285321354866
vt 0.11869596689939499 0.025847012177109718
vt 0.11869596689939499 0.028196742758154869
vt 0.11869596689939499 0.030546467751264572
vt 0.11869596689939499 0.032896198332309723
vt 0.11869596689939499 0.035245928913354874
vt 0.11869596689939499 0.037595655769109726
vt 0.11869596689939499 0.039945382624864578
vt 0.11869596689939499 0.042295113205909729
vt 0.11869596689939499 0.044644840061664581
vt 0.11869596689939499 0.046994570642709732
vt 0.11869596689939499 0.049344297498464584
vt 0.11682365834712982 0.025847012177109718
vt 0.11495134979486465 0.019385259598493576
vt 0.11682365834712982 0.019385259598493576
vt 0.11495134979486465 0.032308764755725861
vt 0.11682365834712982 0.032308764755725861
vt 0.10371749848127365 0.049344297498464584
vt 0.10371749848127365 0.046994570642709732
vt 0.10371749848127365 0.044644840061664581
vt 0.10371749848127365 0.042295113205909729
vt 0.10371749848127365 0.039945382624864578
vt 0.10371749848127365 0.037595655769109726
vt 0.10371749848127365 0.035245928913354874
vt 0.10371749848127365 0.032896198332309723
vt 0.10371749848127365 0.030546467751264572
vt 0.10371749848127365 0.028196742758154869
vt 0.10371749848127365 0.025847012177109718
vt 0.10371749848127365 0.023497285321354866
vt 0.10371749848127365 0.021147556602954865
vt 0.10371749848127365 0.018797827884554863
vt 0.10371749848127365 0.016448099166154861
vt 0.10371749848127365 0.014098371379077435
vt 0.10371749848127365 0.011748642660677433
vt 0.10371749848127365 0.0093989139422774315
vt 0.10371749848127365 0.0070491856895387173
vt 0.10371749848127365 0.0046994569711387157
vt 0.10371749848127365 0.0023497284855693579
vt 0.10746211558580399 0.032308764755725861
vt 0.10558980703353882 0.025847012177109718
vt 0.10558980703353882 0.032308764755725861
vt 0.10746211558580399 0.019385259598493576
vt 0.10558980703353882 0.019385259598493576
vt 0.09353744238615036 0.059620168060064316
vt 0.040378570556640625 0.059620168060064316
vt 0.09353744238615036 0.060207560658454895
vt 0.040378570556640625 0.060207560658454895
vt 0.0911211296916008 0.060207560658454895
vt 0.088704816997051239 0.060207560658454895
vt 0.086288504302501678 0.060207560658454895
vt 0.083872191607952118 0.060207560658454895
vt 0.081455878913402557 0.060207560658454895
vt 0.079039566218852997 0.060207560658454895
vt 0.076623253524303436 0.060207560658454895
vt 0.074206940829753876 0.060207560658454895
vt 0.071790628135204315 0.060207560658454895
vt 0.069374315440654755 0.060207560658454895
vt 0.066958002746105194 0.060207560658454895
vt 0.064541690051555634 0.060207560658454895
vt 0.062125381082296371 0.060207560658454895
vt 0.059709068387746811 0.060207560658454895
vt 0.05729275569319725 0.060207560658454895
vt 0.05487644299864769 0.060207560658454895
vt 0.052460130304098129 0.060207560658454895
vt 0.050043817609548569 0.060207560658454895
vt 0.047627504914999008 0.060207560658454895
vt 0.045211192220449448 0.060207560658454895
vt 0.042794883251190186 0.060207560658454895
vt 0.042794883251190186 0.059620168060064316
vt 0.045211192220449448 0.059620168060064316
vt 0.047627504914999008 0.059620168060064316
vt 0.050043817609548569 0.059620168060064316
vt 0.052460130304098129 0.059620168060064316
vt 0.05487644299864769 0.059620168060064316
vt 0.05729275569319725 0.059620168060064316
vt 0.059709068387746811 0.059620168060064316
vt 0.062125381082296371 0.059620168060064316
vt 0.064541690051555634 0.059620168060064316
vt 0.066958002746105194 0.059620168060064316
vt 0.069374315440654755 0.059620168060064316
vt 0.071790628135204315 0.059620168060064316
vt 0.074206940829753876 0.059620168060064316
vt 0.076623253524303436 0.059620168060064316
vt 0.079039566218852997 0.059620168060064316
vt 0.081455878913402557 0.059620168060064316
vt 0.083872191607952118 0.059620168060064316
vt 0.086288504302501678 0.059620168060064316
vt 0.088704816997051239 0.059620168060064316
vt 0.0911211296916008 0.059620168060064316
vt 0.09353744238615036 0.059032779186964035
vt 0.040378570556640625 0.059032779186964035
vt 0.09353744238615036 0.059620168060064316
vt 0.040378570556640625 0.059620168060064316
vt 0.0911211296916008 0.059620168060064316
vt 0.088704816997051239 0.059620168060064316
vt 0.086288504302501678 0.059620168060064316
vt 0.083872191607952118 0.059620168060064316
vt 0.081455878913402557 0.059620168060064316
vt 0.079039566218852997 0.059620168060064316
vt 0.076623253524303436 0.059620168060064316
vt 0.074206940829753876 0.059620168060064316
vt 0.071790628135204315 0.059620168060064316
vt 0.069374315440654755 0.059620168060064316
vt 0.066958002746105194 0.059620168060064316
vt 0.064541690051555634 0.059620168060064316
vt 0.062125381082296371 0.059620168060064316
vt 0.059709068387746811 0.059620168060064316
vt 0.05729275569319725 0.059620168060064316
vt 0.05487644299864769 0.059620168060064316
vt 0.052460130304098129 0.059620168060064316
vt 0.050043817609548569 0.059620168060064316
vt 0.047627504914999008 0.059620168060064316
vt 0.045211192220449448 0.059620168060064316
vt 0.042794883251190186 0.059620168060064316
vt 0.042794883251190186 0.059032779186964035
vt 0.045211192220449448 0.059032779186964035
vt 0.047627504914999008 0.059032779186964035
vt 0.050043817609548569 0.059032779186964035
vt 0.052460130304098129 0.059032779186964035
vt 0.05487644299864769 0.059032779186964035
vt 0.05729275569319725 0.059032779186964035
vt 0.059709068387746811 0.059032779186964035
vt 0.062125381082296371 0.059032779186964035
vt 0.064541690051555634 0.059032779186964035
vt 0.066958002746105194 0.059032779186964035
vt 0.069374315440654755 0.059032779186964035
vt 0.071790628135204315 0.059032779186964035
vt 0.074206940829753876 0.059032779186964035
vt 0.076623253524303436 0.059032779186964035
vt 0.079039566218852997 0.059032779186964035
vt 0.081455878913402557 0.059032779186964035
vt 0.083872191607952118 0.059032779186964035
vt 0.086288504302501678 0.059032779186964035
vt 0.088704816997051239 0.059032779186964035
vt 0.0911211296916008 0.059032779186964035
vt 0.27307742834091187 0.11018785834312439
vt 0.27307742834091187 0.11077525466680527
vt 0.2880558967590332 0.11018785834312439
vt 0.2880558967590332 0.11077525466680527
vt 0.275217205286026 0.11018785834312439
vt 0.27735701203346252 0.11018785834312439
vt 0.27949678897857666 0.11018785834312439
vt 0.2816365659236908 0.11018785834312439
vt 0.28377634286880493 0.11018785834312439
vt 0.28591611981391907 0.11018785834312439
vt 0.28591611981391907 0.11077525466680527
vt 0.28377634286880493 0.11077525466680527
vt 0.2816365659236908 0.11077525466680527
vt 0.27949678897857666 0.11077525466680527
vt 0.27735701203346252 0.11077525466680527
vt 0.275217205286026 0.11077525466680527
vt 0.27307742834091187 0.10929794609546661
vt 0.27307742834091187 0.10988534241914749
vt 0.2880558967590332 0.10929794609546661
vt 0.2880558967590332 0.10988534241914749
vt 0.275217205286026 0.10929794609546661
vt 0.27735701203346252 0.10929794609546661
vt 0.27949678897857666 0.10929794609546661
vt 0.2816365659236908 0.10929794609546661
vt 0.28377634286880493 0.10929794609546661
vt 0.28591611981391907 0.10929794609546661
vt 0.28591611981391907 0.10988534241914749
vt 0.28377634286880493 0.10988534241914749
vt 0.2816365659236908 0.10988534241914749
vt 0.27949678897857666 0.10988534241914749
vt 0.27735701203346252 0.10988534241914749
vt 0.275217205286026 0.10988534241914749
vt 0.12128996849060059 0.10038837790489197
vt 0.12128996849060059 0.1535472571849823
vt 0.13626843690872192 0.10038837790489197
vt 0.13626843690872192 0.1535472571849823
vt 0.12342974543571472 0.10038837790489197
vt 0.12556952238082886 0.10038837790489197
vt 0.12770931422710419 0.10038837790489197
vt 0.12984909117221832 0.10038837790489197
vt 0.13198886811733246 0.10038837790489197
vt 0.13412864506244659 0.10038837790489197
vt 0.12877920269966125 0.12696781754493713
vt 0.12877920269966125 0.11367809772491455
vt 0.12503458559513092 0.12696781754493713
vt 0.12503458559513092 0.11367809772491455
vt 0.12503458559513092 0.10703323781490326
vt 0.12316226959228516 0.11367809772491455
vt 0.12316226959228516 0.10703323781490326
vt 0.12877920269966125 0.10703323781490326
vt 0.12690688669681549 0.11367809772491455
vt 0.12690688669681549 0.10703323781490326
vt 0.13252381980419159 0.12696781754493713
vt 0.13252381980419159 0.11367809772491455
vt 0.13252381980419159 0.10703323781490326
vt 0.13065150380134583 0.11367809772491455
vt 0.13065150380134583 0.10703323781490326
vt 0.13439612090587616 0.11367809772491455
vt 0.13439612090587616 0.10703323781490326
vt 0.13412864506244659 0.1535472571849823
vt 0.13198886811733246 0.1535472571849823
vt 0.12984909117221832 0.1535472571849823
vt 0.12770931422710419 0.1535472571849823
vt 0.12556952238082886 0.1535472571849823
vt 0.12342974543571472 0.1535472571849823
vt 0.12877920269966125 0.14025753736495972
vt 0.13252381980419159 0.14025753736495972
vt 0.13252381980419159 0.14690239727497101
vt 0.13439612090587616 0.14025753736495972
vt 0.13439612090587616 0.14690239727497101
vt 0.12877920269966125 0.14690239727497101
vt 0.13065150380134583 0.14025753736495972
vt 0.13065150380134583 0.14690239727497101
vt 0.12503458559513092 0.14025753736495972
vt 0.12503458559513092 0.14690239727497101
vt 0.12690688669681549 0.14025753736495972
vt 0.12690688669681549 0.14690239727497101
vt 0.12316226959228516 0.14025753736495972
vt 0.12316226959228516 0.14690239727497101
vt 0.13626843690872192 0.10280469059944153
vt 0.13626843690872192 0.10522100329399109
vt 0.13626843690872192 0.10763731598854065
vt 0.13626843690872192 0.11005362868309021
vt 0.13626843690872192 0.11246994137763977
vt 0.13626843690872192 0.11488625407218933
vt 0.13626843690872192 0.11730256676673889
vt 0.13626843690872192 0.11971887946128845
vt 0.13626843690872192 0.12213519215583801
vt 0.13626843690872192 0.12455150485038757
vt 0.13626843690872192 0.12696781754493713
vt 0.13626843690872192 0.12938413023948669
vt 0.13626843690872192 0.13180044293403625
vt 0.13626843690872192 0.13421675562858582
vt 0.13626843690872192 0.13663306832313538
vt 0.13626843690872192 0.13904938101768494
vt 0.13626843690872192 0.1414656937122345
vt 0.13626843690872192 0.14388200640678406
vt 0.13626843690872192 0.14629831910133362
vt 0.13626843690872192 0.14871463179588318
vt 0.13626843690872192 0.15113094449043274
vt 0.13439612090587616 0.12696781754493713
vt 0.13252381980419159 0.12032295763492584
vt 0.13439612090587616 0.12032295763492584
vt 0.13252381980419159 0.13361267745494843
vt 0.13439612090587616 0.13361267745494843
vt 0.12128996849060059 0.15113094449043274
vt 0.12128996849060059 0.14871463179588318
vt 0.12128996849060059 0.14629831910133362
vt 0.12128996849060059 0.14388200640678406
vt 0.12128996849060059 0.1414656937122345
vt 0.12128996849060059 0.13904938101768494
vt 0.12128996849060059 0.13663306832313538
vt 0.12128996849060059 0.13421675562858582
vt 0.12128996849060059 0.13180044293403625
vt 0.12128996849060059 0.12938413023948669
vt 0.12128996849060059 0.12696781754493713
vt 0.12128996849060059 0.12455150485038757
vt 0.12128996849060059 0.12213519215583801
vt 0.12128996849060059 0.11971887946128845
vt 0.12128996849060059 0.11730256676673889
vt 0.12128996849060059 0.11488625407218933
vt 0.12128996849060059 0.11246994137763977
vt 0.12128996849060059 0.11005362868309021
vt 0.12128996849060059 0.10763731598854065
vt 0.12128996849060059 0.10522100329399109
vt 0.12128996849060059 0.10280469059944153
vt 0.12503458559513092 0.13361267745494843
vt 0.12316226959228516 0.12696781754493713
vt 0.12316226959228516 0.13361267745494843
vt 0.12503458559513092 0.12032295763492584
vt 0.12316226959228516 0.12032295763492584
vt 0.09353744238615036 0.060794949531555176
vt 0.040378570556640625 0.060794949531555176
vt 0.09353744238615036 0.061382342129945755
vt 0.040378570556640625 0.061382342129945755
vt 0.0911211296916008 0.061382342129945755
vt 0.088704816997051239 0.061382342129945755
vt 0.086288504302501678 0.061382342129945755
vt 0.083872191607952118 0.061382342129945755
vt 0.081455878913402557 0.061382342129945755
vt 0.079039566218852997 0.061382342129945755
vt 0.076623253524303436 0.061382342129945755
vt 0.074206940829753876 0.061382342129945755
vt 0.071790628135204315 0.061382342129945755
vt 0.069374315440654755 0.061382342129945755
vt 0.066958002746105194 0.061382342129945755
vt 0.064541690051555634 0.061382342129945755
vt 0.062125381082296371 0.061382342129945755
vt 0.059709068387746811 0.061382342129945755
vt 0.05729275569319725 0.061382342129945755
vt 0.05487644299864769 0.061382342129945755
vt 0.052460130304098129 0.061382342129945755
vt 0.050043817609548569 0.061382342129945755
vt 0.047627504914999008 0.061382342129945755
vt 0.045211192220449448 0.061382342129945755
vt 0.042794883251190186 0.061382342129945755
vt 0.042794883251190186 0.060794949531555176
vt 0.045211192220449448 0.060794949531555176
vt 0.047627504914999008 0.060794949531555176
vt 0.050043817609548569 0.060794949531555176
vt 0.052460130304098129 0.060794949531555176
vt 0.05487644299864769 0.060794949531555176
vt 0.05729275569319725 0.060794949531555176
vt 0.059709068387746811 0.060794949531555176
vt 0.062125381082296371 0.060794949531555176
vt 0.064541690051555634 0.060794949531555176
vt 0.066958002746105194 0.060794949531555176
vt 0.069374315440654755 0.060794949531555176
vt 0.071790628135204315 0.060794949531555176
vt 0.074206940829753876 0.060794949531555176
vt 0.076623253524303436 0.060794949531555176
vt 0.079039566218852997 0.060794949531555176
vt 0.081455878913402557 0.060794949531555176
vt 0.083872191607952118 0.060794949531555176
vt 0.086288504302501678 0.060794949531555176
vt 0.088704816997051239 0.060794949531555176
vt 0.0911211296916008 0.060794949531555176
vt 0.09353744238615036 0.060207560658454895
vt 0.040378570556640625 0.060207560658454895
vt 0.09353744238615036 0.060794949531555176
vt 0.040378570556640625 0.060794949531555176
vt 0.0911211296916008 0.060794949531555176
vt 0.088704816997051239 0.060794949531555176
vt 0.086288504302501678 0.060794949531555176
vt 0.083872191607952118 0.060794949531555176
vt 0.081455878913402557 0.060794949531555176
vt 0.079039566218852997 0.060794949531555176
vt 0.076623253524303436 0.060794949531555176
vt 0.074206940829753876 0.060794949531555176
vt 0.071790628135204315 0.060794949531555176
vt 0.069374315440654755 0.060794949531555176
vt 0.066958002746105194 0.060794949531555176
vt 0.064541690051555634 0.060794949531555176
vt 0.062125381082296371 0.060794949531555176
vt 0.059709068387746811 0.060794949531555176
vt 0.05729275569319725 0.060794949531555176
vt 0.05487644299864769 0.060794949531555176
vt 0.052460130304098129 0.060794949531555176
vt 0.050043817609548569 0.060794949531555176
vt 0.047627504914999008 0.060794949531555176
vt 0.045211192220449448 0.060794949531555176
vt 0.042794883251190186 0.060794949531555176
vt 0.042794883251190186 0.060207560658454895
vt 0.045211192220449448 0.060207560658454895
vt 0.047627504914999008 0.060207560658454895
vt 0.050043817609548569 0.060207560658454895
vt 0.052460130304098129 0.060207560658454895
vt 0.05487644299864769 0.060207560658454895
vt 0.05729275569319725 0.060207560658454895
vt 0.059709068387746811 0.060207560658454895
vt 0.062125381082296371 0.060207560658454895
vt 0.064541690051555634 0.060207560658454895
vt 0.066958002746105194 0.060207560658454895
vt 0.069374315440654755 0.060207560658454895
vt 0.071790628135204315 0.060207560658454895
vt 0.074206940829753876 0.060207560658454895
vt 0.076623253524303436 0.060207560658454895
vt 0.079039566218852997 0.060207560658454895
vt 0.081455878913402557 0.060207560658454895
vt 0.083872191607952118 0.060207560658454895
vt 0.086288504302501678 0.060207560658454895
vt 0.088704816997051239 0.060207560658454895
vt 0.0911211296916008 0.060207560658454895
vt 0.23339195549488068 0.50990432500839233
vt 0.17142222821712494 0.50990432500839233
vt 0.23339195549488068 0.53956753015518188
vt 0.17142222821712494 0.53956753015518188
vt 0.23339195549488068 0.51979202032089233
vt 0.23339195549488068 0.52967977523803711
vt 0.17142222821712494 0.52967977523803711
vt 0.17142222821712494 0.51979202032089233
vt 0.21789951622486115 0.53956753015518188
vt 0.20240709185600281 0.53956753015518188
vt 0.18691465258598328 0.53956753015518188
vt 0.18691465258598328 0.50990432500839233
vt 0.20240709185600281 0.50990432500839233
vt 0.21789951622486115 0.50990432500839233
vt 0.1224348396062851 0.49394023418426514
vt 0.1224348396062851 0.55590999126434326
vt 0.15209807455539703 0.49394023418426514
vt 0.15209807455539703 0.55590999126434326
vt 0.1224348396062851 0.54041755199432373
vt 0.1224348396062851 0.5249251127243042
vt 0.1224348396062851 0.50943267345428467
vt 0.15209807455539703 0.50943267345428467
vt 0.15209807455539703 0.5249251127243042
vt 0.15209807455539703 0.54041755199432373
vt 0.14221033453941345 0.55590999126434326
vt 0.13232257962226868 0.55590999126434326
vt 0.13232257962226868 0.49394023418426514
vt 0.14221033453941345 0.49394023418426514
vt 0.3350471556186676 0.021323259919881821
vt 0.27307742834091187 0.021323259919881821
vt 0.3350471556186676 0.050986498594284058
vt 0.27307742834091187 0.050986498594284058
vt 0.3350471556186676 0.03121100552380085
vt 0.3350471556186676 0.041098751127719879
vt 0.27307742834091187 0.041098751127719879
vt 0.27307742834091187 0.03121100552380085
vt 0.31955474615097046 0.050986498594284058
vt 0.30406230688095093 0.050986498594284058
vt 0.2885698676109314 0.050986498594284058
vt 0.2885698676109314 0.021323259919881821
vt 0.30406230688095093 0.021323259919881821
vt 0.31955474615097046 0.021323259919881821
vt 0.59857708215713501 0.45203009247779846
vt 0.59857708215713501 0.76061582565307617
vt 0.6925816535949707 0.52917653322219849
vt 0.6925816535949707 0.60632294416427612
vt 0.6925816535949707 0.68346941471099854
vt 0.7865862250328064 0.52917653322219849
vt 0.7865862250328064 0.60632294416427612
vt 0.88059079647064209 0.52917653322219849
vt 0.88059079647064209 0.60632294416427612
vt 0.97459536790847778 0.45203009247779846
vt 0.94322866201400757 0.62119865417480469
vt 0.93334096670150757 0.62119865417480469
vt 0.92345315217971802 0.62119865417480469
vt 0.91356545686721802 0.62119865417480469
vt 0.92759305238723755 0.60632294416427612
vt 0.88059079647064209 0.5677497386932373
vt 0.92759305238723755 0.52917653322219849
vt 0.92759305238723755 0.5677497386932373
vt 0.90409195423126221 0.60632294416427612
vt 0.83358848094940186 0.60632294416427612
vt 0.82545679807662964 0.45203009247779846
vt 0.83534455299377441 0.45203009247779846
vt 0.84523230791091919 0.45203009247779846
vt 0.85512006282806396 0.45203009247779846
vt 0.88059079647064209 0.49060329794883728
vt 0.83358848094940186 0.52917653322219849
vt 0.7865862250328064 0.49060329794883728
vt 0.83358848094940186 0.49060329794883728
vt 0.83358848094940186 0.47131669521331787
vt 0.81008738279342651 0.49060329794883728
vt 0.7865862250328064 0.47131669521331787
vt 0.81008738279342651 0.47131669521331787
vt 0.73958396911621094 0.52917653322219849
vt 0.6925816535949707 0.49060329794883728
vt 0.73958396911621094 0.49060329794883728
vt 0.88059079647064209 0.47131669521331787
vt 0.85708963871002197 0.49060329794883728
vt 0.85708963871002197 0.47131669521331787
vt 0.92759305238723755 0.49060329794883728
vt 0.59857708215713501 0.58533841371536255
vt 0.59857708215713501 0.57545065879821777
vt 0.59857708215713501 0.56556296348571777
vt 0.59857708215713501 0.555675208568573
vt 0.6925816535949707 0.5677497386932373
vt 0.64557939767837524 0.60632294416427612
vt 0.64557939767837524 0.52917653322219849
vt 0.64557939767837524 0.5677497386932373
vt 0.64557939767837524 0.5870363712310791
vt 0.62207823991775513 0.60632294416427612
vt 0.62207823991775513 0.5677497386932373
vt 0.62207823991775513 0.5870363712310791
vt 0.6925816535949707 0.64489620923995972
vt 0.64557939767837524 0.68346941471099854
vt 0.64557939767837524 0.64489620923995972
vt 0.64557939767837524 0.54846310615539551
vt 0.62207823991775513 0.52917653322219849
vt 0.62207823991775513 0.54846310615539551
vt 0.64557939767837524 0.49060329794883728
vt 0.97459536790847778 0.46894693374633789
vt 0.97459536790847778 0.48586380481719971
vt 0.97459536790847778 0.50278067588806152
vt 0.97459536790847778 0.51969748735427856
vt 0.97459536790847778 0.53661435842514038
vt 0.97459536790847778 0.5535312294960022
vt 0.97459536790847778 0.57044810056686401
vt 0.97459536790847778 0.58736491203308105
vt 0.97459536790847778 0.60428178310394287
vt 0.97459536790847778 0.62119865417480469
vt 0.79829001426696777 0.76061582565307617
vt 0.78580790758132935 0.76061582565307617
vt 0.77332586050033569 0.76061582565307617
vt 0.76084381341934204 0.76061582565307617
vt 0.74836176633834839 0.76061582565307617
vt 0.73587971925735474 0.76061582565307617
vt 0.72339767217636108 0.76061582565307617
vt 0.71091562509536743 0.76061582565307617
vt 0.69843357801437378 0.76061582565307617
vt 0.68595147132873535 0.76061582565307617
vt 0.6734694242477417 0.76061582565307617
vt 0.66098737716674805 0.76061582565307617
vt 0.64850533008575439 0.76061582565307617
vt 0.63602328300476074 0.76061582565307617
vt 0.62354123592376709 0.76061582565307617
vt 0.61105918884277344 0.76061582565307617
vt 0.7865862250328064 0.72204262018203735
vt 0.7865862250328064 0.74132925271987915
vt 0.6925816535949707 0.72204262018203735
vt 0.73958396911621094 0.68346941471099854
vt 0.73958396911621094 0.72204262018203735
vt 0.73958396911621094 0.74132925271987915
vt 0.76308506727218628 0.72204262018203735
vt 0.76308506727218628 0.74132925271987915
vt 0.6925816535949707 0.74132925271987915
vt 0.71608281135559082 0.72204262018203735
vt 0.71608281135559082 0.74132925271987915
vt 0.64557939767837524 0.72204262018203735
vt 0.64557939767837524 0.74132925271987915
vt 0.66908055543899536 0.72204262018203735
vt 0.66908055543899536 0.74132925271987915
vt 0.62207823991775513 0.72204262018203735
vt 0.62207823991775513 0.74132925271987915
vt 0.59857708215713501 0.74308812618255615
vt 0.59857708215713501 0.72556036710739136
vt 0.59857708215713501 0.70803260803222656
vt 0.59857708215713501 0.69050484895706177
vt 0.59857708215713501 0.67297714948654175
vt 0.59857708215713501 0.65544939041137695
vt 0.59857708215713501 0.63792163133621216
vt 0.59857708215713501 0.62039393186569214
vt 0.59857708215713501 0.60286617279052734
vt 0.95891201496124268 0.62119865417480469
vt 0.89436757564544678 0.62119865417480469
vt 0.87516969442367554 0.62119865417480469
vt 0.85597175359725952 0.62119865417480469
vt 0.83677387237548828 0.62119865417480469
vt 0.81757599115371704 0.62119865417480469
vt 0.7983781099319458 0.62119865417480469
vt 0.87503260374069214 0.45203009247779846
vt 0.89494514465332031 0.45203009247779846
vt 0.91485768556594849 0.45203009247779846
vt 0.93477022647857666 0.45203009247779846
vt 0.95468276739120483 0.45203009247779846
vt 0.79833406209945679 0.69090723991394043
vt 0.59857708215713501 0.45294052362442017
vt 0.64557939767837524 0.47131669521331787
vt 0.62207823991775513 0.49060329794883728
vt 0.62207823991775513 0.47131669521331787
vt 0.62207823991775513 0.46167337894439697
vt 0.61032766103744507 0.47131669521331787
vt 0.61032766103744507 0.46167337894439697
vt 0.61032766103744507 0.45685172080993652
vt 0.60445237159729004 0.46167337894439697
vt 0.60445237159729004 0.45685172080993652
vt 0.60445237159729004 0.4544408917427063
vt 0.60151475667953491 0.45685172080993652
vt 0.60151475667953491 0.4544408917427063
vt 0.59931135177612305 0.45203009247779846
vt 0.60151475667953491 0.45323550701141357
vt 0.60004591941833496 0.4544408917427063
vt 0.60004591941833496 0.45323550701141357
vt 0.59857708215713501 0.53855276107788086
vt 0.59857708215713501 0.52143031358718872
vt 0.59857708215713501 0.50430786609649658
vt 0.59857708215713501 0.48718541860580444
vt 0.59857708215713501 0.4700629711151123
vt 0.61987000703811646 0.45203009247779846
vt 0.64042872190475464 0.45203009247779846
vt 0.66098737716674805 0.45203009247779846
vt 0.68154603242874146 0.45203009247779846
vt 0.70210474729537964 0.45203009247779846
vt 0.72266340255737305 0.45203009247779846
vt 0.74322211742401123 0.45203009247779846
vt 0.76378077268600464 0.45203009247779846
vt 0.78433948755264282 0.45203009247779846
vt 0.80489814281463623 0.45203009247779846
vt 0.139271080493927 0.10038837790489197
vt 0.139271080493927 0.49247539043426514
vt 0.1477477103471756 0.14939925074577332
vt 0.1477477103471756 0.19841013848781586
vt 0.1477477103471756 0.2474210113286972
vt 0.1477477103471756 0.29643189907073975
vt 0.1477477103471756 0.34544277191162109
vt 0.1477477103471756 0.39445364475250244
vt 0.1477477103471756 0.44346451759338379
vt 0.15622435510158539 0.10038837790489197
vt 0.15622435510158539 0.49247539043426514
vt 0.15622435510158539 0.10419505089521408
vt 0.15622435510158539 0.10800172388553619
vt 0.15622435510158539 0.11180838942527771
vt 0.15622435510158539 0.11561506241559982
vt 0.15622435510158539 0.11942172795534134
vt 0.15622435510158539 0.12322840094566345
vt 0.15622435510158539 0.12703506648540497
vt 0.15622435510158539 0.13084174692630768
vt 0.15622435510158539 0.13464841246604919
vt 0.15622435510158539 0.13845507800579071
vt 0.15622435510158539 0.14226174354553223
vt 0.15622435510158539 0.14606842398643494
vt 0.15622435510158539 0.14987508952617645
vt 0.15622435510158539 0.15368175506591797
vt 0.15622435510158539 0.15748843550682068
vt 0.15622435510158539 0.16129510104656219
vt 0.15622435510158539 0.16510176658630371
vt 0.15622435510158539 0.16890844702720642
vt 0.15622435510158539 0.17271511256694794
vt 0.15622435510158539 0.17652177810668945
vt 0.15622435510158539 0.18032845854759216
vt 0.15622435510158539 0.18413512408733368
vt 0.15622435510158539 0.1879417896270752
vt 0.15622435510158539 0.19174845516681671
vt 0.15622435510158539 0.19555513560771942
vt 0.15622435510158539 0.19936180114746094
vt 0.15622435510158539 0.20316846668720245
vt 0.15622435510158539 0.20697513222694397
vt 0.15622435510158539 0.21078181266784668
vt 0.15622435510158539 0.21458849310874939
vt 0.15622435510158539 0.21839515864849091
vt 0.15622435510158539 0.22220182418823242
vt 0.15622435510158539 0.22600848972797394
vt 0.15622435510158539 0.22981515526771545
vt 0.15622435510158539 0.23362182080745697
vt 0.15622435510158539 0.23742850124835968
vt 0.15622435510158539 0.2412351667881012
vt 0.15622435510158539 0.24504184722900391
vt 0.15622435510158539 0.24884851276874542
vt 0.15622435510158539 0.25265517830848694
vt 0.15622435510158539 0.25646185874938965
vt 0.15622435510158539 0.26026850938796997
vt 0.15622435510158539 0.26407518982887268
vt 0.15622435510158539 0.26788187026977539
vt 0.15622435510158539 0.27168852090835571
vt 0.15622435510158539 0.27549520134925842
vt 0.15622435510158539 0.27930188179016113
vt 0.15622435510158539 0.28310853242874146
vt 0.15622435510158539 0.28691521286964417
vt 0.15622435510158539 0.29072186350822449
vt 0.15622435510158539 0.2945285439491272
vt 0.15622435510158539 0.29833522439002991
vt 0.15622435510158539 0.30214187502861023
vt 0.15622435510158539 0.30594855546951294
vt 0.15622435510158539 0.30975523591041565
vt 0.15622435510158539 0.31356188654899597
vt 0.15622435510158539 0.31736856698989868
vt 0.15622435510158539 0.32117524743080139
vt 0.15622435510158539 0.32498189806938171
vt 0.15622435510158539 0.32878857851028442
vt 0.15622435510158539 0.33259525895118713
vt 0.15622435510158539 0.33640193939208984
vt 0.15622435510158539 0.34020859003067017
vt 0.15622435510158539 0.34401527047157288
vt 0.15622435510158539 0.3478219211101532
vt 0.15622435510158539 0.35162860155105591
vt 0.15622435510158539 0.35543528199195862
vt 0.15622435510158539 0.35924193263053894
vt 0.15622435510158539 0.36304861307144165
vt 0.15622435510158539 0.36685526371002197
vt 0.15622435510158539 0.37066194415092468
vt 0.15622435510158539 0.37446862459182739
vt 0.15622435510158539 0.37827527523040771
vt 0.15622435510158539 0.38208195567131042
vt 0.15622435510158539 0.38588860630989075
vt 0.15622435510158539 0.38969528675079346
vt 0.15622435510158539 0.39350196719169617
vt 0.15622435510158539 0.39730864763259888
vt 0.15622435510158539 0.40111532807350159
vt 0.15622435510158539 0.40492197871208191
vt 0.15622435510158539 0.40872865915298462
vt 0.15622435510158539 0.41253533959388733
vt 0.15622435510158539 0.41634199023246765
vt 0.15622435510158539 0.42014867067337036
vt 0.15622435510158539 0.42395532131195068
vt 0.15622435510158539 0.42776200175285339
vt 0.15622435510158539 0.4315686821937561
vt 0.15622435510158539 0.43537533283233643
vt 0.15622435510158539 0.43918201327323914
vt 0.15622435510158539 0.44298866391181946
vt 0.15622435510158539 0.44679534435272217
vt 0.15622435510158539 0.45060199499130249
vt 0.15622435510158539 0.4544086754322052
vt 0.15622435510158539 0.45821535587310791
vt 0.15622435510158539 0.46202203631401062
vt 0.15622435510158539 0.46582871675491333
vt 0.15622435510158539 0.46963536739349365
vt 0.15622435510158539 0.47344204783439636
vt 0.15622435510158539 0.47724872827529907
vt 0.15622435510158539 0.48105537891387939
vt 0.15622435510158539 0.4848620593547821
vt 0.15622435510158539 0.48866870999336243
vt 0.15198603272438049 0.14939925074577332
vt 0.1477477103471756 0.12489382177591324
vt 0.15198603272438049 0.12489382177591324
vt 0.15410518646240234 0.12489382177591324
vt 0.15198603272438049 0.1126410961151123
vt 0.15410518646240234 0.1126410961151123
vt 0.15410518646240234 0.14939925074577332
vt 0.15198603272438049 0.13714653253555298
vt 0.15410518646240234 0.13714653253555298
vt 0.15198603272438049 0.19841013848781586
vt 0.1477477103471756 0.17390470206737518
vt 0.15198603272438049 0.17390470206737518
vt 0.15410518646240234 0.17390470206737518
vt 0.15198603272438049 0.16165196895599365
vt 0.15410518646240234 0.16165196895599365
vt 0.15410518646240234 0.19841013848781586
vt 0.15198603272438049 0.18615742027759552
vt 0.15410518646240234 0.18615742027759552
vt 0.15198603272438049 0.2474210113286972
vt 0.1477477103471756 0.22291557490825653
vt 0.15198603272438049 0.22291557490825653
vt 0.15410518646240234 0.22291557490825653
vt 0.15198603272438049 0.21066285669803619
vt 0.15410518646240234 0.21066285669803619
vt 0.15410518646240234 0.2474210113286972
vt 0.15198603272438049 0.23516829311847687
vt 0.15410518646240234 0.23516829311847687
vt 0.15198603272438049 0.29643189907073975
vt 0.1477477103471756 0.27192643284797668
vt 0.15198603272438049 0.27192643284797668
vt 0.15410518646240234 0.27192643284797668
vt 0.15198603272438049 0.25967371463775635
vt 0.15410518646240234 0.25967371463775635
vt 0.15410518646240234 0.29643189907073975
vt 0.15198603272438049 0.28417918086051941
vt 0.15410518646240234 0.28417918086051941
vt 0.15198603272438049 0.34544277191162109
vt 0.1477477103471756 0.32093733549118042
vt 0.15198603272438049 0.32093733549118042
vt 0.15410518646240234 0.32093733549118042
vt 0.15198603272438049 0.30868461728096008
vt 0.15410518646240234 0.30868461728096008
vt 0.15410518646240234 0.34544277191162109
vt 0.15198603272438049 0.33319005370140076
vt 0.15410518646240234 0.33319005370140076
vt 0.15198603272438049 0.39445364475250244
vt 0.1477477103471756 0.36994820833206177
vt 0.15198603272438049 0.36994820833206177
vt 0.15410518646240234 0.36994820833206177
vt 0.15198603272438049 0.35769549012184143
vt 0.15410518646240234 0.35769549012184143
vt 0.15410518646240234 0.39445364475250244
vt 0.15198603272438049 0.3822009265422821
vt 0.15410518646240234 0.3822009265422821
vt 0.15198603272438049 0.44346451759338379
vt 0.1477477103471756 0.41895908117294312
vt 0.15198603272438049 0.41895908117294312
vt 0.15410518646240234 0.41895908117294312
vt 0.15198603272438049 0.40670636296272278
vt 0.15410518646240234 0.40670636296272278
vt 0.15410518646240234 0.44346451759338379
vt 0.15198603272438049 0.43121179938316345
vt 0.15410518646240234 0.43121179938316345
vt 0.1477477103471756 0.46796995401382446
vt 0.15198603272438049 0.46796995401382446
vt 0.15410518646240234 0.46796995401382446
vt 0.15198603272438049 0.45571723580360413
vt 0.15410518646240234 0.45571723580360413
vt 0.15198603272438049 0.4802226722240448
vt 0.15410518646240234 0.4802226722240448
vt 0.139271080493927 0.48315823078155518
vt 0.139271080493927 0.47384104132652283
vt 0.139271080493927 0.46452388167381287
vt 0.139271080493927 0.45520672202110291
vt 0.139271080493927 0.44588956236839294
vt 0.139271080493927 0.4365723729133606
vt 0.139271080493927 0.42725518345832825
vt 0.139271080493927 0.41793802380561829
vt 0.139271080493927 0.40862086415290833
vt 0.139271080493927 0.39930367469787598
vt 0.139271080493927 0.38998651504516602
vt 0.139271080493927 0.38066935539245605
vt 0.139271080493927 0.37135216593742371
vt 0.139271080493927 0.36203500628471375
vt 0.139271080493927 0.35271784663200378
vt 0.139271080493927 0.34340068697929382
vt 0.139271080493927 0.33408349752426147
vt 0.139271080493927 0.32476630806922913
vt 0.139271080493927 0.31544914841651917
vt 0.139271080493927 0.3061319887638092
vt 0.139271080493927 0.29681479930877686
vt 0.139271080493927 0.28749763965606689
vt 0.139271080493927 0.27818048000335693
vt 0.139271080493927 0.26886329054832458
vt 0.139271080493927 0.25954613089561462
vt 0.139271080493927 0.25022897124290466
vt 0.139271080493927 0.24091178178787231
vt 0.139271080493927 0.23159462213516235
vt 0.139271080493927 0.2222774475812912
vt 0.139271080493927 0.21296028792858124
vt 0.139271080493927 0.20364311337471008
vt 0.139271080493927 0.19432593882083893
vt 0.139271080493927 0.18500876426696777
vt 0.139271080493927 0.17569160461425781
vt 0.139271080493927 0.16637443006038666
vt 0.139271080493927 0.1570572555065155
vt 0.139271080493927 0.14774008095264435
vt 0.139271080493927 0.13842292129993439
vt 0.139271080493927 0.12910574674606323
vt 0.139271080493927 0.11978857219219208
vt 0.139271080493927 0.11047140508890152
vt 0.139271080493927 0.10115423798561096
vt 0.1435094028711319 0.44346451759338379
vt 0.1435094028711319 0.46796995401382446
vt 0.1435094028711319 0.39445364475250244
vt 0.1435094028711319 0.41895908117294312
vt 0.1435094028711319 0.34544277191162109
vt 0.1435094028711319 0.36994820833206177
vt 0.1435094028711319 0.29643189907073975
vt 0.1435094028711319 0.32093733549118042
vt 0.1435094028711319 0.2474210113286972
vt 0.1435094028711319 0.27192643284797668
vt 0.1435094028711319 0.19841013848781586
vt 0.1435094028711319 0.22291557490825653
vt 0.1435094028711319 0.14939925074577332
vt 0.1435094028711319 0.17390470206737518
vt 0.1435094028711319 0.12489382177591324
vt 0.1435094028711319 0.1126410961151123
vt 0.14139023423194885 0.12489382177591324
vt 0.14139023423194885 0.1126410961151123
vt 0.14139023423194885 0.10651473701000214
vt 0.14033065736293793 0.1126410961151123
vt 0.14033065736293793 0.10651473701000214
vt 0.14033065736293793 0.10345155745744705
vt 0.13980086147785187 0.10651473701000214
vt 0.13980086147785187 0.10345155745744705
vt 0.53326070308685303 0.16953954100608826
vt 0.2074349969625473 0.16953954100608826
vt 0.53326070308685303 0.18649281561374664
vt 0.2074349969625473 0.18649281561374664
vt 0.45180428028106689 0.17801617085933685
vt 0.49253249168395996 0.17801617085933685
vt 0.52947205305099487 0.18649281561374664
vt 0.52568334341049194 0.18649281561374664
vt 0.52189469337463379 0.18649281561374664
vt 0.51810598373413086 0.18649281561374664
vt 0.51431733369827271 0.18649281561374664
vt 0.51052868366241455 0.18649281561374664
vt 0.50673997402191162 0.18649281561374664
vt 0.50295132398605347 0.18649281561374664
vt 0.49916267395019531 0.18649281561374664
vt 0.49537399411201477 0.18649281561374664
vt 0.49158531427383423 0.18649281561374664
vt 0.48779663443565369 0.18649281561374664
vt 0.48400798439979553 0.18649281561374664
vt 0.48021930456161499 0.18649281561374664
vt 0.47643062472343445 0.18649281561374664
vt 0.47264197468757629 0.18649281561374664
vt 0.46885329484939575 0.18649281561374664
vt 0.46506461501121521 0.18649281561374664
vt 0.46127593517303467 0.18649281561374664
vt 0.45748728513717651 0.18649281561374664
vt 0.45369860529899597 0.18649281561374664
vt 0.44990992546081543 0.18649281561374664
vt 0.44612127542495728 0.18649281561374664
vt 0.44233259558677673 0.18649281561374664
vt 0.43854391574859619 0.18649281561374664
vt 0.43475526571273804 0.18649281561374664
vt 0.4309665858745575 0.18649281561374664
vt 0.42717790603637695 0.18649281561374664
vt 0.42338922619819641 0.18649281561374664
vt 0.41960057616233826 0.18649281561374664
vt 0.41581189632415771 0.18649281561374664
vt 0.41202321648597717 0.18649281561374664
vt 0.40823456645011902 0.18649281561374664
vt 0.40444588661193848 0.18649281561374664
vt 0.40065720677375793 0.18649281561374664
vt 0.39686855673789978 0.18649281561374664
vt 0.39307987689971924 0.18649281561374664
vt 0.3892911970615387 0.18649281561374664
vt 0.38550251722335815 0.18649281561374664
vt 0.3817138671875 0.18649281561374664
vt 0.37792518734931946 0.18649281561374664
vt 0.3741365373134613 0.18649281561374664
vt 0.37034785747528076 0.18649281561374664
vt 0.36655917763710022 0.18649281561374664
vt 0.36277049779891968 0.18649281561374664
vt 0.35898181796073914 0.18649281561374664
vt 0.35519316792488098 0.18649281561374664
vt 0.35140448808670044 0.18649281561374664
vt 0.34761583805084229 0.18649281561374664
vt 0.34382715821266174 0.18649281561374664
vt 0.3400384783744812 0.18649281561374664
vt 0.33624982833862305 0.18649281561374664
vt 0.3324611485004425 0.18649281561374664
vt 0.32867246866226196 0.18649281561374664
vt 0.32488378882408142 0.18649281561374664
vt 0.32109513878822327 0.18649281561374664
vt 0.31730645895004272 0.18649281561374664
vt 0.31351777911186218 0.18649281561374664
vt 0.30972909927368164 0.18649281561374664
vt 0.30594044923782349 0.18649281561374664
vt 0.30215176939964294 0.18649281561374664
vt 0.29836311936378479 0.18649281561374664
vt 0.29457443952560425 0.18649281561374664
vt 0.29078575968742371 0.18649281561374664
vt 0.28699707984924316 0.18649281561374664
vt 0.28320842981338501 0.18649281561374664
vt 0.27941974997520447 0.18649281561374664
vt 0.27563107013702393 0.18649281561374664
vt 0.27184239029884338 0.18649281561374664
vt 0.26805374026298523 0.18649281561374664
vt 0.26426506042480469 0.18649281561374664
vt 0.26047641038894653 0.18649281561374664
vt 0.25668773055076599 0.18649281561374664
vt 0.25289905071258545 0.18649281561374664
vt 0.2491103857755661 0.18649281561374664
vt 0.24532170593738556 0.18649281561374664
vt 0.24153304100036621 0.18649281561374664
vt 0.23774436116218567 0.18649281561374664
vt 0.23395569622516632 0.18649281561374664
vt 0.23016701638698578 0.18649281561374664
vt 0.22637836635112762 0.18649281561374664
vt 0.22258970141410828 0.18649281561374664
vt 0.21880102157592773 0.18649281561374664
vt 0.21501235663890839 0.18649281561374664
vt 0.21122367680072784 0.18649281561374664
vt 0.49253249168395996 0.18225449323654175
vt 0.51289659738540649 0.17801617085933685
vt 0.51289659738540649 0.18225449323654175
vt 0.51289659738540649 0.1843736469745636
vt 0.52307862043380737 0.18225449323654175
vt 0.52307862043380737 0.1843736469745636
vt 0.49253249168395996 0.1843736469745636
vt 0.50271451473236084 0.18225449323654175
vt 0.50271451473236084 0.1843736469745636
vt 0.45180428028106689 0.18225449323654175
vt 0.47216838598251343 0.17801617085933685
vt 0.47216838598251343 0.18225449323654175
vt 0.37034785747528076 0.17801617085933685
vt 0.41107606887817383 0.17801617085933685
vt 0.47216838598251343 0.1843736469745636
vt 0.48235043883323669 0.18225449323654175
vt 0.48235043883323669 0.1843736469745636
vt 0.45180428028106689 0.1843736469745636
vt 0.46198633313179016 0.18225449323654175
vt 0.46198633313179016 0.1843736469745636
vt 0.41107606887817383 0.18225449323654175
vt 0.43144017457962036 0.17801617085933685
vt 0.43144017457962036 0.18225449323654175
vt 0.43144017457962036 0.1843736469745636
vt 0.44162222743034363 0.18225449323654175
vt 0.44162222743034363 0.1843736469745636
vt 0.41107606887817383 0.1843736469745636
vt 0.42125812172889709 0.18225449323654175
vt 0.42125812172889709 0.1843736469745636
vt 0.37034785747528076 0.18225449323654175
vt 0.39071196317672729 0.17801617085933685
vt 0.39071196317672729 0.18225449323654175
vt 0.28889143466949463 0.17801617085933685
vt 0.3296196460723877 0.17801617085933685
vt 0.39071196317672729 0.1843736469745636
vt 0.40089401602745056 0.18225449323654175
vt 0.40089401602745056 0.1843736469745636
vt 0.37034785747528076 0.1843736469745636
vt 0.38052991032600403 0.18225449323654175
vt 0.38052991032600403 0.1843736469745636
vt 0.3296196460723877 0.18225449323654175
vt 0.34998375177383423 0.17801617085933685
vt 0.34998375177383423 0.18225449323654175
vt 0.34998375177383423 0.1843736469745636
vt 0.3601658046245575 0.18225449323654175
vt 0.3601658046245575 0.1843736469745636
vt 0.3296196460723877 0.1843736469745636
vt 0.33980169892311096 0.18225449323654175
vt 0.33980169892311096 0.1843736469745636
vt 0.28889143466949463 0.18225449323654175
vt 0.30925554037094116 0.17801617085933685
vt 0.30925554037094116 0.18225449323654175
vt 0.24816320836544037 0.17801617085933685
vt 0.30925554037094116 0.1843736469745636
vt 0.31943759322166443 0.18225449323654175
vt 0.31943759322166443 0.1843736469745636
vt 0.28889143466949463 0.1843736469745636
vt 0.2990734875202179 0.18225449323654175
vt 0.2990734875202179 0.1843736469745636
vt 0.24816320836544037 0.18225449323654175
vt 0.2685273289680481 0.17801617085933685
vt 0.2685273289680481 0.18225449323654175
vt 0.2685273289680481 0.1843736469745636
vt 0.27870938181877136 0.18225449323654175
vt 0.27870938181877136 0.1843736469745636
vt 0.24816320836544037 0.1843736469745636
vt 0.25834527611732483 0.18225449323654175
vt 0.25834527611732483 0.1843736469745636
vt 0.22779910266399384 0.17801617085933685
vt 0.22779910266399384 0.18225449323654175
vt 0.22779910266399384 0.1843736469745636
vt 0.2379811555147171 0.18225449323654175
vt 0.2379811555147171 0.1843736469745636
vt 0.21761704981327057 0.18225449323654175
vt 0.21761704981327057 0.1843736469745636
vt 0.20839633047580719 0.16953954100608826
vt 0.24816320836544037 0.17377784848213196
vt 0.22779910266399384 0.17377784848213196
vt 0.21761704981327057 0.17377784848213196
vt 0.22779910266399384 0.17165869474411011
vt 0.21761704981327057 0.17165869474411011
vt 0.21252602338790894 0.17165869474411011
vt 0.21761704981327057 0.17059911787509918
vt 0.21252602338790894 0.17059911787509918
vt 0.20998051762580872 0.17059911787509918
vt 0.21252602338790894 0.17006932199001312
vt 0.20998051762580872 0.17006932199001312
vt 0.21651794016361237 0.16953954100608826
vt 0.22463954985141754 0.16953954100608826
vt 0.23276114463806152 0.16953954100608826
vt 0.2408827543258667 0.16953954100608826
vt 0.24900436401367188 0.16953954100608826
vt 0.25712597370147705 0.16953954100608826
vt 0.26524758338928223 0.16953954100608826
vt 0.2733691930770874 0.16953954100608826
vt 0.28149080276489258 0.16953954100608826
vt 0.28961241245269775 0.16953954100608826
vt 0.29773402214050293 0.16953954100608826
vt 0.30585563182830811 0.16953954100608826
vt 0.31397724151611328 0.16953954100608826
vt 0.32209885120391846 0.16953954100608826
vt 0.33022046089172363 0.16953954100608826
vt 0.33834207057952881 0.16953954100608826
vt 0.34646368026733398 0.16953954100608826
vt 0.35458528995513916 0.16953954100608826
vt 0.36270689964294434 0.16953954100608826
vt 0.37082850933074951 0.16953954100608826
vt 0.37895011901855469 0.16953954100608826
vt 0.38707172870635986 0.16953954100608826
vt 0.39519333839416504 0.16953954100608826
vt 0.40331494808197021 0.16953954100608826
vt 0.41143655776977539 0.16953954100608826
vt 0.41955816745758057 0.16953954100608826
vt 0.42767977714538574 0.16953954100608826
vt 0.43580138683319092 0.16953954100608826
vt 0.44392299652099609 0.16953954100608826
vt 0.45204460620880127 0.16953954100608826
vt 0.46016621589660645 0.16953954100608826
vt 0.46828782558441162 0.16953954100608826
vt 0.4764094352722168 0.16953954100608826
vt 0.48453104496002197 0.16953954100608826
vt 0.49265265464782715 0.16953954100608826
vt 0.50077426433563232 0.16953954100608826
vt 0.5088958740234375 0.16953954100608826
vt 0.51701748371124268 0.16953954100608826
vt 0.52513909339904785 0.16953954100608826
vt 0.28889143466949463 0.17377784848213196
vt 0.2685273289680481 0.17377784848213196
vt 0.3296196460723877 0.17377784848213196
vt 0.30925554037094116 0.17377784848213196
vt 0.37034785747528076 0.17377784848213196
vt 0.34998375177383423 0.17377784848213196
vt 0.41107606887817383 0.17377784848213196
vt 0.39071196317672729 0.17377784848213196
vt 0.45180428028106689 0.17377784848213196
vt 0.43144017457962036 0.17377784848213196
vt 0.49253249168395996 0.17377784848213196
vt 0.47216838598251343 0.17377784848213196
vt 0.51289659738540649 0.17377784848213196
vt 0.29941114783287048 0.55685245990753174
vt 0.23541669547557831 0.55685245990753174
vt 0.17142222821712494 0.55685245990753174
vt 0.29941114783287048 0.57018381357192993
vt 0.17142222821712494 0.57018381357192993
vt 0.2674139142036438 0.56351816654205322
vt 0.28341254591941833 0.56351816654205322
vt 0.2674139142036438 0.56018531322479248
vt 0.28341254591941833 0.56018531322479248
vt 0.2674139142036438 0.56685101985931396
vt 0.28341254591941833 0.56685101985931396
vt 0.25674816966056824 0.57018381357192993
vt 0.21408519148826599 0.57018381357192993
vt 0.18422111868858337 0.55685245990753174
vt 0.19702000916004181 0.55685245990753174
vt 0.20981889963150024 0.55685245990753174
vt 0.22261779010295868 0.55685245990753174
vt 0.24821558594703674 0.55685245990753174
vt 0.26101446151733398 0.55685245990753174
vt 0.27381336688995361 0.55685245990753174
vt 0.28661227226257324 0.55685245990753174
vt 0.4010663628578186 0
vt 0.27307742834091187 0
vt 0.4010663628578186 0.014074508100748062
vt 0.33707189559936523 0.014074508100748062
vt 0.27307742834091187 0.014074508100748062
vt 0.30507466197013855 0.0070372540503740311
vt 0.2890760600566864 0.0070372540503740311
vt 0.30507466197013855 0.010555881075561047
vt 0.2890760600566864 0.010555881075561047
vt 0.30507466197013855 0.0035186270251870155
vt 0.2890760600566864 0.0035186270251870155
vt 0.38826748728752136 0.014074508100748062
vt 0.37546858191490173 0.014074508100748062
vt 0.3626696765422821 0.014074508100748062
vt 0.34987080097198486 0.014074508100748062
vt 0.32427302002906799 0.014074508100748062
vt 0.31147411465644836 0.014074508100748062
vt 0.29867520928382874 0.014074508100748062
vt 0.28587633371353149 0.014074508100748062
vt 0.31574040651321411 0
vt 0.35840338468551636 0
vt 0.1729540079832077 0.10038837790489197
vt 0.1729540079832077 0.23980593681335449
vt 0.18117564916610718 0.14686089754104614
vt 0.18117564916610718 0.19333341717720032
vt 0.18939730525016785 0.10038837790489197
vt 0.18939730525016785 0.23980593681335449
vt 0.18939730525016785 0.10426109284162521
vt 0.18939730525016785 0.10813380032777786
vt 0.18939730525016785 0.11200650781393051
vt 0.18939730525016785 0.11587922275066376
vt 0.18939730525016785 0.11975193023681641
vt 0.18939730525016785 0.12362463772296906
vt 0.18939730525016785 0.1274973452091217
vt 0.18939730525016785 0.13137005269527435
vt 0.18939730525016785 0.1352427750825882
vt 0.18939730525016785 0.13911548256874084
vt 0.18939730525016785 0.14298819005489349
vt 0.18939730525016785 0.14686089754104614
vt 0.18939730525016785 0.15073360502719879
vt 0.18939730525016785 0.15460631251335144
vt 0.18939730525016785 0.15847901999950409
vt 0.18939730525016785 0.16235174238681793
vt 0.18939730525016785 0.16622444987297058
vt 0.18939730525016785 0.17009715735912323
vt 0.18939730525016785 0.17396986484527588
vt 0.18939730525016785 0.17784257233142853
vt 0.18939730525016785 0.18171527981758118
vt 0.18939730525016785 0.18558798730373383
vt 0.18939730525016785 0.18946070969104767
vt 0.18939730525016785 0.19333341717720032
vt 0.18939730525016785 0.19720612466335297
vt 0.18939730525016785 0.20107883214950562
vt 0.18939730525016785 0.20495153963565826
vt 0.18939730525016785 0.20882426202297211
vt 0.18939730525016785 0.21269696950912476
vt 0.18939730525016785 0.21656966209411621
vt 0.18939730525016785 0.22044238448143005
vt 0.18939730525016785 0.2243150919675827
vt 0.18939730525016785 0.22818779945373535
vt 0.18939730525016785 0.232060506939888
vt 0.18939730525016785 0.23593321442604065
vt 0.18528647720813751 0.14686089754104614
vt 0.18117564916610718 0.12362463772296906
vt 0.18528647720813751 0.12362463772296906
vt 0.18734188377857208 0.12362463772296906
vt 0.18528647720813751 0.11200650781393051
vt 0.18734188377857208 0.11200650781393051
vt 0.18734188377857208 0.14686089754104614
vt 0.18528647720813751 0.1352427750825882
vt 0.18734188377857208 0.1352427750825882
vt 0.18528647720813751 0.19333341717720032
vt 0.18117564916610718 0.17009715735912323
vt 0.18528647720813751 0.17009715735912323
vt 0.18734188377857208 0.17009715735912323
vt 0.18528647720813751 0.15847901999950409
vt 0.18734188377857208 0.15847901999950409
vt 0.18734188377857208 0.19333341717720032
vt 0.18528647720813751 0.18171527981758118
vt 0.18734188377857208 0.18171527981758118
vt 0.18117564916610718 0.21656966209411621
vt 0.18528647720813751 0.21656966209411621
vt 0.18734188377857208 0.21656966209411621
vt 0.18528647720813751 0.20495153963565826
vt 0.18734188377857208 0.20495153963565826
vt 0.18528647720813751 0.22818779945373535
vt 0.18734188377857208 0.22818779945373535
vt 0.1729540079832077 0.20495158433914185
vt 0.1729540079832077 0.1700972318649292
vt 0.1729540079832077 0.13524287939071655
vt 0.084525540471076965 0.49394023418426514
vt 0 0.49394023418426514
vt 0.084525540471076965 0.6333574652671814
vt 0 0.6333574652671814
vt 0 0.59850317239761353
vt 0 0.56364887952804565
vt 0 0.52879452705383301
vt 0.042262770235538483 0.56364887952804565
vt 0.084525540471076965 0.56364887952804565
vt 0.072450459003448486 0.6333574652671814
vt 0.060375384986400604 0.6333574652671814
vt 0.048300307244062424 0.6333574652671814
vt 0.036225229501724243 0.6333574652671814
vt 0.024150153622031212 0.6333574652671814
vt 0.012075076811015606 0.6333574652671814
vt 0.042262770235538483 0.59850317239761353
vt 0.063394151628017426 0.56364887952804565
vt 0.063394151628017426 0.59850317239761353
vt 0.021131385117769241 0.56364887952804565
vt 0.021131385117769241 0.59850317239761353
vt 0.001850282889790833 0.49394023418426514
vt 0.018385335803031921 0.49394023418426514
vt 0.034920383244752884 0.49394023418426514
vt 0.051455438137054443 0.49394023418426514
vt 0.067990489304065704 0.49394023418426514
vt 0.042262770235538483 0.52879452705383301
vt 0.021131385117769241 0.52879452705383301
vt 0.063394151628017426 0.52879452705383301
vt 0.010565692558884621 0.52879452705383301
vt 0.021131385117769241 0.51136738061904907
vt 0.010565692558884621 0.51136738061904907
vt 0.0052828462794423103 0.51136738061904907
vt 0.010565692558884621 0.50265383720397949
vt 0.0052828462794423103 0.50265383720397949
vt 0.0026414231397211552 0.50265383720397949
vt 0.0052828462794423103 0.49829703569412231
vt 0.0026414231397211552 0.49829703569412231
vt 0.44929468631744385 0.14462749660015106
vt 0.36118605732917786 0.14462749660015106
vt 0.27307742834091187 0.14462749660015106
vt 0.40524038672447205 0.15284913778305054
vt 0.36118605732917786 0.15284913778305054
vt 0.31713175773620605 0.15284913778305054
vt 0.44929468631744385 0.16107079386711121
vt 0.27307742834091187 0.16107079386711121
vt 0.44251710176467896 0.16107079386711121
vt 0.43573951721191406 0.16107079386711121
vt 0.42896193265914917 0.16107079386711121
vt 0.42218434810638428 0.16107079386711121
vt 0.41540676355361938 0.16107079386711121
vt 0.40862917900085449 0.16107079386711121
vt 0.40185156464576721 0.16107079386711121
vt 0.39507398009300232 0.16107079386711121
vt 0.38829639554023743 0.16107079386711121
vt 0.38151881098747253 0.16107079386711121
vt 0.37474122643470764 0.16107079386711121
vt 0.36796364188194275 0.16107079386711121
vt 0.36118605732917786 0.16107079386711121
vt 0.35440847277641296 0.16107079386711121
vt 0.34763088822364807 0.16107079386711121
vt 0.34085330367088318 0.16107079386711121
vt 0.33407571911811829 0.16107079386711121
vt 0.32729813456535339 0.16107079386711121
vt 0.3205205500125885 0.16107079386711121
vt 0.31374296545982361 0.16107079386711121
vt 0.30696538090705872 0.16107079386711121
vt 0.30018779635429382 0.16107079386711121
vt 0.29341021180152893 0.16107079386711121
vt 0.28663259744644165 0.16107079386711121
vt 0.27985504269599915 0.16107079386711121
vt 0.40524038672447205 0.15695996582508087
vt 0.42726752161979675 0.15284913778305054
vt 0.42726752161979675 0.15695996582508087
vt 0.36118605732917786 0.15695996582508087
vt 0.38321322202682495 0.15284913778305054
vt 0.38321322202682495 0.15695996582508087
vt 0.31713175773620605 0.15695996582508087
vt 0.33915889263153076 0.15284913778305054
vt 0.33915889263153076 0.15695996582508087
vt 0.29510459303855896 0.15284913778305054
vt 0.29510459303855896 0.15695996582508087
vt 0.27690824866294861 0.14462749660015106
vt 0.28073906898498535 0.14462749660015106
vt 0.28456985950469971 0.14462749660015106
vt 0.28840067982673645 0.14462749660015106
vt 0.29223147034645081 0.14462749660015106
vt 0.29606229066848755 0.14462749660015106
vt 0.29989311099052429 0.14462749660015106
vt 0.30372393131256104 0.14462749660015106
vt 0.30755472183227539 0.14462749660015106
vt 0.31138554215431213 0.14462749660015106
vt 0.31521633267402649 0.14462749660015106
vt 0.31904715299606323 0.14462749660015106
vt 0.32287797331809998 0.14462749660015106
vt 0.32670876383781433 0.14462749660015106
vt 0.33053958415985107 0.14462749660015106
vt 0.33437040448188782 0.14462749660015106
vt 0.33820119500160217 0.14462749660015106
vt 0.34203201532363892 0.14462749660015106
vt 0.34586283564567566 0.14462749660015106
vt 0.34969362616539001 0.14462749660015106
vt 0.35352444648742676 0.14462749660015106
vt 0.3573552668094635 0.14462749660015106
vt 0.3650168776512146 0.14462749660015106
vt 0.36884766817092896 0.14462749660015106
vt 0.3726784884929657 0.14462749660015106
vt 0.37650930881500244 0.14462749660015106
vt 0.3803400993347168 0.14462749660015106
vt 0.38417091965675354 0.14462749660015106
vt 0.38800173997879028 0.14462749660015106
vt 0.39183253049850464 0.14462749660015106
vt 0.39566335082054138 0.14462749660015106
vt 0.39949417114257812 0.14462749660015106
vt 0.40332496166229248 0.14462749660015106
vt 0.40715578198432922 0.14462749660015106
vt 0.41098660230636597 0.14462749660015106
vt 0.41481739282608032 0.14462749660015106
vt 0.41864821314811707 0.14462749660015106
vt 0.42247903347015381 0.14462749660015106
vt 0.42630982398986816 0.14462749660015106
vt 0.43014064431190491 0.14462749660015106
vt 0.43397143483161926 0.14462749660015106
vt 0.43780225515365601 0.14462749660015106
vt 0.44163307547569275 0.14462749660015106
vt 0.4454638659954071 0.14462749660015106
vt 0.31713175773620605 0.1487383246421814
vt 0.29510459303855896 0.1487383246421814
vt 0.28409102559089661 0.1487383246421814
vt 0.29510459303855896 0.14668290317058563
vt 0.28409102559089661 0.14668290317058563
vt 0.30611816048622131 0.1487383246421814
vt 0.31713175773620605 0.14668290317058563
vt 0.30611816048622131 0.14668290317058563
vt 0.36118605732917786 0.1487383246421814
vt 0.33915889263153076 0.1487383246421814
vt 0.32814532518386841 0.1487383246421814
vt 0.33915889263153076 0.14668290317058563
vt 0.32814532518386841 0.14668290317058563
vt 0.3501724898815155 0.1487383246421814
vt 0.36118605732917786 0.14668290317058563
vt 0.3501724898815155 0.14668290317058563
vt 0.40524038672447205 0.1487383246421814
vt 0.38321322202682495 0.1487383246421814
vt 0.3721996545791626 0.1487383246421814
vt 0.38321322202682495 0.14668290317058563
vt 0.3721996545791626 0.14668290317058563
vt 0.3942267894744873 0.1487383246421814
vt 0.40524038672447205 0.14668290317058563
vt 0.3942267894744873 0.14668290317058563
vt 0.42726752161979675 0.1487383246421814
vt 0.4162539541721344 0.1487383246421814
vt 0.42726752161979675 0.14668290317058563
vt 0.4162539541721344 0.14668290317058563
vt 0.43828111886978149 0.1487383246421814
vt 0.43828111886978149 0.14668290317058563
vt 0.28176495432853699 0.5415194034576416
vt 0.17142222821712494 0.5415194034576416
vt 0.24498404562473297 0.54845350980758667
vt 0.28176495432853699 0.55538761615753174
vt 0.17142222821712494 0.55538761615753174
vt 0.26337450742721558 0.54845350980758667
vt 0.24498404562473297 0.54498642683029175
vt 0.26337450742721558 0.54498642683029175
vt 0.24498404562473297 0.55192059278488159
vt 0.26337450742721558 0.55192059278488159
vt 0.25417926907539368 0.55538761615753174
vt 0.22659359872341156 0.55538761615753174
vt 0.19900791347026825 0.55538761615753174
vt 0.18981267511844635 0.5415194034576416
vt 0.20820313692092896 0.5415194034576416
vt 0.22659359872341156 0.5415194034576416
vt 0.24498404562473297 0.5415194034576416
vt 0.26337450742721558 0.5415194034576416
vt 0.20820313692092896 0.54845350980758667
vt 0.35748550295829773 0.13968847692012787
vt 0.27307742834091187 0.13968847692012787
vt 0.35748550295829773 0.14059893786907196
vt 0.27307742834091187 0.14059893786907196
vt 0.35435926914215088 0.14059893786907196
vt 0.35123306512832642 0.14059893786907196
vt 0.34810683131217957 0.14059893786907196
vt 0.34498059749603271 0.14059893786907196
vt 0.34185436367988586 0.14059893786907196
vt 0.3387281596660614 0.14059893786907196
vt 0.33560192584991455 0.14059893786907196
vt 0.3324756920337677 0.14059893786907196
vt 0.32934948801994324 0.14059893786907196
vt 0.32622325420379639 0.14059893786907196
vt 0.32309702038764954 0.14059893786907196
vt 0.31997081637382507 0.14059893786907196
vt 0.31684458255767822 0.14059893786907196
vt 0.31371834874153137 0.14059893786907196
vt 0.31059214472770691 0.14059893786907196
vt 0.30746591091156006 0.14059893786907196
vt 0.30433967709541321 0.14059893786907196
vt 0.30121344327926636 0.14059893786907196
vt 0.29808723926544189 0.14059893786907196
vt 0.29496100544929504 0.14059893786907196
vt 0.29183477163314819 0.14059893786907196
vt 0.28870856761932373 0.14059893786907196
vt 0.28558233380317688 0.14059893786907196
vt 0.28245609998703003 0.14059893786907196
vt 0.27932989597320557 0.14059893786907196
vt 0.27620366215705872 0.14059893786907196
vt 0.27481022477149963 0.13968847692012787
vt 0.27874717116355896 0.13968847692012787
vt 0.2826840877532959 0.13968847692012787
vt 0.28662100434303284 0.13968847692012787
vt 0.29055792093276978 0.13968847692012787
vt 0.29449483752250671 0.13968847692012787
vt 0.29843175411224365 0.13968847692012787
vt 0.30236867070198059 0.13968847692012787
vt 0.30630558729171753 0.13968847692012787
vt 0.31024250388145447 0.13968847692012787
vt 0.31417942047119141 0.13968847692012787
vt 0.31811633706092834 0.13968847692012787
vt 0.32205325365066528 0.13968847692012787
vt 0.32599017024040222 0.13968847692012787
vt 0.32992708683013916 0.13968847692012787
vt 0.3338640034198761 0.13968847692012787
vt 0.33780092000961304 0.13968847692012787
vt 0.34173783659934998 0.13968847692012787
vt 0.34567475318908691 0.13968847692012787
vt 0.34961166977882385 0.13968847692012787
vt 0.35354858636856079 0.13968847692012787
vt 0.35777920484542847 0.10640572756528854
vt 0.27307742834091187 0.10640572756528854
vt 0.35777920484542847 0.10713996738195419
vt 0.27307742834091187 0.10713996738195419
vt 0.35465297102928162 0.10713996738195419
vt 0.35152673721313477 0.10713996738195419
vt 0.3484005331993103 0.10713996738195419
vt 0.34527429938316345 0.10713996738195419
vt 0.3421480655670166 0.10713996738195419
vt 0.33902186155319214 0.10713996738195419
vt 0.33589562773704529 0.10713996738195419
vt 0.33276939392089844 0.10713996738195419
vt 0.32964318990707397 0.10713996738195419
vt 0.32651695609092712 0.10713996738195419
vt 0.32339072227478027 0.10713996738195419
vt 0.32026448845863342 0.10713996738195419
vt 0.31713828444480896 0.10713996738195419
vt 0.31401205062866211 0.10713996738195419
vt 0.31088581681251526 0.10713996738195419
vt 0.3077596127986908 0.10713996738195419
vt 0.30463337898254395 0.10713996738195419
vt 0.30150714516639709 0.10713996738195419
vt 0.29838094115257263 0.10713996738195419
vt 0.29525470733642578 0.10713996738195419
vt 0.29212847352027893 0.10713996738195419
vt 0.28900223970413208 0.10713996738195419
vt 0.28587603569030762 0.10713996738195419
vt 0.28274980187416077 0.10713996738195419
vt 0.27962356805801392 0.10713996738195419
vt 0.27649736404418945 0.10713996738195419
vt 0.27510392665863037 0.10640572756528854
vt 0.27816596627235413 0.10640572756528854
vt 0.28122803568840027 0.10640572756528854
vt 0.28429007530212402 0.10640572756528854
vt 0.28735211491584778 0.10640572756528854
vt 0.29041418433189392 0.10640572756528854
vt 0.29347622394561768 0.10640572756528854
vt 0.29653826355934143 0.10640572756528854
vt 0.29960030317306519 0.10640572756528854
vt 0.30266234278678894 0.10640572756528854
vt 0.30572441220283508 0.10640572756528854
vt 0.30878645181655884 0.10640572756528854
vt 0.31184849143028259 0.10640572756528854
vt 0.31491053104400635 0.10640572756528854
vt 0.31797260046005249 0.10640572756528854
vt 0.32103464007377625 0.10640572756528854
vt 0.3240966796875 0.10640572756528854
vt 0.32715871930122375 0.10640572756528854
vt 0.3302207887172699 0.10640572756528854
vt 0.33328282833099365 0.10640572756528854
vt 0.33634486794471741 0.10640572756528854
vt 0.33940690755844116 0.10640572756528854
vt 0.34246894717216492 0.10640572756528854
vt 0.34553101658821106 0.10640572756528854
vt 0.34859305620193481 0.10640572756528854
vt 0.35165509581565857 0.10640572756528854
vt 0.35471713542938232 0.10640572756528854
vt 0.58675426244735718 0.66292983293533325
vt 0.57639628648757935 0.66292983293533325
vt 0.56603831052780151 0.66292983293533325
vt 0.55568033456802368 0.66292983293533325
vt 0.54532229900360107 0.66292983293533325
vt 0.53496432304382324 0.66292983293533325
vt 0.52460634708404541 0.66292983293533325
vt 0.58675426244735718 0.68695783615112305
vt 0.57639628648757935 0.68695783615112305
vt 0.56603831052780151 0.68695783615112305
vt 0.55568033456802368 0.68695783615112305
vt 0.54532229900360107 0.68695783615112305
vt 0.53496432304382324 0.68695783615112305
vt 0.52460634708404541 0.68695783615112305
vt 0.58675426244735718 0.71098583936691284
vt 0.57639628648757935 0.71098583936691284
vt 0.56603831052780151 0.71098583936691284
vt 0.55568033456802368 0.71098583936691284
vt 0.54532229900360107 0.71098583936691284
vt 0.53496432304382324 0.71098583936691284
vt 0.52460634708404541 0.71098583936691284
vt 0.58675426244735718 0.73501384258270264
vt 0.52460634708404541 0.73501384258270264
vt 0.52460634708404541 0.75904184579849243
vt 0.58675426244735718 0.78306984901428223
vt 0.52460634708404541 0.78306984901428223
vt 0.58675426244735718 0.80709785223007202
vt 0.52460634708404541 0.80709785223007202
vt 0.58675426244735718 0.83112579584121704
vt 0.57639628648757935 0.83112579584121704
vt 0.56603831052780151 0.83112579584121704
vt 0.55568033456802368 0.83112579584121704
vt 0.54532229900360107 0.83112579584121704
vt 0.53496432304382324 0.83112579584121704
vt 0.52460634708404541 0.83112579584121704
vt 0.58675426244735718 0.85515379905700684
vt 0.57639628648757935 0.85515379905700684
vt 0.56603831052780151 0.85515379905700684
vt 0.55568033456802368 0.85515379905700684
vt 0.54532229900360107 0.85515379905700684
vt 0.53496432304382324 0.85515379905700684
vt 0.52460634708404541 0.85515379905700684
vt 0.58675426244735718 0.87918180227279663
vt 0.57639628648757935 0.87918180227279663
vt 0.56603831052780151 0.87918180227279663
vt 0.55568033456802368 0.87918180227279663
vt 0.54532229900360107 0.87918180227279663
vt 0.53496432304382324 0.87918180227279663
vt 0.52460634708404541 0.87918180227279663
vt 0.58675426244735718 0.90320980548858643
vt 0.57639628648757935 0.90320980548858643
vt 0.56603831052780151 0.90320980548858643
vt 0.55568033456802368 0.90320980548858643
vt 0.54532229900360107 0.90320980548858643
vt 0.53496432304382324 0.90320980548858643
vt 0.52460634708404541 0.90320980548858643
vt 0.58675426244735718 0.92723780870437622
vt 0.57639628648757935 0.92723780870437622
vt 0.56603831052780151 0.92723780870437622
vt 0.55568033456802368 0.92723780870437622
vt 0.54532229900360107 0.92723780870437622
vt 0.53496432304382324 0.92723780870437622
vt 0.52460634708404541 0.92723780870437622
vt 0.53540658950805664 0.74421936273574829
vt 0.53540658950805664 0.75406092405319214
vt 0.53540658950805664 0.76390254497528076
vt 0.53540658950805664 0.77374410629272461
vt 0.59629988670349121 0.74421936273574829
vt 0.58107656240463257 0.74421936273574829
vt 0.56585323810577393 0.74421936273574829
vt 0.55062991380691528 0.74421936273574829
vt 0.55062991380691528 0.77374410629272461
vt 0.56585323810577393 0.77374410629272461
vt 0.58107656240463257 0.77374410629272461
vt 0.59629988670349121 0.77374410629272461
vt 0.58475613594055176 0.77959060668945312
vt 0.58238178491592407 0.77959060668945312
vt 0.58000743389129639 0.77959060668945312
vt 0.5776330828666687 0.77959060668945312
vt 0.57525879144668579 0.77959060668945312
vt 0.57288444042205811 0.77959060668945312
vt 0.57051008939743042 0.77959060668945312
vt 0.56813573837280273 0.77959060668945312
vt 0.56576138734817505 0.77959060668945312
vt 0.56338709592819214 0.77959060668945312
vt 0.56101274490356445 0.77959060668945312
vt 0.55863839387893677 0.77959060668945312
vt 0.55626404285430908 0.77959060668945312
vt 0.5538896918296814 0.77959060668945312
vt 0.55151540040969849 0.77959060668945312
vt 0.5491410493850708 0.77959060668945312
vt 0.54676669836044312 0.77959060668945312
vt 0.54439234733581543 0.77959060668945312
vt 0.54201799631118774 0.77959060668945312
vt 0.53964364528656006 0.77959060668945312
vt 0.53726935386657715 0.77959060668945312
vt 0.53489500284194946 0.77959060668945312
vt 0.53252065181732178 0.77959060668945312
vt 0.59193325042724609 0.78306984901428223
vt 0.58675426244735718 0.79508382081985474
vt 0.52978533506393433 0.78306984901428223
vt 0.52460634708404541 0.77105581760406494
vt 0.52978533506393433 0.75904184579849243
vt 0.52978533506393433 0.77105581760406494
vt 0.52978533506393433 0.77706283330917358
vt 0.5323747992515564 0.77105581760406494
vt 0.5323747992515564 0.77706283330917358
vt 0.52978533506393433 0.80709785223007202
vt 0.52460634708404541 0.79508382081985474
vt 0.52978533506393433 0.79508382081985474
vt 0.53252065181732178 0.79449915885925293
vt 0.53489500284194946 0.79449915885925293
vt 0.53726935386657715 0.79449915885925293
vt 0.53964364528656006 0.79449915885925293
vt 0.54201799631118774 0.79449915885925293
vt 0.54439234733581543 0.79449915885925293
vt 0.54676669836044312 0.79449915885925293
vt 0.5491410493850708 0.79449915885925293
vt 0.55151540040969849 0.79449915885925293
vt 0.5538896918296814 0.79449915885925293
vt 0.55626404285430908 0.79449915885925293
vt 0.55863839387893677 0.79449915885925293
vt 0.56101274490356445 0.79449915885925293
vt 0.56338709592819214 0.79449915885925293
vt 0.56576138734817505 0.79449915885925293
vt 0.56813573837280273 0.79449915885925293
vt 0.57051008939743042 0.79449915885925293
vt 0.57288444042205811 0.79449915885925293
vt 0.57525879144668579 0.79449915885925293
vt 0.5776330828666687 0.79449915885925293
vt 0.58000743389129639 0.79449915885925293
vt 0.58238178491592407 0.79449915885925293
vt 0.58475613594055176 0.79449915885925293
vt 0.52978533506393433 0.78907680511474609
vt 0.58675426244735718 0.78907680511474609
vt 0.59193325042724609 0.80709785223007202
vt 0.59193325042724609 0.79508382081985474
vt 0.53252065181732178 0.78172039985656738
vt 0.53252065181732178 0.78385019302368164
vt 0.53252065181732178 0.7859799861907959
vt 0.53252065181732178 0.78810977935791016
vt 0.53252065181732178 0.79023957252502441
vt 0.53252065181732178 0.79236936569213867
vt 0.58475613594055176 0.79236936569213867
vt 0.58475613594055176 0.79023957252502441
vt 0.58475613594055176 0.78810977935791016
vt 0.58475613594055176 0.7859799861907959
vt 0.58475613594055176 0.78385019302368164
vt 0.58475613594055176 0.78172039985656738
vt 0.58475613594055176 0.80005335807800293
vt 0.58238178491592407 0.80005335807800293
vt 0.58000743389129639 0.80005335807800293
vt 0.5776330828666687 0.80005335807800293
vt 0.57525879144668579 0.80005335807800293
vt 0.57288444042205811 0.80005335807800293
vt 0.57051008939743042 0.80005335807800293
vt 0.56813573837280273 0.80005335807800293
vt 0.56576138734817505 0.80005335807800293
vt 0.56338709592819214 0.80005335807800293
vt 0.56101274490356445 0.80005335807800293
vt 0.55863839387893677 0.80005335807800293
vt 0.55626404285430908 0.80005335807800293
vt 0.5538896918296814 0.80005335807800293
vt 0.55151540040969849 0.80005335807800293
vt 0.5491410493850708 0.80005335807800293
vt 0.54676669836044312 0.80005335807800293
vt 0.54439234733581543 0.80005335807800293
vt 0.54201799631118774 0.80005335807800293
vt 0.53964364528656006 0.80005335807800293
vt 0.53726935386657715 0.80005335807800293
vt 0.53489500284194946 0.80005335807800293
vt 0.53252065181732178 0.80005335807800293
vt 0.58675426244735718 0.80109083652496338
vt 0.58157527446746826 0.83112579584121704
vt 0.57639628648757935 0.81911182403564453
vt 0.58675426244735718 0.81911182403564453
vt 0.58157527446746826 0.81911182403564453
vt 0.57121729850769043 0.83112579584121704
vt 0.56603831052780151 0.81911182403564453
vt 0.57121729850769043 0.81911182403564453
vt 0.5608593225479126 0.83112579584121704
vt 0.55568033456802368 0.81911182403564453
vt 0.5608593225479126 0.81911182403564453
vt 0.55050128698348999 0.83112579584121704
vt 0.54532229900360107 0.81911182403564453
vt 0.55050128698348999 0.81911182403564453
vt 0.54014331102371216 0.83112579584121704
vt 0.53496432304382324 0.81911182403564453
vt 0.54014331102371216 0.81911182403564453
vt 0.52978533506393433 0.80109083652496338
vt 0.52978533506393433 0.83112579584121704
vt 0.52460634708404541 0.81911182403564453
vt 0.52978533506393433 0.81911182403564453
vt 0.53252065181732178 0.81496185064315796
vt 0.53489500284194946 0.81496185064315796
vt 0.53726935386657715 0.81496185064315796
vt 0.53964364528656006 0.81496185064315796
vt 0.54201799631118774 0.81496185064315796
vt 0.54439234733581543 0.81496185064315796
vt 0.54676669836044312 0.81496185064315796
vt 0.5491410493850708 0.81496185064315796
vt 0.55151540040969849 0.81496185064315796
vt 0.5538896918296814 0.81496185064315796
vt 0.55626404285430908 0.81496185064315796
vt 0.55863839387893677 0.81496185064315796
vt 0.56101274490356445 0.81496185064315796
vt 0.56338709592819214 0.81496185064315796
vt 0.56576138734817505 0.81496185064315796
vt 0.56813573837280273 0.81496185064315796
vt 0.57051008939743042 0.81496185064315796
vt 0.57288444042205811 0.81496185064315796
vt 0.57525879144668579 0.81496185064315796
vt 0.5776330828666687 0.81496185064315796
vt 0.58000743389129639 0.81496185064315796
vt 0.58238178491592407 0.81496185064315796
vt 0.58475613594055176 0.81496185064315796
vt 0.5323747992515564 0.81911182403564453
vt 0.52978533506393433 0.81310480833053589
vt 0.53755384683609009 0.81911182403564453
vt 0.542732834815979 0.81911182403564453
vt 0.54791182279586792 0.81911182403564453
vt 0.55309081077575684 0.81911182403564453
vt 0.55826979875564575 0.81911182403564453
vt 0.56344878673553467 0.81911182403564453
vt 0.56862777471542358 0.81911182403564453
vt 0.5738067626953125 0.81911182403564453
vt 0.57898581027984619 0.81911182403564453
vt 0.58416479825973511 0.81911182403564453
vt 0.58675426244735718 0.81310480833053589
vt 0.59193325042724609 0.83112579584121704
vt 0.59193325042724609 0.81911182403564453
vt 0.53252065181732178 0.80218315124511719
vt 0.53252065181732178 0.80431288480758667
vt 0.53252065181732178 0.8064427375793457
vt 0.53252065181732178 0.80857253074645996
vt 0.53252065181732178 0.81070232391357422
vt 0.53252065181732178 0.81283211708068848
vt 0.58475613594055176 0.81283211708068848
vt 0.58475613594055176 0.81070232391357422
vt 0.58475613594055176 0.80857253074645996
vt 0.58475613594055176 0.8064427375793457
vt 0.58475613594055176 0.80431288480758667
vt 0.58475613594055176 0.80218315124511719
vt 0.58475613594055176 0.71907943487167358
vt 0.58238178491592407 0.71907943487167358
vt 0.58000743389129639 0.71907943487167358
vt 0.5776330828666687 0.71907943487167358
vt 0.57525879144668579 0.71907943487167358
vt 0.57288444042205811 0.71907943487167358
vt 0.57051008939743042 0.71907943487167358
vt 0.56813573837280273 0.71907943487167358
vt 0.56576138734817505 0.71907943487167358
vt 0.56338709592819214 0.71907943487167358
vt 0.56101274490356445 0.71907943487167358
vt 0.55863839387893677 0.71907943487167358
vt 0.55626404285430908 0.71907943487167358
vt 0.5538896918296814 0.71907943487167358
vt 0.55151540040969849 0.71907943487167358
vt 0.5491410493850708 0.71907943487167358
vt 0.54676669836044312 0.71907943487167358
vt 0.54439234733581543 0.71907943487167358
vt 0.54201799631118774 0.71907943487167358
vt 0.53964364528656006 0.71907943487167358
vt 0.53726935386657715 0.71907943487167358
vt 0.53489500284194946 0.71907943487167358
vt 0.53252065181732178 0.71907943487167358
vt 0.58157527446746826 0.71098583936691284
vt 0.58675426244735718 0.72299981117248535
vt 0.58157527446746826 0.71699279546737671
vt 0.58416479825973511 0.71098583936691284
vt 0.58675426244735718 0.71699279546737671
vt 0.58416479825973511 0.71699279546737671
vt 0.57639628648757935 0.69897180795669556
vt 0.58157527446746826 0.68695783615112305
vt 0.58675426244735718 0.69897180795669556
vt 0.58157527446746826 0.69897180795669556
vt 0.59193325042724609 0.73501384258270264
vt 0.59193325042724609 0.71098583936691284
vt 0.59193325042724609 0.72299981117248535
vt 0.57639628648757935 0.71699279546737671
vt 0.57898581027984619 0.71098583936691284
vt 0.57898581027984619 0.71699279546737671
vt 0.57121729850769043 0.71098583936691284
vt 0.57121729850769043 0.71699279546737671
vt 0.5738067626953125 0.71098583936691284
vt 0.5738067626953125 0.71699279546737671
vt 0.56603831052780151 0.69897180795669556
vt 0.57121729850769043 0.68695783615112305
vt 0.57121729850769043 0.69897180795669556
vt 0.56603831052780151 0.71699279546737671
vt 0.56862777471542358 0.71098583936691284
vt 0.56862777471542358 0.71699279546737671
vt 0.5608593225479126 0.71098583936691284
vt 0.5608593225479126 0.71699279546737671
vt 0.56344878673553467 0.71098583936691284
vt 0.56344878673553467 0.71699279546737671
vt 0.55568033456802368 0.69897180795669556
vt 0.5608593225479126 0.68695783615112305
vt 0.5608593225479126 0.69897180795669556
vt 0.55568033456802368 0.71699279546737671
vt 0.55826979875564575 0.71098583936691284
vt 0.55826979875564575 0.71699279546737671
vt 0.55050128698348999 0.71098583936691284
vt 0.55050128698348999 0.71699279546737671
vt 0.55309081077575684 0.71098583936691284
vt 0.55309081077575684 0.71699279546737671
vt 0.54532229900360107 0.69897180795669556
vt 0.55050128698348999 0.68695783615112305
vt 0.55050128698348999 0.69897180795669556
vt 0.54532229900360107 0.71699279546737671
vt 0.54791182279586792 0.71098583936691284
vt 0.54791182279586792 0.71699279546737671
vt 0.54014331102371216 0.71098583936691284
vt 0.54014331102371216 0.71699279546737671
vt 0.542732834815979 0.71098583936691284
vt 0.542732834815979 0.71699279546737671
vt 0.53496432304382324 0.69897180795669556
vt 0.54014331102371216 0.68695783615112305
vt 0.54014331102371216 0.69897180795669556
vt 0.53496432304382324 0.71699279546737671
vt 0.53755384683609009 0.71098583936691284
vt 0.53755384683609009 0.71699279546737671
vt 0.52978533506393433 0.73501384258270264
vt 0.52460634708404541 0.72299981117248535
vt 0.52978533506393433 0.71098583936691284
vt 0.52978533506393433 0.72299981117248535
vt 0.52978533506393433 0.71699279546737671
vt 0.5323747992515564 0.71098583936691284
vt 0.5323747992515564 0.71699279546737671
vt 0.52460634708404541 0.69897180795669556
vt 0.52978533506393433 0.68695783615112305
vt 0.52978533506393433 0.69897180795669556
vt 0.53252065181732178 0.73398798704147339
vt 0.53489500284194946 0.73398798704147339
vt 0.53726935386657715 0.73398798704147339
vt 0.53964364528656006 0.73398798704147339
vt 0.54201799631118774 0.73398798704147339
vt 0.54439234733581543 0.73398798704147339
vt 0.54676669836044312 0.73398798704147339
vt 0.5491410493850708 0.73398798704147339
vt 0.55151540040969849 0.73398798704147339
vt 0.5538896918296814 0.73398798704147339
vt 0.55626404285430908 0.73398798704147339
vt 0.55863839387893677 0.73398798704147339
vt 0.56101274490356445 0.73398798704147339
vt 0.56338709592819214 0.73398798704147339
vt 0.56576138734817505 0.73398798704147339
vt 0.56813573837280273 0.73398798704147339
vt 0.57051008939743042 0.73398798704147339
vt 0.57288444042205811 0.73398798704147339
vt 0.57525879144668579 0.73398798704147339
vt 0.5776330828666687 0.73398798704147339
vt 0.58000743389129639 0.73398798704147339
vt 0.58238178491592407 0.73398798704147339
vt 0.58475613594055176 0.73398798704147339
vt 0.52978533506393433 0.72900682687759399
vt 0.52460634708404541 0.74702781438827515
vt 0.52978533506393433 0.74702781438827515
vt 0.58675426244735718 0.72900682687759399
vt 0.53252065181732178 0.72120922803878784
vt 0.53252065181732178 0.7233390212059021
vt 0.53252065181732178 0.72546881437301636
vt 0.53252065181732178 0.72759860754013062
vt 0.53252065181732178 0.72972840070724487
vt 0.53252065181732178 0.73185819387435913
vt 0.58475613594055176 0.73185819387435913
vt 0.58475613594055176 0.72972840070724487
vt 0.58475613594055176 0.72759860754013062
vt 0.58475613594055176 0.72546881437301636
vt 0.58475613594055176 0.7233390212059021
vt 0.58475613594055176 0.72120922803878784
vt 0.59629988670349121 0.79119002819061279
vt 0.59629988670349121 0.80863600969314575
vt 0.59629988670349121 0.82608193159103394
vt 0.59629988670349121 0.84352785348892212
vt 0.59629988670349121 0.8609737753868103
vt 0.59629988670349121 0.87841969728469849
vt 0.59629988670349121 0.89586561918258667
vt 0.59629988670349121 0.91331154108047485
vt 0.59629988670349121 0.93075746297836304
vt 0.59629988670349121 0.94820338487625122
vt 0.51506072282791138 0.64196419715881348
vt 0.51892924308776855 0.64196419715881348
vt 0.52279782295227051 0.64196419715881348
vt 0.52666634321212769 0.64196419715881348
vt 0.53053486347198486 0.64196419715881348
vt 0.53440338373184204 0.64196419715881348
vt 0.53827190399169922 0.64196419715881348
vt 0.5421404242515564 0.64196419715881348
vt 0.54600900411605835 0.64196419715881348
vt 0.54987752437591553 0.64196419715881348
vt 0.55374604463577271 0.64196419715881348
vt 0.55761456489562988 0.64196419715881348
vt 0.56148308515548706 0.64196419715881348
vt 0.56535160541534424 0.64196419715881348
vt 0.56922018527984619 0.64196419715881348
vt 0.57308870553970337 0.64196419715881348
vt 0.57695722579956055 0.64196419715881348
vt 0.58082574605941772 0.64196419715881348
vt 0.5846942663192749 0.64196419715881348
vt 0.58856278657913208 0.64196419715881348
vt 0.59243136644363403 0.64196419715881348
vt 0.59629988670349121 0.64196419715881348
vt 0.51942735910415649 0.66292983293533325
vt 0.52460634708404541 0.65091580152511597
vt 0.51942735910415649 0.65091580152511597
vt 0.52978533506393433 0.66292983293533325
vt 0.53496432304382324 0.65091580152511597
vt 0.52978533506393433 0.65091580152511597
vt 0.54014331102371216 0.66292983293533325
vt 0.54532229900360107 0.65091580152511597
vt 0.54014331102371216 0.65091580152511597
vt 0.55050128698348999 0.66292983293533325
vt 0.55568033456802368 0.65091580152511597
vt 0.55050128698348999 0.65091580152511597
vt 0.5608593225479126 0.66292983293533325
vt 0.56603831052780151 0.65091580152511597
vt 0.5608593225479126 0.65091580152511597
vt 0.57121729850769043 0.66292983293533325
vt 0.57639628648757935 0.65091580152511597
vt 0.57121729850769043 0.65091580152511597
vt 0.58157527446746826 0.66292983293533325
vt 0.58675426244735718 0.65091580152511597
vt 0.58157527446746826 0.65091580152511597
vt 0.59193325042724609 0.66292983293533325
vt 0.59193325042724609 0.65091580152511597
vt 0.59629988670349121 0.65900671482086182
vt 0.59629988670349121 0.67604929208755493
vt 0.59629988670349121 0.69309180974960327
vt 0.59629988670349121 0.71013432741165161
vt 0.59629988670349121 0.72717684507369995
vt 0.5846942663192749 0.94820338487625122
vt 0.57308870553970337 0.94820338487625122
vt 0.56148308515548706 0.94820338487625122
vt 0.54987752437591553 0.94820338487625122
vt 0.53827190399169922 0.94820338487625122
vt 0.52666634321212769 0.94820338487625122
vt 0.51506072282791138 0.94820338487625122
vt 0.51506072282791138 0.9405474066734314
vt 0.51506072282791138 0.93289142847061157
vt 0.51506072282791138 0.92523550987243652
vt 0.51506072282791138 0.91757947206497192
vt 0.51506072282791138 0.9099234938621521
vt 0.51506072282791138 0.90226751565933228
vt 0.51506072282791138 0.89461153745651245
vt 0.51506072282791138 0.88695555925369263
vt 0.51506072282791138 0.8792995810508728
vt 0.51506072282791138 0.87164360284805298
vt 0.51506072282791138 0.86398762464523315
vt 0.51506072282791138 0.85633164644241333
vt 0.51506072282791138 0.84867566823959351
vt 0.51506072282791138 0.84101969003677368
vt 0.51506072282791138 0.83336371183395386
vt 0.51506072282791138 0.82570773363113403
vt 0.51506072282791138 0.81805175542831421
vt 0.51506072282791138 0.81039577722549438
vt 0.51506072282791138 0.80273979902267456
vt 0.51506072282791138 0.79508382081985474
vt 0.51506072282791138 0.78742784261703491
vt 0.51506072282791138 0.77977186441421509
vt 0.51506072282791138 0.77211588621139526
vt 0.51506072282791138 0.76445990800857544
vt 0.51506072282791138 0.75680392980575562
vt 0.51506072282791138 0.74914795160293579
vt 0.51506072282791138 0.74149197340011597
vt 0.51506072282791138 0.73383599519729614
vt 0.51506072282791138 0.72618001699447632
vt 0.51506072282791138 0.71852403879165649
vt 0.51506072282791138 0.71086806058883667
vt 0.51506072282791138 0.70321208238601685
vt 0.51506072282791138 0.69555610418319702
vt 0.51506072282791138 0.6879001259803772
vt 0.51506072282791138 0.68024414777755737
vt 0.51506072282791138 0.67258816957473755
vt 0.51506072282791138 0.66493219137191772
vt 0.51506072282791138 0.65727615356445312
vt 0.51506072282791138 0.6496201753616333
vt 0.56603831052780151 0.73501384258270264
vt 0.55568033456802368 0.73501384258270264
vt 0.54532229900360107 0.73501384258270264
vt 0.53496432304382324 0.73501384258270264
vt 0 0.67749041318893433
vt 0 0.67922317981719971
vt 0.03076753206551075 0.67749041318893433
vt 0.0615350641310215 0.67749041318893433
vt 0.0615350641310215 0.67922317981719971
vt 0.123070128262043 0.67749041318893433
vt 0.123070128262043 0.67922317981719971
vt 0.153837651014328 0.67922317981719971
vt 0.2153727114200592 0.67922317981719971
vt 0.246140256524086 0.67749041318893433
vt 0.246140256524086 0.67922317981719971
vt 0.27690777182579041 0.67749041318893433
vt 0.27690777182579041 0.67922317981719971
vt 0.30767530202865601 0.67749041318893433
vt 0.30767530202865601 0.67922317981719971
vt 0.0076918830163776875 0.67749041318893433
vt 0.015383766032755375 0.67749041318893433
vt 0.02307564951479435 0.67749041318893433
vt 0.038459412753582001 0.67749041318893433
vt 0.046151299029588699 0.67749041318893433
vt 0.053843177855014801 0.67749041318893433
vt 0.069226942956447601 0.67749041318893433
vt 0.076918825507164001 0.67749041318893433
vt 0.084610715508460999 0.67749041318893433
vt 0.092302598059177399 0.67749041318893433
vt 0.099994473159313202 0.67749041318893433
vt 0.1076863557100296 0.67749041318893433
vt 0.1153782457113266 0.67749041318893433
vt 0.1307620108127594 0.67749041318893433
vt 0.1384538859128952 0.67749041318893433
vt 0.1461457759141922 0.67749041318893433
vt 0.153837651014328 0.67749041318893433
vt 0.16152952611446381 0.67749041318893433
vt 0.169221431016922 0.67749041318893433
vt 0.1769133061170578 0.67749041318893433
vt 0.1846051961183548 0.67749041318893433
vt 0.1922970712184906 0.67749041318893433
vt 0.1999889463186264 0.67749041318893433
vt 0.2076808363199234 0.67749041318893433
vt 0.2153727114200592 0.67749041318893433
vt 0.2230646163225174 0.67749041318893433
vt 0.2307564914226532 0.67749041318893433
vt 0.238448366522789 0.67749041318893433
vt 0.2538321316242218 0.67749041318893433
vt 0.2615240216255188 0.67749041318893433
vt 0.2692159116268158 0.67749041318893433
vt 0.2845996618270874 0.67749041318893433
vt 0.2922915518283844 0.67749041318893433
vt 0.2999834418296814 0.67749041318893433
vt 0.2999834418296814 0.67922317981719971
vt 0.2922915518283844 0.67922317981719971
vt 0.2845996618270874 0.67922317981719971
vt 0.2692159116268158 0.67922317981719971
vt 0.2615240216255188 0.67922317981719971
vt 0.2538321316242218 0.67922317981719971
vt 0.238448366522789 0.67922317981719971
vt 0.2307564914226532 0.67922317981719971
vt 0.2230646163225174 0.67922317981719971
vt 0.2076808363199234 0.67922317981719971
vt 0.1999889463186264 0.67922317981719971
vt 0.1922970712184906 0.67922317981719971
vt 0.1846051961183548 0.67922317981719971
vt 0.1769133061170578 0.67922317981719971
vt 0.169221431016922 0.67922317981719971
vt 0.16152952611446381 0.67922317981719971
vt 0.1461457759141922 0.67922317981719971
vt 0.1384538859128952 0.67922317981719971
vt 0.1307620108127594 0.67922317981719971
vt 0.1153782457113266 0.67922317981719971
vt 0.1076863557100296 0.67922317981719971
vt 0.099994473159313202 0.67922317981719971
vt 0.092302598059177399 0.67922317981719971
vt 0.084610715508460999 0.67922317981719971
vt 0.076918825507164001 0.67922317981719971
vt 0.069226942956447601 0.67922317981719971
vt 0.053843177855014801 0.67922317981719971
vt 0.046151299029588699 0.67922317981719971
vt 0.038459412753582001 0.67922317981719971
vt 0.03076753206551075 0.67922317981719971
vt 0.02307564951479435 0.67922317981719971
vt 0.015383766032755375 0.67922317981719971
vt 0.0076918830163776875 0.67922317981719971
vt 0.029332680627703667 0.87339407205581665
vt 0.029332680627703667 0.88393515348434448
vt 0.029332680627703667 0.89447629451751709
vt 0.029332680627703667 0.90501737594604492
vt 0.029332680627703667 0.91555845737457275
vt 0.029332680627703667 0.92609953880310059
vt 0.029332680627703667 0.93664067983627319
vt 0.058665361255407333 0.87339407205581665
vt 0.058665361255407333 0.90501737594604492
vt 0.058665361255407333 0.91555845737457275
vt 0.058665361255407333 0.92609953880310059
vt 0.058665361255407333 0.93664067983627319
vt 0.087998040020465851 0.87339407205581665
vt 0.087998040020465851 0.90501737594604492
vt 0.087998040020465851 0.91555845737457275
vt 0.087998040020465851 0.92609953880310059
vt 0.087998040020465851 0.93664067983627319
vt 0.11733072251081467 0.87339407205581665
vt 0.11733072251081467 0.90501737594604492
vt 0.11733072251081467 0.91555845737457275
vt 0.11733072251081467 0.92609953880310059
vt 0.11733072251081467 0.93664067983627319
vt 0.14666339755058289 0.87339407205581665
vt 0.14666339755058289 0.90501737594604492
vt 0.14666339755058289 0.91555845737457275
vt 0.14666339755058289 0.92609953880310059
vt 0.14666339755058289 0.93664067983627319
vt 0.1759960800409317 0.87339407205581665
vt 0.1759960800409317 0.88393515348434448
vt 0.1759960800409317 0.89447629451751709
vt 0.1759960800409317 0.90501737594604492
vt 0.1759960800409317 0.91555845737457275
vt 0.1759960800409317 0.92609953880310059
vt 0.1759960800409317 0.93664067983627319
vt 0.20532876253128052 0.87339407205581665
vt 0.20532876253128052 0.88393515348434448
vt 0.20532876253128052 0.89447629451751709
vt 0.20532876253128052 0.90501737594604492
vt 0.20532876253128052 0.91555845737457275
vt 0.20532876253128052 0.92609953880310059
vt 0.20532876253128052 0.93664067983627319
vt 0.26399412751197815 0.87339407205581665
vt 0.26399412751197815 0.89447629451751709
vt 0.26399412751197815 0.90501737594604492
vt 0.26399412751197815 0.92609953880310059
vt 0.29332679510116577 0.87339407205581665
vt 0.29332679510116577 0.88393515348434448
vt 0.29332679510116577 0.89447629451751709
vt 0.29332679510116577 0.90501737594604492
vt 0.29332679510116577 0.91555845737457275
vt 0.29332679510116577 0.92609953880310059
vt 0.29332679510116577 0.93664067983627319
vt 0.32265949249267578 0.87339407205581665
vt 0.32265949249267578 0.93664067983627319
vt 0.3519921600818634 0.87339407205581665
vt 0.3519921600818634 0.93664067983627319
vt 0.063130497932434082 0.88438528776168823
vt 0.060668017715215683 0.88438528776168823
vt 0.058205541223287582 0.88438528776168823
vt 0.055743064731359482 0.88438528776168823
vt 0.053280588239431381 0.88438528776168823
vt 0.050818111747503281 0.88438528776168823
vt 0.048355631530284882 0.88438528776168823
vt 0.045893158763647079 0.88438528776168823
vt 0.04343067854642868 0.88438528776168823
vt 0.04096820205450058 0.88438528776168823
vt 0.038505725562572479 0.88438528776168823
vt 0.036043249070644379 0.88438528776168823
vt 0.033580772578716278 0.88438528776168823
vt 0.073331698775291443 0.89447629451751709
vt 0.073331698775291443 0.88393515348434448
vt 0.073331698775291443 0.88920575380325317
vt 0.073331698775291443 0.88657045364379883
vt 0.065998531877994537 0.88920575380325317
vt 0.065998531877994537 0.88393515348434448
vt 0.065998531877994537 0.88657045364379883
vt 0.029332680627703667 0.88920575380325317
vt 0.087998040020465851 0.87866461277008057
vt 0.058665361255407333 0.87866461277008057
vt 0.073331698775291443 0.87339407205581665
vt 0.073331698775291443 0.87866461277008057
vt 0.029332680627703667 0.87866461277008057
vt 0.043999020010232925 0.87339407205581665
vt 0.043999020010232925 0.87866461277008057
vt 0.029332680627703667 0.88657045364379883
vt 0.014666340313851833 0.89447629451751709
vt 0.014666340313851833 0.88393515348434448
vt 0.014666340313851833 0.88920575380325317
vt 0.033580772578716278 0.89936375617980957
vt 0.036043249070644379 0.89936375617980957
vt 0.038505725562572479 0.89936375617980957
vt 0.04096820205450058 0.89936375617980957
vt 0.04343067854642868 0.89936375617980957
vt 0.045893158763647079 0.89936375617980957
vt 0.048355631530284882 0.89936375617980957
vt 0.050818111747503281 0.89936375617980957
vt 0.053280588239431381 0.89936375617980957
vt 0.055743064731359482 0.89936375617980957
vt 0.058205541223287582 0.89936375617980957
vt 0.060668017715215683 0.89936375617980957
vt 0.063130497932434082 0.89936375617980957
vt 0.043999020010232925 0.90501737594604492
vt 0.029332680627703667 0.89974683523178101
vt 0.029332680627703667 0.89711153507232666
vt 0.014666340313851833 0.90501737594604492
vt 0.014666340313851833 0.89974683523178101
vt 0.073331698775291443 0.90501737594604492
vt 0.073331698775291443 0.89974683523178101
vt 0.073331698775291443 0.89711153507232666
vt 0.065998531877994537 0.89974683523178101
vt 0.065998531877994537 0.89447629451751709
vt 0.065998531877994537 0.89711153507232666
vt 0.16948023438453674 0.88438528776168823
vt 0.16701775789260864 0.88438528776168823
vt 0.16455528140068054 0.88438528776168823
vt 0.16209280490875244 0.88438528776168823
vt 0.15963032841682434 0.88438528776168823
vt 0.15716785192489624 0.88438528776168823
vt 0.15470539033412933 0.88438528776168823
vt 0.15224291384220123 0.88438528776168823
vt 0.14978043735027313 0.88438528776168823
vt 0.14731794595718384 0.88438528776168823
vt 0.14485546946525574 0.88438528776168823
vt 0.14239299297332764 0.88438528776168823
vt 0.13993051648139954 0.88438528776168823
vt 0.1759960800409317 0.88920575380325317
vt 0.1759960800409317 0.88657045364379883
vt 0.1759960800409317 0.87866461277008057
vt 0.14666339755058289 0.87866461277008057
vt 0.16132974624633789 0.87339407205581665
vt 0.16132974624633789 0.87866461277008057
vt 0.20532876253128052 0.88920575380325317
vt 0.19066241383552551 0.89447629451751709
vt 0.19066241383552551 0.88393515348434448
vt 0.19066241383552551 0.88920575380325317
vt 0.13199706375598907 0.88393515348434448
vt 0.11733072251081467 0.87866461277008057
vt 0.13199706375598907 0.87339407205581665
vt 0.13199706375598907 0.87866461277008057
vt 0.13993051648139954 0.89936375617980957
vt 0.14239299297332764 0.89936375617980957
vt 0.14485546946525574 0.89936375617980957
vt 0.14731794595718384 0.89936375617980957
vt 0.14978043735027313 0.89936375617980957
vt 0.15224291384220123 0.89936375617980957
vt 0.15470539033412933 0.89936375617980957
vt 0.15716785192489624 0.89936375617980957
vt 0.15963032841682434 0.89936375617980957
vt 0.16209280490875244 0.89936375617980957
vt 0.16455528140068054 0.89936375617980957
vt 0.16701775789260864 0.89936375617980957
vt 0.16948023438453674 0.89936375617980957
vt 0.13199706375598907 0.90501737594604492
vt 0.13199706375598907 0.89974683523178101
vt 0.1759960800409317 0.89974683523178101
vt 0.16132974624633789 0.90501737594604492
vt 0.1759960800409317 0.89711153507232666
vt 0.20532876253128052 0.89974683523178101
vt 0.19066241383552551 0.90501737594604492
vt 0.19066241383552551 0.89974683523178101
vt 0.11608593910932541 0.88438528776168823
vt 0.11362346261739731 0.88438528776168823
vt 0.11116098612546921 0.88438528776168823
vt 0.10869850963354111 0.88438528776168823
vt 0.10623603314161301 0.88438528776168823
vt 0.10377355664968491 0.88438528776168823
vt 0.10131108015775681 0.88438528776168823
vt 0.098848603665828705 0.88438528776168823
vt 0.096386127173900604 0.88438528776168823
vt 0.093923650681972504 0.88438528776168823
vt 0.091461174190044403 0.88438528776168823
vt 0.088998697698116302 0.88438528776168823
vt 0.086536221206188202 0.88438528776168823
vt 0.10266438126564026 0.87339407205581665
vt 0.10266438126564026 0.87866461277008057
vt 0.080664873123168945 0.88920575380325317
vt 0.080664873123168945 0.88393515348434448
vt 0.080664873123168945 0.88657045364379883
vt 0.086536221206188202 0.89936375617980957
vt 0.088998697698116302 0.89936375617980957
vt 0.091461174190044403 0.89936375617980957
vt 0.093923650681972504 0.89936375617980957
vt 0.096386127173900604 0.89936375617980957
vt 0.098848603665828705 0.89936375617980957
vt 0.10131108015775681 0.89936375617980957
vt 0.10377355664968491 0.89936375617980957
vt 0.10623603314161301 0.89936375617980957
vt 0.10869850963354111 0.89936375617980957
vt 0.11116098612546921 0.89936375617980957
vt 0.11362346261739731 0.89936375617980957
vt 0.11608593910932541 0.89936375617980957
vt 0.080664873123168945 0.89974683523178101
vt 0.080664873123168945 0.89447629451751709
vt 0.080664873123168945 0.89711153507232666
vt 0.10266438126564026 0.90501737594604492
vt 0.086536221206188202 0.88652503490447998
vt 0.086536221206188202 0.8886648416519165
vt 0.086536221206188202 0.89080458879470825
vt 0.086536221206188202 0.89294439554214478
vt 0.086536221206188202 0.89508414268493652
vt 0.086536221206188202 0.89722394943237305
vt 0.073331698775291443 0.89184099435806274
vt 0.080664873123168945 0.89184099435806274
vt 0.11608593910932541 0.89722394943237305
vt 0.11608593910932541 0.89508414268493652
vt 0.11608593910932541 0.89294439554214478
vt 0.11608593910932541 0.89080458879470825
vt 0.11608593910932541 0.8886648416519165
vt 0.11608593910932541 0.88652503490447998
vt 0.033580772578716278 0.88652503490447998
vt 0.033580772578716278 0.8886648416519165
vt 0.033580772578716278 0.89080458879470825
vt 0.033580772578716278 0.89294439554214478
vt 0.033580772578716278 0.89508414268493652
vt 0.033580772578716278 0.89722394943237305
vt 0.029332680627703667 0.89184099435806274
vt 0.063130497932434082 0.89722394943237305
vt 0.063130497932434082 0.89508414268493652
vt 0.063130497932434082 0.89294439554214478
vt 0.063130497932434082 0.89080458879470825
vt 0.063130497932434082 0.8886648416519165
vt 0.063130497932434082 0.88652503490447998
vt 0.065998531877994537 0.89184099435806274
vt 0.13993051648139954 0.88652503490447998
vt 0.13993051648139954 0.8886648416519165
vt 0.13993051648139954 0.89080458879470825
vt 0.13993051648139954 0.89294439554214478
vt 0.13993051648139954 0.89508414268493652
vt 0.13993051648139954 0.89722394943237305
vt 0.16948023438453674 0.89722394943237305
vt 0.16948023438453674 0.89508414268493652
vt 0.16948023438453674 0.89294439554214478
vt 0.16948023438453674 0.89080458879470825
vt 0.16948023438453674 0.8886648416519165
vt 0.16948023438453674 0.88652503490447998
vt 0.1759960800409317 0.89184099435806274
vt 0.25856828689575195 0.94635498523712158
vt 0.25856828689575195 0.93086254596710205
vt 0.25856828689575195 0.91537010669708252
vt 0.25856828689575195 0.89987772703170776
vt 0.25856828689575195 0.88438528776168823
vt 0.22901853919029236 0.88438528776168823
vt 0.22901853919029236 0.89987772703170776
vt 0.22901853919029236 0.91537010669708252
vt 0.22901853919029236 0.93086254596710205
vt 0.22901853919029236 0.94635498523712158
vt 0.24871835112571716 0.88438528776168823
vt 0.23886844515800476 0.88438528776168823
vt 0.31854543089866638 0.93460720777511597
vt 0.3206770122051239 0.93460720777511597
vt 0.32280859351158142 0.93460720777511597
vt 0.32494020462036133 0.93460720777511597
vt 0.32707178592681885 0.93460720777511597
vt 0.32920336723327637 0.93460720777511597
vt 0.33133497834205627 0.93460720777511597
vt 0.33346658945083618 0.93460720777511597
vt 0.30799314379692078 0.93664067983627319
vt 0.29332679510116577 0.93137013912200928
vt 0.30799314379692078 0.92609953880310059
vt 0.30799314379692078 0.93137013912200928
vt 0.31532630324363708 0.93664067983627319
vt 0.30799314379692078 0.93400537967681885
vt 0.31532630324363708 0.93137013912200928
vt 0.31532630324363708 0.93400537967681885
vt 0.3373258113861084 0.93664067983627319
vt 0.32265949249267578 0.94191122055053711
vt 0.29332679510116577 0.94191122055053711
vt 0.30799314379692078 0.94191122055053711
vt 0.32999265193939209 0.93664067983627319
vt 0.3519921600818634 0.94191122055053711
vt 0.3373258113861084 0.94191122055053711
vt 0.33346658945083618 0.88144832849502563
vt 0.33133497834205627 0.88144832849502563
vt 0.32920336723327637 0.88144832849502563
vt 0.32707178592681885 0.88144832849502563
vt 0.32494020462036133 0.88144832849502563
vt 0.32280859351158142 0.88144832849502563
vt 0.3206770122051239 0.88144832849502563
vt 0.31854543089866638 0.88144832849502563
vt 0.3519921600818634 0.87866461277008057
vt 0.32265949249267578 0.87866461277008057
vt 0.3373258113861084 0.87339407205581665
vt 0.3373258113861084 0.87866461277008057
vt 0.3373258113861084 0.88129991292953491
vt 0.32999265193939209 0.87866461277008057
vt 0.30799314379692078 0.88393515348434448
vt 0.29332679510116577 0.87866461277008057
vt 0.30799314379692078 0.87339407205581665
vt 0.30799314379692078 0.87866461277008057
vt 0.31532630324363708 0.88393515348434448
vt 0.30799314379692078 0.88129991292953491
vt 0.31532630324363708 0.87866461277008057
vt 0.31532630324363708 0.88129991292953491
vt 0.30799314379692078 0.89447629451751709
vt 0.29332679510116577 0.88920575380325317
vt 0.30799314379692078 0.88920575380325317
vt 0.31854543089866638 0.8838646411895752
vt 0.31854543089866638 0.88628095388412476
vt 0.31854543089866638 0.88869726657867432
vt 0.31854543089866638 0.89111357927322388
vt 0.31854543089866638 0.89352989196777344
vt 0.31854543089866638 0.895946204662323
vt 0.31854543089866638 0.89836251735687256
vt 0.31854543089866638 0.90077883005142212
vt 0.31854543089866638 0.90319514274597168
vt 0.31854543089866638 0.90561145544052124
vt 0.31854543089866638 0.9080277681350708
vt 0.31854543089866638 0.91044408082962036
vt 0.31854543089866638 0.91286039352416992
vt 0.31854543089866638 0.91527670621871948
vt 0.31854543089866638 0.91769301891326904
vt 0.31854543089866638 0.9201093316078186
vt 0.31854543089866638 0.92252564430236816
vt 0.31854543089866638 0.92494195699691772
vt 0.31854543089866638 0.92735826969146729
vt 0.31854543089866638 0.92977458238601685
vt 0.31854543089866638 0.93219089508056641
vt 0.31532630324363708 0.88920575380325317
vt 0.30799314379692078 0.88657045364379883
vt 0.31532630324363708 0.88657045364379883
vt 0.31532630324363708 0.89447629451751709
vt 0.30799314379692078 0.89184099435806274
vt 0.31532630324363708 0.89184099435806274
vt 0.30799314379692078 0.90501737594604492
vt 0.29332679510116577 0.89974683523178101
vt 0.30799314379692078 0.89974683523178101
vt 0.31532630324363708 0.89974683523178101
vt 0.30799314379692078 0.89711153507232666
vt 0.31532630324363708 0.89711153507232666
vt 0.31532630324363708 0.90501737594604492
vt 0.30799314379692078 0.90238207578659058
vt 0.31532630324363708 0.90238207578659058
vt 0.30799314379692078 0.91555845737457275
vt 0.29332679510116577 0.91028791666030884
vt 0.30799314379692078 0.91028791666030884
vt 0.31532630324363708 0.91028791666030884
vt 0.30799314379692078 0.90765261650085449
vt 0.31532630324363708 0.90765261650085449
vt 0.31532630324363708 0.91555845737457275
vt 0.30799314379692078 0.91292321681976318
vt 0.31532630324363708 0.91292321681976318
vt 0.29332679510116577 0.92082899808883667
vt 0.30799314379692078 0.92082899808883667
vt 0.31532630324363708 0.92082899808883667
vt 0.30799314379692078 0.9181937575340271
vt 0.31532630324363708 0.9181937575340271
vt 0.31532630324363708 0.92609953880310059
vt 0.30799314379692078 0.92346429824829102
vt 0.31532630324363708 0.92346429824829102
vt 0.30799314379692078 0.92873483896255493
vt 0.31532630324363708 0.92873483896255493
vt 0.33346658945083618 0.93219089508056641
vt 0.33346658945083618 0.92977458238601685
vt 0.33346658945083618 0.92735826969146729
vt 0.33346658945083618 0.92494195699691772
vt 0.33346658945083618 0.92252564430236816
vt 0.33346658945083618 0.9201093316078186
vt 0.33346658945083618 0.91769301891326904
vt 0.33346658945083618 0.91527670621871948
vt 0.33346658945083618 0.91286039352416992
vt 0.33346658945083618 0.91044408082962036
vt 0.33346658945083618 0.9080277681350708
vt 0.33346658945083618 0.90561145544052124
vt 0.33346658945083618 0.90319514274597168
vt 0.33346658945083618 0.90077883005142212
vt 0.33346658945083618 0.89836251735687256
vt 0.33346658945083618 0.895946204662323
vt 0.33346658945083618 0.89352989196777344
vt 0.33346658945083618 0.89111357927322388
vt 0.33346658945083618 0.88869726657867432
vt 0.33346658945083618 0.88628095388412476
vt 0.33346658945083618 0.8838646411895752
vt 0.34516942501068115 0.93460720777511597
vt 0.34730100631713867 0.93460720777511597
vt 0.34943261742591858 0.93460720777511597
vt 0.35156422853469849 0.93460720777511597
vt 0.35369580984115601 0.93460720777511597
vt 0.35582739114761353 0.93460720777511597
vt 0.35795900225639343 0.93460720777511597
vt 0.36009058356285095 0.93460720777511597
vt 0.34465897083282471 0.93664067983627319
vt 0.36665847897529602 0.93664067983627319
vt 0.35932531952857971 0.93664067983627319
vt 0.36665847897529602 0.94191122055053711
vt 0.36009058356285095 0.88144832849502563
vt 0.35795900225639343 0.88144832849502563
vt 0.35582739114761353 0.88144832849502563
vt 0.35369580984115601 0.88144832849502563
vt 0.35156422853469849 0.88144832849502563
vt 0.34943261742591858 0.88144832849502563
vt 0.34730100631713867 0.88144832849502563
vt 0.34516942501068115 0.88144832849502563
vt 0.36665847897529602 0.87339407205581665
vt 0.36665847897529602 0.87866461277008057
vt 0.35932531952857971 0.87866461277008057
vt 0.34465897083282471 0.87866461277008057
vt 0.34516942501068115 0.8838646411895752
vt 0.34516942501068115 0.88628095388412476
vt 0.34516942501068115 0.88869726657867432
vt 0.34516942501068115 0.89111357927322388
vt 0.34516942501068115 0.89352989196777344
vt 0.34516942501068115 0.895946204662323
vt 0.34516942501068115 0.89836251735687256
vt 0.34516942501068115 0.90077883005142212
vt 0.34516942501068115 0.90319514274597168
vt 0.34516942501068115 0.90561145544052124
vt 0.34516942501068115 0.9080277681350708
vt 0.34516942501068115 0.91044408082962036
vt 0.34516942501068115 0.91286039352416992
vt 0.34516942501068115 0.91527670621871948
vt 0.34516942501068115 0.91769301891326904
vt 0.34516942501068115 0.9201093316078186
vt 0.34516942501068115 0.92252564430236816
vt 0.34516942501068115 0.92494195699691772
vt 0.34516942501068115 0.92735826969146729
vt 0.34516942501068115 0.92977458238601685
vt 0.34516942501068115 0.93219089508056641
vt 0.36009058356285095 0.93219089508056641
vt 0.36009058356285095 0.92977458238601685
vt 0.36009058356285095 0.92735826969146729
vt 0.36009058356285095 0.92494195699691772
vt 0.36009058356285095 0.92252564430236816
vt 0.36009058356285095 0.9201093316078186
vt 0.36009058356285095 0.91769301891326904
vt 0.36009058356285095 0.91527670621871948
vt 0.36009058356285095 0.91286039352416992
vt 0.36009058356285095 0.91044408082962036
vt 0.36009058356285095 0.9080277681350708
vt 0.36009058356285095 0.90561145544052124
vt 0.36009058356285095 0.90319514274597168
vt 0.36009058356285095 0.90077883005142212
vt 0.36009058356285095 0.89836251735687256
vt 0.36009058356285095 0.895946204662323
vt 0.36009058356285095 0.89352989196777344
vt 0.36009058356285095 0.89111357927322388
vt 0.36009058356285095 0.88869726657867432
vt 0.36009058356285095 0.88628095388412476
vt 0.36009058356285095 0.8838646411895752
vt 0.37758633494377136 0.94635498523712158
vt 0.35774999856948853 0.94635498523712158
vt 0.33791366219520569 0.94635498523712158
vt 0.31807732582092285 0.94635498523712158
vt 0.29824095964431763 0.94635498523712158
vt 0.27840462327003479 0.94635498523712158
vt 0.37758633494377136 0.86367976665496826
vt 0.37758633494377136 0.88021481037139893
vt 0.37758633494377136 0.89674985408782959
vt 0.37758633494377136 0.91328489780426025
vt 0.37758633494377136 0.92981994152069092
vt 0.20853854715824127 0.94635498523712158
vt 0.18805854022502899 0.94635498523712158
vt 0.16757853329181671 0.94635498523712158
vt 0.14709852635860443 0.94635498523712158
vt 0.12661851942539215 0.94635498523712158
vt 0.10613850504159927 0.94635498523712158
vt 0.08565850555896759 0.94635498523712158
vt 0.06517849862575531 0.94635498523712158
vt 0.04469849169254303 0.94635498523712158
vt 0.0242184828966856 0.94635498523712158
vt 0.0037384789902716875 0.94635498523712158
vt 0.0037384789902716875 0.94329297542572021
vt 0.0037384789902716875 0.94023090600967407
vt 0.0037384789902716875 0.93716883659362793
vt 0.0037384789902716875 0.93410682678222656
vt 0.0037384789902716875 0.93104475736618042
vt 0.0037384789902716875 0.92798274755477905
vt 0.0037384789902716875 0.92492067813873291
vt 0.0037384789902716875 0.92185860872268677
vt 0.0037384789902716875 0.9187965989112854
vt 0.0037384789902716875 0.91573452949523926
vt 0.0037384789902716875 0.91267246007919312
vt 0.0037384789902716875 0.90961045026779175
vt 0.0037384789902716875 0.90654838085174561
vt 0.0037384789902716875 0.90348637104034424
vt 0.0037384789902716875 0.9004243016242981
vt 0.0037384789902716875 0.89736223220825195
vt 0.0037384789902716875 0.89430022239685059
vt 0.0037384789902716875 0.89123815298080444
vt 0.0037384789902716875 0.88817614316940308
vt 0.0037384789902716875 0.88511407375335693
vt 0.0037384789902716875 0.88205200433731079
vt 0.0037384789902716875 0.87898999452590942
vt 0.0037384789902716875 0.87592792510986328
vt 0.0037384789902716875 0.87286585569381714
vt 0.0037384789902716875 0.86980384588241577
vt 0.0037384789902716875 0.86674177646636963
vt 0.0037384789902716875 0.86367976665496826
vt 0.029332680627703667 0.94191122055053711
vt 0.014666340313851833 0.93664067983627319
vt 0.014666340313851833 0.94191122055053711
vt 0.014666340313851833 0.94454646110534668
vt 0.0073331701569259167 0.94191122055053711
vt 0.0073331701569259167 0.94454646110534668
vt 0.014666340313851833 0.93927592039108276
vt 0.0073331701569259167 0.93664067983627319
vt 0.0073331701569259167 0.93927592039108276
vt 0.029332680627703667 0.93137013912200928
vt 0.014666340313851833 0.92609953880310059
vt 0.014666340313851833 0.93137013912200928
vt 0.014666340313851833 0.93400537967681885
vt 0.0073331701569259167 0.93137013912200928
vt 0.0073331701569259167 0.93400537967681885
vt 0.014666340313851833 0.92873483896255493
vt 0.0073331701569259167 0.92609953880310059
vt 0.0073331701569259167 0.92873483896255493
vt 0.029332680627703667 0.92082899808883667
vt 0.014666340313851833 0.91555845737457275
vt 0.014666340313851833 0.92082899808883667
vt 0.014666340313851833 0.92346429824829102
vt 0.0073331701569259167 0.92082899808883667
vt 0.0073331701569259167 0.92346429824829102
vt 0.014666340313851833 0.9181937575340271
vt 0.0073331701569259167 0.91555845737457275
vt 0.0073331701569259167 0.9181937575340271
vt 0.029332680627703667 0.91028791666030884
vt 0.014666340313851833 0.91028791666030884
vt 0.014666340313851833 0.91292321681976318
vt 0.0073331701569259167 0.91028791666030884
vt 0.0073331701569259167 0.91292321681976318
vt 0.014666340313851833 0.90765261650085449
vt 0.0073331701569259167 0.90501737594604492
vt 0.0073331701569259167 0.90765261650085449
vt 0.014666340313851833 0.90238207578659058
vt 0.0073331701569259167 0.89974683523178101
vt 0.0073331701569259167 0.90238207578659058
vt 0.014666340313851833 0.89711153507232666
vt 0.0073331701569259167 0.89447629451751709
vt 0.0073331701569259167 0.89711153507232666
vt 0.014666340313851833 0.89184099435806274
vt 0.0073331701569259167 0.88920575380325317
vt 0.0073331701569259167 0.89184099435806274
vt 0.014666340313851833 0.88657045364379883
vt 0.0073331701569259167 0.88393515348434448
vt 0.0073331701569259167 0.88657045364379883
vt 0.014666340313851833 0.87339407205581665
vt 0.014666340313851833 0.87866461277008057
vt 0.014666340313851833 0.88129991292953491
vt 0.0073331701569259167 0.87866461277008057
vt 0.0073331701569259167 0.88129991292953491
vt 0.014666340313851833 0.876029372215271
vt 0.0073331701569259167 0.87339407205581665
vt 0.0073331701569259167 0.876029372215271
vt 0.029332680627703667 0.86812353134155273
vt 0.014666340313851833 0.86812353134155273
vt 0.014666340313851833 0.87075883150100708
vt 0.0073331701569259167 0.86812353134155273
vt 0.0073331701569259167 0.87075883150100708
vt 0.014666340313851833 0.86548829078674316
vt 0.0073331701569259167 0.86548829078674316
vt 0.012639619410037994 0.86367976665496826
vt 0.02154075913131237 0.86367976665496826
vt 0.030441898852586746 0.86367976665496826
vt 0.039343040436506271 0.86367976665496826
vt 0.048244182020425797 0.86367976665496826
vt 0.057145319879055023 0.86367976665496826
vt 0.066046461462974548 0.86367976665496826
vt 0.074947603046894073 0.86367976665496826
vt 0.083848737180233002 0.86367976665496826
vt 0.092749878764152527 0.86367976665496826
vt 0.10165102034807205 0.86367976665496826
vt 0.11055216193199158 0.86367976665496826
vt 0.1194533035159111 0.86367976665496826
vt 0.12835444509983063 0.86367976665496826
vt 0.13725557923316956 0.86367976665496826
vt 0.14615671336650848 0.86367976665496826
vt 0.15505786240100861 0.86367976665496826
vt 0.16395899653434753 0.86367976665496826
vt 0.17286014556884766 0.86367976665496826
vt 0.18176127970218658 0.86367976665496826
vt 0.19066241383552551 0.86367976665496826
vt 0.19956356287002563 0.86367976665496826
vt 0.20846469700336456 0.86367976665496826
vt 0.21736583113670349 0.86367976665496826
vt 0.22626698017120361 0.86367976665496826
vt 0.23516811430454254 0.86367976665496826
vt 0.24406924843788147 0.86367976665496826
vt 0.25297039747238159 0.86367976665496826
vt 0.26187154650688171 0.86367976665496826
vt 0.27077266573905945 0.86367976665496826
vt 0.27967381477355957 0.86367976665496826
vt 0.28857496380805969 0.86367976665496826
vt 0.29747608304023743 0.86367976665496826
vt 0.30637723207473755 0.86367976665496826
vt 0.31527838110923767 0.86367976665496826
vt 0.32417950034141541 0.86367976665496826
vt 0.33308064937591553 0.86367976665496826
vt 0.34198179841041565 0.86367976665496826
vt 0.35088291764259338 0.86367976665496826
vt 0.35978406667709351 0.86367976665496826
vt 0.36868521571159363 0.86367976665496826
vt 0.11733072251081467 0.89447629451751709
vt 0.26399412751197815 0.88393515348434448
vt 0.12088372558355331 0.10038837790489197
vt 0.11885722726583481 0.10038837790489197
vt 0.12088372558355331 0.4756723940372467
vt 0.11885722726583481 0.4756723940372467
vt 0.12088372558355331 0.10932371765375137
vt 0.12088372558355331 0.11825904995203018
vt 0.12088372558355331 0.12719437479972839
vt 0.12088372558355331 0.1361297070980072
vt 0.12088372558355331 0.1450650542974472
vt 0.12088372558355331 0.15400038659572601
vt 0.12088372558355331 0.16293571889400482
vt 0.12088372558355331 0.17187105119228363
vt 0.12088372558355331 0.18080638349056244
vt 0.12088372558355331 0.18974171578884125
vt 0.12088372558355331 0.19867704808712006
vt 0.12088372558355331 0.20761238038539886
vt 0.12088372558355331 0.21654771268367767
vt 0.12088372558355331 0.22548304498195648
vt 0.12088372558355331 0.23441837728023529
vt 0.12088372558355331 0.2433537095785141
vt 0.12088372558355331 0.2522890567779541
vt 0.12088372558355331 0.26122438907623291
vt 0.12088372558355331 0.27015972137451172
vt 0.12088372558355331 0.27909505367279053
vt 0.12088372558355331 0.28803038597106934
vt 0.12088372558355331 0.29696571826934814
vt 0.12088372558355331 0.30590105056762695
vt 0.12088372558355331 0.31483638286590576
vt 0.12088372558355331 0.32377171516418457
vt 0.12088372558355331 0.33270704746246338
vt 0.12088372558355331 0.34164237976074219
vt 0.12088372558355331 0.350577712059021
vt 0.12088372558355331 0.3595130443572998
vt 0.12088372558355331 0.36844837665557861
vt 0.12088372558355331 0.37738370895385742
vt 0.12088372558355331 0.38631904125213623
vt 0.12088372558355331 0.39525437355041504
vt 0.12088372558355331 0.40418970584869385
vt 0.12088372558355331 0.41312503814697266
vt 0.12088372558355331 0.42206037044525146
vt 0.12088372558355331 0.43099570274353027
vt 0.12088372558355331 0.43993103504180908
vt 0.12088372558355331 0.44886636734008789
vt 0.12088372558355331 0.4578016996383667
vt 0.12088372558355331 0.46673703193664551
vt 0.11885722726583481 0.46673703193664551
vt 0.11885722726583481 0.4578016996383667
vt 0.11885722726583481 0.44886636734008789
vt 0.11885722726583481 0.43993103504180908
vt 0.11885722726583481 0.43099570274353027
vt 0.11885722726583481 0.42206037044525146
vt 0.11885722726583481 0.41312503814697266
vt 0.11885722726583481 0.40418970584869385
vt 0.11885722726583481 0.39525437355041504
vt 0.11885722726583481 0.38631904125213623
vt 0.11885722726583481 0.37738370895385742
vt 0.11885722726583481 0.36844837665557861
vt 0.11885722726583481 0.3595130443572998
vt 0.11885722726583481 0.350577712059021
vt 0.11885722726583481 0.34164237976074219
vt 0.11885722726583481 0.33270704746246338
vt 0.11885722726583481 0.32377171516418457
vt 0.11885722726583481 0.31483638286590576
vt 0.11885722726583481 0.30590105056762695
vt 0.11885722726583481 0.29696571826934814
vt 0.11885722726583481 0.28803038597106934
vt 0.11885722726583481 0.27909505367279053
vt 0.11885722726583481 0.27015972137451172
vt 0.11885722726583481 0.26122438907623291
vt 0.11885722726583481 0.2522890567779541
vt 0.11885722726583481 0.2433537095785141
vt 0.11885722726583481 0.23441837728023529
vt 0.11885722726583481 0.22548304498195648
vt 0.11885722726583481 0.21654771268367767
vt 0.11885722726583481 0.20761238038539886
vt 0.11885722726583481 0.19867704808712006
vt 0.11885722726583481 0.18974171578884125
vt 0.11885722726583481 0.18080638349056244
vt 0.11885722726583481 0.17187105119228363
vt 0.11885722726583481 0.16293571889400482
vt 0.11885722726583481 0.15400038659572601
vt 0.11885722726583481 0.1450650542974472
vt 0.11885722726583481 0.1361297070980072
vt 0.11885722726583481 0.12719437479972839
vt 0.11885722726583481 0.11825904995203018
vt 0.11885722726583481 0.10932371765375137
vt 0.14811220765113831 0.58369565010070801
vt 0.14811220765113831 0.59574264287948608
vt 0.14811220765113831 0.60778957605361938
vt 0.14811220765113831 0.61983656883239746
vt 0.14811220765113831 0.63188350200653076
vt 0.14811220765113831 0.64393049478530884
vt 0.17378959059715271 0.58369565010070801
vt 0.17378959059715271 0.59574264287948608
vt 0.17378959059715271 0.60778957605361938
vt 0.17378959059715271 0.64393049478530884
vt 0.19946695864200592 0.58369565010070801
vt 0.19946695864200592 0.59574264287948608
vt 0.19946695864200592 0.60778957605361938
vt 0.19946695864200592 0.61983656883239746
vt 0.19946695864200592 0.63188350200653076
vt 0.19946695864200592 0.64393049478530884
vt 0.22514432668685913 0.58369565010070801
vt 0.22514432668685913 0.59574264287948608
vt 0.22514432668685913 0.60778957605361938
vt 0.22514432668685913 0.61983656883239746
vt 0.22514432668685913 0.63188350200653076
vt 0.22514432668685913 0.64393049478530884
vt 0.15685594081878662 0.6344451904296875
vt 0.15932787954807281 0.6344451904296875
vt 0.16179981827735901 0.6344451904296875
vt 0.1642717570066452 0.6344451904296875
vt 0.1667436808347702 0.6344451904296875
vt 0.1692156195640564 0.6344451904296875
vt 0.17168755829334259 0.6344451904296875
vt 0.17415949702262878 0.6344451904296875
vt 0.17663143575191498 0.6344451904296875
vt 0.17910337448120117 0.6344451904296875
vt 0.18157531321048737 0.6344451904296875
vt 0.18404723703861237 0.6344451904296875
vt 0.18651917576789856 0.6344451904296875
vt 0.17378959059715271 0.63790696859359741
vt 0.16095089912414551 0.64393049478530884
vt 0.14811220765113831 0.63790696859359741
vt 0.16095089912414551 0.63790696859359741
vt 0.15453155338764191 0.63790696859359741
vt 0.14811220765113831 0.63489526510238647
vt 0.15453155338764191 0.63188350200653076
vt 0.15453155338764191 0.63489526510238647
vt 0.1352735310792923 0.64393049478530884
vt 0.1352735310792923 0.63188350200653076
vt 0.1352735310792923 0.63790696859359741
vt 0.14811220765113831 0.62586003541946411
vt 0.16737024486064911 0.63790696859359741
vt 0.19946695864200592 0.63790696859359741
vt 0.18662826716899872 0.64393049478530884
vt 0.18662826716899872 0.63790696859359741
vt 0.18020892143249512 0.63790696859359741
vt 0.19946695864200592 0.62586003541946411
vt 0.18651917576789856 0.61946672201156616
vt 0.18404723703861237 0.61946672201156616
vt 0.18157531321048737 0.61946672201156616
vt 0.17910337448120117 0.61946672201156616
vt 0.17663143575191498 0.61946672201156616
vt 0.17415949702262878 0.61946672201156616
vt 0.17168755829334259 0.61946672201156616
vt 0.1692156195640564 0.61946672201156616
vt 0.1667436808347702 0.61946672201156616
vt 0.1642717570066452 0.61946672201156616
vt 0.16179981827735901 0.61946672201156616
vt 0.15932787954807281 0.61946672201156616
vt 0.15685594081878662 0.61946672201156616
vt 0.19946695864200592 0.61381304264068604
vt 0.17378959059715271 0.61381304264068604
vt 0.18662826716899872 0.60778957605361938
vt 0.18662826716899872 0.61381304264068604
vt 0.18662826716899872 0.61682480573654175
vt 0.17378959059715271 0.61682480573654175
vt 0.18020892143249512 0.61381304264068604
vt 0.18020892143249512 0.61682480573654175
vt 0.14811220765113831 0.61381304264068604
vt 0.16095089912414551 0.60778957605361938
vt 0.16095089912414551 0.61381304264068604
vt 0.16095089912414551 0.61682480573654175
vt 0.16737024486064911 0.61381304264068604
vt 0.16737024486064911 0.61682480573654175
vt 0.15453155338764191 0.61983656883239746
vt 0.14811220765113831 0.61682480573654175
vt 0.15453155338764191 0.61381304264068604
vt 0.15453155338764191 0.61682480573654175
vt 0.1352735310792923 0.61983656883239746
vt 0.1352735310792923 0.60778957605361938
vt 0.1352735310792923 0.61381304264068604
vt 0.18651917576789856 0.63230538368225098
vt 0.18651917576789856 0.63016557693481445
vt 0.18651917576789856 0.62802582979202271
vt 0.18651917576789856 0.62588602304458618
vt 0.18651917576789856 0.62374627590179443
vt 0.18651917576789856 0.62160646915435791
vt 0.15685594081878662 0.62160646915435791
vt 0.15685594081878662 0.62374627590179443
vt 0.15685594081878662 0.62588602304458618
vt 0.15685594081878662 0.62802582979202271
vt 0.15685594081878662 0.63016557693481445
vt 0.15685594081878662 0.63230538368225098
vt 0.15453155338764191 0.62586003541946411
vt 0.14811220765113831 0.6228482723236084
vt 0.15453155338764191 0.6228482723236084
vt 0.1352735310792923 0.62586003541946411
vt 0.14811220765113831 0.62887179851531982
vt 0.15453155338764191 0.62887179851531982
vt 0.23938435316085815 0.6344451904296875
vt 0.24927210807800293 0.6344451904296875
vt 0.25915983319282532 0.6344451904296875
vt 0.26904758810997009 0.6344451904296875
vt 0.23938435316085815 0.57247543334960938
vt 0.23938435316085815 0.58796787261962891
vt 0.23938435316085815 0.60346031188964844
vt 0.23938435316085815 0.61895275115966797
vt 0.26904758810997009 0.61895275115966797
vt 0.26904758810997009 0.60346031188964844
vt 0.26904758810997009 0.58796787261962891
vt 0.26904758810997009 0.57247543334960938
vt 0.28473091125488281 0.57247543334960938
vt 0.30041426420211792 0.57247543334960938
vt 0.12419701367616653 0.57247543334960938
vt 0.14339490234851837 0.57247543334960938
vt 0.16259279847145081 0.57247543334960938
vt 0.18179067969322205 0.57247543334960938
vt 0.20098857581615448 0.57247543334960938
vt 0.22018645703792572 0.57247543334960938
vt 0.30041426420211792 0.58901047706604004
vt 0.30041426420211792 0.6055455207824707
vt 0.30041426420211792 0.62208056449890137
vt 0.30041426420211792 0.63861566781997681
vt 0.30041426420211792 0.65515071153640747
vt 0.29363667964935303 0.65515071153640747
vt 0.28685909509658813 0.65515071153640747
vt 0.28008151054382324 0.65515071153640747
vt 0.27330392599105835 0.65515071153640747
vt 0.26652631163597107 0.65515071153640747
vt 0.25974872708320618 0.65515071153640747
vt 0.25297114253044128 0.65515071153640747
vt 0.24619357287883759 0.65515071153640747
vt 0.23941598832607269 0.65515071153640747
vt 0.23263838887214661 0.65515071153640747
vt 0.22586080431938171 0.65515071153640747
vt 0.21908321976661682 0.65515071153640747
vt 0.21230563521385193 0.65515071153640747
vt 0.20552805066108704 0.65515071153640747
vt 0.19875046610832214 0.65515071153640747
vt 0.19197288155555725 0.65515071153640747
vt 0.18519529700279236 0.65515071153640747
vt 0.17841771245002747 0.65515071153640747
vt 0.17164012789726257 0.65515071153640747
vt 0.16486252844333649 0.65515071153640747
vt 0.15808494389057159 0.65515071153640747
vt 0.1513073593378067 0.65515071153640747
vt 0.14452977478504181 0.65515071153640747
vt 0.13775219023227692 0.65515071153640747
vt 0.13097460567951202 0.65515071153640747
vt 0.12419701367616653 0.65515071153640747
vt 0.12419701367616653 0.63861566781997681
vt 0.12419701367616653 0.62208056449890137
vt 0.12419701367616653 0.6055455207824707
vt 0.12419701367616653 0.58901047706604004
vt 0.27649906277656555 0.58369565010070801
vt 0.27649906277656555 0.60778957605361938
vt 0.27649906277656555 0.61983656883239746
vt 0.27649906277656555 0.63188350200653076
vt 0.27649906277656555 0.64393049478530884
vt 0.27307742834091187 0.13733020424842834
vt 0.27307742834091187 0.13888679444789886
vt 0.44929468631744385 0.13733020424842834
vt 0.44929468631744385 0.13888679444789886
vt 0.44251710176467896 0.13888679444789886
vt 0.43573951721191406 0.13888679444789886
vt 0.42896193265914917 0.13888679444789886
vt 0.42218434810638428 0.13888679444789886
vt 0.41540676355361938 0.13888679444789886
vt 0.40862917900085449 0.13888679444789886
vt 0.40185156464576721 0.13888679444789886
vt 0.39507400989532471 0.13888679444789886
vt 0.38829639554023743 0.13888679444789886
vt 0.38151881098747253 0.13888679444789886
vt 0.37474122643470764 0.13888679444789886
vt 0.36796364188194275 0.13888679444789886
vt 0.36118605732917786 0.13888679444789886
vt 0.35440847277641296 0.13888679444789886
vt 0.34763088822364807 0.13888679444789886
vt 0.34085330367088318 0.13888679444789886
vt 0.33407571911811829 0.13888679444789886
vt 0.32729813456535339 0.13888679444789886
vt 0.3205205500125885 0.13888679444789886
vt 0.31374296545982361 0.13888679444789886
vt 0.30696538090705872 0.13888679444789886
vt 0.30018779635429382 0.13888679444789886
vt 0.29341021180152893 0.13888679444789886
vt 0.28663259744644165 0.13888679444789886
vt 0.27985501289367676 0.13888679444789886
vt 0.27985501289367676 0.13733020424842834
vt 0.28663259744644165 0.13733020424842834
vt 0.29341021180152893 0.13733020424842834
vt 0.30018779635429382 0.13733020424842834
vt 0.30696538090705872 0.13733020424842834
vt 0.31374296545982361 0.13733020424842834
vt 0.3205205500125885 0.13733020424842834
vt 0.32729813456535339 0.13733020424842834
vt 0.33407571911811829 0.13733020424842834
vt 0.34085330367088318 0.13733020424842834
vt 0.34763088822364807 0.13733020424842834
vt 0.35440847277641296 0.13733020424842834
vt 0.36118605732917786 0.13733020424842834
vt 0.36796364188194275 0.13733020424842834
vt 0.37474122643470764 0.13733020424842834
vt 0.38151881098747253 0.13733020424842834
vt 0.38829639554023743 0.13733020424842834
vt 0.39507400989532471 0.13733020424842834
vt 0.40185156464576721 0.13733020424842834
vt 0.40862917900085449 0.13733020424842834
vt 0.41540676355361938 0.13733020424842834
vt 0.42218434810638428 0.13733020424842834
vt 0.42896193265914917 0.13733020424842834
vt 0.43573951721191406 0.13733020424842834
vt 0.44251710176467896 0.13733020424842834
vt 0.48346251249313354 0.21987448632717133
vt 0.46404185891151428 0.21987448632717133
vt 0.44462120532989502 0.21987448632717133
vt 0.42520055174827576 0.21987448632717133
vt 0.40577989816665649 0.21987448632717133
vt 0.48346251249313354 0.2445247620344162
vt 0.46404185891151428 0.2445247620344162
vt 0.44462120532989502 0.2445247620344162
vt 0.42520055174827576 0.2445247620344162
vt 0.40577989816665649 0.2445247620344162
vt 0.50288313627243042 0.26917502284049988
vt 0.48346251249313354 0.26917502284049988
vt 0.46404185891151428 0.26917502284049988
vt 0.50288313627243042 0.29382529854774475
vt 0.48346251249313354 0.29382529854774475
vt 0.46404185891151428 0.29382529854774475
vt 0.44462120532989502 0.29382529854774475
vt 0.42520055174827576 0.29382529854774475
vt 0.40577989816665649 0.29382529854774475
vt 0.48346251249313354 0.31847557425498962
vt 0.46404185891151428 0.31847557425498962
vt 0.44462120532989502 0.31847557425498962
vt 0.42520055174827576 0.31847557425498962
vt 0.40577989816665649 0.31847557425498962
vt 0.46404185891151428 0.3431258499622345
vt 0.44462120532989502 0.3431258499622345
vt 0.42520055174827576 0.3431258499622345
vt 0.40577989816665649 0.3431258499622345
vt 0.39943987131118774 0.27415779232978821
vt 0.4018561840057373 0.27415779232978821
vt 0.40427249670028687 0.27415779232978821
vt 0.40668880939483643 0.27415779232978821
vt 0.40910512208938599 0.27415779232978821
vt 0.41152143478393555 0.27415779232978821
vt 0.41393774747848511 0.27415779232978821
vt 0.41635406017303467 0.27415779232978821
vt 0.41877037286758423 0.27415779232978821
vt 0.42118668556213379 0.27415779232978821
vt 0.42360299825668335 0.27415779232978821
vt 0.42601931095123291 0.27415779232978821
vt 0.42843562364578247 0.27415779232978821
vt 0.43085190653800964 0.27415779232978821
vt 0.43326824903488159 0.27415779232978821
vt 0.43568453192710876 0.27415779232978821
vt 0.43810087442398071 0.27415779232978821
vt 0.44051715731620789 0.27415779232978821
vt 0.44293347001075745 0.27415779232978821
vt 0.44534981250762939 0.27415779232978821
vt 0.44776609539985657 0.27415779232978821
vt 0.45018243789672852 0.27415779232978821
vt 0.45259872078895569 0.27415779232978821
vt 0.39606958627700806 0.29382529854774475
vt 0.40577989816665649 0.28150016069412231
vt 0.39606958627700806 0.28150016069412231
vt 0.40092474222183228 0.28150016069412231
vt 0.39606958627700806 0.2445247620344162
vt 0.40577989816665649 0.25684988498687744
vt 0.39606958627700806 0.25684988498687744
vt 0.41549023985862732 0.29382529854774475
vt 0.42520055174827576 0.28150016069412231
vt 0.41549023985862732 0.28150016069412231
vt 0.41063505411148071 0.28150016069412231
vt 0.41549023985862732 0.2445247620344162
vt 0.42520055174827576 0.25684988498687744
vt 0.41549023985862732 0.25684988498687744
vt 0.42034539580345154 0.28150016069412231
vt 0.43491089344024658 0.29382529854774475
vt 0.44462120532989502 0.28150016069412231
vt 0.43491089344024658 0.28150016069412231
vt 0.43005573749542236 0.28150016069412231
vt 0.43491089344024658 0.2445247620344162
vt 0.44462120532989502 0.25684988498687744
vt 0.43491089344024658 0.25684988498687744
vt 0.4397660493850708 0.28150016069412231
vt 0.45433154702186584 0.29382529854774475
vt 0.45433154702186584 0.26917502284049988
vt 0.46404185891151428 0.28150016069412231
vt 0.45433154702186584 0.28150016069412231
vt 0.44947636127471924 0.28150016069412231
vt 0.45433154702186584 0.27533760666847229
vt 0.45433154702186584 0.2445247620344162
vt 0.46404185891151428 0.25684988498687744
vt 0.45433154702186584 0.25684988498687744
vt 0.45259872078895569 0.25917932391166687
vt 0.45018243789672852 0.25917932391166687
vt 0.44776609539985657 0.25917932391166687
vt 0.44534981250762939 0.25917932391166687
vt 0.44293347001075745 0.25917932391166687
vt 0.44051715731620789 0.25917932391166687
vt 0.43810087442398071 0.25917932391166687
vt 0.43568453192710876 0.25917932391166687
vt 0.43326824903488159 0.25917932391166687
vt 0.43085190653800964 0.25917932391166687
vt 0.42843562364578247 0.25917932391166687
vt 0.42601931095123291 0.25917932391166687
vt 0.42360299825668335 0.25917932391166687
vt 0.42118668556213379 0.25917932391166687
vt 0.41877037286758423 0.25917932391166687
vt 0.41635406017303467 0.25917932391166687
vt 0.41393774747848511 0.25917932391166687
vt 0.41152143478393555 0.25917932391166687
vt 0.40910512208938599 0.25917932391166687
vt 0.40668880939483643 0.25917932391166687
vt 0.40427249670028687 0.25917932391166687
vt 0.4018561840057373 0.25917932391166687
vt 0.39943987131118774 0.25917932391166687
vt 0.44947636127471924 0.25684988498687744
vt 0.45433154702186584 0.26301246881484985
vt 0.4397660493850708 0.25684988498687744
vt 0.43005573749542236 0.25684988498687744
vt 0.42034539580345154 0.25684988498687744
vt 0.41063505411148071 0.25684988498687744
vt 0.40092474222183228 0.25684988498687744
vt 0.45259872078895569 0.27201801538467407
vt 0.45259872078895569 0.26987820863723755
vt 0.45259872078895569 0.26773843169212341
vt 0.45259872078895569 0.26559865474700928
vt 0.45259872078895569 0.26345887780189514
vt 0.45259872078895569 0.26131910085678101
vt 0.39943987131118774 0.26131910085678101
vt 0.39943987131118774 0.26345887780189514
vt 0.39943987131118774 0.26559865474700928
vt 0.39943987131118774 0.26773843169212341
vt 0.39943987131118774 0.26987820863723755
vt 0.39943987131118774 0.27201801538467407
vt 0.38769206404685974 0.36608442664146423
vt 0.38769206404685974 0.3491675853729248
vt 0.38769206404685974 0.33225074410438538
vt 0.38769206404685974 0.31533387303352356
vt 0.38769206404685974 0.29841703176498413
vt 0.38769206404685974 0.28150016069412231
vt 0.38769206404685974 0.26458331942558289
vt 0.38769206404685974 0.24766646325588226
vt 0.38769206404685974 0.23074960708618164
vt 0.38769206404685974 0.21383275091648102
vt 0.38769206404685974 0.1969158947467804
vt 0.47239381074905396 0.1969158947467804
vt 0.48048999905586243 0.21094962954521179
vt 0.48858621716499329 0.22498337924480438
vt 0.49668240547180176 0.23901712894439697
vt 0.50477862358093262 0.25305086374282837
vt 0.51287484169006348 0.26708462834358215
vt 0.52097100019454956 0.28111836314201355
vt 0.40422710776329041 0.1969158947467804
vt 0.42076215147972107 0.1969158947467804
vt 0.43729719519615173 0.1969158947467804
vt 0.4538322389125824 0.1969158947467804
vt 0.47036731243133545 0.1969158947467804
vt 0.47375220060348511 0.21987448632717133
vt 0.46404185891151428 0.2075493335723877
vt 0.47375220060348511 0.2075493335723877
vt 0.4688970148563385 0.2075493335723877
vt 0.46404185891151428 0.20138676464557648
vt 0.47375220060348511 0.20138676464557648
vt 0.4688970148563385 0.20138676464557648
vt 0.45433154702186584 0.21987448632717133
vt 0.44462120532989502 0.2075493335723877
vt 0.45433154702186584 0.2075493335723877
vt 0.47036731243133545 0.36608442664146423
vt 0.4538322389125824 0.36608442664146423
vt 0.43729719519615173 0.36608442664146423
vt 0.42076215147972107 0.36608442664146423
vt 0.40422710776329041 0.36608442664146423
vt 0.47192388772964478 0.36608442664146423
vt 0.46404185891151428 0.35545098781585693
vt 0.47375220060348511 0.3431258499622345
vt 0.47375220060348511 0.35545098781585693
vt 0.46404185891151428 0.36161357164382935
vt 0.4688970148563385 0.35545098781585693
vt 0.47375220060348511 0.36161357164382935
vt 0.4688970148563385 0.36161357164382935
vt 0.44462120532989502 0.35545098781585693
vt 0.45433154702186584 0.3431258499622345
vt 0.45433154702186584 0.35545098781585693
vt 0.4688970148563385 0.36469486355781555
vt 0.47132459282875061 0.36161357164382935
vt 0.47132459282875061 0.36469486355781555
vt 0.51279652118682861 0.29527938365936279
vt 0.50462198257446289 0.30944040417671204
vt 0.49644744396209717 0.32360139489173889
vt 0.48827293515205383 0.33776241540908813
vt 0.4800984263420105 0.35192343592643738
vt 0.39976528286933899 0.5098842978477478
vt 0.39976528286933899 0.52582842111587524
vt 0.39976528286933899 0.54177248477935791
vt 0.39976528286933899 0.55771654844284058
vt 0.39976528286933899 0.57366067171096802
vt 0.41674086451530457 0.5098842978477478
vt 0.41674086451530457 0.52582842111587524
vt 0.41674086451530457 0.54177248477935791
vt 0.41674086451530457 0.55771654844284058
vt 0.41674086451530457 0.57366067171096802
vt 0.41674086451530457 0.58960473537445068
vt 0.43371647596359253 0.55771654844284058
vt 0.43371647596359253 0.57366067171096802
vt 0.43371647596359253 0.58960473537445068
vt 0.45069205760955811 0.55771654844284058
vt 0.45069205760955811 0.57366067171096802
vt 0.45069205760955811 0.58960473537445068
vt 0.45069205760955811 0.60554879903793335
vt 0.46766763925552368 0.5098842978477478
vt 0.46766763925552368 0.52582842111587524
vt 0.46766763925552368 0.54177248477935791
vt 0.46766763925552368 0.55771654844284058
vt 0.46766763925552368 0.57366067171096802
vt 0.46766763925552368 0.58960473537445068
vt 0.46766763925552368 0.60554879903793335
vt 0.48464325070381165 0.5098842978477478
vt 0.48464325070381165 0.52582842111587524
vt 0.48464325070381165 0.54177248477935791
vt 0.48464325070381165 0.55771654844284058
vt 0.48464325070381165 0.57366067171096802
vt 0.48464325070381165 0.58960473537445068
vt 0.48464325070381165 0.60554879903793335
vt 0.48464325070381165 0.62149292230606079
vt 0.50161886215209961 0.5098842978477478
vt 0.50161886215209961 0.52582842111587524
vt 0.50161886215209961 0.54177248477935791
vt 0.50161886215209961 0.55771654844284058
vt 0.50161886215209961 0.57366067171096802
vt 0.50161886215209961 0.58960473537445068
vt 0.50161886215209961 0.60554879903793335
vt 0.51859444379806519 0.55771654844284058
vt 0.51859444379806519 0.57366067171096802
vt 0.51859444379806519 0.58960473537445068
vt 0.51859444379806519 0.60554879903793335
vt 0.53557002544403076 0.55771654844284058
vt 0.53557002544403076 0.57366067171096802
vt 0.53557002544403076 0.58960473537445068
vt 0.55254560708999634 0.5098842978477478
vt 0.55254560708999634 0.52582842111587524
vt 0.55254560708999634 0.54177248477935791
vt 0.55254560708999634 0.55771654844284058
vt 0.55254560708999634 0.57366067171096802
vt 0.55254560708999634 0.58960473537445068
vt 0.56952124834060669 0.5098842978477478
vt 0.56952124834060669 0.52582842111587524
vt 0.56952124834060669 0.54177248477935791
vt 0.56952124834060669 0.55771654844284058
vt 0.56952124834060669 0.57366067171096802
vt 0.54308861494064331 0.55378329753875732
vt 0.54308861494064331 0.5514380931854248
vt 0.54308861494064331 0.54909288883209229
vt 0.54308861494064331 0.54674768447875977
vt 0.54308861494064331 0.54440248012542725
vt 0.54308861494064331 0.54205727577209473
vt 0.54308861494064331 0.53971207141876221
vt 0.54308861494064331 0.53736692667007446
vt 0.54308861494064331 0.53502166271209717
vt 0.54308861494064331 0.53267651796340942
vt 0.54308861494064331 0.5303313136100769
vt 0.54308861494064331 0.52798610925674438
vt 0.54308861494064331 0.52564090490341187
vt 0.54308861494064331 0.52329570055007935
vt 0.54308861494064331 0.52095049619674683
vt 0.54308861494064331 0.51860529184341431
vt 0.55254560708999634 0.54974454641342163
vt 0.54405784606933594 0.55771654844284058
vt 0.53981393575668335 0.55771654844284058
vt 0.55254560708999634 0.5656886100769043
vt 0.54405784606933594 0.57366067171096802
vt 0.53557002544403076 0.5656886100769043
vt 0.54405784606933594 0.5656886100769043
vt 0.52708220481872559 0.55771654844284058
vt 0.55254560708999634 0.53380042314529419
vt 0.55254560708999634 0.51785635948181152
vt 0.54405784606933594 0.5098842978477478
vt 0.42986905574798584 0.51860529184341431
vt 0.42986905574798584 0.52095049619674683
vt 0.42986905574798584 0.52329570055007935
vt 0.42986905574798584 0.52564090490341187
vt 0.42986905574798584 0.52798610925674438
vt 0.42986905574798584 0.5303313136100769
vt 0.42986905574798584 0.53267651796340942
vt 0.42986905574798584 0.53502166271209717
vt 0.42986905574798584 0.53736692667007446
vt 0.42986905574798584 0.53971207141876221
vt 0.42986905574798584 0.54205727577209473
vt 0.42986905574798584 0.54440248012542725
vt 0.42986905574798584 0.54674768447875977
vt 0.42986905574798584 0.54909288883209229
vt 0.42986905574798584 0.5514380931854248
vt 0.42986905574798584 0.55378329753875732
vt 0.42522865533828735 0.52582842111587524
vt 0.41674086451530457 0.51785635948181152
vt 0.42522865533828735 0.5098842978477478
vt 0.42522865533828735 0.51785635948181152
vt 0.42522865533828735 0.521842360496521
vt 0.42522865533828735 0.54177248477935791
vt 0.41674086451530457 0.53380042314529419
vt 0.42522865533828735 0.53380042314529419
vt 0.42522865533828735 0.52981442213058472
vt 0.42522865533828735 0.53778648376464844
vt 0.42522865533828735 0.55771654844284058
vt 0.41674086451530457 0.54974454641342163
vt 0.42522865533828735 0.54974454641342163
vt 0.42522865533828735 0.54575848579406738
vt 0.44220426678657532 0.55771654844284058
vt 0.42947256565093994 0.55771654844284058
vt 0.42522865533828735 0.5537305474281311
vt 0.43371647596359253 0.5656886100769043
vt 0.42522865533828735 0.57366067171096802
vt 0.41674086451530457 0.5656886100769043
vt 0.42522865533828735 0.5656886100769043
vt 0.46540620923042297 0.55378329753875732
vt 0.46540620923042297 0.5514380931854248
vt 0.46540620923042297 0.54909288883209229
vt 0.46540620923042297 0.54674768447875977
vt 0.46540620923042297 0.54440248012542725
vt 0.46540620923042297 0.54205727577209473
vt 0.46540620923042297 0.53971207141876221
vt 0.46540620923042297 0.53736692667007446
vt 0.46540620923042297 0.53502166271209717
vt 0.46540620923042297 0.53267651796340942
vt 0.46540620923042297 0.5303313136100769
vt 0.46540620923042297 0.52798610925674438
vt 0.46540620923042297 0.52564090490341187
vt 0.46540620923042297 0.52329570055007935
vt 0.46540620923042297 0.52095049619674683
vt 0.46540620923042297 0.51860529184341431
vt 0.46766763925552368 0.54974454641342163
vt 0.45917984843254089 0.55771654844284058
vt 0.46766763925552368 0.5537305474281311
vt 0.46342375874519348 0.55771654844284058
vt 0.48464325070381165 0.54974454641342163
vt 0.47615545988082886 0.55771654844284058
vt 0.47615545988082886 0.54177248477935791
vt 0.47615545988082886 0.54974454641342163
vt 0.46766763925552368 0.5656886100769043
vt 0.45917984843254089 0.57366067171096802
vt 0.45069205760955811 0.5656886100769043
vt 0.45917984843254089 0.5656886100769043
vt 0.46766763925552368 0.54575848579406738
vt 0.46766763925552368 0.53380042314529419
vt 0.46766763925552368 0.53778648376464844
vt 0.48464325070381165 0.53380042314529419
vt 0.47615545988082886 0.52582842111587524
vt 0.47615545988082886 0.53380042314529419
vt 0.46766763925552368 0.52981442213058472
vt 0.46766763925552368 0.51785635948181152
vt 0.46766763925552368 0.521842360496521
vt 0.48464325070381165 0.51785635948181152
vt 0.47615545988082886 0.5098842978477478
vt 0.47615545988082886 0.51785635948181152
vt 0.50755149126052856 0.51860529184341431
vt 0.50755149126052856 0.52095049619674683
vt 0.50755149126052856 0.52329570055007935
vt 0.50755149126052856 0.52564090490341187
vt 0.50755149126052856 0.52798610925674438
vt 0.50755149126052856 0.5303313136100769
vt 0.50755149126052856 0.53267651796340942
vt 0.50755149126052856 0.53502166271209717
vt 0.50755149126052856 0.53736692667007446
vt 0.50755149126052856 0.53971207141876221
vt 0.50755149126052856 0.54205727577209473
vt 0.50755149126052856 0.54440248012542725
vt 0.50755149126052856 0.54674768447875977
vt 0.50755149126052856 0.54909288883209229
vt 0.50755149126052856 0.5514380931854248
vt 0.50755149126052856 0.55378329753875732
vt 0.50161886215209961 0.51785635948181152
vt 0.5058627724647522 0.52582842111587524
vt 0.50161886215209961 0.521842360496521
vt 0.5058627724647522 0.51785635948181152
vt 0.5058627724647522 0.521842360496521
vt 0.50161886215209961 0.53380042314529419
vt 0.49313104152679443 0.52582842111587524
vt 0.49313104152679443 0.5098842978477478
vt 0.49313104152679443 0.51785635948181152
vt 0.5058627724647522 0.53380042314529419
vt 0.50161886215209961 0.52981442213058472
vt 0.5058627724647522 0.52981442213058472
vt 0.49313104152679443 0.54177248477935791
vt 0.49313104152679443 0.53380042314529419
vt 0.5058627724647522 0.54177248477935791
vt 0.50161886215209961 0.53778648376464844
vt 0.5058627724647522 0.53778648376464844
vt 0.51010662317276001 0.55771654844284058
vt 0.50161886215209961 0.54974454641342163
vt 0.5058627724647522 0.54974454641342163
vt 0.50161886215209961 0.54575848579406738
vt 0.5058627724647522 0.54575848579406738
vt 0.49313104152679443 0.55771654844284058
vt 0.49313104152679443 0.54974454641342163
vt 0.5058627724647522 0.55771654844284058
vt 0.50161886215209961 0.5537305474281311
vt 0.5058627724647522 0.5537305474281311
vt 0.51859444379806519 0.5656886100769043
vt 0.51010662317276001 0.57366067171096802
vt 0.50161886215209961 0.5656886100769043
vt 0.51010662317276001 0.5656886100769043
vt 0.43223819136619568 0.55378329753875732
vt 0.43460732698440552 0.55378329753875732
vt 0.43697649240493774 0.55378329753875732
vt 0.43934562802314758 0.55378329753875732
vt 0.44171476364135742 0.55378329753875732
vt 0.44408389925956726 0.55378329753875732
vt 0.44645306468009949 0.55378329753875732
vt 0.44882220029830933 0.55378329753875732
vt 0.45119133591651917 0.55378329753875732
vt 0.453560471534729 0.55378329753875732
vt 0.45592963695526123 0.55378329753875732
vt 0.45829877257347107 0.55378329753875732
vt 0.46066790819168091 0.55378329753875732
vt 0.46303704380989075 0.55378329753875732
vt 0.43796035647392273 0.55771654844284058
vt 0.44220426678657532 0.57366067171096802
vt 0.44220426678657532 0.5656886100769043
vt 0.44644814729690552 0.55771654844284058
vt 0.45493596792221069 0.55771654844284058
vt 0.46303704380989075 0.51860529184341431
vt 0.46066790819168091 0.51860529184341431
vt 0.45829877257347107 0.51860529184341431
vt 0.45592963695526123 0.51860529184341431
vt 0.453560471534729 0.51860529184341431
vt 0.45119133591651917 0.51860529184341431
vt 0.44882220029830933 0.51860529184341431
vt 0.44645306468009949 0.51860529184341431
vt 0.44408389925956726 0.51860529184341431
vt 0.44171476364135742 0.51860529184341431
vt 0.43934562802314758 0.51860529184341431
vt 0.43697649240493774 0.51860529184341431
vt 0.43460732698440552 0.51860529184341431
vt 0.43223819136619568 0.51860529184341431
vt 0.50992065668106079 0.55378329753875732
vt 0.51228976249694824 0.55378329753875732
vt 0.51465892791748047 0.55378329753875732
vt 0.5170280933380127 0.55378329753875732
vt 0.51939719915390015 0.55378329753875732
vt 0.52176636457443237 0.55378329753875732
vt 0.52413547039031982 0.55378329753875732
vt 0.52650463581085205 0.55378329753875732
vt 0.52887380123138428 0.55378329753875732
vt 0.53124290704727173 0.55378329753875732
vt 0.53361207246780396 0.55378329753875732
vt 0.53598117828369141 0.55378329753875732
vt 0.53835034370422363 0.55378329753875732
vt 0.54071950912475586 0.55378329753875732
vt 0.5143505334854126 0.55771654844284058
vt 0.52283835411071777 0.55771654844284058
vt 0.52708220481872559 0.57366067171096802
vt 0.52708220481872559 0.5656886100769043
vt 0.53132611513137817 0.55771654844284058
vt 0.54071950912475586 0.51860529184341431
vt 0.53835034370422363 0.51860529184341431
vt 0.53598117828369141 0.51860529184341431
vt 0.53361207246780396 0.51860529184341431
vt 0.53124290704727173 0.51860529184341431
vt 0.52887380123138428 0.51860529184341431
vt 0.52650463581085205 0.51860529184341431
vt 0.52413547039031982 0.51860529184341431
vt 0.52176636457443237 0.51860529184341431
vt 0.51939719915390015 0.51860529184341431
vt 0.5170280933380127 0.51860529184341431
vt 0.51465892791748047 0.51860529184341431
vt 0.51228976249694824 0.51860529184341431
vt 0.50992065668106079 0.51860529184341431
vt 0.38478681445121765 0.49534705281257629
vt 0.3972688615322113 0.49534705281257629
vt 0.40975090861320496 0.49534705281257629
vt 0.422232985496521 0.49534705281257629
vt 0.43471503257751465 0.49534705281257629
vt 0.4471970796585083 0.49534705281257629
vt 0.45967912673950195 0.49534705281257629
vt 0.47216120362281799 0.49534705281257629
vt 0.48464325070381165 0.49534705281257629
vt 0.4971252977848053 0.49534705281257629
vt 0.50960737466812134 0.49534705281257629
vt 0.52208942174911499 0.49534705281257629
vt 0.53457146883010864 0.49534705281257629
vt 0.54705351591110229 0.49534705281257629
vt 0.55953556299209595 0.49534705281257629
vt 0.5720176100730896 0.49534705281257629
vt 0.58449965715408325 0.49534705281257629
vt 0.48473137617111206 0.63603013753890991
vt 0.47473689913749695 0.6303173303604126
vt 0.46474245190620422 0.62460458278656006
vt 0.4547480046749115 0.61889177560806274
vt 0.44475352764129639 0.61317896842956543
vt 0.43475908041000366 0.60746616125106812
vt 0.42476463317871094 0.6017533540725708
vt 0.41477018594741821 0.59604054689407349
vt 0.4047757089138031 0.59032779932022095
vt 0.39478126168251038 0.58461499214172363
vt 0.38478681445121765 0.57890218496322632
vt 0.58449965715408325 0.57901847362518311
vt 0.57452285289764404 0.58471965789794922
vt 0.56454604864120483 0.59042078256607056
vt 0.55456918478012085 0.59612196683883667
vt 0.54459238052368164 0.60182315111160278
vt 0.53461551666259766 0.6075243353843689
vt 0.52463871240615845 0.61322546005249023
vt 0.51466184854507446 0.61892664432525635
vt 0.50468504428863525 0.62462782859802246
vt 0.49470818042755127 0.63032901287078857
vt 0.58449965715408325 0.50730013847351074
vt 0.58449965715408325 0.5192531943321228
vt 0.58449965715408325 0.53120625019073486
vt 0.58449965715408325 0.54315930604934692
vt 0.58449965715408325 0.55511236190795898
vt 0.58449965715408325 0.56706541776657104
vt 0.38478681445121765 0.57718688249588013
vt 0.38478681445121765 0.56549549102783203
vt 0.38478681445121765 0.55380409955978394
vt 0.38478681445121765 0.54211264848709106
vt 0.38478681445121765 0.53042125701904297
vt 0.38478681445121765 0.51872986555099487
vt 0.38478681445121765 0.50703847408294678
vt 0.39127746224403381 0.57366067171096802
vt 0.39127746224403381 0.57764667272567749
vt 0.38703358173370361 0.57366067171096802
vt 0.38703358173370361 0.57764667272567749
vt 0.39976528286933899 0.5656886100769043
vt 0.39127746224403381 0.55771654844284058
vt 0.39127746224403381 0.5656886100769043
vt 0.45069205760955811 0.5098842978477478
vt 0.53557002544403076 0.5098842978477478
vt 0.20709286630153656 0.10038837790489197
vt 0.20538614690303802 0.10038837790489197
vt 0.20709286630153656 0.49247539043426514
vt 0.20538614690303802 0.49247539043426514
vt 0.20709286630153656 0.10419505089521408
vt 0.20709286630153656 0.10800172388553619
vt 0.20709286630153656 0.11180838942527771
vt 0.20709286630153656 0.11561506241559982
vt 0.20709286630153656 0.11942172795534134
vt 0.20709286630153656 0.12322840094566345
vt 0.20709286630153656 0.12703506648540497
vt 0.20709286630153656 0.13084174692630768
vt 0.20709286630153656 0.13464841246604919
vt 0.20709286630153656 0.13845507800579071
vt 0.20709286630153656 0.14226174354553223
vt 0.20709286630153656 0.14606842398643494
vt 0.20709286630153656 0.14987508952617645
vt 0.20709286630153656 0.15368175506591797
vt 0.20709286630153656 0.15748843550682068
vt 0.20709286630153656 0.16129510104656219
vt 0.20709286630153656 0.16510176658630371
vt 0.20709286630153656 0.16890844702720642
vt 0.20709286630153656 0.17271511256694794
vt 0.20709286630153656 0.17652177810668945
vt 0.20709286630153656 0.18032845854759216
vt 0.20709286630153656 0.18413512408733368
vt 0.20709286630153656 0.1879417896270752
vt 0.20709286630153656 0.19174845516681671
vt 0.20709286630153656 0.19555513560771942
vt 0.20709286630153656 0.19936180114746094
vt 0.20709286630153656 0.20316846668720245
vt 0.20709286630153656 0.20697513222694397
vt 0.20709286630153656 0.21078181266784668
vt 0.20709286630153656 0.21458849310874939
vt 0.20709286630153656 0.21839515864849091
vt 0.20709286630153656 0.22220182418823242
vt 0.20709286630153656 0.22600848972797394
vt 0.20709286630153656 0.22981515526771545
vt 0.20709286630153656 0.23362182080745697
vt 0.20709286630153656 0.23742850124835968
vt 0.20709286630153656 0.2412351667881012
vt 0.20709286630153656 0.24504184722900391
vt 0.20709286630153656 0.24884851276874542
vt 0.20709286630153656 0.25265517830848694
vt 0.20709286630153656 0.25646185874938965
vt 0.20709286630153656 0.26026850938796997
vt 0.20709286630153656 0.26407518982887268
vt 0.20709286630153656 0.26788187026977539
vt 0.20709286630153656 0.27168852090835571
vt 0.20709286630153656 0.27549520134925842
vt 0.20709286630153656 0.27930188179016113
vt 0.20709286630153656 0.28310853242874146
vt 0.20709286630153656 0.28691521286964417
vt 0.20709286630153656 0.29072186350822449
vt 0.20709286630153656 0.2945285439491272
vt 0.20709286630153656 0.29833522439002991
vt 0.20709286630153656 0.30214187502861023
vt 0.20709286630153656 0.30594855546951294
vt 0.20709286630153656 0.30975523591041565
vt 0.20709286630153656 0.31356188654899597
vt 0.20709286630153656 0.31736856698989868
vt 0.20709286630153656 0.32117524743080139
vt 0.20709286630153656 0.32498189806938171
vt 0.20709286630153656 0.32878857851028442
vt 0.20709286630153656 0.33259525895118713
vt 0.20709286630153656 0.33640193939208984
vt 0.20709286630153656 0.34020859003067017
vt 0.20709286630153656 0.34401527047157288
vt 0.20709286630153656 0.3478219211101532
vt 0.20709286630153656 0.35162860155105591
vt 0.20709286630153656 0.35543528199195862
vt 0.20709286630153656 0.35924193263053894
vt 0.20709286630153656 0.36304861307144165
vt 0.20709286630153656 0.36685526371002197
vt 0.20709286630153656 0.37066194415092468
vt 0.20709286630153656 0.37446862459182739
vt 0.20709286630153656 0.37827527523040771
vt 0.20709286630153656 0.38208195567131042
vt 0.20709286630153656 0.38588860630989075
vt 0.20709286630153656 0.38969528675079346
vt 0.20709286630153656 0.39350196719169617
vt 0.20709286630153656 0.39730864763259888
vt 0.20709286630153656 0.40111532807350159
vt 0.20709286630153656 0.40492197871208191
vt 0.20709286630153656 0.40872865915298462
vt 0.20709286630153656 0.41253533959388733
vt 0.20709286630153656 0.41634199023246765
vt 0.20709286630153656 0.42014867067337036
vt 0.20709286630153656 0.42395532131195068
vt 0.20709286630153656 0.42776200175285339
vt 0.20709286630153656 0.4315686821937561
vt 0.20709286630153656 0.43537533283233643
vt 0.20709286630153656 0.43918201327323914
vt 0.20709286630153656 0.44298866391181946
vt 0.20709286630153656 0.44679534435272217
vt 0.20709286630153656 0.45060199499130249
vt 0.20709286630153656 0.4544086754322052
vt 0.20709286630153656 0.45821535587310791
vt 0.20709286630153656 0.46202203631401062
vt 0.20709286630153656 0.46582871675491333
vt 0.20709286630153656 0.46963536739349365
vt 0.20709286630153656 0.47344204783439636
vt 0.20709286630153656 0.47724872827529907
vt 0.20709286630153656 0.48105537891387939
vt 0.20709286630153656 0.4848620593547821
vt 0.20709286630153656 0.48866870999336243
vt 0.20538614690303802 0.48866870999336243
vt 0.20538614690303802 0.4848620593547821
vt 0.20538614690303802 0.48105537891387939
vt 0.20538614690303802 0.47724872827529907
vt 0.20538614690303802 0.47344204783439636
vt 0.20538614690303802 0.46963536739349365
vt 0.20538614690303802 0.46582871675491333
vt 0.20538614690303802 0.46202203631401062
vt 0.20538614690303802 0.45821535587310791
vt 0.20538614690303802 0.4544086754322052
vt 0.20538614690303802 0.45060199499130249
vt 0.20538614690303802 0.44679534435272217
vt 0.20538614690303802 0.44298866391181946
vt 0.20538614690303802 0.43918201327323914
vt 0.20538614690303802 0.43537533283233643
vt 0.20538614690303802 0.4315686821937561
vt 0.20538614690303802 0.42776200175285339
vt 0.20538614690303802 0.42395532131195068
vt 0.20538614690303802 0.42014867067337036
vt 0.20538614690303802 0.41634199023246765
vt 0.20538614690303802 0.41253533959388733
vt 0.20538614690303802 0.40872865915298462
vt 0.20538614690303802 0.40492197871208191
vt 0.20538614690303802 0.40111532807350159
vt 0.20538614690303802 0.39730864763259888
vt 0.20538614690303802 0.39350196719169617
vt 0.20538614690303802 0.38969528675079346
vt 0.20538614690303802 0.38588860630989075
vt 0.20538614690303802 0.38208195567131042
vt 0.20538614690303802 0.37827527523040771
vt 0.20538614690303802 0.37446862459182739
vt 0.20538614690303802 0.37066194415092468
vt 0.20538614690303802 0.36685526371002197
vt 0.20538614690303802 0.36304861307144165
vt 0.20538614690303802 0.35924193263053894
vt 0.20538614690303802 0.35543528199195862
vt 0.20538614690303802 0.35162860155105591
vt 0.20538614690303802 0.3478219211101532
vt 0.20538614690303802 0.34401527047157288
vt 0.20538614690303802 0.34020859003067017
vt 0.20538614690303802 0.33640193939208984
vt 0.20538614690303802 0.33259525895118713
vt 0.20538614690303802 0.32878857851028442
vt 0.20538614690303802 0.32498189806938171
vt 0.20538614690303802 0.32117524743080139
vt 0.20538614690303802 0.31736856698989868
vt 0.20538614690303802 0.31356188654899597
vt 0.20538614690303802 0.30975523591041565
vt 0.20538614690303802 0.30594855546951294
vt 0.20538614690303802 0.30214187502861023
vt 0.20538614690303802 0.29833522439002991
vt 0.20538614690303802 0.2945285439491272
vt 0.20538614690303802 0.29072186350822449
vt 0.20538614690303802 0.28691521286964417
vt 0.20538614690303802 0.28310853242874146
vt 0.20538614690303802 0.27930188179016113
vt 0.20538614690303802 0.27549520134925842
vt 0.20538614690303802 0.27168852090835571
vt 0.20538614690303802 0.26788187026977539
vt 0.20538614690303802 0.26407518982887268
vt 0.20538614690303802 0.26026850938796997
vt 0.20538614690303802 0.25646185874938965
vt 0.20538614690303802 0.25265517830848694
vt 0.20538614690303802 0.24884851276874542
vt 0.20538614690303802 0.24504184722900391
vt 0.20538614690303802 0.2412351667881012
vt 0.20538614690303802 0.23742850124835968
vt 0.20538614690303802 0.23362182080745697
vt 0.20538614690303802 0.22981515526771545
vt 0.20538614690303802 0.22600848972797394
vt 0.20538614690303802 0.22220182418823242
vt 0.20538614690303802 0.21839515864849091
vt 0.20538614690303802 0.21458849310874939
vt 0.20538614690303802 0.21078181266784668
vt 0.20538614690303802 0.20697513222694397
vt 0.20538614690303802 0.20316846668720245
vt 0.20538614690303802 0.19936180114746094
vt 0.20538614690303802 0.19555513560771942
vt 0.20538614690303802 0.19174845516681671
vt 0.20538614690303802 0.1879417896270752
vt 0.20538614690303802 0.18413512408733368
vt 0.20538614690303802 0.18032845854759216
vt 0.20538614690303802 0.17652177810668945
vt 0.20538614690303802 0.17271511256694794
vt 0.20538614690303802 0.16890844702720642
vt 0.20538614690303802 0.16510176658630371
vt 0.20538614690303802 0.16129510104656219
vt 0.20538614690303802 0.15748843550682068
vt 0.20538614690303802 0.15368175506591797
vt 0.20538614690303802 0.14987508952617645
vt 0.20538614690303802 0.14606842398643494
vt 0.20538614690303802 0.14226174354553223
vt 0.20538614690303802 0.13845507800579071
vt 0.20538614690303802 0.13464841246604919
vt 0.20538614690303802 0.13084174692630768
vt 0.20538614690303802 0.12703506648540497
vt 0.20538614690303802 0.12322840094566345
vt 0.20538614690303802 0.11942172795534134
vt 0.20538614690303802 0.11561506241559982
vt 0.20538614690303802 0.11180838942527771
vt 0.20538614690303802 0.10800172388553619
vt 0.20538614690303802 0.10419505089521408
vt 0.20623950660228729 0.10548041760921478
vt 0.20623950660228729 0.12075653672218323
vt 0.20623950660228729 0.11566449701786041
vt 0.20623950660228729 0.12584857642650604
vt 0.20623950660228729 0.13603265583515167
vt 0.20623950660228729 0.13094061613082886
vt 0.20623950660228729 0.14112469553947449
vt 0.20623950660228729 0.15130877494812012
vt 0.20623950660228729 0.1462167352437973
vt 0.20623950660228729 0.15640081465244293
vt 0.20623950660228729 0.16149285435676575
vt 0.20623950660228729 0.16658489406108856
vt 0.20623950660228729 0.176768958568573
vt 0.20623950660228729 0.17167693376541138
vt 0.20623950660228729 0.18186101317405701
vt 0.20623950660228729 0.19204507768154144
vt 0.20623950660228729 0.18695305287837982
vt 0.20623950660228729 0.19713711738586426
vt 0.20623950660228729 0.20222915709018707
vt 0.20623950660228729 0.2124132513999939
vt 0.20623950660228729 0.20732121169567108
vt 0.20623950660228729 0.21750527620315552
vt 0.20623950660228729 0.22768935561180115
vt 0.20623950660228729 0.22259731590747833
vt 0.20623950660228729 0.23278139531612396
vt 0.20623950660228729 0.23787343502044678
vt 0.20623950660228729 0.24296547472476959
vt 0.20623950660228729 0.25314953923225403
vt 0.20623950660228729 0.24805751442909241
vt 0.20623950660228729 0.25824159383773804
vt 0.20623950660228729 0.26333361864089966
vt 0.20623950660228729 0.27351772785186768
vt 0.20623950660228729 0.26842567324638367
vt 0.20623950660228729 0.2786097526550293
vt 0.20623950660228729 0.28879383206367493
vt 0.20623950660228729 0.28370177745819092
vt 0.20623950660228729 0.29388585686683655
vt 0.20623950660228729 0.29897791147232056
vt 0.20623950660228729 0.30916199088096619
vt 0.20623950660228729 0.30406993627548218
vt 0.20623950660228729 0.31425401568412781
vt 0.20623950660228729 0.32443812489509583
vt 0.20623950660228729 0.31934607028961182
vt 0.20623950660228729 0.32953011989593506
vt 0.20623950660228729 0.33971419930458069
vt 0.20623950660228729 0.33462217450141907
vt 0.20623950660228729 0.3448062539100647
vt 0.20623950660228729 0.35499033331871033
vt 0.20623950660228729 0.34989827871322632
vt 0.20623950660228729 0.36008238792419434
vt 0.20623950660228729 0.36517441272735596
vt 0.20623950660228729 0.37026646733283997
vt 0.20623950660228729 0.37535849213600159
vt 0.20623950660228729 0.38554257154464722
vt 0.20623950660228729 0.3804505467414856
vt 0.20623950660228729 0.39063462615013123
vt 0.20623950660228729 0.39572665095329285
vt 0.20623950660228729 0.40081867575645447
vt 0.20623950660228729 0.40591073036193848
vt 0.20623950660228729 0.41609480977058411
vt 0.20623950660228729 0.4110027551651001
vt 0.20623950660228729 0.42118683457374573
vt 0.20623950660228729 0.43137091398239136
vt 0.20623950660228729 0.42627888917922974
vt 0.20623950660228729 0.43646296858787537
vt 0.20623950660228729 0.44155499339103699
vt 0.20623950660228729 0.45173907279968262
vt 0.20623950660228729 0.446647047996521
vt 0.20623950660228729 0.45683112740516663
vt 0.20623950660228729 0.46192315220832825
vt 0.20623950660228729 0.46701517701148987
vt 0.20623950660228729 0.4771992564201355
vt 0.20623950660228729 0.47210723161697388
vt 0.20623950660228729 0.48229131102561951
vt 0.20623950660228729 0.48738333582878113
vt 0 0.67933720350265503
vt 0 0.68104392290115356
vt 0.16329464316368103 0.68104392290115356
vt 0.32658928632736206 0.67933720350265503
vt 0.32658928632736206 0.68104392290115356
vt 0.0037975499872118235 0.67933720350265503
vt 0.0075950999744236469 0.67933720350265503
vt 0.011392650194466114 0.67933720350265503
vt 0.015190199948847294 0.67933720350265503
vt 0.018987750634551048 0.67933720350265503
vt 0.022785300388932228 0.67933720350265503
vt 0.026582850143313408 0.67933720350265503
vt 0.030380399897694588 0.67933720350265503
vt 0.034177947789430618 0.67933720350265503
vt 0.037975501269102097 0.67933720350265503
vt 0.041773051023483276 0.67933720350265503
vt 0.045570600777864456 0.67933720350265503
vt 0.049368150532245636 0.67933720350265503
vt 0.053165700286626816 0.67933720350265503
vt 0.056963246315717697 0.67933720350265503
vt 0.060760799795389175 0.67933720350265503
vt 0.064558349549770355 0.67933720350265503
vt 0.068355895578861237 0.67933720350265503
vt 0.072153449058532715 0.67933720350265503
vt 0.075951002538204193 0.67933720350265503
vt 0.079748548567295074 0.67933720350265503
vt 0.083546102046966553 0.67933720350265503
vt 0.087343655526638031 0.67933720350265503
vt 0.091141201555728912 0.67933720350265503
vt 0.094938747584819794 0.67933720350265503
vt 0.098736301064491272 0.67933720350265503
vt 0.10253384709358215 0.67933720350265503
vt 0.10633140057325363 0.67933720350265503
vt 0.11012895405292511 0.67933720350265503
vt 0.11392649263143539 0.67933720350265503
vt 0.11772404611110687 0.67933720350265503
vt 0.12152159959077835 0.67933720350265503
vt 0.12531915307044983 0.67933720350265503
vt 0.12911669909954071 0.67933720350265503
vt 0.13291424512863159 0.67933720350265503
vt 0.13671179115772247 0.67933720350265503
vt 0.14050935208797455 0.67933720350265503
vt 0.14430689811706543 0.67933720350265503
vt 0.1481044590473175 0.67933720350265503
vt 0.15190200507640839 0.67933720350265503
vt 0.15569955110549927 0.67933720350265503
vt 0.15949709713459015 0.67933720350265503
vt 0.16329464316368103 0.67933720350265503
vt 0.16709220409393311 0.67933720350265503
vt 0.17088975012302399 0.67933720350265503
vt 0.17468731105327606 0.67933720350265503
vt 0.17848485708236694 0.67933720350265503
vt 0.18228240311145782 0.67933720350265503
vt 0.18607993423938751 0.67933720350265503
vt 0.18987749516963959 0.67933720350265503
vt 0.19367504119873047 0.67933720350265503
vt 0.19747260212898254 0.67933720350265503
vt 0.20127014815807343 0.67933720350265503
vt 0.20506769418716431 0.67933720350265503
vt 0.20886525511741638 0.67933720350265503
vt 0.21266280114650726 0.67933720350265503
vt 0.21646036207675934 0.67933720350265503
vt 0.22025790810585022 0.67933720350265503
vt 0.2240554541349411 0.67933720350265503
vt 0.22785298526287079 0.67933720350265503
vt 0.23165054619312286 0.67933720350265503
vt 0.23544809222221375 0.67933720350265503
vt 0.23924565315246582 0.67933720350265503
vt 0.2430431991815567 0.67933720350265503
vt 0.24684074521064758 0.67933720350265503
vt 0.25063830614089966 0.67933720350265503
vt 0.25443586707115173 0.67933720350265503
vt 0.25823339819908142 0.67933720350265503
vt 0.2620309591293335 0.67933720350265503
vt 0.26582849025726318 0.67933720350265503
vt 0.26962605118751526 0.67933720350265503
vt 0.27342358231544495 0.67933720350265503
vt 0.27722114324569702 0.67933720350265503
vt 0.2810187041759491 0.67933720350265503
vt 0.28481623530387878 0.67933720350265503
vt 0.28861379623413086 0.67933720350265503
vt 0.29241135716438293 0.67933720350265503
vt 0.29620891809463501 0.67933720350265503
vt 0.3000064492225647 0.67933720350265503
vt 0.30380401015281677 0.67933720350265503
vt 0.30760154128074646 0.67933720350265503
vt 0.31139910221099854 0.67933720350265503
vt 0.31519663333892822 0.67933720350265503
vt 0.3189941942691803 0.67933720350265503
vt 0.32279175519943237 0.67933720350265503
vt 0.32279175519943237 0.68104392290115356
vt 0.3189941942691803 0.68104392290115356
vt 0.31519663333892822 0.68104392290115356
vt 0.31139910221099854 0.68104392290115356
vt 0.30760154128074646 0.68104392290115356
vt 0.30380401015281677 0.68104392290115356
vt 0.3000064492225647 0.68104392290115356
vt 0.29620891809463501 0.68104392290115356
vt 0.29241135716438293 0.68104392290115356
vt 0.28861379623413086 0.68104392290115356
vt 0.28481623530387878 0.68104392290115356
vt 0.2810187041759491 0.68104392290115356
vt 0.27722114324569702 0.68104392290115356
vt 0.27342358231544495 0.68104392290115356
vt 0.26962605118751526 0.68104392290115356
vt 0.26582849025726318 0.68104392290115356
vt 0.2620309591293335 0.68104392290115356
vt 0.25823339819908142 0.68104392290115356
vt 0.25443586707115173 0.68104392290115356
vt 0.25063830614089966 0.68104392290115356
vt 0.24684074521064758 0.68104392290115356
vt 0.2430431991815567 0.68104392290115356
vt 0.23924565315246582 0.68104392290115356
vt 0.23544809222221375 0.68104392290115356
vt 0.23165054619312286 0.68104392290115356
vt 0.22785298526287079 0.68104392290115356
vt 0.2240554541349411 0.68104392290115356
vt 0.22025790810585022 0.68104392290115356
vt 0.21646036207675934 0.68104392290115356
vt 0.21266280114650726 0.68104392290115356
vt 0.20886525511741638 0.68104392290115356
vt 0.20506769418716431 0.68104392290115356
vt 0.20127014815807343 0.68104392290115356
vt 0.19747260212898254 0.68104392290115356
vt 0.19367504119873047 0.68104392290115356
vt 0.18987749516963959 0.68104392290115356
vt 0.18607993423938751 0.68104392290115356
vt 0.18228240311145782 0.68104392290115356
vt 0.17848485708236694 0.68104392290115356
vt 0.17468731105327606 0.68104392290115356
vt 0.17088975012302399 0.68104392290115356
vt 0.16709220409393311 0.68104392290115356
vt 0.15949709713459015 0.68104392290115356
vt 0.15569955110549927 0.68104392290115356
vt 0.15190200507640839 0.68104392290115356
vt 0.1481044590473175 0.68104392290115356
vt 0.14430689811706543 0.68104392290115356
vt 0.14050935208797455 0.68104392290115356
vt 0.13671179115772247 0.68104392290115356
vt 0.13291424512863159 0.68104392290115356
vt 0.12911669909954071 0.68104392290115356
vt 0.12531915307044983 0.68104392290115356
vt 0.12152159959077835 0.68104392290115356
vt 0.11772404611110687 0.68104392290115356
vt 0.11392649263143539 0.68104392290115356
vt 0.11012895405292511 0.68104392290115356
vt 0.10633140057325363 0.68104392290115356
vt 0.10253384709358215 0.68104392290115356
vt 0.098736301064491272 0.68104392290115356
vt 0.094938747584819794 0.68104392290115356
vt 0.091141201555728912 0.68104392290115356
vt 0.087343655526638031 0.68104392290115356
vt 0.083546102046966553 0.68104392290115356
vt 0.079748548567295074 0.68104392290115356
vt 0.075951002538204193 0.68104392290115356
vt 0.072153449058532715 0.68104392290115356
vt 0.068355895578861237 0.68104392290115356
vt 0.064558349549770355 0.68104392290115356
vt 0.060760799795389175 0.68104392290115356
vt 0.056963246315717697 0.68104392290115356
vt 0.053165700286626816 0.68104392290115356
vt 0.049368150532245636 0.68104392290115356
vt 0.045570600777864456 0.68104392290115356
vt 0.041773051023483276 0.68104392290115356
vt 0.037975501269102097 0.68104392290115356
vt 0.034177947789430618 0.68104392290115356
vt 0.030380399897694588 0.68104392290115356
vt 0.026582850143313408 0.68104392290115356
vt 0.022785300388932228 0.68104392290115356
vt 0.018987750634551048 0.68104392290115356
vt 0.015190199948847294 0.68104392290115356
vt 0.011392650194466114 0.68104392290115356
vt 0.0075950999744236469 0.68104392290115356
vt 0.0037975499872118235 0.68104392290115356
vt 0.0051029575988650322 0.6801905632019043
vt 0.015308873727917671 0.6801905632019043
vt 0.020411830395460129 0.6801905632019043
vt 0.030617747455835342 0.6801905632019043
vt 0.025514788925647736 0.6801905632019043
vt 0.035720705986022949 0.6801905632019043
vt 0.040823660790920258 0.6801905632019043
vt 0.051029577851295471 0.6801905632019043
vt 0.045926619321107864 0.6801905632019043
vt 0.056132536381483078 0.6801905632019043
vt 0.066338449716567993 0.6801905632019043
vt 0.061235494911670685 0.6801905632019043
vt 0.071441411972045898 0.6801905632019043
vt 0.076544366776943207 0.6801905632019043
vt 0.081647321581840515 0.6801905632019043
vt 0.091853238642215729 0.6801905632019043
vt 0.08675028383731842 0.6801905632019043
vt 0.10205915570259094 0.6801905632019043
vt 0.096956200897693634 0.6801905632019043
vt 0.10716211050748825 0.6801905632019043
vt 0.11736802756786346 0.6801905632019043
vt 0.11226507276296616 0.6801905632019043
vt 0.12247098982334137 0.6801905632019043
vt 0.12757395207881927 0.6801905632019043
vt 0.13267689943313599 0.6801905632019043
vt 0.13777986168861389 0.6801905632019043
vt 0.14798577129840851 0.6801905632019043
vt 0.1428828239440918 0.6801905632019043
vt 0.15308873355388641 0.6801905632019043
vt 0.15819169580936432 0.6801905632019043
vt 0.16329464316368103 0.6801905632019043
vt 0.16839760541915894 0.6801905632019043
vt 0.17860352993011475 0.6801905632019043
vt 0.17350056767463684 0.6801905632019043
vt 0.18370647728443146 0.6801905632019043
vt 0.19391240179538727 0.6801905632019043
vt 0.18880943953990936 0.6801905632019043
vt 0.19901534914970398 0.6801905632019043
vt 0.20411831140518188 0.6801905632019043
vt 0.2143242210149765 0.6801905632019043
vt 0.20922127366065979 0.6801905632019043
vt 0.21942718327045441 0.6801905632019043
vt 0.22453014552593231 0.6801905632019043
vt 0.22963310778141022 0.6801905632019043
vt 0.23473605513572693 0.6801905632019043
vt 0.24494197964668274 0.6801905632019043
vt 0.23983901739120483 0.6801905632019043
vt 0.25514790415763855 0.6801905632019043
vt 0.25004494190216064 0.6801905632019043
vt 0.26025083661079407 0.6801905632019043
vt 0.27045676112174988 0.6801905632019043
vt 0.26535379886627197 0.6801905632019043
vt 0.27555972337722778 0.6801905632019043
vt 0.28576564788818359 0.6801905632019043
vt 0.28066268563270569 0.6801905632019043
vt 0.29597154259681702 0.6801905632019043
vt 0.29086858034133911 0.6801905632019043
vt 0.30107450485229492 0.6801905632019043
vt 0.30617746710777283 0.6801905632019043
vt 0.31638339161872864 0.6801905632019043
vt 0.31128042936325073 0.6801905632019043
vt 0.32148635387420654 0.6801905632019043
vt 0 0.098681658506393433
vt 0 0.10038837790489197
vt 0.029930826276540756 0.098681658506393433
vt 0.044896241277456284 0.098681658506393433
vt 0.059861652553081512 0.10038837790489197
vt 0.07482706755399704 0.098681658506393433
vt 0.07482706755399704 0.10038837790489197
vt 0.1047578901052475 0.098681658506393433
vt 0.11972330510616302 0.098681658506393433
vt 0.11972330510616302 0.10038837790489197
vt 0.13468872010707855 0.098681658506393433
vt 0.13468872010707855 0.10038837790489197
vt 0.0037413532845675945 0.098681658506393433
vt 0.0074827065691351891 0.098681658506393433
vt 0.011224060319364071 0.098681658506393433
vt 0.014965413138270378 0.098681658506393433
vt 0.01870676688849926 0.098681658506393433
vt 0.022448120638728142 0.098681658506393433
vt 0.026189472526311874 0.098681658506393433
vt 0.033672180026769638 0.098681658506393433
vt 0.03741353377699852 0.098681658506393433
vt 0.041154883801937103 0.098681658506393433
vt 0.048637591302394867 0.098681658506393433
vt 0.052378945052623749 0.098681658506393433
vt 0.056120298802852631 0.098681658506393433
vt 0.059861652553081512 0.098681658506393433
vt 0.063603006303310394 0.098681658506393433
vt 0.067344360053539276 0.098681658506393433
vt 0.071085713803768158 0.098681658506393433
vt 0.078568413853645325 0.098681658506393433
vt 0.082309767603874207 0.098681658506393433
vt 0.086051128804683685 0.098681658506393433
vt 0.089792482554912567 0.098681658506393433
vt 0.093533828854560852 0.098681658506393433
vt 0.097275182604789734 0.098681658506393433
vt 0.10101653635501862 0.098681658506393433
vt 0.10849924385547638 0.098681658506393433
vt 0.11224059760570526 0.098681658506393433
vt 0.11598195135593414 0.098681658506393433
vt 0.12346465885639191 0.098681658506393433
vt 0.12720601260662079 0.098681658506393433
vt 0.13094736635684967 0.098681658506393433
vt 0.13094736635684967 0.10038837790489197
vt 0.12720601260662079 0.10038837790489197
vt 0.12346465885639191 0.10038837790489197
vt 0.11598195135593414 0.10038837790489197
vt 0.11224059760570526 0.10038837790489197
vt 0.10849924385547638 0.10038837790489197
vt 0.1047578901052475 0.10038837790489197
vt 0.10101653635501862 0.10038837790489197
vt 0.097275182604789734 0.10038837790489197
vt 0.093533828854560852 0.10038837790489197
vt 0.089792482554912567 0.10038837790489197
vt 0.086051128804683685 0.10038837790489197
vt 0.082309767603874207 0.10038837790489197
vt 0.078568413853645325 0.10038837790489197
vt 0.071085713803768158 0.10038837790489197
vt 0.067344360053539276 0.10038837790489197
vt 0.063603006303310394 0.10038837790489197
vt 0.056120298802852631 0.10038837790489197
vt 0.052378945052623749 0.10038837790489197
vt 0.048637591302394867 0.10038837790489197
vt 0.044896241277456284 0.10038837790489197
vt 0.041154883801937103 0.10038837790489197
vt 0.03741353377699852 0.10038837790489197
vt 0.033672180026769638 0.10038837790489197
vt 0.029930826276540756 0.10038837790489197
vt 0.026189472526311874 0.10038837790489197
vt 0.022448120638728142 0.10038837790489197
vt 0.01870676688849926 0.10038837790489197
vt 0.014965413138270378 0.10038837790489197
vt 0.011224060319364071 0.10038837790489197
vt 0.0074827065691351891 0.10038837790489197
vt 0.0037413532845675945 0.10038837790489197
vt 0.004988471046090126 0.0995350182056427
vt 0.014965413138270378 0.0995350182056427
vt 0.019953884184360504 0.0995350182056427
vt 0.024942353367805481 0.0995350182056427
vt 0.029930826276540756 0.0995350182056427
vt 0.034919295459985733 0.0995350182056427
vt 0.039907768368721008 0.0995350182056427
vt 0.044896241277456284 0.0995350182056427
vt 0.049884706735610962 0.0995350182056427
vt 0.054873179644346237 0.0995350182056427
vt 0.059861652553081512 0.0995350182056427
vt 0.064850121736526489 0.0995350182056427
vt 0.069838590919971466 0.0995350182056427
vt 0.07482706755399704 0.0995350182056427
vt 0.079815536737442017 0.0995350182056427
vt 0.084804005920886993 0.0995350182056427
vt 0.089792482554912567 0.0995350182056427
vt 0.094780951738357544 0.0995350182056427
vt 0.099769413471221924 0.0995350182056427
vt 0.1047578901052475 0.0995350182056427
vt 0.10974635928869247 0.0995350182056427
vt 0.11473483592271805 0.0995350182056427
vt 0.11972330510616302 0.0995350182056427
vt 0.124711774289608 0.0995350182056427
vt 0.12970024347305298 0.0995350182056427
vt 0.17261186242103577 0.10038837790489197
vt 0.17090514302253723 0.10038837790489197
vt 0.17261186242103577 0.27149534225463867
vt 0.17090514302253723 0.27149534225463867
vt 0.17261186242103577 0.10410809516906738
vt 0.17261186242103577 0.1078278124332428
vt 0.17261186242103577 0.11154752969741821
vt 0.17261186242103577 0.11526724696159363
vt 0.17261186242103577 0.11898696422576904
vt 0.17261186242103577 0.12270668148994446
vt 0.17261186242103577 0.12642639875411987
vt 0.17261186242103577 0.13014611601829529
vt 0.17261186242103577 0.1338658332824707
vt 0.17261186242103577 0.13758553564548492
vt 0.17261186242103577 0.14130525290966034
vt 0.17261186242103577 0.14502497017383575
vt 0.17261186242103577 0.14874468743801117
vt 0.17261186242103577 0.15246440470218658
vt 0.17261186242103577 0.156184121966362
vt 0.17261186242103577 0.15990383923053741
vt 0.17261186242103577 0.16362355649471283
vt 0.17261186242103577 0.16734327375888824
vt 0.17261186242103577 0.17106299102306366
vt 0.17261186242103577 0.17478270828723907
vt 0.17261186242103577 0.17850242555141449
vt 0.17261186242103577 0.1822221428155899
vt 0.17261186242103577 0.18594186007976532
vt 0.17261186242103577 0.18966157734394073
vt 0.17261186242103577 0.19338127970695496
vt 0.17261186242103577 0.19710099697113037
vt 0.17261186242103577 0.20082071423530579
vt 0.17261186242103577 0.2045404314994812
vt 0.17261186242103577 0.20826016366481781
vt 0.17261186242103577 0.21197986602783203
vt 0.17261186242103577 0.21569958329200745
vt 0.17261186242103577 0.21941930055618286
vt 0.17261186242103577 0.22313901782035828
vt 0.17261186242103577 0.22685873508453369
vt 0.17261186242103577 0.23057845234870911
vt 0.17261186242103577 0.23429816961288452
vt 0.17261186242103577 0.23801788687705994
vt 0.17261186242103577 0.24173758924007416
vt 0.17261186242103577 0.24545730650424957
vt 0.17261186242103577 0.24917702376842499
vt 0.17261186242103577 0.2528967559337616
vt 0.17261186242103577 0.25661647319793701
vt 0.17261186242103577 0.26033619046211243
vt 0.17261186242103577 0.26405590772628784
vt 0.17261186242103577 0.26777562499046326
vt 0.17090514302253723 0.26777562499046326
vt 0.17090514302253723 0.26405590772628784
vt 0.17090514302253723 0.26033619046211243
vt 0.17090514302253723 0.25661647319793701
vt 0.17090514302253723 0.2528967559337616
vt 0.17090514302253723 0.24917702376842499
vt 0.17090514302253723 0.24545730650424957
vt 0.17090514302253723 0.24173758924007416
vt 0.17090514302253723 0.23801788687705994
vt 0.17090514302253723 0.23429816961288452
vt 0.17090514302253723 0.23057845234870911
vt 0.17090514302253723 0.22685873508453369
vt 0.17090514302253723 0.22313901782035828
vt 0.17090514302253723 0.21941930055618286
vt 0.17090514302253723 0.21569958329200745
vt 0.17090514302253723 0.21197986602783203
vt 0.17090514302253723 0.20826016366481781
vt 0.17090514302253723 0.2045404314994812
vt 0.17090514302253723 0.20082071423530579
vt 0.17090514302253723 0.19710099697113037
vt 0.17090514302253723 0.19338127970695496
vt 0.17090514302253723 0.18966157734394073
vt 0.17090514302253723 0.18594186007976532
vt 0.17090514302253723 0.1822221428155899
vt 0.17090514302253723 0.17850242555141449
vt 0.17090514302253723 0.17478270828723907
vt 0.17090514302253723 0.17106299102306366
vt 0.17090514302253723 0.16734327375888824
vt 0.17090514302253723 0.16362355649471283
vt 0.17090514302253723 0.15990383923053741
vt 0.17090514302253723 0.156184121966362
vt 0.17090514302253723 0.15246440470218658
vt 0.17090514302253723 0.14874468743801117
vt 0.17090514302253723 0.14502497017383575
vt 0.17090514302253723 0.14130525290966034
vt 0.17090514302253723 0.13758553564548492
vt 0.17090514302253723 0.1338658332824707
vt 0.17090514302253723 0.13014611601829529
vt 0.17090514302253723 0.12642639875411987
vt 0.17090514302253723 0.12270668148994446
vt 0.17090514302253723 0.11898696422576904
vt 0.17090514302253723 0.11526724696159363
vt 0.17090514302253723 0.11154752969741821
vt 0.17090514302253723 0.1078278124332428
vt 0.17090514302253723 0.10410809516906738
vt 0.1717585027217865 0.10542093962430954
vt 0.1717585027217865 0.11548605561256409
vt 0.1717585027217865 0.12051860988140106
vt 0.1717585027217865 0.12555116415023804
vt 0.1717585027217865 0.13058371841907501
vt 0.1717585027217865 0.13561628758907318
vt 0.1717585027217865 0.14064884185791016
vt 0.1717585027217865 0.14568139612674713
vt 0.1717585027217865 0.15071395039558411
vt 0.1717585027217865 0.16077907383441925
vt 0.1717585027217865 0.15574651956558228
vt 0.1717585027217865 0.16581162810325623
vt 0.1717585027217865 0.1708441823720932
vt 0.1717585027217865 0.17587673664093018
vt 0.1717585027217865 0.18090929090976715
vt 0.1717585027217865 0.18594186007976532
vt 0.1717585027217865 0.19097441434860229
vt 0.1717585027217865 0.19600696861743927
vt 0.1717585027217865 0.20607207715511322
vt 0.1717585027217865 0.20103953778743744
vt 0.1717585027217865 0.21110464632511139
vt 0.1717585027217865 0.21613720059394836
vt 0.1717585027217865 0.22116975486278534
vt 0.1717585027217865 0.22620230913162231
vt 0.1717585027217865 0.23123487830162048
vt 0.1717585027217865 0.24129998683929443
vt 0.1717585027217865 0.23626741766929626
vt 0.1717585027217865 0.24633254110813141
vt 0.1717585027217865 0.25639766454696655
vt 0.1717585027217865 0.25136509537696838
vt 0.1717585027217865 0.26143020391464233
vt 0.1717585027217865 0.2664627730846405
vt 0.31940224766731262 0.262470543384552
vt 0.28245440125465393 0.24114015698432922
vt 0.24550655484199524 0.21980975568294525
vt 0.20855870842933655 0.19847935438156128
vt 0.31940194964408875 0.39045947790145874
vt 0.3194020688533783 0.34779649972915649
vt 0.31940215826034546 0.30513352155685425
vt 0.20932143926620483 0.19715723395347595
vt 0.32092833518981934 0.39045995473861694
vt 0.32092833518981934 0.26158943772315979
vt 0.32092833518981934 0.32602471113204956
vt 0.096512332558631897 0.26892402768135071
vt 0.096512369811534882 0.2413383275270462
vt 0.096512399613857269 0.21375264227390289
vt 0.096512436866760254 0.18616695702075958
vt 0.096512474119663239 0.15858127176761627
vt 0.098038703203201294 0.26892474293708801
vt 0.0009706831187941134 0.10337905585765839
vt 0.0017336539458483458 0.10205705463886261
vt 0.098038703203201294 0.15770044922828674
vt 0.064665205776691437 0.14018054306507111
vt 0.032817944884300232 0.12177979201078415
vt 0.4477865993976593 0.75633347034454346
vt 0.51150256395339966 0.73753106594085693
vt 0.51150274276733398 0.74125117063522339
vt 0.51150292158126831 0.74497133493423462
vt 0.51150310039520264 0.74869149923324585
vt 0.51150327920913696 0.7524116039276123
vt 0.51150345802307129 0.75613176822662354
vt 0.51150363683700562 0.75985193252563477
vt 0.51150381565093994 0.76357203722000122
vt 0.51150399446487427 0.76729220151901245
vt 0.51150417327880859 0.77101230621337891
vt 0.51150435209274292 0.77473247051239014
vt 0.51150453090667725 0.77845263481140137
vt 0.51150470972061157 0.78217273950576782
vt 0.5115048885345459 0.78589290380477905
vt 0.51150506734848022 0.78961306810379028
vt 0.51150524616241455 0.79333317279815674
vt 0.51150542497634888 0.79705333709716797
vt 0.5115056037902832 0.80077344179153442
vt 0.51150578260421753 0.80449360609054565
vt 0.51150596141815186 0.80821377038955688
vt 0.51150614023208618 0.81193387508392334
vt 0.51150631904602051 0.81565403938293457
vt 0.51150655746459961 0.8193742036819458
vt 0.51150673627853394 0.82309430837631226
vt 0.51150691509246826 0.82681447267532349
vt 0.51150709390640259 0.83053457736968994
vt 0.51150727272033691 0.83425474166870117
vt 0.51150745153427124 0.8379749059677124
vt 0.51150763034820557 0.84169501066207886
vt 0.51150780916213989 0.84541517496109009
vt 0.51150798797607422 0.84913533926010132
vt 0.51150816679000854 0.85285544395446777
vt 0.51150834560394287 0.856575608253479
vt 0.5115085244178772 0.86029577255249023
vt 0.51150870323181152 0.86401587724685669
vt 0.51150888204574585 0.86773604154586792
vt 0.51150906085968018 0.87145614624023438
vt 0.48028504848480225 0.75633347034454346
vt 0.4477865993976593 0.69761765003204346
vt 0.49653428792953491 0.75633347034454346
vt 0.48028504848480225 0.72697556018829346
vt 0.49653428792953491 0.72697556018829346
vt 0.4477865993976593 0.81504923105239868
vt 0.48028504848480225 0.81504923105239868
vt 0.50465887784957886 0.75633347034454346
vt 0.49653428792953491 0.74165451526641846
vt 0.50465887784957886 0.74165451526641846
vt 0.49653428792953491 0.81504923105239868
vt 0.48028504848480225 0.78569132089614868
vt 0.49653428792953491 0.78569132089614868
vt 0.50872117280960083 0.74165451526641846
vt 0.50872117280960083 0.75633347034454346
vt 0.50465887784957886 0.74899399280548096
vt 0.50872117280960083 0.74899399280548096
vt 0.50465887784957886 0.78569132089614868
vt 0.49653428792953491 0.77101242542266846
vt 0.50465887784957886 0.77101242542266846
vt 0.50872117280960083 0.77101242542266846
vt 0.50465887784957886 0.76367294788360596
vt 0.50872117280960083 0.76367294788360596
vt 0.50872117280960083 0.78569132089614868
vt 0.50465887784957886 0.77835184335708618
vt 0.50872117280960083 0.77835184335708618
vt 0.50465887784957886 0.81504923105239868
vt 0.49653428792953491 0.80037027597427368
vt 0.50465887784957886 0.80037027597427368
vt 0.48028504848480225 0.84440714120864868
vt 0.49653428792953491 0.84440714120864868
vt 0.50872117280960083 0.80037027597427368
vt 0.50465887784957886 0.79303079843521118
vt 0.50872117280960083 0.79303079843521118
vt 0.50872117280960083 0.81504923105239868
vt 0.50465887784957886 0.80770975351333618
vt 0.50872117280960083 0.80770975351333618
vt 0.50465887784957886 0.84440714120864868
vt 0.49653428792953491 0.82972818613052368
vt 0.50465887784957886 0.82972818613052368
vt 0.50872117280960083 0.82972818613052368
vt 0.50465887784957886 0.82238870859146118
vt 0.50872117280960083 0.82238870859146118
vt 0.50872117280960083 0.84440714120864868
vt 0.50465887784957886 0.83706766366958618
vt 0.50872117280960083 0.83706766366958618
vt 0.49653428792953491 0.85908609628677368
vt 0.50465887784957886 0.85908609628677368
vt 0.50872117280960083 0.85908609628677368
vt 0.50465887784957886 0.85174661874771118
vt 0.50872117280960083 0.85174661874771118
vt 0.50465887784957886 0.86642557382583618
vt 0.50872117280960083 0.86642557382583618
vt 0.44779178500175476 0.87145930528640747
vt 0.38407453894615173 0.87146246433258057
vt 0.38406413793563843 0.65647745132446289
vt 0.40151295065879822 0.64120441675186157
vt 0.41528812050819397 0.75633347034454346
vt 0.41528812050819397 0.69761765003204346
vt 0.45650774240493774 0.68936771154403687
vt 0.38407108187675476 0.7998008131980896
vt 0.3840675950050354 0.72813910245895386
vt 0.59857708215713501 0
vt 0.59857708215713501 0.14714184403419495
vt 0.86525255441665649 0
vt 0.86525255441665649 0.14714184403419495
vt 0.85945522785186768 0.14714184403419495
vt 0.85365796089172363 0.14714184403419495
vt 0.84786069393157959 0.14714184403419495
vt 0.84206336736679077 0.14714184403419495
vt 0.83626610040664673 0.14714184403419495
vt 0.83046877384185791 0.14714184403419495
vt 0.82467150688171387 0.14714184403419495
vt 0.81887418031692505 0.14714184403419495
vt 0.81307691335678101 0.14714184403419495
vt 0.80727964639663696 0.14714184403419495
vt 0.80148231983184814 0.14714184403419495
vt 0.7956850528717041 0.14714184403419495
vt 0.78988772630691528 0.14714184403419495
vt 0.78409045934677124 0.14714184403419495
vt 0.7782931923866272 0.14714184403419495
vt 0.77249586582183838 0.14714184403419495
vt 0.76669859886169434 0.14714184403419495
vt 0.76090127229690552 0.14714184403419495
vt 0.75510400533676147 0.14714184403419495
vt 0.74930667877197266 0.14714184403419495
vt 0.74350941181182861 0.14714184403419495
vt 0.73771214485168457 0.14714184403419495
vt 0.73191481828689575 0.14714184403419495
vt 0.72611755132675171 0.14714184403419495
vt 0.72032022476196289 0.14714184403419495
vt 0.71452295780181885 0.14714184403419495
vt 0.70872563123703003 0.14714184403419495
vt 0.70292836427688599 0.14714184403419495
vt 0.69713109731674194 0.14714184403419495
vt 0.69133377075195312 0.14714184403419495
vt 0.68553650379180908 0.14714184403419495
vt 0.67973917722702026 0.14714184403419495
vt 0.67394191026687622 0.14714184403419495
vt 0.6681445837020874 0.14714184403419495
vt 0.66234731674194336 0.14714184403419495
vt 0.65655004978179932 0.14714184403419495
vt 0.6507527232170105 0.14714184403419495
vt 0.64495545625686646 0.14714184403419495
vt 0.63915812969207764 0.14714184403419495
vt 0.63336086273193359 0.14714184403419495
vt 0.62756359577178955 0.14714184403419495
vt 0.62176626920700073 0.14714184403419495
vt 0.61596900224685669 0.14714184403419495
vt 0.61017167568206787 0.14714184403419495
vt 0.60437440872192383 0.14714184403419495
vt 0.59857708215713501 0.073570922017097473
vt 0.73191481828689575 0.073570922017097473
vt 0.73191481828689575 0.11035637557506561
vt 0.79858368635177612 0.073570922017097473
vt 0.79858368635177612 0.11035637557506561
vt 0.79858368635177612 0.12874910235404968
vt 0.83191812038421631 0.11035637557506561
vt 0.83191812038421631 0.12874910235404968
vt 0.83191812038421631 0.13794547319412231
vt 0.84858530759811401 0.12874910235404968
vt 0.84858530759811401 0.13794547319412231
vt 0.79858368635177612 0.13794547319412231
vt 0.81525087356567383 0.12874910235404968
vt 0.81525087356567383 0.13794547319412231
vt 0.73191481828689575 0.12874910235404968
vt 0.76524925231933594 0.11035637557506561
vt 0.76524925231933594 0.12874910235404968
vt 0.66524595022201538 0.073570922017097473
vt 0.66524595022201538 0.11035637557506561
vt 0.76524925231933594 0.13794547319412231
vt 0.78191649913787842 0.12874910235404968
vt 0.78191649913787842 0.13794547319412231
vt 0.73191481828689575 0.13794547319412231
vt 0.74858206510543823 0.12874910235404968
vt 0.74858206510543823 0.13794547319412231
vt 0.66524595022201538 0.12874910235404968
vt 0.69858038425445557 0.11035637557506561
vt 0.69858038425445557 0.12874910235404968
vt 0.69858038425445557 0.13794547319412231
vt 0.71524763107299805 0.12874910235404968
vt 0.71524763107299805 0.13794547319412231
vt 0.66524595022201538 0.13794547319412231
vt 0.68191319704055786 0.12874910235404968
vt 0.68191319704055786 0.13794547319412231
vt 0.6319115161895752 0.11035637557506561
vt 0.6319115161895752 0.12874910235404968
vt 0.6319115161895752 0.13794547319412231
vt 0.64857876300811768 0.12874910235404968
vt 0.64857876300811768 0.13794547319412231
vt 0.61524432897567749 0.12874910235404968
vt 0.61524432897567749 0.13794547319412231
vt 0.73191481828689575 0
vt 0.60249829292297363 0.24003595113754272
vt 0.60630524158477783 0.24003595113754272
vt 0.61011219024658203 0.24003595113754272
vt 0.61391913890838623 0.24003595113754272
vt 0.61772608757019043 0.24003595113754272
vt 0.62153303623199463 0.24003595113754272
vt 0.62533998489379883 0.24003595113754272
vt 0.62914693355560303 0.24003595113754272
vt 0.63295388221740723 0.24003595113754272
vt 0.63676083087921143 0.24003595113754272
vt 0.64056777954101562 0.24003595113754272
vt 0.64437472820281982 0.24003595113754272
vt 0.64818167686462402 0.24003595113754272
vt 0.65198862552642822 0.24003595113754272
vt 0.65579557418823242 0.24003595113754272
vt 0.65960252285003662 0.24003595113754272
vt 0.66340947151184082 0.24003595113754272
vt 0.66721642017364502 0.24003595113754272
vt 0.67102336883544922 0.24003595113754272
vt 0.67483031749725342 0.24003595113754272
vt 0.67863726615905762 0.24003595113754272
vt 0.68244421482086182 0.24003595113754272
vt 0.68625116348266602 0.24003595113754272
vt 0.69005811214447021 0.24003595113754272
vt 0.69386506080627441 0.24003595113754272
vt 0.69767200946807861 0.24003595113754272
vt 0.70147895812988281 0.24003595113754272
vt 0.70528590679168701 0.24003595113754272
vt 0.70909285545349121 0.24003595113754272
vt 0.71289980411529541 0.24003595113754272
vt 0.71670675277709961 0.24003595113754272
vt 0.72051370143890381 0.24003595113754272
vt 0.72432065010070801 0.24003595113754272
vt 0.72812759876251221 0.24003595113754272
vt 0.73193454742431641 0.24003595113754272
vt 0.73574149608612061 0.24003595113754272
vt 0.7395484447479248 0.24003595113754272
vt 0.743355393409729 0.24003595113754272
vt 0.7471623420715332 0.24003595113754272
vt 0.7509692907333374 0.24003595113754272
vt 0.7547762393951416 0.24003595113754272
vt 0.7585831880569458 0.24003595113754272
vt 0.76239013671875 0.24003595113754272
vt 0.7661970853805542 0.24003595113754272
vt 0.7700040340423584 0.24003595113754272
vt 0.7738109827041626 0.24003595113754272
vt 0.7776179313659668 0.24003595113754272
vt 0.781424880027771 0.24003595113754272
vt 0.7852318286895752 0.24003595113754272
vt 0.78903877735137939 0.24003595113754272
vt 0.79284572601318359 0.24003595113754272
vt 0.79665267467498779 0.24003595113754272
vt 0.80045962333679199 0.24003595113754272
vt 0.80426657199859619 0.24003595113754272
vt 0.80807352066040039 0.24003595113754272
vt 0.81188046932220459 0.24003595113754272
vt 0.81568741798400879 0.24003595113754272
vt 0.81949436664581299 0.24003595113754272
vt 0.82330131530761719 0.24003595113754272
vt 0.82710826396942139 0.24003595113754272
vt 0.83091521263122559 0.24003595113754272
vt 0.83472216129302979 0.24003595113754272
vt 0.83852910995483398 0.24003595113754272
vt 0.84233605861663818 0.24003595113754272
vt 0.84614300727844238 0.24003595113754272
vt 0.84994995594024658 0.24003595113754272
vt 0.85375690460205078 0.24003595113754272
vt 0.85756385326385498 0.24003595113754272
vt 0.86137080192565918 0.24003595113754272
vt 0.86517775058746338 0.24003595113754272
vt 0.86898469924926758 0.24003595113754272
vt 0.87279164791107178 0.24003595113754272
vt 0.87659859657287598 0.24003595113754272
vt 0.88040554523468018 0.24003595113754272
vt 0.88421249389648438 0.24003595113754272
vt 0.88801944255828857 0.24003595113754272
vt 0.89182639122009277 0.24003595113754272
vt 0.89563333988189697 0.24003595113754272
vt 0.89944028854370117 0.24003595113754272
vt 0.90324723720550537 0.24003595113754272
vt 0.90705418586730957 0.24003595113754272
vt 0.91086113452911377 0.24003595113754272
vt 0.91466808319091797 0.24003595113754272
vt 0.91847503185272217 0.24003595113754272
vt 0.92228198051452637 0.24003595113754272
vt 0.92608892917633057 0.24003595113754272
vt 0.92989587783813477 0.24003595113754272
vt 0.93370282649993896 0.24003595113754272
vt 0.93750977516174316 0.24003595113754272
vt 0.94131672382354736 0.24003595113754272
vt 0.94512367248535156 0.24003595113754272
vt 0.94893062114715576 0.24003595113754272
vt 0.95273756980895996 0.24003595113754272
vt 0.95654451847076416 0.24003595113754272
vt 0.96035146713256836 0.24003595113754272
vt 0.96415841579437256 0.24003595113754272
vt 0.96796536445617676 0.24003595113754272
vt 0.97177231311798096 0.24003595113754272
vt 0.97557926177978516 0.24003595113754272
vt 0.97938621044158936 0.24003595113754272
vt 0.98319315910339355 0.24003595113754272
vt 0.98700010776519775 0.24003595113754272
vt 0.99080705642700195 0.24003595113754272
vt 0.99461400508880615 0.24003595113754272
vt 0.79855614900588989 0.30447119474411011
vt 0.79855614900588989 0.27160921692848206
vt 0.69856661558151245 0.30447119474411011
vt 0.69856661558151245 0.27160921692848206
vt 0.69856661558151245 0.25517824292182922
vt 0.64857184886932373 0.27160921692848206
vt 0.64857184886932373 0.25517824292182922
vt 0.64857184886932373 0.24696274101734161
vt 0.62357449531555176 0.25517824292182922
vt 0.62357449531555176 0.24696274101734161
vt 0.62357449531555176 0.24285499751567841
vt 0.61107581853866577 0.24696274101734161
vt 0.61107581853866577 0.24285499751567841
vt 0.64857184886932373 0.24285499751567841
vt 0.63607317209243774 0.24696274101734161
vt 0.63607317209243774 0.24285499751567841
vt 0.69856661558151245 0.24696274101734161
vt 0.67356926202774048 0.25517824292182922
vt 0.67356926202774048 0.24696274101734161
vt 0.79855614900588989 0.25517824292182922
vt 0.74856138229370117 0.27160921692848206
vt 0.74856138229370117 0.25517824292182922
vt 0.89854562282562256 0.30447119474411011
vt 0.89854562282562256 0.27160921692848206
vt 0.67356926202774048 0.24285499751567841
vt 0.66107052564620972 0.24696274101734161
vt 0.66107052564620972 0.24285499751567841
vt 0.69856661558151245 0.24285499751567841
vt 0.68606793880462646 0.24696274101734161
vt 0.68606793880462646 0.24285499751567841
vt 0.74856138229370117 0.24696274101734161
vt 0.72356396913528442 0.25517824292182922
vt 0.72356396913528442 0.24696274101734161
vt 0.72356396913528442 0.24285499751567841
vt 0.71106529235839844 0.24696274101734161
vt 0.71106529235839844 0.24285499751567841
vt 0.74856138229370117 0.24285499751567841
vt 0.73606270551681519 0.24696274101734161
vt 0.73606270551681519 0.24285499751567841
vt 0.79855614900588989 0.24696274101734161
vt 0.77355873584747314 0.25517824292182922
vt 0.77355873584747314 0.24696274101734161
vt 0.89854562282562256 0.25517824292182922
vt 0.84855091571807861 0.27160921692848206
vt 0.84855091571807861 0.25517824292182922
vt 0.77355873584747314 0.24285499751567841
vt 0.76106005907058716 0.24696274101734161
vt 0.76106005907058716 0.24285499751567841
vt 0.79855614900588989 0.24285499751567841
vt 0.78605747222900391 0.24696274101734161
vt 0.78605747222900391 0.24285499751567841
vt 0.84855091571807861 0.24696274101734161
vt 0.82355350255966187 0.25517824292182922
vt 0.82355350255966187 0.24696274101734161
vt 0.82355350255966187 0.24285499751567841
vt 0.81105482578277588 0.24696274101734161
vt 0.81105482578277588 0.24285499751567841
vt 0.84855091571807861 0.24285499751567841
vt 0.83605217933654785 0.24696274101734161
vt 0.83605217933654785 0.24285499751567841
vt 0.89854562282562256 0.24696274101734161
vt 0.87354826927185059 0.25517824292182922
vt 0.87354826927185059 0.24696274101734161
vt 0.94854038953781128 0.27160921692848206
vt 0.94854038953781128 0.25517824292182922
vt 0.87354826927185059 0.24285499751567841
vt 0.8610495924949646 0.24696274101734161
vt 0.8610495924949646 0.24285499751567841
vt 0.89854562282562256 0.24285499751567841
vt 0.88604694604873657 0.24696274101734161
vt 0.88604694604873657 0.24285499751567841
vt 0.94854038953781128 0.24696274101734161
vt 0.92354303598403931 0.25517824292182922
vt 0.92354303598403931 0.24696274101734161
vt 0.92354303598403931 0.24285499751567841
vt 0.91104435920715332 0.24696274101734161
vt 0.91104435920715332 0.24285499751567841
vt 0.94854038953781128 0.24285499751567841
vt 0.93604171276092529 0.24696274101734161
vt 0.93604171276092529 0.24285499751567841
vt 0.97353780269622803 0.25517824292182922
vt 0.97353780269622803 0.24696274101734161
vt 0.97353780269622803 0.24285499751567841
vt 0.96103906631469727 0.24696274101734161
vt 0.96103906631469727 0.24285499751567841
vt 0.98603647947311401 0.24696274101734161
vt 0.98603647947311401 0.24285499751567841
vt 0.99461400508880615 0.35126027464866638
vt 0.72891169786453247 0.35126027464866638
vt 0.71369528770446777 0.36890646815299988
vt 0.79855614900588989 0.33733317255973816
vt 0.69856661558151245 0.33733317255973816
vt 0.74856138229370117 0.33733317255973816
vt 0.89854562282562256 0.33733317255973816
vt 0.86176282167434692 0.35126027464866638
vt 0.32658928632736206 0.68115627765655518
vt 0 0.68115627765655518
vt 0.32658928632736206 0.85163533687591553
vt 0 0.85163533687591553
vt 0.0037975518498569727 0.68115627765655518
vt 0.0075951036997139454 0.68115627765655518
vt 0.011392655782401562 0.68115627765655518
vt 0.015190207399427891 0.68115627765655518
vt 0.018987759947776794 0.68115627765655518
vt 0.022785291075706482 0.68115627765655518
vt 0.026582842692732811 0.68115627765655518
vt 0.03038039430975914 0.68115627765655518
vt 0.034177947789430618 0.68115627765655518
vt 0.037975497543811798 0.68115627765655518
vt 0.041773051023483276 0.68115627765655518
vt 0.045570600777864456 0.68115627765655518
vt 0.049368154257535934 0.68115627765655518
vt 0.053165704011917114 0.68115627765655518
vt 0.056963257491588593 0.68115627765655518
vt 0.060760810971260071 0.68115627765655518
vt 0.064558342099189758 0.68115627765655518
vt 0.068355895578861237 0.68115627765655518
vt 0.072153449058532715 0.68115627765655518
vt 0.075950995087623596 0.68115627765655518
vt 0.079748548567295074 0.68115627765655518
vt 0.083546102046966553 0.68115627765655518
vt 0.087343655526638031 0.68115627765655518
vt 0.091141201555728912 0.68115627765655518
vt 0.094938755035400391 0.68115627765655518
vt 0.098736308515071869 0.68115627765655518
vt 0.10253383964300156 0.68115627765655518
vt 0.10633139312267303 0.68115627765655518
vt 0.11012894660234451 0.68115627765655518
vt 0.11392649263143539 0.68115627765655518
vt 0.11772404611110687 0.68115627765655518
vt 0.12152159959077835 0.68115627765655518
vt 0.12531915307044983 0.68115627765655518
vt 0.12911669909954071 0.68115627765655518
vt 0.13291426002979279 0.68115627765655518
vt 0.13671180605888367 0.68115627765655518
vt 0.14050935208797455 0.68115627765655518
vt 0.14430689811706543 0.68115627765655518
vt 0.14810444414615631 0.68115627765655518
vt 0.15190199017524719 0.68115627765655518
vt 0.15569955110549927 0.68115627765655518
vt 0.15949709713459015 0.68115627765655518
vt 0.16329464316368103 0.68115627765655518
vt 0.16709220409393311 0.68115627765655518
vt 0.17088975012302399 0.68115627765655518
vt 0.17468729615211487 0.68115627765655518
vt 0.17848484218120575 0.68115627765655518
vt 0.18228240311145782 0.68115627765655518
vt 0.18607994914054871 0.68115627765655518
vt 0.18987751007080078 0.68115627765655518
vt 0.19367505609989166 0.68115627765655518
vt 0.19747260212898254 0.68115627765655518
vt 0.20127014815807343 0.68115627765655518
vt 0.20506769418716431 0.68115627765655518
vt 0.20886525511741638 0.68115627765655518
vt 0.21266280114650726 0.68115627765655518
vt 0.21646034717559814 0.68115627765655518
vt 0.22025789320468903 0.68115627765655518
vt 0.2240554541349411 0.68115627765655518
vt 0.22785300016403198 0.68115627765655518
vt 0.23165054619312286 0.68115627765655518
vt 0.23544809222221375 0.68115627765655518
vt 0.23924565315246582 0.68115627765655518
vt 0.2430431991815567 0.68115627765655518
vt 0.24684074521064758 0.68115627765655518
vt 0.25063830614089966 0.68115627765655518
vt 0.25443583726882935 0.68115627765655518
vt 0.25823339819908142 0.68115627765655518
vt 0.2620309591293335 0.68115627765655518
vt 0.26582849025726318 0.68115627765655518
vt 0.26962605118751526 0.68115627765655518
vt 0.27342361211776733 0.68115627765655518
vt 0.27722114324569702 0.68115627765655518
vt 0.2810187041759491 0.68115627765655518
vt 0.28481623530387878 0.68115627765655518
vt 0.28861379623413086 0.68115627765655518
vt 0.29241135716438293 0.68115627765655518
vt 0.29620888829231262 0.68115627765655518
vt 0.3000064492225647 0.68115627765655518
vt 0.30380401015281677 0.68115627765655518
vt 0.30760154128074646 0.68115627765655518
vt 0.31139910221099854 0.68115627765655518
vt 0.31519666314125061 0.68115627765655518
vt 0.3189941942691803 0.68115627765655518
vt 0.32279175519943237 0.68115627765655518
vt 0.16329464316368103 0.76639580726623535
vt 0.081647321581840515 0.76639580726623535
vt 0.16329464316368103 0.72377604246139526
vt 0.081647321581840515 0.72377604246139526
vt 0.040823660790920258 0.72377604246139526
vt 0.081647321581840515 0.70246613025665283
vt 0.040823660790920258 0.70246613025665283
vt 0.020411830395460129 0.70246613025665283
vt 0.040823660790920258 0.691811203956604
vt 0.020411830395460129 0.691811203956604
vt 0.010205915197730064 0.691811203956604
vt 0.020411830395460129 0.68648374080657959
vt 0.010205915197730064 0.68648374080657959
vt 0.030617747455835342 0.691811203956604
vt 0.040823660790920258 0.68648374080657959
vt 0.030617747455835342 0.68648374080657959
vt 0.061235494911670685 0.70246613025665283
vt 0.081647321581840515 0.691811203956604
vt 0.061235494911670685 0.691811203956604
vt 0.12247098982334137 0.72377604246139526
vt 0.16329464316368103 0.70246613025665283
vt 0.12247098982334137 0.70246613025665283
vt 0.24494197964668274 0.76639580726623535
vt 0.24494197964668274 0.72377604246139526
vt 0.051029577851295471 0.691811203956604
vt 0.061235494911670685 0.68648374080657959
vt 0.051029577851295471 0.68648374080657959
vt 0.071441411972045898 0.691811203956604
vt 0.081647321581840515 0.68648374080657959
vt 0.071441411972045898 0.68648374080657959
vt 0.10205915570259094 0.70246613025665283
vt 0.12247098982334137 0.691811203956604
vt 0.10205915570259094 0.691811203956604
vt 0.091853238642215729 0.691811203956604
vt 0.10205915570259094 0.68648374080657959
vt 0.091853238642215729 0.68648374080657959
vt 0.11226507276296616 0.691811203956604
vt 0.12247098982334137 0.68648374080657959
vt 0.11226507276296616 0.68648374080657959
vt 0.1428828239440918 0.70246613025665283
vt 0.16329464316368103 0.691811203956604
vt 0.1428828239440918 0.691811203956604
vt 0.20411831140518188 0.72377604246139526
vt 0.24494197964668274 0.70246613025665283
vt 0.20411831140518188 0.70246613025665283
vt 0.13267689943313599 0.691811203956604
vt 0.1428828239440918 0.68648374080657959
vt 0.13267689943313599 0.68648374080657959
vt 0.15308873355388641 0.691811203956604
vt 0.16329464316368103 0.68648374080657959
vt 0.15308873355388641 0.68648374080657959
vt 0.18370647728443146 0.70246613025665283
vt 0.20411831140518188 0.691811203956604
vt 0.18370647728443146 0.691811203956604
vt 0.17350056767463684 0.691811203956604
vt 0.18370647728443146 0.68648374080657959
vt 0.17350056767463684 0.68648374080657959
vt 0.19391240179538727 0.691811203956604
vt 0.20411831140518188 0.68648374080657959
vt 0.19391240179538727 0.68648374080657959
vt 0.22453014552593231 0.70246613025665283
vt 0.24494197964668274 0.691811203956604
vt 0.22453014552593231 0.691811203956604
vt 0.28576564788818359 0.72377604246139526
vt 0.28576564788818359 0.70246613025665283
vt 0.2143242210149765 0.691811203956604
vt 0.22453014552593231 0.68648374080657959
vt 0.2143242210149765 0.68648374080657959
vt 0.23473605513572693 0.691811203956604
vt 0.24494197964668274 0.68648374080657959
vt 0.23473605513572693 0.68648374080657959
vt 0.26535379886627197 0.70246613025665283
vt 0.28576564788818359 0.691811203956604
vt 0.26535379886627197 0.691811203956604
vt 0.25514790415763855 0.691811203956604
vt 0.26535379886627197 0.68648374080657959
vt 0.25514790415763855 0.68648374080657959
vt 0.27555972337722778 0.691811203956604
vt 0.28576564788818359 0.68648374080657959
vt 0.27555972337722778 0.68648374080657959
vt 0.30617746710777283 0.70246613025665283
vt 0.30617746710777283 0.691811203956604
vt 0.2177262008190155 0.85163533687591553
vt 0.10886309295892715 0.85163533687591553
vt 0.38342016935348511 0.066263869404792786
vt 0.32824879884719849 0.066263869404792786
vt 0.27307742834091187 0.066263869404792786
vt 0.38342016935348511 0.079837076365947723
vt 0.27307742834091187 0.079837076365947723
vt 0.3558344841003418 0.073050469160079956
vt 0.3558344841003418 0.076443776488304138
vt 0.36962732672691345 0.073050469160079956
vt 0.36962732672691345 0.076443776488304138
vt 0.34663927555084229 0.079837076365947723
vt 0.30985835194587708 0.079837076365947723
vt 0.29146790504455566 0.066263869404792786
vt 0.30985835194587708 0.066263869404792786
vt 0.34663927555084229 0.066263869404792786
vt 0.3650297224521637 0.066263869404792786
vt 0 0.66152632236480713
vt 0 0.67602556943893433
vt 0.029663236811757088 0.66152632236480713
vt 0.029663236811757088 0.67602556943893433
vt 0.027191301807761192 0.67602556943893433
vt 0.024719363078474998 0.67602556943893433
vt 0.022247428074479103 0.67602556943893433
vt 0.019775491207838058 0.67602556943893433
vt 0.017303554341197014 0.67602556943893433
vt 0.014831618405878544 0.67602556943893433
vt 0.012359681539237499 0.67602556943893433
vt 0.0098877456039190292 0.67602556943893433
vt 0.0074158092029392719 0.67602556943893433
vt 0.0049438728019595146 0.67602556943893433
vt 0.0024719364009797573 0.67602556943893433
vt 0.014831618405878544 0.66877597570419312
vt 0.014831618405878544 0.67240077257156372
vt 0.022247428074479103 0.66877597570419312
vt 0.022247428074479103 0.67240077257156372
vt 0.0074158092029392719 0.66877597570419312
vt 0.0074158092029392719 0.67240077257156372
vt 0.0024719364009797573 0.66152632236480713
vt 0.0049438728019595146 0.66152632236480713
vt 0.0074158092029392719 0.66152632236480713
vt 0.0098877456039190292 0.66152632236480713
vt 0.012359681539237499 0.66152632236480713
vt 0.014831618405878544 0.66152632236480713
vt 0.017303554341197014 0.66152632236480713
vt 0.019775491207838058 0.66152632236480713
vt 0.022247428074479103 0.66152632236480713
vt 0.024719363078474998 0.66152632236480713
vt 0.027191301807761192 0.66152632236480713
vt 0.014831618405878544 0.66515111923217773
vt 0.0074158092029392719 0.66515111923217773
vt 0.022247428074479103 0.66515111923217773
vt 0 0.67395424842834473
vt 0 0.67188292741775513
vt 0 0.66981160640716553
vt 0 0.66774028539657593
vt 0 0.66566896438598633
vt 0 0.66359764337539673
vt 0.029663236811757088 0.66359764337539673
vt 0.029663236811757088 0.66566896438598633
vt 0.029663236811757088 0.66774028539657593
vt 0.029663236811757088 0.66981160640716553
vt 0.029663236811757088 0.67188292741775513
vt 0.029663236811757088 0.67395424842834473
vn 0 -1 0
vn 0 -1 0
vn 0 -1 0
vn 0 -1 0
vn 0 -1 0
vn 0 -1 0
vn 0 -1 0
vn 0 -1 0
vn 0 -1 0
vn 0 -1 0
vn 0 -1 0
vn 0 -1 0
vn 0 -1 0
vn 0 -1 0
vn 0 -1 0
vn 0 -1 0
vn 0 -1 0
vn 0 -1 0
vn 0 -1 0
vn 0 -1 0
vn 0 -1 0
vn 0 -1 0
vn 0 -1 0
vn 0 -1 0
vn 0 -1 0
vn 0 -1 0
vn 0 -1 0
vn 0 -1 0
vn 0 -1 0
vn 0 -1 0
vn 0 -1 0
vn 0 -1 0
vn 0 -1 0
vn 0 -1 0
vn 0 -1 0
vn 0 -1 0
vn 0 -1 0
vn 0 -1 0
vn 0 -1 0
vn 0 -1 0
vn 0 -1 0
vn 0 -1 0
vn 0 -1 0
vn 0 -1 0
vn 0 -1 0
vn 0 -1 0
vn 0 -1 0
vn 0 -1 0
vn 0 -1 0
vn 0 -1 0
vn 0 -1 0
vn 0 -1 0
vn 0 -1 0
vn 0 -1 0
vn 0 -1 0
vn 0 -1 0
vn 0 -1 0
vn 0 -1 0
vn 0 -1 0
vn 0 -1 0
vn 0 -1 0
vn 0 -1 0
vn 0 -1 0
vn 0 -1 0
vn 0 -1 0
vn 0 -1 0
vn 0 -1 0
vn 0 -1 0
vn 0 -1 0
vn 0 -1 0
vn 0 -1 0
vn 0 -1 0
vn 0 -1 0
vn 0 -1 0
vn 0 -1 0
vn 0 -1 0
vn 0 -1 0
vn 0 -1 0
vn 0 -1 0
vn 0 -1 0
vn 0 -1 0
vn 0 -1 0
vn 0 -1 0
vn 0 -1 0
vn 0 -1 0
vn 0 -1 0
vn 0 -1 0
vn 0 -1 0
vn 0 -1 0
vn 0 -1 0
vn 0 -1 0
vn 0 -1 0
vn 0 -1 0
vn 0 -1 0
vn 0 0 -1
vn 0 0 -1
vn 0 0 -1
vn 0 0 -1
vn 0 0 -1
vn 0 0 -1
vn 0 0 -1
vn 0 0 -1
vn 0 0 -1
vn 0 0 -1
vn 0 0 -1
vn 0 0 -1
vn 0 0 -1
vn 0 0 -1
vn 0 0 -1
vn 0 0 -1
vn 0 0 -1
vn 0 0 -1
vn 0 0 -1
vn 0 0 -1
vn 0 0 -1
vn 0 0 -1
vn 0 0 -1
vn 0 0 -1
vn 0 0 -1
vn 0 0 -1
vn 0 0 1
vn 0 0 1
vn 0 0 1
vn 0 0 1
vn 0 0 1
vn 0 0 1
vn 0 0 1
vn 0 0 1
vn 0 0 1
vn 0 0 1
vn 0 0 1
vn 0 0 1
vn 0 0 1
vn 0 0 1
vn 0 0 1
vn 0 0 1
vn 0 0 1
vn 0 0 1
vn 0 0 1
vn 0 0 1
vn 0 0 1
vn 0 0 1
vn 0 0 1
vn 0 0 1
vn 0 0 1
vn 0 0 1
vn 0 0 -1
vn 0 0 -1
vn 0 0 -1
vn 0 0 -1
vn 0 0 -1
vn 0 0 -1
vn 0 0 -1
vn 0 0 -1
vn 0 0 -1
vn 0 0 -1
vn 0 0 -1
vn 0 0 -1
vn 0 0 -1
vn 0 0 -1
vn 0 0 -1
vn 0 0 -1
vn 0 0 -1
vn 0 0 -1
vn 0 0 -1
vn 0 0 -1
vn 0 0 -1
vn 0 0 -1
vn 0 0 -1
vn 0 0 -1
vn 0 0 -1
vn 0 0 -1
vn 0 0 1
vn 0 0 1
vn 0 0 1
vn 0 0 1
vn 0 0 1
vn 0 0 1
vn 0 0 1
vn 0 0 1
vn 0 0 1
vn 0 0 1
vn 0 0 1
vn 0 0 1
vn 0 0 1
vn 0 0 1
vn 0 0 1
vn 0 0 1
vn 0 0 1
vn 0 0 1
vn 0 0 1
vn 0 0 1
vn 0 0 1
vn 0 0 1
vn 0 0 1
vn 0 0 1
vn 0 0 1
vn 0 0 1
vn 0 0 -1
vn 0 0 -1
vn 0 0 -1
vn 0 0 -1
vn 0 0 -1
vn 0 0 -1
vn 0 0 -1
vn 0 0 -1
vn 0 0 -1
vn 0 0 -1
vn 0 0 -1
vn 0 0 -1
vn 0 0 -1
vn 0 0 -1
vn 0 0 -1
vn 0 0 -1
vn 0 0 -1
vn 0 0 -1
vn 0 0 -1
vn 0 0 -1
vn 0 0 -1
vn 0 0 -1
vn 0 0 -1
vn 0 0 -1
vn 0 0 -1
vn 0 0 -1
vn 0 0 1
vn 0 0 1
vn 0 0 1
vn 0 0 1
vn 0 0 1
vn 0 0 1
vn 0 0 1
vn 0 0 1
vn 0 0 1
vn 0 0 1
vn 0 0 1
vn 0 0 1
vn 0 0 1
vn 0 0 1
vn 0 0 1
vn 0 0 1
vn 0 0 1
vn 0 0 1
vn 0 0 1
vn 0 0 1
vn 0 0 1
vn 0 0 1
vn 0 0 1
vn 0 0 1
vn 0 0 1
vn 0 0 1
vn 1 0 0
vn 1 0 0
vn 1 0 0
vn 1 0 0
vn 1 0 0
vn 1 0 0
vn 1 0 0
vn 1 0 0
vn 1 0 0
vn 1 0 0
vn 1 0 0
vn 1 0 0
vn 1 0 0
vn 1 0 0
vn 1 0 0
vn 1 0 0
vn -1 0 0
vn -1 0 0
vn -1 0 0
vn -1 0 0
vn -1 0 0
vn -1 0 0
vn -1 0 0
vn -1 0 0
vn -1 0 0
vn -1 0 0
vn -1 0 0
vn -1 0 0
vn -1 0 0
vn -1 0 0
vn -1 0 0
vn -1 0 0
vn 1 0 0
vn 1 0 0
vn 1 0 0
vn 1 0 0
vn 1 0 0
vn 1 0 0
vn 1 0 0
vn 1 0 0
vn 1 0 0
vn 1 0 0
vn 1 0 0
vn 1 0 0
vn 1 0 0
vn 1 0 0
vn 1 0 0
vn 1 0 0
vn -1 0 0
vn -1 0 0
vn -1 0 0
vn -1 0 0
vn -1 0 0
vn -1 0 0
vn -1 0 0
vn -1 0 0
vn -1 0 0
vn -1 0 0
vn -1 0 0
vn -1 0 0
vn -1 0 0
vn -1 0 0
vn -1 0 0
vn -1 0 0
vn 1 0 0
vn 1 0 0
vn 1 0 0
vn 1 0 0
vn 1 0 0
vn 1 0 0
vn 1 0 0
vn 1 0 0
vn 1 0 0
vn 1 0 0
vn 1 0 0
vn 1 0 0
vn 1 0 0
vn 1 0 0
vn 1 0 0
vn 1 0 0
vn -1 0 0
vn -1 0 0
vn -1 0 0
vn -1 0 0
vn -1 0 0
vn -1 0 0
vn -1 0 0
vn -1 0 0
vn -1 0 0
vn -1 0 0
vn -1 0 0
vn -1 0 0
vn -1 0 0
vn -1 0 0
vn -1 0 0
vn -1 0 0
vn 0 1 0
vn 0 1 0
vn 0 1 0
vn 0 1 0
vn 0 1 0
vn 0 1 0
vn 0 1 0
vn 0 1 0
vn 0 1 0
vn 0 1 0
vn 0 1 0
vn 0 1 0
vn 0 1 0
vn 0 1 0
vn 0 1 0
vn 0 1 0
vn 0 1 0
vn 0 1 0
vn 0 1 0
vn 0 1 0
vn 0 1 0
vn 0 1 0
vn 0 1 0
vn 0 1 0
vn 0 1 0
vn 0 1 0
vn 0 1 0
vn 0 1 0
vn 0 1 0
vn 0 1 0
vn 0 1 0
vn 0 1 0
vn 0 1 0
vn 0 1 0
vn 0 1 0
vn 0 1 0
vn 0 1 0
vn 0 1 0
vn 0 1 0
vn 0 1 0
vn 0 1 0
vn 0 1 0
vn 0 1 0
vn 0 1 0
vn 0 1 0
vn 0 1 0
vn 0 1 0
vn 0 0 -1
vn 0 0 -1
vn 0 0 -1
vn 0 0 -1
vn 0 0 -1
vn 0 0 -1
vn 0 0 -1
vn 0 0 -1
vn 0 0 -1
vn 0 0 -1
vn 0 0 -1
vn 0 0 -1
vn 0 0 -1
vn 0 0 -1
vn 0 0 -1
vn 0 0 -1
vn 0 0 -1
vn 0 0 -1
vn 0 0 -1
vn 0 0 -1
vn 0 0 -1
vn 0 0 -1
vn 0 0 -1
vn 0 0 -1
vn 0 0 -1
vn 0 0 -1
vn 0 0 1
vn 0 0 1
vn 0 0 1
vn 0 0 1
vn 0 0 1
vn 0 0 1
vn 0 0 1
vn 0 0 1
vn 0 0 1
vn 0 0 1
vn 0 0 1
vn 0 0 1
vn 0 0 1
vn 0 0 1
vn 0 0 1
vn 0 0 1
vn 0 0 1
vn 0 0 1
vn 0 0 1
vn 0 0 1
vn 0 0 1
vn 0 0 1
vn 0 0 1
vn 0 0 1
vn 0 0 1
vn 0 0 1
vn -1 0 0
vn -1 0 0
vn -1 0 0
vn -1 0 0
vn -1 0 0
vn -1 0 0
vn -1 0 0
vn -1 0 0
vn -1 0 0
vn -1 0 0
vn -1 0 0
vn -1 0 0
vn -1 0 0
vn -1 0 0
vn -1 0 0
vn -1 0 0
vn 1 0 0
vn 1 0 0
vn 1 0 0
vn 1 0 0
vn 1 0 0
vn 1 0 0
vn 1 0 0
vn 1 0 0
vn 1 0 0
vn 1 0 0
vn 1 0 0
vn 1 0 0
vn 1 0 0
vn 1 0 0
vn 1 0 0
vn 1 0 0
vn 0 1 0
vn 0 1 0
vn 0 1 0
vn 0 1 0
vn 0 1 0
vn 0 1 0
vn 0 1 0
vn 0 1 0
vn 0 1 0
vn 0 1 0
vn 0 1 0
vn 0 1 0
vn 0 1 0
vn 0 1 0
vn 0 1 0
vn 0 1 0
vn 0 1 0
vn 0 1 0
vn 0 1 0
vn 0 1 0
vn 0 1 0
vn 0 1 0
vn 0 1 0
vn 0 1 0
vn 0 1 0
vn 0 1 0
vn 0 1 0
vn 0 1 0
vn 0 1 0
vn 0 1 0
vn 0 1 0
vn 0 1 0
vn 0 1 0
vn 0 1 0
vn 0 1 0
vn 0 1 0
vn 0 1 0
vn 0 1 0
vn 0 1 0
vn 0 1 0
vn 0 1 0
vn 0 1 0
vn 0 1 0
vn 0 1 0
vn 0 1 0
vn 0 1 0
vn 0 1 0
vn 0 1 0
vn 0 1 0
vn 0 1 0
vn 0 1 0
vn 0 1 0
vn 0 1 0
vn 0 1 0
vn 0 1 0
vn 0 1 0
vn 0 1 0
vn 0 1 0
vn 0 1 0
vn 0 1 0
vn 0 1 0
vn 0 1 0
vn 0 1 0
vn 0 1 0
vn 0 1 0
vn 0 1 0
vn 0 1 0
vn 0 1 0
vn 0 1 0
vn 0 1 0
vn 0 1 0
vn 0 1 0
vn 0 1 0
vn 0 1 0
vn 0 1 0
vn 0 1 0
vn 0 1 0
vn 0 1 0
vn 0 1 0
vn 0 1 0
vn 0 1 0
vn 0 1 0
vn 0 1 0
vn 0 1 0
vn 0 1 0
vn 0 1 0
vn 0 1 0
vn 0 1 0
vn 0 1 0
vn 0 1 0
vn 0 1 0
vn 0 1 0
vn 0 1 0
vn 0 1 0
vn 0 1 0
vn 0 1 0
vn 0 1 0
vn 0 1 0
vn 0 1 0
vn 0 1 0
vn 0 1 0
vn 0 1 0
vn 0 1 0
vn 0 1 0
vn 0 1 0
vn 0 1 0
vn 0 1 0
vn 0 1 0
vn 0 1 0
vn 0 1 0
vn 0 1 0
vn 0 1 0
vn 0 1 0
vn 0 1 0
vn 0 1 0
vn 0 1 0
vn 0 1 0
vn 0 1 0
vn 0 1 0
vn 0 1 0
vn 0 1 0
vn 0 1 0
vn 0 1 0
vn 0 1 0
vn 0 1 0
vn 0 1 0
vn 0 1 0
vn 0 1 0
vn 0 1 0
vn 0 1 0
vn 0 1 0
vn 0 1 0
vn 0 1 0
vn 0 1 0
vn 0 1 0
vn 0 1 0
vn 0 1 0
vn 0 1 0
vn 0 1 0
vn 0 1 0
vn 0 1 0
vn 0 1 0
vn 0 1 0
vn 0 1 0
vn 0 1 0
vn 0 1 0
vn 0 1 0
vn 0 1 0
vn 0 1 0
vn 0 1 0
vn 0 1 0
vn 0 1 0
vn 0 1 0
vn 0 1 0
vn 0 1 0
vn 0 1 0
vn 0 1 0
vn 0 1 0
vn 0 1 0
vn 0 1 0
vn 0 1 0
vn 0 1 0
vn 0 1 0
vn 0 1 0
vn 0 1 0
vn 0 1 0
vn 0 1 0
vn 0 1 0
vn 0 1 0
vn 0 1 0
vn 0 1 0
vn 0 1 0
vn 0 1 0
vn 0 1 0
vn 0 1 0
vn 0 1 0
vn 0 1 0
vn 0 1 0
vn 0 1 0
vn 0 1 0
vn 0 1 0
vn 0 1 0
vn 0 1 0
vn 0 1 0
vn 0 1 0
vn 0 1 0
vn 0 1 0
vn 0 1 0
vn 0 1 0
vn 0 1 0
vn 0 1 0
vn 0 1 0
vn 0 1 0
vn 0 1 0
vn 0 1 0
vn 0 1 0
vn 0 1 0
vn 0 1 0
vn 0 1 0
vn 0 1 0
vn 0 1 0
vn 0 1 0
vn -1 0 0
vn -1 0 0
vn -1 0 0
vn -1 0 0
vn -1 0 0
vn -1 0 0
vn -1 0 0
vn -1 0 0
vn -1 0 0
vn -1 0 0
vn -1 0 0
vn -1 0 0
vn -1 0 0
vn -1 0 0
vn -1 0 0
vn -1 0 0
vn -1 0 0
vn -1 0 0
vn -1 0 0
vn -1 0 0
vn -1 0 0
vn -1 0 0
vn -1 0 0
vn -1 0 0
vn -1 0 0
vn -1 0 0
vn -1 0 0
vn -1 0 0
vn -1 0 0
vn -1 0 0
vn -1 0 0
vn -1 0 0
vn 1 0 0
vn 1 0 0
vn 1 0 0
vn 1 0 0
vn 1 0 0
vn 1 0 0
vn 1 0 0
vn 1 0 0
vn 1 0 0
vn 1 0 0
vn 1 0 0
vn 1 0 0
vn 1 0 0
vn 1 0 0
vn 1 0 0
vn 1 0 0
vn 1 0 0
vn 1 0 0
vn 1 0 0
vn 1 0 0
vn 1 0 0
vn 1 0 0
vn 1 0 0
vn 1 0 0
vn 1 0 0
vn 1 0 0
vn 1 0 0
vn 1 0 0
vn 1 0 0
vn 1 0 0
vn 1 0 0
vn 1 0 0
vn -1 0 0
vn -1 0 0
vn -1 0 0
vn -1 0 0
vn -1 0 0
vn -1 0 0
vn -1 0 0
vn -1 0 0
vn -1 0 0
vn -1 0 0
vn -1 0 0
vn -1 0 0
vn -1 0 0
vn -1 0 0
vn -1 0 0
vn -1 0 0
vn -1 0 0
vn -1 0 0
vn -1 0 0
vn -1 0 0
vn -1 0 0
vn -1 0 0
vn -1 0 0
vn -1 0 0
vn -1 0 0
vn -1 0 0
vn -1 0 0
vn -1 0 0
vn -1 0 0
vn -1 0 0
vn -1 0 0
vn -1 0 0
vn 1 0 0
vn 1 0 0
vn 1 0 0
vn 1 0 0
vn 1 0 0
vn 1 0 0
vn 1 0 0
vn 1 0 0
vn 1 0 0
vn 1 0 0
vn 1 0 0
vn 1 0 0
vn 1 0 0
vn 1 0 0
vn 1 0 0
vn 1 0 0
vn 1 0 0
vn 1 0 0
vn 1 0 0
vn 1 0 0
vn 1 0 0
vn 1 0 0
vn 1 0 0
vn 1 0 0
vn 1 0 0
vn 1 0 0
vn 1 0 0
vn 1 0 0
vn 1 0 0
vn 1 0 0
vn 1 0 0
vn 1 0 0
vn 0 0 -1
vn 0 0 -1
vn 0 0 -1
vn 0 0 -1
vn 0 0 -1
vn 0 0 -1
vn 0 0 -1
vn 0 0 -1
vn 0 0 -1
vn 0 0 -1
vn 0 0 -1
vn 0 0 -1
vn 0 0 -1
vn 0 0 -1
vn 0 0 -1
vn 0 0 -1
vn 0 0 -1
vn 0 0 -1
vn 0 0 -1
vn 0 0 -1
vn 0 0 -1
vn 0 0 -1
vn 0 0 -1
vn 0 0 -1
vn 0 0 -1
vn 0 0 -1
vn 0 0 -1
vn 0 0 -1
vn 0 0 -1
vn 0 0 -1
vn 0 0 -1
vn 0 0 -1
vn 0 0 1
vn 0 0 1
vn 0 0 1
vn 0 0 1
vn 0 0 1
vn 0 0 1
vn 0 0 1
vn 0 0 1
vn 0 0 1
vn 0 0 1
vn 0 0 1
vn 0 0 1
vn 0 0 1
vn 0 0 1
vn 0 0 1
vn 0 0 1
vn 0 0 1
vn 0 0 1
vn 0 0 1
vn 0 0 1
vn 0 0 1
vn 0 0 1
vn 0 0 1
vn 0 0 1
vn 0 0 1
vn 0 0 1
vn 0 0 1
vn 0 0 1
vn 0 0 1
vn 0 0 1
vn 0 0 1
vn 0 0 1
vn 0 0 -1
vn 0 0 -1
vn 0 0 -1
vn 0 0 -1
vn 0 0 -1
vn 0 0 -1
vn 0 0 -1
vn 0 0 -1
vn 0 0 -1
vn 0 0 -1
vn 0 0 -1
vn 0 0 -1
vn 0 0 -1
vn 0 0 -1
vn 0 0 -1
vn 0 0 -1
vn 0 0 -1
vn 0 0 -1
vn 0 0 -1
vn 0 0 -1
vn 0 0 -1
vn 0 0 -1
vn 0 0 -1
vn 0 0 -1
vn 0 0 -1
vn 0 0 -1
vn 0 0 -1
vn 0 0 -1
vn 0 0 -1
vn 0 0 -1
vn 0 0 -1
vn 0 0 -1
vn 0 0 1
vn 0 0 1
vn 0 0 1
vn 0 0 1
vn 0 0 1
vn 0 0 1
vn 0 0 1
vn 0 0 1
vn 0 0 1
vn 0 0 1
vn 0 0 1
vn 0 0 1
vn 0 0 1
vn 0 0 1
vn 0 0 1
vn 0 0 1
vn 0 0 1
vn 0 0 1
vn 0 0 1
vn 0 0 1
vn 0 0 1
vn 0 0 1
vn 0 0 1
vn 0 0 1
vn 0 0 1
vn 0 0 1
vn 0 0 1
vn 0 0 1
vn 0 0 1
vn 0 0 1
vn 0 0 1
vn 0 0 1
vn 0 0 -1
vn 0 0 -1
vn 0 0 -1
vn 0 0 -1
vn 0 0 -1
vn 0 0 -1
vn 0 0 -1
vn 0 0 -1
vn 0 0 1
vn 0 0 1
vn 0 0 1
vn 0 0 1
vn 0 0 1
vn 0 0 1
vn 0 0 1
vn 0 0 1
vn -1 0 0
vn -1 0 0
vn -1 0 0
vn -1 0 0
vn -1 0 0
vn -1 0 0
vn -1 0 0
vn -1 0 0
vn -1 0 0
vn -1 0 0
vn 1 0 0
vn 1 0 0
vn 1 0 0
vn 1 0 0
vn 1 0 0
vn 1 0 0
vn 1 0 0
vn 1 0 0
vn 1 0 0
vn 1 0 0
vn 1 0 0
vn 1 0 0
vn 1 0 0
vn 1 0 0
vn 1 0 0
vn 1 0 0
vn 1 0 0
vn 1 0 0
vn 1 0 0
vn 1 0 0
vn -1 0 0
vn -1 0 0
vn -1 0 0
vn -1 0 0
vn -1 0 0
vn -1 0 0
vn -1 0 0
vn -1 0 0
vn -1 0 0
vn -1 0 0
vn 0 0 1
vn 0 0 1
vn 0 0 1
vn 0 0 1
vn 0 0 1
vn 0 0 1
vn 0 0 1
vn 0 0 1
vn 0 0 -1
vn 0 0 -1
vn 0 0 -1
vn 0 0 -1
vn 0 0 -1
vn 0 0 -1
vn 0 0 -1
vn 0 0 -1
vn 0 0 -1
vn 0 0 -1
vn 0 0 -1
vn 0 0 -1
vn 0 0 -1
vn 0 0 -1
vn 0 0 -1
vn 0 0 -1
vn 0 0 1
vn 0 0 1
vn 0 0 1
vn 0 0 1
vn 0 0 1
vn 0 0 1
vn 0 0 1
vn 0 0 1
vn 0 -1 0
vn 0 -1 0
vn 0 -1 0
vn 0 -1 0
vn 0 -1 0
vn 0 -1 0
vn 0 -1 0
vn 0 -1 0
vn 0 -1 0
vn 0 -1 0
vn 0 1 0
vn 0 1 0
vn 0 1 0
vn 0 1 0
vn 0 1 0
vn 0 1 0
vn 0 1 0
vn 0 1 0
vn 0 1 0
vn 0 1 0
vn 0 1 0
vn 0 1 0
vn 0 1 0
vn 0 1 0
vn 0 1 0
vn 0 1 0
vn 0 1 0
vn 0 1 0
vn 0 1 0
vn 0 1 0
vn 0 1 0
vn 0 1 0
vn 0 1 0
vn 0 1 0
vn 0 1 0
vn 0 1 0
vn 0 1 0
vn 0 1 0
vn 0 1 0
vn 0 1 0
vn 0 1 0
vn 0 1 0
vn 0 1 0
vn 0 1 0
vn 0 1 0
vn 0 1 0
vn 0 1 0
vn 0 1 0
vn 0 1 0
vn 0 1 0
vn 0 1 0
vn 0 1 0
vn 0 1 0
vn 0 1 0
vn 0 1 0
vn 0 1 0
vn 0 1 0
vn 0 1 0
vn 0 1 0
vn 0 1 0
vn 0 1 0
vn 0 1 0
vn 0 1 0
vn 0 1 0
vn 0 1 0
vn 0 1 0
vn 0 -1 0
vn 0 -1 0
vn 0 -1 0
vn 0 -1 0
vn 0 -1 0
vn 0 -1 0
vn 0 -1 0
vn 0 -1 0
vn 0 -1 0
vn 0 -1 0
vn 0 -1 0
vn 0 -1 0
vn 0 -1 0
vn 0 -1 0
vn 0 -1 0
vn 0 -1 0
vn 0 -1 0
vn 0 -1 0
vn 0 -1 0
vn 0 -1 0
vn 0 -1 0
vn 0 -1 0
vn 0 -1 0
vn 0 -1 0
vn 0 -1 0
vn 0 -1 0
vn 0 -1 0
vn 0 -1 0
vn 0 -1 0
vn 0 -1 0
vn 0 -1 0
vn 0 -1 0
vn 0 -1 0
vn 0 -1 0
vn 0 -1 0
vn 0 -1 0
vn 0 -1 0
vn 0 -1 0
vn 0 -1 0
vn 0 -1 0
vn 0 -1 0
vn 0 -1 0
vn 0 -1 0
vn 0 -1 0
vn 0 -1 0
vn 0 -1 0
vn -1 0 0
vn -1 0 0
vn -1 0 0
vn -1 0 0
vn -1 0 0
vn -1 0 0
vn -1 0 0
vn -1 0 0
vn -1 0 0
vn -1 0 0
vn -1 0 0
vn -1 0 0
vn -1 0 0
vn -1 0 0
vn -1 0 0
vn -1 0 0
vn -1 0 0
vn -1 0 0
vn -1 0 0
vn -1 0 0
vn -1 0 0
vn -1 0 0
vn -1 0 0
vn -1 0 0
vn -1 0 0
vn -1 0 0
vn -1 0 0
vn -1 0 0
vn -1 0 0
vn -1 0 0
vn -1 0 0
vn -1 0 0
vn -1 0 0
vn -1 0 0
vn -1 0 0
vn -1 0 0
vn -1 0 0
vn -1 0 0
vn -1 0 0
vn -1 0 0
vn -1 0 0
vn -1 0 0
vn -1 0 0
vn -1 0 0
vn -1 0 0
vn -1 0 0
vn -1 0 0
vn -1 0 0
vn -1 0 0
vn -1 0 0
vn -1 0 0
vn -1 0 0
vn -1 0 0
vn -1 0 0
vn -1 0 0
vn -1 0 0
vn -1 0 0
vn -1 0 0
vn -1 0 0
vn -1 0 0
vn -1 0 0
vn -1 0 0
vn -1 0 0
vn -1 0 0
vn -1 0 0
vn -1 0 0
vn -1 0 0
vn -1 0 0
vn -1 0 0
vn -1 0 0
vn -1 0 0
vn -1 0 0
vn -1 0 0
vn -1 0 0
vn -1 0 0
vn -1 0 0
vn -1 0 0
vn -1 0 0
vn -1 0 0
vn -1 0 0
vn -1 0 0
vn -1 0 0
vn -1 0 0
vn -1 0 0
vn -1 0 0
vn -1 0 0
vn -1 0 0
vn -1 0 0
vn -1 0 0
vn -1 0 0
vn -1 0 0
vn -1 0 0
vn -1 0 0
vn -1 0 0
vn -1 0 0
vn -1 0 0
vn -1 0 0
vn -1 0 0
vn -1 0 0
vn 0 0 -1
vn 0 0 -1
vn 0 0 -1
vn 0 0 -1
vn 0 0 -1
vn 0 0 -1
vn 0 0 -1
vn 0 0 -1
vn 0 0 -1
vn 0 0 -1
vn 0 0 -1
vn 0 0 -1
vn 0 0 -1
vn 0 0 -1
vn 0 0 -1
vn 0 0 -1
vn 0 0 1
vn 0 0 1
vn 0 0 1
vn 0 0 1
vn 0 0 1
vn 0 0 1
vn 0 0 1
vn 0 0 1
vn 0 0 1
vn 0 0 1
vn 0 0 1
vn 0 0 1
vn 0 0 1
vn 0 0 1
vn 0 0 1
vn 0 0 1
vn 0 1 0
vn 0 1 0
vn 0 1 0
vn 0 1 0
vn 0 1 0
vn 0 1 0
vn 0 1 0
vn 0 1 0
vn 0 1 0
vn 0 1 0
vn 0 1 0
vn 0 1 0
vn 0 1 0
vn 0 1 0
vn 0 1 0
vn 0 1 0
vn 0 1 0
vn 0 1 0
vn 0 1 0
vn 0 1 0
vn 0 1 0
vn 0 1 0
vn 0 1 0
vn 0 1 0
vn 0 1 0
vn 0 1 0
vn 0 1 0
vn 0 1 0
vn 0 1 0
vn 0 1 0
vn 0 1 0
vn 0 1 0
vn 0 1 0
vn 0 1 0
vn 0 1 0
vn 0 1 0
vn 0 1 0
vn 0 1 0
vn 0 1 0
vn 0 1 0
vn 0 1 0
vn 0 1 0
vn 0 1 0
vn 0 1 0
vn 0 1 0
vn 0 1 0
vn 0 -1 0
vn 0 -1 0
vn 0 -1 0
vn 0 -1 0
vn 0 -1 0
vn 0 -1 0
vn 0 -1 0
vn 0 -1 0
vn 0 -1 0
vn 0 -1 0
vn 0 -1 0
vn 0 -1 0
vn 0 -1 0
vn 0 -1 0
vn 0 -1 0
vn 0 -1 0
vn 0 -1 0
vn 0 -1 0
vn 0 -1 0
vn 0 -1 0
vn 0 -1 0
vn 0 -1 0
vn 0 -1 0
vn 0 -1 0
vn 0 -1 0
vn 0 -1 0
vn 0 -1 0
vn 0 -1 0
vn 0 -1 0
vn 0 -1 0
vn 0 -1 0
vn 0 -1 0
vn 0 -1 0
vn 0 -1 0
vn 0 -1 0
vn 0 -1 0
vn 0 -1 0
vn 0 -1 0
vn 0 -1 0
vn 0 -1 0
vn 0 -1 0
vn 0 -1 0
vn 0 -1 0
vn 0 -1 0
vn 0 -1 0
vn 0 -1 0
vn -1 0 0
vn -1 0 0
vn -1 0 0
vn -1 0 0
vn -1 0 0
vn -1 0 0
vn -1 0 0
vn -1 0 0
vn -1 0 0
vn -1 0 0
vn -1 0 0
vn -1 0 0
vn -1 0 0
vn -1 0 0
vn -1 0 0
vn -1 0 0
vn -1 0 0
vn -1 0 0
vn -1 0 0
vn -1 0 0
vn -1 0 0
vn -1 0 0
vn -1 0 0
vn -1 0 0
vn -1 0 0
vn -1 0 0
vn -1 0 0
vn -1 0 0
vn -1 0 0
vn -1 0 0
vn -1 0 0
vn -1 0 0
vn -1 0 0
vn -1 0 0
vn -1 0 0
vn -1 0 0
vn -1 0 0
vn -1 0 0
vn -1 0 0
vn -1 0 0
vn -1 0 0
vn -1 0 0
vn -1 0 0
vn -1 0 0
vn -1 0 0
vn -1 0 0
vn -1 0 0
vn -1 0 0
vn -1 0 0
vn -1 0 0
vn -1 0 0
vn -1 0 0
vn -1 0 0
vn -1 0 0
vn -1 0 0
vn -1 0 0
vn -1 0 0
vn -1 0 0
vn -1 0 0
vn -1 0 0
vn -1 0 0
vn -1 0 0
vn -1 0 0
vn -1 0 0
vn -1 0 0
vn -1 0 0
vn -1 0 0
vn -1 0 0
vn -1 0 0
vn -1 0 0
vn -1 0 0
vn -1 0 0
vn -1 0 0
vn -1 0 0
vn -1 0 0
vn -1 0 0
vn -1 0 0
vn -1 0 0
vn -1 0 0
vn -1 0 0
vn -1 0 0
vn -1 0 0
vn -1 0 0
vn -1 0 0
vn -1 0 0
vn -1 0 0
vn -1 0 0
vn -1 0 0
vn -1 0 0
vn -1 0 0
vn -1 0 0
vn -1 0 0
vn -1 0 0
vn -1 0 0
vn -1 0 0
vn -1 0 0
vn -1 0 0
vn -1 0 0
vn -1 0 0
vn 0 0 -1
vn 0 0 -1
vn 0 0 -1
vn 0 0 -1
vn 0 0 -1
vn 0 0 -1
vn 0 0 -1
vn 0 0 -1
vn 0 0 -1
vn 0 0 -1
vn 0 0 -1
vn 0 0 -1
vn 0 0 -1
vn 0 0 -1
vn 0 0 -1
vn 0 0 -1
vn 0 0 1
vn 0 0 1
vn 0 0 1
vn 0 0 1
vn 0 0 1
vn 0 0 1
vn 0 0 1
vn 0 0 1
vn 0 0 1
vn 0 0 1
vn 0 0 1
vn 0 0 1
vn 0 0 1
vn 0 0 1
vn 0 0 1
vn 0 0 1
vn 0 1 0
vn 0 1 0
vn 0 1 0
vn 0 1 0
vn 0 1 0
vn 0 1 0
vn 0 1 0
vn 0 1 0
vn 0 1 0
vn 0 1 0
vn 0 1 0
vn 0 1 0
vn 0 1 0
vn 0 1 0
vn 0 1 0
vn 0 1 0
vn 0 1 0
vn 0 1 0
vn 0 1 0
vn 0 1 0
vn 0 1 0
vn 0 1 0
vn 0 1 0
vn 0 1 0
vn 0 1 0
vn 0 1 0
vn 0 1 0
vn 0 1 0
vn 0 1 0
vn 0 1 0
vn 0 1 0
vn 0 1 0
vn 0 1 0
vn 0 1 0
vn 0 1 0
vn 0 1 0
vn 0 1 0
vn 0 1 0
vn 0 1 0
vn 0 1 0
vn 0 1 0
vn 0 1 0
vn 0 1 0
vn 0 1 0
vn 0 1 0
vn 0 1 0
vn 0 -1 0
vn 0 -1 0
vn 0 -1 0
vn 0 -1 0
vn 0 -1 0
vn 0 -1 0
vn 0 -1 0
vn 0 -1 0
vn 0 -1 0
vn 0 -1 0
vn 0 -1 0
vn 0 -1 0
vn 0 -1 0
vn 0 -1 0
vn 0 -1 0
vn 0 -1 0
vn 0 -1 0
vn 0 -1 0
vn 0 -1 0
vn 0 -1 0
vn 0 -1 0
vn 0 -1 0
vn 0 -1 0
vn 0 -1 0
vn 0 -1 0
vn 0 -1 0
vn 0 -1 0
vn 0 -1 0
vn 0 -1 0
vn 0 -1 0
vn 0 -1 0
vn 0 -1 0
vn 0 -1 0
vn 0 -1 0
vn 0 -1 0
vn 0 -1 0
vn 0 -1 0
vn 0 -1 0
vn 0 -1 0
vn 0 -1 0
vn 0 -1 0
vn 0 -1 0
vn 0 -1 0
vn 0 -1 0
vn 0 -1 0
vn 0 -1 0
vn -1 0 0
vn -1 0 0
vn -1 0 0
vn -1 0 0
vn -1 0 0
vn -1 0 0
vn -1 0 0
vn -1 0 0
vn -1 0 0
vn -1 0 0
vn -1 0 0
vn -1 0 0
vn -1 0 0
vn -1 0 0
vn -1 0 0
vn -1 0 0
vn -1 0 0
vn -1 0 0
vn -1 0 0
vn -1 0 0
vn -1 0 0
vn -1 0 0
vn -1 0 0
vn -1 0 0
vn -1 0 0
vn -1 0 0
vn -1 0 0
vn -1 0 0
vn -1 0 0
vn -1 0 0
vn -1 0 0
vn -1 0 0
vn -1 0 0
vn -1 0 0
vn -1 0 0
vn -1 0 0
vn -1 0 0
vn -1 0 0
vn -1 0 0
vn -1 0 0
vn -1 0 0
vn -1 0 0
vn -1 0 0
vn -1 0 0
vn -1 0 0
vn -1 0 0
vn -1 0 0
vn -1 0 0
vn -1 0 0
vn -1 0 0
vn -1 0 0
vn -1 0 0
vn -1 0 0
vn -1 0 0
vn -1 0 0
vn -1 0 0
vn -1 0 0
vn -1 0 0
vn -1 0 0
vn -1 0 0
vn -1 0 0
vn -1 0 0
vn -1 0 0
vn -1 0 0
vn -1 0 0
vn -1 0 0
vn -1 0 0
vn -1 0 0
vn -1 0 0
vn -1 0 0
vn -1 0 0
vn -1 0 0
vn -1 0 0
vn -1 0 0
vn -1 0 0
vn -1 0 0
vn -1 0 0
vn -1 0 0
vn -1 0 0
vn -1 0 0
vn -1 0 0
vn -1 0 0
vn -1 0 0
vn -1 0 0
vn -1 0 0
vn -1 0 0
vn -1 0 0
vn -1 0 0
vn -1 0 0
vn -1 0 0
vn -1 0 0
vn -1 0 0
vn -1 0 0
vn -1 0 0
vn -1 0 0
vn -1 0 0
vn -1 0 0
vn -1 0 0
vn -1 0 0
vn 0 0 -1
vn 0 0 -1
vn 0 0 -1
vn 0 0 -1
vn 0 0 -1
vn 0 0 -1
vn 0 0 -1
vn 0 0 -1
vn 0 0 -1
vn 0 0 -1
vn 0 0 -1
vn 0 0 -1
vn 0 0 -1
vn 0 0 -1
vn 0 0 -1
vn 0 0 -1
vn 0 0 1
vn 0 0 1
vn 0 0 1
vn 0 0 1
vn 0 0 1
vn 0 0 1
vn 0 0 1
vn 0 0 1
vn 0 0 1
vn 0 0 1
vn 0 0 1
vn 0 0 1
vn 0 0 1
vn 0 0 1
vn 0 0 1
vn 0 0 1
vn 0 -1 0
vn 0 -1 0
vn 0 -1 0
vn 0 -1 0
vn 0 -1 0
vn 0 -1 0
vn 0 -1 0
vn 0 -1 0
vn 0 -1 0
vn 0 -1 0
vn 0 -1 0
vn 0 -1 0
vn 0 -1 0
vn 0 -1 0
vn 0 -1 0
vn 0 -1 0
vn 0 -1 0
vn 0 -1 0
vn 0 -1 0
vn 0 -1 0
vn 0 -1 0
vn 0 -1 0
vn 0 -1 0
vn 0 -1 0
vn 0 -1 0
vn 0 -1 0
vn 0 -1 0
vn 0 -1 0
vn 0 -1 0
vn 0 -1 0
vn 0 -1 0
vn 0 -1 0
vn 0 -1 0
vn 0 -1 0
vn 0 -1 0
vn 0 -1 0
vn 0 -1 0
vn 0 -1 0
vn 0 -1 0
vn 0 -1 0
vn 0 -1 0
vn 0 -1 0
vn 0 -1 0
vn 0 -1 0
vn 0 -1 0
vn 0 -1 0
vn 0 1 0
vn 0 1 0
vn 0 1 0
vn 0 1 0
vn 0 1 0
vn 0 1 0
vn 0 1 0
vn 0 1 0
vn 0 1 0
vn 0 1 0
vn 0 1 0
vn 0 1 0
vn 0 1 0
vn 0 1 0
vn 0 1 0
vn 0 1 0
vn 0 1 0
vn 0 1 0
vn 0 1 0
vn 0 1 0
vn 0 1 0
vn 0 1 0
vn 0 1 0
vn 0 1 0
vn 0 1 0
vn 0 1 0
vn 0 1 0
vn 0 1 0
vn 0 1 0
vn 0 1 0
vn 0 1 0
vn 0 1 0
vn 0 1 0
vn 0 1 0
vn 0 1 0
vn 0 1 0
vn 0 1 0
vn 0 1 0
vn 0 1 0
vn 0 1 0
vn 0 1 0
vn 0 1 0
vn 0 1 0
vn 0 1 0
vn 0 1 0
vn 0 1 0
vn 1 0 0
vn 1 0 0
vn 1 0 0
vn 1 0 0
vn 1 0 0
vn 1 0 0
vn 1 0 0
vn 1 0 0
vn 1 0 0
vn 1 0 0
vn 1 0 0
vn 1 0 0
vn 1 0 0
vn 1 0 0
vn 1 0 0
vn 1 0 0
vn 1 0 0
vn 1 0 0
vn 1 0 0
vn 1 0 0
vn 1 0 0
vn 1 0 0
vn 1 0 0
vn 1 0 0
vn 1 0 0
vn 1 0 0
vn 1 0 0
vn 1 0 0
vn 1 0 0
vn 1 0 0
vn 1 0 0
vn 1 0 0
vn 1 0 0
vn 1 0 0
vn 1 0 0
vn 1 0 0
vn 1 0 0
vn 1 0 0
vn 1 0 0
vn 1 0 0
vn 1 0 0
vn 1 0 0
vn 1 0 0
vn 1 0 0
vn 1 0 0
vn 1 0 0
vn 1 0 0
vn 1 0 0
vn 1 0 0
vn 1 0 0
vn 1 0 0
vn 1 0 0
vn 1 0 0
vn 1 0 0
vn 1 0 0
vn 1 0 0
vn 1 0 0
vn 1 0 0
vn 1 0 0
vn 1 0 0
vn 1 0 0
vn 1 0 0
vn 1 0 0
vn 1 0 0
vn 1 0 0
vn 1 0 0
vn 1 0 0
vn 1 0 0
vn 1 0 0
vn 1 0 0
vn 1 0 0
vn 1 0 0
vn 1 0 0
vn 1 0 0
vn 1 0 0
vn 1 0 0
vn 1 0 0
vn 1 0 0
vn 1 0 0
vn 1 0 0
vn 1 0 0
vn 1 0 0
vn 1 0 0
vn 1 0 0
vn 1 0 0
vn 1 0 0
vn 1 0 0
vn 1 0 0
vn 1 0 0
vn 1 0 0
vn 1 0 0
vn 1 0 0
vn 1 0 0
vn 1 0 0
vn 1 0 0
vn 1 0 0
vn 1 0 0
vn 1 0 0
vn 1 0 0
vn 0 0 -1
vn 0 0 -1
vn 0 0 -1
vn 0 0 -1
vn 0 0 -1
vn 0 0 -1
vn 0 0 -1
vn 0 0 -1
vn 0 0 -1
vn 0 0 -1
vn 0 0 -1
vn 0 0 -1
vn 0 0 -1
vn 0 0 -1
vn 0 0 -1
vn 0 0 -1
vn 0 0 1
vn 0 0 1
vn 0 0 1
vn 0 0 1
vn 0 0 1
vn 0 0 1
vn 0 0 1
vn 0 0 1
vn 0 0 1
vn 0 0 1
vn 0 0 1
vn 0 0 1
vn 0 0 1
vn 0 0 1
vn 0 0 1
vn 0 0 1
vn 0 0 1
vn 0 0 1
vn 0 0 1
vn 0 0 1
vn 0 0 1
vn 0 0 1
vn 0 0 1
vn 0 0 1
vn 0 0 1
vn 0 0 1
vn 0 0 1
vn 0 0 1
vn 0 0 1
vn 0 0 1
vn 0 0 1
vn 0 0 1
vn 0 0 -1
vn 0 0 -1
vn 0 0 -1
vn 0 0 -1
vn 0 0 -1
vn 0 0 -1
vn 0 0 -1
vn 0 0 -1
vn 0 0 -1
vn 0 0 -1
vn 0 0 -1
vn 0 0 -1
vn 0 0 -1
vn 0 0 -1
vn 0 0 -1
vn 0 0 -1
vn 0 -1 0
vn 0 -1 0
vn 0 -1 0
vn 0 -1 0
vn 0 -1 0
vn 0 -1 0
vn 0 -1 0
vn 0 -1 0
vn 0 -1 0
vn 0 -1 0
vn 0 -1 0
vn 0 -1 0
vn 0 -1 0
vn 0 -1 0
vn 0 -1 0
vn 0 -1 0
vn 0 -1 0
vn 0 -1 0
vn 0 -1 0
vn 0 -1 0
vn 0 -1 0
vn 0 -1 0
vn 0 -1 0
vn 0 -1 0
vn 0 -1 0
vn 0 -1 0
vn 0 -1 0
vn 0 -1 0
vn 0 -1 0
vn 0 -1 0
vn 0 -1 0
vn 0 -1 0
vn 0 -1 0
vn 0 -1 0
vn 0 -1 0
vn 0 -1 0
vn 0 -1 0
vn 0 -1 0
vn 0 -1 0
vn 0 -1 0
vn 0 -1 0
vn 0 -1 0
vn 0 -1 0
vn 0 -1 0
vn 0 -1 0
vn 0 -1 0
vn 0 -1 0
vn 0 -1 0
vn 0 -1 0
vn 0 -1 0
vn 0 -1 0
vn 0 -1 0
vn 0 -1 0
vn 0 -1 0
vn 0 -1 0
vn 0 -1 0
vn 0 -1 0
vn 0 -1 0
vn 0 -1 0
vn 0 -1 0
vn 0 -1 0
vn 0 -1 0
vn 0 -1 0
vn 0 -1 0
vn 0 -1 0
vn 0 -1 0
vn 0 -1 0
vn 0 -1 0
vn 0 -1 0
vn 0 -1 0
vn 0 -1 0
vn 0 -1 0
vn 0 -1 0
vn 0 -1 0
vn 0 -1 0
vn 0 -1 0
vn 0 -1 0
vn 0 -1 0
vn 0 -1 0
vn 0 -1 0
vn 0 -1 0
vn 0 -1 0
vn 0 -1 0
vn 0 -1 0
vn 0 -1 0
vn 0 -1 0
vn 0 -1 0
vn 0 -1 0
vn 0 -1 0
vn 0 -1 0
vn 0 -1 0
vn 0 -1 0
vn 0 -1 0
vn 0 -1 0
vn 0 -1 0
vn 0 -1 0
vn 0 -1 0
vn 0 -1 0
vn 0 -1 0
vn 1 0 0
vn 1 0 0
vn 1 0 0
vn 1 0 0
vn 1 0 0
vn 1 0 0
vn 1 0 0
vn 1 0 0
vn 1 0 0
vn 1 0 0
vn 1 0 0
vn 1 0 0
vn 1 0 0
vn 1 0 0
vn 1 0 0
vn 1 0 0
vn 1 0 0
vn 1 0 0
vn 1 0 0
vn 1 0 0
vn 1 0 0
vn 1 0 0
vn 1 0 0
vn 1 0 0
vn 1 0 0
vn 1 0 0
vn 1 0 0
vn 1 0 0
vn 1 0 0
vn 1 0 0
vn 1 0 0
vn 1 0 0
vn 1 0 0
vn 1 0 0
vn 1 0 0
vn 1 0 0
vn 1 0 0
vn 1 0 0
vn 1 0 0
vn 1 0 0
vn 1 0 0
vn 1 0 0
vn 1 0 0
vn 1 0 0
vn 1 0 0
vn 1 0 0
vn -1 0 0
vn -1 0 0
vn -1 0 0
vn -1 0 0
vn -1 0 0
vn -1 0 0
vn -1 0 0
vn -1 0 0
vn -1 0 0
vn -1 0 0
vn -1 0 0
vn -1 0 0
vn -1 0 0
vn -1 0 0
vn -1 0 0
vn -1 0 0
vn -1 0 0
vn -1 0 0
vn -1 0 0
vn -1 0 0
vn -1 0 0
vn -1 0 0
vn -1 0 0
vn -1 0 0
vn -1 0 0
vn -1 0 0
vn -1 0 0
vn -1 0 0
vn -1 0 0
vn -1 0 0
vn -1 0 0
vn -1 0 0
vn -1 0 0
vn -1 0 0
vn -1 0 0
vn -1 0 0
vn -1 0 0
vn -1 0 0
vn -1 0 0
vn -1 0 0
vn -1 0 0
vn -1 0 0
vn -1 0 0
vn -1 0 0
vn -1 0 0
vn -1 0 0
vn 0 0 1
vn 0 0 1
vn 0 0 1
vn 0 0 1
vn 0 0 1
vn 0 0 1
vn 0 0 1
vn 0 0 1
vn 0 0 1
vn 0 0 1
vn 0 0 1
vn 0 0 1
vn 0 0 1
vn 0 0 1
vn 0 0 1
vn 0 0 1
vn 0 0 -1
vn 0 0 -1
vn 0 0 -1
vn 0 0 -1
vn 0 0 -1
vn 0 0 -1
vn 0 0 -1
vn 0 0 -1
vn 0 0 -1
vn 0 0 -1
vn 0 0 -1
vn 0 0 -1
vn 0 0 -1
vn 0 0 -1
vn 0 0 -1
vn 0 0 -1
vn 0 -1 0
vn 0 -1 0
vn 0 -1 0
vn 0 -1 0
vn 0 -1 0
vn 0 -1 0
vn 0 -1 0
vn 0 -1 0
vn 0 -1 0
vn 0 -1 0
vn 0 -1 0
vn 0 -1 0
vn 0 -1 0
vn 0 -1 0
vn 0 -1 0
vn 0 -1 0
vn 0 -1 0
vn 0 -1 0
vn 0 -1 0
vn 0 -1 0
vn 0 -1 0
vn 0 -1 0
vn 0 -1 0
vn 0 -1 0
vn 0 -1 0
vn 0 -1 0
vn 0 -1 0
vn 0 -1 0
vn 0 -1 0
vn 0 -1 0
vn 0 -1 0
vn 0 -1 0
vn 0 -1 0
vn 0 -1 0
vn 0 -1 0
vn 0 -1 0
vn 0 -1 0
vn 0 -1 0
vn 0 -1 0
vn 0 -1 0
vn 0 -1 0
vn 0 -1 0
vn 0 -1 0
vn 0 -1 0
vn 0 -1 0
vn 0 -1 0
vn 0 -1 0
vn 0 -1 0
vn 0 -1 0
vn 0 -1 0
vn 0 -1 0
vn 0 -1 0
vn 0 -1 0
vn 0 -1 0
vn 0 -1 0
vn 0 -1 0
vn 0 -1 0
vn 0 -1 0
vn 0 -1 0
vn 0 -1 0
vn 0 -1 0
vn 0 -1 0
vn 0 -1 0
vn 0 -1 0
vn 0 -1 0
vn 0 -1 0
vn 0 -1 0
vn 0 -1 0
vn 0 -1 0
vn 0 -1 0
vn 0 -1 0
vn 0 -1 0
vn 0 -1 0
vn 0 -1 0
vn 0 -1 0
vn 0 -1 0
vn 0 -1 0
vn 0 -1 0
vn 0 -1 0
vn 0 -1 0
vn 0 -1 0
vn 0 -1 0
vn 0 -1 0
vn 0 -1 0
vn 0 -1 0
vn 0 -1 0
vn 0 -1 0
vn 0 -1 0
vn 0 -1 0
vn 0 -1 0
vn 0 -1 0
vn 0 -1 0
vn 0 -1 0
vn 0 -1 0
vn 0 -1 0
vn 0 -1 0
vn 0 -1 0
vn 0 -1 0
vn 0 -1 0
vn 1 0 0
vn 1 0 0
vn 1 0 0
vn 1 0 0
vn 1 0 0
vn 1 0 0
vn 1 0 0
vn 1 0 0
vn 1 0 0
vn 1 0 0
vn 1 0 0
vn 1 0 0
vn 1 0 0
vn 1 0 0
vn 1 0 0
vn 1 0 0
vn 1 0 0
vn 1 0 0
vn 1 0 0
vn 1 0 0
vn 1 0 0
vn 1 0 0
vn 1 0 0
vn 1 0 0
vn 1 0 0
vn 1 0 0
vn 1 0 0
vn 1 0 0
vn 1 0 0
vn 1 0 0
vn 1 0 0
vn 1 0 0
vn 1 0 0
vn 1 0 0
vn 1 0 0
vn 1 0 0
vn 1 0 0
vn 1 0 0
vn 1 0 0
vn 1 0 0
vn 1 0 0
vn 1 0 0
vn 1 0 0
vn 1 0 0
vn 1 0 0
vn 1 0 0
vn -1 0 0
vn -1 0 0
vn -1 0 0
vn -1 0 0
vn -1 0 0
vn -1 0 0
vn -1 0 0
vn -1 0 0
vn -1 0 0
vn -1 0 0
vn -1 0 0
vn -1 0 0
vn -1 0 0
vn -1 0 0
vn -1 0 0
vn -1 0 0
vn -1 0 0
vn -1 0 0
vn -1 0 0
vn -1 0 0
vn -1 0 0
vn -1 0 0
vn -1 0 0
vn -1 0 0
vn -1 0 0
vn -1 0 0
vn -1 0 0
vn -1 0 0
vn -1 0 0
vn -1 0 0
vn -1 0 0
vn -1 0 0
vn -1 0 0
vn -1 0 0
vn -1 0 0
vn -1 0 0
vn -1 0 0
vn -1 0 0
vn -1 0 0
vn -1 0 0
vn -1 0 0
vn -1 0 0
vn -1 0 0
vn -1 0 0
vn -1 0 0
vn -1 0 0
vn -1 0 0
vn -1 0 0
vn -1 0 0
vn -1 0 0
vn -1 0 0
vn -1 0 0
vn -1 0 0
vn -1 0 0
vn -1 0 0
vn -1 0 0
vn -1 0 0
vn -1 0 0
vn -1 0 0
vn -1 0 0
vn 0 -1 0
vn 0 -1 0
vn 0 -1 0
vn 0 -1 0
vn 0 -1 0
vn 0 -1 0
vn 0 -1 0
vn 0 -1 0
vn 0 -1 0
vn 0 -1 0
vn 0 -1 0
vn 0 -1 0
vn 0 -1 0
vn 0 -1 0
vn 0 1 0
vn 0 1 0
vn 0 1 0
vn 0 1 0
vn 0 1 0
vn 0 1 0
vn 0 1 0
vn 0 1 0
vn 0 1 0
vn 0 1 0
vn 0 1 0
vn 0 1 0
vn 0 1 0
vn 0 1 0
vn 0 0 -1
vn 0 0 -1
vn 0 0 -1
vn 0 0 -1
vn 0 0 -1
vn 0 0 -1
vn 0 0 -1
vn 0 0 -1
vn 0 0 -1
vn 0 0 -1
vn 0 0 -1
vn 0 0 -1
vn 0 0 -1
vn 0 0 -1
vn 0 0 -1
vn 0 0 -1
vn 0 0 -1
vn 0 0 -1
vn 0 0 -1
vn 0 0 -1
vn 0 0 -1
vn 0 0 -1
vn 0 0 -1
vn 0 0 -1
vn 0 0 -1
vn 0 0 -1
vn 0 0 -1
vn 0 0 -1
vn 0 0 -1
vn 0 0 -1
vn 0 0 -1
vn 0 0 -1
vn 0 0 -1
vn 0 0 -1
vn 0 0 -1
vn 0 0 -1
vn 0 0 -1
vn 0 0 -1
vn 0 0 -1
vn 0 0 -1
vn 0 0 -1
vn 0 0 -1
vn 0 0 -1
vn 0 0 -1
vn 0 0 -1
vn 0 0 -1
vn 0 0 -1
vn 0 0 -1
vn 0 0 -1
vn 0 0 -1
vn 0 0 -1
vn 0 0 -1
vn 0 0 -1
vn 0 0 -1
vn 0 0 -1
vn 0 0 -1
vn 0 0 -1
vn 0 0 -1
vn 0 0 -1
vn 0 0 -1
vn 0 0 -1
vn 0 0 -1
vn 0 0 -1
vn 0 0 -1
vn 0 0 -1
vn 0 0 -1
vn 0 0 -1
vn 0 0 -1
vn 0 0 -1
vn 0 0 -1
vn 0 0 -1
vn 0 0 -1
vn 0 0 -1
vn 0 0 -1
vn 0 0 -1
vn 0 0 -1
vn 0 0 -1
vn 0 0 -1
vn 0 0 -1
vn 0 0 -1
vn 0 0 -1
vn 0 0 -1
vn 0 0 -1
vn 0 0 -1
vn 0 0 -1
vn 0 0 -1
vn 0 0 -1
vn 0 0 -1
vn 0 0 -1
vn 0 0 -1
vn 0 0 -1
vn 0 0 -1
vn 0 0 -1
vn 0 0 -1
vn 0 0 -1
vn 0 0 -1
vn 0 0 -1
vn 0 0 -1
vn 0 0 -1
vn 0 0 -1
vn 0 0 -1
vn 0 0 -1
vn 0 0 -1
vn 0 0 -1
vn 0 0 -1
vn 0 0 -1
vn 0 0 -1
vn 0 0 -1
vn 0 0 -1
vn 0 0 -1
vn 0 0 -1
vn 0 0 -1
vn 0 0 -1
vn 0 0 -1
vn 0 0 -1
vn 0 0 -1
vn 0 0 -1
vn 0 0 -1
vn 0 0 -1
vn 0 0 -1
vn 0 0 -1
vn 0 0 -1
vn 0 0 -1
vn 0 0 -1
vn 0 0 -1
vn 0 0 -1
vn 0 0 -1
vn 0 0 -1
vn 0 0 -1
vn 0 0 -1
vn 0 0 -1
vn 0 0 -1
vn 0 0 -1
vn 0 0 -1
vn 0 0 -1
vn 0 0 -1
vn 0 0 -1
vn 0 0 -1
vn 0 0 -1
vn 0 0 -1
vn 0 0 -1
vn 0 0 -1
vn 0 0 -1
vn 0 0 -1
vn 0 0 -1
vn 0 0 -1
vn 0 0 -1
vn 0 0 -1
vn 0 0 -1
vn 0 0 -1
vn 0 0 -1
vn 0 0 -1
vn 0 0 -1
vn 0 0 -1
vn 0 0 -1
vn 0.00068374036345630884 0.48341184854507446 -0.87539279460906982
vn 0.00067587726516649127 0.50120961666107178 -0.86532562971115112
vn 0.00033389130840077996 0.48587679862976074 -0.87402725219726562
vn 0.00033342291135340929 0.48807582259178162 -0.87280118465423584
vn 0.00033295375760644674 0.4902656078338623 -0.87157303094863892
vn 0.00033248381805606186 0.49244615435600281 -0.87034285068511963
vn 0.00033201312180608511 0.49461743235588074 -0.86911076307296753
vn 0.00033154169796034694 0.49677953124046326 -0.86787670850753784
vn 0.0003310695756226778 0.49893239140510559 -0.86664086580276489
vn 0 0.48391401767730713 -0.87511557340621948
vn 0 0.50094813108444214 -0.86547732353210449
vn 0 0.48408213257789612 -0.87502259016036987
vn 0 0.48425018787384033 -0.87492960691452026
vn 0 0.48441818356513977 -0.87483656406402588
vn 0 0.48458611965179443 -0.87474358081817627
vn 0 0.48475399613380432 -0.87465053796768188
vn 0 0.48492184281349182 -0.8745574951171875
vn 0 0.48508962988853455 -0.87446445226669312
vn 0 0.4852573573589325 -0.87437134981155396
vn 0 0.48542502522468567 -0.87427830696105957
vn 0 0.48559266328811646 -0.87418520450592041
vn 0 0.48576021194458008 -0.87409210205078125
vn 0 0.48592773079872131 -0.87399899959564209
vn 0 0.48609519004821777 -0.87390583753585815
vn 0 0.48626261949539185 -0.87381273508071899
vn 0 0.48642995953559875 -0.87371957302093506
vn 0 0.48659726977348328 -0.87362641096115112
vn 0 0.48676452040672302 -0.87353324890136719
vn 0 0.48693171143531799 -0.87344002723693848
vn 0 0.48709884285926819 -0.87334686517715454
vn 0 0.487265944480896 -0.87325364351272583
vn 0 0.48743295669555664 -0.87316042184829712
vn 0 0.4875999391078949 -0.87306720018386841
vn 0 0.48776686191558838 -0.87297391891479492
vn 0 0.48793375492095947 -0.87288069725036621
vn 0 0.4881005585193634 -0.87278741598129272
vn 0 0.48826733231544495 -0.87269413471221924
vn 0 0.48843404650688171 -0.87260079383850098
vn 0 0.48860070109367371 -0.87250751256942749
vn 0 0.48876729607582092 -0.87241417169570923
vn 0 0.48893386125564575 -0.87232083082199097
vn 0 0.48910036683082581 -0.87222748994827271
vn 0 0.48926681280136108 -0.87213414907455444
vn 0 0.48943319916725159 -0.87204080820083618
vn 0 0.48959952592849731 -0.87194740772247314
vn 0 0.48976582288742065 -0.87185400724411011
vn 0 0.48993206024169922 -0.87176060676574707
vn 0 0.49009823799133301 -0.87166720628738403
vn 0 0.49026435613632202 -0.871573805809021
vn 0 0.49043041467666626 -0.87148034572601318
vn 0 0.49059644341468811 -0.87138688564300537
vn 0 0.49076241254806519 -0.87129342555999756
vn 0 0.49092832207679749 -0.87119996547698975
vn 0 0.49109417200088501 -0.87110650539398193
vn 0 0.49125999212265015 -0.87101298570632935
vn 0 0.49142572283744812 -0.87091946601867676
vn 0 0.49159142374992371 -0.87082594633102417
vn 0 0.49175706505775452 -0.87073242664337158
vn 0 0.49192267656326294 -0.87063890695571899
vn 0 0.4920881986618042 -0.87054532766342163
vn 0 0.49225369095802307 -0.87045180797576904
vn 0 0.49241912364959717 -0.87035822868347168
vn 0 0.49258449673652649 -0.87026464939117432
vn 0 0.49274981021881104 -0.87017101049423218
vn 0 0.49291509389877319 -0.87007743120193481
vn 0 0.49308031797409058 -0.86998379230499268
vn 0 0.49324548244476318 -0.86989015340805054
vn 0 0.49341058731079102 -0.8697965145111084
vn 0 0.49357563257217407 -0.86970287561416626
vn 0 0.49374064803123474 -0.86960923671722412
vn 0 0.49390560388565063 -0.86951553821563721
vn 0 0.49407050013542175 -0.86942183971405029
vn 0 0.4942353367805481 -0.86932814121246338
vn 0 0.49440011382102966 -0.86923444271087646
vn 0 0.49456486105918884 -0.86914074420928955
vn 0 0.49472954869270325 -0.86904698610305786
vn 0 0.49489417672157288 -0.86895322799682617
vn 0 0.49505874514579773 -0.86885952949523926
vn 0 0.4952232837677002 -0.86876571178436279
vn 0 0.49538776278495789 -0.8686719536781311
vn 0 0.49555215239524841 -0.86857819557189941
vn 0 0.49571654200553894 -0.86848437786102295
vn 0 0.4958808422088623 -0.86839056015014648
vn 0 0.49604511260986328 -0.86829674243927002
vn 0 0.49620929360389709 -0.86820292472839355
vn 0 0.49637344479560852 -0.86810910701751709
vn 0 0.49653756618499756 -0.86801522970199585
vn 0 0.49670159816741943 -0.86792135238647461
vn 0 0.49686560034751892 -0.86782753467559814
vn 0 0.49702954292297363 -0.86773359775543213
vn 0 0.49719342589378357 -0.86763972043991089
vn 0 0.49735724925994873 -0.86754584312438965
vn 0 0.4975210428237915 -0.86745190620422363
vn 0 0.49768474698066711 -0.86735796928405762
vn 0 0.49784842133522034 -0.8672640323638916
vn 0 0.49801203608512878 -0.86717009544372559
vn 0 0.49817562103271484 -0.86707615852355957
vn 0 0.49833911657333374 -0.86698216199874878
vn 0 0.49850258231163025 -0.86688822507858276
vn 0 0.49866598844528198 -0.86679422855377197
vn 0 0.49882933497428894 -0.86670023202896118
vn 0 0.49899265170097351 -0.86660623550415039
vn 0 0.49915590882301331 -0.86651217937469482
vn 0 0.49931907653808594 -0.86641818284988403
vn 0 0.49948224425315857 -0.86632412672042847
vn 0 0.49964532256126404 -0.8662300705909729
vn 0 0.49980834126472473 -0.86613601446151733
vn 0 0.49997133016586304 -0.86604195833206177
vn 0 0.50013428926467896 -0.86594784259796143
vn 0 0.50029712915420532 -0.86585378646850586
vn 0 0.50045996904373169 -0.86575967073440552
vn 0 0.50062274932861328 -0.86566555500030518
vn 0 0.5007854700088501 -0.86557143926620483
vn 0.00016513401351403445 0.48597660660743713 -0.87397181987762451
vn 0.00033412518678233027 0.48477381467819214 -0.87463951110839844
vn 0.00016524846432730556 0.48488575220108032 -0.87457746267318726
vn 8.2178048614878207E-05 0.4849407970905304 -0.87454700469970703
vn 0.00016530565335415304 0.48433944582939148 -0.87488013505935669
vn 8.2206330262124538E-05 0.48439750075340271 -0.87484800815582275
vn 8.2121434388682246E-05 0.48602572083473206 -0.87394452095031738
vn 0.00016519124619662762 0.48543146252632141 -0.87427473068237305
vn 8.2149745139759034E-05 0.48548352718353271 -0.87424582242965698
vn 0.0001649048354011029 0.48815155029296875 -0.87275886535644531
vn 0.000333657197188586 0.48697748780250549 -0.87341445684432983
vn 0.00016501947538927197 0.48706522583961487 -0.87336558103561401
vn 8.20647765067406E-05 0.48710837960243225 -0.87334150075912476
vn 0.00016507676627952605 0.48652121424674988 -0.87366873025894165
vn 8.209310908569023E-05 0.48656731843948364 -0.87364310026168823
vn 8.2008067693095654E-05 0.48818880319595337 -0.8727380633354187
vn 0.00016496216994710267 0.48760867118835449 -0.87306231260299683
vn 8.2036422099918127E-05 0.48764887452125549 -0.8730398416519165
vn 0.00016467527893837541 0.49031743407249451 -0.87154388427734375
vn 0.00033318842179141939 0.48917189240455627 -0.87218731641769409
vn 0.00016479010810144246 0.48923563957214355 -0.87215161323547363
vn 8.1951307947747409E-05 0.48926699161529541 -0.87213402986526489
vn 0.00016484748630318791 0.48869389295578003 -0.87245529890060425
vn 8.1979691458400339E-05 0.48872816562652588 -0.87243610620498657
vn 8.1894511822611094E-05 0.49034294486045837 -0.87152957916259766
vn 0.00016473270079586655 0.48977681994438171 -0.87184780836105347
vn 8.1922917161136866E-05 0.48980525135993958 -0.87183189392089844
vn 0.00016444534412585199 0.49247428774833679 -0.87032699584960938
vn 0.00033271886059083045 0.49135702848434448 -0.87095820903778076
vn 0.000164560362463817 0.49139699339866638 -0.87093567848205566
vn 8.1837664765771478E-05 0.49141666293144226 -0.87092459201812744
vn 0.00016461782797705382 0.49085751175880432 -0.87123984098434448
vn 8.1866091932170093E-05 0.49088007211685181 -0.87122714519500732
vn 8.1780774053186178E-05 0.49248811602592468 -0.8703191876411438
vn 0.00016450286784674972 0.49193590879440308 -0.87063139677047729
vn 8.1809223047457635E-05 0.49195265769958496 -0.87062191963195801
vn 0.00016421504551544785 0.49462208151817322 -0.86910814046859741
vn 0.00033224854269064963 0.49353295564651489 -0.86972701549530029
vn 0.00016433023847639561 0.49354931712150574 -0.86971777677536011
vn 8.1723839684855193E-05 0.49355736374855042 -0.86971324682235718
vn 0.00016438780585303903 0.49301207065582275 -0.8700224757194519
vn 8.1752310506999493E-05 0.49302300810813904 -0.87001627683639526
vn 8.1666854384820908E-05 0.49462437629699707 -0.86910682916641235
vn 0.00016427265654783696 0.49408599734306335 -0.86941301822662354
vn 8.1695354310795665E-05 0.49409115314483643 -0.86941009759902954
vn 0.00016398439765907824 0.49676087498664856 -0.86788743734359741
vn 0.00033177749719470739 0.49569964408874512 -0.86849397420883179
vn 0.00016409976524300873 0.49569261074066162 -0.86849802732467651
vn 8.1609832704998553E-05 0.49568915367126465 -0.8684999942779541
vn 0.00016415741993114352 0.4951576292514801 -0.86880314350128174
vn 8.1638347182888538E-05 0.49515703320503235 -0.86880350112915039
vn 8.1552767369430512E-05 0.49675169587135315 -0.86789268255233765
vn 0.00016404209600295871 0.49622702598571777 -0.86819279193878174
vn 8.158130367519334E-05 0.49622070789337158 -0.86819642782211304
vn 0.00016375341510865837 0.49889063835144043 -0.86666494607925415
vn 0.00033130572410300374 0.49785709381103516 -0.86725902557373047
vn 0.00016386894276365638 0.49782687425613403 -0.86727643013000488
vn 8.1495658378116786E-05 0.49781200289726257 -0.86728495359420776
vn 0.00016392668476328254 0.49729415774345398 -0.86758196353912354
vn 8.1524216511752456E-05 0.49728211760520935 -0.86758887767791748
vn 8.143851300701499E-05 0.49887010455131531 -0.86667674779891968
vn 0.00016381118621211499 0.49835902452468872 -0.8669707179069519
vn 8.1467092968523502E-05 0.49834132194519043 -0.8669809103012085
vn 0.00033083325251936913 0.50000536441802979 -0.86602222919464111
vn 0.00016363778559025377 0.49995213747024536 -0.86605304479598999
vn 8.1381316704209894E-05 0.49992594122886658 -0.86606812477111816
vn 0.0001636956149013713 0.49942168593406677 -0.86635905504226685
vn 8.1409918493591249E-05 0.49939829111099243 -0.86637252569198608
vn 0.00016357995627913624 0.50048208236694336 -0.86574691534042358
vn 8.1352707638870925E-05 0.50045305490493774 -0.86576366424560547
vn 0.00067606521770358086 0.50079381465911865 -0.86556631326675415
vn 0.00067625317024067044 0.50037771463394165 -0.8658069372177124
vn 0.00067644106457009912 0.49996122717857361 -0.86604750156402588
vn 0.00067662890069186687 0.4995444118976593 -0.86628800630569458
vn 0.00067681673681363463 0.49912726879119873 -0.86652845144271851
vn 0.00067700445652008057 0.49870973825454712 -0.86676877737045288
vn 0.00067719211801886559 0.49829187989234924 -0.86700910329818726
vn 0.0006773797795176506 0.49787366390228271 -0.86724931001663208
vn 0.0006775673246011138 0.49745512008666992 -0.86748945713043213
vn 0.00067775486968457699 0.49703621864318848 -0.8677295446395874
vn 0.00067794229835271835 0.49661695957183838 -0.8679695725440979
vn 0.00067812972702085972 0.49619737267494202 -0.86820948123931885
vn 0.00067831709748134017 0.495777428150177 -0.86844933032989502
vn 0.00067850440973415971 0.49535712599754333 -0.86868917942047119
vn 0.00067869160557165742 0.4949364960193634 -0.86892890930175781
vn 0.00067887880140915513 0.49451550841331482 -0.86916851997375488
vn 0.00067906593903899193 0.49409416317939758 -0.86940813064575195
vn 0.00067925301846116781 0.49367246031761169 -0.86964762210845947
vn 0.00067944003967568278 0.49325042963027954 -0.86988711357116699
vn 0.00067962700268253684 0.49282804131507874 -0.87012648582458496
vn 0.00067981390748172998 0.49240532517433167 -0.87036573886871338
vn 0.00068000075407326221 0.49198222160339355 -0.8706049919128418
vn 0.00068018754245713353 0.49155879020690918 -0.87084412574768066
vn 0.00068037427263334394 0.49113503098487854 -0.87108319997787476
vn 0.00068056094460189342 0.49071088433265686 -0.87132221460342407
vn 0.000680747558362782 0.49028640985488892 -0.87156111001968384
vn 0.00068093411391600966 0.48986157774925232 -0.87179994583129883
vn 0.00068112061126157641 0.48943641781806946 -0.87203872203826904
vn 0.00068130705039948225 0.48901087045669556 -0.87227743864059448
vn 0.00068149343132972717 0.48858499526977539 -0.87251603603363037
vn 0.00068167975405231118 0.48815879225730896 -0.87275457382202148
vn 0.00068186601856723428 0.48773220181465149 -0.87299305200576782
vn 0.00068205216666683555 0.48730528354644775 -0.87323141098022461
vn 0.00068223831476643682 0.48687800765037537 -0.87346971035003662
vn 0.00068242440465837717 0.48645037412643433 -0.87370795011520386
vn 0.0006826103781349957 0.48602241277694702 -0.87394607067108154
vn 0.00068279635161161423 0.48559409379959106 -0.87418413162231445
vn 0.00068298220867291093 0.48516541719436646 -0.87442213296890259
vn 0.00068316800752654672 0.48473638296127319 -0.87466001510620117
vn 0.0006833538063801825 0.48430702090263367 -0.87489783763885498
vn 0.00068353948881849647 0.48387730121612549 -0.87513560056686401
vn 0.00068372511304914951 0.48344722390174866 -0.8753732442855835
vn 0.00050206604646518826 0.49897503852844238 -0.86661618947982788
vn 0.00050170370377600193 0.50005972385406494 -0.86599075794219971
vn 0.00050278997514396906 0.49679857492446899 -0.86786574125289917
vn 0.00050242815632373095 0.49788796901702881 -0.86724120378494263
vn 0.00050351273966953158 0.49461269378662109 -0.86911338567733765
vn 0.00050315150292590261 0.49570679664611816 -0.86848980188369751
vn 0.00050423445645719767 0.49241736531257629 -0.87035906314849854
vn 0.00050387374358251691 0.49351620674133301 -0.8697364330291748
vn 0.00050495495088398457 0.49021261930465698 -0.87160271406173706
vn 0.00050459482008591294 0.49131616950035095 -0.87098115682601929
vn 0.0005056742811575532 0.48799839615821838 -0.872844398021698
vn 0.00050531479064375162 0.489106684923172 -0.87222379446029663
vn 0.00050639238907024264 0.48577475547790527 -0.87408387660980225
vn 0.0005060334806330502 0.48688775300979614 -0.87346440553665161
vn 0.0005067509482614696 0.48465937376022339 -0.8747028112411499
vn 0.00050693011144176126 0.48410078883171082 -0.8750120997428894
vn 0.00059450895059853792 0.48460116982460022 -0.87473499774932861
vn 0.00059472030261531472 0.48403942584991455 -0.87504595518112183
vn 0.00059482594951987267 0.48375833034515381 -0.87520140409469604
vn 0.00063898402731865644 0.48400849103927612 -0.87506306171417236
vn 0.00063909782329574227 0.4837266206741333 -0.87521892786026001
vn 0.00063915475038811564 0.48358559608459473 -0.87529683113098145
vn 0.00066132686333730817 0.48371067643165588 -0.87522768974304199
vn 0.00066138582769781351 0.48356947302818298 -0.87530571222305298
vn 0.49965506792068481 0 -0.86622446775436401
vn 0.49965506792068481 0 -0.86622446775436401
vn 0.49965506792068481 0 -0.86622446775436401
vn 0.49965506792068481 0 -0.86622446775436401
vn 0.49965506792068481 0 -0.86622446775436401
vn 0.49965506792068481 0 -0.86622446775436401
vn 0.49965506792068481 0 -0.86622446775436401
vn 0.49965506792068481 0 -0.86622446775436401
vn 0.49965506792068481 0 -0.86622446775436401
vn 0.49965506792068481 0 -0.86622446775436401
vn 0.49965506792068481 0 -0.86622446775436401
vn 0.49965506792068481 0 -0.86622446775436401
vn 0.49965506792068481 0 -0.86622446775436401
vn 0.49965506792068481 0 -0.86622446775436401
vn 0.49965506792068481 0 -0.86622446775436401
vn 0.49965506792068481 0 -0.86622446775436401
vn 0.49965506792068481 0 -0.86622446775436401
vn 0.49965506792068481 0 -0.86622446775436401
vn 0.49965506792068481 0 -0.86622446775436401
vn 0.49965506792068481 0 -0.86622446775436401
vn 0.49965506792068481 0 -0.86622446775436401
vn 0.49965506792068481 0 -0.86622446775436401
vn 0.49965506792068481 0 -0.86622446775436401
vn 0.49965506792068481 0 -0.86622446775436401
vn 0.49965506792068481 0 -0.86622446775436401
vn 0.49965506792068481 0 -0.86622446775436401
vn 0.49965506792068481 0 -0.86622446775436401
vn 0.49965506792068481 0 -0.86622446775436401
vn 0.49965506792068481 0 -0.86622446775436401
vn 0.49965506792068481 0 -0.86622446775436401
vn 0.49965506792068481 0 -0.86622446775436401
vn 0.49965506792068481 0 -0.86622446775436401
vn 0.49965506792068481 0 -0.86622446775436401
vn 0.49965506792068481 0 -0.86622446775436401
vn 0.49965506792068481 0 -0.86622446775436401
vn 0.49965506792068481 0 -0.86622446775436401
vn 0.49965506792068481 0 -0.86622446775436401
vn 0.49965506792068481 0 -0.86622446775436401
vn 0.49965506792068481 0 -0.86622446775436401
vn 0.49965506792068481 0 -0.86622446775436401
vn 0.49965506792068481 0 -0.86622446775436401
vn 0.49965506792068481 0 -0.86622446775436401
vn 0.49965506792068481 0 -0.86622446775436401
vn 0.49965506792068481 0 -0.86622446775436401
vn 0.49965506792068481 0 -0.86622446775436401
vn 0.49965506792068481 0 -0.86622446775436401
vn 0.49965506792068481 0 -0.86622446775436401
vn 0.49965506792068481 0 -0.86622446775436401
vn 0.49965506792068481 0 -0.86622446775436401
vn 0.49965506792068481 0 -0.86622446775436401
vn 0.49965506792068481 0 -0.86622446775436401
vn 0.49965506792068481 0 -0.86622446775436401
vn 0.49965506792068481 0 -0.86622446775436401
vn 0.49965506792068481 0 -0.86622446775436401
vn 0.49965506792068481 0 -0.86622446775436401
vn 0.49965506792068481 0 -0.86622446775436401
vn 0.49965506792068481 0 -0.86622446775436401
vn 0.49965506792068481 0 -0.86622446775436401
vn 0.49965506792068481 0 -0.86622446775436401
vn 0.49965506792068481 0 -0.86622446775436401
vn 0.49965506792068481 0 -0.86622446775436401
vn 0.49965506792068481 0 -0.86622446775436401
vn 0.49965506792068481 0 -0.86622446775436401
vn 0.49965506792068481 0 -0.86622446775436401
vn 0.49965506792068481 0 -0.86622446775436401
vn 0.49965506792068481 0 -0.86622446775436401
vn 0.49965506792068481 0 -0.86622446775436401
vn 0.49965506792068481 0 -0.86622446775436401
vn 0.49965506792068481 0 -0.86622446775436401
vn 0.49965506792068481 0 -0.86622446775436401
vn 0.49965506792068481 0 -0.86622446775436401
vn 0.49965506792068481 0 -0.86622446775436401
vn 0.49965506792068481 0 -0.86622446775436401
vn 0.49965506792068481 0 -0.86622446775436401
vn 0.49965506792068481 0 -0.86622446775436401
vn 0.49965506792068481 0 -0.86622446775436401
vn 0.49965506792068481 0 -0.86622446775436401
vn 0.49965506792068481 0 -0.86622446775436401
vn 0.49965506792068481 0 -0.86622446775436401
vn 0.49965506792068481 0 -0.86622446775436401
vn 0.49965506792068481 0 -0.86622446775436401
vn 0.49965506792068481 0 -0.86622446775436401
vn 0.49965506792068481 0 -0.86622446775436401
vn 0.49965506792068481 0 -0.86622446775436401
vn 0.49965506792068481 0 -0.86622446775436401
vn 0.49965506792068481 0 -0.86622446775436401
vn 0.49965506792068481 0 -0.86622446775436401
vn 0.49965506792068481 0 -0.86622446775436401
vn 0.49965506792068481 0 -0.86622446775436401
vn 0.49965506792068481 0 -0.86622446775436401
vn 0.49965506792068481 0 -0.86622446775436401
vn 0.49965506792068481 0 -0.86622446775436401
vn 0.49965506792068481 0 -0.86622446775436401
vn 0.49965506792068481 0 -0.86622446775436401
vn 0.49965506792068481 0 -0.86622446775436401
vn 0.49965506792068481 0 -0.86622446775436401
vn 0.49965506792068481 0 -0.86622446775436401
vn 0.49965506792068481 0 -0.86622446775436401
vn 0.49965506792068481 0 -0.86622446775436401
vn 0.49965506792068481 0 -0.86622446775436401
vn 0.49965506792068481 0 -0.86622446775436401
vn 0.49965506792068481 0 -0.86622446775436401
vn 0.49965506792068481 0 -0.86622446775436401
vn 0.49965506792068481 0 -0.86622446775436401
vn 0.49965506792068481 0 -0.86622446775436401
vn 0.49965506792068481 0 -0.86622446775436401
vn 0.49965506792068481 0 -0.86622446775436401
vn 0.49965506792068481 0 -0.86622446775436401
vn 0.49965506792068481 0 -0.86622446775436401
vn 0.49965506792068481 0 -0.86622446775436401
vn 0.49965506792068481 0 -0.86622446775436401
vn 0.49965506792068481 0 -0.86622446775436401
vn 0.49965506792068481 0 -0.86622446775436401
vn 0.49965506792068481 0 -0.86622446775436401
vn 0.49965506792068481 0 -0.86622446775436401
vn 0.49965506792068481 0 -0.86622446775436401
vn 0.49965506792068481 0 -0.86622446775436401
vn 0.49965506792068481 0 -0.86622446775436401
vn 0.49965506792068481 0 -0.86622446775436401
vn 0.49965506792068481 0 -0.86622446775436401
vn 0.49965506792068481 0 -0.86622446775436401
vn 0.49965506792068481 0 -0.86622446775436401
vn 0.49965506792068481 0 -0.86622446775436401
vn 0.49965506792068481 0 -0.86622446775436401
vn 0.49965506792068481 0 -0.86622446775436401
vn 0.49965506792068481 0 -0.86622446775436401
vn 0.49965506792068481 0 -0.86622446775436401
vn 0.49965506792068481 0 -0.86622446775436401
vn 0.49965506792068481 0 -0.86622446775436401
vn 0.49965506792068481 0 -0.86622446775436401
vn 0.49965506792068481 0 -0.86622446775436401
vn 0.49965506792068481 0 -0.86622446775436401
vn 0.49965506792068481 0 -0.86622446775436401
vn 0.49965506792068481 0 -0.86622446775436401
vn 0.49965506792068481 0 -0.86622446775436401
vn 0.49965506792068481 0 -0.86622446775436401
vn 0.49965506792068481 0 -0.86622446775436401
vn 0.49965506792068481 0 -0.86622446775436401
vn 0.49965506792068481 0 -0.86622446775436401
vn 0.49965506792068481 0 -0.86622446775436401
vn 0.49965506792068481 0 -0.86622446775436401
vn 0.49965506792068481 0 -0.86622446775436401
vn 0.49965506792068481 0 -0.86622446775436401
vn 0.49965506792068481 0 -0.86622446775436401
vn 0.49965506792068481 0 -0.86622446775436401
vn 0.49965506792068481 0 -0.86622446775436401
vn 0.49965506792068481 0 -0.86622446775436401
vn 0.49965506792068481 0 -0.86622446775436401
vn 0.49965506792068481 0 -0.86622446775436401
vn 0.49965506792068481 0 -0.86622446775436401
vn 0.49965506792068481 0 -0.86622446775436401
vn 0.49965506792068481 0 -0.86622446775436401
vn 0.49965506792068481 0 -0.86622446775436401
vn 0.49965506792068481 0 -0.86622446775436401
vn 0.49965506792068481 0 -0.86622446775436401
vn 0.49965506792068481 0 -0.86622446775436401
vn 0.49965506792068481 0 -0.86622446775436401
vn 0.49965506792068481 0 -0.86622446775436401
vn 0.49965506792068481 0 -0.86622446775436401
vn 0.49965506792068481 0 -0.86622446775436401
vn 0.49965506792068481 0 -0.86622446775436401
vn 0.49965506792068481 0 -0.86622446775436401
vn 0.49965506792068481 0 -0.86622446775436401
vn 0.49965506792068481 0 -0.86622446775436401
vn 0.49965506792068481 0 -0.86622446775436401
vn 0.49965506792068481 0 -0.86622446775436401
vn 0.49965506792068481 0 -0.86622446775436401
vn 0.49965506792068481 0 -0.86622446775436401
vn 0.49965506792068481 0 -0.86622446775436401
vn 0.49965506792068481 0 -0.86622446775436401
vn 0.49965506792068481 0 -0.86622446775436401
vn 0.49965506792068481 0 -0.86622446775436401
vn 0.49965506792068481 0 -0.86622446775436401
vn 0.49965506792068481 0 -0.86622446775436401
vn 0.49965506792068481 0 -0.86622446775436401
vn 0.49965506792068481 0 -0.86622446775436401
vn 0.49965506792068481 0 -0.86622446775436401
vn 0.49965506792068481 0 -0.86622446775436401
vn 0.49965506792068481 0 -0.86622446775436401
vn 0.49965506792068481 0 -0.86622446775436401
vn 0.49965506792068481 0 -0.86622446775436401
vn 0.49965506792068481 0 -0.86622446775436401
vn 0.49965506792068481 0 -0.86622446775436401
vn 0.49965506792068481 0 -0.86622446775436401
vn 0.49965506792068481 0 -0.86622446775436401
vn 0.49965506792068481 0 -0.86622446775436401
vn 0.49965506792068481 0 -0.86622446775436401
vn 0.49965506792068481 0 -0.86622446775436401
vn 0.49965506792068481 0 -0.86622446775436401
vn 0.49965506792068481 0 -0.86622446775436401
vn 0.49965506792068481 0 -0.86622446775436401
vn 0.49965506792068481 0 -0.86622446775436401
vn 0.49965506792068481 0 -0.86622446775436401
vn 0.49965506792068481 0 -0.86622446775436401
vn 0.49965506792068481 0 -0.86622446775436401
vn 0.49965506792068481 0 -0.86622446775436401
vn 0.49965506792068481 0 -0.86622446775436401
vn 0.49965506792068481 0 -0.86622446775436401
vn 0.49965506792068481 0 -0.86622446775436401
vn 0.49965506792068481 0 -0.86622446775436401
vn 0.49965506792068481 0 -0.86622446775436401
vn 0.49965506792068481 0 -0.86622446775436401
vn 0.49965506792068481 0 -0.86622446775436401
vn 0.49965506792068481 0 -0.86622446775436401
vn 0.49965506792068481 0 -0.86622446775436401
vn 0.49965506792068481 0 -0.86622446775436401
vn 0.49965506792068481 0 -0.86622446775436401
vn 0.49965506792068481 0 -0.86622446775436401
vn 0.49965506792068481 0 -0.86622446775436401
vn 0.49965506792068481 0 -0.86622446775436401
vn 0.49965506792068481 0 -0.86622446775436401
vn 0.49965506792068481 0 -0.86622446775436401
vn 0.49965506792068481 0 -0.86622446775436401
vn 0.49965506792068481 0 -0.86622446775436401
vn 0.49965506792068481 0 -0.86622446775436401
vn 0.49965506792068481 0 -0.86622446775436401
vn 0.49965506792068481 0 -0.86622446775436401
vn 0.49965506792068481 0 -0.86622446775436401
vn 0.49965506792068481 0 -0.86622446775436401
vn 0.49965506792068481 0 -0.86622446775436401
vn 0.49965506792068481 0 -0.86622446775436401
vn 0.49965506792068481 0 -0.86622446775436401
vn 0.49965506792068481 0 -0.86622446775436401
vn 0.49965506792068481 0 -0.86622446775436401
vn 0.49965506792068481 0 -0.86622446775436401
vn 0.49965506792068481 0 -0.86622446775436401
vn 0.49965506792068481 0 -0.86622446775436401
vn 0.49965506792068481 0 -0.86622446775436401
vn 0.49965506792068481 0 -0.86622446775436401
vn 0.49965506792068481 0 -0.86622446775436401
vn 0.50005286931991577 0 -0.86599487066268921
vn 0.500052809715271 0.00049178220797330141 -0.86599475145339966
vn 0.50005263090133667 0.00098356406670063734 -0.86599445343017578
vn 0.50001376867294312 0 -0.86601746082305908
vn 0.50001358985900879 0.00088689883705228567 -0.86601710319519043
vn 0.50003230571746826 0.00023318349849432707 -0.86600673198699951
vn 0.50003230571746826 0.00011659175652312115 -0.86600673198699951
vn 0.50004231929779053 0.00023936877551022917 -0.8660009503364563
vn 0.50004231929779053 0.0001196843950310722 -0.8660009503364563
vn 0.50002282857894897 0.00022730982163920999 -0.86601221561431885
vn 0.50002282857894897 0.00011365491809556261 -0.86601221561431885
vn 0.50001376867294312 0.00029563304269686341 -0.86601740121841431
vn 0.50001370906829834 0.00059126602718606591 -0.86601728200912476
vn 0.50005269050598145 0.0008852077298797667 -0.86599451303482056
vn 0.50005269050598145 0.00078685139305889606 -0.86599463224411011
vn 0.50005275011062622 0.00068849505623802543 -0.86599469184875488
vn 0.500052809715271 0.00059013866120949388 -0.86599469184875488
vn 0.500052809715271 0.0003934257838409394 -0.86599481105804443
vn 0.50005286931991577 0.00029506935970857739 -0.86599481105804443
vn 0.50005286931991577 0.00019671290647238493 -0.86599487066268921
vn 0.50005286931991577 9.8356453236192465E-05 -0.86599487066268921
vn -0.50001329183578491 -0.0014330347767099738 -0.86601656675338745
vn -0.50001376867294312 0 -0.86601746082305908
vn -0.4999498724937439 -0.0015921401791274548 -0.86605286598205566
vn -0.4999503493309021 -0.00079607084626331925 -0.86605370044708252
vn -0.49995049834251404 0 -0.8660539984703064
vn -0.49998375773429871 -0.00037710129981860518 -0.86603468656539917
vn -0.49998378753662109 -0.00018855064990930259 -0.86603474617004395
vn -0.49996757507324219 -0.00038728571962565184 -0.86604404449462891
vn -0.49996760487556458 -0.00019364287436474115 -0.86604410409927368
vn -0.49999913573265076 -0.00036743876989930868 -0.86602580547332764
vn -0.49999916553497314 -0.00018371939950156957 -0.86602586507797241
vn -0.49994999170303345 -0.0014329265104606748 -0.86605310440063477
vn -0.499950110912323 -0.0012737127253785729 -0.86605328321456909
vn -0.49995020031929016 -0.0011144988238811493 -0.86605346202850342
vn -0.49995025992393494 -0.00095528486417606473 -0.86605358123779297
vn -0.49995040893554688 -0.00063685677014291286 -0.86605381965637207
vn -0.49995043873786926 -0.00047764260671101511 -0.86605387926101685
vn -0.49995046854019165 -0.00031842841417528689 -0.86605393886566162
vn -0.49995049834251404 -0.00015921422163955867 -0.8660539984703064
vn -0.50001370906829834 -0.00047767869546078146 -0.86601734161376953
vn -0.50001353025436401 -0.00095535709988325834 -0.86601704359054565
vn -0.48716798424720764 0.0015318233054131269 -0.87330693006515503
vn -0.50118172168731689 0.0015061853919178247 -0.86534076929092407
vn -0.49144157767295837 0.00077518238686025143 -0.8709101676940918
vn -0.49619922041893005 0.0007707581389695406 -0.86820834875106812
vn -0.48603969812393188 0 -0.87393671274185181
vn -0.50058364868164062 0 -0.86568820476531982
vn -0.48645246028900146 0 -0.87370705604553223
vn -0.48686474561691284 0 -0.87347739934921265
vn -0.48727652430534363 0 -0.87324774265289307
vn -0.48768776655197144 0 -0.87301814556121826
vn -0.48809853196144104 0 -0.87278854846954346
vn -0.48850876092910767 0 -0.87255901098251343
vn -0.48891851305961609 0 -0.8723294734954834
vn -0.48932772874832153 0 -0.87209999561309814
vn -0.48973646759986877 0 -0.87187051773071289
vn -0.49014469981193542 0 -0.87164109945297241
vn -0.49055242538452148 0 -0.87141168117523193
vn -0.49095964431762695 0 -0.87118232250213623
vn -0.49136635661125183 0 -0.87095296382904053
vn -0.49177256226539612 0 -0.8707236647605896
vn -0.4921782910823822 0 -0.87049442529678345
vn -0.49258348345756531 0 -0.87026518583297729
vn -0.49298819899559021 0 -0.87003600597381592
vn -0.49339240789413452 0 -0.86980682611465454
vn -0.49379613995552063 0 -0.86957770586013794
vn -0.49419936537742615 0 -0.86934858560562134
vn -0.49460208415985107 0 -0.86911952495574951
vn -0.49500429630279541 0 -0.86889052391052246
vn -0.49540603160858154 0 -0.86866152286529541
vn -0.49580726027488708 0 -0.86843258142471313
vn -0.49620798230171204 0 -0.86820369958877563
vn -0.49660822749137878 0 -0.86797481775283813
vn -0.49700799584388733 0 -0.86774593591690063
vn -0.49740725755691528 0 -0.86751717329025269
vn -0.49780601263046265 0 -0.86728841066360474
vn -0.49820429086685181 0 -0.86705970764160156
vn -0.49860206246376038 0 -0.86683100461959839
vn -0.49899935722351074 0 -0.86660236120223999
vn -0.49939614534378052 0 -0.86637377738952637
vn -0.49979245662689209 0 -0.86614519357681274
vn -0.50018829107284546 0 -0.8659166693687439
vn -0.49120283126831055 0.00039107500924728811 -0.87104511260986328
vn -0.4890366792678833 0.00077740475535392761 -0.87226289510726929
vn -0.48877516388893127 0.00039220598409883678 -0.87240970134735107
vn -0.48864257335662842 0.00019699076074175537 -0.87248402833938599
vn -0.48755460977554321 0.00039277278119698167 -0.8730924129486084
vn -0.48741620779037476 0.00019727669132407755 -0.87316972017288208
vn -0.49108180403709412 0.00019642022380139679 -0.87111341953277588
vn -0.48999121785163879 0.00039164006011560559 -0.87172728776931763
vn -0.48986443877220154 0.00019670528126880527 -0.87179857492446899
vn -0.49600502848625183 0.0003888235951308161 -0.86831957101821899
vn -0.49382907152175903 0.00077296682866290212 -0.86955863237380981
vn -0.49361273646354675 0.00038994752685539424 -0.869681715965271
vn -0.49350309371948242 0.0001958514767466113 -0.86974400281906128
vn -0.49241000413894653 0.00039051083149388433 -0.87036329507827759
vn -0.49229466915130615 0.00019613563199527562 -0.87042856216430664
vn -0.49590662121772766 0.00019528450502548367 -0.86837583780288696
vn -0.49481108784675598 0.00038938512443564832 -0.86900049448013306
vn -0.49470707774162292 0.00019556775805540383 -0.86905974149703979
vn -0.49855220317840576 0.00076855637598782778 -0.8668593168258667
vn -0.49837982654571533 0.00038770318496972322 -0.86695867776870728
vn -0.498292475938797 0.00019471932318992913 -0.86700898408889771
vn -0.49719461798667908 0.00038826293894089758 -0.86763894557952881
vn -0.49710172414779663 0.00019500168855302036 -0.86769223213195801
vn -0.49956071376800537 0.00038714433321729302 -0.86627876758575439
vn -0.49947881698608398 0.00019443742348812521 -0.86632609367370605
vn -0.49773448705673218 0.0015125506324693561 -0.86732810735702515
vn -0.49425005912780762 0.0015189455589279532 -0.86931842565536499
vn -0.49072805047035217 0.0015253698220476508 -0.8713114857673645
vn 0.99999982118606567 0.00063197797862812877 0
vn 0.99999982118606567 0.00063197797862812877 0
vn 0.99999982118606567 0.00063197797862812877 0
vn 0.99999982118606567 0.00063197797862812877 0
vn 0.99999982118606567 0.00063197797862812877 0
vn 0.99999982118606567 0.00063197797862812877 0
vn 0.99999982118606567 0.00063197797862812877 0
vn 0.99999982118606567 0.00063197797862812877 0
vn 0.99999982118606567 0.00063197797862812877 0
vn 0.99999982118606567 0.00063197797862812877 0
vn 0.99999982118606567 0.00063197797862812877 0
vn 0.99999982118606567 0.00063197797862812877 0
vn 0.99999982118606567 0.00063197797862812877 0
vn 0.99999982118606567 0.00063197797862812877 0
vn 0.99999982118606567 0.00063197797862812877 0
vn 0.99999982118606567 0.00063197797862812877 0
vn 0.99999982118606567 0.00063197797862812877 0
vn 0.99999982118606567 0.00063197797862812877 0
vn 0.99999982118606567 0.00063197797862812877 0
vn 0.99999982118606567 0.00063197797862812877 0
vn 0.99999982118606567 0.00063197797862812877 0
vn 0.99999982118606567 0.00063197797862812877 0
vn 0.99999982118606567 0.00063197797862812877 0
vn 0.99999982118606567 0.00063197797862812877 0
vn 0.99999982118606567 0.00063197797862812877 0
vn 0.99999982118606567 0.00063197797862812877 0
vn 0.99999982118606567 0.00063197797862812877 0
vn 0.99999982118606567 0.00063197797862812877 0
vn 0.99999982118606567 0.00063197797862812877 0
vn 0.99999982118606567 0.00063197797862812877 0
vn 0.99999982118606567 0.00063197797862812877 0
vn 0.99999982118606567 0.00063197797862812877 0
vn 0.99999982118606567 0.00063197797862812877 0
vn 0.99999982118606567 0.00063197797862812877 0
vn 0.99999982118606567 0.00063197797862812877 0
vn 0.99999982118606567 0.00063197797862812877 0
vn 0.99999982118606567 0.00063197797862812877 0
vn 0 -0.4992375373840332 -0.86646515130996704
vn 0 -0.4992375373840332 -0.86646515130996704
vn 0 -0.4992375373840332 -0.86646515130996704
vn 0 -0.4992375373840332 -0.86646515130996704
vn 0 -0.4992375373840332 -0.86646515130996704
vn 0 -0.4992375373840332 -0.86646515130996704
vn 0 -0.4992375373840332 -0.86646515130996704
vn 0 -0.4992375373840332 -0.86646515130996704
vn 0 -0.4992375373840332 -0.86646515130996704
vn 0 -0.4992375373840332 -0.86646515130996704
vn 0 -0.4992375373840332 -0.86646515130996704
vn 0 -0.4992375373840332 -0.86646515130996704
vn 0 -0.4992375373840332 -0.86646515130996704
vn 0 -0.4992375373840332 -0.86646515130996704
vn 0 -0.4992375373840332 -0.86646515130996704
vn 0 -0.4992375373840332 -0.86646515130996704
vn 0 -0.4992375373840332 -0.86646515130996704
vn 0 -0.4992375373840332 -0.86646515130996704
vn 0 -0.4992375373840332 -0.86646515130996704
vn 0 -0.4992375373840332 -0.86646515130996704
vn 0 -0.4992375373840332 -0.86646515130996704
vn 0 -0.4992375373840332 -0.86646515130996704
vn 0 -0.4992375373840332 -0.86646515130996704
vn 0 -0.4992375373840332 -0.86646515130996704
vn 0 -0.4992375373840332 -0.86646515130996704
vn 0 -0.4992375373840332 -0.86646515130996704
vn 0 -0.4992375373840332 -0.86646515130996704
vn 0 -0.4992375373840332 -0.86646515130996704
vn 0 -0.4992375373840332 -0.86646515130996704
vn 0 -0.4992375373840332 -0.86646515130996704
vn 0 -0.4992375373840332 -0.86646515130996704
vn 0 -0.4992375373840332 -0.86646515130996704
vn 0 -0.4992375373840332 -0.86646515130996704
vn 0 -0.4992375373840332 -0.86646515130996704
vn 0 -0.4992375373840332 -0.86646515130996704
vn 0 -0.4992375373840332 -0.86646515130996704
vn 0 -0.4992375373840332 -0.86646515130996704
vn 0 -0.4992375373840332 -0.86646515130996704
vn 0 -0.4992375373840332 -0.86646515130996704
vn 0 -0.4992375373840332 -0.86646515130996704
vn 0 -0.4992375373840332 -0.86646515130996704
vn 0 -0.4992375373840332 -0.86646515130996704
vn 0 -0.4992375373840332 -0.86646515130996704
vn 0 -0.4992375373840332 -0.86646515130996704
vn 0 -0.4992375373840332 -0.86646515130996704
vn 0 -0.4992375373840332 -0.86646515130996704
vn 0 -0.4992375373840332 -0.86646515130996704
vn 0 -0.4992375373840332 -0.86646515130996704
vn 0 -0.4992375373840332 -0.86646515130996704
vn 0 -0.4992375373840332 -0.86646515130996704
vn 0 -0.4992375373840332 -0.86646515130996704
vn 0 -0.4992375373840332 -0.86646515130996704
vn 0 -0.4992375373840332 -0.86646515130996704
vn 0 -0.4992375373840332 -0.86646515130996704
vn 0 -0.4992375373840332 -0.86646515130996704
vn 0 -0.4992375373840332 -0.86646515130996704
vn 0 -0.4992375373840332 -0.86646515130996704
vn 0 -0.4992375373840332 -0.86646515130996704
vn 0 -0.4992375373840332 -0.86646515130996704
vn 0 -0.4992375373840332 -0.86646515130996704
vn 0 -0.4992375373840332 -0.86646515130996704
vn 0 -0.4992375373840332 -0.86646515130996704
vn 0 -0.4992375373840332 -0.86646515130996704
vn 0 -0.4992375373840332 -0.86646515130996704
vn 0 -0.4992375373840332 -0.86646515130996704
vn 0 -0.4992375373840332 -0.86646515130996704
vn 0 -0.4992375373840332 -0.86646515130996704
vn 0 -0.4992375373840332 -0.86646515130996704
vn 0 -0.4992375373840332 -0.86646515130996704
vn 0 -0.4992375373840332 -0.86646515130996704
vn 0 -0.4992375373840332 -0.86646515130996704
vn 0 -0.4992375373840332 -0.86646515130996704
vn 0 -0.4992375373840332 -0.86646515130996704
vn 0 -0.4992375373840332 -0.86646515130996704
vn 0 -0.4992375373840332 -0.86646515130996704
vn 0 -0.4992375373840332 -0.86646515130996704
vn 0 -0.4992375373840332 -0.86646515130996704
vn 0 -0.4992375373840332 -0.86646515130996704
vn 0 -0.4992375373840332 -0.86646515130996704
vn 0 -0.4992375373840332 -0.86646515130996704
vn 0 -0.4992375373840332 -0.86646515130996704
vn 0 -0.4992375373840332 -0.86646515130996704
vn 0 -0.4992375373840332 -0.86646515130996704
vn 0 -0.4992375373840332 -0.86646515130996704
vn 0 -0.4992375373840332 -0.86646515130996704
vn 0 -0.4992375373840332 -0.86646515130996704
vn 0 -0.4992375373840332 -0.86646515130996704
vn 0 -0.4992375373840332 -0.86646515130996704
vn 0 -0.4992375373840332 -0.86646515130996704
vn 0 -0.4992375373840332 -0.86646515130996704
vn 0 -0.4992375373840332 -0.86646515130996704
vn 0 -0.4992375373840332 -0.86646515130996704
vn 0 -0.4992375373840332 -0.86646515130996704
vn 0 -0.4992375373840332 -0.86646515130996704
vn 0 -0.4992375373840332 -0.86646515130996704
vn 0 -0.4992375373840332 -0.86646515130996704
vn 0 -0.4992375373840332 -0.86646515130996704
vn 0 -0.4992375373840332 -0.86646515130996704
vn 0 -0.4992375373840332 -0.86646515130996704
vn 0 -0.4992375373840332 -0.86646515130996704
vn 0 -0.4992375373840332 -0.86646515130996704
vn 0 -0.4992375373840332 -0.86646515130996704
vn 0 -0.4992375373840332 -0.86646515130996704
vn 0 -0.4992375373840332 -0.86646515130996704
vn 0 -0.4992375373840332 -0.86646515130996704
vn 0 -0.4992375373840332 -0.86646515130996704
vn 0 -0.4992375373840332 -0.86646515130996704
vn 0 -0.4992375373840332 -0.86646515130996704
vn 0 -0.4992375373840332 -0.86646515130996704
vn 0 -0.4992375373840332 -0.86646515130996704
vn 0 -0.4992375373840332 -0.86646515130996704
vn 0 -0.4992375373840332 -0.86646515130996704
vn 0 -0.4992375373840332 -0.86646515130996704
vn 0 -0.4992375373840332 -0.86646515130996704
vn 0 -0.4992375373840332 -0.86646515130996704
vn 0 -0.4992375373840332 -0.86646515130996704
vn 0 -0.4992375373840332 -0.86646515130996704
vn 0 -0.4992375373840332 -0.86646515130996704
vn 0 0.49971374869346619 -0.86619061231613159
vn -0.0031873960979282856 0.49971118569374084 -0.86618620157241821
vn -0.00099524378310889006 0.49979162216186523 -0.86614513397216797
vn 0 0.49986070394515991 -0.86610579490661621
vn -0.0028080455958843231 0.49985873699188232 -0.86610239744186401
vn -0.00049762206617742777 0.49979180097579956 -0.86614543199539185
vn -0.0010277588153257966 0.49975380301475525 -0.86616688966751099
vn -0.00051387964049354196 0.49975401163101196 -0.86616724729537964
vn -0.00096472300356253982 0.49982711672782898 -0.86612468957901001
vn -0.00048236167640425265 0.49982729554176331 -0.86612498760223389
vn -0.00070201396010816097 0.49986058473587036 -0.86610561609268188
vn -0.0014040269888937473 0.49986019730567932 -0.86610496044158936
vn -0.0021060379222035408 0.49985960125923157 -0.8661038875579834
vn -0.0026561676058918238 0.49971196055412292 -0.86618757247924805
vn -0.0021249367855489254 0.49971261620521545 -0.866188645362854
vn -0.0015937041025608778 0.49971309304237366 -0.86618953943252563
vn -0.0010624701390042901 0.49971345067024231 -0.86619013547897339
vn -0.00053123530233278871 0.49971365928649902 -0.86619049310684204
vn -0.0019904845394194126 0.49979087710380554 -0.86614382266998291
vn -1 0 0
vn -1 0 0
vn -1 0 0
vn -1 0 0
vn -1 0 0
vn -1 0 0
vn -1 0 0
vn -1 0 0
vn -1 0 0
vn -1 0 0
vn -1 0 0
vn -1 0 0
vn -1 0 0
vn -1 0 0
vn -1 0 0
vn -1 0 0
vn -1 0 0
vn -1 0 0
vn -1 0 0
vn -1 0 0
vn -1 0 0
vn -1 0 0
vn -1 0 0
vn -1 0 0
vn -1 0 0
vn -1 0 0
vn -1 0 0
vn -1 0 0
vn -1 0 0
vn -1 0 0
vn -1 0 0
vn -1 0 0
vn -1 0 0
vn -1 0 0
vn -1 0 0
vn -1 0 0
vn -1 0 0
vn -1 0 0
vn -1 0 0
vn -1 0 0
vn -1 0 0
vn -1 0 0
vn -1 0 0
vn -1 0 0
vn -1 0 0
vn -1 0 0
vn -1 0 0
vn -1 0 0
vn -1 0 0
vn -1 0 0
vn -1 0 0
vn 0 -1 0
vn 0 -1 0
vn 0 -1 0
vn 0 -1 0
vn 0 -1 0
vn 0 -1 0
vn 0 -1 0
vn 0 -1 0
vn 0 -1 0
vn 0 -1 0
vn 0 -1 0
vn 0 -1 0
vn 0 -1 0
vn 0 -1 0
vn 0 -1 0
vn 0 -1 0
vn 0 -1 0
vn 0 -1 0
vn 0 -1 0
vn 0 -1 0
vn 0 -1 0
vn 0 -1 0
vn 0 -1 0
vn 0 -1 0
vn 0 -1 0
vn 0 -1 0
vn 0 -1 0
vn 0 -1 0
vn 0 -1 0
vn 0 -1 0
vn 0 -1 0
vn 0 -1 0
vn 0 -1 0
vn 0 -1 0
vn 0 -1 0
vn 0 -1 0
vn 0 -1 0
vn 0 -1 0
vn 0 -1 0
vn 0 -1 0
vn 0 -1 0
vn 0 -1 0
vn 0 -1 0
vn 0 -1 0
vn 0 -1 0
vn 0 -1 0
vn 0 -1 0
vn 0 -1 0
vn 0 -1 0
vn 0 -1 0
vn 0 -1 0
vn 0 -1 0
vn 0 -1 0
vn 0 -1 0
vn 0 -1 0
vn 0 -1 0
vn 0 -1 0
vn -1 0 0
vn -1 0 0
vn -1 0 0
vn -1 0 0
vn -1 0 0
vn -1 0 0
vn -1 0 0
vn -1 0 0
vn -1 0 0
vn -1 0 0
vn -1 0 0
vn -1 0 0
vn -1 0 0
vn -1 0 0
vn -1 0 0
vn -1 0 0
vn -1 0 0
vn -1 0 0
vn -1 0 0
vn -1 0 0
vn -1 0 0
vn -1 0 0
vn -1 0 0
vn -1 0 0
vn -1 0 0
vn -1 0 0
vn -1 0 0
vn -1 0 0
vn -1 0 0
vn -1 0 0
vn -1 0 0
vn -1 0 0
vn -1 0 0
vn -1 0 0
vn -1 0 0
vn -1 0 0
vn -1 0 0
vn -1 0 0
vn -1 0 0
vn -1 0 0
vn -1 0 0
vn -1 0 0
vn -1 0 0
vn -1 0 0
vn -1 0 0
vn -1 0 0
vn -1 0 0
vn -1 0 0
vn -1 0 0
vn -1 0 0
vn -1 0 0
vn -1 0 0
vn -1 0 0
vn -1 0 0
vn -1 0 0
vn -1 0 0
vn -1 0 0
vn -1 0 0
vn -1 0 0
vn -1 0 0
vn -1 0 0
vn -1 0 0
vn -1 0 0
vn -1 0 0
vn -1 0 0
vn -1 0 0
vn -1 0 0
vn -1 0 0
vn -1 0 0
vn -1 0 0
vn -1 0 0
vn -1 0 0
vn -1 0 0
vn -1 0 0
vn -1 0 0
vn -1 0 0
vn -1 0 0
vn -1 0 0
vn -1 0 0
vn -1 0 0
vn -1 0 0
vn -1 0 0
vn -1 0 0
vn -1 0 0
vn -1 0 0
vn -1 0 0
vn -1 0 0
vn -1 0 0
vn -1 0 0
vn -1 0 0
vn -1 0 0
vn -1 0 0
vn -1 0 0
vn -1 0 0
vn -1 0 0
vn -1 0 0
vn -1 0 0
vn -1 0 0
vn -1 0 0
vn -1 0 0
vn -1 0 0
vn -1 0 0
vn -1 0 0
vn -1 0 0
vn -1 0 0
vn -1 0 0
vn -1 0 0
vn -1 0 0
vn -1 0 0
vn -1 0 0
vn -1 0 0
vn -1 0 0
vn -1 0 0
vn -1 0 0
vn -1 0 0
vn -1 0 0
vn -1 0 0
vn -1 0 0
vn -1 0 0
vn -1 0 0
vn -1 0 0
vn -1 0 0
vn -1 0 0
vn -1 0 0
vn -1 0 0
vn -1 0 0
vn -1 0 0
vn -1 0 0
vn -1 0 0
vn -1 0 0
vn -1 0 0
vn -1 0 0
vn -1 0 0
vn -1 0 0
vn -1 0 0
vn -1 0 0
vn -1 0 0
vn -1 0 0
vn -1 0 0
vn -1 0 0
vn -1 0 0
vn -1 0 0
vn -1 0 0
vn -1 0 0
vn -1 0 0
vn -1 0 0
vn -1 0 0
vn -1 0 0
vn -1 0 0
vn -1 0 0
vn -1 0 0
vn -1 0 0
vn -1 0 0
vn -1 0 0
vn -1 0 0
vn -1 0 0
vn -1 0 0
vn -1 0 0
vn -1 0 0
vn -1 0 0
vn -1 0 0
vn -1 0 0
vn -1 0 0
vn -1 0 0
vn -1 0 0
vn -1 0 0
vn -1 0 0
vn -1 0 0
vn -1 0 0
vn -1 0 0
vn -1 0 0
vn -1 0 0
vn -1 0 0
vn -1 0 0
vn -1 0 0
vn -1 0 0
vn -1 0 0
vn -1 0 0
vn -1 0 0
vn -1 0 0
vn -1 0 0
vn -1 0 0
vn -1 0 0
vn -1 0 0
vn -1 0 0
vn -1 0 0
vn -1 0 0
vn -1 0 0
vn -1 0 0
vn -1 0 0
vn -1 0 0
vn -1 0 0
vn -1 0 0
vn -1 0 0
vn -1 0 0
vn -1 0 0
vn -1 0 0
vn -1 0 0
vn -1 0 0
vn -1 0 0
vn -1 0 0
vn -1 0 0
vn -1 0 0
vn -1 0 0
vn -1 0 0
vn -1 0 0
vn -1 0 0
vn -1 0 0
vn -1 0 0
vn -1 0 0
vn -1 0 0
vn -1 0 0
vn -1 0 0
vn -1 0 0
vn -1 0 0
vn -1 0 0
vn -1 0 0
vn -1 0 0
vn -1 0 0
vn -1 0 0
vn -1 0 0
vn -1 0 0
vn -1 0 0
vn -1 0 0
vn -1 0 0
vn -1 0 0
vn -1 0 0
vn -1 0 0
vn -1 0 0
vn -1 0 0
vn -1 0 0
vn -1 0 0
vn -1 0 0
vn -1 0 0
vn -1 0 0
vn -1 0 0
vn -1 0 0
vn -1 0 0
vn -1 0 0
vn -1 0 0
vn -1 0 0
vn -1 0 0
vn -1 0 0
vn -1 0 0
vn -1 0 0
vn -1 0 0
vn -1 0 0
vn -1 0 0
vn -1 0 0
vn -1 0 0
vn -1 0 0
vn -1 0 0
vn -1 0 0
vn -1 0 0
vn -1 0 0
vn -1 0 0
vn -1 0 0
vn -1 0 0
vn -1 0 0
vn -1 0 0
vn -1 0 0
vn -1 0 0
vn -1 0 0
vn -1 0 0
vn -1 0 0
vn -1 0 0
vn -1 0 0
vn -1 0 0
vn -1 0 0
vn -1 0 0
vn -1 0 0
vn -1 0 0
vn -1 0 0
vn -1 0 0
vn -1 0 0
vn -1 0 0
vn -1 0 0
vn -1 0 0
vn -1 0 0
vn -1 0 0
vn -1 0 0
vn -1 0 0
vn -1 0 0
vn -1 0 0
vn -1 0 0
vn -1 0 0
vn -1 0 0
vn -1 0 0
vn -1 0 0
vn -1 0 0
vn -1 0 0
vn -1 0 0
vn -1 0 0
vn -1 0 0
vn -1 0 0
vn -1 0 0
vn -1 0 0
vn -1 0 0
vn -1 0 0
vn -1 0 0
vn -1 0 0
vn -1 0 0
vn -1 0 0
vn -1 0 0
vn -1 0 0
vn -1 0 0
vn -1 0 0
vn -1 0 0
vn -1 0 0
vn -1 0 0
vn -1 0 0
vn -1 0 0
vn -1 0 0
vn -1 0 0
vn -1 0 0
vn -1 0 0
vn -1 0 0
vn -1 0 0
vn -1 0 0
vn -1 0 0
vn -1 0 0
vn -1 0 0
vn -1 0 0
vn -1 0 0
vn -1 0 0
vn -1 0 0
vn -1 0 0
vn -1 0 0
vn -1 0 0
vn -1 0 0
vn -1 0 0
vn -1 0 0
vn -1 0 0
vn -1 0 0
vn -1 0 0
vn -1 0 0
vn -1 0 0
vn -1 0 0
vn -1 0 0
vn -1 0 0
vn -1 0 0
vn -1 0 0
vn -1 0 0
vn -1 0 0
vn -1 0 0
vn -1 0 0
vn -1 0 0
vn -1 0 0
vn -1 0 0
vn -1 0 0
vn -1 0 0
vn -1 0 0
vn -1 0 0
vn -1 0 0
vn -1 0 0
vn -1 0 0
vn -1 0 0
vn -1 0 0
vn -1 0 0
vn -1 0 0
vn -1 0 0
vn -1 0 0
vn -1 0 0
vn -1 0 0
vn -1 0 0
vn -1 0 0
vn -1 0 0
vn -1 0 0
vn -1 0 0
vn -1 0 0
vn -1 0 0
vn -1 0 0
vn -1 0 0
vn -1 0 0
vn -1 0 0
vn -1 0 0
vn -1 0 0
vn -1 0 0
vn -1 0 0
vn -1 0 0
vn -1 0 0
vn -1 0 0
vn -1 0 0
vn -1 0 0
vn -1 0 0
vn -1 0 0
vn -1 0 0
vn -1 0 0
vn -1 0 0
vn -1 0 0
vn -1 0 0
vn -1 0 0
vn -1 0 0
vn -1 0 0
vn -1 0 0
vn -1 0 0
vn -1 0 0
vn -1 0 0
vn -1 0 0
vn -1 0 0
vn -1 0 0
vn -1 0 0
vn -1 0 0
vn -1 0 0
vn -1 0 0
vn -1 0 0
vn -1 0 0
vn -1 0 0
vn -1 0 0
vn -1 0 0
vn -1 0 0
vn -1 0 0
vn -1 0 0
vn -1 0 0
vn -1 0 0
vn -1 0 0
vn -1 0 0
vn -1 0 0
vn -1 0 0
vn -1 0 0
vn -1 0 0
vn -1 0 0
vn -1 0 0
vn -1 0 0
vn -1 0 0
vn -1 0 0
vn -1 0 0
vn -1 0 0
vn -1 0 0
vn -1 0 0
vn -1 0 0
vn -1 0 0
vn -1 0 0
vn -1 0 0
vn -1 0 0
vn -1 0 0
vn -1 0 0
vn -1 0 0
vn -1 0 0
vn -1 0 0
vn -1 0 0
vn -1 0 0
vn -1 0 0
vn -1 0 0
vn -1 0 0
vn -1 0 0
vn -1 0 0
vn -1 0 0
vn -1 0 0
vn -1 0 0
vn -1 0 0
vn -1 0 0
vn -1 0 0
vn -1 0 0
vn -1 0 0
vn -1 0 0
vn -1 0 0
vn -1 0 0
vn -1 0 0
vn -1 0 0
vn -1 0 0
vn -1 0 0
vn -1 0 0
vn -1 0 0
vn -1 0 0
vn -1 0 0
vn -1 0 0
vn -1 0 0
vn -1 0 0
vn -1 0 0
vn -1 0 0
vn -1 0 0
vn -1 0 0
vn -1 0 0
vn -1 0 0
vn -1 0 0
vn -1 0 0
vn -1 0 0
vn -1 0 0
vn -1 0 0
vn -1 0 0
vn -1 0 0
vn -1 0 0
vn -1 0 0
vn -1 0 0
vn -1 0 0
vn -1 0 0
vn -1 0 0
vn -1 0 0
vn -1 0 0
vn -1 0 0
vn -1 0 0
vn -1 0 0
vn -1 0 0
vn -1 0 0
vn -1 0 0
vn -1 0 0
vn -1 0 0
vn -1 0 0
vn -1 0 0
vn -1 0 0
vn -1 0 0
vn -1 0 0
vn -1 0 0
vn -1 0 0
vn -1 0 0
vn -1 0 0
vn -1 0 0
vn -1 0 0
vn -1 0 0
vn -1 0 0
vn -1 0 0
vn -1 0 0
vn -1 0 0
vn -1 0 0
vn -1 0 0
vn -1 0 0
vn -1 0 0
vn -1 0 0
vn -1 0 0
vn -1 0 0
vn -1 0 0
vn -1 0 0
vn -1 0 0
vn -1 0 0
vn -1 0 0
vn -1 0 0
vn -1 0 0
vn -1 0 0
vn -1 0 0
vn -1 0 0
vn -1 0 0
vn -1 0 0
vn -1 0 0
vn -1 0 0
vn -1 0 0
vn -1 0 0
vn -1 0 0
vn -1 0 0
vn -1 0 0
vn -1 0 0
vn -1 0 0
vn -1 0 0
vn -1 0 0
vn -1 0 0
vn -1 0 0
vn -1 0 0
vn -1 0 0
vn -1 0 0
vn -1 0 0
vn -1 0 0
vn -1 0 0
vn -1 0 0
vn -1 0 0
vn -1 0 0
vn -1 0 0
vn -1 0 0
vn -1 0 0
vn -1 0 0
vn -1 0 0
vn -1 0 0
vn -1 0 0
vn -1 0 0
vn 0 -1 0
vn 0 -1 0
vn 0 -1 0
vn 0 -1 0
vn 0 -1 0
vn 0 -1 0
vn 0 -1 0
vn 0 -1 0
vn 0 -1 0
vn 0 -1 0
vn 0 -1 0
vn 0 -1 0
vn 0 -1 0
vn 0 -1 0
vn 0 -1 0
vn 0 -1 0
vn 0 -1 0
vn 0 -1 0
vn 0 -1 0
vn 0 -1 0
vn 0 -1 0
vn 0 -1 0
vn 0 -1 0
vn 0 -1 0
vn 0 -1 0
vn 0 -1 0
vn 0 -1 0
vn 0 -1 0
vn 0 -1 0
vn 0 -1 0
vn 0 -1 0
vn 0 -1 0
vn 0 -1 0
vn 0 -1 0
vn 0 -1 0
vn 0 -1 0
vn 0 -1 0
vn 0 -1 0
vn 0 -1 0
vn 0 -1 0
vn 0 -1 0
vn 0 -1 0
vn 0 -1 0
vn 0 -1 0
vn 0 -1 0
vn 0 -1 0
vn 0 -1 0
vn 0 -1 0
vn 0 -1 0
vn 0 -1 0
vn 0 -1 0
vn 0 -1 0
vn 0 -1 0
vn 0 -1 0
vn 0 -1 0
vn 0 -1 0
vn 0 -1 0
vn 0 -1 0
vn 0 -1 0
vn 0 -1 0
vn 0 -1 0
vn 0 -1 0
vn 0 -1 0
vn 0 -1 0
vn 0 -1 0
vn 0 -1 0
vn 0 -1 0
vn 0 -1 0
vn 0 -1 0
vn 0 -1 0
vn 0 -1 0
vn 0 -1 0
vn 0 -1 0
vn 0 -1 0
vn 0 -1 0
vn 0 -1 0
vn 0 -1 0
vn 0 -1 0
vn 0 -1 0
vn 0 -1 0
vn 0 -1 0
vn 0 -1 0
vn 0 -1 0
vn 0 -1 0
vn 0 -1 0
vn 0 -1 0
vn 0 -1 0
vn 0 -1 0
vn 0 -1 0
vn 0 -1 0
vn 0 -1 0
vn 0 -1 0
vn 0 -1 0
vn 0 -1 0
vn 0 -1 0
vn 0 -1 0
vn 0 -1 0
vn 0 -1 0
vn 0 -1 0
vn 0 -1 0
vn 0 -1 0
vn 0 -1 0
vn 0 -1 0
vn 0 -1 0
vn 0 -1 0
vn 0 -1 0
vn 0 -1 0
vn 0 -1 0
vn 0 -1 0
vn 0 -1 0
vn 0 -1 0
vn 0 -1 0
vn 0 -1 0
vn 0 -1 0
vn 0 -1 0
vn 0 -1 0
vn 0 -1 0
vn 0 -1 0
vn 0 -1 0
vn 0 -1 0
vn 0 -1 0
vn 0 -1 0
vn 0 -1 0
vn 0 -1 0
vn 0 -1 0
vn 0 -1 0
vn 0 -1 0
vn 0 -1 0
vn 0 -1 0
vn 0 -1 0
vn 0 -1 0
vn 0 -1 0
vn 0 -1 0
vn 0 -1 0
vn 0 -1 0
vn 0 -1 0
vn 0 -1 0
vn 0 -1 0
vn 0 -1 0
vn 0 -1 0
vn 0 -1 0
vn 0 -1 0
vn 0 -1 0
vn 0 -1 0
vn 0 -1 0
vn 0 -1 0
vn 0 -1 0
vn 0 -1 0
vn 0 -1 0
vn 0 -1 0
vn 0 -1 0
vn 0 -1 0
vn 0 -1 0
vn 0 -1 0
vn 0 -1 0
vn 0 -1 0
vn 0 -1 0
vn 0 -1 0
vn 0 -1 0
vn 0 -1 0
vn 0 -1 0
vn 0 -1 0
vn 0 -1 0
vn 0 -1 0
vn 0 -1 0
vn 0 -1 0
vn 0 -1 0
vn 0 -1 0
vn 0 -1 0
vn 0 -1 0
vn 0 -1 0
vn 0 -1 0
vn 0 -1 0
vn 0 -1 0
vn 0 -1 0
vn 0 -1 0
vn 0 -1 0
vn 0 -1 0
vn 0 -1 0
vn 0 -1 0
vn 0 -1 0
vn 0 -1 0
vn 0 -1 0
vn 0 -1 0
vn 0 -1 0
vn 0 -1 0
vn 0 -1 0
vn 0 -1 0
vn 0 -1 0
vn 0 -1 0
vn 0 -1 0
vn 0 -1 0
vn 0 -1 0
vn 0 -1 0
vn 0 -1 0
vn 0 -1 0
vn 0 -1 0
vn 0 -1 0
vn 0 -1 0
vn 0 -1 0
vn 0 -1 0
vn 0 -1 0
vn 0 -1 0
vn 0 -1 0
vn 0 -1 0
vn 0 -1 0
vn 0 -1 0
vn 0 -1 0
vn 0 -1 0
vn 0 -1 0
vn 0 -1 0
vn 0 -1 0
vn 0 -1 0
vn 0 -1 0
vn 0 -1 0
vn 0 -1 0
vn 0 -1 0
vn 0 -1 0
vn 0 -1 0
vn 0 -1 0
vn 0 -1 0
vn 0 -1 0
vn 0 -1 0
vn 0 -1 0
vn 0 -1 0
vn 0 -1 0
vn 0 -1 0
vn 0 -1 0
vn 0 -1 0
vn 0 -1 0
vn 0 -1 0
vn 0 -1 0
vn 0 -1 0
vn 0 -1 0
vn 0 -1 0
vn 0 -1 0
vn 0 -1 0
vn 0 -1 0
vn 0 -1 0
vn 0 -1 0
vn 0 -1 0
vn 0 -1 0
vn 0 -1 0
vn 0 -1 0
vn 0 -1 0
vn 0 -1 0
vn 0 -1 0
vn 0 -1 0
vn 0 -1 0
vn 0 -1 0
vn 0 -1 0
vn 0 -1 0
vn 0 -1 0
vn 0 -1 0
vn 0 -1 0
vn 0 -1 0
vn 0 -1 0
vn 0 -1 0
vn 0 -1 0
vn 0 -1 0
vn 0 -1 0
vn 0 -1 0
vn 0 -1 0
vn 0 -1 0
vn 0 -1 0
vn 0 -1 0
vn 0 -1 0
vn 0 -1 0
vn 0 -1 0
vn 0 -1 0
vn 0 -1 0
vn 0 -1 0
vn 0 -1 0
vn 0 -1 0
vn 0 -1 0
vn 0 -1 0
vn 0 -1 0
vn 0 -1 0
vn 0 -1 0
vn 0 -1 0
vn 0 -1 0
vn 0 -1 0
vn 0 -1 0
vn 0 -1 0
vn 0 -1 0
vn 0 -1 0
vn 0 -1 0
vn 0 -1 0
vn 0 -1 0
vn 0 -1 0
vn 0 -1 0
vn 0 -1 0
vn 0 -1 0
vn 0 -1 0
vn 0 -1 0
vn 0 -1 0
vn 0 -1 0
vn 0 -1 0
vn 0 -1 0
vn 0 -1 0
vn 0 -1 0
vn 0 -1 0
vn 0 -1 0
vn 0 -1 0
vn 0 -1 0
vn 0 -1 0
vn 0 -1 0
vn 0 -1 0
vn 0 -1 0
vn 0 -1 0
vn 0 -1 0
vn 0 -1 0
vn 0 -1 0
vn 0 -1 0
vn 0 -1 0
vn 0 -1 0
vn 0 -1 0
vn 0 -1 0
vn 0 -1 0
vn 0 -1 0
vn 0 -1 0
vn 0 -1 0
vn 0 -1 0
vn 0 -1 0
vn 0 -1 0
vn 0 -1 0
vn 0 -1 0
vn 0 -1 0
vn 0 -1 0
vn 0 -1 0
vn 0 -1 0
vn 0 -1 0
vn 0 -1 0
vn 0 -1 0
vn 0 -1 0
vn 0 -1 0
vn 0 -1 0
vn 0 -1 0
vn 0 -1 0
vn 0 -1 0
vn 0 -1 0
vn 0 -1 0
vn 0 -1 0
vn 0 -1 0
vn 0 -1 0
vn 0 -1 0
vn 0 -1 0
vn 0 -1 0
vn 0 -1 0
vn 0 -1 0
vn 0 -1 0
vn 0 -1 0
vn 0 -1 0
vn 0 -1 0
vn 0 -1 0
vn 0 -1 0
vn 0 -1 0
vn 0 -1 0
vn 0 -1 0
vn 0 -1 0
vn 0 -1 0
vn 0 -1 0
vn 0 -1 0
vn 0 -1 0
vn 0 -1 0
vn 0 -1 0
vn 0 -1 0
vn 0 -1 0
vn 0 -1 0
vn 0 -1 0
vn 0 -1 0
vn 0 -1 0
vn 0 -1 0
vn 0 -1 0
vn 0 -1 0
vn 0 -1 0
vn 0 -1 0
vn 0 -1 0
vn 0 -1 0
vn 0 -1 0
vn 0 -1 0
vn 0 -1 0
vn 0 -1 0
vn 0 -1 0
vn 0 -1 0
vn 0 -1 0
vn 0 -1 0
vn 0 -1 0
vn 0 -1 0
vn 0 -1 0
vn 0 -1 0
vn 0 -1 0
vn 0 -1 0
vn 0 -1 0
vn 0 -1 0
vn 0 -1 0
vn 0 -1 0
vn 0 -1 0
vn 0 -1 0
vn 0 -1 0
vn 0 -1 0
vn 0 -1 0
vn 0 -1 0
vn 0 -1 0
vn 0 -1 0
vn 0 -1 0
vn 0 -1 0
vn 0 -1 0
vn 0 -1 0
vn 0 -1 0
vn 0 -1 0
vn 0 -1 0
vn 0 -1 0
vn 0 -1 0
vn 0 -1 0
vn 0 -1 0
vn 0 -1 0
vn 0 -1 0
vn 0 -1 0
vn 0 -1 0
vn 0 -1 0
vn 0 -1 0
vn 0 -1 0
vn 0 -1 0
vn 0 -1 0
vn 0 -1 0
vn 0 -1 0
vn 0 -1 0
vn 0 -1 0
vn 0 -1 0
vn 0 -1 0
vn 0 -1 0
vn 0 -1 0
vn 0 -1 0
vn 0 -1 0
vn 0 -1 0
vn 0 -1 0
vn 0 -1 0
vn 0 -1 0
vn 0 -1 0
vn 0 -1 0
vn 0 -1 0
vn 0 -1 0
vn 0 -1 0
vn 0 -1 0
vn 0 -1 0
vn 0 -1 0
vn 0 -1 0
vn 0 -1 0
vn 0 -1 0
vn 0 -1 0
vn 0 -1 0
vn 0 -1 0
vn 0 -1 0
vn 0 -1 0
vn 0 -1 0
vn 0 -1 0
vn 0 -1 0
vn 0 -1 0
vn 0 -1 0
vn 0 -1 0
vn 0 -1 0
vn 0 -1 0
vn 0 -1 0
vn 0 -1 0
vn 0 -1 0
vn 0 -1 0
vn 0 -1 0
vn 0 -1 0
vn 0 -1 0
vn 0 -1 0
vn 0 -1 0
vn 0 -1 0
vn 0 -1 0
vn 0 -1 0
vn 0 -1 0
vn 0 -1 0
vn 0 -1 0
vn 0 -1 0
vn 0 -1 0
vn 0 -1 0
vn 0 -1 0
vn 0 -1 0
vn 0 -1 0
vn 0 -1 0
vn 0 -1 0
vn 0 -1 0
vn 0 -1 0
vn 0 -1 0
vn 0 -1 0
vn 0 -1 0
vn 0 -1 0
vn 0 -1 0
vn 0 -1 0
vn 0 -1 0
vn 0 -1 0
vn 0 -1 0
vn 0 -1 0
vn 0 -1 0
vn 0 -1 0
vn 0 -1 0
vn 0 -1 0
vn 0 -1 0
vn 0 -1 0
vn 0 -1 0
vn 0 -1 0
vn 0 -1 0
vn 0 -1 0
vn 0 -1 0
vn 0 -1 0
vn 0 -1 0
vn 0 -1 0
vn 0 -1 0
vn 0 -1 0
vn 0 -1 0
vn 0 -1 0
vn 0 -1 0
vn 0 -1 0
vn 0 -1 0
vn 0 -1 0
vn 0 -1 0
vn 0 -1 0
vn 0 -1 0
vn 0 -1 0
vn 0 -1 0
vn 0 -1 0
vn 0 -1 0
vn 0 -1 0
vn 0 -1 0
vn 0 -1 0
vn 0 -1 0
vn 0 -1 0
vn 0 -1 0
vn 0 -1 0
vn 0 -1 0
vn 0 -1 0
vn 0 -1 0
vn 0 -1 0
vn 0 -1 0
vn 0 -1 0
vn 0 -1 0
vn 0 -1 0
vn 0 -1 0
vn 0 -1 0
vn 0 -1 0
vn 0 -1 0
vn 0 -1 0
vn 0 -1 0
vn 0 -1 0
vn 0 -1 0
vn 0 -1 0
vn 0 -1 0
vn 0 -1 0
vn 0 -1 0
vn 0 -1 0
vn 0 -1 0
vn 0 -1 0
vn 0 -1 0
vn 0 -1 0
vn 0 -1 0
vn 0 -1 0
vn 0 -1 0
vn 0 -1 0
vn 0 -1 0
vn 0 -1 0
vn 0 -1 0
vn 0 -1 0
vn 0 -1 0
vn 0 -1 0
vn 0 -1 0
vn 0 -1 0
vn 0 -1 0
vn 0 -1 0
vn 0 -1 0
vn 0 -1 0
vn 0 -1 0
vn 0 -1 0
vn 0 -1 0
vn 0 -1 0
vn 0 -1 0
vn 0 -1 0
vn 0 -1 0
vn 0 -1 0
vn 0 -1 0
vn 0 -1 0
vn 0 -1 0
vn 0 -1 0
vn 0 -1 0
vn 0 -1 0
vn 0 -1 0
vn 0 -1 0
vn 0 -1 0
vn 0 -1 0
vn 0 -1 0
vn 0 -1 0
vn 0 -1 0
vn 0 -1 0
vn 0 -1 0
vn 0 -1 0
vn 0 -1 0
vn 0 -1 0
vn 0 -1 0
vn 0 -1 0
vn 0 -1 0
vn 0 -1 0
vn 0 -1 0
vn 0 -1 0
vn 0 -1 0
vn 0 -1 0
vn 0 -1 0
vn 0 -1 0
vn 0 -1 0
vn 0 -1 0
vn 0 -1 0
vn 0 -1 0
vn 0 -1 0
vn 0 -1 0
vn 0 -1 0
vn 0 -1 0
vn 0 -1 0
vn 0 -1 0
vn 0 -1 0
vn 0 -1 0
vn 0 -1 0
vn 0 -1 0
vn 0 -1 0
vn 0 -1 0
vn 0 -1 0
vn 0 -1 0
vn 0 -1 0
vn 0 -1 0
vn 0 -1 0
vn 0 -1 0
vn 0 -1 0
vn 0 -1 0
vn 0 -1 0
vn 0 -1 0
vn 0 -1 0
vn 0 -1 0
vn 0 -1 0
vn 0 -1 0
vn 0 -1 0
vn 0 -1 0
vn 0 -1 0
vn 0 -1 0
vn 0 -1 0
vn 0 -1 0
vn 0 -1 0
vn 0 -1 0
vn 0 -1 0
vn 0 -1 0
vn 0 -1 0
vn 0 -1 0
vn 0 -1 0
vn 0 -1 0
vn 0 -1 0
vn 0 -1 0
vn 0 -1 0
vn 0 -1 0
vn 0 -1 0
vn 0 -1 0
vn 0 -1 0
vn 0 -1 0
vn 0 -1 0
vn 0 -1 0
vn 0 -1 0
vn 0 -1 0
vn 0 -1 0
vn 0 -1 0
vn 0 -1 0
vn 0 -1 0
vn 0 -1 0
vn 0 -1 0
vn 0 -1 0
vn 0 -1 0
vn 0 -1 0
vn 0 -1 0
vn 0 -1 0
vn 0 1 0
vn 0 1 0
vn 0 1 0
vn 0 1 0
vn 0 1 0
vn 0 1 0
vn 0 1 0
vn 0 1 0
vn 0 1 0
vn 0 1 0
vn 0 1 0
vn 0 1 0
vn 0 1 0
vn 0 1 0
vn 0 1 0
vn 0 1 0
vn 0 1 0
vn 0 1 0
vn 0 1 0
vn 0 1 0
vn 0 1 0
vn 0 1 0
vn 0 1 0
vn 0 1 0
vn 0 1 0
vn 0 1 0
vn 0 1 0
vn 0 1 0
vn 0 1 0
vn 0 1 0
vn 0 1 0
vn 0 1 0
vn 0 1 0
vn 0 1 0
vn 0 1 0
vn 0 1 0
vn 0 1 0
vn 0 1 0
vn 0 1 0
vn 0 1 0
vn 0 1 0
vn 0 1 0
vn 0 1 0
vn 0 1 0
vn 0 1 0
vn 0 1 0
vn 0 1 0
vn 0 1 0
vn 0 1 0
vn 0 1 0
vn 0 1 0
vn 0 1 0
vn 0 1 0
vn 0 1 0
vn 0 1 0
vn 0 1 0
vn 0 1 0
vn 0 1 0
vn 0 1 0
vn 0 1 0
vn 0 1 0
vn 0 1 0
vn 0 1 0
vn 0 1 0
vn 0 1 0
vn 0 1 0
vn 0 1 0
vn 0 1 0
vn 0 1 0
vn 0 1 0
vn 0 1 0
vn 0 1 0
vn 0 1 0
vn 0 1 0
vn 0 1 0
vn 0 1 0
vn 0 1 0
vn 0 1 0
vn 0 1 0
vn 0 1 0
vn 0 1 0
vn 0 1 0
vn 0 1 0
vn 0 1 0
vn 0 1 0
vn 0 1 0
vn 0 1 0
vn 0 1 0
vn 0 1 0
vn 0 1 0
vn 0 1 0
vn 0 1 0
vn 0 1 0
vn 0 1 0
vn 0 1 0
vn 0 1 0
vn 0 1 0
vn 0 1 0
vn 0 1 0
vn 0 1 0
vn 0 1 0
vn 0 1 0
vn 0 1 0
vn 0 1 0
vn 0 1 0
vn 0 1 0
vn 0 1 0
vn 0 1 0
vn 0 1 0
vn 0 1 0
vn 0 1 0
vn 0 1 0
vn 0 1 0
vn 0 1 0
vn 0 1 0
vn 0 1 0
vn 0 1 0
vn 0 1 0
vn 0 1 0
vn 0 1 0
vn 0 1 0
vn 0 1 0
vn 0 1 0
vn 0 1 0
vn 0 1 0
vn 0 1 0
vn 0 1 0
vn 0 1 0
vn 0 1 0
vn 0 1 0
vn 0 1 0
vn 0 1 0
vn 0 1 0
vn 0 1 0
vn 0 1 0
vn 0 1 0
vn 0 1 0
vn 0 1 0
vn 0 1 0
vn 0 1 0
vn 0 1 0
vn 0 1 0
vn 0 1 0
vn 0 1 0
vn 0 1 0
vn 0 1 0
vn 0 1 0
vn 0 1 0
vn 0 1 0
vn 0 1 0
vn 0 1 0
vn 0 1 0
vn 0 1 0
vn 0 1 0
vn 0 1 0
vn 0 1 0
vn 0 1 0
vn 0 1 0
vn 0 1 0
vn 0 1 0
vn 0 1 0
vn 0 1 0
vn 0 1 0
vn 0 1 0
vn 0 1 0
vn 0 1 0
vn 0 1 0
vn 0 1 0
vn 0 1 0
vn 0 1 0
vn 0 1 0
vn 0 1 0
vn 0 1 0
vn 0 1 0
vn 0 1 0
vn 0 1 0
vn 0 1 0
vn 0 1 0
vn 0 1 0
vn 0 1 0
vn 0 1 0
vn 0 1 0
vn 0 1 0
vn 0 1 0
vn 0 1 0
vn 0 1 0
vn 0 1 0
vn 0 1 0
vn 0 1 0
vn 0 1 0
vn 0 1 0
vn 0 1 0
vn 0 1 0
vn 0 1 0
vn 0 1 0
vn 0 1 0
vn 0 1 0
vn 0 1 0
vn 0 1 0
vn 0 1 0
vn 0 1 0
vn 0 1 0
vn 0 1 0
vn 0 1 0
vn 0 1 0
vn 0 1 0
vn 0 1 0
vn 0 1 0
vn 0 1 0
vn 0 1 0
vn 0 1 0
vn 0 1 0
vn 0 1 0
vn 0 1 0
vn 0 1 0
vn 0 1 0
vn 0 1 0
vn 0 1 0
vn 0 1 0
vn 1 0 0
vn 1 0 0
vn 1 0 0
vn 1 0 0
vn 1 0 0
vn 1 0 0
vn 1 0 0
vn 1 0 0
vn 1 0 0
vn 1 0 0
vn 1 0 0
vn 1 0 0
vn 1 0 0
vn 1 0 0
vn 1 0 0
vn 1 0 0
vn 1 0 0
vn 1 0 0
vn 1 0 0
vn 1 0 0
vn 1 0 0
vn 1 0 0
vn 1 0 0
vn 1 0 0
vn 1 0 0
vn 1 0 0
vn 1 0 0
vn 1 0 0
vn 1 0 0
vn 1 0 0
vn 1 0 0
vn 1 0 0
vn 1 0 0
vn 1 0 0
vn 1 0 0
vn 1 0 0
vn 1 0 0
vn 1 0 0
vn 1 0 0
vn 1 0 0
vn 1 0 0
vn 1 0 0
vn 1 0 0
vn 1 0 0
vn 1 0 0
vn 1 0 0
vn 1 0 0
vn 1 0 0
vn 1 0 0
vn 1 0 0
vn 1 0 0
vn 1 0 0
vn 1 0 0
vn 1 0 0
vn 1 0 0
vn 1 0 0
vn 1 0 0
vn 1 0 0
vn 1 0 0
vn 1 0 0
vn 1 0 0
vn 1 0 0
vn 1 0 0
vn 1 0 0
vn 1 0 0
vn 1 0 0
vn 1 0 0
vn 1 0 0
vn 1 0 0
vn 1 0 0
vn 1 0 0
vn 1 0 0
vn 1 0 0
vn 1 0 0
vn 1 0 0
vn 1 0 0
vn 1 0 0
vn 1 0 0
vn 1 0 0
vn 1 0 0
vn 1 0 0
vn 1 0 0
vn 1 0 0
vn 1 0 0
vn 1 0 0
vn 1 0 0
vn 1 0 0
vn 1 0 0
vn 1 0 0
vn 1 0 0
vn 1 0 0
vn 1 0 0
vn 1 0 0
vn 1 0 0
vn 1 0 0
vn 1 0 0
vn 1 0 0
vn 1 0 0
vn 1 0 0
vn 1 0 0
vn 1 0 0
vn 1 0 0
vn 1 0 0
vn 1 0 0
vn 1 0 0
vn 1 0 0
vn 1 0 0
vn 1 0 0
vn 1 0 0
vn 1 0 0
vn 1 0 0
vn 1 0 0
vn 1 0 0
vn 1 0 0
vn 1 0 0
vn 1 0 0
vn 1 0 0
vn 1 0 0
vn 1 0 0
vn 1 0 0
vn 1 0 0
vn 1 0 0
vn 1 0 0
vn 1 0 0
vn 1 0 0
vn 1 0 0
vn 1 0 0
vn 1 0 0
vn 1 0 0
vn 1 0 0
vn 1 0 0
vn 1 0 0
vn 1 0 0
vn 1 0 0
vn 1 0 0
vn 1 0 0
vn 1 0 0
vn 1 0 0
vn 1 0 0
vn 1 0 0
vn 1 0 0
vn 1 0 0
vn 1 0 0
vn 1 0 0
vn 1 0 0
vn 1 0 0
vn 1 0 0
vn 1 0 0
vn 1 0 0
vn 1 0 0
vn 1 0 0
vn 1 0 0
vn 1 0 0
vn 1 0 0
vn 1 0 0
vn 1 0 0
vn 1 0 0
vn 1 0 0
vn 1 0 0
vn 1 0 0
vn 1 0 0
vn 1 0 0
vn 1 0 0
vn 1 0 0
vn 1 0 0
vn 1 0 0
vn 1 0 0
vn 1 0 0
vn 1 0 0
vn 1 0 0
vn 1 0 0
vn 1 0 0
vn 1 0 0
vn 1 0 0
vn 1 0 0
vn 1 0 0
vn 1 0 0
vn 1 0 0
vn 1 0 0
vn 1 0 0
vn 1 0 0
vn 1 0 0
vn 0 1 0
vn 0 1 0
vn 0 1 0
vn 0 1 0
vn 0 1 0
vn 0 1 0
vn 0 1 0
vn 0 1 0
vn 0 1 0
vn 0 1 0
vn 0 1 0
vn 0 1 0
vn 0 1 0
vn 0 1 0
vn 0 1 0
vn 0 1 0
vn 0 1 0
vn 0 1 0
vn 0 1 0
vn 0 1 0
vn 0 1 0
vn 0 1 0
vn 0 1 0
vn 0 1 0
vn 0 1 0
vn 0 1 0
vn 0 1 0
vn 0 1 0
vn 0 1 0
vn 0 1 0
vn 0 1 0
vn 0 1 0
vn 0 1 0
vn 0 1 0
vn 0 1 0
vn 0 1 0
vn 0 1 0
vn 0 1 0
vn 0 1 0
vn 0 1 0
vn 0 1 0
vn 0 1 0
vn 0 1 0
vn 0 1 0
vn 0 1 0
vn 0 1 0
vn 0 1 0
vn 0 1 0
vn 0 1 0
vn 0 1 0
vn 0 1 0
vn 0 1 0
vn 0 1 0
vn 0 1 0
vn 0 1 0
vn 0 1 0
vn 0 1 0
vn 0 1 0
vn 0 1 0
vn 0 1 0
vn 0 1 0
vn 0 1 0
vn 0 1 0
vn 0 1 0
vn 0 1 0
vn 0 1 0
vn 0 1 0
vn 0 1 0
vn 0 1 0
vn 0 1 0
vn 0 1 0
vn 0 1 0
vn 0 1 0
vn 0 1 0
vn 0 1 0
vn 0 1 0
vn 0 1 0
vn 0 1 0
vn 0 1 0
vn 0 1 0
vn 0 1 0
vn 0 1 0
vn 0 1 0
vn 0 1 0
vn 0 1 0
vn 0 1 0
vn 0 1 0
vn 0 1 0
vn 0 1 0
vn 0 1 0
vn 0 1 0
vn 0 1 0
vn 0 1 0
vn 0 1 0
vn 0 1 0
vn 0 1 0
vn 0 1 0
vn 0 1 0
vn 0 1 0
vn 0 1 0
vn 0 1 0
vn 0 1 0
vn 0 1 0
vn 0 1 0
vn 0 1 0
vn 0 1 0
vn 0 1 0
vn 0 1 0
vn 0 1 0
vn 0 1 0
vn 0 1 0
vn 0 1 0
vn 0 1 0
vn 0 1 0
vn 0 1 0
vn 0 1 0
vn 0 1 0
vn 0 1 0
vn 0 1 0
vn 0 1 0
vn 0 1 0
vn 0 1 0
vn 0 1 0
vn 0 1 0
vn 0 1 0
vn 0 1 0
vn 0 1 0
vn 0 1 0
vn 0 1 0
vn 0 1 0
vn 0 1 0
vn 0 1 0
vn 0 1 0
vn 0 1 0
vn 0 1 0
vn 0 1 0
vn 0 1 0
vn 0 1 0
vn 0 1 0
vn 0 1 0
vn 0 1 0
vn 0 1 0
vn 0 1 0
vn 0 1 0
vn 0 1 0
vn 0 1 0
vn 0 1 0
vn 0 1 0
vn 0 1 0
vn 0 1 0
vn 0 1 0
vn 0 1 0
vn 0 1 0
vn 0 1 0
vn 0 1 0
vn 0 1 0
vn 0 1 0
vn 0 1 0
vn 0 1 0
vn 0 1 0
vn 0 1 0
vn 0 1 0
vn 0 1 0
vn 0 1 0
vn 0 1 0
vn 0 1 0
vn 0 1 0
vn 0 1 0
vn 0 1 0
vn 0 1 0
vn 0 1 0
vn 0 1 0
vn 0 1 0
vn 0 1 0
vn 0 1 0
vn 0 1 0
vn 0 1 0
vn 0 1 0
vn 0 1 0
vn 0 1 0
vn 0 1 0
vn 0 1 0
vn 0 1 0
vn 0 1 0
vn 0 1 0
vn 0 1 0
vn 0 1 0
vn 0 1 0
vn 0 1 0
vn 0 1 0
vn 0 1 0
vn 0 1 0
vn 0 1 0
vn 0 1 0
vn 0 1 0
vn 0 1 0
vn 0 1 0
vn 0 1 0
vn 0 1 0
vn 0 1 0
vn 0 1 0
vn 0 1 0
vn 0 1 0
vn 0 1 0
vn 0 1 0
vn 0 1 0
vn 0 1 0
vn 0 1 0
vn 0 1 0
vn 0 1 0
vn 0 1 0
vn 0 1 0
vn 0 1 0
vn 0 1 0
vn 0 1 0
vn 0 1 0
vn 0 1 0
vn 0 1 0
vn 0 1 0
vn 0 1 0
vn 0 1 0
vn 0 1 0
vn 0 1 0
vn 0 1 0
vn 0 1 0
vn 0 1 0
vn 0 1 0
vn 0 1 0
vn 0 1 0
vn 0 1 0
vn 0 1 0
vn 0 1 0
vn 0 1 0
vn 0 1 0
vn 0 1 0
vn 0 1 0
vn 0 1 0
vn 0 1 0
vn 0 1 0
vn 0 1 0
vn 0 1 0
vn 0 1 0
vn 0 1 0
vn 0 1 0
vn 0 1 0
vn 0 1 0
vn 0 1 0
vn 0 1 0
vn 0 1 0
vn 0 1 0
vn 0 1 0
vn 0 1 0
vn 0 1 0
vn 0 1 0
vn 0 1 0
vn 0 1 0
vn 0 1 0
vn 0 1 0
vn 0 1 0
vn 0 1 0
vn 0 1 0
vn 0 1 0
vn 0 1 0
vn 0 1 0
vn 0 1 0
vn 0 1 0
vn 0 1 0
vn 0 1 0
vn 0 1 0
vn 0 1 0
vn 0 1 0
vn 0 1 0
vn 0 1 0
vn 0 1 0
vn 0 1 0
vn 0 1 0
vn 0 1 0
vn 0 1 0
vn 0 1 0
vn 0 1 0
vn 0 1 0
vn 0 1 0
vn 0 1 0
vn 0 1 0
vn 0 1 0
vn 0 1 0
vn 0 1 0
vn 0 1 0
vn 0 1 0
vn 0 1 0
vn 0 1 0
vn 0 1 0
vn 0 1 0
vn 0 1 0
vn 0 1 0
vn 0 1 0
vn 0 1 0
vn 0 1 0
vn 0 1 0
vn 0 1 0
vn 0 1 0
vn 0 1 0
vn 0 1 0
vn 0 1 0
vn 0 1 0
vn 0 1 0
vn 0 1 0
vn 0 1 0
vn 0 1 0
vn 0 1 0
vn 0 1 0
vn 0 1 0
vn 0 1 0
vn 0 1 0
vn 0 1 0
vn 0 1 0
vn 0 1 0
vn 0 1 0
vn 0 1 0
vn 0 1 0
vn 0 1 0
vn 0 1 0
vn 0 1 0
vn 0 1 0
vn 0 1 0
vn 0 1 0
vn 0 1 0
vn 0 1 0
vn 0 1 0
vn 0 1 0
vn 0 1 0
vn 0 1 0
vn 0 1 0
vn 0 1 0
vn 0 1 0
vn 0 -0.86586505174636841 -0.50027757883071899
vn 0 -0.86586505174636841 -0.50027757883071899
vn 0 -0.86586505174636841 -0.50027757883071899
vn 0 -0.86586505174636841 -0.50027757883071899
vn 0 -0.86586505174636841 -0.50027757883071899
vn 0 -0.86586505174636841 -0.50027757883071899
vn 0 -0.86586505174636841 -0.50027757883071899
vn 0 -0.86586505174636841 -0.50027757883071899
vn 0 -0.86586505174636841 -0.50027757883071899
vn 0 -0.86586505174636841 -0.50027757883071899
vn 0 -0.86586505174636841 -0.50027757883071899
vn 0 -0.86586505174636841 -0.50027757883071899
vn 0 -0.86586505174636841 -0.50027757883071899
vn 0 -0.86586505174636841 -0.50027757883071899
vn 0 -0.86586505174636841 -0.50027757883071899
vn 0 -0.86586505174636841 -0.50027757883071899
vn 0 -0.86586505174636841 -0.50027757883071899
vn 0 -0.86586505174636841 -0.50027757883071899
vn 0 -0.86586505174636841 -0.50027757883071899
vn 0 -0.86586505174636841 -0.50027757883071899
vn 0 -0.86586505174636841 -0.50027757883071899
vn 0 -0.86586505174636841 -0.50027757883071899
vn 0 -0.86586505174636841 -0.50027757883071899
vn 0 -0.86586505174636841 -0.50027757883071899
vn 0 -0.86586505174636841 -0.50027757883071899
vn 0 -0.86586505174636841 -0.50027757883071899
vn 0 -0.86586505174636841 -0.50027757883071899
vn 0 -0.86586505174636841 -0.50027757883071899
vn 0 -0.86586505174636841 -0.50027757883071899
vn 0 -0.86586505174636841 -0.50027757883071899
vn 0 -0.86586505174636841 -0.50027757883071899
vn 0 -0.86586505174636841 -0.50027757883071899
vn 0 -0.86586505174636841 -0.50027757883071899
vn 0 -0.86586505174636841 -0.50027757883071899
vn 0 -0.86586505174636841 -0.50027757883071899
vn 0 -0.86586505174636841 -0.50027757883071899
vn 0 -0.86586505174636841 -0.50027757883071899
vn 0 -0.86586505174636841 -0.50027757883071899
vn 0 -0.86586505174636841 -0.50027757883071899
vn 0 -0.86586505174636841 -0.50027757883071899
vn 0 -0.86586505174636841 -0.50027757883071899
vn 0 -0.86586505174636841 -0.50027757883071899
vn 0 -0.86586505174636841 -0.50027757883071899
vn 0 -0.86586505174636841 -0.50027757883071899
vn 0 -0.86586505174636841 -0.50027757883071899
vn 0 -0.86586505174636841 -0.50027757883071899
vn 0 -0.86586505174636841 -0.50027757883071899
vn 0 -0.86586505174636841 -0.50027757883071899
vn 0 -0.86586505174636841 -0.50027757883071899
vn 0 -0.86586505174636841 -0.50027757883071899
vn 0 -0.86586505174636841 -0.50027757883071899
vn 0 -0.86586505174636841 -0.50027757883071899
vn 0 -0.86586505174636841 -0.50027757883071899
vn 0 -0.86586505174636841 -0.50027757883071899
vn 0 -0.86586505174636841 -0.50027757883071899
vn 0 -0.86586505174636841 -0.50027757883071899
vn 0 -0.86586505174636841 -0.50027757883071899
vn 0 -0.86586505174636841 -0.50027757883071899
vn 0 -0.86586505174636841 -0.50027757883071899
vn 0 -0.86586505174636841 -0.50027757883071899
vn 0 -0.86586505174636841 -0.50027757883071899
vn 0 -0.86586505174636841 -0.50027757883071899
vn 0 -0.86586505174636841 -0.50027757883071899
vn 0 -0.86586505174636841 -0.50027757883071899
vn 0 -0.86586505174636841 -0.50027757883071899
vn 0 -0.86586505174636841 -0.50027757883071899
vn 0 -0.86586505174636841 -0.50027757883071899
vn 0 -0.86586505174636841 -0.50027757883071899
vn 0 -0.86586505174636841 -0.50027757883071899
vn 0 -0.86586505174636841 -0.50027757883071899
vn 0 -0.86586505174636841 -0.50027757883071899
vn 0 -0.86586505174636841 -0.50027757883071899
vn 0 -0.86586505174636841 -0.50027757883071899
vn 0 -0.86586505174636841 -0.50027757883071899
vn 0 -0.86586505174636841 -0.50027757883071899
vn 0 -0.86586505174636841 -0.50027757883071899
vn 0 -0.86586505174636841 -0.50027757883071899
vn 0 -0.86586505174636841 -0.50027757883071899
vn 0 -0.86586505174636841 -0.50027757883071899
vn 0 -0.86586505174636841 -0.50027757883071899
vn 0 -0.86586505174636841 -0.50027757883071899
vn 0 -0.86586505174636841 -0.50027757883071899
vn 0 -0.86586505174636841 -0.50027757883071899
vn 0 -0.86586505174636841 -0.50027757883071899
vn 0 -0.86586505174636841 -0.50027757883071899
vn 0 -0.86586505174636841 -0.50027757883071899
vn 0 -0.86586505174636841 -0.50027757883071899
vn 0 -0.86586505174636841 -0.50027757883071899
vn 0 -0.86586505174636841 -0.50027757883071899
vn 0 -0.86586505174636841 -0.50027757883071899
vn 0 -0.86586505174636841 -0.50027757883071899
vn 0 -0.86586505174636841 -0.50027757883071899
vn 0 -0.86586505174636841 -0.50027757883071899
vn 0 -0.86586505174636841 -0.50027757883071899
vn 0 -0.86586505174636841 -0.50027757883071899
vn 0 -0.86586505174636841 -0.50027757883071899
vn 0 -0.86586505174636841 -0.50027757883071899
vn 0 -0.86586505174636841 -0.50027757883071899
vn 0 -0.86586505174636841 -0.50027757883071899
vn 0 -0.86586505174636841 -0.50027757883071899
vn 0 -0.86586505174636841 -0.50027757883071899
vn 0 -0.86586505174636841 -0.50027757883071899
vn 0 -0.86586505174636841 -0.50027757883071899
vn 0 -0.86586505174636841 -0.50027757883071899
vn 0 -0.86586505174636841 -0.50027757883071899
vn 0 -0.86586505174636841 -0.50027757883071899
vn 0 -0.86586505174636841 -0.50027757883071899
vn 0 -0.86586505174636841 -0.50027757883071899
vn 0 -0.86586505174636841 -0.50027757883071899
vn 0 -0.86586505174636841 -0.50027757883071899
vn 0 -0.86586505174636841 -0.50027757883071899
vn 0 -0.86586505174636841 -0.50027757883071899
vn 0 -0.86586505174636841 -0.50027757883071899
vn 0 -0.86586505174636841 -0.50027757883071899
vn 0 -0.86586505174636841 -0.50027757883071899
vn 0 -0.86586505174636841 -0.50027757883071899
vn 0 -0.86586505174636841 -0.50027757883071899
vn 0 -0.86586505174636841 -0.50027757883071899
vn 0 -0.86586505174636841 -0.50027757883071899
vn 0 -0.86586505174636841 -0.50027757883071899
vn 0 -0.86586505174636841 -0.50027757883071899
vn 0 -0.86586505174636841 -0.50027757883071899
vn 0 -0.86586505174636841 -0.50027757883071899
vn 0 -0.86586505174636841 -0.50027757883071899
vn 0 -0.86586505174636841 -0.50027757883071899
vn 0 -0.86586505174636841 -0.50027757883071899
vn 0 -0.86586505174636841 -0.50027757883071899
vn 0 -0.86586505174636841 -0.50027757883071899
vn 0 -0.86586505174636841 -0.50027757883071899
vn 0 -0.86586505174636841 -0.50027757883071899
vn 0 -0.86586505174636841 -0.50027757883071899
vn 0 -0.86586505174636841 -0.50027757883071899
vn 0 -0.86586505174636841 -0.50027757883071899
vn 0 -0.86586505174636841 -0.50027757883071899
vn 0 -0.86586505174636841 -0.50027757883071899
vn 0 -0.86586505174636841 -0.50027757883071899
vn 0 -0.86586505174636841 -0.50027757883071899
vn 0 -0.86586505174636841 -0.50027757883071899
vn 0 -0.86586505174636841 -0.50027757883071899
vn 0 -0.86586505174636841 -0.50027757883071899
vn 0 -0.86586505174636841 -0.50027757883071899
vn 0 -0.86586505174636841 -0.50027757883071899
vn 0 -0.86586505174636841 -0.50027757883071899
vn 0 -0.86586505174636841 -0.50027757883071899
vn 0 -0.86586505174636841 -0.50027757883071899
vn 0 -0.86586505174636841 -0.50027757883071899
vn 0 -0.86586505174636841 -0.50027757883071899
vn 0 -0.86586505174636841 -0.50027757883071899
vn 0 -0.86586505174636841 -0.50027757883071899
vn 0 -0.86586505174636841 -0.50027757883071899
vn 0 -0.86586505174636841 -0.50027757883071899
vn 0 -0.86586505174636841 -0.50027757883071899
vn 0 -0.86586505174636841 -0.50027757883071899
vn 0 -0.86586505174636841 -0.50027757883071899
vn 0 -0.86586505174636841 -0.50027757883071899
vn 0 -0.86586505174636841 -0.50027757883071899
vn 0 -0.86586505174636841 -0.50027757883071899
vn 0 -0.86586505174636841 -0.50027757883071899
vn 0 -0.86586505174636841 -0.50027757883071899
vn 0 -0.86586505174636841 -0.50027757883071899
vn 0 -0.86586505174636841 -0.50027757883071899
vn 0 -0.86586505174636841 -0.50027757883071899
vn 0 -0.86586505174636841 -0.50027757883071899
vn 0 -0.86586505174636841 -0.50027757883071899
vn 0 -0.86586505174636841 -0.50027757883071899
vn 0 -0.86586505174636841 -0.50027757883071899
vn 0 -0.86586505174636841 -0.50027757883071899
vn 0 -0.86586505174636841 -0.50027757883071899
vn 0 -0.86586505174636841 -0.50027757883071899
vn 0 -0.86586505174636841 -0.50027757883071899
vn 0 -0.86586505174636841 -0.50027757883071899
vn 0 -0.86586505174636841 -0.50027757883071899
vn 0 -0.86586505174636841 -0.50027757883071899
vn 0 -0.86586505174636841 -0.50027757883071899
vn 0 -0.86586505174636841 -0.50027757883071899
vn 0 -0.86586505174636841 -0.50027757883071899
vn 0 -0.86586505174636841 -0.50027757883071899
vn 0 -0.86586505174636841 -0.50027757883071899
vn 0 -0.86586505174636841 -0.50027757883071899
vn 0 -0.86586505174636841 -0.50027757883071899
vn 0 -0.86586505174636841 -0.50027757883071899
vn 0 -0.86586505174636841 -0.50027757883071899
vn 0 -0.86586505174636841 -0.50027757883071899
vn 0 -0.86586505174636841 -0.50027757883071899
vn 0 -0.86586505174636841 -0.50027757883071899
vn 0 -0.86586505174636841 -0.50027757883071899
vn 0 -0.86586505174636841 -0.50027757883071899
vn 0 -0.86586505174636841 -0.50027757883071899
vn 0 -0.86586505174636841 -0.50027757883071899
vn 0 -0.86586505174636841 -0.50027757883071899
vn 0 -0.86586505174636841 -0.50027757883071899
vn 0 -0.86586505174636841 -0.50027757883071899
vn 0 -0.86586505174636841 -0.50027757883071899
vn 0 -0.86586505174636841 -0.50027757883071899
vn 0 -0.86586505174636841 -0.50027757883071899
vn 0 -0.86586505174636841 -0.50027757883071899
vn 0 -0.86586505174636841 -0.50027757883071899
vn 0 -0.86586505174636841 -0.50027757883071899
vn 0 -0.86586505174636841 -0.50027757883071899
vn 0 -0.86586505174636841 -0.50027757883071899
vn 0 -0.86586505174636841 -0.50027757883071899
vn 0 -0.86586505174636841 -0.50027757883071899
vn 0 -0.86586505174636841 -0.50027757883071899
vn 0 -0.86586505174636841 -0.50027757883071899
vn 0 -0.86586505174636841 -0.50027757883071899
vn 0 -0.86586505174636841 -0.50027757883071899
vn 0 -0.86586505174636841 -0.50027757883071899
vn 0 -0.86586505174636841 -0.50027757883071899
vn 0 -0.86586505174636841 -0.50027757883071899
vn 0 -0.86586505174636841 -0.50027757883071899
vn 0 -0.86586505174636841 -0.50027757883071899
vn 0 -0.86586505174636841 -0.50027757883071899
vn 0 -0.86586505174636841 -0.50027757883071899
vn 0 -0.86586505174636841 -0.50027757883071899
vn 0 -0.86586505174636841 -0.50027757883071899
vn 0 -0.86586505174636841 -0.50027757883071899
vn 0 -0.86586505174636841 -0.50027757883071899
vn 0 -0.86586505174636841 -0.50027757883071899
vn 0 -0.86586505174636841 -0.50027757883071899
vn 0 -0.86586505174636841 -0.50027757883071899
vn 0 -0.86586505174636841 -0.50027757883071899
vn 0 -0.86586505174636841 -0.50027757883071899
vn 0 -0.86586505174636841 -0.50027757883071899
vn 0 -0.86586505174636841 -0.50027757883071899
vn 0 -0.86586505174636841 -0.50027757883071899
vn 0 -0.86586505174636841 -0.50027757883071899
vn 0 -0.86586505174636841 -0.50027757883071899
vn 0 -0.86586505174636841 -0.50027757883071899
vn 0 -0.86586505174636841 -0.50027757883071899
vn 0 -0.86586505174636841 -0.50027757883071899
vn 0 -0.86586505174636841 -0.50027757883071899
vn 0 -0.86586505174636841 -0.50027757883071899
vn 0 -0.86586505174636841 -0.50027757883071899
vn 0 -0.86586505174636841 -0.50027757883071899
vn 0 -0.86586505174636841 -0.50027757883071899
vn 0 -0.86586505174636841 -0.50027757883071899
vn 0 -0.86586505174636841 -0.50027757883071899
vn 0 -0.86586505174636841 -0.50027757883071899
vn 0 -0.86586505174636841 -0.50027757883071899
vn 0 -0.86586505174636841 -0.50027757883071899
vn 0 -0.86586505174636841 -0.50027757883071899
vn 0 -0.86586505174636841 -0.50027757883071899
vn 0 -0.86586505174636841 -0.50027757883071899
vn 0 -0.86586505174636841 -0.50027757883071899
vn 0 -0.86586505174636841 -0.50027757883071899
vn 0 -0.86586505174636841 -0.50027757883071899
vn 0 -0.86586505174636841 -0.50027757883071899
vn 0 -0.86586505174636841 -0.50027757883071899
vn 0 -0.86586505174636841 -0.50027757883071899
vn 0 -0.86586505174636841 -0.50027757883071899
vn 0 -0.86586505174636841 -0.50027757883071899
vn 0 -0.86586505174636841 -0.50027757883071899
vn 0 -0.86586505174636841 -0.50027757883071899
vn 0 -0.86586505174636841 -0.50027757883071899
vn 0 -0.86586505174636841 -0.50027757883071899
vn 0 -0.86586505174636841 -0.50027757883071899
vn 0 -0.86586505174636841 -0.50027757883071899
vn 0 -0.86586505174636841 -0.50027757883071899
vn 0 -0.86586505174636841 -0.50027757883071899
vn 0 -0.86586505174636841 -0.50027757883071899
vn 0 -0.86586505174636841 -0.50027757883071899
vn 0 -0.86586505174636841 -0.50027757883071899
vn 0 -0.86586505174636841 -0.50027757883071899
vn 0 -0.86586505174636841 -0.50027757883071899
vn 0 -0.86586505174636841 -0.50027757883071899
vn 0 -0.86586505174636841 -0.50027757883071899
vn 0 -0.86586505174636841 -0.50027757883071899
vn 0 -0.86586505174636841 -0.50027757883071899
vn 0 -0.86586505174636841 -0.50027757883071899
vn 0 -0.86586505174636841 -0.50027757883071899
vn 0 -0.86586505174636841 -0.50027757883071899
vn 0 -0.86586505174636841 -0.50027757883071899
vn 0 -0.86586505174636841 -0.50027757883071899
vn 0 -0.86586505174636841 -0.50027757883071899
vn 0 -0.86586505174636841 -0.50027757883071899
vn 0 -0.86586505174636841 -0.50027757883071899
vn 0 -0.86586505174636841 -0.50027757883071899
vn 0 -0.86586505174636841 -0.50027757883071899
vn 0 -0.86586505174636841 -0.50027757883071899
vn 0 -0.86586505174636841 -0.50027757883071899
vn 0 -0.86586505174636841 -0.50027757883071899
vn 0 -0.86586505174636841 -0.50027757883071899
vn 0 -0.86586505174636841 -0.50027757883071899
vn -0.86586505174636841 0 -0.50027757883071899
vn -0.86586505174636841 0 -0.50027757883071899
vn -0.86586505174636841 0 -0.50027757883071899
vn -0.86586505174636841 0 -0.50027757883071899
vn -0.86586505174636841 0 -0.50027757883071899
vn -0.86586505174636841 0 -0.50027757883071899
vn -0.86586505174636841 0 -0.50027757883071899
vn -0.86586505174636841 0 -0.50027757883071899
vn -0.86586505174636841 0 -0.50027757883071899
vn -0.86586505174636841 0 -0.50027757883071899
vn -0.86586505174636841 0 -0.50027757883071899
vn -0.86586505174636841 0 -0.50027757883071899
vn -0.86586505174636841 0 -0.50027757883071899
vn -0.86586505174636841 0 -0.50027757883071899
vn -0.86586505174636841 0 -0.50027757883071899
vn -0.86586505174636841 0 -0.50027757883071899
vn -0.86586505174636841 0 -0.50027757883071899
vn -0.86586505174636841 0 -0.50027757883071899
vn -0.86586505174636841 0 -0.50027757883071899
vn -0.86586505174636841 0 -0.50027757883071899
vn -0.86586505174636841 0 -0.50027757883071899
vn -0.86586505174636841 0 -0.50027757883071899
vn -0.86586505174636841 0 -0.50027757883071899
vn -0.86586505174636841 0 -0.50027757883071899
vn -0.86586505174636841 0 -0.50027757883071899
vn -0.86586505174636841 0 -0.50027757883071899
vn -0.86586505174636841 0 -0.50027757883071899
vn -0.86586505174636841 0 -0.50027757883071899
vn -0.86586505174636841 0 -0.50027757883071899
vn -0.86586505174636841 0 -0.50027757883071899
vn -0.86586505174636841 0 -0.50027757883071899
vn -0.86586505174636841 0 -0.50027757883071899
vn -0.86586505174636841 0 -0.50027757883071899
vn -0.86586505174636841 0 -0.50027757883071899
vn -0.86586505174636841 0 -0.50027757883071899
vn -0.86586505174636841 0 -0.50027757883071899
vn -0.86586505174636841 0 -0.50027757883071899
vn -0.86586505174636841 0 -0.50027757883071899
vn -0.86586505174636841 0 -0.50027757883071899
vn -0.86586505174636841 0 -0.50027757883071899
vn -0.86586505174636841 0 -0.50027757883071899
vn -0.86586505174636841 0 -0.50027757883071899
vn -0.86586505174636841 0 -0.50027757883071899
vn -0.86586505174636841 0 -0.50027757883071899
vn -0.86586505174636841 0 -0.50027757883071899
vn -0.86586505174636841 0 -0.50027757883071899
vn -0.86586505174636841 0 -0.50027757883071899
vn -0.86586505174636841 0 -0.50027757883071899
vn -0.86586505174636841 0 -0.50027757883071899
vn -0.86586505174636841 0 -0.50027757883071899
vn -0.86586505174636841 0 -0.50027757883071899
vn -0.86586505174636841 0 -0.50027757883071899
vn -0.86586505174636841 0 -0.50027757883071899
vn -0.86586505174636841 0 -0.50027757883071899
vn -0.86586505174636841 0 -0.50027757883071899
vn -0.86586505174636841 0 -0.50027757883071899
vn -0.86586505174636841 0 -0.50027757883071899
vn -0.86586505174636841 0 -0.50027757883071899
vn -0.86586505174636841 0 -0.50027757883071899
vn -0.86586505174636841 0 -0.50027757883071899
vn -0.86586505174636841 0 -0.50027757883071899
vn -0.86586505174636841 0 -0.50027757883071899
vn -0.86586505174636841 0 -0.50027757883071899
vn -0.86586505174636841 0 -0.50027757883071899
vn -0.86586505174636841 0 -0.50027757883071899
vn -0.86586505174636841 0 -0.50027757883071899
vn -0.86586505174636841 0 -0.50027757883071899
vn -0.86586505174636841 0 -0.50027757883071899
vn -0.86586505174636841 0 -0.50027757883071899
vn -0.86586505174636841 0 -0.50027757883071899
vn -0.86586505174636841 0 -0.50027757883071899
vn -0.86586505174636841 0 -0.50027757883071899
vn -0.86586505174636841 0 -0.50027757883071899
vn -0.86586505174636841 0 -0.50027757883071899
vn -0.86586505174636841 0 -0.50027757883071899
vn -0.86586505174636841 0 -0.50027757883071899
vn -0.86586505174636841 0 -0.50027757883071899
vn -0.86586505174636841 0 -0.50027757883071899
vn -0.86586505174636841 0 -0.50027757883071899
vn -0.86586505174636841 0 -0.50027757883071899
vn -0.86586505174636841 0 -0.50027757883071899
vn -0.86586505174636841 0 -0.50027757883071899
vn -0.86586505174636841 0 -0.50027757883071899
vn -0.86586505174636841 0 -0.50027757883071899
vn -0.86586505174636841 0 -0.50027757883071899
vn -0.86586505174636841 0 -0.50027757883071899
vn -0.86586505174636841 0 -0.50027757883071899
vn -0.86586505174636841 0 -0.50027757883071899
vn -0.86586505174636841 0 -0.50027757883071899
vn -0.86586505174636841 0 -0.50027757883071899
vn -0.86586505174636841 0 -0.50027757883071899
vn -0.86586505174636841 0 -0.50027757883071899
vn -0.86586505174636841 0 -0.50027757883071899
vn -0.86586505174636841 0 -0.50027757883071899
vn -0.86586505174636841 0 -0.50027757883071899
vn -0.86586505174636841 0 -0.50027757883071899
vn -0.86586505174636841 0 -0.50027757883071899
vn -0.86586505174636841 0 -0.50027757883071899
vn -0.86586505174636841 0 -0.50027757883071899
vn -0.86586505174636841 0 -0.50027757883071899
vn -0.86586505174636841 0 -0.50027757883071899
vn -0.86586505174636841 0 -0.50027757883071899
vn -0.86586505174636841 0 -0.50027757883071899
vn -0.86586505174636841 0 -0.50027757883071899
vn -0.86586505174636841 0 -0.50027757883071899
vn -0.86586505174636841 0 -0.50027757883071899
vn -0.86586505174636841 0 -0.50027757883071899
vn -0.86586505174636841 0 -0.50027757883071899
vn -0.86586505174636841 0 -0.50027757883071899
vn -0.86586505174636841 0 -0.50027757883071899
vn -0.86586505174636841 0 -0.50027757883071899
vn -0.86586505174636841 0 -0.50027757883071899
vn -0.86586505174636841 0 -0.50027757883071899
vn -0.86586505174636841 0 -0.50027757883071899
vn -0.86586505174636841 0 -0.50027757883071899
vn -0.86586505174636841 0 -0.50027757883071899
vn -0.86586505174636841 0 -0.50027757883071899
vn -0.86586505174636841 0 -0.50027757883071899
vn -0.86586505174636841 0 -0.50027757883071899
vn -0.86586505174636841 0 -0.50027757883071899
vn -0.86586505174636841 0 -0.50027757883071899
vn -0.86586505174636841 0 -0.50027757883071899
vn -0.86586505174636841 0 -0.50027757883071899
vn -0.86586505174636841 0 -0.50027757883071899
vn -0.86586505174636841 0 -0.50027757883071899
vn -0.86586505174636841 0 -0.50027757883071899
vn -0.86586505174636841 0 -0.50027757883071899
vn -0.86586505174636841 0 -0.50027757883071899
vn -0.86586505174636841 0 -0.50027757883071899
vn -0.86586505174636841 0 -0.50027757883071899
vn -0.86586505174636841 0 -0.50027757883071899
vn -0.86586505174636841 0 -0.50027757883071899
vn -0.86586505174636841 0 -0.50027757883071899
vn -0.86586505174636841 0 -0.50027757883071899
vn -0.86586505174636841 0 -0.50027757883071899
vn -0.86586505174636841 0 -0.50027757883071899
vn -0.86586505174636841 0 -0.50027757883071899
vn -0.86586505174636841 0 -0.50027757883071899
vn -0.86586505174636841 0 -0.50027757883071899
vn -0.86586505174636841 0 -0.50027757883071899
vn -0.86586505174636841 0 -0.50027757883071899
vn -0.86586505174636841 0 -0.50027757883071899
vn -0.86586505174636841 0 -0.50027757883071899
vn -0.86586505174636841 0 -0.50027757883071899
vn -0.86586505174636841 0 -0.50027757883071899
vn -0.86586505174636841 0 -0.50027757883071899
vn -0.86586505174636841 0 -0.50027757883071899
vn -0.86586505174636841 0 -0.50027757883071899
vn -0.86586505174636841 0 -0.50027757883071899
vn -0.86586505174636841 0 -0.50027757883071899
vn -0.86586505174636841 0 -0.50027757883071899
vn -0.86586505174636841 0 -0.50027757883071899
vn -0.86586505174636841 0 -0.50027757883071899
vn -0.86586505174636841 0 -0.50027757883071899
vn -0.86586505174636841 0 -0.50027757883071899
vn -0.86586505174636841 0 -0.50027757883071899
vn -0.86586505174636841 0 -0.50027757883071899
vn -0.86586505174636841 0 -0.50027757883071899
vn -0.86586505174636841 0 -0.50027757883071899
vn -0.86586505174636841 0 -0.50027757883071899
vn -0.86586505174636841 0 -0.50027757883071899
vn -0.86586505174636841 0 -0.50027757883071899
vn -0.86586505174636841 0 -0.50027757883071899
vn -0.86586505174636841 0 -0.50027757883071899
vn -0.86586505174636841 0 -0.50027757883071899
vn -0.86586505174636841 0 -0.50027757883071899
vn -0.86586505174636841 0 -0.50027757883071899
vn -0.86586505174636841 0 -0.50027757883071899
vn -0.86586505174636841 0 -0.50027757883071899
vn -0.86586505174636841 0 -0.50027757883071899
vn -0.86586505174636841 0 -0.50027757883071899
vn -0.86586505174636841 0 -0.50027757883071899
vn -0.86586505174636841 0 -0.50027757883071899
vn -0.86586505174636841 0 -0.50027757883071899
vn -0.86586505174636841 0 -0.50027757883071899
vn -0.86586505174636841 0 -0.50027757883071899
vn -0.86586505174636841 0 -0.50027757883071899
vn -0.86586505174636841 0 -0.50027757883071899
vn -0.86586505174636841 0 -0.50027757883071899
vn -0.86586505174636841 0 -0.50027757883071899
vn -0.86586505174636841 0 -0.50027757883071899
vn -0.86586505174636841 0 -0.50027757883071899
vn -0.86586505174636841 0 -0.50027757883071899
vn -0.86586505174636841 0 -0.50027757883071899
vn -0.86586505174636841 0 -0.50027757883071899
vn -0.86586505174636841 0 -0.50027757883071899
vn -0.86586505174636841 0 -0.50027757883071899
vn -0.86586505174636841 0 -0.50027757883071899
vn -0.86586505174636841 0 -0.50027757883071899
vn -0.86586505174636841 0 -0.50027757883071899
vn -0.86586505174636841 0 -0.50027757883071899
vn -0.86586505174636841 0 -0.50027757883071899
vn -0.86586505174636841 0 -0.50027757883071899
vn -0.86586505174636841 0 -0.50027757883071899
vn -0.86586505174636841 0 -0.50027757883071899
vn -0.86586505174636841 0 -0.50027757883071899
vn -0.86586505174636841 0 -0.50027757883071899
vn -0.86586505174636841 0 -0.50027757883071899
vn -0.86586505174636841 0 -0.50027757883071899
vn -0.86586505174636841 0 -0.50027757883071899
vn -0.86586505174636841 0 -0.50027757883071899
vn -0.86586505174636841 0 -0.50027757883071899
vn -0.86586505174636841 0 -0.50027757883071899
vn -0.86586505174636841 0 -0.50027757883071899
vn -0.86586505174636841 0 -0.50027757883071899
vn -0.86586505174636841 0 -0.50027757883071899
vn -0.86586505174636841 0 -0.50027757883071899
vn -0.86586505174636841 0 -0.50027757883071899
vn -0.86586505174636841 0 -0.50027757883071899
vn -0.86586505174636841 0 -0.50027757883071899
vn -0.86586505174636841 0 -0.50027757883071899
vn -0.86586505174636841 0 -0.50027757883071899
vn -0.86586505174636841 0 -0.50027757883071899
vn -0.86586505174636841 0 -0.50027757883071899
vn -0.86586505174636841 0 -0.50027757883071899
vn -0.86586505174636841 0 -0.50027757883071899
vn -0.86586505174636841 0 -0.50027757883071899
vn -0.86586505174636841 0 -0.50027757883071899
vn -0.86586505174636841 0 -0.50027757883071899
vn -0.86586505174636841 0 -0.50027757883071899
vn -0.86586505174636841 0 -0.50027757883071899
vn -0.86586505174636841 0 -0.50027757883071899
vn -0.86586505174636841 0 -0.50027757883071899
vn -0.86586505174636841 0 -0.50027757883071899
vn -0.86586505174636841 0 -0.50027757883071899
vn -0.86586505174636841 0 -0.50027757883071899
vn -0.86586505174636841 0 -0.50027757883071899
vn -0.86586505174636841 0 -0.50027757883071899
vn -0.86586505174636841 0 -0.50027757883071899
vn -0.86586505174636841 0 -0.50027757883071899
vn -0.86586505174636841 0 -0.50027757883071899
vn -0.86586505174636841 0 -0.50027757883071899
vn -0.86586505174636841 0 -0.50027757883071899
vn -0.86586505174636841 0 -0.50027757883071899
vn -0.86586505174636841 0 -0.50027757883071899
vn -0.86586505174636841 0 -0.50027757883071899
vn 0.86586505174636841 0 -0.50027757883071899
vn 0.86586505174636841 0 -0.50027757883071899
vn 0.86586505174636841 0 -0.50027757883071899
vn 0.86586505174636841 0 -0.50027757883071899
vn 0.86586505174636841 0 -0.50027757883071899
vn 0.86586505174636841 0 -0.50027757883071899
vn 0.86586505174636841 0 -0.50027757883071899
vn 0.86586505174636841 0 -0.50027757883071899
vn 0.86586505174636841 0 -0.50027757883071899
vn 0.86586505174636841 0 -0.50027757883071899
vn 0.86586505174636841 0 -0.50027757883071899
vn 0.86586505174636841 0 -0.50027757883071899
vn 0.86586505174636841 0 -0.50027757883071899
vn 0.86586505174636841 0 -0.50027757883071899
vn 0.86586505174636841 0 -0.50027757883071899
vn 0.86586505174636841 0 -0.50027757883071899
vn 0.86586505174636841 0 -0.50027757883071899
vn 0.86586505174636841 0 -0.50027757883071899
vn 0.86586505174636841 0 -0.50027757883071899
vn 0.86586505174636841 0 -0.50027757883071899
vn 0.86586505174636841 0 -0.50027757883071899
vn 0.86586505174636841 0 -0.50027757883071899
vn 0.86586505174636841 0 -0.50027757883071899
vn 0.86586505174636841 0 -0.50027757883071899
vn 0.86586505174636841 0 -0.50027757883071899
vn 0.86586505174636841 0 -0.50027757883071899
vn 0.86586505174636841 0 -0.50027757883071899
vn 0.86586505174636841 0 -0.50027757883071899
vn 0.86586505174636841 0 -0.50027757883071899
vn 0.86586505174636841 0 -0.50027757883071899
vn 0.86586505174636841 0 -0.50027757883071899
vn 0.86586505174636841 0 -0.50027757883071899
vn 0.86586505174636841 0 -0.50027757883071899
vn 0.86586505174636841 0 -0.50027757883071899
vn 0.86586505174636841 0 -0.50027757883071899
vn 0.86586505174636841 0 -0.50027757883071899
vn 0.86586505174636841 0 -0.50027757883071899
vn 0.86586505174636841 0 -0.50027757883071899
vn 0.86586505174636841 0 -0.50027757883071899
vn 0.86586505174636841 0 -0.50027757883071899
vn 0.86586505174636841 0 -0.50027757883071899
vn 0.86586505174636841 0 -0.50027757883071899
vn 0.86586505174636841 0 -0.50027757883071899
vn 0.86586505174636841 0 -0.50027757883071899
vn 0.86586505174636841 0 -0.50027757883071899
vn 0.86586505174636841 0 -0.50027757883071899
vn 0.86586505174636841 0 -0.50027757883071899
vn 0.86586505174636841 0 -0.50027757883071899
vn 0.86586505174636841 0 -0.50027757883071899
vn 0.86586505174636841 0 -0.50027757883071899
vn 0.86586505174636841 0 -0.50027757883071899
vn 0.86586505174636841 0 -0.50027757883071899
vn 0.86586505174636841 0 -0.50027757883071899
vn 0.86586505174636841 0 -0.50027757883071899
vn 0.86586505174636841 0 -0.50027757883071899
vn 0.86586505174636841 0 -0.50027757883071899
vn 0.86586505174636841 0 -0.50027757883071899
vn 0.86586505174636841 0 -0.50027757883071899
vn 0.86586505174636841 0 -0.50027757883071899
vn 0.86586505174636841 0 -0.50027757883071899
vn 0.86586505174636841 0 -0.50027757883071899
vn 0.86586505174636841 0 -0.50027757883071899
vn 0.86586505174636841 0 -0.50027757883071899
vn 0.86586505174636841 0 -0.50027757883071899
vn 0.86586505174636841 0 -0.50027757883071899
vn 0.86586505174636841 0 -0.50027757883071899
vn 0.86586505174636841 0 -0.50027757883071899
vn 0.86586505174636841 0 -0.50027757883071899
vn 0.86586505174636841 0 -0.50027757883071899
vn 0.86586505174636841 0 -0.50027757883071899
vn 0.86586505174636841 0 -0.50027757883071899
vn 0.86586505174636841 0 -0.50027757883071899
vn 0.86586505174636841 0 -0.50027757883071899
vn 0.86586505174636841 0 -0.50027757883071899
vn 0.86586505174636841 0 -0.50027757883071899
vn 0.86586505174636841 0 -0.50027757883071899
vn 0.86586505174636841 0 -0.50027757883071899
vn 0.86586505174636841 0 -0.50027757883071899
vn 0.86586505174636841 0 -0.50027757883071899
vn 0.86586505174636841 0 -0.50027757883071899
vn 0.86586505174636841 0 -0.50027757883071899
vn 0.86586505174636841 0 -0.50027757883071899
vn 0.86586505174636841 0 -0.50027757883071899
vn 0.86586505174636841 0 -0.50027757883071899
vn 0.86586505174636841 0 -0.50027757883071899
vn 0.86586505174636841 0 -0.50027757883071899
vn 0.86586505174636841 0 -0.50027757883071899
vn 0.86586505174636841 0 -0.50027757883071899
vn 0.86586505174636841 0 -0.50027757883071899
vn 0.86586505174636841 0 -0.50027757883071899
vn 0.86586505174636841 0 -0.50027757883071899
vn 0.86586505174636841 0 -0.50027757883071899
vn 0.86586505174636841 0 -0.50027757883071899
vn 0.86586505174636841 0 -0.50027757883071899
vn 0.86586505174636841 0 -0.50027757883071899
vn 0.86586505174636841 0 -0.50027757883071899
vn 0.86586505174636841 0 -0.50027757883071899
vn 0.86586505174636841 0 -0.50027757883071899
vn 0.86586505174636841 0 -0.50027757883071899
vn 0 0.86586505174636841 -0.50027757883071899
vn 0 0.86586505174636841 -0.50027757883071899
vn 0 0.86586505174636841 -0.50027757883071899
vn 0 0.86586505174636841 -0.50027757883071899
vn 0 0.86586505174636841 -0.50027757883071899
vn 0 0.86586505174636841 -0.50027757883071899
vn 0 0.86586505174636841 -0.50027757883071899
vn 0 0.86586505174636841 -0.50027757883071899
vn 0 0.86586505174636841 -0.50027757883071899
vn 0 0.86586505174636841 -0.50027757883071899
vn 0 0.86586505174636841 -0.50027757883071899
vn 0 0.86586505174636841 -0.50027757883071899
vn 0 0.86586505174636841 -0.50027757883071899
vn 0 0.86586505174636841 -0.50027757883071899
vn 0 0.86586505174636841 -0.50027757883071899
vn 0 0.86586505174636841 -0.50027757883071899
vn 0 0.86586505174636841 -0.50027757883071899
vn 0 0.86586505174636841 -0.50027757883071899
vn 0 0.86586505174636841 -0.50027757883071899
vn 0 0.86586505174636841 -0.50027757883071899
vn 0 0.86586505174636841 -0.50027757883071899
vn 0 0.86586505174636841 -0.50027757883071899
vn 0 0.86586505174636841 -0.50027757883071899
vn 0 0.86586505174636841 -0.50027757883071899
vn 0 0.86586505174636841 -0.50027757883071899
vn 0 0.86586505174636841 -0.50027757883071899
vn 0 0.86586505174636841 -0.50027757883071899
vn 0 0.86586505174636841 -0.50027757883071899
vn 0 0.86586505174636841 -0.50027757883071899
vn 0 0.86586505174636841 -0.50027757883071899
vn 0 0.86586505174636841 -0.50027757883071899
vn 0 0.86586505174636841 -0.50027757883071899
vn 0 0.86586505174636841 -0.50027757883071899
vn 0 0.86586505174636841 -0.50027757883071899
vn 0 0.86586505174636841 -0.50027757883071899
vn 0 0.86586505174636841 -0.50027757883071899
vn 0 0.86586505174636841 -0.50027757883071899
vn 0 0.86586505174636841 -0.50027757883071899
vn 0 0.86586505174636841 -0.50027757883071899
vn 0 0.86586505174636841 -0.50027757883071899
vn 0 0.86586505174636841 -0.50027757883071899
vn 0 0.86586505174636841 -0.50027757883071899
vn 0 0.86586505174636841 -0.50027757883071899
vn 0 0.86586505174636841 -0.50027757883071899
vn 0 0.86586505174636841 -0.50027757883071899
vn 0 0.86586505174636841 -0.50027757883071899
vn 0 0.86586505174636841 -0.50027757883071899
vn 0 0.86586505174636841 -0.50027757883071899
vn 0 0.86586505174636841 -0.50027757883071899
vn 0 0.86586505174636841 -0.50027757883071899
vn 0 0.86586505174636841 -0.50027757883071899
vn 0 0.86586505174636841 -0.50027757883071899
vn 0 0.86586505174636841 -0.50027757883071899
vn 0 0.86586505174636841 -0.50027757883071899
vn 0 0.86586505174636841 -0.50027757883071899
vn 0 0.86586505174636841 -0.50027757883071899
vn 0 0.86586505174636841 -0.50027757883071899
vn 0 0.86586505174636841 -0.50027757883071899
vn 0 0.86586505174636841 -0.50027757883071899
vn 0 0.86586505174636841 -0.50027757883071899
vn 0 0.86586505174636841 -0.50027757883071899
vn 0 0.86586505174636841 -0.50027757883071899
vn 0 0.86586505174636841 -0.50027757883071899
vn 0 0.86586505174636841 -0.50027757883071899
vn 0 0.86586505174636841 -0.50027757883071899
vn 0 0.86586505174636841 -0.50027757883071899
vn 0 0.86586505174636841 -0.50027757883071899
vn 0 0.86586505174636841 -0.50027757883071899
vn 0 0.86586505174636841 -0.50027757883071899
vn 0 0.86586505174636841 -0.50027757883071899
vn 0 0.86586505174636841 -0.50027757883071899
vn 0 0.86586505174636841 -0.50027757883071899
vn 0 0.86586505174636841 -0.50027757883071899
vn 0 0.86586505174636841 -0.50027757883071899
vn 0 0.86586505174636841 -0.50027757883071899
vn 0 0.86586505174636841 -0.50027757883071899
vn 0 0.86586505174636841 -0.50027757883071899
vn 0 0.86586505174636841 -0.50027757883071899
vn 0 0.86586505174636841 -0.50027757883071899
vn 0 0.86586505174636841 -0.50027757883071899
vn 0 0.86586505174636841 -0.50027757883071899
vn 0 0.86586505174636841 -0.50027757883071899
vn 0 0.86586505174636841 -0.50027757883071899
vn 0 0.86586505174636841 -0.50027757883071899
vn 0 0.86586505174636841 -0.50027757883071899
vn 0 0.86586505174636841 -0.50027757883071899
vn 0 0.86586505174636841 -0.50027757883071899
vn 0 0.86586505174636841 -0.50027757883071899
vn 0 0.86586505174636841 -0.50027757883071899
vn 0 0.86586505174636841 -0.50027757883071899
vn 0 0.86586505174636841 -0.50027757883071899
vn 0 0.86586505174636841 -0.50027757883071899
vn 0 0.86586505174636841 -0.50027757883071899
vn 0 0.86586505174636841 -0.50027757883071899
vn 0 0.86586505174636841 -0.50027757883071899
vn 0 0.86586505174636841 -0.50027757883071899
vn 0 0.86586505174636841 -0.50027757883071899
vn 0 0.86586505174636841 -0.50027757883071899
vn 0 0.86586505174636841 -0.50027757883071899
vn 0 0.86586505174636841 -0.50027757883071899
vn 0 0.86586505174636841 -0.50027757883071899
vn 0 0.86586505174636841 -0.50027757883071899
vn 0 0.86586505174636841 -0.50027757883071899
vn 0 0.86586505174636841 -0.50027757883071899
vn 0 0.86586505174636841 -0.50027757883071899
vn 0 0.86586505174636841 -0.50027757883071899
vn 0 0.86586505174636841 -0.50027757883071899
vn 0 0.86586505174636841 -0.50027757883071899
vn 0 0.86586505174636841 -0.50027757883071899
vn 0 0.86586505174636841 -0.50027757883071899
vn 0 0.86586505174636841 -0.50027757883071899
vn 0 0.86586505174636841 -0.50027757883071899
vn 0 0.86586505174636841 -0.50027757883071899
vn 0 0.86586505174636841 -0.50027757883071899
vn 0 0.86586505174636841 -0.50027757883071899
vn 0 0.86586505174636841 -0.50027757883071899
vn 0 0.86586505174636841 -0.50027757883071899
vn 0 0.86586505174636841 -0.50027757883071899
vn 0 0.86586505174636841 -0.50027757883071899
vn 0 0.86586505174636841 -0.50027757883071899
vn 0 0.86586505174636841 -0.50027757883071899
vn 0 0.86586505174636841 -0.50027757883071899
vn 0 0.86586505174636841 -0.50027757883071899
vn 0 0.86586505174636841 -0.50027757883071899
vn 0 0.86586505174636841 -0.50027757883071899
vn 0 0.86586505174636841 -0.50027757883071899
vn 0 1 0
vn 0 1 0
vn 0 1 0
vn 0 1 0
vn 0 1 0
vn 0 1 0
vn 0 1 0
vn 0 1 0
vn 0 1 0
vn 0 1 0
vn 0 1 0
vn 1 0 0
vn 1 0 0
vn 1 0 0
vn 1 0 0
vn 1 0 0
vn 1 0 0
vn 1 0 0
vn 1 0 0
vn 1 0 0
vn 1 0 0
vn 1 0 0
vn 0.50001180171966553 -8.4880986833013594E-05 0.86601859331130981
vn 0.50001180171966553 -8.4880986833013594E-05 0.86601859331130981
vn 0.50001180171966553 -8.4880986833013594E-05 0.86601859331130981
vn 0.50001180171966553 -8.4880986833013594E-05 0.86601859331130981
vn 0.50001180171966553 -8.4880986833013594E-05 0.86601859331130981
vn 0.50001180171966553 -8.4880986833013594E-05 0.86601859331130981
vn 0.50001180171966553 -8.4880986833013594E-05 0.86601859331130981
vn 0.50001180171966553 -8.4880986833013594E-05 0.86601859331130981
vn 0.50001180171966553 -8.4880986833013594E-05 0.86601859331130981
vn 0.50001180171966553 -8.4880986833013594E-05 0.86601859331130981
vn 0.50001180171966553 -8.4880986833013594E-05 0.86601859331130981
vn 0.50001180171966553 -8.4880986833013594E-05 0.86601859331130981
vn 0.50001180171966553 -8.4880986833013594E-05 0.86601859331130981
vn 0.50001180171966553 -8.4880986833013594E-05 0.86601859331130981
vn 0.50001180171966553 -8.4880986833013594E-05 0.86601859331130981
vn 0.50001180171966553 -8.4880986833013594E-05 0.86601859331130981
vn 0.50001180171966553 -8.4880986833013594E-05 0.86601859331130981
vn 0.50001180171966553 -8.4880986833013594E-05 0.86601859331130981
vn 0.50001180171966553 -8.4880986833013594E-05 0.86601859331130981
vn 0.50001180171966553 -8.4880986833013594E-05 0.86601859331130981
vn 0.50001180171966553 -8.4880986833013594E-05 0.86601859331130981
vn 0.50001180171966553 -8.4880986833013594E-05 0.86601859331130981
vn 0.50001180171966553 -8.4880986833013594E-05 0.86601859331130981
vn 0.50001180171966553 -8.4880986833013594E-05 0.86601859331130981
vn 0.50001180171966553 -8.4880986833013594E-05 0.86601859331130981
vn 0.50001180171966553 -8.4880986833013594E-05 0.86601859331130981
vn 0.50001180171966553 -8.4880986833013594E-05 0.86601859331130981
vn 0.50001180171966553 -8.4880986833013594E-05 0.86601859331130981
vn 0.50001180171966553 -8.4880986833013594E-05 0.86601859331130981
vn 0.50001180171966553 -8.4880986833013594E-05 0.86601859331130981
vn 0.50001180171966553 -8.4880986833013594E-05 0.86601859331130981
vn 0.50001180171966553 -8.4880986833013594E-05 0.86601859331130981
vn 0.50001180171966553 -8.4880986833013594E-05 0.86601859331130981
vn 0.50001180171966553 -8.4880986833013594E-05 0.86601859331130981
vn 0.50001180171966553 -8.4880986833013594E-05 0.86601859331130981
vn 0.50001180171966553 -8.4880986833013594E-05 0.86601859331130981
vn 0.50001180171966553 -8.4880986833013594E-05 0.86601859331130981
vn 0.50001180171966553 -8.4880986833013594E-05 0.86601859331130981
vn 0.50001180171966553 -8.4880986833013594E-05 0.86601859331130981
vn 0.50001180171966553 -8.4880986833013594E-05 0.86601859331130981
vn 0.50001180171966553 -8.4880986833013594E-05 0.86601859331130981
vn 0.50001180171966553 -8.4880986833013594E-05 0.86601859331130981
vn 0.50001180171966553 -8.4880986833013594E-05 0.86601859331130981
vn 0.50001180171966553 -8.4880986833013594E-05 0.86601859331130981
vn 0.50001180171966553 -8.4880986833013594E-05 0.86601859331130981
vn 0.50001180171966553 -8.4880986833013594E-05 0.86601859331130981
vn 0.50001180171966553 -8.4880986833013594E-05 0.86601859331130981
vn 0.50001180171966553 -8.4880986833013594E-05 0.86601859331130981
vn 0.50001180171966553 -8.4880986833013594E-05 0.86601859331130981
vn 0.50001180171966553 -8.4880986833013594E-05 0.86601859331130981
vn 0.50001180171966553 -8.4880986833013594E-05 0.86601859331130981
vn 0.50001180171966553 -8.4880986833013594E-05 0.86601859331130981
vn 0.50001180171966553 -8.4880986833013594E-05 0.86601859331130981
vn 0.50001180171966553 -8.4880986833013594E-05 0.86601859331130981
vn 0.50001180171966553 -8.4880986833013594E-05 0.86601859331130981
vn 0.50001180171966553 -8.4880986833013594E-05 0.86601859331130981
vn 0.50001180171966553 -8.4880986833013594E-05 0.86601859331130981
vn 0.50001180171966553 -8.4880986833013594E-05 0.86601859331130981
vn 0.50001180171966553 -8.4880986833013594E-05 0.86601859331130981
vn 0.50001180171966553 -8.4880986833013594E-05 0.86601859331130981
vn 0.50001180171966553 -8.4880986833013594E-05 0.86601859331130981
vn 0.50001180171966553 -8.4880986833013594E-05 0.86601859331130981
vn 0.50001180171966553 -8.4880986833013594E-05 0.86601859331130981
vn 0.50001180171966553 -8.4880986833013594E-05 0.86601859331130981
vn 0.50001180171966553 -8.4880986833013594E-05 0.86601859331130981
vn 0.50001180171966553 -8.4880986833013594E-05 0.86601859331130981
vn 0.50001180171966553 -8.4880986833013594E-05 0.86601859331130981
vn 0.50001180171966553 -8.4880986833013594E-05 0.86601859331130981
vn 0.50001180171966553 -8.4880986833013594E-05 0.86601859331130981
vn 0.50001180171966553 -8.4880986833013594E-05 0.86601859331130981
vn 0.50001180171966553 -8.4880986833013594E-05 0.86601859331130981
vn 0.50001180171966553 -8.4880986833013594E-05 0.86601859331130981
vn 0.50001180171966553 -8.4880986833013594E-05 0.86601859331130981
vn 0.50001180171966553 -8.4880986833013594E-05 0.86601859331130981
vn 0.50001180171966553 -8.4880986833013594E-05 0.86601859331130981
vn 0.50001180171966553 -8.4880986833013594E-05 0.86601859331130981
vn 0.50001180171966553 -8.4880986833013594E-05 0.86601859331130981
vn 0.50001180171966553 -8.4880986833013594E-05 0.86601859331130981
vn 0.50001180171966553 -8.4880986833013594E-05 0.86601859331130981
vn 0.50001180171966553 -8.4880986833013594E-05 0.86601859331130981
vn 0.50001180171966553 -8.4880986833013594E-05 0.86601859331130981
vn 0.50001180171966553 -8.4880986833013594E-05 0.86601859331130981
vn 0.50001180171966553 -8.4880986833013594E-05 0.86601859331130981
vn 0.50001180171966553 -8.4880986833013594E-05 0.86601859331130981
vn 0.50001180171966553 -8.4880986833013594E-05 0.86601859331130981
vn 0.50001180171966553 -8.4880986833013594E-05 0.86601859331130981
vn 0.50001180171966553 -8.4880986833013594E-05 0.86601859331130981
vn 0.50001180171966553 -8.4880986833013594E-05 0.86601859331130981
vn 0.50001180171966553 -8.4880986833013594E-05 0.86601859331130981
vn 0.50001180171966553 -8.4880986833013594E-05 0.86601859331130981
vn 0.50001180171966553 -8.4880986833013594E-05 0.86601859331130981
vn 0.50001180171966553 -8.4880986833013594E-05 0.86601859331130981
vn 0.50001180171966553 -8.4880986833013594E-05 0.86601859331130981
vn 0.50001180171966553 -8.4880986833013594E-05 0.86601859331130981
vn 0.50001180171966553 -8.4880986833013594E-05 0.86601859331130981
vn 0.50001180171966553 -8.4880986833013594E-05 0.86601859331130981
vn 0.50001180171966553 -8.4880986833013594E-05 0.86601859331130981
vn 0.50001180171966553 -8.4880986833013594E-05 0.86601859331130981
vn 0.50001180171966553 -8.4880986833013594E-05 0.86601859331130981
vn 0.50001180171966553 -8.4880986833013594E-05 0.86601859331130981
vn 0 0.49985960125923157 0.86610645055770874
vn 0 0.49985960125923157 0.86610645055770874
vn 0 0.49985960125923157 0.86610645055770874
vn 0 0.49985960125923157 0.86610645055770874
vn 0 0.49985960125923157 0.86610645055770874
vn 0 0.49985960125923157 0.86610645055770874
vn 0 0.49985960125923157 0.86610645055770874
vn 0 0.49985960125923157 0.86610645055770874
vn 0 0.49985960125923157 0.86610645055770874
vn 0 0.49985960125923157 0.86610645055770874
vn 0 0.49985960125923157 0.86610645055770874
vn 0 0.49985960125923157 0.86610645055770874
vn 0 0.49985960125923157 0.86610645055770874
vn 0 0.49985960125923157 0.86610645055770874
vn 0 0.49985960125923157 0.86610645055770874
vn 0 0.49985960125923157 0.86610645055770874
vn 0 0.49985960125923157 0.86610645055770874
vn 0 0.49985960125923157 0.86610645055770874
vn 0 0.49985960125923157 0.86610645055770874
vn 0 0.49985960125923157 0.86610645055770874
vn 0 0.49985960125923157 0.86610645055770874
vn 0 0.49985960125923157 0.86610645055770874
vn 0 0.49985960125923157 0.86610645055770874
vn 0 0.49985960125923157 0.86610645055770874
vn 0 0.49985960125923157 0.86610645055770874
vn 0 0.49985960125923157 0.86610645055770874
vn 0 0.49985960125923157 0.86610645055770874
vn 0 0.49985960125923157 0.86610645055770874
vn 0 0.49985960125923157 0.86610645055770874
vn 0 0.49985960125923157 0.86610645055770874
vn 0 0.49985960125923157 0.86610645055770874
vn 0 0.49985960125923157 0.86610645055770874
vn 0 0.49985960125923157 0.86610645055770874
vn 0 0.49985960125923157 0.86610645055770874
vn 0 0.49985960125923157 0.86610645055770874
vn 0 0.49985960125923157 0.86610645055770874
vn 0 0.49985960125923157 0.86610645055770874
vn 0 0.49985960125923157 0.86610645055770874
vn 0 0.49985960125923157 0.86610645055770874
vn 0 0.49985960125923157 0.86610645055770874
vn 0 0.49985960125923157 0.86610645055770874
vn 0 0.49985960125923157 0.86610645055770874
vn 0 0.49985960125923157 0.86610645055770874
vn 0 0.49985960125923157 0.86610645055770874
vn 0 0.49985960125923157 0.86610645055770874
vn 0 0.49985960125923157 0.86610645055770874
vn 0 0.49985960125923157 0.86610645055770874
vn 0 0.49985960125923157 0.86610645055770874
vn 0 0.49985960125923157 0.86610645055770874
vn 0 0.49985960125923157 0.86610645055770874
vn 0 0.49985960125923157 0.86610645055770874
vn 0 0.49985960125923157 0.86610645055770874
vn 0 0.49985960125923157 0.86610645055770874
vn 0 0.49985960125923157 0.86610645055770874
vn 0 0.49985960125923157 0.86610645055770874
vn 0 0.49985960125923157 0.86610645055770874
vn 0 0.49985960125923157 0.86610645055770874
vn 0 0.49985960125923157 0.86610645055770874
vn 0 0.49985960125923157 0.86610645055770874
vn 0 0.49985960125923157 0.86610645055770874
vn 0 0.49985960125923157 0.86610645055770874
vn 0 0.49985960125923157 0.86610645055770874
vn 0 0.49985960125923157 0.86610645055770874
vn 0 0.49985960125923157 0.86610645055770874
vn 0 0.49985960125923157 0.86610645055770874
vn 0 0.49985960125923157 0.86610645055770874
vn 0 0.49985960125923157 0.86610645055770874
vn 0 0.49985960125923157 0.86610645055770874
vn 0 0.49985960125923157 0.86610645055770874
vn 0 0.49985960125923157 0.86610645055770874
vn 0 0.49985960125923157 0.86610645055770874
vn 0 0.49985960125923157 0.86610645055770874
vn 0 0.49985960125923157 0.86610645055770874
vn 0 0.49985960125923157 0.86610645055770874
vn 0 0.49985960125923157 0.86610645055770874
vn 0 0.49985960125923157 0.86610645055770874
vn 0 0.49985960125923157 0.86610645055770874
vn 0 0.49985960125923157 0.86610645055770874
vn 0 0.49985960125923157 0.86610645055770874
vn 0 0.49985960125923157 0.86610645055770874
vn 0 0.49985960125923157 0.86610645055770874
vn 0 0.49985960125923157 0.86610645055770874
vn 0 0.49985960125923157 0.86610645055770874
vn 0 0.49985960125923157 0.86610645055770874
vn 0 0.49985960125923157 0.86610645055770874
vn 0 0.49985960125923157 0.86610645055770874
vn 0 0.49985960125923157 0.86610645055770874
vn 0 0.49985960125923157 0.86610645055770874
vn 0 0.49985960125923157 0.86610645055770874
vn 0 0.49985960125923157 0.86610645055770874
vn 0 0.49985960125923157 0.86610645055770874
vn 0 -0.50001180171966553 0.86601859331130981
vn 0 -0.50001180171966553 0.86601859331130981
vn 0 -0.50001180171966553 0.86601859331130981
vn 0 -0.50001180171966553 0.86601859331130981
vn 0 -0.50001180171966553 0.86601859331130981
vn 0 -0.50001180171966553 0.86601859331130981
vn 0 -0.50001180171966553 0.86601859331130981
vn 0 -0.50001180171966553 0.86601859331130981
vn 0 -0.50001180171966553 0.86601859331130981
vn 0 -0.50001180171966553 0.86601859331130981
vn 0 -0.50001180171966553 0.86601859331130981
vn 0 -0.50001180171966553 0.86601859331130981
vn 0 -0.50001180171966553 0.86601859331130981
vn 0 -0.50001180171966553 0.86601859331130981
vn 0 -0.50001180171966553 0.86601859331130981
vn 0 -0.50001180171966553 0.86601859331130981
vn 0 -0.50001180171966553 0.86601859331130981
vn 0 -0.50001180171966553 0.86601859331130981
vn 0 -0.50001180171966553 0.86601859331130981
vn 0 -0.50001180171966553 0.86601859331130981
vn 0 -0.50001180171966553 0.86601859331130981
vn 0 -0.50001180171966553 0.86601859331130981
vn 0 -0.50001180171966553 0.86601859331130981
vn 0 -0.50001180171966553 0.86601859331130981
vn 0 -0.50001180171966553 0.86601859331130981
vn 0 -0.50001180171966553 0.86601859331130981
vn 0 -0.50001180171966553 0.86601859331130981
vn 0 -0.50001180171966553 0.86601859331130981
vn 0 -0.50001180171966553 0.86601859331130981
vn 0 -0.50001180171966553 0.86601859331130981
vn 0 -0.50001180171966553 0.86601859331130981
vn 0 -0.50001180171966553 0.86601859331130981
vn 0 -0.50001180171966553 0.86601859331130981
vn 0 -0.50001180171966553 0.86601859331130981
vn 0 -0.50001180171966553 0.86601859331130981
vn 0 -0.50001180171966553 0.86601859331130981
vn 0 -0.50001180171966553 0.86601859331130981
vn 0 -0.50001180171966553 0.86601859331130981
vn 0 -0.50001180171966553 0.86601859331130981
vn 0 -0.50001180171966553 0.86601859331130981
vn 0 -0.50001180171966553 0.86601859331130981
vn 0 -0.50001180171966553 0.86601859331130981
vn 0 -0.50001180171966553 0.86601859331130981
vn 0 -0.50001180171966553 0.86601859331130981
vn 0 -0.50001180171966553 0.86601859331130981
vn 0 -0.50001180171966553 0.86601859331130981
vn 0 -0.50001180171966553 0.86601859331130981
vn 0 -0.50001180171966553 0.86601859331130981
vn 0 -0.50001180171966553 0.86601859331130981
vn 0 -0.50001180171966553 0.86601859331130981
vn 0 -0.50001180171966553 0.86601859331130981
vn 0 -0.50001180171966553 0.86601859331130981
vn 0 -0.50001180171966553 0.86601859331130981
vn 0 -0.50001180171966553 0.86601859331130981
vn 0 -0.50001180171966553 0.86601859331130981
vn 0 -0.50001180171966553 0.86601859331130981
vn 0 -0.50001180171966553 0.86601859331130981
vn 0 -0.50001180171966553 0.86601859331130981
vn 0 -0.50001180171966553 0.86601859331130981
vn 0 -0.50001180171966553 0.86601859331130981
vn 0 -0.50001180171966553 0.86601859331130981
vn 0 -0.50001180171966553 0.86601859331130981
vn 0 -0.50001180171966553 0.86601859331130981
vn 0 -0.50001180171966553 0.86601859331130981
vn 0 -0.50001180171966553 0.86601859331130981
vn 0 -0.50001180171966553 0.86601859331130981
vn 0 -0.50001180171966553 0.86601859331130981
vn 0 -0.50001180171966553 0.86601859331130981
vn 0 -0.50001180171966553 0.86601859331130981
vn 0 -0.50001180171966553 0.86601859331130981
vn 0 -0.50001180171966553 0.86601859331130981
vn 0 -0.50001180171966553 0.86601859331130981
vn 0 -0.50001180171966553 0.86601859331130981
vn 0 -0.50001180171966553 0.86601859331130981
vn 0 -0.50001180171966553 0.86601859331130981
vn 0 -0.50001180171966553 0.86601859331130981
vn 0 -0.50001180171966553 0.86601859331130981
vn 0 -0.50001180171966553 0.86601859331130981
vn 0 -0.50001180171966553 0.86601859331130981
vn 0 -0.50001180171966553 0.86601859331130981
vn 0 -0.50001180171966553 0.86601859331130981
vn 0 -0.50001180171966553 0.86601859331130981
vn 0 -0.50001180171966553 0.86601859331130981
vn 0 -0.50001180171966553 0.86601859331130981
vn 0 -0.50001180171966553 0.86601859331130981
vn 0 -0.50001180171966553 0.86601859331130981
vn 0 -0.50001180171966553 0.86601859331130981
vn 0 -0.50001180171966553 0.86601859331130981
vn 0 -0.50001180171966553 0.86601859331130981
vn 0 -0.50001180171966553 0.86601859331130981
vn 0 -0.50001180171966553 0.86601859331130981
vn 0 -0.50001180171966553 0.86601859331130981
vn 0 -0.50001180171966553 0.86601859331130981
vn 0 -0.50001180171966553 0.86601859331130981
vn 0 -0.50001180171966553 0.86601859331130981
vn 0 -0.50001180171966553 0.86601859331130981
vn 0 -0.50001180171966553 0.86601859331130981
vn 0 -0.50001180171966553 0.86601859331130981
vn 0 -0.50001180171966553 0.86601859331130981
vn 0 -0.50001180171966553 0.86601859331130981
vn 0 -0.50001180171966553 0.86601859331130981
vn 0 -0.50001180171966553 0.86601859331130981
vn 0 -0.50001180171966553 0.86601859331130981
vn 0 -0.50001180171966553 0.86601859331130981
vn 0 -0.50001180171966553 0.86601859331130981
vn 0 -0.50001180171966553 0.86601859331130981
vn 0 -0.50001180171966553 0.86601859331130981
vn 0 -0.50001180171966553 0.86601859331130981
vn 0 -0.50001180171966553 0.86601859331130981
vn 0 -0.50001180171966553 0.86601859331130981
vn 0 -0.50001180171966553 0.86601859331130981
vn 0 -0.50001180171966553 0.86601859331130981
vn 0 -0.50001180171966553 0.86601859331130981
vn 0 -0.50001180171966553 0.86601859331130981
vn 0 -0.50001180171966553 0.86601859331130981
vn 0 -0.50001180171966553 0.86601859331130981
vn 0 -0.50001180171966553 0.86601859331130981
vn 0 -0.50001180171966553 0.86601859331130981
vn 0 -0.50001180171966553 0.86601859331130981
vn 0 -0.50001180171966553 0.86601859331130981
vn 0 -0.50001180171966553 0.86601859331130981
vn 0 -0.50001180171966553 0.86601859331130981
vn 0 -0.50001180171966553 0.86601859331130981
vn 0 -0.50001180171966553 0.86601859331130981
vn 0 -0.50001180171966553 0.86601859331130981
vn 0 -0.50001180171966553 0.86601859331130981
vn 0 -0.50001180171966553 0.86601859331130981
vn 0 -0.50001180171966553 0.86601859331130981
vn 0 -0.50001180171966553 0.86601859331130981
vn 0 -0.50001180171966553 0.86601859331130981
vn 0 -0.50001180171966553 0.86601859331130981
vn 0 -0.50001180171966553 0.86601859331130981
vn 0 -0.50001180171966553 0.86601859331130981
vn 0 -0.50001180171966553 0.86601859331130981
vn 0 -0.50001180171966553 0.86601859331130981
vn 0 -0.50001180171966553 0.86601859331130981
vn 0 -0.50001180171966553 0.86601859331130981
vn 0 -0.50001180171966553 0.86601859331130981
vn 0 -0.50001180171966553 0.86601859331130981
vn 0 -0.50001180171966553 0.86601859331130981
vn 0 -0.50001180171966553 0.86601859331130981
vn 0 -0.50001180171966553 0.86601859331130981
vn 0 -0.50001180171966553 0.86601859331130981
vn 0 -0.50001180171966553 0.86601859331130981
vn 0 -0.50001180171966553 0.86601859331130981
vn 0 -0.50001180171966553 0.86601859331130981
vn 0 -0.50001180171966553 0.86601859331130981
vn 0 -0.50001180171966553 0.86601859331130981
vn 0 -0.50001180171966553 0.86601859331130981
vn 0 -0.50001180171966553 0.86601859331130981
vn 0 -0.50001180171966553 0.86601859331130981
vn 0 -0.50001180171966553 0.86601859331130981
vn 0 -0.50001180171966553 0.86601859331130981
vn 0 -0.50001180171966553 0.86601859331130981
vn 0 -0.50001180171966553 0.86601859331130981
vn 0 -0.50001180171966553 0.86601859331130981
vn 0 -0.50001180171966553 0.86601859331130981
vn 0 -0.50001180171966553 0.86601859331130981
vn 0 -0.50001180171966553 0.86601859331130981
vn 0 -0.50001180171966553 0.86601859331130981
vn 0 -0.50001180171966553 0.86601859331130981
vn 0 -0.50001180171966553 0.86601859331130981
vn 0 -0.50001180171966553 0.86601859331130981
vn 0 -0.50001180171966553 0.86601859331130981
vn 0 -0.50001180171966553 0.86601859331130981
vn 0 -0.50001180171966553 0.86601859331130981
vn 0 -0.50001180171966553 0.86601859331130981
vn 0 -0.50001180171966553 0.86601859331130981
vn 0 -0.50001180171966553 0.86601859331130981
vn 0 -0.50001180171966553 0.86601859331130981
vn 0 -0.50001180171966553 0.86601859331130981
vn 0 -0.50001180171966553 0.86601859331130981
vn 0 -0.50001180171966553 0.86601859331130981
vn 0 -0.50001180171966553 0.86601859331130981
vn 0 -0.50001180171966553 0.86601859331130981
vn 0 -0.50001180171966553 0.86601859331130981
vn 0 -0.50001180171966553 0.86601859331130981
vn 0 -0.50001180171966553 0.86601859331130981
vn 0 -0.50001180171966553 0.86601859331130981
vn 0 -0.50001180171966553 0.86601859331130981
vn 0 -0.50001180171966553 0.86601859331130981
vn 0 -0.50001180171966553 0.86601859331130981
vn 0 -0.50001180171966553 0.86601859331130981
vn 0 -0.50001180171966553 0.86601859331130981
vn 0 -0.50001180171966553 0.86601859331130981
vn 0 -0.50001180171966553 0.86601859331130981
vn 0 -0.50001180171966553 0.86601859331130981
vn 0 -0.50001180171966553 0.86601859331130981
vn 0 -0.50001180171966553 0.86601859331130981
vn 0 -0.50001180171966553 0.86601859331130981
vn 0 -0.50001180171966553 0.86601859331130981
vn 0 -0.50001180171966553 0.86601859331130981
vn 0 -0.50001180171966553 0.86601859331130981
vn 0 -0.50001180171966553 0.86601859331130981
vn 0 -0.50001180171966553 0.86601859331130981
vn 0 -0.50001180171966553 0.86601859331130981
vn 0 -0.50001180171966553 0.86601859331130981
vn 0 -0.50001180171966553 0.86601859331130981
vn 0 -0.50001180171966553 0.86601859331130981
vn -0.50001180171966553 0 0.86601859331130981
vn -0.50001180171966553 0 0.86601859331130981
vn -0.50001180171966553 0 0.86601859331130981
vn -0.50001180171966553 0 0.86601859331130981
vn -0.50001180171966553 0 0.86601859331130981
vn -0.50001180171966553 0 0.86601859331130981
vn -0.50001180171966553 0 0.86601859331130981
vn -0.50001180171966553 0 0.86601859331130981
vn -0.50001180171966553 0 0.86601859331130981
vn -0.50001180171966553 0 0.86601859331130981
vn -0.50001180171966553 0 0.86601859331130981
vn -0.50001180171966553 0 0.86601859331130981
vn -0.50001180171966553 0 0.86601859331130981
vn -0.50001180171966553 0 0.86601859331130981
vn -0.50001180171966553 0 0.86601859331130981
vn -0.50001180171966553 0 0.86601859331130981
vn -0.50001180171966553 0 0.86601859331130981
vn -0.50001180171966553 0 0.86601859331130981
vn -0.50001180171966553 0 0.86601859331130981
vn -0.50001180171966553 0 0.86601859331130981
vn -0.50001180171966553 0 0.86601859331130981
vn -0.50001180171966553 0 0.86601859331130981
vn -0.50001180171966553 0 0.86601859331130981
vn -0.50001180171966553 0 0.86601859331130981
vn -0.50001180171966553 0 0.86601859331130981
vn -0.50001180171966553 0 0.86601859331130981
vn -0.50001180171966553 0 0.86601859331130981
vn -0.50001180171966553 0 0.86601859331130981
vn -0.50001180171966553 0 0.86601859331130981
vn -0.50001180171966553 0 0.86601859331130981
vn -0.50001180171966553 0 0.86601859331130981
vn -0.50001180171966553 0 0.86601859331130981
vn -0.50001180171966553 0 0.86601859331130981
vn -0.50001180171966553 0 0.86601859331130981
vn -0.50001180171966553 0 0.86601859331130981
vn -0.50001180171966553 0 0.86601859331130981
vn -0.50001180171966553 0 0.86601859331130981
vn -0.50001180171966553 0 0.86601859331130981
vn -0.50001180171966553 0 0.86601859331130981
vn -0.50001180171966553 0 0.86601859331130981
vn -0.50001180171966553 0 0.86601859331130981
vn -0.50001180171966553 0 0.86601859331130981
vn -0.50001180171966553 0 0.86601859331130981
vn -0.50001180171966553 0 0.86601859331130981
vn -0.50001180171966553 0 0.86601859331130981
vn -0.50001180171966553 0 0.86601859331130981
vn -0.50001180171966553 0 0.86601859331130981
vn -0.50001180171966553 0 0.86601859331130981
vn -0.50001180171966553 0 0.86601859331130981
vn -0.50001180171966553 0 0.86601859331130981
vn -0.50001180171966553 0 0.86601859331130981
vn -0.50001180171966553 0 0.86601859331130981
vn -0.50001180171966553 0 0.86601859331130981
vn -0.50001180171966553 0 0.86601859331130981
vn -0.50001180171966553 0 0.86601859331130981
vn -0.50001180171966553 0 0.86601859331130981
vn -0.50001180171966553 0 0.86601859331130981
vn -0.50001180171966553 0 0.86601859331130981
vn -0.50001180171966553 0 0.86601859331130981
vn -0.50001180171966553 0 0.86601859331130981
vn -0.50001180171966553 0 0.86601859331130981
vn -0.50001180171966553 0 0.86601859331130981
vn -0.50001180171966553 0 0.86601859331130981
vn -0.50001180171966553 0 0.86601859331130981
vn -0.50001180171966553 0 0.86601859331130981
vn -0.50001180171966553 0 0.86601859331130981
vn -0.50001180171966553 0 0.86601859331130981
vn -0.50001180171966553 0 0.86601859331130981
vn -0.50001180171966553 0 0.86601859331130981
vn -0.50001180171966553 0 0.86601859331130981
vn -0.50001180171966553 0 0.86601859331130981
vn -0.50001180171966553 0 0.86601859331130981
vn -0.50001180171966553 0 0.86601859331130981
vn -0.50001180171966553 0 0.86601859331130981
vn -0.50001180171966553 0 0.86601859331130981
vn -0.50001180171966553 0 0.86601859331130981
vn -0.50001180171966553 0 0.86601859331130981
vn -0.50001180171966553 0 0.86601859331130981
vn -0.50001180171966553 0 0.86601859331130981
vn -0.50001180171966553 0 0.86601859331130981
vn -0.50001180171966553 0 0.86601859331130981
vn -0.50001180171966553 0 0.86601859331130981
vn -0.50001180171966553 0 0.86601859331130981
vn -0.50001180171966553 0 0.86601859331130981
vn -0.50001180171966553 0 0.86601859331130981
vn -0.50001180171966553 0 0.86601859331130981
vn -0.50001180171966553 0 0.86601859331130981
vn -0.50001180171966553 0 0.86601859331130981
vn -0.50001180171966553 0 0.86601859331130981
vn -0.50001180171966553 0 0.86601859331130981
vn -0.50001180171966553 0 0.86601859331130981
vn -0.50001180171966553 0 0.86601859331130981
vn -0.50001180171966553 0 0.86601859331130981
vn -0.50001180171966553 0 0.86601859331130981
vn -0.50001180171966553 0 0.86601859331130981
vn -0.50001180171966553 0 0.86601859331130981
vn -0.50001180171966553 0 0.86601859331130981
vn -0.50001180171966553 0 0.86601859331130981
vn -0.50001180171966553 0 0.86601859331130981
vn -0.50001180171966553 0 0.86601859331130981
vn -0.50001180171966553 0 0.86601859331130981
vn -0.50001180171966553 0 0.86601859331130981
vn -0.50001180171966553 0 0.86601859331130981
vn -0.50001180171966553 0 0.86601859331130981
vn -0.50001180171966553 0 0.86601859331130981
vn -0.50001180171966553 0 0.86601859331130981
vn -0.50001180171966553 0 0.86601859331130981
vn -0.50001180171966553 0 0.86601859331130981
vn -0.50001180171966553 0 0.86601859331130981
vn -0.50001180171966553 0 0.86601859331130981
vn -0.50001180171966553 0 0.86601859331130981
vn -0.50001180171966553 0 0.86601859331130981
vn -0.50001180171966553 0 0.86601859331130981
vn -0.50001180171966553 0 0.86601859331130981
vn -0.50001180171966553 0 0.86601859331130981
vn -0.50001180171966553 0 0.86601859331130981
vn -0.50001180171966553 0 0.86601859331130981
vn -0.50001180171966553 0 0.86601859331130981
vn -0.50001180171966553 0 0.86601859331130981
vn -0.50001180171966553 0 0.86601859331130981
vn -0.50001180171966553 0 0.86601859331130981
vn -0.50001180171966553 0 0.86601859331130981
vn -0.50001180171966553 0 0.86601859331130981
vn -0.50001180171966553 0 0.86601859331130981
vn -0.50001180171966553 0 0.86601859331130981
vn -0.50001180171966553 0 0.86601859331130981
vn -0.50001180171966553 0 0.86601859331130981
vn -0.50001180171966553 0 0.86601859331130981
vn -0.50001180171966553 0 0.86601859331130981
vn -0.50001180171966553 0 0.86601859331130981
vn -0.50001180171966553 0 0.86601859331130981
vn -0.50001180171966553 0 0.86601859331130981
vn -0.50001180171966553 0 0.86601859331130981
vn -0.50001180171966553 0 0.86601859331130981
vn -0.50001180171966553 0 0.86601859331130981
vn -0.50001180171966553 0 0.86601859331130981
vn -0.50001180171966553 0 0.86601859331130981
vn -0.50001180171966553 0 0.86601859331130981
vn -0.50001180171966553 0 0.86601859331130981
vn -0.50001180171966553 0 0.86601859331130981
vn -0.50001180171966553 0 0.86601859331130981
vn -0.50001180171966553 0 0.86601859331130981
vn -0.50001180171966553 0 0.86601859331130981
vn -0.50001180171966553 0 0.86601859331130981
vn -0.50001180171966553 0 0.86601859331130981
vn -0.50001180171966553 0 0.86601859331130981
vn -0.50001180171966553 0 0.86601859331130981
vn -0.50001180171966553 0 0.86601859331130981
vn -0.50001180171966553 0 0.86601859331130981
vn -0.50001180171966553 0 0.86601859331130981
vn -0.50001180171966553 0 0.86601859331130981
vn -0.50001180171966553 0 0.86601859331130981
vn -0.50001180171966553 0 0.86601859331130981
vn -0.50001180171966553 0 0.86601859331130981
vn -0.50001180171966553 0 0.86601859331130981
vn -0.50001180171966553 0 0.86601859331130981
vn -0.50001180171966553 0 0.86601859331130981
vn -0.50001180171966553 0 0.86601859331130981
vn -0.50001180171966553 0 0.86601859331130981
vn -0.50001180171966553 0 0.86601859331130981
vn -0.50001180171966553 0 0.86601859331130981
vn -0.50001180171966553 0 0.86601859331130981
vn -0.50001180171966553 0 0.86601859331130981
vn -0.50001180171966553 0 0.86601859331130981
vn -0.50001180171966553 0 0.86601859331130981
vn -0.50001180171966553 0 0.86601859331130981
vn -0.50001180171966553 0 0.86601859331130981
vn -0.50001180171966553 0 0.86601859331130981
vn -0.50001180171966553 0 0.86601859331130981
vn -0.50001180171966553 0 0.86601859331130981
vn -0.50001180171966553 0 0.86601859331130981
vn -0.50001180171966553 0 0.86601859331130981
vn -0.50001180171966553 0 0.86601859331130981
vn 0 -0.49993839859962463 -0.86606097221374512
vn 0.00084271025843918324 -0.49993821978569031 -0.86606067419052124
vn 0.0016854186542332172 -0.49993768334388733 -0.86605972051620483
vn 0 -0.49986070394515991 -0.86610579490661621
vn 0.0014985157176852226 -0.49986013770103455 -0.8661048412322998
vn 0.00039662083145231009 -0.49989724159240723 -0.86608463525772095
vn 0.00038531154859811068 -0.49987843632698059 -0.86609548330307007
vn 0.00019831043027807027 -0.49989727139472961 -0.86608469486236572
vn 0.00019265578885097057 -0.49987846612930298 -0.86609554290771484
vn 0.00049950572429224849 -0.49986064434051514 -0.86610573530197144
vn 0.00099901109933853149 -0.49986046552658081 -0.86610537767410278
vn 0.0014045161660760641 -0.49993789196014404 -0.86606013774871826
vn 0.0011236133286729455 -0.49993810057640076 -0.86606043577194214
vn 0.00056180695537477732 -0.49993833899497986 -0.86606085300445557
vn 0.00028090350679121912 -0.49993839859962463 -0.86606091260910034
vn 0 -1 0
vn 0 -1 0
vn 0 -1 0
vn 0 -1 0
vn 0 -1 0
vn 0 -1 0
vn 0 -1 0
vn 0 -1 0
vn 0 -1 0
vn 0 -1 0
vn 0 -1 0
vn 0 -1 0
vn 0 -1 0
vn 0 -1 0
vn 0 -1 0
vn 0 -1 0
vn 0 -1 0
vn 0 -1 0
vn 0 -1 0
vn 0 -1 0
vn 0 -1 0
vn 0 -1 0
vn 0 -1 0
vn 0 -1 0
vn 0 -1 0
vn 0 -1 0
vn 0 -1 0
vn 0 -1 0
vn 0 -1 0
vn 0 -1 0
vn 0 -1 0
vn 0 -1 0
vn 0 -1 0
vn 0 -1 0
vn 0 -1 0
vn 0 -1 0
vn 0 -1 0
vn 0 -1 0
vn 0 -1 0
vn 0 -1 0
vn 0 -1 0
vn 0 -1 0
vn 0 -1 0
vn 0 -1 0
vn 0 -1 0
vn 0 -1 0
vn 0 -1 0
f 29/29/29 28/28/28 16/16/16 20/20/20
f 28/28/28 41/41/41 18/18/18 16/16/16
f 16/16/16 18/18/18 19/19/19 17/17/17
f 20/20/20 16/16/16 17/17/17 21/21/21
f 47/47/47 1/1/1 5/5/5
f 47/47/47 19/19/19 46/46/46
f 45/45/45 46/46/46 19/19/19 18/18/18
f 5/5/5 6/6/6 47/47/47
f 19/19/19 6/6/6 7/7/7
f 19/19/19 7/7/7 8/8/8
f 17/17/17 19/19/19 8/8/8 9/9/9
f 10/10/10 17/17/17 9/9/9
f 47/47/47 6/6/6 19/19/19
f 43/43/43 41/41/41 42/42/42
f 41/41/41 39/39/39 42/42/42
f 42/42/42 40/40/40 2/2/2
f 42/42/42 39/39/39 40/40/40
f 43/43/43 44/44/44 18/18/18 41/41/41
f 41/41/41 28/28/28 36/36/36 37/37/37
f 41/41/41 37/37/37 38/38/38
f 36/36/36 28/28/28 35/35/35
f 39/39/39 41/41/41 38/38/38
f 18/18/18 44/44/44 45/45/45
f 21/21/21 17/17/17 11/11/11 12/12/12
f 21/21/21 12/12/12 13/13/13
f 14/14/14 21/21/21 13/13/13
f 22/22/22 14/14/14 15/15/15
f 22/22/22 15/15/15 3/3/3
f 22/22/22 23/23/23 21/21/21
f 23/23/23 24/24/24 20/20/20 21/21/21
f 22/22/22 21/21/21 14/14/14
f 28/28/28 29/29/29 33/33/33 34/34/34
f 29/29/29 20/20/20 25/25/25 26/26/26
f 35/35/35 28/28/28 34/34/34
f 29/29/29 32/32/32 33/33/33
f 32/32/32 29/29/29 31/31/31
f 26/26/26 27/27/27 29/29/29
f 29/29/29 27/27/27 31/31/31
f 27/27/27 30/30/30 31/31/31
f 27/27/27 4/4/4 30/30/30
f 25/25/25 20/20/20 24/24/24
f 17/17/17 10/10/10 11/11/11
f 76/76/76 75/75/75 63/63/63 67/67/67
f 75/75/75 88/88/88 65/65/65 63/63/63
f 63/63/63 65/65/65 66/66/66 64/64/64
f 67/67/67 63/63/63 64/64/64 68/68/68
f 94/94/94 48/48/48 52/52/52
f 94/94/94 66/66/66 93/93/93
f 92/92/92 93/93/93 66/66/66 65/65/65
f 52/52/52 53/53/53 94/94/94
f 66/66/66 53/53/53 54/54/54
f 66/66/66 54/54/54 55/55/55
f 64/64/64 66/66/66 55/55/55 56/56/56
f 94/94/94 53/53/53 66/66/66
f 90/90/90 88/88/88 89/89/89
f 88/88/88 86/86/86 89/89/89
f 89/89/89 87/87/87 49/49/49
f 89/89/89 86/86/86 87/87/87
f 90/90/90 91/91/91 65/65/65 88/88/88
f 85/85/85 86/86/86 88/88/88
f 88/88/88 75/75/75 83/83/83 84/84/84
f 84/84/84 85/85/85 88/88/88
f 83/83/83 75/75/75 82/82/82
f 65/65/65 91/91/91 92/92/92
f 56/56/56 57/57/57 64/64/64
f 64/64/64 58/58/58 59/59/59
f 64/64/64 59/59/59 68/68/68
f 60/60/60 68/68/68 59/59/59
f 61/61/61 68/68/68 60/60/60
f 57/57/57 58/58/58 64/64/64
f 69/69/69 61/61/61 62/62/62
f 69/69/69 62/62/62 50/50/50
f 69/69/69 70/70/70 68/68/68
f 70/70/70 71/71/71 67/67/67 68/68/68
f 69/69/69 68/68/68 61/61/61
f 76/76/76 67/67/67 72/72/72 73/73/73
f 75/75/75 76/76/76 80/80/80 81/81/81
f 76/76/76 79/79/79 80/80/80
f 79/79/79 76/76/76 78/78/78
f 82/82/82 75/75/75 81/81/81
f 73/73/73 74/74/74 76/76/76
f 76/76/76 74/74/74 78/78/78
f 74/74/74 77/77/77 78/78/78
f 74/74/74 51/51/51 77/77/77
f 72/72/72 67/67/67 71/71/71
f 95/95/95 96/96/96 109/109/109 110/110/110
f 110/110/110 109/109/109 108/108/108 111/111/111
f 112/112/112 107/107/107 106/106/106 113/113/113
f 114/114/114 113/113/113 106/106/106 105/105/105
f 111/111/111 108/108/108 107/107/107 112/112/112
f 115/115/115 114/114/114 105/105/105 104/104/104
f 117/117/117 116/116/116 103/103/103 102/102/102
f 118/118/118 117/117/117 102/102/102 101/101/101
f 119/119/119 100/100/100 99/99/99 120/120/120
f 97/97/97 120/120/120 99/99/99 98/98/98
f 118/118/118 101/101/101 100/100/100 119/119/119
f 116/116/116 115/115/115 104/104/104 103/103/103
f 121/121/121 136/136/136 135/135/135 122/122/122
f 136/136/136 137/137/137 134/134/134 135/135/135
f 138/138/138 139/139/139 132/132/132 133/133/133
f 140/140/140 131/131/131 132/132/132 139/139/139
f 137/137/137 138/138/138 133/133/133 134/134/134
f 141/141/141 130/130/130 131/131/131 140/140/140
f 143/143/143 128/128/128 129/129/129 142/142/142
f 144/144/144 127/127/127 128/128/128 143/143/143
f 145/145/145 146/146/146 125/125/125 126/126/126
f 123/123/123 124/124/124 125/125/125 146/146/146
f 144/144/144 145/145/145 126/126/126 127/127/127
f 142/142/142 129/129/129 130/130/130 141/141/141
f 147/147/147 148/148/148 172/172/172 151/151/151
f 151/151/151 172/172/172 171/171/171 152/152/152
f 153/153/153 170/170/170 169/169/169 154/154/154
f 154/154/154 169/169/169 168/168/168 155/155/155
f 152/152/152 171/171/171 170/170/170 153/153/153
f 155/155/155 168/168/168 167/167/167 156/156/156
f 157/157/157 166/166/166 165/165/165 158/158/158
f 158/158/158 165/165/165 164/164/164 159/159/159
f 160/160/160 163/163/163 162/162/162 161/161/161
f 161/161/161 162/162/162 150/150/150 149/149/149
f 159/159/159 164/164/164 163/163/163 160/160/160
f 166/166/166 157/157/157 156/156/156 167/167/167
f 173/173/173 177/177/177 198/198/198 174/174/174
f 177/177/177 178/178/178 197/197/197 198/198/198
f 179/179/179 180/180/180 195/195/195 196/196/196
f 180/180/180 181/181/181 194/194/194 195/195/195
f 178/178/178 179/179/179 196/196/196 197/197/197
f 181/181/181 182/182/182 193/193/193 194/194/194
f 183/183/183 184/184/184 191/191/191 192/192/192
f 184/184/184 185/185/185 190/190/190 191/191/191
f 186/186/186 187/187/187 188/188/188 189/189/189
f 187/187/187 175/175/175 176/176/176 188/188/188
f 185/185/185 186/186/186 189/189/189 190/190/190
f 192/192/192 193/193/193 182/182/182 183/183/183
f 199/199/199 200/200/200 213/213/213 214/214/214
f 214/214/214 213/213/213 212/212/212 215/215/215
f 216/216/216 211/211/211 210/210/210 217/217/217
f 217/217/217 210/210/210 209/209/209 218/218/218
f 215/215/215 212/212/212 211/211/211 216/216/216
f 218/218/218 209/209/209 208/208/208 219/219/219
f 220/220/220 207/207/207 206/206/206 221/221/221
f 221/221/221 206/206/206 205/205/205 222/222/222
f 223/223/223 204/204/204 203/203/203 224/224/224
f 224/224/224 203/203/203 202/202/202 201/201/201
f 222/222/222 205/205/205 204/204/204 223/223/223
f 207/207/207 220/220/220 219/219/219 208/208/208
f 225/225/225 240/240/240 239/239/239 226/226/226
f 240/240/240 241/241/241 238/238/238 239/239/239
f 242/242/242 243/243/243 236/236/236 237/237/237
f 243/243/243 244/244/244 235/235/235 236/236/236
f 241/241/241 242/242/242 237/237/237 238/238/238
f 244/244/244 245/245/245 234/234/234 235/235/235
f 246/246/246 247/247/247 232/232/232 233/233/233
f 247/247/247 248/248/248 231/231/231 232/232/232
f 249/249/249 250/250/250 229/229/229 230/230/230
f 250/250/250 227/227/227 228/228/228 229/229/229
f 248/248/248 249/249/249 230/230/230 231/231/231
f 233/233/233 234/234/234 245/245/245 246/246/246
f 266/266/266 251/251/251 253/253/253 255/255/255
f 264/264/264 265/265/265 256/256/256 257/257/257
f 265/265/265 266/266/266 255/255/255 256/256/256
f 262/262/262 263/263/263 258/258/258 259/259/259
f 252/252/252 261/261/261 260/260/260 254/254/254
f 261/261/261 262/262/262 259/259/259 260/260/260
f 263/263/263 264/264/264 257/257/257 258/258/258
f 282/282/282 271/271/271 269/269/269 267/267/267
f 280/280/280 273/273/273 272/272/272 281/281/281
f 281/281/281 272/272/272 271/271/271 282/282/282
f 278/278/278 275/275/275 274/274/274 279/279/279
f 268/268/268 270/270/270 276/276/276 277/277/277
f 277/277/277 276/276/276 275/275/275 278/278/278
f 279/279/279 274/274/274 273/273/273 280/280/280
f 298/298/298 283/283/283 285/285/285 287/287/287
f 296/296/296 297/297/297 288/288/288 289/289/289
f 297/297/297 298/298/298 287/287/287 288/288/288
f 294/294/294 295/295/295 290/290/290 291/291/291
f 284/284/284 293/293/293 292/292/292 286/286/286
f 293/293/293 294/294/294 291/291/291 292/292/292
f 295/295/295 296/296/296 289/289/289 290/290/290
f 314/314/314 303/303/303 301/301/301 299/299/299
f 312/312/312 305/305/305 304/304/304 313/313/313
f 313/313/313 304/304/304 303/303/303 314/314/314
f 310/310/310 307/307/307 306/306/306 311/311/311
f 300/300/300 302/302/302 308/308/308 309/309/309
f 309/309/309 308/308/308 307/307/307 310/310/310
f 311/311/311 306/306/306 305/305/305 312/312/312
f 330/330/330 315/315/315 317/317/317 319/319/319
f 328/328/328 329/329/329 320/320/320 321/321/321
f 329/329/329 330/330/330 319/319/319 320/320/320
f 326/326/326 327/327/327 322/322/322 323/323/323
f 316/316/316 325/325/325 324/324/324 318/318/318
f 325/325/325 326/326/326 323/323/323 324/324/324
f 327/327/327 328/328/328 321/321/321 322/322/322
f 346/346/346 335/335/335 333/333/333 331/331/331
f 344/344/344 337/337/337 336/336/336 345/345/345
f 345/345/345 336/336/336 335/335/335 346/346/346
f 342/342/342 339/339/339 338/338/338 343/343/343
f 332/332/332 334/334/334 340/340/340 341/341/341
f 341/341/341 340/340/340 339/339/339 342/342/342
f 343/343/343 338/338/338 337/337/337 344/344/344
f 376/376/376 375/375/375 363/363/363 367/367/367
f 375/375/375 387/387/387 365/365/365 363/363/363
f 363/363/363 365/365/365 366/366/366 364/364/364
f 367/367/367 363/363/363 364/364/364 368/368/368
f 393/393/393 347/347/347 351/351/351
f 366/366/366 392/392/392 393/393/393
f 351/351/351 352/352/352 393/393/393
f 352/352/352 366/366/366 393/393/393
f 366/366/366 353/353/353 354/354/354
f 366/366/366 354/354/354 355/355/355
f 366/366/366 355/355/355 364/364/364
f 356/356/356 364/364/364 355/355/355
f 357/357/357 364/364/364 356/356/356
f 391/391/391 392/392/392 366/366/366 365/365/365
f 352/352/352 353/353/353 366/366/366
f 389/389/389 390/390/390 365/365/365 387/387/387
f 389/389/389 387/387/387 388/388/388
f 348/348/348 388/388/388 386/386/386
f 388/388/388 385/385/385 386/386/386
f 365/365/365 390/390/390 391/391/391
f 385/385/385 388/388/388 387/387/387
f 384/384/384 385/385/385 387/387/387
f 387/387/387 383/383/383 384/384/384
f 387/387/387 382/382/382 383/383/383
f 382/382/382 387/387/387 375/375/375
f 368/368/368 364/364/364 357/357/357 358/358/358
f 367/367/367 368/368/368 370/370/370 371/371/371
f 358/358/358 359/359/359 368/368/368
f 359/359/359 360/360/360 368/368/368
f 369/369/369 360/360/360 361/361/361
f 369/369/369 361/361/361 349/349/349
f 369/369/369 370/370/370 368/368/368
f 369/369/369 368/368/368 360/360/360
f 372/372/372 367/367/367 371/371/371
f 381/381/381 362/362/362 375/375/375
f 375/375/375 376/376/376 380/380/380 381/381/381
f 382/382/382 375/375/375 362/362/362
f 376/376/376 379/379/379 380/380/380
f 379/379/379 376/376/376 378/378/378
f 373/373/373 374/374/374 376/376/376
f 376/376/376 374/374/374 378/378/378
f 374/374/374 377/377/377 378/378/378
f 374/374/374 350/350/350 377/377/377
f 372/372/372 373/373/373 376/376/376 367/367/367
f 398/398/398 394/394/394 395/395/395 419/419/419
f 398/398/398 419/419/419 418/418/418 399/399/399
f 400/400/400 417/417/417 416/416/416 401/401/401
f 401/401/401 416/416/416 415/415/415 402/402/402
f 399/399/399 418/418/418 417/417/417 400/400/400
f 402/402/402 415/415/415 414/414/414 403/403/403
f 404/404/404 413/413/413 412/412/412 405/405/405
f 405/405/405 412/412/412 411/411/411 406/406/406
f 408/408/408 407/407/407 410/410/410 409/409/409
f 396/396/396 408/408/408 409/409/409 397/397/397
f 406/406/406 411/411/411 410/410/410 407/407/407
f 413/413/413 404/404/404 403/403/403 414/414/414
f 424/424/424 445/445/445 421/421/421 420/420/420
f 424/424/424 425/425/425 444/444/444 445/445/445
f 426/426/426 427/427/427 442/442/442 443/443/443
f 427/427/427 428/428/428 441/441/441 442/442/442
f 425/425/425 426/426/426 443/443/443 444/444/444
f 428/428/428 429/429/429 440/440/440 441/441/441
f 430/430/430 431/431/431 438/438/438 439/439/439
f 431/431/431 432/432/432 437/437/437 438/438/438
f 434/434/434 435/435/435 436/436/436 433/433/433
f 422/422/422 423/423/423 435/435/435 434/434/434
f 432/432/432 433/433/433 436/436/436 437/437/437
f 439/439/439 440/440/440 429/429/429 430/430/430
f 461/461/461 446/446/446 448/448/448 450/450/450
f 459/459/459 460/460/460 451/451/451 452/452/452
f 460/460/460 461/461/461 450/450/450 451/451/451
f 457/457/457 458/458/458 453/453/453 454/454/454
f 447/447/447 456/456/456 455/455/455 449/449/449
f 456/456/456 457/457/457 454/454/454 455/455/455
f 458/458/458 459/459/459 452/452/452 453/453/453
f 477/477/477 466/466/466 464/464/464 462/462/462
f 475/475/475 468/468/468 467/467/467 476/476/476
f 476/476/476 467/467/467 466/466/466 477/477/477
f 473/473/473 470/470/470 469/469/469 474/474/474
f 463/463/463 465/465/465 471/471/471 472/472/472
f 472/472/472 471/471/471 470/470/470 473/473/473
f 474/474/474 469/469/469 468/468/468 475/475/475
f 536/536/536 535/535/535 531/531/531 532/532/532
f 553/553/553 551/551/551 530/530/530 552/552/552
f 535/535/535 553/553/553 552/552/552 531/531/531
f 533/533/533 531/531/531 552/552/552
f 552/552/552 530/530/530 496/496/496
f 496/496/496 506/506/506 533/533/533
f 533/533/533 552/552/552 496/496/496
f 532/532/532 531/531/531 533/533/533 534/534/534
f 534/534/534 533/533/533 506/506/506 527/527/527
f 557/557/557 555/555/555 554/554/554 556/556/556
f 551/551/551 557/557/557 556/556/556 530/530/530
f 555/555/555 559/559/559 558/558/558 554/554/554
f 554/554/554 558/558/558 576/576/576 574/574/574
f 574/574/574 576/576/576 575/575/575 498/498/498
f 556/556/556 554/554/554 574/574/574
f 574/574/574 498/498/498 496/496/496
f 496/496/496 530/530/530 556/556/556
f 556/556/556 574/574/574 496/496/496
f 577/577/577 499/499/499 504/504/504
f 504/504/504 497/497/497 496/496/496
f 496/496/496 498/498/498 577/577/577
f 577/577/577 504/504/504 496/496/496
f 498/498/498 575/575/575 578/578/578 577/577/577
f 577/577/577 578/578/578 501/501/501 499/499/499
f 499/499/499 501/501/501 502/502/502 500/500/500
f 497/497/497 504/504/504 505/505/505 503/503/503
f 504/504/504 499/499/499 500/500/500 505/505/505
f 527/527/527 506/506/506 528/528/528 529/529/529
f 529/529/529 528/528/528 507/507/507 511/511/511
f 509/509/509 507/507/507 528/528/528
f 528/528/528 506/506/506 496/496/496
f 496/496/496 497/497/497 509/509/509
f 509/509/509 528/528/528 496/496/496
f 507/507/507 509/509/509 510/510/510 508/508/508
f 509/509/509 497/497/497 503/503/503 510/510/510
f 511/511/511 507/507/507 508/508/508 512/512/512
f 482/482/482 573/573/573 478/478/478
f 572/572/572 573/573/573 502/502/502
f 482/482/482 502/502/502 573/573/573
f 483/483/483 502/502/502 482/482/482
f 571/571/571 572/572/572 502/502/502
f 571/571/571 501/501/501 570/570/570
f 569/569/569 578/578/578 568/568/568
f 567/567/567 568/568/568 578/578/578 575/575/575
f 501/501/501 569/569/569 570/570/570
f 501/501/501 571/571/571 502/502/502
f 500/500/500 502/502/502 483/483/483 484/484/484
f 500/500/500 485/485/485 486/486/486
f 505/505/505 486/486/486 487/487/487
f 500/500/500 484/484/484 485/485/485
f 569/569/569 501/501/501 578/578/578
f 503/503/503 505/505/505 487/487/487 488/488/488
f 486/486/486 505/505/505 500/500/500
f 489/489/489 503/503/503 488/488/488
f 565/565/565 566/566/566 575/575/575 576/576/576
f 558/558/558 563/563/563 564/564/564
f 564/564/564 565/565/565 576/576/576
f 558/558/558 562/562/562 563/563/563
f 575/575/575 566/566/566 567/567/567
f 561/561/561 559/559/559 560/560/560
f 479/479/479 560/560/560 550/550/550
f 560/560/560 559/559/559 550/550/550
f 562/562/562 559/559/559 561/561/561
f 564/564/564 576/576/576 558/558/558
f 559/559/559 555/555/555 548/548/548 549/549/549
f 555/555/555 557/557/557 546/546/546 547/547/547
f 562/562/562 558/558/558 559/559/559
f 555/555/555 547/547/547 548/548/548
f 557/557/557 545/545/545 546/546/546
f 557/557/557 544/544/544 545/545/545
f 550/550/550 559/559/559 549/549/549
f 544/544/544 557/557/557 551/551/551
f 510/510/510 489/489/489 490/490/490
f 508/508/508 491/491/491 492/492/492
f 508/508/508 492/492/492 493/493/493
f 510/510/510 490/490/490 491/491/491
f 508/508/508 510/510/510 491/491/491
f 495/495/495 512/512/512 494/494/494
f 511/511/511 512/512/512 514/514/514 515/515/515
f 512/512/512 508/508/508 493/493/493 494/494/494
f 513/513/513 495/495/495 480/480/480
f 513/513/513 514/514/514 512/512/512
f 511/511/511 515/515/515 516/516/516
f 527/527/527 529/529/529 518/518/518 519/519/519
f 517/517/517 511/511/511 516/516/516
f 517/517/517 529/529/529 511/511/511
f 529/529/529 517/517/517 518/518/518
f 520/520/520 527/527/527 519/519/519
f 513/513/513 512/512/512 495/495/495
f 544/544/544 551/551/551 543/543/543
f 551/551/551 553/553/553 542/542/542 543/543/543
f 535/535/535 536/536/536 538/538/538 539/539/539
f 553/553/553 535/535/535 540/540/540 541/541/541
f 553/553/553 541/541/541 542/542/542
f 535/535/535 539/539/539 540/540/540
f 534/534/534 521/521/521 522/522/522
f 520/520/520 521/521/521 534/534/534 527/527/527
f 532/532/532 534/534/534 522/522/522 523/523/523
f 524/524/524 532/532/532 523/523/523
f 526/526/526 537/537/537 536/536/536
f 536/536/536 532/532/532 524/524/524 525/525/525
f 538/538/538 536/536/536 537/537/537
f 536/536/536 525/525/525 526/526/526
f 537/537/537 526/526/526 481/481/481
f 489/489/489 510/510/510 503/503/503
f 637/637/637 636/636/636 632/632/632 633/633/633
f 654/654/654 652/652/652 631/631/631 653/653/653
f 636/636/636 654/654/654 653/653/653 632/632/632
f 634/634/634 632/632/632 653/653/653
f 653/653/653 631/631/631 597/597/597
f 597/597/597 607/607/607 634/634/634
f 634/634/634 653/653/653 597/597/597
f 633/633/633 632/632/632 634/634/634 635/635/635
f 635/635/635 634/634/634 607/607/607 628/628/628
f 658/658/658 656/656/656 655/655/655 657/657/657
f 652/652/652 658/658/658 657/657/657 631/631/631
f 656/656/656 660/660/660 659/659/659 655/655/655
f 655/655/655 659/659/659 677/677/677 675/675/675
f 675/675/675 677/677/677 676/676/676 599/599/599
f 657/657/657 655/655/655 675/675/675
f 675/675/675 599/599/599 597/597/597
f 597/597/597 631/631/631 657/657/657
f 657/657/657 675/675/675 597/597/597
f 678/678/678 600/600/600 605/605/605
f 605/605/605 598/598/598 597/597/597
f 597/597/597 599/599/599 678/678/678
f 678/678/678 605/605/605 597/597/597
f 599/599/599 676/676/676 679/679/679 678/678/678
f 678/678/678 679/679/679 602/602/602 600/600/600
f 600/600/600 602/602/602 603/603/603 601/601/601
f 598/598/598 605/605/605 606/606/606 604/604/604
f 605/605/605 600/600/600 601/601/601 606/606/606
f 628/628/628 607/607/607 629/629/629 630/630/630
f 630/630/630 629/629/629 608/608/608 612/612/612
f 610/610/610 608/608/608 629/629/629
f 629/629/629 607/607/607 597/597/597
f 597/597/597 598/598/598 610/610/610
f 610/610/610 629/629/629 597/597/597
f 608/608/608 610/610/610 611/611/611 609/609/609
f 610/610/610 598/598/598 604/604/604 611/611/611
f 612/612/612 608/608/608 609/609/609 613/613/613
f 583/583/583 674/674/674 579/579/579
f 673/673/673 674/674/674 603/603/603
f 583/583/583 603/603/603 674/674/674
f 584/584/584 603/603/603 583/583/583
f 672/672/672 673/673/673 603/603/603
f 672/672/672 602/602/602 671/671/671
f 670/670/670 679/679/679 669/669/669
f 668/668/668 669/669/669 679/679/679 676/676/676
f 602/602/602 670/670/670 671/671/671
f 602/602/602 672/672/672 603/603/603
f 601/601/601 603/603/603 584/584/584 585/585/585
f 601/601/601 586/586/586 587/587/587
f 606/606/606 587/587/587 588/588/588
f 601/601/601 585/585/585 586/586/586
f 670/670/670 602/602/602 679/679/679
f 604/604/604 606/606/606 588/588/588 589/589/589
f 587/587/587 606/606/606 601/601/601
f 590/590/590 604/604/604 589/589/589
f 666/666/666 667/667/667 676/676/676 677/677/677
f 659/659/659 664/664/664 665/665/665
f 665/665/665 666/666/666 677/677/677
f 659/659/659 663/663/663 664/664/664
f 676/676/676 667/667/667 668/668/668
f 662/662/662 660/660/660 661/661/661
f 580/580/580 661/661/661 651/651/651
f 661/661/661 660/660/660 651/651/651
f 663/663/663 660/660/660 662/662/662
f 665/665/665 677/677/677 659/659/659
f 660/660/660 656/656/656 649/649/649 650/650/650
f 656/656/656 658/658/658 647/647/647 648/648/648
f 663/663/663 659/659/659 660/660/660
f 656/656/656 648/648/648 649/649/649
f 658/658/658 646/646/646 647/647/647
f 658/658/658 645/645/645 646/646/646
f 651/651/651 660/660/660 650/650/650
f 645/645/645 658/658/658 652/652/652
f 611/611/611 590/590/590 591/591/591
f 609/609/609 592/592/592 593/593/593
f 609/609/609 593/593/593 594/594/594
f 611/611/611 591/591/591 592/592/592
f 609/609/609 611/611/611 592/592/592
f 596/596/596 613/613/613 595/595/595
f 612/612/612 613/613/613 615/615/615 616/616/616
f 613/613/613 609/609/609 594/594/594 595/595/595
f 614/614/614 596/596/596 581/581/581
f 614/614/614 615/615/615 613/613/613
f 612/612/612 616/616/616 617/617/617
f 628/628/628 630/630/630 619/619/619 620/620/620
f 618/618/618 612/612/612 617/617/617
f 618/618/618 630/630/630 612/612/612
f 630/630/630 618/618/618 619/619/619
f 621/621/621 628/628/628 620/620/620
f 614/614/614 613/613/613 596/596/596
f 645/645/645 652/652/652 644/644/644
f 652/652/652 654/654/654 643/643/643 644/644/644
f 636/636/636 637/637/637 639/639/639 640/640/640
f 654/654/654 636/636/636 641/641/641 642/642/642
f 654/654/654 642/642/642 643/643/643
f 636/636/636 640/640/640 641/641/641
f 635/635/635 622/622/622 623/623/623
f 621/621/621 622/622/622 635/635/635 628/628/628
f 633/633/633 635/635/635 623/623/623 624/624/624
f 625/625/625 633/633/633 624/624/624
f 627/627/627 638/638/638 637/637/637
f 637/637/637 633/633/633 625/625/625 626/626/626
f 639/639/639 637/637/637 638/638/638
f 637/637/637 626/626/626 627/627/627
f 638/638/638 627/627/627 582/582/582
f 590/590/590 611/611/611 604/604/604
f 711/711/711 680/680/680 682/682/682 684/684/684
f 709/709/709 710/710/710 685/685/685 686/686/686
f 710/710/710 711/711/711 684/684/684 685/685/685
f 707/707/707 708/708/708 687/687/687 688/688/688
f 705/705/705 706/706/706 689/689/689 690/690/690
f 706/706/706 707/707/707 688/688/688 689/689/689
f 708/708/708 709/709/709 686/686/686 687/687/687
f 703/703/703 704/704/704 691/691/691 692/692/692
f 701/701/701 702/702/702 693/693/693 694/694/694
f 702/702/702 703/703/703 692/692/692 693/693/693
f 699/699/699 700/700/700 695/695/695 696/696/696
f 681/681/681 698/698/698 697/697/697 683/683/683
f 698/698/698 699/699/699 696/696/696 697/697/697
f 700/700/700 701/701/701 694/694/694 695/695/695
f 704/704/704 705/705/705 690/690/690 691/691/691
f 743/743/743 716/716/716 714/714/714 712/712/712
f 741/741/741 718/718/718 717/717/717 742/742/742
f 742/742/742 717/717/717 716/716/716 743/743/743
f 739/739/739 720/720/720 719/719/719 740/740/740
f 737/737/737 722/722/722 721/721/721 738/738/738
f 738/738/738 721/721/721 720/720/720 739/739/739
f 740/740/740 719/719/719 718/718/718 741/741/741
f 735/735/735 724/724/724 723/723/723 736/736/736
f 733/733/733 726/726/726 725/725/725 734/734/734
f 734/734/734 725/725/725 724/724/724 735/735/735
f 731/731/731 728/728/728 727/727/727 732/732/732
f 713/713/713 715/715/715 729/729/729 730/730/730
f 730/730/730 729/729/729 728/728/728 731/731/731
f 732/732/732 727/727/727 726/726/726 733/733/733
f 736/736/736 723/723/723 722/722/722 737/737/737
f 775/775/775 744/744/744 746/746/746 748/748/748
f 773/773/773 774/774/774 749/749/749 750/750/750
f 774/774/774 775/775/775 748/748/748 749/749/749
f 771/771/771 772/772/772 751/751/751 752/752/752
f 769/769/769 770/770/770 753/753/753 754/754/754
f 770/770/770 771/771/771 752/752/752 753/753/753
f 772/772/772 773/773/773 750/750/750 751/751/751
f 767/767/767 768/768/768 755/755/755 756/756/756
f 765/765/765 766/766/766 757/757/757 758/758/758
f 766/766/766 767/767/767 756/756/756 757/757/757
f 763/763/763 764/764/764 759/759/759 760/760/760
f 745/745/745 762/762/762 761/761/761 747/747/747
f 762/762/762 763/763/763 760/760/760 761/761/761
f 764/764/764 765/765/765 758/758/758 759/759/759
f 768/768/768 769/769/769 754/754/754 755/755/755
f 807/807/807 780/780/780 778/778/778 776/776/776
f 805/805/805 782/782/782 781/781/781 806/806/806
f 806/806/806 781/781/781 780/780/780 807/807/807
f 803/803/803 784/784/784 783/783/783 804/804/804
f 801/801/801 786/786/786 785/785/785 802/802/802
f 802/802/802 785/785/785 784/784/784 803/803/803
f 804/804/804 783/783/783 782/782/782 805/805/805
f 799/799/799 788/788/788 787/787/787 800/800/800
f 797/797/797 790/790/790 789/789/789 798/798/798
f 798/798/798 789/789/789 788/788/788 799/799/799
f 795/795/795 792/792/792 791/791/791 796/796/796
f 777/777/777 779/779/779 793/793/793 794/794/794
f 794/794/794 793/793/793 792/792/792 795/795/795
f 796/796/796 791/791/791 790/790/790 797/797/797
f 800/800/800 787/787/787 786/786/786 801/801/801
f 826/826/826 808/808/808 809/809/809 825/825/825
f 827/827/827 824/824/824 823/823/823 828/828/828
f 826/826/826 825/825/825 824/824/824 827/827/827
f 829/829/829 822/822/822 821/821/821 830/830/830
f 831/831/831 820/820/820 819/819/819 832/832/832
f 831/831/831 830/830/830 821/821/821 820/820/820
f 828/828/828 823/823/823 822/822/822 829/829/829
f 818/818/818 833/833/833 832/832/832 819/819/819
f 833/833/833 818/818/818 817/817/817 834/834/834
f 836/836/836 835/835/835 816/816/816 815/815/815
f 835/835/835 834/834/834 817/817/817 816/816/816
f 837/837/837 814/814/814 813/813/813 838/838/838
f 839/839/839 812/812/812 811/811/811 810/810/810
f 838/838/838 813/813/813 812/812/812 839/839/839
f 836/836/836 815/815/815 814/814/814 837/837/837
f 858/858/858 857/857/857 841/841/841 840/840/840
f 859/859/859 860/860/860 855/855/855 856/856/856
f 858/858/858 859/859/859 856/856/856 857/857/857
f 861/861/861 862/862/862 853/853/853 854/854/854
f 863/863/863 864/864/864 851/851/851 852/852/852
f 863/863/863 852/852/852 853/853/853 862/862/862
f 860/860/860 861/861/861 854/854/854 855/855/855
f 850/850/850 851/851/851 864/864/864 865/865/865
f 865/865/865 866/866/866 849/849/849 850/850/850
f 868/868/868 847/847/847 848/848/848 867/867/867
f 867/867/867 848/848/848 849/849/849 866/866/866
f 869/869/869 870/870/870 845/845/845 846/846/846
f 871/871/871 842/842/842 843/843/843 844/844/844
f 870/870/870 871/871/871 844/844/844 845/845/845
f 868/868/868 869/869/869 846/846/846 847/847/847
f 872/872/872 873/873/873 889/889/889 890/890/890
f 891/891/891 888/888/888 887/887/887 892/892/892
f 890/890/890 889/889/889 888/888/888 891/891/891
f 893/893/893 886/886/886 885/885/885 894/894/894
f 895/895/895 884/884/884 883/883/883 896/896/896
f 895/895/895 894/894/894 885/885/885 884/884/884
f 892/892/892 887/887/887 886/886/886 893/893/893
f 882/882/882 897/897/897 896/896/896 883/883/883
f 897/897/897 882/882/882 881/881/881 898/898/898
f 900/900/900 899/899/899 880/880/880 879/879/879
f 899/899/899 898/898/898 881/881/881 880/880/880
f 902/902/902 901/901/901 878/878/878 877/877/877
f 874/874/874 903/903/903 876/876/876 875/875/875
f 903/903/903 902/902/902 877/877/877 876/876/876
f 901/901/901 900/900/900 879/879/879 878/878/878
f 904/904/904 922/922/922 921/921/921 905/905/905
f 923/923/923 924/924/924 919/919/919 920/920/920
f 922/922/922 923/923/923 920/920/920 921/921/921
f 925/925/925 926/926/926 917/917/917 918/918/918
f 927/927/927 928/928/928 915/915/915 916/916/916
f 927/927/927 916/916/916 917/917/917 926/926/926
f 924/924/924 925/925/925 918/918/918 919/919/919
f 914/914/914 915/915/915 928/928/928 929/929/929
f 929/929/929 930/930/930 913/913/913 914/914/914
f 932/932/932 911/911/911 912/912/912 931/931/931
f 931/931/931 912/912/912 913/913/913 930/930/930
f 934/934/934 909/909/909 910/910/910 933/933/933
f 906/906/906 907/907/907 908/908/908 935/935/935
f 935/935/935 908/908/908 909/909/909 934/934/934
f 933/933/933 910/910/910 911/911/911 932/932/932
f 943/943/943 940/940/940 938/938/938 936/936/936
f 937/937/937 939/939/939 941/941/941 942/942/942
f 942/942/942 941/941/941 940/940/940 943/943/943
f 951/951/951 944/944/944 946/946/946 948/948/948
f 945/945/945 950/950/950 949/949/949 947/947/947
f 950/950/950 951/951/951 948/948/948 949/949/949
f 961/961/961 952/952/952 954/954/954 956/956/956
f 959/959/959 960/960/960 957/957/957 958/958/958
f 953/953/953 959/959/959 958/958/958 955/955/955
f 960/960/960 961/961/961 956/956/956 957/957/957
f 971/971/971 962/962/962 964/964/964 966/966/966
f 969/969/969 970/970/970 967/967/967 968/968/968
f 963/963/963 969/969/969 968/968/968 965/965/965
f 970/970/970 971/971/971 966/966/966 967/967/967
f 981/981/981 972/972/972 974/974/974 976/976/976
f 979/979/979 980/980/980 977/977/977 978/978/978
f 973/973/973 979/979/979 978/978/978 975/975/975
f 980/980/980 981/981/981 976/976/976 977/977/977
f 991/991/991 982/982/982 984/984/984 986/986/986
f 989/989/989 990/990/990 987/987/987 988/988/988
f 983/983/983 989/989/989 988/988/988 985/985/985
f 990/990/990 991/991/991 986/986/986 987/987/987
f 999/999/999 992/992/992 994/994/994 996/996/996
f 993/993/993 998/998/998 997/997/997 995/995/995
f 998/998/998 999/999/999 996/996/996 997/997/997
f 1007/1007/1007 1004/1004/1004 1002/1002/1002 1000/1000/1000
f 1001/1001/1001 1003/1003/1003 1005/1005/1005 1006/1006/1006
f 1006/1006/1006 1005/1005/1005 1004/1004/1004 1007/1007/1007
f 1015/1015/1015 1012/1012/1012 1010/1010/1010 1008/1008/1008
f 1009/1009/1009 1011/1011/1011 1013/1013/1013 1014/1014/1014
f 1014/1014/1014 1013/1013/1013 1012/1012/1012 1015/1015/1015
f 1023/1023/1023 1016/1016/1016 1018/1018/1018 1020/1020/1020
f 1017/1017/1017 1022/1022/1022 1021/1021/1021 1019/1019/1019
f 1022/1022/1022 1023/1023/1023 1020/1020/1020 1021/1021/1021
f 1033/1033/1033 1024/1024/1024 1026/1026/1026 1028/1028/1028
f 1031/1031/1031 1032/1032/1032 1029/1029/1029 1030/1030/1030
f 1025/1025/1025 1031/1031/1031 1030/1030/1030 1027/1027/1027
f 1032/1032/1032 1033/1033/1033 1028/1028/1028 1029/1029/1029
f 1043/1043/1043 1034/1034/1034 1036/1036/1036 1038/1038/1038
f 1041/1041/1041 1042/1042/1042 1039/1039/1039 1040/1040/1040
f 1035/1035/1035 1041/1041/1041 1040/1040/1040 1037/1037/1037
f 1042/1042/1042 1043/1043/1043 1038/1038/1038 1039/1039/1039
f 1089/1089/1089 1048/1048/1048 1046/1046/1046 1044/1044/1044
f 1087/1087/1087 1050/1050/1050 1049/1049/1049 1088/1088/1088
f 1086/1086/1086 1051/1051/1051 1050/1050/1050 1087/1087/1087
f 1088/1088/1088 1049/1049/1049 1048/1048/1048 1089/1089/1089
f 1084/1084/1084 1053/1053/1053 1052/1052/1052 1085/1085/1085
f 1083/1083/1083 1054/1054/1054 1053/1053/1053 1084/1084/1084
f 1081/1081/1081 1056/1056/1056 1055/1055/1055 1082/1082/1082
f 1080/1080/1080 1057/1057/1057 1056/1056/1056 1081/1081/1081
f 1082/1082/1082 1055/1055/1055 1054/1054/1054 1083/1083/1083
f 1085/1085/1085 1052/1052/1052 1051/1051/1051 1086/1086/1086
f 1078/1078/1078 1059/1059/1059 1058/1058/1058 1079/1079/1079
f 1077/1077/1077 1060/1060/1060 1059/1059/1059 1078/1078/1078
f 1075/1075/1075 1062/1062/1062 1061/1061/1061 1076/1076/1076
f 1074/1074/1074 1063/1063/1063 1062/1062/1062 1075/1075/1075
f 1076/1076/1076 1061/1061/1061 1060/1060/1060 1077/1077/1077
f 1072/1072/1072 1065/1065/1065 1064/1064/1064 1073/1073/1073
f 1071/1071/1071 1066/1066/1066 1065/1065/1065 1072/1072/1072
f 1069/1069/1069 1068/1068/1068 1067/1067/1067 1070/1070/1070
f 1045/1045/1045 1047/1047/1047 1068/1068/1068 1069/1069/1069
f 1070/1070/1070 1067/1067/1067 1066/1066/1066 1071/1071/1071
f 1073/1073/1073 1064/1064/1064 1063/1063/1063 1074/1074/1074
f 1079/1079/1079 1058/1058/1058 1057/1057/1057 1080/1080/1080
f 1135/1135/1135 1090/1090/1090 1092/1092/1092 1094/1094/1094
f 1133/1133/1133 1134/1134/1134 1095/1095/1095 1096/1096/1096
f 1132/1132/1132 1133/1133/1133 1096/1096/1096 1097/1097/1097
f 1134/1134/1134 1135/1135/1135 1094/1094/1094 1095/1095/1095
f 1130/1130/1130 1131/1131/1131 1098/1098/1098 1099/1099/1099
f 1129/1129/1129 1130/1130/1130 1099/1099/1099 1100/1100/1100
f 1127/1127/1127 1128/1128/1128 1101/1101/1101 1102/1102/1102
f 1126/1126/1126 1127/1127/1127 1102/1102/1102 1103/1103/1103
f 1128/1128/1128 1129/1129/1129 1100/1100/1100 1101/1101/1101
f 1131/1131/1131 1132/1132/1132 1097/1097/1097 1098/1098/1098
f 1124/1124/1124 1125/1125/1125 1104/1104/1104 1105/1105/1105
f 1123/1123/1123 1124/1124/1124 1105/1105/1105 1106/1106/1106
f 1121/1121/1121 1122/1122/1122 1107/1107/1107 1108/1108/1108
f 1120/1120/1120 1121/1121/1121 1108/1108/1108 1109/1109/1109
f 1122/1122/1122 1123/1123/1123 1106/1106/1106 1107/1107/1107
f 1118/1118/1118 1119/1119/1119 1110/1110/1110 1111/1111/1111
f 1117/1117/1117 1118/1118/1118 1111/1111/1111 1112/1112/1112
f 1115/1115/1115 1116/1116/1116 1113/1113/1113 1114/1114/1114
f 1091/1091/1091 1115/1115/1115 1114/1114/1114 1093/1093/1093
f 1116/1116/1116 1117/1117/1117 1112/1112/1112 1113/1113/1113
f 1119/1119/1119 1120/1120/1120 1109/1109/1109 1110/1110/1110
f 1125/1125/1125 1126/1126/1126 1103/1103/1103 1104/1104/1104
f 1177/1177/1177 1176/1176/1176 1172/1172/1172 1173/1173/1173
f 1232/1232/1232 1230/1230/1230 1171/1171/1171 1231/1231/1231
f 1176/1176/1176 1232/1232/1232 1231/1231/1231 1172/1172/1172
f 1174/1174/1174 1172/1172/1172 1231/1231/1231
f 1231/1231/1231 1171/1171/1171 1161/1161/1161
f 1161/1161/1161 1162/1162/1162 1174/1174/1174
f 1174/1174/1174 1231/1231/1231 1161/1161/1161
f 1173/1173/1173 1172/1172/1172 1174/1174/1174 1175/1175/1175
f 1175/1175/1175 1174/1174/1174 1162/1162/1162 1168/1168/1168
f 1234/1234/1234 1201/1201/1201 1200/1200/1200 1233/1233/1233
f 1230/1230/1230 1234/1234/1234 1233/1233/1233 1171/1171/1171
f 1201/1201/1201 1203/1203/1203 1202/1202/1202 1200/1200/1200
f 1200/1200/1200 1202/1202/1202 1206/1206/1206 1204/1204/1204
f 1204/1204/1204 1206/1206/1206 1205/1205/1205 1199/1199/1199
f 1233/1233/1233 1200/1200/1200 1204/1204/1204
f 1204/1204/1204 1199/1199/1199 1161/1161/1161
f 1161/1161/1161 1171/1171/1171 1233/1233/1233
f 1233/1233/1233 1204/1204/1204 1161/1161/1161
f 1208/1208/1208 1207/1207/1207 1220/1220/1220
f 1220/1220/1220 1163/1163/1163 1161/1161/1161
f 1161/1161/1161 1199/1199/1199 1208/1208/1208
f 1208/1208/1208 1220/1220/1220 1161/1161/1161
f 1199/1199/1199 1205/1205/1205 1210/1210/1210 1208/1208/1208
f 1208/1208/1208 1210/1210/1210 1209/1209/1209 1207/1207/1207
f 1207/1207/1207 1209/1209/1209 1212/1212/1212 1211/1211/1211
f 1163/1163/1163 1220/1220/1220 1221/1221/1221 1219/1219/1219
f 1220/1220/1220 1207/1207/1207 1211/1211/1211 1221/1221/1221
f 1168/1168/1168 1162/1162/1162 1169/1169/1169 1170/1170/1170
f 1170/1170/1170 1169/1169/1169 1164/1164/1164 1165/1165/1165
f 1222/1222/1222 1164/1164/1164 1169/1169/1169
f 1169/1169/1169 1162/1162/1162 1161/1161/1161
f 1161/1161/1161 1163/1163/1163 1222/1222/1222
f 1222/1222/1222 1169/1169/1169 1161/1161/1161
f 1164/1164/1164 1222/1222/1222 1223/1223/1223 1166/1166/1166
f 1222/1222/1222 1163/1163/1163 1219/1219/1219 1223/1223/1223
f 1165/1165/1165 1164/1164/1164 1166/1166/1166 1167/1167/1167
f 1213/1213/1213 1198/1198/1198 1136/1136/1136
f 1212/1212/1212 1196/1196/1196 1197/1197/1197
f 1212/1212/1212 1195/1195/1195 1196/1196/1196
f 1197/1197/1197 1198/1198/1198 1212/1212/1212
f 1209/1209/1209 1193/1193/1193 1194/1194/1194
f 1210/1210/1210 1191/1191/1191 1192/1192/1192
f 1210/1210/1210 1190/1190/1190 1191/1191/1191
f 1192/1192/1192 1193/1193/1193 1209/1209/1209
f 1194/1194/1194 1195/1195/1195 1209/1209/1209
f 1211/1211/1211 1212/1212/1212 1213/1213/1213 1214/1214/1214
f 1212/1212/1212 1209/1209/1209 1195/1195/1195
f 1221/1221/1221 1211/1211/1211 1214/1214/1214 1215/1215/1215
f 1189/1189/1189 1190/1190/1190 1210/1210/1210
f 1210/1210/1210 1192/1192/1192 1209/1209/1209
f 1215/1215/1215 1219/1219/1219 1221/1221/1221
f 1205/1205/1205 1189/1189/1189 1210/1210/1210
f 1215/1215/1215 1216/1216/1216 1223/1223/1223 1219/1219/1219
f 1213/1213/1213 1212/1212/1212 1198/1198/1198
f 1205/1205/1205 1187/1187/1187 1188/1188/1188
f 1206/1206/1206 1185/1185/1185 1186/1186/1186
f 1206/1206/1206 1184/1184/1184 1185/1185/1185
f 1186/1186/1186 1187/1187/1187 1206/1206/1206
f 1202/1202/1202 1182/1182/1182 1183/1183/1183
f 1203/1203/1203 1180/1180/1180 1181/1181/1181
f 1203/1203/1203 1179/1179/1179 1180/1180/1180
f 1181/1181/1181 1182/1182/1182 1202/1202/1202
f 1183/1183/1183 1184/1184/1184 1202/1202/1202
f 1206/1206/1206 1202/1202/1202 1184/1184/1184
f 1203/1203/1203 1201/1201/1201 1228/1228/1228 1229/1229/1229
f 1179/1179/1179 1203/1203/1203 1178/1178/1178
f 1202/1202/1202 1203/1203/1203 1181/1181/1181
f 1137/1137/1137 1178/1178/1178 1229/1229/1229
f 1229/1229/1229 1178/1178/1178 1203/1203/1203
f 1227/1227/1227 1228/1228/1228 1201/1201/1201 1234/1234/1234
f 1234/1234/1234 1230/1230/1230 1227/1227/1227
f 1205/1205/1205 1206/1206/1206 1187/1187/1187
f 1205/1205/1205 1188/1188/1188 1189/1189/1189
f 1216/1216/1216 1217/1217/1217 1166/1166/1166 1223/1223/1223
f 1217/1217/1217 1218/1218/1218 1167/1167/1167 1166/1166/1166
f 1218/1218/1218 1140/1140/1140 1167/1167/1167
f 1170/1170/1170 1165/1165/1165 1145/1145/1145 1146/1146/1146
f 1168/1168/1168 1170/1170/1170 1148/1148/1148 1149/1149/1149
f 1165/1165/1165 1167/1167/1167 1143/1143/1143 1144/1144/1144
f 1140/1140/1140 1218/1218/1218 1138/1138/1138
f 1167/1167/1167 1140/1140/1140 1141/1141/1141
f 1167/1167/1167 1142/1142/1142 1143/1143/1143
f 1167/1167/1167 1141/1141/1141 1142/1142/1142
f 1170/1170/1170 1147/1147/1147 1148/1148/1148
f 1170/1170/1170 1146/1146/1146 1147/1147/1147
f 1165/1165/1165 1144/1144/1144 1145/1145/1145
f 1150/1150/1150 1168/1168/1168 1149/1149/1149
f 1226/1226/1226 1230/1230/1230 1232/1232/1232
f 1173/1173/1173 1175/1175/1175 1154/1154/1154 1155/1155/1155
f 1177/1177/1177 1173/1173/1173 1156/1156/1156 1157/1157/1157
f 1168/1168/1168 1150/1150/1150 1151/1151/1151
f 1225/1225/1225 1226/1226/1226 1232/1232/1232 1176/1176/1176
f 1176/1176/1176 1177/1177/1177 1224/1224/1224 1225/1225/1225
f 1177/1177/1177 1160/1160/1160 1224/1224/1224
f 1175/1175/1175 1168/1168/1168 1151/1151/1151 1152/1152/1152
f 1227/1227/1227 1230/1230/1230 1226/1226/1226
f 1175/1175/1175 1153/1153/1153 1154/1154/1154
f 1175/1175/1175 1152/1152/1152 1153/1153/1153
f 1177/1177/1177 1157/1157/1157 1158/1158/1158
f 1177/1177/1177 1159/1159/1159 1160/1160/1160
f 1224/1224/1224 1160/1160/1160 1139/1139/1139
f 1177/1177/1177 1158/1158/1158 1159/1159/1159
f 1173/1173/1173 1155/1155/1155 1156/1156/1156
f 1235/1235/1235 1236/1236/1236 1244/1244/1244 1245/1245/1245
f 1246/1246/1246 1243/1243/1243 1242/1242/1242 1247/1247/1247
f 1245/1245/1245 1244/1244/1244 1243/1243/1243 1246/1246/1246
f 1247/1247/1247 1242/1242/1242 1241/1241/1241 1248/1248/1248
f 1248/1248/1248 1241/1241/1241 1240/1240/1240 1249/1249/1249
f 1250/1250/1250 1239/1239/1239 1238/1238/1238 1237/1237/1237
f 1249/1249/1249 1240/1240/1240 1239/1239/1239 1250/1250/1250
f 1251/1251/1251 1261/1261/1261 1260/1260/1260 1252/1252/1252
f 1262/1262/1262 1263/1263/1263 1258/1258/1258 1259/1259/1259
f 1261/1261/1261 1262/1262/1262 1259/1259/1259 1260/1260/1260
f 1263/1263/1263 1264/1264/1264 1257/1257/1257 1258/1258/1258
f 1264/1264/1264 1265/1265/1265 1256/1256/1256 1257/1257/1257
f 1266/1266/1266 1253/1253/1253 1254/1254/1254 1255/1255/1255
f 1265/1265/1265 1266/1266/1266 1255/1255/1255 1256/1256/1256
f 1312/1312/1312 1271/1271/1271 1269/1269/1269 1267/1267/1267
f 1310/1310/1310 1273/1273/1273 1272/1272/1272 1311/1311/1311
f 1309/1309/1309 1274/1274/1274 1273/1273/1273 1310/1310/1310
f 1311/1311/1311 1272/1272/1272 1271/1271/1271 1312/1312/1312
f 1307/1307/1307 1276/1276/1276 1275/1275/1275 1308/1308/1308
f 1306/1306/1306 1277/1277/1277 1276/1276/1276 1307/1307/1307
f 1304/1304/1304 1279/1279/1279 1278/1278/1278 1305/1305/1305
f 1303/1303/1303 1280/1280/1280 1279/1279/1279 1304/1304/1304
f 1305/1305/1305 1278/1278/1278 1277/1277/1277 1306/1306/1306
f 1308/1308/1308 1275/1275/1275 1274/1274/1274 1309/1309/1309
f 1301/1301/1301 1282/1282/1282 1281/1281/1281 1302/1302/1302
f 1300/1300/1300 1283/1283/1283 1282/1282/1282 1301/1301/1301
f 1298/1298/1298 1285/1285/1285 1284/1284/1284 1299/1299/1299
f 1297/1297/1297 1286/1286/1286 1285/1285/1285 1298/1298/1298
f 1299/1299/1299 1284/1284/1284 1283/1283/1283 1300/1300/1300
f 1295/1295/1295 1288/1288/1288 1287/1287/1287 1296/1296/1296
f 1294/1294/1294 1289/1289/1289 1288/1288/1288 1295/1295/1295
f 1292/1292/1292 1291/1291/1291 1290/1290/1290 1293/1293/1293
f 1268/1268/1268 1270/1270/1270 1291/1291/1291 1292/1292/1292
f 1293/1293/1293 1290/1290/1290 1289/1289/1289 1294/1294/1294
f 1296/1296/1296 1287/1287/1287 1286/1286/1286 1297/1297/1297
f 1302/1302/1302 1281/1281/1281 1280/1280/1280 1303/1303/1303
f 1358/1358/1358 1313/1313/1313 1315/1315/1315 1317/1317/1317
f 1356/1356/1356 1357/1357/1357 1318/1318/1318 1319/1319/1319
f 1355/1355/1355 1356/1356/1356 1319/1319/1319 1320/1320/1320
f 1357/1357/1357 1358/1358/1358 1317/1317/1317 1318/1318/1318
f 1353/1353/1353 1354/1354/1354 1321/1321/1321 1322/1322/1322
f 1352/1352/1352 1353/1353/1353 1322/1322/1322 1323/1323/1323
f 1350/1350/1350 1351/1351/1351 1324/1324/1324 1325/1325/1325
f 1349/1349/1349 1350/1350/1350 1325/1325/1325 1326/1326/1326
f 1351/1351/1351 1352/1352/1352 1323/1323/1323 1324/1324/1324
f 1354/1354/1354 1355/1355/1355 1320/1320/1320 1321/1321/1321
f 1347/1347/1347 1348/1348/1348 1327/1327/1327 1328/1328/1328
f 1346/1346/1346 1347/1347/1347 1328/1328/1328 1329/1329/1329
f 1344/1344/1344 1345/1345/1345 1330/1330/1330 1331/1331/1331
f 1343/1343/1343 1344/1344/1344 1331/1331/1331 1332/1332/1332
f 1345/1345/1345 1346/1346/1346 1329/1329/1329 1330/1330/1330
f 1341/1341/1341 1342/1342/1342 1333/1333/1333 1334/1334/1334
f 1340/1340/1340 1341/1341/1341 1334/1334/1334 1335/1335/1335
f 1338/1338/1338 1339/1339/1339 1336/1336/1336 1337/1337/1337
f 1314/1314/1314 1338/1338/1338 1337/1337/1337 1316/1316/1316
f 1339/1339/1339 1340/1340/1340 1335/1335/1335 1336/1336/1336
f 1342/1342/1342 1343/1343/1343 1332/1332/1332 1333/1333/1333
f 1348/1348/1348 1349/1349/1349 1326/1326/1326 1327/1327/1327
f 1400/1400/1400 1399/1399/1399 1395/1395/1395 1396/1396/1396
f 1455/1455/1455 1453/1453/1453 1394/1394/1394 1454/1454/1454
f 1399/1399/1399 1455/1455/1455 1454/1454/1454 1395/1395/1395
f 1397/1397/1397 1395/1395/1395 1454/1454/1454
f 1454/1454/1454 1394/1394/1394 1384/1384/1384
f 1384/1384/1384 1385/1385/1385 1397/1397/1397
f 1397/1397/1397 1454/1454/1454 1384/1384/1384
f 1396/1396/1396 1395/1395/1395 1397/1397/1397 1398/1398/1398
f 1398/1398/1398 1397/1397/1397 1385/1385/1385 1391/1391/1391
f 1457/1457/1457 1424/1424/1424 1423/1423/1423 1456/1456/1456
f 1453/1453/1453 1457/1457/1457 1456/1456/1456 1394/1394/1394
f 1424/1424/1424 1426/1426/1426 1425/1425/1425 1423/1423/1423
f 1423/1423/1423 1425/1425/1425 1429/1429/1429 1427/1427/1427
f 1427/1427/1427 1429/1429/1429 1428/1428/1428 1422/1422/1422
f 1456/1456/1456 1423/1423/1423 1427/1427/1427
f 1427/1427/1427 1422/1422/1422 1384/1384/1384
f 1384/1384/1384 1394/1394/1394 1456/1456/1456
f 1456/1456/1456 1427/1427/1427 1384/1384/1384
f 1431/1431/1431 1430/1430/1430 1443/1443/1443
f 1443/1443/1443 1386/1386/1386 1384/1384/1384
f 1384/1384/1384 1422/1422/1422 1431/1431/1431
f 1431/1431/1431 1443/1443/1443 1384/1384/1384
f 1422/1422/1422 1428/1428/1428 1433/1433/1433 1431/1431/1431
f 1431/1431/1431 1433/1433/1433 1432/1432/1432 1430/1430/1430
f 1430/1430/1430 1432/1432/1432 1435/1435/1435 1434/1434/1434
f 1386/1386/1386 1443/1443/1443 1444/1444/1444 1442/1442/1442
f 1443/1443/1443 1430/1430/1430 1434/1434/1434 1444/1444/1444
f 1391/1391/1391 1385/1385/1385 1392/1392/1392 1393/1393/1393
f 1393/1393/1393 1392/1392/1392 1387/1387/1387 1388/1388/1388
f 1445/1445/1445 1387/1387/1387 1392/1392/1392
f 1392/1392/1392 1385/1385/1385 1384/1384/1384
f 1384/1384/1384 1386/1386/1386 1445/1445/1445
f 1445/1445/1445 1392/1392/1392 1384/1384/1384
f 1387/1387/1387 1445/1445/1445 1446/1446/1446 1389/1389/1389
f 1445/1445/1445 1386/1386/1386 1442/1442/1442 1446/1446/1446
f 1388/1388/1388 1387/1387/1387 1389/1389/1389 1390/1390/1390
f 1436/1436/1436 1421/1421/1421 1359/1359/1359
f 1435/1435/1435 1419/1419/1419 1420/1420/1420
f 1435/1435/1435 1418/1418/1418 1419/1419/1419
f 1420/1420/1420 1421/1421/1421 1435/1435/1435
f 1432/1432/1432 1416/1416/1416 1417/1417/1417
f 1433/1433/1433 1414/1414/1414 1415/1415/1415
f 1433/1433/1433 1413/1413/1413 1414/1414/1414
f 1415/1415/1415 1416/1416/1416 1432/1432/1432
f 1417/1417/1417 1418/1418/1418 1432/1432/1432
f 1434/1434/1434 1435/1435/1435 1436/1436/1436 1437/1437/1437
f 1435/1435/1435 1432/1432/1432 1418/1418/1418
f 1444/1444/1444 1434/1434/1434 1437/1437/1437 1438/1438/1438
f 1412/1412/1412 1413/1413/1413 1433/1433/1433
f 1433/1433/1433 1415/1415/1415 1432/1432/1432
f 1438/1438/1438 1442/1442/1442 1444/1444/1444
f 1428/1428/1428 1412/1412/1412 1433/1433/1433
f 1442/1442/1442 1438/1438/1438 1439/1439/1439
f 1436/1436/1436 1435/1435/1435 1421/1421/1421
f 1428/1428/1428 1410/1410/1410 1411/1411/1411
f 1429/1429/1429 1408/1408/1408 1409/1409/1409
f 1429/1429/1429 1407/1407/1407 1408/1408/1408
f 1409/1409/1409 1410/1410/1410 1429/1429/1429
f 1425/1425/1425 1405/1405/1405 1406/1406/1406
f 1426/1426/1426 1403/1403/1403 1404/1404/1404
f 1426/1426/1426 1402/1402/1402 1403/1403/1403
f 1404/1404/1404 1405/1405/1405 1425/1425/1425
f 1406/1406/1406 1407/1407/1407 1425/1425/1425
f 1429/1429/1429 1425/1425/1425 1407/1407/1407
f 1426/1426/1426 1424/1424/1424 1451/1451/1451 1452/1452/1452
f 1402/1402/1402 1426/1426/1426 1401/1401/1401
f 1425/1425/1425 1426/1426/1426 1404/1404/1404
f 1360/1360/1360 1401/1401/1401 1452/1452/1452
f 1452/1452/1452 1401/1401/1401 1426/1426/1426
f 1450/1450/1450 1451/1451/1451 1424/1424/1424 1457/1457/1457
f 1457/1457/1457 1453/1453/1453 1450/1450/1450
f 1428/1428/1428 1429/1429/1429 1410/1410/1410
f 1428/1428/1428 1411/1411/1411 1412/1412/1412
f 1439/1439/1439 1440/1440/1440 1389/1389/1389 1446/1446/1446
f 1440/1440/1440 1441/1441/1441 1390/1390/1390 1389/1389/1389
f 1441/1441/1441 1363/1363/1363 1390/1390/1390
f 1393/1393/1393 1388/1388/1388 1368/1368/1368 1369/1369/1369
f 1391/1391/1391 1393/1393/1393 1371/1371/1371 1372/1372/1372
f 1388/1388/1388 1390/1390/1390 1366/1366/1366 1367/1367/1367
f 1363/1363/1363 1441/1441/1441 1361/1361/1361
f 1390/1390/1390 1363/1363/1363 1364/1364/1364
f 1390/1390/1390 1365/1365/1365 1366/1366/1366
f 1390/1390/1390 1364/1364/1364 1365/1365/1365
f 1393/1393/1393 1370/1370/1370 1371/1371/1371
f 1393/1393/1393 1369/1369/1369 1370/1370/1370
f 1388/1388/1388 1367/1367/1367 1368/1368/1368
f 1373/1373/1373 1391/1391/1391 1372/1372/1372
f 1449/1449/1449 1453/1453/1453 1455/1455/1455
f 1396/1396/1396 1398/1398/1398 1377/1377/1377 1378/1378/1378
f 1400/1400/1400 1396/1396/1396 1379/1379/1379 1380/1380/1380
f 1391/1391/1391 1373/1373/1373 1374/1374/1374
f 1448/1448/1448 1449/1449/1449 1455/1455/1455 1399/1399/1399
f 1399/1399/1399 1400/1400/1400 1447/1447/1447 1448/1448/1448
f 1400/1400/1400 1383/1383/1383 1447/1447/1447
f 1398/1398/1398 1391/1391/1391 1374/1374/1374 1375/1375/1375
f 1450/1450/1450 1453/1453/1453 1449/1449/1449
f 1398/1398/1398 1376/1376/1376 1377/1377/1377
f 1398/1398/1398 1375/1375/1375 1376/1376/1376
f 1400/1400/1400 1380/1380/1380 1381/1381/1381
f 1400/1400/1400 1382/1382/1382 1383/1383/1383
f 1447/1447/1447 1383/1383/1383 1362/1362/1362
f 1400/1400/1400 1381/1381/1381 1382/1382/1382
f 1396/1396/1396 1378/1378/1378 1379/1379/1379
f 1439/1439/1439 1446/1446/1446 1442/1442/1442
f 1468/1468/1468 1458/1458/1458 1459/1459/1459 1467/1467/1467
f 1469/1469/1469 1466/1466/1466 1465/1465/1465 1470/1470/1470
f 1468/1468/1468 1467/1467/1467 1466/1466/1466 1469/1469/1469
f 1470/1470/1470 1465/1465/1465 1464/1464/1464 1471/1471/1471
f 1471/1471/1471 1464/1464/1464 1463/1463/1463 1472/1472/1472
f 1473/1473/1473 1462/1462/1462 1461/1461/1461 1460/1460/1460
f 1472/1472/1472 1463/1463/1463 1462/1462/1462 1473/1473/1473
f 1484/1484/1484 1483/1483/1483 1475/1475/1475 1474/1474/1474
f 1485/1485/1485 1486/1486/1486 1481/1481/1481 1482/1482/1482
f 1484/1484/1484 1485/1485/1485 1482/1482/1482 1483/1483/1483
f 1486/1486/1486 1487/1487/1487 1480/1480/1480 1481/1481/1481
f 1487/1487/1487 1488/1488/1488 1479/1479/1479 1480/1480/1480
f 1489/1489/1489 1476/1476/1476 1477/1477/1477 1478/1478/1478
f 1488/1488/1488 1489/1489/1489 1478/1478/1478 1479/1479/1479
f 1535/1535/1535 1494/1494/1494 1492/1492/1492 1490/1490/1490
f 1533/1533/1533 1496/1496/1496 1495/1495/1495 1534/1534/1534
f 1532/1532/1532 1497/1497/1497 1496/1496/1496 1533/1533/1533
f 1534/1534/1534 1495/1495/1495 1494/1494/1494 1535/1535/1535
f 1530/1530/1530 1499/1499/1499 1498/1498/1498 1531/1531/1531
f 1529/1529/1529 1500/1500/1500 1499/1499/1499 1530/1530/1530
f 1527/1527/1527 1502/1502/1502 1501/1501/1501 1528/1528/1528
f 1526/1526/1526 1503/1503/1503 1502/1502/1502 1527/1527/1527
f 1528/1528/1528 1501/1501/1501 1500/1500/1500 1529/1529/1529
f 1531/1531/1531 1498/1498/1498 1497/1497/1497 1532/1532/1532
f 1524/1524/1524 1505/1505/1505 1504/1504/1504 1525/1525/1525
f 1523/1523/1523 1506/1506/1506 1505/1505/1505 1524/1524/1524
f 1521/1521/1521 1508/1508/1508 1507/1507/1507 1522/1522/1522
f 1520/1520/1520 1509/1509/1509 1508/1508/1508 1521/1521/1521
f 1522/1522/1522 1507/1507/1507 1506/1506/1506 1523/1523/1523
f 1518/1518/1518 1511/1511/1511 1510/1510/1510 1519/1519/1519
f 1517/1517/1517 1512/1512/1512 1511/1511/1511 1518/1518/1518
f 1515/1515/1515 1514/1514/1514 1513/1513/1513 1516/1516/1516
f 1491/1491/1491 1493/1493/1493 1514/1514/1514 1515/1515/1515
f 1516/1516/1516 1513/1513/1513 1512/1512/1512 1517/1517/1517
f 1519/1519/1519 1510/1510/1510 1509/1509/1509 1520/1520/1520
f 1525/1525/1525 1504/1504/1504 1503/1503/1503 1526/1526/1526
f 1581/1581/1581 1536/1536/1536 1538/1538/1538 1540/1540/1540
f 1579/1579/1579 1580/1580/1580 1541/1541/1541 1542/1542/1542
f 1578/1578/1578 1579/1579/1579 1542/1542/1542 1543/1543/1543
f 1580/1580/1580 1581/1581/1581 1540/1540/1540 1541/1541/1541
f 1576/1576/1576 1577/1577/1577 1544/1544/1544 1545/1545/1545
f 1575/1575/1575 1576/1576/1576 1545/1545/1545 1546/1546/1546
f 1573/1573/1573 1574/1574/1574 1547/1547/1547 1548/1548/1548
f 1572/1572/1572 1573/1573/1573 1548/1548/1548 1549/1549/1549
f 1574/1574/1574 1575/1575/1575 1546/1546/1546 1547/1547/1547
f 1577/1577/1577 1578/1578/1578 1543/1543/1543 1544/1544/1544
f 1570/1570/1570 1571/1571/1571 1550/1550/1550 1551/1551/1551
f 1569/1569/1569 1570/1570/1570 1551/1551/1551 1552/1552/1552
f 1567/1567/1567 1568/1568/1568 1553/1553/1553 1554/1554/1554
f 1566/1566/1566 1567/1567/1567 1554/1554/1554 1555/1555/1555
f 1568/1568/1568 1569/1569/1569 1552/1552/1552 1553/1553/1553
f 1564/1564/1564 1565/1565/1565 1556/1556/1556 1557/1557/1557
f 1563/1563/1563 1564/1564/1564 1557/1557/1557 1558/1558/1558
f 1561/1561/1561 1562/1562/1562 1559/1559/1559 1560/1560/1560
f 1537/1537/1537 1561/1561/1561 1560/1560/1560 1539/1539/1539
f 1562/1562/1562 1563/1563/1563 1558/1558/1558 1559/1559/1559
f 1565/1565/1565 1566/1566/1566 1555/1555/1555 1556/1556/1556
f 1571/1571/1571 1572/1572/1572 1549/1549/1549 1550/1550/1550
f 1623/1623/1623 1622/1622/1622 1618/1618/1618 1619/1619/1619
f 1678/1678/1678 1676/1676/1676 1617/1617/1617 1677/1677/1677
f 1622/1622/1622 1678/1678/1678 1677/1677/1677 1618/1618/1618
f 1620/1620/1620 1618/1618/1618 1677/1677/1677
f 1677/1677/1677 1617/1617/1617 1607/1607/1607
f 1607/1607/1607 1608/1608/1608 1620/1620/1620
f 1620/1620/1620 1677/1677/1677 1607/1607/1607
f 1619/1619/1619 1618/1618/1618 1620/1620/1620 1621/1621/1621
f 1621/1621/1621 1620/1620/1620 1608/1608/1608 1614/1614/1614
f 1680/1680/1680 1647/1647/1647 1646/1646/1646 1679/1679/1679
f 1676/1676/1676 1680/1680/1680 1679/1679/1679 1617/1617/1617
f 1647/1647/1647 1649/1649/1649 1648/1648/1648 1646/1646/1646
f 1646/1646/1646 1648/1648/1648 1652/1652/1652 1650/1650/1650
f 1650/1650/1650 1652/1652/1652 1651/1651/1651 1645/1645/1645
f 1679/1679/1679 1646/1646/1646 1650/1650/1650
f 1650/1650/1650 1645/1645/1645 1607/1607/1607
f 1607/1607/1607 1617/1617/1617 1679/1679/1679
f 1679/1679/1679 1650/1650/1650 1607/1607/1607
f 1654/1654/1654 1653/1653/1653 1666/1666/1666
f 1666/1666/1666 1609/1609/1609 1607/1607/1607
f 1607/1607/1607 1645/1645/1645 1654/1654/1654
f 1654/1654/1654 1666/1666/1666 1607/1607/1607
f 1645/1645/1645 1651/1651/1651 1656/1656/1656 1654/1654/1654
f 1654/1654/1654 1656/1656/1656 1655/1655/1655 1653/1653/1653
f 1653/1653/1653 1655/1655/1655 1658/1658/1658 1657/1657/1657
f 1609/1609/1609 1666/1666/1666 1667/1667/1667 1665/1665/1665
f 1666/1666/1666 1653/1653/1653 1657/1657/1657 1667/1667/1667
f 1614/1614/1614 1608/1608/1608 1615/1615/1615 1616/1616/1616
f 1616/1616/1616 1615/1615/1615 1610/1610/1610 1611/1611/1611
f 1668/1668/1668 1610/1610/1610 1615/1615/1615
f 1615/1615/1615 1608/1608/1608 1607/1607/1607
f 1607/1607/1607 1609/1609/1609 1668/1668/1668
f 1668/1668/1668 1615/1615/1615 1607/1607/1607
f 1610/1610/1610 1668/1668/1668 1669/1669/1669 1612/1612/1612
f 1668/1668/1668 1609/1609/1609 1665/1665/1665 1669/1669/1669
f 1611/1611/1611 1610/1610/1610 1612/1612/1612 1613/1613/1613
f 1659/1659/1659 1644/1644/1644 1582/1582/1582
f 1658/1658/1658 1642/1642/1642 1643/1643/1643
f 1658/1658/1658 1641/1641/1641 1642/1642/1642
f 1643/1643/1643 1644/1644/1644 1658/1658/1658
f 1655/1655/1655 1639/1639/1639 1640/1640/1640
f 1656/1656/1656 1637/1637/1637 1638/1638/1638
f 1656/1656/1656 1636/1636/1636 1637/1637/1637
f 1638/1638/1638 1639/1639/1639 1655/1655/1655
f 1640/1640/1640 1641/1641/1641 1655/1655/1655
f 1657/1657/1657 1658/1658/1658 1659/1659/1659 1660/1660/1660
f 1658/1658/1658 1655/1655/1655 1641/1641/1641
f 1667/1667/1667 1657/1657/1657 1660/1660/1660 1661/1661/1661
f 1635/1635/1635 1636/1636/1636 1656/1656/1656
f 1656/1656/1656 1638/1638/1638 1655/1655/1655
f 1661/1661/1661 1665/1665/1665 1667/1667/1667
f 1651/1651/1651 1635/1635/1635 1656/1656/1656
f 1665/1665/1665 1661/1661/1661 1662/1662/1662
f 1659/1659/1659 1658/1658/1658 1644/1644/1644
f 1651/1651/1651 1633/1633/1633 1634/1634/1634
f 1652/1652/1652 1631/1631/1631 1632/1632/1632
f 1652/1652/1652 1630/1630/1630 1631/1631/1631
f 1632/1632/1632 1633/1633/1633 1652/1652/1652
f 1648/1648/1648 1628/1628/1628 1629/1629/1629
f 1649/1649/1649 1626/1626/1626 1627/1627/1627
f 1649/1649/1649 1625/1625/1625 1626/1626/1626
f 1627/1627/1627 1628/1628/1628 1648/1648/1648
f 1629/1629/1629 1630/1630/1630 1648/1648/1648
f 1652/1652/1652 1648/1648/1648 1630/1630/1630
f 1649/1649/1649 1647/1647/1647 1674/1674/1674 1675/1675/1675
f 1625/1625/1625 1649/1649/1649 1624/1624/1624
f 1648/1648/1648 1649/1649/1649 1627/1627/1627
f 1583/1583/1583 1624/1624/1624 1675/1675/1675
f 1675/1675/1675 1624/1624/1624 1649/1649/1649
f 1673/1673/1673 1674/1674/1674 1647/1647/1647 1680/1680/1680
f 1680/1680/1680 1676/1676/1676 1673/1673/1673
f 1651/1651/1651 1652/1652/1652 1633/1633/1633
f 1651/1651/1651 1634/1634/1634 1635/1635/1635
f 1662/1662/1662 1663/1663/1663 1612/1612/1612 1669/1669/1669
f 1663/1663/1663 1664/1664/1664 1613/1613/1613 1612/1612/1612
f 1664/1664/1664 1586/1586/1586 1613/1613/1613
f 1616/1616/1616 1611/1611/1611 1591/1591/1591 1592/1592/1592
f 1614/1614/1614 1616/1616/1616 1594/1594/1594 1595/1595/1595
f 1611/1611/1611 1613/1613/1613 1589/1589/1589 1590/1590/1590
f 1586/1586/1586 1664/1664/1664 1584/1584/1584
f 1613/1613/1613 1586/1586/1586 1587/1587/1587
f 1613/1613/1613 1588/1588/1588 1589/1589/1589
f 1613/1613/1613 1587/1587/1587 1588/1588/1588
f 1616/1616/1616 1593/1593/1593 1594/1594/1594
f 1616/1616/1616 1592/1592/1592 1593/1593/1593
f 1611/1611/1611 1590/1590/1590 1591/1591/1591
f 1596/1596/1596 1614/1614/1614 1595/1595/1595
f 1672/1672/1672 1676/1676/1676 1678/1678/1678
f 1619/1619/1619 1621/1621/1621 1600/1600/1600 1601/1601/1601
f 1623/1623/1623 1619/1619/1619 1602/1602/1602 1603/1603/1603
f 1614/1614/1614 1596/1596/1596 1597/1597/1597
f 1671/1671/1671 1672/1672/1672 1678/1678/1678 1622/1622/1622
f 1622/1622/1622 1623/1623/1623 1670/1670/1670 1671/1671/1671
f 1623/1623/1623 1606/1606/1606 1670/1670/1670
f 1621/1621/1621 1614/1614/1614 1597/1597/1597 1598/1598/1598
f 1673/1673/1673 1676/1676/1676 1672/1672/1672
f 1621/1621/1621 1599/1599/1599 1600/1600/1600
f 1621/1621/1621 1598/1598/1598 1599/1599/1599
f 1623/1623/1623 1603/1603/1603 1604/1604/1604
f 1623/1623/1623 1605/1605/1605 1606/1606/1606
f 1670/1670/1670 1606/1606/1606 1585/1585/1585
f 1623/1623/1623 1604/1604/1604 1605/1605/1605
f 1619/1619/1619 1601/1601/1601 1602/1602/1602
f 1662/1662/1662 1669/1669/1669 1665/1665/1665
f 1681/1681/1681 1682/1682/1682 1690/1690/1690 1691/1691/1691
f 1692/1692/1692 1689/1689/1689 1688/1688/1688 1693/1693/1693
f 1691/1691/1691 1690/1690/1690 1689/1689/1689 1692/1692/1692
f 1687/1687/1687 1694/1694/1694 1693/1693/1693 1688/1688/1688
f 1694/1694/1694 1687/1687/1687 1686/1686/1686 1695/1695/1695
f 1696/1696/1696 1685/1685/1685 1684/1684/1684 1683/1683/1683
f 1695/1695/1695 1686/1686/1686 1685/1685/1685 1696/1696/1696
f 1697/1697/1697 1707/1707/1707 1706/1706/1706 1698/1698/1698
f 1708/1708/1708 1709/1709/1709 1704/1704/1704 1705/1705/1705
f 1707/1707/1707 1708/1708/1708 1705/1705/1705 1706/1706/1706
f 1703/1703/1703 1704/1704/1704 1709/1709/1709 1710/1710/1710
f 1710/1710/1710 1711/1711/1711 1702/1702/1702 1703/1703/1703
f 1712/1712/1712 1699/1699/1699 1700/1700/1700 1701/1701/1701
f 1711/1711/1711 1712/1712/1712 1701/1701/1701 1702/1702/1702
f 1758/1758/1758 1717/1717/1717 1715/1715/1715 1713/1713/1713
f 1756/1756/1756 1719/1719/1719 1718/1718/1718 1757/1757/1757
f 1755/1755/1755 1720/1720/1720 1719/1719/1719 1756/1756/1756
f 1757/1757/1757 1718/1718/1718 1717/1717/1717 1758/1758/1758
f 1753/1753/1753 1722/1722/1722 1721/1721/1721 1754/1754/1754
f 1752/1752/1752 1723/1723/1723 1722/1722/1722 1753/1753/1753
f 1750/1750/1750 1725/1725/1725 1724/1724/1724 1751/1751/1751
f 1749/1749/1749 1726/1726/1726 1725/1725/1725 1750/1750/1750
f 1751/1751/1751 1724/1724/1724 1723/1723/1723 1752/1752/1752
f 1754/1754/1754 1721/1721/1721 1720/1720/1720 1755/1755/1755
f 1747/1747/1747 1728/1728/1728 1727/1727/1727 1748/1748/1748
f 1746/1746/1746 1729/1729/1729 1728/1728/1728 1747/1747/1747
f 1744/1744/1744 1731/1731/1731 1730/1730/1730 1745/1745/1745
f 1743/1743/1743 1732/1732/1732 1731/1731/1731 1744/1744/1744
f 1745/1745/1745 1730/1730/1730 1729/1729/1729 1746/1746/1746
f 1741/1741/1741 1734/1734/1734 1733/1733/1733 1742/1742/1742
f 1740/1740/1740 1735/1735/1735 1734/1734/1734 1741/1741/1741
f 1738/1738/1738 1737/1737/1737 1736/1736/1736 1739/1739/1739
f 1714/1714/1714 1716/1716/1716 1737/1737/1737 1738/1738/1738
f 1739/1739/1739 1736/1736/1736 1735/1735/1735 1740/1740/1740
f 1742/1742/1742 1733/1733/1733 1732/1732/1732 1743/1743/1743
f 1748/1748/1748 1727/1727/1727 1726/1726/1726 1749/1749/1749
f 1804/1804/1804 1759/1759/1759 1761/1761/1761 1763/1763/1763
f 1802/1802/1802 1803/1803/1803 1764/1764/1764 1765/1765/1765
f 1801/1801/1801 1802/1802/1802 1765/1765/1765 1766/1766/1766
f 1803/1803/1803 1804/1804/1804 1763/1763/1763 1764/1764/1764
f 1799/1799/1799 1800/1800/1800 1767/1767/1767 1768/1768/1768
f 1798/1798/1798 1799/1799/1799 1768/1768/1768 1769/1769/1769
f 1796/1796/1796 1797/1797/1797 1770/1770/1770 1771/1771/1771
f 1795/1795/1795 1796/1796/1796 1771/1771/1771 1772/1772/1772
f 1797/1797/1797 1798/1798/1798 1769/1769/1769 1770/1770/1770
f 1800/1800/1800 1801/1801/1801 1766/1766/1766 1767/1767/1767
f 1793/1793/1793 1794/1794/1794 1773/1773/1773 1774/1774/1774
f 1792/1792/1792 1793/1793/1793 1774/1774/1774 1775/1775/1775
f 1790/1790/1790 1791/1791/1791 1776/1776/1776 1777/1777/1777
f 1789/1789/1789 1790/1790/1790 1777/1777/1777 1778/1778/1778
f 1791/1791/1791 1792/1792/1792 1775/1775/1775 1776/1776/1776
f 1787/1787/1787 1788/1788/1788 1779/1779/1779 1780/1780/1780
f 1786/1786/1786 1787/1787/1787 1780/1780/1780 1781/1781/1781
f 1784/1784/1784 1785/1785/1785 1782/1782/1782 1783/1783/1783
f 1760/1760/1760 1784/1784/1784 1783/1783/1783 1762/1762/1762
f 1785/1785/1785 1786/1786/1786 1781/1781/1781 1782/1782/1782
f 1788/1788/1788 1789/1789/1789 1778/1778/1778 1779/1779/1779
f 1794/1794/1794 1795/1795/1795 1772/1772/1772 1773/1773/1773
f 1846/1846/1846 1845/1845/1845 1841/1841/1841 1842/1842/1842
f 1901/1901/1901 1899/1899/1899 1840/1840/1840 1900/1900/1900
f 1845/1845/1845 1901/1901/1901 1900/1900/1900 1841/1841/1841
f 1843/1843/1843 1841/1841/1841 1900/1900/1900
f 1900/1900/1900 1840/1840/1840 1830/1830/1830
f 1830/1830/1830 1831/1831/1831 1843/1843/1843
f 1843/1843/1843 1900/1900/1900 1830/1830/1830
f 1842/1842/1842 1841/1841/1841 1843/1843/1843 1844/1844/1844
f 1844/1844/1844 1843/1843/1843 1831/1831/1831 1837/1837/1837
f 1903/1903/1903 1870/1870/1870 1869/1869/1869 1902/1902/1902
f 1899/1899/1899 1903/1903/1903 1902/1902/1902 1840/1840/1840
f 1870/1870/1870 1872/1872/1872 1871/1871/1871 1869/1869/1869
f 1869/1869/1869 1871/1871/1871 1875/1875/1875 1873/1873/1873
f 1873/1873/1873 1875/1875/1875 1874/1874/1874 1868/1868/1868
f 1902/1902/1902 1869/1869/1869 1873/1873/1873
f 1873/1873/1873 1868/1868/1868 1830/1830/1830
f 1830/1830/1830 1840/1840/1840 1902/1902/1902
f 1902/1902/1902 1873/1873/1873 1830/1830/1830
f 1877/1877/1877 1876/1876/1876 1889/1889/1889
f 1889/1889/1889 1832/1832/1832 1830/1830/1830
f 1830/1830/1830 1868/1868/1868 1877/1877/1877
f 1877/1877/1877 1889/1889/1889 1830/1830/1830
f 1868/1868/1868 1874/1874/1874 1879/1879/1879 1877/1877/1877
f 1877/1877/1877 1879/1879/1879 1878/1878/1878 1876/1876/1876
f 1876/1876/1876 1878/1878/1878 1881/1881/1881 1880/1880/1880
f 1832/1832/1832 1889/1889/1889 1890/1890/1890 1888/1888/1888
f 1889/1889/1889 1876/1876/1876 1880/1880/1880 1890/1890/1890
f 1837/1837/1837 1831/1831/1831 1838/1838/1838 1839/1839/1839
f 1839/1839/1839 1838/1838/1838 1833/1833/1833 1834/1834/1834
f 1891/1891/1891 1833/1833/1833 1838/1838/1838
f 1838/1838/1838 1831/1831/1831 1830/1830/1830
f 1830/1830/1830 1832/1832/1832 1891/1891/1891
f 1891/1891/1891 1838/1838/1838 1830/1830/1830
f 1833/1833/1833 1891/1891/1891 1892/1892/1892 1835/1835/1835
f 1891/1891/1891 1832/1832/1832 1888/1888/1888 1892/1892/1892
f 1834/1834/1834 1833/1833/1833 1835/1835/1835 1836/1836/1836
f 1882/1882/1882 1867/1867/1867 1805/1805/1805
f 1881/1881/1881 1865/1865/1865 1866/1866/1866
f 1881/1881/1881 1864/1864/1864 1865/1865/1865
f 1866/1866/1866 1867/1867/1867 1881/1881/1881
f 1878/1878/1878 1862/1862/1862 1863/1863/1863
f 1879/1879/1879 1860/1860/1860 1861/1861/1861
f 1879/1879/1879 1859/1859/1859 1860/1860/1860
f 1861/1861/1861 1862/1862/1862 1878/1878/1878
f 1863/1863/1863 1864/1864/1864 1878/1878/1878
f 1880/1880/1880 1881/1881/1881 1882/1882/1882 1883/1883/1883
f 1881/1881/1881 1878/1878/1878 1864/1864/1864
f 1890/1890/1890 1880/1880/1880 1883/1883/1883 1884/1884/1884
f 1858/1858/1858 1859/1859/1859 1879/1879/1879
f 1879/1879/1879 1861/1861/1861 1878/1878/1878
f 1884/1884/1884 1888/1888/1888 1890/1890/1890
f 1874/1874/1874 1858/1858/1858 1879/1879/1879
f 1888/1888/1888 1884/1884/1884 1885/1885/1885
f 1882/1882/1882 1881/1881/1881 1867/1867/1867
f 1874/1874/1874 1856/1856/1856 1857/1857/1857
f 1875/1875/1875 1854/1854/1854 1855/1855/1855
f 1875/1875/1875 1853/1853/1853 1854/1854/1854
f 1855/1855/1855 1856/1856/1856 1875/1875/1875
f 1871/1871/1871 1851/1851/1851 1852/1852/1852
f 1872/1872/1872 1849/1849/1849 1850/1850/1850
f 1872/1872/1872 1848/1848/1848 1849/1849/1849
f 1850/1850/1850 1851/1851/1851 1871/1871/1871
f 1852/1852/1852 1853/1853/1853 1871/1871/1871
f 1875/1875/1875 1871/1871/1871 1853/1853/1853
f 1872/1872/1872 1870/1870/1870 1897/1897/1897 1898/1898/1898
f 1848/1848/1848 1872/1872/1872 1847/1847/1847
f 1871/1871/1871 1872/1872/1872 1850/1850/1850
f 1806/1806/1806 1847/1847/1847 1898/1898/1898
f 1898/1898/1898 1847/1847/1847 1872/1872/1872
f 1896/1896/1896 1897/1897/1897 1870/1870/1870 1903/1903/1903
f 1903/1903/1903 1899/1899/1899 1896/1896/1896
f 1874/1874/1874 1875/1875/1875 1856/1856/1856
f 1874/1874/1874 1857/1857/1857 1858/1858/1858
f 1885/1885/1885 1886/1886/1886 1835/1835/1835 1892/1892/1892
f 1886/1886/1886 1887/1887/1887 1836/1836/1836 1835/1835/1835
f 1887/1887/1887 1809/1809/1809 1836/1836/1836
f 1839/1839/1839 1834/1834/1834 1814/1814/1814 1815/1815/1815
f 1837/1837/1837 1839/1839/1839 1817/1817/1817 1818/1818/1818
f 1834/1834/1834 1836/1836/1836 1812/1812/1812 1813/1813/1813
f 1809/1809/1809 1887/1887/1887 1807/1807/1807
f 1836/1836/1836 1809/1809/1809 1810/1810/1810
f 1836/1836/1836 1811/1811/1811 1812/1812/1812
f 1836/1836/1836 1810/1810/1810 1811/1811/1811
f 1839/1839/1839 1816/1816/1816 1817/1817/1817
f 1839/1839/1839 1815/1815/1815 1816/1816/1816
f 1834/1834/1834 1813/1813/1813 1814/1814/1814
f 1819/1819/1819 1837/1837/1837 1818/1818/1818
f 1895/1895/1895 1899/1899/1899 1901/1901/1901
f 1842/1842/1842 1844/1844/1844 1823/1823/1823 1824/1824/1824
f 1846/1846/1846 1842/1842/1842 1825/1825/1825 1826/1826/1826
f 1837/1837/1837 1819/1819/1819 1820/1820/1820
f 1894/1894/1894 1895/1895/1895 1901/1901/1901 1845/1845/1845
f 1845/1845/1845 1846/1846/1846 1893/1893/1893 1894/1894/1894
f 1846/1846/1846 1829/1829/1829 1893/1893/1893
f 1844/1844/1844 1837/1837/1837 1820/1820/1820 1821/1821/1821
f 1896/1896/1896 1899/1899/1899 1895/1895/1895
f 1844/1844/1844 1822/1822/1822 1823/1823/1823
f 1844/1844/1844 1821/1821/1821 1822/1822/1822
f 1846/1846/1846 1826/1826/1826 1827/1827/1827
f 1846/1846/1846 1828/1828/1828 1829/1829/1829
f 1893/1893/1893 1829/1829/1829 1808/1808/1808
f 1846/1846/1846 1827/1827/1827 1828/1828/1828
f 1842/1842/1842 1824/1824/1824 1825/1825/1825
f 1885/1885/1885 1892/1892/1892 1888/1888/1888
f 1904/1904/1904 1905/1905/1905 1913/1913/1913 1914/1914/1914
f 1915/1915/1915 1912/1912/1912 1911/1911/1911 1916/1916/1916
f 1914/1914/1914 1913/1913/1913 1912/1912/1912 1915/1915/1915
f 1910/1910/1910 1917/1917/1917 1916/1916/1916 1911/1911/1911
f 1917/1917/1917 1910/1910/1910 1909/1909/1909 1918/1918/1918
f 1919/1919/1919 1908/1908/1908 1907/1907/1907 1906/1906/1906
f 1918/1918/1918 1909/1909/1909 1908/1908/1908 1919/1919/1919
f 1920/1920/1920 1930/1930/1930 1929/1929/1929 1921/1921/1921
f 1931/1931/1931 1932/1932/1932 1927/1927/1927 1928/1928/1928
f 1930/1930/1930 1931/1931/1931 1928/1928/1928 1929/1929/1929
f 1926/1926/1926 1927/1927/1927 1932/1932/1932 1933/1933/1933
f 1933/1933/1933 1934/1934/1934 1925/1925/1925 1926/1926/1926
f 1935/1935/1935 1922/1922/1922 1923/1923/1923 1924/1924/1924
f 1934/1934/1934 1935/1935/1935 1924/1924/1924 1925/1925/1925
f 1940/1940/1940 1951/1951/1951 1937/1937/1937 1936/1936/1936
f 1941/1941/1941 1942/1942/1942 1949/1949/1949 1950/1950/1950
f 1941/1941/1941 1950/1950/1950 1951/1951/1951 1940/1940/1940
f 1948/1948/1948 1949/1949/1949 1942/1942/1942 1943/1943/1943
f 1943/1943/1943 1944/1944/1944 1947/1947/1947 1948/1948/1948
f 1938/1938/1938 1939/1939/1939 1946/1946/1946 1945/1945/1945
f 1945/1945/1945 1946/1946/1946 1947/1947/1947 1944/1944/1944
f 1956/1956/1956 1952/1952/1952 1953/1953/1953 1967/1967/1967
f 1957/1957/1957 1966/1966/1966 1965/1965/1965 1958/1958/1958
f 1957/1957/1957 1956/1956/1956 1967/1967/1967 1966/1966/1966
f 1964/1964/1964 1959/1959/1959 1958/1958/1958 1965/1965/1965
f 1959/1959/1959 1964/1964/1964 1963/1963/1963 1960/1960/1960
f 1954/1954/1954 1961/1961/1961 1962/1962/1962 1955/1955/1955
f 1961/1961/1961 1960/1960/1960 1963/1963/1963 1962/1962/1962
f 2005/2005/2005 2003/2003/2003 2002/2002/2002 2004/2004/2004
f 2008/2008/2008 2006/2006/2006 2001/2001/2001 2007/2007/2007
f 2003/2003/2003 2008/2008/2008 2007/2007/2007 2002/2002/2002
f 2039/2039/2039 2002/2002/2002 2007/2007/2007
f 2007/2007/2007 2001/2001/2001 1978/1978/1978
f 1978/1978/1978 1988/1988/1988 2039/2039/2039
f 2039/2039/2039 2007/2007/2007 1978/1978/1978
f 2004/2004/2004 2002/2002/2002 2039/2039/2039 2040/2040/2040
f 2040/2040/2040 2039/2039/2039 1988/1988/1988 2036/2036/2036
f 2012/2012/2012 2010/2010/2010 2009/2009/2009 2011/2011/2011
f 2006/2006/2006 2012/2012/2012 2011/2011/2011 2001/2001/2001
f 2010/2010/2010 2014/2014/2014 2013/2013/2013 2009/2009/2009
f 2009/2009/2009 2013/2013/2013 2064/2064/2064 2062/2062/2062
f 2062/2062/2062 2064/2064/2064 2063/2063/2063 1980/1980/1980
f 2011/2011/2011 2009/2009/2009 2062/2062/2062
f 2062/2062/2062 1980/1980/1980 1978/1978/1978
f 1978/1978/1978 2001/2001/2001 2011/2011/2011
f 2011/2011/2011 2062/2062/2062 1978/1978/1978
f 2065/2065/2065 1981/1981/1981 1986/1986/1986
f 1986/1986/1986 1979/1979/1979 1978/1978/1978
f 1978/1978/1978 1980/1980/1980 2065/2065/2065
f 2065/2065/2065 1986/1986/1986 1978/1978/1978
f 1980/1980/1980 2063/2063/2063 2066/2066/2066 2065/2065/2065
f 2065/2065/2065 2066/2066/2066 1983/1983/1983 1981/1981/1981
f 1981/1981/1981 1983/1983/1983 1984/1984/1984 1982/1982/1982
f 1979/1979/1979 1986/1986/1986 1987/1987/1987 1985/1985/1985
f 1986/1986/1986 1981/1981/1981 1982/1982/1982 1987/1987/1987
f 2036/2036/2036 1988/1988/1988 2037/2037/2037 2038/2038/2038
f 2038/2038/2038 2037/2037/2037 1989/1989/1989 1993/1993/1993
f 1991/1991/1991 1989/1989/1989 2037/2037/2037
f 2037/2037/2037 1988/1988/1988 1978/1978/1978
f 1978/1978/1978 1979/1979/1979 1991/1991/1991
f 1991/1991/1991 2037/2037/2037 1978/1978/1978
f 1989/1989/1989 1991/1991/1991 1992/1992/1992 1990/1990/1990
f 1991/1991/1991 1979/1979/1979 1985/1985/1985 1992/1992/1992
f 1993/1993/1993 1989/1989/1989 1990/1990/1990 1994/1994/1994
f 1972/1972/1972 2061/2061/2061 1968/1968/1968
f 1984/1984/1984 2059/2059/2059 2060/2060/2060
f 1984/1984/1984 2058/2058/2058 2059/2059/2059
f 2060/2060/2060 2061/2061/2061 1984/1984/1984
f 1983/1983/1983 2056/2056/2056 2057/2057/2057
f 2066/2066/2066 2054/2054/2054 2055/2055/2055
f 2066/2066/2066 2053/2053/2053 2054/2054/2054
f 2055/2055/2055 2056/2056/2056 1983/1983/1983
f 2057/2057/2057 2058/2058/2058 1983/1983/1983
f 1982/1982/1982 1984/1984/1984 1972/1972/1972 1973/1973/1973
f 1984/1984/1984 1983/1983/1983 2058/2058/2058
f 1987/1987/1987 1982/1982/1982 1973/1973/1973 1974/1974/1974
f 2052/2052/2052 2053/2053/2053 2066/2066/2066
f 2066/2066/2066 2055/2055/2055 1983/1983/1983
f 1974/1974/1974 1985/1985/1985 1987/1987/1987
f 2063/2063/2063 2052/2052/2052 2066/2066/2066
f 1974/1974/1974 1975/1975/1975 1992/1992/1992 1985/1985/1985
f 1972/1972/1972 1984/1984/1984 2061/2061/2061
f 2063/2063/2063 2050/2050/2050 2051/2051/2051
f 2064/2064/2064 2048/2048/2048 2049/2049/2049
f 2064/2064/2064 2047/2047/2047 2048/2048/2048
f 2049/2049/2049 2050/2050/2050 2064/2064/2064
f 2013/2013/2013 2045/2045/2045 2046/2046/2046
f 2014/2014/2014 2043/2043/2043 2044/2044/2044
f 2014/2014/2014 2042/2042/2042 2043/2043/2043
f 2044/2044/2044 2045/2045/2045 2013/2013/2013
f 2046/2046/2046 2047/2047/2047 2013/2013/2013
f 2064/2064/2064 2013/2013/2013 2047/2047/2047
f 2014/2014/2014 2010/2010/2010 1999/1999/1999 2000/2000/2000
f 2042/2042/2042 2014/2014/2014 2041/2041/2041
f 2013/2013/2013 2014/2014/2014 2044/2044/2044
f 1969/1969/1969 2041/2041/2041 2000/2000/2000
f 2000/2000/2000 2041/2041/2041 2014/2014/2014
f 1998/1998/1998 1999/1999/1999 2010/2010/2010 2012/2012/2012
f 2012/2012/2012 2006/2006/2006 1998/1998/1998
f 2063/2063/2063 2064/2064/2064 2050/2050/2050
f 2063/2063/2063 2051/2051/2051 2052/2052/2052
f 1975/1975/1975 1976/1976/1976 1990/1990/1990 1992/1992/1992
f 1976/1976/1976 1977/1977/1977 1994/1994/1994 1990/1990/1990
f 1977/1977/1977 2015/2015/2015 1994/1994/1994
f 2038/2038/2038 1993/1993/1993 2020/2020/2020 2021/2021/2021
f 2036/2036/2036 2038/2038/2038 2023/2023/2023 2024/2024/2024
f 1993/1993/1993 1994/1994/1994 2018/2018/2018 2019/2019/2019
f 2015/2015/2015 1977/1977/1977 1970/1970/1970
f 1994/1994/1994 2015/2015/2015 2016/2016/2016
f 1994/1994/1994 2017/2017/2017 2018/2018/2018
f 1994/1994/1994 2016/2016/2016 2017/2017/2017
f 2038/2038/2038 2022/2022/2022 2023/2023/2023
f 2038/2038/2038 2021/2021/2021 2022/2022/2022
f 1993/1993/1993 2019/2019/2019 2020/2020/2020
f 2025/2025/2025 2036/2036/2036 2024/2024/2024
f 1997/1997/1997 2006/2006/2006 2008/2008/2008
f 2004/2004/2004 2040/2040/2040 2029/2029/2029 2030/2030/2030
f 2005/2005/2005 2004/2004/2004 2031/2031/2031 2032/2032/2032
f 2036/2036/2036 2025/2025/2025 2026/2026/2026
f 1996/1996/1996 1997/1997/1997 2008/2008/2008 2003/2003/2003
f 2003/2003/2003 2005/2005/2005 1995/1995/1995 1996/1996/1996
f 2005/2005/2005 2035/2035/2035 1995/1995/1995
f 2040/2040/2040 2036/2036/2036 2026/2026/2026 2027/2027/2027
f 1998/1998/1998 2006/2006/2006 1997/1997/1997
f 2040/2040/2040 2028/2028/2028 2029/2029/2029
f 2040/2040/2040 2027/2027/2027 2028/2028/2028
f 2005/2005/2005 2032/2032/2032 2033/2033/2033
f 2005/2005/2005 2034/2034/2034 2035/2035/2035
f 1995/1995/1995 2035/2035/2035 1971/1971/1971
f 2005/2005/2005 2033/2033/2033 2034/2034/2034
f 2004/2004/2004 2030/2030/2030 2031/2031/2031
f 2112/2112/2112 2067/2067/2067 2069/2069/2069 2071/2071/2071
f 2110/2110/2110 2111/2111/2111 2072/2072/2072 2073/2073/2073
f 2109/2109/2109 2110/2110/2110 2073/2073/2073 2074/2074/2074
f 2111/2111/2111 2112/2112/2112 2071/2071/2071 2072/2072/2072
f 2107/2107/2107 2108/2108/2108 2075/2075/2075 2076/2076/2076
f 2106/2106/2106 2107/2107/2107 2076/2076/2076 2077/2077/2077
f 2104/2104/2104 2105/2105/2105 2078/2078/2078 2079/2079/2079
f 2103/2103/2103 2104/2104/2104 2079/2079/2079 2080/2080/2080
f 2105/2105/2105 2106/2106/2106 2077/2077/2077 2078/2078/2078
f 2108/2108/2108 2109/2109/2109 2074/2074/2074 2075/2075/2075
f 2101/2101/2101 2102/2102/2102 2081/2081/2081 2082/2082/2082
f 2100/2100/2100 2101/2101/2101 2082/2082/2082 2083/2083/2083
f 2098/2098/2098 2099/2099/2099 2084/2084/2084 2085/2085/2085
f 2097/2097/2097 2098/2098/2098 2085/2085/2085 2086/2086/2086
f 2099/2099/2099 2100/2100/2100 2083/2083/2083 2084/2084/2084
f 2095/2095/2095 2096/2096/2096 2087/2087/2087 2088/2088/2088
f 2094/2094/2094 2095/2095/2095 2088/2088/2088 2089/2089/2089
f 2092/2092/2092 2093/2093/2093 2090/2090/2090 2091/2091/2091
f 2068/2068/2068 2092/2092/2092 2091/2091/2091 2070/2070/2070
f 2093/2093/2093 2094/2094/2094 2089/2089/2089 2090/2090/2090
f 2096/2096/2096 2097/2097/2097 2086/2086/2086 2087/2087/2087
f 2102/2102/2102 2103/2103/2103 2080/2080/2080 2081/2081/2081
f 2158/2158/2158 2117/2117/2117 2115/2115/2115 2113/2113/2113
f 2156/2156/2156 2119/2119/2119 2118/2118/2118 2157/2157/2157
f 2155/2155/2155 2120/2120/2120 2119/2119/2119 2156/2156/2156
f 2157/2157/2157 2118/2118/2118 2117/2117/2117 2158/2158/2158
f 2153/2153/2153 2122/2122/2122 2121/2121/2121 2154/2154/2154
f 2152/2152/2152 2123/2123/2123 2122/2122/2122 2153/2153/2153
f 2150/2150/2150 2125/2125/2125 2124/2124/2124 2151/2151/2151
f 2149/2149/2149 2126/2126/2126 2125/2125/2125 2150/2150/2150
f 2151/2151/2151 2124/2124/2124 2123/2123/2123 2152/2152/2152
f 2154/2154/2154 2121/2121/2121 2120/2120/2120 2155/2155/2155
f 2147/2147/2147 2128/2128/2128 2127/2127/2127 2148/2148/2148
f 2146/2146/2146 2129/2129/2129 2128/2128/2128 2147/2147/2147
f 2144/2144/2144 2131/2131/2131 2130/2130/2130 2145/2145/2145
f 2143/2143/2143 2132/2132/2132 2131/2131/2131 2144/2144/2144
f 2145/2145/2145 2130/2130/2130 2129/2129/2129 2146/2146/2146
f 2141/2141/2141 2134/2134/2134 2133/2133/2133 2142/2142/2142
f 2140/2140/2140 2135/2135/2135 2134/2134/2134 2141/2141/2141
f 2138/2138/2138 2137/2137/2137 2136/2136/2136 2139/2139/2139
f 2114/2114/2114 2116/2116/2116 2137/2137/2137 2138/2138/2138
f 2139/2139/2139 2136/2136/2136 2135/2135/2135 2140/2140/2140
f 2142/2142/2142 2133/2133/2133 2132/2132/2132 2143/2143/2143
f 2148/2148/2148 2127/2127/2127 2126/2126/2126 2149/2149/2149
f 2163/2163/2163 2174/2174/2174 2160/2160/2160 2159/2159/2159
f 2164/2164/2164 2165/2165/2165 2172/2172/2172 2173/2173/2173
f 2164/2164/2164 2173/2173/2173 2174/2174/2174 2163/2163/2163
f 2171/2171/2171 2172/2172/2172 2165/2165/2165 2166/2166/2166
f 2166/2166/2166 2167/2167/2167 2170/2170/2170 2171/2171/2171
f 2161/2161/2161 2162/2162/2162 2169/2169/2169 2168/2168/2168
f 2168/2168/2168 2169/2169/2169 2170/2170/2170 2167/2167/2167
f 2179/2179/2179 2175/2175/2175 2176/2176/2176 2190/2190/2190
f 2180/2180/2180 2189/2189/2189 2188/2188/2188 2181/2181/2181
f 2180/2180/2180 2179/2179/2179 2190/2190/2190 2189/2189/2189
f 2187/2187/2187 2182/2182/2182 2181/2181/2181 2188/2188/2188
f 2182/2182/2182 2187/2187/2187 2186/2186/2186 2183/2183/2183
f 2177/2177/2177 2184/2184/2184 2185/2185/2185 2178/2178/2178
f 2184/2184/2184 2183/2183/2183 2186/2186/2186 2185/2185/2185
f 2228/2228/2228 2226/2226/2226 2225/2225/2225 2227/2227/2227
f 2231/2231/2231 2229/2229/2229 2224/2224/2224 2230/2230/2230
f 2226/2226/2226 2231/2231/2231 2230/2230/2230 2225/2225/2225
f 2262/2262/2262 2225/2225/2225 2230/2230/2230
f 2230/2230/2230 2224/2224/2224 2201/2201/2201
f 2201/2201/2201 2211/2211/2211 2262/2262/2262
f 2262/2262/2262 2230/2230/2230 2201/2201/2201
f 2227/2227/2227 2225/2225/2225 2262/2262/2262 2263/2263/2263
f 2263/2263/2263 2262/2262/2262 2211/2211/2211 2259/2259/2259
f 2235/2235/2235 2233/2233/2233 2232/2232/2232 2234/2234/2234
f 2229/2229/2229 2235/2235/2235 2234/2234/2234 2224/2224/2224
f 2233/2233/2233 2237/2237/2237 2236/2236/2236 2232/2232/2232
f 2232/2232/2232 2236/2236/2236 2287/2287/2287 2285/2285/2285
f 2285/2285/2285 2287/2287/2287 2286/2286/2286 2203/2203/2203
f 2234/2234/2234 2232/2232/2232 2285/2285/2285
f 2285/2285/2285 2203/2203/2203 2201/2201/2201
f 2201/2201/2201 2224/2224/2224 2234/2234/2234
f 2234/2234/2234 2285/2285/2285 2201/2201/2201
f 2288/2288/2288 2204/2204/2204 2209/2209/2209
f 2209/2209/2209 2202/2202/2202 2201/2201/2201
f 2201/2201/2201 2203/2203/2203 2288/2288/2288
f 2288/2288/2288 2209/2209/2209 2201/2201/2201
f 2203/2203/2203 2286/2286/2286 2289/2289/2289 2288/2288/2288
f 2288/2288/2288 2289/2289/2289 2206/2206/2206 2204/2204/2204
f 2204/2204/2204 2206/2206/2206 2207/2207/2207 2205/2205/2205
f 2202/2202/2202 2209/2209/2209 2210/2210/2210 2208/2208/2208
f 2209/2209/2209 2204/2204/2204 2205/2205/2205 2210/2210/2210
f 2259/2259/2259 2211/2211/2211 2260/2260/2260 2261/2261/2261
f 2261/2261/2261 2260/2260/2260 2212/2212/2212 2216/2216/2216
f 2214/2214/2214 2212/2212/2212 2260/2260/2260
f 2260/2260/2260 2211/2211/2211 2201/2201/2201
f 2201/2201/2201 2202/2202/2202 2214/2214/2214
f 2214/2214/2214 2260/2260/2260 2201/2201/2201
f 2212/2212/2212 2214/2214/2214 2215/2215/2215 2213/2213/2213
f 2214/2214/2214 2202/2202/2202 2208/2208/2208 2215/2215/2215
f 2216/2216/2216 2212/2212/2212 2213/2213/2213 2217/2217/2217
f 2195/2195/2195 2284/2284/2284 2191/2191/2191
f 2207/2207/2207 2282/2282/2282 2283/2283/2283
f 2207/2207/2207 2281/2281/2281 2282/2282/2282
f 2283/2283/2283 2284/2284/2284 2207/2207/2207
f 2206/2206/2206 2279/2279/2279 2280/2280/2280
f 2289/2289/2289 2277/2277/2277 2278/2278/2278
f 2289/2289/2289 2276/2276/2276 2277/2277/2277
f 2278/2278/2278 2279/2279/2279 2206/2206/2206
f 2280/2280/2280 2281/2281/2281 2206/2206/2206
f 2205/2205/2205 2207/2207/2207 2195/2195/2195 2196/2196/2196
f 2207/2207/2207 2206/2206/2206 2281/2281/2281
f 2210/2210/2210 2205/2205/2205 2196/2196/2196 2197/2197/2197
f 2275/2275/2275 2276/2276/2276 2289/2289/2289
f 2289/2289/2289 2278/2278/2278 2206/2206/2206
f 2197/2197/2197 2208/2208/2208 2210/2210/2210
f 2286/2286/2286 2275/2275/2275 2289/2289/2289
f 2197/2197/2197 2198/2198/2198 2215/2215/2215 2208/2208/2208
f 2195/2195/2195 2207/2207/2207 2284/2284/2284
f 2286/2286/2286 2273/2273/2273 2274/2274/2274
f 2287/2287/2287 2271/2271/2271 2272/2272/2272
f 2287/2287/2287 2270/2270/2270 2271/2271/2271
f 2272/2272/2272 2273/2273/2273 2287/2287/2287
f 2236/2236/2236 2268/2268/2268 2269/2269/2269
f 2237/2237/2237 2266/2266/2266 2267/2267/2267
f 2237/2237/2237 2265/2265/2265 2266/2266/2266
f 2267/2267/2267 2268/2268/2268 2236/2236/2236
f 2269/2269/2269 2270/2270/2270 2236/2236/2236
f 2287/2287/2287 2236/2236/2236 2270/2270/2270
f 2237/2237/2237 2233/2233/2233 2222/2222/2222 2223/2223/2223
f 2265/2265/2265 2237/2237/2237 2264/2264/2264
f 2236/2236/2236 2237/2237/2237 2267/2267/2267
f 2192/2192/2192 2264/2264/2264 2223/2223/2223
f 2223/2223/2223 2264/2264/2264 2237/2237/2237
f 2221/2221/2221 2222/2222/2222 2233/2233/2233 2235/2235/2235
f 2235/2235/2235 2229/2229/2229 2221/2221/2221
f 2286/2286/2286 2287/2287/2287 2273/2273/2273
f 2286/2286/2286 2274/2274/2274 2275/2275/2275
f 2198/2198/2198 2199/2199/2199 2213/2213/2213 2215/2215/2215
f 2199/2199/2199 2200/2200/2200 2217/2217/2217 2213/2213/2213
f 2200/2200/2200 2238/2238/2238 2217/2217/2217
f 2261/2261/2261 2216/2216/2216 2243/2243/2243 2244/2244/2244
f 2259/2259/2259 2261/2261/2261 2246/2246/2246 2247/2247/2247
f 2216/2216/2216 2217/2217/2217 2241/2241/2241 2242/2242/2242
f 2238/2238/2238 2200/2200/2200 2193/2193/2193
f 2217/2217/2217 2238/2238/2238 2239/2239/2239
f 2217/2217/2217 2240/2240/2240 2241/2241/2241
f 2217/2217/2217 2239/2239/2239 2240/2240/2240
f 2261/2261/2261 2245/2245/2245 2246/2246/2246
f 2261/2261/2261 2244/2244/2244 2245/2245/2245
f 2216/2216/2216 2242/2242/2242 2243/2243/2243
f 2248/2248/2248 2259/2259/2259 2247/2247/2247
f 2220/2220/2220 2229/2229/2229 2231/2231/2231
f 2227/2227/2227 2263/2263/2263 2252/2252/2252 2253/2253/2253
f 2228/2228/2228 2227/2227/2227 2254/2254/2254 2255/2255/2255
f 2259/2259/2259 2248/2248/2248 2249/2249/2249
f 2219/2219/2219 2220/2220/2220 2231/2231/2231 2226/2226/2226
f 2226/2226/2226 2228/2228/2228 2218/2218/2218 2219/2219/2219
f 2228/2228/2228 2258/2258/2258 2218/2218/2218
f 2263/2263/2263 2259/2259/2259 2249/2249/2249 2250/2250/2250
f 2221/2221/2221 2229/2229/2229 2220/2220/2220
f 2263/2263/2263 2251/2251/2251 2252/2252/2252
f 2263/2263/2263 2250/2250/2250 2251/2251/2251
f 2228/2228/2228 2255/2255/2255 2256/2256/2256
f 2228/2228/2228 2257/2257/2257 2258/2258/2258
f 2218/2218/2218 2258/2258/2258 2194/2194/2194
f 2228/2228/2228 2256/2256/2256 2257/2257/2257
f 2227/2227/2227 2253/2253/2253 2254/2254/2254
f 2335/2335/2335 2290/2290/2290 2292/2292/2292 2294/2294/2294
f 2333/2333/2333 2334/2334/2334 2295/2295/2295 2296/2296/2296
f 2332/2332/2332 2333/2333/2333 2296/2296/2296 2297/2297/2297
f 2334/2334/2334 2335/2335/2335 2294/2294/2294 2295/2295/2295
f 2330/2330/2330 2331/2331/2331 2298/2298/2298 2299/2299/2299
f 2329/2329/2329 2330/2330/2330 2299/2299/2299 2300/2300/2300
f 2327/2327/2327 2328/2328/2328 2301/2301/2301 2302/2302/2302
f 2326/2326/2326 2327/2327/2327 2302/2302/2302 2303/2303/2303
f 2328/2328/2328 2329/2329/2329 2300/2300/2300 2301/2301/2301
f 2331/2331/2331 2332/2332/2332 2297/2297/2297 2298/2298/2298
f 2324/2324/2324 2325/2325/2325 2304/2304/2304 2305/2305/2305
f 2323/2323/2323 2324/2324/2324 2305/2305/2305 2306/2306/2306
f 2321/2321/2321 2322/2322/2322 2307/2307/2307 2308/2308/2308
f 2320/2320/2320 2321/2321/2321 2308/2308/2308 2309/2309/2309
f 2322/2322/2322 2323/2323/2323 2306/2306/2306 2307/2307/2307
f 2318/2318/2318 2319/2319/2319 2310/2310/2310 2311/2311/2311
f 2317/2317/2317 2318/2318/2318 2311/2311/2311 2312/2312/2312
f 2315/2315/2315 2316/2316/2316 2313/2313/2313 2314/2314/2314
f 2291/2291/2291 2315/2315/2315 2314/2314/2314 2293/2293/2293
f 2316/2316/2316 2317/2317/2317 2312/2312/2312 2313/2313/2313
f 2319/2319/2319 2320/2320/2320 2309/2309/2309 2310/2310/2310
f 2325/2325/2325 2326/2326/2326 2303/2303/2303 2304/2304/2304
f 2381/2381/2381 2340/2340/2340 2338/2338/2338 2336/2336/2336
f 2379/2379/2379 2342/2342/2342 2341/2341/2341 2380/2380/2380
f 2378/2378/2378 2343/2343/2343 2342/2342/2342 2379/2379/2379
f 2380/2380/2380 2341/2341/2341 2340/2340/2340 2381/2381/2381
f 2376/2376/2376 2345/2345/2345 2344/2344/2344 2377/2377/2377
f 2375/2375/2375 2346/2346/2346 2345/2345/2345 2376/2376/2376
f 2373/2373/2373 2348/2348/2348 2347/2347/2347 2374/2374/2374
f 2372/2372/2372 2349/2349/2349 2348/2348/2348 2373/2373/2373
f 2374/2374/2374 2347/2347/2347 2346/2346/2346 2375/2375/2375
f 2377/2377/2377 2344/2344/2344 2343/2343/2343 2378/2378/2378
f 2370/2370/2370 2351/2351/2351 2350/2350/2350 2371/2371/2371
f 2369/2369/2369 2352/2352/2352 2351/2351/2351 2370/2370/2370
f 2367/2367/2367 2354/2354/2354 2353/2353/2353 2368/2368/2368
f 2366/2366/2366 2355/2355/2355 2354/2354/2354 2367/2367/2367
f 2368/2368/2368 2353/2353/2353 2352/2352/2352 2369/2369/2369
f 2364/2364/2364 2357/2357/2357 2356/2356/2356 2365/2365/2365
f 2363/2363/2363 2358/2358/2358 2357/2357/2357 2364/2364/2364
f 2361/2361/2361 2360/2360/2360 2359/2359/2359 2362/2362/2362
f 2337/2337/2337 2339/2339/2339 2360/2360/2360 2361/2361/2361
f 2362/2362/2362 2359/2359/2359 2358/2358/2358 2363/2363/2363
f 2365/2365/2365 2356/2356/2356 2355/2355/2355 2366/2366/2366
f 2371/2371/2371 2350/2350/2350 2349/2349/2349 2372/2372/2372
f 2395/2395/2395 2382/2382/2382 2386/2386/2386
f 2394/2394/2394 2395/2395/2395 2386/2386/2386
f 2389/2389/2389 2393/2393/2393 2394/2394/2394
f 2393/2393/2393 2389/2389/2389 2383/2383/2383
f 2394/2394/2394 2391/2391/2391 2388/2388/2388 2389/2389/2389
f 2391/2391/2391 2394/2394/2394 2386/2386/2386 2387/2387/2387
f 2390/2390/2390 2387/2387/2387 2384/2384/2384
f 2391/2391/2391 2387/2387/2387 2390/2390/2390
f 2392/2392/2392 2388/2388/2388 2391/2391/2391
f 2388/2388/2388 2392/2392/2392 2385/2385/2385
f 2402/2402/2402 2408/2408/2408 2396/2396/2396
f 2401/2401/2401 2408/2408/2408 2402/2402/2402
f 2407/2407/2407 2401/2401/2401 2400/2400/2400
f 2400/2400/2400 2397/2397/2397 2407/2407/2407
f 2406/2406/2406 2401/2401/2401 2407/2407/2407
f 2409/2409/2409 2408/2408/2408 2401/2401/2401
f 2403/2403/2403 2398/2398/2398 2409/2409/2409
f 2404/2404/2404 2403/2403/2403 2409/2409/2409
f 2405/2405/2405 2404/2404/2404 2406/2406/2406
f 2404/2404/2404 2401/2401/2401 2406/2406/2406
f 2406/2406/2406 2399/2399/2399 2405/2405/2405
f 2409/2409/2409 2401/2401/2401 2404/2404/2404
f 2423/2423/2423 2410/2410/2410 2414/2414/2414
f 2422/2422/2422 2423/2423/2423 2414/2414/2414
f 2417/2417/2417 2421/2421/2421 2422/2422/2422
f 2421/2421/2421 2417/2417/2417 2411/2411/2411
f 2416/2416/2416 2417/2417/2417 2422/2422/2422
f 2415/2415/2415 2422/2422/2422 2414/2414/2414
f 2418/2418/2418 2415/2415/2415 2412/2412/2412
f 2419/2419/2419 2415/2415/2415 2418/2418/2418
f 2420/2420/2420 2416/2416/2416 2419/2419/2419
f 2419/2419/2419 2416/2416/2416 2422/2422/2422
f 2416/2416/2416 2420/2420/2420 2413/2413/2413
f 2415/2415/2415 2419/2419/2419 2422/2422/2422
f 2426/2426/2426 2457/2457/2457 2481/2481/2481 2469/2469/2469
f 2481/2481/2481 2548/2548/2548 2550/2550/2550 2549/2549/2549
f 2550/2550/2550 2551/2551/2551 2553/2553/2553 2552/2552/2552
f 2553/2553/2553 2554/2554/2554 2556/2556/2556 2555/2555/2555
f 2556/2556/2556 2557/2557/2557 2559/2559/2559 2558/2558/2558
f 2559/2559/2559 2561/2561/2561 2563/2563/2563 2562/2562/2562
f 2471/2471/2471 2467/2467/2467 2470/2470/2470
f 2427/2427/2427 2471/2471/2471 2468/2468/2468
f 2467/2467/2467 2471/2471/2471 2427/2427/2427
f 2468/2468/2468 2471/2471/2471 2474/2474/2474 2472/2472/2472
f 2471/2471/2471 2470/2470/2470 2473/2473/2473 2474/2474/2474
f 2470/2470/2470 2478/2478/2478 2480/2480/2480 2473/2473/2473
f 2478/2478/2478 2469/2469/2469 2479/2479/2479 2480/2480/2480
f 2478/2478/2478 2426/2426/2426 2469/2469/2469
f 2467/2467/2467 2478/2478/2478 2470/2470/2470
f 2426/2426/2426 2478/2478/2478 2467/2467/2467
f 2428/2428/2428 2475/2475/2475 2477/2477/2477 2476/2476/2476
f 2475/2475/2475 2427/2427/2427 2468/2468/2468 2477/2477/2477
f 2522/2522/2522 2521/2521/2521 2519/2519/2519 2520/2520/2520
f 2516/2516/2516 2510/2510/2510 2521/2521/2521 2522/2522/2522
f 2520/2520/2520 2519/2519/2519 2523/2523/2523 2524/2524/2524
f 2521/2521/2521 2476/2476/2476 2519/2519/2519
f 2428/2428/2428 2521/2521/2521 2510/2510/2510
f 2476/2476/2476 2521/2521/2521 2428/2428/2428
f 2429/2429/2429 2450/2450/2450 2458/2458/2458 2456/2456/2456
f 2456/2456/2456 2458/2458/2458 2457/2457/2457 2426/2426/2426
f 2467/2467/2467 2456/2456/2456 2426/2426/2426
f 2456/2456/2456 2430/2430/2430 2429/2429/2429
f 2430/2430/2430 2467/2467/2467 2427/2427/2427
f 2467/2467/2467 2430/2430/2430 2456/2456/2456
f 2428/2428/2428 2430/2430/2430 2475/2475/2475
f 2475/2475/2475 2430/2430/2430 2427/2427/2427
f 2515/2515/2515 2514/2514/2514 2512/2512/2512 2513/2513/2513
f 2509/2509/2509 2508/2508/2508 2514/2514/2514 2515/2515/2515
f 2518/2518/2518 2517/2517/2517 2510/2510/2510 2516/2516/2516
f 2513/2513/2513 2512/2512/2512 2517/2517/2517 2518/2518/2518
f 2517/2517/2517 2428/2428/2428 2510/2510/2510
f 2511/2511/2511 2517/2517/2517 2512/2512/2512
f 2428/2428/2428 2517/2517/2517 2511/2511/2511
f 2508/2508/2508 2511/2511/2511 2514/2514/2514
f 2514/2514/2514 2511/2511/2511 2512/2512/2512
f 2460/2460/2460 2431/2431/2431 2448/2448/2448
f 2449/2449/2449 2460/2460/2460 2451/2451/2451
f 2431/2431/2431 2460/2460/2460 2449/2449/2449
f 2453/2453/2453 2449/2449/2449 2451/2451/2451
f 2429/2429/2429 2453/2453/2453 2450/2450/2450
f 2449/2449/2449 2453/2453/2453 2429/2429/2429
f 2451/2451/2451 2452/2452/2452 2455/2455/2455 2453/2453/2453
f 2453/2453/2453 2455/2455/2455 2454/2454/2454 2450/2450/2450
f 2448/2448/2448 2459/2459/2459 2461/2461/2461 2460/2460/2460
f 2460/2460/2460 2461/2461/2461 2452/2452/2452 2451/2451/2451
f 2443/2443/2443 2439/2439/2439 2449/2449/2449
f 2449/2449/2449 2439/2439/2439 2431/2431/2431
f 2439/2439/2439 2443/2443/2443 2432/2432/2432
f 2443/2443/2443 2449/2449/2449 2429/2429/2429 2430/2430/2430
f 2440/2440/2440 2462/2462/2462 2448/2448/2448 2431/2431/2431
f 2442/2442/2442 2439/2439/2439 2432/2432/2432
f 2441/2441/2441 2442/2442/2442 2438/2438/2438
f 2439/2439/2439 2442/2442/2442 2441/2441/2441
f 2441/2441/2441 2440/2440/2440 2431/2431/2431 2439/2439/2439
f 2547/2547/2547 2560/2560/2560 2424/2424/2424
f 2562/2562/2562 2563/2563/2563 2547/2547/2547
f 2560/2560/2560 2547/2547/2547 2563/2563/2563
f 2563/2563/2563 2561/2561/2561 2560/2560/2560
f 2561/2561/2561 2559/2559/2559 2557/2557/2557
f 2569/2569/2569 2561/2561/2561 2557/2557/2557
f 2558/2558/2558 2559/2559/2559 2562/2562/2562
f 2569/2569/2569 2560/2560/2560 2561/2561/2561
f 2558/2558/2558 2562/2562/2562 2547/2547/2547
f 2568/2568/2568 2567/2567/2567 2552/2552/2552
f 2566/2566/2566 2565/2565/2565 2479/2479/2479
f 2549/2549/2549 2567/2567/2567 2566/2566/2566
f 2564/2564/2564 2479/2479/2479 2565/2565/2565
f 2564/2564/2564 2466/2466/2466 2480/2480/2480
f 2558/2558/2558 2555/2555/2555 2556/2556/2556
f 2568/2568/2568 2555/2555/2555 2558/2558/2558
f 2558/2558/2558 2547/2547/2547 2568/2568/2568
f 2556/2556/2556 2554/2554/2554 2557/2557/2557
f 2551/2551/2551 2554/2554/2554 2553/2553/2553
f 2557/2557/2557 2554/2554/2554 2569/2569/2569
f 2552/2552/2552 2553/2553/2553 2555/2555/2555
f 2551/2551/2551 2569/2569/2569 2554/2554/2554
f 2548/2548/2548 2570/2570/2570 2551/2551/2551
f 2572/2572/2572 2571/2571/2571 2548/2548/2548
f 2548/2548/2548 2571/2571/2571 2570/2570/2570
f 2569/2569/2569 2551/2551/2551 2570/2570/2570
f 2549/2549/2549 2550/2550/2550 2552/2552/2552
f 2549/2549/2549 2566/2566/2566 2479/2479/2479
f 2479/2479/2479 2469/2469/2469 2481/2481/2481 2549/2549/2549
f 2479/2479/2479 2564/2564/2564 2480/2480/2480
f 2457/2457/2457 2548/2548/2548 2481/2481/2481
f 2457/2457/2457 2572/2572/2572 2548/2548/2548
f 2548/2548/2548 2551/2551/2551 2550/2550/2550
f 2567/2567/2567 2549/2549/2549 2552/2552/2552
f 2457/2457/2457 2573/2573/2573 2572/2572/2572
f 2552/2552/2552 2555/2555/2555 2568/2568/2568
f 2480/2480/2480 2466/2466/2466 2465/2465/2465 2473/2473/2473
f 2473/2473/2473 2465/2465/2465 2464/2464/2464
f 2533/2533/2533 2472/2472/2472 2474/2474/2474 2463/2463/2463
f 2463/2463/2463 2474/2474/2474 2464/2464/2464
f 2531/2531/2531 2472/2472/2472 2532/2532/2532
f 2472/2472/2472 2533/2533/2533 2532/2532/2532
f 2473/2473/2473 2464/2464/2464 2474/2474/2474
f 2477/2477/2477 2531/2531/2531 2530/2530/2530
f 2476/2476/2476 2529/2529/2529 2528/2528/2528
f 2529/2529/2529 2476/2476/2476 2530/2530/2530
f 2525/2525/2525 2524/2524/2524 2523/2523/2523 2526/2526/2526
f 2425/2425/2425 2507/2507/2507 2525/2525/2525
f 2525/2525/2525 2507/2507/2507 2524/2524/2524
f 2527/2527/2527 2526/2526/2526 2523/2523/2523
f 2528/2528/2528 2527/2527/2527 2523/2523/2523
f 2477/2477/2477 2472/2472/2472 2531/2531/2531
f 2477/2477/2477 2530/2530/2530 2476/2476/2476
f 2523/2523/2523 2476/2476/2476 2528/2528/2528
f 2468/2468/2468 2472/2472/2472 2477/2477/2477
f 2523/2523/2523 2519/2519/2519 2476/2476/2476
f 2524/2524/2524 2506/2506/2506 2505/2505/2505 2520/2520/2520
f 2503/2503/2503 2520/2520/2520 2504/2504/2504
f 2505/2505/2505 2504/2504/2504 2520/2520/2520
f 2522/2522/2522 2502/2502/2502 2501/2501/2501 2516/2516/2516
f 2516/2516/2516 2501/2501/2501 2500/2500/2500
f 2516/2516/2516 2500/2500/2500 2499/2499/2499 2518/2518/2518
f 2503/2503/2503 2502/2502/2502 2522/2522/2522
f 2522/2522/2522 2520/2520/2520 2503/2503/2503
f 2507/2507/2507 2506/2506/2506 2524/2524/2524
f 2458/2458/2458 2574/2574/2574 2573/2573/2573 2457/2457/2457
f 2458/2458/2458 2576/2576/2576 2575/2575/2575
f 2458/2458/2458 2575/2575/2575 2574/2574/2574
f 2577/2577/2577 2454/2454/2454 2455/2455/2455 2578/2578/2578
f 2452/2452/2452 2445/2445/2445 2444/2444/2444
f 2578/2578/2578 2455/2455/2455 2452/2452/2452 2444/2444/2444
f 2454/2454/2454 2577/2577/2577 2576/2576/2576
f 2454/2454/2454 2458/2458/2458 2450/2450/2450
f 2576/2576/2576 2458/2458/2458 2454/2454/2454
f 2461/2461/2461 2447/2447/2447 2446/2446/2446
f 2452/2452/2452 2461/2461/2461 2446/2446/2446
f 2447/2447/2447 2461/2461/2461 2459/2459/2459 2541/2541/2541
f 2445/2445/2445 2452/2452/2452 2446/2446/2446
f 2459/2459/2459 2543/2543/2543 2542/2542/2542
f 2543/2543/2543 2462/2462/2462 2544/2544/2544
f 2462/2462/2462 2543/2543/2543 2459/2459/2459
f 2541/2541/2541 2459/2459/2459 2542/2542/2542
f 2482/2482/2482 2433/2433/2433 2545/2545/2545
f 2462/2462/2462 2482/2482/2482 2545/2545/2545
f 2544/2544/2544 2462/2462/2462 2545/2545/2545
f 2462/2462/2462 2483/2483/2483 2482/2482/2482
f 2459/2459/2459 2448/2448/2448 2462/2462/2462
f 2441/2441/2441 2487/2487/2487 2486/2486/2486 2440/2440/2440
f 2440/2440/2440 2485/2485/2485 2484/2484/2484 2462/2462/2462
f 2441/2441/2441 2488/2488/2488 2487/2487/2487
f 2440/2440/2440 2486/2486/2486 2485/2485/2485
f 2484/2484/2484 2483/2483/2483 2462/2462/2462
f 2489/2489/2489 2488/2488/2488 2441/2441/2441
f 2513/2513/2513 2496/2496/2496 2495/2495/2495 2515/2515/2515
f 2518/2518/2518 2498/2498/2498 2497/2497/2497 2513/2513/2513
f 2546/2546/2546 2430/2430/2430 2508/2508/2508
f 2539/2539/2539 2430/2430/2430 2540/2540/2540
f 2492/2492/2492 2546/2546/2546 2508/2508/2508
f 2508/2508/2508 2430/2430/2430 2511/2511/2511
f 2546/2546/2546 2540/2540/2540 2430/2430/2430
f 2511/2511/2511 2430/2430/2430 2428/2428/2428
f 2498/2498/2498 2518/2518/2518 2499/2499/2499
f 2496/2496/2496 2513/2513/2513 2497/2497/2497
f 2495/2495/2495 2494/2494/2494 2515/2515/2515
f 2509/2509/2509 2494/2494/2494 2493/2493/2493
f 2509/2509/2509 2493/2493/2493 2492/2492/2492
f 2492/2492/2492 2508/2508/2508 2509/2509/2509
f 2515/2515/2515 2494/2494/2494 2509/2509/2509
f 2537/2537/2537 2443/2443/2443 2538/2538/2538
f 2443/2443/2443 2539/2539/2539 2538/2538/2538
f 2443/2443/2443 2537/2537/2537 2536/2536/2536 2432/2432/2432
f 2430/2430/2430 2539/2539/2539 2443/2443/2443
f 2438/2438/2438 2490/2490/2490 2489/2489/2489
f 2432/2432/2432 2536/2536/2536 2535/2535/2535 2442/2442/2442
f 2442/2442/2442 2437/2437/2437 2436/2436/2436 2438/2438/2438
f 2490/2490/2490 2438/2438/2438 2434/2434/2434
f 2442/2442/2442 2535/2535/2535 2437/2437/2437
f 2438/2438/2438 2436/2436/2436 2435/2435/2435
f 2490/2490/2490 2434/2434/2434 2534/2534/2534
f 2490/2490/2490 2534/2534/2534 2491/2491/2491
f 2434/2434/2434 2438/2438/2438 2435/2435/2435
f 2438/2438/2438 2489/2489/2489 2441/2441/2441
f 2581/2581/2581 2693/2693/2693 2818/2818/2818 2816/2816/2816
f 2818/2818/2818 2819/2819/2819 2821/2821/2821 2820/2820/2820
f 2821/2821/2821 2822/2822/2822 2824/2824/2824 2823/2823/2823
f 2824/2824/2824 2825/2825/2825 2827/2827/2827 2826/2826/2826
f 2582/2582/2582 2702/2702/2702 2817/2817/2817 2814/2814/2814
f 2702/2702/2702 2581/2581/2581 2816/2816/2816 2817/2817/2817
f 2583/2583/2583 2711/2711/2711 2815/2815/2815 2812/2812/2812
f 2711/2711/2711 2582/2582/2582 2814/2814/2814 2815/2815/2815
f 2584/2584/2584 2720/2720/2720 2813/2813/2813 2810/2810/2810
f 2720/2720/2720 2583/2583/2583 2812/2812/2812 2813/2813/2813
f 2585/2585/2585 2729/2729/2729 2811/2811/2811 2808/2808/2808
f 2729/2729/2729 2584/2584/2584 2810/2810/2810 2811/2811/2811
f 2586/2586/2586 2738/2738/2738 2809/2809/2809 2806/2806/2806
f 2738/2738/2738 2585/2585/2585 2808/2808/2808 2809/2809/2809
f 2587/2587/2587 2747/2747/2747 2807/2807/2807 2804/2804/2804
f 2747/2747/2747 2586/2586/2586 2806/2806/2806 2807/2807/2807
f 2755/2755/2755 2587/2587/2587 2804/2804/2804 2805/2805/2805
f 2698/2698/2698 2700/2700/2700 2699/2699/2699 2692/2692/2692
f 2700/2700/2700 2695/2695/2695 2694/2694/2694 2699/2699/2699
f 2699/2699/2699 2581/2581/2581 2692/2692/2692
f 2693/2693/2693 2699/2699/2699 2694/2694/2694
f 2581/2581/2581 2699/2699/2699 2693/2693/2693
f 2695/2695/2695 2697/2697/2697 2696/2696/2696 2694/2694/2694
f 2707/2707/2707 2709/2709/2709 2708/2708/2708 2701/2701/2701
f 2709/2709/2709 2704/2704/2704 2703/2703/2703 2708/2708/2708
f 2708/2708/2708 2582/2582/2582 2701/2701/2701
f 2702/2702/2702 2708/2708/2708 2703/2703/2703
f 2582/2582/2582 2708/2708/2708 2702/2702/2702
f 2705/2705/2705 2702/2702/2702 2703/2703/2703
f 2581/2581/2581 2705/2705/2705 2692/2692/2692
f 2702/2702/2702 2705/2705/2705 2581/2581/2581
f 2704/2704/2704 2706/2706/2706 2705/2705/2705 2703/2703/2703
f 2706/2706/2706 2698/2698/2698 2692/2692/2692 2705/2705/2705
f 2716/2716/2716 2718/2718/2718 2717/2717/2717 2710/2710/2710
f 2718/2718/2718 2713/2713/2713 2712/2712/2712 2717/2717/2717
f 2717/2717/2717 2583/2583/2583 2710/2710/2710
f 2711/2711/2711 2717/2717/2717 2712/2712/2712
f 2583/2583/2583 2717/2717/2717 2711/2711/2711
f 2714/2714/2714 2711/2711/2711 2712/2712/2712
f 2582/2582/2582 2714/2714/2714 2701/2701/2701
f 2711/2711/2711 2714/2714/2714 2582/2582/2582
f 2713/2713/2713 2715/2715/2715 2714/2714/2714 2712/2712/2712
f 2715/2715/2715 2707/2707/2707 2701/2701/2701 2714/2714/2714
f 2725/2725/2725 2727/2727/2727 2726/2726/2726 2719/2719/2719
f 2727/2727/2727 2722/2722/2722 2721/2721/2721 2726/2726/2726
f 2726/2726/2726 2584/2584/2584 2719/2719/2719
f 2720/2720/2720 2726/2726/2726 2721/2721/2721
f 2584/2584/2584 2726/2726/2726 2720/2720/2720
f 2723/2723/2723 2720/2720/2720 2721/2721/2721
f 2583/2583/2583 2723/2723/2723 2710/2710/2710
f 2720/2720/2720 2723/2723/2723 2583/2583/2583
f 2722/2722/2722 2724/2724/2724 2723/2723/2723 2721/2721/2721
f 2724/2724/2724 2716/2716/2716 2710/2710/2710 2723/2723/2723
f 2734/2734/2734 2736/2736/2736 2735/2735/2735 2728/2728/2728
f 2736/2736/2736 2731/2731/2731 2730/2730/2730 2735/2735/2735
f 2735/2735/2735 2585/2585/2585 2728/2728/2728
f 2729/2729/2729 2735/2735/2735 2730/2730/2730
f 2585/2585/2585 2735/2735/2735 2729/2729/2729
f 2732/2732/2732 2729/2729/2729 2730/2730/2730
f 2584/2584/2584 2732/2732/2732 2719/2719/2719
f 2729/2729/2729 2732/2732/2732 2584/2584/2584
f 2731/2731/2731 2733/2733/2733 2732/2732/2732 2730/2730/2730
f 2733/2733/2733 2725/2725/2725 2719/2719/2719 2732/2732/2732
f 2743/2743/2743 2745/2745/2745 2744/2744/2744 2737/2737/2737
f 2745/2745/2745 2740/2740/2740 2739/2739/2739 2744/2744/2744
f 2744/2744/2744 2586/2586/2586 2737/2737/2737
f 2738/2738/2738 2744/2744/2744 2739/2739/2739
f 2586/2586/2586 2744/2744/2744 2738/2738/2738
f 2741/2741/2741 2738/2738/2738 2739/2739/2739
f 2585/2585/2585 2741/2741/2741 2728/2728/2728
f 2738/2738/2738 2741/2741/2741 2585/2585/2585
f 2740/2740/2740 2742/2742/2742 2741/2741/2741 2739/2739/2739
f 2742/2742/2742 2734/2734/2734 2728/2728/2728 2741/2741/2741
f 2752/2752/2752 2754/2754/2754 2753/2753/2753 2746/2746/2746
f 2754/2754/2754 2749/2749/2749 2748/2748/2748 2753/2753/2753
f 2753/2753/2753 2587/2587/2587 2746/2746/2746
f 2747/2747/2747 2753/2753/2753 2748/2748/2748
f 2587/2587/2587 2753/2753/2753 2747/2747/2747
f 2750/2750/2750 2747/2747/2747 2748/2748/2748
f 2586/2586/2586 2750/2750/2750 2737/2737/2737
f 2747/2747/2747 2750/2750/2750 2586/2586/2586
f 2749/2749/2749 2751/2751/2751 2750/2750/2750 2748/2748/2748
f 2751/2751/2751 2743/2743/2743 2737/2737/2737 2750/2750/2750
f 2761/2761/2761 2757/2757/2757 2756/2756/2756 2760/2760/2760
f 2758/2758/2758 2755/2755/2755 2756/2756/2756
f 2587/2587/2587 2758/2758/2758 2746/2746/2746
f 2755/2755/2755 2758/2758/2758 2587/2587/2587
f 2757/2757/2757 2759/2759/2759 2758/2758/2758 2756/2756/2756
f 2759/2759/2759 2752/2752/2752 2746/2746/2746 2758/2758/2758
f 2827/2827/2827 2579/2579/2579 2803/2803/2803
f 2802/2802/2802 2826/2826/2826 2827/2827/2827 2803/2803/2803
f 2801/2801/2801 2800/2800/2800 2820/2820/2820
f 2800/2800/2800 2799/2799/2799 2820/2820/2820
f 2801/2801/2801 2823/2823/2823 2802/2802/2802
f 2579/2579/2579 2827/2827/2827 2825/2825/2825
f 2826/2826/2826 2802/2802/2802 2823/2823/2823
f 2820/2820/2820 2823/2823/2823 2801/2801/2801
f 2824/2824/2824 2826/2826/2826 2823/2823/2823
f 2798/2798/2798 2816/2816/2816 2799/2799/2799
f 2822/2822/2822 2825/2825/2825 2824/2824/2824
f 2816/2816/2816 2798/2798/2798 2797/2797/2797
f 2696/2696/2696 2588/2588/2588 2822/2822/2822
f 2588/2588/2588 2825/2825/2825 2822/2822/2822
f 2797/2797/2797 2796/2796/2796 2817/2817/2817
f 2796/2796/2796 2795/2795/2795 2817/2817/2817
f 2794/2794/2794 2793/2793/2793 2814/2814/2814
f 2793/2793/2793 2792/2792/2792 2814/2814/2814
f 2817/2817/2817 2795/2795/2795 2794/2794/2794
f 2791/2791/2791 2790/2790/2790 2815/2815/2815
f 2790/2790/2790 2789/2789/2789 2815/2815/2815
f 2788/2788/2788 2787/2787/2787 2812/2812/2812
f 2786/2786/2786 2785/2785/2785 2813/2813/2813
f 2812/2812/2812 2787/2787/2787 2786/2786/2786
f 2812/2812/2812 2789/2789/2789 2788/2788/2788
f 2814/2814/2814 2792/2792/2792 2791/2791/2791
f 2822/2822/2822 2821/2821/2821 2819/2819/2819
f 2823/2823/2823 2820/2820/2820 2821/2821/2821
f 2819/2819/2819 2818/2818/2818 2693/2693/2693
f 2820/2820/2820 2816/2816/2816 2818/2818/2818
f 2693/2693/2693 2696/2696/2696 2819/2819/2819
f 2797/2797/2797 2817/2817/2817 2816/2816/2816
f 2696/2696/2696 2697/2697/2697 2588/2588/2588
f 2693/2693/2693 2694/2694/2694 2696/2696/2696
f 2700/2700/2700 2598/2598/2598 2597/2597/2597 2695/2695/2695
f 2706/2706/2706 2604/2604/2604 2603/2603/2603 2698/2698/2698
f 2698/2698/2698 2601/2601/2601 2600/2600/2600 2700/2700/2700
f 2695/2695/2695 2594/2594/2594 2593/2593/2593 2697/2697/2697
f 2696/2696/2696 2822/2822/2822 2819/2819/2819
f 2817/2817/2817 2794/2794/2794 2814/2814/2814
f 2815/2815/2815 2789/2789/2789 2812/2812/2812
f 2812/2812/2812 2786/2786/2786 2813/2813/2813
f 2814/2814/2814 2791/2791/2791 2815/2815/2815
f 2707/2707/2707 2614/2614/2614 2613/2613/2613 2709/2709/2709
f 2715/2715/2715 2617/2617/2617 2616/2616/2616 2707/2707/2707
f 2718/2718/2718 2623/2623/2623 2622/2622/2622 2713/2713/2713
f 2724/2724/2724 2630/2630/2630 2629/2629/2629 2716/2716/2716
f 2716/2716/2716 2627/2627/2627 2626/2626/2626 2718/2718/2718
f 2713/2713/2713 2620/2620/2620 2619/2619/2619 2715/2715/2715
f 2709/2709/2709 2610/2610/2610 2609/2609/2609 2704/2704/2704
f 2704/2704/2704 2607/2607/2607 2606/2606/2606 2706/2706/2706
f 2816/2816/2816 2820/2820/2820 2799/2799/2799
f 2579/2579/2579 2825/2825/2825 2588/2588/2588
f 2784/2784/2784 2813/2813/2813 2785/2785/2785
f 2783/2783/2783 2813/2813/2813 2784/2784/2784
f 2810/2810/2810 2783/2783/2783 2782/2782/2782
f 2811/2811/2811 2781/2781/2781 2780/2780/2780
f 2811/2811/2811 2780/2780/2780 2779/2779/2779
f 2781/2781/2781 2810/2810/2810 2782/2782/2782
f 2778/2778/2778 2811/2811/2811 2779/2779/2779
f 2810/2810/2810 2781/2781/2781 2811/2811/2811
f 2808/2808/2808 2778/2778/2778 2777/2777/2777
f 2777/2777/2777 2776/2776/2776 2808/2808/2808
f 2775/2775/2775 2774/2774/2774 2809/2809/2809
f 2808/2808/2808 2776/2776/2776 2775/2775/2775
f 2773/2773/2773 2809/2809/2809 2774/2774/2774
f 2813/2813/2813 2783/2783/2783 2810/2810/2810
f 2773/2773/2773 2772/2772/2772 2806/2806/2806
f 2772/2772/2772 2771/2771/2771 2806/2806/2806
f 2770/2770/2770 2769/2769/2769 2807/2807/2807
f 2769/2769/2769 2768/2768/2768 2807/2807/2807
f 2806/2806/2806 2771/2771/2771 2770/2770/2770
f 2767/2767/2767 2766/2766/2766 2804/2804/2804
f 2766/2766/2766 2765/2765/2765 2804/2804/2804
f 2764/2764/2764 2763/2763/2763 2805/2805/2805
f 2762/2762/2762 2580/2580/2580 2805/2805/2805
f 2805/2805/2805 2763/2763/2763 2762/2762/2762
f 2805/2805/2805 2765/2765/2765 2764/2764/2764
f 2804/2804/2804 2768/2768/2768 2767/2767/2767
f 2811/2811/2811 2778/2778/2778 2808/2808/2808
f 2727/2727/2727 2636/2636/2636 2635/2635/2635 2722/2722/2722
f 2725/2725/2725 2639/2639/2639 2638/2638/2638 2727/2727/2727
f 2775/2775/2775 2809/2809/2809 2808/2808/2808
f 2773/2773/2773 2806/2806/2806 2809/2809/2809
f 2731/2731/2731 2646/2646/2646 2645/2645/2645 2733/2733/2733
f 2736/2736/2736 2649/2649/2649 2648/2648/2648 2731/2731/2731
f 2742/2742/2742 2655/2655/2655 2654/2654/2654 2734/2734/2734
f 2745/2745/2745 2662/2662/2662 2661/2661/2661 2740/2740/2740
f 2740/2740/2740 2659/2659/2659 2658/2658/2658 2742/2742/2742
f 2734/2734/2734 2652/2652/2652 2651/2651/2651 2736/2736/2736
f 2733/2733/2733 2643/2643/2643 2642/2642/2642 2725/2725/2725
f 2768/2768/2768 2804/2804/2804 2807/2807/2807
f 2765/2765/2765 2805/2805/2805 2804/2804/2804
f 2760/2760/2760 2756/2756/2756 2755/2755/2755
f 2755/2755/2755 2580/2580/2580 2760/2760/2760
f 2805/2805/2805 2580/2580/2580 2755/2755/2755
f 2751/2751/2751 2668/2668/2668 2667/2667/2667 2743/2743/2743
f 2749/2749/2749 2672/2672/2672 2671/2671/2671 2751/2751/2751
f 2752/2752/2752 2678/2678/2678 2677/2677/2677 2754/2754/2754
f 2757/2757/2757 2684/2684/2684 2683/2683/2683 2759/2759/2759
f 2759/2759/2759 2681/2681/2681 2680/2680/2680 2752/2752/2752
f 2754/2754/2754 2675/2675/2675 2674/2674/2674 2749/2749/2749
f 2743/2743/2743 2665/2665/2665 2664/2664/2664 2745/2745/2745
f 2770/2770/2770 2807/2807/2807 2806/2806/2806
f 2589/2589/2589 2760/2760/2760 2580/2580/2580
f 2722/2722/2722 2633/2633/2633 2632/2632/2632 2724/2724/2724
f 2590/2590/2590 2697/2697/2697 2591/2591/2591
f 2591/2591/2591 2697/2697/2697 2592/2592/2592
f 2594/2594/2594 2695/2695/2695 2595/2595/2595
f 2592/2592/2592 2697/2697/2697 2593/2593/2593
f 2596/2596/2596 2695/2695/2695 2597/2597/2597
f 2599/2599/2599 2700/2700/2700 2600/2600/2600
f 2601/2601/2601 2698/2698/2698 2602/2602/2602
f 2598/2598/2598 2700/2700/2700 2599/2599/2599
f 2595/2595/2595 2695/2695/2695 2596/2596/2596
f 2604/2604/2604 2706/2706/2706 2605/2605/2605
f 2607/2607/2607 2704/2704/2704 2608/2608/2608
f 2605/2605/2605 2706/2706/2706 2606/2606/2606
f 2610/2610/2610 2709/2709/2709 2611/2611/2611
f 2612/2612/2612 2709/2709/2709 2613/2613/2613
f 2614/2614/2614 2707/2707/2707 2615/2615/2615
f 2611/2611/2611 2709/2709/2709 2612/2612/2612
f 2608/2608/2608 2704/2704/2704 2609/2609/2609
f 2602/2602/2602 2698/2698/2698 2603/2603/2603
f 2617/2617/2617 2715/2715/2715 2618/2618/2618
f 2620/2620/2620 2713/2713/2713 2621/2621/2621
f 2618/2618/2618 2715/2715/2715 2619/2619/2619
f 2623/2623/2623 2718/2718/2718 2624/2624/2624
f 2625/2625/2625 2718/2718/2718 2626/2626/2626
f 2627/2627/2627 2716/2716/2716 2628/2628/2628
f 2624/2624/2624 2718/2718/2718 2625/2625/2625
f 2621/2621/2621 2713/2713/2713 2622/2622/2622
f 2630/2630/2630 2724/2724/2724 2631/2631/2631
f 2633/2633/2633 2722/2722/2722 2634/2634/2634
f 2631/2631/2631 2724/2724/2724 2632/2632/2632
f 2636/2636/2636 2727/2727/2727 2637/2637/2637
f 2640/2640/2640 2725/2725/2725 2641/2641/2641
f 2639/2639/2639 2725/2725/2725 2640/2640/2640
f 2637/2637/2637 2727/2727/2727 2638/2638/2638
f 2634/2634/2634 2722/2722/2722 2635/2635/2635
f 2628/2628/2628 2716/2716/2716 2629/2629/2629
f 2615/2615/2615 2707/2707/2707 2616/2616/2616
f 2643/2643/2643 2733/2733/2733 2644/2644/2644
f 2646/2646/2646 2731/2731/2731 2647/2647/2647
f 2644/2644/2644 2733/2733/2733 2645/2645/2645
f 2649/2649/2649 2736/2736/2736 2650/2650/2650
f 2653/2653/2653 2734/2734/2734 2654/2654/2654
f 2652/2652/2652 2734/2734/2734 2653/2653/2653
f 2650/2650/2650 2736/2736/2736 2651/2651/2651
f 2647/2647/2647 2731/2731/2731 2648/2648/2648
f 2655/2655/2655 2742/2742/2742 2656/2656/2656
f 2656/2656/2656 2742/2742/2742 2657/2657/2657
f 2658/2658/2658 2657/2657/2657 2742/2742/2742
f 2740/2740/2740 2660/2660/2660 2659/2659/2659
f 2660/2660/2660 2740/2740/2740 2661/2661/2661
f 2663/2663/2663 2745/2745/2745 2664/2664/2664
f 2665/2665/2665 2743/2743/2743 2666/2666/2666
f 2662/2662/2662 2745/2745/2745 2663/2663/2663
f 2743/2743/2743 2667/2667/2667 2666/2666/2666
f 2642/2642/2642 2641/2641/2641 2725/2725/2725
f 2668/2668/2668 2751/2751/2751 2669/2669/2669
f 2670/2670/2670 2751/2751/2751 2671/2671/2671
f 2669/2669/2669 2751/2751/2751 2670/2670/2670
f 2673/2673/2673 2749/2749/2749 2674/2674/2674
f 2676/2676/2676 2754/2754/2754 2677/2677/2677
f 2678/2678/2678 2752/2752/2752 2679/2679/2679
f 2675/2675/2675 2754/2754/2754 2676/2676/2676
f 2672/2672/2672 2749/2749/2749 2673/2673/2673
f 2681/2681/2681 2759/2759/2759 2682/2682/2682
f 2685/2685/2685 2757/2757/2757 2686/2686/2686
f 2684/2684/2684 2757/2757/2757 2685/2685/2685
f 2682/2682/2682 2759/2759/2759 2683/2683/2683
f 2761/2761/2761 2688/2688/2688 2687/2687/2687 2757/2757/2757
f 2761/2761/2761 2690/2690/2690 2689/2689/2689
f 2761/2761/2761 2589/2589/2589 2691/2691/2691
f 2761/2761/2761 2691/2691/2691 2690/2690/2690
f 2761/2761/2761 2689/2689/2689 2688/2688/2688
f 2686/2686/2686 2757/2757/2757 2687/2687/2687
f 2679/2679/2679 2752/2752/2752 2680/2680/2680
f 2760/2760/2760 2589/2589/2589 2761/2761/2761
f 2588/2588/2588 2697/2697/2697 2590/2590/2590
f 2936/2936/2936 2938/2938/2938 2937/2937/2937 2928/2928/2928
f 2938/2938/2938 2933/2933/2933 2930/2930/2930 2937/2937/2937
f 2937/2937/2937 2832/2832/2832 2928/2928/2928
f 2929/2929/2929 2937/2937/2937 2930/2930/2930
f 2832/2832/2832 2937/2937/2937 2929/2929/2929
f 2934/2934/2934 2929/2929/2929 2930/2930/2930
f 2833/2833/2833 2934/2934/2934 2919/2919/2919
f 2929/2929/2929 2934/2934/2934 2833/2833/2833
f 2933/2933/2933 2935/2935/2935 2934/2934/2934 2930/2930/2930
f 2935/2935/2935 2925/2925/2925 2919/2919/2919 2934/2934/2934
f 2832/2832/2832 2929/2929/2929 3056/3056/3056 3053/3053/3053
f 2929/2929/2929 2833/2833/2833 3055/3055/3055 3056/3056/3056
f 2833/2833/2833 2920/2920/2920 3057/3057/3057 3055/3055/3055
f 2925/2925/2925 2927/2927/2927 2926/2926/2926 2919/2919/2919
f 2927/2927/2927 2922/2922/2922 2921/2921/2921 2926/2926/2926
f 2926/2926/2926 2833/2833/2833 2919/2919/2919
f 2920/2920/2920 2926/2926/2926 2921/2921/2921
f 2833/2833/2833 2926/2926/2926 2920/2920/2920
f 2922/2922/2922 2924/2924/2924 2923/2923/2923 2921/2921/2921
f 2956/2956/2956 2958/2958/2958 2957/2957/2957 2948/2948/2948
f 2958/2958/2958 2953/2953/2953 2950/2950/2950 2957/2957/2957
f 2957/2957/2957 2931/2931/2931 2948/2948/2948
f 2949/2949/2949 2957/2957/2957 2950/2950/2950
f 2931/2931/2931 2957/2957/2957 2949/2949/2949
f 2954/2954/2954 2949/2949/2949 2950/2950/2950
f 2932/2932/2932 2954/2954/2954 2939/2939/2939
f 2949/2949/2949 2954/2954/2954 2932/2932/2932
f 2953/2953/2953 2955/2955/2955 2954/2954/2954 2950/2950/2950
f 2955/2955/2955 2945/2945/2945 2939/2939/2939 2954/2954/2954
f 2931/2931/2931 2949/2949/2949 3052/3052/3052 3049/3049/3049
f 2949/2949/2949 2932/2932/2932 3051/3051/3051 3052/3052/3052
f 2932/2932/2932 2940/2940/2940 3054/3054/3054 3051/3051/3051
f 2940/2940/2940 2832/2832/2832 3053/3053/3053 3054/3054/3054
f 2945/2945/2945 2947/2947/2947 2946/2946/2946 2939/2939/2939
f 2947/2947/2947 2942/2942/2942 2941/2941/2941 2946/2946/2946
f 2946/2946/2946 2932/2932/2932 2939/2939/2939
f 2940/2940/2940 2946/2946/2946 2941/2941/2941
f 2932/2932/2932 2946/2946/2946 2940/2940/2940
f 2943/2943/2943 2940/2940/2940 2941/2941/2941
f 2832/2832/2832 2943/2943/2943 2928/2928/2928
f 2940/2940/2940 2943/2943/2943 2832/2832/2832
f 2942/2942/2942 2944/2944/2944 2943/2943/2943 2941/2941/2941
f 2944/2944/2944 2936/2936/2936 2928/2928/2928 2943/2943/2943
f 2975/2975/2975 2977/2977/2977 2976/2976/2976 2968/2968/2968
f 2977/2977/2977 2972/2972/2972 2970/2970/2970 2976/2976/2976
f 2976/2976/2976 2951/2951/2951 2968/2968/2968
f 2969/2969/2969 2976/2976/2976 2970/2970/2970
f 2951/2951/2951 2976/2976/2976 2969/2969/2969
f 2973/2973/2973 2969/2969/2969 2970/2970/2970
f 2952/2952/2952 2973/2973/2973 2959/2959/2959
f 2969/2969/2969 2973/2973/2973 2952/2952/2952
f 2972/2972/2972 2974/2974/2974 2973/2973/2973 2970/2970/2970
f 2974/2974/2974 2965/2965/2965 2959/2959/2959 2973/2973/2973
f 2951/2951/2951 2969/2969/2969 3048/3048/3048 3045/3045/3045
f 2969/2969/2969 2952/2952/2952 3047/3047/3047 3048/3048/3048
f 2952/2952/2952 2960/2960/2960 3050/3050/3050 3047/3047/3047
f 2960/2960/2960 2931/2931/2931 3049/3049/3049 3050/3050/3050
f 2965/2965/2965 2967/2967/2967 2966/2966/2966 2959/2959/2959
f 2967/2967/2967 2962/2962/2962 2961/2961/2961 2966/2966/2966
f 2966/2966/2966 2952/2952/2952 2959/2959/2959
f 2960/2960/2960 2966/2966/2966 2961/2961/2961
f 2952/2952/2952 2966/2966/2966 2960/2960/2960
f 2963/2963/2963 2960/2960/2960 2961/2961/2961
f 2931/2931/2931 2963/2963/2963 2948/2948/2948
f 2960/2960/2960 2963/2963/2963 2931/2931/2931
f 2962/2962/2962 2964/2964/2964 2963/2963/2963 2961/2961/2961
f 2964/2964/2964 2956/2956/2956 2948/2948/2948 2963/2963/2963
f 2993/2993/2993 2989/2989/2989 2988/2988/2988 2992/2992/2992
f 2990/2990/2990 2987/2987/2987 2988/2988/2988
f 2971/2971/2971 2990/2990/2990 2978/2978/2978
f 2987/2987/2987 2990/2990/2990 2971/2971/2971
f 2989/2989/2989 2991/2991/2991 2990/2990/2990 2988/2988/2988
f 2991/2991/2991 2984/2984/2984 2978/2978/2978 2990/2990/2990
f 3003/3003/3003 3002/3002/3002 3004/3004/3004 3005/3005/3005
f 3000/3000/3000 2999/2999/2999 3001/3001/3001 3002/3002/3002
f 2997/2997/2997 2996/2996/2996 2998/2998/2998 2999/2999/2999
f 2987/2987/2987 2971/2971/2971 2995/2995/2995 2996/2996/2996
f 2971/2971/2971 2979/2979/2979 3046/3046/3046 2995/2995/2995
f 2979/2979/2979 2951/2951/2951 3045/3045/3045 3046/3046/3046
f 2984/2984/2984 2986/2986/2986 2985/2985/2985 2978/2978/2978
f 2986/2986/2986 2981/2981/2981 2980/2980/2980 2985/2985/2985
f 2985/2985/2985 2971/2971/2971 2978/2978/2978
f 2979/2979/2979 2985/2985/2985 2980/2980/2980
f 2971/2971/2971 2985/2985/2985 2979/2979/2979
f 2982/2982/2982 2979/2979/2979 2980/2980/2980
f 2951/2951/2951 2982/2982/2982 2968/2968/2968
f 2979/2979/2979 2982/2982/2982 2951/2951/2951
f 2981/2981/2981 2983/2983/2983 2982/2982/2982 2980/2980/2980
f 2983/2983/2983 2975/2975/2975 2968/2968/2968 2982/2982/2982
f 3057/3057/3057 2828/2828/2828 3044/3044/3044
f 3057/3057/3057 3043/3043/3043 3042/3042/3042
f 3057/3057/3057 3042/3042/3042 3041/3041/3041
f 3043/3043/3043 3057/3057/3057 3044/3044/3044
f 3040/3040/3040 3055/3055/3055 3041/3041/3041
f 3057/3057/3057 3041/3041/3041 3055/3055/3055
f 3039/3039/3039 3055/3055/3055 3040/3040/3040
f 3039/3039/3039 3038/3038/3038 3056/3056/3056
f 3038/3038/3038 3037/3037/3037 3056/3056/3056
f 3036/3036/3036 3056/3056/3056 3037/3037/3037
f 3057/3057/3057 2920/2920/2920 2828/2828/2828
f 3036/3036/3036 3035/3035/3035 3053/3053/3053
f 3035/3035/3035 3034/3034/3034 3053/3053/3053
f 3033/3033/3033 3032/3032/3032 3054/3054/3054
f 3032/3032/3032 3031/3031/3031 3054/3054/3054
f 3054/3054/3054 3034/3034/3034 3033/3033/3033
f 3030/3030/3030 3029/3029/3029 3051/3051/3051
f 3029/3029/3029 3028/3028/3028 3052/3052/3052
f 3027/3027/3027 3026/3026/3026 3052/3052/3052
f 3026/3026/3026 3025/3025/3025 3049/3049/3049
f 3052/3052/3052 3028/3028/3028 3027/3027/3027
f 3051/3051/3051 3031/3031/3031 3030/3030/3030
f 3055/3055/3055 3039/3039/3039 3056/3056/3056
f 2923/2923/2923 2920/2920/2920 2921/2921/2921
f 2828/2828/2828 2920/2920/2920 2923/2923/2923
f 2923/2923/2923 2924/2924/2924 2830/2830/2830
f 3036/3036/3036 3053/3053/3053 3056/3056/3056
f 2927/2927/2927 2840/2840/2840 2839/2839/2839 2922/2922/2922
f 2925/2925/2925 2843/2843/2843 2842/2842/2842 2927/2927/2927
f 2933/2933/2933 2848/2848/2848 2847/2847/2847 2935/2935/2935
f 2938/2938/2938 2851/2851/2851 2850/2850/2850 2933/2933/2933
f 2935/2935/2935 2846/2846/2846 2845/2845/2845 2925/2925/2925
f 2922/2922/2922 2838/2838/2838 2837/2837/2837 2924/2924/2924
f 2944/2944/2944 2856/2856/2856 2855/2855/2855 2936/2936/2936
f 3029/3029/3029 3052/3052/3052 3051/3051/3051
f 3026/3026/3026 3049/3049/3049 3052/3052/3052
f 3031/3031/3031 3051/3051/3051 3054/3054/3054
f 2947/2947/2947 2862/2862/2862 2861/2861/2861 2942/2942/2942
f 2945/2945/2945 2864/2864/2864 2863/2863/2863 2947/2947/2947
f 2953/2953/2953 2870/2870/2870 2869/2869/2869 2955/2955/2955
f 2958/2958/2958 2872/2872/2872 2871/2871/2871 2953/2953/2953
f 2955/2955/2955 2867/2867/2867 2866/2866/2866 2945/2945/2945
f 2942/2942/2942 2859/2859/2859 2858/2858/2858 2944/2944/2944
f 2936/2936/2936 2854/2854/2854 2853/2853/2853 2938/2938/2938
f 3034/3034/3034 3054/3054/3054 3053/3053/3053
f 2830/2830/2830 2828/2828/2828 2923/2923/2923
f 3024/3024/3024 3049/3049/3049 3025/3025/3025
f 3023/3023/3023 3022/3022/3022 3050/3050/3050
f 3022/3022/3022 3021/3021/3021 3050/3050/3050
f 3020/3020/3020 3019/3019/3019 3047/3047/3047
f 3019/3019/3019 3018/3018/3018 3048/3048/3048
f 3047/3047/3047 3021/3021/3021 3020/3020/3020
f 3017/3017/3017 3016/3016/3016 3048/3048/3048
f 3016/3016/3016 3015/3015/3015 3045/3045/3045
f 3014/3014/3014 3013/3013/3013 3046/3046/3046
f 3013/3013/3013 3012/3012/3012 3046/3046/3046
f 3045/3045/3045 3015/3015/3015 3014/3014/3014
f 3048/3048/3048 3018/3018/3018 3017/3017/3017
f 3011/3011/3011 3010/3010/3010 2995/2995/2995
f 3010/3010/3010 3009/3009/3009 2995/2995/2995
f 3008/3008/3008 3007/3007/3007 2998/2998/2998
f 2998/2998/2998 3007/3007/3007 3001/3001/3001
f 2998/2998/2998 3009/3009/3009 3008/3008/3008
f 3004/3004/3004 3001/3001/3001 3006/3006/3006
f 3007/3007/3007 3006/3006/3006 3001/3001/3001
f 2994/2994/2994 3005/3005/3005 3004/3004/3004 3006/3006/3006
f 2829/2829/2829 3005/3005/3005 2994/2994/2994
f 3003/3003/3003 3005/3005/3005 2829/2829/2829
f 3002/3002/3002 3001/3001/3001 3004/3004/3004
f 3012/3012/3012 3011/3011/3011 3046/3046/3046
f 3050/3050/3050 3024/3024/3024 3023/3023/3023
f 3049/3049/3049 3024/3024/3024 3050/3050/3050
f 2964/2964/2964 2878/2878/2878 2877/2877/2877 2956/2956/2956
f 3048/3048/3048 3016/3016/3016 3045/3045/3045
f 3046/3046/3046 3045/3045/3045 3014/3014/3014
f 3047/3047/3047 3019/3019/3019 3048/3048/3048
f 2967/2967/2967 2883/2883/2883 2882/2882/2882 2962/2962/2962
f 2965/2965/2965 2886/2886/2886 2885/2885/2885 2967/2967/2967
f 2972/2972/2972 2891/2891/2891 2890/2890/2890 2974/2974/2974
f 2977/2977/2977 2894/2894/2894 2893/2893/2893 2972/2972/2972
f 2974/2974/2974 2889/2889/2889 2888/2888/2888 2965/2965/2965
f 2962/2962/2962 2881/2881/2881 2880/2880/2880 2964/2964/2964
f 2999/2999/2999 2998/2998/2998 3001/3001/3001
f 2997/2997/2997 2999/2999/2999 3000/3000/3000
f 3003/3003/3003 3000/3000/3000 3002/3002/3002
f 3000/3000/3000 3003/3003/3003 2831/2831/2831
f 2995/2995/2995 3009/3009/3009 2998/2998/2998
f 3011/3011/3011 2995/2995/2995 3046/3046/3046
f 2997/2997/2997 2987/2987/2987 2996/2996/2996
f 2998/2998/2998 2996/2996/2996 2995/2995/2995
f 2997/2997/2997 2992/2992/2992 2987/2987/2987
f 2988/2988/2988 2987/2987/2987 2992/2992/2992
f 3000/3000/3000 2992/2992/2992 2997/2997/2997
f 2831/2831/2831 3003/3003/3003 2829/2829/2829
f 3050/3050/3050 3021/3021/3021 3047/3047/3047
f 3000/3000/3000 2831/2831/2831 2992/2992/2992
f 2956/2956/2956 2875/2875/2875 2874/2874/2874 2958/2958/2958
f 2834/2834/2834 2924/2924/2924 2835/2835/2835
f 2836/2836/2836 2924/2924/2924 2837/2837/2837
f 2835/2835/2835 2924/2924/2924 2836/2836/2836
f 2840/2840/2840 2927/2927/2927 2841/2841/2841
f 2843/2843/2843 2925/2925/2925 2844/2844/2844
f 2841/2841/2841 2927/2927/2927 2842/2842/2842
f 2838/2838/2838 2922/2922/2922 2839/2839/2839
f 2846/2846/2846 2935/2935/2935 2847/2847/2847
f 2848/2848/2848 2933/2933/2933 2849/2849/2849
f 2849/2849/2849 2933/2933/2933 2850/2850/2850
f 2851/2851/2851 2938/2938/2938 2852/2852/2852
f 2852/2852/2852 2938/2938/2938 2853/2853/2853
f 2854/2854/2854 2936/2936/2936 2855/2855/2855
f 2844/2844/2844 2925/2925/2925 2845/2845/2845
f 2857/2857/2857 2944/2944/2944 2858/2858/2858
f 2860/2860/2860 2942/2942/2942 2861/2861/2861
f 2859/2859/2859 2942/2942/2942 2860/2860/2860
f 2864/2864/2864 2945/2945/2945 2865/2865/2865
f 2867/2867/2867 2955/2955/2955 2868/2868/2868
f 2865/2865/2865 2945/2945/2945 2866/2866/2866
f 2862/2862/2862 2947/2947/2947 2863/2863/2863
f 2870/2870/2870 2953/2953/2953 2871/2871/2871
f 2872/2872/2872 2958/2958/2958 2873/2873/2873
f 2873/2873/2873 2958/2958/2958 2874/2874/2874
f 2875/2875/2875 2956/2956/2956 2876/2876/2876
f 2876/2876/2876 2956/2956/2956 2877/2877/2877
f 2878/2878/2878 2964/2964/2964 2879/2879/2879
f 2879/2879/2879 2964/2964/2964 2880/2880/2880
f 2868/2868/2868 2955/2955/2955 2869/2869/2869
f 2856/2856/2856 2944/2944/2944 2857/2857/2857
f 2881/2881/2881 2962/2962/2962 2882/2882/2882
f 2884/2884/2884 2967/2967/2967 2885/2885/2885
f 2883/2883/2883 2967/2967/2967 2884/2884/2884
f 2887/2887/2887 2965/2965/2965 2888/2888/2888
f 2891/2891/2891 2972/2972/2972 2892/2892/2892
f 2889/2889/2889 2974/2974/2974 2890/2890/2890
f 2886/2886/2886 2965/2965/2965 2887/2887/2887
f 2983/2983/2983 2899/2899/2899 2898/2898/2898 2975/2975/2975
f 2981/2981/2981 2902/2902/2902 2901/2901/2901 2983/2983/2983
f 2984/2984/2984 2907/2907/2907 2906/2906/2906 2986/2986/2986
f 2991/2991/2991 2910/2910/2910 2909/2909/2909 2984/2984/2984
f 2986/2986/2986 2905/2905/2905 2904/2904/2904 2981/2981/2981
f 2895/2895/2895 2894/2894/2894 2977/2977/2977
f 2896/2896/2896 2895/2895/2895 2977/2977/2977
f 2993/2993/2993 2915/2915/2915 2914/2914/2914 2989/2989/2989
f 2989/2989/2989 2913/2913/2913 2912/2912/2912 2991/2991/2991
f 2975/2975/2975 2897/2897/2897 2896/2896/2896 2977/2977/2977
f 2972/2972/2972 2893/2893/2893 2892/2892/2892
f 2975/2975/2975 2898/2898/2898 2897/2897/2897
f 2983/2983/2983 2900/2900/2900 2899/2899/2899
f 2983/2983/2983 2901/2901/2901 2900/2900/2900
f 2981/2981/2981 2903/2903/2903 2902/2902/2902
f 2981/2981/2981 2904/2904/2904 2903/2903/2903
f 2986/2986/2986 2906/2906/2906 2905/2905/2905
f 2984/2984/2984 2909/2909/2909 2908/2908/2908
f 2991/2991/2991 2912/2912/2912 2911/2911/2911
f 2991/2991/2991 2911/2911/2911 2910/2910/2910
f 2993/2993/2993 2916/2916/2916 2915/2915/2915
f 2993/2993/2993 2918/2918/2918 2917/2917/2917
f 2993/2993/2993 2831/2831/2831 2918/2918/2918
f 2993/2993/2993 2917/2917/2917 2916/2916/2916
f 2989/2989/2989 2914/2914/2914 2913/2913/2913
f 2984/2984/2984 2908/2908/2908 2907/2907/2907
f 2992/2992/2992 2831/2831/2831 2993/2993/2993
f 2830/2830/2830 2924/2924/2924 2834/2834/2834
f 3063/3063/3063 3064/3064/3064 3066/3066/3066 3065/3065/3065
f 3067/3067/3067 3068/3068/3068 3064/3064/3064 3063/3063/3063
f 3066/3066/3066 3058/3058/3058 3078/3078/3078
f 3065/3065/3065 3077/3077/3077 3076/3076/3076
f 3065/3065/3065 3076/3076/3076 3075/3075/3075
f 3077/3077/3077 3066/3066/3066 3078/3078/3078
f 3070/3070/3070 3059/3059/3059 3074/3074/3074
f 3070/3070/3070 3073/3073/3073 3072/3072/3072
f 3062/3062/3062 3072/3072/3072 3071/3071/3071
f 3073/3073/3073 3070/3070/3070 3074/3074/3074
f 3059/3059/3059 3063/3063/3063 3075/3075/3075
f 3063/3063/3063 3065/3065/3065 3075/3075/3075
f 3068/3068/3068 3061/3061/3061 3064/3064/3064
f 3058/3058/3058 3066/3066/3066 3064/3064/3064
f 3061/3061/3061 3068/3068/3068 3067/3067/3067 3069/3069/3069
f 3064/3064/3064 3061/3061/3061 3058/3058/3058
f 3072/3072/3072 3062/3062/3062 3070/3070/3070
f 3070/3070/3070 3063/3063/3063 3059/3059/3059
f 3067/3067/3067 3063/3063/3063 3069/3069/3069
f 3063/3063/3063 3070/3070/3070 3069/3069/3069
f 3071/3071/3071 3060/3060/3060 3062/3062/3062
f 3066/3066/3066 3077/3077/3077 3065/3065/3065
f 3087/3087/3087 3085/3085/3085 3084/3084/3084 3086/3086/3086
f 3085/3085/3085 3089/3089/3089 3088/3088/3088 3084/3084/3084
f 3094/3094/3094 3086/3086/3086 3084/3084/3084
f 3088/3088/3088 3098/3098/3098 3084/3084/3084
f 3099/3099/3099 3084/3084/3084 3098/3098/3098
f 3089/3089/3089 3098/3098/3098 3088/3088/3088
f 3099/3099/3099 3082/3082/3082 3084/3084/3084
f 3085/3085/3085 3080/3080/3080 3089/3089/3089
f 3098/3098/3098 3089/3089/3089 3080/3080/3080
f 3087/3087/3087 3086/3086/3086 3096/3096/3096 3097/3097/3097
f 3083/3083/3083 3080/3080/3080 3085/3085/3085
f 3087/3087/3087 3083/3083/3083 3085/3085/3085
f 3099/3099/3099 3079/3079/3079 3090/3090/3090 3091/3091/3091
f 3079/3079/3079 3081/3081/3081 3090/3090/3090
f 3099/3099/3099 3091/3091/3091 3092/3092/3092
f 3099/3099/3099 3092/3092/3092 3093/3093/3093
f 3084/3084/3084 3082/3082/3082 3094/3094/3094
f 3086/3086/3086 3094/3094/3094 3095/3095/3095
f 3087/3087/3087 3097/3097/3097 3083/3083/3083
f 3086/3086/3086 3095/3095/3095 3096/3096/3096
f 3099/3099/3099 3093/3093/3093 3082/3082/3082
f 3147/3147/3147 3149/3149/3149 3148/3148/3148 3141/3141/3141
f 3149/3149/3149 3144/3144/3144 3143/3143/3143 3148/3148/3148
f 3148/3148/3148 3102/3102/3102 3141/3141/3141
f 3142/3142/3142 3148/3148/3148 3143/3143/3143
f 3102/3102/3102 3148/3148/3148 3142/3142/3142
f 3144/3144/3144 3146/3146/3146 3145/3145/3145 3143/3143/3143
f 3156/3156/3156 3158/3158/3158 3157/3157/3157 3150/3150/3150
f 3158/3158/3158 3153/3153/3153 3152/3152/3152 3157/3157/3157
f 3157/3157/3157 3103/3103/3103 3150/3150/3150
f 3151/3151/3151 3157/3157/3157 3152/3152/3152
f 3103/3103/3103 3157/3157/3157 3151/3151/3151
f 3154/3154/3154 3151/3151/3151 3152/3152/3152
f 3102/3102/3102 3154/3154/3154 3141/3141/3141
f 3151/3151/3151 3154/3154/3154 3102/3102/3102
f 3153/3153/3153 3155/3155/3155 3154/3154/3154 3152/3152/3152
f 3155/3155/3155 3147/3147/3147 3141/3141/3141 3154/3154/3154
f 3165/3165/3165 3161/3161/3161 3160/3160/3160 3164/3164/3164
f 3162/3162/3162 3159/3159/3159 3160/3160/3160
f 3103/3103/3103 3162/3162/3162 3150/3150/3150
f 3159/3159/3159 3162/3162/3162 3103/3103/3103
f 3161/3161/3161 3163/3163/3163 3162/3162/3162 3160/3160/3160
f 3163/3163/3163 3156/3156/3156 3150/3150/3150 3162/3162/3162
f 3146/3146/3146 3104/3104/3104 3145/3145/3145
f 3100/3100/3100 3145/3145/3145 3104/3104/3104
f 3142/3142/3142 3145/3145/3145 3100/3100/3100
f 3102/3102/3102 3142/3142/3142 3168/3168/3168
f 3100/3100/3100 3168/3168/3168 3142/3142/3142
f 3143/3143/3143 3145/3145/3145 3142/3142/3142
f 3167/3167/3167 3151/3151/3151 3102/3102/3102 3168/3168/3168
f 3106/3106/3106 3146/3146/3146 3107/3107/3107
f 3108/3108/3108 3146/3146/3146 3109/3109/3109
f 3107/3107/3107 3146/3146/3146 3108/3108/3108
f 3149/3149/3149 3113/3113/3113 3112/3112/3112 3144/3144/3144
f 3144/3144/3144 3110/3110/3110 3109/3109/3109 3146/3146/3146
f 3147/3147/3147 3116/3116/3116 3115/3115/3115 3149/3149/3149
f 3104/3104/3104 3146/3146/3146 3106/3106/3106
f 3166/3166/3166 3103/3103/3103 3151/3151/3151 3167/3167/3167
f 3159/3159/3159 3103/3103/3103 3166/3166/3166
f 3164/3164/3164 3159/3159/3159 3101/3101/3101
f 3166/3166/3166 3101/3101/3101 3159/3159/3159
f 3159/3159/3159 3164/3164/3164 3160/3160/3160
f 3164/3164/3164 3101/3101/3101 3105/3105/3105
f 3155/3155/3155 3119/3119/3119 3118/3118/3118 3147/3147/3147
f 3158/3158/3158 3125/3125/3125 3124/3124/3124 3153/3153/3153
f 3153/3153/3153 3122/3122/3122 3121/3121/3121 3155/3155/3155
f 3163/3163/3163 3131/3131/3131 3130/3130/3130 3156/3156/3156
f 3165/3165/3165 3137/3137/3137 3136/3136/3136 3161/3161/3161
f 3161/3161/3161 3134/3134/3134 3133/3133/3133 3163/3163/3163
f 3156/3156/3156 3128/3128/3128 3127/3127/3127 3158/3158/3158
f 3165/3165/3165 3164/3164/3164 3105/3105/3105
f 3144/3144/3144 3111/3111/3111 3110/3110/3110
f 3144/3144/3144 3112/3112/3112 3111/3111/3111
f 3149/3149/3149 3115/3115/3115 3114/3114/3114
f 3147/3147/3147 3117/3117/3117 3116/3116/3116
f 3149/3149/3149 3114/3114/3114 3113/3113/3113
f 3155/3155/3155 3121/3121/3121 3120/3120/3120
f 3155/3155/3155 3120/3120/3120 3119/3119/3119
f 3153/3153/3153 3123/3123/3123 3122/3122/3122
f 3153/3153/3153 3124/3124/3124 3123/3123/3123
f 3147/3147/3147 3118/3118/3118 3117/3117/3117
f 3158/3158/3158 3127/3127/3127 3126/3126/3126
f 3156/3156/3156 3129/3129/3129 3128/3128/3128
f 3163/3163/3163 3133/3133/3133 3132/3132/3132
f 3163/3163/3163 3132/3132/3132 3131/3131/3131
f 3156/3156/3156 3130/3130/3130 3129/3129/3129
f 3161/3161/3161 3135/3135/3135 3134/3134/3134
f 3161/3161/3161 3136/3136/3136 3135/3135/3135
f 3165/3165/3165 3139/3139/3139 3138/3138/3138
f 3165/3165/3165 3105/3105/3105 3140/3140/3140
f 3165/3165/3165 3140/3140/3140 3139/3139/3139
f 3165/3165/3165 3138/3138/3138 3137/3137/3137
f 3158/3158/3158 3126/3126/3126 3125/3125/3125
f 3188/3188/3188 3187/3187/3187 3176/3176/3176 3184/3184/3184
f 3203/3203/3203 3205/3205/3205 3204/3204/3204 3202/3202/3202
f 3200/3200/3200 3202/3202/3202 3201/3201/3201 3199/3199/3199
f 3197/3197/3197 3199/3199/3199 3198/3198/3198 3195/3195/3195
f 3187/3187/3187 3195/3195/3195 3194/3194/3194 3176/3176/3176
f 3176/3176/3176 3194/3194/3194 3196/3196/3196 3185/3185/3185
f 3184/3184/3184 3176/3176/3176 3185/3185/3185 3186/3186/3186
f 3196/3196/3196 3193/3193/3193 3169/3169/3169
f 3194/3194/3194 3191/3191/3191 3192/3192/3192
f 3192/3192/3192 3193/3193/3193 3196/3196/3196
f 3194/3194/3194 3198/3198/3198 3191/3191/3191
f 3201/3201/3201 3190/3190/3190 3198/3198/3198
f 3198/3198/3198 3190/3190/3190 3191/3191/3191
f 3199/3199/3199 3201/3201/3201 3198/3198/3198
f 3204/3204/3204 3190/3190/3190 3201/3201/3201
f 3196/3196/3196 3194/3194/3194 3192/3192/3192
f 3196/3196/3196 3169/3169/3169 3177/3177/3177
f 3189/3189/3189 3204/3204/3204 3205/3205/3205
f 3205/3205/3205 3170/3170/3170 3189/3189/3189
f 3170/3170/3170 3205/3205/3205 3203/3203/3203
f 3190/3190/3190 3204/3204/3204 3189/3189/3189
f 3201/3201/3201 3202/3202/3202 3204/3204/3204
f 3175/3175/3175 3203/3203/3203 3200/3200/3200
f 3202/3202/3202 3200/3200/3200 3203/3203/3203
f 3200/3200/3200 3197/3197/3197 3175/3175/3175
f 3170/3170/3170 3203/3203/3203 3175/3175/3175
f 3199/3199/3199 3197/3197/3197 3200/3200/3200
f 3195/3195/3195 3198/3198/3198 3194/3194/3194
f 3186/3186/3186 3185/3185/3185 3177/3177/3177
f 3184/3184/3184 3186/3186/3186 3179/3179/3179 3180/3180/3180
f 3186/3186/3186 3177/3177/3177 3171/3171/3171
f 3186/3186/3186 3171/3171/3171 3178/3178/3178
f 3184/3184/3184 3180/3180/3180 3181/3181/3181
f 3186/3186/3186 3178/3178/3178 3179/3179/3179
f 3188/3188/3188 3184/3184/3184 3181/3181/3181 3182/3182/3182
f 3197/3197/3197 3195/3195/3195 3187/3187/3187
f 3175/3175/3175 3197/3197/3197 3174/3174/3174
f 3187/3187/3187 3174/3174/3174 3197/3197/3197
f 3173/3173/3173 3174/3174/3174 3187/3187/3187 3188/3188/3188
f 3183/3183/3183 3188/3188/3188 3182/3182/3182
f 3172/3172/3172 3173/3173/3173 3183/3183/3183
f 3188/3188/3188 3183/3183/3183 3173/3173/3173
f 3177/3177/3177 3185/3185/3185 3196/3196/3196
f 3319/3319/3319 3318/3318/3318 3240/3240/3240
f 3209/3209/3209 3310/3310/3310 3319/3319/3319
f 3240/3240/3240 3209/3209/3209 3319/3319/3319
f 3310/3310/3310 3316/3316/3316 3321/3321/3321 3319/3319/3319
f 3319/3319/3319 3321/3321/3321 3320/3320/3320 3318/3318/3318
f 3318/3318/3318 3320/3320/3320 3323/3323/3323 3322/3322/3322
f 3312/3312/3312 3311/3311/3311 3243/3243/3243
f 3210/3210/3210 3302/3302/3302 3312/3312/3312
f 3243/3243/3243 3210/3210/3210 3312/3312/3312
f 3302/3302/3302 3308/3308/3308 3314/3314/3314 3312/3312/3312
f 3312/3312/3312 3314/3314/3314 3313/3313/3313 3311/3311/3311
f 3311/3311/3311 3313/3313/3313 3317/3317/3317 3315/3315/3315
f 3315/3315/3315 3317/3317/3317 3316/3316/3316 3310/3310/3310
f 3315/3315/3315 3310/3310/3310 3209/3209/3209
f 3243/3243/3243 3311/3311/3311 3315/3315/3315
f 3209/3209/3209 3243/3243/3243 3315/3315/3315
f 3304/3304/3304 3303/3303/3303 3246/3246/3246
f 3211/3211/3211 3294/3294/3294 3304/3304/3304
f 3246/3246/3246 3211/3211/3211 3304/3304/3304
f 3294/3294/3294 3300/3300/3300 3306/3306/3306 3304/3304/3304
f 3304/3304/3304 3306/3306/3306 3305/3305/3305 3303/3303/3303
f 3303/3303/3303 3305/3305/3305 3309/3309/3309 3307/3307/3307
f 3307/3307/3307 3309/3309/3309 3308/3308/3308 3302/3302/3302
f 3307/3307/3307 3302/3302/3302 3210/3210/3210
f 3246/3246/3246 3303/3303/3303 3307/3307/3307
f 3210/3210/3210 3246/3246/3246 3307/3307/3307
f 3296/3296/3296 3298/3298/3298 3297/3297/3297 3295/3295/3295
f 3295/3295/3295 3297/3297/3297 3301/3301/3301 3299/3299/3299
f 3299/3299/3299 3301/3301/3301 3300/3300/3300 3294/3294/3294
f 3299/3299/3299 3294/3294/3294 3211/3211/3211
f 3248/3248/3248 3295/3295/3295 3299/3299/3299
f 3211/3211/3211 3248/3248/3248 3299/3299/3299
f 3239/3239/3239 3209/3209/3209 3240/3240/3240 3241/3241/3241
f 3242/3242/3242 3210/3210/3210 3243/3243/3243 3244/3244/3244
f 3244/3244/3244 3243/3243/3243 3209/3209/3209 3239/3239/3239
f 3245/3245/3245 3211/3211/3211 3246/3246/3246 3247/3247/3247
f 3247/3247/3247 3246/3246/3246 3210/3210/3210 3242/3242/3242
f 3249/3249/3249 3248/3248/3248 3211/3211/3211 3245/3245/3245
f 3323/3323/3323 3293/3293/3293 3206/3206/3206
f 3323/3323/3323 3292/3292/3292 3293/3293/3293
f 3323/3323/3323 3290/3290/3290 3291/3291/3291
f 3320/3320/3320 3289/3289/3289 3290/3290/3290
f 3291/3291/3291 3292/3292/3292 3323/3323/3323
f 3320/3320/3320 3287/3287/3287 3288/3288/3288
f 3321/3321/3321 3286/3286/3286 3287/3287/3287
f 3321/3321/3321 3284/3284/3284 3285/3285/3285
f 3316/3316/3316 3283/3283/3283 3284/3284/3284
f 3285/3285/3285 3286/3286/3286 3321/3321/3321
f 3288/3288/3288 3289/3289/3289 3320/3320/3320
f 3316/3316/3316 3281/3281/3281 3282/3282/3282
f 3323/3323/3323 3320/3320/3320 3290/3290/3290
f 3321/3321/3321 3287/3287/3287 3320/3320/3320
f 3321/3321/3321 3316/3316/3316 3284/3284/3284
f 3283/3283/3283 3316/3316/3316 3282/3282/3282
f 3317/3317/3317 3280/3280/3280 3281/3281/3281
f 3280/3280/3280 3317/3317/3317 3279/3279/3279
f 3279/3279/3279 3317/3317/3317 3278/3278/3278
f 3277/3277/3277 3313/3313/3313 3276/3276/3276
f 3275/3275/3275 3314/3314/3314 3274/3274/3274
f 3313/3313/3313 3275/3275/3275 3276/3276/3276
f 3313/3313/3313 3277/3277/3277 3278/3278/3278
f 3273/3273/3273 3274/3274/3274 3314/3314/3314
f 3323/3323/3323 3206/3206/3206 3322/3322/3322
f 3273/3273/3273 3314/3314/3314 3272/3272/3272
f 3272/3272/3272 3308/3308/3308 3207/3207/3207
f 3271/3271/3271 3309/3309/3309 3270/3270/3270
f 3270/3270/3270 3309/3309/3309 3269/3269/3269
f 3308/3308/3308 3271/3271/3271 3207/3207/3207
f 3268/3268/3268 3305/3305/3305 3267/3267/3267
f 3267/3267/3267 3305/3305/3305 3266/3266/3266
f 3265/3265/3265 3306/3306/3306 3264/3264/3264
f 3263/3263/3263 3306/3306/3306 3262/3262/3262
f 3306/3306/3306 3263/3263/3263 3264/3264/3264
f 3305/3305/3305 3265/3265/3265 3266/3266/3266
f 3309/3309/3309 3268/3268/3268 3269/3269/3269
f 3261/3261/3261 3300/3300/3300 3260/3260/3260
f 3260/3260/3260 3300/3300/3300 3259/3259/3259
f 3258/3258/3258 3301/3301/3301 3257/3257/3257
f 3257/3257/3257 3301/3301/3301 3256/3256/3256
f 3301/3301/3301 3258/3258/3258 3259/3259/3259
f 3255/3255/3255 3297/3297/3297 3254/3254/3254
f 3254/3254/3254 3297/3297/3297 3253/3253/3253
f 3252/3252/3252 3298/3298/3298 3251/3251/3251
f 3250/3250/3250 3298/3298/3298 3208/3208/3208
f 3298/3298/3298 3250/3250/3250 3251/3251/3251
f 3298/3298/3298 3252/3252/3252 3253/3253/3253
f 3297/3297/3297 3255/3255/3255 3256/3256/3256
f 3300/3300/3300 3261/3261/3261 3262/3262/3262
f 3281/3281/3281 3316/3316/3316 3317/3317/3317
f 3318/3318/3318 3322/3322/3322 3240/3240/3240
f 3212/3212/3212 3240/3240/3240 3322/3322/3322
f 3239/3239/3239 3241/3241/3241 3217/3217/3217 3218/3218/3218
f 3240/3240/3240 3212/3212/3212 3241/3241/3241
f 3244/3244/3244 3239/3239/3239 3221/3221/3221 3222/3222/3222
f 3212/3212/3212 3322/3322/3322 3206/3206/3206
f 3278/3278/3278 3317/3317/3317 3313/3313/3313
f 3275/3275/3275 3313/3313/3313 3314/3314/3314
f 3242/3242/3242 3244/3244/3244 3224/3224/3224 3225/3225/3225
f 3272/3272/3272 3314/3314/3314 3308/3308/3308
f 3241/3241/3241 3212/3212/3212 3214/3214/3214
f 3241/3241/3241 3214/3214/3214 3215/3215/3215
f 3241/3241/3241 3215/3215/3215 3216/3216/3216
f 3239/3239/3239 3218/3218/3218 3219/3219/3219
f 3241/3241/3241 3216/3216/3216 3217/3217/3217
f 3239/3239/3239 3220/3220/3220 3221/3221/3221
f 3244/3244/3244 3223/3223/3223 3224/3224/3224
f 3242/3242/3242 3225/3225/3225 3226/3226/3226
f 3244/3244/3244 3222/3222/3222 3223/3223/3223
f 3239/3239/3239 3219/3219/3219 3220/3220/3220
f 3227/3227/3227 3242/3242/3242 3226/3226/3226
f 3268/3268/3268 3309/3309/3309 3305/3305/3305
f 3265/3265/3265 3305/3305/3305 3306/3306/3306
f 3245/3245/3245 3247/3247/3247 3230/3230/3230 3231/3231/3231
f 3262/3262/3262 3306/3306/3306 3300/3300/3300
f 3256/3256/3256 3301/3301/3301 3297/3297/3297
f 3253/3253/3253 3297/3297/3297 3298/3298/3298
f 3296/3296/3296 3295/3295/3295 3248/3248/3248
f 3249/3249/3249 3213/3213/3213 3248/3248/3248
f 3296/3296/3296 3248/3248/3248 3213/3213/3213
f 3208/3208/3208 3296/3296/3296 3213/3213/3213
f 3249/3249/3249 3245/3245/3245 3234/3234/3234 3235/3235/3235
f 3259/3259/3259 3300/3300/3300 3301/3301/3301
f 3247/3247/3247 3242/3242/3242 3227/3227/3227 3228/3228/3228
f 3247/3247/3247 3228/3228/3228 3229/3229/3229
f 3245/3245/3245 3231/3231/3231 3232/3232/3232
f 3247/3247/3247 3229/3229/3229 3230/3230/3230
f 3245/3245/3245 3233/3233/3233 3234/3234/3234
f 3249/3249/3249 3236/3236/3236 3237/3237/3237
f 3249/3249/3249 3238/3238/3238 3213/3213/3213
f 3249/3249/3249 3237/3237/3237 3238/3238/3238
f 3249/3249/3249 3235/3235/3235 3236/3236/3236
f 3245/3245/3245 3232/3232/3232 3233/3233/3233
f 3298/3298/3298 3296/3296/3296 3208/3208/3208
f 3271/3271/3271 3308/3308/3308 3309/3309/3309
f 3326/3326/3326 3330/3330/3330 3331/3331/3331 3329/3329/3329
f 3332/3332/3332 3326/3326/3326 3329/3329/3329 3333/3333/3333
f 3331/3331/3331 3341/3341/3341 3324/3324/3324
f 3331/3331/3331 3330/3330/3330 3340/3340/3340 3341/3341/3341
f 3331/3331/3331 3324/3324/3324 3329/3329/3329
f 3330/3330/3330 3339/3339/3339 3340/3340/3340
f 3338/3338/3338 3342/3342/3342 3337/3337/3337
f 3337/3337/3337 3342/3342/3342 3325/3325/3325
f 3342/3342/3342 3338/3338/3338 3339/3339/3339
f 3339/3339/3339 3330/3330/3330 3342/3342/3342
f 3334/3334/3334 3333/3333/3333 3327/3327/3327
f 3329/3329/3329 3327/3327/3327 3333/3333/3333
f 3327/3327/3327 3329/3329/3329 3324/3324/3324
f 3334/3334/3334 3332/3332/3332 3333/3333/3333
f 3335/3335/3335 3342/3342/3342 3332/3332/3332
f 3326/3326/3326 3332/3332/3332 3342/3342/3342
f 3342/3342/3342 3335/3335/3335 3336/3336/3336
f 3342/3342/3342 3336/3336/3336 3328/3328/3328
f 3335/3335/3335 3332/3332/3332 3334/3334/3334
f 3325/3325/3325 3342/3342/3342 3328/3328/3328
f 3330/3330/3330 3326/3326/3326 3342/3342/3342
f 3393/3393/3393 3343/3343/3343 3345/3345/3345 3347/3347/3347
f 3392/3392/3392 3393/3393/3393 3347/3347/3347 3348/3348/3348
f 3390/3390/3390 3391/3391/3391 3350/3350/3350 3351/3351/3351
f 3389/3389/3389 3390/3390/3390 3351/3351/3351 3352/3352/3352
f 3391/3391/3391 3392/3392/3392 3349/3349/3349 3350/3350/3350
f 3388/3388/3388 3389/3389/3389 3352/3352/3352 3353/3353/3353
f 3387/3387/3387 3388/3388/3388 3354/3354/3354 3355/3355/3355
f 3386/3386/3386 3387/3387/3387 3355/3355/3355 3356/3356/3356
f 3385/3385/3385 3386/3386/3386 3356/3356/3356 3357/3357/3357
f 3384/3384/3384 3385/3385/3385 3357/3357/3357 3358/3358/3358
f 3383/3383/3383 3384/3384/3384 3359/3359/3359 3360/3360/3360
f 3382/3382/3382 3383/3383/3383 3360/3360/3360 3361/3361/3361
f 3380/3380/3380 3381/3381/3381 3363/3363/3363 3364/3364/3364
f 3379/3379/3379 3380/3380/3380 3364/3364/3364 3365/3365/3365
f 3381/3381/3381 3382/3382/3382 3361/3361/3361 3362/3362/3362
f 3377/3377/3377 3378/3378/3378 3366/3366/3366 3367/3367/3367
f 3376/3376/3376 3377/3377/3377 3368/3368/3368 3369/3369/3369
f 3374/3374/3374 3375/3375/3375 3370/3370/3370 3371/3371/3371
f 3373/3373/3373 3346/3346/3346 3344/3344/3344
f 3373/3373/3373 3374/3374/3374 3371/3371/3371 3372/3372/3372
f 3375/3375/3375 3376/3376/3376 3369/3369/3369 3370/3370/3370
f 3378/3378/3378 3379/3379/3379 3365/3365/3365 3366/3366/3366
f 3392/3392/3392 3348/3348/3348 3349/3349/3349
f 3384/3384/3384 3358/3358/3358 3359/3359/3359
f 3388/3388/3388 3353/3353/3353 3354/3354/3354
f 3381/3381/3381 3362/3362/3362 3363/3363/3363
f 3377/3377/3377 3367/3367/3367 3368/3368/3368
f 3373/3373/3373 3372/3372/3372 3346/3346/3346
f 3450/3450/3450 3398/3398/3398 3396/3396/3396 3394/3394/3394
f 3449/3449/3449 3399/3399/3399 3398/3398/3398 3450/3450/3450
f 3447/3447/3447 3401/3401/3401 3400/3400/3400 3448/3448/3448
f 3445/3445/3445 3403/3403/3403 3402/3402/3402 3446/3446/3446
f 3446/3446/3446 3402/3402/3402 3401/3401/3401 3447/3447/3447
f 3448/3448/3448 3400/3400/3400 3399/3399/3399 3449/3449/3449
f 3443/3443/3443 3405/3405/3405 3404/3404/3404 3444/3444/3444
f 3442/3442/3442 3406/3406/3406 3405/3405/3405 3443/3443/3443
f 3440/3440/3440 3408/3408/3408 3407/3407/3407 3441/3441/3441
f 3438/3438/3438 3410/3410/3410 3409/3409/3409 3439/3439/3439
f 3439/3439/3439 3409/3409/3409 3408/3408/3408 3440/3440/3440
f 3441/3441/3441 3407/3407/3407 3406/3406/3406 3442/3442/3442
f 3444/3444/3444 3404/3404/3404 3403/3403/3403 3445/3445/3445
f 3436/3436/3436 3412/3412/3412 3411/3411/3411 3437/3437/3437
f 3435/3435/3435 3413/3413/3413 3412/3412/3412 3436/3436/3436
f 3433/3433/3433 3415/3415/3415 3414/3414/3414 3434/3434/3434
f 3431/3431/3431 3417/3417/3417 3416/3416/3416 3432/3432/3432
f 3432/3432/3432 3416/3416/3416 3415/3415/3415 3433/3433/3433
f 3434/3434/3434 3414/3414/3414 3413/3413/3413 3435/3435/3435
f 3429/3429/3429 3419/3419/3419 3418/3418/3418 3430/3430/3430
f 3428/3428/3428 3420/3420/3420 3419/3419/3419 3429/3429/3429
f 3421/3421/3421 3427/3427/3427 3426/3426/3426
f 3424/3424/3424 3423/3423/3423 3422/3422/3422 3425/3425/3425
f 3425/3425/3425 3422/3422/3422 3421/3421/3421 3426/3426/3426
f 3427/3427/3427 3420/3420/3420 3428/3428/3428
f 3430/3430/3430 3418/3418/3418 3417/3417/3417 3431/3431/3431
f 3437/3437/3437 3411/3411/3411 3410/3410/3410 3438/3438/3438
f 3420/3420/3420 3427/3427/3427 3421/3421/3421
f 3424/3424/3424 3395/3395/3395 3397/3397/3397
f 3423/3423/3423 3424/3424/3424 3397/3397/3397
f 3451/3451/3451 3875/3875/3875 3876/3876/3876 3873/3873/3873
f 3452/3452/3452 3872/3872/3872 3874/3874/3874 3870/3870/3870
f 3872/3872/3872 3451/3451/3451 3873/3873/3873 3874/3874/3874
f 3453/3453/3453 3869/3869/3869 3871/3871/3871 3867/3867/3867
f 3869/3869/3869 3452/3452/3452 3870/3870/3870 3871/3871/3871
f 3454/3454/3454 3866/3866/3866 3868/3868/3868 3864/3864/3864
f 3866/3866/3866 3453/3453/3453 3867/3867/3867 3868/3868/3868
f 3455/3455/3455 3863/3863/3863 3865/3865/3865 3861/3861/3861
f 3863/3863/3863 3454/3454/3454 3864/3864/3864 3865/3865/3865
f 3456/3456/3456 3860/3860/3860 3862/3862/3862 3858/3858/3858
f 3860/3860/3860 3455/3455/3455 3861/3861/3861 3862/3862/3862
f 3457/3457/3457 3857/3857/3857 3859/3859/3859 3855/3855/3855
f 3857/3857/3857 3456/3456/3456 3858/3858/3858 3859/3859/3859
f 3854/3854/3854 3457/3457/3457 3855/3855/3855 3856/3856/3856
f 3724/3724/3724 3872/3872/3872 3452/3452/3452 3459/3459/3459
f 3872/3872/3872 3724/3724/3724 3458/3458/3458 3451/3451/3451
f 3738/3738/3738 3869/3869/3869 3453/3453/3453 3460/3460/3460
f 3869/3869/3869 3738/3738/3738 3459/3459/3459 3452/3452/3452
f 3748/3748/3748 3866/3866/3866 3454/3454/3454 3461/3461/3461
f 3866/3866/3866 3748/3748/3748 3460/3460/3460 3453/3453/3453
f 3758/3758/3758 3863/3863/3863 3455/3455/3455 3462/3462/3462
f 3863/3863/3863 3758/3758/3758 3461/3461/3461 3454/3454/3454
f 3768/3768/3768 3860/3860/3860 3456/3456/3456 3463/3463/3463
f 3860/3860/3860 3768/3768/3768 3462/3462/3462 3455/3455/3455
f 3781/3781/3781 3857/3857/3857 3457/3457/3457 3464/3464/3464
f 3857/3857/3857 3781/3781/3781 3463/3463/3463 3456/3456/3456
f 3731/3731/3731 3723/3723/3723 3466/3466/3466
f 3726/3726/3726 3731/3731/3731 3717/3717/3717
f 3723/3723/3723 3731/3731/3731 3726/3726/3726
f 3723/3723/3723 3726/3726/3726 3724/3724/3724 3459/3459/3459
f 3726/3726/3726 3725/3725/3725 3458/3458/3458 3724/3724/3724
f 3720/3720/3720 3726/3726/3726 3717/3717/3717
f 3725/3725/3725 3720/3720/3720 3465/3465/3465
f 3726/3726/3726 3720/3720/3720 3725/3725/3725
f 3741/3741/3741 3737/3737/3737 3467/3467/3467
f 3739/3739/3739 3741/3741/3741 3733/3733/3733
f 3737/3737/3737 3741/3741/3741 3739/3739/3739
f 3737/3737/3737 3739/3739/3739 3738/3738/3738 3460/3460/3460
f 3739/3739/3739 3723/3723/3723 3459/3459/3459 3738/3738/3738
f 3735/3735/3735 3739/3739/3739 3733/3733/3733
f 3723/3723/3723 3735/3735/3735 3466/3466/3466
f 3739/3739/3739 3735/3735/3735 3723/3723/3723
f 3751/3751/3751 3747/3747/3747 3468/3468/3468
f 3749/3749/3749 3751/3751/3751 3743/3743/3743
f 3747/3747/3747 3751/3751/3751 3749/3749/3749
f 3747/3747/3747 3749/3749/3749 3748/3748/3748 3461/3461/3461
f 3749/3749/3749 3737/3737/3737 3460/3460/3460 3748/3748/3748
f 3745/3745/3745 3749/3749/3749 3743/3743/3743
f 3737/3737/3737 3745/3745/3745 3467/3467/3467
f 3749/3749/3749 3745/3745/3745 3737/3737/3737
f 3761/3761/3761 3757/3757/3757 3469/3469/3469
f 3759/3759/3759 3761/3761/3761 3753/3753/3753
f 3757/3757/3757 3761/3761/3761 3759/3759/3759
f 3757/3757/3757 3759/3759/3759 3758/3758/3758 3462/3462/3462
f 3759/3759/3759 3747/3747/3747 3461/3461/3461 3758/3758/3758
f 3755/3755/3755 3759/3759/3759 3753/3753/3753
f 3747/3747/3747 3755/3755/3755 3468/3468/3468
f 3759/3759/3759 3755/3755/3755 3747/3747/3747
f 3771/3771/3771 3767/3767/3767 3470/3470/3470
f 3769/3769/3769 3771/3771/3771 3763/3763/3763
f 3767/3767/3767 3771/3771/3771 3769/3769/3769
f 3767/3767/3767 3769/3769/3769 3768/3768/3768 3463/3463/3463
f 3769/3769/3769 3757/3757/3757 3462/3462/3462 3768/3768/3768
f 3765/3765/3765 3769/3769/3769 3763/3763/3763
f 3757/3757/3757 3765/3765/3765 3469/3469/3469
f 3769/3769/3769 3765/3765/3765 3757/3757/3757
f 3471/3471/3471 3775/3775/3775 3782/3782/3782 3780/3780/3780
f 3780/3780/3780 3782/3782/3782 3781/3781/3781 3464/3464/3464
f 3782/3782/3782 3767/3767/3767 3463/3463/3463 3781/3781/3781
f 3778/3778/3778 3782/3782/3782 3775/3775/3775
f 3767/3767/3767 3778/3778/3778 3470/3470/3470
f 3782/3782/3782 3778/3778/3778 3767/3767/3767
f 3809/3809/3809 3729/3729/3729 3718/3718/3718
f 3727/3727/3727 3809/3809/3809 3472/3472/3472
f 3729/3729/3729 3809/3809/3809 3727/3727/3727
f 3721/3721/3721 3728/3728/3728 3465/3465/3465
f 3729/3729/3729 3721/3721/3721 3718/3718/3718
f 3728/3728/3728 3721/3721/3721 3729/3729/3729
f 3730/3730/3730 3732/3732/3732 3731/3731/3731 3466/3466/3466
f 3732/3732/3732 3719/3719/3719 3717/3717/3717 3731/3731/3731
f 3719/3719/3719 3722/3722/3722 3720/3720/3720 3717/3717/3717
f 3722/3722/3722 3721/3721/3721 3465/3465/3465 3720/3720/3720
f 3740/3740/3740 3742/3742/3742 3741/3741/3741 3467/3467/3467
f 3742/3742/3742 3734/3734/3734 3733/3733/3733 3741/3741/3741
f 3734/3734/3734 3736/3736/3736 3735/3735/3735 3733/3733/3733
f 3736/3736/3736 3730/3730/3730 3466/3466/3466 3735/3735/3735
f 3750/3750/3750 3752/3752/3752 3751/3751/3751 3468/3468/3468
f 3752/3752/3752 3744/3744/3744 3743/3743/3743 3751/3751/3751
f 3744/3744/3744 3746/3746/3746 3745/3745/3745 3743/3743/3743
f 3746/3746/3746 3740/3740/3740 3467/3467/3467 3745/3745/3745
f 3760/3760/3760 3762/3762/3762 3761/3761/3761 3469/3469/3469
f 3762/3762/3762 3754/3754/3754 3753/3753/3753 3761/3761/3761
f 3754/3754/3754 3756/3756/3756 3755/3755/3755 3753/3753/3753
f 3756/3756/3756 3750/3750/3750 3468/3468/3468 3755/3755/3755
f 3770/3770/3770 3772/3772/3772 3771/3771/3771 3470/3470/3470
f 3772/3772/3772 3764/3764/3764 3763/3763/3763 3771/3771/3771
f 3764/3764/3764 3766/3766/3766 3765/3765/3765 3763/3763/3763
f 3766/3766/3766 3760/3760/3760 3469/3469/3469 3765/3765/3765
f 3806/3806/3806 3473/3473/3473 3773/3773/3773
f 3774/3774/3774 3806/3806/3806 3776/3776/3776
f 3473/3473/3473 3806/3806/3806 3774/3774/3774
f 3777/3777/3777 3774/3774/3774 3776/3776/3776
f 3471/3471/3471 3777/3777/3777 3775/3775/3775
f 3774/3774/3774 3777/3777/3777 3471/3471/3471
f 3777/3777/3777 3779/3779/3779 3778/3778/3778 3775/3775/3775
f 3779/3779/3779 3770/3770/3770 3470/3470/3470 3778/3778/3778
f 3474/3474/3474 3553/3553/3553 3808/3808/3808 3807/3807/3807
f 3807/3807/3807 3808/3808/3808 3773/3773/3773 3473/3473/3473
f 3555/3555/3555 3476/3476/3476 3551/3551/3551
f 3552/3552/3552 3555/3555/3555 3554/3554/3554
f 3476/3476/3476 3555/3555/3555 3552/3552/3552
f 3552/3552/3552 3554/3554/3554 3553/3553/3553 3474/3474/3474
f 3555/3555/3555 3557/3557/3557 3556/3556/3556 3554/3554/3554
f 3623/3623/3623 3587/3587/3587 3550/3550/3550
f 3586/3586/3586 3623/3623/3623 3477/3477/3477
f 3587/3587/3587 3623/3623/3623 3586/3586/3586
f 3585/3585/3585 3549/3549/3549 3475/3475/3475
f 3587/3587/3587 3585/3585/3585 3550/3550/3550
f 3549/3549/3549 3585/3585/3585 3587/3587/3587
f 3640/3640/3640 3478/3478/3478 3558/3558/3558
f 3559/3559/3559 3640/3640/3640 3560/3560/3560
f 3478/3478/3478 3640/3640/3640 3559/3559/3559
f 3584/3584/3584 3559/3559/3559 3560/3560/3560
f 3476/3476/3476 3584/3584/3584 3551/3551/3551
f 3559/3559/3559 3584/3584/3584 3476/3476/3476
f 3479/3479/3479 3680/3680/3680 3681/3681/3681 3626/3626/3626
f 3679/3679/3679 3586/3586/3586 3477/3477/3477
f 3681/3681/3681 3679/3679/3679 3626/3626/3626
f 3586/3586/3586 3679/3679/3679 3681/3681/3681
f 3677/3677/3677 3624/3624/3624 3627/3627/3627
f 3480/3480/3480 3677/3677/3677 3625/3625/3625
f 3624/3624/3624 3677/3677/3677 3480/3480/3480
f 3678/3678/3678 3479/3479/3479 3626/3626/3626
f 3624/3624/3624 3678/3678/3678 3627/3627/3627
f 3479/3479/3479 3678/3678/3678 3624/3624/3624
f 3675/3675/3675 3628/3628/3628 3630/3630/3630
f 3481/3481/3481 3675/3675/3675 3629/3629/3629
f 3628/3628/3628 3675/3675/3675 3481/3481/3481
f 3676/3676/3676 3480/3480/3480 3625/3625/3625
f 3628/3628/3628 3676/3676/3676 3630/3630/3630
f 3480/3480/3480 3676/3676/3676 3628/3628/3628
f 3673/3673/3673 3631/3631/3631 3633/3633/3633
f 3482/3482/3482 3673/3673/3673 3632/3632/3632
f 3631/3631/3631 3673/3673/3673 3482/3482/3482
f 3674/3674/3674 3481/3481/3481 3629/3629/3629
f 3631/3631/3631 3674/3674/3674 3633/3633/3633
f 3481/3481/3481 3674/3674/3674 3631/3631/3631
f 3671/3671/3671 3634/3634/3634 3636/3636/3636
f 3483/3483/3483 3671/3671/3671 3635/3635/3635
f 3634/3634/3634 3671/3671/3671 3483/3483/3483
f 3672/3672/3672 3482/3482/3482 3632/3632/3632
f 3634/3634/3634 3672/3672/3672 3636/3636/3636
f 3482/3482/3482 3672/3672/3672 3634/3634/3634
f 3669/3669/3669 3637/3637/3637 3639/3639/3639
f 3484/3484/3484 3669/3669/3669 3638/3638/3638
f 3637/3637/3637 3669/3669/3669 3484/3484/3484
f 3670/3670/3670 3483/3483/3483 3635/3635/3635
f 3637/3637/3637 3670/3670/3670 3639/3639/3639
f 3483/3483/3483 3670/3670/3670 3637/3637/3637
f 3485/3485/3485 3641/3641/3641 3643/3643/3643 3642/3642/3642
f 3668/3668/3668 3642/3642/3642 3643/3643/3643
f 3478/3478/3478 3668/3668/3668 3558/3558/3558
f 3642/3642/3642 3668/3668/3668 3478/3478/3478
f 3667/3667/3667 3484/3484/3484 3638/3638/3638
f 3641/3641/3641 3667/3667/3667 3643/3643/3643
f 3484/3484/3484 3667/3667/3667 3641/3641/3641
f 3624/3624/3624 3486/3486/3486 3479/3479/3479
f 3487/3487/3487 3624/3624/3624 3480/3480/3480
f 3486/3486/3486 3624/3624/3624 3487/3487/3487
f 3628/3628/3628 3487/3487/3487 3480/3480/3480
f 3488/3488/3488 3628/3628/3628 3481/3481/3481
f 3487/3487/3487 3628/3628/3628 3488/3488/3488
f 3631/3631/3631 3488/3488/3488 3481/3481/3481
f 3489/3489/3489 3631/3631/3631 3482/3482/3482
f 3488/3488/3488 3631/3631/3631 3489/3489/3489
f 3634/3634/3634 3489/3489/3489 3482/3482/3482
f 3490/3490/3490 3634/3634/3634 3483/3483/3483
f 3489/3489/3489 3634/3634/3634 3490/3490/3490
f 3637/3637/3637 3490/3490/3490 3483/3483/3483
f 3491/3491/3491 3637/3637/3637 3484/3484/3484
f 3490/3490/3490 3637/3637/3637 3491/3491/3491
f 3641/3641/3641 3491/3491/3491 3484/3484/3484
f 3492/3492/3492 3641/3641/3641 3485/3485/3485
f 3491/3491/3491 3641/3641/3641 3492/3492/3492
f 3494/3494/3494 3493/3493/3493 3486/3486/3486 3487/3487/3487
f 3495/3495/3495 3494/3494/3494 3487/3487/3487 3488/3488/3488
f 3496/3496/3496 3495/3495/3495 3488/3488/3488 3489/3489/3489
f 3497/3497/3497 3496/3496/3496 3489/3489/3489 3490/3490/3490
f 3498/3498/3498 3497/3497/3497 3490/3490/3490 3491/3491/3491
f 3499/3499/3499 3498/3498/3498 3491/3491/3491 3492/3492/3492
f 3501/3501/3501 3500/3500/3500 3493/3493/3493 3494/3494/3494
f 3502/3502/3502 3501/3501/3501 3494/3494/3494 3495/3495/3495
f 3503/3503/3503 3502/3502/3502 3495/3495/3495 3496/3496/3496
f 3504/3504/3504 3503/3503/3503 3496/3496/3496 3497/3497/3497
f 3505/3505/3505 3504/3504/3504 3497/3497/3497 3498/3498/3498
f 3506/3506/3506 3505/3505/3505 3498/3498/3498 3499/3499/3499
f 3508/3508/3508 3507/3507/3507 3500/3500/3500 3501/3501/3501
f 3509/3509/3509 3508/3508/3508 3501/3501/3501 3502/3502/3502
f 3510/3510/3510 3509/3509/3509 3502/3502/3502 3503/3503/3503
f 3511/3511/3511 3510/3510/3510 3503/3503/3503 3504/3504/3504
f 3512/3512/3512 3511/3511/3511 3504/3504/3504 3505/3505/3505
f 3513/3513/3513 3512/3512/3512 3505/3505/3505 3506/3506/3506
f 3852/3852/3852 3876/3876/3876 3853/3853/3853
f 3877/3877/3877 3853/3853/3853 3876/3876/3876
f 3851/3851/3851 3873/3873/3873 3876/3876/3876 3852/3852/3852
f 3875/3875/3875 3878/3878/3878 3877/3877/3877
f 3458/3458/3458 3875/3875/3875 3451/3451/3451
f 3876/3876/3876 3875/3875/3875 3877/3877/3877
f 3873/3873/3873 3851/3851/3851 3850/3850/3850
f 3874/3874/3874 3850/3850/3850 3849/3849/3849
f 3850/3850/3850 3874/3874/3874 3873/3873/3873
f 3874/3874/3874 3849/3849/3849 3848/3848/3848 3870/3870/3870
f 3458/3458/3458 3878/3878/3878 3875/3875/3875
f 3725/3725/3725 3879/3879/3879 3458/3458/3458
f 3878/3878/3878 3458/3458/3458 3879/3879/3879
f 3728/3728/3728 3879/3879/3879 3725/3725/3725
f 3725/3725/3725 3465/3465/3465 3728/3728/3728
f 3880/3880/3880 3879/3879/3879 3728/3728/3728
f 3694/3694/3694 3721/3721/3721 3722/3722/3722
f 3719/3719/3719 3695/3695/3695 3694/3694/3694 3722/3722/3722
f 3695/3695/3695 3719/3719/3719 3732/3732/3732 3696/3696/3696
f 3697/3697/3697 3696/3696/3696 3732/3732/3732
f 3721/3721/3721 3694/3694/3694 3821/3821/3821 3718/3718/3718
f 3729/3729/3729 3881/3881/3881 3880/3880/3880 3728/3728/3728
f 3847/3847/3847 3871/3871/3871 3870/3870/3870 3848/3848/3848
f 3871/3871/3871 3847/3847/3847 3846/3846/3846
f 3871/3871/3871 3846/3846/3846 3845/3845/3845 3867/3867/3867
f 3844/3844/3844 3868/3868/3868 3867/3867/3867 3845/3845/3845
f 3843/3843/3843 3864/3864/3864 3868/3868/3868 3844/3844/3844
f 3842/3842/3842 3864/3864/3864 3843/3843/3843
f 3734/3734/3734 3700/3700/3700 3699/3699/3699 3736/3736/3736
f 3697/3697/3697 3730/3730/3730 3698/3698/3698
f 3736/3736/3736 3699/3699/3699 3698/3698/3698 3730/3730/3730
f 3742/3742/3742 3701/3701/3701 3700/3700/3700 3734/3734/3734
f 3740/3740/3740 3702/3702/3702 3701/3701/3701 3742/3742/3742
f 3746/3746/3746 3703/3703/3703 3702/3702/3702 3740/3740/3740
f 3752/3752/3752 3705/3705/3705 3704/3704/3704 3744/3744/3744
f 3744/3744/3744 3704/3704/3704 3703/3703/3703 3746/3746/3746
f 3750/3750/3750 3706/3706/3706 3705/3705/3705 3752/3752/3752
f 3732/3732/3732 3730/3730/3730 3697/3697/3697
f 3820/3820/3820 3718/3718/3718 3821/3821/3821
f 3819/3819/3819 3718/3718/3718 3820/3820/3820
f 3809/3809/3809 3816/3816/3816 3805/3805/3805 3472/3472/3472
f 3718/3718/3718 3819/3819/3819 3818/3818/3818 3809/3809/3809
f 3809/3809/3809 3818/3818/3818 3817/3817/3817
f 3804/3804/3804 3472/3472/3472 3805/3805/3805
f 3816/3816/3816 3809/3809/3809 3817/3817/3817
f 3881/3881/3881 3729/3729/3729 3727/3727/3727
f 3472/3472/3472 3518/3518/3518 3727/3727/3727
f 3881/3881/3881 3727/3727/3727 3518/3518/3518
f 3518/3518/3518 3472/3472/3472 3519/3519/3519
f 3519/3519/3519 3472/3472/3472 3928/3928/3928 3520/3520/3520
f 3549/3549/3549 3525/3525/3525 3526/3526/3526
f 3526/3526/3526 3525/3525/3525 3524/3524/3524
f 3527/3527/3527 3526/3526/3526 3524/3524/3524
f 3802/3802/3802 3472/3472/3472 3803/3803/3803
f 3801/3801/3801 3472/3472/3472 3802/3802/3802
f 3531/3531/3531 3530/3530/3530 3524/3524/3524
f 3524/3524/3524 3529/3529/3529 3528/3528/3528
f 3528/3528/3528 3527/3527/3527 3524/3524/3524
f 3472/3472/3472 3801/3801/3801 3928/3928/3928
f 3804/3804/3804 3803/3803/3803 3472/3472/3472
f 3524/3524/3524 3530/3530/3530 3529/3529/3529
f 3800/3800/3800 3799/3799/3799 3928/3928/3928
f 3928/3928/3928 3798/3798/3798 3797/3797/3797
f 3928/3928/3928 3801/3801/3801 3800/3800/3800
f 3795/3795/3795 3928/3928/3928 3796/3796/3796
f 3928/3928/3928 3795/3795/3795 3794/3794/3794 3929/3929/3929
f 3796/3796/3796 3928/3928/3928 3797/3797/3797
f 3799/3799/3799 3798/3798/3798 3928/3928/3928
f 3532/3532/3532 3531/3531/3531 3523/3523/3523
f 3533/3533/3533 3532/3532/3532 3523/3523/3523
f 3929/3929/3929 3794/3794/3794 3793/3793/3793
f 3522/3522/3522 3538/3538/3538 3537/3537/3537 3523/3523/3523
f 3533/3533/3533 3523/3523/3523 3534/3534/3534
f 3534/3534/3534 3523/3523/3523 3535/3535/3535
f 3523/3523/3523 3536/3536/3536 3535/3535/3535
f 3523/3523/3523 3537/3537/3537 3536/3536/3536
f 3929/3929/3929 3521/3521/3521 3520/3520/3520 3928/3928/3928
f 3531/3531/3531 3524/3524/3524 3523/3523/3523
f 3706/3706/3706 3750/3750/3750 3756/3756/3756 3707/3707/3707
f 3865/3865/3865 3842/3842/3842 3841/3841/3841
f 3840/3840/3840 3861/3861/3861 3865/3865/3865 3841/3841/3841
f 3864/3864/3864 3842/3842/3842 3865/3865/3865
f 3754/3754/3754 3708/3708/3708 3707/3707/3707 3756/3756/3756
f 3862/3862/3862 3839/3839/3839 3838/3838/3838
f 3837/3837/3837 3858/3858/3858 3862/3862/3862 3838/3838/3838
f 3861/3861/3861 3840/3840/3840 3839/3839/3839 3862/3862/3862
f 3836/3836/3836 3859/3859/3859 3858/3858/3858 3837/3837/3837
f 3760/3760/3760 3711/3711/3711 3710/3710/3710 3762/3762/3762
f 3709/3709/3709 3708/3708/3708 3754/3754/3754
f 3754/3754/3754 3762/3762/3762 3709/3709/3709
f 3762/3762/3762 3710/3710/3710 3709/3709/3709
f 3764/3764/3764 3713/3713/3713 3712/3712/3712 3766/3766/3766
f 3772/3772/3772 3714/3714/3714 3713/3713/3713 3764/3764/3764
f 3779/3779/3779 3716/3716/3716 3715/3715/3715 3770/3770/3770
f 3770/3770/3770 3715/3715/3715 3714/3714/3714 3772/3772/3772
f 3711/3711/3711 3760/3760/3760 3766/3766/3766 3712/3712/3712
f 3859/3859/3859 3836/3836/3836 3835/3835/3835
f 3855/3855/3855 3835/3835/3835 3834/3834/3834
f 3855/3855/3855 3834/3834/3834 3833/3833/3833 3856/3856/3856
f 3835/3835/3835 3855/3855/3855 3859/3859/3859
f 3832/3832/3832 3927/3927/3927 3833/3833/3833
f 3856/3856/3856 3833/3833/3833 3927/3927/3927
f 3856/3856/3856 3927/3927/3927 3926/3926/3926 3854/3854/3854
f 3925/3925/3925 3854/3854/3854 3926/3926/3926
f 3854/3854/3854 3464/3464/3464 3457/3457/3457
f 3924/3924/3924 3854/3854/3854 3925/3925/3925
f 3464/3464/3464 3854/3854/3854 3924/3924/3924
f 3464/3464/3464 3922/3922/3922 3921/3921/3921 3780/3780/3780
f 3716/3716/3716 3779/3779/3779 3777/3777/3777
f 3471/3471/3471 3919/3919/3919 3918/3918/3918 3774/3774/3774
f 3780/3780/3780 3920/3920/3920 3919/3919/3919 3471/3471/3471
f 3464/3464/3464 3924/3924/3924 3923/3923/3923
f 3464/3464/3464 3923/3923/3923 3922/3922/3922
f 3780/3780/3780 3921/3921/3921 3920/3920/3920
f 3791/3791/3791 3929/3929/3929 3792/3792/3792
f 3929/3929/3929 3791/3791/3791 3790/3790/3790 3930/3930/3930
f 3930/3930/3930 3789/3789/3789 3788/3788/3788
f 3930/3930/3930 3788/3788/3788 3787/3787/3787
f 3776/3776/3776 3811/3811/3811 3810/3810/3810
f 3776/3776/3776 3812/3812/3812 3811/3811/3811
f 3776/3776/3776 3810/3810/3810 3716/3716/3716
f 3521/3521/3521 3930/3930/3930 3931/3931/3931 3514/3514/3514
f 3930/3930/3930 3521/3521/3521 3929/3929/3929
f 3790/3790/3790 3789/3789/3789 3930/3930/3930
f 3786/3786/3786 3930/3930/3930 3787/3787/3787
f 3543/3543/3543 3522/3522/3522 3544/3544/3544
f 3538/3538/3538 3522/3522/3522 3539/3539/3539
f 3784/3784/3784 3931/3931/3931 3785/3785/3785
f 3785/3785/3785 3931/3931/3931 3786/3786/3786
f 3783/3783/3783 3931/3931/3931 3784/3784/3784
f 3514/3514/3514 3773/3773/3773 3808/3808/3808
f 3931/3931/3931 3930/3930/3930 3786/3786/3786
f 3553/3553/3553 3516/3516/3516 3515/3515/3515
f 3808/3808/3808 3515/3515/3515 3514/3514/3514
f 3557/3557/3557 3547/3547/3547 3517/3517/3517
f 3517/3517/3517 3516/3516/3516 3556/3556/3556
f 3806/3806/3806 3813/3813/3813 3812/3812/3812 3776/3776/3776
f 3814/3814/3814 3813/3813/3813 3806/3806/3806
f 3806/3806/3806 3815/3815/3815 3814/3814/3814
f 3773/3773/3773 3783/3783/3783 3815/3815/3815 3806/3806/3806
f 3916/3916/3916 3473/3473/3473 3774/3774/3774 3917/3917/3917
f 3774/3774/3774 3918/3918/3918 3917/3917/3917
f 3473/3473/3473 3916/3916/3916 3915/3915/3915 3807/3807/3807
f 3773/3773/3773 3931/3931/3931 3783/3783/3783
f 3808/3808/3808 3553/3553/3553 3515/3515/3515
f 3931/3931/3931 3773/3773/3773 3514/3514/3514
f 3554/3554/3554 3556/3556/3556 3553/3553/3553
f 3557/3557/3557 3555/3555/3555 3548/3548/3548
f 3516/3516/3516 3553/3553/3553 3556/3556/3556
f 3913/3913/3913 3474/3474/3474 3807/3807/3807 3914/3914/3914
f 3915/3915/3915 3914/3914/3914 3807/3807/3807
f 3474/3474/3474 3912/3912/3912 3911/3911/3911 3552/3552/3552
f 3910/3910/3910 3476/3476/3476 3552/3552/3552 3911/3911/3911
f 3913/3913/3913 3912/3912/3912 3474/3474/3474
f 3556/3556/3556 3557/3557/3557 3517/3517/3517
f 3522/3522/3522 3540/3540/3540 3539/3539/3539
f 3776/3776/3776 3716/3716/3716 3777/3777/3777
f 3793/3793/3793 3792/3792/3792 3929/3929/3929
f 3599/3599/3599 3475/3475/3475 3526/3526/3526
f 3549/3549/3549 3526/3526/3526 3475/3475/3475
f 3598/3598/3598 3475/3475/3475 3599/3599/3599
f 3597/3597/3597 3475/3475/3475 3598/3598/3598
f 3585/3585/3585 3595/3595/3595 3594/3594/3594 3550/3550/3550
f 3475/3475/3475 3597/3597/3597 3596/3596/3596 3585/3585/3585
f 3822/3822/3822 3525/3525/3525 3549/3549/3549
f 3585/3585/3585 3596/3596/3596 3595/3595/3595
f 3594/3594/3594 3583/3583/3583 3550/3550/3550
f 3582/3582/3582 3601/3601/3601 3600/3600/3600 3583/3583/3583
f 3822/3822/3822 3549/3549/3549 3587/3587/3587
f 3550/3550/3550 3583/3583/3583 3600/3600/3600 3623/3623/3623
f 3477/3477/3477 3690/3690/3690 3689/3689/3689 3679/3679/3679
f 3586/3586/3586 3823/3823/3823 3822/3822/3822 3587/3587/3587
f 3623/3623/3623 3693/3693/3693 3692/3692/3692 3477/3477/3477
f 3623/3623/3623 3600/3600/3600 3693/3693/3693
f 3477/3477/3477 3691/3691/3691 3690/3690/3690
f 3689/3689/3689 3688/3688/3688 3679/3679/3679
f 3691/3691/3691 3477/3477/3477 3692/3692/3692
f 3681/3681/3681 3823/3823/3823 3586/3586/3586
f 3580/3580/3580 3603/3603/3603 3602/3602/3602 3581/3581/3581
f 3579/3579/3579 3604/3604/3604 3603/3603/3603 3580/3580/3580
f 3577/3577/3577 3606/3606/3606 3605/3605/3605 3578/3578/3578
f 3576/3576/3576 3607/3607/3607 3606/3606/3606 3577/3577/3577
f 3578/3578/3578 3605/3605/3605 3604/3604/3604 3579/3579/3579
f 3574/3574/3574 3609/3609/3609 3608/3608/3608 3575/3575/3575
f 3573/3573/3573 3610/3610/3610 3609/3609/3609 3574/3574/3574
f 3571/3571/3571 3612/3612/3612 3611/3611/3611 3572/3572/3572
f 3570/3570/3570 3613/3613/3613 3612/3612/3612 3571/3571/3571
f 3572/3572/3572 3611/3611/3611 3610/3610/3610 3573/3573/3573
f 3575/3575/3575 3608/3608/3608 3607/3607/3607 3576/3576/3576
f 3601/3601/3601 3582/3582/3582 3581/3581/3581 3602/3602/3602
f 3613/3613/3613 3570/3570/3570 3569/3569/3569 3614/3614/3614
f 3626/3626/3626 3679/3679/3679 3666/3666/3666
f 3824/3824/3824 3681/3681/3681 3680/3680/3680
f 3825/3825/3825 3824/3824/3824 3680/3680/3680
f 3678/3678/3678 3626/3626/3626 3666/3666/3666
f 3824/3824/3824 3823/3823/3823 3681/3681/3681
f 3664/3664/3664 3677/3677/3677 3627/3627/3627 3665/3665/3665
f 3677/3677/3677 3664/3664/3664 3663/3663/3663
f 3678/3678/3678 3666/3666/3666 3665/3665/3665 3627/3627/3627
f 3677/3677/3677 3663/3663/3663 3625/3625/3625
f 3486/3486/3486 3826/3826/3826 3825/3825/3825
f 3826/3826/3826 3486/3486/3486 3493/3493/3493 3827/3827/3827
f 3500/3500/3500 3829/3829/3829 3828/3828/3828
f 3507/3507/3507 3830/3830/3830 3829/3829/3829
f 3827/3827/3827 3493/3493/3493 3500/3500/3500 3828/3828/3828
f 3479/3479/3479 3486/3486/3486 3680/3680/3680
f 3500/3500/3500 3507/3507/3507 3829/3829/3829
f 3831/3831/3831 3507/3507/3507 3882/3882/3882
f 3507/3507/3507 3831/3831/3831 3830/3830/3830
f 3825/3825/3825 3680/3680/3680 3486/3486/3486
f 3508/3508/3508 3883/3883/3883 3882/3882/3882 3507/3507/3507
f 3661/3661/3661 3676/3676/3676 3625/3625/3625 3662/3662/3662
f 3660/3660/3660 3630/3630/3630 3676/3676/3676 3661/3661/3661
f 3659/3659/3659 3675/3675/3675 3630/3630/3630 3660/3660/3660
f 3658/3658/3658 3629/3629/3629 3675/3675/3675 3659/3659/3659
f 3625/3625/3625 3663/3663/3663 3662/3662/3662
f 3657/3657/3657 3674/3674/3674 3629/3629/3629 3658/3658/3658
f 3656/3656/3656 3633/3633/3633 3674/3674/3674 3657/3657/3657
f 3654/3654/3654 3632/3632/3632 3673/3673/3673 3655/3655/3655
f 3653/3653/3653 3672/3672/3672 3632/3632/3632 3654/3654/3654
f 3655/3655/3655 3673/3673/3673 3633/3633/3633 3656/3656/3656
f 3509/3509/3509 3884/3884/3884 3883/3883/3883 3508/3508/3508
f 3884/3884/3884 3510/3510/3510 3511/3511/3511 3885/3885/3885
f 3510/3510/3510 3884/3884/3884 3509/3509/3509
f 3679/3679/3679 3688/3688/3688 3666/3666/3666
f 3652/3652/3652 3636/3636/3636 3672/3672/3672 3653/3653/3653
f 3522/3522/3522 3541/3541/3541 3540/3540/3540
f 3522/3522/3522 3542/3542/3542 3541/3541/3541
f 3568/3568/3568 3615/3615/3615 3614/3614/3614 3569/3569/3569
f 3567/3567/3567 3616/3616/3616 3615/3615/3615 3568/3568/3568
f 3544/3544/3544 3522/3522/3522 3517/3517/3517
f 3544/3544/3544 3517/3517/3517 3545/3545/3545
f 3517/3517/3517 3547/3547/3547 3546/3546/3546
f 3557/3557/3557 3548/3548/3548 3547/3547/3547
f 3517/3517/3517 3546/3546/3546 3545/3545/3545
f 3522/3522/3522 3543/3543/3543 3542/3542/3542
f 3565/3565/3565 3618/3618/3618 3617/3617/3617 3566/3566/3566
f 3566/3566/3566 3617/3617/3617 3616/3616/3616 3567/3567/3567
f 3563/3563/3563 3620/3620/3620 3619/3619/3619 3564/3564/3564
f 3562/3562/3562 3621/3621/3621 3620/3620/3620 3563/3563/3563
f 3564/3564/3564 3619/3619/3619 3618/3618/3618 3565/3565/3565
f 3621/3621/3621 3562/3562/3562 3561/3561/3561 3622/3622/3622
f 3551/3551/3551 3589/3589/3589 3588/3588/3588
f 3551/3551/3551 3590/3590/3590 3589/3589/3589
f 3584/3584/3584 3592/3592/3592 3591/3591/3591
f 3584/3584/3584 3593/3593/3593 3592/3592/3592
f 3584/3584/3584 3591/3591/3591 3590/3590/3590
f 3909/3909/3909 3476/3476/3476 3910/3910/3910
f 3476/3476/3476 3909/3909/3909 3908/3908/3908 3559/3559/3559
f 3590/3590/3590 3551/3551/3551 3584/3584/3584
f 3593/3593/3593 3560/3560/3560 3561/3561/3561
f 3560/3560/3560 3593/3593/3593 3584/3584/3584
f 3551/3551/3551 3588/3588/3588 3548/3548/3548
f 3640/3640/3640 3622/3622/3622 3561/3561/3561 3560/3560/3560
f 3622/3622/3622 3640/3640/3640 3682/3682/3682
f 3683/3683/3683 3682/3682/3682 3640/3640/3640
f 3684/3684/3684 3683/3683/3683 3558/3558/3558
f 3685/3685/3685 3684/3684/3684 3558/3558/3558
f 3559/3559/3559 3908/3908/3908 3907/3907/3907
f 3559/3559/3559 3907/3907/3907 3478/3478/3478
f 3478/3478/3478 3907/3907/3907 3906/3906/3906
f 3478/3478/3478 3906/3906/3906 3905/3905/3905 3642/3642/3642
f 3558/3558/3558 3683/3683/3683 3640/3640/3640
f 3685/3685/3685 3558/3558/3558 3686/3686/3686
f 3551/3551/3551 3548/3548/3548 3555/3555/3555
f 3636/3636/3636 3652/3652/3652 3651/3651/3651
f 3671/3671/3671 3651/3651/3651 3650/3650/3650
f 3648/3648/3648 3670/3670/3670 3635/3635/3635 3649/3649/3649
f 3647/3647/3647 3639/3639/3639 3670/3670/3670 3648/3648/3648
f 3649/3649/3649 3635/3635/3635 3671/3671/3671 3650/3650/3650
f 3668/3668/3668 3687/3687/3687 3686/3686/3686
f 3644/3644/3644 3687/3687/3687 3668/3668/3668
f 3645/3645/3645 3638/3638/3638 3669/3669/3669 3646/3646/3646
f 3644/3644/3644 3667/3667/3667 3638/3638/3638 3645/3645/3645
f 3643/3643/3643 3644/3644/3644 3668/3668/3668
f 3646/3646/3646 3669/3669/3669 3639/3639/3639 3647/3647/3647
f 3651/3651/3651 3671/3671/3671 3636/3636/3636
f 3885/3885/3885 3511/3511/3511 3512/3512/3512 3886/3886/3886
f 3886/3886/3886 3512/3512/3512 3513/3513/3513 3887/3887/3887
f 3644/3644/3644 3643/3643/3643 3667/3667/3667
f 3904/3904/3904 3642/3642/3642 3905/3905/3905
f 3485/3485/3485 3642/3642/3642 3904/3904/3904
f 3903/3903/3903 3485/3485/3485 3904/3904/3904
f 3485/3485/3485 3902/3902/3902 3901/3901/3901 3492/3492/3492
f 3492/3492/3492 3899/3899/3899 3898/3898/3898 3499/3499/3499
f 3485/3485/3485 3903/3903/3903 3902/3902/3902
f 3492/3492/3492 3900/3900/3900 3899/3899/3899
f 3900/3900/3900 3492/3492/3492 3901/3901/3901
f 3898/3898/3898 3897/3897/3897 3499/3499/3499
f 3896/3896/3896 3499/3499/3499 3897/3897/3897
f 3895/3895/3895 3499/3499/3499 3896/3896/3896
f 3506/3506/3506 3893/3893/3893 3892/3892/3892 3513/3513/3513
f 3894/3894/3894 3506/3506/3506 3895/3895/3895
f 3499/3499/3499 3895/3895/3895 3506/3506/3506
f 3887/3887/3887 3513/3513/3513 3889/3889/3889
f 3506/3506/3506 3894/3894/3894 3893/3893/3893
f 3513/3513/3513 3891/3891/3891 3890/3890/3890
f 3887/3887/3887 3889/3889/3889 3888/3888/3888
f 3889/3889/3889 3513/3513/3513 3890/3890/3890
f 3891/3891/3891 3513/3513/3513 3892/3892/3892
f 3686/3686/3686 3558/3558/3558 3668/3668/3668
f 3932/3932/3932 3947/3947/3947 4013/4013/4013 3933/3933/3933
f 3948/3948/3948 3949/3949/3949 4011/4011/4011 4012/4012/4012
f 3949/3949/3949 3934/3934/3934 4010/4010/4010 4011/4011/4011
f 3947/3947/3947 3948/3948/3948 4012/4012/4012 4013/4013/4013
f 3950/3950/3950 3951/3951/3951 4008/4008/4008 4009/4009/4009
f 3952/3952/3952 3935/3935/3935 3936/3936/3936 4007/4007/4007
f 3935/3935/3935 3953/3953/3953 4006/4006/4006 3936/3936/3936
f 3951/3951/3951 3952/3952/3952 4007/4007/4007 4008/4008/4008
f 3934/3934/3934 3950/3950/3950 4009/4009/4009 4010/4010/4010
f 3954/3954/3954 3955/3955/3955 4004/4004/4004 4005/4005/4005
f 3956/3956/3956 3957/3957/3957 4002/4002/4002 4003/4003/4003
f 3957/3957/3957 3958/3958/3958 4001/4001/4001 4002/4002/4002
f 3955/3955/3955 3956/3956/3956 4003/4003/4003 4004/4004/4004
f 3937/3937/3937 3938/3938/3938 4000/4000/4000 3959/3959/3959
f 3960/3960/3960 3961/3961/3961 3998/3998/3998 3999/3999/3999
f 3961/3961/3961 3962/3962/3962 3997/3997/3997 3998/3998/3998
f 3937/3937/3937 3960/3960/3960 3999/3999/3999 3938/3938/3938
f 3958/3958/3958 3959/3959/3959 4000/4000/4000 4001/4001/4001
f 3953/3953/3953 3954/3954/3954 4005/4005/4005 4006/4006/4006
f 3939/3939/3939 3997/3997/3997 3962/3962/3962 3963/3963/3963
f 3964/3964/3964 3965/3965/3965 3995/3995/3995 3996/3996/3996
f 3966/3966/3966 3967/3967/3967 3993/3993/3993 3994/3994/3994
f 3968/3968/3968 3992/3992/3992 3993/3993/3993 3967/3967/3967
f 3965/3965/3965 3966/3966/3966 3994/3994/3994 3995/3995/3995
f 3969/3969/3969 3970/3970/3970 3990/3990/3990 3991/3991/3991
f 3971/3971/3971 3972/3972/3972 3989/3989/3989 3940/3940/3940
f 3972/3972/3972 3973/3973/3973 3988/3988/3988 3989/3989/3989
f 3970/3970/3970 3971/3971/3971 3940/3940/3940 3990/3990/3990
f 3968/3968/3968 3969/3969/3969 3991/3991/3991 3992/3992/3992
f 3941/3941/3941 3942/3942/3942 3987/3987/3987 3974/3974/3974
f 3975/3975/3975 3976/3976/3976 3985/3985/3985 3986/3986/3986
f 3976/3976/3976 3977/3977/3977 3984/3984/3984 3985/3985/3985
f 3941/3941/3941 3975/3975/3975 3986/3986/3986 3942/3942/3942
f 3978/3978/3978 3983/3983/3983 3944/3944/3944 3943/3943/3943
f 3979/3979/3979 3980/3980/3980 3981/3981/3981 3982/3982/3982
f 3980/3980/3980 3945/3945/3945 3946/3946/3946 3981/3981/3981
f 3978/3978/3978 3979/3979/3979 3982/3982/3982 3983/3983/3983
f 3943/3943/3943 3944/3944/3944 3984/3984/3984 3977/3977/3977
f 3973/3973/3973 3974/3974/3974 3987/3987/3987 3988/3988/3988
f 3996/3996/3996 3939/3939/3939 3963/3963/3963 3964/3964/3964
f 4558/4558/4558 4556/4556/4556 4557/4557/4557
f 4014/4014/4014 4558/4558/4558 4548/4548/4548
f 4556/4556/4556 4558/4558/4558 4014/4014/4014
f 4548/4548/4548 4558/4558/4558 4560/4560/4560 4554/4554/4554
f 4558/4558/4558 4557/4557/4557 4559/4559/4559 4560/4560/4560
f 4557/4557/4557 4561/4561/4561 4562/4562/4562 4559/4559/4559
f 4550/4550/4550 4095/4095/4095 4549/4549/4549
f 4015/4015/4015 4550/4550/4550 4100/4100/4100
f 4095/4095/4095 4550/4550/4550 4015/4015/4015
f 4100/4100/4100 4550/4550/4550 4552/4552/4552 4546/4546/4546
f 4550/4550/4550 4549/4549/4549 4551/4551/4551 4552/4552/4552
f 4549/4549/4549 4553/4553/4553 4555/4555/4555 4551/4551/4551
f 4553/4553/4553 4548/4548/4548 4554/4554/4554 4555/4555/4555
f 4553/4553/4553 4014/4014/4014 4548/4548/4548
f 4095/4095/4095 4553/4553/4553 4549/4549/4549
f 4014/4014/4014 4553/4553/4553 4095/4095/4095
f 4229/4229/4229 4542/4542/4542 4099/4099/4099 4016/4016/4016
f 4542/4542/4542 4229/4229/4229 4090/4090/4090 4101/4101/4101
f 4099/4099/4099 4542/4542/4542 4544/4544/4544 4540/4540/4540
f 4542/4542/4542 4101/4101/4101 4543/4543/4543 4544/4544/4544
f 4101/4101/4101 4545/4545/4545 4547/4547/4547 4543/4543/4543
f 4545/4545/4545 4100/4100/4100 4546/4546/4546 4547/4547/4547
f 4098/4098/4098 4545/4545/4545 4101/4101/4101 4090/4090/4090
f 4545/4545/4545 4098/4098/4098 4015/4015/4015 4100/4100/4100
f 4536/4536/4536 4116/4116/4116 4119/4119/4119
f 4017/4017/4017 4536/4536/4536 4118/4118/4118
f 4116/4116/4116 4536/4536/4536 4017/4017/4017
f 4118/4118/4118 4536/4536/4536 4538/4538/4538 4534/4534/4534
f 4536/4536/4536 4119/4119/4119 4537/4537/4537 4538/4538/4538
f 4119/4119/4119 4539/4539/4539 4541/4541/4541 4537/4537/4537
f 4539/4539/4539 4099/4099/4099 4540/4540/4540 4541/4541/4541
f 4117/4117/4117 4539/4539/4539 4119/4119/4119 4116/4116/4116
f 4539/4539/4539 4117/4117/4117 4016/4016/4016 4099/4099/4099
f 4530/4530/4530 4528/4528/4528 4529/4529/4529
f 4018/4018/4018 4530/4530/4530 4520/4520/4520
f 4528/4528/4528 4530/4530/4530 4018/4018/4018
f 4520/4520/4520 4530/4530/4530 4532/4532/4532 4526/4526/4526
f 4530/4530/4530 4529/4529/4529 4531/4531/4531 4532/4532/4532
f 4529/4529/4529 4533/4533/4533 4535/4535/4535 4531/4531/4531
f 4533/4533/4533 4118/4118/4118 4534/4534/4534 4535/4535/4535
f 4533/4533/4533 4017/4017/4017 4118/4118/4118
f 4528/4528/4528 4533/4533/4533 4529/4529/4529
f 4017/4017/4017 4533/4533/4533 4528/4528/4528
f 4522/4522/4522 4519/4519/4519 4521/4521/4521
f 4019/4019/4019 4522/4522/4522 4511/4511/4511
f 4519/4519/4519 4522/4522/4522 4019/4019/4019
f 4511/4511/4511 4522/4522/4522 4524/4524/4524 4517/4517/4517
f 4522/4522/4522 4521/4521/4521 4523/4523/4523 4524/4524/4524
f 4521/4521/4521 4525/4525/4525 4527/4527/4527 4523/4523/4523
f 4525/4525/4525 4520/4520/4520 4526/4526/4526 4527/4527/4527
f 4525/4525/4525 4018/4018/4018 4520/4520/4520
f 4519/4519/4519 4525/4525/4525 4521/4521/4521
f 4018/4018/4018 4525/4525/4525 4519/4519/4519
f 4513/4513/4513 4510/4510/4510 4512/4512/4512
f 4020/4020/4020 4513/4513/4513 4502/4502/4502
f 4510/4510/4510 4513/4513/4513 4020/4020/4020
f 4502/4502/4502 4513/4513/4513 4515/4515/4515 4508/4508/4508
f 4513/4513/4513 4512/4512/4512 4514/4514/4514 4515/4515/4515
f 4512/4512/4512 4516/4516/4516 4518/4518/4518 4514/4514/4514
f 4516/4516/4516 4511/4511/4511 4517/4517/4517 4518/4518/4518
f 4516/4516/4516 4019/4019/4019 4511/4511/4511
f 4510/4510/4510 4516/4516/4516 4512/4512/4512
f 4019/4019/4019 4516/4516/4516 4510/4510/4510
f 4504/4504/4504 4503/4503/4503 4505/4505/4505 4506/4506/4506
f 4503/4503/4503 4507/4507/4507 4509/4509/4509 4505/4505/4505
f 4507/4507/4507 4502/4502/4502 4508/4508/4508 4509/4509/4509
f 4507/4507/4507 4020/4020/4020 4502/4502/4502
f 4501/4501/4501 4507/4507/4507 4503/4503/4503
f 4020/4020/4020 4507/4507/4507 4501/4501/4501
f 4097/4097/4097 4096/4096/4096 4014/4014/4014 4095/4095/4095
f 4092/4092/4092 4021/4021/4021 4096/4096/4096 4097/4097/4097
f 4528/4528/4528 4115/4115/4115 4017/4017/4017
f 4115/4115/4115 4023/4023/4023 4022/4022/4022
f 4023/4023/4023 4528/4528/4528 4018/4018/4018
f 4528/4528/4528 4023/4023/4023 4115/4115/4115
f 4519/4519/4519 4023/4023/4023 4018/4018/4018
f 4024/4024/4024 4519/4519/4519 4019/4019/4019
f 4023/4023/4023 4519/4519/4519 4024/4024/4024
f 4510/4510/4510 4024/4024/4024 4019/4019/4019
f 4025/4025/4025 4510/4510/4510 4020/4020/4020
f 4024/4024/4024 4510/4510/4510 4025/4025/4025
f 4094/4094/4094 4093/4093/4093 4021/4021/4021 4092/4092/4092
f 4091/4091/4091 4026/4026/4026 4093/4093/4093 4094/4094/4094
f 4206/4206/4206 4216/4216/4216 4215/4215/4215 4083/4083/4083
f 4216/4216/4216 4189/4189/4189 4085/4085/4085 4215/4215/4215
f 4083/4083/4083 4215/4215/4215 4236/4236/4236 4124/4124/4124
f 4215/4215/4215 4085/4085/4085 4087/4087/4087 4236/4236/4236
f 4085/4085/4085 4086/4086/4086 4089/4089/4089 4087/4087/4087
f 4086/4086/4086 4084/4084/4084 4088/4088/4088 4089/4089/4089
f 4189/4189/4189 4191/4191/4191 4086/4086/4086 4085/4085/4085
f 4191/4191/4191 4190/4190/4190 4084/4084/4084 4086/4086/4086
f 4121/4121/4121 4122/4122/4122 4125/4125/4125 4123/4123/4123
f 4122/4122/4122 4083/4083/4083 4124/4124/4124 4125/4125/4125
f 4205/4205/4205 4207/4207/4207 4122/4122/4122 4121/4121/4121
f 4207/4207/4207 4206/4206/4206 4083/4083/4083 4122/4122/4122
f 4120/4120/4120 4028/4028/4028 4027/4027/4027
f 4023/4023/4023 4120/4120/4120 4022/4022/4022
f 4028/4028/4028 4120/4120/4120 4023/4023/4023
f 4029/4029/4029 4028/4028/4028 4023/4023/4023 4024/4024/4024
f 4030/4030/4030 4029/4029/4029 4024/4024/4024 4025/4025/4025
f 4188/4188/4188 4187/4187/4187 4026/4026/4026 4091/4091/4091
f 4150/4150/4150 4031/4031/4031 4187/4187/4187 4188/4188/4188
f 4208/4208/4208 4033/4033/4033 4032/4032/4032
f 4028/4028/4028 4208/4208/4208 4027/4027/4027
f 4033/4033/4033 4208/4208/4208 4028/4028/4028
f 4034/4034/4034 4033/4033/4033 4028/4028/4028 4029/4029/4029
f 4035/4035/4035 4034/4034/4034 4029/4029/4029 4030/4030/4030
f 4150/4150/4150 4149/4149/4149 4152/4152/4152
f 4152/4152/4152 4151/4151/4151 4031/4031/4031 4150/4150/4150
f 4142/4142/4142 4036/4036/4036 4151/4151/4151 4152/4152/4152
f 4167/4167/4167 4032/4032/4032 4166/4166/4166
f 4166/4166/4166 4038/4038/4038 4037/4037/4037
f 4033/4033/4033 4166/4166/4166 4032/4032/4032
f 4038/4038/4038 4166/4166/4166 4033/4033/4033
f 4039/4039/4039 4038/4038/4038 4033/4033/4033 4034/4034/4034
f 4040/4040/4040 4039/4039/4039 4034/4034/4034 4035/4035/4035
f 4144/4144/4144 4143/4143/4143 4036/4036/4036 4142/4142/4142
f 4141/4141/4141 4041/4041/4041 4143/4143/4143 4144/4144/4144
f 4169/4169/4169 4045/4045/4045 4044/4044/4044
f 4038/4038/4038 4169/4169/4169 4037/4037/4037
f 4045/4045/4045 4169/4169/4169 4038/4038/4038
f 4046/4046/4046 4045/4045/4045 4038/4038/4038 4039/4039/4039
f 4047/4047/4047 4046/4046/4046 4039/4039/4039 4040/4040/4040
f 4147/4147/4147 4141/4141/4141 4042/4042/4042
f 4141/4141/4141 4048/4048/4048 4041/4041/4041
f 4048/4048/4048 4147/4147/4147 4049/4049/4049
f 4147/4147/4147 4048/4048/4048 4141/4141/4141
f 4050/4050/4050 4145/4145/4145 4148/4148/4148 4146/4146/4146
f 4249/4249/4249 4148/4148/4148 4139/4139/4139
f 4146/4146/4146 4249/4249/4249 4043/4043/4043
f 4148/4148/4148 4249/4249/4249 4146/4146/4146
f 4140/4140/4140 4147/4147/4147 4042/4042/4042
f 4148/4148/4148 4140/4140/4140 4139/4139/4139
f 4147/4147/4147 4140/4140/4140 4148/4148/4148
f 4145/4145/4145 4049/4049/4049 4147/4147/4147 4148/4148/4148
f 4051/4051/4051 4171/4171/4171 4173/4173/4173 4172/4172/4172
f 4172/4172/4172 4173/4173/4173 4168/4168/4168 4044/4044/4044
f 4170/4170/4170 4146/4146/4146 4043/4043/4043
f 4173/4173/4173 4170/4170/4170 4168/4168/4168
f 4146/4146/4146 4170/4170/4170 4173/4173/4173
f 4171/4171/4171 4050/4050/4050 4146/4146/4146 4173/4173/4173
f 4172/4172/4172 4052/4052/4052 4051/4051/4051
f 4045/4045/4045 4172/4172/4172 4044/4044/4044
f 4052/4052/4052 4172/4172/4172 4045/4045/4045
f 4053/4053/4053 4052/4052/4052 4045/4045/4045 4046/4046/4046
f 4054/4054/4054 4053/4053/4053 4046/4046/4046 4047/4047/4047
f 4055/4055/4055 4300/4300/4300 4059/4059/4059
f 4300/4300/4300 4055/4055/4055 4060/4060/4060
f 4060/4060/4060 4056/4056/4056 4308/4308/4308
f 4308/4308/4308 4056/4056/4056 4061/4061/4061
f 4057/4057/4057 4347/4347/4347 4062/4062/4062
f 4347/4347/4347 4057/4057/4057 4063/4063/4063
f 4063/4063/4063 4058/4058/4058 4355/4355/4355
f 4355/4355/4355 4058/4058/4058 4064/4064/4064
f 4303/4303/4303 4306/4306/4306 4304/4304/4304 4299/4299/4299
f 4306/4306/4306 4305/4305/4305 4302/4302/4302 4304/4304/4304
f 4304/4304/4304 4060/4060/4060 4299/4299/4299
f 4300/4300/4300 4304/4304/4304 4302/4302/4302
f 4060/4060/4060 4304/4304/4304 4300/4300/4300
f 4302/4302/4302 4301/4301/4301 4059/4059/4059 4300/4300/4300
f 4305/4305/4305 4301/4301/4301 4302/4302/4302
f 4066/4066/4066 4305/4305/4305 4294/4294/4294
f 4301/4301/4301 4305/4305/4305 4066/4066/4066
f 4334/4334/4334 4336/4336/4336 4335/4335/4335 4307/4307/4307
f 4336/4336/4336 4331/4331/4331 4309/4309/4309 4335/4335/4335
f 4335/4335/4335 4061/4061/4061 4307/4307/4307
f 4308/4308/4308 4335/4335/4335 4309/4309/4309
f 4061/4061/4061 4335/4335/4335 4308/4308/4308
f 4332/4332/4332 4308/4308/4308 4309/4309/4309
f 4060/4060/4060 4332/4332/4332 4299/4299/4299
f 4308/4308/4308 4332/4332/4332 4060/4060/4060
f 4331/4331/4331 4333/4333/4333 4332/4332/4332 4309/4309/4309
f 4333/4333/4333 4303/4303/4303 4299/4299/4299 4332/4332/4332
f 4343/4343/4343 4345/4345/4345 4344/4344/4344 4337/4337/4337
f 4345/4345/4345 4340/4340/4340 4339/4339/4339 4344/4344/4344
f 4344/4344/4344 4062/4062/4062 4337/4337/4337
f 4338/4338/4338 4344/4344/4344 4339/4339/4339
f 4062/4062/4062 4344/4344/4344 4338/4338/4338
f 4341/4341/4341 4338/4338/4338 4339/4339/4339
f 4061/4061/4061 4341/4341/4341 4307/4307/4307
f 4338/4338/4338 4341/4341/4341 4061/4061/4061
f 4340/4340/4340 4342/4342/4342 4341/4341/4341 4339/4339/4339
f 4342/4342/4342 4334/4334/4334 4307/4307/4307 4341/4341/4341
f 4352/4352/4352 4354/4354/4354 4353/4353/4353 4346/4346/4346
f 4354/4354/4354 4349/4349/4349 4348/4348/4348 4353/4353/4353
f 4353/4353/4353 4063/4063/4063 4346/4346/4346
f 4347/4347/4347 4353/4353/4353 4348/4348/4348
f 4063/4063/4063 4353/4353/4353 4347/4347/4347
f 4350/4350/4350 4347/4347/4347 4348/4348/4348
f 4062/4062/4062 4350/4350/4350 4337/4337/4337
f 4347/4347/4347 4350/4350/4350 4062/4062/4062
f 4349/4349/4349 4351/4351/4351 4350/4350/4350 4348/4348/4348
f 4351/4351/4351 4343/4343/4343 4337/4337/4337 4350/4350/4350
f 4360/4360/4360 4362/4362/4362 4361/4361/4361 4272/4272/4272
f 4362/4362/4362 4357/4357/4357 4356/4356/4356 4361/4361/4361
f 4361/4361/4361 4064/4064/4064 4272/4272/4272
f 4355/4355/4355 4361/4361/4361 4356/4356/4356
f 4064/4064/4064 4361/4361/4361 4355/4355/4355
f 4358/4358/4358 4355/4355/4355 4356/4356/4356
f 4063/4063/4063 4358/4358/4358 4346/4346/4346
f 4355/4355/4355 4358/4358/4358 4063/4063/4063
f 4357/4357/4357 4359/4359/4359 4358/4358/4358 4356/4356/4356
f 4359/4359/4359 4352/4352/4352 4346/4346/4346 4358/4358/4358
f 4274/4274/4274 4277/4277/4277 4275/4275/4275 4270/4270/4270
f 4277/4277/4277 4276/4276/4276 4273/4273/4273 4275/4275/4275
f 4275/4275/4275 4065/4065/4065 4270/4270/4270
f 4271/4271/4271 4275/4275/4275 4273/4273/4273
f 4065/4065/4065 4275/4275/4275 4271/4271/4271
f 4363/4363/4363 4271/4271/4271 4273/4273/4273
f 4064/4064/4064 4363/4363/4363 4272/4272/4272
f 4271/4271/4271 4363/4363/4363 4064/4064/4064
f 4276/4276/4276 4364/4364/4364 4363/4363/4363 4273/4273/4273
f 4364/4364/4364 4360/4360/4360 4272/4272/4272 4363/4363/4363
f 4281/4281/4281 4270/4270/4270 4065/4065/4065 4280/4280/4280
f 4274/4274/4274 4279/4279/4279 4067/4067/4067
f 4281/4281/4281 4274/4274/4274 4270/4270/4270
f 4279/4279/4279 4274/4274/4274 4281/4281/4281
f 4297/4297/4297 4409/4409/4409 4296/4296/4296
f 4298/4298/4298 4066/4066/4066 4294/4294/4294
f 4295/4295/4295 4298/4298/4298 4296/4296/4296
f 4066/4066/4066 4298/4298/4298 4295/4295/4295
f 4409/4409/4409 4295/4295/4295 4296/4296/4296
f 4068/4068/4068 4409/4409/4409 4293/4293/4293
f 4295/4295/4295 4409/4409/4409 4068/4068/4068
f 4282/4282/4282 4284/4284/4284 4278/4278/4278
f 4279/4279/4279 4282/4282/4282 4067/4067/4067
f 4284/4284/4284 4282/4282/4282 4279/4279/4279
f 4394/4394/4394 4283/4283/4283 4069/4069/4069
f 4284/4284/4284 4394/4394/4394 4278/4278/4278
f 4283/4283/4283 4394/4394/4394 4284/4284/4284
f 4408/4408/4408 4068/4068/4068 4293/4293/4293
f 4406/4406/4406 4408/4408/4408 4407/4407/4407
f 4068/4068/4068 4408/4408/4408 4406/4406/4406
f 4396/4396/4396 4397/4397/4397 4395/4395/4395
f 4283/4283/4283 4396/4396/4396 4069/4069/4069
f 4397/4397/4397 4396/4396/4396 4283/4283/4283
f 4562/4562/4562 4500/4500/4500 4499/4499/4499
f 4497/4497/4497 4554/4554/4554 4560/4560/4560 4498/4498/4498
f 4498/4498/4498 4560/4560/4560 4559/4559/4559 4499/4499/4499
f 4500/4500/4500 4562/4562/4562 4561/4561/4561 4563/4563/4563
f 4499/4499/4499 4559/4559/4559 4562/4562/4562
f 4495/4495/4495 4551/4551/4551 4555/4555/4555 4496/4496/4496
f 4496/4496/4496 4555/4555/4555 4554/4554/4554 4497/4497/4497
f 4494/4494/4494 4552/4552/4552 4551/4551/4551 4495/4495/4495
f 4552/4552/4552 4494/4494/4494 4493/4493/4493 4546/4546/4546
f 4564/4564/4564 4561/4561/4561 4556/4556/4556
f 4561/4561/4561 4557/4557/4557 4556/4556/4556
f 4565/4565/4565 4564/4564/4564 4556/4556/4556
f 4563/4563/4563 4561/4561/4561 4564/4564/4564
f 4566/4566/4566 4565/4565/4565 4556/4556/4556
f 4567/4567/4567 4096/4096/4096 4021/4021/4021 4568/4568/4568
f 4567/4567/4567 4566/4566/4566 4096/4096/4096
f 4569/4569/4569 4568/4568/4568 4021/4021/4021
f 4096/4096/4096 4556/4556/4556 4014/4014/4014
f 4015/4015/4015 4097/4097/4097 4095/4095/4095
f 4566/4566/4566 4556/4556/4556 4096/4096/4096
f 4097/4097/4097 4088/4088/4088 4092/4092/4092
f 4094/4094/4094 4092/4092/4092 4088/4088/4088
f 4088/4088/4088 4097/4097/4097 4015/4015/4015
f 4493/4493/4493 4547/4547/4547 4546/4546/4546
f 4098/4098/4098 4223/4223/4223 4082/4082/4082 4015/4015/4015
f 4492/4492/4492 4543/4543/4543 4547/4547/4547 4493/4493/4493
f 4081/4081/4081 4080/4080/4080 4015/4015/4015
f 4015/4015/4015 4080/4080/4080 4079/4079/4079
f 4015/4015/4015 4082/4082/4082 4081/4081/4081
f 4223/4223/4223 4098/4098/4098 4090/4090/4090 4224/4224/4224
f 4491/4491/4491 4544/4544/4544 4543/4543/4543 4492/4492/4492
f 4490/4490/4490 4540/4540/4540 4544/4544/4544 4491/4491/4491
f 4224/4224/4224 4090/4090/4090 4229/4229/4229 4225/4225/4225
f 4225/4225/4225 4229/4229/4229 4226/4226/4226
f 4078/4078/4078 4077/4077/4077 4015/4015/4015
f 4015/4015/4015 4077/4077/4077 4076/4076/4076 4088/4088/4088
f 4074/4074/4074 4088/4088/4088 4075/4075/4075
f 4076/4076/4076 4075/4075/4075 4088/4088/4088
f 4088/4088/4088 4074/4074/4074 4073/4073/4073
f 4073/4073/4073 4072/4072/4072 4088/4088/4088
f 4079/4079/4079 4078/4078/4078 4015/4015/4015
f 4088/4088/4088 4071/4071/4071 4070/4070/4070
f 4234/4234/4234 4087/4087/4087 4089/4089/4089 4235/4235/4235
f 4235/4235/4235 4089/4089/4089 4088/4088/4088 4070/4070/4070
f 4233/4233/4233 4236/4236/4236 4087/4087/4087 4234/4234/4234
f 4071/4071/4071 4088/4088/4088 4072/4072/4072
f 4233/4233/4233 4232/4232/4232 4236/4236/4236
f 4093/4093/4093 4569/4569/4569 4021/4021/4021
f 4570/4570/4570 4093/4093/4093 4026/4026/4026 4571/4571/4571
f 4569/4569/4569 4093/4093/4093 4570/4570/4570
f 4187/4187/4187 4573/4573/4573 4572/4572/4572
f 4572/4572/4572 4026/4026/4026 4187/4187/4187
f 4187/4187/4187 4574/4574/4574 4573/4573/4573
f 4571/4571/4571 4026/4026/4026 4572/4572/4572
f 4084/4084/4084 4190/4190/4190 4094/4094/4094
f 4091/4091/4091 4094/4094/4094 4190/4190/4190
f 4091/4091/4091 4190/4190/4190 4186/4186/4186
f 4186/4186/4186 4185/4185/4185 4091/4091/4091
f 4191/4191/4191 4209/4209/4209 4186/4186/4186 4190/4190/4190
f 4185/4185/4185 4184/4184/4184 4091/4091/4091
f 4182/4182/4182 4091/4091/4091 4183/4183/4183
f 4183/4183/4183 4091/4091/4091 4184/4184/4184
f 4188/4188/4188 4091/4091/4091 4182/4182/4182
f 4088/4088/4088 4084/4084/4084 4094/4094/4094
f 4031/4031/4031 4575/4575/4575 4574/4574/4574
f 4151/4151/4151 4576/4576/4576 4575/4575/4575 4031/4031/4031
f 4577/4577/4577 4576/4576/4576 4151/4151/4151
f 4579/4579/4579 4578/4578/4578 4036/4036/4036
f 4578/4578/4578 4577/4577/4577 4036/4036/4036
f 4580/4580/4580 4579/4579/4579 4143/4143/4143
f 4152/4152/4152 4149/4149/4149 4138/4138/4138
f 4188/4188/4188 4177/4177/4177 4176/4176/4176 4150/4150/4150
f 4579/4579/4579 4036/4036/4036 4143/4143/4143
f 4142/4142/4142 4152/4152/4152 4138/4138/4138
f 4126/4126/4126 4144/4144/4144 4127/4127/4127
f 4036/4036/4036 4577/4577/4577 4151/4151/4151
f 4142/4142/4142 4133/4133/4133 4132/4132/4132 4144/4144/4144
f 4574/4574/4574 4187/4187/4187 4031/4031/4031
f 4239/4239/4239 4238/4238/4238 4604/4604/4604
f 4188/4188/4188 4182/4182/4182 4181/4181/4181
f 4188/4188/4188 4180/4180/4180 4179/4179/4179
f 4180/4180/4180 4188/4188/4188 4181/4181/4181
f 4188/4188/4188 4178/4178/4178 4177/4177/4177
f 4150/4150/4150 4176/4176/4176 4175/4175/4175
f 4178/4178/4178 4188/4188/4188 4179/4179/4179
f 4209/4209/4209 4191/4191/4191 4189/4189/4189 4210/4210/4210
f 4210/4210/4210 4189/4189/4189 4216/4216/4216 4211/4211/4211
f 4174/4174/4174 4222/4222/4222 4150/4150/4150
f 4150/4150/4150 4222/4222/4222 4221/4221/4221 4604/4604/4604
f 4174/4174/4174 4150/4150/4150 4175/4175/4175
f 4142/4142/4142 4138/4138/4138 4137/4137/4137
f 4142/4142/4142 4136/4136/4136 4135/4135/4135
f 4136/4136/4136 4142/4142/4142 4137/4137/4137
f 4142/4142/4142 4134/4134/4134 4133/4133/4133
f 4144/4144/4144 4132/4132/4132 4131/4131/4131
f 4134/4134/4134 4142/4142/4142 4135/4135/4135
f 4149/4149/4149 4604/4604/4604 4238/4238/4238
f 4239/4239/4239 4604/4604/4604 4240/4240/4240
f 4144/4144/4144 4130/4130/4130 4129/4129/4129
f 4144/4144/4144 4128/4128/4128 4127/4127/4127
f 4128/4128/4128 4144/4144/4144 4129/4129/4129
f 4130/4130/4130 4144/4144/4144 4131/4131/4131
f 4149/4149/4149 4238/4238/4238 4237/4237/4237
f 4149/4149/4149 4237/4237/4237 4138/4138/4138
f 4580/4580/4580 4143/4143/4143 4041/4041/4041 4581/4581/4581
f 4221/4221/4221 4220/4220/4220 4604/4604/4604
f 4540/4540/4540 4490/4490/4490 4489/4489/4489 4541/4541/4541
f 4541/4541/4541 4489/4489/4489 4488/4488/4488 4537/4537/4537
f 4117/4117/4117 4228/4228/4228 4227/4227/4227 4016/4016/4016
f 4116/4116/4116 4102/4102/4102 4228/4228/4228 4117/4117/4117
f 4487/4487/4487 4538/4538/4538 4537/4537/4537 4488/4488/4488
f 4485/4485/4485 4531/4531/4531 4535/4535/4535 4486/4486/4486
f 4486/4486/4486 4535/4535/4535 4534/4534/4534 4487/4487/4487
f 4487/4487/4487 4534/4534/4534 4538/4538/4538
f 4017/4017/4017 4102/4102/4102 4116/4116/4116
f 4016/4016/4016 4227/4227/4227 4226/4226/4226
f 4115/4115/4115 4104/4104/4104 4103/4103/4103
f 4115/4115/4115 4106/4106/4106 4105/4105/4105
f 4115/4115/4115 4105/4105/4105 4104/4104/4104
f 4017/4017/4017 4115/4115/4115 4103/4103/4103
f 4115/4115/4115 4108/4108/4108 4107/4107/4107
f 4022/4022/4022 4110/4110/4110 4109/4109/4109 4115/4115/4115
f 4108/4108/4108 4115/4115/4115 4109/4109/4109
f 4106/4106/4106 4115/4115/4115 4107/4107/4107
f 4022/4022/4022 4111/4111/4111 4110/4110/4110
f 4111/4111/4111 4022/4022/4022 4112/4112/4112
f 4113/4113/4113 4112/4112/4112 4022/4022/4022
f 4102/4102/4102 4017/4017/4017 4103/4103/4103
f 4229/4229/4229 4016/4016/4016 4226/4226/4226
f 4483/4483/4483 4526/4526/4526 4532/4532/4532 4484/4484/4484
f 4481/4481/4481 4523/4523/4523 4527/4527/4527 4482/4482/4482
f 4482/4482/4482 4527/4527/4527 4526/4526/4526 4483/4483/4483
f 4531/4531/4531 4485/4485/4485 4484/4484/4484 4532/4532/4532
f 4480/4480/4480 4524/4524/4524 4523/4523/4523 4481/4481/4481
f 4479/4479/4479 4518/4518/4518 4517/4517/4517 4480/4480/4480
f 4477/4477/4477 4515/4515/4515 4514/4514/4514 4478/4478/4478
f 4478/4478/4478 4514/4514/4514 4518/4518/4518 4479/4479/4479
f 4475/4475/4475 4509/4509/4509 4508/4508/4508 4476/4476/4476
f 4474/4474/4474 4473/4473/4473 4506/4506/4506
f 4474/4474/4474 4505/4505/4505 4509/4509/4509 4475/4475/4475
f 4476/4476/4476 4508/4508/4508 4515/4515/4515 4477/4477/4477
f 4480/4480/4480 4517/4517/4517 4524/4524/4524
f 4474/4474/4474 4506/4506/4506 4505/4505/4505
f 4472/4472/4472 4501/4501/4501 4504/4504/4504
f 4503/4503/4503 4504/4504/4504 4501/4501/4501
f 4501/4501/4501 4472/4472/4472 4471/4471/4471
f 4025/4025/4025 4501/4501/4501 4471/4471/4471
f 4472/4472/4472 4504/4504/4504 4506/4506/4506 4473/4473/4473
f 4025/4025/4025 4020/4020/4020 4501/4501/4501
f 4231/4231/4231 4124/4124/4124 4232/4232/4232
f 4124/4124/4124 4236/4236/4236 4232/4232/4232
f 4230/4230/4230 4125/4125/4125 4124/4124/4124 4231/4231/4231
f 4206/4206/4206 4213/4213/4213 4212/4212/4212 4216/4216/4216
f 4212/4212/4212 4211/4211/4211 4216/4216/4216
f 4207/4207/4207 4214/4214/4214 4213/4213/4213 4206/4206/4206
f 4114/4114/4114 4123/4123/4123 4125/4125/4125 4230/4230/4230
f 4123/4123/4123 4114/4114/4114 4113/4113/4113
f 4214/4214/4214 4207/4207/4207 4205/4205/4205 4192/4192/4192
f 4027/4027/4027 4194/4194/4194 4193/4193/4193
f 4027/4027/4027 4193/4193/4193 4192/4192/4192
f 4604/4604/4604 4219/4219/4219 4218/4218/4218
f 4217/4217/4217 4604/4604/4604 4218/4218/4218
f 4241/4241/4241 4240/4240/4240 4604/4604/4604
f 4604/4604/4604 4220/4220/4220 4219/4219/4219
f 4167/4167/4167 4241/4241/4241 4604/4604/4604
f 4604/4604/4604 4032/4032/4032 4167/4167/4167
f 4208/4208/4208 4197/4197/4197 4196/4196/4196
f 4208/4208/4208 4199/4199/4199 4198/4198/4198
f 4208/4208/4208 4198/4198/4198 4197/4197/4197
f 4208/4208/4208 4201/4201/4201 4200/4200/4200
f 4032/4032/4032 4203/4203/4203 4202/4202/4202
f 4208/4208/4208 4202/4202/4202 4201/4201/4201
f 4208/4208/4208 4200/4200/4200 4199/4199/4199
f 4241/4241/4241 4167/4167/4167 4242/4242/4242
f 4027/4027/4027 4196/4196/4196 4195/4195/4195
f 4604/4604/4604 4149/4149/4149 4150/4150/4150
f 4027/4027/4027 4195/4195/4195 4194/4194/4194
f 4120/4120/4120 4121/4121/4121 4123/4123/4123
f 4027/4027/4027 4205/4205/4205 4120/4120/4120
f 4121/4121/4121 4120/4120/4120 4205/4205/4205
f 4208/4208/4208 4032/4032/4032 4202/4202/4202
f 4204/4204/4204 4604/4604/4604 4217/4217/4217
f 4027/4027/4027 4192/4192/4192 4205/4205/4205
f 4204/4204/4204 4032/4032/4032 4604/4604/4604
f 4027/4027/4027 4208/4208/4208 4196/4196/4196
f 4032/4032/4032 4204/4204/4204 4203/4203/4203
f 4025/4025/4025 4470/4470/4470 4469/4469/4469 4030/4030/4030
f 4469/4469/4469 4468/4468/4468 4030/4030/4030
f 4471/4471/4471 4470/4470/4470 4025/4025/4025
f 4030/4030/4030 4468/4468/4468 4035/4035/4035
f 4035/4035/4035 4468/4468/4468 4467/4467/4467
f 4035/4035/4035 4467/4467/4467 4466/4466/4466 4040/4040/4040
f 4120/4120/4120 4123/4123/4123 4022/4022/4022
f 4037/4037/4037 4154/4154/4154 4153/4153/4153
f 4037/4037/4037 4156/4156/4156 4155/4155/4155
f 4037/4037/4037 4155/4155/4155 4154/4154/4154
f 4037/4037/4037 4158/4158/4158 4157/4157/4157
f 4169/4169/4169 4160/4160/4160 4159/4159/4159
f 4037/4037/4037 4159/4159/4159 4158/4158/4158
f 4037/4037/4037 4157/4157/4157 4156/4156/4156
f 4037/4037/4037 4153/4153/4153 4166/4166/4166
f 4465/4465/4465 4047/4047/4047 4040/4040/4040 4466/4466/4466
f 4169/4169/4169 4162/4162/4162 4161/4161/4161
f 4162/4162/4162 4169/4169/4169 4163/4163/4163
f 4159/4159/4159 4037/4037/4037 4169/4169/4169
f 4160/4160/4160 4169/4169/4169 4161/4161/4161
f 4163/4163/4163 4169/4169/4169 4164/4164/4164
f 4167/4167/4167 4166/4166/4166 4153/4153/4153
f 4167/4167/4167 4153/4153/4153 4242/4242/4242
f 4123/4123/4123 4113/4113/4113 4022/4022/4022
f 4041/4041/4041 4582/4582/4582 4581/4581/4581
f 4048/4048/4048 4584/4584/4584 4583/4583/4583
f 4041/4041/4041 4583/4583/4583 4582/4582/4582
f 4048/4048/4048 4586/4586/4586 4585/4585/4585
f 4048/4048/4048 4588/4588/4588 4587/4587/4587
f 4048/4048/4048 4587/4587/4587 4586/4586/4586
f 4048/4048/4048 4585/4585/4585 4584/4584/4584
f 4144/4144/4144 4126/4126/4126 4141/4141/4141
f 4042/4042/4042 4126/4126/4126 4248/4248/4248 4140/4140/4140
f 4141/4141/4141 4126/4126/4126 4042/4042/4042
f 4588/4588/4588 4055/4055/4055 4589/4589/4589
f 4049/4049/4049 4605/4605/4605 4055/4055/4055 4048/4048/4048
f 4055/4055/4055 4590/4590/4590 4589/4589/4589
f 4583/4583/4583 4041/4041/4041 4048/4048/4048
f 4055/4055/4055 4588/4588/4588 4048/4048/4048
f 4055/4055/4055 4592/4592/4592 4591/4591/4591
f 4059/4059/4059 4593/4593/4593 4592/4592/4592 4055/4055/4055
f 4594/4594/4594 4593/4593/4593 4059/4059/4059
f 4595/4595/4595 4059/4059/4059 4301/4301/4301 4596/4596/4596
f 4595/4595/4595 4594/4594/4594 4059/4059/4059
f 4597/4597/4597 4596/4596/4596 4301/4301/4301
f 4254/4254/4254 4605/4605/4605 4260/4260/4260
f 4060/4060/4060 4055/4055/4055 4605/4605/4605
f 4292/4292/4292 4305/4305/4305 4306/4306/4306
f 4333/4333/4333 4311/4311/4311 4310/4310/4310 4303/4303/4303
f 4303/4303/4303 4310/4310/4310 4292/4292/4292 4306/4306/4306
f 4305/4305/4305 4292/4292/4292 4291/4291/4291 4294/4294/4294
f 4066/4066/4066 4598/4598/4598 4597/4597/4597 4301/4301/4301
f 4591/4591/4591 4590/4590/4590 4055/4055/4055
f 4247/4247/4247 4139/4139/4139 4140/4140/4140 4248/4248/4248
f 4249/4249/4249 4246/4246/4246 4245/4245/4245
f 4246/4246/4246 4249/4249/4249 4139/4139/4139 4247/4247/4247
f 4249/4249/4249 4245/4245/4245 4244/4244/4244 4043/4043/4043
f 4243/4243/4243 4170/4170/4170 4043/4043/4043 4244/4244/4244
f 4044/4044/4044 4165/4165/4165 4164/4164/4164 4169/4169/4169
f 4165/4165/4165 4168/4168/4168 4170/4170/4170 4243/4243/4243
f 4168/4168/4168 4165/4165/4165 4044/4044/4044
f 4050/4050/4050 4255/4255/4255 4145/4145/4145
f 4261/4261/4261 4049/4049/4049 4255/4255/4255
f 4253/4253/4253 4056/4056/4056 4605/4605/4605 4254/4254/4254
f 4261/4261/4261 4260/4260/4260 4605/4605/4605
f 4049/4049/4049 4261/4261/4261 4605/4605/4605
f 4605/4605/4605 4056/4056/4056 4060/4060/4060
f 4331/4331/4331 4312/4312/4312 4311/4311/4311 4333/4333/4333
f 4336/4336/4336 4313/4313/4313 4312/4312/4312 4331/4331/4331
f 4050/4050/4050 4171/4171/4171 4256/4256/4256
f 4056/4056/4056 4338/4338/4338 4061/4061/4061
f 4252/4252/4252 4057/4057/4057 4253/4253/4253
f 4056/4056/4056 4253/4253/4253 4338/4338/4338
f 4342/4342/4342 4315/4315/4315 4314/4314/4314 4334/4334/4334
f 4057/4057/4057 4338/4338/4338 4253/4253/4253
f 4340/4340/4340 4317/4317/4317 4316/4316/4316 4342/4342/4342
f 4334/4334/4334 4314/4314/4314 4313/4313/4313 4336/4336/4336
f 4255/4255/4255 4050/4050/4050 4256/4256/4256
f 4049/4049/4049 4145/4145/4145 4255/4255/4255
f 4256/4256/4256 4171/4171/4171 4051/4051/4051
f 4294/4294/4294 4289/4289/4289 4288/4288/4288 4298/4298/4298
f 4598/4598/4598 4066/4066/4066 4295/4295/4295 4599/4599/4599
f 4295/4295/4295 4600/4600/4600 4599/4599/4599
f 4285/4285/4285 4296/4296/4296 4298/4298/4298
f 4290/4290/4290 4294/4294/4294 4291/4291/4291
f 4290/4290/4290 4289/4289/4289 4294/4294/4294
f 4287/4287/4287 4286/4286/4286 4298/4298/4298
f 4298/4298/4298 4288/4288/4288 4287/4287/4287
f 4285/4285/4285 4298/4298/4298 4286/4286/4286
f 4385/4385/4385 4297/4297/4297 4285/4285/4285
f 4297/4297/4297 4296/4296/4296 4285/4285/4285
f 4068/4068/4068 4601/4601/4601 4600/4600/4600 4295/4295/4295
f 4602/4602/4602 4601/4601/4601 4068/4068/4068
f 4409/4409/4409 4404/4404/4404 4403/4403/4403 4293/4293/4293
f 4406/4406/4406 4603/4603/4603 4602/4602/4602
f 4459/4459/4459 4458/4458/4458 4406/4406/4406
f 4603/4603/4603 4406/4406/4406 4458/4458/4458
f 4068/4068/4068 4406/4406/4406 4602/4602/4602
f 4404/4404/4404 4409/4409/4409 4405/4405/4405
f 4402/4402/4402 4293/4293/4293 4403/4403/4403
f 4293/4293/4293 4401/4401/4401 4400/4400/4400 4408/4408/4408
f 4459/4459/4459 4407/4407/4407 4398/4398/4398
f 4398/4398/4398 4407/4407/4407 4408/4408/4408
f 4459/4459/4459 4406/4406/4406 4407/4407/4407
f 4293/4293/4293 4402/4402/4402 4401/4401/4401
f 4297/4297/4297 4405/4405/4405 4409/4409/4409
f 4405/4405/4405 4297/4297/4297 4410/4410/4410
f 4410/4410/4410 4297/4297/4297 4385/4385/4385
f 4384/4384/4384 4411/4411/4411 4410/4410/4410 4385/4385/4385
f 4382/4382/4382 4413/4413/4413 4412/4412/4412 4383/4383/4383
f 4383/4383/4383 4412/4412/4412 4411/4411/4411 4384/4384/4384
f 4342/4342/4342 4316/4316/4316 4315/4315/4315
f 4381/4381/4381 4414/4414/4414 4413/4413/4413 4382/4382/4382
f 4379/4379/4379 4416/4416/4416 4415/4415/4415 4380/4380/4380
f 4380/4380/4380 4415/4415/4415 4414/4414/4414 4381/4381/4381
f 4408/4408/4408 4400/4400/4400 4399/4399/4399
f 4398/4398/4398 4408/4408/4408 4399/4399/4399
f 4450/4450/4450 4459/4459/4459 4451/4451/4451
f 4460/4460/4460 4449/4449/4449 4448/4448/4448
f 4450/4450/4450 4449/4449/4449 4459/4459/4459
f 4398/4398/4398 4451/4451/4451 4459/4459/4459
f 4460/4460/4460 4447/4447/4447 4446/4446/4446
f 4444/4444/4444 4460/4460/4460 4445/4445/4445
f 4446/4446/4446 4445/4445/4445 4460/4460/4460
f 4460/4460/4460 4448/4448/4448 4447/4447/4447
f 4378/4378/4378 4417/4417/4417 4416/4416/4416 4379/4379/4379
f 4460/4460/4460 4459/4459/4459 4449/4449/4449
f 4062/4062/4062 4338/4338/4338 4057/4057/4057
f 4256/4256/4256 4051/4051/4051 4052/4052/4052 4257/4257/4257
f 4343/4343/4343 4319/4319/4319 4318/4318/4318 4345/4345/4345
f 4349/4349/4349 4321/4321/4321 4320/4320/4320 4351/4351/4351
f 4351/4351/4351 4320/4320/4320 4319/4319/4319 4343/4343/4343
f 4257/4257/4257 4052/4052/4052 4053/4053/4053 4258/4258/4258
f 4251/4251/4251 4058/4058/4058 4252/4252/4252
f 4057/4057/4057 4252/4252/4252 4063/4063/4063
f 4271/4271/4271 4064/4064/4064 4058/4058/4058
f 4252/4252/4252 4058/4058/4058 4063/4063/4063
f 4354/4354/4354 4322/4322/4322 4321/4321/4321 4349/4349/4349
f 4317/4317/4317 4340/4340/4340 4345/4345/4345 4318/4318/4318
f 4352/4352/4352 4323/4323/4323 4322/4322/4322 4354/4354/4354
f 4323/4323/4323 4352/4352/4352 4359/4359/4359 4324/4324/4324
f 4357/4357/4357 4325/4325/4325 4324/4324/4324 4359/4359/4359
f 4360/4360/4360 4327/4327/4327 4326/4326/4326 4362/4362/4362
f 4362/4362/4362 4326/4326/4326 4325/4325/4325 4357/4357/4357
f 4328/4328/4328 4327/4327/4327 4360/4360/4360
f 4259/4259/4259 4258/4258/4258 4054/4054/4054
f 4058/4058/4058 4251/4251/4251 4271/4271/4271
f 4047/4047/4047 4464/4464/4464 4463/4463/4463 4054/4054/4054
f 4258/4258/4258 4053/4053/4053 4054/4054/4054
f 4457/4457/4457 4065/4065/4065 4251/4251/4251
f 4251/4251/4251 4065/4065/4065 4271/4271/4271
f 4457/4457/4457 4280/4280/4280 4065/4065/4065
f 4464/4464/4464 4047/4047/4047 4465/4465/4465
f 4259/4259/4259 4054/4054/4054 4463/4463/4463
f 4250/4250/4250 4457/4457/4457 4251/4251/4251
f 4456/4456/4456 4280/4280/4280 4457/4457/4457
f 4455/4455/4455 4279/4279/4279 4281/4281/4281 4456/4456/4456
f 4281/4281/4281 4280/4280/4280 4456/4456/4456
f 4276/4276/4276 4330/4330/4330 4329/4329/4329 4364/4364/4364
f 4277/4277/4277 4262/4262/4262 4330/4330/4330 4276/4276/4276
f 4328/4328/4328 4364/4364/4364 4329/4329/4329
f 4067/4067/4067 4264/4264/4264 4263/4263/4263
f 4067/4067/4067 4263/4263/4263 4262/4262/4262
f 4274/4274/4274 4262/4262/4262 4277/4277/4277
f 4067/4067/4067 4262/4262/4262 4274/4274/4274
f 4454/4454/4454 4284/4284/4284 4279/4279/4279 4455/4455/4455
f 4282/4282/4282 4266/4266/4266 4265/4265/4265 4067/4067/4067
f 4266/4266/4266 4282/4282/4282 4267/4267/4267
f 4267/4267/4267 4282/4282/4282 4268/4268/4268
f 4067/4067/4067 4265/4265/4265 4264/4264/4264
f 4328/4328/4328 4360/4360/4360 4364/4364/4364
f 4377/4377/4377 4418/4418/4418 4417/4417/4417 4378/4378/4378
f 4375/4375/4375 4420/4420/4420 4419/4419/4419 4376/4376/4376
f 4376/4376/4376 4419/4419/4419 4418/4418/4418 4377/4377/4377
f 4374/4374/4374 4421/4421/4421 4420/4420/4420 4375/4375/4375
f 4373/4373/4373 4422/4422/4422 4421/4421/4421 4374/4374/4374
f 4371/4371/4371 4424/4424/4424 4423/4423/4423 4372/4372/4372
f 4372/4372/4372 4423/4423/4423 4422/4422/4422 4373/4373/4373
f 4369/4369/4369 4426/4426/4426 4425/4425/4425 4370/4370/4370
f 4370/4370/4370 4425/4425/4425 4424/4424/4424 4371/4371/4371
f 4368/4368/4368 4427/4427/4427 4426/4426/4426 4369/4369/4369
f 4443/4443/4443 4460/4460/4460 4444/4444/4444
f 4443/4443/4443 4442/4442/4442 4460/4460/4460
f 4461/4461/4461 4441/4441/4441 4440/4440/4440
f 4440/4440/4440 4439/4439/4439 4461/4461/4461
f 4461/4461/4461 4442/4442/4442 4441/4441/4441
f 4460/4460/4460 4442/4442/4442 4461/4461/4461
f 4461/4461/4461 4439/4439/4439 4438/4438/4438
f 4461/4461/4461 4438/4438/4438 4437/4437/4437
f 4461/4461/4461 4436/4436/4436 4435/4435/4435
f 4436/4436/4436 4461/4461/4461 4437/4437/4437
f 4435/4435/4435 4462/4462/4462 4461/4461/4461
f 4366/4366/4366 4429/4429/4429 4428/4428/4428 4367/4367/4367
f 4365/4365/4365 4430/4430/4430 4429/4429/4429 4366/4366/4366
f 4427/4427/4427 4368/4368/4368 4367/4367/4367 4428/4428/4428
f 4430/4430/4430 4365/4365/4365 4269/4269/4269 4386/4386/4386
f 4269/4269/4269 4278/4278/4278 4394/4394/4394 4386/4386/4386
f 4284/4284/4284 4454/4454/4454 4453/4453/4453 4283/4283/4283
f 4282/4282/4282 4278/4278/4278 4269/4269/4269
f 4394/4394/4394 4387/4387/4387 4386/4386/4386
f 4069/4069/4069 4388/4388/4388 4387/4387/4387 4394/4394/4394
f 4282/4282/4282 4269/4269/4269 4268/4268/4268
f 4069/4069/4069 4391/4391/4391 4390/4390/4390
f 4069/4069/4069 4390/4390/4390 4389/4389/4389
f 4462/4462/4462 4433/4433/4433 4432/4432/4432
f 4432/4432/4432 4431/4431/4431 4462/4462/4462
f 4462/4462/4462 4434/4434/4434 4433/4433/4433
f 4462/4462/4462 4435/4435/4435 4434/4434/4434
f 4462/4462/4462 4431/4431/4431 4395/4395/4395
f 4392/4392/4392 4391/4391/4391 4396/4396/4396
f 4283/4283/4283 4453/4453/4453 4397/4397/4397
f 4396/4396/4396 4391/4391/4391 4069/4069/4069
f 4395/4395/4395 4393/4393/4393 4396/4396/4396
f 4392/4392/4392 4396/4396/4396 4393/4393/4393
f 4397/4397/4397 4452/4452/4452 4395/4395/4395
f 4462/4462/4462 4395/4395/4395 4452/4452/4452
f 4453/4453/4453 4452/4452/4452 4397/4397/4397
f 4395/4395/4395 4431/4431/4431 4393/4393/4393
f 4389/4389/4389 4388/4388/4388 4069/4069/4069
f 4610/4610/4610 4606/4606/4606 4607/4607/4607 4691/4691/4691
f 4611/4611/4611 4690/4690/4690 4689/4689/4689 4612/4612/4612
f 4612/4612/4612 4689/4689/4689 4688/4688/4688 4613/4613/4613
f 4610/4610/4610 4691/4691/4691 4690/4690/4690 4611/4611/4611
f 4614/4614/4614 4687/4687/4687 4686/4686/4686 4615/4615/4615
f 4616/4616/4616 4685/4685/4685 4684/4684/4684 4617/4617/4617
f 4617/4617/4617 4684/4684/4684 4683/4683/4683 4618/4618/4618
f 4615/4615/4615 4686/4686/4686 4685/4685/4685 4616/4616/4616
f 4613/4613/4613 4688/4688/4688 4687/4687/4687 4614/4614/4614
f 4619/4619/4619 4682/4682/4682 4681/4681/4681 4620/4620/4620
f 4621/4621/4621 4680/4680/4680 4679/4679/4679 4622/4622/4622
f 4622/4622/4622 4679/4679/4679 4678/4678/4678 4623/4623/4623
f 4620/4620/4620 4681/4681/4681 4680/4680/4680 4621/4621/4621
f 4625/4625/4625 4624/4624/4624 4677/4677/4677 4676/4676/4676
f 4625/4625/4625 4676/4676/4676 4675/4675/4675 4626/4626/4626
f 4627/4627/4627 4674/4674/4674 4673/4673/4673 4628/4628/4628
f 4628/4628/4628 4673/4673/4673 4672/4672/4672 4629/4629/4629
f 4626/4626/4626 4675/4675/4675 4674/4674/4674 4627/4627/4627
f 4623/4623/4623 4678/4678/4678 4677/4677/4677 4624/4624/4624
f 4618/4618/4618 4683/4683/4683 4682/4682/4682 4619/4619/4619
f 4671/4671/4671 4630/4630/4630 4629/4629/4629 4672/4672/4672
f 4631/4631/4631 4670/4670/4670 4669/4669/4669 4632/4632/4632
f 4633/4633/4633 4668/4668/4668 4667/4667/4667 4634/4634/4634
f 4634/4634/4634 4667/4667/4667 4666/4666/4666 4635/4635/4635
f 4632/4632/4632 4669/4669/4669 4668/4668/4668 4633/4633/4633
f 4636/4636/4636 4665/4665/4665 4664/4664/4664 4637/4637/4637
f 4639/4639/4639 4638/4638/4638 4663/4663/4663 4662/4662/4662
f 4640/4640/4640 4639/4639/4639 4662/4662/4662 4661/4661/4661
f 4637/4637/4637 4664/4664/4664 4663/4663/4663 4638/4638/4638
f 4636/4636/4636 4635/4635/4635 4666/4666/4666 4665/4665/4665
f 4642/4642/4642 4641/4641/4641 4660/4660/4660 4659/4659/4659
f 4644/4644/4644 4643/4643/4643 4658/4658/4658 4657/4657/4657
f 4645/4645/4645 4644/4644/4644 4657/4657/4657 4656/4656/4656
f 4643/4643/4643 4642/4642/4642 4659/4659/4659 4658/4658/4658
f 4646/4646/4646 4655/4655/4655 4654/4654/4654 4647/4647/4647
f 4647/4647/4647 4654/4654/4654 4653/4653/4653 4648/4648/4648
f 4649/4649/4649 4652/4652/4652 4651/4651/4651 4650/4650/4650
f 4650/4650/4650 4651/4651/4651 4609/4609/4609 4608/4608/4608
f 4648/4648/4648 4653/4653/4653 4652/4652/4652 4649/4649/4649
f 4646/4646/4646 4645/4645/4645 4656/4656/4656 4655/4655/4655
f 4641/4641/4641 4640/4640/4640 4661/4661/4661 4660/4660/4660
f 4670/4670/4670 4631/4631/4631 4630/4630/4630 4671/4671/4671
f 4773/4773/4773 4776/4776/4776 4695/4695/4695
f 4778/4778/4778 4773/4773/4773 4766/4766/4766
f 4776/4776/4776 4773/4773/4773 4778/4778/4778
f 4766/4766/4766 4694/4694/4694 4777/4777/4777 4778/4778/4778
f 4795/4795/4795 4736/4736/4736 4696/4696/4696
f 4794/4794/4794 4795/4795/4795 4738/4738/4738
f 4736/4736/4736 4795/4795/4795 4794/4794/4794
f 4792/4792/4792 4794/4794/4794 4738/4738/4738
f 4776/4776/4776 4792/4792/4792 4695/4695/4695
f 4794/4794/4794 4792/4792/4792 4776/4776/4776
f 4697/4697/4697 4729/4729/4729 4737/4737/4737 4735/4735/4735
f 4732/4732/4732 4737/4737/4737 4729/4729/4729
f 4736/4736/4736 4732/4732/4732 4696/4696/4696
f 4737/4737/4737 4732/4732/4732 4736/4736/4736
f 4699/4699/4699 4698/4698/4698 4692/4692/4692 4693/4693/4693
f 4767/4767/4767 4693/4693/4693 4694/4694/4694
f 4699/4699/4699 4767/4767/4767 4700/4700/4700
f 4693/4693/4693 4767/4767/4767 4699/4699/4699
f 4771/4771/4771 4770/4770/4770 4768/4768/4768 4769/4769/4769
f 4763/4763/4763 4759/4759/4759 4770/4770/4770 4771/4771/4771
f 4772/4772/4772 4775/4775/4775 4773/4773/4773 4695/4695/4695
f 4775/4775/4775 4774/4774/4774 4766/4766/4766 4773/4773/4773
f 4769/4769/4769 4768/4768/4768 4774/4774/4774 4775/4775/4775
f 4774/4774/4774 4694/4694/4694 4766/4766/4766
f 4767/4767/4767 4774/4774/4774 4768/4768/4768
f 4694/4694/4694 4774/4774/4774 4767/4767/4767
f 4770/4770/4770 4767/4767/4767 4768/4768/4768
f 4700/4700/4700 4770/4770/4770 4759/4759/4759
f 4767/4767/4767 4770/4770/4770 4700/4700/4700
f 4733/4733/4733 4796/4796/4796 4795/4795/4795 4696/4696/4696
f 4796/4796/4796 4791/4791/4791 4738/4738/4738 4795/4795/4795
f 4791/4791/4791 4793/4793/4793 4792/4792/4792 4738/4738/4738
f 4793/4793/4793 4772/4772/4772 4695/4695/4695 4792/4792/4792
f 4739/4739/4739 4701/4701/4701 4727/4727/4727
f 4728/4728/4728 4739/4739/4739 4730/4730/4730
f 4701/4701/4701 4739/4739/4739 4728/4728/4728
f 4731/4731/4731 4728/4728/4728 4730/4730/4730
f 4697/4697/4697 4731/4731/4731 4729/4729/4729
f 4728/4728/4728 4731/4731/4731 4697/4697/4697
f 4731/4731/4731 4734/4734/4734 4732/4732/4732 4729/4729/4729
f 4734/4734/4734 4733/4733/4733 4696/4696/4696 4732/4732/4732
f 4703/4703/4703 4702/4702/4702 4698/4698/4698 4699/4699/4699
f 4760/4760/4760 4699/4699/4699 4700/4700/4700
f 4703/4703/4703 4760/4760/4760 4704/4704/4704
f 4699/4699/4699 4760/4760/4760 4703/4703/4703
f 4765/4765/4765 4764/4764/4764 4759/4759/4759 4763/4763/4763
f 4762/4762/4762 4761/4761/4761 4764/4764/4764 4765/4765/4765
f 4764/4764/4764 4700/4700/4700 4759/4759/4759
f 4760/4760/4760 4764/4764/4764 4761/4761/4761
f 4700/4700/4700 4764/4764/4764 4760/4760/4760
f 4758/4758/4758 4704/4704/4704 4760/4760/4760 4761/4761/4761
f 4707/4707/4707 4740/4740/4740 4742/4742/4742 4741/4741/4741
f 4743/4743/4743 4741/4741/4741 4742/4742/4742
f 4701/4701/4701 4743/4743/4743 4727/4727/4727
f 4741/4741/4741 4743/4743/4743 4701/4701/4701
f 4709/4709/4709 4708/4708/4708 4702/4702/4702 4703/4703/4703
f 4710/4710/4710 4709/4709/4709 4703/4703/4703 4704/4704/4704
f 4758/4758/4758 4710/4710/4710 4704/4704/4704
f 4711/4711/4711 4758/4758/4758 4705/4705/4705
f 4710/4710/4710 4758/4758/4758 4711/4711/4711
f 4744/4744/4744 4711/4711/4711 4705/4705/4705
f 4712/4712/4712 4744/4744/4744 4706/4706/4706
f 4711/4711/4711 4744/4744/4744 4712/4712/4712
f 4740/4740/4740 4712/4712/4712 4706/4706/4706
f 4713/4713/4713 4740/4740/4740 4707/4707/4707
f 4712/4712/4712 4740/4740/4740 4713/4713/4713
f 4851/4851/4851 4850/4850/4850 4693/4693/4693
f 4778/4778/4778 4777/4777/4777 4850/4850/4850
f 4850/4850/4850 4777/4777/4777 4693/4693/4693
f 4692/4692/4692 4811/4811/4811 4851/4851/4851
f 4692/4692/4692 4851/4851/4851 4693/4693/4693
f 4813/4813/4813 4812/4812/4812 4692/4692/4692
f 4694/4694/4694 4693/4693/4693 4777/4777/4777
f 4812/4812/4812 4811/4811/4811 4692/4692/4692
f 4849/4849/4849 4778/4778/4778 4850/4850/4850
f 4736/4736/4736 4794/4794/4794 4849/4849/4849
f 4776/4776/4776 4849/4849/4849 4794/4794/4794
f 4778/4778/4778 4849/4849/4849 4776/4776/4776
f 4785/4785/4785 4757/4757/4757 4772/4772/4772
f 4775/4775/4775 4772/4772/4772 4757/4757/4757
f 4791/4791/4791 4787/4787/4787 4786/4786/4786 4793/4793/4793
f 4772/4772/4772 4793/4793/4793 4785/4785/4785
f 4785/4785/4785 4793/4793/4793 4786/4786/4786
f 4775/4775/4775 4757/4757/4757 4756/4756/4756 4769/4769/4769
f 4754/4754/4754 4769/4769/4769 4755/4755/4755
f 4769/4769/4769 4756/4756/4756 4755/4755/4755
f 4769/4769/4769 4754/4754/4754 4771/4771/4771
f 4771/4771/4771 4752/4752/4752 4751/4751/4751 4763/4763/4763
f 4754/4754/4754 4753/4753/4753 4771/4771/4771
f 4763/4763/4763 4749/4749/4749 4748/4748/4748 4765/4765/4765
f 4698/4698/4698 4814/4814/4814 4813/4813/4813
f 4787/4787/4787 4791/4791/4791 4796/4796/4796 4788/4788/4788
f 4763/4763/4763 4750/4750/4750 4749/4749/4749
f 4750/4750/4750 4763/4763/4763 4751/4751/4751
f 4752/4752/4752 4771/4771/4771 4753/4753/4753
f 4692/4692/4692 4698/4698/4698 4813/4813/4813
f 4733/4733/4733 4790/4790/4790 4789/4789/4789 4796/4796/4796
f 4848/4848/4848 4737/4737/4737 4736/4736/4736
f 4790/4790/4790 4733/4733/4733 4734/4734/4734 4714/4714/4714
f 4731/4731/4731 4714/4714/4714 4734/4734/4734
f 4730/4730/4730 4715/4715/4715 4714/4714/4714 4731/4731/4731
f 4796/4796/4796 4789/4789/4789 4788/4788/4788
f 4847/4847/4847 4735/4735/4735 4848/4848/4848
f 4735/4735/4735 4737/4737/4737 4848/4848/4848
f 4735/4735/4735 4847/4847/4847 4846/4846/4846
f 4846/4846/4846 4845/4845/4845 4735/4735/4735
f 4845/4845/4845 4844/4844/4844 4735/4735/4735
f 4697/4697/4697 4735/4735/4735 4844/4844/4844
f 4697/4697/4697 4844/4844/4844 4843/4843/4843
f 4842/4842/4842 4728/4728/4728 4697/4697/4697 4843/4843/4843
f 4849/4849/4849 4848/4848/4848 4736/4736/4736
f 4730/4730/4730 4716/4716/4716 4715/4715/4715
f 4739/4739/4739 4718/4718/4718 4717/4717/4717
f 4730/4730/4730 4717/4717/4717 4716/4716/4716
f 4739/4739/4739 4720/4720/4720 4719/4719/4719
f 4727/4727/4727 4722/4722/4722 4721/4721/4721
f 4743/4743/4743 4723/4723/4723 4722/4722/4722
f 4727/4727/4727 4721/4721/4721 4720/4720/4720
f 4739/4739/4739 4719/4719/4719 4718/4718/4718
f 4717/4717/4717 4730/4730/4730 4739/4739/4739
f 4842/4842/4842 4841/4841/4841 4728/4728/4728
f 4728/4728/4728 4841/4841/4841 4840/4840/4840 4701/4701/4701
f 4722/4722/4722 4727/4727/4727 4743/4743/4743
f 4839/4839/4839 4701/4701/4701 4840/4840/4840
f 4701/4701/4701 4839/4839/4839 4838/4838/4838 4741/4741/4741
f 4727/4727/4727 4720/4720/4720 4739/4739/4739
f 4724/4724/4724 4723/4723/4723 4743/4743/4743
f 4765/4765/4765 4748/4748/4748 4747/4747/4747
f 4814/4814/4814 4698/4698/4698 4702/4702/4702 4815/4815/4815
f 4761/4761/4761 4762/4762/4762 4758/4758/4758
f 4765/4765/4765 4747/4747/4747 4746/4746/4746 4762/4762/4762
f 4708/4708/4708 4816/4816/4816 4815/4815/4815 4702/4702/4702
f 4802/4802/4802 4708/4708/4708 4709/4709/4709
f 4708/4708/4708 4801/4801/4801 4816/4816/4816
f 4705/4705/4705 4758/4758/4758 4762/4762/4762
f 4705/4705/4705 4745/4745/4745 4784/4784/4784
f 4745/4745/4745 4762/4762/4762 4746/4746/4746
f 4705/4705/4705 4784/4784/4784 4783/4783/4783 4744/4744/4744
f 4781/4781/4781 4744/4744/4744 4782/4782/4782
f 4783/4783/4783 4782/4782/4782 4744/4744/4744
f 4744/4744/4744 4781/4781/4781 4780/4780/4780 4706/4706/4706
f 4705/4705/4705 4762/4762/4762 4745/4745/4745
f 4709/4709/4709 4710/4710/4710 4803/4803/4803
f 4802/4802/4802 4709/4709/4709 4803/4803/4803
f 4852/4852/4852 4810/4810/4810 4809/4809/4809
f 4817/4817/4817 4852/4852/4852 4853/4853/4853 4818/4818/4818
f 4852/4852/4852 4808/4808/4808 4807/4807/4807
f 4810/4810/4810 4852/4852/4852 4817/4817/4817
f 4809/4809/4809 4808/4808/4808 4852/4852/4852
f 4806/4806/4806 4853/4853/4853 4852/4852/4852 4807/4807/4807
f 4803/4803/4803 4710/4710/4710 4711/4711/4711 4804/4804/4804
f 4712/4712/4712 4797/4797/4797 4804/4804/4804 4711/4711/4711
f 4854/4854/4854 4819/4819/4819 4818/4818/4818 4853/4853/4853
f 4853/4853/4853 4806/4806/4806 4805/4805/4805 4854/4854/4854
f 4854/4854/4854 4805/4805/4805 4800/4800/4800 4855/4855/4855
f 4801/4801/4801 4708/4708/4708 4802/4802/4802
f 4854/4854/4854 4855/4855/4855 4819/4819/4819
f 4706/4706/4706 4780/4780/4780 4779/4779/4779
f 4742/4742/4742 4725/4725/4725 4724/4724/4724 4743/4743/4743
f 4742/4742/4742 4740/4740/4740 4726/4726/4726
f 4706/4706/4706 4726/4726/4726 4740/4740/4740
f 4725/4725/4725 4742/4742/4742 4726/4726/4726
f 4779/4779/4779 4726/4726/4726 4706/4706/4706
f 4837/4837/4837 4741/4741/4741 4838/4838/4838
f 4837/4837/4837 4836/4836/4836 4707/4707/4707
f 4707/4707/4707 4741/4741/4741 4837/4837/4837
f 4707/4707/4707 4834/4834/4834 4833/4833/4833 4713/4713/4713
f 4707/4707/4707 4835/4835/4835 4834/4834/4834
f 4833/4833/4833 4832/4832/4832 4713/4713/4713
f 4836/4836/4836 4835/4835/4835 4707/4707/4707
f 4713/4713/4713 4797/4797/4797 4712/4712/4712
f 4831/4831/4831 4830/4830/4830 4713/4713/4713
f 4831/4831/4831 4713/4713/4713 4832/4832/4832
f 4856/4856/4856 4799/4799/4799 4798/4798/4798 4713/4713/4713
f 4797/4797/4797 4713/4713/4713 4798/4798/4798
f 4800/4800/4800 4856/4856/4856 4855/4855/4855
f 4820/4820/4820 4855/4855/4855 4856/4856/4856
f 4713/4713/4713 4829/4829/4829 4828/4828/4828 4856/4856/4856
f 4799/4799/4799 4856/4856/4856 4800/4800/4800
f 4820/4820/4820 4819/4819/4819 4855/4855/4855
f 4820/4820/4820 4856/4856/4856 4822/4822/4822
f 4829/4829/4829 4713/4713/4713 4830/4830/4830
f 4856/4856/4856 4828/4828/4828 4827/4827/4827
f 4856/4856/4856 4827/4827/4827 4826/4826/4826
f 4856/4856/4856 4825/4825/4825 4824/4824/4824
f 4856/4856/4856 4823/4823/4823 4822/4822/4822
f 4820/4820/4820 4822/4822/4822 4821/4821/4821
f 4823/4823/4823 4856/4856/4856 4824/4824/4824
f 4825/4825/4825 4856/4856/4856 4826/4826/4826
f 4886/4886/4886 4885/4885/4885 4858/4858/4858 4857/4857/4857
f 4887/4887/4887 4884/4884/4884 4885/4885/4885 4886/4886/4886
f 4888/4888/4888 4889/4889/4889 4882/4882/4882 4883/4883/4883
f 4889/4889/4889 4890/4890/4890 4881/4881/4881 4882/4882/4882
f 4888/4888/4888 4883/4883/4883 4884/4884/4884 4887/4887/4887
f 4891/4891/4891 4892/4892/4892 4879/4879/4879 4880/4880/4880
f 4892/4892/4892 4893/4893/4893 4878/4878/4878 4879/4879/4879
f 4895/4895/4895 4876/4876/4876 4877/4877/4877 4894/4894/4894
f 4896/4896/4896 4897/4897/4897 4874/4874/4874 4875/4875/4875
f 4896/4896/4896 4875/4875/4875 4876/4876/4876 4895/4895/4895
f 4893/4893/4893 4894/4894/4894 4877/4877/4877 4878/4878/4878
f 4891/4891/4891 4880/4880/4880 4881/4881/4881 4890/4890/4890
f 4873/4873/4873 4874/4874/4874 4897/4897/4897 4898/4898/4898
f 4899/4899/4899 4900/4900/4900 4871/4871/4871 4872/4872/4872
f 4900/4900/4900 4901/4901/4901 4870/4870/4870 4871/4871/4871
f 4903/4903/4903 4868/4868/4868 4869/4869/4869 4902/4902/4902
f 4904/4904/4904 4867/4867/4867 4868/4868/4868 4903/4903/4903
f 4902/4902/4902 4869/4869/4869 4870/4870/4870 4901/4901/4901
f 4905/4905/4905 4906/4906/4906 4865/4865/4865 4866/4866/4866
f 4906/4906/4906 4907/4907/4907 4864/4864/4864 4865/4865/4865
f 4908/4908/4908 4909/4909/4909 4862/4862/4862 4863/4863/4863
f 4859/4859/4859 4860/4860/4860 4861/4861/4861 4910/4910/4910
f 4910/4910/4910 4861/4861/4861 4862/4862/4862 4909/4909/4909
f 4907/4907/4907 4908/4908/4908 4863/4863/4863 4864/4864/4864
f 4905/4905/4905 4866/4866/4866 4867/4867/4867 4904/4904/4904
f 4899/4899/4899 4872/4872/4872 4873/4873/4873 4898/4898/4898
f 5062/5062/5062 5059/5059/5059 5061/5061/5061
f 4912/4912/4912 5062/5062/5062 5060/5060/5060
f 5059/5059/5059 5062/5062/5062 4912/4912/4912
f 5060/5060/5060 5062/5062/5062 5065/5065/5065 5063/5063/5063
f 5062/5062/5062 5061/5061/5061 5064/5064/5064 5065/5065/5065
f 4913/4913/4913 5066/5066/5066 5068/5068/5068 5067/5067/5067
f 5066/5066/5066 4912/4912/4912 5060/5060/5060 5068/5068/5068
f 5059/5059/5059 4916/4916/4916 4911/4911/4911
f 4917/4917/4917 5059/5059/5059 4912/4912/4912
f 4916/4916/4916 5059/5059/5059 4917/4917/4917
f 4991/4991/4991 5066/5066/5066 4913/4913/4913 4918/4918/4918
f 5066/5066/5066 4991/4991/4991 4917/4917/4917 4912/4912/4912
f 4981/4981/4981 4914/4914/4914 4919/4919/4919
f 4913/4913/4913 4981/4981/4981 4918/4918/4918
f 4914/4914/4914 4981/4981/4981 4913/4913/4913
f 4973/4973/4973 4915/4915/4915 4920/4920/4920
f 4914/4914/4914 4973/4973/4973 4919/4919/4919
f 4915/4915/4915 4973/4973/4973 4914/4914/4914
f 4992/4992/4992 4916/4916/4916 4917/4917/4917
f 4922/4922/4922 4992/4992/4992 4923/4923/4923
f 4916/4916/4916 4992/4992/4992 4922/4922/4922
f 5017/5017/5017 4918/4918/4918 4982/4982/4982
f 4991/4991/4991 5017/5017/5017 4993/4993/4993
f 4918/4918/4918 5017/5017/5017 4991/4991/4991
f 4993/4993/4993 4992/4992/4992 4917/4917/4917 4991/4991/4991
f 5018/5018/5018 4992/4992/4992 4993/4993/4993
f 4923/4923/4923 5018/5018/5018 4986/4986/4986
f 4992/4992/4992 5018/5018/5018 4923/4923/4923
f 5020/5020/5020 4919/4919/4919 4974/4974/4974
f 4981/4981/4981 5020/5020/5020 4983/4983/4983
f 4919/4919/4919 5020/5020/5020 4981/4981/4981
f 5019/5019/5019 4981/4981/4981 4983/4983/4983
f 4918/4918/4918 5019/5019/5019 4982/4982/4982
f 4981/4981/4981 5019/5019/5019 4918/4918/4918
f 5022/5022/5022 4920/4920/4920 4967/4967/4967
f 4973/4973/4973 5022/5022/5022 4975/4975/4975
f 4920/4920/4920 5022/5022/5022 4973/4973/4973
f 5021/5021/5021 4973/4973/4973 4975/4975/4975
f 4919/4919/4919 5021/5021/5021 4974/4974/4974
f 4973/4973/4973 5021/5021/5021 4919/4919/4919
f 5023/5023/5023 4966/4966/4966 4968/4968/4968
f 4920/4920/4920 5023/5023/5023 4967/4967/4967
f 4966/4966/4966 5023/5023/5023 4920/4920/4920
f 4925/4925/4925 4924/4924/4924 4921/4921/4921 4922/4922/4922
f 4987/4987/4987 4922/4922/4922 4923/4923/4923
f 4925/4925/4925 4987/4987/4987 4926/4926/4926
f 4922/4922/4922 4987/4987/4987 4925/4925/4925
f 4989/4989/4989 4985/4985/4985 4988/4988/4988
f 4927/4927/4927 4989/4989/4989 4978/4978/4978
f 4985/4985/4985 4989/4989/4989 4927/4927/4927
f 4990/4990/4990 4923/4923/4923 4986/4986/4986
f 4987/4987/4987 4990/4990/4990 4988/4988/4988
f 4923/4923/4923 4990/4990/4990 4987/4987/4987
f 4985/4985/4985 4926/4926/4926 4987/4987/4987 4988/4988/4988
f 4980/4980/4980 4977/4977/4977 4979/4979/4979
f 4928/4928/4928 4980/4980/4980 4970/4970/4970
f 4977/4977/4977 4980/4980/4980 4928/4928/4928
f 4984/4984/4984 4927/4927/4927 4978/4978/4978
f 4977/4977/4977 4984/4984/4984 4979/4979/4979
f 4927/4927/4927 4984/4984/4984 4977/4977/4977
f 4972/4972/4972 4969/4969/4969 4971/4971/4971
f 4929/4929/4929 4972/4972/4972 4963/4963/4963
f 4969/4969/4969 4972/4972/4972 4929/4929/4929
f 4976/4976/4976 4928/4928/4928 4970/4970/4970
f 4969/4969/4969 4976/4976/4976 4971/4971/4971
f 4928/4928/4928 4976/4976/4976 4969/4969/4969
f 4965/4965/4965 4929/4929/4929 4963/4963/4963
f 4962/4962/4962 4965/4965/4965 4964/4964/4964
f 4929/4929/4929 4965/4965/4965 4962/4962/4962
f 4931/4931/4931 4930/4930/4930 4925/4925/4925 4926/4926/4926
f 4985/4985/4985 4931/4931/4931 4926/4926/4926
f 4932/4932/4932 4985/4985/4985 4927/4927/4927
f 4931/4931/4931 4985/4985/4985 4932/4932/4932
f 4977/4977/4977 4932/4932/4932 4927/4927/4927
f 4933/4933/4933 4977/4977/4977 4928/4928/4928
f 4932/4932/4932 4977/4977/4977 4933/4933/4933
f 4969/4969/4969 4933/4933/4933 4928/4928/4928
f 4934/4934/4934 4969/4969/4969 4929/4929/4929
f 4933/4933/4933 4969/4969/4969 4934/4934/4934
f 5083/5083/5083 4932/4932/4932 4936/4936/4936
f 4931/4931/4931 5083/5083/5083 4935/4935/4935
f 4932/4932/4932 5083/5083/5083 4931/4931/4931
f 4937/4937/4937 4936/4936/4936 4932/4932/4932 4933/4933/4933
f 4938/4938/4938 4937/4937/4937 4933/4933/4933 4934/4934/4934
f 5078/5078/5078 5081/5081/5081 5079/5079/5079 5075/5075/5075
f 5086/5086/5086 5079/5079/5079 5081/5081/5081
f 5077/5077/5077 5086/5086/5086 5080/5080/5080
f 5079/5079/5079 5086/5086/5086 5077/5077/5077
f 5085/5085/5085 5087/5087/5087 5086/5086/5086 5081/5081/5081
f 5079/5079/5079 4935/4935/4935 5075/5075/5075
f 5076/5076/5076 5079/5079/5079 5077/5077/5077
f 4935/4935/4935 5079/5079/5079 5076/5076/5076
f 5082/5082/5082 5084/5084/5084 5083/5083/5083 4936/4936/4936
f 5084/5084/5084 5075/5075/5075 4935/4935/4935 5083/5083/5083
f 5059/5059/5059 5048/5048/5048 5061/5061/5061
f 5049/5049/5049 5048/5048/5048 4911/4911/4911
f 5064/5064/5064 5047/5047/5047 5058/5058/5058
f 5048/5048/5048 5047/5047/5047 5064/5064/5064
f 5048/5048/5048 5064/5064/5064 5061/5061/5061
f 5059/5059/5059 4911/4911/4911 5048/5048/5048
f 4916/4916/4916 5051/5051/5051 5050/5050/5050
f 5049/5049/5049 4911/4911/4911 4916/4916/4916
f 5050/5050/5050 5049/5049/5049 4916/4916/4916
f 5063/5063/5063 5065/5065/5065 5058/5058/5058
f 5065/5065/5065 5064/5064/5064 5058/5058/5058
f 5056/5056/5056 5067/5067/5067 5068/5068/5068 5057/5057/5057
f 5058/5058/5058 5057/5057/5057 5063/5063/5063
f 5063/5063/5063 5057/5057/5057 5068/5068/5068
f 5063/5063/5063 5068/5068/5068 5060/5060/5060
f 5067/5067/5067 4914/4914/4914 4913/4913/4913
f 4914/4914/4914 5067/5067/5067 5056/5056/5056
f 4922/4922/4922 5051/5051/5051 4916/4916/4916
f 5029/5029/5029 5018/5018/5018 4994/4994/4994
f 5018/5018/5018 4993/4993/4993 4994/4994/4994
f 5018/5018/5018 5029/5029/5029 5028/5028/5028
f 5018/5018/5018 5028/5028/5028 5027/5027/5027
f 5018/5018/5018 5027/5027/5027 5026/5026/5026 4986/4986/4986
f 5051/5051/5051 4922/4922/4922 4921/4921/4921
f 5053/5053/5053 5052/5052/5052 4921/4921/4921
f 5024/5024/5024 4986/4986/4986 5025/5025/5025
f 5025/5025/5025 4986/4986/4986 5026/5026/5026
f 5017/5017/5017 4995/4995/4995 4994/4994/4994 4993/4993/4993
f 4996/4996/4996 4995/4995/4995 5017/5017/5017
f 5019/5019/5019 4999/4999/4999 4998/4998/4998 4982/4982/4982
f 4982/4982/4982 4997/4997/4997 4996/4996/4996 5017/5017/5017
f 5019/5019/5019 5000/5000/5000 4999/4999/4999
f 4982/4982/4982 4998/4998/4998 4997/4997/4997
f 4921/4921/4921 5052/5052/5052 5051/5051/5051
f 4983/4983/4983 5001/5001/5001 5000/5000/5000 5019/5019/5019
f 5020/5020/5020 5003/5003/5003 5002/5002/5002 4983/4983/4983
f 4914/4914/4914 5055/5055/5055 5054/5054/5054 4915/4915/4915
f 5056/5056/5056 5055/5055/5055 4914/4914/4914
f 5021/5021/5021 5007/5007/5007 5006/5006/5006 4974/4974/4974
f 4974/4974/4974 5005/5005/5005 5004/5004/5004 5020/5020/5020
f 4975/4975/4975 5009/5009/5009 5008/5008/5008 5021/5021/5021
f 5022/5022/5022 5011/5011/5011 5010/5010/5010 4975/4975/4975
f 4967/4967/4967 5013/5013/5013 5012/5012/5012 5022/5022/5022
f 5054/5054/5054 5045/5045/5045 4915/4915/4915
f 4915/4915/4915 4966/4966/4966 4920/4920/4920
f 5054/5054/5054 5046/5046/5046 5045/5045/5045
f 5044/5044/5044 4915/4915/4915 5045/5045/5045
f 4915/4915/4915 5044/5044/5044 4966/4966/4966
f 5023/5023/5023 5015/5015/5015 5014/5014/5014 4967/4967/4967
f 5043/5043/5043 4968/4968/4968 4966/4966/4966
f 5042/5042/5042 4968/4968/4968 5043/5043/5043
f 5044/5044/5044 5043/5043/5043 4966/4966/4966
f 5016/5016/5016 5023/5023/5023 4968/4968/4968
f 5001/5001/5001 4983/4983/4983 5002/5002/5002
f 4974/4974/4974 5006/5006/5006 5005/5005/5005
f 5020/5020/5020 5004/5004/5004 5003/5003/5003
f 5021/5021/5021 5008/5008/5008 5007/5007/5007
f 4975/4975/4975 5010/5010/5010 5009/5009/5009
f 5023/5023/5023 5016/5016/5016 5015/5015/5015
f 4967/4967/4967 5014/5014/5014 5013/5013/5013
f 4968/4968/4968 5042/5042/5042 5031/5031/5031
f 5033/5033/5033 5032/5032/5032 5042/5042/5042
f 5031/5031/5031 5042/5042/5042 5032/5032/5032
f 5034/5034/5034 5033/5033/5033 5042/5042/5042
f 5031/5031/5031 5030/5030/5030 4968/4968/4968
f 5016/5016/5016 4968/4968/4968 5030/5030/5030
f 5022/5022/5022 5012/5012/5012 5011/5011/5011
f 4924/4924/4924 5088/5088/5088 4921/4921/4921
f 4990/4990/4990 5024/5024/5024 4961/4961/4961
f 4986/4986/4986 5024/5024/5024 4990/4990/4990
f 4988/4988/4988 4990/4990/4990 4961/4961/4961
f 4921/4921/4921 5088/5088/5088 5053/5053/5053
f 4924/4924/4924 4925/4925/4925 5089/5089/5089
f 5089/5089/5089 4925/4925/4925 4930/4930/4930
f 5076/5076/5076 4930/4930/4930 4931/4931/4931
f 4930/4930/4930 5090/5090/5090 5089/5089/5089
f 5088/5088/5088 4924/4924/4924 5089/5089/5089
f 4989/4989/4989 4961/4961/4961 4960/4960/4960
f 4978/4978/4978 4959/4959/4959 4958/4958/4958
f 4978/4978/4978 4958/4958/4958 4957/4957/4957
f 4959/4959/4959 4989/4989/4989 4960/4960/4960
f 4978/4978/4978 4957/4957/4957 4956/4956/4956 4984/4984/4984
f 4955/4955/4955 4984/4984/4984 4956/4956/4956
f 4984/4984/4984 4955/4955/4955 4954/4954/4954 4979/4979/4979
f 4989/4989/4989 4959/4959/4959 4978/4978/4978
f 4989/4989/4989 4988/4988/4988 4961/4961/4961
f 4930/4930/4930 5076/5076/5076 5091/5091/5091
f 5077/5077/5077 5092/5092/5092 5076/5076/5076
f 5091/5091/5091 5076/5076/5076 5092/5092/5092
f 5080/5080/5080 5092/5092/5092 5077/5077/5077
f 4931/4931/4931 4935/4935/4935 5076/5076/5076
f 5087/5087/5087 5074/5074/5074 5080/5080/5080
f 5092/5092/5092 5080/5080/5080 5074/5074/5074
f 5080/5080/5080 5086/5086/5086 5087/5087/5087
f 5074/5074/5074 5087/5087/5087 5069/5069/5069
f 5087/5087/5087 5085/5085/5085 5069/5069/5069
f 5070/5070/5070 5084/5084/5084 5082/5082/5082
f 5082/5082/5082 4936/4936/4936 4937/4937/4937
f 5084/5084/5084 5078/5078/5078 5075/5075/5075
f 5078/5078/5078 5085/5085/5085 5081/5081/5081
f 5082/5082/5082 5071/5071/5071 5070/5070/5070
f 5085/5085/5085 5078/5078/5078 5070/5070/5070
f 5078/5078/5078 5084/5084/5084 5070/5070/5070
f 5070/5070/5070 5069/5069/5069 5085/5085/5085
f 4930/4930/4930 5091/5091/5091 5090/5090/5090
f 4937/4937/4937 5071/5071/5071 5082/5082/5082
f 4979/4979/4979 4954/4954/4954 4953/4953/4953
f 4952/4952/4952 4951/4951/4951 4980/4980/4980
f 4951/4951/4951 4950/4950/4950 4970/4970/4970
f 4980/4980/4980 4953/4953/4953 4952/4952/4952
f 4976/4976/4976 4949/4949/4949 4948/4948/4948
f 4949/4949/4949 4970/4970/4970 4950/4950/4950
f 4948/4948/4948 4947/4947/4947 4976/4976/4976
f 4947/4947/4947 4946/4946/4946 4971/4971/4971
f 4945/4945/4945 4971/4971/4971 4946/4946/4946
f 4972/4972/4972 4945/4945/4945 4944/4944/4944
f 5041/5041/5041 4939/4939/4939 5035/5035/5035 5042/5042/5042
f 4963/4963/4963 4943/4943/4943 4942/4942/4942
f 4941/4941/4941 4940/4940/4940 4965/4965/4965
f 5041/5041/5041 4964/4964/4964 4939/4939/4939
f 4939/4939/4939 4965/4965/4965 4940/4940/4940
f 4942/4942/4942 4941/4941/4941 4963/4963/4963
f 4972/4972/4972 4944/4944/4944 4943/4943/4943
f 5034/5034/5034 5042/5042/5042 5035/5035/5035
f 4980/4980/4980 4979/4979/4979 4953/4953/4953
f 4951/4951/4951 4970/4970/4970 4980/4980/4980
f 4947/4947/4947 4971/4971/4971 4976/4976/4976
f 4945/4945/4945 4972/4972/4972 4971/4971/4971
f 4949/4949/4949 4976/4976/4976 4970/4970/4970
f 5071/5071/5071 4937/4937/4937 5072/5072/5072
f 4962/4962/4962 4934/4934/4934 4929/4929/4929
f 4938/4938/4938 5073/5073/5073 5072/5072/5072 4937/4937/4937
f 4943/4943/4943 4963/4963/4963 4972/4972/4972
f 4939/4939/4939 4964/4964/4964 4965/4965/4965
f 5040/5040/5040 5039/5039/5039 4962/4962/4962
f 4934/4934/4934 4962/4962/4962 5039/5039/5039
f 5040/5040/5040 4962/4962/4962 4964/4964/4964 5041/5041/5041
f 5037/5037/5037 5073/5073/5073 4938/4938/4938
f 4938/4938/4938 5038/5038/5038 5037/5037/5037
f 5073/5073/5073 5037/5037/5037 5036/5036/5036
f 4934/4934/4934 5039/5039/5039 5038/5038/5038
f 4938/4938/4938 4934/4934/4934 5038/5038/5038
f 4941/4941/4941 4965/4965/4965 4963/4963/4963
f 5097/5097/5097 5423/5423/5423 5425/5425/5425 5419/5419/5419
f 5423/5423/5423 5096/5096/5096 5424/5424/5424 5425/5425/5425
f 5420/5420/5420 5419/5419/5419 5421/5421/5421 5422/5422/5422
f 5195/5195/5195 5094/5094/5094 5099/5099/5099
f 5093/5093/5093 5195/5195/5195 5098/5098/5098
f 5094/5094/5094 5195/5195/5195 5093/5093/5093
f 5200/5200/5200 5095/5095/5095 5100/5100/5100
f 5094/5094/5094 5200/5200/5200 5099/5099/5099
f 5095/5095/5095 5200/5200/5200 5094/5094/5094
f 5205/5205/5205 5096/5096/5096 5101/5101/5101
f 5095/5095/5095 5205/5205/5205 5100/5100/5100
f 5096/5096/5096 5205/5205/5205 5095/5095/5095
f 5213/5213/5213 5423/5423/5423 5097/5097/5097 5102/5102/5102
f 5423/5423/5423 5213/5213/5213 5101/5101/5101 5096/5096/5096
f 5198/5198/5198 5099/5099/5099 5194/5194/5194
f 5195/5195/5195 5198/5198/5198 5197/5197/5197
f 5099/5099/5099 5198/5198/5198 5195/5195/5195
f 5197/5197/5197 5196/5196/5196 5098/5098/5098 5195/5195/5195
f 5203/5203/5203 5100/5100/5100 5199/5199/5199
f 5200/5200/5200 5203/5203/5203 5201/5201/5201
f 5100/5100/5100 5203/5203/5203 5200/5200/5200
f 5202/5202/5202 5200/5200/5200 5201/5201/5201
f 5099/5099/5099 5202/5202/5202 5194/5194/5194
f 5200/5200/5200 5202/5202/5202 5099/5099/5099
f 5210/5210/5210 5101/5101/5101 5204/5204/5204
f 5205/5205/5205 5210/5210/5210 5206/5206/5206
f 5101/5101/5101 5210/5210/5210 5205/5205/5205
f 5207/5207/5207 5205/5205/5205 5206/5206/5206
f 5100/5100/5100 5207/5207/5207 5199/5199/5199
f 5205/5205/5205 5207/5207/5207 5100/5100/5100
f 5105/5105/5105 5211/5211/5211 5214/5214/5214 5212/5212/5212
f 5212/5212/5212 5214/5214/5214 5213/5213/5213 5102/5102/5102
f 5214/5214/5214 5204/5204/5204 5101/5101/5101 5213/5213/5213
f 5209/5209/5209 5211/5211/5211 5104/5104/5104
f 5214/5214/5214 5209/5209/5209 5204/5204/5204
f 5211/5211/5211 5209/5209/5209 5214/5214/5214
f 5212/5212/5212 5106/5106/5106 5105/5105/5105
f 5103/5103/5103 5212/5212/5212 5102/5102/5102
f 5106/5106/5106 5212/5212/5212 5103/5103/5103
f 5108/5108/5108 5241/5241/5241 5318/5318/5318 5317/5317/5317
f 5317/5317/5317 5318/5318/5318 5211/5211/5211 5105/5105/5105
f 5316/5316/5316 5318/5318/5318 5208/5208/5208
f 5211/5211/5211 5316/5316/5316 5104/5104/5104
f 5318/5318/5318 5316/5316/5316 5211/5211/5211
f 5319/5319/5319 5241/5241/5241 5107/5107/5107
f 5318/5318/5318 5319/5319/5319 5208/5208/5208
f 5241/5241/5241 5319/5319/5319 5318/5318/5318
f 5317/5317/5317 5109/5109/5109 5108/5108/5108
f 5106/5106/5106 5317/5317/5317 5105/5105/5105
f 5109/5109/5109 5317/5317/5317 5106/5106/5106
f 5115/5115/5115 5239/5239/5239 5242/5242/5242 5240/5240/5240
f 5240/5240/5240 5242/5242/5242 5241/5241/5241 5108/5108/5108
f 5320/5320/5320 5242/5242/5242 5232/5232/5232
f 5241/5241/5241 5320/5320/5320 5107/5107/5107
f 5242/5242/5242 5320/5320/5320 5241/5241/5241
f 5234/5234/5234 5239/5239/5239 5114/5114/5114
f 5242/5242/5242 5234/5234/5234 5232/5232/5232
f 5239/5239/5239 5234/5234/5234 5242/5242/5242
f 5240/5240/5240 5116/5116/5116 5115/5115/5115
f 5109/5109/5109 5240/5240/5240 5108/5108/5108
f 5116/5116/5116 5240/5240/5240 5109/5109/5109
f 5117/5117/5117 5116/5116/5116 5109/5109/5109 5110/5110/5110
f 5119/5119/5119 5252/5252/5252 5254/5254/5254 5247/5247/5247
f 5251/5251/5251 5254/5254/5254 5250/5250/5250
f 5247/5247/5247 5251/5251/5251 5112/5112/5112
f 5254/5254/5254 5251/5251/5251 5247/5247/5247
f 5254/5254/5254 5253/5253/5253 5111/5111/5111 5250/5250/5250
f 5252/5252/5252 5118/5118/5118 5253/5253/5253 5254/5254/5254
f 5120/5120/5120 5246/5246/5246 5248/5248/5248 5237/5237/5237
f 5245/5245/5245 5248/5248/5248 5244/5244/5244
f 5237/5237/5237 5245/5245/5245 5113/5113/5113
f 5248/5248/5248 5245/5245/5245 5237/5237/5237
f 5249/5249/5249 5247/5247/5247 5112/5112/5112
f 5248/5248/5248 5249/5249/5249 5244/5244/5244
f 5247/5247/5247 5249/5249/5249 5248/5248/5248
f 5246/5246/5246 5119/5119/5119 5247/5247/5247 5248/5248/5248
f 5121/5121/5121 5235/5235/5235 5238/5238/5238 5236/5236/5236
f 5233/5233/5233 5238/5238/5238 5231/5231/5231
f 5236/5236/5236 5233/5233/5233 5114/5114/5114
f 5238/5238/5238 5233/5233/5233 5236/5236/5236
f 5243/5243/5243 5237/5237/5237 5113/5113/5113
f 5238/5238/5238 5243/5243/5243 5231/5231/5231
f 5237/5237/5237 5243/5243/5243 5238/5238/5238
f 5235/5235/5235 5120/5120/5120 5237/5237/5237 5238/5238/5238
f 5239/5239/5239 5236/5236/5236 5114/5114/5114
f 5236/5236/5236 5122/5122/5122 5121/5121/5121
f 5122/5122/5122 5239/5239/5239 5115/5115/5115
f 5239/5239/5239 5122/5122/5122 5236/5236/5236
f 5123/5123/5123 5122/5122/5122 5115/5115/5115 5116/5116/5116
f 5124/5124/5124 5123/5123/5123 5116/5116/5116 5117/5117/5117
f 5117/5117/5117 5125/5125/5125 5124/5124/5124
f 5273/5273/5273 5277/5277/5277 5127/5127/5127
f 5279/5279/5279 5273/5273/5273 5271/5271/5271
f 5277/5277/5277 5273/5273/5273 5279/5279/5279
f 5277/5277/5277 5279/5279/5279 5252/5252/5252 5119/5119/5119
f 5279/5279/5279 5278/5278/5278 5118/5118/5118 5252/5252/5252
f 5271/5271/5271 5126/5126/5126 5278/5278/5278 5279/5279/5279
f 5286/5286/5286 5283/5283/5283 5128/5128/5128
f 5284/5284/5284 5286/5286/5286 5276/5276/5276
f 5283/5283/5283 5286/5286/5286 5284/5284/5284
f 5283/5283/5283 5284/5284/5284 5246/5246/5246 5120/5120/5120
f 5284/5284/5284 5277/5277/5277 5119/5119/5119 5246/5246/5246
f 5281/5281/5281 5284/5284/5284 5276/5276/5276
f 5277/5277/5277 5281/5281/5281 5127/5127/5127
f 5284/5284/5284 5281/5281/5281 5277/5277/5277
f 5296/5296/5296 5293/5293/5293 5129/5129/5129
f 5294/5294/5294 5296/5296/5296 5289/5289/5289
f 5293/5293/5293 5296/5296/5296 5294/5294/5294
f 5293/5293/5293 5294/5294/5294 5235/5235/5235 5121/5121/5121
f 5294/5294/5294 5283/5283/5283 5120/5120/5120 5235/5235/5235
f 5291/5291/5291 5294/5294/5294 5289/5289/5289
f 5283/5283/5283 5291/5291/5291 5128/5128/5128
f 5294/5294/5294 5291/5291/5291 5283/5283/5283
f 5293/5293/5293 5300/5300/5300 5129/5129/5129
f 5300/5300/5300 5122/5122/5122 5130/5130/5130
f 5122/5122/5122 5293/5293/5293 5121/5121/5121
f 5293/5293/5293 5122/5122/5122 5300/5300/5300
f 5131/5131/5131 5130/5130/5130 5122/5122/5122 5123/5123/5123
f 5132/5132/5132 5131/5131/5131 5123/5123/5123 5124/5124/5124
f 5125/5125/5125 5132/5132/5132 5124/5124/5124
f 5272/5272/5272 5275/5275/5275 5273/5273/5273 5127/5127/5127
f 5275/5275/5275 5274/5274/5274 5271/5271/5271 5273/5273/5273
f 5285/5285/5285 5287/5287/5287 5286/5286/5286 5128/5128/5128
f 5287/5287/5287 5280/5280/5280 5276/5276/5276 5286/5286/5286
f 5280/5280/5280 5282/5282/5282 5281/5281/5281 5276/5276/5276
f 5282/5282/5282 5272/5272/5272 5127/5127/5127 5281/5281/5281
f 5295/5295/5295 5297/5297/5297 5296/5296/5296 5129/5129/5129
f 5297/5297/5297 5290/5290/5290 5289/5289/5289 5296/5296/5296
f 5290/5290/5290 5292/5292/5292 5291/5291/5291 5289/5289/5289
f 5292/5292/5292 5285/5285/5285 5128/5128/5128 5291/5291/5291
f 5134/5134/5134 5298/5298/5298 5301/5301/5301 5299/5299/5299
f 5299/5299/5299 5301/5301/5301 5300/5300/5300 5130/5130/5130
f 5295/5295/5295 5301/5301/5301 5288/5288/5288
f 5300/5300/5300 5295/5295/5295 5129/5129/5129
f 5301/5301/5301 5295/5295/5295 5300/5300/5300
f 5349/5349/5349 5298/5298/5298 5133/5133/5133
f 5301/5301/5301 5349/5349/5349 5288/5288/5288
f 5298/5298/5298 5349/5349/5349 5301/5301/5301
f 5299/5299/5299 5135/5135/5135 5134/5134/5134
f 5131/5131/5131 5299/5299/5299 5130/5130/5130
f 5135/5135/5135 5299/5299/5299 5131/5131/5131
f 5136/5136/5136 5135/5135/5135 5131/5131/5131 5132/5132/5132
f 5138/5138/5138 5172/5172/5172 5352/5352/5352 5351/5351/5351
f 5351/5351/5351 5352/5352/5352 5298/5298/5298 5134/5134/5134
f 5350/5350/5350 5352/5352/5352 5174/5174/5174
f 5298/5298/5298 5350/5350/5350 5133/5133/5133
f 5352/5352/5352 5350/5350/5350 5298/5298/5298
f 5353/5353/5353 5172/5172/5172 5137/5137/5137
f 5352/5352/5352 5353/5353/5353 5174/5174/5174
f 5172/5172/5172 5353/5353/5353 5352/5352/5352
f 5351/5351/5351 5139/5139/5139 5138/5138/5138
f 5135/5135/5135 5351/5351/5351 5134/5134/5134
f 5139/5139/5139 5351/5351/5351 5135/5135/5135
f 5177/5177/5177 5176/5176/5176 5140/5140/5140
f 5144/5144/5144 5170/5170/5170 5173/5173/5173 5171/5171/5171
f 5171/5171/5171 5173/5173/5173 5172/5172/5172 5138/5138/5138
f 5169/5169/5169 5173/5173/5173 5168/5168/5168
f 5172/5172/5172 5169/5169/5169 5137/5137/5137
f 5173/5173/5173 5169/5169/5169 5172/5172/5172
f 5170/5170/5170 5143/5143/5143 5168/5168/5168 5173/5173/5173
f 5171/5171/5171 5145/5145/5145 5144/5144/5144
f 5139/5139/5139 5171/5171/5171 5138/5138/5138
f 5145/5145/5145 5171/5171/5171 5139/5139/5139
f 5176/5176/5176 5146/5146/5146 5140/5140/5140
f 5147/5147/5147 5176/5176/5176 5141/5141/5141
f 5146/5146/5146 5176/5176/5176 5147/5147/5147
f 5175/5175/5175 5147/5147/5147 5141/5141/5141
f 5148/5148/5148 5175/5175/5175 5142/5142/5142
f 5147/5147/5147 5175/5175/5175 5148/5148/5148
f 5167/5167/5167 5148/5148/5148 5142/5142/5142
f 5149/5149/5149 5167/5167/5167 5143/5143/5143
f 5148/5148/5148 5167/5167/5167 5149/5149/5149
f 5170/5170/5170 5149/5149/5149 5143/5143/5143
f 5150/5150/5150 5170/5170/5170 5144/5144/5144
f 5149/5149/5149 5170/5170/5170 5150/5150/5150
f 5418/5418/5418 5369/5369/5369 5368/5368/5368
f 5098/5098/5098 5371/5371/5371 5370/5370/5370
f 5093/5093/5093 5370/5370/5370 5369/5369/5369
f 5093/5093/5093 5418/5418/5418 5417/5417/5417
f 5093/5093/5093 5417/5417/5417 5094/5094/5094
f 5369/5369/5369 5418/5418/5418 5093/5093/5093
f 5093/5093/5093 5098/5098/5098 5370/5370/5370
f 5098/5098/5098 5196/5196/5196 5371/5371/5371
f 5178/5178/5178 5196/5196/5196 5197/5197/5197
f 5196/5196/5196 5333/5333/5333 5332/5332/5332
f 5178/5178/5178 5334/5334/5334 5196/5196/5196
f 5372/5372/5372 5371/5371/5371 5196/5196/5196
f 5178/5178/5178 5197/5197/5197 5198/5198/5198 5179/5179/5179
f 5180/5180/5180 5179/5179/5179 5198/5198/5198
f 5196/5196/5196 5334/5334/5334 5333/5333/5333
f 5426/5426/5426 5373/5373/5373 5372/5372/5372 5196/5196/5196
f 5094/5094/5094 5416/5416/5416 5415/5415/5415 5095/5095/5095
f 5417/5417/5417 5416/5416/5416 5094/5094/5094
f 5202/5202/5202 5182/5182/5182 5181/5181/5181 5194/5194/5194
f 5199/5199/5199 5188/5188/5188 5187/5187/5187 5203/5203/5203
f 5203/5203/5203 5186/5186/5186 5185/5185/5185 5201/5201/5201
f 5201/5201/5201 5184/5184/5184 5183/5183/5183 5202/5202/5202
f 5194/5194/5194 5181/5181/5181 5180/5180/5180
f 5202/5202/5202 5183/5183/5183 5182/5182/5182
f 5201/5201/5201 5185/5185/5185 5184/5184/5184
f 5203/5203/5203 5187/5187/5187 5186/5186/5186
f 5194/5194/5194 5180/5180/5180 5198/5198/5198
f 5188/5188/5188 5199/5199/5199 5189/5189/5189
f 5196/5196/5196 5332/5332/5332 5331/5331/5331 5426/5426/5426
f 5374/5374/5374 5373/5373/5373 5426/5426/5426
f 5330/5330/5330 5426/5426/5426 5331/5331/5331
f 5426/5426/5426 5330/5330/5330 5329/5329/5329
f 5426/5426/5426 5328/5328/5328 5327/5327/5327
f 5328/5328/5328 5426/5426/5426 5329/5329/5329
f 5327/5327/5327 5326/5326/5326 5426/5426/5426
f 5325/5325/5325 5426/5426/5426 5326/5326/5326
f 5426/5426/5426 5111/5111/5111 5374/5374/5374
f 5426/5426/5426 5323/5323/5323 5322/5322/5322 5111/5111/5111
f 5111/5111/5111 5375/5375/5375 5374/5374/5374
f 5111/5111/5111 5321/5321/5321 5230/5230/5230
f 5324/5324/5324 5426/5426/5426 5325/5325/5325
f 5111/5111/5111 5322/5322/5322 5321/5321/5321
f 5324/5324/5324 5323/5323/5323 5426/5426/5426
f 5230/5230/5230 5250/5250/5250 5111/5111/5111
f 5229/5229/5229 5251/5251/5251 5250/5250/5250 5230/5230/5230
f 5112/5112/5112 5228/5228/5228 5227/5227/5227
f 5228/5228/5228 5251/5251/5251 5229/5229/5229
f 5249/5249/5249 5226/5226/5226 5225/5225/5225
f 5244/5244/5244 5224/5224/5224 5223/5223/5223
f 5224/5224/5224 5244/5244/5244 5249/5249/5249 5225/5225/5225
f 5226/5226/5226 5112/5112/5112 5227/5227/5227
f 5112/5112/5112 5226/5226/5226 5249/5249/5249
f 5244/5244/5244 5223/5223/5223 5222/5222/5222 5245/5245/5245
f 5245/5245/5245 5222/5222/5222 5221/5221/5221
f 5220/5220/5220 5113/5113/5113 5221/5221/5221
f 5245/5245/5245 5221/5221/5221 5113/5113/5113
f 5219/5219/5219 5113/5113/5113 5220/5220/5220
f 5251/5251/5251 5228/5228/5228 5112/5112/5112
f 5424/5424/5424 5096/5096/5096 5095/5095/5095
f 5210/5210/5210 5193/5193/5193 5192/5192/5192 5206/5206/5206
f 5206/5206/5206 5191/5191/5191 5190/5190/5190 5207/5207/5207
f 5413/5413/5413 5425/5425/5425 5424/5424/5424 5414/5414/5414
f 5414/5414/5414 5095/5095/5095 5415/5415/5415
f 5414/5414/5414 5424/5424/5424 5095/5095/5095
f 5204/5204/5204 5209/5209/5209 5210/5210/5210
f 5191/5191/5191 5206/5206/5206 5192/5192/5192
f 5302/5302/5302 5193/5193/5193 5209/5209/5209
f 5193/5193/5193 5210/5210/5210 5209/5209/5209
f 5104/5104/5104 5302/5302/5302 5209/5209/5209
f 5303/5303/5303 5302/5302/5302 5104/5104/5104
f 5189/5189/5189 5207/5207/5207 5190/5190/5190
f 5199/5199/5199 5207/5207/5207 5189/5189/5189
f 5412/5412/5412 5421/5421/5421 5413/5413/5413
f 5425/5425/5425 5413/5413/5413 5421/5421/5421
f 5421/5421/5421 5419/5419/5419 5425/5425/5425
f 5422/5422/5422 5412/5412/5412 5395/5395/5395
f 5394/5394/5394 5422/5422/5422 5395/5395/5395
f 5421/5421/5421 5412/5412/5412 5422/5422/5422
f 5420/5420/5420 5422/5422/5422 5394/5394/5394
f 5420/5420/5420 5097/5097/5097 5419/5419/5419
f 5097/5097/5097 5394/5394/5394 5393/5393/5393
f 5420/5420/5420 5394/5394/5394 5097/5097/5097
f 5102/5102/5102 5097/5097/5097 5393/5393/5393
f 5103/5103/5103 5393/5393/5393 5392/5392/5392
f 5391/5391/5391 5106/5106/5106 5103/5103/5103
f 5390/5390/5390 5106/5106/5106 5391/5391/5391
f 5392/5392/5392 5391/5391/5391 5103/5103/5103
f 5103/5103/5103 5102/5102/5102 5393/5393/5393
f 5303/5303/5303 5104/5104/5104 5316/5316/5316 5304/5304/5304
f 5316/5316/5316 5305/5305/5305 5304/5304/5304
f 5208/5208/5208 5307/5307/5307 5306/5306/5306
f 5208/5208/5208 5306/5306/5306 5305/5305/5305
f 5319/5319/5319 5309/5309/5309 5308/5308/5308
f 5107/5107/5107 5311/5311/5311 5310/5310/5310
f 5107/5107/5107 5310/5310/5310 5309/5309/5309
f 5319/5319/5319 5308/5308/5308 5307/5307/5307
f 5243/5243/5243 5219/5219/5219 5218/5218/5218
f 5243/5243/5243 5218/5218/5218 5217/5217/5217 5231/5231/5231
f 5243/5243/5243 5113/5113/5113 5219/5219/5219
f 5312/5312/5312 5320/5320/5320 5232/5232/5232 5313/5313/5313
f 5231/5231/5231 5216/5216/5216 5215/5215/5215 5233/5233/5233
f 5216/5216/5216 5231/5231/5231 5217/5217/5217
f 5320/5320/5320 5312/5312/5312 5311/5311/5311
f 5208/5208/5208 5305/5305/5305 5316/5316/5316
f 5107/5107/5107 5309/5309/5309 5319/5319/5319
f 5208/5208/5208 5319/5319/5319 5307/5307/5307
f 5110/5110/5110 5390/5390/5390 5389/5389/5389
f 5106/5106/5106 5390/5390/5390 5110/5110/5110
f 5110/5110/5110 5388/5388/5388 5117/5117/5117
f 5106/5106/5106 5110/5110/5110 5109/5109/5109
f 5388/5388/5388 5110/5110/5110 5389/5389/5389
f 5311/5311/5311 5107/5107/5107 5320/5320/5320
f 5315/5315/5315 5314/5314/5314 5234/5234/5234
f 5215/5215/5215 5315/5315/5315 5234/5234/5234
f 5388/5388/5388 5387/5387/5387 5117/5117/5117
f 5215/5215/5215 5234/5234/5234 5114/5114/5114
f 5234/5234/5234 5314/5314/5314 5232/5232/5232
f 5114/5114/5114 5233/5233/5233 5215/5215/5215
f 5313/5313/5313 5232/5232/5232 5314/5314/5314
f 5375/5375/5375 5253/5253/5253 5118/5118/5118 5376/5376/5376
f 5376/5376/5376 5118/5118/5118 5278/5278/5278 5377/5377/5377
f 5274/5274/5274 5126/5126/5126 5271/5271/5271
f 5126/5126/5126 5377/5377/5377 5278/5278/5278
f 5126/5126/5126 5378/5378/5378 5377/5377/5377
f 5274/5274/5274 5255/5255/5255 5367/5367/5367
f 5367/5367/5367 5126/5126/5126 5274/5274/5274
f 5126/5126/5126 5379/5379/5379 5378/5378/5378
f 5126/5126/5126 5427/5427/5427 5379/5379/5379
f 5366/5366/5366 5126/5126/5126 5367/5367/5367
f 5364/5364/5364 5126/5126/5126 5365/5365/5365
f 5366/5366/5366 5365/5365/5365 5126/5126/5126
f 5126/5126/5126 5364/5364/5364 5363/5363/5363
f 5255/5255/5255 5274/5274/5274 5275/5275/5275 5256/5256/5256
f 5272/5272/5272 5258/5258/5258 5257/5257/5257 5275/5275/5275
f 5275/5275/5275 5257/5257/5257 5256/5256/5256
f 5282/5282/5282 5259/5259/5259 5258/5258/5258 5272/5272/5272
f 5280/5280/5280 5261/5261/5261 5260/5260/5260 5282/5282/5282
f 5285/5285/5285 5265/5265/5265 5264/5264/5264 5287/5287/5287
f 5287/5287/5287 5263/5263/5263 5262/5262/5262 5280/5280/5280
f 5363/5363/5363 5427/5427/5427 5126/5126/5126
f 5287/5287/5287 5264/5264/5264 5263/5263/5263
f 5280/5280/5280 5262/5262/5262 5261/5261/5261
f 5282/5282/5282 5260/5260/5260 5259/5259/5259
f 5362/5362/5362 5427/5427/5427 5363/5363/5363
f 5427/5427/5427 5361/5361/5361 5360/5360/5360
f 5361/5361/5361 5427/5427/5427 5362/5362/5362
f 5177/5177/5177 5381/5381/5381 5380/5380/5380 5427/5427/5427
f 5427/5427/5427 5380/5380/5380 5379/5379/5379
f 5359/5359/5359 5427/5427/5427 5360/5360/5360
f 5427/5427/5427 5359/5359/5359 5358/5358/5358
f 5427/5427/5427 5357/5357/5357 5356/5356/5356
f 5357/5357/5357 5427/5427/5427 5358/5358/5358
f 5355/5355/5355 5427/5427/5427 5356/5356/5356
f 5140/5140/5140 5382/5382/5382 5381/5381/5381
f 5406/5406/5406 5384/5384/5384 5383/5383/5383
f 5146/5146/5146 5383/5383/5383 5382/5382/5382
f 5140/5140/5140 5381/5381/5381 5177/5177/5177
f 5382/5382/5382 5140/5140/5140 5146/5146/5146
f 5406/5406/5406 5146/5146/5146 5407/5407/5407
f 5383/5383/5383 5146/5146/5146 5406/5406/5406
f 5427/5427/5427 5355/5355/5355 5354/5354/5354 5177/5177/5177
f 5176/5176/5176 5177/5177/5177 5166/5166/5166
f 5165/5165/5165 5176/5176/5176 5166/5166/5166
f 5166/5166/5166 5177/5177/5177 5354/5354/5354
f 5141/5141/5141 5164/5164/5164 5163/5163/5163
f 5141/5141/5141 5162/5162/5162 5161/5161/5161
f 5162/5162/5162 5141/5141/5141 5163/5163/5163
f 5164/5164/5164 5141/5141/5141 5165/5165/5165
f 5165/5165/5165 5141/5141/5141 5176/5176/5176
f 5147/5147/5147 5408/5408/5408 5407/5407/5407
f 5175/5175/5175 5160/5160/5160 5159/5159/5159
f 5142/5142/5142 5158/5158/5158 5157/5157/5157
f 5159/5159/5159 5158/5158/5158 5175/5175/5175
f 5158/5158/5158 5142/5142/5142 5175/5175/5175
f 5160/5160/5160 5175/5175/5175 5161/5161/5161
f 5148/5148/5148 5409/5409/5409 5408/5408/5408 5147/5147/5147
f 5141/5141/5141 5161/5161/5161 5175/5175/5175
f 5147/5147/5147 5407/5407/5407 5146/5146/5146
f 5292/5292/5292 5266/5266/5266 5265/5265/5265 5285/5285/5285
f 5292/5292/5292 5267/5267/5267 5266/5266/5266
f 5290/5290/5290 5268/5268/5268 5267/5267/5267 5292/5292/5292
f 5297/5297/5297 5270/5270/5270 5269/5269/5269 5290/5290/5290
f 5290/5290/5290 5269/5269/5269 5268/5268/5268
f 5288/5288/5288 5335/5335/5335 5270/5270/5270
f 5349/5349/5349 5337/5337/5337 5336/5336/5336
f 5288/5288/5288 5336/5336/5336 5335/5335/5335
f 5133/5133/5133 5339/5339/5339 5338/5338/5338
f 5350/5350/5350 5341/5341/5341 5340/5340/5340
f 5174/5174/5174 5342/5342/5342 5341/5341/5341
f 5339/5339/5339 5133/5133/5133 5350/5350/5350 5340/5340/5340
f 5349/5349/5349 5338/5338/5338 5337/5337/5337
f 5295/5295/5295 5270/5270/5270 5297/5297/5297
f 5387/5387/5387 5386/5386/5386 5125/5125/5125
f 5403/5403/5403 5132/5132/5132 5404/5404/5404
f 5404/5404/5404 5132/5132/5132 5125/5125/5125
f 5385/5385/5385 5125/5125/5125 5386/5386/5386
f 5405/5405/5405 5125/5125/5125 5385/5385/5385
f 5405/5405/5405 5404/5404/5404 5125/5125/5125
f 5117/5117/5117 5387/5387/5387 5125/5125/5125
f 5336/5336/5336 5288/5288/5288 5349/5349/5349
f 5133/5133/5133 5338/5338/5338 5349/5349/5349
f 5403/5403/5403 5136/5136/5136 5132/5132/5132
f 5402/5402/5402 5401/5401/5401 5136/5136/5136
f 5136/5136/5136 5139/5139/5139 5135/5135/5135
f 5403/5403/5403 5402/5402/5402 5136/5136/5136
f 5174/5174/5174 5341/5341/5341 5350/5350/5350
f 5288/5288/5288 5270/5270/5270 5295/5295/5295
f 5174/5174/5174 5343/5343/5343 5342/5342/5342
f 5344/5344/5344 5343/5343/5343 5353/5353/5353
f 5142/5142/5142 5156/5156/5156 5155/5155/5155
f 5346/5346/5346 5345/5345/5345 5137/5137/5137
f 5348/5348/5348 5347/5347/5347 5169/5169/5169
f 5347/5347/5347 5346/5346/5346 5137/5137/5137
f 5345/5345/5345 5344/5344/5344 5353/5353/5353
f 5142/5142/5142 5155/5155/5155 5154/5154/5154 5167/5167/5167
f 5409/5409/5409 5148/5148/5148 5149/5149/5149 5410/5410/5410
f 5167/5167/5167 5153/5153/5153 5152/5152/5152
f 5167/5167/5167 5152/5152/5152 5151/5151/5151 5143/5143/5143
f 5348/5348/5348 5169/5169/5169 5168/5168/5168 5151/5151/5151
f 5167/5167/5167 5154/5154/5154 5153/5153/5153
f 5345/5345/5345 5353/5353/5353 5137/5137/5137
f 5169/5169/5169 5347/5347/5347 5137/5137/5137
f 5400/5400/5400 5139/5139/5139 5401/5401/5401
f 5401/5401/5401 5139/5139/5139 5136/5136/5136
f 5400/5400/5400 5145/5145/5145 5139/5139/5139
f 5143/5143/5143 5151/5151/5151 5168/5168/5168
f 5396/5396/5396 5411/5411/5411 5150/5150/5150
f 5150/5150/5150 5411/5411/5411 5410/5410/5410 5149/5149/5149
f 5398/5398/5398 5150/5150/5150 5144/5144/5144
f 5400/5400/5400 5399/5399/5399 5145/5145/5145
f 5398/5398/5398 5145/5145/5145 5399/5399/5399
f 5145/5145/5145 5398/5398/5398 5144/5144/5144
f 5398/5398/5398 5397/5397/5397 5150/5150/5150
f 5397/5397/5397 5396/5396/5396 5150/5150/5150
f 5353/5353/5353 5343/5343/5343 5174/5174/5174
f 5156/5156/5156 5142/5142/5142 5157/5157/5157
f 5375/5375/5375 5111/5111/5111 5253/5253/5253
f 5636/5636/5636 5428/5428/5428 5432/5432/5432
f 5636/5636/5636 5433/5433/5433 5434/5434/5434
f 5636/5636/5636 5432/5432/5432 5433/5433/5433
f 5435/5435/5435 5436/5436/5436 5637/5637/5637 5638/5638/5638
f 5639/5639/5639 5437/5437/5437 5438/5438/5438
f 5637/5637/5637 5436/5436/5436 5437/5437/5437
f 5638/5638/5638 5434/5434/5434 5435/5435/5435
f 5439/5439/5439 5440/5440/5440 5640/5640/5640 5641/5641/5641
f 5642/5642/5642 5441/5441/5441 5442/5442/5442
f 5640/5640/5640 5440/5440/5440 5441/5441/5441
f 5443/5443/5443 5444/5444/5444 5643/5643/5643 5644/5644/5644
f 5645/5645/5645 5445/5445/5445 5446/5446/5446
f 5446/5446/5446 5447/5447/5447 5646/5646/5646 5645/5645/5645
f 5643/5643/5643 5444/5444/5444 5445/5445/5445
f 5442/5442/5442 5443/5443/5443 5644/5644/5644 5642/5642/5642
f 5438/5438/5438 5439/5439/5439 5641/5641/5641 5639/5639/5639
f 5636/5636/5636 5638/5638/5638 5633/5633/5633 5634/5634/5634
f 5638/5638/5638 5636/5636/5636 5434/5434/5434
f 5637/5637/5637 5639/5639/5639 5629/5629/5629 5630/5630/5630
f 5639/5639/5639 5637/5637/5637 5437/5437/5437
f 5638/5638/5638 5637/5637/5637 5631/5631/5631 5632/5632/5632
f 5641/5641/5641 5640/5640/5640 5627/5627/5627 5628/5628/5628
f 5642/5642/5642 5644/5644/5644 5624/5624/5624 5625/5625/5625
f 5644/5644/5644 5643/5643/5643 5623/5623/5623 5624/5624/5624
f 5640/5640/5640 5441/5441/5441 5642/5642/5642
f 5640/5640/5640 5642/5642/5642 5625/5625/5625 5626/5626/5626
f 5639/5639/5639 5641/5641/5641 5628/5628/5628 5629/5629/5629
f 5647/5647/5647 5448/5448/5448 5449/5449/5449
f 5450/5450/5450 5451/5451/5451 5648/5648/5648 5649/5649/5649
f 5649/5649/5649 5449/5449/5449 5450/5450/5450
f 5645/5645/5645 5646/5646/5646 5620/5620/5620 5621/5621/5621
f 5647/5647/5647 5649/5649/5649 5617/5617/5617 5618/5618/5618
f 5449/5449/5449 5649/5649/5649 5647/5647/5647
f 5649/5649/5649 5648/5648/5648 5616/5616/5616 5617/5617/5617
f 5647/5647/5647 5646/5646/5646 5447/5447/5447 5448/5448/5448
f 5646/5646/5646 5647/5647/5647 5619/5619/5619 5620/5620/5620
f 5451/5451/5451 5452/5452/5452 5650/5650/5650 5648/5648/5648
f 5445/5445/5445 5645/5645/5645 5643/5643/5643
f 5643/5643/5643 5645/5645/5645 5621/5621/5621 5622/5622/5622
f 5429/5429/5429 5428/5428/5428 5636/5636/5636
f 5650/5650/5650 5452/5452/5452 5453/5453/5453
f 5454/5454/5454 5455/5455/5455 5651/5651/5651 5652/5652/5652
f 5652/5652/5652 5453/5453/5453 5454/5454/5454
f 5653/5653/5653 5456/5456/5456 5457/5457/5457
f 5458/5458/5458 5654/5654/5654 5457/5457/5457
f 5654/5654/5654 5653/5653/5653 5457/5457/5457
f 5455/5455/5455 5456/5456/5456 5653/5653/5653 5651/5651/5651
f 5459/5459/5459 5460/5460/5460 5655/5655/5655 5656/5656/5656
f 5462/5462/5462 5657/5657/5657 5461/5461/5461
f 5461/5461/5461 5655/5655/5655 5460/5460/5460
f 5463/5463/5463 5464/5464/5464 5658/5658/5658 5659/5659/5659
f 5466/5466/5466 5660/5660/5660 5465/5465/5465
f 5466/5466/5466 5467/5467/5467 5661/5661/5661 5660/5660/5660
f 5465/5465/5465 5658/5658/5658 5464/5464/5464
f 5462/5462/5462 5463/5463/5463 5659/5659/5659 5657/5657/5657
f 5458/5458/5458 5459/5459/5459 5656/5656/5656 5654/5654/5654
f 5469/5469/5469 5662/5662/5662 5468/5468/5468
f 5470/5470/5470 5471/5471/5471 5663/5663/5663 5664/5664/5664
f 5470/5470/5470 5664/5664/5664 5469/5469/5469
f 5650/5650/5650 5652/5652/5652 5613/5613/5613 5614/5614/5614
f 5650/5650/5650 5453/5453/5453 5652/5652/5652
f 5472/5472/5472 5473/5473/5473 5665/5665/5665
f 5651/5651/5651 5653/5653/5653 5611/5611/5611 5612/5612/5612
f 5471/5471/5471 5472/5472/5472 5665/5665/5665 5663/5663/5663
f 5652/5652/5652 5651/5651/5651 5612/5612/5612 5613/5613/5613
f 5467/5467/5467 5468/5468/5468 5662/5662/5662 5661/5661/5661
f 5474/5474/5474 5666/5666/5666 5473/5473/5473
f 5475/5475/5475 5476/5476/5476 5667/5667/5667 5668/5668/5668
f 5474/5474/5474 5475/5475/5475 5668/5668/5668 5666/5666/5666
f 5478/5478/5478 5669/5669/5669 5477/5477/5477
f 5479/5479/5479 5480/5480/5480 5670/5670/5670 5671/5671/5671
f 5481/5481/5481 5670/5670/5670 5480/5480/5480
f 5478/5478/5478 5479/5479/5479 5671/5671/5671 5669/5669/5669
f 5477/5477/5477 5667/5667/5667 5476/5476/5476
f 5482/5482/5482 5672/5672/5672 5481/5481/5481
f 5648/5648/5648 5650/5650/5650 5615/5615/5615 5616/5616/5616
f 5635/5635/5635 5429/5429/5429 5636/5636/5636
f 5635/5635/5635 5636/5636/5636 5634/5634/5634
f 5631/5631/5631 5637/5637/5637 5630/5630/5630
f 5633/5633/5633 5638/5638/5638 5632/5632/5632
f 5656/5656/5656 5655/5655/5655 5607/5607/5607 5608/5608/5608
f 5461/5461/5461 5657/5657/5657 5655/5655/5655
f 5654/5654/5654 5656/5656/5656 5608/5608/5608 5609/5609/5609
f 5627/5627/5627 5640/5640/5640 5626/5626/5626
f 5655/5655/5655 5657/5657/5657 5605/5605/5605 5606/5606/5606
f 5653/5653/5653 5654/5654/5654 5609/5609/5609 5610/5610/5610
f 5622/5622/5622 5623/5623/5623 5643/5643/5643
f 5618/5618/5618 5619/5619/5619 5647/5647/5647
f 5655/5655/5655 5606/5606/5606 5607/5607/5607
f 5611/5611/5611 5653/5653/5653 5610/5610/5610
f 5615/5615/5615 5650/5650/5650 5614/5614/5614
f 5659/5659/5659 5658/5658/5658 5603/5603/5603 5604/5604/5604
f 5658/5658/5658 5660/5660/5660 5601/5601/5601 5602/5602/5602
f 5660/5660/5660 5658/5658/5658 5465/5465/5465
f 5602/5602/5602 5603/5603/5603 5658/5658/5658
f 5604/5604/5604 5605/5605/5605 5657/5657/5657 5659/5659/5659
f 5661/5661/5661 5662/5662/5662 5599/5599/5599 5600/5600/5600
f 5469/5469/5469 5664/5664/5664 5662/5662/5662
f 5662/5662/5662 5664/5664/5664 5597/5597/5597 5598/5598/5598
f 5660/5660/5660 5661/5661/5661 5600/5600/5600 5601/5601/5601
f 5664/5664/5664 5663/5663/5663 5596/5596/5596 5597/5597/5597
f 5665/5665/5665 5666/5666/5666 5593/5593/5593 5594/5594/5594
f 5666/5666/5666 5665/5665/5665 5473/5473/5473
f 5663/5663/5663 5665/5665/5665 5595/5595/5595 5596/5596/5596
f 5668/5668/5668 5667/5667/5667 5591/5591/5591 5592/5592/5592
f 5477/5477/5477 5669/5669/5669 5667/5667/5667
f 5669/5669/5669 5671/5671/5671 5588/5588/5588 5589/5589/5589
f 5481/5481/5481 5672/5672/5672 5670/5670/5670
f 5671/5671/5671 5670/5670/5670 5587/5587/5587 5588/5588/5588
f 5667/5667/5667 5669/5669/5669 5589/5589/5589 5590/5590/5590
f 5666/5666/5666 5668/5668/5668 5592/5592/5592 5593/5593/5593
f 5670/5670/5670 5672/5672/5672 5585/5585/5585 5586/5586/5586
f 5665/5665/5665 5594/5594/5594 5595/5595/5595
f 5598/5598/5598 5599/5599/5599 5662/5662/5662
f 5667/5667/5667 5590/5590/5590 5591/5591/5591
f 5670/5670/5670 5586/5586/5586 5587/5587/5587
f 5584/5584/5584 5585/5585/5585 5672/5672/5672 5673/5673/5673
f 5482/5482/5482 5483/5483/5483 5673/5673/5673 5672/5672/5672
f 5673/5673/5673 5483/5483/5483 5484/5484/5484
f 5485/5485/5485 5486/5486/5486 5674/5674/5674 5675/5675/5675
f 5675/5675/5675 5484/5484/5484 5485/5485/5485
f 5676/5676/5676 5487/5487/5487 5488/5488/5488
f 5489/5489/5489 5490/5490/5490 5677/5677/5677 5678/5678/5678
f 5678/5678/5678 5488/5488/5488 5489/5489/5489
f 5486/5486/5486 5487/5487/5487 5676/5676/5676 5674/5674/5674
f 5679/5679/5679 5491/5491/5491 5492/5492/5492
f 5493/5493/5493 5494/5494/5494 5680/5680/5680 5681/5681/5681
f 5681/5681/5681 5492/5492/5492 5493/5493/5493
f 5682/5682/5682 5495/5495/5495 5496/5496/5496
f 5497/5497/5497 5498/5498/5498 5683/5683/5683 5684/5684/5684
f 5498/5498/5498 5499/5499/5499 5685/5685/5685 5683/5683/5683
f 5684/5684/5684 5496/5496/5496 5497/5497/5497
f 5494/5494/5494 5495/5495/5495 5682/5682/5682 5680/5680/5680
f 5490/5490/5490 5491/5491/5491 5679/5679/5679 5677/5677/5677
f 5673/5673/5673 5675/5675/5675 5583/5583/5583 5584/5584/5584
f 5675/5675/5675 5673/5673/5673 5484/5484/5484
f 5674/5674/5674 5676/5676/5676 5580/5580/5580 5581/5581/5581
f 5675/5675/5675 5674/5674/5674 5581/5581/5581 5582/5582/5582
f 5678/5678/5678 5677/5677/5677 5577/5577/5577 5578/5578/5578
f 5679/5679/5679 5681/5681/5681 5575/5575/5575 5576/5576/5576
f 5681/5681/5681 5679/5679/5679 5492/5492/5492
f 5681/5681/5681 5680/5680/5680 5573/5573/5573 5574/5574/5574
f 5677/5677/5677 5679/5679/5679 5576/5576/5576 5577/5577/5577
f 5676/5676/5676 5488/5488/5488 5678/5678/5678
f 5676/5676/5676 5678/5678/5678 5579/5579/5579 5580/5580/5580
f 5684/5684/5684 5682/5682/5682 5496/5496/5496
f 5501/5501/5501 5686/5686/5686 5500/5500/5500
f 5501/5501/5501 5502/5502/5502 5687/5687/5687 5686/5686/5686
f 5684/5684/5684 5683/5683/5683 5569/5569/5569 5570/5570/5570
f 5685/5685/5685 5686/5686/5686 5567/5567/5567 5568/5568/5568
f 5686/5686/5686 5685/5685/5685 5499/5499/5499 5500/5500/5500
f 5686/5686/5686 5687/5687/5687 5565/5565/5565 5566/5566/5566
f 5683/5683/5683 5685/5685/5685 5568/5568/5568 5569/5569/5569
f 5502/5502/5502 5503/5503/5503 5688/5688/5688 5687/5687/5687
f 5682/5682/5682 5684/5684/5684 5571/5571/5571 5572/5572/5572
f 5680/5680/5680 5682/5682/5682 5572/5572/5572 5573/5573/5573
f 5688/5688/5688 5503/5503/5503 5504/5504/5504
f 5505/5505/5505 5506/5506/5506 5689/5689/5689 5690/5690/5690
f 5690/5690/5690 5504/5504/5504 5505/5505/5505
f 5691/5691/5691 5507/5507/5507 5508/5508/5508
f 5509/5509/5509 5692/5692/5692 5508/5508/5508
f 5509/5509/5509 5510/5510/5510 5693/5693/5693 5692/5692/5692
f 5692/5692/5692 5691/5691/5691 5508/5508/5508
f 5506/5506/5506 5507/5507/5507 5691/5691/5691 5689/5689/5689
f 5512/5512/5512 5694/5694/5694 5511/5511/5511
f 5513/5513/5513 5514/5514/5514 5695/5695/5695 5696/5696/5696
f 5513/5513/5513 5696/5696/5696 5512/5512/5512
f 5516/5516/5516 5697/5697/5697 5515/5515/5515
f 5517/5517/5517 5518/5518/5518 5698/5698/5698 5699/5699/5699
f 5518/5518/5518 5519/5519/5519 5700/5700/5700 5698/5698/5698
f 5517/5517/5517 5699/5699/5699 5516/5516/5516
f 5514/5514/5514 5515/5515/5515 5697/5697/5697 5695/5695/5695
f 5510/5510/5510 5511/5511/5511 5694/5694/5694 5693/5693/5693
f 5521/5521/5521 5701/5701/5701 5520/5520/5520
f 5522/5522/5522 5523/5523/5523 5702/5702/5702 5703/5703/5703
f 5521/5521/5521 5522/5522/5522 5703/5703/5703 5701/5701/5701
f 5688/5688/5688 5690/5690/5690 5563/5563/5563 5564/5564/5564
f 5688/5688/5688 5504/5504/5504 5690/5690/5690
f 5524/5524/5524 5525/5525/5525 5704/5704/5704
f 5689/5689/5689 5691/5691/5691 5560/5560/5560 5561/5561/5561
f 5523/5523/5523 5524/5524/5524 5702/5702/5702
f 5690/5690/5690 5689/5689/5689 5561/5561/5561 5562/5562/5562
f 5700/5700/5700 5519/5519/5519 5520/5520/5520
f 5525/5525/5525 5526/5526/5526 5705/5705/5705 5704/5704/5704
f 5528/5528/5528 5706/5706/5706 5527/5527/5527
f 5526/5526/5526 5527/5527/5527 5706/5706/5706 5705/5705/5705
f 5529/5529/5529 5530/5530/5530 5707/5707/5707 5708/5708/5708
f 5532/5532/5532 5709/5709/5709 5531/5531/5531
f 5533/5533/5533 5710/5710/5710 5532/5532/5532
f 5530/5530/5530 5531/5531/5531 5709/5709/5709 5707/5707/5707
f 5529/5529/5529 5708/5708/5708 5528/5528/5528
f 5430/5430/5430 5710/5710/5710 5533/5533/5533
f 5687/5687/5687 5688/5688/5688 5564/5564/5564 5565/5565/5565
f 5583/5583/5583 5675/5675/5675 5582/5582/5582
f 5579/5579/5579 5678/5678/5678 5578/5578/5578
f 5693/5693/5693 5694/5694/5694 5556/5556/5556 5557/5557/5557
f 5512/5512/5512 5696/5696/5696 5694/5694/5694
f 5692/5692/5692 5693/5693/5693 5557/5557/5557 5558/5558/5558
f 5575/5575/5575 5681/5681/5681 5574/5574/5574
f 5694/5694/5694 5696/5696/5696 5555/5555/5555 5556/5556/5556
f 5691/5691/5691 5692/5692/5692 5559/5559/5559 5560/5560/5560
f 5570/5570/5570 5571/5571/5571 5684/5684/5684
f 5566/5566/5566 5567/5567/5567 5686/5686/5686
f 5696/5696/5696 5554/5554/5554 5555/5555/5555
f 5558/5558/5558 5559/5559/5559 5692/5692/5692
f 5563/5563/5563 5690/5690/5690 5562/5562/5562
f 5696/5696/5696 5695/5695/5695 5553/5553/5553 5554/5554/5554
f 5695/5695/5695 5697/5697/5697 5552/5552/5552 5553/5553/5553
f 5550/5550/5550 5551/5551/5551 5699/5699/5699
f 5699/5699/5699 5697/5697/5697 5516/5516/5516
f 5697/5697/5697 5699/5699/5699 5551/5551/5551 5552/5552/5552
f 5698/5698/5698 5700/5700/5700 5548/5548/5548 5549/5549/5549
f 5520/5520/5520 5701/5701/5701 5700/5700/5700
f 5700/5700/5700 5701/5701/5701 5547/5547/5547 5548/5548/5548
f 5699/5699/5699 5698/5698/5698 5549/5549/5549 5550/5550/5550
f 5701/5701/5701 5703/5703/5703 5545/5545/5545 5546/5546/5546
f 5702/5702/5702 5704/5704/5704 5543/5543/5543 5544/5544/5544
f 5704/5704/5704 5702/5702/5702 5524/5524/5524
f 5703/5703/5703 5702/5702/5702 5544/5544/5544 5545/5545/5545
f 5705/5705/5705 5706/5706/5706 5540/5540/5540 5541/5541/5541
f 5528/5528/5528 5708/5708/5708 5706/5706/5706
f 5708/5708/5708 5707/5707/5707 5537/5537/5537 5538/5538/5538
f 5532/5532/5532 5710/5710/5710 5709/5709/5709
f 5707/5707/5707 5709/5709/5709 5536/5536/5536 5537/5537/5537
f 5706/5706/5706 5708/5708/5708 5539/5539/5539 5540/5540/5540
f 5704/5704/5704 5705/5705/5705 5541/5541/5541 5542/5542/5542
f 5709/5709/5709 5710/5710/5710 5535/5535/5535 5536/5536/5536
f 5704/5704/5704 5542/5542/5542 5543/5543/5543
f 5546/5546/5546 5547/5547/5547 5701/5701/5701
f 5708/5708/5708 5538/5538/5538 5539/5539/5539
f 5710/5710/5710 5534/5534/5534 5535/5535/5535
f 5710/5710/5710 5431/5431/5431 5534/5534/5534
f 5431/5431/5431 5710/5710/5710 5430/5430/5430
f 5885/5885/5885 5711/5711/5711 5716/5716/5716
f 5885/5885/5885 5716/5716/5716 5717/5717/5717
f 5886/5886/5886 5718/5718/5718 5719/5719/5719
f 5887/5887/5887 5720/5720/5720 5721/5721/5721
f 5719/5719/5719 5720/5720/5720 5887/5887/5887 5886/5886/5886
f 5885/5885/5885 5717/5717/5717 5718/5718/5718
f 5722/5722/5722 5723/5723/5723 5888/5888/5888 5889/5889/5889
f 5723/5723/5723 5724/5724/5724 5890/5890/5890 5888/5888/5888
f 5891/5891/5891 5725/5725/5725 5726/5726/5726
f 5727/5727/5727 5728/5728/5728 5892/5892/5892 5893/5893/5893
f 5726/5726/5726 5727/5727/5727 5893/5893/5893 5891/5891/5891
f 5890/5890/5890 5724/5724/5724 5725/5725/5725
f 5889/5889/5889 5721/5721/5721 5722/5722/5722
f 5885/5885/5885 5886/5886/5886 5882/5882/5882 5883/5883/5883
f 5886/5886/5886 5885/5885/5885 5718/5718/5718
f 5886/5886/5886 5887/5887/5887 5880/5880/5880 5881/5881/5881
f 5889/5889/5889 5888/5888/5888 5877/5877/5877 5878/5878/5878
f 5890/5890/5890 5891/5891/5891 5874/5874/5874 5875/5875/5875
f 5891/5891/5891 5890/5890/5890 5725/5725/5725
f 5888/5888/5888 5890/5890/5890 5876/5876/5876 5877/5877/5877
f 5887/5887/5887 5721/5721/5721 5889/5889/5889
f 5887/5887/5887 5889/5889/5889 5878/5878/5878 5879/5879/5879
f 5894/5894/5894 5729/5729/5729 5730/5730/5730
f 5731/5731/5731 5732/5732/5732 5895/5895/5895 5896/5896/5896
f 5730/5730/5730 5731/5731/5731 5896/5896/5896 5894/5894/5894
f 5893/5893/5893 5892/5892/5892 5872/5872/5872 5873/5873/5873
f 5894/5894/5894 5896/5896/5896 5869/5869/5869 5870/5870/5870
f 5894/5894/5894 5892/5892/5892 5729/5729/5729
f 5892/5892/5892 5894/5894/5894 5870/5870/5870 5871/5871/5871
f 5728/5728/5728 5729/5729/5729 5892/5892/5892
f 5891/5891/5891 5893/5893/5893 5873/5873/5873 5874/5874/5874
f 5712/5712/5712 5711/5711/5711 5885/5885/5885
f 5897/5897/5897 5733/5733/5733 5734/5734/5734
f 5734/5734/5734 5735/5735/5735 5898/5898/5898 5897/5897/5897
f 5899/5899/5899 5736/5736/5736 5737/5737/5737
f 5738/5738/5738 5739/5739/5739 5900/5900/5900 5901/5901/5901
f 5901/5901/5901 5737/5737/5737 5738/5738/5738
f 5735/5735/5735 5736/5736/5736 5899/5899/5899 5898/5898/5898
f 5740/5740/5740 5900/5900/5900 5739/5739/5739
f 5741/5741/5741 5742/5742/5742 5902/5902/5902 5903/5903/5903
f 5741/5741/5741 5903/5903/5903 5740/5740/5740
f 5744/5744/5744 5904/5904/5904 5743/5743/5743
f 5745/5745/5745 5746/5746/5746 5905/5905/5905 5906/5906/5906
f 5745/5745/5745 5906/5906/5906 5744/5744/5744
f 5742/5742/5742 5743/5743/5743 5904/5904/5904 5902/5902/5902
f 5897/5897/5897 5895/5895/5895 5733/5733/5733
f 5746/5746/5746 5747/5747/5747 5907/5907/5907 5905/5905/5905
f 5747/5747/5747 5748/5748/5748 5907/5907/5907
f 5897/5897/5897 5898/5898/5898 5865/5865/5865 5866/5866/5866
f 5899/5899/5899 5901/5901/5901 5862/5862/5862 5863/5863/5863
f 5901/5901/5901 5899/5899/5899 5737/5737/5737
f 5898/5898/5898 5899/5899/5899 5864/5864/5864 5865/5865/5865
f 5749/5749/5749 5908/5908/5908 5748/5748/5748
f 5895/5895/5895 5897/5897/5897 5866/5866/5866 5867/5867/5867
f 5749/5749/5749 5750/5750/5750 5909/5909/5909 5908/5908/5908
f 5752/5752/5752 5910/5910/5910 5751/5751/5751
f 5750/5750/5750 5751/5751/5751 5910/5910/5910 5909/5909/5909
f 5753/5753/5753 5754/5754/5754 5911/5911/5911 5912/5912/5912
f 5756/5756/5756 5913/5913/5913 5755/5755/5755
f 5754/5754/5754 5755/5755/5755 5913/5913/5913 5911/5911/5911
f 5753/5753/5753 5912/5912/5912 5752/5752/5752
f 5757/5757/5757 5914/5914/5914 5756/5756/5756
f 5732/5732/5732 5733/5733/5733 5895/5895/5895
f 5896/5896/5896 5895/5895/5895 5868/5868/5868 5869/5869/5869
f 5884/5884/5884 5712/5712/5712 5885/5885/5885
f 5883/5883/5883 5884/5884/5884 5885/5885/5885
f 5881/5881/5881 5882/5882/5882 5886/5886/5886
f 5879/5879/5879 5880/5880/5880 5887/5887/5887
f 5740/5740/5740 5903/5903/5903 5900/5900/5900
f 5876/5876/5876 5890/5890/5890 5875/5875/5875
f 5900/5900/5900 5903/5903/5903 5860/5860/5860 5861/5861/5861
f 5901/5901/5901 5900/5900/5900 5861/5861/5861 5862/5862/5862
f 5871/5871/5871 5872/5872/5872 5892/5892/5892
f 5867/5867/5867 5868/5868/5868 5895/5895/5895
f 5863/5863/5863 5864/5864/5864 5899/5899/5899
f 5903/5903/5903 5859/5859/5859 5860/5860/5860
f 5903/5903/5903 5902/5902/5902 5858/5858/5858 5859/5859/5859
f 5902/5902/5902 5904/5904/5904 5857/5857/5857 5858/5858/5858
f 5744/5744/5744 5906/5906/5906 5904/5904/5904
f 5856/5856/5856 5857/5857/5857 5904/5904/5904
f 5906/5906/5906 5905/5905/5905 5854/5854/5854 5855/5855/5855
f 5906/5906/5906 5856/5856/5856 5904/5904/5904
f 5905/5905/5905 5907/5907/5907 5853/5853/5853 5854/5854/5854
f 5907/5907/5907 5908/5908/5908 5852/5852/5852 5853/5853/5853
f 5909/5909/5909 5910/5910/5910 5849/5849/5849 5850/5850/5850
f 5752/5752/5752 5912/5912/5912 5910/5910/5910
f 5908/5908/5908 5909/5909/5909 5850/5850/5850 5851/5851/5851
f 5912/5912/5912 5911/5911/5911 5846/5846/5846 5847/5847/5847
f 5913/5913/5913 5914/5914/5914 5844/5844/5844 5845/5845/5845
f 5915/5915/5915 5914/5914/5914 5757/5757/5757 5758/5758/5758
f 5914/5914/5914 5913/5913/5913 5756/5756/5756
f 5911/5911/5911 5913/5913/5913 5845/5845/5845 5846/5846/5846
f 5910/5910/5910 5912/5912/5912 5848/5848/5848 5849/5849/5849
f 5908/5908/5908 5907/5907/5907 5748/5748/5748
f 5914/5914/5914 5915/5915/5915 5713/5713/5713 5843/5843/5843
f 5906/5906/5906 5855/5855/5855 5856/5856/5856
f 5851/5851/5851 5852/5852/5852 5908/5908/5908
f 5847/5847/5847 5848/5848/5848 5912/5912/5912
f 5843/5843/5843 5844/5844/5844 5914/5914/5914
f 5842/5842/5842 5713/5713/5713 5915/5915/5915 5916/5916/5916
f 5916/5916/5916 5915/5915/5915 5758/5758/5758 5759/5759/5759
f 5916/5916/5916 5759/5759/5759 5760/5760/5760
f 5761/5761/5761 5762/5762/5762 5917/5917/5917 5918/5918/5918
f 5919/5919/5919 5763/5763/5763 5764/5764/5764
f 5762/5762/5762 5763/5763/5763 5919/5919/5919 5917/5917/5917
f 5918/5918/5918 5760/5760/5760 5761/5761/5761
f 5765/5765/5765 5766/5766/5766 5920/5920/5920 5921/5921/5921
f 5766/5766/5766 5767/5767/5767 5922/5922/5922 5920/5920/5920
f 5923/5923/5923 5768/5768/5768 5769/5769/5769
f 5770/5770/5770 5771/5771/5771 5924/5924/5924 5925/5925/5925
f 5769/5769/5769 5770/5770/5770 5925/5925/5925 5923/5923/5923
f 5922/5922/5922 5767/5767/5767 5768/5768/5768
f 5921/5921/5921 5764/5764/5764 5765/5765/5765
f 5916/5916/5916 5918/5918/5918 5840/5840/5840 5841/5841/5841
f 5918/5918/5918 5916/5916/5916 5760/5760/5760
f 5918/5918/5918 5917/5917/5917 5839/5839/5839 5840/5840/5840
f 5919/5919/5919 5921/5921/5921 5836/5836/5836 5837/5837/5837
f 5921/5921/5921 5919/5919/5919 5764/5764/5764
f 5920/5920/5920 5922/5922/5922 5834/5834/5834 5835/5835/5835
f 5921/5921/5921 5920/5920/5920 5835/5835/5835 5836/5836/5836
f 5917/5917/5917 5919/5919/5919 5838/5838/5838 5839/5839/5839
f 5768/5768/5768 5923/5923/5923 5922/5922/5922
f 5773/5773/5773 5926/5926/5926 5772/5772/5772
f 5773/5773/5773 5774/5774/5774 5927/5927/5927 5926/5926/5926
f 5925/5925/5925 5924/5924/5924 5830/5830/5830 5831/5831/5831
f 5926/5926/5926 5927/5927/5927 5827/5827/5827 5828/5828/5828
f 5926/5926/5926 5924/5924/5924 5772/5772/5772
f 5924/5924/5924 5926/5926/5926 5828/5828/5828 5829/5829/5829
f 5774/5774/5774 5775/5775/5775 5928/5928/5928 5927/5927/5927
f 5923/5923/5923 5925/5925/5925 5831/5831/5831 5832/5832/5832
f 5772/5772/5772 5924/5924/5924 5771/5771/5771
f 5922/5922/5922 5923/5923/5923 5832/5832/5832 5833/5833/5833
f 5928/5928/5928 5775/5775/5775 5776/5776/5776
f 5929/5929/5929 5776/5776/5776 5777/5777/5777
f 5778/5778/5778 5779/5779/5779 5930/5930/5930 5931/5931/5931
f 5780/5780/5780 5930/5930/5930 5779/5779/5779
f 5777/5777/5777 5778/5778/5778 5931/5931/5931 5929/5929/5929
f 5781/5781/5781 5782/5782/5782 5932/5932/5932 5933/5933/5933
f 5784/5784/5784 5934/5934/5934 5783/5783/5783
f 5783/5783/5783 5932/5932/5932 5782/5782/5782
f 5785/5785/5785 5786/5786/5786 5935/5935/5935 5936/5936/5936
f 5788/5788/5788 5937/5937/5937 5787/5787/5787
f 5787/5787/5787 5935/5935/5935 5786/5786/5786
f 5784/5784/5784 5785/5785/5785 5936/5936/5936 5934/5934/5934
f 5781/5781/5781 5933/5933/5933 5780/5780/5780
f 5789/5789/5789 5790/5790/5790 5938/5938/5938 5939/5939/5939
f 5791/5791/5791 5938/5938/5938 5790/5790/5790
f 5928/5928/5928 5929/5929/5929 5824/5824/5824 5825/5825/5825
f 5928/5928/5928 5776/5776/5776 5929/5929/5929
f 5792/5792/5792 5793/5793/5793 5940/5940/5940 5941/5941/5941
f 5941/5941/5941 5791/5791/5791 5792/5792/5792
f 5929/5929/5929 5931/5931/5931 5823/5823/5823 5824/5824/5824
f 5788/5788/5788 5789/5789/5789 5939/5939/5939 5937/5937/5937
f 5793/5793/5793 5794/5794/5794 5942/5942/5942 5940/5940/5940
f 5796/5796/5796 5943/5943/5943 5795/5795/5795
f 5795/5795/5795 5942/5942/5942 5794/5794/5794
f 5797/5797/5797 5798/5798/5798 5944/5944/5944 5945/5945/5945
f 5800/5800/5800 5946/5946/5946 5799/5799/5799
f 5799/5799/5799 5944/5944/5944 5798/5798/5798
f 5796/5796/5796 5797/5797/5797 5945/5945/5945 5943/5943/5943
f 5714/5714/5714 5946/5946/5946 5800/5800/5800
f 5927/5927/5927 5928/5928/5928 5826/5826/5826 5827/5827/5827
f 5841/5841/5841 5842/5842/5842 5916/5916/5916
f 5838/5838/5838 5919/5919/5919 5837/5837/5837
f 5780/5780/5780 5933/5933/5933 5930/5930/5930
f 5930/5930/5930 5933/5933/5933 5820/5820/5820 5821/5821/5821
f 5932/5932/5932 5934/5934/5934 5818/5818/5818 5819/5819/5819
f 5833/5833/5833 5834/5834/5834 5922/5922/5922
f 5933/5933/5933 5932/5932/5932 5819/5819/5819 5820/5820/5820
f 5934/5934/5934 5932/5932/5932 5783/5783/5783
f 5931/5931/5931 5930/5930/5930 5822/5822/5822 5823/5823/5823
f 5830/5830/5830 5924/5924/5924 5829/5829/5829
f 5821/5821/5821 5822/5822/5822 5930/5930/5930
f 5826/5826/5826 5928/5928/5928 5825/5825/5825
f 5818/5818/5818 5934/5934/5934 5817/5817/5817
f 5936/5936/5936 5935/5935/5935 5815/5815/5815 5816/5816/5816
f 5787/5787/5787 5937/5937/5937 5935/5935/5935
f 5814/5814/5814 5815/5815/5815 5935/5935/5935
f 5816/5816/5816 5817/5817/5817 5934/5934/5934 5936/5936/5936
f 5937/5937/5937 5939/5939/5939 5812/5812/5812 5813/5813/5813
f 5814/5814/5814 5935/5935/5935 5937/5937/5937
f 5939/5939/5939 5938/5938/5938 5811/5811/5811 5812/5812/5812
f 5791/5791/5791 5941/5941/5941 5938/5938/5938
f 5941/5941/5941 5940/5940/5940 5808/5808/5808 5809/5809/5809
f 5938/5938/5938 5941/5941/5941 5810/5810/5810 5811/5811/5811
f 5942/5942/5942 5943/5943/5943 5806/5806/5806 5807/5807/5807
f 5945/5945/5945 5944/5944/5944 5803/5803/5803 5804/5804/5804
f 5799/5799/5799 5946/5946/5946 5944/5944/5944
f 5943/5943/5943 5945/5945/5945 5804/5804/5804 5805/5805/5805
f 5943/5943/5943 5942/5942/5942 5795/5795/5795
f 5940/5940/5940 5942/5942/5942 5807/5807/5807 5808/5808/5808
f 5944/5944/5944 5946/5946/5946 5802/5802/5802 5803/5803/5803
f 5937/5937/5937 5813/5813/5813 5814/5814/5814
f 5809/5809/5809 5810/5810/5810 5941/5941/5941
f 5805/5805/5805 5806/5806/5806 5943/5943/5943
f 5946/5946/5946 5715/5715/5715 5801/5801/5801
f 5801/5801/5801 5802/5802/5802 5946/5946/5946
f 5715/5715/5715 5946/5946/5946 5714/5714/5714
f 6021/6021/6021 5947/5947/5947 5959/5959/5959
f 6021/6021/6021 5959/5959/5959 5960/5960/5960
f 6022/6022/6022 5961/5961/5961 5962/5962/5962
f 5962/5962/5962 5963/5963/5963 6023/6023/6023 6022/6022/6022
f 6021/6021/6021 5960/5960/5960 5961/5961/5961
f 6021/6021/6021 6022/6022/6022 6018/6018/6018 6019/6019/6019
f 6022/6022/6022 6021/6021/6021 5961/5961/5961
f 6022/6022/6022 6023/6023/6023 6016/6016/6016 6017/6017/6017
f 6024/6024/6024 5964/5964/5964 5965/5965/5965
f 6025/6025/6025 6024/6024/6024 5965/5965/5965 5949/5949/5949
f 6024/6024/6024 6023/6023/6023 5963/5963/5963 5964/5964/5964
f 6023/6023/6023 6024/6024/6024 6015/6015/6015 6016/6016/6016
f 5948/5948/5948 5947/5947/5947 6021/6021/6021
f 5949/5949/5949 5966/5966/5966 6026/6026/6026 6025/6025/6025
f 5968/5968/5968 6027/6027/6027 5967/5967/5967
f 5968/5968/5968 5950/5950/5950 6028/6028/6028 6027/6027/6027
f 5967/5967/5967 6026/6026/6026 5966/5966/5966
f 5969/5969/5969 5970/5970/5970 6029/6029/6029
f 5950/5950/5950 5969/5969/5969 6029/6029/6029 6028/6028/6028
f 5970/5970/5970 5971/5971/5971 6030/6030/6030
f 5971/5971/5971 5972/5972/5972 6031/6031/6031 6030/6030/6030
f 5972/5972/5972 5973/5973/5973 6032/6032/6032 6031/6031/6031
f 5974/5974/5974 6032/6032/6032 5973/5973/5973
f 6024/6024/6024 6025/6025/6025 6013/6013/6013 6014/6014/6014
f 6020/6020/6020 5948/5948/5948 6021/6021/6021
f 6019/6019/6019 6020/6020/6020 6021/6021/6021
f 6018/6018/6018 6022/6022/6022 6017/6017/6017
f 6025/6025/6025 6026/6026/6026 6012/6012/6012 6013/6013/6013
f 6014/6014/6014 6015/6015/6015 6024/6024/6024
f 6026/6026/6026 6011/6011/6011 6012/6012/6012
f 6011/6011/6011 6026/6026/6026 6027/6027/6027
f 6027/6027/6027 6028/6028/6028 6009/6009/6009 6010/6010/6010
f 6028/6028/6028 6029/6029/6029 6008/6008/6008 6009/6009/6009
f 6030/6030/6030 6031/6031/6031 5951/5951/5951 6006/6006/6006
f 6031/6031/6031 6032/6032/6032 6005/6005/6005 5951/5951/5951
f 6030/6030/6030 6029/6029/6029 5970/5970/5970
f 6029/6029/6029 6030/6030/6030 6007/6007/6007 6008/6008/6008
f 6030/6030/6030 6006/6006/6006 6007/6007/6007
f 6004/6004/6004 6005/6005/6005 6032/6032/6032
f 6011/6011/6011 6027/6027/6027 6010/6010/6010
f 6027/6027/6027 6026/6026/6026 5967/5967/5967
f 6033/6033/6033 6032/6032/6032 5974/5974/5974
f 5975/5975/5975 5952/5952/5952 6034/6034/6034 6033/6033/6033
f 5952/5952/5952 5976/5976/5976 6035/6035/6035 6034/6034/6034
f 6036/6036/6036 5977/5977/5977 5978/5978/5978
f 5978/5978/5978 5979/5979/5979 6037/6037/6037 6036/6036/6036
f 6035/6035/6035 5976/5976/5976 5977/5977/5977
f 6033/6033/6033 6034/6034/6034 5953/5953/5953 6003/6003/6003
f 6034/6034/6034 6035/6035/6035 6002/6002/6002 5953/5953/5953
f 5977/5977/5977 6036/6036/6036 6035/6035/6035
f 6038/6038/6038 6037/6037/6037 5979/5979/5979 5980/5980/5980
f 6036/6036/6036 6037/6037/6037 5999/5999/5999 6000/6000/6000
f 6035/6035/6035 6036/6036/6036 6001/6001/6001 6002/6002/6002
f 6032/6032/6032 6033/6033/6033 6004/6004/6004
f 6039/6039/6039 5981/5981/5981 5982/5982/5982
f 6040/6040/6040 6039/6039/6039 5982/5982/5982 5954/5954/5954
f 5954/5954/5954 5983/5983/5983 6041/6041/6041 6040/6040/6040
f 5984/5984/5984 6041/6041/6041 5983/5983/5983
f 6038/6038/6038 5981/5981/5981 6039/6039/6039
f 5984/5984/5984 5985/5985/5985 6042/6042/6042
f 5985/5985/5985 5955/5955/5955 6043/6043/6043 6042/6042/6042
f 5997/5997/5997 6038/6038/6038 6039/6039/6039
f 5955/5955/5955 5986/5986/5986 6044/6044/6044 6043/6043/6043
f 5988/5988/5988 6045/6045/6045 5987/5987/5987
f 5987/5987/5987 6044/6044/6044 5986/5986/5986
f 5957/5957/5957 6045/6045/6045 5988/5988/5988
f 5980/5980/5980 5981/5981/5981 6038/6038/6038
f 6037/6037/6037 6038/6038/6038 5998/5998/5998 5999/5999/5999
f 6003/6003/6003 6004/6004/6004 6033/6033/6033
f 6001/6001/6001 6036/6036/6036 6000/6000/6000
f 6039/6039/6039 6040/6040/6040 5995/5995/5995 5996/5996/5996
f 5996/5996/5996 5997/5997/5997 6039/6039/6039
f 5998/5998/5998 6038/6038/6038 5997/5997/5997
f 5994/5994/5994 5995/5995/5995 6040/6040/6040 6041/6041/6041
f 6041/6041/6041 5993/5993/5993 5994/5994/5994
f 5984/5984/5984 6042/6042/6042 6041/6041/6041
f 6041/6041/6041 6042/6042/6042 5993/5993/5993
f 6042/6042/6042 6043/6043/6043 5956/5956/5956 5992/5992/5992
f 5987/5987/5987 6045/6045/6045 6044/6044/6044
f 6043/6043/6043 6044/6044/6044 5991/5991/5991 5956/5956/5956
f 6045/6045/6045 5990/5990/5990 6044/6044/6044
f 6042/6042/6042 5992/5992/5992 5993/5993/5993
f 6044/6044/6044 5990/5990/5990 5991/5991/5991
f 6045/6045/6045 5958/5958/5958 5989/5989/5989
f 5989/5989/5989 5990/5990/5990 6045/6045/6045
f 5958/5958/5958 6045/6045/6045 5957/5957/5957
f 5975/5975/5975 6033/6033/6033 5974/5974/5974
f 6140/6140/6140 6046/6046/6046 6050/6050/6050
f 6140/6140/6140 6050/6050/6050 6051/6051/6051
f 6141/6141/6141 6052/6052/6052 6053/6053/6053
f 6142/6142/6142 6054/6054/6054 6055/6055/6055
f 6053/6053/6053 6054/6054/6054 6142/6142/6142 6141/6141/6141
f 6140/6140/6140 6051/6051/6051 6052/6052/6052
f 6140/6140/6140 6141/6141/6141 6137/6137/6137 6138/6138/6138
f 6141/6141/6141 6140/6140/6140 6052/6052/6052
f 6142/6142/6142 6143/6143/6143 6133/6133/6133 6134/6134/6134
f 6143/6143/6143 6142/6142/6142 6055/6055/6055 6056/6056/6056
f 6141/6141/6141 6142/6142/6142 6135/6135/6135 6136/6136/6136
f 6056/6056/6056 6057/6057/6057 6144/6144/6144 6143/6143/6143
f 6145/6145/6145 6144/6144/6144 6057/6057/6057 6058/6058/6058
f 6143/6143/6143 6144/6144/6144 6132/6132/6132 6133/6133/6133
f 6047/6047/6047 6046/6046/6046 6140/6140/6140
f 6146/6146/6146 6059/6059/6059 6060/6060/6060
f 6147/6147/6147 6146/6146/6146 6060/6060/6060 6061/6061/6061
f 6063/6063/6063 6148/6148/6148 6062/6062/6062
f 6064/6064/6064 6065/6065/6065 6149/6149/6149 6150/6150/6150
f 6063/6063/6063 6064/6064/6064 6150/6150/6150 6148/6148/6148
f 6062/6062/6062 6147/6147/6147 6061/6061/6061
f 6067/6067/6067 6151/6151/6151 6066/6066/6066
f 6145/6145/6145 6146/6146/6146 6129/6129/6129 6130/6130/6130
f 6146/6146/6146 6145/6145/6145 6059/6059/6059
f 6067/6067/6067 6068/6068/6068 6152/6152/6152 6151/6151/6151
f 6065/6065/6065 6066/6066/6066 6149/6149/6149
f 6068/6068/6068 6069/6069/6069 6153/6153/6153 6152/6152/6152
f 6071/6071/6071 6154/6154/6154 6070/6070/6070
f 6070/6070/6070 6153/6153/6153 6069/6069/6069
f 6155/6155/6155 6154/6154/6154 6071/6071/6071 6072/6072/6072
f 6058/6058/6058 6059/6059/6059 6145/6145/6145
f 6144/6144/6144 6145/6145/6145 6131/6131/6131 6132/6132/6132
f 6139/6139/6139 6047/6047/6047 6140/6140/6140
f 6139/6139/6139 6140/6140/6140 6138/6138/6138
f 6135/6135/6135 6142/6142/6142 6134/6134/6134
f 6062/6062/6062 6148/6148/6148 6147/6147/6147
f 6147/6147/6147 6148/6148/6148 6127/6127/6127 6128/6128/6128
f 6141/6141/6141 6136/6136/6136 6137/6137/6137
f 6146/6146/6146 6147/6147/6147 6128/6128/6128 6129/6129/6129
f 6131/6131/6131 6145/6145/6145 6130/6130/6130
f 6127/6127/6127 6148/6148/6148 6126/6126/6126
f 6124/6124/6124 6125/6125/6125 6150/6150/6150 6149/6149/6149
f 6125/6125/6125 6126/6126/6126 6148/6148/6148 6150/6150/6150
f 6149/6149/6149 6151/6151/6151 6123/6123/6123 6124/6124/6124
f 6152/6152/6152 6153/6153/6153 6120/6120/6120 6121/6121/6121
f 6070/6070/6070 6154/6154/6154 6153/6153/6153
f 6151/6151/6151 6152/6152/6152 6121/6121/6121 6122/6122/6122
f 6151/6151/6151 6149/6149/6149 6066/6066/6066
f 6153/6153/6153 6154/6154/6154 6119/6119/6119 6120/6120/6120
f 6122/6122/6122 6123/6123/6123 6151/6151/6151
f 6117/6117/6117 6118/6118/6118 6154/6154/6154 6155/6155/6155
f 6118/6118/6118 6119/6119/6119 6154/6154/6154
f 6156/6156/6156 6073/6073/6073 6074/6074/6074
f 6157/6157/6157 6074/6074/6074 6075/6075/6075
f 6076/6076/6076 6077/6077/6077 6158/6158/6158 6159/6159/6159
f 6160/6160/6160 6078/6078/6078 6079/6079/6079
f 6158/6158/6158 6077/6077/6077 6078/6078/6078
f 6075/6075/6075 6076/6076/6076 6159/6159/6159 6157/6157/6157
f 6155/6155/6155 6156/6156/6156 6116/6116/6116 6117/6117/6117
f 6156/6156/6156 6155/6155/6155 6072/6072/6072 6073/6073/6073
f 6157/6157/6157 6159/6159/6159 6113/6113/6113 6114/6114/6114
f 6156/6156/6156 6074/6074/6074 6157/6157/6157
f 6156/6156/6156 6157/6157/6157 6114/6114/6114 6115/6115/6115
f 6158/6158/6158 6078/6078/6078 6160/6160/6160
f 6160/6160/6160 6161/6161/6161 6109/6109/6109 6110/6110/6110
f 6161/6161/6161 6160/6160/6160 6079/6079/6079 6080/6080/6080
f 6080/6080/6080 6081/6081/6081 6162/6162/6162 6161/6161/6161
f 6158/6158/6158 6160/6160/6160 6110/6110/6110 6111/6111/6111
f 6159/6159/6159 6158/6158/6158 6112/6112/6112 6113/6113/6113
f 6162/6162/6162 6081/6081/6081 6082/6082/6082
f 6083/6083/6083 6163/6163/6163 6082/6082/6082
f 6163/6163/6163 6162/6162/6162 6082/6082/6082
f 6085/6085/6085 6164/6164/6164 6084/6084/6084
f 6086/6086/6086 6087/6087/6087 6165/6165/6165 6166/6166/6166
f 6086/6086/6086 6166/6166/6166 6085/6085/6085
f 6083/6083/6083 6084/6084/6084 6164/6164/6164 6163/6163/6163
f 6089/6089/6089 6167/6167/6167 6088/6088/6088
f 6090/6090/6090 6091/6091/6091 6168/6168/6168 6169/6169/6169
f 6169/6169/6169 6089/6089/6089 6090/6090/6090
f 6087/6087/6087 6088/6088/6088 6167/6167/6167 6165/6165/6165
f 6091/6091/6091 6092/6092/6092 6170/6170/6170 6168/6168/6168
f 6094/6094/6094 6171/6171/6171 6093/6093/6093
f 6093/6093/6093 6170/6170/6170 6092/6092/6092
f 6048/6048/6048 6171/6171/6171 6094/6094/6094
f 6161/6161/6161 6162/6162/6162 6108/6108/6108 6109/6109/6109
f 6115/6115/6115 6116/6116/6116 6156/6156/6156
f 6112/6112/6112 6158/6158/6158 6111/6111/6111
f 6164/6164/6164 6166/6166/6166 6104/6104/6104 6105/6105/6105
f 6163/6163/6163 6164/6164/6164 6105/6105/6105 6106/6106/6106
f 6166/6166/6166 6164/6164/6164 6085/6085/6085
f 6162/6162/6162 6163/6163/6163 6106/6106/6106 6107/6107/6107
f 6108/6108/6108 6162/6162/6162 6107/6107/6107
f 6104/6104/6104 6166/6166/6166 6103/6103/6103
f 6101/6101/6101 6102/6102/6102 6165/6165/6165 6167/6167/6167
f 6102/6102/6102 6103/6103/6103 6166/6166/6166 6165/6165/6165
f 6167/6167/6167 6169/6169/6169 6100/6100/6100 6101/6101/6101
f 6168/6168/6168 6170/6170/6170 6097/6097/6097 6098/6098/6098
f 6093/6093/6093 6171/6171/6171 6170/6170/6170
f 6169/6169/6169 6168/6168/6168 6098/6098/6098 6099/6099/6099
f 6169/6169/6169 6167/6167/6167 6089/6089/6089
f 6170/6170/6170 6171/6171/6171 6096/6096/6096 6097/6097/6097
f 6099/6099/6099 6100/6100/6100 6169/6169/6169
f 6171/6171/6171 6049/6049/6049 6095/6095/6095
f 6095/6095/6095 6096/6096/6096 6171/6171/6171
f 6049/6049/6049 6171/6171/6171 6048/6048/6048
f 6172/6172/6172 6173/6173/6173 6181/6181/6181
f 6179/6179/6179 6181/6181/6181 6173/6173/6173
f 6175/6175/6175 6179/6179/6179 6174/6174/6174
f 6173/6173/6173 6174/6174/6174 6179/6179/6179
f 6178/6178/6178 6172/6172/6172 6181/6181/6181
f 6182/6182/6182 6178/6178/6178 6181/6181/6181
f 6180/6180/6180 6177/6177/6177 6182/6182/6182
f 6182/6182/6182 6177/6177/6177 6178/6178/6178
f 6180/6180/6180 6176/6176/6176 6177/6177/6177
f 6187/6187/6187 6192/6192/6192 6191/6191/6191
f 6190/6190/6190 6191/6191/6191 6192/6192/6192
f 6189/6189/6189 6190/6190/6190 6193/6193/6193
f 6192/6192/6192 6193/6193/6193 6190/6190/6190
f 6187/6187/6187 6191/6191/6191 6186/6186/6186
f 6185/6185/6185 6191/6191/6191 6188/6188/6188
f 6186/6186/6186 6191/6191/6191 6185/6185/6185
f 6185/6185/6185 6188/6188/6188 6184/6184/6184
f 6183/6183/6183 6184/6184/6184 6188/6188/6188
f 6194/6194/6194 6289/6289/6289 6290/6290/6290 6233/6233/6233
f 6246/6246/6246 6239/6239/6239 6247/6247/6247 6248/6248/6248
f 6248/6248/6248 6247/6247/6247 6241/6241/6241 6245/6245/6245
f 6247/6247/6247 6239/6239/6239 6234/6234/6234
f 6240/6240/6240 6241/6241/6241 6247/6247/6247
f 6234/6234/6234 6240/6240/6240 6247/6247/6247
f 6240/6240/6240 6234/6234/6234 6232/6232/6232
f 6235/6235/6235 6236/6236/6236 6240/6240/6240
f 6232/6232/6232 6235/6235/6235 6240/6240/6240
f 6284/6284/6284 6283/6283/6283 6279/6279/6279 6280/6280/6280
f 6281/6281/6281 6279/6279/6279 6278/6278/6278
f 6262/6262/6262 6269/6269/6269 6281/6281/6281
f 6278/6278/6278 6262/6262/6262 6281/6281/6281
f 6280/6280/6280 6279/6279/6279 6281/6281/6281 6282/6282/6282
f 6282/6282/6282 6281/6281/6281 6269/6269/6269 6275/6275/6275
f 6270/6270/6270 6262/6262/6262 6261/6261/6261
f 6238/6238/6238 6242/6242/6242 6270/6270/6270
f 6261/6261/6261 6238/6238/6238 6270/6270/6270
f 6275/6275/6275 6269/6269/6269 6276/6276/6276 6277/6277/6277
f 6277/6277/6277 6276/6276/6276 6271/6271/6271 6272/6272/6272
f 6276/6276/6276 6269/6269/6269 6262/6262/6262
f 6270/6270/6270 6271/6271/6271 6276/6276/6276
f 6262/6262/6262 6270/6270/6270 6276/6276/6276
f 6273/6273/6273 6271/6271/6271 6270/6270/6270
f 6242/6242/6242 6258/6258/6258 6273/6273/6273
f 6270/6270/6270 6242/6242/6242 6273/6273/6273
f 6272/6272/6272 6271/6271/6271 6273/6273/6273 6274/6274/6274
f 6274/6274/6274 6273/6273/6273 6258/6258/6258 6266/6266/6266
f 6243/6243/6243 6238/6238/6238 6237/6237/6237
f 6194/6194/6194 6232/6232/6232 6243/6243/6243
f 6237/6237/6237 6194/6194/6194 6243/6243/6243
f 6266/6266/6266 6258/6258/6258 6267/6267/6267 6268/6268/6268
f 6268/6268/6268 6267/6267/6267 6260/6260/6260 6263/6263/6263
f 6267/6267/6267 6258/6258/6258 6242/6242/6242
f 6259/6259/6259 6260/6260/6260 6267/6267/6267
f 6242/6242/6242 6259/6259/6259 6267/6267/6267
f 6264/6264/6264 6260/6260/6260 6259/6259/6259
f 6244/6244/6244 6249/6249/6249 6264/6264/6264
f 6259/6259/6259 6244/6244/6244 6264/6264/6264
f 6263/6263/6263 6260/6260/6260 6264/6264/6264 6265/6265/6265
f 6265/6265/6265 6264/6264/6264 6249/6249/6249 6255/6255/6255
f 6259/6259/6259 6242/6242/6242 6238/6238/6238
f 6243/6243/6243 6244/6244/6244 6259/6259/6259
f 6238/6238/6238 6243/6243/6243 6259/6259/6259
f 6250/6250/6250 6244/6244/6244 6243/6243/6243
f 6232/6232/6232 6234/6234/6234 6250/6250/6250
f 6243/6243/6243 6232/6232/6232 6250/6250/6250
f 6255/6255/6255 6249/6249/6249 6256/6256/6256 6257/6257/6257
f 6257/6257/6257 6256/6256/6256 6251/6251/6251 6252/6252/6252
f 6256/6256/6256 6249/6249/6249 6244/6244/6244
f 6250/6250/6250 6251/6251/6251 6256/6256/6256
f 6244/6244/6244 6250/6250/6250 6256/6256/6256
f 6253/6253/6253 6251/6251/6251 6250/6250/6250
f 6234/6234/6234 6239/6239/6239 6253/6253/6253
f 6250/6250/6250 6234/6234/6234 6253/6253/6253
f 6252/6252/6252 6251/6251/6251 6253/6253/6253 6254/6254/6254
f 6254/6254/6254 6253/6253/6253 6239/6239/6239 6246/6246/6246
f 6290/6290/6290 6287/6287/6287 6288/6288/6288
f 6291/6291/6291 6233/6233/6233 6288/6288/6288
f 6290/6290/6290 6288/6288/6288 6233/6233/6233
f 6293/6293/6293 6287/6287/6287 6290/6290/6290
f 6292/6292/6292 6293/6293/6293 6289/6289/6289
f 6289/6289/6289 6293/6293/6293 6290/6290/6290
f 6194/6194/6194 6233/6233/6233 6235/6235/6235
f 6291/6291/6291 6235/6235/6235 6233/6233/6233
f 6232/6232/6232 6194/6194/6194 6235/6235/6235
f 6194/6194/6194 6237/6237/6237 6289/6289/6289
f 6235/6235/6235 6291/6291/6291 6236/6236/6236
f 6241/6241/6241 6240/6240/6240 6236/6236/6236
f 6241/6241/6241 6195/6195/6195 6245/6245/6245
f 6197/6197/6197 6248/6248/6248 6245/6245/6245
f 6195/6195/6195 6241/6241/6241 6236/6236/6236
f 6203/6203/6203 6252/6252/6252 6254/6254/6254
f 6205/6205/6205 6257/6257/6257 6252/6252/6252
f 6254/6254/6254 6246/6246/6246 6201/6201/6201
f 6246/6246/6246 6248/6248/6248 6199/6199/6199
f 6236/6236/6236 6291/6291/6291 6195/6195/6195
f 6237/6237/6237 6286/6286/6286 6292/6292/6292
f 6278/6278/6278 6261/6261/6261 6262/6262/6262
f 6237/6237/6237 6238/6238/6238 6261/6261/6261
f 6237/6237/6237 6292/6292/6292 6289/6289/6289
f 6261/6261/6261 6285/6285/6285 6237/6237/6237
f 6285/6285/6285 6286/6286/6286 6237/6237/6237
f 6283/6283/6283 6278/6278/6278 6279/6279/6279
f 6285/6285/6285 6278/6278/6278 6283/6283/6283
f 6285/6285/6285 6261/6261/6261 6278/6278/6278
f 6231/6231/6231 6285/6285/6285 6283/6283/6283
f 6209/6209/6209 6265/6265/6265 6255/6255/6255
f 6213/6213/6213 6268/6268/6268 6263/6263/6263
f 6215/6215/6215 6266/6266/6266 6268/6268/6268
f 6263/6263/6263 6265/6265/6265 6211/6211/6211
f 6219/6219/6219 6272/6272/6272 6274/6274/6274
f 6223/6223/6223 6275/6275/6275 6277/6277/6277
f 6225/6225/6225 6282/6282/6282 6275/6275/6275
f 6277/6277/6277 6272/6272/6272 6221/6221/6221
f 6274/6274/6274 6266/6266/6266 6217/6217/6217
f 6255/6255/6255 6257/6257/6257 6207/6207/6207
f 6245/6245/6245 6196/6196/6196 6197/6197/6197
f 6248/6248/6248 6198/6198/6198 6199/6199/6199
f 6198/6198/6198 6248/6248/6248 6197/6197/6197
f 6246/6246/6246 6200/6200/6200 6201/6201/6201
f 6252/6252/6252 6203/6203/6203 6204/6204/6204
f 6201/6201/6201 6202/6202/6202 6254/6254/6254
f 6202/6202/6202 6203/6203/6203 6254/6254/6254
f 6200/6200/6200 6246/6246/6246 6199/6199/6199
f 6257/6257/6257 6205/6205/6205 6206/6206/6206
f 6255/6255/6255 6208/6208/6208 6209/6209/6209
f 6206/6206/6206 6207/6207/6207 6257/6257/6257
f 6205/6205/6205 6252/6252/6252 6204/6204/6204
f 6265/6265/6265 6210/6210/6210 6211/6211/6211
f 6263/6263/6263 6212/6212/6212 6213/6213/6213
f 6211/6211/6211 6212/6212/6212 6263/6263/6263
f 6213/6213/6213 6214/6214/6214 6268/6268/6268
f 6265/6265/6265 6209/6209/6209 6210/6210/6210
f 6207/6207/6207 6208/6208/6208 6255/6255/6255
f 6266/6266/6266 6215/6215/6215 6216/6216/6216
f 6274/6274/6274 6217/6217/6217 6218/6218/6218
f 6266/6266/6266 6216/6216/6216 6217/6217/6217
f 6219/6219/6219 6274/6274/6274 6218/6218/6218
f 6280/6280/6280 6229/6229/6229 6284/6284/6284
f 6221/6221/6221 6222/6222/6222 6277/6277/6277
f 6220/6220/6220 6221/6221/6221 6272/6272/6272
f 6272/6272/6272 6219/6219/6219 6220/6220/6220
f 6223/6223/6223 6277/6277/6277 6222/6222/6222
f 6215/6215/6215 6268/6268/6268 6214/6214/6214
f 6223/6223/6223 6224/6224/6224 6275/6275/6275
f 6227/6227/6227 6280/6280/6280 6282/6282/6282
f 6226/6226/6226 6282/6282/6282 6225/6225/6225
f 6225/6225/6225 6275/6275/6275 6224/6224/6224
f 6227/6227/6227 6228/6228/6228 6280/6280/6280
f 6284/6284/6284 6230/6230/6230 6231/6231/6231
f 6229/6229/6229 6230/6230/6230 6284/6284/6284
f 6228/6228/6228 6229/6229/6229 6280/6280/6280
f 6282/6282/6282 6226/6226/6226 6227/6227/6227
f 6283/6283/6283 6284/6284/6284 6231/6231/6231
f 6195/6195/6195 6196/6196/6196 6245/6245/6245
f 6353/6353/6353 6351/6351/6351 6350/6350/6350 6352/6352/6352
f 6356/6356/6356 6354/6354/6354 6348/6348/6348 6355/6355/6355
f 6351/6351/6351 6356/6356/6356 6355/6355/6355 6350/6350/6350
f 6355/6355/6355 6348/6348/6348 6347/6347/6347
f 6349/6349/6349 6350/6350/6350 6355/6355/6355
f 6347/6347/6347 6349/6349/6349 6355/6355/6355
f 6364/6364/6364 6362/6362/6362 6359/6359/6359 6363/6363/6363
f 6354/6354/6354 6364/6364/6364 6363/6363/6363 6348/6348/6348
f 6367/6367/6367 6365/6365/6365 6357/6357/6357 6366/6366/6366
f 6362/6362/6362 6367/6367/6367 6366/6366/6366 6359/6359/6359
f 6366/6366/6366 6357/6357/6357 6345/6345/6345
f 6358/6358/6358 6359/6359/6359 6366/6366/6366
f 6345/6345/6345 6358/6358/6358 6366/6366/6366
f 6363/6363/6363 6359/6359/6359 6358/6358/6358
f 6347/6347/6347 6348/6348/6348 6363/6363/6363
f 6358/6358/6358 6347/6347/6347 6363/6363/6363
f 6358/6358/6358 6345/6345/6345 6344/6344/6344
f 6346/6346/6346 6347/6347/6347 6358/6358/6358
f 6344/6344/6344 6346/6346/6346 6358/6358/6358
f 6373/6373/6373 6371/6371/6371 6370/6370/6370 6372/6372/6372
f 6365/6365/6365 6373/6373/6373 6372/6372/6372 6357/6357/6357
f 6376/6376/6376 6374/6374/6374 6368/6368/6368 6375/6375/6375
f 6371/6371/6371 6376/6376/6376 6375/6375/6375 6370/6370/6370
f 6375/6375/6375 6368/6368/6368 6361/6361/6361
f 6369/6369/6369 6370/6370/6370 6375/6375/6375
f 6361/6361/6361 6369/6369/6369 6375/6375/6375
f 6372/6372/6372 6370/6370/6370 6369/6369/6369
f 6345/6345/6345 6357/6357/6357 6372/6372/6372
f 6369/6369/6369 6345/6345/6345 6372/6372/6372
f 6381/6381/6381 6379/6379/6379 6378/6378/6378 6380/6380/6380
f 6374/6374/6374 6381/6381/6381 6380/6380/6380 6368/6368/6368
f 6379/6379/6379 6383/6383/6383 6382/6382/6382 6378/6378/6378
f 6380/6380/6380 6378/6378/6378 6377/6377/6377
f 6361/6361/6361 6368/6368/6368 6380/6380/6380
f 6377/6377/6377 6361/6361/6361 6380/6380/6380
f 6369/6369/6369 6361/6361/6361 6360/6360/6360
f 6344/6344/6344 6345/6345/6345 6369/6369/6369
f 6360/6360/6360 6344/6344/6344 6369/6369/6369
f 6360/6360/6360 6377/6377/6377 6343/6343/6343
f 6343/6343/6343 6377/6377/6377 6382/6382/6382
f 6360/6360/6360 6343/6343/6343 6294/6294/6294
f 6295/6295/6295 6343/6343/6343 6382/6382/6382
f 6383/6383/6383 6342/6342/6342 6295/6295/6295
f 6340/6340/6340 6341/6341/6341 6383/6383/6383
f 6342/6342/6342 6383/6383/6383 6341/6341/6341
f 6340/6340/6340 6383/6383/6383 6339/6339/6339
f 6383/6383/6383 6295/6295/6295 6382/6382/6382
f 6377/6377/6377 6378/6378/6378 6382/6382/6382
f 6294/6294/6294 6384/6384/6384 6360/6360/6360
f 6361/6361/6361 6377/6377/6377 6360/6360/6360
f 6379/6379/6379 6381/6381/6381 6335/6335/6335 6336/6336/6336
f 6374/6374/6374 6376/6376/6376 6330/6330/6330 6331/6331/6331
f 6376/6376/6376 6371/6371/6371 6327/6327/6327 6328/6328/6328
f 6381/6381/6381 6374/6374/6374 6332/6332/6332 6333/6333/6333
f 6373/6373/6373 6365/6365/6365 6321/6321/6321 6322/6322/6322
f 6383/6383/6383 6379/6379/6379 6338/6338/6338 6339/6339/6339
f 6371/6371/6371 6373/6373/6373 6324/6324/6324 6325/6325/6325
f 6379/6379/6379 6336/6336/6336 6337/6337/6337
f 6337/6337/6337 6338/6338/6338 6379/6379/6379
f 6381/6381/6381 6334/6334/6334 6335/6335/6335
f 6374/6374/6374 6331/6331/6331 6332/6332/6332
f 6333/6333/6333 6334/6334/6334 6381/6381/6381
f 6376/6376/6376 6329/6329/6329 6330/6330/6330
f 6371/6371/6371 6326/6326/6326 6327/6327/6327
f 6328/6328/6328 6329/6329/6329 6376/6376/6376
f 6373/6373/6373 6322/6322/6322 6323/6323/6323
f 6323/6323/6323 6324/6324/6324 6373/6373/6373
f 6325/6325/6325 6326/6326/6326 6371/6371/6371
f 6384/6384/6384 6344/6344/6344 6360/6360/6360
f 6316/6316/6316 6317/6317/6317 6367/6367/6367
f 6365/6365/6365 6367/6367/6367 6318/6318/6318 6319/6319/6319
f 6319/6319/6319 6320/6320/6320 6365/6365/6365
f 6318/6318/6318 6367/6367/6367 6317/6317/6317
f 6362/6362/6362 6364/6364/6364 6312/6312/6312 6313/6313/6313
f 6367/6367/6367 6362/6362/6362 6315/6315/6315 6316/6316/6316
f 6321/6321/6321 6365/6365/6365 6320/6320/6320
f 6349/6349/6349 6347/6347/6347 6346/6346/6346
f 6352/6352/6352 6350/6350/6350 6349/6349/6349
f 6346/6346/6346 6296/6296/6296 6349/6349/6349
f 6296/6296/6296 6352/6352/6352 6349/6349/6349
f 6346/6346/6346 6344/6344/6344 6384/6384/6384
f 6364/6364/6364 6354/6354/6354 6309/6309/6309 6310/6310/6310
f 6352/6352/6352 6297/6297/6297 6353/6353/6353
f 6356/6356/6356 6351/6351/6351 6304/6304/6304 6305/6305/6305
f 6354/6354/6354 6356/6356/6356 6307/6307/6307 6308/6308/6308
f 6297/6297/6297 6352/6352/6352 6296/6296/6296
f 6346/6346/6346 6384/6384/6384 6296/6296/6296
f 6351/6351/6351 6353/6353/6353 6301/6301/6301 6302/6302/6302
f 6362/6362/6362 6313/6313/6313 6314/6314/6314
f 6314/6314/6314 6315/6315/6315 6362/6362/6362
f 6364/6364/6364 6310/6310/6310 6311/6311/6311
f 6354/6354/6354 6308/6308/6308 6309/6309/6309
f 6311/6311/6311 6312/6312/6312 6364/6364/6364
f 6356/6356/6356 6305/6305/6305 6306/6306/6306
f 6351/6351/6351 6303/6303/6303 6304/6304/6304
f 6351/6351/6351 6302/6302/6302 6303/6303/6303
f 6353/6353/6353 6300/6300/6300 6301/6301/6301
f 6353/6353/6353 6298/6298/6298 6299/6299/6299
f 6353/6353/6353 6297/6297/6297 6298/6298/6298
f 6299/6299/6299 6300/6300/6300 6353/6353/6353
f 6306/6306/6306 6307/6307/6307 6356/6356/6356
f 6582/6582/6582 6579/6579/6579 6489/6489/6489 6511/6511/6511
f 6581/6581/6581 6580/6580/6580 6491/6491/6491
f 6489/6489/6489 6579/6579/6579 6581/6581/6581
f 6491/6491/6491 6489/6489/6489 6581/6581/6581
f 6509/6509/6509 6490/6490/6490 6489/6489/6489
f 6491/6491/6491 6492/6492/6492 6509/6509/6509
f 6489/6489/6489 6491/6491/6491 6509/6509/6509
f 6506/6506/6506 6493/6493/6493 6492/6492/6492
f 6494/6494/6494 6495/6495/6495 6506/6506/6506
f 6492/6492/6492 6494/6494/6494 6506/6506/6506
f 6503/6503/6503 6496/6496/6496 6495/6495/6495
f 6497/6497/6497 6498/6498/6498 6503/6503/6503
f 6495/6495/6495 6497/6497/6497 6503/6503/6503
f 6498/6498/6498 6500/6500/6500 6501/6501/6501 6499/6499/6499
f 6496/6496/6496 6503/6503/6503 6504/6504/6504 6502/6502/6502
f 6503/6503/6503 6498/6498/6498 6499/6499/6499 6504/6504/6504
f 6517/6517/6517 6505/6505/6505 6493/6493/6493
f 6506/6506/6506 6507/6507/6507 6517/6517/6517
f 6493/6493/6493 6506/6506/6506 6517/6517/6517
f 6514/6514/6514 6507/6507/6507 6506/6506/6506
f 6495/6495/6495 6496/6496/6496 6514/6514/6514
f 6506/6506/6506 6495/6495/6495 6514/6514/6514
f 6507/6507/6507 6514/6514/6514 6515/6515/6515 6513/6513/6513
f 6514/6514/6514 6496/6496/6496 6502/6502/6502 6515/6515/6515
f 6505/6505/6505 6517/6517/6517 6518/6518/6518 6516/6516/6516
f 6517/6517/6517 6507/6507/6507 6513/6513/6513 6518/6518/6518
f 6529/6529/6529 6508/6508/6508 6490/6490/6490
f 6509/6509/6509 6510/6510/6510 6529/6529/6529
f 6490/6490/6490 6509/6509/6509 6529/6529/6529
f 6520/6520/6520 6510/6510/6510 6509/6509/6509
f 6492/6492/6492 6493/6493/6493 6520/6520/6520
f 6509/6509/6509 6492/6492/6492 6520/6520/6520
f 6526/6526/6526 6519/6519/6519 6510/6510/6510
f 6520/6520/6520 6521/6521/6521 6526/6526/6526
f 6510/6510/6510 6520/6520/6520 6526/6526/6526
f 6523/6523/6523 6521/6521/6521 6520/6520/6520
f 6493/6493/6493 6505/6505/6505 6523/6523/6523
f 6520/6520/6520 6493/6493/6493 6523/6523/6523
f 6521/6521/6521 6523/6523/6523 6524/6524/6524 6522/6522/6522
f 6523/6523/6523 6505/6505/6505 6516/6516/6516 6524/6524/6524
f 6519/6519/6519 6526/6526/6526 6527/6527/6527 6525/6525/6525
f 6526/6526/6526 6521/6521/6521 6522/6522/6522 6527/6527/6527
f 6538/6538/6538 6528/6528/6528 6508/6508/6508
f 6529/6529/6529 6530/6530/6530 6538/6538/6538
f 6508/6508/6508 6529/6529/6529 6538/6538/6538
f 6535/6535/6535 6530/6530/6530 6529/6529/6529
f 6510/6510/6510 6519/6519/6519 6535/6535/6535
f 6529/6529/6529 6510/6510/6510 6535/6535/6535
f 6530/6530/6530 6535/6535/6535 6536/6536/6536 6534/6534/6534
f 6535/6535/6535 6519/6519/6519 6525/6525/6525 6536/6536/6536
f 6528/6528/6528 6538/6538/6538 6539/6539/6539 6537/6537/6537
f 6538/6538/6538 6530/6530/6530 6534/6534/6534 6539/6539/6539
f 6532/6532/6532 6512/6512/6512 6511/6511/6511
f 6489/6489/6489 6490/6490/6490 6532/6532/6532
f 6511/6511/6511 6489/6489/6489 6532/6532/6532
f 6550/6550/6550 6531/6531/6531 6512/6512/6512
f 6532/6532/6532 6533/6533/6533 6550/6550/6550
f 6512/6512/6512 6532/6532/6532 6550/6550/6550
f 6541/6541/6541 6533/6533/6533 6532/6532/6532
f 6490/6490/6490 6508/6508/6508 6541/6541/6541
f 6532/6532/6532 6490/6490/6490 6541/6541/6541
f 6547/6547/6547 6540/6540/6540 6533/6533/6533
f 6541/6541/6541 6542/6542/6542 6547/6547/6547
f 6533/6533/6533 6541/6541/6541 6547/6547/6547
f 6544/6544/6544 6542/6542/6542 6541/6541/6541
f 6508/6508/6508 6528/6528/6528 6544/6544/6544
f 6541/6541/6541 6508/6508/6508 6544/6544/6544
f 6542/6542/6542 6544/6544/6544 6545/6545/6545 6543/6543/6543
f 6544/6544/6544 6528/6528/6528 6537/6537/6537 6545/6545/6545
f 6540/6540/6540 6547/6547/6547 6548/6548/6548 6546/6546/6546
f 6547/6547/6547 6542/6542/6542 6543/6543/6543 6548/6548/6548
f 6558/6558/6558 6549/6549/6549 6531/6531/6531
f 6550/6550/6550 6551/6551/6551 6558/6558/6558
f 6531/6531/6531 6550/6550/6550 6558/6558/6558
f 6555/6555/6555 6551/6551/6551 6550/6550/6550
f 6533/6533/6533 6540/6540/6540 6555/6555/6555
f 6550/6550/6550 6533/6533/6533 6555/6555/6555
f 6551/6551/6551 6555/6555/6555 6556/6556/6556 6554/6554/6554
f 6555/6555/6555 6540/6540/6540 6546/6546/6546 6556/6556/6556
f 6549/6549/6549 6558/6558/6558 6559/6559/6559 6557/6557/6557
f 6558/6558/6558 6551/6551/6551 6554/6554/6554 6559/6559/6559
f 6561/6561/6561 6553/6553/6553 6552/6552/6552
f 6512/6512/6512 6531/6531/6531 6561/6561/6561
f 6552/6552/6552 6512/6512/6512 6561/6561/6561
f 6567/6567/6567 6560/6560/6560 6553/6553/6553
f 6561/6561/6561 6562/6562/6562 6567/6567/6567
f 6553/6553/6553 6561/6561/6561 6567/6567/6567
f 6564/6564/6564 6562/6562/6562 6561/6561/6561
f 6531/6531/6531 6549/6549/6549 6564/6564/6564
f 6561/6561/6561 6531/6531/6531 6564/6564/6564
f 6562/6562/6562 6564/6564/6564 6565/6565/6565 6563/6563/6563
f 6564/6564/6564 6549/6549/6549 6557/6557/6557 6565/6565/6565
f 6560/6560/6560 6567/6567/6567 6568/6568/6568 6566/6566/6566
f 6567/6567/6567 6562/6562/6562 6563/6563/6563 6568/6568/6568
f 6572/6572/6572 6570/6570/6570 6569/6569/6569
f 6553/6553/6553 6560/6560/6560 6572/6572/6572
f 6569/6569/6569 6553/6553/6553 6572/6572/6572
f 6570/6570/6570 6572/6572/6572 6573/6573/6573 6571/6571/6571
f 6572/6572/6572 6560/6560/6560 6566/6566/6566 6573/6573/6573
f 6574/6574/6574 6570/6570/6570 6571/6571/6571 6575/6575/6575
f 6501/6501/6501 6385/6385/6385 6386/6386/6386
f 6501/6501/6501 6387/6387/6387 6388/6388/6388
f 6501/6501/6501 6386/6386/6386 6387/6387/6387
f 6499/6499/6499 6389/6389/6389 6390/6390/6390
f 6499/6499/6499 6391/6391/6391 6392/6392/6392
f 6504/6504/6504 6392/6392/6392 6393/6393/6393
f 6499/6499/6499 6390/6390/6390 6391/6391/6391
f 6501/6501/6501 6388/6388/6388 6389/6389/6389
f 6504/6504/6504 6394/6394/6394 6395/6395/6395
f 6502/6502/6502 6396/6396/6396 6397/6397/6397
f 6502/6502/6502 6397/6397/6397 6398/6398/6398
f 6502/6502/6502 6395/6395/6395 6396/6396/6396
f 6515/6515/6515 6399/6399/6399 6400/6400/6400
f 6515/6515/6515 6401/6401/6401 6402/6402/6402
f 6513/6513/6513 6402/6402/6402 6403/6403/6403
f 6515/6515/6515 6400/6400/6400 6401/6401/6401
f 6502/6502/6502 6398/6398/6398 6399/6399/6399
f 6504/6504/6504 6393/6393/6393 6394/6394/6394
f 6513/6513/6513 6404/6404/6404 6405/6405/6405
f 6518/6518/6518 6406/6406/6406 6407/6407/6407
f 6518/6518/6518 6407/6407/6407 6408/6408/6408
f 6518/6518/6518 6405/6405/6405 6406/6406/6406
f 6516/6516/6516 6409/6409/6409 6410/6410/6410
f 6516/6516/6516 6411/6411/6411 6412/6412/6412
f 6524/6524/6524 6412/6412/6412 6413/6413/6413
f 6516/6516/6516 6410/6410/6410 6411/6411/6411
f 6518/6518/6518 6408/6408/6408 6409/6409/6409
f 6524/6524/6524 6414/6414/6414 6415/6415/6415
f 6522/6522/6522 6416/6416/6416 6417/6417/6417
f 6522/6522/6522 6417/6417/6417 6418/6418/6418
f 6522/6522/6522 6415/6415/6415 6416/6416/6416
f 6527/6527/6527 6419/6419/6419 6420/6420/6420
f 6527/6527/6527 6421/6421/6421 6422/6422/6422
f 6525/6525/6525 6422/6422/6422 6423/6423/6423
f 6527/6527/6527 6420/6420/6420 6421/6421/6421
f 6527/6527/6527 6418/6418/6418 6419/6419/6419
f 6524/6524/6524 6413/6413/6413 6414/6414/6414
f 6513/6513/6513 6403/6403/6403 6404/6404/6404
f 6499/6499/6499 6501/6501/6501 6389/6389/6389
f 6502/6502/6502 6504/6504/6504 6395/6395/6395
f 6499/6499/6499 6392/6392/6392 6504/6504/6504
f 6513/6513/6513 6515/6515/6515 6402/6402/6402
f 6516/6516/6516 6518/6518/6518 6409/6409/6409
f 6524/6524/6524 6516/6516/6516 6412/6412/6412
f 6513/6513/6513 6405/6405/6405 6518/6518/6518
f 6502/6502/6502 6399/6399/6399 6515/6515/6515
f 6497/6497/6497 6500/6500/6500 6498/6498/6498
f 6494/6494/6494 6497/6497/6497 6495/6495/6495
f 6580/6580/6580 6500/6500/6500 6497/6497/6497
f 6494/6494/6494 6580/6580/6580 6497/6497/6497
f 6578/6578/6578 6580/6580/6580 6577/6577/6577
f 6500/6500/6500 6580/6580/6580 6578/6578/6578
f 6494/6494/6494 6491/6491/6491 6580/6580/6580
f 6494/6494/6494 6492/6492/6492 6491/6491/6491
f 6385/6385/6385 6500/6500/6500 6578/6578/6578
f 6524/6524/6524 6415/6415/6415 6522/6522/6522
f 6385/6385/6385 6501/6501/6501 6500/6500/6500
f 6525/6525/6525 6424/6424/6424 6425/6425/6425
f 6536/6536/6536 6426/6426/6426 6427/6427/6427
f 6536/6536/6536 6427/6427/6427 6428/6428/6428
f 6536/6536/6536 6425/6425/6425 6426/6426/6426
f 6534/6534/6534 6429/6429/6429 6430/6430/6430
f 6534/6534/6534 6431/6431/6431 6432/6432/6432
f 6539/6539/6539 6432/6432/6432 6433/6433/6433
f 6534/6534/6534 6430/6430/6430 6431/6431/6431
f 6534/6534/6534 6428/6428/6428 6429/6429/6429
f 6527/6527/6527 6422/6422/6422 6525/6525/6525
f 6580/6580/6580 6581/6581/6581 6577/6577/6577
f 6525/6525/6525 6425/6425/6425 6536/6536/6536
f 6539/6539/6539 6434/6434/6434 6435/6435/6435
f 6432/6432/6432 6539/6539/6539 6534/6534/6534
f 6435/6435/6435 6537/6537/6537 6539/6539/6539
f 6428/6428/6428 6534/6534/6534 6536/6536/6536
f 6539/6539/6539 6433/6433/6433 6434/6434/6434
f 6435/6435/6435 6436/6436/6436 6537/6537/6537
f 6418/6418/6418 6527/6527/6527 6522/6522/6522
f 6423/6423/6423 6424/6424/6424 6525/6525/6525
f 6581/6581/6581 6579/6579/6579 6577/6577/6577
f 6537/6537/6537 6437/6437/6437 6438/6438/6438
f 6545/6545/6545 6439/6439/6439 6440/6440/6440
f 6545/6545/6545 6438/6438/6438 6439/6439/6439
f 6543/6543/6543 6441/6441/6441 6442/6442/6442
f 6543/6543/6543 6443/6443/6443 6444/6444/6444
f 6543/6543/6543 6444/6444/6444 6445/6445/6445
f 6543/6543/6543 6442/6442/6442 6443/6443/6443
f 6545/6545/6545 6440/6440/6440 6441/6441/6441
f 6548/6548/6548 6446/6446/6446 6447/6447/6447
f 6546/6546/6546 6448/6448/6448 6449/6449/6449
f 6546/6546/6546 6449/6449/6449 6450/6450/6450
f 6548/6548/6548 6447/6447/6447 6448/6448/6448
f 6556/6556/6556 6451/6451/6451 6452/6452/6452
f 6556/6556/6556 6453/6453/6453 6454/6454/6454
f 6556/6556/6556 6454/6454/6454 6455/6455/6455
f 6556/6556/6556 6452/6452/6452 6453/6453/6453
f 6546/6546/6546 6450/6450/6450 6451/6451/6451
f 6548/6548/6548 6445/6445/6445 6446/6446/6446
f 6554/6554/6554 6456/6456/6456 6457/6457/6457
f 6559/6559/6559 6458/6458/6458 6459/6459/6459
f 6559/6559/6559 6459/6459/6459 6460/6460/6460
f 6554/6554/6554 6457/6457/6457 6458/6458/6458
f 6557/6557/6557 6461/6461/6461 6462/6462/6462
f 6557/6557/6557 6463/6463/6463 6464/6464/6464
f 6565/6565/6565 6464/6464/6464 6465/6465/6465
f 6557/6557/6557 6462/6462/6462 6463/6463/6463
f 6559/6559/6559 6460/6460/6460 6461/6461/6461
f 6565/6565/6565 6466/6466/6466 6467/6467/6467
f 6563/6563/6563 6468/6468/6468 6469/6469/6469
f 6563/6563/6563 6469/6469/6469 6470/6470/6470
f 6565/6565/6565 6467/6467/6467 6468/6468/6468
f 6568/6568/6568 6471/6471/6471 6472/6472/6472
f 6568/6568/6568 6473/6473/6473 6474/6474/6474
f 6566/6566/6566 6474/6474/6474 6475/6475/6475
f 6568/6568/6568 6472/6472/6472 6473/6473/6473
f 6563/6563/6563 6470/6470/6470 6471/6471/6471
f 6565/6565/6565 6465/6465/6465 6466/6466/6466
f 6554/6554/6554 6455/6455/6455 6456/6456/6456
f 6545/6545/6545 6537/6537/6537 6438/6438/6438
f 6548/6548/6548 6543/6543/6543 6445/6445/6445
f 6546/6546/6546 6548/6548/6548 6448/6448/6448
f 6545/6545/6545 6441/6441/6441 6543/6543/6543
f 6554/6554/6554 6556/6556/6556 6455/6455/6455
f 6557/6557/6557 6559/6559/6559 6461/6461/6461
f 6565/6565/6565 6557/6557/6557 6464/6464/6464
f 6554/6554/6554 6458/6458/6458 6559/6559/6559
f 6546/6546/6546 6451/6451/6451 6556/6556/6556
f 6552/6552/6552 6511/6511/6511 6512/6512/6512
f 6583/6583/6583 6579/6579/6579 6582/6582/6582
f 6576/6576/6576 6583/6583/6583 6582/6582/6582
f 6577/6577/6577 6579/6579/6579 6583/6583/6583
f 6576/6576/6576 6582/6582/6582 6511/6511/6511
f 6568/6568/6568 6563/6563/6563 6471/6471/6471
f 6569/6569/6569 6552/6552/6552 6553/6553/6553
f 6568/6568/6568 6474/6474/6474 6566/6566/6566
f 6552/6552/6552 6576/6576/6576 6511/6511/6511
f 6565/6565/6565 6468/6468/6468 6563/6563/6563
f 6477/6477/6477 6478/6478/6478 6566/6566/6566
f 6573/6573/6573 6478/6478/6478 6479/6479/6479
f 6573/6573/6573 6479/6479/6479 6480/6480/6480
f 6566/6566/6566 6478/6478/6478 6573/6573/6573
f 6571/6571/6571 6481/6481/6481 6482/6482/6482
f 6571/6571/6571 6483/6483/6483 6484/6484/6484
f 6575/6575/6575 6484/6484/6484 6485/6485/6485
f 6571/6571/6571 6482/6482/6482 6483/6483/6483
f 6573/6573/6573 6480/6480/6480 6481/6481/6481
f 6571/6571/6571 6573/6573/6573 6481/6481/6481
f 6574/6574/6574 6569/6569/6569 6570/6570/6570
f 6571/6571/6571 6484/6484/6484 6575/6575/6575
f 6569/6569/6569 6576/6576/6576 6552/6552/6552
f 6487/6487/6487 6488/6488/6488 6575/6575/6575
f 6576/6576/6576 6574/6574/6574 6488/6488/6488
f 6488/6488/6488 6574/6574/6574 6575/6575/6575
f 6569/6569/6569 6574/6574/6574 6576/6576/6576
f 6486/6486/6486 6487/6487/6487 6575/6575/6575
f 6485/6485/6485 6486/6486/6486 6575/6575/6575
f 6566/6566/6566 6476/6476/6476 6477/6477/6477
f 6476/6476/6476 6566/6566/6566 6475/6475/6475
f 6436/6436/6436 6437/6437/6437 6537/6537/6537
f 6683/6683/6683 6685/6685/6685 6684/6684/6684 6682/6682/6682
f 6682/6682/6682 6684/6684/6684 6688/6688/6688 6686/6686/6686
f 6686/6686/6686 6688/6688/6688 6687/6687/6687 6681/6681/6681
f 6686/6686/6686 6681/6681/6681 6679/6679/6679
f 6680/6680/6680 6682/6682/6682 6686/6686/6686
f 6679/6679/6679 6680/6680/6680 6686/6686/6686
f 6697/6697/6697 6691/6691/6691 6689/6689/6689
f 6679/6679/6679 6681/6681/6681 6697/6697/6697
f 6689/6689/6689 6679/6679/6679 6697/6697/6697
f 6681/6681/6681 6687/6687/6687 6699/6699/6699 6697/6697/6697
f 6697/6697/6697 6699/6699/6699 6698/6698/6698 6691/6691/6691
f 6691/6691/6691 6698/6698/6698 6702/6702/6702 6700/6700/6700
f 6700/6700/6700 6702/6702/6702 6701/6701/6701 6690/6690/6690
f 6700/6700/6700 6690/6690/6690 6678/6678/6678
f 6689/6689/6689 6691/6691/6691 6700/6700/6700
f 6678/6678/6678 6689/6689/6689 6700/6700/6700
f 6689/6689/6689 6678/6678/6678 6676/6676/6676
f 6677/6677/6677 6679/6679/6679 6689/6689/6689
f 6676/6676/6676 6677/6677/6677 6689/6689/6689
f 6703/6703/6703 6694/6694/6694 6692/6692/6692
f 6676/6676/6676 6678/6678/6678 6703/6703/6703
f 6692/6692/6692 6676/6676/6676 6703/6703/6703
f 6706/6706/6706 6705/6705/6705 6703/6703/6703
f 6678/6678/6678 6690/6690/6690 6706/6706/6706
f 6703/6703/6703 6678/6678/6678 6706/6706/6706
f 6690/6690/6690 6701/6701/6701 6708/6708/6708 6706/6706/6706
f 6706/6706/6706 6708/6708/6708 6707/6707/6707 6705/6705/6705
f 6705/6705/6705 6707/6707/6707 6711/6711/6711 6709/6709/6709
f 6709/6709/6709 6711/6711/6711 6710/6710/6710 6704/6704/6704
f 6709/6709/6709 6704/6704/6704 6694/6694/6694
f 6703/6703/6703 6705/6705/6705 6709/6709/6709
f 6694/6694/6694 6703/6703/6703 6709/6709/6709
f 6718/6718/6718 6714/6714/6714 6712/6712/6712
f 6694/6694/6694 6704/6704/6704 6718/6718/6718
f 6712/6712/6712 6694/6694/6694 6718/6718/6718
f 6704/6704/6704 6710/6710/6710 6720/6720/6720 6718/6718/6718
f 6718/6718/6718 6720/6720/6720 6719/6719/6719 6714/6714/6714
f 6714/6714/6714 6719/6719/6719 6723/6723/6723 6721/6721/6721
f 6721/6721/6721 6723/6723/6723 6722/6722/6722 6713/6713/6713
f 6721/6721/6721 6713/6713/6713 6693/6693/6693
f 6712/6712/6712 6714/6714/6714 6721/6721/6721
f 6693/6693/6693 6712/6712/6712 6721/6721/6721
f 6712/6712/6712 6693/6693/6693 6675/6675/6675
f 6692/6692/6692 6694/6694/6694 6712/6712/6712
f 6675/6675/6675 6692/6692/6692 6712/6712/6712
f 6692/6692/6692 6675/6675/6675 6673/6673/6673
f 6674/6674/6674 6676/6676/6676 6692/6692/6692
f 6673/6673/6673 6674/6674/6674 6692/6692/6692
f 6715/6715/6715 6696/6696/6696 6695/6695/6695
f 6673/6673/6673 6675/6675/6675 6715/6715/6715
f 6695/6695/6695 6673/6673/6673 6715/6715/6715
f 6724/6724/6724 6717/6717/6717 6715/6715/6715
f 6675/6675/6675 6693/6693/6693 6724/6724/6724
f 6715/6715/6715 6675/6675/6675 6724/6724/6724
f 6727/6727/6727 6726/6726/6726 6724/6724/6724
f 6693/6693/6693 6713/6713/6713 6727/6727/6727
f 6724/6724/6724 6693/6693/6693 6727/6727/6727
f 6713/6713/6713 6722/6722/6722 6729/6729/6729 6727/6727/6727
f 6727/6727/6727 6729/6729/6729 6728/6728/6728 6726/6726/6726
f 6726/6726/6726 6728/6728/6728 6732/6732/6732 6730/6730/6730
f 6730/6730/6730 6732/6732/6732 6731/6731/6731 6725/6725/6725
f 6730/6730/6730 6725/6725/6725 6717/6717/6717
f 6724/6724/6724 6726/6726/6726 6730/6730/6730
f 6717/6717/6717 6724/6724/6724 6730/6730/6730
f 6738/6738/6738 6735/6735/6735 6733/6733/6733
f 6717/6717/6717 6725/6725/6725 6738/6738/6738
f 6733/6733/6733 6717/6717/6717 6738/6738/6738
f 6725/6725/6725 6731/6731/6731 6740/6740/6740 6738/6738/6738
f 6738/6738/6738 6740/6740/6740 6739/6739/6739 6735/6735/6735
f 6735/6735/6735 6739/6739/6739 6743/6743/6743 6741/6741/6741
f 6741/6741/6741 6743/6743/6743 6742/6742/6742 6734/6734/6734
f 6741/6741/6741 6734/6734/6734 6716/6716/6716
f 6733/6733/6733 6735/6735/6735 6741/6741/6741
f 6716/6716/6716 6733/6733/6733 6741/6741/6741
f 6733/6733/6733 6716/6716/6716 6696/6696/6696
f 6715/6715/6715 6717/6717/6717 6733/6733/6733
f 6696/6696/6696 6715/6715/6715 6733/6733/6733
f 6744/6744/6744 6737/6737/6737 6736/6736/6736
f 6696/6696/6696 6716/6716/6716 6744/6744/6744
f 6736/6736/6736 6696/6696/6696 6744/6744/6744
f 6747/6747/6747 6746/6746/6746 6744/6744/6744
f 6716/6716/6716 6734/6734/6734 6747/6747/6747
f 6744/6744/6744 6716/6716/6716 6747/6747/6747
f 6734/6734/6734 6742/6742/6742 6749/6749/6749 6747/6747/6747
f 6747/6747/6747 6749/6749/6749 6748/6748/6748 6746/6746/6746
f 6746/6746/6746 6748/6748/6748 6752/6752/6752 6750/6750/6750
f 6750/6750/6750 6752/6752/6752 6751/6751/6751 6745/6745/6745
f 6750/6750/6750 6745/6745/6745 6737/6737/6737
f 6744/6744/6744 6746/6746/6746 6750/6750/6750
f 6737/6737/6737 6744/6744/6744 6750/6750/6750
f 6737/6737/6737 6745/6745/6745 6754/6754/6754 6753/6753/6753
f 6754/6754/6754 6672/6672/6672 6584/6584/6584
f 6754/6754/6754 6670/6670/6670 6671/6671/6671
f 6671/6671/6671 6672/6672/6672 6754/6754/6754
f 6754/6754/6754 6668/6668/6668 6669/6669/6669
f 6754/6754/6754 6666/6666/6666 6667/6667/6667
f 6667/6667/6667 6668/6668/6668 6754/6754/6754
f 6669/6669/6669 6670/6670/6670 6754/6754/6754
f 6751/6751/6751 6664/6664/6664 6665/6665/6665
f 6751/6751/6751 6662/6662/6662 6663/6663/6663
f 6663/6663/6663 6664/6664/6664 6751/6751/6751
f 6752/6752/6752 6660/6660/6660 6661/6661/6661
f 6752/6752/6752 6658/6658/6658 6659/6659/6659
f 6659/6659/6659 6660/6660/6660 6752/6752/6752
f 6661/6661/6661 6662/6662/6662 6751/6751/6751
f 6665/6665/6665 6666/6666/6666 6754/6754/6754
f 6748/6748/6748 6656/6656/6656 6657/6657/6657
f 6749/6749/6749 6654/6654/6654 6655/6655/6655
f 6655/6655/6655 6656/6656/6656 6749/6749/6749
f 6742/6742/6742 6652/6652/6652 6653/6653/6653
f 6742/6742/6742 6650/6650/6650 6651/6651/6651
f 6651/6651/6651 6652/6652/6652 6742/6742/6742
f 6653/6653/6653 6654/6654/6654 6749/6749/6749
f 6743/6743/6743 6648/6648/6648 6649/6649/6649
f 6739/6739/6739 6646/6646/6646 6647/6647/6647
f 6647/6647/6647 6648/6648/6648 6743/6743/6743
f 6740/6740/6740 6644/6644/6644 6645/6645/6645
f 6740/6740/6740 6642/6642/6642 6643/6643/6643
f 6731/6731/6731 6641/6641/6641 6642/6642/6642
f 6643/6643/6643 6644/6644/6644 6740/6740/6740
f 6645/6645/6645 6646/6646/6646 6739/6739/6739
f 6649/6649/6649 6650/6650/6650 6743/6743/6743
f 6657/6657/6657 6658/6658/6658 6748/6748/6748
f 6731/6731/6731 6639/6639/6639 6640/6640/6640
f 6732/6732/6732 6637/6637/6637 6638/6638/6638
f 6638/6638/6638 6639/6639/6639 6732/6732/6732
f 6728/6728/6728 6635/6635/6635 6636/6636/6636
f 6729/6729/6729 6633/6633/6633 6634/6634/6634
f 6634/6634/6634 6635/6635/6635 6728/6728/6728
f 6636/6636/6636 6637/6637/6637 6728/6728/6728
f 6729/6729/6729 6631/6631/6631 6632/6632/6632
f 6722/6722/6722 6629/6629/6629 6630/6630/6630
f 6630/6630/6630 6631/6631/6631 6722/6722/6722
f 6723/6723/6723 6627/6627/6627 6628/6628/6628
f 6719/6719/6719 6625/6625/6625 6626/6626/6626
f 6719/6719/6719 6624/6624/6624 6625/6625/6625
f 6626/6626/6626 6627/6627/6627 6723/6723/6723
f 6628/6628/6628 6629/6629/6629 6723/6723/6723
f 6632/6632/6632 6633/6633/6633 6729/6729/6729
f 6720/6720/6720 6622/6622/6622 6623/6623/6623
f 6710/6710/6710 6620/6620/6620 6621/6621/6621
f 6621/6621/6621 6622/6622/6622 6720/6720/6720
f 6710/6710/6710 6618/6618/6618 6619/6619/6619
f 6711/6711/6711 6616/6616/6616 6617/6617/6617
f 6617/6617/6617 6618/6618/6618 6711/6711/6711
f 6619/6619/6619 6620/6620/6620 6710/6710/6710
f 6707/6707/6707 6614/6614/6614 6615/6615/6615
f 6708/6708/6708 6612/6612/6612 6613/6613/6613
f 6613/6613/6613 6614/6614/6614 6707/6707/6707
f 6708/6708/6708 6610/6610/6610 6611/6611/6611
f 6701/6701/6701 6608/6608/6608 6609/6609/6609
f 6701/6701/6701 6607/6607/6607 6608/6608/6608
f 6609/6609/6609 6610/6610/6610 6701/6701/6701
f 6611/6611/6611 6612/6612/6612 6708/6708/6708
f 6615/6615/6615 6616/6616/6616 6711/6711/6711
f 6623/6623/6623 6624/6624/6624 6719/6719/6719
f 6640/6640/6640 6641/6641/6641 6731/6731/6731
f 6752/6752/6752 6748/6748/6748 6658/6658/6658
f 6749/6749/6749 6742/6742/6742 6653/6653/6653
f 6748/6748/6748 6749/6749/6749 6656/6656/6656
f 6743/6743/6743 6739/6739/6739 6647/6647/6647
f 6740/6740/6740 6731/6731/6731 6642/6642/6642
f 6739/6739/6739 6740/6740/6740 6645/6645/6645
f 6742/6742/6742 6743/6743/6743 6650/6650/6650
f 6732/6732/6732 6728/6728/6728 6637/6637/6637
f 6729/6729/6729 6722/6722/6722 6631/6631/6631
f 6728/6728/6728 6729/6729/6729 6634/6634/6634
f 6723/6723/6723 6719/6719/6719 6626/6626/6626
f 6720/6720/6720 6710/6710/6710 6621/6621/6621
f 6719/6719/6719 6720/6720/6720 6623/6623/6623
f 6722/6722/6722 6723/6723/6723 6629/6629/6629
f 6731/6731/6731 6732/6732/6732 6639/6639/6639
f 6753/6753/6753 6754/6754/6754 6584/6584/6584
f 6737/6737/6737 6753/6753/6753 6736/6736/6736
f 6695/6695/6695 6736/6736/6736 6586/6586/6586
f 6753/6753/6753 6586/6586/6586 6736/6736/6736
f 6736/6736/6736 6695/6695/6695 6696/6696/6696
f 6695/6695/6695 6586/6586/6586 6755/6755/6755
f 6753/6753/6753 6584/6584/6584 6586/6586/6586
f 6711/6711/6711 6707/6707/6707 6615/6615/6615
f 6708/6708/6708 6701/6701/6701 6610/6610/6610
f 6707/6707/6707 6708/6708/6708 6613/6613/6613
f 6755/6755/6755 6756/6756/6756 6674/6674/6674 6673/6673/6673
f 6673/6673/6673 6695/6695/6695 6755/6755/6755
f 6701/6701/6701 6702/6702/6702 6607/6607/6607
f 6754/6754/6754 6745/6745/6745 6751/6751/6751
f 6754/6754/6754 6751/6751/6751 6665/6665/6665
f 6710/6710/6710 6711/6711/6711 6618/6618/6618
f 6702/6702/6702 6605/6605/6605 6606/6606/6606
f 6698/6698/6698 6603/6603/6603 6604/6604/6604
f 6604/6604/6604 6605/6605/6605 6702/6702/6702
f 6699/6699/6699 6601/6601/6601 6602/6602/6602
f 6699/6699/6699 6599/6599/6599 6600/6600/6600
f 6600/6600/6600 6601/6601/6601 6699/6699/6699
f 6602/6602/6602 6603/6603/6603 6698/6698/6698
f 6687/6687/6687 6597/6597/6597 6598/6598/6598
f 6688/6688/6688 6595/6595/6595 6596/6596/6596
f 6596/6596/6596 6597/6597/6597 6687/6687/6687
f 6684/6684/6684 6593/6593/6593 6594/6594/6594
f 6684/6684/6684 6591/6591/6591 6592/6592/6592
f 6685/6685/6685 6590/6590/6590 6591/6591/6591
f 6592/6592/6592 6593/6593/6593 6684/6684/6684
f 6594/6594/6594 6595/6595/6595 6688/6688/6688
f 6598/6598/6598 6599/6599/6599 6687/6687/6687
f 6698/6698/6698 6699/6699/6699 6602/6602/6602
f 6687/6687/6687 6688/6688/6688 6596/6596/6596
f 6699/6699/6699 6687/6687/6687 6599/6599/6599
f 6677/6677/6677 6680/6680/6680 6679/6679/6679
f 6677/6677/6677 6674/6674/6674 6587/6587/6587
f 6606/6606/6606 6607/6607/6607 6702/6702/6702
f 6688/6688/6688 6684/6684/6684 6594/6594/6594
f 6685/6685/6685 6588/6588/6588 6589/6589/6589
f 6685/6685/6685 6591/6591/6591 6684/6684/6684
f 6588/6588/6588 6685/6685/6685 6585/6585/6585
f 6685/6685/6685 6589/6589/6589 6590/6590/6590
f 6683/6683/6683 6682/6682/6682 6680/6680/6680
f 6585/6585/6585 6683/6683/6683 6587/6587/6587
f 6680/6680/6680 6587/6587/6587 6683/6683/6683
f 6685/6685/6685 6683/6683/6683 6585/6585/6585
f 6587/6587/6587 6680/6680/6680 6677/6677/6677
f 6587/6587/6587 6674/6674/6674 6756/6756/6756
f 6702/6702/6702 6698/6698/6698 6604/6604/6604
f 6676/6676/6676 6674/6674/6674 6677/6677/6677
f 6751/6751/6751 6752/6752/6752 6661/6661/6661
f 6763/6763/6763 6765/6765/6765 6764/6764/6764 6762/6762/6762
f 6764/6764/6764 6757/6757/6757 6771/6771/6771
f 6770/6770/6770 6762/6762/6762 6764/6764/6764 6771/6771/6771
f 6767/6767/6767 6758/6758/6758 6769/6769/6769
f 6761/6761/6761 6768/6768/6768 6759/6759/6759
f 6768/6768/6768 6767/6767/6767 6769/6769/6769
f 6758/6758/6758 6762/6762/6762 6770/6770/6770
f 6760/6760/6760 6765/6765/6765 6763/6763/6763 6766/6766/6766
f 6764/6764/6764 6765/6765/6765 6760/6760/6760
f 6760/6760/6760 6757/6757/6757 6764/6764/6764
f 6762/6762/6762 6767/6767/6767 6766/6766/6766
f 6761/6761/6761 6767/6767/6767 6768/6768/6768
f 6766/6766/6766 6763/6763/6763 6762/6762/6762
f 6762/6762/6762 6758/6758/6758 6767/6767/6767
f 6790/6790/6790 6788/6788/6788 6787/6787/6787 6789/6789/6789
f 6788/6788/6788 6792/6792/6792 6791/6791/6791 6787/6787/6787
f 6787/6787/6787 6791/6791/6791 6805/6805/6805 6804/6804/6804
f 6789/6789/6789 6787/6787/6787 6804/6804/6804 6806/6806/6806
f 6812/6812/6812 6772/6772/6772 6793/6793/6793
f 6812/6812/6812 6805/6805/6805 6811/6811/6811
f 6810/6810/6810 6811/6811/6811 6805/6805/6805 6791/6791/6791
f 6793/6793/6793 6794/6794/6794 6812/6812/6812
f 6805/6805/6805 6794/6794/6794 6795/6795/6795
f 6805/6805/6805 6795/6795/6795 6796/6796/6796
f 6804/6804/6804 6805/6805/6805 6796/6796/6796 6797/6797/6797
f 6812/6812/6812 6794/6794/6794 6805/6805/6805
f 6808/6808/6808 6792/6792/6792 6807/6807/6807
f 6792/6792/6792 6785/6785/6785 6807/6807/6807
f 6807/6807/6807 6786/6786/6786 6773/6773/6773
f 6807/6807/6807 6785/6785/6785 6786/6786/6786
f 6808/6808/6808 6809/6809/6809 6791/6791/6791 6792/6792/6792
f 6784/6784/6784 6792/6792/6792 6783/6783/6783
f 6792/6792/6792 6788/6788/6788 6782/6782/6782 6783/6783/6783
f 6785/6785/6785 6792/6792/6792 6784/6784/6784
f 6782/6782/6782 6788/6788/6788 6781/6781/6781
f 6791/6791/6791 6809/6809/6809 6810/6810/6810
f 6797/6797/6797 6798/6798/6798 6804/6804/6804
f 6806/6806/6806 6799/6799/6799 6800/6800/6800
f 6804/6804/6804 6799/6799/6799 6806/6806/6806
f 6801/6801/6801 6806/6806/6806 6800/6800/6800
f 6802/6802/6802 6806/6806/6806 6801/6801/6801
f 6798/6798/6798 6799/6799/6799 6804/6804/6804
f 6813/6813/6813 6802/6802/6802 6803/6803/6803
f 6813/6813/6813 6803/6803/6803 6774/6774/6774
f 6813/6813/6813 6814/6814/6814 6806/6806/6806
f 6814/6814/6814 6815/6815/6815 6789/6789/6789 6806/6806/6806
f 6813/6813/6813 6806/6806/6806 6802/6802/6802
f 6790/6790/6790 6789/6789/6789 6816/6816/6816 6817/6817/6817
f 6788/6788/6788 6790/6790/6790 6779/6779/6779 6780/6780/6780
f 6790/6790/6790 6778/6778/6778 6779/6779/6779
f 6778/6778/6778 6790/6790/6790 6777/6777/6777
f 6781/6781/6781 6788/6788/6788 6780/6780/6780
f 6817/6817/6817 6818/6818/6818 6790/6790/6790
f 6790/6790/6790 6818/6818/6818 6777/6777/6777
f 6818/6818/6818 6776/6776/6776 6777/6777/6777
f 6818/6818/6818 6775/6775/6775 6776/6776/6776
f 6816/6816/6816 6789/6789/6789 6815/6815/6815
