v 0.875000 0.975000 2.650000
v 0.875000 0.975000 2.700000
v 0.875000 5.525000 2.700000
v 0.875000 5.575000 2.700000
v 0.875000 5.575000 2.650000
v 0.875000 5.525000 2.650000
v 6.725000 0.975000 2.650000
v 6.725000 0.975000 2.700000
v 6.675000 0.975000 2.700000
v -6.625000 -5.475000 2.650000
v -6.625000 -5.475000 2.700000
v -6.625000 5.525000 2.700000
v -6.625000 5.575000 2.700000
v -6.625000 5.575000 2.650000
v -6.625000 5.525000 2.650000
v 6.725000 -5.475000 2.650000
v 6.725000 -5.475000 2.700000
v 6.675000 -5.475000 2.700000
v 4.375000 0.625000 0.000000
v 4.375000 0.725000 0.000000
v 4.375000 0.725000 2.100000
v 4.375000 0.725000 2.150000
v 4.375000 0.625000 2.150000
v 4.375000 0.625000 2.100000
v 0.525000 0.625000 0.000000
v 5.375000 0.625000 2.150000
v 5.425000 0.625000 2.150000
v 5.425000 0.625000 0.000000
v 6.525000 0.625000 0.000000
v 6.525000 0.625000 2.850000
v 0.575000 0.625000 2.850000
v 0.525000 0.625000 2.850000
v 0.525000 0.625000 2.800000
v 1.575000 0.625000 2.100000
v 1.575000 0.625000 1.650000
v 2.525000 0.625000 2.100000
v 2.575000 0.625000 2.100000
v 2.575000 0.625000 1.650000
v 2.525000 0.625000 1.650000
v 5.425000 0.725000 2.150000
v 5.425000 0.725000 0.000000
v 5.425000 0.675000 0.000000
v -3.525000 -2.375000 4.650000
v -3.525000 -2.375000 4.600000
v -3.525000 5.575000 4.600000
v -3.525000 5.575000 4.650000
v -3.525000 5.525000 4.650000
v 6.675000 -2.375000 4.650000
v 6.725000 -2.375000 4.650000
v 6.725000 -2.375000 4.600000
v 6.675000 -2.375000 4.600000
v -3.575000 -2.425000 4.600000
v -3.575000 -2.425000 4.550000
v -3.575000 5.575000 4.550000
v -3.575000 5.575000 4.600000
v -3.575000 5.525000 4.600000
v 6.675000 -2.425000 4.600000
v 6.725000 -2.425000 4.600000
v 6.725000 -2.425000 4.550000
v 6.675000 -2.425000 4.550000
v -3.675000 -2.525000 4.550000
v -3.675000 -2.525000 4.500000
v -3.675000 5.575000 4.500000
v -3.675000 5.575000 4.550000
v -3.675000 5.525000 4.550000
v 6.675000 -2.525000 4.550000
v 6.725000 -2.525000 4.550000
v 6.725000 -2.525000 4.500000
v 6.675000 -2.525000 4.500000
v -3.775000 -2.625000 4.500000
v -3.775000 -2.625000 4.450000
v -3.775000 5.575000 4.450000
v -3.775000 5.575000 4.500000
v -3.775000 5.525000 4.500000
v 6.675000 -2.625000 4.500000
v 6.725000 -2.625000 4.500000
v 6.725000 -2.625000 4.450000
v 6.675000 -2.625000 4.450000
v -3.875000 -2.725000 4.450000
v -3.875000 -2.725000 4.400000
v -3.875000 5.575000 4.400000
v -3.875000 5.575000 4.450000
v -3.875000 5.525000 4.450000
v 6.675000 -2.725000 4.450000
v 6.725000 -2.725000 4.450000
v 6.725000 -2.725000 4.400000
v 6.675000 -2.725000 4.400000
v -3.925000 -2.775000 4.400000
v -3.925000 -2.775000 4.350000
v -3.925000 5.575000 4.350000
v -3.925000 5.575000 4.400000
v -3.925000 5.525000 4.400000
v 6.675000 -2.775000 4.400000
v 6.725000 -2.775000 4.400000
v 6.725000 -2.775000 4.350000
v 6.675000 -2.775000 4.350000
v -4.025000 -2.875000 4.350000
v -4.025000 -2.875000 4.300000
v -4.025000 5.575000 4.300000
v -4.025000 5.575000 4.350000
v -4.025000 5.525000 4.350000
v 6.675000 -2.875000 4.350000
v 6.725000 -2.875000 4.350000
v 6.725000 -2.875000 4.300000
v 6.675000 -2.875000 4.300000
v -4.125000 -2.975000 4.300000
v -4.125000 -2.975000 4.250000
v -4.125000 5.575000 4.250000
v -4.125000 5.575000 4.300000
v -4.125000 5.525000 4.300000
v 6.675000 -2.975000 4.300000
v 6.725000 -2.975000 4.300000
v 6.725000 -2.975000 4.250000
v 6.675000 -2.975000 4.250000
v -4.225000 -3.075000 4.250000
v -4.225000 -3.075000 4.200000
v -4.225000 5.575000 4.200000
v -4.225000 5.575000 4.250000
v -4.225000 5.525000 4.250000
v 6.675000 -3.075000 4.250000
v 6.725000 -3.075000 4.250000
v 6.725000 -3.075000 4.200000
v 6.675000 -3.075000 4.200000
v -4.275000 -3.125000 4.200000
v -4.275000 -3.125000 4.150000
v -4.275000 5.575000 4.150000
v -4.275000 5.575000 4.200000
v -4.275000 5.525000 4.200000
v 6.675000 -3.125000 4.200000
v 6.725000 -3.125000 4.200000
v 6.725000 -3.125000 4.150000
v 6.675000 -3.125000 4.150000
v -4.375000 -3.225000 4.150000
v -4.375000 -3.225000 4.100000
v -4.375000 5.575000 4.100000
v -4.375000 5.575000 4.150000
v -4.375000 5.525000 4.150000
v 6.675000 -3.225000 4.150000
v 6.725000 -3.225000 4.150000
v 6.725000 -3.225000 4.100000
v 6.675000 -3.225000 4.100000
v -4.475000 -3.325000 4.100000
v -4.475000 -3.325000 4.050000
v -4.475000 5.575000 4.050000
v -4.475000 5.575000 4.100000
v -4.475000 5.525000 4.100000
v 6.675000 -3.325000 4.100000
v 6.725000 -3.325000 4.100000
v 6.725000 -3.325000 4.050000
v 6.675000 -3.325000 4.050000
v -4.525000 -3.375000 4.050000
v -4.525000 -3.375000 4.000000
v -4.525000 5.575000 4.000000
v -4.525000 5.575000 4.050000
v -4.525000 5.525000 4.050000
v 6.675000 -3.375000 4.050000
v 6.725000 -3.375000 4.050000
v 6.725000 -3.375000 4.000000
v 6.675000 -3.375000 4.000000
v -4.625000 -3.475000 4.000000
v -4.625000 -3.475000 3.950000
v -4.625000 5.575000 3.950000
v -4.625000 5.575000 4.000000
v -4.625000 5.525000 4.000000
v 6.675000 -3.475000 4.000000
v 6.725000 -3.475000 4.000000
v 6.725000 -3.475000 3.950000
v 6.675000 -3.475000 3.950000
v -4.725000 -3.575000 3.950000
v -4.725000 -3.575000 3.900000
v -4.725000 5.575000 3.900000
v -4.725000 5.575000 3.950000
v -4.725000 5.525000 3.950000
v 6.675000 -3.575000 3.950000
v 6.725000 -3.575000 3.950000
v 6.725000 -3.575000 3.900000
v 6.675000 -3.575000 3.900000
v -4.825000 -3.675000 3.900000
v -4.825000 -3.675000 3.850000
v -4.825000 5.575000 3.850000
v -4.825000 5.575000 3.900000
v -4.825000 5.525000 3.900000
v 6.675000 -3.675000 3.900000
v 6.725000 -3.675000 3.900000
v 6.725000 -3.675000 3.850000
v 6.675000 -3.675000 3.850000
v -4.875000 -3.725000 3.850000
v -4.875000 -3.725000 3.800000
v -4.875000 5.575000 3.800000
v -4.875000 5.575000 3.850000
v -4.875000 5.525000 3.850000
v 6.675000 -3.725000 3.850000
v 6.725000 -3.725000 3.850000
v 6.725000 -3.725000 3.800000
v 6.675000 -3.725000 3.800000
v -4.975000 -3.825000 3.800000
v -4.975000 -3.825000 3.750000
v -4.975000 5.575000 3.750000
v -4.975000 5.575000 3.800000
v -4.975000 5.525000 3.800000
v 6.675000 -3.825000 3.800000
v 6.725000 -3.825000 3.800000
v 6.725000 -3.825000 3.750000
v 6.675000 -3.825000 3.750000
v -5.075000 -3.925000 3.750000
v -5.075000 -3.925000 3.700000
v -5.075000 5.575000 3.700000
v -5.075000 5.575000 3.750000
v -5.075000 5.525000 3.750000
v 6.675000 -3.925000 3.750000
v 6.725000 -3.925000 3.750000
v 6.725000 -3.925000 3.700000
v 6.675000 -3.925000 3.700000
v -5.175000 -4.025000 3.700000
v -5.175000 -4.025000 3.650000
v -5.175000 5.575000 3.650000
v -5.175000 5.575000 3.700000
v -5.175000 5.525000 3.700000
v 6.675000 -4.025000 3.700000
v 6.725000 -4.025000 3.700000
v 6.725000 -4.025000 3.650000
v 6.675000 -4.025000 3.650000
v -5.225000 -4.075000 3.650000
v -5.225000 -4.075000 3.600000
v -5.225000 5.575000 3.600000
v -5.225000 5.575000 3.650000
v -5.225000 5.525000 3.650000
v 6.675000 -4.075000 3.650000
v 6.725000 -4.075000 3.650000
v 6.725000 -4.075000 3.600000
v 6.675000 -4.075000 3.600000
v -5.325000 -4.175000 3.600000
v -5.325000 -4.175000 3.550000
v -5.325000 5.575000 3.550000
v -5.325000 5.575000 3.600000
v -5.325000 5.525000 3.600000
v 6.675000 -4.175000 3.600000
v 6.725000 -4.175000 3.600000
v 6.725000 -4.175000 3.550000
v 6.675000 -4.175000 3.550000
v -5.425000 -4.275000 3.550000
v -5.425000 -4.275000 3.500000
v -5.425000 5.575000 3.500000
v -5.425000 5.575000 3.550000
v -5.425000 5.525000 3.550000
v 6.675000 -4.275000 3.550000
v 6.725000 -4.275000 3.550000
v 6.725000 -4.275000 3.500000
v 6.675000 -4.275000 3.500000
v -5.525000 -4.375000 3.500000
v -5.525000 -4.375000 3.450000
v -5.525000 5.575000 3.450000
v -5.525000 5.575000 3.500000
v -5.525000 5.525000 3.500000
v 6.675000 -4.375000 3.500000
v 6.725000 -4.375000 3.500000
v 6.725000 -4.375000 3.450000
v 6.675000 -4.375000 3.450000
v -5.575000 -4.425000 3.450000
v -5.575000 -4.425000 3.400000
v -5.575000 5.575000 3.400000
v -5.575000 5.575000 3.450000
v -5.575000 5.525000 3.450000
v 6.675000 -4.425000 3.450000
v 6.725000 -4.425000 3.450000
v 6.725000 -4.425000 3.400000
v 6.675000 -4.425000 3.400000
v -5.675000 -4.525000 3.400000
v -5.675000 -4.525000 3.350000
v -5.675000 5.575000 3.350000
v -5.675000 5.575000 3.400000
v -5.675000 5.525000 3.400000
v 6.675000 -4.525000 3.400000
v 6.725000 -4.525000 3.400000
v 6.725000 -4.525000 3.350000
v 6.675000 -4.525000 3.350000
v -5.775000 -4.625000 3.350000
v -5.775000 -4.625000 3.300000
v -5.775000 5.575000 3.300000
v -5.775000 5.575000 3.350000
v -5.775000 5.525000 3.350000
v 6.675000 -4.625000 3.350000
v 6.725000 -4.625000 3.350000
v 6.725000 -4.625000 3.300000
v 6.675000 -4.625000 3.300000
v -5.825000 -4.675000 3.300000
v -5.825000 -4.675000 3.250000
v -5.825000 5.575000 3.250000
v -5.825000 5.575000 3.300000
v -5.825000 5.525000 3.300000
v 6.675000 -4.675000 3.300000
v 6.725000 -4.675000 3.300000
v 6.725000 -4.675000 3.250000
v 6.675000 -4.675000 3.250000
v -5.925000 -4.775000 3.250000
v -5.925000 -4.775000 3.200000
v -5.925000 5.575000 3.200000
v -5.925000 5.575000 3.250000
v -5.925000 5.525000 3.250000
v 6.675000 -4.775000 3.250000
v 6.725000 -4.775000 3.250000
v 6.725000 -4.775000 3.200000
v 6.675000 -4.775000 3.200000
v -6.025000 -4.875000 3.200000
v -6.025000 -4.875000 3.150000
v -6.025000 5.575000 3.150000
v -6.025000 5.575000 3.200000
v -6.025000 5.525000 3.200000
v 6.675000 -4.875000 3.200000
v 6.725000 -4.875000 3.200000
v 6.725000 -4.875000 3.150000
v 6.675000 -4.875000 3.150000
v -6.125000 -4.975000 3.150000
v -6.125000 -4.975000 3.100000
v -6.125000 5.575000 3.100000
v -6.125000 5.575000 3.150000
v -6.125000 5.525000 3.150000
v 6.675000 -4.975000 3.150000
v 6.725000 -4.975000 3.150000
v 6.725000 -4.975000 3.100000
v 6.675000 -4.975000 3.100000
v -6.175000 -5.025000 3.100000
v -6.175000 -5.025000 3.050000
v -6.175000 5.575000 3.050000
v -6.175000 5.575000 3.100000
v -6.175000 5.525000 3.100000
v 6.675000 -5.025000 3.100000
v 6.725000 -5.025000 3.100000
v 6.725000 -5.025000 3.050000
v 6.675000 -5.025000 3.050000
v -6.275000 -5.125000 3.050000
v -6.275000 -5.125000 3.000000
v -6.275000 5.575000 3.000000
v -6.275000 5.575000 3.050000
v -6.275000 5.525000 3.050000
v 6.675000 -5.125000 3.050000
v 6.725000 -5.125000 3.050000
v 6.725000 -5.125000 3.000000
v 6.675000 -5.125000 3.000000
v -6.375000 -5.225000 3.000000
v -6.375000 -5.225000 2.950000
v -6.375000 5.575000 2.950000
v -6.375000 5.575000 3.000000
v -6.375000 5.525000 3.000000
v 6.675000 -5.225000 3.000000
v 6.725000 -5.225000 3.000000
v 6.725000 -5.225000 2.950000
v 6.675000 -5.225000 2.950000
v -6.475000 -5.325000 2.950000
v -6.475000 -5.325000 2.900000
v -6.475000 5.575000 2.900000
v -6.475000 5.575000 2.950000
v -6.475000 5.525000 2.950000
v 6.675000 -5.325000 2.950000
v 6.725000 -5.325000 2.950000
v 6.725000 -5.325000 2.900000
v 6.675000 -5.325000 2.900000
v 6.425000 -3.025000 0.450000
v 6.425000 -3.025000 2.150000
v 6.425000 -3.025000 2.200000
v 6.425000 -2.575000 2.200000
v 6.425000 -2.525000 2.200000
v 6.425000 -2.525000 0.450000
v 6.425000 -2.575000 0.450000
v 6.525000 -2.525000 2.200000
v 6.525000 -2.525000 0.450000
v 6.475000 -2.525000 0.450000
v -6.425000 -1.675000 0.000000
v -6.425000 -0.575000 0.000000
v -6.425000 -0.575000 2.100000
v -6.425000 -0.575000 2.150000
v -6.425000 -1.675000 2.150000
v -6.425000 -1.675000 2.100000
v -6.375000 -1.675000 2.150000
v -6.325000 -1.675000 2.150000
v -6.325000 -1.675000 0.000000
v -6.375000 -1.675000 0.000000
v -6.325000 -5.175000 0.000000
v -6.325000 -1.725000 0.000000
v -6.325000 -0.575000 2.150000
v -6.325000 -0.575000 0.000000
v -6.325000 5.375000 0.000000
v -6.325000 5.375000 2.800000
v -6.325000 5.375000 2.850000
v -6.325000 -5.175000 2.850000
v -6.325000 -5.175000 2.800000
v -6.325000 0.325000 2.200000
v -6.325000 0.725000 2.200000
v -6.325000 0.775000 2.200000
v -6.325000 0.775000 0.450000
v -6.325000 0.325000 0.450000
v -6.325000 0.325000 0.500000
v -6.325000 0.325000 2.150000
v -6.325000 -2.475000 0.450000
v -6.325000 -2.475000 2.150000
v -6.325000 -2.475000 2.200000
v -6.325000 -2.075000 2.200000
v -6.325000 -2.025000 2.200000
v -6.325000 -2.025000 0.450000
v -6.325000 -2.075000 0.450000
v -6.325000 -0.375000 2.200000
v -6.325000 0.025000 2.200000
v -6.325000 0.075000 2.200000
v -6.325000 0.075000 0.450000
v -6.325000 -0.375000 0.450000
v -6.325000 -0.375000 0.500000
v -6.325000 -0.375000 2.150000
v 6.525000 -5.175000 2.850000
v 6.525000 -5.175000 0.000000
v 6.475000 -5.175000 0.000000
v 1.375000 -5.175000 0.050000
v 2.375000 -5.175000 0.050000
v 2.425000 -5.175000 0.050000
v 2.425000 -5.175000 2.150000
v 1.375000 -5.175000 2.150000
v 1.375000 -5.175000 2.100000
v 5.375000 -5.175000 0.450000
v 5.775000 -5.175000 0.450000
v 5.825000 -5.175000 0.450000
v 5.825000 -5.175000 2.150000
v 5.825000 -5.175000 2.200000
v 5.375000 -5.175000 2.200000
v 5.375000 -5.175000 2.150000
v 4.475000 -5.175000 0.450000
v 4.875000 -5.175000 0.450000
v 4.925000 -5.175000 0.450000
v 4.925000 -5.175000 2.150000
v 4.925000 -5.175000 2.200000
v 4.475000 -5.175000 2.200000
v 4.475000 -5.175000 2.150000
v -1.625000 -5.175000 1.650000
v -0.725000 -5.175000 1.650000
v -0.675000 -5.175000 1.650000
v -0.675000 -5.175000 2.050000
v -0.675000 -5.175000 2.100000
v -1.625000 -5.175000 2.100000
v -1.625000 -5.175000 2.050000
v -3.475000 -5.175000 1.650000
v -2.575000 -5.175000 1.650000
v -2.525000 -5.175000 1.650000
v -2.525000 -5.175000 2.050000
v -2.525000 -5.175000 2.100000
v -3.475000 -5.175000 2.100000
v -3.475000 -5.175000 2.050000
v -5.275000 -5.175000 1.650000
v -4.375000 -5.175000 1.650000
v -4.325000 -5.175000 1.650000
v -4.325000 -5.175000 2.050000
v -4.325000 -5.175000 2.100000
v -5.275000 -5.175000 2.100000
v -5.275000 -5.175000 2.050000
v 6.525000 -5.125000 2.850000
v 6.525000 -5.125000 2.900000
v 6.525000 -5.075000 2.900000
v 6.525000 -5.075000 2.950000
v 6.525000 -5.025000 2.950000
v 6.525000 -4.975000 2.950000
v 6.525000 -4.975000 3.000000
v 6.525000 -4.925000 3.000000
v 6.525000 -4.875000 3.000000
v 6.525000 -4.875000 3.050000
v 6.525000 -4.825000 3.050000
v 6.525000 -4.825000 3.100000
v 6.525000 -4.775000 3.100000
v 6.525000 -4.725000 3.100000
v 6.525000 -4.725000 3.150000
v 6.525000 -4.675000 3.150000
v 6.525000 -4.625000 3.150000
v 6.525000 -4.625000 3.200000
v 6.525000 -4.575000 3.200000
v 6.525000 -4.525000 3.200000
v 6.525000 -4.525000 3.250000
v 6.525000 -4.475000 3.250000
v 6.525000 -4.475000 3.300000
v 6.525000 -4.425000 3.300000
v 6.525000 -4.375000 3.300000
v 6.525000 -4.375000 3.350000
v 6.525000 -4.325000 3.350000
v 6.525000 -4.275000 3.350000
v 6.525000 -4.275000 3.400000
v 6.525000 -4.225000 3.400000
v 6.525000 -4.175000 3.400000
v 6.525000 -4.175000 3.450000
v 6.525000 -4.125000 3.450000
v 6.525000 -4.125000 3.500000
v 6.525000 -4.075000 3.500000
v 6.525000 -4.025000 3.500000
v 6.525000 -4.025000 3.550000
v 6.525000 -3.975000 3.550000
v 6.525000 -3.925000 3.550000
v 6.525000 -3.925000 3.600000
v 6.525000 -3.875000 3.600000
v 6.525000 -3.875000 3.650000
v 6.525000 -3.825000 3.650000
v 6.525000 -3.775000 3.650000
v 6.525000 -3.775000 3.700000
v 6.525000 -3.725000 3.700000
v 6.525000 -3.675000 3.700000
v 6.525000 -3.675000 3.750000
v 6.525000 -3.625000 3.750000
v 6.525000 -3.575000 3.750000
v 6.525000 -3.575000 3.800000
v 6.525000 -3.525000 3.800000
v 6.525000 -3.525000 3.850000
v 6.525000 -3.475000 3.850000
v 6.525000 -3.425000 3.850000
v 6.525000 -3.425000 3.900000
v 6.525000 -3.375000 3.900000
v 6.525000 -3.325000 3.900000
v 6.525000 -3.325000 3.950000
v 6.525000 -3.275000 3.950000
v 6.525000 -3.225000 3.950000
v 6.525000 -3.225000 4.000000
v 6.525000 -3.175000 4.000000
v 6.525000 -3.175000 4.050000
v 6.525000 -3.125000 4.050000
v 6.525000 -3.075000 4.050000
v 6.525000 -3.075000 4.100000
v 6.525000 -3.025000 4.100000
v 6.525000 -2.975000 4.100000
v 6.525000 -2.975000 4.150000
v 6.525000 -2.925000 4.150000
v 6.525000 -2.875000 4.150000
v 6.525000 -2.875000 4.200000
v 6.525000 -2.825000 4.200000
v 6.525000 -2.825000 4.250000
v 6.525000 -2.775000 4.250000
v 6.525000 -2.725000 4.250000
v 6.525000 -2.725000 4.300000
v 6.525000 -2.675000 4.300000
v 6.525000 -2.625000 4.300000
v 6.525000 -2.625000 4.350000
v 6.525000 -2.575000 4.350000
v 6.525000 -2.575000 4.400000
v 6.525000 -2.525000 4.400000
v 6.525000 -2.475000 4.400000
v 6.525000 -2.475000 4.450000
v 6.525000 -2.425000 4.450000
v 6.525000 -2.375000 4.450000
v 6.525000 -2.375000 4.500000
v 6.525000 -2.225000 4.500000
v 6.525000 -2.175000 4.500000
v 6.525000 -2.175000 4.450000
v 6.525000 -2.125000 4.450000
v 6.525000 -2.125000 4.400000
v 6.525000 -2.075000 4.400000
v 6.525000 -2.025000 4.400000
v 6.525000 -2.025000 4.350000
v 6.525000 -1.975000 4.350000
v 6.525000 -1.925000 4.350000
v 6.525000 -1.925000 4.300000
v 6.525000 -1.875000 4.300000
v 6.525000 -1.825000 4.300000
v 6.525000 -1.825000 4.250000
v 6.525000 -1.775000 4.250000
v 6.525000 -1.775000 4.200000
v 6.525000 -1.725000 4.200000
v 6.525000 -1.675000 4.200000
v 6.525000 -1.675000 4.150000
v 6.525000 -1.625000 4.150000
v 6.525000 -1.575000 4.150000
v 6.525000 -1.575000 4.100000
v 6.525000 -1.525000 4.100000
v 6.525000 -1.475000 4.100000
v 6.525000 -1.475000 4.050000
v 6.525000 -1.425000 4.050000
v 6.525000 -1.425000 4.000000
v 6.525000 -1.375000 4.000000
v 6.525000 -1.325000 4.000000
v 6.525000 -1.325000 3.950000
v 6.525000 -1.275000 3.950000
v 6.525000 -1.225000 3.950000
v 6.525000 -1.225000 3.900000
v 6.525000 -1.175000 3.900000
v 6.525000 -1.175000 3.850000
v 6.525000 -1.125000 3.850000
v 6.525000 -1.075000 3.850000
v 6.525000 -1.075000 3.800000
v 6.525000 -1.025000 3.800000
v 6.525000 -0.975000 3.800000
v 6.525000 -0.975000 3.750000
v 6.525000 -0.925000 3.750000
v 6.525000 -0.875000 3.750000
v 6.525000 -0.875000 3.700000
v 6.525000 -0.825000 3.700000
v 6.525000 -0.825000 3.650000
v 6.525000 -0.775000 3.650000
v 6.525000 -0.725000 3.650000
v 6.525000 -0.725000 3.600000
v 6.525000 -0.675000 3.600000
v 6.525000 -0.625000 3.600000
v 6.525000 -0.625000 3.550000
v 6.525000 -0.575000 3.550000
v 6.525000 -0.525000 3.550000
v 6.525000 -0.525000 3.500000
v 6.525000 -0.475000 3.500000
v 6.525000 -0.475000 3.450000
v 6.525000 -0.425000 3.450000
v 6.525000 -0.375000 3.450000
v 6.525000 -0.375000 3.400000
v 6.525000 -0.325000 3.400000
v 6.525000 -0.275000 3.400000
v 6.525000 -0.275000 3.350000
v 6.525000 -0.225000 3.350000
v 6.525000 -0.175000 3.350000
v 6.525000 -0.175000 3.300000
v 6.525000 -0.125000 3.300000
v 6.525000 -0.125000 3.250000
v 6.525000 -0.075000 3.250000
v 6.525000 -0.025000 3.250000
v 6.525000 -0.025000 3.200000
v 6.525000 0.025000 3.200000
v 6.525000 0.075000 3.200000
v 6.525000 0.075000 3.150000
v 6.525000 0.125000 3.150000
v 6.525000 0.125000 3.100000
v 6.525000 0.175000 3.100000
v 6.525000 0.225000 3.100000
v 6.525000 0.225000 3.050000
v 6.525000 0.275000 3.050000
v 6.525000 0.325000 3.050000
v 6.525000 0.325000 3.000000
v 6.525000 0.375000 3.000000
v 6.525000 0.425000 3.000000
v 6.525000 0.425000 2.950000
v 6.525000 0.475000 2.950000
v 6.525000 0.475000 2.900000
v 6.525000 0.525000 2.900000
v 6.525000 0.575000 2.900000
v 6.525000 0.575000 2.850000
v 6.525000 0.575000 0.000000
v 6.525000 -3.025000 0.450000
v 6.525000 -3.025000 2.200000
v 6.525000 -3.025000 2.150000
v 2.425000 -5.225000 0.050000
v 2.425000 -5.225000 0.100000
v 2.425000 -5.275000 0.100000
v 2.425000 -5.275000 2.100000
v 2.425000 -5.225000 2.100000
v 2.425000 -5.225000 2.150000
v 1.375000 -5.225000 0.100000
v 1.375000 -5.225000 0.050000
v 1.375000 -5.225000 2.150000
v 1.375000 -5.225000 2.100000
v 1.375000 -5.275000 2.100000
v 1.375000 -5.275000 0.100000
v 5.825000 -5.125000 0.450000
v 5.825000 -5.125000 2.200000
v 5.375000 -5.125000 2.200000
v 5.375000 -5.125000 0.450000
v 4.925000 -5.125000 0.450000
v 4.925000 -5.125000 2.200000
v 4.475000 -5.125000 2.200000
v 4.475000 -5.125000 0.450000
v -0.675000 -5.125000 1.650000
v -0.675000 -5.125000 2.100000
v -1.625000 -5.125000 2.100000
v -1.625000 -5.125000 1.650000
v -2.525000 -5.125000 1.650000
v -2.525000 -5.125000 2.100000
v -3.475000 -5.125000 2.100000
v -3.475000 -5.125000 1.650000
v -4.325000 -5.125000 1.650000
v -4.325000 -5.125000 2.100000
v -5.275000 -5.125000 2.100000
v -5.275000 -5.125000 1.650000
v 2.375000 -5.225000 0.100000
v 2.375000 -5.225000 0.050000
v 2.375000 -5.275000 2.100000
v 2.375000 -5.275000 0.100000
v 4.875000 -5.125000 2.200000
v 4.875000 -5.125000 0.450000
v 5.775000 -5.125000 2.200000
v 5.775000 -5.125000 0.450000
v -6.275000 -2.025000 2.200000
v -6.275000 -2.025000 0.450000
v -6.275000 -2.475000 0.450000
v -6.275000 -2.475000 2.200000
v -6.275000 -2.475000 2.150000
v -6.275000 0.075000 2.200000
v -6.275000 0.075000 0.450000
v -6.275000 -0.375000 0.450000
v -6.275000 -0.375000 2.200000
v -6.275000 -0.375000 2.150000
v -6.275000 0.775000 2.200000
v -6.275000 0.775000 0.450000
v -6.275000 0.325000 0.450000
v -6.275000 0.325000 2.200000
v -6.275000 0.325000 2.150000
v -4.375000 -5.125000 2.100000
v -4.375000 -5.125000 1.650000
v -2.575000 -5.125000 2.100000
v -2.575000 -5.125000 1.650000
v -0.725000 -5.125000 2.100000
v -0.725000 -5.125000 1.650000
v 2.375000 -5.225000 2.150000
v 2.375000 -5.225000 2.100000
v 6.725000 0.575000 2.900000
v 6.725000 0.575000 2.850000
v 6.675000 0.575000 2.850000
v -6.525000 -5.375000 2.900000
v -6.525000 -5.375000 2.850000
v -6.525000 5.575000 2.850000
v -6.525000 5.575000 2.900000
v -6.525000 5.525000 2.900000
v 6.675000 -5.375000 2.900000
v 6.725000 -5.375000 2.900000
v 6.725000 -5.375000 2.850000
v 6.675000 -5.375000 2.850000
v 0.575000 0.675000 2.850000
v 0.575000 0.675000 2.800000
v 0.575000 5.525000 2.800000
v 0.575000 5.575000 2.800000
v 0.575000 5.575000 2.850000
v 0.575000 5.525000 2.850000
v 6.725000 0.675000 2.850000
v 6.725000 0.675000 2.800000
v 6.675000 0.675000 2.800000
v -6.625000 -5.475000 2.850000
v -6.625000 -5.475000 2.800000
v -6.625000 5.575000 2.800000
v -6.625000 5.575000 2.850000
v -6.625000 5.525000 2.850000
v 6.675000 -5.475000 2.850000
v 6.725000 -5.475000 2.850000
v 6.725000 -5.475000 2.800000
v 6.675000 -5.475000 2.800000
v 0.625000 0.775000 2.800000
v 0.625000 0.775000 2.750000
v 0.625000 5.525000 2.750000
v 0.625000 5.575000 2.750000
v 0.625000 5.575000 2.800000
v 0.625000 5.525000 2.800000
v 6.725000 0.775000 2.800000
v 6.725000 0.775000 2.750000
v 6.675000 0.775000 2.750000
v 0.725000 0.825000 2.750000
v 0.725000 0.825000 2.700000
v 0.725000 5.525000 2.700000
v 0.725000 5.575000 2.700000
v 0.725000 5.575000 2.750000
v 0.725000 5.525000 2.750000
v 6.725000 0.825000 2.750000
v 6.725000 0.825000 2.700000
v 6.675000 0.825000 2.700000
v 0.825000 0.925000 2.700000
v 0.825000 0.925000 2.650000
v 0.825000 5.525000 2.650000
v 0.825000 5.575000 2.650000
v 0.825000 5.575000 2.700000
v 0.825000 5.525000 2.700000
v 6.725000 0.925000 2.700000
v 6.725000 0.925000 2.650000
v 6.675000 0.925000 2.650000
v -6.725000 -5.575000 2.650000
v -6.725000 5.525000 2.650000
v -6.725000 5.575000 2.650000
v -6.725000 5.575000 2.750000
v -6.725000 5.575000 2.800000
v -6.725000 -5.575000 2.800000
v -6.725000 -5.575000 2.750000
v 6.675000 -5.575000 2.800000
v 6.725000 -5.575000 2.800000
v 6.725000 -5.575000 2.650000
v 6.675000 -5.575000 2.650000
v 6.725000 -2.225000 4.650000
v 6.725000 -2.225000 4.600000
v 6.725000 -2.125000 4.600000
v 6.725000 -2.125000 4.550000
v 6.725000 -2.025000 4.550000
v 6.725000 -2.025000 4.500000
v 6.725000 -1.975000 4.500000
v 6.725000 -1.975000 4.450000
v 6.725000 -1.875000 4.450000
v 6.725000 -1.875000 4.400000
v 6.725000 -1.775000 4.400000
v 6.725000 -1.775000 4.350000
v 6.725000 -1.675000 4.350000
v 6.725000 -1.675000 4.300000
v 6.725000 -1.625000 4.300000
v 6.725000 -1.625000 4.250000
v 6.725000 -1.525000 4.250000
v 6.725000 -1.525000 4.200000
v 6.725000 -1.425000 4.200000
v 6.725000 -1.425000 4.150000
v 6.725000 -1.325000 4.150000
v 6.725000 -1.325000 4.100000
v 6.725000 -1.275000 4.100000
v 6.725000 -1.275000 4.050000
v 6.725000 -1.175000 4.050000
v 6.725000 -1.175000 4.000000
v 6.725000 -1.075000 4.000000
v 6.725000 -1.075000 3.950000
v 6.725000 -0.975000 3.950000
v 6.725000 -0.975000 3.900000
v 6.725000 -0.925000 3.900000
v 6.725000 -0.925000 3.850000
v 6.725000 -0.825000 3.850000
v 6.725000 -0.825000 3.800000
v 6.725000 -0.725000 3.800000
v 6.725000 -0.725000 3.750000
v 6.725000 -0.675000 3.750000
v 6.725000 -0.675000 3.700000
v 6.725000 -0.575000 3.700000
v 6.725000 -0.575000 3.650000
v 6.725000 -0.475000 3.650000
v 6.725000 -0.475000 3.600000
v 6.725000 -0.375000 3.600000
v 6.725000 -0.375000 3.550000
v 6.725000 -0.325000 3.550000
v 6.725000 -0.325000 3.500000
v 6.725000 -0.225000 3.500000
v 6.725000 -0.225000 3.450000
v 6.725000 -0.125000 3.450000
v 6.725000 -0.125000 3.400000
v 6.725000 -0.025000 3.400000
v 6.725000 -0.025000 3.350000
v 6.725000 0.025000 3.350000
v 6.725000 0.025000 3.300000
v 6.725000 0.125000 3.300000
v 6.725000 0.125000 3.250000
v 6.725000 0.225000 3.250000
v 6.725000 0.225000 3.200000
v 6.725000 0.325000 3.200000
v 6.725000 0.325000 3.150000
v 6.725000 0.375000 3.150000
v 6.725000 0.375000 3.100000
v 6.725000 0.475000 3.100000
v 6.725000 0.475000 3.050000
v 6.725000 0.575000 3.050000
v 6.725000 0.575000 3.000000
v 6.725000 0.625000 3.000000
v 6.725000 0.625000 2.950000
v 6.725000 0.725000 2.950000
v 6.725000 0.725000 2.900000
v 6.725000 0.825000 2.900000
v 6.725000 0.825000 2.850000
v 6.725000 0.925000 2.850000
v 6.725000 0.925000 2.800000
v 6.725000 0.975000 2.800000
v 6.725000 0.975000 2.750000
v 6.725000 1.025000 2.750000
v 6.725000 1.025000 2.700000
v 6.725000 0.475000 2.900000
v 6.725000 0.475000 2.950000
v 6.725000 0.425000 2.950000
v 6.725000 0.425000 3.000000
v 6.725000 0.325000 3.000000
v 6.725000 0.325000 3.050000
v 6.725000 0.225000 3.050000
v 6.725000 0.225000 3.100000
v 6.725000 0.125000 3.100000
v 6.725000 0.125000 3.150000
v 6.725000 0.075000 3.150000
v 6.725000 0.075000 3.200000
v 6.725000 -0.025000 3.200000
v 6.725000 -0.025000 3.250000
v 6.725000 -0.125000 3.250000
v 6.725000 -0.125000 3.300000
v 6.725000 -0.175000 3.300000
v 6.725000 -0.175000 3.350000
v 6.725000 -0.275000 3.350000
v 6.725000 -0.275000 3.400000
v 6.725000 -0.375000 3.400000
v 6.725000 -0.375000 3.450000
v 6.725000 -0.475000 3.450000
v 6.725000 -0.475000 3.500000
v 6.725000 -0.525000 3.500000
v 6.725000 -0.525000 3.550000
v 6.725000 -0.625000 3.550000
v 6.725000 -0.625000 3.600000
v 6.725000 -0.725000 3.600000
v 6.725000 -0.725000 3.650000
v 6.725000 -0.825000 3.650000
v 6.725000 -0.825000 3.700000
v 6.725000 -0.875000 3.700000
v 6.725000 -0.875000 3.750000
v 6.725000 -0.975000 3.750000
v 6.725000 -0.975000 3.800000
v 6.725000 -1.075000 3.800000
v 6.725000 -1.075000 3.850000
v 6.725000 -1.175000 3.850000
v 6.725000 -1.175000 3.900000
v 6.725000 -1.225000 3.900000
v 6.725000 -1.225000 3.950000
v 6.725000 -1.325000 3.950000
v 6.725000 -1.325000 4.000000
v 6.725000 -1.425000 4.000000
v 6.725000 -1.425000 4.050000
v 6.725000 -1.475000 4.050000
v 6.725000 -1.475000 4.100000
v 6.725000 -1.575000 4.100000
v 6.725000 -1.575000 4.150000
v 6.725000 -1.675000 4.150000
v 6.725000 -1.675000 4.200000
v 6.725000 -1.775000 4.200000
v 6.725000 -1.775000 4.250000
v 6.725000 -1.825000 4.250000
v 6.725000 -1.825000 4.300000
v 6.725000 -1.925000 4.300000
v 6.725000 -1.925000 4.350000
v 6.725000 -2.025000 4.350000
v 6.725000 -2.025000 4.400000
v 6.725000 -2.125000 4.400000
v 6.725000 -2.125000 4.450000
v 6.725000 -2.175000 4.450000
v 6.725000 -2.175000 4.500000
v 6.725000 -2.375000 4.500000
v 6.725000 -2.375000 4.450000
v 6.725000 -2.475000 4.450000
v 6.725000 -2.475000 4.400000
v 6.725000 -2.575000 4.400000
v 6.725000 -2.575000 4.350000
v 6.725000 -2.625000 4.350000
v 6.725000 -2.625000 4.300000
v 6.725000 -2.725000 4.300000
v 6.725000 -2.725000 4.250000
v 6.725000 -2.825000 4.250000
v 6.725000 -2.825000 4.200000
v 6.725000 -2.875000 4.200000
v 6.725000 -2.875000 4.150000
v 6.725000 -2.975000 4.150000
v 6.725000 -2.975000 4.100000
v 6.725000 -3.075000 4.100000
v 6.725000 -3.075000 4.050000
v 6.725000 -3.175000 4.050000
v 6.725000 -3.175000 4.000000
v 6.725000 -3.225000 4.000000
v 6.725000 -3.225000 3.950000
v 6.725000 -3.325000 3.950000
v 6.725000 -3.325000 3.900000
v 6.725000 -3.425000 3.900000
v 6.725000 -3.425000 3.850000
v 6.725000 -3.525000 3.850000
v 6.725000 -3.525000 3.800000
v 6.725000 -3.575000 3.800000
v 6.725000 -3.575000 3.750000
v 6.725000 -3.675000 3.750000
v 6.725000 -3.675000 3.700000
v 6.725000 -3.775000 3.700000
v 6.725000 -3.775000 3.650000
v 6.725000 -3.875000 3.650000
v 6.725000 -3.875000 3.600000
v 6.725000 -3.925000 3.600000
v 6.725000 -3.925000 3.550000
v 6.725000 -4.025000 3.550000
v 6.725000 -4.025000 3.500000
v 6.725000 -4.125000 3.500000
v 6.725000 -4.125000 3.450000
v 6.725000 -4.175000 3.450000
v 6.725000 -4.175000 3.400000
v 6.725000 -4.275000 3.400000
v 6.725000 -4.275000 3.350000
v 6.725000 -4.375000 3.350000
v 6.725000 -4.375000 3.300000
v 6.725000 -4.475000 3.300000
v 6.725000 -4.475000 3.250000
v 6.725000 -4.525000 3.250000
v 6.725000 -4.525000 3.200000
v 6.725000 -4.625000 3.200000
v 6.725000 -4.625000 3.150000
v 6.725000 -4.725000 3.150000
v 6.725000 -4.725000 3.100000
v 6.725000 -4.825000 3.100000
v 6.725000 -4.825000 3.050000
v 6.725000 -4.875000 3.050000
v 6.725000 -4.875000 3.000000
v 6.725000 -4.975000 3.000000
v 6.725000 -4.975000 2.950000
v 6.725000 -5.075000 2.950000
v 6.725000 -5.075000 2.900000
v 6.725000 -5.125000 2.900000
v 6.725000 -5.125000 2.850000
v 6.725000 -5.225000 2.850000
v 6.725000 -5.225000 2.800000
v 6.725000 -5.325000 2.800000
v 6.725000 -5.325000 2.750000
v 6.725000 -5.425000 2.750000
v 6.725000 -5.425000 2.700000
v 6.725000 -5.525000 2.650000
v 6.675000 0.475000 2.950000
v 6.675000 0.475000 2.900000
v 6.675000 0.425000 2.950000
v 6.675000 0.325000 3.000000
v 6.675000 0.225000 3.050000
v 6.675000 0.125000 3.150000
v 6.675000 0.125000 3.100000
v 6.675000 0.075000 3.150000
v 6.675000 -0.025000 3.200000
v 6.675000 -0.125000 3.300000
v 6.675000 -0.125000 3.250000
v 6.675000 -0.175000 3.300000
v 6.675000 -0.275000 3.350000
v 6.675000 -0.375000 3.400000
v 6.675000 -0.475000 3.500000
v 6.675000 -0.475000 3.450000
v 6.675000 -0.525000 3.500000
v 6.675000 -0.625000 3.550000
v 6.675000 -0.725000 3.600000
v 6.675000 -0.825000 3.700000
v 6.675000 -0.825000 3.650000
v 6.675000 -0.875000 3.700000
v 6.675000 -0.975000 3.750000
v 6.675000 -1.075000 3.800000
v 6.675000 -1.175000 3.900000
v 6.675000 -1.175000 3.850000
v 6.675000 -1.225000 3.900000
v 6.675000 -1.325000 3.950000
v 6.675000 -1.425000 4.050000
v 6.675000 -1.425000 4.000000
v 6.675000 -1.475000 4.050000
v 6.675000 -1.575000 4.100000
v 6.675000 -1.675000 4.150000
v 6.675000 -1.775000 4.250000
v 6.675000 -1.775000 4.200000
v 6.675000 -1.825000 4.250000
v 6.675000 -1.925000 4.300000
v 6.675000 -2.025000 4.350000
v 6.675000 -2.125000 4.450000
v 6.675000 -2.125000 4.400000
v 6.675000 -2.175000 4.450000
v 0.525000 5.375000 2.850000
v 0.525000 5.375000 0.000000
v 0.525000 5.325000 0.000000
v 1.575000 0.575000 1.650000
v 1.575000 0.575000 2.050000
v 1.575000 0.575000 2.100000
v 2.575000 0.575000 1.650000
v 2.575000 0.575000 2.100000
v 2.575000 0.575000 2.050000
v 0.475000 5.375000 2.850000
v 0.475000 5.375000 2.900000
v 0.375000 5.375000 2.900000
v 0.375000 5.375000 2.950000
v 0.275000 5.375000 2.950000
v 0.275000 5.375000 3.000000
v 0.225000 5.375000 3.000000
v 0.225000 5.375000 3.050000
v 0.125000 5.375000 3.050000
v 0.125000 5.375000 3.100000
v 0.025000 5.375000 3.100000
v 0.025000 5.375000 3.150000
v -0.025000 5.375000 3.150000
v -0.025000 5.375000 3.200000
v -0.125000 5.375000 3.200000
v -0.125000 5.375000 3.250000
v -0.225000 5.375000 3.250000
v -0.225000 5.375000 3.300000
v -0.325000 5.375000 3.300000
v -0.325000 5.375000 3.350000
v -0.375000 5.375000 3.350000
v -0.375000 5.375000 3.400000
v -0.475000 5.375000 3.400000
v -0.475000 5.375000 3.450000
v -0.575000 5.375000 3.450000
v -0.575000 5.375000 3.500000
v -0.675000 5.375000 3.500000
v -0.675000 5.375000 3.550000
v -0.725000 5.375000 3.550000
v -0.725000 5.375000 3.600000
v -0.825000 5.375000 3.600000
v -0.825000 5.375000 3.650000
v -0.925000 5.375000 3.650000
v -0.925000 5.375000 3.700000
v -1.025000 5.375000 3.700000
v -1.025000 5.375000 3.750000
v -1.075000 5.375000 3.750000
v -1.075000 5.375000 3.800000
v -1.175000 5.375000 3.800000
v -1.175000 5.375000 3.850000
v -1.275000 5.375000 3.850000
v -1.275000 5.375000 3.900000
v -1.325000 5.375000 3.900000
v -1.325000 5.375000 3.950000
v -1.425000 5.375000 3.950000
v -1.425000 5.375000 4.000000
v -1.525000 5.375000 4.000000
v -1.525000 5.375000 4.050000
v -1.625000 5.375000 4.050000
v -1.625000 5.375000 4.100000
v -1.675000 5.375000 4.100000
v -1.675000 5.375000 4.150000
v -1.775000 5.375000 4.150000
v -1.775000 5.375000 4.200000
v -1.875000 5.375000 4.200000
v -1.875000 5.375000 4.250000
v -1.975000 5.375000 4.250000
v -1.975000 5.375000 4.300000
v -2.025000 5.375000 4.300000
v -2.025000 5.375000 4.350000
v -2.125000 5.375000 4.350000
v -2.125000 5.375000 4.400000
v -2.225000 5.375000 4.400000
v -2.225000 5.375000 4.450000
v -2.325000 5.375000 4.450000
v -2.325000 5.375000 4.500000
v -2.375000 5.375000 4.500000
v -2.375000 5.375000 4.550000
v -2.475000 5.375000 4.550000
v -2.475000 5.375000 4.600000
v -2.575000 5.375000 4.600000
v -2.575000 5.375000 4.650000
v -2.625000 5.375000 4.650000
v -2.625000 5.375000 4.700000
v -2.725000 5.375000 4.700000
v -2.725000 5.375000 4.750000
v -2.825000 5.375000 4.750000
v -2.825000 5.375000 4.800000
v -3.025000 5.375000 4.800000
v -3.025000 5.375000 4.750000
v -3.075000 5.375000 4.750000
v -3.075000 5.375000 4.700000
v -3.175000 5.375000 4.700000
v -3.175000 5.375000 4.650000
v -3.275000 5.375000 4.650000
v -3.275000 5.375000 4.600000
v -3.375000 5.375000 4.600000
v -3.375000 5.375000 4.550000
v -3.425000 5.375000 4.550000
v -3.425000 5.375000 4.500000
v -3.525000 5.375000 4.500000
v -3.525000 5.375000 4.450000
v -3.625000 5.375000 4.450000
v -3.625000 5.375000 4.400000
v -3.725000 5.375000 4.400000
v -3.725000 5.375000 4.350000
v -3.775000 5.375000 4.350000
v -3.775000 5.375000 4.300000
v -3.875000 5.375000 4.300000
v -3.875000 5.375000 4.250000
v -3.975000 5.375000 4.250000
v -3.975000 5.375000 4.200000
v -4.025000 5.375000 4.200000
v -4.025000 5.375000 4.150000
v -4.125000 5.375000 4.150000
v -4.125000 5.375000 4.100000
v -4.225000 5.375000 4.100000
v -4.225000 5.375000 4.050000
v -4.325000 5.375000 4.050000
v -4.325000 5.375000 4.000000
v -4.375000 5.375000 4.000000
v -4.375000 5.375000 3.950000
v -4.475000 5.375000 3.950000
v -4.475000 5.375000 3.900000
v -4.575000 5.375000 3.900000
v -4.575000 5.375000 3.850000
v -4.675000 5.375000 3.850000
v -4.675000 5.375000 3.800000
v -4.725000 5.375000 3.800000
v -4.725000 5.375000 3.750000
v -4.825000 5.375000 3.750000
v -4.825000 5.375000 3.700000
v -4.925000 5.375000 3.700000
v -4.925000 5.375000 3.650000
v -5.025000 5.375000 3.650000
v -5.025000 5.375000 3.600000
v -5.075000 5.375000 3.600000
v -5.075000 5.375000 3.550000
v -5.175000 5.375000 3.550000
v -5.175000 5.375000 3.500000
v -5.275000 5.375000 3.500000
v -5.275000 5.375000 3.450000
v -5.325000 5.375000 3.450000
v -5.325000 5.375000 3.400000
v -5.425000 5.375000 3.400000
v -5.425000 5.375000 3.350000
v -5.525000 5.375000 3.350000
v -5.525000 5.375000 3.300000
v -5.625000 5.375000 3.300000
v -5.625000 5.375000 3.250000
v -5.675000 5.375000 3.250000
v -5.675000 5.375000 3.200000
v -5.775000 5.375000 3.200000
v -5.775000 5.375000 3.150000
v -5.875000 5.375000 3.150000
v -5.875000 5.375000 3.100000
v -5.975000 5.375000 3.100000
v -5.975000 5.375000 3.050000
v -6.025000 5.375000 3.050000
v -6.025000 5.375000 3.000000
v -6.125000 5.375000 3.000000
v -6.125000 5.375000 2.950000
v -6.225000 5.375000 2.950000
v -6.225000 5.375000 2.900000
v -6.275000 5.375000 2.900000
v -6.275000 5.375000 2.850000
v -4.775000 5.375000 2.000000
v -4.775000 5.375000 0.850000
v -3.625000 5.375000 2.000000
v -3.575000 5.375000 2.000000
v -3.575000 5.375000 0.850000
v -3.625000 5.375000 0.850000
v -2.125000 5.375000 2.000000
v -2.125000 5.375000 0.850000
v -1.025000 5.375000 2.000000
v -0.975000 5.375000 2.000000
v -0.975000 5.375000 0.850000
v -1.025000 5.375000 0.850000
v 0.475000 5.575000 2.850000
v 0.475000 5.575000 2.900000
v 0.475000 5.525000 2.900000
v 0.375000 5.525000 2.900000
v 0.375000 5.575000 2.900000
v 0.375000 5.575000 2.950000
v 0.375000 5.525000 2.950000
v 0.275000 5.525000 2.950000
v 0.275000 5.575000 2.950000
v 0.275000 5.575000 3.000000
v 0.275000 5.525000 3.000000
v 0.225000 5.525000 3.000000
v 0.225000 5.575000 3.000000
v 0.225000 5.575000 3.050000
v 0.225000 5.525000 3.050000
v 0.125000 5.525000 3.050000
v 0.125000 5.575000 3.050000
v 0.125000 5.575000 3.100000
v 0.125000 5.525000 3.100000
v 0.025000 5.525000 3.100000
v 0.025000 5.575000 3.100000
v 0.025000 5.575000 3.150000
v 0.025000 5.525000 3.150000
v -0.025000 5.525000 3.150000
v -0.025000 5.575000 3.150000
v -0.025000 5.575000 3.200000
v -0.025000 5.525000 3.200000
v -0.125000 5.525000 3.200000
v -0.125000 5.575000 3.200000
v -0.125000 5.575000 3.250000
v -0.125000 5.525000 3.250000
v -0.225000 5.525000 3.250000
v -0.225000 5.575000 3.250000
v -0.225000 5.575000 3.300000
v -0.225000 5.525000 3.300000
v -0.325000 5.525000 3.300000
v -0.325000 5.575000 3.300000
v -0.325000 5.575000 3.350000
v -0.325000 5.525000 3.350000
v -0.375000 5.525000 3.350000
v -0.375000 5.575000 3.350000
v -0.375000 5.575000 3.400000
v -0.375000 5.525000 3.400000
v -0.475000 5.525000 3.400000
v -0.475000 5.575000 3.400000
v -0.475000 5.575000 3.450000
v -0.475000 5.525000 3.450000
v -0.575000 5.525000 3.450000
v -0.575000 5.575000 3.450000
v -0.575000 5.575000 3.500000
v -0.575000 5.525000 3.500000
v -0.675000 5.525000 3.500000
v -0.675000 5.575000 3.500000
v -0.675000 5.575000 3.550000
v -0.675000 5.525000 3.550000
v -0.725000 5.525000 3.550000
v -0.725000 5.575000 3.550000
v -0.725000 5.575000 3.600000
v -0.725000 5.525000 3.600000
v -0.825000 5.525000 3.600000
v -0.825000 5.575000 3.600000
v -0.825000 5.575000 3.650000
v -0.825000 5.525000 3.650000
v -0.925000 5.525000 3.650000
v -0.925000 5.575000 3.650000
v -0.925000 5.575000 3.700000
v -0.925000 5.525000 3.700000
v -1.025000 5.525000 3.700000
v -1.025000 5.575000 3.700000
v -1.025000 5.575000 3.750000
v -1.025000 5.525000 3.750000
v -1.075000 5.525000 3.750000
v -1.075000 5.575000 3.750000
v -1.075000 5.575000 3.800000
v -1.075000 5.525000 3.800000
v -1.175000 5.525000 3.800000
v -1.175000 5.575000 3.800000
v -1.175000 5.575000 3.850000
v -1.175000 5.525000 3.850000
v -1.275000 5.525000 3.850000
v -1.275000 5.575000 3.850000
v -1.275000 5.575000 3.900000
v -1.275000 5.525000 3.900000
v -1.325000 5.525000 3.900000
v -1.325000 5.575000 3.900000
v -1.325000 5.575000 3.950000
v -1.325000 5.525000 3.950000
v -1.425000 5.525000 3.950000
v -1.425000 5.575000 3.950000
v -1.425000 5.575000 4.000000
v -1.425000 5.525000 4.000000
v -1.525000 5.525000 4.000000
v -1.525000 5.575000 4.000000
v -1.525000 5.575000 4.050000
v -1.525000 5.525000 4.050000
v -1.625000 5.525000 4.050000
v -1.625000 5.575000 4.050000
v -1.625000 5.575000 4.100000
v -1.625000 5.525000 4.100000
v -1.675000 5.525000 4.100000
v -1.675000 5.575000 4.100000
v -1.675000 5.575000 4.150000
v -1.675000 5.525000 4.150000
v -1.775000 5.525000 4.150000
v -1.775000 5.575000 4.150000
v -1.775000 5.575000 4.200000
v -1.775000 5.525000 4.200000
v -1.875000 5.525000 4.200000
v -1.875000 5.575000 4.200000
v -1.875000 5.575000 4.250000
v -1.875000 5.525000 4.250000
v -1.975000 5.525000 4.250000
v -1.975000 5.575000 4.250000
v -1.975000 5.575000 4.300000
v -1.975000 5.525000 4.300000
v -2.025000 5.525000 4.300000
v -2.025000 5.575000 4.300000
v -2.025000 5.575000 4.350000
v -2.025000 5.525000 4.350000
v -2.125000 5.525000 4.350000
v -2.125000 5.575000 4.350000
v -2.125000 5.575000 4.400000
v -2.125000 5.525000 4.400000
v -2.225000 5.525000 4.400000
v -2.225000 5.575000 4.400000
v -2.225000 5.575000 4.450000
v -2.225000 5.525000 4.450000
v -2.325000 5.525000 4.450000
v -2.325000 5.575000 4.450000
v -2.325000 5.575000 4.500000
v -2.325000 5.525000 4.500000
v -2.375000 5.525000 4.500000
v -2.375000 5.575000 4.500000
v -2.375000 5.575000 4.550000
v -2.375000 5.525000 4.550000
v -2.475000 5.525000 4.550000
v -2.475000 5.575000 4.550000
v -2.475000 5.575000 4.600000
v -2.475000 5.525000 4.600000
v -2.575000 5.525000 4.600000
v -2.575000 5.575000 4.600000
v -2.575000 5.575000 4.650000
v -2.575000 5.525000 4.650000
v -2.625000 5.525000 4.650000
v -2.625000 5.575000 4.650000
v -2.625000 5.575000 4.700000
v -2.625000 5.525000 4.700000
v -2.725000 5.525000 4.700000
v -2.725000 5.575000 4.700000
v -2.725000 5.575000 4.750000
v -2.725000 5.525000 4.750000
v -2.825000 5.525000 4.750000
v -2.825000 5.575000 4.750000
v -2.825000 5.575000 4.800000
v -2.825000 5.525000 4.800000
v -3.025000 5.525000 4.800000
v -3.025000 5.575000 4.800000
v -3.025000 5.575000 4.750000
v -3.025000 5.525000 4.750000
v -3.075000 5.525000 4.750000
v -3.075000 5.575000 4.750000
v -3.075000 5.575000 4.700000
v -3.075000 5.525000 4.700000
v -3.175000 5.525000 4.700000
v -3.175000 5.575000 4.700000
v -3.175000 5.575000 4.650000
v -3.175000 5.525000 4.650000
v -3.275000 5.525000 4.650000
v -3.275000 5.575000 4.650000
v -3.275000 5.575000 4.600000
v -3.275000 5.525000 4.600000
v -3.375000 5.525000 4.600000
v -3.375000 5.575000 4.600000
v -3.375000 5.575000 4.550000
v -3.375000 5.525000 4.550000
v -3.425000 5.525000 4.550000
v -3.425000 5.575000 4.550000
v -3.425000 5.575000 4.500000
v -3.425000 5.525000 4.500000
v -3.525000 5.525000 4.500000
v -3.525000 5.575000 4.500000
v -3.525000 5.575000 4.450000
v -3.525000 5.525000 4.450000
v -3.625000 5.525000 4.450000
v -3.625000 5.575000 4.450000
v -3.625000 5.575000 4.400000
v -3.625000 5.525000 4.400000
v -3.725000 5.525000 4.400000
v -3.725000 5.575000 4.400000
v -3.725000 5.575000 4.350000
v -3.725000 5.525000 4.350000
v -3.775000 5.525000 4.350000
v -3.775000 5.575000 4.350000
v -3.775000 5.575000 4.300000
v -3.775000 5.525000 4.300000
v -3.875000 5.525000 4.300000
v -3.875000 5.575000 4.300000
v -3.875000 5.575000 4.250000
v -3.875000 5.525000 4.250000
v -3.975000 5.525000 4.250000
v -3.975000 5.575000 4.250000
v -3.975000 5.575000 4.200000
v -3.975000 5.525000 4.200000
v -4.025000 5.525000 4.200000
v -4.025000 5.575000 4.200000
v -4.025000 5.575000 4.150000
v -4.025000 5.525000 4.150000
v -4.125000 5.525000 4.150000
v -4.125000 5.575000 4.150000
v -4.125000 5.575000 4.100000
v -4.125000 5.525000 4.100000
v -4.225000 5.525000 4.100000
v -4.225000 5.575000 4.100000
v -4.225000 5.575000 4.050000
v -4.225000 5.525000 4.050000
v -4.325000 5.525000 4.050000
v -4.325000 5.575000 4.050000
v -4.325000 5.575000 4.000000
v -4.325000 5.525000 4.000000
v -4.375000 5.525000 4.000000
v -4.375000 5.575000 4.000000
v -4.375000 5.575000 3.950000
v -4.375000 5.525000 3.950000
v -4.475000 5.525000 3.950000
v -4.475000 5.575000 3.950000
v -4.475000 5.575000 3.900000
v -4.475000 5.525000 3.900000
v -4.575000 5.525000 3.900000
v -4.575000 5.575000 3.900000
v -4.575000 5.575000 3.850000
v -4.575000 5.525000 3.850000
v -4.675000 5.525000 3.850000
v -4.675000 5.575000 3.850000
v -4.675000 5.575000 3.800000
v -4.675000 5.525000 3.800000
v -4.725000 5.525000 3.800000
v -4.725000 5.575000 3.800000
v -4.725000 5.575000 3.750000
v -4.725000 5.525000 3.750000
v -4.825000 5.525000 3.750000
v -4.825000 5.575000 3.750000
v -4.825000 5.575000 3.700000
v -4.825000 5.525000 3.700000
v -4.925000 5.525000 3.700000
v -4.925000 5.575000 3.700000
v -4.925000 5.575000 3.650000
v -4.925000 5.525000 3.650000
v -5.025000 5.525000 3.650000
v -5.025000 5.575000 3.650000
v -5.025000 5.575000 3.600000
v -5.025000 5.525000 3.600000
v -5.075000 5.525000 3.600000
v -5.075000 5.575000 3.600000
v -5.075000 5.575000 3.550000
v -5.075000 5.525000 3.550000
v -5.175000 5.525000 3.550000
v -5.175000 5.575000 3.550000
v -5.175000 5.575000 3.500000
v -5.175000 5.525000 3.500000
v -5.275000 5.525000 3.500000
v -5.275000 5.575000 3.500000
v -5.275000 5.575000 3.450000
v -5.275000 5.525000 3.450000
v -5.325000 5.525000 3.450000
v -5.325000 5.575000 3.450000
v -5.325000 5.575000 3.400000
v -5.325000 5.525000 3.400000
v -5.425000 5.525000 3.400000
v -5.425000 5.575000 3.400000
v -5.425000 5.575000 3.350000
v -5.425000 5.525000 3.350000
v -5.525000 5.525000 3.350000
v -5.525000 5.575000 3.350000
v -5.525000 5.575000 3.300000
v -5.525000 5.525000 3.300000
v -5.625000 5.525000 3.300000
v -5.625000 5.575000 3.300000
v -5.625000 5.575000 3.250000
v -5.625000 5.525000 3.250000
v -5.675000 5.525000 3.250000
v -5.675000 5.575000 3.250000
v -5.675000 5.575000 3.200000
v -5.675000 5.525000 3.200000
v -5.775000 5.525000 3.200000
v -5.775000 5.575000 3.200000
v -5.775000 5.575000 3.150000
v -5.775000 5.525000 3.150000
v -5.875000 5.525000 3.150000
v -5.875000 5.575000 3.150000
v -5.875000 5.575000 3.100000
v -5.875000 5.525000 3.100000
v -5.975000 5.525000 3.100000
v -5.975000 5.575000 3.100000
v -5.975000 5.575000 3.050000
v -5.975000 5.525000 3.050000
v -6.025000 5.525000 3.050000
v -6.025000 5.575000 3.050000
v -6.025000 5.575000 3.000000
v -6.025000 5.525000 3.000000
v -6.125000 5.525000 3.000000
v -6.125000 5.575000 3.000000
v -6.125000 5.575000 2.950000
v -6.125000 5.525000 2.950000
v -6.225000 5.525000 2.950000
v -6.225000 5.575000 2.950000
v -6.225000 5.575000 2.900000
v -6.225000 5.525000 2.900000
v -6.275000 5.525000 2.900000
v -6.275000 5.575000 2.900000
v -6.275000 5.575000 2.850000
v -6.275000 5.525000 2.850000
v -4.775000 5.325000 0.850000
v -4.775000 5.325000 1.950000
v -4.775000 5.325000 2.000000
v -3.575000 5.325000 0.850000
v -3.575000 5.325000 2.000000
v -3.575000 5.325000 1.950000
v -2.125000 5.325000 0.850000
v -2.125000 5.325000 1.950000
v -2.125000 5.325000 2.000000
v -0.975000 5.325000 0.850000
v -0.975000 5.325000 2.000000
v -0.975000 5.325000 1.950000
v 6.475000 -3.025000 0.450000
v -3.625000 5.325000 0.850000
v -1.025000 5.325000 0.850000
v 2.525000 0.575000 1.650000
v -6.575000 5.575000 2.700000
v -6.575000 5.575000 2.750000
v -6.475000 5.575000 2.750000
v -6.475000 5.575000 2.800000
v -6.375000 5.575000 2.800000
v -6.375000 5.575000 2.850000
v 0.925000 5.575000 2.700000
v 0.925000 5.575000 2.750000
v 0.875000 5.575000 2.750000
v 0.875000 5.575000 2.800000
v 0.775000 5.575000 2.800000
v 0.775000 5.575000 2.850000
v 0.725000 5.575000 2.850000
v 0.725000 5.575000 2.900000
v 0.625000 5.575000 2.900000
v 0.625000 5.575000 2.950000
v 0.525000 5.575000 2.950000
v 0.525000 5.575000 3.000000
v 0.475000 5.575000 3.000000
v 0.475000 5.575000 3.050000
v 0.375000 5.575000 3.050000
v 0.375000 5.575000 3.100000
v 0.275000 5.575000 3.100000
v 0.275000 5.575000 3.150000
v 0.175000 5.575000 3.150000
v 0.175000 5.575000 3.200000
v 0.125000 5.575000 3.200000
v 0.125000 5.575000 3.250000
v 0.025000 5.575000 3.250000
v 0.025000 5.575000 3.300000
v -0.075000 5.575000 3.300000
v -0.075000 5.575000 3.350000
v -0.175000 5.575000 3.350000
v -0.175000 5.575000 3.400000
v -0.225000 5.575000 3.400000
v -0.225000 5.575000 3.450000
v -0.325000 5.575000 3.450000
v -0.325000 5.575000 3.500000
v -0.425000 5.575000 3.500000
v -0.425000 5.575000 3.550000
v -0.525000 5.575000 3.550000
v -0.525000 5.575000 3.600000
v -0.575000 5.575000 3.600000
v -0.575000 5.575000 3.650000
v -0.675000 5.575000 3.650000
v -0.675000 5.575000 3.700000
v -0.775000 5.575000 3.700000
v -0.775000 5.575000 3.750000
v -0.825000 5.575000 3.750000
v -0.825000 5.575000 3.800000
v -0.925000 5.575000 3.800000
v -0.925000 5.575000 3.850000
v -1.025000 5.575000 3.850000
v -1.025000 5.575000 3.900000
v -1.125000 5.575000 3.900000
v -1.125000 5.575000 3.950000
v -1.175000 5.575000 3.950000
v -1.175000 5.575000 4.000000
v -1.275000 5.575000 4.000000
v -1.275000 5.575000 4.050000
v -1.375000 5.575000 4.050000
v -1.375000 5.575000 4.100000
v -1.475000 5.575000 4.100000
v -1.475000 5.575000 4.150000
v -1.525000 5.575000 4.150000
v -1.525000 5.575000 4.200000
v -1.625000 5.575000 4.200000
v -1.625000 5.575000 4.250000
v -1.725000 5.575000 4.250000
v -1.725000 5.575000 4.300000
v -1.825000 5.575000 4.300000
v -1.825000 5.575000 4.350000
v -1.875000 5.575000 4.350000
v -1.875000 5.575000 4.400000
v -1.975000 5.575000 4.400000
v -1.975000 5.575000 4.450000
v -2.075000 5.575000 4.450000
v -2.075000 5.575000 4.500000
v -2.125000 5.575000 4.500000
v -2.125000 5.575000 4.550000
v -2.225000 5.575000 4.550000
v -2.225000 5.575000 4.600000
v -2.325000 5.575000 4.600000
v -2.325000 5.575000 4.650000
v -2.425000 5.575000 4.650000
v -2.425000 5.575000 4.700000
v -2.475000 5.575000 4.700000
v -2.475000 5.575000 4.750000
v -2.575000 5.575000 4.750000
v -2.575000 5.575000 4.800000
v -2.675000 5.575000 4.800000
v -2.675000 5.575000 4.850000
v -2.775000 5.575000 4.850000
v -2.775000 5.575000 4.900000
v -2.825000 5.575000 4.900000
v -2.825000 5.575000 4.950000
v -2.975000 5.575000 4.950000
v -2.975000 5.575000 4.900000
v -3.075000 5.575000 4.900000
v -3.075000 5.575000 4.850000
v -3.175000 5.575000 4.850000
v -3.175000 5.575000 4.800000
v -3.225000 5.575000 4.800000
v -3.225000 5.575000 4.750000
v -3.325000 5.575000 4.750000
v -3.325000 5.575000 4.700000
v -3.425000 5.575000 4.700000
v -3.425000 5.575000 4.650000
v -6.575000 -5.425000 2.700000
v -6.575000 -5.425000 2.750000
v -6.575000 5.525000 2.750000
v -6.575000 5.525000 2.700000
v -6.475000 -5.325000 2.750000
v -6.475000 -5.325000 2.800000
v -6.475000 5.525000 2.800000
v -6.475000 5.525000 2.750000
v -6.375000 -5.225000 2.800000
v -6.375000 -5.225000 2.850000
v -6.375000 5.525000 2.850000
v -6.375000 5.525000 2.800000
v 0.925000 1.025000 2.700000
v 0.925000 1.025000 2.750000
v 0.925000 5.525000 2.700000
v 0.875000 0.975000 2.750000
v 0.875000 0.975000 2.800000
v 0.875000 5.525000 2.750000
v 0.775000 0.925000 2.800000
v 0.775000 0.925000 2.850000
v 0.775000 5.525000 2.800000
v 0.725000 0.825000 2.850000
v 0.725000 0.825000 2.900000
v 0.725000 5.525000 2.850000
v 0.625000 0.725000 2.900000
v 0.625000 0.725000 2.950000
v 0.625000 5.525000 2.900000
v 0.525000 0.625000 2.950000
v 0.525000 0.625000 3.000000
v 0.525000 5.525000 2.950000
v 0.475000 0.575000 3.000000
v 0.475000 0.575000 3.050000
v 0.475000 5.525000 3.000000
v 0.375000 0.475000 3.050000
v 0.375000 0.475000 3.100000
v 0.375000 5.525000 3.050000
v 0.275000 0.375000 3.100000
v 0.275000 0.375000 3.150000
v 0.275000 5.525000 3.100000
v 0.175000 0.325000 3.150000
v 0.175000 0.325000 3.200000
v 0.175000 5.525000 3.150000
v 0.125000 0.225000 3.200000
v 0.125000 0.225000 3.250000
v 0.125000 5.525000 3.200000
v 0.025000 0.125000 3.250000
v 0.025000 0.125000 3.300000
v 0.025000 5.525000 3.250000
v -0.075000 0.025000 3.300000
v -0.075000 0.025000 3.350000
v -0.075000 5.525000 3.300000
v -0.175000 -0.025000 3.350000
v -0.175000 -0.025000 3.400000
v -0.175000 5.525000 3.350000
v -0.225000 -0.125000 3.400000
v -0.225000 -0.125000 3.450000
v -0.225000 5.525000 3.400000
v -0.325000 -0.225000 3.450000
v -0.325000 -0.225000 3.500000
v -0.325000 5.525000 3.450000
v -0.425000 -0.325000 3.500000
v -0.425000 -0.325000 3.550000
v -0.425000 5.525000 3.500000
v -0.525000 -0.375000 3.550000
v -0.525000 -0.375000 3.600000
v -0.525000 5.525000 3.550000
v -0.575000 -0.475000 3.600000
v -0.575000 -0.475000 3.650000
v -0.575000 5.525000 3.600000
v -0.675000 -0.575000 3.650000
v -0.675000 -0.575000 3.700000
v -0.675000 5.525000 3.650000
v -0.775000 -0.675000 3.700000
v -0.775000 -0.675000 3.750000
v -0.775000 5.525000 3.700000
v -0.825000 -0.725000 3.750000
v -0.825000 -0.725000 3.800000
v -0.825000 5.525000 3.750000
v -0.925000 -0.825000 3.800000
v -0.925000 -0.825000 3.850000
v -0.925000 5.525000 3.800000
v -1.025000 -0.925000 3.850000
v -1.025000 -0.925000 3.900000
v -1.025000 5.525000 3.850000
v -1.125000 -0.975000 3.900000
v -1.125000 -0.975000 3.950000
v -1.125000 5.525000 3.900000
v -1.175000 -1.075000 3.950000
v -1.175000 -1.075000 4.000000
v -1.175000 5.525000 3.950000
v -1.275000 -1.175000 4.000000
v -1.275000 -1.175000 4.050000
v -1.275000 5.525000 4.000000
v -1.375000 -1.275000 4.050000
v -1.375000 -1.275000 4.100000
v -1.375000 5.525000 4.050000
v -1.475000 -1.325000 4.100000
v -1.475000 -1.325000 4.150000
v -1.475000 5.525000 4.100000
v -1.525000 -1.425000 4.150000
v -1.525000 -1.425000 4.200000
v -1.525000 5.525000 4.150000
v -1.625000 -1.525000 4.200000
v -1.625000 -1.525000 4.250000
v -1.625000 5.525000 4.200000
v -1.725000 -1.625000 4.250000
v -1.725000 -1.625000 4.300000
v -1.725000 5.525000 4.250000
v -1.825000 -1.675000 4.300000
v -1.825000 -1.675000 4.350000
v -1.825000 5.525000 4.300000
v -1.875000 -1.775000 4.350000
v -1.875000 -1.775000 4.400000
v -1.875000 5.525000 4.350000
v -1.975000 -1.875000 4.400000
v -1.975000 -1.875000 4.450000
v -1.975000 5.525000 4.400000
v -2.075000 -1.975000 4.450000
v -2.075000 -1.975000 4.500000
v -2.075000 5.525000 4.450000
v -2.125000 -2.025000 4.500000
v -2.125000 -2.025000 4.550000
v -2.125000 5.525000 4.500000
v -2.225000 -2.125000 4.550000
v -2.225000 -2.125000 4.600000
v -2.225000 5.525000 4.550000
v -2.325000 -2.225000 4.600000
v -2.325000 -2.225000 4.650000
v -2.325000 5.525000 4.600000
v -3.425000 -2.275000 4.700000
v -3.425000 -2.275000 4.650000
v -3.425000 5.525000 4.700000
v -2.475000 -2.275000 4.700000
v -2.425000 -2.275000 4.700000
v -2.425000 -2.275000 4.650000
v -2.475000 -2.275000 4.650000
v -2.425000 5.525000 4.650000
v -3.325000 -2.175000 4.750000
v -3.325000 -2.175000 4.700000
v -3.325000 5.525000 4.750000
v -2.525000 -2.175000 4.750000
v -2.475000 -2.175000 4.750000
v -2.475000 -2.175000 4.700000
v -2.525000 -2.175000 4.700000
v -2.475000 5.525000 4.700000
v -3.225000 -2.075000 4.800000
v -3.225000 -2.075000 4.750000
v -3.225000 5.525000 4.800000
v -2.625000 -2.075000 4.800000
v -2.575000 -2.075000 4.800000
v -2.575000 -2.075000 4.750000
v -2.625000 -2.075000 4.750000
v -2.575000 5.525000 4.750000
v -3.175000 -2.025000 4.850000
v -3.175000 -2.025000 4.800000
v -3.175000 5.525000 4.850000
v -2.725000 -2.025000 4.850000
v -2.675000 -2.025000 4.850000
v -2.675000 -2.025000 4.800000
v -2.725000 -2.025000 4.800000
v -2.675000 5.525000 4.800000
v -3.075000 -1.925000 4.900000
v -3.075000 -1.925000 4.850000
v -3.075000 5.525000 4.900000
v -2.825000 -1.925000 4.900000
v -2.775000 -1.925000 4.900000
v -2.775000 -1.925000 4.850000
v -2.825000 -1.925000 4.850000
v -2.775000 5.525000 4.850000
v -2.975000 -1.825000 4.950000
v -2.975000 -1.825000 4.900000
v -2.975000 5.525000 4.950000
v -2.875000 -1.825000 4.950000
v -2.825000 -1.825000 4.950000
v -2.825000 -1.825000 4.900000
v -2.875000 -1.825000 4.900000
v -2.825000 5.525000 4.900000
v 6.675000 -5.425000 2.750000
v 6.675000 1.025000 2.750000
v 6.675000 -5.325000 2.800000
v 6.675000 0.975000 2.750000
v 6.675000 0.975000 2.800000
v 6.675000 -5.225000 2.850000
v 6.675000 0.925000 2.800000
v 6.675000 0.925000 2.850000
v 6.675000 -5.125000 2.900000
v 6.675000 0.825000 2.850000
v 6.675000 0.825000 2.900000
v 6.675000 -5.075000 2.900000
v 6.675000 -5.075000 2.950000
v 6.675000 0.725000 2.900000
v 6.675000 0.725000 2.950000
v 6.675000 -4.975000 3.000000
v 6.675000 0.625000 2.950000
v 6.675000 0.625000 3.000000
v 6.675000 -4.875000 3.050000
v 6.675000 0.575000 3.000000
v 6.675000 0.575000 3.050000
v 6.675000 -4.825000 3.050000
v 6.675000 -4.825000 3.100000
v 6.675000 0.475000 3.050000
v 6.675000 0.475000 3.100000
v 6.675000 -4.725000 3.150000
v 6.675000 0.375000 3.100000
v 6.675000 0.375000 3.150000
v 6.675000 -4.625000 3.200000
v 6.675000 0.325000 3.150000
v 6.675000 0.325000 3.200000
v 6.675000 -4.525000 3.250000
v 6.675000 0.225000 3.200000
v 6.675000 0.225000 3.250000
v 6.675000 -4.475000 3.250000
v 6.675000 -4.475000 3.300000
v 6.675000 0.125000 3.250000
v 6.675000 0.125000 3.300000
v 6.675000 -4.375000 3.350000
v 6.675000 0.025000 3.300000
v 6.675000 0.025000 3.350000
v 6.675000 -4.275000 3.400000
v 6.675000 -0.025000 3.350000
v 6.675000 -0.025000 3.400000
v 6.675000 -4.175000 3.450000
v 6.675000 -0.125000 3.400000
v 6.675000 -0.125000 3.450000
v 6.675000 -4.125000 3.450000
v 6.675000 -4.125000 3.500000
v 6.675000 -0.225000 3.450000
v 6.675000 -0.225000 3.500000
v 6.675000 -4.025000 3.550000
v 6.675000 -0.325000 3.500000
v 6.675000 -0.325000 3.550000
v 6.675000 -3.925000 3.600000
v 6.675000 -0.375000 3.550000
v 6.675000 -0.375000 3.600000
v 6.675000 -3.875000 3.600000
v 6.675000 -3.875000 3.650000
v 6.675000 -0.475000 3.600000
v 6.675000 -0.475000 3.650000
v 6.675000 -3.775000 3.700000
v 6.675000 -0.575000 3.650000
v 6.675000 -0.575000 3.700000
v 6.675000 -3.675000 3.750000
v 6.675000 -0.675000 3.700000
v 6.675000 -0.675000 3.750000
v 6.675000 -3.575000 3.800000
v 6.675000 -0.725000 3.750000
v 6.675000 -0.725000 3.800000
v 6.675000 -3.525000 3.800000
v 6.675000 -3.525000 3.850000
v 6.675000 -0.825000 3.800000
v 6.675000 -0.825000 3.850000
v 6.675000 -3.425000 3.900000
v 6.675000 -0.925000 3.850000
v 6.675000 -0.925000 3.900000
v 6.675000 -3.325000 3.950000
v 6.675000 -0.975000 3.900000
v 6.675000 -0.975000 3.950000
v 6.675000 -3.225000 4.000000
v 6.675000 -1.075000 3.950000
v 6.675000 -1.075000 4.000000
v 6.675000 -3.175000 4.000000
v 6.675000 -3.175000 4.050000
v 6.675000 -1.175000 4.000000
v 6.675000 -1.175000 4.050000
v 6.675000 -3.075000 4.100000
v 6.675000 -1.275000 4.050000
v 6.675000 -1.275000 4.100000
v 6.675000 -2.975000 4.150000
v 6.675000 -1.325000 4.100000
v 6.675000 -1.325000 4.150000
v 6.675000 -2.875000 4.200000
v 6.675000 -1.425000 4.150000
v 6.675000 -1.425000 4.200000
v 6.675000 -2.825000 4.200000
v 6.675000 -2.825000 4.250000
v 6.675000 -1.525000 4.200000
v 6.675000 -1.525000 4.250000
v 6.675000 -2.725000 4.300000
v 6.675000 -1.625000 4.250000
v 6.675000 -1.625000 4.300000
v 6.675000 -2.625000 4.350000
v 6.675000 -1.675000 4.300000
v 6.675000 -1.675000 4.350000
v 6.675000 -2.575000 4.350000
v 6.675000 -2.575000 4.400000
v 6.675000 -1.775000 4.350000
v 6.675000 -1.775000 4.400000
v 6.675000 -2.475000 4.450000
v 6.675000 -1.875000 4.400000
v 6.675000 -1.875000 4.450000
v 6.675000 -2.375000 4.500000
v 6.675000 -1.975000 4.450000
v 6.675000 -1.975000 4.500000
v 6.675000 -2.025000 4.500000
v 6.675000 -2.025000 4.550000
v 6.675000 -2.125000 4.550000
v 6.675000 -2.125000 4.600000
v 6.675000 -2.225000 4.600000
v 6.675000 -2.225000 4.650000
v -6.225000 5.275000 0.000000
v -6.225000 -5.075000 0.000000
v 0.425000 5.275000 0.000000
v 0.425000 0.525000 0.000000
v 6.425000 0.525000 0.000000
v 6.425000 -5.075000 0.000000
v 6.375000 -5.075000 0.000000
v -6.225000 -5.075000 -0.350000
v -6.225000 5.225000 -0.350000
v -6.225000 5.275000 -0.350000
v -6.225000 5.275000 -0.050000
v -6.225000 -5.075000 -0.050000
v 6.425000 -5.075000 -0.350000
v 6.375000 -5.075000 -0.350000
v 6.425000 0.525000 -0.350000
v 6.425000 0.475000 -0.350000
v 0.425000 0.525000 -0.350000
v 0.425000 0.525000 -0.050000
v 0.425000 5.275000 -0.350000
v 0.425000 5.225000 -0.350000
o Outer Shell
f 1 6 2
f 2 6 3
f 4 3 6
f 4 6 5
f 1 2 9
f 9 8 7
f 9 7 1
f 10 15 11
f 11 15 12
f 13 12 15
f 13 15 14
f 10 11 18
f 18 17 16
f 18 16 10
f 19 24 20
f 20 24 21
f 23 22 21
f 23 21 24
f 33 32 31
f 31 34 33
f 33 34 35
f 25 35 39
f 35 25 33
f 39 38 19
f 19 38 24
f 39 19 25
f 34 31 36
f 24 38 37
f 37 31 23
f 23 24 37
f 36 31 37
f 29 28 27
f 26 30 27
f 30 26 23
f 27 30 29
f 30 23 31
f 28 42 27
f 40 27 42
f 40 42 41
f 44 43 47
f 47 46 45
f 47 45 44
f 43 44 48
f 48 44 51
f 50 49 48
f 50 48 51
f 53 52 56
f 54 56 55
f 56 54 53
f 52 53 57
f 57 53 60
f 59 58 57
f 59 57 60
f 62 61 65
f 65 64 63
f 65 63 62
f 62 69 61
f 61 69 66
f 68 67 66
f 68 66 69
f 71 70 74
f 74 73 72
f 74 72 71
f 71 78 70
f 70 78 75
f 77 76 75
f 77 75 78
f 80 79 83
f 83 82 81
f 83 81 80
f 80 87 79
f 79 87 84
f 86 85 84
f 86 84 87
f 89 88 92
f 92 91 90
f 92 90 89
f 89 96 88
f 88 96 93
f 95 94 93
f 95 93 96
f 98 97 101
f 101 100 99
f 101 99 98
f 98 105 97
f 97 105 102
f 104 103 102
f 104 102 105
f 107 106 110
f 108 110 109
f 110 108 107
f 106 107 111
f 111 107 114
f 112 111 114
f 112 114 113
f 116 115 119
f 119 118 117
f 119 117 116
f 116 123 115
f 115 123 120
f 121 120 123
f 121 123 122
f 125 124 128
f 126 128 127
f 128 126 125
f 124 125 129
f 129 125 132
f 130 129 132
f 130 132 131
f 134 133 137
f 137 136 135
f 137 135 134
f 134 141 133
f 133 141 138
f 139 138 141
f 139 141 140
f 143 142 146
f 146 145 144
f 146 144 143
f 142 143 147
f 147 143 150
f 147 149 148
f 149 147 150
f 152 151 155
f 155 154 153
f 155 153 152
f 152 159 151
f 151 159 156
f 158 157 156
f 158 156 159
f 161 160 164
f 162 164 163
f 164 162 161
f 160 161 165
f 165 161 168
f 167 166 165
f 167 165 168
f 170 169 173
f 173 172 171
f 173 171 170
f 170 177 169
f 169 177 174
f 174 176 175
f 176 174 177
f 179 178 182
f 180 182 181
f 182 180 179
f 178 179 183
f 183 179 186
f 184 183 186
f 184 186 185
f 188 187 191
f 189 191 190
f 191 189 188
f 188 195 187
f 187 195 192
f 193 192 195
f 193 195 194
f 197 196 200
f 198 200 199
f 200 198 197
f 196 197 201
f 201 197 204
f 203 202 201
f 203 201 204
f 206 205 209
f 207 209 208
f 209 207 206
f 205 206 210
f 210 206 213
f 212 211 210
f 212 210 213
f 215 214 218
f 216 218 217
f 218 216 215
f 214 215 219
f 219 215 222
f 221 220 219
f 221 219 222
f 224 223 227
f 225 227 226
f 227 225 224
f 223 224 228
f 228 224 231
f 230 229 228
f 230 228 231
f 233 232 236
f 234 236 235
f 236 234 233
f 233 240 232
f 232 240 237
f 239 238 237
f 239 237 240
f 242 241 245
f 243 245 244
f 245 243 242
f 242 249 241
f 241 249 246
f 248 247 246
f 248 246 249
f 251 250 254
f 254 253 252
f 254 252 251
f 251 258 250
f 250 258 255
f 257 256 255
f 257 255 258
f 260 259 263
f 261 263 262
f 263 261 260
f 259 260 264
f 264 260 267
f 266 265 264
f 266 264 267
f 269 268 272
f 272 271 270
f 272 270 269
f 268 269 273
f 273 269 276
f 275 274 273
f 275 273 276
f 278 277 281
f 279 281 280
f 281 279 278
f 278 285 277
f 277 285 282
f 284 283 282
f 284 282 285
f 287 286 290
f 290 289 288
f 290 288 287
f 287 294 286
f 286 294 291
f 293 292 291
f 293 291 294
f 296 295 299
f 297 299 298
f 299 297 296
f 296 303 295
f 295 303 300
f 302 301 300
f 302 300 303
f 305 304 308
f 308 307 306
f 308 306 305
f 305 312 304
f 304 312 309
f 311 310 309
f 311 309 312
f 314 313 317
f 317 316 315
f 317 315 314
f 314 321 313
f 313 321 318
f 320 319 318
f 320 318 321
f 323 322 326
f 326 325 324
f 326 324 323
f 323 330 322
f 322 330 327
f 329 328 327
f 329 327 330
f 332 331 335
f 335 334 333
f 335 333 332
f 332 339 331
f 331 339 336
f 338 337 336
f 338 336 339
f 341 340 344
f 344 343 342
f 344 342 341
f 341 348 340
f 340 348 345
f 346 345 348
f 346 348 347
f 350 349 353
f 351 353 352
f 353 351 350
f 349 350 354
f 354 350 357
f 355 354 357
f 355 357 356
f 359 358 364
f 361 364 363
f 361 359 364
f 360 359 361
f 361 363 362
f 363 367 362
f 365 362 367
f 365 367 366
f 368 373 369
f 369 373 370
f 371 370 373
f 371 373 372
f 368 377 373
f 377 376 373
f 373 375 374
f 375 373 376
f 374 372 373
f 395 386 396
f 394 378 395
f 395 378 386
f 386 385 396
f 396 385 397
f 401 375 398
f 385 398 397
f 398 385 401
f 398 375 399
f 394 400 379
f 399 376 379
f 379 400 399
f 394 379 378
f 376 399 375
f 381 405 404
f 405 381 406
f 380 406 381
f 380 401 407
f 401 380 375
f 385 402 401
f 403 387 393
f 384 387 403
f 387 384 388
f 392 403 393
f 402 385 403
f 403 392 404
f 404 392 391
f 390 382 381
f 390 381 391
f 389 384 383
f 384 389 388
f 383 382 389
f 389 382 390
f 391 381 404
f 384 403 385
f 407 406 380
f 440 439 378
f 442 441 436
f 440 437 441
f 439 438 378
f 411 433 432
f 434 433 416
f 437 436 441
f 431 437 440
f 436 435 385
f 431 411 432
f 411 431 440
f 442 436 385
f 386 378 445
f 445 378 446
f 386 445 451
f 386 450 385
f 450 386 451
f 385 450 449
f 448 447 444
f 447 378 438
f 448 444 443
f 449 448 443
f 443 385 449
f 447 446 378
f 438 444 447
f 385 443 442
f 440 378 411
f 410 418 417
f 410 419 418
f 425 424 410
f 426 425 410
f 417 427 426
f 426 410 417
f 419 409 420
f 420 409 408
f 421 420 408
f 421 408 422
f 419 410 409
f 424 413 410
f 417 423 427
f 412 411 410
f 413 412 410
f 435 416 415
f 435 434 416
f 415 408 385
f 416 433 411
f 427 422 428
f 428 422 408
f 414 430 429
f 414 413 424
f 429 408 414
f 428 408 429
f 414 424 430
f 423 422 427
f 414 408 415
f 385 435 415
f 410 411 378
f 366 632 409
f 634 452 409
f 634 409 632
f 634 633 468
f 366 409 631
f 556 523 365
f 631 365 366
f 512 365 517
f 509 512 511
f 509 633 512
f 509 511 510
f 631 616 365
f 512 633 365
f 506 633 509
f 500 498 501
f 501 498 633
f 503 501 506
f 502 501 503
f 500 499 498
f 498 495 633
f 509 508 506
f 506 508 507
f 505 504 503
f 506 505 503
f 501 633 506
f 525 523 528
f 528 523 556
f 530 528 531
f 529 528 530
f 526 525 527
f 527 525 528
f 523 525 524
f 531 536 533
f 545 536 531
f 533 536 535
f 531 533 532
f 534 533 535
f 528 556 531
f 516 514 517
f 514 512 517
f 518 517 519
f 515 514 516
f 514 513 512
f 520 523 522
f 521 520 522
f 520 519 517
f 365 520 517
f 523 520 365
f 631 29 630
f 465 467 466
f 467 465 468
f 463 462 464
f 464 462 465
f 465 462 460
f 470 468 471
f 468 465 634
f 473 471 476
f 472 471 473
f 470 469 468
f 465 460 634
f 454 457 456
f 457 454 452
f 454 456 455
f 452 454 453
f 452 408 409
f 459 457 460
f 460 457 452
f 460 462 461
f 459 458 457
f 634 460 452
f 471 468 633
f 487 490 489
f 487 482 633
f 487 486 484
f 489 488 487
f 484 486 485
f 490 492 491
f 487 484 482
f 495 497 496
f 497 495 498
f 492 494 493
f 494 492 495
f 495 492 490
f 490 633 495
f 476 479 478
f 471 633 476
f 476 478 477
f 475 474 473
f 476 475 473
f 484 483 482
f 481 480 479
f 482 481 479
f 479 476 633
f 487 633 490
f 482 479 633
f 601 600 603
f 598 597 600
f 599 598 600
f 597 365 600
f 608 607 606
f 604 606 605
f 608 606 603
f 604 603 606
f 603 602 601
f 608 603 600
f 608 600 365
f 589 592 590
f 586 365 589
f 590 592 591
f 587 589 588
f 587 586 589
f 586 585 584
f 589 597 592
f 596 595 597
f 595 594 593
f 593 592 595
f 592 597 595
f 365 597 589
f 625 622 627
f 622 625 623
f 624 623 625
f 620 622 621
f 622 620 619
f 625 627 626
f 627 622 619
f 30 630 29
f 630 629 628
f 630 628 627
f 627 631 630
f 611 616 614
f 614 616 615
f 612 614 613
f 611 614 612
f 611 609 608
f 610 609 611
f 616 611 608
f 617 619 618
f 617 616 619
f 631 619 616
f 365 616 608
f 586 581 365
f 552 554 553
f 556 554 551
f 555 554 556
f 554 552 551
f 551 550 549
f 551 549 548
f 548 531 551
f 559 562 560
f 562 559 365
f 560 562 561
f 557 559 558
f 559 557 556
f 556 365 559
f 539 545 543
f 545 539 536
f 543 545 544
f 540 539 541
f 539 538 536
f 539 543 541
f 538 537 536
f 546 548 547
f 543 542 541
f 546 545 548
f 531 548 545
f 556 551 531
f 576 578 577
f 578 575 365
f 578 576 575
f 575 574 573
f 575 573 570
f 579 578 581
f 575 570 365
f 584 583 582
f 579 581 580
f 582 581 584
f 578 365 581
f 565 567 566
f 567 365 570
f 563 565 564
f 563 562 565
f 570 568 567
f 565 562 567
f 572 571 573
f 569 568 570
f 570 573 571
f 567 562 365
f 586 584 581
f 631 627 619
f 635 413 636
f 637 636 638
f 413 639 636
f 639 414 640
f 414 639 413
f 639 638 636
f 641 646 645
f 411 642 641
f 641 416 411
f 643 416 644
f 416 643 415
f 644 416 641
f 645 644 641
f 647 419 420
f 420 421 648
f 420 648 647
f 417 650 423
f 423 649 422
f 649 423 650
f 651 426 427
f 427 428 652
f 427 652 651
f 424 654 430
f 430 653 429
f 653 430 654
f 655 433 434
f 434 435 656
f 434 656 655
f 431 658 437
f 437 657 436
f 657 437 658
f 659 440 441
f 441 442 660
f 441 660 659
f 438 662 444
f 444 661 443
f 661 444 662
f 663 447 448
f 448 449 664
f 448 664 663
f 445 666 451
f 451 665 450
f 665 451 666
f 642 668 641
f 641 668 667
f 635 636 667
f 635 667 668
f 646 670 669
f 670 637 638
f 669 645 646
f 638 669 670
f 654 672 671
f 672 651 652
f 671 653 654
f 652 671 672
f 650 674 673
f 674 647 648
f 673 649 650
f 648 673 674
f 399 676 675
f 675 398 399
f 676 677 679
f 679 678 675
f 679 675 676
f 404 681 680
f 680 403 404
f 681 682 684
f 684 683 680
f 684 680 681
f 390 686 685
f 685 389 390
f 686 687 689
f 689 688 685
f 689 685 686
f 666 691 665
f 665 691 690
f 664 690 691
f 664 691 663
f 662 693 661
f 661 693 692
f 659 660 692
f 659 692 693
f 657 658 694
f 694 658 695
f 655 656 694
f 655 694 695
f 644 697 643
f 643 697 696
f 639 640 696
f 639 696 697
f 629 630 700
f 700 699 698
f 700 698 629
f 702 701 705
f 703 705 704
f 705 703 702
f 702 709 701
f 701 709 706
f 707 706 709
f 707 709 708
f 711 710 712
f 712 710 715
f 712 714 713
f 714 712 715
f 710 711 718
f 718 717 716
f 718 716 710
f 720 719 723
f 721 723 722
f 723 721 720
f 719 720 724
f 724 720 727
f 725 724 727
f 725 727 726
f 729 728 730
f 730 728 733
f 732 731 730
f 732 730 733
f 728 729 736
f 736 735 734
f 736 734 728
f 738 737 739
f 739 737 742
f 740 742 741
f 742 740 739
f 737 738 745
f 745 744 743
f 745 743 737
f 747 746 748
f 748 746 751
f 748 750 749
f 750 748 751
f 746 747 754
f 754 753 752
f 754 752 746
f 755 761 756
f 761 760 756
f 759 758 756
f 757 756 758
f 759 756 760
f 761 755 765
f 760 761 762
f 765 764 763
f 763 762 765
f 765 762 761
f 936 938 937
f 934 932 167
f 934 936 935
f 158 167 932
f 936 934 176
f 932 934 933
f 167 176 934
f 932 931 930
f 929 928 930
f 131 140 926
f 927 926 928
f 928 926 140
f 930 158 932
f 158 930 149
f 148 149 140
f 149 930 928
f 131 139 140
f 157 158 149
f 928 140 149
f 167 158 166
f 926 925 924
f 944 221 946
f 942 944 943
f 942 212 944
f 944 946 945
f 947 946 948
f 941 940 942
f 194 940 938
f 176 185 936
f 202 203 194
f 194 203 940
f 184 185 176
f 185 194 938
f 176 167 175
f 193 194 185
f 936 185 938
f 940 203 942
f 939 938 940
f 942 203 212
f 914 913 912
f 916 915 914
f 921 920 922
f 912 77 914
f 920 919 918
f 914 86 916
f 917 916 918
f 50 908 767
f 910 909 908
f 68 912 910
f 68 910 59
f 59 50 58
f 59 910 908
f 68 59 67
f 908 50 59
f 68 77 912
f 910 912 911
f 924 923 922
f 924 922 122
f 112 113 104
f 922 920 113
f 122 922 113
f 130 131 122
f 113 121 122
f 131 924 122
f 924 131 926
f 918 95 104
f 918 916 95
f 68 76 77
f 916 86 95
f 77 86 914
f 104 95 103
f 85 86 77
f 95 86 94
f 104 113 920
f 104 920 918
f 973 972 974
f 972 971 970
f 347 974 972
f 970 338 972
f 975 974 976
f 969 968 970
f 967 966 968
f 302 311 964
f 965 964 966
f 966 964 311
f 968 329 970
f 329 968 320
f 319 320 311
f 320 968 966
f 302 310 311
f 328 329 320
f 966 311 320
f 329 338 970
f 964 963 962
f 763 980 17
f 980 16 17
f 979 978 17
f 708 978 976
f 726 17 978
f 764 980 763
f 726 708 725
f 763 17 726
f 978 708 726
f 974 356 976
f 974 347 356
f 338 329 337
f 347 972 338
f 338 346 347
f 707 708 356
f 347 355 356
f 356 708 976
f 977 976 978
f 248 952 950
f 950 952 951
f 954 953 952
f 266 956 954
f 955 954 956
f 248 950 239
f 954 952 257
f 958 957 956
f 950 948 239
f 221 230 946
f 944 212 221
f 950 949 948
f 203 211 212
f 230 238 239
f 229 230 221
f 212 220 221
f 948 946 230
f 230 239 948
f 962 961 960
f 962 960 293
f 284 960 958
f 293 960 284
f 301 302 293
f 284 292 293
f 302 962 293
f 284 275 283
f 962 302 964
f 954 257 266
f 275 956 266
f 239 247 248
f 257 248 256
f 959 958 960
f 274 275 266
f 257 265 266
f 958 956 275
f 958 275 284
f 257 952 248
f 853 855 854
f 855 853 821
f 852 851 853
f 858 857 859
f 857 856 855
f 859 857 817
f 861 860 859
f 855 819 857
f 848 847 849
f 850 849 851
f 821 819 855
f 821 853 823
f 819 818 817
f 821 820 819
f 816 815 817
f 823 853 851
f 817 857 819
f 825 851 849
f 815 859 817
f 865 864 863
f 863 862 861
f 809 867 865
f 867 807 869
f 809 807 867
f 805 869 807
f 867 869 868
f 866 865 867
f 865 863 811
f 813 811 863
f 813 861 815
f 814 813 815
f 861 859 815
f 813 812 811
f 811 809 865
f 809 811 810
f 808 807 809
f 813 863 861
f 805 807 806
f 7 752 753
f 752 7 8
f 744 752 743
f 717 734 716
f 734 735 743
f 837 734 743
f 716 734 835
f 743 752 839
f 8 843 842
f 842 841 8
f 841 840 839
f 841 839 752
f 835 837 836
f 835 734 837
f 838 837 839
f 743 839 837
f 8 841 752
f 716 835 833
f 847 846 845
f 844 698 845
f 827 847 829
f 845 829 847
f 716 698 699
f 849 847 827
f 851 825 823
f 849 827 825
f 826 825 827
f 822 821 823
f 824 823 825
f 698 831 845
f 831 829 845
f 831 833 832
f 716 833 698
f 831 830 829
f 829 828 827
f 831 698 833
f 835 834 833
f 892 891 893
f 895 897 896
f 895 894 893
f 897 895 779
f 899 898 897
f 893 781 895
f 891 890 889
f 888 887 889
f 886 885 887
f 785 891 889
f 781 779 895
f 891 783 893
f 779 781 780
f 781 893 783
f 778 777 779
f 779 777 897
f 783 891 785
f 889 887 787
f 899 897 777
f 771 905 903
f 901 903 902
f 900 899 901
f 903 905 904
f 907 767 908
f 906 905 907
f 907 769 767
f 769 907 905
f 767 769 768
f 767 49 50
f 769 905 771
f 49 767 766
f 903 901 773
f 771 903 773
f 901 775 773
f 775 899 777
f 775 774 773
f 777 776 775
f 771 770 769
f 771 773 772
f 901 899 775
f 782 781 783
f 872 871 873
f 874 873 875
f 878 877 879
f 877 876 875
f 799 877 875
f 879 877 797
f 875 873 801
f 803 801 873
f 803 871 805
f 804 803 805
f 870 869 871
f 803 802 801
f 797 799 798
f 797 877 799
f 800 799 801
f 875 801 799
f 871 803 873
f 869 805 871
f 879 797 795
f 885 884 883
f 882 881 883
f 887 789 787
f 883 791 885
f 881 793 883
f 787 785 889
f 879 881 880
f 885 789 887
f 784 783 785
f 785 787 786
f 793 795 794
f 795 793 881
f 879 795 881
f 793 792 791
f 789 791 790
f 791 789 885
f 788 787 789
f 793 791 883
f 797 796 795
f 627 982 626
f 626 982 981
f 844 845 981
f 844 981 982
f 624 625 983
f 983 846 847
f 983 847 624
f 621 622 984
f 984 848 849
f 984 849 621
f 618 619 985
f 985 850 851
f 985 851 618
f 616 987 615
f 615 987 986
f 852 853 986
f 852 986 987
f 613 614 988
f 988 854 855
f 988 855 613
f 610 611 989
f 989 856 857
f 989 857 610
f 608 991 607
f 607 991 990
f 858 859 990
f 858 990 991
f 605 606 992
f 992 860 861
f 992 861 605
f 602 603 993
f 993 862 863
f 993 863 602
f 599 600 994
f 994 864 865
f 994 865 599
f 596 597 995
f 995 597 996
f 866 867 995
f 866 995 996
f 594 595 997
f 997 868 869
f 997 869 594
f 591 592 998
f 998 870 871
f 998 871 591
f 588 589 999
f 999 872 873
f 999 873 588
f 586 1001 585
f 585 1001 1000
f 874 875 1000
f 874 1000 1001
f 583 584 1002
f 1002 876 877
f 1002 877 583
f 580 581 1003
f 1003 878 879
f 1003 879 580
f 577 578 1004
f 1004 880 881
f 1004 881 577
f 574 575 1005
f 1005 575 1006
f 883 1005 1006
f 883 1006 882
f 572 573 1007
f 1007 884 885
f 1007 885 572
f 569 570 1008
f 1008 886 887
f 1008 887 569
f 566 567 1009
f 1009 567 1010
f 888 889 1009
f 888 1009 1010
f 564 565 1011
f 1011 890 891
f 1011 891 564
f 561 562 1012
f 1012 892 893
f 1012 893 561
f 558 559 1013
f 1013 894 895
f 1013 895 558
f 555 556 1014
f 1014 556 1015
f 897 1014 1015
f 897 1015 896
f 553 554 1016
f 1016 898 899
f 1016 899 553
f 550 551 1017
f 1017 900 901
f 1017 901 550
f 547 548 1018
f 1018 902 903
f 1018 903 547
f 545 1020 544
f 544 1020 1019
f 904 905 1019
f 904 1019 1020
f 542 543 1021
f 1021 906 907
f 1021 907 542
f 381 369 370
f 370 371 380
f 370 380 381
f 33 1022 32
f 1024 33 25
f 1024 1023 1022
f 1024 1022 33
f 1025 35 1026
f 1026 34 1027
f 34 1026 35
f 38 1028 1030
f 1030 1029 37
f 1030 37 38
f 41 20 21
f 21 22 40
f 21 40 41
f 384 1186 383
f 1186 1185 1184
f 1186 1184 1182
f 383 1186 1182
f 1182 1181 1180
f 1183 1182 1184
f 1187 383 1182
f 1180 1178 1176
f 1180 1179 1178
f 1176 1175 1174
f 1176 1178 1177
f 1180 1176 1187
f 1174 1187 1176
f 1172 1170 1168
f 1170 1172 1171
f 1168 1170 1169
f 1187 1172 1168
f 1173 1172 1174
f 1187 1182 1180
f 1174 1172 1187
f 1165 1164 1166
f 1164 1163 1162
f 1187 1168 1166
f 1167 1166 1168
f 1160 1162 1161
f 1159 1158 1160
f 1162 1160 1164
f 1187 1164 1160
f 1158 1156 1154
f 1158 1157 1156
f 1154 1153 1152
f 1154 1156 1155
f 1158 1154 1187
f 1152 1187 1154
f 1146 1150 1148
f 1148 1150 1149
f 1147 1146 1148
f 1151 1150 1152
f 1187 1160 1158
f 1164 1187 1166
f 1152 1150 1187
f 1145 1144 1146
f 1143 1142 1144
f 1142 1141 1140
f 1146 1144 1189
f 1189 1144 1142
f 1140 1139 1138
f 1138 1137 1136
f 1138 1189 1142
f 1138 1142 1140
f 1189 1138 1136
f 383 1188 382
f 383 1187 1188
f 1192 1191 382
f 1192 382 1188
f 1023 382 1191
f 1136 1190 1189
f 1187 1150 1189
f 1190 1193 1194
f 1190 1194 1191
f 1023 1194 1198
f 1023 1191 1194
f 1190 1093 1193
f 1023 1198 1197
f 1134 1190 1136
f 1150 1146 1189
f 1133 1132 1134
f 1132 1131 1130
f 1134 1132 1130
f 1128 1190 1134
f 1128 1130 1129
f 1127 1126 1128
f 1126 1125 1124
f 1128 1126 1124
f 1130 1128 1134
f 1122 1190 1128
f 1124 1123 1122
f 1190 1122 1095
f 1095 1122 1120
f 1023 1197 1031
f 1128 1124 1122
f 1196 1195 1057
f 1195 1193 1065
f 1118 1120 1119
f 1116 1120 1118
f 1118 1117 1116
f 1120 1122 1121
f 1031 1197 1196
f 1136 1135 1134
f 1116 1115 1114
f 1114 1113 1112
f 1101 1116 1114
f 1112 1101 1114
f 1110 1108 1107
f 1108 1110 1109
f 1110 1107 1112
f 1111 1110 1112
f 1107 1105 1112
f 1106 1105 1107
f 1101 1103 1102
f 1104 1103 1105
f 1103 1101 1105
f 1105 1101 1112
f 1100 1099 1101
f 1095 1097 1096
f 1098 1097 1099
f 1097 1095 1099
f 1120 1099 1095
f 1120 1101 1099
f 1095 1093 1190
f 1094 1093 1095
f 1093 1092 1091
f 1093 1091 1087
f 1090 1089 1091
f 1089 1088 1087
f 1087 1086 1085
f 1083 1193 1085
f 1089 1087 1091
f 1087 1193 1093
f 1084 1083 1085
f 1079 1081 1080
f 1082 1081 1083
f 1081 1079 1083
f 1079 1193 1083
f 1079 1078 1077
f 1076 1075 1077
f 1075 1074 1073
f 1077 1075 1193
f 1077 1193 1079
f 1193 1087 1085
f 1193 1075 1071
f 1073 1072 1071
f 1071 1070 1069
f 1069 1065 1193
f 1073 1071 1075
f 1068 1067 1069
f 1067 1066 1065
f 1065 1064 1063
f 1061 1195 1063
f 1067 1065 1069
f 1193 1071 1069
f 1062 1061 1063
f 1057 1059 1058
f 1060 1059 1061
f 1059 1057 1061
f 1057 1195 1061
f 1056 1055 1057
f 1049 1053 1051
f 1054 1053 1055
f 1049 1196 1053
f 1196 1055 1053
f 1049 1047 1196
f 1057 1055 1196
f 1052 1051 1053
f 1049 1048 1047
f 1050 1049 1051
f 1046 1045 1047
f 1045 1044 1043
f 1043 1042 1041
f 1043 1041 1045
f 1041 1196 1045
f 1196 1041 1039
f 1040 1039 1041
f 1035 1037 1036
f 1038 1037 1039
f 1037 1035 1039
f 1035 1196 1039
f 1034 1033 1035
f 1032 1031 1033
f 1031 1022 1023
f 1196 1033 1031
f 1196 1035 1033
f 1047 1045 1196
f 1065 1063 1195
f 1116 1101 1120
f 1031 1032 1201
f 1199 1201 1200
f 1201 1199 1031
f 1033 1034 1202
f 1202 1034 1205
f 1203 1205 1204
f 1205 1203 1202
f 1035 1036 1206
f 1206 1036 1209
f 1209 1208 1207
f 1209 1207 1206
f 1037 1038 1210
f 1210 1038 1213
f 1213 1212 1211
f 1213 1211 1210
f 1039 1040 1214
f 1214 1040 1217
f 1217 1216 1215
f 1217 1215 1214
f 1041 1042 1218
f 1218 1042 1221
f 1221 1220 1219
f 1221 1219 1218
f 1043 1044 1222
f 1222 1044 1225
f 1225 1224 1223
f 1225 1223 1222
f 1045 1046 1226
f 1226 1046 1229
f 1227 1229 1228
f 1229 1227 1226
f 1047 1048 1230
f 1230 1048 1233
f 1232 1231 1230
f 1232 1230 1233
f 1049 1050 1234
f 1234 1050 1237
f 1235 1237 1236
f 1237 1235 1234
f 1238 1051 1241
f 1241 1051 1052
f 1240 1239 1238
f 1240 1238 1241
f 1242 1053 1245
f 1245 1053 1054
f 1243 1245 1244
f 1245 1243 1242
f 1246 1055 1249
f 1249 1055 1056
f 1248 1247 1246
f 1248 1246 1249
f 1250 1057 1253
f 1253 1057 1058
f 1251 1253 1252
f 1253 1251 1250
f 1059 1060 1254
f 1254 1060 1257
f 1254 1256 1255
f 1256 1254 1257
f 1061 1062 1258
f 1258 1062 1261
f 1258 1260 1259
f 1260 1258 1261
f 1063 1064 1262
f 1262 1064 1265
f 1262 1264 1263
f 1264 1262 1265
f 1065 1066 1266
f 1266 1066 1269
f 1266 1268 1267
f 1268 1266 1269
f 1067 1068 1270
f 1270 1068 1273
f 1270 1272 1271
f 1272 1270 1273
f 1069 1070 1274
f 1274 1070 1277
f 1274 1276 1275
f 1276 1274 1277
f 1071 1072 1278
f 1278 1072 1281
f 1279 1281 1280
f 1281 1279 1278
f 1073 1074 1282
f 1282 1074 1285
f 1284 1283 1282
f 1284 1282 1285
f 1075 1076 1286
f 1286 1076 1289
f 1286 1288 1287
f 1288 1286 1289
f 1077 1078 1290
f 1290 1078 1293
f 1293 1292 1291
f 1293 1291 1290
f 1079 1080 1294
f 1294 1080 1297
f 1297 1296 1295
f 1297 1295 1294
f 1081 1082 1298
f 1298 1082 1301
f 1300 1299 1298
f 1300 1298 1301
f 1083 1084 1302
f 1302 1084 1305
f 1303 1305 1304
f 1305 1303 1302
f 1085 1086 1306
f 1306 1086 1309
f 1308 1307 1306
f 1308 1306 1309
f 1087 1088 1310
f 1310 1088 1313
f 1311 1313 1312
f 1313 1311 1310
f 1089 1090 1314
f 1314 1090 1317
f 1317 1316 1315
f 1317 1315 1314
f 1091 1092 1318
f 1318 1092 1321
f 1321 1320 1319
f 1321 1319 1318
f 1093 1094 1322
f 1322 1094 1325
f 1325 1324 1323
f 1325 1323 1322
f 1095 1096 1326
f 1326 1096 1329
f 1329 1328 1327
f 1329 1327 1326
f 1330 1097 1333
f 1333 1097 1098
f 1333 1332 1331
f 1333 1331 1330
f 1334 1099 1337
f 1337 1099 1100
f 1335 1337 1336
f 1337 1335 1334
f 1338 1101 1341
f 1341 1101 1102
f 1340 1339 1338
f 1340 1338 1341
f 1342 1103 1345
f 1345 1103 1104
f 1343 1345 1344
f 1345 1343 1342
f 1346 1105 1349
f 1349 1105 1106
f 1348 1347 1346
f 1348 1346 1349
f 1350 1107 1353
f 1353 1107 1108
f 1350 1352 1351
f 1352 1350 1353
f 1109 1110 1354
f 1354 1110 1357
f 1355 1354 1357
f 1355 1357 1356
f 1111 1112 1358
f 1358 1112 1361
f 1359 1358 1361
f 1359 1361 1360
f 1113 1114 1362
f 1362 1114 1365
f 1364 1363 1362
f 1364 1362 1365
f 1115 1116 1366
f 1366 1116 1369
f 1367 1366 1369
f 1367 1369 1368
f 1117 1118 1370
f 1370 1118 1373
f 1372 1371 1370
f 1372 1370 1373
f 1119 1120 1374
f 1374 1120 1377
f 1376 1375 1374
f 1376 1374 1377
f 1122 1381 1121
f 1121 1381 1378
f 1380 1379 1378
f 1380 1378 1381
f 1124 1385 1123
f 1123 1385 1382
f 1384 1383 1382
f 1384 1382 1385
f 1126 1389 1125
f 1125 1389 1386
f 1388 1387 1386
f 1388 1386 1389
f 1128 1393 1127
f 1127 1393 1390
f 1392 1391 1390
f 1392 1390 1393
f 1130 1397 1129
f 1129 1397 1394
f 1396 1395 1394
f 1396 1394 1397
f 1132 1401 1131
f 1131 1401 1398
f 1399 1398 1401
f 1399 1401 1400
f 1134 1405 1133
f 1133 1405 1402
f 1404 1403 1402
f 1404 1402 1405
f 1136 1409 1135
f 1135 1409 1406
f 1407 1406 1409
f 1407 1409 1408
f 1138 1413 1137
f 1137 1413 1410
f 1412 1411 1410
f 1412 1410 1413
f 1140 1417 1139
f 1139 1417 1414
f 1416 1415 1414
f 1416 1414 1417
f 1142 1421 1141
f 1141 1421 1418
f 1419 1418 1421
f 1419 1421 1420
f 1144 1425 1143
f 1143 1425 1422
f 1423 1422 1425
f 1423 1425 1424
f 1146 1429 1145
f 1145 1429 1426
f 1428 1427 1426
f 1428 1426 1429
f 1148 1433 1147
f 1147 1433 1430
f 1431 1430 1433
f 1431 1433 1432
f 1150 1437 1149
f 1149 1437 1434
f 1435 1434 1437
f 1435 1437 1436
f 1152 1441 1151
f 1151 1441 1438
f 1439 1438 1441
f 1439 1441 1440
f 1154 1445 1153
f 1153 1445 1442
f 1443 1442 1445
f 1443 1445 1444
f 1156 1449 1155
f 1155 1449 1446
f 1447 1446 1449
f 1447 1449 1448
f 1158 1453 1157
f 1157 1453 1450
f 1451 1450 1453
f 1451 1453 1452
f 1159 1160 1454
f 1454 1160 1457
f 1456 1455 1454
f 1456 1454 1457
f 1161 1162 1458
f 1458 1162 1461
f 1459 1458 1461
f 1459 1461 1460
f 1163 1164 1462
f 1462 1164 1465
f 1464 1463 1462
f 1464 1462 1465
f 1165 1166 1466
f 1466 1166 1469
f 1467 1466 1469
f 1467 1469 1468
f 1168 1473 1167
f 1167 1473 1470
f 1472 1471 1470
f 1472 1470 1473
f 1170 1477 1169
f 1169 1477 1474
f 1475 1474 1477
f 1475 1477 1476
f 1172 1481 1171
f 1171 1481 1478
f 1480 1479 1478
f 1480 1478 1481
f 1174 1485 1173
f 1173 1485 1482
f 1484 1483 1482
f 1484 1482 1485
f 1176 1489 1175
f 1175 1489 1486
f 1488 1487 1486
f 1488 1486 1489
f 1178 1493 1177
f 1177 1493 1490
f 1492 1491 1490
f 1492 1490 1493
f 1180 1497 1179
f 1179 1497 1494
f 1496 1495 1494
f 1496 1494 1497
f 1182 1501 1181
f 1181 1501 1498
f 1500 1499 1498
f 1500 1498 1501
f 1184 1505 1183
f 1183 1505 1502
f 1504 1503 1502
f 1504 1502 1505
f 1186 1509 1185
f 1185 1509 1506
f 1507 1506 1509
f 1507 1509 1508
f 1510 1188 1511
f 1511 1187 1512
f 1187 1511 1188
f 1191 1513 1515
f 1515 1514 1190
f 1515 1190 1191
f 1516 1194 1517
f 1517 1193 1518
f 1193 1517 1194
f 1197 1519 1521
f 1521 1520 1196
f 1521 1196 1197
f 1522 358 359
f 632 1522 634
f 359 360 633
f 633 634 359
f 359 634 1522
f 677 394 679
f 679 394 395
f 396 678 679
f 396 679 395
f 405 406 682
f 682 406 684
f 407 401 684
f 683 684 401
f 407 684 406
f 391 392 687
f 687 392 689
f 393 387 689
f 688 689 387
f 393 689 392
f 1523 1510 1511
f 1515 1511 1512
f 1515 1523 1511
f 1513 1523 1515
f 1515 1512 1514
f 1516 1517 1524
f 1524 1517 1521
f 1518 1520 1521
f 1519 1524 1521
f 1521 1517 1518
f 1025 1026 1525
f 1026 1027 1029
f 1030 1525 1026
f 1028 1525 1030
f 1030 1026 1029
f 13 757 758
f 1527 721 703
f 759 721 758
f 13 758 721
f 13 14 757
f 1526 13 1527
f 1527 1529 1528
f 703 1529 1527
f 13 721 1527
f 703 721 722
f 703 704 351
f 342 351 352
f 351 1531 1529
f 1507 1531 342
f 342 1531 351
f 342 343 333
f 333 1507 342
f 333 334 324
f 351 1529 703
f 1530 1529 1531
f 1531 1507 1508
f 1499 1503 324
f 1503 1507 333
f 315 324 325
f 1499 324 315
f 324 1503 333
f 1504 1507 1503
f 1499 1495 1496
f 1495 1499 315
f 1503 1499 1500
f 315 306 1495
f 1491 306 297
f 1491 1492 1495
f 297 298 288
f 307 297 306
f 315 316 306
f 1491 297 1487
f 1491 1487 1488
f 1487 1483 1484
f 1483 1487 288
f 1483 288 279
f 297 288 1487
f 1491 1495 306
f 1479 1483 279
f 261 1475 270
f 280 270 279
f 279 270 1479
f 1480 1483 1479
f 1476 1479 1475
f 1475 1471 1472
f 261 1471 1475
f 1479 270 1475
f 270 271 261
f 279 288 289
f 261 262 252
f 243 252 253
f 252 1467 1471
f 1463 1467 243
f 243 1467 252
f 243 244 234
f 234 1463 243
f 234 235 225
f 252 1471 261
f 1468 1471 1467
f 1467 1463 1464
f 1455 1459 225
f 1459 1463 234
f 216 225 226
f 1455 225 216
f 225 1459 234
f 1463 1459 1460
f 1455 1451 1452
f 1451 1455 216
f 1455 1456 1459
f 216 207 1451
f 207 208 198
f 207 216 217
f 189 198 199
f 207 198 1447
f 1448 1451 1447
f 1443 1447 198
f 189 1443 198
f 171 180 181
f 180 189 190
f 1439 189 180
f 1447 1451 207
f 1443 1444 1447
f 1439 1440 1443
f 1439 1443 189
f 1439 180 1435
f 1435 180 171
f 1435 1436 1439
f 1432 1435 1431
f 1431 1427 1428
f 162 1427 1431
f 1435 171 1431
f 1431 171 162
f 162 163 153
f 162 171 172
f 144 153 154
f 153 1423 1427
f 1419 1423 144
f 144 1423 153
f 144 145 135
f 135 1419 144
f 135 136 126
f 153 1427 162
f 1424 1427 1423
f 1423 1419 1420
f 1411 1415 126
f 1415 1419 135
f 126 127 117
f 1411 126 117
f 126 1415 135
f 1419 1415 1416
f 1411 1407 1408
f 1407 1411 117
f 1415 1411 1412
f 117 108 1407
f 108 109 99
f 108 117 118
f 99 100 90
f 108 99 1403
f 1399 99 90
f 1404 1407 1403
f 1400 1403 1399
f 1399 1395 1396
f 1395 1399 90
f 1403 99 1399
f 90 81 1395
f 1403 1407 108
f 1391 1395 81
f 1387 72 63
f 82 72 81
f 81 72 1391
f 1392 1395 1391
f 1388 1391 1387
f 1387 1383 1384
f 63 1383 1387
f 1391 72 1387
f 63 72 73
f 81 90 91
f 63 64 54
f 45 54 55
f 54 1379 1383
f 1375 1379 45
f 45 1379 54
f 45 46 1633
f 1633 1375 45
f 1631 1630 1629
f 1632 1631 1633
f 1371 1633 1631
f 54 1383 63
f 1380 1383 1379
f 1379 1375 1376
f 1629 1367 1631
f 1371 1375 1633
f 1363 1629 1627
f 1372 1375 1371
f 1371 1631 1367
f 1367 1363 1364
f 1363 1367 1629
f 1371 1367 1368
f 1629 1628 1627
f 1627 1626 1625
f 1625 1624 1623
f 1625 1623 1355
f 1627 1625 1359
f 1360 1363 1359
f 1356 1359 1355
f 1359 1625 1355
f 1352 1355 1623
f 1359 1363 1627
f 1623 1620 1352
f 1620 1623 1622
f 1352 1618 1348
f 1618 1352 1620
f 1618 1616 1348
f 1344 1348 1616
f 1622 1621 1620
f 1344 1347 1348
f 1336 1340 1612
f 1344 1340 1343
f 1344 1614 1340
f 1340 1336 1339
f 1332 1335 1336
f 1618 1620 1619
f 1351 1352 1348
f 1618 1617 1616
f 1616 1615 1614
f 1612 1610 1336
f 1612 1614 1613
f 1610 1612 1611
f 1340 1614 1612
f 1332 1336 1610
f 1614 1344 1616
f 1608 1610 1609
f 1328 1332 1608
f 1332 1328 1331
f 1608 1332 1610
f 1327 1328 1324
f 1606 1324 1328
f 1320 1323 1324
f 1320 1316 1319
f 1320 1324 1604
f 1608 1606 1328
f 1604 1602 1320
f 1604 1324 1606
f 1600 1316 1602
f 1602 1316 1320
f 1606 1605 1604
f 1604 1603 1602
f 1606 1608 1607
f 1312 1316 1600
f 1311 1312 1308
f 1307 1308 1304
f 1308 1312 1598
f 1312 1315 1316
f 1602 1601 1600
f 1600 1599 1598
f 1597 1596 1598
f 1312 1600 1598
f 1596 1308 1598
f 1292 1295 1296
f 1299 1300 1296
f 1303 1304 1300
f 1592 1296 1300
f 1304 1594 1300
f 1304 1596 1594
f 1296 1590 1292
f 1308 1596 1304
f 1288 1291 1292
f 1596 1595 1594
f 1594 1593 1592
f 1590 1588 1292
f 1590 1592 1591
f 1588 1590 1589
f 1296 1592 1590
f 1288 1292 1588
f 1592 1300 1594
f 1586 1588 1587
f 1288 1586 1284
f 1586 1288 1588
f 1584 1280 1284
f 1288 1284 1287
f 1283 1284 1280
f 1276 1279 1280
f 1276 1272 1275
f 1276 1280 1582
f 1584 1284 1586
f 1580 1276 1582
f 1582 1584 1583
f 1584 1586 1585
f 1582 1581 1580
f 1578 1268 1272
f 1268 1271 1272
f 1272 1276 1580
f 1578 1272 1580
f 1579 1578 1580
f 1268 1578 1576
f 1267 1268 1264
f 1280 1584 1582
f 1577 1576 1578
f 1260 1264 1574
f 1576 1264 1268
f 1256 1260 1572
f 1264 1260 1263
f 1259 1260 1256
f 1248 1252 1568
f 1256 1252 1255
f 1256 1570 1252
f 1252 1248 1251
f 1244 1247 1248
f 1576 1574 1264
f 1572 1574 1573
f 1574 1572 1260
f 1574 1576 1575
f 1572 1571 1570
f 1568 1566 1248
f 1568 1570 1569
f 1566 1568 1567
f 1252 1570 1568
f 1244 1248 1566
f 1570 1256 1572
f 1564 1566 1565
f 1244 1564 1240
f 1564 1244 1566
f 1236 1240 1562
f 1244 1240 1243
f 1239 1240 1236
f 1232 1235 1236
f 1231 1232 1228
f 1232 1236 1560
f 1564 1562 1240
f 1560 1558 1232
f 1224 1227 1228
f 1228 1558 1556
f 1558 1228 1232
f 1562 1561 1560
f 1560 1559 1558
f 1562 1564 1563
f 1224 1228 1556
f 1220 1223 1224
f 1224 1554 1220
f 1219 1220 1216
f 1236 1562 1560
f 1558 1557 1556
f 1556 1555 1554
f 1216 1220 1552
f 1552 1220 1554
f 1204 1207 1208
f 1211 1212 1208
f 1215 1216 1212
f 1548 1208 1212
f 1550 1212 1216
f 1548 1212 1550
f 1208 1546 1204
f 1550 1216 1552
f 1200 1203 1204
f 1554 1224 1556
f 1554 1553 1552
f 1550 1549 1548
f 1548 1546 1208
f 1546 1548 1547
f 1544 1546 1545
f 1546 1544 1204
f 1200 1204 1544
f 1551 1550 1552
f 1542 1544 1543
f 1200 1542 714
f 1542 1200 1544
f 732 714 1540
f 1200 714 1199
f 713 714 732
f 741 731 732
f 750 740 741
f 1538 741 732
f 749 750 5
f 741 1536 750
f 1542 1540 714
f 1538 1536 741
f 1538 1540 1539
f 1536 1538 1537
f 750 1536 1534
f 1540 1542 1541
f 5 750 4
f 1532 4 1533
f 4 750 1534
f 1534 1533 4
f 1536 1535 1534
f 732 1540 1538
f 1635 1634 1636
f 1636 1634 1637
f 1526 1527 1636
f 1526 1636 1637
f 1638 1641 1639
f 1639 1641 1640
f 1529 1640 1641
f 1529 1641 1528
f 1642 1645 1643
f 1643 1645 1644
f 1531 1644 1645
f 1531 1645 1530
f 1647 1646 1648
f 1648 1532 1533
f 1648 1533 1647
f 1650 1649 1651
f 1651 1534 1535
f 1651 1535 1650
f 1653 1652 1654
f 1654 1536 1537
f 1654 1537 1653
f 1656 1655 1657
f 1657 1538 1539
f 1657 1539 1656
f 1659 1658 1660
f 1660 1540 1541
f 1660 1541 1659
f 1662 1661 1663
f 1663 1542 1543
f 1663 1543 1662
f 1665 1664 1666
f 1666 1544 1545
f 1666 1545 1665
f 1668 1667 1669
f 1669 1546 1547
f 1669 1547 1668
f 1671 1670 1672
f 1672 1548 1549
f 1672 1549 1671
f 1674 1673 1675
f 1675 1550 1551
f 1675 1551 1674
f 1677 1676 1678
f 1678 1552 1553
f 1678 1553 1677
f 1680 1679 1681
f 1681 1554 1555
f 1681 1555 1680
f 1683 1682 1684
f 1684 1556 1557
f 1684 1557 1683
f 1686 1685 1687
f 1687 1558 1559
f 1687 1559 1686
f 1689 1688 1690
f 1690 1560 1561
f 1690 1561 1689
f 1692 1691 1693
f 1693 1562 1563
f 1693 1563 1692
f 1695 1694 1696
f 1696 1564 1565
f 1696 1565 1695
f 1698 1697 1699
f 1699 1566 1567
f 1699 1567 1698
f 1701 1700 1702
f 1702 1568 1569
f 1702 1569 1701
f 1704 1703 1705
f 1705 1570 1571
f 1705 1571 1704
f 1707 1706 1708
f 1708 1572 1573
f 1708 1573 1707
f 1710 1709 1711
f 1711 1574 1575
f 1711 1575 1710
f 1713 1712 1714
f 1714 1576 1577
f 1714 1577 1713
f 1716 1715 1717
f 1717 1578 1579
f 1717 1579 1716
f 1719 1718 1720
f 1720 1580 1581
f 1720 1581 1719
f 1722 1721 1723
f 1723 1582 1583
f 1723 1583 1722
f 1725 1724 1726
f 1726 1584 1585
f 1726 1585 1725
f 1728 1727 1729
f 1729 1586 1587
f 1729 1587 1728
f 1731 1730 1732
f 1732 1588 1589
f 1732 1589 1731
f 1734 1733 1735
f 1735 1590 1591
f 1735 1591 1734
f 1737 1736 1738
f 1738 1592 1593
f 1738 1593 1737
f 1740 1739 1741
f 1741 1594 1595
f 1741 1595 1740
f 1743 1742 1744
f 1744 1596 1597
f 1744 1597 1743
f 1746 1745 1747
f 1747 1598 1599
f 1747 1599 1746
f 1749 1748 1750
f 1750 1600 1601
f 1750 1601 1749
f 1752 1751 1753
f 1753 1602 1603
f 1753 1603 1752
f 1755 1754 1756
f 1756 1604 1605
f 1756 1605 1755
f 1758 1757 1759
f 1759 1606 1607
f 1759 1607 1758
f 1761 1760 1762
f 1762 1608 1609
f 1762 1609 1761
f 1764 1763 1765
f 1633 1765 1632
f 1765 1633 1764
f 1763 1764 1766
f 1766 1764 1769
f 1768 1767 1766
f 1768 1766 1769
f 1767 1768 1770
f 1770 1610 1611
f 1770 1611 1767
f 1772 1771 1773
f 1773 1630 1631
f 1773 1631 1772
f 1772 1777 1771
f 1771 1777 1774
f 1776 1775 1774
f 1776 1774 1777
f 1775 1776 1778
f 1778 1612 1613
f 1778 1613 1775
f 1780 1779 1781
f 1629 1781 1628
f 1781 1629 1780
f 1779 1780 1782
f 1782 1780 1785
f 1784 1783 1782
f 1784 1782 1785
f 1783 1784 1786
f 1786 1614 1615
f 1786 1615 1783
f 1788 1787 1789
f 1627 1789 1626
f 1789 1627 1788
f 1788 1793 1787
f 1787 1793 1790
f 1792 1791 1790
f 1792 1790 1793
f 1791 1792 1794
f 1794 1616 1617
f 1794 1617 1791
f 1796 1795 1797
f 1625 1797 1624
f 1797 1625 1796
f 1796 1801 1795
f 1795 1801 1798
f 1800 1799 1798
f 1800 1798 1801
f 1799 1800 1802
f 1802 1618 1619
f 1802 1619 1799
f 1804 1803 1805
f 1623 1805 1622
f 1805 1623 1804
f 1804 1809 1803
f 1803 1809 1806
f 1808 1807 1806
f 1808 1806 1809
f 1807 1808 1810
f 1810 1620 1621
f 1810 1621 1807
f 1634 1635 1811
f 1811 978 979
f 1811 979 1634
f 1646 1647 1812
f 843 1812 842
f 1812 843 1646
f 1638 1639 1813
f 1813 976 977
f 1813 977 1638
f 1649 1650 1814
f 1814 1650 1815
f 840 841 1814
f 840 1814 1815
f 1642 1643 1816
f 1816 974 975
f 1816 975 1642
f 1817 1652 1818
f 1818 1652 1653
f 838 839 1817
f 838 1817 1818
f 452 453 1819
f 973 1819 972
f 1819 973 452
f 1655 1656 1820
f 1820 1656 1821
f 1820 836 837
f 836 1820 1821
f 1822 454 1823
f 1823 454 455
f 970 971 1822
f 970 1822 1823
f 1824 1658 1825
f 1825 1658 1659
f 834 835 1824
f 834 1824 1825
f 457 458 1826
f 1826 968 969
f 1826 969 457
f 1661 1662 1827
f 1827 1662 1828
f 1828 832 833
f 1828 833 1827
f 460 461 1829
f 1829 966 967
f 1829 967 460
f 1664 1665 1830
f 1830 1665 1831
f 1831 830 831
f 1831 831 1830
f 462 463 1832
f 1832 463 1833
f 1833 964 965
f 1833 965 1832
f 1667 1668 1834
f 1834 1668 1835
f 1835 828 829
f 1835 829 1834
f 465 466 1836
f 1836 962 963
f 1836 963 465
f 1670 1671 1837
f 1837 1671 1838
f 1838 826 827
f 1838 827 1837
f 468 469 1839
f 1839 960 961
f 1839 961 468
f 1673 1674 1840
f 1840 1674 1841
f 1841 824 825
f 1841 825 1840
f 471 472 1842
f 1842 958 959
f 1842 959 471
f 1843 1676 1844
f 1844 1676 1677
f 1844 822 823
f 1844 823 1843
f 473 474 1845
f 1845 474 1846
f 1846 956 957
f 1846 957 1845
f 1847 1679 1848
f 1848 1679 1680
f 1848 820 821
f 1848 821 1847
f 476 477 1849
f 1849 954 955
f 1849 955 476
f 1682 1683 1850
f 1850 1683 1851
f 1851 818 819
f 1851 819 1850
f 479 480 1852
f 1852 952 953
f 1852 953 479
f 1685 1686 1853
f 1853 1686 1854
f 1854 816 817
f 1854 817 1853
f 482 483 1855
f 1855 950 951
f 1855 951 482
f 1688 1689 1856
f 1856 1689 1857
f 1857 814 815
f 1857 815 1856
f 1858 484 1859
f 1859 484 485
f 1859 948 949
f 1859 949 1858
f 1691 1692 1860
f 1860 1692 1861
f 1861 812 813
f 1861 813 1860
f 487 488 1862
f 1862 946 947
f 1862 947 487
f 1694 1695 1863
f 1863 1695 1864
f 1864 810 811
f 1864 811 1863
f 490 491 1865
f 945 1865 944
f 1865 945 490
f 1866 1697 1867
f 1867 1697 1698
f 1867 808 809
f 1867 809 1866
f 492 493 1868
f 1868 493 1869
f 1869 942 943
f 1869 943 1868
f 1870 1700 1871
f 1871 1700 1701
f 1871 806 807
f 1871 807 1870
f 495 496 1872
f 1872 940 941
f 1872 941 495
f 1873 1703 1874
f 1874 1703 1704
f 1874 804 805
f 1874 805 1873
f 498 499 1875
f 1875 938 939
f 1875 939 498
f 1876 1706 1877
f 1877 1706 1707
f 1877 802 803
f 1877 803 1876
f 501 502 1878
f 1878 936 937
f 1878 937 501
f 1879 1709 1880
f 1880 1709 1710
f 1880 800 801
f 1880 801 1879
f 503 504 1881
f 1881 504 1882
f 1881 934 935
f 934 1881 1882
f 1712 1713 1883
f 1883 1713 1884
f 1883 798 799
f 798 1883 1884
f 506 507 1885
f 1885 932 933
f 1885 933 506
f 1886 1715 1887
f 1887 1715 1716
f 796 797 1886
f 796 1886 1887
f 509 510 1888
f 1888 930 931
f 1888 931 509
f 1718 1719 1889
f 1889 1719 1890
f 1890 794 795
f 1890 795 1889
f 512 513 1891
f 1891 928 929
f 1891 929 512
f 1892 1721 1893
f 1893 1721 1722
f 1893 792 793
f 1893 793 1892
f 1894 514 1895
f 1895 514 515
f 1895 926 927
f 1895 927 1894
f 1724 1725 1896
f 1896 1725 1897
f 1897 790 791
f 1897 791 1896
f 517 518 1898
f 1898 924 925
f 1898 925 517
f 1899 1727 1900
f 1900 1727 1728
f 1900 788 789
f 1900 789 1899
f 520 521 1901
f 923 1901 922
f 1901 923 520
f 1730 1731 1902
f 1902 1731 1903
f 786 787 1902
f 786 1902 1903
f 523 524 1904
f 1904 920 921
f 1904 921 523
f 1905 1733 1906
f 1906 1733 1734
f 784 785 1905
f 784 1905 1906
f 1907 525 1908
f 1908 525 526
f 918 919 1907
f 918 1907 1908
f 1736 1737 1909
f 1909 1737 1910
f 782 783 1909
f 782 1909 1910
f 528 529 1911
f 917 1911 916
f 1911 917 528
f 1912 1739 1913
f 1913 1739 1740
f 1912 780 781
f 780 1912 1913
f 531 532 1914
f 1914 914 915
f 1914 915 531
f 1742 1743 1915
f 1915 1743 1916
f 1916 778 779
f 1916 779 1915
f 533 534 1917
f 1917 534 1918
f 1918 912 913
f 1918 913 1917
f 1745 1746 1919
f 1919 1746 1920
f 1920 776 777
f 1920 777 1919
f 536 537 1921
f 911 1921 910
f 1921 911 536
f 1748 1749 1922
f 1922 1749 1923
f 1923 774 775
f 1923 775 1922
f 539 540 1924
f 1924 908 909
f 1924 909 539
f 1751 1752 1925
f 1925 1752 1926
f 1926 772 773
f 1926 773 1925
f 1754 1755 1927
f 1927 1755 1928
f 1928 770 771
f 1928 771 1927
f 1929 1757 1930
f 1930 1757 1758
f 1930 768 769
f 1930 769 1929
f 1931 1760 1932
f 1932 1760 1761
f 1932 766 767
f 1932 767 1931
f 368 369 377
f 377 369 381
f 381 382 1933
f 377 381 376
f 378 379 1934
f 376 1934 379
f 378 1934 410
f 1934 1939 410
f 1933 1934 381
f 19 1936 25
f 1936 1935 25
f 381 1934 376
f 1933 382 1935
f 1937 1936 19
f 19 20 42
f 1023 1024 1935
f 42 20 41
f 1935 382 1023
f 19 42 28
f 1938 409 410
f 409 1938 631
f 1938 410 1939
f 29 631 1937
f 29 1937 28
f 1937 631 1938
f 19 28 1937
f 1935 1024 25
f 1944 1934 1941
f 1940 1944 1941
f 1933 1943 1941
f 1942 1941 1943
f 1933 1941 1934
f 1944 1940 1946
f 1934 1944 1939
f 1946 1945 1938
f 1938 1939 1946
f 1946 1939 1944
f 1938 1945 1948
f 1948 1947 1937
f 1948 1937 1938
f 1949 1950 1947
f 1937 1947 1950
f 1937 1950 1936
f 1950 1949 1952
f 1936 1950 1952
f 1952 1951 1935
f 1952 1935 1936
f 1942 1943 1951
f 1935 1951 1943
f 1935 1943 1933
f 1949 1941 1952
f 1940 1949 1946
f 1949 1940 1941
f 1946 1949 1948
f 1941 1942 1952
f 1951 1952 1942
f 1945 1946 1948
f 1948 1949 1947
f 642 411 668
f 668 411 412
f 635 412 413
f 412 635 668
f 646 641 670
f 670 641 667
f 637 667 636
f 667 637 670
f 1512 1187 1189
f 1189 1190 1514
f 1189 1514 1512
f 1518 1193 1195
f 1520 1195 1196
f 1195 1520 1518
f 450 665 690
f 449 690 664
f 690 449 450
f 443 661 692
f 692 660 442
f 692 442 443
f 436 657 694
f 694 656 435
f 694 435 436
f 1027 34 36
f 1029 36 37
f 36 1029 1027
f 429 653 671
f 671 652 428
f 671 428 429
f 422 649 673
f 673 648 421
f 673 421 422
f 633 360 361
f 361 362 365
f 361 365 633
f 678 396 397
f 397 398 675
f 397 675 678
f 683 401 402
f 402 403 680
f 402 680 683
f 688 387 388
f 388 389 685
f 388 685 688
f 15 756 14
f 756 10 755
f 10 756 15
f 755 10 765
f 756 757 14
f 16 765 10
f 765 980 764
f 980 765 16
f 1 748 6
f 747 1 754
f 1 747 748
f 748 749 5
f 5 6 748
f 754 7 753
f 754 1 7
f 1634 12 1637
f 11 1634 18
f 1634 11 12
f 12 13 1526
f 1526 1637 12
f 18 979 17
f 18 1634 979
f 746 739 751
f 738 746 745
f 746 738 739
f 739 740 750
f 750 751 739
f 745 752 744
f 745 746 752
f 1646 3 1648
f 2 1646 9
f 1646 2 3
f 3 4 1648
f 1532 1648 4
f 9 843 8
f 9 1646 843
f 1638 1636 1641
f 1635 1638 1811
f 1638 1635 1636
f 1636 1527 1641
f 1528 1641 1527
f 1811 977 978
f 1811 1638 977
f 737 730 742
f 729 737 736
f 737 729 730
f 730 731 741
f 741 742 730
f 736 743 735
f 736 737 743
f 1642 1640 1645
f 1639 1642 1813
f 1642 1639 1640
f 1640 1529 1530
f 1530 1645 1640
f 1813 975 976
f 1813 1642 975
f 728 712 733
f 711 728 718
f 728 711 712
f 712 713 732
f 732 733 712
f 718 734 717
f 718 728 734
f 1509 1186 384
f 1644 384 1643
f 1644 1509 384
f 384 385 1643
f 1643 385 408
f 1644 1531 1509
f 1508 1509 1531
f 408 1816 1643
f 408 452 1816
f 973 974 1816
f 452 973 1816
f 1022 1031 715
f 715 1031 1199
f 1022 710 32
f 32 710 31
f 31 710 30
f 715 710 1022
f 710 716 30
f 714 715 1199
f 630 30 700
f 716 699 700
f 30 716 700
f 453 454 1819
f 1819 454 1822
f 1822 971 972
f 1822 972 1819
f 627 628 982
f 628 629 982
f 982 698 844
f 698 982 629
f 1184 1185 1505
f 1505 1185 1506
f 1507 1504 1505
f 1507 1505 1506
f 1032 1033 1201
f 1201 1033 1202
f 1203 1200 1201
f 1203 1201 1202
f 455 456 1823
f 456 457 1823
f 1823 969 970
f 969 1823 457
f 625 626 983
f 983 626 981
f 981 845 846
f 981 846 983
f 1183 1502 1182
f 1182 1502 1501
f 1503 1500 1501
f 1503 1501 1502
f 1035 1206 1034
f 1034 1206 1205
f 1207 1204 1205
f 1207 1205 1206
f 458 459 1826
f 459 460 1826
f 1826 967 968
f 967 1826 460
f 623 624 984
f 622 623 984
f 984 847 848
f 847 984 624
f 1181 1498 1180
f 1180 1498 1497
f 1496 1497 1498
f 1496 1498 1499
f 1036 1037 1209
f 1209 1037 1210
f 1211 1208 1209
f 1211 1209 1210
f 461 462 1829
f 1829 462 1832
f 1832 965 966
f 1832 966 1829
f 620 621 985
f 619 620 985
f 985 849 850
f 849 985 621
f 1179 1494 1178
f 1178 1494 1493
f 1495 1492 1493
f 1495 1493 1494
f 1038 1039 1213
f 1213 1039 1214
f 1212 1213 1214
f 1212 1214 1215
f 463 464 1833
f 464 465 1833
f 1833 963 964
f 963 1833 465
f 617 618 987
f 616 617 987
f 987 851 852
f 851 987 618
f 1177 1490 1176
f 1176 1490 1489
f 1491 1488 1489
f 1491 1489 1490
f 1040 1041 1217
f 1217 1041 1218
f 1216 1217 1218
f 1216 1218 1219
f 466 467 1836
f 467 468 1836
f 1836 961 962
f 961 1836 468
f 614 615 988
f 988 615 986
f 853 854 988
f 853 988 986
f 1174 1175 1485
f 1485 1175 1486
f 1487 1484 1485
f 1487 1485 1486
f 1042 1043 1221
f 1221 1043 1222
f 1220 1221 1222
f 1220 1222 1223
f 469 470 1839
f 470 471 1839
f 1839 959 960
f 959 1839 471
f 989 611 612
f 989 612 613
f 989 855 856
f 855 989 613
f 1173 1482 1172
f 1172 1482 1481
f 1480 1481 1482
f 1480 1482 1483
f 1045 1226 1044
f 1044 1226 1225
f 1227 1224 1225
f 1227 1225 1226
f 472 473 1842
f 1842 473 1845
f 1845 957 958
f 1845 958 1842
f 991 608 609
f 991 609 610
f 991 857 858
f 857 991 610
f 1171 1478 1170
f 1170 1478 1477
f 1479 1476 1477
f 1479 1477 1478
f 1046 1047 1229
f 1229 1047 1230
f 1228 1229 1230
f 1228 1230 1231
f 474 475 1846
f 475 476 1846
f 1846 955 956
f 955 1846 476
f 606 607 992
f 992 607 990
f 859 860 992
f 859 992 990
f 1169 1474 1168
f 1168 1474 1473
f 1475 1472 1473
f 1475 1473 1474
f 1049 1234 1048
f 1048 1234 1233
f 1235 1232 1233
f 1235 1233 1234
f 477 478 1849
f 478 479 1849
f 1849 953 954
f 953 1849 479
f 604 605 993
f 603 604 993
f 993 861 862
f 861 993 605
f 1167 1470 1166
f 1166 1470 1469
f 1471 1468 1469
f 1471 1469 1470
f 1051 1238 1050
f 1050 1238 1237
f 1239 1236 1237
f 1239 1237 1238
f 480 481 1852
f 481 482 1852
f 1852 951 952
f 951 1852 482
f 601 602 994
f 600 601 994
f 994 863 864
f 863 994 602
f 1165 1466 1164
f 1164 1466 1465
f 1464 1465 1466
f 1464 1466 1467
f 1053 1242 1052
f 1052 1242 1241
f 1240 1241 1242
f 1240 1242 1243
f 483 484 1855
f 1855 484 1858
f 1858 949 950
f 1858 950 1855
f 598 599 996
f 597 598 996
f 996 865 866
f 865 996 599
f 1163 1462 1162
f 1162 1462 1461
f 1460 1461 1462
f 1460 1462 1463
f 1055 1246 1054
f 1054 1246 1245
f 1244 1245 1246
f 1244 1246 1247
f 485 486 1859
f 486 487 1859
f 1859 947 948
f 947 1859 487
f 997 595 995
f 995 595 596
f 995 867 868
f 995 868 997
f 1160 1161 1457
f 1457 1161 1458
f 1456 1457 1458
f 1456 1458 1459
f 1057 1250 1056
f 1056 1250 1249
f 1248 1249 1250
f 1248 1250 1251
f 488 489 1862
f 489 490 1862
f 1862 945 946
f 945 1862 490
f 998 592 593
f 998 593 594
f 998 869 870
f 869 998 594
f 1159 1454 1158
f 1158 1454 1453
f 1452 1453 1454
f 1452 1454 1455
f 1058 1059 1253
f 1253 1059 1254
f 1255 1252 1253
f 1255 1253 1254
f 491 492 1865
f 1865 492 1868
f 1868 943 944
f 1868 944 1865
f 589 590 999
f 590 591 999
f 999 871 872
f 871 999 591
f 1157 1450 1156
f 1156 1450 1449
f 1448 1449 1450
f 1448 1450 1451
f 1060 1061 1257
f 1257 1061 1258
f 1259 1256 1257
f 1259 1257 1258
f 493 494 1869
f 494 495 1869
f 1869 941 942
f 941 1869 495
f 586 587 1001
f 587 588 1001
f 1001 873 874
f 873 1001 588
f 1155 1446 1154
f 1154 1446 1445
f 1444 1445 1446
f 1444 1446 1447
f 1062 1063 1261
f 1261 1063 1262
f 1260 1261 1262
f 1260 1262 1263
f 496 497 1872
f 497 498 1872
f 1872 939 940
f 939 1872 498
f 1002 584 1000
f 1000 584 585
f 1000 875 876
f 1000 876 1002
f 1153 1442 1152
f 1152 1442 1441
f 1443 1440 1441
f 1443 1441 1442
f 1065 1266 1064
f 1064 1266 1265
f 1264 1265 1266
f 1264 1266 1267
f 1875 499 500
f 1875 500 501
f 1875 937 938
f 937 1875 501
f 1003 581 582
f 1003 582 583
f 1003 877 878
f 877 1003 583
f 1151 1438 1150
f 1150 1438 1437
f 1439 1436 1437
f 1439 1437 1438
f 1067 1270 1066
f 1066 1270 1269
f 1268 1269 1270
f 1268 1270 1271
f 502 503 1878
f 1878 503 1881
f 1881 935 936
f 1881 936 1878
f 1004 578 579
f 1004 579 580
f 1004 879 880
f 879 1004 580
f 1149 1434 1148
f 1148 1434 1433
f 1435 1432 1433
f 1435 1433 1434
f 1068 1069 1273
f 1273 1069 1274
f 1275 1272 1273
f 1275 1273 1274
f 1882 504 505
f 1882 505 506
f 1882 933 934
f 933 1882 506
f 575 576 1006
f 576 577 1006
f 1006 881 882
f 881 1006 577
f 1147 1430 1146
f 1146 1430 1429
f 1431 1428 1429
f 1431 1429 1430
f 1071 1278 1070
f 1070 1278 1277
f 1279 1276 1277
f 1279 1277 1278
f 507 508 1885
f 508 509 1885
f 1885 931 932
f 931 1885 509
f 573 574 1007
f 1007 574 1005
f 1007 883 884
f 883 1007 1005
f 1144 1145 1425
f 1425 1145 1426
f 1427 1424 1425
f 1427 1425 1426
f 1073 1282 1072
f 1072 1282 1281
f 1283 1280 1281
f 1283 1281 1282
f 510 511 1888
f 511 512 1888
f 1888 929 930
f 929 1888 512
f 570 571 1008
f 571 572 1008
f 1008 885 886
f 885 1008 572
f 1143 1422 1142
f 1142 1422 1421
f 1423 1420 1421
f 1423 1421 1422
f 1074 1075 1285
f 1285 1075 1286
f 1284 1285 1286
f 1284 1286 1287
f 513 514 1891
f 1891 514 1894
f 1894 927 928
f 1894 928 1891
f 568 569 1010
f 567 568 1010
f 1010 887 888
f 887 1010 569
f 1140 1141 1417
f 1417 1141 1418
f 1419 1416 1417
f 1419 1417 1418
f 1077 1290 1076
f 1076 1290 1289
f 1288 1289 1290
f 1288 1290 1291
f 515 516 1895
f 516 517 1895
f 1895 925 926
f 925 1895 517
f 565 566 1011
f 1011 566 1009
f 1011 889 890
f 889 1011 1009
f 1139 1414 1138
f 1138 1414 1413
f 1415 1412 1413
f 1415 1413 1414
f 1079 1294 1078
f 1078 1294 1293
f 1292 1293 1294
f 1292 1294 1295
f 518 519 1898
f 519 520 1898
f 1898 923 924
f 923 1898 520
f 1012 562 563
f 1012 563 564
f 1012 891 892
f 891 1012 564
f 1137 1410 1136
f 1136 1410 1409
f 1408 1409 1410
f 1408 1410 1411
f 1080 1081 1297
f 1297 1081 1298
f 1296 1297 1298
f 1296 1298 1299
f 521 522 1901
f 522 523 1901
f 1901 921 922
f 921 1901 523
f 559 560 1013
f 560 561 1013
f 1013 893 894
f 893 1013 561
f 1134 1135 1405
f 1405 1135 1406
f 1404 1405 1406
f 1404 1406 1407
f 1082 1083 1301
f 1301 1083 1302
f 1303 1300 1301
f 1303 1301 1302
f 524 525 1904
f 1904 525 1907
f 1907 919 920
f 1907 920 1904
f 556 557 1015
f 557 558 1015
f 1015 895 896
f 895 1015 558
f 1133 1402 1132
f 1132 1402 1401
f 1400 1401 1402
f 1400 1402 1403
f 1084 1085 1305
f 1305 1085 1306
f 1304 1305 1306
f 1304 1306 1307
f 526 527 1908
f 527 528 1908
f 1908 917 918
f 917 1908 528
f 554 555 1016
f 1016 555 1014
f 1014 897 898
f 1014 898 1016
f 1131 1398 1130
f 1130 1398 1397
f 1396 1397 1398
f 1396 1398 1399
f 1087 1310 1086
f 1086 1310 1309
f 1311 1308 1309
f 1311 1309 1310
f 1911 529 530
f 1911 530 531
f 1911 915 916
f 915 1911 531
f 551 552 1017
f 552 553 1017
f 1017 899 900
f 899 1017 553
f 1129 1394 1128
f 1128 1394 1393
f 1392 1393 1394
f 1392 1394 1395
f 1089 1314 1088
f 1088 1314 1313
f 1312 1313 1314
f 1312 1314 1315
f 1914 532 1917
f 1917 532 533
f 913 914 1914
f 913 1914 1917
f 548 549 1018
f 549 550 1018
f 1018 901 902
f 901 1018 550
f 1127 1390 1126
f 1126 1390 1389
f 1388 1389 1390
f 1388 1390 1391
f 1091 1318 1090
f 1090 1318 1317
f 1316 1317 1318
f 1316 1318 1319
f 535 536 1918
f 534 535 1918
f 1918 911 912
f 911 1918 536
f 545 546 1020
f 546 547 1020
f 1020 903 904
f 903 1020 547
f 1125 1386 1124
f 1124 1386 1385
f 1384 1385 1386
f 1384 1386 1387
f 1093 1322 1092
f 1092 1322 1321
f 1323 1320 1321
f 1323 1321 1322
f 538 539 1921
f 537 538 1921
f 1921 909 910
f 909 1921 539
f 543 544 1021
f 1021 544 1019
f 1019 905 906
f 1019 906 1021
f 1123 1382 1122
f 1122 1382 1381
f 1383 1380 1381
f 1383 1381 1382
f 1095 1326 1094
f 1094 1326 1325
f 1327 1324 1325
f 1327 1325 1326
f 540 541 1924
f 1924 541 907
f 907 908 1924
f 907 541 542
f 1121 1378 1120
f 1120 1378 1377
f 1379 1376 1377
f 1379 1377 1378
f 1097 1330 1096
f 1096 1330 1329
f 1331 1328 1329
f 1331 1329 1330
f 1119 1374 1118
f 1118 1374 1373
f 1375 1372 1373
f 1375 1373 1374
f 1099 1334 1098
f 1098 1334 1333
f 1332 1333 1334
f 1332 1334 1335
f 1117 1370 1116
f 1116 1370 1369
f 1371 1368 1369
f 1371 1369 1370
f 1101 1338 1100
f 1100 1338 1337
f 1336 1337 1338
f 1336 1338 1339
f 1115 1366 1114
f 1114 1366 1365
f 1367 1364 1365
f 1367 1365 1366
f 1103 1342 1102
f 1102 1342 1341
f 1340 1341 1342
f 1340 1342 1343
f 1113 1362 1112
f 1112 1362 1361
f 1360 1361 1362
f 1360 1362 1363
f 1105 1346 1104
f 1104 1346 1345
f 1344 1345 1346
f 1344 1346 1347
f 1110 1111 1357
f 1357 1111 1358
f 1356 1357 1358
f 1356 1358 1359
f 1107 1350 1106
f 1106 1350 1349
f 1348 1349 1350
f 1348 1350 1351
f 1353 1109 1354
f 1352 1354 1355
f 1109 1353 1108
f 1353 1354 1352
f 424 425 654
f 654 425 672
f 426 651 672
f 426 672 425
f 417 418 650
f 650 418 674
f 419 647 674
f 419 674 418
f 364 358 1522
f 364 1522 632
f 366 367 364
f 363 364 367
f 366 364 632
f 394 677 400
f 400 676 399
f 676 400 677
f 405 682 681
f 681 404 405
f 391 687 390
f 686 390 687
f 1188 1510 1192
f 1192 1510 1523
f 1191 1192 1523
f 1191 1523 1513
f 1516 1524 1194
f 1194 1524 1198
f 1197 1198 1524
f 1197 1524 1519
f 445 446 666
f 666 446 691
f 447 663 691
f 447 691 446
f 662 438 693
f 693 438 439
f 440 659 693
f 440 693 439
f 431 432 658
f 658 432 695
f 433 655 695
f 433 695 432
f 1025 1525 35
f 35 1525 39
f 1028 38 39
f 1028 39 1525
f 645 669 644
f 644 669 697
f 638 639 697
f 638 697 669
f 415 643 696
f 696 640 414
f 696 414 415
f 372 374 371
f 380 371 374
f 380 374 375
f 22 23 26
f 26 27 40
f 26 40 22
f 1649 1647 1651
f 1647 1649 1814
f 1533 1534 1651
f 1651 1647 1533
f 841 842 1814
f 1812 1647 1814
f 1812 1814 842
f 760 720 759
f 720 760 762
f 721 759 720
f 762 763 727
f 726 727 763
f 762 727 720
f 1652 1650 1654
f 1650 1652 1817
f 1535 1536 1654
f 1654 1650 1535
f 1817 839 840
f 840 1815 1817
f 1815 1650 1817
f 719 702 723
f 702 719 724
f 703 722 723
f 723 702 703
f 724 725 708
f 708 709 724
f 709 702 724
f 1655 1653 1657
f 1653 1655 1820
f 1537 1538 1657
f 1657 1653 1537
f 1820 837 1818
f 838 1818 837
f 1818 1653 1820
f 701 350 705
f 350 701 706
f 351 704 705
f 705 350 351
f 706 707 356
f 356 357 706
f 357 350 706
f 1658 1656 1660
f 1656 1658 1824
f 1539 1540 1660
f 1660 1656 1539
f 1824 835 1821
f 836 1821 835
f 1821 1656 1824
f 349 341 353
f 341 349 354
f 342 352 353
f 353 341 342
f 354 355 347
f 347 348 354
f 348 341 354
f 1661 1659 1663
f 1659 1661 1827
f 1541 1542 1663
f 1663 1659 1541
f 1827 833 834
f 834 1825 1827
f 1825 1659 1827
f 340 332 344
f 332 340 345
f 333 343 344
f 344 332 333
f 345 346 338
f 338 339 345
f 339 332 345
f 1664 1662 1666
f 1662 1664 1830
f 1543 1544 1666
f 1666 1662 1543
f 831 832 1828
f 1828 1662 1830
f 1828 1830 831
f 331 323 335
f 323 331 336
f 324 334 335
f 335 323 324
f 336 337 329
f 329 330 336
f 330 323 336
f 1667 1665 1669
f 1665 1667 1834
f 1545 1546 1669
f 1669 1665 1545
f 1834 829 830
f 830 1831 1834
f 1831 1665 1834
f 322 314 326
f 314 322 327
f 315 325 326
f 326 314 315
f 327 328 320
f 320 321 327
f 321 314 327
f 1670 1668 1672
f 1668 1670 1837
f 1547 1548 1672
f 1672 1668 1547
f 1837 827 1835
f 828 1835 827
f 1835 1668 1837
f 313 305 317
f 305 313 318
f 306 316 317
f 317 305 306
f 318 319 311
f 311 312 318
f 312 305 318
f 1673 1671 1675
f 1671 1673 1840
f 1549 1550 1675
f 1675 1671 1549
f 1840 825 826
f 826 1838 1840
f 1838 1671 1840
f 304 296 308
f 296 304 309
f 297 307 308
f 308 296 297
f 309 310 302
f 302 303 309
f 303 296 309
f 1676 1674 1678
f 1674 1676 1843
f 1551 1552 1678
f 1678 1674 1551
f 1843 823 824
f 824 1841 1843
f 1841 1674 1843
f 295 287 299
f 287 295 300
f 288 298 299
f 299 287 288
f 300 301 293
f 293 294 300
f 294 287 300
f 1679 1677 1681
f 1677 1679 1847
f 1553 1554 1681
f 1681 1677 1553
f 1847 821 822
f 822 1844 1847
f 1844 1677 1847
f 286 278 290
f 278 286 291
f 279 289 290
f 290 278 279
f 291 292 284
f 284 285 291
f 285 278 291
f 1682 1680 1684
f 1680 1682 1850
f 1555 1556 1684
f 1684 1680 1555
f 1850 819 1848
f 820 1848 819
f 1848 1680 1850
f 277 269 281
f 269 277 282
f 270 280 281
f 281 269 270
f 282 283 275
f 275 276 282
f 276 269 282
f 1685 1683 1687
f 1683 1685 1853
f 1557 1558 1687
f 1687 1683 1557
f 1853 817 818
f 818 1851 1853
f 1851 1683 1853
f 268 260 272
f 260 268 273
f 261 271 272
f 272 260 261
f 273 274 267
f 266 267 274
f 267 260 273
f 1688 1686 1690
f 1686 1688 1856
f 1559 1560 1690
f 1690 1686 1559
f 1856 815 816
f 816 1854 1856
f 1854 1686 1856
f 259 251 263
f 251 259 264
f 252 262 263
f 263 251 252
f 264 265 257
f 257 258 264
f 258 251 264
f 1691 1689 1693
f 1689 1691 1860
f 1561 1562 1693
f 1693 1689 1561
f 1860 813 814
f 814 1857 1860
f 1857 1689 1860
f 250 242 254
f 242 250 255
f 243 253 254
f 254 242 243
f 255 256 248
f 248 249 255
f 249 242 255
f 1694 1692 1696
f 1692 1694 1863
f 1563 1564 1696
f 1696 1692 1563
f 1863 811 812
f 812 1861 1863
f 1861 1692 1863
f 241 233 245
f 233 241 246
f 234 244 245
f 245 233 234
f 246 247 240
f 239 240 247
f 240 233 246
f 1697 1695 1699
f 1695 1697 1866
f 1565 1566 1699
f 1699 1695 1565
f 1866 809 810
f 810 1864 1866
f 1864 1695 1866
f 232 224 236
f 224 232 237
f 225 235 236
f 236 224 225
f 237 238 230
f 230 231 237
f 231 224 237
f 1700 1698 1702
f 1698 1700 1870
f 1567 1568 1702
f 1702 1698 1567
f 1870 807 1867
f 808 1867 807
f 1867 1698 1870
f 223 215 227
f 215 223 228
f 216 226 227
f 227 215 216
f 228 229 222
f 221 222 229
f 222 215 228
f 1703 1701 1705
f 1701 1703 1873
f 1569 1570 1705
f 1705 1701 1569
f 1873 805 806
f 806 1871 1873
f 1871 1701 1873
f 214 206 218
f 206 214 219
f 207 217 218
f 218 206 207
f 219 220 213
f 212 213 220
f 213 206 219
f 1706 1704 1708
f 1704 1706 1876
f 1571 1572 1708
f 1708 1704 1571
f 1876 803 804
f 804 1874 1876
f 1874 1704 1876
f 205 197 209
f 197 205 210
f 198 208 209
f 209 197 198
f 210 211 203
f 203 204 210
f 204 197 210
f 1709 1707 1711
f 1707 1709 1879
f 1573 1574 1711
f 1711 1707 1573
f 1879 801 802
f 802 1877 1879
f 1877 1707 1879
f 196 188 200
f 188 196 201
f 189 199 200
f 200 188 189
f 201 202 194
f 194 195 201
f 195 188 201
f 1712 1710 1714
f 1710 1712 1883
f 1575 1576 1714
f 1714 1710 1575
f 1883 799 800
f 800 1880 1883
f 1880 1710 1883
f 187 179 191
f 179 187 192
f 180 190 191
f 191 179 180
f 192 193 186
f 185 186 193
f 186 179 192
f 1715 1713 1717
f 1713 1715 1886
f 1577 1578 1717
f 1717 1713 1577
f 1886 797 1884
f 798 1884 797
f 1884 1713 1886
f 178 170 182
f 170 178 183
f 171 181 182
f 182 170 171
f 183 184 176
f 176 177 183
f 177 170 183
f 1718 1716 1720
f 1716 1718 1889
f 1579 1580 1720
f 1720 1716 1579
f 1889 795 796
f 796 1887 1889
f 1887 1716 1889
f 169 161 173
f 161 169 174
f 162 172 173
f 173 161 162
f 174 175 167
f 167 168 174
f 168 161 174
f 1721 1719 1723
f 1719 1721 1892
f 1581 1582 1723
f 1723 1719 1581
f 1892 793 794
f 794 1890 1892
f 1890 1719 1892
f 160 152 164
f 152 160 165
f 153 163 164
f 164 152 153
f 165 166 158
f 158 159 165
f 159 152 165
f 1724 1722 1726
f 1722 1724 1896
f 1583 1584 1726
f 1726 1722 1583
f 1896 791 792
f 792 1893 1896
f 1893 1722 1896
f 151 143 155
f 143 151 156
f 144 154 155
f 155 143 144
f 156 157 149
f 149 150 156
f 150 143 156
f 1727 1725 1729
f 1725 1727 1899
f 1585 1586 1729
f 1729 1725 1585
f 1899 789 790
f 790 1897 1899
f 1897 1725 1899
f 142 134 146
f 134 142 147
f 135 145 146
f 146 134 135
f 147 148 140
f 140 141 147
f 141 134 147
f 1730 1728 1732
f 1728 1730 1902
f 1587 1588 1732
f 1732 1728 1587
f 1902 787 788
f 788 1900 1902
f 1900 1728 1902
f 133 125 137
f 125 133 138
f 126 136 137
f 137 125 126
f 138 139 131
f 131 132 138
f 132 125 138
f 1733 1731 1735
f 1731 1733 1905
f 1589 1590 1735
f 1735 1731 1589
f 1905 785 786
f 786 1903 1905
f 1903 1731 1905
f 124 116 128
f 116 124 129
f 117 127 128
f 128 116 117
f 129 130 122
f 122 123 129
f 123 116 129
f 1736 1734 1738
f 1734 1736 1909
f 1591 1592 1738
f 1738 1734 1591
f 1909 783 784
f 784 1906 1909
f 1906 1734 1909
f 115 107 119
f 107 115 120
f 108 118 119
f 119 107 108
f 120 121 113
f 113 114 120
f 114 107 120
f 1739 1737 1741
f 1737 1739 1912
f 1593 1594 1741
f 1741 1737 1593
f 1912 781 1910
f 782 1910 781
f 1910 1737 1912
f 106 98 110
f 98 106 111
f 99 109 110
f 110 98 99
f 111 112 104
f 104 105 111
f 105 98 111
f 1742 1740 1744
f 1740 1742 1915
f 1595 1596 1744
f 1744 1740 1595
f 1915 779 780
f 780 1913 1915
f 1913 1740 1915
f 97 89 101
f 89 97 102
f 90 100 101
f 101 89 90
f 102 103 96
f 95 96 103
f 96 89 102
f 1745 1743 1747
f 1743 1745 1919
f 1597 1598 1747
f 1747 1743 1597
f 1919 777 778
f 778 1916 1919
f 1916 1743 1919
f 88 80 92
f 80 88 93
f 81 91 92
f 92 80 81
f 93 94 86
f 86 87 93
f 87 80 93
f 1748 1746 1750
f 1746 1748 1922
f 1599 1600 1750
f 1750 1746 1599
f 1922 775 776
f 776 1920 1922
f 1920 1746 1922
f 79 71 83
f 71 79 84
f 72 82 83
f 83 71 72
f 84 85 77
f 77 78 84
f 78 71 84
f 1751 1749 1753
f 1749 1751 1925
f 1601 1602 1753
f 1753 1749 1601
f 1925 773 774
f 774 1923 1925
f 1923 1749 1925
f 70 62 74
f 62 70 75
f 63 73 74
f 74 62 63
f 75 76 69
f 68 69 76
f 69 62 75
f 1754 1752 1756
f 1752 1754 1927
f 1603 1604 1756
f 1756 1752 1603
f 1927 771 772
f 772 1926 1927
f 1926 1752 1927
f 61 53 65
f 53 61 66
f 54 64 65
f 65 53 54
f 66 67 59
f 59 60 66
f 60 53 66
f 1757 1755 1759
f 1755 1757 1929
f 1605 1606 1759
f 1759 1755 1605
f 1929 769 770
f 770 1928 1929
f 1928 1755 1929
f 52 44 56
f 44 52 57
f 45 55 56
f 56 44 45
f 57 58 50
f 50 51 57
f 51 44 57
f 1760 1758 1762
f 1758 1760 1931
f 1607 1608 1762
f 1762 1758 1607
f 1931 767 768
f 768 1930 1931
f 1930 1758 1931
f 1768 1761 1770
f 1768 1769 43
f 1761 1768 48
f 43 1764 47
f 1764 43 1769
f 47 1633 46
f 1768 43 48
f 48 49 766
f 766 1932 48
f 47 1764 1633
f 1609 1610 1770
f 1761 1609 1770
f 1761 48 1932
f 1766 1767 1776
f 1776 1767 1611
f 1766 1776 1777
f 1766 1772 1763
f 1772 1766 1777
f 1763 1772 1765
f 1778 1611 1612
f 1611 1778 1776
f 1765 1631 1632
f 1765 1772 1631
f 1774 1775 1784
f 1784 1775 1613
f 1774 1784 1785
f 1771 1785 1780
f 1785 1771 1774
f 1771 1780 1773
f 1786 1613 1614
f 1613 1786 1784
f 1773 1629 1630
f 1773 1780 1629
f 1782 1783 1792
f 1792 1783 1615
f 1782 1792 1793
f 1779 1793 1788
f 1793 1779 1782
f 1779 1788 1781
f 1794 1615 1616
f 1615 1794 1792
f 1781 1627 1628
f 1781 1788 1627
f 1790 1791 1800
f 1800 1791 1617
f 1790 1800 1801
f 1790 1796 1787
f 1796 1790 1801
f 1787 1796 1789
f 1802 1617 1618
f 1617 1802 1800
f 1789 1625 1626
f 1789 1796 1625
f 1798 1799 1808
f 1808 1799 1619
f 1798 1808 1809
f 1798 1804 1795
f 1804 1798 1809
f 1795 1804 1797
f 1810 1619 1620
f 1619 1810 1808
f 1797 1623 1624
f 1797 1804 1623
f 1806 1807 1805
f 1803 1806 1805
f 1805 1621 1622
f 1621 1805 1807
