v 0.887500 0.975000 2.650000
v 0.887500 0.975000 2.675000
v 0.887500 5.550000 2.675000
v 0.887500 5.575000 2.675000
v 0.887500 5.575000 2.650000
v 0.887500 5.550000 2.650000
v 6.712500 0.975000 2.650000
v 6.712500 0.975000 2.675000
v 6.687500 0.975000 2.675000
v -6.637500 -5.500000 2.650000
v -6.637500 -5.500000 2.675000
v -6.637500 5.550000 2.675000
v -6.637500 5.575000 2.675000
v -6.637500 5.575000 2.650000
v -6.637500 5.550000 2.650000
v 6.712500 -5.500000 2.650000
v 6.712500 -5.500000 2.675000
v 6.687500 -5.500000 2.675000
v 0.312500 0.425000 2.825000
v 0.312500 0.425000 2.925000
v 0.312500 0.425000 2.950000
v 0.312500 5.000000 2.950000
v 0.312500 5.025000 2.950000
v 0.312500 5.025000 2.825000
v 0.312500 5.000000 2.825000
v 0.362500 5.025000 2.950000
v 0.362500 5.025000 2.925000
v 0.412500 5.025000 2.925000
v 0.412500 5.025000 2.900000
v 0.462500 5.025000 2.900000
v 0.462500 5.025000 2.875000
v 0.487500 5.025000 2.875000
v 0.487500 5.025000 2.850000
v 0.512500 5.025000 2.850000
v 0.512500 5.025000 2.825000
v 0.487500 5.025000 2.825000
v 0.362500 0.450000 2.950000
v 0.362500 0.450000 2.925000
v 0.362500 5.000000 2.925000
v 0.362500 5.000000 2.950000
v 0.412500 0.500000 2.925000
v 0.412500 0.500000 2.900000
v 0.412500 5.000000 2.900000
v 0.412500 5.000000 2.925000
v 0.462500 0.550000 2.900000
v 0.462500 0.550000 2.875000
v 0.462500 5.000000 2.875000
v 0.462500 5.000000 2.900000
v 0.487500 0.600000 2.875000
v 0.487500 0.600000 2.850000
v 0.487500 5.000000 2.850000
v 0.487500 5.000000 2.875000
v 0.537500 0.625000 2.850000
v 0.537500 0.625000 2.825000
v 0.537500 5.575000 2.825000
v 0.537500 5.575000 2.850000
v 0.537500 5.550000 2.850000
v 6.162500 0.625000 2.850000
v 6.162500 0.625000 2.825000
v 6.512500 0.625000 2.825000
v 6.512500 0.625000 0.000000
v 5.412500 0.625000 0.000000
v 5.412500 0.625000 2.125000
v 4.387500 0.625000 2.125000
v 4.387500 0.625000 0.000000
v 0.512500 0.625000 0.000000
v 0.512500 0.625000 2.825000
v 1.587500 0.625000 2.100000
v 1.587500 0.625000 1.625000
v 2.587500 0.625000 1.625000
v 2.587500 0.625000 2.100000
v 2.562500 0.625000 2.100000
v 0.512500 5.375000 2.850000
v 0.512500 5.375000 0.000000
v 0.512500 5.350000 0.000000
v 6.162500 0.600000 2.875000
v 6.162500 0.600000 2.850000
v 6.137500 0.600000 2.850000
v 6.162500 0.425000 2.825000
v 6.162500 0.550000 2.875000
v 6.162500 0.550000 2.900000
v 6.162500 0.500000 2.900000
v 6.162500 0.500000 2.925000
v 6.162500 0.450000 2.925000
v 6.162500 0.450000 2.950000
v 6.162500 0.425000 2.950000
v 6.162500 0.425000 2.925000
v 6.137500 0.550000 2.875000
v 6.137500 0.500000 2.900000
v 6.137500 0.450000 2.925000
v 0.512500 0.625000 2.800000
v 2.562500 0.625000 1.625000
v 1.587500 0.550000 1.625000
v 1.587500 0.550000 2.075000
v 1.587500 0.550000 2.100000
v 1.587500 0.600000 2.100000
v 1.587500 0.600000 1.625000
v 2.587500 0.550000 1.625000
v 2.587500 0.550000 2.100000
v 2.587500 0.550000 2.075000
v -6.312500 5.375000 0.000000
v 0.487500 5.375000 2.850000
v 0.487500 5.375000 2.875000
v 0.462500 5.375000 2.875000
v 0.462500 5.375000 2.900000
v 0.412500 5.375000 2.900000
v 0.412500 5.375000 2.925000
v 0.362500 5.375000 2.925000
v 0.362500 5.375000 2.950000
v 0.312500 5.375000 2.950000
v 0.312500 5.375000 2.975000
v 0.287500 5.375000 2.975000
v 0.287500 5.375000 3.000000
v 0.237500 5.375000 3.000000
v 0.237500 5.375000 3.025000
v 0.187500 5.375000 3.025000
v 0.187500 5.375000 3.050000
v 0.137500 5.375000 3.050000
v 0.137500 5.375000 3.075000
v 0.112500 5.375000 3.075000
v 0.112500 5.375000 3.100000
v 0.062500 5.375000 3.100000
v 0.062500 5.375000 3.125000
v 0.012500 5.375000 3.125000
v 0.012500 5.375000 3.150000
v -0.012500 5.375000 3.150000
v -0.012500 5.375000 3.175000
v -0.062500 5.375000 3.175000
v -0.062500 5.375000 3.200000
v -0.112500 5.375000 3.200000
v -0.112500 5.375000 3.225000
v -0.162500 5.375000 3.225000
v -0.162500 5.375000 3.250000
v -0.187500 5.375000 3.250000
v -0.187500 5.375000 3.275000
v -0.237500 5.375000 3.275000
v -0.237500 5.375000 3.300000
v -0.287500 5.375000 3.300000
v -0.287500 5.375000 3.325000
v -0.337500 5.375000 3.325000
v -0.337500 5.375000 3.350000
v -0.362500 5.375000 3.350000
v -0.362500 5.375000 3.375000
v -0.412500 5.375000 3.375000
v -0.412500 5.375000 3.400000
v -0.462500 5.375000 3.400000
v -0.462500 5.375000 3.425000
v -0.512500 5.375000 3.425000
v -0.512500 5.375000 3.450000
v -0.537500 5.375000 3.450000
v -0.537500 5.375000 3.475000
v -0.587500 5.375000 3.475000
v -0.587500 5.375000 3.500000
v -0.637500 5.375000 3.500000
v -0.637500 5.375000 3.525000
v -0.662500 5.375000 3.525000
v -0.662500 5.375000 3.550000
v -0.712500 5.375000 3.550000
v -0.712500 5.375000 3.575000
v -0.762500 5.375000 3.575000
v -0.762500 5.375000 3.600000
v -0.812500 5.375000 3.600000
v -0.812500 5.375000 3.625000
v -0.837500 5.375000 3.625000
v -0.837500 5.375000 3.650000
v -0.887500 5.375000 3.650000
v -0.887500 5.375000 3.675000
v -0.937500 5.375000 3.675000
v -0.937500 5.375000 3.700000
v -0.987500 5.375000 3.700000
v -0.987500 5.375000 3.725000
v -1.012500 5.375000 3.725000
v -1.012500 5.375000 3.750000
v -1.062500 5.375000 3.750000
v -1.062500 5.375000 3.775000
v -1.112500 5.375000 3.775000
v -1.112500 5.375000 3.800000
v -1.162500 5.375000 3.800000
v -1.162500 5.375000 3.825000
v -1.187500 5.375000 3.825000
v -1.187500 5.375000 3.850000
v -1.237500 5.375000 3.850000
v -1.237500 5.375000 3.875000
v -1.287500 5.375000 3.875000
v -1.287500 5.375000 3.900000
v -1.312500 5.375000 3.900000
v -1.312500 5.375000 3.925000
v -1.362500 5.375000 3.925000
v -1.362500 5.375000 3.950000
v -1.412500 5.375000 3.950000
v -1.412500 5.375000 3.975000
v -1.462500 5.375000 3.975000
v -1.462500 5.375000 4.000000
v -1.487500 5.375000 4.000000
v -1.487500 5.375000 4.025000
v -1.537500 5.375000 4.025000
v -1.537500 5.375000 4.050000
v -1.587500 5.375000 4.050000
v -1.587500 5.375000 4.075000
v -1.637500 5.375000 4.075000
v -1.637500 5.375000 4.100000
v -1.662500 5.375000 4.100000
v -1.662500 5.375000 4.125000
v -1.712500 5.375000 4.125000
v -1.712500 5.375000 4.150000
v -1.762500 5.375000 4.150000
v -1.762500 5.375000 4.175000
v -1.812500 5.375000 4.175000
v -1.812500 5.375000 4.200000
v -1.837500 5.375000 4.200000
v -1.837500 5.375000 4.225000
v -1.887500 5.375000 4.225000
v -1.887500 5.375000 4.250000
v -1.937500 5.375000 4.250000
v -1.937500 5.375000 4.275000
v -1.962500 5.375000 4.275000
v -1.962500 5.375000 4.300000
v -2.012500 5.375000 4.300000
v -2.012500 5.375000 4.325000
v -2.062500 5.375000 4.325000
v -2.062500 5.375000 4.350000
v -2.112500 5.375000 4.350000
v -2.112500 5.375000 4.375000
v -2.137500 5.375000 4.375000
v -2.137500 5.375000 4.400000
v -2.187500 5.375000 4.400000
v -2.187500 5.375000 4.425000
v -2.237500 5.375000 4.425000
v -2.237500 5.375000 4.450000
v -2.287500 5.375000 4.450000
v -2.287500 5.375000 4.475000
v -2.312500 5.375000 4.475000
v -2.312500 5.375000 4.500000
v -2.362500 5.375000 4.500000
v -2.362500 5.375000 4.525000
v -2.412500 5.375000 4.525000
v -2.412500 5.375000 4.550000
v -2.437500 5.375000 4.550000
v -2.437500 5.375000 4.575000
v -2.487500 5.375000 4.575000
v -2.487500 5.375000 4.600000
v -2.537500 5.375000 4.600000
v -2.537500 5.375000 4.625000
v -2.587500 5.375000 4.625000
v -2.587500 5.375000 4.650000
v -2.612500 5.375000 4.650000
v -2.612500 5.375000 4.675000
v -2.662500 5.375000 4.675000
v -2.662500 5.375000 4.700000
v -2.712500 5.375000 4.700000
v -2.712500 5.375000 4.725000
v -2.762500 5.375000 4.725000
v -2.762500 5.375000 4.750000
v -2.787500 5.375000 4.750000
v -2.787500 5.375000 4.775000
v -2.837500 5.375000 4.775000
v -2.837500 5.375000 4.800000
v -2.887500 5.375000 4.800000
v -2.887500 5.375000 4.825000
v -2.912500 5.375000 4.825000
v -2.912500 5.375000 4.800000
v -2.962500 5.375000 4.800000
v -2.962500 5.375000 4.775000
v -3.012500 5.375000 4.775000
v -3.012500 5.375000 4.750000
v -3.062500 5.375000 4.750000
v -3.062500 5.375000 4.725000
v -3.087500 5.375000 4.725000
v -3.087500 5.375000 4.700000
v -3.137500 5.375000 4.700000
v -3.137500 5.375000 4.675000
v -3.187500 5.375000 4.675000
v -3.187500 5.375000 4.650000
v -3.237500 5.375000 4.650000
v -3.237500 5.375000 4.625000
v -3.262500 5.375000 4.625000
v -3.262500 5.375000 4.600000
v -3.312500 5.375000 4.600000
v -3.312500 5.375000 4.575000
v -3.362500 5.375000 4.575000
v -3.362500 5.375000 4.550000
v -3.387500 5.375000 4.550000
v -3.387500 5.375000 4.525000
v -3.437500 5.375000 4.525000
v -3.437500 5.375000 4.500000
v -3.487500 5.375000 4.500000
v -3.487500 5.375000 4.475000
v -3.537500 5.375000 4.475000
v -3.537500 5.375000 4.450000
v -3.562500 5.375000 4.450000
v -3.562500 5.375000 4.425000
v -3.612500 5.375000 4.425000
v -3.612500 5.375000 4.400000
v -3.662500 5.375000 4.400000
v -3.662500 5.375000 4.375000
v -3.712500 5.375000 4.375000
v -3.712500 5.375000 4.350000
v -3.737500 5.375000 4.350000
v -3.737500 5.375000 4.325000
v -3.787500 5.375000 4.325000
v -3.787500 5.375000 4.300000
v -3.837500 5.375000 4.300000
v -3.837500 5.375000 4.275000
v -3.862500 5.375000 4.275000
v -3.862500 5.375000 4.250000
v -3.912500 5.375000 4.250000
v -3.912500 5.375000 4.225000
v -3.962500 5.375000 4.225000
v -3.962500 5.375000 4.200000
v -4.012500 5.375000 4.200000
v -4.012500 5.375000 4.175000
v -4.037500 5.375000 4.175000
v -4.037500 5.375000 4.150000
v -4.087500 5.375000 4.150000
v -4.087500 5.375000 4.125000
v -4.137500 5.375000 4.125000
v -4.137500 5.375000 4.100000
v -4.187500 5.375000 4.100000
v -4.187500 5.375000 4.075000
v -4.212500 5.375000 4.075000
v -4.212500 5.375000 4.050000
v -4.262500 5.375000 4.050000
v -4.262500 5.375000 4.025000
v -4.312500 5.375000 4.025000
v -4.312500 5.375000 4.000000
v -4.362500 5.375000 4.000000
v -4.362500 5.375000 3.975000
v -4.387500 5.375000 3.975000
v -4.387500 5.375000 3.950000
v -4.437500 5.375000 3.950000
v -4.437500 5.375000 3.925000
v -4.487500 5.375000 3.925000
v -4.487500 5.375000 3.900000
v -4.512500 5.375000 3.900000
v -4.512500 5.375000 3.875000
v -4.562500 5.375000 3.875000
v -4.562500 5.375000 3.850000
v -4.612500 5.375000 3.850000
v -4.612500 5.375000 3.825000
v -4.662500 5.375000 3.825000
v -4.662500 5.375000 3.800000
v -4.687500 5.375000 3.800000
v -4.687500 5.375000 3.775000
v -4.737500 5.375000 3.775000
v -4.737500 5.375000 3.750000
v -4.787500 5.375000 3.750000
v -4.787500 5.375000 3.725000
v -4.837500 5.375000 3.725000
v -4.837500 5.375000 3.700000
v -4.862500 5.375000 3.700000
v -4.862500 5.375000 3.675000
v -4.912500 5.375000 3.675000
v -4.912500 5.375000 3.650000
v -4.962500 5.375000 3.650000
v -4.962500 5.375000 3.625000
v -5.012500 5.375000 3.625000
v -5.012500 5.375000 3.600000
v -5.037500 5.375000 3.600000
v -5.037500 5.375000 3.575000
v -5.087500 5.375000 3.575000
v -5.087500 5.375000 3.550000
v -5.137500 5.375000 3.550000
v -5.137500 5.375000 3.525000
v -5.162500 5.375000 3.525000
v -5.162500 5.375000 3.500000
v -5.212500 5.375000 3.500000
v -5.212500 5.375000 3.475000
v -5.262500 5.375000 3.475000
v -5.262500 5.375000 3.450000
v -5.312500 5.375000 3.450000
v -5.312500 5.375000 3.425000
v -5.337500 5.375000 3.425000
v -5.337500 5.375000 3.400000
v -5.387500 5.375000 3.400000
v -5.387500 5.375000 3.375000
v -5.437500 5.375000 3.375000
v -5.437500 5.375000 3.350000
v -5.487500 5.375000 3.350000
v -5.487500 5.375000 3.325000
v -5.512500 5.375000 3.325000
v -5.512500 5.375000 3.300000
v -5.562500 5.375000 3.300000
v -5.562500 5.375000 3.275000
v -5.612500 5.375000 3.275000
v -5.612500 5.375000 3.250000
v -5.662500 5.375000 3.250000
v -5.662500 5.375000 3.225000
v -5.687500 5.375000 3.225000
v -5.687500 5.375000 3.200000
v -5.737500 5.375000 3.200000
v -5.737500 5.375000 3.175000
v -5.787500 5.375000 3.175000
v -5.787500 5.375000 3.150000
v -5.812500 5.375000 3.150000
v -5.812500 5.375000 3.125000
v -5.862500 5.375000 3.125000
v -5.862500 5.375000 3.100000
v -5.912500 5.375000 3.100000
v -5.912500 5.375000 3.075000
v -5.962500 5.375000 3.075000
v -5.962500 5.375000 3.050000
v -5.987500 5.375000 3.050000
v -5.987500 5.375000 3.025000
v -6.037500 5.375000 3.025000
v -6.037500 5.375000 3.000000
v -6.087500 5.375000 3.000000
v -6.087500 5.375000 2.975000
v -6.137500 5.375000 2.975000
v -6.137500 5.375000 2.950000
v -6.162500 5.375000 2.950000
v -6.162500 5.375000 2.925000
v -6.212500 5.375000 2.925000
v -6.212500 5.375000 2.900000
v -6.262500 5.375000 2.900000
v -6.262500 5.375000 2.875000
v -6.287500 5.375000 2.875000
v -6.287500 5.375000 2.850000
v -6.312500 5.375000 2.850000
v -6.312500 5.375000 2.825000
v -4.762500 5.375000 2.000000
v -4.762500 5.375000 0.825000
v -3.562500 5.375000 2.000000
v -3.562500 5.375000 0.825000
v -3.587500 5.375000 0.825000
v -2.112500 5.375000 2.000000
v -2.112500 5.375000 0.825000
v -0.937500 5.375000 2.000000
v -0.937500 5.375000 0.825000
v -0.962500 5.375000 0.825000
v 0.487500 5.575000 2.850000
v 0.487500 5.575000 2.875000
v 0.487500 5.550000 2.875000
v 0.462500 5.550000 2.875000
v 0.462500 5.575000 2.875000
v 0.462500 5.575000 2.900000
v 0.462500 5.550000 2.900000
v 0.412500 5.550000 2.900000
v 0.412500 5.575000 2.900000
v 0.412500 5.575000 2.925000
v 0.412500 5.550000 2.925000
v 0.362500 5.550000 2.925000
v 0.362500 5.575000 2.925000
v 0.362500 5.575000 2.950000
v 0.362500 5.550000 2.950000
v 0.312500 5.550000 2.950000
v 0.312500 5.575000 2.950000
v 0.312500 5.575000 2.975000
v 0.312500 5.550000 2.975000
v 0.287500 5.550000 2.975000
v 0.287500 5.575000 2.975000
v 0.287500 5.575000 3.000000
v 0.287500 5.550000 3.000000
v 0.237500 5.550000 3.000000
v 0.237500 5.575000 3.000000
v 0.237500 5.575000 3.025000
v 0.237500 5.550000 3.025000
v 0.187500 5.550000 3.025000
v 0.187500 5.575000 3.025000
v 0.187500 5.575000 3.050000
v 0.187500 5.550000 3.050000
v 0.137500 5.550000 3.050000
v 0.137500 5.575000 3.050000
v 0.137500 5.575000 3.075000
v 0.137500 5.550000 3.075000
v 0.112500 5.550000 3.075000
v 0.112500 5.575000 3.075000
v 0.112500 5.575000 3.100000
v 0.112500 5.550000 3.100000
v 0.062500 5.550000 3.100000
v 0.062500 5.575000 3.100000
v 0.062500 5.575000 3.125000
v 0.062500 5.550000 3.125000
v 0.012500 5.550000 3.125000
v 0.012500 5.575000 3.125000
v 0.012500 5.575000 3.150000
v 0.012500 5.550000 3.150000
v -0.012500 5.550000 3.150000
v -0.012500 5.575000 3.150000
v -0.012500 5.575000 3.175000
v -0.012500 5.550000 3.175000
v -0.062500 5.550000 3.175000
v -0.062500 5.575000 3.175000
v -0.062500 5.575000 3.200000
v -0.062500 5.550000 3.200000
v -0.112500 5.550000 3.200000
v -0.112500 5.575000 3.200000
v -0.112500 5.575000 3.225000
v -0.112500 5.550000 3.225000
v -0.162500 5.550000 3.225000
v -0.162500 5.575000 3.225000
v -0.162500 5.575000 3.250000
v -0.162500 5.550000 3.250000
v -0.187500 5.550000 3.250000
v -0.187500 5.575000 3.250000
v -0.187500 5.575000 3.275000
v -0.187500 5.550000 3.275000
v -0.237500 5.550000 3.275000
v -0.237500 5.575000 3.275000
v -0.237500 5.575000 3.300000
v -0.237500 5.550000 3.300000
v -0.287500 5.550000 3.300000
v -0.287500 5.575000 3.300000
v -0.287500 5.575000 3.325000
v -0.287500 5.550000 3.325000
v -0.337500 5.550000 3.325000
v -0.337500 5.575000 3.325000
v -0.337500 5.575000 3.350000
v -0.337500 5.550000 3.350000
v -0.362500 5.550000 3.350000
v -0.362500 5.575000 3.350000
v -0.362500 5.575000 3.375000
v -0.362500 5.550000 3.375000
v -0.412500 5.550000 3.375000
v -0.412500 5.575000 3.375000
v -0.412500 5.575000 3.400000
v -0.412500 5.550000 3.400000
v -0.462500 5.550000 3.400000
v -0.462500 5.575000 3.400000
v -0.462500 5.575000 3.425000
v -0.462500 5.550000 3.425000
v -0.512500 5.550000 3.425000
v -0.512500 5.575000 3.425000
v -0.512500 5.575000 3.450000
v -0.512500 5.550000 3.450000
v -0.537500 5.550000 3.450000
v -0.537500 5.575000 3.450000
v -0.537500 5.575000 3.475000
v -0.537500 5.550000 3.475000
v -0.587500 5.550000 3.475000
v -0.587500 5.575000 3.475000
v -0.587500 5.575000 3.500000
v -0.587500 5.550000 3.500000
v -0.637500 5.550000 3.500000
v -0.637500 5.575000 3.500000
v -0.637500 5.575000 3.525000
v -0.637500 5.550000 3.525000
v -0.662500 5.550000 3.525000
v -0.662500 5.575000 3.525000
v -0.662500 5.575000 3.550000
v -0.662500 5.550000 3.550000
v -0.712500 5.550000 3.550000
v -0.712500 5.575000 3.550000
v -0.712500 5.575000 3.575000
v -0.712500 5.550000 3.575000
v -0.762500 5.550000 3.575000
v -0.762500 5.575000 3.575000
v -0.762500 5.575000 3.600000
v -0.762500 5.550000 3.600000
v -0.812500 5.550000 3.600000
v -0.812500 5.575000 3.600000
v -0.812500 5.575000 3.625000
v -0.812500 5.550000 3.625000
v -0.837500 5.550000 3.625000
v -0.837500 5.575000 3.625000
v -0.837500 5.575000 3.650000
v -0.837500 5.550000 3.650000
v -0.887500 5.550000 3.650000
v -0.887500 5.575000 3.650000
v -0.887500 5.575000 3.675000
v -0.887500 5.550000 3.675000
v -0.937500 5.550000 3.675000
v -0.937500 5.575000 3.675000
v -0.937500 5.575000 3.700000
v -0.937500 5.550000 3.700000
v -0.987500 5.550000 3.700000
v -0.987500 5.575000 3.700000
v -0.987500 5.575000 3.725000
v -0.987500 5.550000 3.725000
v -1.012500 5.550000 3.725000
v -1.012500 5.575000 3.725000
v -1.012500 5.575000 3.750000
v -1.012500 5.550000 3.750000
v -1.062500 5.550000 3.750000
v -1.062500 5.575000 3.750000
v -1.062500 5.575000 3.775000
v -1.062500 5.550000 3.775000
v -1.112500 5.550000 3.775000
v -1.112500 5.575000 3.775000
v -1.112500 5.575000 3.800000
v -1.112500 5.550000 3.800000
v -1.162500 5.550000 3.800000
v -1.162500 5.575000 3.800000
v -1.162500 5.575000 3.825000
v -1.162500 5.550000 3.825000
v -1.187500 5.550000 3.825000
v -1.187500 5.575000 3.825000
v -1.187500 5.575000 3.850000
v -1.187500 5.550000 3.850000
v -1.237500 5.550000 3.850000
v -1.237500 5.575000 3.850000
v -1.237500 5.575000 3.875000
v -1.237500 5.550000 3.875000
v -1.287500 5.550000 3.875000
v -1.287500 5.575000 3.875000
v -1.287500 5.575000 3.900000
v -1.287500 5.550000 3.900000
v -1.312500 5.550000 3.900000
v -1.312500 5.575000 3.900000
v -1.312500 5.575000 3.925000
v -1.312500 5.550000 3.925000
v -1.362500 5.550000 3.925000
v -1.362500 5.575000 3.925000
v -1.362500 5.575000 3.950000
v -1.362500 5.550000 3.950000
v -1.412500 5.550000 3.950000
v -1.412500 5.575000 3.950000
v -1.412500 5.575000 3.975000
v -1.412500 5.550000 3.975000
v -1.462500 5.550000 3.975000
v -1.462500 5.575000 3.975000
v -1.462500 5.575000 4.000000
v -1.462500 5.550000 4.000000
v -1.487500 5.550000 4.000000
v -1.487500 5.575000 4.000000
v -1.487500 5.575000 4.025000
v -1.487500 5.550000 4.025000
v -1.537500 5.550000 4.025000
v -1.537500 5.575000 4.025000
v -1.537500 5.575000 4.050000
v -1.537500 5.550000 4.050000
v -1.587500 5.550000 4.050000
v -1.587500 5.575000 4.050000
v -1.587500 5.575000 4.075000
v -1.587500 5.550000 4.075000
v -1.637500 5.550000 4.075000
v -1.637500 5.575000 4.075000
v -1.637500 5.575000 4.100000
v -1.637500 5.550000 4.100000
v -1.662500 5.550000 4.100000
v -1.662500 5.575000 4.100000
v -1.662500 5.575000 4.125000
v -1.662500 5.550000 4.125000
v -1.712500 5.550000 4.125000
v -1.712500 5.575000 4.125000
v -1.712500 5.575000 4.150000
v -1.712500 5.550000 4.150000
v -1.762500 5.550000 4.150000
v -1.762500 5.575000 4.150000
v -1.762500 5.575000 4.175000
v -1.762500 5.550000 4.175000
v -1.812500 5.550000 4.175000
v -1.812500 5.575000 4.175000
v -1.812500 5.575000 4.200000
v -1.812500 5.550000 4.200000
v -1.837500 5.550000 4.200000
v -1.837500 5.575000 4.200000
v -1.837500 5.575000 4.225000
v -1.837500 5.550000 4.225000
v -1.887500 5.550000 4.225000
v -1.887500 5.575000 4.225000
v -1.887500 5.575000 4.250000
v -1.887500 5.550000 4.250000
v -1.937500 5.550000 4.250000
v -1.937500 5.575000 4.250000
v -1.937500 5.575000 4.275000
v -1.937500 5.550000 4.275000
v -1.962500 5.550000 4.275000
v -1.962500 5.575000 4.275000
v -1.962500 5.575000 4.300000
v -1.962500 5.550000 4.300000
v -2.012500 5.550000 4.300000
v -2.012500 5.575000 4.300000
v -2.012500 5.575000 4.325000
v -2.012500 5.550000 4.325000
v -2.062500 5.550000 4.325000
v -2.062500 5.575000 4.325000
v -2.062500 5.575000 4.350000
v -2.062500 5.550000 4.350000
v -2.112500 5.550000 4.350000
v -2.112500 5.575000 4.350000
v -2.112500 5.575000 4.375000
v -2.112500 5.550000 4.375000
v -2.137500 5.550000 4.375000
v -2.137500 5.575000 4.375000
v -2.137500 5.575000 4.400000
v -2.137500 5.550000 4.400000
v -2.187500 5.550000 4.400000
v -2.187500 5.575000 4.400000
v -2.187500 5.575000 4.425000
v -2.187500 5.550000 4.425000
v -2.237500 5.550000 4.425000
v -2.237500 5.575000 4.425000
v -2.237500 5.575000 4.450000
v -2.237500 5.550000 4.450000
v -2.287500 5.550000 4.450000
v -2.287500 5.575000 4.450000
v -2.287500 5.575000 4.475000
v -2.287500 5.550000 4.475000
v -2.312500 5.550000 4.475000
v -2.312500 5.575000 4.475000
v -2.312500 5.575000 4.500000
v -2.312500 5.550000 4.500000
v -2.362500 5.550000 4.500000
v -2.362500 5.575000 4.500000
v -2.362500 5.575000 4.525000
v -2.362500 5.550000 4.525000
v -2.412500 5.550000 4.525000
v -2.412500 5.575000 4.525000
v -2.412500 5.575000 4.550000
v -2.412500 5.550000 4.550000
v -2.437500 5.550000 4.550000
v -2.437500 5.575000 4.550000
v -2.437500 5.575000 4.575000
v -2.437500 5.550000 4.575000
v -2.487500 5.550000 4.575000
v -2.487500 5.575000 4.575000
v -2.487500 5.575000 4.600000
v -2.487500 5.550000 4.600000
v -2.537500 5.550000 4.600000
v -2.537500 5.575000 4.600000
v -2.537500 5.575000 4.625000
v -2.537500 5.550000 4.625000
v -2.587500 5.550000 4.625000
v -2.587500 5.575000 4.625000
v -2.587500 5.575000 4.650000
v -2.587500 5.550000 4.650000
v -2.612500 5.550000 4.650000
v -2.612500 5.575000 4.650000
v -2.612500 5.575000 4.675000
v -2.612500 5.550000 4.675000
v -2.662500 5.550000 4.675000
v -2.662500 5.575000 4.675000
v -2.662500 5.575000 4.700000
v -2.662500 5.550000 4.700000
v -2.712500 5.550000 4.700000
v -2.712500 5.575000 4.700000
v -2.712500 5.575000 4.725000
v -2.712500 5.550000 4.725000
v -2.762500 5.550000 4.725000
v -2.762500 5.575000 4.725000
v -2.762500 5.575000 4.750000
v -2.762500 5.550000 4.750000
v -2.787500 5.550000 4.750000
v -2.787500 5.575000 4.750000
v -2.787500 5.575000 4.775000
v -2.787500 5.550000 4.775000
v -2.837500 5.550000 4.775000
v -2.837500 5.575000 4.775000
v -2.837500 5.575000 4.800000
v -2.837500 5.550000 4.800000
v -2.887500 5.550000 4.800000
v -2.887500 5.575000 4.800000
v -2.887500 5.575000 4.825000
v -2.887500 5.550000 4.825000
v -2.912500 5.550000 4.825000
v -2.912500 5.575000 4.825000
v -2.912500 5.575000 4.800000
v -2.912500 5.550000 4.800000
v -2.962500 5.550000 4.800000
v -2.962500 5.575000 4.800000
v -2.962500 5.575000 4.775000
v -2.962500 5.550000 4.775000
v -3.012500 5.550000 4.775000
v -3.012500 5.575000 4.775000
v -3.012500 5.575000 4.750000
v -3.012500 5.550000 4.750000
v -3.062500 5.550000 4.750000
v -3.062500 5.575000 4.750000
v -3.062500 5.575000 4.725000
v -3.062500 5.550000 4.725000
v -3.087500 5.550000 4.725000
v -3.087500 5.575000 4.725000
v -3.087500 5.575000 4.700000
v -3.087500 5.550000 4.700000
v -3.137500 5.550000 4.700000
v -3.137500 5.575000 4.700000
v -3.137500 5.575000 4.675000
v -3.137500 5.550000 4.675000
v -3.187500 5.550000 4.675000
v -3.187500 5.575000 4.675000
v -3.187500 5.575000 4.650000
v -3.187500 5.550000 4.650000
v -3.237500 5.550000 4.650000
v -3.237500 5.575000 4.650000
v -3.237500 5.575000 4.625000
v -3.237500 5.550000 4.625000
v -3.262500 5.550000 4.625000
v -3.262500 5.575000 4.625000
v -3.262500 5.575000 4.600000
v -3.262500 5.550000 4.600000
v -3.312500 5.550000 4.600000
v -3.312500 5.575000 4.600000
v -3.312500 5.575000 4.575000
v -3.312500 5.550000 4.575000
v -3.362500 5.550000 4.575000
v -3.362500 5.575000 4.575000
v -3.362500 5.575000 4.550000
v -3.362500 5.550000 4.550000
v -3.387500 5.550000 4.550000
v -3.387500 5.575000 4.550000
v -3.387500 5.575000 4.525000
v -3.387500 5.550000 4.525000
v -3.437500 5.550000 4.525000
v -3.437500 5.575000 4.525000
v -3.437500 5.575000 4.500000
v -3.437500 5.550000 4.500000
v -3.487500 5.550000 4.500000
v -3.487500 5.575000 4.500000
v -3.487500 5.575000 4.475000
v -3.487500 5.550000 4.475000
v -3.537500 5.550000 4.475000
v -3.537500 5.575000 4.475000
v -3.537500 5.575000 4.450000
v -3.537500 5.550000 4.450000
v -3.562500 5.550000 4.450000
v -3.562500 5.575000 4.450000
v -3.562500 5.575000 4.425000
v -3.562500 5.550000 4.425000
v -3.612500 5.550000 4.425000
v -3.612500 5.575000 4.425000
v -3.612500 5.575000 4.400000
v -3.612500 5.550000 4.400000
v -3.662500 5.550000 4.400000
v -3.662500 5.575000 4.400000
v -3.662500 5.575000 4.375000
v -3.662500 5.550000 4.375000
v -3.712500 5.550000 4.375000
v -3.712500 5.575000 4.375000
v -3.712500 5.575000 4.350000
v -3.712500 5.550000 4.350000
v -3.737500 5.550000 4.350000
v -3.737500 5.575000 4.350000
v -3.737500 5.575000 4.325000
v -3.737500 5.550000 4.325000
v -3.787500 5.550000 4.325000
v -3.787500 5.575000 4.325000
v -3.787500 5.575000 4.300000
v -3.787500 5.550000 4.300000
v -3.837500 5.550000 4.300000
v -3.837500 5.575000 4.300000
v -3.837500 5.575000 4.275000
v -3.837500 5.550000 4.275000
v -3.862500 5.550000 4.275000
v -3.862500 5.575000 4.275000
v -3.862500 5.575000 4.250000
v -3.862500 5.550000 4.250000
v -3.912500 5.550000 4.250000
v -3.912500 5.575000 4.250000
v -3.912500 5.575000 4.225000
v -3.912500 5.550000 4.225000
v -3.962500 5.550000 4.225000
v -3.962500 5.575000 4.225000
v -3.962500 5.575000 4.200000
v -3.962500 5.550000 4.200000
v -4.012500 5.550000 4.200000
v -4.012500 5.575000 4.200000
v -4.012500 5.575000 4.175000
v -4.012500 5.550000 4.175000
v -4.037500 5.550000 4.175000
v -4.037500 5.575000 4.175000
v -4.037500 5.575000 4.150000
v -4.037500 5.550000 4.150000
v -4.087500 5.550000 4.150000
v -4.087500 5.575000 4.150000
v -4.087500 5.575000 4.125000
v -4.087500 5.550000 4.125000
v -4.137500 5.550000 4.125000
v -4.137500 5.575000 4.125000
v -4.137500 5.575000 4.100000
v -4.137500 5.550000 4.100000
v -4.187500 5.550000 4.100000
v -4.187500 5.575000 4.100000
v -4.187500 5.575000 4.075000
v -4.187500 5.550000 4.075000
v -4.212500 5.550000 4.075000
v -4.212500 5.575000 4.075000
v -4.212500 5.575000 4.050000
v -4.212500 5.550000 4.050000
v -4.262500 5.550000 4.050000
v -4.262500 5.575000 4.050000
v -4.262500 5.575000 4.025000
v -4.262500 5.550000 4.025000
v -4.312500 5.550000 4.025000
v -4.312500 5.575000 4.025000
v -4.312500 5.575000 4.000000
v -4.312500 5.550000 4.000000
v -4.362500 5.550000 4.000000
v -4.362500 5.575000 4.000000
v -4.362500 5.575000 3.975000
v -4.362500 5.550000 3.975000
v -4.387500 5.550000 3.975000
v -4.387500 5.575000 3.975000
v -4.387500 5.575000 3.950000
v -4.387500 5.550000 3.950000
v -4.437500 5.550000 3.950000
v -4.437500 5.575000 3.950000
v -4.437500 5.575000 3.925000
v -4.437500 5.550000 3.925000
v -4.487500 5.550000 3.925000
v -4.487500 5.575000 3.925000
v -4.487500 5.575000 3.900000
v -4.487500 5.550000 3.900000
v -4.512500 5.550000 3.900000
v -4.512500 5.575000 3.900000
v -4.512500 5.575000 3.875000
v -4.512500 5.550000 3.875000
v -4.562500 5.550000 3.875000
v -4.562500 5.575000 3.875000
v -4.562500 5.575000 3.850000
v -4.562500 5.550000 3.850000
v -4.612500 5.550000 3.850000
v -4.612500 5.575000 3.850000
v -4.612500 5.575000 3.825000
v -4.612500 5.550000 3.825000
v -4.662500 5.550000 3.825000
v -4.662500 5.575000 3.825000
v -4.662500 5.575000 3.800000
v -4.662500 5.550000 3.800000
v -4.687500 5.550000 3.800000
v -4.687500 5.575000 3.800000
v -4.687500 5.575000 3.775000
v -4.687500 5.550000 3.775000
v -4.737500 5.550000 3.775000
v -4.737500 5.575000 3.775000
v -4.737500 5.575000 3.750000
v -4.737500 5.550000 3.750000
v -4.787500 5.550000 3.750000
v -4.787500 5.575000 3.750000
v -4.787500 5.575000 3.725000
v -4.787500 5.550000 3.725000
v -4.837500 5.550000 3.725000
v -4.837500 5.575000 3.725000
v -4.837500 5.575000 3.700000
v -4.837500 5.550000 3.700000
v -4.862500 5.550000 3.700000
v -4.862500 5.575000 3.700000
v -4.862500 5.575000 3.675000
v -4.862500 5.550000 3.675000
v -4.912500 5.550000 3.675000
v -4.912500 5.575000 3.675000
v -4.912500 5.575000 3.650000
v -4.912500 5.550000 3.650000
v -4.962500 5.550000 3.650000
v -4.962500 5.575000 3.650000
v -4.962500 5.575000 3.625000
v -4.962500 5.550000 3.625000
v -5.012500 5.550000 3.625000
v -5.012500 5.575000 3.625000
v -5.012500 5.575000 3.600000
v -5.012500 5.550000 3.600000
v -5.037500 5.550000 3.600000
v -5.037500 5.575000 3.600000
v -5.037500 5.575000 3.575000
v -5.037500 5.550000 3.575000
v -5.087500 5.550000 3.575000
v -5.087500 5.575000 3.575000
v -5.087500 5.575000 3.550000
v -5.087500 5.550000 3.550000
v -5.137500 5.550000 3.550000
v -5.137500 5.575000 3.550000
v -5.137500 5.575000 3.525000
v -5.137500 5.550000 3.525000
v -5.162500 5.550000 3.525000
v -5.162500 5.575000 3.525000
v -5.162500 5.575000 3.500000
v -5.162500 5.550000 3.500000
v -5.212500 5.550000 3.500000
v -5.212500 5.575000 3.500000
v -5.212500 5.575000 3.475000
v -5.212500 5.550000 3.475000
v -5.262500 5.550000 3.475000
v -5.262500 5.575000 3.475000
v -5.262500 5.575000 3.450000
v -5.262500 5.550000 3.450000
v -5.312500 5.550000 3.450000
v -5.312500 5.575000 3.450000
v -5.312500 5.575000 3.425000
v -5.312500 5.550000 3.425000
v -5.337500 5.550000 3.425000
v -5.337500 5.575000 3.425000
v -5.337500 5.575000 3.400000
v -5.337500 5.550000 3.400000
v -5.387500 5.550000 3.400000
v -5.387500 5.575000 3.400000
v -5.387500 5.575000 3.375000
v -5.387500 5.550000 3.375000
v -5.437500 5.550000 3.375000
v -5.437500 5.575000 3.375000
v -5.437500 5.575000 3.350000
v -5.437500 5.550000 3.350000
v -5.487500 5.550000 3.350000
v -5.487500 5.575000 3.350000
v -5.487500 5.575000 3.325000
v -5.487500 5.550000 3.325000
v -5.512500 5.550000 3.325000
v -5.512500 5.575000 3.325000
v -5.512500 5.575000 3.300000
v -5.512500 5.550000 3.300000
v -5.562500 5.550000 3.300000
v -5.562500 5.575000 3.300000
v -5.562500 5.575000 3.275000
v -5.562500 5.550000 3.275000
v -5.612500 5.550000 3.275000
v -5.612500 5.575000 3.275000
v -5.612500 5.575000 3.250000
v -5.612500 5.550000 3.250000
v -5.662500 5.550000 3.250000
v -5.662500 5.575000 3.250000
v -5.662500 5.575000 3.225000
v -5.662500 5.550000 3.225000
v -5.687500 5.550000 3.225000
v -5.687500 5.575000 3.225000
v -5.687500 5.575000 3.200000
v -5.687500 5.550000 3.200000
v -5.737500 5.550000 3.200000
v -5.737500 5.575000 3.200000
v -5.737500 5.575000 3.175000
v -5.737500 5.550000 3.175000
v -5.787500 5.550000 3.175000
v -5.787500 5.575000 3.175000
v -5.787500 5.575000 3.150000
v -5.787500 5.550000 3.150000
v -5.812500 5.550000 3.150000
v -5.812500 5.575000 3.150000
v -5.812500 5.575000 3.125000
v -5.812500 5.550000 3.125000
v -5.862500 5.550000 3.125000
v -5.862500 5.575000 3.125000
v -5.862500 5.575000 3.100000
v -5.862500 5.550000 3.100000
v -5.912500 5.550000 3.100000
v -5.912500 5.575000 3.100000
v -5.912500 5.575000 3.075000
v -5.912500 5.550000 3.075000
v -5.962500 5.550000 3.075000
v -5.962500 5.575000 3.075000
v -5.962500 5.575000 3.050000
v -5.962500 5.550000 3.050000
v -5.987500 5.550000 3.050000
v -5.987500 5.575000 3.050000
v -5.987500 5.575000 3.025000
v -5.987500 5.550000 3.025000
v -6.037500 5.550000 3.025000
v -6.037500 5.575000 3.025000
v -6.037500 5.575000 3.000000
v -6.037500 5.550000 3.000000
v -6.087500 5.550000 3.000000
v -6.087500 5.575000 3.000000
v -6.087500 5.575000 2.975000
v -6.087500 5.550000 2.975000
v -6.137500 5.550000 2.975000
v -6.137500 5.575000 2.975000
v -6.137500 5.575000 2.950000
v -6.137500 5.550000 2.950000
v -6.162500 5.550000 2.950000
v -6.162500 5.575000 2.950000
v -6.162500 5.575000 2.925000
v -6.162500 5.550000 2.925000
v -6.212500 5.550000 2.925000
v -6.212500 5.575000 2.925000
v -6.212500 5.575000 2.900000
v -6.212500 5.550000 2.900000
v -6.262500 5.550000 2.900000
v -6.262500 5.575000 2.900000
v -6.262500 5.575000 2.875000
v -6.262500 5.550000 2.875000
v -6.287500 5.550000 2.875000
v -6.287500 5.575000 2.875000
v -6.287500 5.575000 2.850000
v -6.287500 5.550000 2.850000
v -3.437500 -2.300000 4.625000
v -3.437500 -2.300000 4.600000
v -3.437500 5.575000 4.600000
v -3.437500 5.575000 4.625000
v -3.437500 5.550000 4.625000
v 6.687500 -2.300000 4.625000
v 6.712500 -2.300000 4.625000
v 6.712500 -2.300000 4.600000
v 6.687500 -2.300000 4.600000
v -3.487500 -2.350000 4.600000
v -3.487500 -2.350000 4.575000
v -3.487500 5.575000 4.575000
v -3.487500 5.575000 4.600000
v -3.487500 5.550000 4.600000
v 6.687500 -2.350000 4.600000
v 6.712500 -2.350000 4.600000
v 6.712500 -2.350000 4.575000
v 6.687500 -2.350000 4.575000
v -3.537500 -2.400000 4.575000
v -3.537500 -2.400000 4.550000
v -3.537500 5.575000 4.550000
v -3.537500 5.575000 4.575000
v -3.537500 5.550000 4.575000
v 6.687500 -2.400000 4.575000
v 6.712500 -2.400000 4.575000
v 6.712500 -2.400000 4.550000
v 6.687500 -2.400000 4.550000
v -3.562500 -2.425000 4.550000
v -3.562500 -2.425000 4.525000
v -3.562500 5.575000 4.525000
v -3.562500 5.575000 4.550000
v -3.562500 5.550000 4.550000
v 6.687500 -2.425000 4.550000
v 6.712500 -2.425000 4.550000
v 6.712500 -2.425000 4.525000
v 6.687500 -2.425000 4.525000
v -3.612500 -2.475000 4.525000
v -3.612500 -2.475000 4.500000
v -3.612500 5.575000 4.500000
v -3.612500 5.575000 4.525000
v -3.612500 5.550000 4.525000
v 6.687500 -2.475000 4.525000
v 6.712500 -2.475000 4.525000
v 6.712500 -2.475000 4.500000
v 6.687500 -2.475000 4.500000
v -3.662500 -2.525000 4.500000
v -3.662500 -2.525000 4.475000
v -3.662500 5.575000 4.475000
v -3.662500 5.575000 4.500000
v -3.662500 5.550000 4.500000
v 6.687500 -2.525000 4.500000
v 6.712500 -2.525000 4.500000
v 6.712500 -2.525000 4.475000
v 6.687500 -2.525000 4.475000
v -3.712500 -2.575000 4.475000
v -3.712500 -2.575000 4.450000
v -3.712500 5.575000 4.450000
v -3.712500 5.575000 4.475000
v -3.712500 5.550000 4.475000
v 6.687500 -2.575000 4.475000
v 6.712500 -2.575000 4.475000
v 6.712500 -2.575000 4.450000
v 6.687500 -2.575000 4.450000
v -3.737500 -2.600000 4.450000
v -3.737500 -2.600000 4.425000
v -3.737500 5.575000 4.425000
v -3.737500 5.575000 4.450000
v -3.737500 5.550000 4.450000
v 6.687500 -2.600000 4.450000
v 6.712500 -2.600000 4.450000
v 6.712500 -2.600000 4.425000
v 6.687500 -2.600000 4.425000
v -3.787500 -2.650000 4.425000
v -3.787500 -2.650000 4.400000
v -3.787500 5.575000 4.400000
v -3.787500 5.575000 4.425000
v -3.787500 5.550000 4.425000
v 6.687500 -2.650000 4.425000
v 6.712500 -2.650000 4.425000
v 6.712500 -2.650000 4.400000
v 6.687500 -2.650000 4.400000
v -3.837500 -2.700000 4.400000
v -3.837500 -2.700000 4.375000
v -3.837500 5.575000 4.375000
v -3.837500 5.575000 4.400000
v -3.837500 5.550000 4.400000
v 6.687500 -2.700000 4.400000
v 6.712500 -2.700000 4.400000
v 6.712500 -2.700000 4.375000
v 6.687500 -2.700000 4.375000
v -3.862500 -2.725000 4.375000
v -3.862500 -2.725000 4.350000
v -3.862500 5.575000 4.350000
v -3.862500 5.575000 4.375000
v -3.862500 5.550000 4.375000
v 6.687500 -2.725000 4.375000
v 6.712500 -2.725000 4.375000
v 6.712500 -2.725000 4.350000
v 6.687500 -2.725000 4.350000
v -3.912500 -2.775000 4.350000
v -3.912500 -2.775000 4.325000
v -3.912500 5.575000 4.325000
v -3.912500 5.575000 4.350000
v -3.912500 5.550000 4.350000
v 6.687500 -2.775000 4.350000
v 6.712500 -2.775000 4.350000
v 6.712500 -2.775000 4.325000
v 6.687500 -2.775000 4.325000
v -3.962500 -2.825000 4.325000
v -3.962500 -2.825000 4.300000
v -3.962500 5.575000 4.300000
v -3.962500 5.575000 4.325000
v -3.962500 5.550000 4.325000
v 6.687500 -2.825000 4.325000
v 6.712500 -2.825000 4.325000
v 6.712500 -2.825000 4.300000
v 6.687500 -2.825000 4.300000
v -4.012500 -2.875000 4.300000
v -4.012500 -2.875000 4.275000
v -4.012500 5.575000 4.275000
v -4.012500 5.575000 4.300000
v -4.012500 5.550000 4.300000
v 6.687500 -2.875000 4.300000
v 6.712500 -2.875000 4.300000
v 6.712500 -2.875000 4.275000
v 6.687500 -2.875000 4.275000
v -4.037500 -2.900000 4.275000
v -4.037500 -2.900000 4.250000
v -4.037500 5.575000 4.250000
v -4.037500 5.575000 4.275000
v -4.037500 5.550000 4.275000
v 6.687500 -2.900000 4.275000
v 6.712500 -2.900000 4.275000
v 6.712500 -2.900000 4.250000
v 6.687500 -2.900000 4.250000
v -4.087500 -2.950000 4.250000
v -4.087500 -2.950000 4.225000
v -4.087500 5.575000 4.225000
v -4.087500 5.575000 4.250000
v -4.087500 5.550000 4.250000
v 6.687500 -2.950000 4.250000
v 6.712500 -2.950000 4.250000
v 6.712500 -2.950000 4.225000
v 6.687500 -2.950000 4.225000
v -4.137500 -3.000000 4.225000
v -4.137500 -3.000000 4.200000
v -4.137500 5.575000 4.200000
v -4.137500 5.575000 4.225000
v -4.137500 5.550000 4.225000
v 6.687500 -3.000000 4.225000
v 6.712500 -3.000000 4.225000
v 6.712500 -3.000000 4.200000
v 6.687500 -3.000000 4.200000
v -4.187500 -3.050000 4.200000
v -4.187500 -3.050000 4.175000
v -4.187500 5.575000 4.175000
v -4.187500 5.575000 4.200000
v -4.187500 5.550000 4.200000
v 6.687500 -3.050000 4.200000
v 6.712500 -3.050000 4.200000
v 6.712500 -3.050000 4.175000
v 6.687500 -3.050000 4.175000
v -4.212500 -3.075000 4.175000
v -4.212500 -3.075000 4.150000
v -4.212500 5.575000 4.150000
v -4.212500 5.575000 4.175000
v -4.212500 5.550000 4.175000
v 6.687500 -3.075000 4.175000
v 6.712500 -3.075000 4.175000
v 6.712500 -3.075000 4.150000
v 6.687500 -3.075000 4.150000
v -4.262500 -3.125000 4.150000
v -4.262500 -3.125000 4.125000
v -4.262500 5.575000 4.125000
v -4.262500 5.575000 4.150000
v -4.262500 5.550000 4.150000
v 6.687500 -3.125000 4.150000
v 6.712500 -3.125000 4.150000
v 6.712500 -3.125000 4.125000
v 6.687500 -3.125000 4.125000
v -4.312500 -3.175000 4.125000
v -4.312500 -3.175000 4.100000
v -4.312500 5.575000 4.100000
v -4.312500 5.575000 4.125000
v -4.312500 5.550000 4.125000
v 6.687500 -3.175000 4.125000
v 6.712500 -3.175000 4.125000
v 6.712500 -3.175000 4.100000
v 6.687500 -3.175000 4.100000
v -4.362500 -3.225000 4.100000
v -4.362500 -3.225000 4.075000
v -4.362500 5.575000 4.075000
v -4.362500 5.575000 4.100000
v -4.362500 5.550000 4.100000
v 6.687500 -3.225000 4.100000
v 6.712500 -3.225000 4.100000
v 6.712500 -3.225000 4.075000
v 6.687500 -3.225000 4.075000
v -4.387500 -3.250000 4.075000
v -4.387500 -3.250000 4.050000
v -4.387500 5.575000 4.050000
v -4.387500 5.575000 4.075000
v -4.387500 5.550000 4.075000
v 6.687500 -3.250000 4.075000
v 6.712500 -3.250000 4.075000
v 6.712500 -3.250000 4.050000
v 6.687500 -3.250000 4.050000
v -4.437500 -3.300000 4.050000
v -4.437500 -3.300000 4.025000
v -4.437500 5.575000 4.025000
v -4.437500 5.575000 4.050000
v -4.437500 5.550000 4.050000
v 6.687500 -3.300000 4.050000
v 6.712500 -3.300000 4.050000
v 6.712500 -3.300000 4.025000
v 6.687500 -3.300000 4.025000
v -4.487500 -3.350000 4.025000
v -4.487500 -3.350000 4.000000
v -4.487500 5.575000 4.000000
v -4.487500 5.575000 4.025000
v -4.487500 5.550000 4.025000
v 6.687500 -3.350000 4.025000
v 6.712500 -3.350000 4.025000
v 6.712500 -3.350000 4.000000
v 6.687500 -3.350000 4.000000
v -4.512500 -3.375000 4.000000
v -4.512500 -3.375000 3.975000
v -4.512500 5.575000 3.975000
v -4.512500 5.575000 4.000000
v -4.512500 5.550000 4.000000
v 6.687500 -3.375000 4.000000
v 6.712500 -3.375000 4.000000
v 6.712500 -3.375000 3.975000
v 6.687500 -3.375000 3.975000
v -4.562500 -3.425000 3.975000
v -4.562500 -3.425000 3.950000
v -4.562500 5.575000 3.950000
v -4.562500 5.575000 3.975000
v -4.562500 5.550000 3.975000
v 6.687500 -3.425000 3.975000
v 6.712500 -3.425000 3.975000
v 6.712500 -3.425000 3.950000
v 6.687500 -3.425000 3.950000
v -4.612500 -3.475000 3.950000
v -4.612500 -3.475000 3.925000
v -4.612500 5.575000 3.925000
v -4.612500 5.575000 3.950000
v -4.612500 5.550000 3.950000
v 6.687500 -3.475000 3.950000
v 6.712500 -3.475000 3.950000
v 6.712500 -3.475000 3.925000
v 6.687500 -3.475000 3.925000
v -4.662500 -3.525000 3.925000
v -4.662500 -3.525000 3.900000
v -4.662500 5.575000 3.900000
v -4.662500 5.575000 3.925000
v -4.662500 5.550000 3.925000
v 6.687500 -3.525000 3.925000
v 6.712500 -3.525000 3.925000
v 6.712500 -3.525000 3.900000
v 6.687500 -3.525000 3.900000
v -4.687500 -3.550000 3.900000
v -4.687500 -3.550000 3.875000
v -4.687500 5.575000 3.875000
v -4.687500 5.575000 3.900000
v -4.687500 5.550000 3.900000
v 6.687500 -3.550000 3.900000
v 6.712500 -3.550000 3.900000
v 6.712500 -3.550000 3.875000
v 6.687500 -3.550000 3.875000
v -4.737500 -3.600000 3.875000
v -4.737500 -3.600000 3.850000
v -4.737500 5.575000 3.850000
v -4.737500 5.575000 3.875000
v -4.737500 5.550000 3.875000
v 6.687500 -3.600000 3.875000
v 6.712500 -3.600000 3.875000
v 6.712500 -3.600000 3.850000
v 6.687500 -3.600000 3.850000
v -4.787500 -3.650000 3.850000
v -4.787500 -3.650000 3.825000
v -4.787500 5.575000 3.825000
v -4.787500 5.575000 3.850000
v -4.787500 5.550000 3.850000
v 6.687500 -3.650000 3.850000
v 6.712500 -3.650000 3.850000
v 6.712500 -3.650000 3.825000
v 6.687500 -3.650000 3.825000
v -4.837500 -3.700000 3.825000
v -4.837500 -3.700000 3.800000
v -4.837500 5.575000 3.800000
v -4.837500 5.575000 3.825000
v -4.837500 5.550000 3.825000
v 6.687500 -3.700000 3.825000
v 6.712500 -3.700000 3.825000
v 6.712500 -3.700000 3.800000
v 6.687500 -3.700000 3.800000
v -4.862500 -3.725000 3.800000
v -4.862500 -3.725000 3.775000
v -4.862500 5.575000 3.775000
v -4.862500 5.575000 3.800000
v -4.862500 5.550000 3.800000
v 6.687500 -3.725000 3.800000
v 6.712500 -3.725000 3.800000
v 6.712500 -3.725000 3.775000
v 6.687500 -3.725000 3.775000
v -4.912500 -3.775000 3.775000
v -4.912500 -3.775000 3.750000
v -4.912500 5.575000 3.750000
v -4.912500 5.575000 3.775000
v -4.912500 5.550000 3.775000
v 6.687500 -3.775000 3.775000
v 6.712500 -3.775000 3.775000
v 6.712500 -3.775000 3.750000
v 6.687500 -3.775000 3.750000
v -4.962500 -3.825000 3.750000
v -4.962500 -3.825000 3.725000
v -4.962500 5.575000 3.725000
v -4.962500 5.575000 3.750000
v -4.962500 5.550000 3.750000
v 6.687500 -3.825000 3.750000
v 6.712500 -3.825000 3.750000
v 6.712500 -3.825000 3.725000
v 6.687500 -3.825000 3.725000
v -4.987500 -3.850000 3.725000
v -4.987500 -3.850000 3.700000
v -4.987500 5.575000 3.700000
v -4.987500 5.575000 3.725000
v -4.987500 5.550000 3.725000
v 6.687500 -3.850000 3.725000
v 6.712500 -3.850000 3.725000
v 6.712500 -3.850000 3.700000
v 6.687500 -3.850000 3.700000
v -5.037500 -3.900000 3.700000
v -5.037500 -3.900000 3.675000
v -5.037500 5.575000 3.675000
v -5.037500 5.575000 3.700000
v -5.037500 5.550000 3.700000
v 6.687500 -3.900000 3.700000
v 6.712500 -3.900000 3.700000
v 6.712500 -3.900000 3.675000
v 6.687500 -3.900000 3.675000
v -5.087500 -3.950000 3.675000
v -5.087500 -3.950000 3.650000
v -5.087500 5.575000 3.650000
v -5.087500 5.575000 3.675000
v -5.087500 5.550000 3.675000
v 6.687500 -3.950000 3.675000
v 6.712500 -3.950000 3.675000
v 6.712500 -3.950000 3.650000
v 6.687500 -3.950000 3.650000
v -5.137500 -4.000000 3.650000
v -5.137500 -4.000000 3.625000
v -5.137500 5.575000 3.625000
v -5.137500 5.575000 3.650000
v -5.137500 5.550000 3.650000
v 6.687500 -4.000000 3.650000
v 6.712500 -4.000000 3.650000
v 6.712500 -4.000000 3.625000
v 6.687500 -4.000000 3.625000
v -5.162500 -4.025000 3.625000
v -5.162500 -4.025000 3.600000
v -5.162500 5.575000 3.600000
v -5.162500 5.575000 3.625000
v -5.162500 5.550000 3.625000
v 6.687500 -4.025000 3.625000
v 6.712500 -4.025000 3.625000
v 6.712500 -4.025000 3.600000
v 6.687500 -4.025000 3.600000
v -5.212500 -4.075000 3.600000
v -5.212500 -4.075000 3.575000
v -5.212500 5.575000 3.575000
v -5.212500 5.575000 3.600000
v -5.212500 5.550000 3.600000
v 6.687500 -4.075000 3.600000
v 6.712500 -4.075000 3.600000
v 6.712500 -4.075000 3.575000
v 6.687500 -4.075000 3.575000
v -5.262500 -4.125000 3.575000
v -5.262500 -4.125000 3.550000
v -5.262500 5.575000 3.550000
v -5.262500 5.575000 3.575000
v -5.262500 5.550000 3.575000
v 6.687500 -4.125000 3.575000
v 6.712500 -4.125000 3.575000
v 6.712500 -4.125000 3.550000
v 6.687500 -4.125000 3.550000
v -5.312500 -4.175000 3.550000
v -5.312500 -4.175000 3.525000
v -5.312500 5.575000 3.525000
v -5.312500 5.575000 3.550000
v -5.312500 5.550000 3.550000
v 6.687500 -4.175000 3.550000
v 6.712500 -4.175000 3.550000
v 6.712500 -4.175000 3.525000
v 6.687500 -4.175000 3.525000
v -5.337500 -4.200000 3.525000
v -5.337500 -4.200000 3.500000
v -5.337500 5.575000 3.500000
v -5.337500 5.575000 3.525000
v -5.337500 5.550000 3.525000
v 6.687500 -4.200000 3.525000
v 6.712500 -4.200000 3.525000
v 6.712500 -4.200000 3.500000
v 6.687500 -4.200000 3.500000
v -5.387500 -4.250000 3.500000
v -5.387500 -4.250000 3.475000
v -5.387500 5.575000 3.475000
v -5.387500 5.575000 3.500000
v -5.387500 5.550000 3.500000
v 6.687500 -4.250000 3.500000
v 6.712500 -4.250000 3.500000
v 6.712500 -4.250000 3.475000
v 6.687500 -4.250000 3.475000
v -5.437500 -4.300000 3.475000
v -5.437500 -4.300000 3.450000
v -5.437500 5.575000 3.450000
v -5.437500 5.575000 3.475000
v -5.437500 5.550000 3.475000
v 6.687500 -4.300000 3.475000
v 6.712500 -4.300000 3.475000
v 6.712500 -4.300000 3.450000
v 6.687500 -4.300000 3.450000
v -5.487500 -4.350000 3.450000
v -5.487500 -4.350000 3.425000
v -5.487500 5.575000 3.425000
v -5.487500 5.575000 3.450000
v -5.487500 5.550000 3.450000
v 6.687500 -4.350000 3.450000
v 6.712500 -4.350000 3.450000
v 6.712500 -4.350000 3.425000
v 6.687500 -4.350000 3.425000
v -5.512500 -4.375000 3.425000
v -5.512500 -4.375000 3.400000
v -5.512500 5.575000 3.400000
v -5.512500 5.575000 3.425000
v -5.512500 5.550000 3.425000
v 6.687500 -4.375000 3.425000
v 6.712500 -4.375000 3.425000
v 6.712500 -4.375000 3.400000
v 6.687500 -4.375000 3.400000
v -5.562500 -4.425000 3.400000
v -5.562500 -4.425000 3.375000
v -5.562500 5.575000 3.375000
v -5.562500 5.575000 3.400000
v -5.562500 5.550000 3.400000
v 6.687500 -4.425000 3.400000
v 6.712500 -4.425000 3.400000
v 6.712500 -4.425000 3.375000
v 6.687500 -4.425000 3.375000
v -5.612500 -4.475000 3.375000
v -5.612500 -4.475000 3.350000
v -5.612500 5.575000 3.350000
v -5.612500 5.575000 3.375000
v -5.612500 5.550000 3.375000
v 6.687500 -4.475000 3.375000
v 6.712500 -4.475000 3.375000
v 6.712500 -4.475000 3.350000
v 6.687500 -4.475000 3.350000
v -5.637500 -4.500000 3.350000
v -5.637500 -4.500000 3.325000
v -5.637500 5.575000 3.325000
v -5.637500 5.575000 3.350000
v -5.637500 5.550000 3.350000
v 6.687500 -4.500000 3.350000
v 6.712500 -4.500000 3.350000
v 6.712500 -4.500000 3.325000
v 6.687500 -4.500000 3.325000
v -5.687500 -4.550000 3.325000
v -5.687500 -4.550000 3.300000
v -5.687500 5.575000 3.300000
v -5.687500 5.575000 3.325000
v -5.687500 5.550000 3.325000
v 6.687500 -4.550000 3.325000
v 6.712500 -4.550000 3.325000
v 6.712500 -4.550000 3.300000
v 6.687500 -4.550000 3.300000
v -5.737500 -4.600000 3.300000
v -5.737500 -4.600000 3.275000
v -5.737500 5.575000 3.275000
v -5.737500 5.575000 3.300000
v -5.737500 5.550000 3.300000
v 6.687500 -4.600000 3.300000
v 6.712500 -4.600000 3.300000
v 6.712500 -4.600000 3.275000
v 6.687500 -4.600000 3.275000
v -5.787500 -4.650000 3.275000
v -5.787500 -4.650000 3.250000
v -5.787500 5.575000 3.250000
v -5.787500 5.575000 3.275000
v -5.787500 5.550000 3.275000
v 6.687500 -4.650000 3.275000
v 6.712500 -4.650000 3.275000
v 6.712500 -4.650000 3.250000
v 6.687500 -4.650000 3.250000
v -5.812500 -4.675000 3.250000
v -5.812500 -4.675000 3.225000
v -5.812500 5.575000 3.225000
v -5.812500 5.575000 3.250000
v -5.812500 5.550000 3.250000
v 6.687500 -4.675000 3.250000
v 6.712500 -4.675000 3.250000
v 6.712500 -4.675000 3.225000
v 6.687500 -4.675000 3.225000
v -5.862500 -4.725000 3.225000
v -5.862500 -4.725000 3.200000
v -5.862500 5.575000 3.200000
v -5.862500 5.575000 3.225000
v -5.862500 5.550000 3.225000
v 6.687500 -4.725000 3.225000
v 6.712500 -4.725000 3.225000
v 6.712500 -4.725000 3.200000
v 6.687500 -4.725000 3.200000
v -5.912500 -4.775000 3.200000
v -5.912500 -4.775000 3.175000
v -5.912500 5.575000 3.175000
v -5.912500 5.575000 3.200000
v -5.912500 5.550000 3.200000
v 6.687500 -4.775000 3.200000
v 6.712500 -4.775000 3.200000
v 6.712500 -4.775000 3.175000
v 6.687500 -4.775000 3.175000
v -5.962500 -4.825000 3.175000
v -5.962500 -4.825000 3.150000
v -5.962500 5.575000 3.150000
v -5.962500 5.575000 3.175000
v -5.962500 5.550000 3.175000
v 6.687500 -4.825000 3.175000
v 6.712500 -4.825000 3.175000
v 6.712500 -4.825000 3.150000
v 6.687500 -4.825000 3.150000
v -5.987500 -4.850000 3.150000
v -5.987500 -4.850000 3.125000
v -5.987500 5.575000 3.125000
v -5.987500 5.575000 3.150000
v -5.987500 5.550000 3.150000
v 6.687500 -4.850000 3.150000
v 6.712500 -4.850000 3.150000
v 6.712500 -4.850000 3.125000
v 6.687500 -4.850000 3.125000
v -6.037500 -4.900000 3.125000
v -6.037500 -4.900000 3.100000
v -6.037500 5.575000 3.100000
v -6.037500 5.575000 3.125000
v -6.037500 5.550000 3.125000
v 6.687500 -4.900000 3.125000
v 6.712500 -4.900000 3.125000
v 6.712500 -4.900000 3.100000
v 6.687500 -4.900000 3.100000
v -6.087500 -4.950000 3.100000
v -6.087500 -4.950000 3.075000
v -6.087500 5.575000 3.075000
v -6.087500 5.575000 3.100000
v -6.087500 5.550000 3.100000
v 6.687500 -4.950000 3.100000
v 6.712500 -4.950000 3.100000
v 6.712500 -4.950000 3.075000
v 6.687500 -4.950000 3.075000
v -6.137500 -5.000000 3.075000
v -6.137500 -5.000000 3.050000
v -6.137500 5.575000 3.050000
v -6.137500 5.575000 3.075000
v -6.137500 5.550000 3.075000
v 6.687500 -5.000000 3.075000
v 6.712500 -5.000000 3.075000
v 6.712500 -5.000000 3.050000
v 6.687500 -5.000000 3.050000
v -6.162500 -5.025000 3.050000
v -6.162500 -5.025000 3.025000
v -6.162500 5.575000 3.025000
v -6.162500 5.575000 3.050000
v -6.162500 5.550000 3.050000
v 6.687500 -5.025000 3.050000
v 6.712500 -5.025000 3.050000
v 6.712500 -5.025000 3.025000
v 6.687500 -5.025000 3.025000
v -6.212500 -5.075000 3.025000
v -6.212500 -5.075000 3.000000
v -6.212500 5.575000 3.000000
v -6.212500 5.575000 3.025000
v -6.212500 5.550000 3.025000
v 6.687500 -5.075000 3.025000
v 6.712500 -5.075000 3.025000
v 6.712500 -5.075000 3.000000
v 6.687500 -5.075000 3.000000
v -6.262500 -5.125000 3.000000
v -6.262500 -5.125000 2.975000
v -6.262500 5.575000 2.975000
v -6.262500 5.575000 3.000000
v -6.262500 5.550000 3.000000
v 6.687500 -5.125000 3.000000
v 6.712500 -5.125000 3.000000
v 6.712500 -5.125000 2.975000
v 6.687500 -5.125000 2.975000
v -6.287500 -5.150000 2.975000
v -6.287500 -5.150000 2.950000
v -6.287500 5.575000 2.950000
v -6.287500 5.575000 2.975000
v -6.287500 5.550000 2.975000
v 6.687500 -5.150000 2.975000
v 6.712500 -5.150000 2.975000
v 6.712500 -5.150000 2.950000
v 6.687500 -5.150000 2.950000
v -6.337500 -5.200000 2.950000
v -6.337500 -5.200000 2.925000
v -6.337500 5.575000 2.925000
v -6.337500 5.575000 2.950000
v -6.337500 5.550000 2.950000
v 6.687500 -5.200000 2.950000
v 6.712500 -5.200000 2.950000
v 6.712500 -5.200000 2.925000
v 6.687500 -5.200000 2.925000
v -6.387500 -5.250000 2.925000
v -6.387500 -5.250000 2.900000
v -6.387500 5.575000 2.900000
v -6.387500 5.575000 2.925000
v -6.387500 5.550000 2.925000
v 6.687500 -5.250000 2.925000
v 6.712500 -5.250000 2.925000
v 6.712500 -5.250000 2.900000
v 6.687500 -5.250000 2.900000
v -6.437500 -5.300000 2.900000
v -6.437500 -5.300000 2.875000
v -6.437500 5.575000 2.875000
v -6.437500 5.575000 2.900000
v -6.437500 5.550000 2.900000
v 6.687500 -5.300000 2.900000
v 6.712500 -5.300000 2.900000
v 6.712500 -5.300000 2.875000
v 6.687500 -5.300000 2.875000
v -6.462500 -5.325000 2.875000
v -6.462500 -5.325000 2.850000
v -6.462500 5.575000 2.850000
v -6.462500 5.575000 2.875000
v -6.462500 5.550000 2.875000
v 6.687500 -5.325000 2.875000
v 6.712500 -5.325000 2.875000
v 6.712500 -5.325000 2.850000
v 6.687500 -5.325000 2.850000
v -6.112500 -4.975000 2.825000
v -6.112500 5.025000 2.825000
v -6.112500 5.025000 2.975000
v -6.112500 -4.975000 2.975000
v -6.112500 -4.975000 2.950000
v 6.162500 -4.975000 2.975000
v 6.162500 -4.975000 2.825000
v 6.137500 -4.975000 2.825000
v 6.437500 -3.025000 0.425000
v 6.437500 -3.025000 2.175000
v 6.437500 -3.025000 2.200000
v 6.437500 -2.550000 2.200000
v 6.437500 -2.525000 2.200000
v 6.437500 -2.525000 0.425000
v 6.437500 -2.550000 0.425000
v 6.512500 -2.525000 2.200000
v 6.512500 -2.525000 0.425000
v 6.487500 -2.525000 0.425000
v -6.387500 -1.650000 0.000000
v -6.387500 -0.600000 0.000000
v -6.387500 -0.600000 2.100000
v -6.387500 -0.600000 2.125000
v -6.387500 -1.650000 2.125000
v -6.387500 -1.650000 2.100000
v -6.337500 -1.650000 2.125000
v -6.312500 -1.650000 2.125000
v -6.312500 -1.650000 0.000000
v -6.337500 -1.650000 0.000000
v -6.312500 -5.175000 0.000000
v -6.312500 -1.675000 0.000000
v -6.312500 -0.600000 2.125000
v -6.312500 -0.600000 0.000000
v -6.312500 5.025000 2.850000
v -6.312500 5.025000 2.825000
v -6.312500 -5.175000 2.825000
v -6.312500 -5.175000 2.800000
v -6.312500 -2.475000 0.425000
v -6.312500 -2.475000 2.175000
v -6.312500 -2.475000 2.200000
v -6.312500 -2.025000 2.200000
v -6.312500 -2.000000 2.200000
v -6.312500 -2.000000 0.425000
v -6.312500 -2.025000 0.425000
v -6.312500 -0.400000 2.200000
v -6.312500 0.050000 2.200000
v -6.312500 0.075000 2.200000
v -6.312500 0.075000 0.425000
v -6.312500 -0.400000 0.425000
v -6.312500 -0.400000 0.450000
v -6.312500 -0.400000 2.175000
v -6.312500 0.300000 2.200000
v -6.312500 0.750000 2.200000
v -6.312500 0.775000 2.200000
v -6.312500 0.775000 0.425000
v -6.312500 0.300000 0.425000
v -6.312500 0.300000 0.450000
v -6.312500 0.300000 2.175000
v 6.137500 -5.175000 2.825000
v 6.162500 -5.175000 2.825000
v 6.162500 -5.175000 2.850000
v 6.512500 -5.175000 2.850000
v 6.512500 -5.175000 0.000000
v 6.487500 -5.175000 0.000000
v 1.387500 -5.175000 0.025000
v 2.387500 -5.175000 0.025000
v 2.412500 -5.175000 0.025000
v 2.412500 -5.175000 2.100000
v 1.387500 -5.175000 2.100000
v 1.387500 -5.175000 2.075000
v 4.462500 -5.175000 0.425000
v 4.937500 -5.175000 0.425000
v 4.962500 -5.175000 0.425000
v 4.962500 -5.175000 2.175000
v 4.962500 -5.175000 2.200000
v 4.462500 -5.175000 2.200000
v 4.462500 -5.175000 2.175000
v 5.387500 -5.175000 0.425000
v 5.837500 -5.175000 0.425000
v 5.862500 -5.175000 0.425000
v 5.862500 -5.175000 2.175000
v 5.862500 -5.175000 2.200000
v 5.387500 -5.175000 2.200000
v 5.387500 -5.175000 2.175000
v -5.262500 -5.175000 1.625000
v -4.312500 -5.175000 1.625000
v -4.287500 -5.175000 1.625000
v -4.287500 -5.175000 2.075000
v -4.287500 -5.175000 2.100000
v -5.262500 -5.175000 2.100000
v -5.262500 -5.175000 2.075000
v -1.637500 -5.175000 1.625000
v -0.687500 -5.175000 1.625000
v -0.662500 -5.175000 1.625000
v -0.662500 -5.175000 2.075000
v -0.662500 -5.175000 2.100000
v -1.637500 -5.175000 2.100000
v -1.637500 -5.175000 2.075000
v -2.512500 -5.175000 1.625000
v -3.462500 -5.175000 1.625000
v -2.487500 -5.175000 1.625000
v -2.487500 -5.175000 2.075000
v -2.487500 -5.175000 2.100000
v -3.462500 -5.175000 2.100000
v -3.462500 -5.175000 2.075000
v 6.162500 -5.000000 2.975000
v 6.162500 -5.000000 2.950000
v 6.162500 -5.025000 2.950000
v 6.162500 -5.025000 2.925000
v 6.162500 -5.075000 2.925000
v 6.162500 -5.075000 2.900000
v 6.162500 -5.125000 2.900000
v 6.162500 -5.125000 2.875000
v 6.162500 -5.150000 2.875000
v 6.162500 -5.150000 2.850000
v 6.512500 -5.150000 2.850000
v 6.512500 -5.150000 2.875000
v 6.512500 -5.125000 2.875000
v 6.512500 -5.125000 2.900000
v 6.512500 -5.100000 2.900000
v 6.512500 -5.075000 2.900000
v 6.512500 -5.075000 2.925000
v 6.512500 -5.050000 2.925000
v 6.512500 -5.025000 2.925000
v 6.512500 -5.025000 2.950000
v 6.512500 -5.000000 2.950000
v 6.512500 -5.000000 2.975000
v 6.512500 -4.975000 2.975000
v 6.512500 -4.950000 2.975000
v 6.512500 -4.950000 3.000000
v 6.512500 -4.925000 3.000000
v 6.512500 -4.900000 3.000000
v 6.512500 -4.900000 3.025000
v 6.512500 -4.875000 3.025000
v 6.512500 -4.850000 3.025000
v 6.512500 -4.850000 3.050000
v 6.512500 -4.825000 3.050000
v 6.512500 -4.825000 3.075000
v 6.512500 -4.800000 3.075000
v 6.512500 -4.775000 3.075000
v 6.512500 -4.775000 3.100000
v 6.512500 -4.750000 3.100000
v 6.512500 -4.725000 3.100000
v 6.512500 -4.725000 3.125000
v 6.512500 -4.700000 3.125000
v 6.512500 -4.675000 3.125000
v 6.512500 -4.675000 3.150000
v 6.512500 -4.650000 3.150000
v 6.512500 -4.650000 3.175000
v 6.512500 -4.625000 3.175000
v 6.512500 -4.600000 3.175000
v 6.512500 -4.600000 3.200000
v 6.512500 -4.575000 3.200000
v 6.512500 -4.550000 3.200000
v 6.512500 -4.550000 3.225000
v 6.512500 -4.525000 3.225000
v 6.512500 -4.525000 3.250000
v 6.512500 -4.500000 3.250000
v 6.512500 -4.475000 3.250000
v 6.512500 -4.475000 3.275000
v 6.512500 -4.450000 3.275000
v 6.512500 -4.425000 3.275000
v 6.512500 -4.425000 3.300000
v 6.512500 -4.400000 3.300000
v 6.512500 -4.375000 3.300000
v 6.512500 -4.375000 3.325000
v 6.512500 -4.350000 3.325000
v 6.512500 -4.350000 3.350000
v 6.512500 -4.325000 3.350000
v 6.512500 -4.300000 3.350000
v 6.512500 -4.300000 3.375000
v 6.512500 -4.275000 3.375000
v 6.512500 -4.250000 3.375000
v 6.512500 -4.250000 3.400000
v 6.512500 -4.225000 3.400000
v 6.512500 -4.200000 3.400000
v 6.512500 -4.200000 3.425000
v 6.512500 -4.175000 3.425000
v 6.512500 -4.175000 3.450000
v 6.512500 -4.150000 3.450000
v 6.512500 -4.125000 3.450000
v 6.512500 -4.125000 3.475000
v 6.512500 -4.100000 3.475000
v 6.512500 -4.075000 3.475000
v 6.512500 -4.075000 3.500000
v 6.512500 -4.050000 3.500000
v 6.512500 -4.025000 3.500000
v 6.512500 -4.025000 3.525000
v 6.512500 -4.000000 3.525000
v 6.512500 -4.000000 3.550000
v 6.512500 -3.975000 3.550000
v 6.512500 -3.950000 3.550000
v 6.512500 -3.950000 3.575000
v 6.512500 -3.925000 3.575000
v 6.512500 -3.900000 3.575000
v 6.512500 -3.900000 3.600000
v 6.512500 -3.875000 3.600000
v 6.512500 -3.875000 3.625000
v 6.512500 -3.850000 3.625000
v 6.512500 -3.825000 3.625000
v 6.512500 -3.825000 3.650000
v 6.512500 -3.800000 3.650000
v 6.512500 -3.775000 3.650000
v 6.512500 -3.775000 3.675000
v 6.512500 -3.750000 3.675000
v 6.512500 -3.725000 3.675000
v 6.512500 -3.725000 3.700000
v 6.512500 -3.700000 3.700000
v 6.512500 -3.700000 3.725000
v 6.512500 -3.675000 3.725000
v 6.512500 -3.650000 3.725000
v 6.512500 -3.650000 3.750000
v 6.512500 -3.625000 3.750000
v 6.512500 -3.600000 3.750000
v 6.512500 -3.600000 3.775000
v 6.512500 -3.575000 3.775000
v 6.512500 -3.550000 3.775000
v 6.512500 -3.550000 3.800000
v 6.512500 -3.525000 3.800000
v 6.512500 -3.525000 3.825000
v 6.512500 -3.500000 3.825000
v 6.512500 -3.475000 3.825000
v 6.512500 -3.475000 3.850000
v 6.512500 -3.450000 3.850000
v 6.512500 -3.425000 3.850000
v 6.512500 -3.425000 3.875000
v 6.512500 -3.400000 3.875000
v 6.512500 -3.375000 3.875000
v 6.512500 -3.375000 3.900000
v 6.512500 -3.350000 3.900000
v 6.512500 -3.350000 3.925000
v 6.512500 -3.325000 3.925000
v 6.512500 -3.300000 3.925000
v 6.512500 -3.300000 3.950000
v 6.512500 -3.275000 3.950000
v 6.512500 -3.250000 3.950000
v 6.512500 -3.250000 3.975000
v 6.512500 -3.225000 3.975000
v 6.512500 -3.225000 4.000000
v 6.512500 -3.200000 4.000000
v 6.512500 -3.175000 4.000000
v 6.512500 -3.175000 4.025000
v 6.512500 -3.150000 4.025000
v 6.512500 -3.125000 4.025000
v 6.512500 -3.125000 4.050000
v 6.512500 -3.100000 4.050000
v 6.512500 -3.075000 4.050000
v 6.512500 -3.075000 4.075000
v 6.512500 -3.050000 4.075000
v 6.512500 -3.050000 4.100000
v 6.512500 -3.025000 4.100000
v 6.512500 -3.000000 4.100000
v 6.512500 -3.000000 4.125000
v 6.512500 -2.975000 4.125000
v 6.512500 -2.950000 4.125000
v 6.512500 -2.950000 4.150000
v 6.512500 -2.925000 4.150000
v 6.512500 -2.900000 4.150000
v 6.512500 -2.900000 4.175000
v 6.512500 -2.875000 4.175000
v 6.512500 -2.875000 4.200000
v 6.512500 -2.850000 4.200000
v 6.512500 -2.825000 4.200000
v 6.512500 -2.825000 4.225000
v 6.512500 -2.800000 4.225000
v 6.512500 -2.775000 4.225000
v 6.512500 -2.775000 4.250000
v 6.512500 -2.750000 4.250000
v 6.512500 -2.725000 4.250000
v 6.512500 -2.725000 4.275000
v 6.512500 -2.700000 4.275000
v 6.512500 -2.700000 4.300000
v 6.512500 -2.675000 4.300000
v 6.512500 -2.650000 4.300000
v 6.512500 -2.650000 4.325000
v 6.512500 -2.625000 4.325000
v 6.512500 -2.600000 4.325000
v 6.512500 -2.600000 4.350000
v 6.512500 -2.575000 4.350000
v 6.512500 -2.575000 4.375000
v 6.512500 -2.550000 4.375000
v 6.512500 -2.525000 4.375000
v 6.512500 -2.525000 4.400000
v 6.512500 -2.500000 4.400000
v 6.512500 -2.475000 4.400000
v 6.512500 -2.475000 4.425000
v 6.512500 -2.450000 4.425000
v 6.512500 -2.425000 4.425000
v 6.512500 -2.425000 4.450000
v 6.512500 -2.400000 4.450000
v 6.512500 -2.400000 4.475000
v 6.512500 -2.375000 4.475000
v 6.512500 -2.350000 4.475000
v 6.512500 -2.350000 4.500000
v 6.512500 -2.325000 4.500000
v 6.512500 -2.300000 4.500000
v 6.512500 -2.300000 4.525000
v 6.512500 -2.275000 4.525000
v 6.512500 -2.275000 4.500000
v 6.512500 -2.250000 4.500000
v 6.512500 -2.225000 4.500000
v 6.512500 -2.225000 4.475000
v 6.512500 -2.200000 4.475000
v 6.512500 -2.175000 4.475000
v 6.512500 -2.175000 4.450000
v 6.512500 -2.150000 4.450000
v 6.512500 -2.125000 4.450000
v 6.512500 -2.125000 4.425000
v 6.512500 -2.100000 4.425000
v 6.512500 -2.100000 4.400000
v 6.512500 -2.075000 4.400000
v 6.512500 -2.050000 4.400000
v 6.512500 -2.050000 4.375000
v 6.512500 -2.025000 4.375000
v 6.512500 -2.000000 4.375000
v 6.512500 -2.000000 4.350000
v 6.512500 -1.975000 4.350000
v 6.512500 -1.975000 4.325000
v 6.512500 -1.950000 4.325000
v 6.512500 -1.925000 4.325000
v 6.512500 -1.925000 4.300000
v 6.512500 -1.900000 4.300000
v 6.512500 -1.875000 4.300000
v 6.512500 -1.875000 4.275000
v 6.512500 -1.850000 4.275000
v 6.512500 -1.825000 4.275000
v 6.512500 -1.825000 4.250000
v 6.512500 -1.800000 4.250000
v 6.512500 -1.800000 4.225000
v 6.512500 -1.775000 4.225000
v 6.512500 -1.750000 4.225000
v 6.512500 -1.750000 4.200000
v 6.512500 -1.725000 4.200000
v 6.512500 -1.700000 4.200000
v 6.512500 -1.700000 4.175000
v 6.512500 -1.675000 4.175000
v 6.512500 -1.650000 4.175000
v 6.512500 -1.650000 4.150000
v 6.512500 -1.625000 4.150000
v 6.512500 -1.625000 4.125000
v 6.512500 -1.600000 4.125000
v 6.512500 -1.575000 4.125000
v 6.512500 -1.575000 4.100000
v 6.512500 -1.550000 4.100000
v 6.512500 -1.525000 4.100000
v 6.512500 -1.525000 4.075000
v 6.512500 -1.500000 4.075000
v 6.512500 -1.475000 4.075000
v 6.512500 -1.475000 4.050000
v 6.512500 -1.450000 4.050000
v 6.512500 -1.450000 4.025000
v 6.512500 -1.425000 4.025000
v 6.512500 -1.400000 4.025000
v 6.512500 -1.400000 4.000000
v 6.512500 -1.375000 4.000000
v 6.512500 -1.350000 4.000000
v 6.512500 -1.350000 3.975000
v 6.512500 -1.325000 3.975000
v 6.512500 -1.325000 3.950000
v 6.512500 -1.300000 3.950000
v 6.512500 -1.275000 3.950000
v 6.512500 -1.275000 3.925000
v 6.512500 -1.250000 3.925000
v 6.512500 -1.225000 3.925000
v 6.512500 -1.225000 3.900000
v 6.512500 -1.200000 3.900000
v 6.512500 -1.175000 3.900000
v 6.512500 -1.175000 3.875000
v 6.512500 -1.150000 3.875000
v 6.512500 -1.150000 3.850000
v 6.512500 -1.125000 3.850000
v 6.512500 -1.100000 3.850000
v 6.512500 -1.100000 3.825000
v 6.512500 -1.075000 3.825000
v 6.512500 -1.050000 3.825000
v 6.512500 -1.050000 3.800000
v 6.512500 -1.025000 3.800000
v 6.512500 -1.000000 3.800000
v 6.512500 -1.000000 3.775000
v 6.512500 -0.975000 3.775000
v 6.512500 -0.975000 3.750000
v 6.512500 -0.950000 3.750000
v 6.512500 -0.925000 3.750000
v 6.512500 -0.925000 3.725000
v 6.512500 -0.900000 3.725000
v 6.512500 -0.875000 3.725000
v 6.512500 -0.875000 3.700000
v 6.512500 -0.850000 3.700000
v 6.512500 -0.825000 3.700000
v 6.512500 -0.825000 3.675000
v 6.512500 -0.800000 3.675000
v 6.512500 -0.800000 3.650000
v 6.512500 -0.775000 3.650000
v 6.512500 -0.750000 3.650000
v 6.512500 -0.750000 3.625000
v 6.512500 -0.725000 3.625000
v 6.512500 -0.700000 3.625000
v 6.512500 -0.700000 3.600000
v 6.512500 -0.675000 3.600000
v 6.512500 -0.675000 3.575000
v 6.512500 -0.650000 3.575000
v 6.512500 -0.625000 3.575000
v 6.512500 -0.625000 3.550000
v 6.512500 -0.600000 3.550000
v 6.512500 -0.575000 3.550000
v 6.512500 -0.575000 3.525000
v 6.512500 -0.550000 3.525000
v 6.512500 -0.525000 3.525000
v 6.512500 -0.525000 3.500000
v 6.512500 -0.500000 3.500000
v 6.512500 -0.500000 3.475000
v 6.512500 -0.475000 3.475000
v 6.512500 -0.450000 3.475000
v 6.512500 -0.450000 3.450000
v 6.512500 -0.425000 3.450000
v 6.512500 -0.400000 3.450000
v 6.512500 -0.400000 3.425000
v 6.512500 -0.375000 3.425000
v 6.512500 -0.350000 3.425000
v 6.512500 -0.350000 3.400000
v 6.512500 -0.325000 3.400000
v 6.512500 -0.325000 3.375000
v 6.512500 -0.300000 3.375000
v 6.512500 -0.275000 3.375000
v 6.512500 -0.275000 3.350000
v 6.512500 -0.250000 3.350000
v 6.512500 -0.225000 3.350000
v 6.512500 -0.225000 3.325000
v 6.512500 -0.200000 3.325000
v 6.512500 -0.175000 3.325000
v 6.512500 -0.175000 3.300000
v 6.512500 -0.150000 3.300000
v 6.512500 -0.150000 3.275000
v 6.512500 -0.125000 3.275000
v 6.512500 -0.100000 3.275000
v 6.512500 -0.100000 3.250000
v 6.512500 -0.075000 3.250000
v 6.512500 -0.050000 3.250000
v 6.512500 -0.050000 3.225000
v 6.512500 -0.025000 3.225000
v 6.512500 -0.025000 3.200000
v 6.512500 0.000000 3.200000
v 6.512500 0.025000 3.200000
v 6.512500 0.025000 3.175000
v 6.512500 0.050000 3.175000
v 6.512500 0.075000 3.175000
v 6.512500 0.075000 3.150000
v 6.512500 0.100000 3.150000
v 6.512500 0.125000 3.150000
v 6.512500 0.125000 3.125000
v 6.512500 0.150000 3.125000
v 6.512500 0.150000 3.100000
v 6.512500 0.175000 3.100000
v 6.512500 0.200000 3.100000
v 6.512500 0.200000 3.075000
v 6.512500 0.225000 3.075000
v 6.512500 0.250000 3.075000
v 6.512500 0.250000 3.050000
v 6.512500 0.275000 3.050000
v 6.512500 0.300000 3.050000
v 6.512500 0.300000 3.025000
v 6.512500 0.325000 3.025000
v 6.512500 0.325000 3.000000
v 6.512500 0.350000 3.000000
v 6.512500 0.375000 3.000000
v 6.512500 0.375000 2.975000
v 6.512500 0.400000 2.975000
v 6.512500 0.425000 2.975000
v 6.512500 0.425000 2.950000
v 6.512500 0.450000 2.950000
v 6.512500 0.450000 2.925000
v 6.512500 0.475000 2.925000
v 6.512500 0.500000 2.925000
v 6.512500 0.500000 2.900000
v 6.512500 0.525000 2.900000
v 6.512500 0.550000 2.900000
v 6.512500 0.550000 2.875000
v 6.512500 0.575000 2.875000
v 6.512500 0.600000 2.875000
v 6.512500 0.600000 2.850000
v 6.512500 0.625000 2.850000
v 6.512500 0.600000 0.000000
v 6.512500 -3.025000 0.425000
v 6.512500 -3.025000 2.200000
v 6.512500 -3.025000 2.175000
v 2.412500 -5.200000 0.025000
v 2.412500 -5.200000 0.050000
v 2.412500 -5.225000 0.050000
v 2.412500 -5.225000 0.100000
v 2.412500 -5.250000 0.100000
v 2.412500 -5.250000 2.075000
v 2.412500 -5.225000 2.075000
v 2.412500 -5.225000 2.100000
v 1.387500 -5.200000 0.050000
v 1.387500 -5.200000 0.025000
v 1.387500 -5.225000 2.100000
v 1.387500 -5.225000 2.075000
v 1.387500 -5.250000 2.075000
v 1.387500 -5.250000 0.100000
v 1.387500 -5.225000 0.100000
v 1.387500 -5.225000 0.050000
v 4.962500 -5.100000 0.425000
v 4.962500 -5.100000 2.200000
v 4.462500 -5.125000 2.200000
v 4.462500 -5.100000 2.200000
v 4.462500 -5.100000 0.425000
v 4.462500 -5.125000 0.425000
v 5.862500 -5.100000 0.425000
v 5.862500 -5.100000 2.200000
v 5.387500 -5.125000 2.200000
v 5.387500 -5.100000 2.200000
v 5.387500 -5.100000 0.425000
v 5.387500 -5.125000 0.425000
v -4.287500 -5.100000 1.625000
v -4.287500 -5.100000 2.100000
v -5.262500 -5.125000 2.100000
v -5.262500 -5.100000 2.100000
v -5.262500 -5.100000 1.625000
v -5.262500 -5.125000 1.625000
v -0.662500 -5.100000 1.625000
v -0.662500 -5.100000 2.100000
v -1.637500 -5.125000 2.100000
v -1.637500 -5.100000 2.100000
v -1.637500 -5.100000 1.625000
v -1.637500 -5.125000 1.625000
v -2.487500 -5.100000 1.625000
v -2.487500 -5.100000 2.100000
v -3.462500 -5.125000 2.100000
v -3.462500 -5.100000 2.100000
v -3.462500 -5.100000 1.625000
v -3.462500 -5.125000 1.625000
v 2.387500 -5.200000 0.050000
v 2.387500 -5.200000 0.025000
v 2.387500 -5.225000 0.100000
v 2.387500 -5.225000 0.050000
v 2.387500 -5.250000 2.075000
v 2.387500 -5.250000 0.100000
v 4.937500 -5.100000 0.425000
v 5.837500 -5.100000 0.425000
v -6.237500 -2.000000 2.200000
v -6.237500 -2.000000 0.425000
v -6.262500 -2.000000 0.425000
v -6.237500 -2.475000 0.425000
v -6.237500 -2.475000 2.200000
v -6.237500 -2.475000 2.175000
v -6.237500 0.075000 2.200000
v -6.237500 0.075000 0.425000
v -6.262500 0.075000 0.425000
v -6.237500 -0.400000 0.425000
v -6.237500 -0.400000 2.200000
v -6.237500 -0.400000 2.175000
v -6.237500 0.775000 2.200000
v -6.237500 0.775000 0.425000
v -6.262500 0.775000 0.425000
v -6.237500 0.300000 0.425000
v -6.237500 0.300000 2.200000
v -6.237500 0.300000 2.175000
v -4.312500 -5.100000 1.625000
v -2.512500 -5.100000 1.625000
v -0.687500 -5.100000 1.625000
v 2.387500 -5.225000 2.100000
v 2.387500 -5.225000 2.075000
v 6.687500 0.625000 2.850000
v 6.712500 0.625000 2.850000
v 6.712500 0.625000 2.825000
v 6.687500 0.625000 2.825000
v -6.512500 -5.375000 2.850000
v -6.512500 -5.375000 2.825000
v -6.512500 5.575000 2.825000
v -6.512500 5.575000 2.850000
v -6.512500 5.550000 2.850000
v 6.687500 -5.375000 2.850000
v 6.712500 -5.375000 2.850000
v 6.712500 -5.375000 2.825000
v 6.687500 -5.375000 2.825000
v 0.587500 0.675000 2.825000
v 0.587500 0.675000 2.800000
v 0.587500 5.550000 2.800000
v 0.587500 5.575000 2.800000
v 0.587500 5.575000 2.825000
v 0.587500 5.550000 2.825000
v 6.712500 0.675000 2.825000
v 6.712500 0.675000 2.800000
v 6.687500 0.675000 2.800000
v -6.562500 -5.425000 2.825000
v -6.562500 -5.425000 2.800000
v -6.562500 5.575000 2.800000
v -6.562500 5.575000 2.825000
v -6.562500 5.550000 2.825000
v 6.687500 -5.425000 2.825000
v 6.712500 -5.425000 2.825000
v 6.712500 -5.425000 2.800000
v 6.687500 -5.425000 2.800000
v 0.612500 0.725000 2.800000
v 0.612500 0.725000 2.775000
v 0.612500 5.550000 2.775000
v 0.612500 5.575000 2.775000
v 0.612500 5.575000 2.800000
v 0.612500 5.550000 2.800000
v 6.712500 0.725000 2.800000
v 6.712500 0.725000 2.775000
v 6.687500 0.725000 2.775000
v -6.612500 -5.475000 2.800000
v -6.612500 -5.475000 2.775000
v -6.612500 5.575000 2.775000
v -6.612500 5.575000 2.800000
v -6.612500 5.550000 2.800000
v 6.687500 -5.475000 2.800000
v 6.712500 -5.475000 2.800000
v 6.712500 -5.475000 2.775000
v 6.687500 -5.475000 2.775000
v 0.662500 0.775000 2.775000
v 0.662500 0.775000 2.750000
v 0.662500 5.550000 2.750000
v 0.662500 5.575000 2.750000
v 0.662500 5.575000 2.775000
v 0.662500 5.550000 2.775000
v 6.712500 0.775000 2.775000
v 6.712500 0.775000 2.750000
v 6.687500 0.775000 2.750000
v -6.637500 -5.500000 2.775000
v -6.637500 -5.500000 2.750000
v -6.637500 5.575000 2.750000
v -6.637500 5.575000 2.775000
v -6.637500 5.550000 2.775000
v 6.687500 -5.500000 2.775000
v 6.712500 -5.500000 2.775000
v 6.712500 -5.500000 2.750000
v 6.687500 -5.500000 2.750000
v 0.712500 0.800000 2.750000
v 0.712500 0.800000 2.725000
v 0.712500 5.550000 2.725000
v 0.712500 5.575000 2.725000
v 0.712500 5.575000 2.750000
v 0.712500 5.550000 2.750000
v 6.712500 0.800000 2.750000
v 6.712500 0.800000 2.725000
v 6.687500 0.800000 2.725000
v -6.687500 -5.550000 2.750000
v -6.687500 -5.550000 2.725000
v -6.687500 5.575000 2.725000
v -6.687500 5.575000 2.750000
v -6.687500 5.550000 2.750000
v 6.687500 -5.550000 2.750000
v 6.712500 -5.550000 2.750000
v 6.712500 -5.550000 2.725000
v 6.687500 -5.550000 2.725000
v 0.762500 0.850000 2.725000
v 0.762500 0.850000 2.700000
v 0.762500 5.550000 2.700000
v 0.762500 5.575000 2.700000
v 0.762500 5.575000 2.725000
v 0.762500 5.550000 2.725000
v 6.712500 0.850000 2.725000
v 6.712500 0.850000 2.700000
v 6.687500 0.850000 2.700000
v 0.787500 0.900000 2.700000
v 0.787500 0.900000 2.675000
v 0.787500 5.550000 2.675000
v 0.787500 5.575000 2.675000
v 0.787500 5.575000 2.700000
v 0.787500 5.550000 2.700000
v 6.712500 0.900000 2.700000
v 6.712500 0.900000 2.675000
v 6.687500 0.900000 2.675000
v -6.712500 -5.575000 2.675000
v -6.712500 5.550000 2.675000
v -6.712500 5.575000 2.675000
v -6.712500 5.575000 2.725000
v -6.712500 -5.575000 2.725000
v -6.712500 -5.575000 2.700000
v 6.687500 -5.575000 2.725000
v 6.712500 -5.575000 2.725000
v 6.712500 -5.575000 2.675000
v 6.687500 -5.575000 2.675000
v 0.837500 0.950000 2.675000
v 0.837500 0.950000 2.650000
v 0.837500 5.550000 2.650000
v 0.837500 5.575000 2.650000
v 0.837500 5.575000 2.675000
v 0.837500 5.550000 2.675000
v 6.712500 0.950000 2.675000
v 6.712500 0.950000 2.650000
v 6.687500 0.950000 2.650000
v -6.687500 -5.550000 2.675000
v -6.687500 -5.550000 2.650000
v -6.687500 5.550000 2.650000
v -6.687500 5.575000 2.650000
v -6.687500 5.575000 2.675000
v -6.687500 5.550000 2.675000
v 6.712500 -5.550000 2.675000
v 6.712500 -5.550000 2.650000
v 6.687500 -5.550000 2.650000
v 6.712500 -2.275000 4.625000
v 6.712500 -2.275000 4.600000
v 6.712500 -2.225000 4.600000
v 6.712500 -2.225000 4.575000
v 6.712500 -2.175000 4.575000
v 6.712500 -2.175000 4.550000
v 6.712500 -2.125000 4.550000
v 6.712500 -2.125000 4.525000
v 6.712500 -2.100000 4.525000
v 6.712500 -2.100000 4.500000
v 6.712500 -2.050000 4.500000
v 6.712500 -2.050000 4.475000
v 6.712500 -2.000000 4.475000
v 6.712500 -2.000000 4.450000
v 6.712500 -1.975000 4.450000
v 6.712500 -1.975000 4.425000
v 6.712500 -1.925000 4.425000
v 6.712500 -1.925000 4.400000
v 6.712500 -1.875000 4.400000
v 6.712500 -1.875000 4.375000
v 6.712500 -1.825000 4.375000
v 6.712500 -1.825000 4.350000
v 6.712500 -1.800000 4.350000
v 6.712500 -1.800000 4.325000
v 6.712500 -1.750000 4.325000
v 6.712500 -1.750000 4.300000
v 6.712500 -1.700000 4.300000
v 6.712500 -1.700000 4.275000
v 6.712500 -1.650000 4.275000
v 6.712500 -1.650000 4.250000
v 6.712500 -1.625000 4.250000
v 6.712500 -1.625000 4.225000
v 6.712500 -1.575000 4.225000
v 6.712500 -1.575000 4.200000
v 6.712500 -1.525000 4.200000
v 6.712500 -1.525000 4.175000
v 6.712500 -1.475000 4.175000
v 6.712500 -1.475000 4.150000
v 6.712500 -1.450000 4.150000
v 6.712500 -1.450000 4.125000
v 6.712500 -1.400000 4.125000
v 6.712500 -1.400000 4.100000
v 6.712500 -1.350000 4.100000
v 6.712500 -1.350000 4.075000
v 6.712500 -1.325000 4.075000
v 6.712500 -1.325000 4.050000
v 6.712500 -1.275000 4.050000
v 6.712500 -1.275000 4.025000
v 6.712500 -1.225000 4.025000
v 6.712500 -1.225000 4.000000
v 6.712500 -1.175000 4.000000
v 6.712500 -1.175000 3.975000
v 6.712500 -1.150000 3.975000
v 6.712500 -1.150000 3.950000
v 6.712500 -1.100000 3.950000
v 6.712500 -1.100000 3.925000
v 6.712500 -1.050000 3.925000
v 6.712500 -1.050000 3.900000
v 6.712500 -1.000000 3.900000
v 6.712500 -1.000000 3.875000
v 6.712500 -0.975000 3.875000
v 6.712500 -0.975000 3.850000
v 6.712500 -0.925000 3.850000
v 6.712500 -0.925000 3.825000
v 6.712500 -0.875000 3.825000
v 6.712500 -0.875000 3.800000
v 6.712500 -0.850000 3.800000
v 6.712500 -0.850000 3.775000
v 6.712500 -0.800000 3.775000
v 6.712500 -0.800000 3.750000
v 6.712500 -0.750000 3.750000
v 6.712500 -0.750000 3.725000
v 6.712500 -0.700000 3.725000
v 6.712500 -0.700000 3.700000
v 6.712500 -0.675000 3.700000
v 6.712500 -0.675000 3.675000
v 6.712500 -0.625000 3.675000
v 6.712500 -0.625000 3.650000
v 6.712500 -0.575000 3.650000
v 6.712500 -0.575000 3.625000
v 6.712500 -0.525000 3.625000
v 6.712500 -0.525000 3.600000
v 6.712500 -0.500000 3.600000
v 6.712500 -0.500000 3.575000
v 6.712500 -0.450000 3.575000
v 6.712500 -0.450000 3.550000
v 6.712500 -0.400000 3.550000
v 6.712500 -0.400000 3.525000
v 6.712500 -0.350000 3.525000
v 6.712500 -0.350000 3.500000
v 6.712500 -0.325000 3.500000
v 6.712500 -0.325000 3.475000
v 6.712500 -0.275000 3.475000
v 6.712500 -0.275000 3.450000
v 6.712500 -0.225000 3.450000
v 6.712500 -0.225000 3.425000
v 6.712500 -0.200000 3.425000
v 6.712500 -0.200000 3.400000
v 6.712500 -0.150000 3.400000
v 6.712500 -0.150000 3.375000
v 6.712500 -0.100000 3.375000
v 6.712500 -0.100000 3.350000
v 6.712500 -0.050000 3.350000
v 6.712500 -0.050000 3.325000
v 6.712500 -0.025000 3.325000
v 6.712500 -0.025000 3.300000
v 6.712500 0.025000 3.300000
v 6.712500 0.025000 3.275000
v 6.712500 0.075000 3.275000
v 6.712500 0.075000 3.250000
v 6.712500 0.125000 3.250000
v 6.712500 0.125000 3.225000
v 6.712500 0.150000 3.225000
v 6.712500 0.150000 3.200000
v 6.712500 0.200000 3.200000
v 6.712500 0.200000 3.175000
v 6.712500 0.250000 3.175000
v 6.712500 0.250000 3.150000
v 6.712500 0.300000 3.150000
v 6.712500 0.300000 3.125000
v 6.712500 0.325000 3.125000
v 6.712500 0.325000 3.100000
v 6.712500 0.375000 3.100000
v 6.712500 0.375000 3.075000
v 6.712500 0.425000 3.075000
v 6.712500 0.425000 3.050000
v 6.712500 0.450000 3.050000
v 6.712500 0.450000 3.025000
v 6.712500 0.500000 3.025000
v 6.712500 0.500000 3.000000
v 6.712500 0.550000 3.000000
v 6.712500 0.550000 2.975000
v 6.712500 0.600000 2.975000
v 6.712500 0.600000 2.950000
v 6.712500 0.625000 2.950000
v 6.712500 0.625000 2.925000
v 6.712500 0.675000 2.925000
v 6.712500 0.675000 2.900000
v 6.712500 0.725000 2.900000
v 6.712500 0.725000 2.875000
v 6.712500 0.775000 2.875000
v 6.712500 0.775000 2.850000
v 6.712500 0.800000 2.850000
v 6.712500 0.800000 2.825000
v 6.712500 0.850000 2.825000
v 6.712500 0.850000 2.800000
v 6.712500 0.900000 2.800000
v 6.712500 0.900000 2.775000
v 6.712500 0.950000 2.775000
v 6.712500 0.950000 2.750000
v 6.712500 0.975000 2.750000
v 6.712500 0.975000 2.725000
v 6.712500 1.000000 2.725000
v 6.712500 1.000000 2.675000
v 6.712500 0.600000 2.850000
v 6.712500 0.600000 2.875000
v 6.712500 0.550000 2.875000
v 6.712500 0.550000 2.900000
v 6.712500 0.500000 2.900000
v 6.712500 0.500000 2.925000
v 6.712500 0.450000 2.925000
v 6.712500 0.450000 2.950000
v 6.712500 0.425000 2.950000
v 6.712500 0.425000 2.975000
v 6.712500 0.375000 2.975000
v 6.712500 0.375000 3.000000
v 6.712500 0.325000 3.000000
v 6.712500 0.325000 3.025000
v 6.712500 0.300000 3.025000
v 6.712500 0.300000 3.050000
v 6.712500 0.250000 3.050000
v 6.712500 0.250000 3.075000
v 6.712500 0.200000 3.075000
v 6.712500 0.200000 3.100000
v 6.712500 0.150000 3.100000
v 6.712500 0.150000 3.125000
v 6.712500 0.125000 3.125000
v 6.712500 0.125000 3.150000
v 6.712500 0.075000 3.150000
v 6.712500 0.075000 3.175000
v 6.712500 0.025000 3.175000
v 6.712500 0.025000 3.200000
v 6.712500 -0.025000 3.200000
v 6.712500 -0.025000 3.225000
v 6.712500 -0.050000 3.225000
v 6.712500 -0.050000 3.250000
v 6.712500 -0.100000 3.250000
v 6.712500 -0.100000 3.275000
v 6.712500 -0.150000 3.275000
v 6.712500 -0.150000 3.300000
v 6.712500 -0.175000 3.300000
v 6.712500 -0.175000 3.325000
v 6.712500 -0.225000 3.325000
v 6.712500 -0.225000 3.350000
v 6.712500 -0.275000 3.350000
v 6.712500 -0.275000 3.375000
v 6.712500 -0.325000 3.375000
v 6.712500 -0.325000 3.400000
v 6.712500 -0.350000 3.400000
v 6.712500 -0.350000 3.425000
v 6.712500 -0.400000 3.425000
v 6.712500 -0.400000 3.450000
v 6.712500 -0.450000 3.450000
v 6.712500 -0.450000 3.475000
v 6.712500 -0.500000 3.475000
v 6.712500 -0.500000 3.500000
v 6.712500 -0.525000 3.500000
v 6.712500 -0.525000 3.525000
v 6.712500 -0.575000 3.525000
v 6.712500 -0.575000 3.550000
v 6.712500 -0.625000 3.550000
v 6.712500 -0.625000 3.575000
v 6.712500 -0.675000 3.575000
v 6.712500 -0.675000 3.600000
v 6.712500 -0.700000 3.600000
v 6.712500 -0.700000 3.625000
v 6.712500 -0.750000 3.625000
v 6.712500 -0.750000 3.650000
v 6.712500 -0.800000 3.650000
v 6.712500 -0.800000 3.675000
v 6.712500 -0.825000 3.675000
v 6.712500 -0.825000 3.700000
v 6.712500 -0.875000 3.700000
v 6.712500 -0.875000 3.725000
v 6.712500 -0.925000 3.725000
v 6.712500 -0.925000 3.750000
v 6.712500 -0.975000 3.750000
v 6.712500 -0.975000 3.775000
v 6.712500 -1.000000 3.775000
v 6.712500 -1.000000 3.800000
v 6.712500 -1.050000 3.800000
v 6.712500 -1.050000 3.825000
v 6.712500 -1.100000 3.825000
v 6.712500 -1.100000 3.850000
v 6.712500 -1.150000 3.850000
v 6.712500 -1.150000 3.875000
v 6.712500 -1.175000 3.875000
v 6.712500 -1.175000 3.900000
v 6.712500 -1.225000 3.900000
v 6.712500 -1.225000 3.925000
v 6.712500 -1.275000 3.925000
v 6.712500 -1.275000 3.950000
v 6.712500 -1.325000 3.950000
v 6.712500 -1.325000 3.975000
v 6.712500 -1.350000 3.975000
v 6.712500 -1.350000 4.000000
v 6.712500 -1.400000 4.000000
v 6.712500 -1.400000 4.025000
v 6.712500 -1.450000 4.025000
v 6.712500 -1.450000 4.050000
v 6.712500 -1.475000 4.050000
v 6.712500 -1.475000 4.075000
v 6.712500 -1.525000 4.075000
v 6.712500 -1.525000 4.100000
v 6.712500 -1.575000 4.100000
v 6.712500 -1.575000 4.125000
v 6.712500 -1.625000 4.125000
v 6.712500 -1.625000 4.150000
v 6.712500 -1.650000 4.150000
v 6.712500 -1.650000 4.175000
v 6.712500 -1.700000 4.175000
v 6.712500 -1.700000 4.200000
v 6.712500 -1.750000 4.200000
v 6.712500 -1.750000 4.225000
v 6.712500 -1.800000 4.225000
v 6.712500 -1.800000 4.250000
v 6.712500 -1.825000 4.250000
v 6.712500 -1.825000 4.275000
v 6.712500 -1.875000 4.275000
v 6.712500 -1.875000 4.300000
v 6.712500 -1.925000 4.300000
v 6.712500 -1.925000 4.325000
v 6.712500 -1.975000 4.325000
v 6.712500 -1.975000 4.350000
v 6.712500 -2.000000 4.350000
v 6.712500 -2.000000 4.375000
v 6.712500 -2.050000 4.375000
v 6.712500 -2.050000 4.400000
v 6.712500 -2.100000 4.400000
v 6.712500 -2.100000 4.425000
v 6.712500 -2.125000 4.425000
v 6.712500 -2.125000 4.450000
v 6.712500 -2.175000 4.450000
v 6.712500 -2.175000 4.475000
v 6.712500 -2.225000 4.475000
v 6.712500 -2.225000 4.500000
v 6.712500 -2.275000 4.500000
v 6.712500 -2.275000 4.525000
v 6.712500 -2.300000 4.525000
v 6.712500 -2.300000 4.500000
v 6.712500 -2.350000 4.500000
v 6.712500 -2.350000 4.475000
v 6.712500 -2.400000 4.475000
v 6.712500 -2.400000 4.450000
v 6.712500 -2.425000 4.450000
v 6.712500 -2.425000 4.425000
v 6.712500 -2.475000 4.425000
v 6.712500 -2.475000 4.400000
v 6.712500 -2.525000 4.400000
v 6.712500 -2.525000 4.375000
v 6.712500 -2.575000 4.375000
v 6.712500 -2.575000 4.350000
v 6.712500 -2.600000 4.350000
v 6.712500 -2.600000 4.325000
v 6.712500 -2.650000 4.325000
v 6.712500 -2.650000 4.300000
v 6.712500 -2.700000 4.300000
v 6.712500 -2.700000 4.275000
v 6.712500 -2.725000 4.275000
v 6.712500 -2.725000 4.250000
v 6.712500 -2.775000 4.250000
v 6.712500 -2.775000 4.225000
v 6.712500 -2.825000 4.225000
v 6.712500 -2.825000 4.200000
v 6.712500 -2.875000 4.200000
v 6.712500 -2.875000 4.175000
v 6.712500 -2.900000 4.175000
v 6.712500 -2.900000 4.150000
v 6.712500 -2.950000 4.150000
v 6.712500 -2.950000 4.125000
v 6.712500 -3.000000 4.125000
v 6.712500 -3.000000 4.100000
v 6.712500 -3.050000 4.100000
v 6.712500 -3.050000 4.075000
v 6.712500 -3.075000 4.075000
v 6.712500 -3.075000 4.050000
v 6.712500 -3.125000 4.050000
v 6.712500 -3.125000 4.025000
v 6.712500 -3.175000 4.025000
v 6.712500 -3.175000 4.000000
v 6.712500 -3.225000 4.000000
v 6.712500 -3.225000 3.975000
v 6.712500 -3.250000 3.975000
v 6.712500 -3.250000 3.950000
v 6.712500 -3.300000 3.950000
v 6.712500 -3.300000 3.925000
v 6.712500 -3.350000 3.925000
v 6.712500 -3.350000 3.900000
v 6.712500 -3.375000 3.900000
v 6.712500 -3.375000 3.875000
v 6.712500 -3.425000 3.875000
v 6.712500 -3.425000 3.850000
v 6.712500 -3.475000 3.850000
v 6.712500 -3.475000 3.825000
v 6.712500 -3.525000 3.825000
v 6.712500 -3.525000 3.800000
v 6.712500 -3.550000 3.800000
v 6.712500 -3.550000 3.775000
v 6.712500 -3.600000 3.775000
v 6.712500 -3.600000 3.750000
v 6.712500 -3.650000 3.750000
v 6.712500 -3.650000 3.725000
v 6.712500 -3.700000 3.725000
v 6.712500 -3.700000 3.700000
v 6.712500 -3.725000 3.700000
v 6.712500 -3.725000 3.675000
v 6.712500 -3.775000 3.675000
v 6.712500 -3.775000 3.650000
v 6.712500 -3.825000 3.650000
v 6.712500 -3.825000 3.625000
v 6.712500 -3.875000 3.625000
v 6.712500 -3.875000 3.600000
v 6.712500 -3.900000 3.600000
v 6.712500 -3.900000 3.575000
v 6.712500 -3.950000 3.575000
v 6.712500 -3.950000 3.550000
v 6.712500 -4.000000 3.550000
v 6.712500 -4.000000 3.525000
v 6.712500 -4.025000 3.525000
v 6.712500 -4.025000 3.500000
v 6.712500 -4.075000 3.500000
v 6.712500 -4.075000 3.475000
v 6.712500 -4.125000 3.475000
v 6.712500 -4.125000 3.450000
v 6.712500 -4.175000 3.450000
v 6.712500 -4.175000 3.425000
v 6.712500 -4.200000 3.425000
v 6.712500 -4.200000 3.400000
v 6.712500 -4.250000 3.400000
v 6.712500 -4.250000 3.375000
v 6.712500 -4.300000 3.375000
v 6.712500 -4.300000 3.350000
v 6.712500 -4.350000 3.350000
v 6.712500 -4.350000 3.325000
v 6.712500 -4.375000 3.325000
v 6.712500 -4.375000 3.300000
v 6.712500 -4.425000 3.300000
v 6.712500 -4.425000 3.275000
v 6.712500 -4.475000 3.275000
v 6.712500 -4.475000 3.250000
v 6.712500 -4.525000 3.250000
v 6.712500 -4.525000 3.225000
v 6.712500 -4.550000 3.225000
v 6.712500 -4.550000 3.200000
v 6.712500 -4.600000 3.200000
v 6.712500 -4.600000 3.175000
v 6.712500 -4.650000 3.175000
v 6.712500 -4.650000 3.150000
v 6.712500 -4.675000 3.150000
v 6.712500 -4.675000 3.125000
v 6.712500 -4.725000 3.125000
v 6.712500 -4.725000 3.100000
v 6.712500 -4.775000 3.100000
v 6.712500 -4.775000 3.075000
v 6.712500 -4.825000 3.075000
v 6.712500 -4.825000 3.050000
v 6.712500 -4.850000 3.050000
v 6.712500 -4.850000 3.025000
v 6.712500 -4.900000 3.025000
v 6.712500 -4.900000 3.000000
v 6.712500 -4.950000 3.000000
v 6.712500 -4.950000 2.975000
v 6.712500 -5.000000 2.975000
v 6.712500 -5.000000 2.950000
v 6.712500 -5.025000 2.950000
v 6.712500 -5.025000 2.925000
v 6.712500 -5.075000 2.925000
v 6.712500 -5.075000 2.900000
v 6.712500 -5.125000 2.900000
v 6.712500 -5.125000 2.875000
v 6.712500 -5.150000 2.875000
v 6.712500 -5.150000 2.850000
v 6.712500 -5.200000 2.850000
v 6.712500 -5.200000 2.825000
v 6.712500 -5.250000 2.825000
v 6.712500 -5.250000 2.800000
v 6.712500 -5.300000 2.800000
v 6.712500 -5.300000 2.775000
v 6.712500 -5.325000 2.775000
v 6.712500 -5.325000 2.750000
v 6.712500 -5.375000 2.750000
v 6.712500 -5.375000 2.725000
v 6.712500 -5.425000 2.725000
v 6.712500 -5.425000 2.700000
v 6.712500 -5.475000 2.700000
v 6.712500 -5.475000 2.675000
v 6.712500 -5.525000 2.650000
v -6.287500 5.025000 2.850000
v -6.287500 5.025000 2.875000
v -6.262500 5.025000 2.875000
v -6.262500 5.025000 2.900000
v -6.212500 5.025000 2.900000
v -6.212500 5.025000 2.925000
v -6.162500 5.025000 2.925000
v -6.162500 5.025000 2.950000
v -6.137500 5.025000 2.950000
v -6.137500 5.025000 2.975000
v -6.137500 5.025000 2.825000
v -6.287500 -5.150000 2.850000
v -6.287500 -5.150000 2.875000
v -6.287500 5.000000 2.875000
v -6.287500 5.000000 2.850000
v -6.262500 -5.125000 2.875000
v -6.262500 -5.125000 2.900000
v -6.262500 5.000000 2.900000
v -6.262500 5.000000 2.875000
v -6.212500 -5.075000 2.900000
v -6.212500 -5.075000 2.925000
v -6.212500 5.000000 2.925000
v -6.212500 5.000000 2.900000
v -6.162500 -5.025000 2.925000
v -6.162500 -5.025000 2.950000
v -6.162500 5.000000 2.950000
v -6.162500 5.000000 2.925000
v -6.137500 -5.000000 2.950000
v -6.137500 -5.000000 2.975000
v -6.137500 5.000000 2.975000
v -6.137500 5.000000 2.950000
v 6.687500 0.600000 2.850000
v 6.687500 0.550000 2.875000
v 6.687500 0.500000 2.900000
v 6.687500 0.450000 2.950000
v 6.687500 0.450000 2.925000
v 6.687500 0.425000 2.950000
v 6.687500 0.375000 2.975000
v 6.687500 0.325000 3.025000
v 6.687500 0.325000 3.000000
v 6.687500 0.300000 3.025000
v 6.687500 0.250000 3.050000
v 6.687500 0.200000 3.075000
v 6.687500 0.150000 3.125000
v 6.687500 0.150000 3.100000
v 6.687500 0.125000 3.125000
v 6.687500 0.075000 3.150000
v 6.687500 0.025000 3.175000
v 6.687500 -0.025000 3.225000
v 6.687500 -0.025000 3.200000
v 6.687500 -0.050000 3.225000
v 6.687500 -0.100000 3.250000
v 6.687500 -0.150000 3.300000
v 6.687500 -0.150000 3.275000
v 6.687500 -0.175000 3.300000
v 6.687500 -0.225000 3.325000
v 6.687500 -0.275000 3.350000
v 6.687500 -0.325000 3.400000
v 6.687500 -0.325000 3.375000
v 6.687500 -0.350000 3.400000
v 6.687500 -0.400000 3.425000
v 6.687500 -0.450000 3.450000
v 6.687500 -0.500000 3.500000
v 6.687500 -0.500000 3.475000
v 6.687500 -0.525000 3.500000
v 6.687500 -0.575000 3.525000
v 6.687500 -0.625000 3.550000
v 6.687500 -0.675000 3.600000
v 6.687500 -0.675000 3.575000
v 6.687500 -0.700000 3.600000
v 6.687500 -0.750000 3.625000
v 6.687500 -0.800000 3.675000
v 6.687500 -0.800000 3.650000
v 6.687500 -0.825000 3.675000
v 6.687500 -0.875000 3.700000
v 6.687500 -0.925000 3.725000
v 6.687500 -0.975000 3.775000
v 6.687500 -0.975000 3.750000
v 6.687500 -1.000000 3.775000
v 6.687500 -1.050000 3.800000
v 6.687500 -1.100000 3.825000
v 6.687500 -1.150000 3.875000
v 6.687500 -1.150000 3.850000
v 6.687500 -1.175000 3.875000
v 6.687500 -1.225000 3.900000
v 6.687500 -1.275000 3.925000
v 6.687500 -1.325000 3.975000
v 6.687500 -1.325000 3.950000
v 6.687500 -1.350000 3.975000
v 6.687500 -1.400000 4.000000
v 6.687500 -1.450000 4.050000
v 6.687500 -1.450000 4.025000
v 6.687500 -1.475000 4.050000
v 6.687500 -1.525000 4.075000
v 6.687500 -1.575000 4.100000
v 6.687500 -1.625000 4.150000
v 6.687500 -1.625000 4.125000
v 6.687500 -1.650000 4.150000
v 6.687500 -1.700000 4.175000
v 6.687500 -1.750000 4.200000
v 6.687500 -1.800000 4.250000
v 6.687500 -1.800000 4.225000
v 6.687500 -1.825000 4.250000
v 6.687500 -1.875000 4.275000
v 6.687500 -1.925000 4.300000
v 6.687500 -1.975000 4.350000
v 6.687500 -1.975000 4.325000
v 6.687500 -2.000000 4.350000
v 6.687500 -2.050000 4.375000
v 6.687500 -2.100000 4.425000
v 6.687500 -2.100000 4.400000
v 6.687500 -2.125000 4.425000
v 6.687500 -2.175000 4.450000
v 6.687500 -2.225000 4.475000
v 6.687500 -2.275000 4.525000
v 6.687500 -2.275000 4.500000
v -4.762500 5.300000 0.825000
v -4.762500 5.300000 1.975000
v -4.762500 5.300000 2.000000
v -4.762500 5.350000 2.000000
v -4.762500 5.350000 0.825000
v -3.562500 5.300000 0.825000
v -3.562500 5.300000 2.000000
v -3.562500 5.300000 1.975000
v -2.112500 5.300000 0.825000
v -2.112500 5.300000 1.975000
v -2.112500 5.300000 2.000000
v -2.112500 5.350000 2.000000
v -2.112500 5.350000 0.825000
v -0.937500 5.300000 0.825000
v -0.937500 5.300000 2.000000
v -0.937500 5.300000 1.975000
v 6.487500 -3.025000 0.425000
v -6.262500 -2.475000 0.425000
v -6.262500 -0.400000 0.425000
v -6.262500 0.300000 0.425000
v -3.587500 5.300000 0.825000
v -0.962500 5.300000 0.825000
v 2.562500 0.550000 1.625000
v -6.612500 5.575000 2.675000
v -6.612500 5.575000 2.700000
v -6.562500 5.575000 2.700000
v -6.562500 5.575000 2.725000
v -6.512500 5.575000 2.725000
v -6.512500 5.575000 2.750000
v -6.462500 5.575000 2.750000
v -6.462500 5.575000 2.775000
v -6.437500 5.575000 2.775000
v -6.437500 5.575000 2.800000
v -6.387500 5.575000 2.800000
v -6.387500 5.575000 2.825000
v -6.337500 5.575000 2.825000
v -6.337500 5.575000 2.850000
v 0.912500 5.575000 2.675000
v 0.912500 5.575000 2.725000
v 0.887500 5.575000 2.725000
v 0.887500 5.575000 2.750000
v 0.837500 5.575000 2.750000
v 0.837500 5.575000 2.775000
v 0.787500 5.575000 2.775000
v 0.787500 5.575000 2.800000
v 0.762500 5.575000 2.800000
v 0.762500 5.575000 2.825000
v 0.712500 5.575000 2.825000
v 0.712500 5.575000 2.850000
v 0.662500 5.575000 2.850000
v 0.662500 5.575000 2.875000
v 0.612500 5.575000 2.875000
v 0.612500 5.575000 2.900000
v 0.587500 5.575000 2.900000
v 0.587500 5.575000 2.925000
v 0.537500 5.575000 2.925000
v 0.537500 5.575000 2.950000
v 0.487500 5.575000 2.950000
v 0.487500 5.575000 2.975000
v 0.462500 5.575000 2.975000
v 0.462500 5.575000 3.000000
v 0.412500 5.575000 3.000000
v 0.412500 5.575000 3.025000
v 0.362500 5.575000 3.025000
v 0.362500 5.575000 3.050000
v 0.312500 5.575000 3.050000
v 0.312500 5.575000 3.075000
v 0.287500 5.575000 3.075000
v 0.287500 5.575000 3.100000
v 0.237500 5.575000 3.100000
v 0.237500 5.575000 3.125000
v 0.187500 5.575000 3.125000
v 0.187500 5.575000 3.150000
v 0.137500 5.575000 3.150000
v 0.137500 5.575000 3.175000
v 0.112500 5.575000 3.175000
v 0.112500 5.575000 3.200000
v 0.062500 5.575000 3.200000
v 0.062500 5.575000 3.225000
v 0.012500 5.575000 3.225000
v 0.012500 5.575000 3.250000
v -0.037500 5.575000 3.250000
v -0.037500 5.575000 3.275000
v -0.062500 5.575000 3.275000
v -0.062500 5.575000 3.300000
v -0.112500 5.575000 3.300000
v -0.112500 5.575000 3.325000
v -0.162500 5.575000 3.325000
v -0.162500 5.575000 3.350000
v -0.187500 5.575000 3.350000
v -0.187500 5.575000 3.375000
v -0.237500 5.575000 3.375000
v -0.237500 5.575000 3.400000
v -0.287500 5.575000 3.400000
v -0.287500 5.575000 3.425000
v -0.337500 5.575000 3.425000
v -0.337500 5.575000 3.450000
v -0.362500 5.575000 3.450000
v -0.362500 5.575000 3.475000
v -0.412500 5.575000 3.475000
v -0.412500 5.575000 3.500000
v -0.462500 5.575000 3.500000
v -0.462500 5.575000 3.525000
v -0.512500 5.575000 3.525000
v -0.512500 5.575000 3.550000
v -0.537500 5.575000 3.550000
v -0.537500 5.575000 3.575000
v -0.587500 5.575000 3.575000
v -0.587500 5.575000 3.600000
v -0.637500 5.575000 3.600000
v -0.637500 5.575000 3.625000
v -0.687500 5.575000 3.625000
v -0.687500 5.575000 3.650000
v -0.712500 5.575000 3.650000
v -0.712500 5.575000 3.675000
v -0.762500 5.575000 3.675000
v -0.762500 5.575000 3.700000
v -0.812500 5.575000 3.700000
v -0.812500 5.575000 3.725000
v -0.837500 5.575000 3.725000
v -0.837500 5.575000 3.750000
v -0.887500 5.575000 3.750000
v -0.887500 5.575000 3.775000
v -0.937500 5.575000 3.775000
v -0.937500 5.575000 3.800000
v -0.987500 5.575000 3.800000
v -0.987500 5.575000 3.825000
v -1.012500 5.575000 3.825000
v -1.012500 5.575000 3.850000
v -1.062500 5.575000 3.850000
v -1.062500 5.575000 3.875000
v -1.112500 5.575000 3.875000
v -1.112500 5.575000 3.900000
v -1.162500 5.575000 3.900000
v -1.162500 5.575000 3.925000
v -1.187500 5.575000 3.925000
v -1.187500 5.575000 3.950000
v -1.237500 5.575000 3.950000
v -1.237500 5.575000 3.975000
v -1.287500 5.575000 3.975000
v -1.287500 5.575000 4.000000
v -1.312500 5.575000 4.000000
v -1.312500 5.575000 4.025000
v -1.362500 5.575000 4.025000
v -1.362500 5.575000 4.050000
v -1.412500 5.575000 4.050000
v -1.412500 5.575000 4.075000
v -1.462500 5.575000 4.075000
v -1.462500 5.575000 4.100000
v -1.487500 5.575000 4.100000
v -1.487500 5.575000 4.125000
v -1.537500 5.575000 4.125000
v -1.537500 5.575000 4.150000
v -1.587500 5.575000 4.150000
v -1.587500 5.575000 4.175000
v -1.637500 5.575000 4.175000
v -1.637500 5.575000 4.200000
v -1.662500 5.575000 4.200000
v -1.662500 5.575000 4.225000
v -1.712500 5.575000 4.225000
v -1.712500 5.575000 4.250000
v -1.762500 5.575000 4.250000
v -1.762500 5.575000 4.275000
v -1.812500 5.575000 4.275000
v -1.812500 5.575000 4.300000
v -1.837500 5.575000 4.300000
v -1.837500 5.575000 4.325000
v -1.887500 5.575000 4.325000
v -1.887500 5.575000 4.350000
v -1.937500 5.575000 4.350000
v -1.937500 5.575000 4.375000
v -1.962500 5.575000 4.375000
v -1.962500 5.575000 4.400000
v -2.012500 5.575000 4.400000
v -2.012500 5.575000 4.425000
v -2.062500 5.575000 4.425000
v -2.062500 5.575000 4.450000
v -2.112500 5.575000 4.450000
v -2.112500 5.575000 4.475000
v -2.137500 5.575000 4.475000
v -2.137500 5.575000 4.500000
v -2.187500 5.575000 4.500000
v -2.187500 5.575000 4.525000
v -2.237500 5.575000 4.525000
v -2.237500 5.575000 4.550000
v -2.287500 5.575000 4.550000
v -2.287500 5.575000 4.575000
v -2.312500 5.575000 4.575000
v -2.312500 5.575000 4.600000
v -2.362500 5.575000 4.600000
v -2.362500 5.575000 4.625000
v -2.412500 5.575000 4.625000
v -2.412500 5.575000 4.650000
v -2.462500 5.575000 4.650000
v -2.462500 5.575000 4.675000
v -2.487500 5.575000 4.675000
v -2.487500 5.575000 4.700000
v -2.537500 5.575000 4.700000
v -2.537500 5.575000 4.725000
v -2.587500 5.575000 4.725000
v -2.587500 5.575000 4.750000
v -2.612500 5.575000 4.750000
v -2.612500 5.575000 4.775000
v -2.662500 5.575000 4.775000
v -2.662500 5.575000 4.800000
v -2.712500 5.575000 4.800000
v -2.712500 5.575000 4.825000
v -2.762500 5.575000 4.825000
v -2.762500 5.575000 4.850000
v -2.787500 5.575000 4.850000
v -2.787500 5.575000 4.875000
v -2.837500 5.575000 4.875000
v -2.837500 5.575000 4.900000
v -2.887500 5.575000 4.900000
v -2.887500 5.575000 4.925000
v -2.912500 5.575000 4.925000
v -2.912500 5.575000 4.900000
v -2.962500 5.575000 4.900000
v -2.962500 5.575000 4.875000
v -3.012500 5.575000 4.875000
v -3.012500 5.575000 4.850000
v -3.062500 5.575000 4.850000
v -3.062500 5.575000 4.825000
v -3.087500 5.575000 4.825000
v -3.087500 5.575000 4.800000
v -3.137500 5.575000 4.800000
v -3.137500 5.575000 4.775000
v -3.187500 5.575000 4.775000
v -3.187500 5.575000 4.750000
v -3.212500 5.575000 4.750000
v -3.212500 5.575000 4.725000
v -3.262500 5.575000 4.725000
v -3.262500 5.575000 4.700000
v -3.312500 5.575000 4.700000
v -3.312500 5.575000 4.675000
v -3.362500 5.575000 4.675000
v -3.362500 5.575000 4.650000
v -3.387500 5.575000 4.650000
v -3.387500 5.575000 4.625000
v -6.612500 -5.475000 2.675000
v -6.612500 -5.475000 2.700000
v -6.612500 5.550000 2.700000
v -6.612500 5.550000 2.675000
v -6.562500 -5.425000 2.700000
v -6.562500 -5.425000 2.725000
v -6.562500 5.550000 2.725000
v -6.562500 5.550000 2.700000
v -6.512500 -5.375000 2.725000
v -6.512500 -5.375000 2.750000
v -6.512500 5.550000 2.750000
v -6.512500 5.550000 2.725000
v -6.462500 -5.325000 2.750000
v -6.462500 -5.325000 2.775000
v -6.462500 5.550000 2.775000
v -6.462500 5.550000 2.750000
v -6.437500 -5.300000 2.775000
v -6.437500 -5.300000 2.800000
v -6.437500 5.550000 2.800000
v -6.437500 5.550000 2.775000
v -6.387500 -5.250000 2.800000
v -6.387500 -5.250000 2.825000
v -6.387500 5.550000 2.825000
v -6.387500 5.550000 2.800000
v -6.337500 -5.200000 2.825000
v -6.337500 -5.200000 2.850000
v -6.337500 5.550000 2.850000
v -6.337500 5.550000 2.825000
v 0.912500 1.000000 2.675000
v 0.912500 1.000000 2.700000
v 0.912500 1.000000 2.725000
v 0.912500 5.550000 2.675000
v 0.887500 0.975000 2.725000
v 0.887500 0.975000 2.750000
v 0.887500 5.550000 2.725000
v 0.837500 0.950000 2.750000
v 0.837500 0.950000 2.775000
v 0.837500 5.550000 2.750000
v 0.787500 0.900000 2.775000
v 0.787500 0.900000 2.800000
v 0.787500 5.550000 2.775000
v 0.762500 0.850000 2.800000
v 0.762500 0.850000 2.825000
v 0.762500 5.550000 2.800000
v 0.712500 0.800000 2.825000
v 0.712500 0.800000 2.850000
v 0.712500 5.550000 2.825000
v 0.662500 0.775000 2.850000
v 0.662500 0.775000 2.875000
v 0.662500 5.550000 2.850000
v 0.612500 0.725000 2.875000
v 0.612500 0.725000 2.900000
v 0.612500 5.550000 2.875000
v 0.587500 0.675000 2.900000
v 0.587500 0.675000 2.925000
v 0.587500 5.550000 2.900000
v 0.537500 0.625000 2.925000
v 0.537500 0.625000 2.950000
v 0.537500 5.550000 2.925000
v 0.487500 0.600000 2.950000
v 0.487500 0.600000 2.975000
v 0.487500 5.550000 2.950000
v 0.462500 0.550000 2.975000
v 0.462500 0.550000 3.000000
v 0.462500 5.550000 2.975000
v 0.412500 0.500000 3.000000
v 0.412500 0.500000 3.025000
v 0.412500 5.550000 3.000000
v 0.362500 0.450000 3.025000
v 0.362500 0.450000 3.050000
v 0.362500 5.550000 3.025000
v 0.312500 0.425000 3.050000
v 0.312500 0.425000 3.075000
v 0.312500 5.550000 3.050000
v 0.287500 0.375000 3.075000
v 0.287500 0.375000 3.100000
v 0.287500 5.550000 3.075000
v 0.237500 0.325000 3.100000
v 0.237500 0.325000 3.125000
v 0.237500 5.550000 3.100000
v 0.187500 0.300000 3.125000
v 0.187500 0.300000 3.150000
v 0.187500 5.550000 3.125000
v 0.137500 0.250000 3.150000
v 0.137500 0.250000 3.175000
v 0.137500 5.550000 3.150000
v 0.112500 0.200000 3.175000
v 0.112500 0.200000 3.200000
v 0.112500 5.550000 3.175000
v 0.062500 0.150000 3.200000
v 0.062500 0.150000 3.225000
v 0.062500 5.550000 3.200000
v 0.012500 0.125000 3.225000
v 0.012500 0.125000 3.250000
v 0.012500 5.550000 3.225000
v -0.037500 0.075000 3.250000
v -0.037500 0.075000 3.275000
v -0.037500 5.550000 3.250000
v -0.062500 0.025000 3.275000
v -0.062500 0.025000 3.300000
v -0.062500 5.550000 3.275000
v -0.112500 -0.025000 3.300000
v -0.112500 -0.025000 3.325000
v -0.112500 5.550000 3.300000
v -0.162500 -0.050000 3.325000
v -0.162500 -0.050000 3.350000
v -0.162500 5.550000 3.325000
v -0.187500 -0.100000 3.350000
v -0.187500 -0.100000 3.375000
v -0.187500 5.550000 3.350000
v -0.237500 -0.150000 3.375000
v -0.237500 -0.150000 3.400000
v -0.237500 5.550000 3.375000
v -0.287500 -0.200000 3.400000
v -0.287500 -0.200000 3.425000
v -0.287500 5.550000 3.400000
v -0.337500 -0.225000 3.425000
v -0.337500 -0.225000 3.450000
v -0.337500 5.550000 3.425000
v -0.362500 -0.275000 3.450000
v -0.362500 -0.275000 3.475000
v -0.362500 5.550000 3.450000
v -0.412500 -0.325000 3.475000
v -0.412500 -0.325000 3.500000
v -0.412500 5.550000 3.475000
v -0.462500 -0.350000 3.500000
v -0.462500 -0.350000 3.525000
v -0.462500 5.550000 3.500000
v -0.512500 -0.400000 3.525000
v -0.512500 -0.400000 3.550000
v -0.512500 5.550000 3.525000
v -0.537500 -0.450000 3.550000
v -0.537500 -0.450000 3.575000
v -0.537500 5.550000 3.550000
v -0.587500 -0.500000 3.575000
v -0.587500 -0.500000 3.600000
v -0.587500 5.550000 3.575000
v -0.637500 -0.525000 3.600000
v -0.637500 -0.525000 3.625000
v -0.637500 5.550000 3.600000
v -0.687500 -0.575000 3.625000
v -0.687500 -0.575000 3.650000
v -0.687500 5.550000 3.625000
v -0.712500 -0.625000 3.650000
v -0.712500 -0.625000 3.675000
v -0.712500 5.550000 3.650000
v -0.762500 -0.675000 3.675000
v -0.762500 -0.675000 3.700000
v -0.762500 5.550000 3.675000
v -0.812500 -0.700000 3.700000
v -0.812500 -0.700000 3.725000
v -0.812500 5.550000 3.700000
v -0.837500 -0.750000 3.725000
v -0.837500 -0.750000 3.750000
v -0.837500 5.550000 3.725000
v -0.887500 -0.800000 3.750000
v -0.887500 -0.800000 3.775000
v -0.887500 5.550000 3.750000
v -0.937500 -0.850000 3.775000
v -0.937500 -0.850000 3.800000
v -0.937500 5.550000 3.775000
v -0.987500 -0.875000 3.800000
v -0.987500 -0.875000 3.825000
v -0.987500 5.550000 3.800000
v -1.012500 -0.925000 3.825000
v -1.012500 -0.925000 3.850000
v -1.012500 5.550000 3.825000
v -1.062500 -0.975000 3.850000
v -1.062500 -0.975000 3.875000
v -1.062500 5.550000 3.850000
v -1.112500 -1.000000 3.875000
v -1.112500 -1.000000 3.900000
v -1.112500 5.550000 3.875000
v -1.162500 -1.050000 3.900000
v -1.162500 -1.050000 3.925000
v -1.162500 5.550000 3.900000
v -1.187500 -1.100000 3.925000
v -1.187500 -1.100000 3.950000
v -1.187500 5.550000 3.925000
v -1.237500 -1.150000 3.950000
v -1.237500 -1.150000 3.975000
v -1.237500 5.550000 3.950000
v -1.287500 -1.175000 3.975000
v -1.287500 -1.175000 4.000000
v -1.287500 5.550000 3.975000
v -1.312500 -1.225000 4.000000
v -1.312500 -1.225000 4.025000
v -1.312500 5.550000 4.000000
v -1.362500 -1.275000 4.025000
v -1.362500 -1.275000 4.050000
v -1.362500 5.550000 4.025000
v -1.412500 -1.325000 4.050000
v -1.412500 -1.325000 4.075000
v -1.412500 5.550000 4.050000
v -1.462500 -1.350000 4.075000
v -1.462500 -1.350000 4.100000
v -1.462500 5.550000 4.075000
v -1.487500 -1.400000 4.100000
v -1.487500 -1.400000 4.125000
v -1.487500 5.550000 4.100000
v -1.537500 -1.450000 4.125000
v -1.537500 -1.450000 4.150000
v -1.537500 5.550000 4.125000
v -1.587500 -1.475000 4.150000
v -1.587500 -1.475000 4.175000
v -1.587500 5.550000 4.150000
v -1.637500 -1.525000 4.175000
v -1.637500 -1.525000 4.200000
v -1.637500 5.550000 4.175000
v -1.662500 -1.575000 4.200000
v -1.662500 -1.575000 4.225000
v -1.662500 5.550000 4.200000
v -1.712500 -1.625000 4.225000
v -1.712500 -1.625000 4.250000
v -1.712500 5.550000 4.225000
v -1.762500 -1.650000 4.250000
v -1.762500 -1.650000 4.275000
v -1.762500 5.550000 4.250000
v -1.812500 -1.700000 4.275000
v -1.812500 -1.700000 4.300000
v -1.812500 5.550000 4.275000
v -1.837500 -1.750000 4.300000
v -1.837500 -1.750000 4.325000
v -1.837500 5.550000 4.300000
v -1.887500 -1.800000 4.325000
v -1.887500 -1.800000 4.350000
v -1.887500 5.550000 4.325000
v -1.937500 -1.825000 4.350000
v -1.937500 -1.825000 4.375000
v -1.937500 5.550000 4.350000
v -1.962500 -1.875000 4.375000
v -1.962500 -1.875000 4.400000
v -1.962500 5.550000 4.375000
v -2.012500 -1.925000 4.400000
v -2.012500 -1.925000 4.425000
v -2.012500 5.550000 4.400000
v -2.062500 -1.975000 4.425000
v -2.062500 -1.975000 4.450000
v -2.062500 5.550000 4.425000
v -2.112500 -2.000000 4.450000
v -2.112500 -2.000000 4.475000
v -2.112500 5.550000 4.450000
v -2.137500 -2.050000 4.475000
v -2.137500 -2.050000 4.500000
v -2.137500 5.550000 4.475000
v -2.187500 -2.100000 4.500000
v -2.187500 -2.100000 4.525000
v -2.187500 5.550000 4.500000
v -2.237500 -2.125000 4.525000
v -2.237500 -2.125000 4.550000
v -2.237500 5.550000 4.525000
v -2.287500 -2.175000 4.550000
v -2.287500 -2.175000 4.575000
v -2.287500 5.550000 4.550000
v -2.312500 -2.225000 4.575000
v -2.312500 -2.225000 4.600000
v -2.312500 5.550000 4.575000
v -2.362500 -2.275000 4.600000
v -2.362500 -2.275000 4.625000
v -2.362500 5.550000 4.600000
v -3.387500 -2.250000 4.650000
v -3.387500 -2.250000 4.625000
v -3.387500 5.550000 4.650000
v -2.437500 -2.250000 4.650000
v -2.412500 -2.250000 4.650000
v -2.412500 -2.250000 4.625000
v -2.437500 -2.250000 4.625000
v -2.412500 5.550000 4.625000
v -3.362500 -2.225000 4.675000
v -3.362500 -2.225000 4.650000
v -3.362500 5.550000 4.675000
v -2.487500 -2.225000 4.675000
v -2.462500 -2.225000 4.675000
v -2.462500 -2.225000 4.650000
v -2.487500 -2.225000 4.650000
v -2.462500 5.550000 4.650000
v -3.312500 -2.175000 4.700000
v -3.312500 -2.175000 4.675000
v -3.312500 5.550000 4.700000
v -2.512500 -2.175000 4.700000
v -2.487500 -2.175000 4.700000
v -2.487500 -2.175000 4.675000
v -2.512500 -2.175000 4.675000
v -2.487500 5.550000 4.675000
v -3.262500 -2.125000 4.725000
v -3.262500 -2.125000 4.700000
v -3.262500 5.550000 4.725000
v -2.562500 -2.125000 4.725000
v -2.537500 -2.125000 4.725000
v -2.537500 -2.125000 4.700000
v -2.562500 -2.125000 4.700000
v -2.537500 5.550000 4.700000
v -3.212500 -2.075000 4.750000
v -3.212500 -2.075000 4.725000
v -3.212500 5.550000 4.750000
v -2.612500 -2.075000 4.750000
v -2.587500 -2.075000 4.750000
v -2.587500 -2.075000 4.725000
v -2.612500 -2.075000 4.725000
v -2.587500 5.550000 4.725000
v -3.187500 -2.050000 4.775000
v -3.187500 -2.050000 4.750000
v -3.187500 5.550000 4.775000
v -2.637500 -2.050000 4.775000
v -2.612500 -2.050000 4.775000
v -2.612500 -2.050000 4.750000
v -2.637500 -2.050000 4.750000
v -2.612500 5.550000 4.750000
v -3.137500 -2.000000 4.800000
v -3.137500 -2.000000 4.775000
v -3.137500 5.550000 4.800000
v -2.687500 -2.000000 4.800000
v -2.662500 -2.000000 4.800000
v -2.662500 -2.000000 4.775000
v -2.687500 -2.000000 4.775000
v -2.662500 5.550000 4.775000
v -3.087500 -1.950000 4.825000
v -3.087500 -1.950000 4.800000
v -3.087500 5.550000 4.825000
v -2.737500 -1.950000 4.825000
v -2.712500 -1.950000 4.825000
v -2.712500 -1.950000 4.800000
v -2.737500 -1.950000 4.800000
v -2.712500 5.550000 4.800000
v -3.062500 -1.925000 4.850000
v -3.062500 -1.925000 4.825000
v -3.062500 5.550000 4.850000
v -2.787500 -1.925000 4.850000
v -2.762500 -1.925000 4.850000
v -2.762500 -1.925000 4.825000
v -2.787500 -1.925000 4.825000
v -2.762500 5.550000 4.825000
v -3.012500 -1.875000 4.875000
v -3.012500 -1.875000 4.850000
v -3.012500 5.550000 4.875000
v -2.812500 -1.875000 4.875000
v -2.787500 -1.875000 4.875000
v -2.787500 -1.875000 4.850000
v -2.812500 -1.875000 4.850000
v -2.787500 5.550000 4.850000
v -2.962500 -1.825000 4.900000
v -2.962500 -1.825000 4.875000
v -2.962500 5.550000 4.900000
v -2.862500 -1.825000 4.900000
v -2.837500 -1.825000 4.900000
v -2.837500 -1.825000 4.875000
v -2.862500 -1.825000 4.875000
v -2.837500 5.550000 4.875000
v -2.912500 -1.775000 4.925000
v -2.912500 -1.775000 4.900000
v -2.912500 5.550000 4.925000
v -2.887500 -1.775000 4.925000
v -2.887500 -1.775000 4.900000
v -2.887500 5.550000 4.900000
v 6.687500 -5.475000 2.700000
v 6.687500 -5.425000 2.725000
v 6.687500 -5.375000 2.750000
v 6.687500 0.975000 2.725000
v 6.687500 0.975000 2.750000
v 6.687500 -5.325000 2.775000
v 6.687500 0.950000 2.750000
v 6.687500 0.950000 2.775000
v 6.687500 -5.300000 2.800000
v 6.687500 0.900000 2.775000
v 6.687500 0.900000 2.800000
v 6.687500 -5.250000 2.825000
v 6.687500 0.850000 2.800000
v 6.687500 0.850000 2.825000
v 6.687500 -5.200000 2.850000
v 6.687500 0.800000 2.825000
v 6.687500 0.800000 2.850000
v 6.137500 -5.150000 2.875000
v 6.687500 -5.150000 2.875000
v 6.687500 0.775000 2.850000
v 6.687500 0.775000 2.875000
v 6.137500 -5.125000 2.900000
v 6.687500 -5.125000 2.875000
v 6.687500 -5.125000 2.900000
v 6.687500 0.725000 2.875000
v 6.687500 0.725000 2.900000
v 6.137500 -5.075000 2.925000
v 6.687500 -5.075000 2.925000
v 6.687500 0.675000 2.900000
v 6.687500 0.675000 2.925000
v 6.137500 -5.025000 2.950000
v 6.687500 -5.025000 2.950000
v 6.687500 0.625000 2.925000
v 6.687500 0.625000 2.950000
v 6.137500 -5.000000 2.975000
v 6.687500 -5.000000 2.950000
v 6.687500 -5.000000 2.975000
v 6.687500 0.600000 2.950000
v 6.687500 0.600000 2.975000
v 6.687500 -4.950000 3.000000
v 6.687500 0.550000 2.975000
v 6.687500 0.550000 3.000000
v 6.687500 -4.900000 3.025000
v 6.687500 0.500000 3.000000
v 6.687500 0.500000 3.025000
v 6.687500 -4.850000 3.050000
v 6.687500 0.450000 3.025000
v 6.687500 0.450000 3.050000
v 6.687500 -4.825000 3.050000
v 6.687500 -4.825000 3.075000
v 6.687500 0.425000 3.050000
v 6.687500 0.425000 3.075000
v 6.687500 -4.775000 3.100000
v 6.687500 0.375000 3.075000
v 6.687500 0.375000 3.100000
v 6.687500 -4.725000 3.125000
v 6.687500 0.325000 3.100000
v 6.687500 0.325000 3.125000
v 6.687500 -4.675000 3.150000
v 6.687500 0.300000 3.125000
v 6.687500 0.300000 3.150000
v 6.687500 -4.650000 3.150000
v 6.687500 -4.650000 3.175000
v 6.687500 0.250000 3.150000
v 6.687500 0.250000 3.175000
v 6.687500 -4.600000 3.200000
v 6.687500 0.200000 3.175000
v 6.687500 0.200000 3.200000
v 6.687500 -4.550000 3.225000
v 6.687500 0.150000 3.200000
v 6.687500 0.150000 3.225000
v 6.687500 -4.525000 3.225000
v 6.687500 -4.525000 3.250000
v 6.687500 0.125000 3.225000
v 6.687500 0.125000 3.250000
v 6.687500 -4.475000 3.275000
v 6.687500 0.075000 3.250000
v 6.687500 0.075000 3.275000
v 6.687500 -4.425000 3.300000
v 6.687500 0.025000 3.275000
v 6.687500 0.025000 3.300000
v 6.687500 -4.375000 3.325000
v 6.687500 -0.025000 3.300000
v 6.687500 -0.025000 3.325000
v 6.687500 -4.350000 3.325000
v 6.687500 -4.350000 3.350000
v 6.687500 -0.050000 3.325000
v 6.687500 -0.050000 3.350000
v 6.687500 -4.300000 3.375000
v 6.687500 -0.100000 3.350000
v 6.687500 -0.100000 3.375000
v 6.687500 -4.250000 3.400000
v 6.687500 -0.150000 3.375000
v 6.687500 -0.150000 3.400000
v 6.687500 -4.200000 3.425000
v 6.687500 -0.200000 3.400000
v 6.687500 -0.200000 3.425000
v 6.687500 -4.175000 3.425000
v 6.687500 -4.175000 3.450000
v 6.687500 -0.225000 3.425000
v 6.687500 -0.225000 3.450000
v 6.687500 -4.125000 3.475000
v 6.687500 -0.275000 3.450000
v 6.687500 -0.275000 3.475000
v 6.687500 -4.075000 3.500000
v 6.687500 -0.325000 3.475000
v 6.687500 -0.325000 3.500000
v 6.687500 -4.025000 3.525000
v 6.687500 -0.350000 3.500000
v 6.687500 -0.350000 3.525000
v 6.687500 -4.000000 3.525000
v 6.687500 -4.000000 3.550000
v 6.687500 -0.400000 3.525000
v 6.687500 -0.400000 3.550000
v 6.687500 -3.950000 3.575000
v 6.687500 -0.450000 3.550000
v 6.687500 -0.450000 3.575000
v 6.687500 -3.900000 3.600000
v 6.687500 -0.500000 3.575000
v 6.687500 -0.500000 3.600000
v 6.687500 -3.875000 3.600000
v 6.687500 -3.875000 3.625000
v 6.687500 -0.525000 3.600000
v 6.687500 -0.525000 3.625000
v 6.687500 -3.825000 3.650000
v 6.687500 -0.575000 3.625000
v 6.687500 -0.575000 3.650000
v 6.687500 -3.775000 3.675000
v 6.687500 -0.625000 3.650000
v 6.687500 -0.625000 3.675000
v 6.687500 -3.725000 3.700000
v 6.687500 -0.675000 3.675000
v 6.687500 -0.675000 3.700000
v 6.687500 -3.700000 3.700000
v 6.687500 -3.700000 3.725000
v 6.687500 -0.700000 3.700000
v 6.687500 -0.700000 3.725000
v 6.687500 -3.650000 3.750000
v 6.687500 -0.750000 3.725000
v 6.687500 -0.750000 3.750000
v 6.687500 -3.600000 3.775000
v 6.687500 -0.800000 3.750000
v 6.687500 -0.800000 3.775000
v 6.687500 -3.550000 3.800000
v 6.687500 -0.850000 3.775000
v 6.687500 -0.850000 3.800000
v 6.687500 -3.525000 3.800000
v 6.687500 -3.525000 3.825000
v 6.687500 -0.875000 3.800000
v 6.687500 -0.875000 3.825000
v 6.687500 -3.475000 3.850000
v 6.687500 -0.925000 3.825000
v 6.687500 -0.925000 3.850000
v 6.687500 -3.425000 3.875000
v 6.687500 -0.975000 3.850000
v 6.687500 -0.975000 3.875000
v 6.687500 -3.375000 3.900000
v 6.687500 -1.000000 3.875000
v 6.687500 -1.000000 3.900000
v 6.687500 -3.350000 3.900000
v 6.687500 -3.350000 3.925000
v 6.687500 -1.050000 3.900000
v 6.687500 -1.050000 3.925000
v 6.687500 -3.300000 3.950000
v 6.687500 -1.100000 3.925000
v 6.687500 -1.100000 3.950000
v 6.687500 -3.250000 3.975000
v 6.687500 -1.150000 3.950000
v 6.687500 -1.150000 3.975000
v 6.687500 -3.225000 3.975000
v 6.687500 -3.225000 4.000000
v 6.687500 -1.175000 3.975000
v 6.687500 -1.175000 4.000000
v 6.687500 -3.175000 4.025000
v 6.687500 -1.225000 4.000000
v 6.687500 -1.225000 4.025000
v 6.687500 -3.125000 4.050000
v 6.687500 -1.275000 4.025000
v 6.687500 -1.275000 4.050000
v 6.687500 -3.075000 4.075000
v 6.687500 -1.325000 4.050000
v 6.687500 -1.325000 4.075000
v 6.687500 -3.050000 4.075000
v 6.687500 -3.050000 4.100000
v 6.687500 -1.350000 4.075000
v 6.687500 -1.350000 4.100000
v 6.687500 -3.000000 4.125000
v 6.687500 -1.400000 4.100000
v 6.687500 -1.400000 4.125000
v 6.687500 -2.950000 4.150000
v 6.687500 -1.450000 4.125000
v 6.687500 -1.450000 4.150000
v 6.687500 -2.900000 4.175000
v 6.687500 -1.475000 4.150000
v 6.687500 -1.475000 4.175000
v 6.687500 -2.875000 4.175000
v 6.687500 -2.875000 4.200000
v 6.687500 -1.525000 4.175000
v 6.687500 -1.525000 4.200000
v 6.687500 -2.825000 4.225000
v 6.687500 -1.575000 4.200000
v 6.687500 -1.575000 4.225000
v 6.687500 -2.775000 4.250000
v 6.687500 -1.625000 4.225000
v 6.687500 -1.625000 4.250000
v 6.687500 -2.725000 4.275000
v 6.687500 -1.650000 4.250000
v 6.687500 -1.650000 4.275000
v 6.687500 -2.700000 4.275000
v 6.687500 -2.700000 4.300000
v 6.687500 -1.700000 4.275000
v 6.687500 -1.700000 4.300000
v 6.687500 -2.650000 4.325000
v 6.687500 -1.750000 4.300000
v 6.687500 -1.750000 4.325000
v 6.687500 -2.600000 4.350000
v 6.687500 -1.800000 4.325000
v 6.687500 -1.800000 4.350000
v 6.687500 -2.575000 4.350000
v 6.687500 -2.575000 4.375000
v 6.687500 -1.825000 4.350000
v 6.687500 -1.825000 4.375000
v 6.687500 -2.525000 4.400000
v 6.687500 -1.875000 4.375000
v 6.687500 -1.875000 4.400000
v 6.687500 -2.475000 4.425000
v 6.687500 -1.925000 4.400000
v 6.687500 -1.925000 4.425000
v 6.687500 -2.425000 4.450000
v 6.687500 -1.975000 4.425000
v 6.687500 -1.975000 4.450000
v 6.687500 -2.400000 4.450000
v 6.687500 -2.400000 4.475000
v 6.687500 -2.000000 4.450000
v 6.687500 -2.000000 4.475000
v 6.687500 -2.350000 4.500000
v 6.687500 -2.050000 4.475000
v 6.687500 -2.050000 4.500000
v 6.687500 -2.300000 4.525000
v 6.687500 -2.100000 4.500000
v 6.687500 -2.100000 4.525000
v 6.687500 -2.125000 4.525000
v 6.687500 -2.125000 4.550000
v 6.687500 -2.175000 4.550000
v 6.687500 -2.175000 4.575000
v 6.687500 -2.225000 4.575000
v 6.687500 -2.225000 4.600000
v 6.687500 -2.275000 4.600000
v 6.687500 -2.275000 4.625000
v 5.412500 0.675000 0.000000
v 5.412500 0.700000 0.000000
v 4.387500 0.700000 0.000000
v -6.212500 5.275000 0.000000
v -6.212500 -5.075000 0.000000
v 0.412500 5.275000 0.000000
v 0.412500 0.525000 0.000000
v 6.412500 0.525000 0.000000
v 6.412500 -5.075000 0.000000
v 2.412500 -5.075000 0.000000
v 2.412500 -5.150000 0.000000
v 1.387500 -5.150000 0.000000
v 1.387500 -5.100000 0.000000
v 1.387500 -5.075000 0.000000
v 1.362500 -5.075000 0.000000
v 5.412500 0.700000 2.125000
v 4.387500 0.700000 2.125000
v 4.387500 0.700000 2.100000
v 4.387500 0.625000 2.100000
v -6.212500 -5.075000 -0.375000
v -6.212500 5.250000 -0.375000
v -6.212500 5.275000 -0.375000
v -6.212500 5.275000 -0.025000
v -6.212500 -5.075000 -0.025000
v 1.387500 -5.075000 -0.025000
v 2.412500 -5.075000 -0.025000
v 6.412500 -5.075000 -0.375000
v 6.387500 -5.075000 -0.375000
v 1.387500 -5.150000 -0.025000
v 1.387500 -5.100000 -0.025000
v 2.412500 -5.150000 -0.025000
v 2.412500 -5.100000 -0.025000
v 6.412500 0.525000 -0.375000
v 6.412500 0.500000 -0.375000
v 2.387500 -5.150000 -0.025000
v 0.412500 0.525000 -0.375000
v 0.412500 0.525000 -0.025000
v 0.412500 5.275000 -0.375000
v 0.412500 5.250000 -0.375000
v 0.537500 5.550000 2.825000
v 5.387500 0.625000 2.125000
v 6.137500 0.425000 2.825000
o Outer Shell
f 1 6 2
f 2 6 3
f 4 3 6
f 4 6 5
f 1 2 9
f 9 8 7
f 9 7 1
f 10 15 11
f 11 15 12
f 13 12 15
f 13 15 14
f 10 11 18
f 18 17 16
f 18 16 10
f 19 20 25
f 20 21 22
f 22 23 25
f 24 25 23
f 22 25 20
f 23 26 27
f 29 27 28
f 23 27 24
f 36 24 31
f 29 24 27
f 31 24 29
f 30 31 29
f 36 33 34
f 36 34 35
f 33 31 32
f 33 36 31
f 37 38 40
f 40 38 39
f 26 40 39
f 26 39 27
f 41 42 44
f 44 42 43
f 28 44 43
f 28 43 29
f 46 47 45
f 45 47 48
f 30 48 47
f 30 47 31
f 50 49 51
f 51 49 52
f 52 32 33
f 52 33 51
f 54 53 57
f 55 57 56
f 57 55 54
f 66 69 67
f 69 66 70
f 70 65 64
f 65 70 66
f 67 69 54
f 72 53 68
f 68 53 54
f 69 68 54
f 63 62 61
f 61 60 63
f 59 63 60
f 71 58 53
f 64 63 58
f 71 70 64
f 58 63 59
f 64 58 71
f 71 53 72
f 75 66 35
f 35 66 67
f 35 34 73
f 74 75 73
f 73 75 35
f 49 50 78
f 78 77 76
f 78 76 49
f 79 82 84
f 82 79 80
f 79 84 87
f 84 86 87
f 86 84 85
f 84 82 83
f 59 58 77
f 77 80 79
f 81 82 80
f 80 77 76
f 77 79 59
f 46 45 88
f 88 81 80
f 81 88 45
f 42 41 89
f 89 83 82
f 83 89 41
f 38 37 90
f 90 85 84
f 85 90 37
f 66 69 91
f 69 66 92
f 65 70 92
f 92 66 65
f 67 91 54
f 54 68 53
f 68 54 91
f 71 53 68
f 91 69 68
f 62 61 63
f 60 63 61
f 71 64 58
f 70 64 71
f 63 59 58
f 59 63 60
f 63 58 64
f 71 58 53
f 64 70 65
f 97 93 94
f 69 97 94
f 94 95 96
f 96 68 94
f 94 68 69
f 98 70 100
f 100 71 99
f 71 100 70
f 418 417 419
f 415 414 413
f 416 415 417
f 417 415 413
f 419 413 411
f 419 417 413
f 411 410 409
f 412 411 413
f 420 419 411
f 409 408 407
f 405 407 406
f 407 405 411
f 405 420 411
f 405 404 403
f 401 400 399
f 402 401 403
f 403 401 399
f 411 409 407
f 405 403 420
f 399 398 397
f 395 397 396
f 399 397 403
f 395 393 391
f 395 394 393
f 391 390 389
f 392 391 393
f 395 391 389
f 403 397 420
f 389 388 387
f 385 387 386
f 389 387 385
f 384 383 385
f 383 382 381
f 385 383 389
f 381 380 379
f 381 379 377
f 389 383 420
f 395 389 420
f 397 395 420
f 420 383 381
f 378 377 379
f 377 376 375
f 381 375 420
f 375 374 373
f 371 370 369
f 371 369 373
f 372 371 373
f 373 369 367
f 377 375 381
f 368 367 369
f 367 366 365
f 365 363 361
f 363 365 364
f 359 361 360
f 361 363 362
f 365 361 359
f 373 367 420
f 375 373 420
f 359 357 355
f 359 358 357
f 355 354 353
f 356 355 357
f 359 355 353
f 353 352 351
f 351 350 349
f 351 349 347
f 359 353 420
f 365 359 420
f 348 347 349
f 345 344 343
f 346 345 347
f 347 345 351
f 343 342 341
f 343 341 339
f 339 338 337
f 340 339 341
f 343 339 337
f 351 345 420
f 351 420 353
f 365 420 367
f 345 343 420
f 337 336 335
f 343 337 422
f 333 335 334
f 337 335 422
f 333 331 335
f 333 332 331
f 329 328 327
f 330 329 331
f 331 329 335
f 422 335 329
f 327 326 325
f 323 325 324
f 327 325 329
f 323 422 329
f 323 322 321
f 319 318 317
f 320 319 321
f 321 319 317
f 323 329 325
f 321 422 323
f 101 421 424
f 101 419 421
f 343 422 420
f 421 419 420
f 101 424 423
f 101 423 74
f 423 422 426
f 426 429 74
f 422 425 426
f 423 426 74
f 222 425 422
f 74 429 428
f 317 316 315
f 321 317 315
f 313 315 314
f 315 313 422
f 313 312 311
f 313 311 309
f 309 308 307
f 309 311 310
f 309 307 313
f 313 307 422
f 422 321 315
f 307 305 422
f 299 422 305
f 303 302 301
f 304 303 305
f 305 303 301
f 301 300 299
f 299 298 297
f 299 297 295
f 301 299 305
f 299 291 422
f 296 295 297
f 293 292 291
f 294 293 295
f 293 291 299
f 291 290 289
f 291 289 287
f 287 286 285
f 288 287 289
f 291 287 285
f 293 299 295
f 230 422 291
f 285 284 283
f 281 283 282
f 285 283 230
f 74 427 102
f 427 74 428
f 280 279 281
f 277 283 279
f 283 277 242
f 281 279 283
f 277 279 278
f 230 291 285
f 277 276 275
f 273 275 274
f 277 275 273
f 272 271 273
f 271 270 269
f 277 273 244
f 269 268 267
f 425 170 427
f 244 273 271
f 248 271 269
f 267 265 269
f 307 306 305
f 252 269 265
f 263 262 261
f 264 263 265
f 252 265 263
f 261 260 259
f 256 258 257
f 259 258 261
f 258 256 261
f 261 256 263
f 252 263 256
f 256 254 252
f 254 256 255
f 254 253 252
f 251 250 252
f 249 248 250
f 248 247 246
f 269 250 248
f 269 252 250
f 244 271 248
f 246 244 248
f 244 246 245
f 243 242 244
f 242 236 283
f 238 240 239
f 241 240 242
f 238 237 236
f 238 236 240
f 240 236 242
f 230 283 236
f 236 235 234
f 233 232 234
f 234 232 230
f 228 230 229
f 231 230 232
f 230 228 222
f 226 224 222
f 226 222 228
f 228 227 226
f 222 422 230
f 234 230 236
f 244 242 277
f 220 425 222
f 226 225 224
f 222 221 220
f 220 218 214
f 218 220 219
f 218 217 216
f 214 216 215
f 216 214 218
f 214 425 220
f 223 222 224
f 213 212 214
f 212 211 210
f 208 207 206
f 209 208 210
f 206 200 425
f 210 208 212
f 206 205 204
f 212 208 214
f 208 425 214
f 204 202 200
f 202 204 203
f 202 201 200
f 204 200 206
f 199 198 200
f 194 196 195
f 197 196 198
f 198 196 192
f 192 196 194
f 198 192 425
f 192 194 193
f 192 191 190
f 190 184 425
f 188 186 184
f 186 188 187
f 184 186 185
f 188 184 190
f 188 190 189
f 425 192 190
f 425 200 198
f 425 208 206
f 425 184 178
f 182 180 178
f 180 182 181
f 182 184 183
f 180 179 178
f 176 170 425
f 176 178 177
f 175 174 176
f 176 174 170
f 182 178 184
f 172 170 174
f 170 172 171
f 172 174 173
f 170 169 168
f 162 168 166
f 166 168 167
f 166 165 164
f 162 427 168
f 162 166 164
f 170 168 427
f 160 154 427
f 160 162 161
f 162 164 163
f 160 159 158
f 158 156 154
f 156 158 157
f 156 155 154
f 158 154 160
f 154 148 427
f 152 150 148
f 150 152 151
f 152 154 153
f 150 149 148
f 148 147 146
f 144 146 145
f 146 140 427
f 144 142 140
f 143 142 144
f 140 142 141
f 144 140 146
f 140 138 427
f 152 148 154
f 160 427 162
f 178 176 425
f 139 138 140
f 136 132 138
f 132 136 134
f 135 134 136
f 132 134 133
f 136 138 137
f 132 427 138
f 132 131 130
f 130 129 128
f 130 128 124
f 124 126 125
f 127 126 128
f 126 124 128
f 123 122 124
f 124 122 118
f 124 427 130
f 124 118 427
f 120 118 122
f 118 120 119
f 120 122 121
f 118 117 116
f 116 114 110
f 114 116 115
f 114 112 110
f 113 112 114
f 110 112 111
f 110 427 116
f 427 118 116
f 108 110 109
f 108 107 106
f 106 104 102
f 104 106 105
f 102 104 103
f 106 102 108
f 102 73 74
f 102 427 108
f 427 110 108
f 132 130 427
f 148 146 427
f 265 267 266
f 102 103 432
f 432 431 430
f 432 430 102
f 433 104 436
f 436 104 105
f 435 434 433
f 435 433 436
f 106 107 437
f 437 107 440
f 440 439 438
f 440 438 437
f 108 109 441
f 441 109 444
f 443 442 441
f 443 441 444
f 445 110 448
f 448 110 111
f 447 446 445
f 447 445 448
f 112 113 449
f 449 113 452
f 452 451 450
f 452 450 449
f 114 115 453
f 453 115 456
f 456 455 454
f 456 454 453
f 116 117 457
f 457 117 460
f 460 459 458
f 460 458 457
f 118 119 461
f 461 119 464
f 464 463 462
f 464 462 461
f 120 121 465
f 465 121 468
f 468 467 466
f 468 466 465
f 122 123 469
f 469 123 472
f 472 471 470
f 472 470 469
f 124 125 473
f 473 125 476
f 476 475 474
f 476 474 473
f 126 127 477
f 477 127 480
f 480 479 478
f 480 478 477
f 128 129 481
f 481 129 484
f 483 482 481
f 483 481 484
f 485 130 488
f 488 130 131
f 487 486 485
f 487 485 488
f 132 133 489
f 489 133 492
f 492 491 490
f 492 490 489
f 134 135 493
f 493 135 496
f 496 495 494
f 496 494 493
f 136 137 497
f 497 137 500
f 500 499 498
f 500 498 497
f 501 138 504
f 504 138 139
f 503 502 501
f 503 501 504
f 140 141 505
f 505 141 508
f 508 507 506
f 508 506 505
f 142 143 509
f 509 143 512
f 511 510 509
f 511 509 512
f 513 144 516
f 516 144 145
f 515 514 513
f 515 513 516
f 517 146 520
f 520 146 147
f 519 518 517
f 519 517 520
f 148 149 521
f 521 149 524
f 524 523 522
f 524 522 521
f 150 151 525
f 525 151 528
f 527 526 525
f 527 525 528
f 529 152 532
f 532 152 153
f 531 530 529
f 531 529 532
f 533 154 536
f 536 154 155
f 535 534 533
f 535 533 536
f 156 157 537
f 537 157 540
f 540 539 538
f 540 538 537
f 158 159 541
f 541 159 544
f 543 542 541
f 543 541 544
f 160 161 545
f 545 161 548
f 548 547 546
f 548 546 545
f 162 163 549
f 549 163 552
f 552 551 550
f 552 550 549
f 164 165 553
f 553 165 556
f 556 555 554
f 556 554 553
f 166 167 557
f 557 167 560
f 560 559 558
f 560 558 557
f 168 169 561
f 561 169 564
f 564 563 562
f 564 562 561
f 170 171 565
f 565 171 568
f 568 567 566
f 568 566 565
f 172 173 569
f 569 173 572
f 572 571 570
f 572 570 569
f 174 175 573
f 573 175 576
f 576 575 574
f 576 574 573
f 176 177 577
f 577 177 580
f 580 579 578
f 580 578 577
f 178 179 581
f 581 179 584
f 583 582 581
f 583 581 584
f 585 180 588
f 588 180 181
f 587 586 585
f 587 585 588
f 182 183 589
f 589 183 592
f 592 591 590
f 592 590 589
f 184 185 593
f 593 185 596
f 596 595 594
f 596 594 593
f 186 187 597
f 597 187 600
f 600 599 598
f 600 598 597
f 601 188 604
f 604 188 189
f 603 602 601
f 603 601 604
f 190 191 605
f 605 191 608
f 608 607 606
f 608 606 605
f 192 193 609
f 609 193 612
f 611 610 609
f 611 609 612
f 613 194 616
f 616 194 195
f 615 614 613
f 615 613 616
f 617 196 620
f 620 196 197
f 620 619 618
f 620 618 617
f 198 199 621
f 621 199 624
f 624 623 622
f 624 622 621
f 200 201 625
f 625 201 628
f 627 626 625
f 627 625 628
f 629 202 632
f 632 202 203
f 631 630 629
f 631 629 632
f 204 205 633
f 633 205 636
f 633 635 634
f 635 633 636
f 206 207 637
f 637 207 640
f 639 638 637
f 639 637 640
f 208 209 641
f 641 209 644
f 643 642 641
f 643 641 644
f 210 211 645
f 645 211 648
f 647 646 645
f 647 645 648
f 212 213 649
f 649 213 652
f 649 651 650
f 651 649 652
f 214 215 653
f 653 215 656
f 656 655 654
f 656 654 653
f 216 217 657
f 657 217 660
f 660 659 658
f 660 658 657
f 218 219 661
f 661 219 664
f 664 663 662
f 664 662 661
f 220 221 665
f 665 221 668
f 668 667 666
f 668 666 665
f 222 223 669
f 669 223 672
f 672 671 670
f 672 670 669
f 224 225 673
f 673 225 676
f 676 675 674
f 676 674 673
f 226 227 677
f 677 227 680
f 680 679 678
f 680 678 677
f 228 229 681
f 681 229 684
f 683 682 681
f 683 681 684
f 230 231 685
f 685 231 688
f 688 687 686
f 688 686 685
f 232 233 689
f 689 233 692
f 692 691 690
f 692 690 689
f 234 235 693
f 693 235 696
f 695 694 693
f 695 693 696
f 697 236 700
f 700 236 237
f 699 698 697
f 699 697 700
f 701 238 704
f 704 238 239
f 703 702 701
f 703 701 704
f 240 241 705
f 705 241 708
f 707 706 705
f 707 705 708
f 242 243 709
f 709 243 712
f 709 711 710
f 711 709 712
f 713 244 716
f 716 244 245
f 715 714 713
f 715 713 716
f 717 246 720
f 720 246 247
f 720 719 718
f 720 718 717
f 248 249 721
f 721 249 724
f 724 723 722
f 724 722 721
f 250 251 725
f 725 251 728
f 728 727 726
f 728 726 725
f 729 252 732
f 732 252 253
f 731 730 729
f 731 729 732
f 254 255 733
f 733 255 736
f 733 735 734
f 735 733 736
f 256 257 737
f 737 257 740
f 739 738 737
f 739 737 740
f 258 259 741
f 741 259 744
f 743 742 741
f 743 741 744
f 261 748 260
f 260 748 745
f 746 745 748
f 746 748 747
f 263 752 262
f 262 752 749
f 750 749 752
f 750 752 751
f 265 756 264
f 264 756 753
f 754 753 756
f 754 756 755
f 266 267 757
f 757 267 760
f 758 757 760
f 758 760 759
f 269 764 268
f 268 764 761
f 763 762 761
f 763 761 764
f 271 768 270
f 270 768 765
f 767 766 765
f 767 765 768
f 272 273 769
f 769 273 772
f 769 771 770
f 771 769 772
f 274 275 773
f 773 275 776
f 774 773 776
f 774 776 775
f 277 780 276
f 276 780 777
f 778 777 780
f 778 780 779
f 279 784 278
f 278 784 781
f 782 781 784
f 782 784 783
f 280 281 785
f 785 281 788
f 786 785 788
f 786 788 787
f 282 283 789
f 789 283 792
f 790 789 792
f 790 792 791
f 285 796 284
f 284 796 793
f 794 793 796
f 794 796 795
f 287 800 286
f 286 800 797
f 799 798 797
f 799 797 800
f 289 804 288
f 288 804 801
f 803 802 801
f 803 801 804
f 291 808 290
f 290 808 805
f 806 805 808
f 806 808 807
f 293 812 292
f 292 812 809
f 809 811 810
f 811 809 812
f 295 816 294
f 294 816 813
f 815 814 813
f 815 813 816
f 297 820 296
f 296 820 817
f 819 818 817
f 819 817 820
f 299 824 298
f 298 824 821
f 823 822 821
f 823 821 824
f 301 828 300
f 300 828 825
f 827 826 825
f 827 825 828
f 303 832 302
f 302 832 829
f 831 830 829
f 831 829 832
f 305 836 304
f 304 836 833
f 835 834 833
f 835 833 836
f 307 840 306
f 306 840 837
f 838 837 840
f 838 840 839
f 309 844 308
f 308 844 841
f 842 841 844
f 842 844 843
f 311 848 310
f 310 848 845
f 846 845 848
f 846 848 847
f 313 852 312
f 312 852 849
f 850 849 852
f 850 852 851
f 315 856 314
f 314 856 853
f 854 853 856
f 854 856 855
f 316 317 857
f 857 317 860
f 858 857 860
f 858 860 859
f 319 864 318
f 318 864 861
f 862 861 864
f 862 864 863
f 321 868 320
f 320 868 865
f 867 866 865
f 867 865 868
f 322 323 869
f 869 323 872
f 869 871 870
f 871 869 872
f 324 325 873
f 873 325 876
f 874 873 876
f 874 876 875
f 327 880 326
f 326 880 877
f 878 877 880
f 878 880 879
f 329 884 328
f 328 884 881
f 883 882 881
f 883 881 884
f 330 331 885
f 885 331 888
f 886 885 888
f 886 888 887
f 333 892 332
f 332 892 889
f 891 890 889
f 891 889 892
f 335 896 334
f 334 896 893
f 893 895 894
f 895 893 896
f 337 900 336
f 336 900 897
f 899 898 897
f 899 897 900
f 338 339 901
f 901 339 904
f 902 901 904
f 902 904 903
f 341 908 340
f 340 908 905
f 906 905 908
f 906 908 907
f 343 912 342
f 342 912 909
f 911 910 909
f 911 909 912
f 345 916 344
f 344 916 913
f 915 914 913
f 915 913 916
f 347 920 346
f 346 920 917
f 919 918 917
f 919 917 920
f 349 924 348
f 348 924 921
f 923 922 921
f 923 921 924
f 351 928 350
f 350 928 925
f 927 926 925
f 927 925 928
f 353 932 352
f 352 932 929
f 931 930 929
f 931 929 932
f 355 936 354
f 354 936 933
f 935 934 933
f 935 933 936
f 357 940 356
f 356 940 937
f 939 938 937
f 939 937 940
f 359 944 358
f 358 944 941
f 943 942 941
f 943 941 944
f 361 948 360
f 360 948 945
f 946 945 948
f 946 948 947
f 363 952 362
f 362 952 949
f 951 950 949
f 951 949 952
f 364 365 953
f 953 365 956
f 954 953 956
f 954 956 955
f 366 367 957
f 957 367 960
f 958 957 960
f 958 960 959
f 369 964 368
f 368 964 961
f 962 961 964
f 962 964 963
f 371 968 370
f 370 968 965
f 967 966 965
f 967 965 968
f 372 373 969
f 969 373 972
f 970 969 972
f 970 972 971
f 374 375 973
f 973 375 976
f 974 973 976
f 974 976 975
f 377 980 376
f 376 980 977
f 978 977 980
f 978 980 979
f 379 984 378
f 378 984 981
f 983 982 981
f 983 981 984
f 380 381 985
f 985 381 988
f 986 985 988
f 986 988 987
f 383 992 382
f 382 992 989
f 991 990 989
f 991 989 992
f 385 996 384
f 384 996 993
f 993 995 994
f 995 993 996
f 387 1000 386
f 386 1000 997
f 999 998 997
f 999 997 1000
f 388 389 1001
f 1001 389 1004
f 1002 1001 1004
f 1002 1004 1003
f 391 1008 390
f 390 1008 1005
f 1006 1005 1008
f 1006 1008 1007
f 393 1012 392
f 392 1012 1009
f 1011 1010 1009
f 1011 1009 1012
f 395 1016 394
f 394 1016 1013
f 1015 1014 1013
f 1015 1013 1016
f 397 1020 396
f 396 1020 1017
f 1019 1018 1017
f 1019 1017 1020
f 399 1024 398
f 398 1024 1021
f 1023 1022 1021
f 1023 1021 1024
f 401 1028 400
f 400 1028 1025
f 1027 1026 1025
f 1027 1025 1028
f 403 1032 402
f 402 1032 1029
f 1031 1030 1029
f 1031 1029 1032
f 405 1036 404
f 404 1036 1033
f 1035 1034 1033
f 1035 1033 1036
f 407 1040 406
f 406 1040 1037
f 1039 1038 1037
f 1039 1037 1040
f 408 409 1041
f 1041 409 1044
f 1042 1041 1044
f 1042 1044 1043
f 411 1048 410
f 410 1048 1045
f 1046 1045 1048
f 1046 1048 1047
f 413 1052 412
f 412 1052 1049
f 1051 1050 1049
f 1051 1049 1052
f 414 415 1053
f 1053 415 1056
f 1054 1053 1056
f 1054 1056 1055
f 416 417 1057
f 1057 417 1060
f 1058 1057 1060
f 1058 1060 1059
f 1062 1061 1065
f 1063 1065 1064
f 1065 1063 1062
f 1061 1062 1066
f 1066 1062 1069
f 1068 1067 1066
f 1068 1066 1069
f 1071 1070 1074
f 1074 1073 1072
f 1074 1072 1071
f 1071 1078 1070
f 1070 1078 1075
f 1077 1076 1075
f 1077 1075 1078
f 1080 1079 1083
f 1083 1082 1081
f 1083 1081 1080
f 1079 1080 1084
f 1084 1080 1087
f 1086 1085 1084
f 1086 1084 1087
f 1089 1088 1092
f 1092 1091 1090
f 1092 1090 1089
f 1088 1089 1093
f 1093 1089 1096
f 1095 1094 1093
f 1095 1093 1096
f 1098 1097 1101
f 1101 1100 1099
f 1101 1099 1098
f 1098 1105 1097
f 1097 1105 1102
f 1104 1103 1102
f 1104 1102 1105
f 1107 1106 1110
f 1110 1109 1108
f 1110 1108 1107
f 1106 1107 1111
f 1111 1107 1114
f 1113 1112 1111
f 1113 1111 1114
f 1116 1115 1119
f 1119 1118 1117
f 1119 1117 1116
f 1115 1116 1120
f 1120 1116 1123
f 1121 1120 1123
f 1121 1123 1122
f 1125 1124 1128
f 1128 1127 1126
f 1128 1126 1125
f 1125 1132 1124
f 1124 1132 1129
f 1130 1129 1132
f 1130 1132 1131
f 1134 1133 1137
f 1137 1136 1135
f 1137 1135 1134
f 1134 1141 1133
f 1133 1141 1138
f 1140 1139 1138
f 1140 1138 1141
f 1143 1142 1146
f 1146 1145 1144
f 1146 1144 1143
f 1142 1143 1147
f 1147 1143 1150
f 1149 1148 1147
f 1149 1147 1150
f 1152 1151 1155
f 1155 1154 1153
f 1155 1153 1152
f 1152 1159 1151
f 1151 1159 1156
f 1158 1157 1156
f 1158 1156 1159
f 1161 1160 1164
f 1164 1163 1162
f 1164 1162 1161
f 1161 1168 1160
f 1160 1168 1165
f 1167 1166 1165
f 1167 1165 1168
f 1170 1169 1173
f 1173 1172 1171
f 1173 1171 1170
f 1170 1177 1169
f 1169 1177 1174
f 1176 1175 1174
f 1176 1174 1177
f 1179 1178 1182
f 1182 1181 1180
f 1182 1180 1179
f 1179 1186 1178
f 1178 1186 1183
f 1185 1184 1183
f 1185 1183 1186
f 1188 1187 1191
f 1191 1190 1189
f 1191 1189 1188
f 1188 1195 1187
f 1187 1195 1192
f 1194 1193 1192
f 1194 1192 1195
f 1197 1196 1200
f 1198 1200 1199
f 1200 1198 1197
f 1196 1197 1201
f 1201 1197 1204
f 1202 1201 1204
f 1202 1204 1203
f 1206 1205 1209
f 1209 1208 1207
f 1209 1207 1206
f 1206 1213 1205
f 1205 1213 1210
f 1211 1210 1213
f 1211 1213 1212
f 1215 1214 1218
f 1218 1217 1216
f 1218 1216 1215
f 1215 1222 1214
f 1214 1222 1219
f 1221 1220 1219
f 1221 1219 1222
f 1224 1223 1227
f 1227 1226 1225
f 1227 1225 1224
f 1223 1224 1228
f 1228 1224 1231
f 1230 1229 1228
f 1230 1228 1231
f 1233 1232 1236
f 1234 1236 1235
f 1236 1234 1233
f 1232 1233 1237
f 1237 1233 1240
f 1238 1237 1240
f 1238 1240 1239
f 1242 1241 1245
f 1245 1244 1243
f 1245 1243 1242
f 1242 1249 1241
f 1241 1249 1246
f 1247 1246 1249
f 1247 1249 1248
f 1251 1250 1254
f 1254 1253 1252
f 1254 1252 1251
f 1251 1258 1250
f 1250 1258 1255
f 1257 1256 1255
f 1257 1255 1258
f 1260 1259 1263
f 1263 1262 1261
f 1263 1261 1260
f 1259 1260 1264
f 1264 1260 1267
f 1266 1265 1264
f 1266 1264 1267
f 1269 1268 1272
f 1272 1271 1270
f 1272 1270 1269
f 1269 1276 1268
f 1268 1276 1273
f 1275 1274 1273
f 1275 1273 1276
f 1278 1277 1281
f 1281 1280 1279
f 1281 1279 1278
f 1277 1278 1282
f 1282 1278 1285
f 1284 1283 1282
f 1284 1282 1285
f 1287 1286 1290
f 1290 1289 1288
f 1290 1288 1287
f 1287 1294 1286
f 1286 1294 1291
f 1293 1292 1291
f 1293 1291 1294
f 1296 1295 1299
f 1299 1298 1297
f 1299 1297 1296
f 1295 1296 1300
f 1300 1296 1303
f 1302 1301 1300
f 1302 1300 1303
f 1305 1304 1308
f 1308 1307 1306
f 1308 1306 1305
f 1305 1312 1304
f 1304 1312 1309
f 1311 1310 1309
f 1311 1309 1312
f 1314 1313 1317
f 1317 1316 1315
f 1317 1315 1314
f 1313 1314 1318
f 1318 1314 1321
f 1320 1319 1318
f 1320 1318 1321
f 1323 1322 1326
f 1326 1325 1324
f 1326 1324 1323
f 1323 1330 1322
f 1322 1330 1327
f 1329 1328 1327
f 1329 1327 1330
f 1332 1331 1335
f 1335 1334 1333
f 1335 1333 1332
f 1331 1332 1336
f 1336 1332 1339
f 1338 1337 1336
f 1338 1336 1339
f 1341 1340 1344
f 1344 1343 1342
f 1344 1342 1341
f 1340 1341 1345
f 1345 1341 1348
f 1346 1345 1348
f 1346 1348 1347
f 1350 1349 1353
f 1353 1352 1351
f 1353 1351 1350
f 1350 1357 1349
f 1349 1357 1354
f 1355 1354 1357
f 1355 1357 1356
f 1359 1358 1362
f 1362 1361 1360
f 1362 1360 1359
f 1359 1366 1358
f 1358 1366 1363
f 1365 1364 1363
f 1365 1363 1366
f 1368 1367 1371
f 1371 1370 1369
f 1371 1369 1368
f 1368 1375 1367
f 1367 1375 1372
f 1374 1373 1372
f 1374 1372 1375
f 1377 1376 1380
f 1380 1379 1378
f 1380 1378 1377
f 1377 1384 1376
f 1376 1384 1381
f 1383 1382 1381
f 1383 1381 1384
f 1386 1385 1389
f 1389 1388 1387
f 1389 1387 1386
f 1386 1393 1385
f 1385 1393 1390
f 1392 1391 1390
f 1392 1390 1393
f 1395 1394 1398
f 1398 1397 1396
f 1398 1396 1395
f 1395 1402 1394
f 1394 1402 1399
f 1401 1400 1399
f 1401 1399 1402
f 1404 1403 1407
f 1407 1406 1405
f 1407 1405 1404
f 1404 1411 1403
f 1403 1411 1408
f 1410 1409 1408
f 1410 1408 1411
f 1413 1412 1416
f 1416 1415 1414
f 1416 1414 1413
f 1413 1420 1412
f 1412 1420 1417
f 1419 1418 1417
f 1419 1417 1420
f 1422 1421 1425
f 1425 1424 1423
f 1425 1423 1422
f 1422 1429 1421
f 1421 1429 1426
f 1428 1427 1426
f 1428 1426 1429
f 1431 1430 1434
f 1434 1433 1432
f 1434 1432 1431
f 1431 1438 1430
f 1430 1438 1435
f 1437 1436 1435
f 1437 1435 1438
f 1440 1439 1443
f 1443 1442 1441
f 1443 1441 1440
f 1440 1447 1439
f 1439 1447 1444
f 1446 1445 1444
f 1446 1444 1447
f 1449 1448 1452
f 1452 1451 1450
f 1452 1450 1449
f 1448 1449 1453
f 1453 1449 1456
f 1455 1454 1453
f 1455 1453 1456
f 1458 1457 1461
f 1461 1460 1459
f 1461 1459 1458
f 1457 1458 1462
f 1462 1458 1465
f 1463 1462 1465
f 1463 1465 1464
f 1467 1466 1470
f 1470 1469 1468
f 1470 1468 1467
f 1467 1474 1466
f 1466 1474 1471
f 1472 1471 1474
f 1472 1474 1473
f 1476 1475 1479
f 1479 1478 1477
f 1479 1477 1476
f 1476 1483 1475
f 1475 1483 1480
f 1482 1481 1480
f 1482 1480 1483
f 1485 1484 1488
f 1488 1487 1486
f 1488 1486 1485
f 1484 1485 1489
f 1489 1485 1492
f 1491 1490 1489
f 1491 1489 1492
f 1494 1493 1497
f 1497 1496 1495
f 1497 1495 1494
f 1493 1494 1498
f 1498 1494 1501
f 1499 1498 1501
f 1499 1501 1500
f 1503 1502 1506
f 1506 1505 1504
f 1506 1504 1503
f 1503 1510 1502
f 1502 1510 1507
f 1508 1507 1510
f 1508 1510 1509
f 1512 1511 1515
f 1515 1514 1513
f 1515 1513 1512
f 1512 1519 1511
f 1511 1519 1516
f 1518 1517 1516
f 1518 1516 1519
f 1521 1520 1524
f 1524 1523 1522
f 1524 1522 1521
f 1520 1521 1525
f 1525 1521 1528
f 1527 1526 1525
f 1527 1525 1528
f 1530 1529 1533
f 1533 1532 1531
f 1533 1531 1530
f 1529 1530 1534
f 1534 1530 1537
f 1536 1535 1534
f 1536 1534 1537
f 1539 1538 1542
f 1542 1541 1540
f 1542 1540 1539
f 1539 1546 1538
f 1538 1546 1543
f 1545 1544 1543
f 1545 1543 1546
f 1548 1547 1551
f 1551 1550 1549
f 1551 1549 1548
f 1548 1555 1547
f 1547 1555 1552
f 1554 1553 1552
f 1554 1552 1555
f 1557 1556 1560
f 1560 1559 1558
f 1560 1558 1557
f 1556 1557 1561
f 1561 1557 1564
f 1563 1562 1561
f 1563 1561 1564
f 1566 1565 1569
f 1569 1568 1567
f 1569 1567 1566
f 1565 1566 1570
f 1570 1566 1573
f 1571 1570 1573
f 1571 1573 1572
f 1575 1574 1578
f 1578 1577 1576
f 1578 1576 1575
f 1575 1582 1574
f 1574 1582 1579
f 1580 1579 1582
f 1580 1582 1581
f 1584 1583 1587
f 1587 1586 1585
f 1587 1585 1584
f 1583 1584 1588
f 1588 1584 1591
f 1590 1589 1588
f 1590 1588 1591
f 1593 1592 1596
f 1596 1595 1594
f 1596 1594 1593
f 1593 1600 1592
f 1592 1600 1597
f 1599 1598 1597
f 1599 1597 1600
f 1602 1601 1605
f 1605 1604 1603
f 1605 1603 1602
f 1602 1609 1601
f 1601 1609 1606
f 1608 1607 1606
f 1608 1606 1609
f 1611 1610 1614
f 1614 1613 1612
f 1614 1612 1611
f 1611 1618 1610
f 1610 1618 1615
f 1617 1616 1615
f 1617 1615 1618
f 1620 1619 1623
f 1623 1622 1621
f 1623 1621 1620
f 1620 1627 1619
f 1619 1627 1624
f 1626 1625 1624
f 1626 1624 1627
f 1629 1628 1632
f 1632 1631 1630
f 1632 1630 1629
f 1628 1629 1633
f 1633 1629 1636
f 1635 1634 1633
f 1635 1633 1636
f 1638 1637 1641
f 1641 1640 1639
f 1641 1639 1638
f 1637 1638 1642
f 1642 1638 1645
f 1644 1643 1642
f 1644 1642 1645
f 1647 1646 1650
f 1650 1649 1648
f 1650 1648 1647
f 1647 1654 1646
f 1646 1654 1651
f 1653 1652 1651
f 1653 1651 1654
f 1656 1655 1659
f 1659 1658 1657
f 1659 1657 1656
f 1656 1663 1655
f 1655 1663 1660
f 1662 1661 1660
f 1662 1660 1663
f 1665 1664 1668
f 1668 1667 1666
f 1668 1666 1665
f 1665 1672 1664
f 1664 1672 1669
f 1671 1670 1669
f 1671 1669 1672
f 1674 1673 1677
f 1677 1676 1675
f 1677 1675 1674
f 1673 1674 1678
f 1678 1674 1681
f 1680 1679 1678
f 1680 1678 1681
f 1683 1682 1686
f 1686 1685 1684
f 1686 1684 1683
f 1682 1683 1687
f 1687 1683 1690
f 1688 1687 1690
f 1688 1690 1689
f 1692 1691 1695
f 1695 1694 1693
f 1695 1693 1692
f 1692 1699 1691
f 1691 1699 1696
f 1697 1696 1699
f 1697 1699 1698
f 1700 1704 1701
f 1702 1701 1704
f 1702 1704 1703
f 1704 1700 1707
f 1703 1704 1707
f 1707 1706 1705
f 1707 1705 1703
f 1708 1714 1709
f 1714 1713 1711
f 1711 1709 1714
f 1710 1709 1711
f 1711 1713 1712
f 1713 1717 1712
f 1715 1712 1717
f 1715 1717 1716
f 1718 1723 1719
f 1719 1723 1720
f 1722 1721 1720
f 1722 1720 1723
f 1723 1718 1727
f 1723 1727 1726
f 1725 1724 1723
f 1722 1723 1724
f 1725 1723 1726
f 1737 1735 1738
f 1736 1728 1737
f 1737 1728 1735
f 1735 1734 1738
f 1739 1738 1734
f 1725 1740 1743
f 1739 1734 1740
f 1734 1743 1740
f 1740 1725 1741
f 1736 1742 1729
f 1741 1726 1729
f 1729 1742 1741
f 1736 1729 1728
f 1726 1741 1725
f 1731 1747 1746
f 1747 1731 1748
f 1731 1746 1754
f 1731 1730 1748
f 1730 1743 1749
f 1743 1730 1725
f 1734 1744 1743
f 1745 1750 1756
f 1744 1733 1745
f 1750 1745 1733
f 1745 1755 1746
f 1734 1733 1744
f 1756 1755 1745
f 1753 101 1731
f 1752 1733 1753
f 1754 1746 1755
f 1733 1732 419
f 1752 1751 1733
f 419 101 1733
f 418 419 1732
f 1733 101 1753
f 1733 1751 1750
f 1753 1731 1754
f 1748 1730 1749
f 1800 1799 1790
f 1790 1799 1763
f 1800 1790 1796
f 1795 1801 1800
f 1800 1796 1795
f 1763 1799 1728
f 1791 1763 1792
f 1793 1792 1768
f 1768 1794 1793
f 1801 1795 1734
f 1768 1792 1763
f 1791 1790 1763
f 1799 1797 1728
f 1734 1795 1794
f 1735 1728 1783
f 1783 1728 1784
f 1735 1783 1789
f 1735 1788 1734
f 1788 1735 1789
f 1734 1788 1787
f 1803 1802 1787
f 1798 1803 1785
f 1784 1728 1785
f 1786 1785 1803
f 1803 1787 1786
f 1802 1734 1787
f 1785 1728 1798
f 1728 1797 1798
f 1734 1802 1801
f 1757 1734 1794
f 1763 1728 1762
f 1762 1777 1776
f 1762 1778 1777
f 1770 1769 1762
f 1771 1770 1762
f 1776 1772 1771
f 1771 1762 1776
f 1761 1779 1778
f 1779 1761 1760
f 1761 1778 1762
f 1780 1760 1758
f 1760 1780 1779
f 1758 1760 1759
f 1769 1765 1762
f 1757 1780 1758
f 1765 1764 1762
f 1769 1775 1766
f 1765 1769 1766
f 1767 1766 1757
f 1768 1767 1794
f 1766 1775 1774
f 1781 1780 1757
f 1773 1781 1757
f 1781 1773 1772
f 1772 1782 1781
f 1774 1773 1757
f 1766 1774 1757
f 1776 1782 1772
f 1757 1794 1767
f 1762 1764 1763
f 1706 1758 1813
f 1813 1758 1759
f 1813 1811 1706
f 1809 1811 1810
f 1813 1812 1811
f 1809 1706 1811
f 1706 1807 1805
f 1706 1809 1807
f 1805 1705 1706
f 1805 1807 1806
f 1804 1705 1805
f 1807 1809 1808
f 2180 1716 1761
f 2027 1956 1715
f 2180 1715 1716
f 1715 1934 2182
f 1716 2181 1761
f 2183 1814 1761
f 2183 1761 2181
f 2183 2182 1844
f 1930 1928 1931
f 1926 1934 1931
f 2182 1934 1926
f 1933 1932 1931
f 1931 1934 1933
f 1928 1926 1931
f 1945 1715 1953
f 1939 1942 1941
f 1942 1934 1715
f 1939 1941 1940
f 1944 1943 1942
f 1945 1944 1942
f 1942 1939 1934
f 1934 1936 1935
f 1934 1939 1936
f 1938 1937 1936
f 1936 1939 1938
f 1942 1715 1945
f 2180 2150 1715
f 1912 1915 1914
f 1912 1904 2182
f 1913 1912 1914
f 1917 1916 1915
f 1918 1917 1919
f 1915 1920 1917
f 1906 1904 1909
f 1909 1904 1912
f 1908 1906 1909
f 1911 1910 1909
f 1909 1912 1911
f 1912 2182 1915
f 1925 1923 1926
f 1923 1915 2182
f 1926 1928 1927
f 1930 1929 1928
f 1920 1919 1917
f 1921 1920 1922
f 1922 1920 1923
f 1925 1924 1923
f 1923 1920 1915
f 2182 1926 1923
f 1904 1901 2182
f 1974 1972 1975
f 1975 1972 1967
f 1977 1980 1979
f 1980 1977 1975
f 1976 1975 1977
f 1980 2008 1983
f 1978 1977 1979
f 1967 1969 1968
f 1967 1972 1969
f 1969 1972 1971
f 1969 1971 1970
f 1973 1972 1974
f 1975 1967 2016
f 1987 1986 1988
f 1988 1986 1991
f 1989 1988 1990
f 1991 1990 1988
f 1993 1992 1991
f 1991 1986 2000
f 1982 1981 1980
f 1983 1982 1980
f 1985 1984 1983
f 1983 1986 1985
f 1975 2016 1980
f 2008 1986 1983
f 1950 1953 1952
f 1953 1950 1945
f 1950 1952 1951
f 1956 1955 1953
f 1957 1956 1958
f 1954 1953 1955
f 1953 1715 1956
f 1947 1946 1945
f 1948 1947 1949
f 1949 1947 1950
f 1950 1947 1945
f 1964 1963 1961
f 1964 1967 1966
f 1966 1965 1964
f 1958 1960 1959
f 1960 1958 1961
f 1963 1962 1961
f 1956 1961 1958
f 1961 1956 1964
f 1956 2027 1964
f 1967 1964 2027
f 60 2180 61
f 1843 1841 1844
f 1841 1833 2183
f 1846 1845 1844
f 1847 1846 1848
f 1844 1849 1846
f 1835 1833 1838
f 1838 1833 1841
f 1839 1838 1840
f 1840 1838 1841
f 1843 1842 1841
f 2183 1833 1830
f 1852 1854 1853
f 1854 1852 1857
f 1856 1854 1857
f 1854 1856 1855
f 1857 1859 1858
f 1859 1857 1860
f 1852 1860 1857
f 1849 1848 1846
f 1850 1849 1851
f 1851 1849 1852
f 1852 1849 1844
f 2182 1852 1844
f 1819 1818 1816
f 1821 1819 1822
f 1821 1820 1819
f 1822 1824 1823
f 1824 1822 1827
f 1819 1814 1822
f 1814 1760 1761
f 1815 1814 1816
f 1818 1817 1816
f 1816 1814 1819
f 1814 2183 1822
f 1830 1832 1831
f 1830 1833 1832
f 1835 1837 1836
f 1837 1835 1838
f 1835 1834 1833
f 1826 1825 1824
f 1827 1826 1824
f 1829 1828 1827
f 1827 1830 1829
f 1830 1827 1822
f 2183 1830 1822
f 1844 1841 2183
f 1889 1887 1890
f 1890 1887 1885
f 1893 1892 1890
f 1894 1893 1895
f 1891 1890 1892
f 1890 1885 1893
f 1882 1885 1884
f 1882 1874 2182
f 1882 1884 1883
f 1887 1886 1885
f 1887 1889 1888
f 1885 2182 1893
f 1901 1903 1902
f 1901 1904 1903
f 1907 1906 1908
f 1906 1905 1904
f 1895 1897 1896
f 1897 1895 1898
f 1898 1900 1899
f 1900 1898 1901
f 1893 1898 1895
f 1898 1893 1901
f 2182 1901 1893
f 1865 1868 1867
f 1868 1865 1863
f 1865 1867 1866
f 1863 1865 1864
f 1868 1871 1870
f 1871 1868 1863
f 2182 1871 1863
f 1869 1868 1870
f 1860 1862 1861
f 1860 1863 1862
f 1860 1852 2182
f 1879 1878 1876
f 1880 1879 1881
f 1881 1879 1882
f 1871 1873 1872
f 1873 1871 1874
f 1876 1875 1874
f 1877 1876 1878
f 1874 1879 1876
f 1879 1874 1882
f 1860 2182 1863
f 1874 1871 2182
f 1882 2182 1885
f 2120 2118 2115
f 2118 2120 2119
f 2121 2120 2123
f 2120 2131 2123
f 2118 2117 2116
f 2112 2115 2113
f 2115 2112 2120
f 2113 2115 2114
f 2115 2118 2116
f 2112 2111 2110
f 2120 2112 2109
f 2129 2131 2130
f 2134 2131 2139
f 2132 2131 2134
f 2131 2129 2126
f 2132 2134 2133
f 2129 2128 2127
f 2124 2123 2126
f 2124 2126 2125
f 2123 2122 2121
f 2126 2129 2127
f 2131 2126 2123
f 1715 2131 2120
f 2093 2098 2096
f 2098 2093 2090
f 2096 2098 2097
f 2093 2096 2094
f 2094 2096 2095
f 2099 2098 2101
f 1715 2101 2098
f 2089 2088 2090
f 2088 2087 2086
f 2090 2088 2085
f 2092 2091 2093
f 2090 2093 2091
f 2082 1715 2090
f 2104 2109 2107
f 2107 2109 2108
f 2105 2107 2106
f 2104 2107 2105
f 2109 2112 2110
f 2102 2101 2104
f 2103 2102 2104
f 2100 2099 2101
f 2109 2104 2101
f 2109 2101 1715
f 2109 1715 2120
f 2165 2164 2167
f 2167 2169 2168
f 2172 2169 60
f 2165 2167 2166
f 2169 2167 2164
f 2164 2161 2169
f 2159 2161 2160
f 2162 2161 2164
f 2161 2159 2156
f 2162 2164 2163
f 2159 2158 2157
f 2172 2170 2169
f 2161 2150 2180
f 2176 2175 2178
f 2173 2172 2175
f 2178 2175 60
f 2179 2178 60
f 2178 2177 2176
f 2171 2170 2172
f 2174 2173 2175
f 2175 2172 60
f 2161 2180 2169
f 2140 2142 2141
f 2143 2142 2145
f 2142 2140 2139
f 2150 2145 2142
f 2150 2148 2145
f 2145 2144 2143
f 2142 2139 2150
f 2137 2135 2134
f 2137 2134 2139
f 2137 2139 2138
f 2137 2136 2135
f 2139 1715 2150
f 2153 2156 2154
f 2153 2150 2161
f 2154 2156 2155
f 2156 2159 2157
f 2153 2152 2151
f 2146 2148 2147
f 2146 2145 2148
f 2149 2148 2150
f 2151 2150 2153
f 2161 2156 2153
f 2139 2131 1715
f 2098 2090 1715
f 2027 2025 2022
f 2025 2027 2026
f 2023 2025 2024
f 2027 2030 2028
f 2025 2023 2022
f 2017 2019 2018
f 2022 2019 2027
f 2020 2019 2022
f 2019 2017 2016
f 2021 2020 2022
f 2019 2016 1967
f 2033 2038 2036
f 2036 2038 2037
f 2035 2034 2036
f 2033 2036 2034
f 2041 2039 2038
f 2039 2041 2040
f 1715 2041 2038
f 2029 2028 2030
f 2033 2030 2038
f 2031 2030 2033
f 2032 2031 2033
f 2030 2027 1715
f 2027 2019 1967
f 2000 2003 2001
f 2008 2006 2003
f 2001 2003 2002
f 2004 2003 2006
f 1994 1991 2000
f 2000 1999 1998
f 1993 1991 1994
f 1994 2000 1997
f 1995 1994 1997
f 1997 1996 1995
f 2000 1998 1997
f 2000 1986 2003
f 2011 2016 2014
f 2011 2008 1980
f 2014 2016 2015
f 2011 2014 2012
f 2014 2013 2012
f 2006 2005 2004
f 2008 2011 2009
f 2006 2008 2007
f 2011 2010 2009
f 2003 1986 2008
f 2011 1980 2016
f 2038 2030 1715
f 2071 2074 2072
f 2074 2071 2079
f 2074 2073 2072
f 2079 2077 2074
f 2068 1715 2071
f 2071 2070 2069
f 2068 2066 2063
f 2066 2068 2067
f 2064 2066 2065
f 2066 2064 2063
f 2068 2071 2069
f 1715 2057 2049
f 2082 2085 2083
f 2079 1715 2082
f 2083 2085 2084
f 2085 2088 2086
f 2082 2081 2080
f 2075 2077 2076
f 2075 2074 2077
f 2078 2077 2079
f 2080 2079 2082
f 2090 2085 2082
f 2049 2048 2047
f 2049 2047 2044
f 2050 2049 2052
f 2050 2052 2051
f 2049 2057 2052
f 2047 2046 2045
f 2042 2041 2044
f 2044 2043 2042
f 2044 2047 2045
f 2049 2044 2041
f 2058 2060 2059
f 2057 1715 2060
f 2061 2060 2063
f 2060 2058 2057
f 2062 2061 2063
f 2057 2055 2052
f 2055 2057 2056
f 2053 2055 2054
f 2055 2053 2052
f 2060 2068 2063
f 1715 2049 2041
f 2060 1715 2068
f 2071 1715 2079
f 2169 2180 60
f 2184 1765 2185
f 2185 2187 2186
f 2185 1765 2187
f 2187 1766 2190
f 1766 2187 1765
f 2189 2188 2190
f 2191 2190 1766
f 2190 2188 2187
f 2192 2199 2198
f 2193 2192 1763
f 1763 2192 2198
f 2195 2194 1767
f 2195 2198 2197
f 2195 1768 2198
f 1768 2195 1767
f 2198 1768 1763
f 2195 2197 2196
f 2200 1771 1772
f 1772 1773 2201
f 1772 2201 2200
f 2205 2204 1775
f 1769 2205 1775
f 2203 2202 1775
f 1774 1775 2202
f 2203 1775 2204
f 2206 1778 1779
f 1779 1780 2207
f 1779 2207 2206
f 2211 2210 1782
f 1776 2211 1782
f 2209 2208 1782
f 1781 1782 2208
f 2209 1782 2210
f 2212 1785 1786
f 1786 1787 2213
f 1786 2213 2212
f 1783 2217 1789
f 2217 2216 1789
f 2215 2214 1789
f 1788 1789 2214
f 2215 1789 2216
f 2218 1792 1793
f 1793 1794 2219
f 1793 2219 2218
f 1790 2223 1796
f 2223 2222 1796
f 2221 2220 1796
f 1795 1796 2220
f 2221 1796 2222
f 2224 1799 1800
f 1800 1801 2225
f 1800 2225 2224
f 1798 2229 1803
f 2229 2228 1803
f 2227 2226 1803
f 1802 1803 2226
f 2227 1803 2228
f 2193 2231 2192
f 2192 2231 2230
f 2184 2185 2230
f 2184 2230 2231
f 2199 2233 2198
f 2198 2233 2232
f 2186 2187 2232
f 2186 2232 2233
f 2197 2235 2234
f 2235 2188 2189
f 2234 2196 2197
f 2189 2234 2235
f 2204 2236 2203
f 2201 2203 2236
f 2201 2236 2200
f 2210 2237 2209
f 2207 2209 2237
f 2207 2237 2206
f 1741 2240 1740
f 2238 1740 2240
f 2238 2240 2239
f 2239 2241 2243
f 2243 2242 2238
f 2243 2238 2239
f 1746 2246 1745
f 2244 1745 2246
f 2244 2246 2245
f 2245 2247 2249
f 2249 2248 2244
f 2249 2244 2245
f 1753 2252 1752
f 2250 1752 2252
f 2250 2252 2251
f 2251 2253 2255
f 2255 2254 2250
f 2255 2250 2251
f 2215 2216 2256
f 2256 2212 2213
f 2256 2213 2215
f 2227 2228 2257
f 2257 2224 2225
f 2257 2225 2227
f 2221 2222 2258
f 2258 2218 2219
f 2258 2219 2221
f 2195 2260 2194
f 2194 2260 2259
f 2190 2191 2259
f 2190 2259 2260
f 60 2264 2179
f 2179 2264 2261
f 2263 2262 2261
f 2263 2261 2264
f 2266 2265 2269
f 2267 2269 2268
f 2269 2267 2266
f 2266 2273 2265
f 2265 2273 2270
f 2272 2271 2270
f 2272 2270 2273
f 2275 2274 2276
f 2276 2274 2279
f 2278 2277 2276
f 2278 2276 2279
f 2274 2275 2282
f 2282 2281 2280
f 2282 2280 2274
f 2284 2283 2287
f 2287 2286 2285
f 2287 2285 2284
f 2283 2284 2288
f 2288 2284 2291
f 2289 2288 2291
f 2289 2291 2290
f 2294 2293 2297
f 2297 2293 2292
f 2296 2295 2294
f 2296 2294 2297
f 2292 2293 2300
f 2300 2299 2298
f 2300 2298 2292
f 2302 2301 2305
f 2305 2304 2303
f 2305 2303 2302
f 2301 2302 2306
f 2306 2302 2309
f 2307 2306 2309
f 2307 2309 2308
f 2312 2311 2315
f 2315 2311 2310
f 2314 2313 2312
f 2314 2312 2315
f 2310 2311 2318
f 2318 2317 2316
f 2318 2316 2310
f 2320 2319 2323
f 2323 2322 2321
f 2323 2321 2320
f 2320 2327 2319
f 2319 2327 2324
f 2325 2324 2327
f 2325 2327 2326
f 2329 2328 2330
f 2330 2328 2333
f 2332 2331 2330
f 2332 2330 2333
f 2328 2329 2336
f 2336 2335 2334
f 2336 2334 2328
f 2338 2337 2341
f 2341 2340 2339
f 2341 2339 2338
f 2338 2345 2337
f 2337 2345 2342
f 2344 2343 2342
f 2344 2342 2345
f 2347 2346 2348
f 2348 2346 2351
f 2351 2350 2349
f 2351 2349 2348
f 2346 2347 2354
f 2354 2353 2352
f 2354 2352 2346
f 2357 2356 2360
f 2360 2356 2355
f 2359 2358 2357
f 2359 2357 2360
f 2355 2356 2363
f 2363 2362 2361
f 2363 2361 2355
f 2364 2369 2365
f 2369 2368 2365
f 2365 2367 2366
f 2367 2365 2368
f 2369 2364 2373
f 2368 2369 2370
f 2373 2372 2370
f 2371 2370 2372
f 2373 2370 2369
f 2375 2374 2376
f 2376 2374 2379
f 2378 2377 2376
f 2378 2376 2379
f 2374 2375 2382
f 2382 2381 2380
f 2382 2380 2374
f 2384 2383 2385
f 2385 2383 2388
f 2387 2386 2385
f 2387 2385 2388
f 2383 2384 2391
f 2391 2390 2389
f 2391 2389 2383
f 2734 2733 2732
f 2730 2729 2728
f 2732 2730 1302
f 2728 2726 1293
f 2731 2730 2732
f 1302 2730 2728
f 2738 2737 2736
f 2740 2739 2738
f 2741 2740 2742
f 2740 2738 1338
f 1329 2736 2734
f 1301 1302 1293
f 2732 1311 2734
f 1284 1292 1293
f 1311 2732 1302
f 2728 1293 1302
f 1338 2738 2736
f 2735 2734 2736
f 2726 2728 2727
f 1275 2726 2724
f 2724 2726 2725
f 2723 2722 2724
f 2721 2720 2722
f 2720 2719 2718
f 2720 2718 1248
f 2722 2720 1257
f 1266 2724 2722
f 1275 1266 1274
f 1275 1284 2726
f 1275 1283 1284
f 1275 2724 1266
f 1239 1247 1248
f 1257 1265 1266
f 1256 1257 1248
f 1257 1266 2722
f 2720 1248 1257
f 1248 2718 1239
f 2726 1284 1293
f 1401 2754 2752
f 2752 2754 2753
f 2755 2754 2756
f 2750 2749 2748
f 2750 2748 1383
f 2751 2750 2752
f 2748 2746 1374
f 1401 2752 2750
f 2760 2759 2758
f 1428 2760 2758
f 2760 2762 2761
f 2757 2756 2758
f 2750 1383 1392
f 1410 2756 2754
f 1382 1383 1374
f 1392 1383 1391
f 1374 1383 2748
f 2758 2756 1419
f 2750 1392 1401
f 2748 2747 2746
f 1365 2746 2744
f 2744 2746 2745
f 2744 2742 1356
f 1302 1310 1311
f 1320 1329 2734
f 1319 1320 1311
f 1328 1329 1320
f 2740 1338 1347
f 1338 2736 1329
f 2744 2743 2742
f 2744 1356 1365
f 2742 1347 1356
f 1356 1364 1365
f 1355 1356 1347
f 1374 1365 1373
f 1329 1337 1338
f 1338 1346 1347
f 2740 1347 2742
f 2746 1365 1374
f 1320 2734 1311
f 2694 2696 2695
f 2693 2692 2694
f 2691 2690 2692
f 2690 2689 2688
f 1122 2690 1113
f 2692 2690 1131
f 2692 1140 2694
f 2702 2701 2700
f 1167 2702 2700
f 2702 2704 2703
f 2698 2696 1149
f 1140 2696 2694
f 1140 2692 1131
f 1158 2700 2698
f 2690 1122 1131
f 2699 2698 2700
f 2696 2698 2697
f 1122 1130 1131
f 2690 2688 1113
f 2683 2682 2684
f 2686 2685 2684
f 2682 2681 2680
f 2684 2682 1086
f 2680 1068 1077
f 1077 2682 2680
f 1104 1113 2688
f 1103 1104 1095
f 1104 1112 1113
f 1122 1113 1121
f 1104 2686 1095
f 2688 2686 1104
f 1086 1077 1085
f 1095 2686 2684
f 1086 1094 1095
f 2684 1086 1095
f 2682 1077 1086
f 2686 2688 2687
f 2713 2712 2714
f 2716 2715 2714
f 2711 2710 2712
f 2710 2709 2708
f 2710 2708 1203
f 2714 2712 1221
f 1212 2712 2710
f 2716 1230 1239
f 1229 1230 1221
f 1230 1238 1239
f 2716 2714 1230
f 1239 2718 2716
f 1212 1203 1211
f 1230 2714 1221
f 1212 1220 1221
f 2712 1212 1221
f 2710 1203 1212
f 2708 1194 1203
f 2716 2718 2717
f 2706 2705 2704
f 2706 2704 1185
f 1176 2702 1167
f 1157 1158 1149
f 1158 1167 2700
f 1194 2708 2706
f 2696 1140 1149
f 1149 1140 1148
f 1140 1131 1139
f 1149 1158 2698
f 1194 1185 1193
f 1194 2706 1185
f 1185 1176 1184
f 1202 1203 1194
f 1158 1166 1167
f 1167 1175 1176
f 1185 2704 1176
f 2702 1176 2704
f 2706 2708 2707
f 1644 2808 2806
f 2806 2808 2807
f 2804 2806 2805
f 1644 2806 2804
f 2808 2810 2809
f 2815 2814 2816
f 2816 2818 2817
f 2816 2814 1680
f 1662 2812 2810
f 2810 2812 2811
f 1643 1644 1635
f 2808 1662 2810
f 1626 1634 1635
f 2804 1635 1644
f 2812 1671 2814
f 2813 2812 2814
f 1644 1653 2808
f 1635 2804 1626
f 2802 2801 2800
f 2799 2798 2800
f 2795 2794 2796
f 2798 2797 2796
f 2800 2798 1608
f 2794 1590 2796
f 1599 2798 2796
f 2802 1617 1626
f 2802 2800 1617
f 1617 1625 1626
f 1617 1608 1616
f 1626 2804 2802
f 1599 1590 1598
f 1608 2798 1599
f 1599 1607 1608
f 1617 2800 1608
f 2796 1590 1599
f 2794 1581 1590
f 2802 2804 2803
f 2828 17 2389
f 17 2828 16
f 2827 2826 17
f 2825 2824 2826
f 2824 2823 2822
f 2308 2824 2290
f 2826 2824 2326
f 17 2826 2344
f 2390 2828 2389
f 2372 2344 2371
f 2344 2372 2389
f 17 2344 2389
f 2326 2308 2325
f 2826 2326 2344
f 2307 2308 2290
f 2326 2343 2344
f 2824 2308 2326
f 2290 2824 2822
f 1698 2820 2818
f 2818 2820 2819
f 1680 1689 2816
f 1670 1671 1662
f 1671 1680 2814
f 1662 1653 1661
f 1662 2808 1653
f 1653 1644 1652
f 2812 1662 1671
f 2272 1698 2271
f 1698 2272 2820
f 2272 2289 2290
f 2290 2822 2272
f 1689 1680 1688
f 1698 2818 2816
f 1680 1671 1679
f 1689 1697 1698
f 1689 1698 2816
f 2272 2822 2820
f 2821 2820 2822
f 2770 2772 2771
f 2768 2767 2766
f 2770 2768 1473
f 2766 2764 1464
f 2769 2768 2770
f 1473 2768 2766
f 2778 2777 2776
f 1509 2778 2776
f 2778 2780 2779
f 1491 2774 2772
f 2776 2775 2774
f 1472 1473 1464
f 2770 1482 2772
f 1455 1463 1464
f 2766 1464 1473
f 1500 2776 2774
f 2773 2772 2774
f 1482 2770 1473
f 2764 2766 2765
f 1446 2764 2762
f 1418 1419 1410
f 1428 1437 2760
f 1419 2756 1410
f 1428 2758 1419
f 1410 2754 1401
f 1400 1401 1392
f 1410 1401 1409
f 2763 2762 2764
f 1446 1437 1445
f 1437 1446 2762
f 1446 1454 1455
f 1446 1455 2764
f 1427 1428 1419
f 1428 1436 1437
f 2762 2760 1437
f 2764 1455 1464
f 1572 2792 2790
f 2790 2792 2791
f 2792 1581 2794
f 2788 2787 2786
f 2788 2786 1563
f 2789 2788 2790
f 2786 2784 1545
f 1572 2790 2788
f 1581 1572 1580
f 1581 2792 1572
f 1572 1563 1571
f 1589 1590 1581
f 2786 1554 1563
f 1554 2786 1545
f 1554 1562 1563
f 1553 1554 1545
f 2788 1563 1572
f 2786 2785 2784
f 2794 2793 2792
f 2782 2781 2780
f 1536 2784 2782
f 2782 2784 2783
f 2780 1527 2782
f 1527 2778 1518
f 1509 1518 2778
f 1473 1481 1482
f 2772 1482 1491
f 1499 1500 1491
f 1500 2774 1491
f 1482 1490 1491
f 1500 1508 1509
f 1509 2776 1500
f 1536 1527 1535
f 1527 1536 2782
f 1527 1518 1526
f 1544 1545 1536
f 1509 1517 1518
f 1527 2780 2778
f 1536 1545 2784
f 2575 2577 2576
f 2574 2573 2575
f 2571 2573 2572
f 2577 2575 2497
f 2499 2575 2573
f 2495 2579 2577
f 2585 2584 2583
f 2493 2583 2581
f 2579 2581 2580
f 2583 2491 2489
f 2493 2491 2583
f 2489 2491 2490
f 2583 2489 2585
f 2493 2581 2579
f 2581 2583 2582
f 2578 2577 2579
f 2585 2489 2587
f 2569 2568 2567
f 2566 2565 2567
f 2501 2571 2503
f 2571 2570 2569
f 2569 2567 2507
f 2563 2565 2564
f 2561 2563 2562
f 2505 2571 2569
f 2567 2565 2507
f 2495 2493 2579
f 2495 2497 2496
f 2492 2491 2493
f 2493 2495 2494
f 2577 2497 2495
f 2499 2573 2501
f 2499 2501 2500
f 2497 2499 2498
f 2575 2499 2497
f 2565 2563 2509
f 2571 2501 2573
f 2595 2594 2593
f 2597 2596 2595
f 2599 2597 2477
f 2589 2588 2587
f 2593 2592 2591
f 2595 2593 2479
f 2477 2597 2595
f 2601 2600 2599
f 2603 2602 2601
f 2605 2604 2603
f 2601 2471 2603
f 2475 2601 2599
f 2598 2597 2599
f 2473 2471 2601
f 2601 2475 2473
f 2603 2471 2469
f 2599 2477 2475
f 2470 2469 2471
f 2589 2591 2590
f 2485 2589 2587
f 2586 2585 2587
f 2483 2481 2593
f 2483 2591 2589
f 2485 2483 2589
f 2487 2587 2489
f 2486 2485 2487
f 2485 2484 2483
f 2487 2485 2587
f 2488 2487 2489
f 2473 2475 2474
f 2473 2472 2471
f 2477 2476 2475
f 2482 2481 2483
f 2480 2479 2481
f 2479 2478 2477
f 2477 2595 2479
f 2481 2479 2593
f 2483 2593 2591
f 2334 2316 2317
f 2361 2362 2380
f 2352 2334 2335
f 2353 2361 2352
f 2533 2298 2316
f 2316 2334 2535
f 2352 2361 2539
f 2334 2352 2537
f 2262 2263 2280
f 2546 2262 2547
f 2529 2547 2262
f 2298 2280 2281
f 2298 2299 2316
f 2280 2531 2529
f 2531 2280 2298
f 2529 2531 2530
f 2280 2529 2262
f 2531 2298 2533
f 2527 2547 2529
f 2380 8 2543
f 8 2380 7
f 2545 2544 8
f 2541 2361 2380
f 2544 2543 8
f 2542 2541 2543
f 2541 2540 2539
f 2543 2541 2380
f 2541 2539 2361
f 2533 2535 2534
f 2334 2537 2535
f 2533 2532 2531
f 2536 2535 2537
f 2316 2535 2533
f 2537 2539 2538
f 2539 2537 2352
f 2380 2381 7
f 2527 2529 2528
f 2557 2559 2558
f 2555 2557 2556
f 2551 2550 2549
f 2555 2553 2521
f 2553 2552 2551
f 2517 2557 2555
f 2553 2555 2554
f 2557 2515 2559
f 2569 2507 2505
f 2561 2560 2559
f 2503 2571 2505
f 2504 2503 2505
f 2501 2503 2502
f 2559 2513 2561
f 2561 2513 2563
f 2507 2565 2509
f 2508 2507 2509
f 2506 2505 2507
f 2511 2509 2563
f 2551 2521 2553
f 2523 2521 2551
f 2523 2549 2525
f 2519 2521 2520
f 2519 2555 2521
f 2521 2523 2522
f 2517 2555 2519
f 2527 2526 2525
f 2524 2523 2525
f 2525 2549 2547
f 2548 2547 2549
f 2512 2511 2513
f 2513 2559 2515
f 2510 2509 2511
f 2513 2515 2514
f 2511 2563 2513
f 2518 2517 2519
f 2515 2517 2516
f 2557 2517 2515
f 2523 2551 2549
f 2527 2525 2547
f 2651 2653 2652
f 2647 2646 2645
f 2423 2651 2649
f 2651 2650 2649
f 2649 2648 2647
f 2423 2653 2651
f 2419 2655 2653
f 2661 2660 2659
f 2417 2659 2657
f 2655 2657 2656
f 2659 2415 2413
f 2417 2415 2659
f 2414 2413 2415
f 2659 2413 2661
f 2417 2657 2655
f 2657 2659 2658
f 2654 2653 2655
f 2411 2661 2413
f 2647 2425 2649
f 2641 2640 2639
f 2647 2427 2425
f 2645 2644 2643
f 2642 2641 2643
f 2643 2641 2431
f 2637 2639 2638
f 2431 2645 2643
f 2427 2647 2645
f 2655 2419 2417
f 2417 2419 2418
f 2416 2415 2417
f 2423 2649 2425
f 2420 2419 2421
f 2422 2421 2423
f 2423 2425 2424
f 2421 2419 2653
f 2421 2653 2423
f 2433 2641 2639
f 2411 2413 2412
f 2671 2670 2669
f 2672 2671 2673
f 2673 2671 2403
f 2669 2668 2667
f 2399 2675 2673
f 2403 2671 2669
f 2675 2677 2676
f 2675 2674 2673
f 1076 1077 1068
f 2680 2679 2393
f 2679 2678 2677
f 2677 2395 2679
f 2395 2677 2397
f 1068 2680 2393
f 1068 2392 1067
f 2392 1068 2393
f 2394 2393 2395
f 2393 2679 2395
f 2397 2677 2675
f 2409 2667 2665
f 2663 2665 2664
f 2407 2405 2669
f 2409 2407 2667
f 2405 2407 2406
f 2405 2403 2669
f 2665 2663 2409
f 2665 2667 2666
f 2411 2410 2409
f 2408 2407 2409
f 2411 2409 2663
f 2662 2661 2663
f 2399 2397 2675
f 2399 2401 2400
f 2396 2395 2397
f 2397 2399 2398
f 2673 2401 2399
f 2404 2403 2405
f 2401 2403 2402
f 2673 2403 2401
f 2407 2669 2667
f 2661 2411 2663
f 2615 2614 2613
f 2616 2615 2617
f 2609 2608 2607
f 2611 2613 2612
f 2611 2610 2609
f 2463 2613 2611
f 2615 2613 2459
f 2615 2457 2617
f 2619 2618 2617
f 2623 2622 2621
f 2620 2619 2621
f 2621 2455 2453
f 2619 2455 2621
f 2453 2452 2451
f 2617 2455 2619
f 2451 2623 2453
f 2453 2623 2621
f 2623 2451 2449
f 2463 2611 2609
f 2606 2605 2607
f 2607 2467 2465
f 2469 2467 2607
f 2607 2605 2469
f 2609 2607 2465
f 2465 2467 2466
f 2465 2463 2609
f 2467 2469 2468
f 2605 2603 2469
f 2463 2465 2464
f 2459 2458 2457
f 2455 2617 2457
f 2457 2456 2455
f 2455 2454 2453
f 2615 2459 2457
f 2463 2462 2461
f 2460 2459 2461
f 2459 2613 2461
f 2463 2461 2613
f 2634 2633 2635
f 2435 2639 2637
f 2637 2437 2435
f 2637 2636 2635
f 2632 2631 2633
f 2631 2630 2629
f 2635 2437 2637
f 2633 2631 2441
f 2633 2439 2635
f 2429 2427 2645
f 2429 2431 2430
f 2427 2426 2425
f 2427 2429 2428
f 2645 2431 2429
f 2432 2431 2433
f 2431 2641 2433
f 2434 2433 2435
f 2435 2433 2639
f 2627 2625 2447
f 2625 2627 2626
f 2629 2447 2445
f 2447 2629 2627
f 2445 2447 2446
f 2443 2629 2445
f 2625 2449 2447
f 2627 2629 2628
f 2625 2624 2623
f 2447 2449 2448
f 2449 2625 2623
f 2443 2445 2444
f 2635 2439 2437
f 2438 2437 2439
f 2435 2437 2436
f 2443 2442 2441
f 2440 2439 2441
f 2633 2441 2439
f 2443 2441 2631
f 2629 2443 2631
f 2451 2450 2449
f 1733 2839 2829
f 2829 2839 2831
f 1733 2829 1732
f 2833 2832 2831
f 2829 2831 2830
f 2831 2839 2833
f 2835 2833 2839
f 2835 1701 2837
f 2837 1702 2838
f 1702 2837 1701
f 2835 2837 2836
f 2833 2835 2834
f 2835 2839 1701
f 2840 2843 2841
f 2841 2843 2842
f 2829 2830 2842
f 2829 2842 2843
f 2844 2847 2845
f 2845 2847 2846
f 2832 2846 2847
f 2832 2847 2831
f 2849 2848 2850
f 2850 2848 2851
f 2834 2850 2851
f 2834 2851 2833
f 2853 2852 2854
f 2854 2852 2855
f 2836 2854 2855
f 2836 2855 2835
f 2856 2859 2857
f 2857 2859 2858
f 2837 2838 2858
f 2837 2858 2859
f 2177 2178 2860
f 2860 2546 2547
f 2860 2547 2177
f 2174 2175 2861
f 2861 2548 2549
f 2861 2549 2174
f 2171 2172 2862
f 2862 2550 2551
f 2862 2551 2171
f 2168 2169 2863
f 2863 2169 2864
f 2552 2553 2863
f 2552 2863 2864
f 2166 2167 2865
f 2865 2554 2555
f 2865 2555 2166
f 2163 2164 2866
f 2866 2556 2557
f 2866 2557 2163
f 2161 2868 2160
f 2160 2868 2867
f 2558 2559 2867
f 2558 2867 2868
f 2158 2159 2869
f 2869 2560 2561
f 2869 2561 2158
f 2155 2156 2870
f 2870 2562 2563
f 2870 2563 2155
f 2152 2153 2871
f 2871 2564 2565
f 2871 2565 2152
f 2150 2873 2149
f 2149 2873 2872
f 2566 2567 2872
f 2566 2872 2873
f 2147 2148 2874
f 2874 2568 2569
f 2874 2569 2147
f 2144 2145 2875
f 2875 2570 2571
f 2875 2571 2144
f 2141 2142 2876
f 2876 2572 2573
f 2876 2573 2141
f 2138 2139 2877
f 2877 2139 2878
f 2575 2877 2878
f 2575 2878 2574
f 2136 2137 2879
f 2879 2576 2577
f 2879 2577 2136
f 2133 2134 2880
f 2880 2578 2579
f 2880 2579 2133
f 2130 2131 2881
f 2881 2131 2882
f 2581 2881 2882
f 2581 2882 2580
f 2128 2129 2883
f 2883 2582 2583
f 2883 2583 2128
f 2125 2126 2884
f 2884 2584 2585
f 2884 2585 2125
f 2122 2123 2885
f 2885 2586 2587
f 2885 2587 2122
f 2120 2887 2119
f 2119 2887 2886
f 2589 2886 2887
f 2589 2887 2588
f 2117 2118 2888
f 2888 2590 2591
f 2888 2591 2117
f 2114 2115 2889
f 2889 2592 2593
f 2889 2593 2114
f 2111 2112 2890
f 2890 2594 2595
f 2890 2595 2111
f 2108 2109 2891
f 2891 2109 2892
f 2597 2891 2892
f 2597 2892 2596
f 2106 2107 2893
f 2893 2598 2599
f 2893 2599 2106
f 2103 2104 2894
f 2894 2600 2601
f 2894 2601 2103
f 2100 2101 2895
f 2895 2602 2603
f 2895 2603 2100
f 2098 2897 2097
f 2097 2897 2896
f 2604 2605 2896
f 2604 2896 2897
f 2095 2096 2898
f 2898 2606 2607
f 2898 2607 2095
f 2092 2093 2899
f 2899 2608 2609
f 2899 2609 2092
f 2090 2901 2089
f 2089 2901 2900
f 2610 2611 2900
f 2610 2900 2901
f 2087 2088 2902
f 2902 2612 2613
f 2902 2613 2087
f 2084 2085 2903
f 2903 2614 2615
f 2903 2615 2084
f 2081 2082 2904
f 2904 2616 2617
f 2904 2617 2081
f 2079 2906 2078
f 2078 2906 2905
f 2618 2619 2905
f 2618 2905 2906
f 2076 2077 2907
f 2907 2620 2621
f 2907 2621 2076
f 2073 2074 2908
f 2908 2622 2623
f 2908 2623 2073
f 2070 2071 2909
f 2909 2624 2625
f 2909 2625 2070
f 2067 2068 2910
f 2910 2068 2911
f 2626 2627 2910
f 2626 2910 2911
f 2065 2066 2912
f 2912 2628 2629
f 2912 2629 2065
f 2062 2063 2913
f 2913 2630 2631
f 2913 2631 2062
f 2059 2060 2914
f 2914 2632 2633
f 2914 2633 2059
f 2056 2057 2915
f 2915 2057 2916
f 2634 2635 2915
f 2634 2915 2916
f 2054 2055 2917
f 2917 2636 2637
f 2917 2637 2054
f 2051 2052 2918
f 2918 2638 2639
f 2918 2639 2051
f 2049 2920 2048
f 2048 2920 2919
f 2640 2641 2919
f 2640 2919 2920
f 2046 2047 2921
f 2921 2642 2643
f 2921 2643 2046
f 2043 2044 2922
f 2922 2644 2645
f 2922 2645 2043
f 2040 2041 2923
f 2923 2646 2647
f 2923 2647 2040
f 2038 2925 2037
f 2037 2925 2924
f 2649 2924 2925
f 2649 2925 2648
f 2035 2036 2926
f 2926 2650 2651
f 2926 2651 2035
f 2032 2033 2927
f 2927 2652 2653
f 2927 2653 2032
f 2029 2030 2928
f 2928 2654 2655
f 2928 2655 2029
f 2027 2930 2026
f 2026 2930 2929
f 2657 2929 2930
f 2657 2930 2656
f 2024 2025 2931
f 2931 2658 2659
f 2931 2659 2024
f 2021 2022 2932
f 2932 2660 2661
f 2932 2661 2021
f 2018 2019 2933
f 2933 2662 2663
f 2933 2663 2018
f 2016 2935 2015
f 2015 2935 2934
f 2664 2665 2934
f 2664 2934 2935
f 2013 2014 2936
f 2936 2666 2667
f 2936 2667 2013
f 2010 2011 2937
f 2937 2668 2669
f 2937 2669 2010
f 2007 2008 2938
f 2938 2008 2939
f 2670 2671 2938
f 2670 2938 2939
f 2005 2006 2940
f 2940 2672 2673
f 2940 2673 2005
f 2002 2003 2941
f 2941 2674 2675
f 2941 2675 2002
f 1999 2000 2942
f 2942 2676 2677
f 2942 2677 1999
f 1996 1997 2943
f 2943 1997 2944
f 2678 2679 2943
f 2678 2943 2944
f 1731 1719 1720
f 1720 1721 1730
f 1720 1730 1731
f 2945 2949 2946
f 2949 421 2946
f 420 2948 2946
f 2947 2946 2948
f 420 2946 421
f 423 2950 2952
f 2952 2951 422
f 2952 422 423
f 2953 2957 2954
f 2957 426 2954
f 425 2956 2954
f 2955 2954 2956
f 425 2954 426
f 428 2958 2960
f 2960 2959 427
f 2960 427 428
f 2961 2183 2181
f 1709 2961 1708
f 1709 1710 2182
f 2182 2183 1709
f 1709 2183 2961
f 2962 1736 1737
f 2241 2962 2243
f 1737 1738 2242
f 2242 2243 1737
f 1737 2243 2962
f 1747 1748 2963
f 2247 2963 1748
f 1748 2249 2247
f 1749 1743 2248
f 2248 2249 1749
f 1749 2249 1748
f 1754 1755 2964
f 2253 2964 1755
f 1755 2255 2253
f 1756 1750 2255
f 2254 2255 1750
f 1756 2255 1755
f 2945 2946 2965
f 2965 2946 2952
f 2951 2952 2946
f 2950 2965 2952
f 2946 2947 2951
f 2953 2954 2966
f 2966 2954 2960
f 2959 2960 2954
f 2958 2966 2960
f 2954 2955 2959
f 94 93 2967
f 95 94 99
f 2967 98 100
f 99 94 100
f 100 94 2967
f 2367 2387 2366
f 2387 2367 2339
f 13 2387 2339
f 2340 2321 2339
f 2971 2321 2303
f 2303 2321 2322
f 2285 2303 2304
f 2969 2339 2321
f 2286 2267 2285
f 2285 2971 2303
f 13 14 2387
f 2339 2969 13
f 14 2386 2387
f 2968 13 2969
f 2285 2973 2971
f 2971 2969 2321
f 2974 2973 2975
f 2971 2973 2972
f 2973 2267 2975
f 2971 2970 2969
f 2973 2285 2267
f 1694 1684 1693
f 1684 1685 1675
f 2979 1693 1684
f 1693 2975 2267
f 1666 1675 1676
f 1667 1657 1666
f 2979 1684 1675
f 2981 2979 1675
f 1693 2979 2977
f 2977 2975 1693
f 2977 2976 2975
f 2979 2978 2977
f 1058 1666 1657
f 1675 1666 2981
f 1648 1649 1639
f 1640 1630 1639
f 1639 1050 1648
f 1657 1648 1050
f 1658 1648 1657
f 1693 2267 2268
f 2979 2981 2980
f 1058 1059 2981
f 1055 1058 1054
f 1666 1058 2981
f 1042 1630 1621
f 1621 1630 1631
f 1621 1622 1612
f 1639 1046 1050
f 1050 1054 1657
f 1621 1612 1038
f 1034 1612 1603
f 1613 1603 1612
f 1058 1657 1054
f 1630 1042 1639
f 1051 1054 1050
f 1046 1047 1050
f 1046 1042 1043
f 1621 1038 1042
f 1038 1612 1034
f 1038 1034 1035
f 1042 1038 1039
f 1031 1034 1030
f 1042 1046 1639
f 1034 1603 1030
f 1594 1595 1585
f 1026 1594 1585
f 1586 1576 1585
f 1026 1603 1594
f 1567 1576 1577
f 1568 1558 1567
f 1010 1558 1549
f 1576 1567 1018
f 1585 1576 1022
f 1010 1567 1558
f 1030 1026 1027
f 1030 1603 1026
f 1023 1026 1022
f 1585 1022 1026
f 1567 1014 1018
f 1018 1022 1576
f 1014 1010 1011
f 1018 1014 1015
f 1018 1019 1022
f 1014 1567 1010
f 1558 1559 1549
f 1594 1603 1604
f 1550 1540 1549
f 1540 1541 1531
f 1540 1531 1002
f 1549 1540 1006
f 994 1522 1513
f 1513 1522 1523
f 1504 1513 1514
f 990 1513 1504
f 1532 1522 1531
f 1531 1522 998
f 1006 1002 1003
f 1006 1540 1002
f 1002 998 999
f 1007 1010 1006
f 995 998 994
f 994 998 1522
f 990 994 1513
f 991 994 990
f 987 990 986
f 1531 998 1002
f 990 1504 986
f 1006 1010 1549
f 1495 1496 1486
f 982 1495 1486
f 1487 1477 1486
f 1495 986 1504
f 1468 1477 1478
f 1469 1459 1468
f 978 1486 1477
f 974 978 1477
f 1495 982 986
f 1477 1468 974
f 982 983 986
f 982 1486 978
f 978 979 982
f 966 1468 1459
f 1450 1451 1441
f 1450 1459 1460
f 1432 1441 1442
f 1441 962 1450
f 1459 1450 966
f 1495 1504 1505
f 978 974 975
f 971 974 970
f 1468 970 974
f 1433 1423 1432
f 1424 1414 1423
f 946 1423 1414
f 1441 958 962
f 962 966 1450
f 1423 954 1432
f 963 966 962
f 967 970 966
f 1415 1405 1414
f 970 1468 966
f 1441 1432 958
f 1414 1405 946
f 962 958 959
f 958 954 955
f 951 954 950
f 954 958 1432
f 946 950 1423
f 947 950 946
f 943 946 942
f 1423 950 954
f 946 1405 942
f 1397 1387 1396
f 1387 1388 1378
f 1396 1387 938
f 1396 942 1405
f 1369 1378 1379
f 1369 1370 1360
f 934 1387 930
f 1378 930 1387
f 942 1396 938
f 1378 1369 930
f 1360 1361 1351
f 1369 1360 926
f 938 939 942
f 938 1387 934
f 934 935 938
f 922 1360 1351
f 1333 1342 1343
f 1342 1351 1352
f 1334 1324 1333
f 1342 918 1351
f 1396 1405 1406
f 1342 1333 914
f 931 934 930
f 927 930 926
f 1369 926 930
f 922 1351 918
f 926 1360 922
f 1333 1324 906
f 1315 906 1324
f 918 1342 914
f 918 919 922
f 1316 1306 1315
f 922 923 926
f 1315 1324 1325
f 1315 1306 902
f 915 918 914
f 911 914 910
f 910 914 1333
f 906 907 910
f 906 1315 902
f 903 906 902
f 899 902 898
f 1306 898 902
f 906 910 1333
f 1306 1297 898
f 1298 1288 1297
f 1288 1289 1279
f 1297 1288 890
f 1297 894 898
f 1270 1279 1280
f 1271 1261 1270
f 1288 1279 886
f 886 1279 1270
f 1261 882 1270
f 1252 1261 1262
f 891 894 890
f 894 1297 890
f 890 1288 886
f 895 898 894
f 874 1261 1252
f 886 1270 882
f 1234 1243 1244
f 1243 1252 1253
f 1235 1225 1234
f 1243 874 1252
f 870 1243 1234
f 1297 1306 1307
f 886 887 890
f 883 886 882
f 878 1261 874
f 882 1261 878
f 866 1234 1225
f 1216 862 1225
f 874 875 878
f 870 874 1243
f 1217 1207 1216
f 878 879 882
f 1216 1225 1226
f 1216 1207 858
f 871 874 870
f 867 870 866
f 866 870 1234
f 862 863 866
f 858 862 1216
f 859 862 858
f 855 858 854
f 858 1207 854
f 1225 862 866
f 1207 1198 854
f 1199 1189 1198
f 1189 1190 1180
f 1198 1189 850
f 850 854 1198
f 1171 1180 1181
f 1172 1162 1171
f 1153 834 1162
f 842 1180 1171
f 1189 1180 846
f 838 1171 1162
f 850 846 847
f 846 850 1189
f 846 842 843
f 851 854 850
f 1180 842 846
f 1171 838 842
f 838 834 835
f 842 838 839
f 831 834 830
f 1162 834 838
f 1162 1163 1153
f 1198 1207 1208
f 830 1153 1144
f 1144 1153 1154
f 1135 1144 1145
f 1135 826 1144
f 814 1126 1117
f 1117 1126 1127
f 1108 1117 1118
f 814 1117 1108
f 1136 1126 1135
f 818 1135 1126
f 830 826 827
f 830 1144 826
f 823 826 822
f 1135 822 826
f 818 819 822
f 814 818 1126
f 815 818 814
f 811 814 810
f 814 1108 810
f 818 822 1135
f 1108 1099 810
f 1153 830 834
f 1100 1090 1099
f 1090 1091 1081
f 1099 1090 802
f 1099 806 810
f 1072 1081 1082
f 1073 1063 1072
f 1090 1081 798
f 798 1081 1072
f 1099 802 806
f 798 1072 794
f 802 803 806
f 802 1090 798
f 798 799 802
f 794 1072 1063
f 807 810 806
f 3179 3181 3180
f 3181 3183 3182
f 3183 3181 782
f 3177 3179 3178
f 3179 782 3181
f 786 1063 3183
f 3183 1063 1064
f 1099 1108 1109
f 794 795 798
f 790 791 794
f 1063 790 794
f 3177 3176 3175
f 3179 3177 774
f 3175 3174 3173
f 782 786 3183
f 782 3179 778
f 3175 774 3177
f 790 786 787
f 3175 3173 766
f 790 1063 786
f 782 783 786
f 779 782 778
f 774 775 778
f 774 3175 770
f 771 774 770
f 767 770 766
f 3175 766 770
f 774 778 3179
f 3173 3171 766
f 3170 3169 3171
f 3169 3168 3167
f 3171 3169 758
f 762 766 3171
f 3165 3167 3166
f 3164 3163 3165
f 746 3163 3161
f 754 3167 3165
f 3169 3167 754
f 750 3165 3163
f 759 762 758
f 758 762 3171
f 754 758 3169
f 755 758 754
f 763 766 762
f 750 751 754
f 750 754 3165
f 747 750 746
f 742 743 739
f 743 746 3158
f 3163 746 750
f 3161 3163 3162
f 3171 3173 3172
f 3158 3156 743
f 738 739 735
f 3152 735 739
f 3158 3161 3160
f 746 3161 3158
f 3159 3158 3160
f 3158 3157 3156
f 3154 3152 739
f 3155 3154 3156
f 3152 3150 735
f 739 3156 3154
f 3152 3154 3153
f 739 743 3156
f 731 735 3150
f 731 734 735
f 727 730 731
f 726 727 723
f 731 3150 727
f 722 723 719
f 3146 719 723
f 715 718 719
f 714 715 711
f 715 719 3144
f 727 3148 723
f 3148 3150 3149
f 3150 3152 3151
f 3146 723 3148
f 3148 727 3150
f 3147 3146 3148
f 3145 3144 3146
f 3144 3143 3142
f 3144 719 3146
f 3142 715 3144
f 707 711 3140
f 711 715 3142
f 707 710 711
f 703 706 707
f 711 3142 3140
f 3141 3140 3142
f 3140 3139 3138
f 3138 3137 3136
f 3138 3136 707
f 3140 3138 707
f 703 707 3136
f 702 703 699
f 695 698 699
f 703 3134 699
f 699 3134 695
f 703 3136 3134
f 3132 3134 3133
f 695 3134 3132
f 695 3130 691
f 3130 695 3132
f 3128 691 3130
f 687 691 3128
f 695 691 694
f 3136 3135 3134
f 687 690 691
f 683 686 687
f 682 683 679
f 683 687 3128
f 678 679 675
f 3126 679 683
f 671 674 675
f 670 671 667
f 675 3120 671
f 679 3122 675
f 3130 3132 3131
f 3126 3128 3127
f 3128 3130 3129
f 3124 679 3126
f 3126 683 3128
f 3125 3124 3126
f 3120 3122 3121
f 3123 3122 3124
f 3120 667 671
f 3120 3118 667
f 3122 679 3124
f 3120 675 3122
f 666 667 663
f 659 662 663
f 663 667 3118
f 655 658 659
f 651 655 3112
f 654 655 651
f 647 650 651
f 3112 655 659
f 659 663 3114
f 3119 3118 3120
f 3116 3114 663
f 3117 3116 3118
f 3114 3116 3115
f 3112 659 3114
f 3118 3116 663
f 3113 3112 3114
f 3110 3108 651
f 3111 3110 3112
f 643 3108 3106
f 3110 651 3112
f 647 651 3108
f 647 3108 643
f 639 642 643
f 638 639 635
f 3106 639 643
f 646 647 643
f 634 635 631
f 635 639 3104
f 627 630 631
f 626 627 623
f 631 3098 627
f 635 3102 631
f 3108 3110 3109
f 3104 3106 3105
f 3106 3108 3107
f 3102 635 3104
f 3104 639 3106
f 3103 3102 3104
f 3101 3100 3102
f 3100 3099 3098
f 3100 631 3102
f 3098 631 3100
f 619 623 3096
f 623 627 3098
f 619 622 623
f 615 618 619
f 623 3098 3096
f 3097 3096 3098
f 3096 3095 3094
f 3094 3093 3092
f 3092 619 3094
f 3094 619 3096
f 615 619 3092
f 614 615 611
f 607 610 611
f 615 3090 611
f 3088 3090 3089
f 3090 607 611
f 3090 3088 607
f 603 607 3088
f 602 603 599
f 603 606 607
f 603 3084 599
f 615 3092 3090
f 3092 3091 3090
f 598 599 595
f 595 591 594
f 591 595 3082
f 599 3082 595
f 586 587 583
f 583 579 582
f 3076 583 587
f 590 591 587
f 591 3078 587
f 603 3088 3086
f 3087 3086 3088
f 3084 3086 3085
f 3084 603 3086
f 3083 3082 3084
f 3082 3081 3080
f 3080 3079 3078
f 3078 591 3080
f 591 3082 3080
f 3078 3076 587
f 3074 575 579
f 579 583 3076
f 3077 3076 3078
f 579 3076 3074
f 574 575 571
f 3070 571 575
f 575 578 579
f 3075 3074 3076
f 3074 3073 3072
f 3072 3071 3070
f 3070 575 3072
f 3072 575 3074
f 571 3070 567
f 3082 599 3084
f 570 571 567
f 563 566 567
f 562 563 559
f 567 3068 563
f 3068 567 3070
f 3068 3067 3066
f 559 3066 3064
f 559 563 3066
f 3065 3064 3066
f 555 559 3062
f 3066 563 3068
f 3069 3068 3070
f 555 558 559
f 551 554 555
f 550 551 547
f 555 3060 551
f 546 547 543
f 547 551 3060
f 543 539 542
f 547 3058 543
f 3064 3062 559
f 3063 3062 3064
f 3062 3061 3060
f 3060 3058 547
f 3059 3058 3060
f 3058 3057 3056
f 3056 3055 3054
f 3056 3054 539
f 3056 543 3058
f 539 543 3056
f 531 534 535
f 531 535 3052
f 530 531 527
f 3050 527 531
f 535 539 3054
f 535 538 539
f 535 3054 3052
f 3052 3051 3050
f 3050 3049 3048
f 3048 527 3050
f 3050 531 3052
f 3054 3053 3052
f 527 3048 523
f 3060 555 3062
f 526 527 523
f 519 522 523
f 518 519 515
f 523 3046 519
f 3046 523 3048
f 3046 3045 3044
f 519 3044 515
f 3040 515 3042
f 514 515 511
f 515 3044 3042
f 519 3046 3044
f 3047 3046 3048
f 510 511 507
f 507 503 506
f 3038 507 511
f 499 503 3036
f 507 3038 503
f 495 498 499
f 3038 511 3040
f 499 502 503
f 511 515 3040
f 3043 3042 3044
f 3039 3038 3040
f 3036 503 3038
f 3037 3036 3038
f 3036 3035 3034
f 3034 3033 3032
f 495 3032 3030
f 3032 499 3034
f 3034 499 3036
f 495 499 3032
f 491 494 495
f 491 495 3030
f 483 486 487
f 3030 487 491
f 487 490 491
f 483 487 3026
f 478 479 475
f 479 482 483
f 475 471 474
f 475 479 3024
f 483 3024 479
f 3042 3041 3040
f 3031 3030 3032
f 3026 3028 3027
f 3029 3028 3030
f 3026 487 3028
f 3024 483 3026
f 3025 3024 3026
f 3020 3022 3021
f 3023 3022 3024
f 3022 471 475
f 3022 475 3024
f 3020 471 3022
f 467 471 3020
f 463 466 467
f 462 463 459
f 467 3016 463
f 470 471 467
f 458 459 455
f 459 463 3016
f 455 451 454
f 459 3014 455
f 3018 467 3020
f 487 3030 3028
f 3019 3018 3020
f 3018 3017 3016
f 3016 3014 459
f 3015 3014 3016
f 3014 3013 3012
f 3012 3011 3010
f 3012 451 455
f 3012 455 3014
f 3012 3010 451
f 447 450 451
f 443 447 3008
f 442 443 439
f 3006 439 443
f 3008 447 451
f 446 447 443
f 3008 451 3010
f 3008 3007 3006
f 3006 3005 3004
f 3004 439 3006
f 3006 443 3008
f 3010 3009 3008
f 439 3004 435
f 3018 3016 467
f 438 439 435
f 431 434 435
f 430 431 56
f 435 3000 431
f 435 3004 3002
f 3002 3001 3000
f 56 3000 2998
f 56 431 3000
f 2999 2998 3000
f 56 2998 2278
f 3000 435 3002
f 3004 3003 3002
f 2278 55 56
f 2296 2277 2278
f 2295 2296 2314
f 2278 2994 2296
f 2313 2314 2332
f 2314 2296 2994
f 2350 2331 2332
f 2314 2992 2332
f 2996 2278 2998
f 2997 2996 2998
f 2996 2995 2994
f 2994 2992 2314
f 2993 2992 2994
f 2992 2991 2990
f 2990 2989 2988
f 2990 2350 2332
f 2990 2332 2992
f 2990 2988 2350
f 2378 2984 4
f 2359 2986 2378
f 2359 2349 2350
f 2377 4 5
f 4 2377 2378
f 2359 2350 2986
f 2358 2359 2378
f 2986 2350 2988
f 2986 2985 2984
f 2982 2984 2983
f 2982 4 2984
f 2984 2378 2986
f 2988 2987 2986
f 2996 2994 2278
f 3185 3184 3186
f 3186 3184 3187
f 2969 3186 3187
f 2969 3187 2968
f 3188 3191 3189
f 3189 3191 3190
f 2970 2971 3190
f 2970 3190 3191
f 3192 3195 3193
f 3193 3195 3194
f 2973 3194 3195
f 2973 3195 2972
f 3197 3196 3198
f 3198 3196 3199
f 2975 3198 3199
f 2975 3199 2974
f 3201 3200 3202
f 3202 3200 3203
f 2977 3202 3203
f 2977 3203 2976
f 3204 3207 3205
f 3205 3207 3206
f 2979 3206 3207
f 2979 3207 2978
f 3208 3211 3209
f 3209 3211 3210
f 2981 3210 3211
f 2981 3211 2980
f 3213 3212 3215
f 3214 3213 3215
f 3215 2982 2983
f 3215 2983 3214
f 3217 3216 3218
f 3218 2984 2985
f 3218 2985 3217
f 3220 3219 3221
f 3221 2986 2987
f 3221 2987 3220
f 3223 3222 3224
f 3224 2988 2989
f 3224 2989 3223
f 3226 3225 3227
f 3227 2990 2991
f 3227 2991 3226
f 3229 3228 3230
f 3230 2992 2993
f 3230 2993 3229
f 3232 3231 3233
f 3233 2994 2995
f 3233 2995 3232
f 3235 3234 3236
f 3236 2996 2997
f 3236 2997 3235
f 3238 3237 3239
f 3239 2998 2999
f 3239 2999 3238
f 3241 3240 3242
f 3242 3000 3001
f 3242 3001 3241
f 3244 3243 3245
f 3245 3002 3003
f 3245 3003 3244
f 3247 3246 3248
f 3248 3004 3005
f 3248 3005 3247
f 3250 3249 3251
f 3251 3006 3007
f 3251 3007 3250
f 3253 3252 3254
f 3254 3008 3009
f 3254 3009 3253
f 3256 3255 3257
f 3257 3010 3011
f 3257 3011 3256
f 3259 3258 3260
f 3260 3012 3013
f 3260 3013 3259
f 3262 3261 3263
f 3263 3014 3015
f 3263 3015 3262
f 3265 3264 3266
f 3266 3016 3017
f 3266 3017 3265
f 3268 3267 3269
f 3269 3018 3019
f 3269 3019 3268
f 3271 3270 3272
f 3272 3020 3021
f 3272 3021 3271
f 3274 3273 3275
f 3275 3022 3023
f 3275 3023 3274
f 3277 3276 3278
f 3278 3024 3025
f 3278 3025 3277
f 3280 3279 3281
f 3281 3026 3027
f 3281 3027 3280
f 3283 3282 3284
f 3284 3028 3029
f 3284 3029 3283
f 3286 3285 3287
f 3287 3030 3031
f 3287 3031 3286
f 3289 3288 3290
f 3290 3032 3033
f 3290 3033 3289
f 3292 3291 3293
f 3293 3034 3035
f 3293 3035 3292
f 3295 3294 3296
f 3296 3036 3037
f 3296 3037 3295
f 3298 3297 3299
f 3299 3038 3039
f 3299 3039 3298
f 3301 3300 3302
f 3302 3040 3041
f 3302 3041 3301
f 3304 3303 3305
f 3305 3042 3043
f 3305 3043 3304
f 3307 3306 3308
f 3308 3044 3045
f 3308 3045 3307
f 3310 3309 3311
f 3311 3046 3047
f 3311 3047 3310
f 3313 3312 3314
f 3314 3048 3049
f 3314 3049 3313
f 3316 3315 3317
f 3317 3050 3051
f 3317 3051 3316
f 3319 3318 3320
f 3320 3052 3053
f 3320 3053 3319
f 3322 3321 3323
f 3323 3054 3055
f 3323 3055 3322
f 3325 3324 3326
f 3326 3056 3057
f 3326 3057 3325
f 3328 3327 3329
f 3329 3058 3059
f 3329 3059 3328
f 3331 3330 3332
f 3332 3060 3061
f 3332 3061 3331
f 3334 3333 3335
f 3335 3062 3063
f 3335 3063 3334
f 3337 3336 3338
f 3338 3064 3065
f 3338 3065 3337
f 3340 3339 3341
f 3341 3066 3067
f 3341 3067 3340
f 3343 3342 3344
f 3344 3068 3069
f 3344 3069 3343
f 3346 3345 3347
f 3347 3070 3071
f 3347 3071 3346
f 3349 3348 3350
f 3350 3072 3073
f 3350 3073 3349
f 3352 3351 3353
f 3353 3074 3075
f 3353 3075 3352
f 3355 3354 3356
f 3356 3076 3077
f 3356 3077 3355
f 3358 3357 3359
f 3359 3078 3079
f 3359 3079 3358
f 3361 3360 3362
f 3362 3080 3081
f 3362 3081 3361
f 3364 3363 3365
f 3365 3082 3083
f 3365 3083 3364
f 3367 3366 3368
f 3368 3084 3085
f 3368 3085 3367
f 3370 3369 3371
f 3371 3086 3087
f 3371 3087 3370
f 3373 3372 3374
f 3374 3088 3089
f 3374 3089 3373
f 3376 3375 3377
f 3377 3090 3091
f 3377 3091 3376
f 3379 3378 3380
f 3380 3092 3093
f 3380 3093 3379
f 3382 3381 3383
f 3383 3094 3095
f 3383 3095 3382
f 3385 3384 3386
f 3386 3096 3097
f 3386 3097 3385
f 3388 3387 3389
f 3389 3098 3099
f 3389 3099 3388
f 3391 3390 3392
f 3392 3100 3101
f 3392 3101 3391
f 3394 3393 3395
f 3395 3102 3103
f 3395 3103 3394
f 3397 3396 3398
f 3398 3104 3105
f 3398 3105 3397
f 3400 3399 3401
f 3401 3106 3107
f 3401 3107 3400
f 3403 3402 3404
f 3404 3108 3109
f 3404 3109 3403
f 3406 3405 3407
f 3407 3110 3111
f 3407 3111 3406
f 3409 3408 3410
f 3410 3112 3113
f 3410 3113 3409
f 3412 3411 3413
f 3413 3114 3115
f 3413 3115 3412
f 3415 3414 3416
f 3416 3116 3117
f 3416 3117 3415
f 3418 3417 3419
f 3419 3118 3119
f 3419 3119 3418
f 3421 3420 3422
f 3422 3120 3121
f 3422 3121 3421
f 3424 3423 3425
f 3425 3122 3123
f 3425 3123 3424
f 3427 3426 3428
f 3428 3124 3125
f 3428 3125 3427
f 3430 3429 3431
f 3431 3126 3127
f 3431 3127 3430
f 3433 3432 3434
f 3434 3128 3129
f 3434 3129 3433
f 3436 3435 3437
f 3437 3130 3131
f 3437 3131 3436
f 3439 3438 3440
f 3440 3132 3133
f 3440 3133 3439
f 3442 3441 3443
f 3443 3134 3135
f 3443 3135 3442
f 3445 3444 3446
f 3446 3182 3183
f 3446 3183 3445
f 3445 3450 3444
f 3444 3450 3447
f 3448 3447 3450
f 3448 3450 3449
f 3448 3449 3451
f 3451 3136 3137
f 3451 3137 3448
f 3453 3452 3454
f 3454 3180 3181
f 3454 3181 3453
f 3453 3458 3452
f 3452 3458 3455
f 3457 3456 3455
f 3457 3455 3458
f 3456 3457 3459
f 3459 3138 3139
f 3459 3139 3456
f 3461 3460 3462
f 3462 3178 3179
f 3462 3179 3461
f 3460 3461 3463
f 3463 3461 3466
f 3465 3464 3463
f 3465 3463 3466
f 3464 3465 3467
f 3467 3140 3141
f 3467 3141 3464
f 3469 3468 3470
f 3470 3176 3177
f 3470 3177 3469
f 3469 3474 3468
f 3468 3474 3471
f 3473 3472 3471
f 3473 3471 3474
f 3472 3473 3475
f 3475 3142 3143
f 3475 3143 3472
f 3477 3476 3478
f 3478 3174 3175
f 3478 3175 3477
f 3476 3477 3479
f 3479 3477 3482
f 3480 3479 3482
f 3480 3482 3481
f 3480 3481 3483
f 3483 3144 3145
f 3483 3145 3480
f 3485 3484 3486
f 3173 3486 3172
f 3486 3173 3485
f 3484 3485 3487
f 3487 3485 3490
f 3489 3488 3487
f 3489 3487 3490
f 3488 3489 3491
f 3491 3146 3147
f 3491 3147 3488
f 3493 3492 3494
f 3494 3170 3171
f 3494 3171 3493
f 3493 3498 3492
f 3492 3498 3495
f 3497 3496 3495
f 3497 3495 3498
f 3496 3497 3499
f 3499 3148 3149
f 3499 3149 3496
f 3501 3500 3502
f 3502 3168 3169
f 3502 3169 3501
f 3501 3506 3500
f 3500 3506 3503
f 3505 3504 3503
f 3505 3503 3506
f 3504 3505 3507
f 3507 3150 3151
f 3507 3151 3504
f 3509 3508 3510
f 3510 3166 3167
f 3510 3167 3509
f 3508 3509 3511
f 3511 3509 3514
f 3511 3513 3512
f 3513 3511 3514
f 3512 3513 3515
f 3515 3152 3153
f 3515 3153 3512
f 3517 3516 3518
f 3165 3518 3164
f 3518 3165 3517
f 3516 3517 3519
f 3519 3517 3522
f 3520 3519 3522
f 3520 3522 3521
f 3520 3521 3523
f 3523 3154 3155
f 3523 3155 3520
f 3525 3524 3526
f 3526 3162 3163
f 3526 3163 3525
f 3525 3530 3524
f 3524 3530 3527
f 3529 3528 3527
f 3529 3527 3530
f 3528 3529 3531
f 3531 3156 3157
f 3531 3157 3528
f 3533 3532 3534
f 3534 3160 3161
f 3534 3161 3533
f 3533 3536 3535
f 3535 3532 3533
f 3535 3536 3537
f 3537 3158 3159
f 3537 3159 3535
f 3184 3185 3538
f 3538 2826 2827
f 3538 2827 3184
f 3212 3213 2545
f 2544 2545 3213
f 2544 3213 3214
f 3188 3189 3539
f 3539 2824 2825
f 3539 2825 3188
f 3192 3193 3540
f 2823 3540 2822
f 3540 2823 3192
f 3216 3217 3541
f 3541 3217 3542
f 3542 2542 2543
f 3542 2543 3541
f 3196 3197 3543
f 2821 3543 2820
f 3543 2821 3196
f 3219 3220 3544
f 3544 3220 3545
f 3544 2540 2541
f 2540 3544 3545
f 3200 3201 3546
f 2819 3546 2818
f 3546 2819 3200
f 3547 3222 3548
f 3548 3222 3223
f 3547 2538 2539
f 2538 3547 3548
f 3204 3205 3549
f 3549 2816 2817
f 3549 2817 3204
f 3550 3225 3551
f 3551 3225 3226
f 2536 2537 3550
f 2536 3550 3551
f 3208 3209 3552
f 2815 3552 2814
f 3552 2815 3208
f 20 19 87
f 21 20 87
f 87 86 21
f 79 87 19
f 3228 3229 3553
f 3553 3229 3554
f 2535 3554 2534
f 3554 2535 3553
f 2840 2841 3555
f 3555 1812 1813
f 3555 1813 2840
f 1814 1815 3556
f 2813 3556 2812
f 3556 2813 1814
f 3231 3232 3557
f 3557 3232 3558
f 3557 2532 2533
f 2532 3557 3558
f 2844 2845 3559
f 3559 1810 1811
f 3559 1811 2844
f 1816 1817 3560
f 3560 1817 3561
f 3560 2810 2811
f 2810 3560 3561
f 3562 3234 3563
f 3563 3234 3235
f 3562 2530 2531
f 2530 3562 3563
f 2848 2849 3564
f 3564 1808 1809
f 3564 1809 2848
f 1819 1820 3565
f 3565 2808 2809
f 3565 2809 1819
f 3566 3237 3567
f 3567 3237 3238
f 3567 2528 2529
f 3567 2529 3566
f 2852 2853 3568
f 3568 1806 1807
f 3568 1807 2852
f 1822 1823 3569
f 2807 3569 2806
f 3569 2807 1822
f 3240 3241 3570
f 3570 3241 3571
f 3571 2526 2527
f 3571 2527 3570
f 2856 2857 3572
f 3572 1804 1805
f 3572 1805 2856
f 1824 1825 3573
f 3573 1825 3574
f 2805 3574 2804
f 3574 2805 3573
f 3243 3244 3575
f 3575 3244 3576
f 2525 3576 2524
f 3576 2525 3575
f 1827 1828 3577
f 3577 2802 2803
f 3577 2803 1827
f 3246 3247 3578
f 3578 3247 3579
f 3579 2522 2523
f 3579 2523 3578
f 1830 1831 3580
f 2801 3580 2800
f 3580 2801 1830
f 3581 3249 3582
f 3582 3249 3250
f 2521 3582 2520
f 3582 2521 3581
f 1833 1834 3583
f 3583 2798 2799
f 3583 2799 1833
f 3252 3253 3584
f 3584 3253 3585
f 3585 2518 2519
f 3585 2519 3584
f 1835 1836 3586
f 3586 1836 3587
f 2797 3587 2796
f 3587 2797 3586
f 3588 3255 3589
f 3589 3255 3256
f 2517 3589 2516
f 3589 2517 3588
f 1838 1839 3590
f 2795 3590 2794
f 3590 2795 1838
f 3258 3259 3591
f 3591 3259 3592
f 3592 2514 2515
f 3592 2515 3591
f 1841 1842 3593
f 2793 3593 2792
f 3593 2793 1841
f 3594 3261 3595
f 3595 3261 3262
f 2513 3595 2512
f 3595 2513 3594
f 1844 1845 3596
f 3596 2790 2791
f 3596 2791 1844
f 3264 3265 3597
f 3597 3265 3598
f 3598 2510 2511
f 3598 2511 3597
f 1846 1847 3599
f 3599 1847 3600
f 2789 3600 2788
f 3600 2789 3599
f 3267 3268 3601
f 3601 3268 3602
f 2509 3602 2508
f 3602 2509 3601
f 1849 1850 3603
f 2787 3603 2786
f 3603 2787 1849
f 3270 3271 3604
f 3604 3271 3605
f 3604 2506 2507
f 2506 3604 3605
f 1852 1853 3606
f 3606 2784 2785
f 3606 2785 1852
f 3607 3273 3608
f 3608 3273 3274
f 3607 2504 2505
f 2504 3607 3608
f 3609 1854 3610
f 3610 1854 1855
f 3610 2782 2783
f 3610 2783 3609
f 3611 3276 3612
f 3612 3276 3277
f 3612 2502 2503
f 3612 2503 3611
f 1857 1858 3613
f 3613 2780 2781
f 3613 2781 1857
f 3279 3280 3614
f 3614 3280 3615
f 3615 2500 2501
f 3615 2501 3614
f 1860 1861 3616
f 2779 3616 2778
f 3616 2779 1860
f 3282 3283 3617
f 3617 3283 3618
f 3618 2498 2499
f 3618 2499 3617
f 1863 1864 3619
f 3619 2776 2777
f 3619 2777 1863
f 3620 3285 3621
f 3621 3285 3286
f 2497 3621 2496
f 3621 2497 3620
f 3622 1865 3623
f 3623 1865 1866
f 3623 2774 2775
f 3623 2775 3622
f 3624 3288 3625
f 3625 3288 3289
f 3625 2494 2495
f 3625 2495 3624
f 1868 1869 3626
f 3626 2772 2773
f 3626 2773 1868
f 3291 3292 3627
f 3627 3292 3628
f 3628 2492 2493
f 3628 2493 3627
f 1871 1872 3629
f 2771 3629 2770
f 3629 2771 1871
f 3294 3295 3630
f 3630 3295 3631
f 3630 2490 2491
f 2490 3630 3631
f 1874 1875 3632
f 2769 3632 2768
f 3632 2769 1874
f 3633 3297 3634
f 3634 3297 3298
f 3633 2488 2489
f 2488 3633 3634
f 3635 1876 3636
f 3636 1876 1877
f 3636 2766 2767
f 3636 2767 3635
f 3637 3300 3638
f 3638 3300 3301
f 3638 2486 2487
f 3638 2487 3637
f 1879 1880 3639
f 2765 3639 2764
f 3639 2765 1879
f 3303 3304 3640
f 3640 3304 3641
f 3641 2484 2485
f 3641 2485 3640
f 1882 1883 3642
f 2763 3642 2762
f 3642 2763 1882
f 3306 3307 3643
f 3643 3307 3644
f 3643 2482 2483
f 2482 3643 3644
f 1885 1886 3645
f 2761 3645 2760
f 3645 2761 1885
f 3646 3309 3647
f 3647 3309 3310
f 3646 2480 2481
f 2480 3646 3647
f 3648 1887 3649
f 3649 1887 1888
f 3649 2758 2759
f 3649 2759 3648
f 3650 3312 3651
f 3651 3312 3313
f 3651 2478 2479
f 3651 2479 3650
f 1890 1891 3652
f 3652 2756 2757
f 3652 2757 1890
f 3315 3316 3653
f 3653 3316 3654
f 3654 2476 2477
f 3654 2477 3653
f 1893 1894 3655
f 2755 3655 2754
f 3655 2755 1893
f 3656 3318 3657
f 3657 3318 3319
f 2475 3657 2474
f 3657 2475 3656
f 1895 1896 3658
f 3658 1896 3659
f 3659 2752 2753
f 3659 2753 3658
f 3321 3322 3660
f 3660 3322 3661
f 3661 2472 2473
f 3661 2473 3660
f 1898 1899 3662
f 2751 3662 2750
f 3662 2751 1898
f 3663 3324 3664
f 3664 3324 3325
f 2471 3664 2470
f 3664 2471 3663
f 1901 1902 3665
f 3665 2748 2749
f 3665 2749 1901
f 3666 3327 3667
f 3667 3327 3328
f 3667 2468 2469
f 3667 2469 3666
f 1904 1905 3668
f 2747 3668 2746
f 3668 2747 1904
f 3330 3331 3669
f 3669 3331 3670
f 2467 3670 2466
f 3670 2467 3669
f 1906 1907 3671
f 3671 1907 3672
f 3672 2744 2745
f 3672 2745 3671
f 3673 3333 3674
f 3674 3333 3334
f 3674 2464 2465
f 3674 2465 3673
f 1909 1910 3675
f 2743 3675 2742
f 3675 2743 1909
f 3676 3336 3677
f 3677 3336 3337
f 2463 3677 2462
f 3677 2463 3676
f 1912 1913 3678
f 2741 3678 2740
f 3678 2741 1912
f 3339 3340 3679
f 3679 3340 3680
f 3680 2460 2461
f 3680 2461 3679
f 1915 1916 3681
f 2739 3681 2738
f 3681 2739 1915
f 3682 3342 3683
f 3683 3342 3343
f 2459 3683 2458
f 3683 2459 3682
f 1917 1918 3684
f 3684 1918 3685
f 3684 2736 2737
f 2736 3684 3685
f 3345 3346 3686
f 3686 3346 3687
f 3686 2456 2457
f 2456 3686 3687
f 1920 1921 3688
f 2735 3688 2734
f 3688 2735 1920
f 3689 3348 3690
f 3690 3348 3349
f 3689 2454 2455
f 2454 3689 3690
f 1923 1924 3691
f 3691 2732 2733
f 3691 2733 1923
f 3692 3351 3693
f 3693 3351 3352
f 3693 2452 2453
f 3693 2453 3692
f 1926 1927 3694
f 3694 2730 2731
f 3694 2731 1926
f 3354 3355 3695
f 3695 3355 3696
f 3696 2450 2451
f 3696 2451 3695
f 1928 1929 3697
f 3697 1929 3698
f 3698 2728 2729
f 3698 2729 3697
f 3357 3358 3699
f 3699 3358 3700
f 3700 2448 2449
f 3700 2449 3699
f 1931 1932 3701
f 2727 3701 2726
f 3701 2727 1931
f 3702 3360 3703
f 3703 3360 3361
f 2447 3703 2446
f 3703 2447 3702
f 1934 1935 3704
f 2725 3704 2724
f 3704 2725 1934
f 3705 3363 3706
f 3706 3363 3364
f 3706 2444 2445
f 3706 2445 3705
f 3707 1936 3708
f 3708 1936 1937
f 3708 2722 2723
f 3708 2723 3707
f 3366 3367 3709
f 3709 3367 3710
f 3710 2442 2443
f 3710 2443 3709
f 1939 1940 3711
f 2721 3711 2720
f 3711 2721 1939
f 3712 3369 3713
f 3713 3369 3370
f 2441 3713 2440
f 3713 2441 3712
f 1942 1943 3714
f 2719 3714 2718
f 3714 2719 1942
f 3372 3373 3715
f 3715 3373 3716
f 3716 2438 2439
f 3716 2439 3715
f 1945 1946 3717
f 3717 2716 2717
f 3717 2717 1945
f 3718 3375 3719
f 3719 3375 3376
f 3719 2436 2437
f 3719 2437 3718
f 3720 1947 3721
f 3721 1947 1948
f 2714 2715 3720
f 2714 3720 3721
f 3722 3378 3723
f 3723 3378 3379
f 3723 2434 2435
f 3723 2435 3722
f 1950 1951 3724
f 2713 3724 2712
f 3724 2713 1950
f 3381 3382 3725
f 3725 3382 3726
f 3725 2432 2433
f 2432 3725 3726
f 1953 1954 3727
f 2711 3727 2710
f 3727 2711 1953
f 3728 3384 3729
f 3729 3384 3385
f 3728 2430 2431
f 2430 3728 3729
f 1956 1957 3730
f 3730 2708 2709
f 3730 2709 1956
f 3731 3387 3732
f 3732 3387 3388
f 3732 2428 2429
f 3732 2429 3731
f 3733 1958 3734
f 3734 1958 1959
f 3734 2706 2707
f 3734 2707 3733
f 3390 3391 3735
f 3735 3391 3736
f 3736 2426 2427
f 3736 2427 3735
f 1961 1962 3737
f 2705 3737 2704
f 3737 2705 1961
f 3393 3394 3738
f 3738 3394 3739
f 3738 2424 2425
f 2424 3738 3739
f 1964 1965 3740
f 2703 3740 2702
f 3740 2703 1964
f 3741 3396 3742
f 3742 3396 3397
f 3741 2422 2423
f 2422 3741 3742
f 1967 1968 3743
f 2701 3743 2700
f 3743 2701 1967
f 3399 3400 3744
f 3744 3400 3745
f 2421 3745 2420
f 3745 2421 3744
f 1969 1970 3746
f 3746 1970 3747
f 3747 2698 2699
f 3747 2699 3746
f 3748 3402 3749
f 3749 3402 3403
f 3749 2418 2419
f 3749 2419 3748
f 1972 1973 3750
f 2697 3750 2696
f 3750 2697 1972
f 3751 3405 3752
f 3752 3405 3406
f 2417 3752 2416
f 3752 2417 3751
f 1975 1976 3753
f 3753 2694 2695
f 3753 2695 1975
f 3408 3409 3754
f 3754 3409 3755
f 3755 2414 2415
f 3755 2415 3754
f 1977 1978 3756
f 3756 1978 3757
f 2693 3757 2692
f 3757 2693 3756
f 3758 3411 3759
f 3759 3411 3412
f 2413 3759 2412
f 3759 2413 3758
f 1980 1981 3760
f 3760 2690 2691
f 3760 2691 1980
f 3761 3414 3762
f 3762 3414 3415
f 3762 2410 2411
f 3762 2411 3761
f 1983 1984 3763
f 3763 2688 2689
f 3763 2689 1983
f 3417 3418 3764
f 3764 3418 3765
f 3765 2408 2409
f 3765 2409 3764
f 1986 1987 3766
f 2687 3766 2686
f 3766 2687 1986
f 3420 3421 3767
f 3767 3421 3768
f 3767 2406 2407
f 2406 3767 3768
f 1988 1989 3769
f 3769 1989 3770
f 3769 2684 2685
f 2684 3769 3770
f 3771 3423 3772
f 3772 3423 3424
f 3771 2404 2405
f 2404 3771 3772
f 1991 1992 3773
f 3773 2682 2683
f 3773 2683 1991
f 3774 3426 3775
f 3775 3426 3427
f 3775 2402 2403
f 3775 2403 3774
f 1994 1995 3776
f 3776 2680 2681
f 3776 2681 1994
f 3777 3429 3778
f 3778 3429 3430
f 3778 2400 2401
f 3778 2401 3777
f 3779 3432 3780
f 3780 3432 3433
f 3780 2398 2399
f 3780 2399 3779
f 3435 3436 3781
f 3781 3436 3782
f 2397 3782 2396
f 3782 2397 3781
f 3783 3438 3784
f 3784 3438 3439
f 3784 2394 2395
f 3784 2395 3783
f 3785 3441 3786
f 3786 3441 3442
f 2393 3786 2392
f 3786 2393 3785
f 1727 1718 1719
f 1727 1731 1726
f 1729 3791 1728
f 3790 1731 101
f 3790 101 74
f 1719 1731 1727
f 3791 1726 1731
f 3790 3791 1731
f 1728 3791 3798
f 3798 3801 3799
f 3801 3798 3791
f 1726 3791 1729
f 1762 1728 3798
f 3800 3799 3801
f 3797 3796 3795
f 1762 3798 3797
f 3793 66 65
f 66 3793 3792
f 3787 65 3789
f 3792 74 75
f 74 3792 3790
f 75 66 3792
f 3787 3789 3788
f 1761 3795 2180
f 3794 65 62
f 1761 1762 3795
f 1762 3797 3795
f 61 2180 3794
f 61 3794 62
f 3794 2180 3795
f 62 65 3787
f 3793 65 3794
f 3787 62 63
f 3787 3802 3788
f 3802 3787 63
f 3788 3789 3804
f 3804 3803 3802
f 3804 3802 3788
f 65 3805 3789
f 3789 3805 3804
f 64 3803 3804
f 64 3804 3805
f 3810 3791 3807
f 3806 3810 3807
f 3790 3809 3807
f 3808 3807 3809
f 3790 3807 3791
f 3811 3801 3806
f 3801 3811 3800
f 3810 3806 3801
f 3791 3810 3801
f 3811 3806 3814
f 3814 3813 3795
f 3814 3795 3812
f 3796 3812 3795
f 3812 3811 3814
f 3815 3798 3816
f 3816 3798 3799
f 3799 3800 3811
f 3799 3811 3816
f 3797 3817 3818
f 3818 3812 3796
f 3818 3796 3797
f 3795 3813 3820
f 3820 3819 3794
f 3820 3794 3795
f 3798 3815 3821
f 3821 3817 3797
f 3821 3797 3798
f 3822 3823 3819
f 3794 3819 3823
f 3794 3823 3793
f 3823 3822 3825
f 3793 3823 3792
f 3825 3824 3792
f 3825 3792 3823
f 3808 3809 3824
f 3792 3824 3809
f 3792 3809 3790
f 3822 3807 3825
f 3806 3822 3814
f 3822 3806 3807
f 3814 3822 3820
f 3807 3808 3824
f 3824 3825 3807
f 3813 3814 3820
f 3820 3822 3819
f 3815 3816 3821
f 3816 3811 3821
f 3812 3818 3821
f 3817 3821 3818
f 3812 3821 3811
f 2193 1763 2231
f 2231 1763 1764
f 1764 1765 2184
f 1764 2184 2231
f 2199 2192 2233
f 2233 2192 2230
f 2230 2185 2186
f 2230 2186 2233
f 2197 2198 2235
f 2235 2198 2232
f 2232 2187 2188
f 2232 2188 2235
f 2947 2948 2951
f 422 2951 2948
f 422 2948 420
f 2955 2956 2959
f 427 2959 2956
f 427 2956 425
f 1788 2214 1787
f 2213 1787 2214
f 2213 2214 2215
f 1802 2226 1801
f 2225 1801 2226
f 2225 2226 2227
f 1795 2220 1794
f 2219 1794 2220
f 2219 2220 2221
f 96 95 72
f 68 96 72
f 99 71 72
f 99 72 95
f 1774 2202 1773
f 2201 1773 2202
f 2201 2202 2203
f 1781 2208 1780
f 2207 1780 2208
f 2207 2208 2209
f 2182 1710 1711
f 1711 1712 1715
f 1711 1715 2182
f 2242 1738 1739
f 1739 1740 2238
f 1739 2238 2242
f 2248 1743 1744
f 1744 1745 2244
f 1744 2244 2248
f 2254 1750 1751
f 1751 1752 2250
f 1751 2250 2254
f 2385 2386 15
f 2385 10 2384
f 10 2385 15
f 2384 10 2391
f 2386 14 15
f 16 2391 10
f 2391 2828 2390
f 2828 2391 16
f 1 2376 6
f 2375 1 2382
f 1 2375 2376
f 2376 2377 6
f 5 6 2377
f 2382 7 2381
f 2382 1 7
f 2365 2388 2383
f 2388 2365 2366
f 2364 2383 2373
f 2383 2364 2365
f 2373 2389 2372
f 2383 2389 2373
f 2387 2388 2366
f 12 3187 3184
f 3187 12 13
f 11 3184 18
f 3184 11 12
f 18 2827 17
f 3184 2827 18
f 2968 3187 13
f 2374 2357 2379
f 2356 2374 2363
f 2374 2356 2357
f 2357 2358 2378
f 2378 2379 2357
f 2363 2380 2362
f 2363 2374 2380
f 3212 3 3215
f 2 3212 9
f 3212 2 3
f 3 4 2982
f 2982 3215 3
f 9 2545 8
f 9 3212 2545
f 3188 3186 3191
f 3185 3188 3538
f 3188 3185 3186
f 3186 2969 2970
f 2970 3191 3186
f 3538 2825 2826
f 3538 3188 2825
f 2355 2348 2360
f 2347 2355 2354
f 2355 2347 2348
f 2348 2349 2359
f 2359 2360 2348
f 2354 2361 2353
f 2354 2355 2361
f 3192 3190 3195
f 3189 3192 3539
f 3192 3189 3190
f 3190 2971 2972
f 2972 3195 3190
f 3539 2823 2824
f 3539 3192 2823
f 2346 2330 2351
f 2329 2346 2336
f 2346 2329 2330
f 2330 2331 2351
f 2350 2351 2331
f 2336 2352 2335
f 2336 2346 2352
f 3196 3194 3199
f 3193 3196 3540
f 3196 3193 3194
f 3194 2973 3199
f 2974 3199 2973
f 3540 2821 2822
f 3540 3196 2821
f 2328 2312 2333
f 2311 2328 2318
f 2328 2311 2312
f 2312 2313 2333
f 2332 2333 2313
f 2318 2334 2317
f 2318 2328 2334
f 3200 3198 3203
f 3197 3200 3543
f 3200 3197 3198
f 3198 2975 3203
f 2976 3203 2975
f 3543 2819 2820
f 3543 3200 2819
f 2310 2294 2315
f 2293 2310 2300
f 2310 2293 2294
f 2294 2295 2314
f 2314 2315 2294
f 2300 2316 2299
f 2300 2310 2316
f 3204 3202 3207
f 3201 3204 3546
f 3204 3201 3202
f 3202 2977 3207
f 2978 3207 2977
f 3546 2817 2818
f 3546 3204 2817
f 2292 2276 2297
f 2275 2292 2282
f 2292 2275 2276
f 2276 2277 2296
f 2296 2297 2276
f 2282 2298 2281
f 2282 2292 2298
f 3208 3206 3211
f 3205 3208 3549
f 3208 3205 3206
f 3206 2979 3211
f 2980 3211 2979
f 3549 2815 2816
f 3549 3208 2815
f 67 19 24
f 35 67 24
f 54 2274 79
f 67 54 19
f 54 3826 2274
f 19 54 79
f 3826 55 2278
f 79 2274 59
f 2280 2263 59
f 2274 2280 59
f 2278 2274 3826
f 1060 417 418
f 1060 418 3210
f 418 1732 3210
f 1059 3210 2981
f 3209 2840 1759
f 2840 3209 1732
f 1732 2829 2843
f 1732 2843 2840
f 3209 3210 1732
f 1059 1060 3210
f 1759 2840 1813
f 1760 1814 3552
f 3552 2813 2814
f 2813 3552 1814
f 1760 3552 1759
f 1759 3552 3209
f 34 51 33
f 51 53 50
f 53 51 34
f 34 57 53
f 50 53 78
f 430 56 57
f 57 73 102
f 34 73 57
f 58 77 78
f 78 53 58
f 57 102 430
f 2178 2179 2860
f 2860 2179 2261
f 2261 2262 2546
f 2261 2546 2860
f 2844 2842 2847
f 2841 2844 3555
f 2844 2841 2842
f 2842 2830 2847
f 2831 2847 2830
f 3555 1811 1812
f 3555 2844 1811
f 1815 1816 3556
f 3556 1816 3560
f 3560 2811 2812
f 3560 2812 3556
f 46 49 47
f 49 46 88
f 47 52 32
f 52 47 49
f 88 80 76
f 32 31 47
f 49 88 76
f 2176 2177 2861
f 2175 2176 2861
f 2861 2547 2548
f 2547 2861 2177
f 416 1057 415
f 415 1057 1056
f 1055 1056 1057
f 1055 1057 1058
f 103 104 432
f 432 104 433
f 431 432 433
f 431 433 434
f 2848 2846 2851
f 2845 2848 3559
f 2848 2845 2846
f 2846 2832 2851
f 2833 2851 2832
f 3559 1809 1810
f 3559 2848 1809
f 1817 1818 3561
f 1818 1819 3561
f 3561 2809 2810
f 2809 3561 1819
f 42 45 43
f 45 42 89
f 48 29 43
f 43 45 48
f 89 82 81
f 48 30 29
f 81 45 89
f 2173 2174 2862
f 2172 2173 2862
f 2862 2549 2550
f 2549 2862 2174
f 414 1053 413
f 413 1053 1052
f 1051 1052 1053
f 1051 1053 1054
f 106 437 105
f 105 437 436
f 435 436 437
f 435 437 438
f 2852 2850 2855
f 2849 2852 3564
f 2852 2849 2850
f 2850 2834 2835
f 2835 2855 2850
f 3564 1807 1808
f 3564 2852 1807
f 1820 1821 3565
f 1821 1822 3565
f 3565 2807 2808
f 2807 3565 1822
f 38 41 39
f 41 38 90
f 28 27 39
f 39 41 44
f 90 84 83
f 44 28 39
f 83 41 90
f 2170 2171 2864
f 2169 2170 2864
f 2864 2551 2552
f 2551 2864 2171
f 412 1049 411
f 411 1049 1048
f 1047 1048 1049
f 1047 1049 1050
f 108 441 107
f 107 441 440
f 442 439 440
f 442 440 441
f 2856 2854 2859
f 2853 2856 3568
f 2856 2853 2854
f 2854 2836 2837
f 2837 2859 2854
f 3568 1805 1806
f 3568 2856 1805
f 1823 1824 3569
f 3569 1824 3573
f 2806 3573 2805
f 3573 2806 3569
f 21 37 22
f 37 21 86
f 40 23 22
f 22 37 40
f 40 26 23
f 85 37 86
f 2167 2168 2865
f 2865 2168 2863
f 2865 2553 2554
f 2553 2865 2863
f 409 410 1044
f 1044 410 1045
f 1043 1044 1045
f 1043 1045 1046
f 110 445 109
f 109 445 444
f 443 444 445
f 443 445 446
f 1703 2858 1702
f 2857 1703 3572
f 1703 2857 2858
f 2858 2838 1702
f 1703 1705 3572
f 1705 1804 3572
f 1825 1826 3574
f 1826 1827 3574
f 3574 2803 2804
f 2803 3574 1827
f 2866 2164 2165
f 2866 2165 2166
f 2866 2555 2556
f 2555 2866 2166
f 408 1041 407
f 407 1041 1040
f 1042 1039 1040
f 1042 1040 1041
f 112 449 111
f 111 449 448
f 450 447 448
f 450 448 449
f 1828 1829 3577
f 1829 1830 3577
f 3577 2801 2802
f 2801 3577 1830
f 2868 2161 2162
f 2868 2162 2163
f 2868 2557 2558
f 2557 2868 2163
f 406 1037 405
f 405 1037 1036
f 1038 1035 1036
f 1038 1036 1037
f 114 453 113
f 113 453 452
f 454 451 452
f 454 452 453
f 1831 1832 3580
f 1832 1833 3580
f 3580 2799 2800
f 2799 3580 1833
f 2869 2159 2867
f 2867 2159 2160
f 2867 2559 2560
f 2867 2560 2869
f 404 1033 403
f 403 1033 1032
f 1031 1032 1033
f 1031 1033 1034
f 116 457 115
f 115 457 456
f 455 456 457
f 455 457 458
f 1834 1835 3583
f 3583 1835 3586
f 2798 3586 2797
f 3586 2798 3583
f 2157 2158 2870
f 2156 2157 2870
f 2870 2561 2562
f 2561 2870 2158
f 401 402 1028
f 1028 402 1029
f 1027 1028 1029
f 1027 1029 1030
f 117 118 460
f 460 118 461
f 459 460 461
f 459 461 462
f 1836 1837 3587
f 1837 1838 3587
f 3587 2795 2796
f 2795 3587 1838
f 2871 2153 2154
f 2871 2154 2155
f 2871 2563 2564
f 2563 2871 2155
f 400 1025 399
f 399 1025 1024
f 1026 1023 1024
f 1026 1024 1025
f 120 465 119
f 119 465 464
f 463 464 465
f 463 465 466
f 1839 1840 3590
f 1840 1841 3590
f 3590 2793 2794
f 2793 3590 1841
f 2151 2152 2873
f 2150 2151 2873
f 2873 2565 2566
f 2565 2873 2152
f 398 1021 397
f 397 1021 1020
f 1022 1019 1020
f 1022 1020 1021
f 122 469 121
f 121 469 468
f 470 467 468
f 470 468 469
f 1842 1843 3593
f 1843 1844 3593
f 3593 2791 2792
f 2791 3593 1844
f 2148 2149 2874
f 2874 2149 2872
f 2874 2567 2568
f 2567 2874 2872
f 396 1017 395
f 395 1017 1016
f 1018 1015 1016
f 1018 1016 1017
f 123 124 472
f 472 124 473
f 471 472 473
f 471 473 474
f 1845 1846 3596
f 3596 1846 3599
f 3599 2789 2790
f 3599 2790 3596
f 2145 2146 2875
f 2146 2147 2875
f 2875 2569 2570
f 2569 2875 2147
f 394 1013 393
f 393 1013 1012
f 1011 1012 1013
f 1011 1013 1014
f 126 477 125
f 125 477 476
f 475 476 477
f 475 477 478
f 1847 1848 3600
f 1848 1849 3600
f 3600 2787 2788
f 2787 3600 1849
f 2143 2144 2876
f 2142 2143 2876
f 2876 2571 2572
f 2571 2876 2144
f 392 1009 391
f 391 1009 1008
f 1007 1008 1009
f 1007 1009 1010
f 128 481 127
f 127 481 480
f 482 479 480
f 482 480 481
f 1850 1851 3603
f 1851 1852 3603
f 3603 2785 2786
f 2785 3603 1852
f 2140 2141 2878
f 2139 2140 2878
f 2878 2573 2574
f 2573 2878 2141
f 390 1005 389
f 389 1005 1004
f 1003 1004 1005
f 1003 1005 1006
f 130 485 129
f 129 485 484
f 483 484 485
f 483 485 486
f 1853 1854 3606
f 3606 1854 3609
f 2784 3609 2783
f 3609 2784 3606
f 2137 2138 2879
f 2879 2138 2877
f 2576 2877 2575
f 2877 2576 2879
f 387 388 1000
f 1000 388 1001
f 999 1000 1001
f 999 1001 1002
f 132 489 131
f 131 489 488
f 490 487 488
f 490 488 489
f 1855 1856 3610
f 1856 1857 3610
f 3610 2781 2782
f 2781 3610 1857
f 2880 2134 2135
f 2880 2135 2136
f 2880 2577 2578
f 2577 2880 2136
f 386 997 385
f 385 997 996
f 998 995 996
f 998 996 997
f 133 134 492
f 492 134 493
f 491 492 493
f 491 493 494
f 1858 1859 3613
f 1859 1860 3613
f 3613 2779 2780
f 2779 3613 1860
f 2882 2131 2132
f 2882 2132 2133
f 2882 2579 2580
f 2579 2882 2133
f 384 993 383
f 383 993 992
f 994 991 992
f 994 992 993
f 136 497 135
f 135 497 496
f 498 495 496
f 498 496 497
f 1861 1862 3616
f 1862 1863 3616
f 3616 2777 2778
f 2777 3616 1863
f 2129 2130 2883
f 2883 2130 2881
f 2883 2581 2582
f 2581 2883 2881
f 382 989 381
f 381 989 988
f 990 987 988
f 990 988 989
f 137 138 500
f 500 138 501
f 499 500 501
f 499 501 502
f 1864 1865 3619
f 3619 1865 3622
f 3619 2775 2776
f 2775 3619 3622
f 2127 2128 2884
f 2126 2127 2884
f 2884 2583 2584
f 2583 2884 2128
f 380 985 379
f 379 985 984
f 983 984 985
f 983 985 986
f 140 505 139
f 139 505 504
f 503 504 505
f 503 505 506
f 1866 1867 3623
f 1867 1868 3623
f 3623 2773 2774
f 2773 3623 1868
f 2124 2125 2885
f 2123 2124 2885
f 2885 2585 2586
f 2585 2885 2125
f 378 981 377
f 377 981 980
f 982 979 980
f 982 980 981
f 142 509 141
f 141 509 508
f 510 507 508
f 510 508 509
f 1869 1870 3626
f 1870 1871 3626
f 3626 2771 2772
f 2771 3626 1871
f 2121 2122 2887
f 2120 2121 2887
f 2887 2587 2588
f 2587 2887 2122
f 376 977 375
f 375 977 976
f 978 975 976
f 978 976 977
f 143 144 512
f 512 144 513
f 511 512 513
f 511 513 514
f 1872 1873 3629
f 1873 1874 3629
f 3629 2769 2770
f 2769 3629 1874
f 2888 2118 2886
f 2886 2118 2119
f 2886 2589 2590
f 2886 2590 2888
f 374 973 373
f 373 973 972
f 974 971 972
f 974 972 973
f 146 517 145
f 145 517 516
f 518 515 516
f 518 516 517
f 1875 1876 3632
f 3632 1876 3635
f 3635 2767 2768
f 3635 2768 3632
f 2889 2115 2116
f 2889 2116 2117
f 2889 2591 2592
f 2591 2889 2117
f 372 969 371
f 371 969 968
f 967 968 969
f 967 969 970
f 147 148 520
f 520 148 521
f 519 520 521
f 519 521 522
f 1877 1878 3636
f 1878 1879 3636
f 3636 2765 2766
f 2765 3636 1879
f 2112 2113 2890
f 2113 2114 2890
f 2890 2593 2594
f 2593 2890 2114
f 370 965 369
f 369 965 964
f 963 964 965
f 963 965 966
f 150 525 149
f 149 525 524
f 523 524 525
f 523 525 526
f 1880 1881 3639
f 1881 1882 3639
f 3639 2763 2764
f 2763 3639 1882
f 2109 2110 2892
f 2110 2111 2892
f 2892 2595 2596
f 2595 2892 2111
f 367 368 960
f 960 368 961
f 959 960 961
f 959 961 962
f 152 529 151
f 151 529 528
f 530 527 528
f 530 528 529
f 1883 1884 3642
f 1884 1885 3642
f 3642 2761 2762
f 2761 3642 1885
f 2893 2107 2891
f 2891 2107 2108
f 2891 2597 2598
f 2891 2598 2893
f 366 957 365
f 365 957 956
f 955 956 957
f 955 957 958
f 154 533 153
f 153 533 532
f 531 532 533
f 531 533 534
f 1886 1887 3645
f 3645 1887 3648
f 2760 3648 2759
f 3648 2760 3645
f 2894 2104 2105
f 2894 2105 2106
f 2894 2599 2600
f 2599 2894 2106
f 364 953 363
f 363 953 952
f 954 951 952
f 954 952 953
f 156 537 155
f 155 537 536
f 538 535 536
f 538 536 537
f 1888 1889 3649
f 1889 1890 3649
f 3649 2757 2758
f 2757 3649 1890
f 2895 2101 2102
f 2895 2102 2103
f 2895 2601 2602
f 2601 2895 2103
f 361 362 948
f 948 362 949
f 950 947 948
f 950 948 949
f 157 158 540
f 540 158 541
f 539 540 541
f 539 541 542
f 1891 1892 3652
f 1892 1893 3652
f 3652 2755 2756
f 2755 3652 1893
f 2098 2099 2897
f 2099 2100 2897
f 2897 2603 2604
f 2603 2897 2100
f 360 945 359
f 359 945 944
f 946 943 944
f 946 944 945
f 160 545 159
f 159 545 544
f 546 543 544
f 546 544 545
f 1894 1895 3655
f 3655 1895 3658
f 3658 2753 2754
f 3658 2754 3655
f 2096 2097 2898
f 2898 2097 2896
f 2898 2605 2606
f 2605 2898 2896
f 358 941 357
f 357 941 940
f 942 939 940
f 942 940 941
f 161 162 548
f 548 162 549
f 547 548 549
f 547 549 550
f 1896 1897 3659
f 1897 1898 3659
f 3659 2751 2752
f 2751 3659 1898
f 2094 2095 2899
f 2093 2094 2899
f 2899 2607 2608
f 2607 2899 2095
f 356 937 355
f 355 937 936
f 935 936 937
f 935 937 938
f 164 553 163
f 163 553 552
f 551 552 553
f 551 553 554
f 1899 1900 3662
f 1900 1901 3662
f 3662 2749 2750
f 2749 3662 1901
f 2901 2090 2091
f 2901 2091 2092
f 2901 2609 2610
f 2609 2901 2092
f 354 933 353
f 353 933 932
f 931 932 933
f 931 933 934
f 166 557 165
f 165 557 556
f 558 555 556
f 558 556 557
f 1902 1903 3665
f 1903 1904 3665
f 3665 2747 2748
f 2747 3665 1904
f 2088 2089 2902
f 2902 2089 2900
f 2902 2611 2612
f 2611 2902 2900
f 352 929 351
f 351 929 928
f 927 928 929
f 927 929 930
f 168 561 167
f 167 561 560
f 559 560 561
f 559 561 562
f 1905 1906 3668
f 3668 1906 3671
f 3668 2745 2746
f 2745 3668 3671
f 2903 2085 2086
f 2903 2086 2087
f 2903 2613 2614
f 2613 2903 2087
f 349 350 924
f 924 350 925
f 923 924 925
f 923 925 926
f 170 565 169
f 169 565 564
f 566 563 564
f 566 564 565
f 1907 1908 3672
f 1908 1909 3672
f 3672 2743 2744
f 2743 3672 1909
f 2904 2082 2083
f 2904 2083 2084
f 2904 2615 2616
f 2615 2904 2084
f 348 921 347
f 347 921 920
f 922 919 920
f 922 920 921
f 172 569 171
f 171 569 568
f 567 568 569
f 567 569 570
f 1911 1912 3675
f 1910 1911 3675
f 3675 2741 2742
f 2741 3675 1912
f 2906 2079 2080
f 2906 2080 2081
f 2906 2617 2618
f 2617 2906 2081
f 346 917 345
f 345 917 916
f 915 916 917
f 915 917 918
f 174 573 173
f 173 573 572
f 571 572 573
f 571 573 574
f 1914 1915 3678
f 1913 1914 3678
f 3678 2739 2740
f 2739 3678 1915
f 2907 2077 2905
f 2905 2077 2078
f 2905 2619 2620
f 2905 2620 2907
f 344 913 343
f 343 913 912
f 911 912 913
f 911 913 914
f 176 577 175
f 175 577 576
f 578 575 576
f 578 576 577
f 1916 1917 3681
f 3681 1917 3684
f 2738 3684 2737
f 3684 2738 3681
f 2908 2074 2075
f 2908 2075 2076
f 2908 2621 2622
f 2621 2908 2076
f 341 342 908
f 908 342 909
f 907 908 909
f 907 909 910
f 177 178 580
f 580 178 581
f 582 579 580
f 582 580 581
f 3685 1918 1919
f 3685 1919 1920
f 3685 2735 2736
f 2735 3685 1920
f 2071 2072 2909
f 2072 2073 2909
f 2909 2623 2624
f 2623 2909 2073
f 340 905 339
f 339 905 904
f 906 903 904
f 906 904 905
f 179 180 584
f 584 180 585
f 586 583 584
f 586 584 585
f 1921 1922 3688
f 1922 1923 3688
f 3688 2733 2734
f 2733 3688 1923
f 2911 2068 2069
f 2911 2069 2070
f 2911 2625 2626
f 2625 2911 2070
f 338 901 337
f 337 901 900
f 902 899 900
f 902 900 901
f 182 589 181
f 181 589 588
f 587 588 589
f 587 589 590
f 1924 1925 3691
f 1925 1926 3691
f 3691 2731 2732
f 2731 3691 1926
f 2912 2066 2910
f 2910 2066 2067
f 2910 2627 2628
f 2910 2628 2912
f 335 336 896
f 896 336 897
f 898 895 896
f 898 896 897
f 184 593 183
f 183 593 592
f 594 591 592
f 594 592 593
f 3694 1927 3697
f 3697 1927 1928
f 2729 2730 3694
f 2729 3694 3697
f 2064 2065 2913
f 2063 2064 2913
f 2913 2629 2630
f 2629 2913 2065
f 334 893 333
f 333 893 892
f 891 892 893
f 891 893 894
f 185 186 596
f 596 186 597
f 598 595 596
f 598 596 597
f 1929 1930 3698
f 1930 1931 3698
f 3698 2727 2728
f 2727 3698 1931
f 2061 2062 2914
f 2060 2061 2914
f 2914 2631 2632
f 2631 2914 2062
f 332 889 331
f 331 889 888
f 887 888 889
f 887 889 890
f 188 601 187
f 187 601 600
f 599 600 601
f 599 601 602
f 1932 1933 3701
f 1933 1934 3701
f 3701 2725 2726
f 2725 3701 1934
f 2058 2059 2916
f 2057 2058 2916
f 2916 2633 2634
f 2633 2916 2059
f 330 885 329
f 329 885 884
f 886 883 884
f 886 884 885
f 189 190 604
f 604 190 605
f 603 604 605
f 603 605 606
f 3704 1935 3707
f 3707 1935 1936
f 3707 2723 2724
f 3707 2724 3704
f 2055 2056 2917
f 2917 2056 2915
f 2917 2635 2636
f 2635 2917 2915
f 328 881 327
f 327 881 880
f 879 880 881
f 879 881 882
f 192 609 191
f 191 609 608
f 607 608 609
f 607 609 610
f 3708 1937 1938
f 3708 1938 1939
f 3708 2721 2722
f 2721 3708 1939
f 2053 2054 2918
f 2052 2053 2918
f 2918 2637 2638
f 2637 2918 2054
f 325 326 876
f 876 326 877
f 875 876 877
f 875 877 878
f 194 613 193
f 193 613 612
f 611 612 613
f 611 613 614
f 3711 1940 1941
f 3711 1941 1942
f 3711 2719 2720
f 2719 3711 1942
f 2920 2049 2050
f 2920 2050 2051
f 2920 2639 2640
f 2639 2920 2051
f 324 873 323
f 323 873 872
f 874 871 872
f 874 872 873
f 195 196 616
f 616 196 617
f 618 615 616
f 618 616 617
f 3714 1943 1944
f 3714 1944 1945
f 3714 2717 2718
f 2717 3714 1945
f 2047 2048 2921
f 2921 2048 2919
f 2642 2919 2641
f 2919 2642 2921
f 321 322 868
f 868 322 869
f 867 868 869
f 867 869 870
f 198 621 197
f 197 621 620
f 622 619 620
f 622 620 621
f 1946 1947 3717
f 3717 1947 3720
f 2716 3720 2715
f 3720 2716 3717
f 2045 2046 2922
f 2044 2045 2922
f 2922 2643 2644
f 2643 2922 2046
f 320 865 319
f 319 865 864
f 866 863 864
f 866 864 865
f 200 625 199
f 199 625 624
f 626 623 624
f 626 624 625
f 3721 1948 1949
f 3721 1949 1950
f 3721 2713 2714
f 2713 3721 1950
f 2042 2043 2923
f 2041 2042 2923
f 2923 2645 2646
f 2645 2923 2043
f 318 861 317
f 317 861 860
f 862 859 860
f 862 860 861
f 201 202 628
f 628 202 629
f 627 628 629
f 627 629 630
f 3724 1951 1952
f 3724 1952 1953
f 3724 2711 2712
f 2711 3724 1953
f 2038 2039 2925
f 2039 2040 2925
f 2925 2647 2648
f 2647 2925 2040
f 316 857 315
f 315 857 856
f 858 855 856
f 858 856 857
f 204 633 203
f 203 633 632
f 634 631 632
f 634 632 633
f 3727 1954 1955
f 3727 1955 1956
f 3727 2709 2710
f 2709 3727 1956
f 2036 2037 2926
f 2926 2037 2924
f 2924 2649 2650
f 2924 2650 2926
f 314 853 313
f 313 853 852
f 854 851 852
f 854 852 853
f 205 206 636
f 636 206 637
f 635 636 637
f 635 637 638
f 3730 1957 3733
f 3733 1957 1958
f 2707 2708 3730
f 2707 3730 3733
f 2927 2033 2034
f 2927 2034 2035
f 2927 2651 2652
f 2651 2927 2035
f 312 849 311
f 311 849 848
f 850 847 848
f 850 848 849
f 208 641 207
f 207 641 640
f 642 639 640
f 642 640 641
f 1959 1960 3734
f 1960 1961 3734
f 3734 2705 2706
f 2705 3734 1961
f 2030 2031 2928
f 2031 2032 2928
f 2928 2653 2654
f 2653 2928 2032
f 310 845 309
f 309 845 844
f 843 844 845
f 843 845 846
f 209 210 644
f 644 210 645
f 643 644 645
f 643 645 646
f 1962 1963 3737
f 1963 1964 3737
f 3737 2703 2704
f 2703 3737 1964
f 2930 2027 2028
f 2930 2028 2029
f 2930 2655 2656
f 2655 2930 2029
f 308 841 307
f 307 841 840
f 839 840 841
f 839 841 842
f 212 649 211
f 211 649 648
f 647 648 649
f 647 649 650
f 1965 1966 3740
f 1966 1967 3740
f 3740 2701 2702
f 2701 3740 1967
f 2931 2025 2929
f 2929 2025 2026
f 2929 2657 2658
f 2929 2658 2931
f 306 837 305
f 305 837 836
f 835 836 837
f 835 837 838
f 214 653 213
f 213 653 652
f 654 651 652
f 654 652 653
f 1968 1969 3743
f 3743 1969 3746
f 2700 3746 2699
f 3746 2700 3743
f 2932 2022 2023
f 2932 2023 2024
f 2932 2659 2660
f 2659 2932 2024
f 304 833 303
f 303 833 832
f 834 831 832
f 834 832 833
f 216 657 215
f 215 657 656
f 655 656 657
f 655 657 658
f 1971 1972 3747
f 1970 1971 3747
f 3747 2697 2698
f 2697 3747 1972
f 2019 2020 2933
f 2020 2021 2933
f 2933 2661 2662
f 2661 2933 2021
f 301 302 828
f 828 302 829
f 830 827 828
f 830 828 829
f 218 661 217
f 217 661 660
f 662 659 660
f 662 660 661
f 1974 1975 3750
f 1973 1974 3750
f 3750 2695 2696
f 2695 3750 1975
f 2935 2016 2017
f 2935 2017 2018
f 2935 2663 2664
f 2663 2935 2018
f 300 825 299
f 299 825 824
f 826 823 824
f 826 824 825
f 219 220 664
f 664 220 665
f 663 664 665
f 663 665 666
f 1976 1977 3753
f 3753 1977 3756
f 3753 2693 2694
f 2693 3753 3756
f 2936 2014 2934
f 2934 2014 2015
f 2934 2665 2666
f 2934 2666 2936
f 297 298 820
f 820 298 821
f 819 820 821
f 819 821 822
f 222 669 221
f 221 669 668
f 667 668 669
f 667 669 670
f 1978 1979 3757
f 1979 1980 3757
f 3757 2691 2692
f 2691 3757 1980
f 2937 2011 2012
f 2937 2012 2013
f 2937 2667 2668
f 2667 2937 2013
f 296 817 295
f 295 817 816
f 818 815 816
f 818 816 817
f 224 673 223
f 223 673 672
f 671 672 673
f 671 673 674
f 1981 1982 3760
f 1982 1983 3760
f 3760 2689 2690
f 2689 3760 1983
f 2008 2009 2939
f 2009 2010 2939
f 2939 2669 2670
f 2669 2939 2010
f 294 813 293
f 293 813 812
f 811 812 813
f 811 813 814
f 226 677 225
f 225 677 676
f 675 676 677
f 675 677 678
f 1984 1985 3763
f 1985 1986 3763
f 3763 2687 2688
f 2687 3763 1986
f 2006 2007 2940
f 2940 2007 2938
f 2938 2671 2672
f 2938 2672 2940
f 292 809 291
f 291 809 808
f 810 807 808
f 810 808 809
f 228 681 227
f 227 681 680
f 679 680 681
f 679 681 682
f 3766 1987 3769
f 3769 1987 1988
f 3769 2685 2686
f 3769 2686 3766
f 2941 2003 2004
f 2941 2004 2005
f 2941 2673 2674
f 2673 2941 2005
f 290 805 289
f 289 805 804
f 806 803 804
f 806 804 805
f 229 230 684
f 684 230 685
f 683 684 685
f 683 685 686
f 1989 1990 3770
f 1990 1991 3770
f 3770 2683 2684
f 2683 3770 1991
f 2000 2001 2942
f 2001 2002 2942
f 2942 2675 2676
f 2675 2942 2002
f 288 801 287
f 287 801 800
f 799 800 801
f 799 801 802
f 232 689 231
f 231 689 688
f 690 687 688
f 690 688 689
f 1992 1993 3773
f 1993 1994 3773
f 3773 2681 2682
f 2681 3773 1994
f 1997 1998 2944
f 1998 1999 2944
f 2944 2677 2678
f 2677 2944 1999
f 286 797 285
f 285 797 796
f 795 796 797
f 795 797 798
f 234 693 233
f 233 693 692
f 694 691 692
f 694 692 693
f 1995 1996 3776
f 3776 1996 2943
f 2680 2943 2679
f 2943 2680 3776
f 284 793 283
f 283 793 792
f 791 792 793
f 791 793 794
f 236 697 235
f 235 697 696
f 695 696 697
f 695 697 698
f 282 789 281
f 281 789 788
f 790 787 788
f 790 788 789
f 238 701 237
f 237 701 700
f 702 699 700
f 702 700 701
f 280 785 279
f 279 785 784
f 786 783 784
f 786 784 785
f 239 240 704
f 704 240 705
f 706 703 704
f 706 704 705
f 277 278 780
f 780 278 781
f 782 779 780
f 782 780 781
f 242 709 241
f 241 709 708
f 710 707 708
f 710 708 709
f 276 777 275
f 275 777 776
f 778 775 776
f 778 776 777
f 244 713 243
f 243 713 712
f 714 711 712
f 714 712 713
f 274 773 273
f 273 773 772
f 771 772 773
f 771 773 774
f 246 717 245
f 245 717 716
f 718 715 716
f 718 716 717
f 272 769 271
f 271 769 768
f 770 767 768
f 770 768 769
f 248 721 247
f 247 721 720
f 719 720 721
f 719 721 722
f 270 765 269
f 269 765 764
f 763 764 765
f 763 765 766
f 250 725 249
f 249 725 724
f 723 724 725
f 723 725 726
f 267 268 760
f 760 268 761
f 759 760 761
f 759 761 762
f 252 729 251
f 251 729 728
f 727 728 729
f 727 729 730
f 266 757 265
f 265 757 756
f 758 755 756
f 758 756 757
f 254 733 253
f 253 733 732
f 734 731 732
f 734 732 733
f 263 264 752
f 752 264 753
f 751 752 753
f 751 753 754
f 256 737 255
f 255 737 736
f 738 735 736
f 738 736 737
f 262 749 261
f 261 749 748
f 747 748 749
f 747 749 750
f 258 741 257
f 257 741 740
f 742 739 740
f 742 740 741
f 260 745 259
f 259 745 744
f 746 743 744
f 746 744 745
f 2205 2236 2204
f 1770 2205 1769
f 1770 1771 2236
f 2200 2236 1771
f 1770 2236 2205
f 2211 1776 1777
f 2210 2211 2237
f 1777 1778 2206
f 2206 2237 1777
f 1777 2237 2211
f 1708 2961 1714
f 2961 2181 1714
f 1716 1717 1714
f 1713 1714 1717
f 1716 1714 2181
f 1736 2962 1742
f 2962 2241 1742
f 2239 2240 1742
f 1741 1742 2240
f 2239 1742 2241
f 1747 2963 2246
f 2963 2247 2245
f 2246 1746 1747
f 2245 2246 2963
f 2964 2253 2251
f 1754 2964 1753
f 2252 1753 2964
f 2251 2252 2964
f 2949 2945 2965
f 421 2949 424
f 2965 2950 423
f 423 424 2965
f 2965 424 2949
f 2957 2953 2966
f 426 2957 429
f 2966 2958 428
f 428 429 2966
f 2966 429 2957
f 2217 2256 2216
f 1784 2217 1783
f 1784 1785 2212
f 2212 2256 1784
f 1784 2256 2217
f 2229 2257 2228
f 1797 2229 1798
f 1797 1799 2257
f 2224 2257 1799
f 1797 2257 2229
f 2223 1790 1791
f 2222 2223 2258
f 1791 1792 2218
f 2218 2258 1791
f 1791 2258 2223
f 2967 93 97
f 2967 97 69
f 2967 70 98
f 70 2967 69
f 2196 2234 2195
f 2195 2234 2260
f 2189 2190 2260
f 2189 2260 2234
f 1767 2194 2259
f 2259 2191 1766
f 2259 1766 1767
f 1722 1724 1721
f 1730 1721 1724
f 1730 1724 1725
f 64 3803 3827
f 3827 3802 63
f 3802 3827 3803
f 2368 2338 2367
f 2338 2368 2370
f 2339 2367 2338
f 2370 2371 2344
f 2344 2345 2370
f 2370 2345 2338
f 3216 3214 3218
f 3214 3216 3541
f 2983 2984 3218
f 3218 3214 2983
f 3541 2543 2544
f 2544 3214 3541
f 2337 2320 2341
f 2320 2337 2342
f 2321 2340 2341
f 2341 2320 2321
f 2342 2343 2326
f 2326 2327 2342
f 2327 2320 2342
f 3219 3217 3221
f 3217 3219 3544
f 2985 2986 3221
f 3221 3217 2985
f 3544 2541 2542
f 2542 3542 3544
f 3542 3217 3544
f 2319 2302 2323
f 2302 2319 2324
f 2303 2322 2323
f 2323 2302 2303
f 2324 2325 2308
f 2308 2309 2324
f 2309 2302 2324
f 3222 3220 3224
f 3220 3222 3547
f 2987 2988 3224
f 3224 3220 2987
f 3547 2539 2540
f 2540 3545 3547
f 3545 3220 3547
f 2301 2284 2305
f 2284 2301 2306
f 2285 2304 2305
f 2305 2284 2285
f 2306 2307 2290
f 2290 2291 2306
f 2291 2284 2306
f 3225 3223 3227
f 3223 3225 3550
f 2989 2990 3227
f 3227 3223 2989
f 3550 2537 3548
f 2538 3548 2537
f 3548 3223 3550
f 2283 2266 2287
f 2266 2283 2288
f 2267 2286 2287
f 2287 2266 2267
f 2288 2289 2272
f 2272 2273 2288
f 2273 2266 2288
f 1734 1700 1733
f 1700 1734 1757
f 2839 1733 1700
f 1700 1701 2839
f 1757 1758 1706
f 1706 1707 1757
f 1707 1700 1757
f 36 35 67
f 19 67 54
f 67 19 24
f 54 2274 3828
f 36 67 24
f 19 54 3828
f 54 55 2274
f 2274 2280 59
f 2274 59 3828
f 3828 59 79
f 2280 2263 59
f 55 2278 2274
f 3228 3226 3230
f 3226 3228 3553
f 2991 2992 3230
f 3230 3226 2991
f 3553 2535 2536
f 2536 3551 3553
f 3551 3226 3553
f 2265 1692 2269
f 1692 2265 2270
f 1693 2268 2269
f 2269 1692 1693
f 2270 2271 1698
f 1698 1699 2270
f 1699 1692 2270
f 3231 3229 3233
f 3229 3231 3557
f 2993 2994 3233
f 3233 3229 2993
f 3557 2533 2534
f 2534 3554 3557
f 3554 3229 3557
f 1691 1683 1695
f 1683 1691 1696
f 1684 1694 1695
f 1695 1683 1684
f 1696 1697 1689
f 1689 1690 1696
f 1690 1683 1696
f 3234 3232 3236
f 3232 3234 3562
f 2995 2996 3236
f 3236 3232 2995
f 3562 2531 2532
f 2532 3558 3562
f 3558 3232 3562
f 1682 1674 1686
f 1674 1682 1687
f 1675 1685 1686
f 1686 1674 1675
f 1687 1688 1680
f 1680 1681 1687
f 1681 1674 1687
f 3237 3235 3239
f 3235 3237 3566
f 2997 2998 3239
f 3239 3235 2997
f 3566 2529 2530
f 2530 3563 3566
f 3563 3235 3566
f 1673 1665 1677
f 1665 1673 1678
f 1666 1676 1677
f 1677 1665 1666
f 1678 1679 1671
f 1671 1672 1678
f 1672 1665 1678
f 3240 3238 3242
f 3238 3240 3570
f 2999 3000 3242
f 3242 3238 2999
f 3570 2527 2528
f 2528 3567 3570
f 3567 3238 3570
f 1664 1656 1668
f 1656 1664 1669
f 1657 1667 1668
f 1668 1656 1657
f 1669 1670 1662
f 1662 1663 1669
f 1663 1656 1669
f 3243 3241 3245
f 3241 3243 3575
f 3001 3002 3245
f 3245 3241 3001
f 3575 2525 2526
f 2526 3571 3575
f 3571 3241 3575
f 1655 1647 1659
f 1647 1655 1660
f 1648 1658 1659
f 1659 1647 1648
f 1660 1661 1654
f 1653 1654 1661
f 1654 1647 1660
f 3246 3244 3248
f 3244 3246 3578
f 3003 3004 3248
f 3248 3244 3003
f 3578 2523 2524
f 2524 3576 3578
f 3576 3244 3578
f 1646 1638 1650
f 1638 1646 1651
f 1639 1649 1650
f 1650 1638 1639
f 1651 1652 1644
f 1644 1645 1651
f 1645 1638 1651
f 3249 3247 3251
f 3247 3249 3581
f 3005 3006 3251
f 3251 3247 3005
f 3581 2521 2522
f 2522 3579 3581
f 3579 3247 3581
f 1637 1629 1641
f 1629 1637 1642
f 1630 1640 1641
f 1641 1629 1630
f 1642 1643 1635
f 1635 1636 1642
f 1636 1629 1642
f 3252 3250 3254
f 3250 3252 3584
f 3007 3008 3254
f 3254 3250 3007
f 3584 2519 3582
f 2520 3582 2519
f 3582 3250 3584
f 1628 1620 1632
f 1620 1628 1633
f 1621 1631 1632
f 1632 1620 1621
f 1633 1634 1626
f 1626 1627 1633
f 1627 1620 1633
f 3255 3253 3257
f 3253 3255 3588
f 3009 3010 3257
f 3257 3253 3009
f 3588 2517 2518
f 2518 3585 3588
f 3585 3253 3588
f 1619 1611 1623
f 1611 1619 1624
f 1612 1622 1623
f 1623 1611 1612
f 1624 1625 1617
f 1617 1618 1624
f 1618 1611 1624
f 3258 3256 3260
f 3256 3258 3591
f 3011 3012 3260
f 3260 3256 3011
f 3591 2515 3589
f 2516 3589 2515
f 3589 3256 3591
f 1610 1602 1614
f 1602 1610 1615
f 1603 1613 1614
f 1614 1602 1603
f 1615 1616 1608
f 1608 1609 1615
f 1609 1602 1615
f 3261 3259 3263
f 3259 3261 3594
f 3013 3014 3263
f 3263 3259 3013
f 3594 2513 3592
f 2514 3592 2513
f 3592 3259 3594
f 1601 1593 1605
f 1593 1601 1606
f 1594 1604 1605
f 1605 1593 1594
f 1606 1607 1599
f 1599 1600 1606
f 1600 1593 1606
f 3264 3262 3266
f 3262 3264 3597
f 3015 3016 3266
f 3266 3262 3015
f 3597 2511 3595
f 2512 3595 2511
f 3595 3262 3597
f 1592 1584 1596
f 1584 1592 1597
f 1585 1595 1596
f 1596 1584 1585
f 1597 1598 1590
f 1590 1591 1597
f 1591 1584 1597
f 3267 3265 3269
f 3265 3267 3601
f 3017 3018 3269
f 3269 3265 3017
f 3601 2509 2510
f 2510 3598 3601
f 3598 3265 3601
f 1583 1575 1587
f 1575 1583 1588
f 1576 1586 1587
f 1587 1575 1576
f 1588 1589 1581
f 1581 1582 1588
f 1582 1575 1588
f 3270 3268 3272
f 3268 3270 3604
f 3019 3020 3272
f 3272 3268 3019
f 3604 2507 2508
f 2508 3602 3604
f 3602 3268 3604
f 1574 1566 1578
f 1566 1574 1579
f 1567 1577 1578
f 1578 1566 1567
f 1579 1580 1572
f 1572 1573 1579
f 1573 1566 1579
f 3273 3271 3275
f 3271 3273 3607
f 3021 3022 3275
f 3275 3271 3021
f 3607 2505 3605
f 2506 3605 2505
f 3605 3271 3607
f 1565 1557 1569
f 1557 1565 1570
f 1558 1568 1569
f 1569 1557 1558
f 1570 1571 1563
f 1563 1564 1570
f 1564 1557 1570
f 3276 3274 3278
f 3274 3276 3611
f 3023 3024 3278
f 3278 3274 3023
f 3611 2503 3608
f 2504 3608 2503
f 3608 3274 3611
f 1556 1548 1560
f 1548 1556 1561
f 1549 1559 1560
f 1560 1548 1549
f 1561 1562 1554
f 1554 1555 1561
f 1555 1548 1561
f 3279 3277 3281
f 3277 3279 3614
f 3025 3026 3281
f 3281 3277 3025
f 3614 2501 3612
f 2502 3612 2501
f 3612 3277 3614
f 1547 1539 1551
f 1539 1547 1552
f 1540 1550 1551
f 1551 1539 1540
f 1552 1553 1545
f 1545 1546 1552
f 1546 1539 1552
f 3282 3280 3284
f 3280 3282 3617
f 3027 3028 3284
f 3284 3280 3027
f 3617 2499 2500
f 2500 3615 3617
f 3615 3280 3617
f 1538 1530 1542
f 1530 1538 1543
f 1531 1541 1542
f 1542 1530 1531
f 1543 1544 1536
f 1536 1537 1543
f 1537 1530 1543
f 3285 3283 3287
f 3283 3285 3620
f 3029 3030 3287
f 3287 3283 3029
f 3620 2497 2498
f 2498 3618 3620
f 3618 3283 3620
f 1529 1521 1533
f 1521 1529 1534
f 1522 1532 1533
f 1533 1521 1522
f 1534 1535 1527
f 1527 1528 1534
f 1528 1521 1534
f 3288 3286 3290
f 3286 3288 3624
f 3031 3032 3290
f 3290 3286 3031
f 3624 2495 3621
f 2496 3621 2495
f 3621 3286 3624
f 1520 1512 1524
f 1512 1520 1525
f 1513 1523 1524
f 1524 1512 1513
f 1525 1526 1518
f 1518 1519 1525
f 1519 1512 1525
f 3291 3289 3293
f 3289 3291 3627
f 3033 3034 3293
f 3293 3289 3033
f 3627 2493 3625
f 2494 3625 2493
f 3625 3289 3627
f 1511 1503 1515
f 1503 1511 1516
f 1504 1514 1515
f 1515 1503 1504
f 1516 1517 1509
f 1509 1510 1516
f 1510 1503 1516
f 3294 3292 3296
f 3292 3294 3630
f 3035 3036 3296
f 3296 3292 3035
f 3630 2491 2492
f 2492 3628 3630
f 3628 3292 3630
f 1502 1494 1506
f 1494 1502 1507
f 1495 1505 1506
f 1506 1494 1495
f 1507 1508 1501
f 1500 1501 1508
f 1501 1494 1507
f 3297 3295 3299
f 3295 3297 3633
f 3037 3038 3299
f 3299 3295 3037
f 3633 2489 2490
f 2490 3631 3633
f 3631 3295 3633
f 1493 1485 1497
f 1485 1493 1498
f 1486 1496 1497
f 1497 1485 1486
f 1498 1499 1492
f 1491 1492 1499
f 1492 1485 1498
f 3300 3298 3302
f 3298 3300 3637
f 3039 3040 3302
f 3302 3298 3039
f 3637 2487 3634
f 2488 3634 2487
f 3634 3298 3637
f 1484 1476 1488
f 1476 1484 1489
f 1477 1487 1488
f 1488 1476 1477
f 1489 1490 1482
f 1482 1483 1489
f 1483 1476 1489
f 3303 3301 3305
f 3301 3303 3640
f 3041 3042 3305
f 3305 3301 3041
f 3640 2485 3638
f 2486 3638 2485
f 3638 3301 3640
f 1475 1467 1479
f 1467 1475 1480
f 1468 1478 1479
f 1479 1467 1468
f 1480 1481 1473
f 1473 1474 1480
f 1474 1467 1480
f 3306 3304 3308
f 3304 3306 3643
f 3043 3044 3308
f 3308 3304 3043
f 3643 2483 2484
f 2484 3641 3643
f 3641 3304 3643
f 1466 1458 1470
f 1458 1466 1471
f 1459 1469 1470
f 1470 1458 1459
f 1471 1472 1464
f 1464 1465 1471
f 1465 1458 1471
f 3309 3307 3311
f 3307 3309 3646
f 3045 3046 3311
f 3311 3307 3045
f 3646 2481 2482
f 2482 3644 3646
f 3644 3307 3646
f 1457 1449 1461
f 1449 1457 1462
f 1450 1460 1461
f 1461 1449 1450
f 1462 1463 1455
f 1455 1456 1462
f 1456 1449 1462
f 3312 3310 3314
f 3310 3312 3650
f 3047 3048 3314
f 3314 3310 3047
f 3650 2479 3647
f 2480 3647 2479
f 3647 3310 3650
f 1448 1440 1452
f 1440 1448 1453
f 1441 1451 1452
f 1452 1440 1441
f 1453 1454 1447
f 1446 1447 1454
f 1447 1440 1453
f 3315 3313 3317
f 3313 3315 3653
f 3049 3050 3317
f 3317 3313 3049
f 3653 2477 2478
f 2478 3651 3653
f 3651 3313 3653
f 1439 1431 1443
f 1431 1439 1444
f 1432 1442 1443
f 1443 1431 1432
f 1444 1445 1437
f 1437 1438 1444
f 1438 1431 1444
f 3318 3316 3320
f 3316 3318 3656
f 3051 3052 3320
f 3320 3316 3051
f 3656 2475 3654
f 2476 3654 2475
f 3654 3316 3656
f 1430 1422 1434
f 1422 1430 1435
f 1423 1433 1434
f 1434 1422 1423
f 1435 1436 1428
f 1428 1429 1435
f 1429 1422 1435
f 3321 3319 3323
f 3319 3321 3660
f 3053 3054 3323
f 3323 3319 3053
f 3660 2473 2474
f 2474 3657 3660
f 3657 3319 3660
f 1421 1413 1425
f 1413 1421 1426
f 1414 1424 1425
f 1425 1413 1414
f 1426 1427 1419
f 1419 1420 1426
f 1420 1413 1426
f 3324 3322 3326
f 3322 3324 3663
f 3055 3056 3326
f 3326 3322 3055
f 3663 2471 3661
f 2472 3661 2471
f 3661 3322 3663
f 1412 1404 1416
f 1404 1412 1417
f 1405 1415 1416
f 1416 1404 1405
f 1417 1418 1410
f 1410 1411 1417
f 1411 1404 1417
f 3327 3325 3329
f 3325 3327 3666
f 3057 3058 3329
f 3329 3325 3057
f 3666 2469 3664
f 2470 3664 2469
f 3664 3325 3666
f 1403 1395 1407
f 1395 1403 1408
f 1396 1406 1407
f 1407 1395 1396
f 1408 1409 1401
f 1401 1402 1408
f 1402 1395 1408
f 3330 3328 3332
f 3328 3330 3669
f 3059 3060 3332
f 3332 3328 3059
f 3669 2467 3667
f 2468 3667 2467
f 3667 3328 3669
f 1394 1386 1398
f 1386 1394 1399
f 1387 1397 1398
f 1398 1386 1387
f 1399 1400 1392
f 1392 1393 1399
f 1393 1386 1399
f 3333 3331 3335
f 3331 3333 3673
f 3061 3062 3335
f 3335 3331 3061
f 3673 2465 2466
f 2466 3670 3673
f 3670 3331 3673
f 1385 1377 1389
f 1377 1385 1390
f 1378 1388 1389
f 1389 1377 1378
f 1390 1391 1384
f 1383 1384 1391
f 1384 1377 1390
f 3336 3334 3338
f 3334 3336 3676
f 3063 3064 3338
f 3338 3334 3063
f 3676 2463 2464
f 2464 3674 3676
f 3674 3334 3676
f 1376 1368 1380
f 1368 1376 1381
f 1369 1379 1380
f 1380 1368 1369
f 1381 1382 1375
f 1374 1375 1382
f 1375 1368 1381
f 3339 3337 3341
f 3337 3339 3679
f 3065 3066 3341
f 3341 3337 3065
f 3679 2461 3677
f 2462 3677 2461
f 3677 3337 3679
f 1367 1359 1371
f 1359 1367 1372
f 1360 1370 1371
f 1371 1359 1360
f 1372 1373 1365
f 1365 1366 1372
f 1366 1359 1372
f 3342 3340 3344
f 3340 3342 3682
f 3067 3068 3344
f 3344 3340 3067
f 3682 2459 2460
f 2460 3680 3682
f 3680 3340 3682
f 1358 1350 1362
f 1350 1358 1363
f 1351 1361 1362
f 1362 1350 1351
f 1363 1364 1357
f 1356 1357 1364
f 1357 1350 1363
f 3345 3343 3347
f 3343 3345 3686
f 3069 3070 3347
f 3347 3343 3069
f 3686 2457 3683
f 2458 3683 2457
f 3683 3343 3686
f 1349 1341 1353
f 1341 1349 1354
f 1342 1352 1353
f 1353 1341 1342
f 1354 1355 1347
f 1347 1348 1354
f 1348 1341 1354
f 3348 3346 3350
f 3346 3348 3689
f 3071 3072 3350
f 3350 3346 3071
f 3689 2455 2456
f 2456 3687 3689
f 3687 3346 3689
f 1340 1332 1344
f 1332 1340 1345
f 1333 1343 1344
f 1344 1332 1333
f 1345 1346 1338
f 1338 1339 1345
f 1339 1332 1345
f 3351 3349 3353
f 3349 3351 3692
f 3073 3074 3353
f 3353 3349 3073
f 3692 2453 2454
f 2454 3690 3692
f 3690 3349 3692
f 1331 1323 1335
f 1323 1331 1336
f 1324 1334 1335
f 1335 1323 1324
f 1336 1337 1329
f 1329 1330 1336
f 1330 1323 1336
f 3354 3352 3356
f 3352 3354 3695
f 3075 3076 3356
f 3356 3352 3075
f 3695 2451 2452
f 2452 3693 3695
f 3693 3352 3695
f 1322 1314 1326
f 1314 1322 1327
f 1315 1325 1326
f 1326 1314 1315
f 1327 1328 1321
f 1320 1321 1328
f 1321 1314 1327
f 3357 3355 3359
f 3355 3357 3699
f 3077 3078 3359
f 3359 3355 3077
f 3699 2449 2450
f 2450 3696 3699
f 3696 3355 3699
f 1313 1305 1317
f 1305 1313 1318
f 1306 1316 1317
f 1317 1305 1306
f 1318 1319 1311
f 1311 1312 1318
f 1312 1305 1318
f 3360 3358 3362
f 3358 3360 3702
f 3079 3080 3362
f 3362 3358 3079
f 3702 2447 2448
f 2448 3700 3702
f 3700 3358 3702
f 1304 1296 1308
f 1296 1304 1309
f 1297 1307 1308
f 1308 1296 1297
f 1309 1310 1302
f 1302 1303 1309
f 1303 1296 1309
f 3363 3361 3365
f 3361 3363 3705
f 3081 3082 3365
f 3365 3361 3081
f 3705 2445 3703
f 2446 3703 2445
f 3703 3361 3705
f 1295 1287 1299
f 1287 1295 1300
f 1288 1298 1299
f 1299 1287 1288
f 1300 1301 1293
f 1293 1294 1300
f 1294 1287 1300
f 3366 3364 3368
f 3364 3366 3709
f 3083 3084 3368
f 3368 3364 3083
f 3709 2443 3706
f 2444 3706 2443
f 3706 3364 3709
f 1286 1278 1290
f 1278 1286 1291
f 1279 1289 1290
f 1290 1278 1279
f 1291 1292 1284
f 1284 1285 1291
f 1285 1278 1291
f 3369 3367 3371
f 3367 3369 3712
f 3085 3086 3371
f 3371 3367 3085
f 3712 2441 3710
f 2442 3710 2441
f 3710 3367 3712
f 1277 1269 1281
f 1269 1277 1282
f 1270 1280 1281
f 1281 1269 1270
f 1282 1283 1275
f 1275 1276 1282
f 1276 1269 1282
f 3372 3370 3374
f 3370 3372 3715
f 3087 3088 3374
f 3374 3370 3087
f 3715 2439 3713
f 2440 3713 2439
f 3713 3370 3715
f 1268 1260 1272
f 1260 1268 1273
f 1261 1271 1272
f 1272 1260 1261
f 1273 1274 1266
f 1266 1267 1273
f 1267 1260 1273
f 3375 3373 3377
f 3373 3375 3718
f 3089 3090 3377
f 3377 3373 3089
f 3718 2437 2438
f 2438 3716 3718
f 3716 3373 3718
f 1259 1251 1263
f 1251 1259 1264
f 1252 1262 1263
f 1263 1251 1252
f 1264 1265 1258
f 1257 1258 1265
f 1258 1251 1264
f 3378 3376 3380
f 3376 3378 3722
f 3091 3092 3380
f 3380 3376 3091
f 3722 2435 2436
f 2436 3719 3722
f 3719 3376 3722
f 1250 1242 1254
f 1242 1250 1255
f 1243 1253 1254
f 1254 1242 1243
f 1255 1256 1248
f 1248 1249 1255
f 1249 1242 1255
f 3381 3379 3383
f 3379 3381 3725
f 3093 3094 3383
f 3383 3379 3093
f 3725 2433 2434
f 2434 3723 3725
f 3723 3379 3725
f 1241 1233 1245
f 1233 1241 1246
f 1234 1244 1245
f 1245 1233 1234
f 1246 1247 1240
f 1239 1240 1247
f 1240 1233 1246
f 3384 3382 3386
f 3382 3384 3728
f 3095 3096 3386
f 3386 3382 3095
f 3728 2431 2432
f 2432 3726 3728
f 3726 3382 3728
f 1232 1224 1236
f 1224 1232 1237
f 1225 1235 1236
f 1236 1224 1225
f 1237 1238 1230
f 1230 1231 1237
f 1231 1224 1237
f 3387 3385 3389
f 3385 3387 3731
f 3097 3098 3389
f 3389 3385 3097
f 3731 2429 2430
f 2430 3729 3731
f 3729 3385 3731
f 1223 1215 1227
f 1215 1223 1228
f 1216 1226 1227
f 1227 1215 1216
f 1228 1229 1222
f 1221 1222 1229
f 1222 1215 1228
f 3390 3388 3392
f 3388 3390 3735
f 3099 3100 3392
f 3392 3388 3099
f 3735 2427 2428
f 2428 3732 3735
f 3732 3388 3735
f 1214 1206 1218
f 1206 1214 1219
f 1207 1217 1218
f 1218 1206 1207
f 1219 1220 1212
f 1212 1213 1219
f 1213 1206 1219
f 3393 3391 3395
f 3391 3393 3738
f 3101 3102 3395
f 3395 3391 3101
f 3738 2425 2426
f 2426 3736 3738
f 3736 3391 3738
f 1205 1197 1209
f 1197 1205 1210
f 1198 1208 1209
f 1209 1197 1198
f 1210 1211 1203
f 1203 1204 1210
f 1204 1197 1210
f 3396 3394 3398
f 3394 3396 3741
f 3103 3104 3398
f 3398 3394 3103
f 3741 2423 2424
f 2424 3739 3741
f 3739 3394 3741
f 1196 1188 1200
f 1188 1196 1201
f 1189 1199 1200
f 1200 1188 1189
f 1201 1202 1194
f 1194 1195 1201
f 1195 1188 1201
f 3399 3397 3401
f 3397 3399 3744
f 3105 3106 3401
f 3401 3397 3105
f 3744 2421 2422
f 2422 3742 3744
f 3742 3397 3744
f 1187 1179 1191
f 1179 1187 1192
f 1180 1190 1191
f 1191 1179 1180
f 1192 1193 1185
f 1185 1186 1192
f 1186 1179 1192
f 3402 3400 3404
f 3400 3402 3748
f 3107 3108 3404
f 3404 3400 3107
f 3748 2419 2420
f 2420 3745 3748
f 3745 3400 3748
f 1178 1170 1182
f 1170 1178 1183
f 1171 1181 1182
f 1182 1170 1171
f 1183 1184 1177
f 1176 1177 1184
f 1177 1170 1183
f 3405 3403 3407
f 3403 3405 3751
f 3109 3110 3407
f 3407 3403 3109
f 3751 2417 3749
f 2418 3749 2417
f 3749 3403 3751
f 1169 1161 1173
f 1161 1169 1174
f 1162 1172 1173
f 1173 1161 1162
f 1174 1175 1167
f 1167 1168 1174
f 1168 1161 1174
f 3408 3406 3410
f 3406 3408 3754
f 3111 3112 3410
f 3410 3406 3111
f 3754 2415 2416
f 2416 3752 3754
f 3752 3406 3754
f 1160 1152 1164
f 1152 1160 1165
f 1153 1163 1164
f 1164 1152 1153
f 1165 1166 1158
f 1158 1159 1165
f 1159 1152 1165
f 3411 3409 3413
f 3409 3411 3758
f 3113 3114 3413
f 3413 3409 3113
f 3758 2413 2414
f 2414 3755 3758
f 3755 3409 3758
f 1151 1143 1155
f 1143 1151 1156
f 1144 1154 1155
f 1155 1143 1144
f 1156 1157 1149
f 1149 1150 1156
f 1150 1143 1156
f 3414 3412 3416
f 3412 3414 3761
f 3115 3116 3416
f 3416 3412 3115
f 3761 2411 2412
f 2412 3759 3761
f 3759 3412 3761
f 1142 1134 1146
f 1134 1142 1147
f 1135 1145 1146
f 1146 1134 1135
f 1147 1148 1140
f 1140 1141 1147
f 1141 1134 1147
f 3417 3415 3419
f 3415 3417 3764
f 3117 3118 3419
f 3419 3415 3117
f 3764 2409 3762
f 2410 3762 2409
f 3762 3415 3764
f 1133 1125 1137
f 1125 1133 1138
f 1126 1136 1137
f 1137 1125 1126
f 1138 1139 1131
f 1131 1132 1138
f 1132 1125 1138
f 3420 3418 3422
f 3418 3420 3767
f 3119 3120 3422
f 3422 3418 3119
f 3767 2407 2408
f 2408 3765 3767
f 3765 3418 3767
f 1124 1116 1128
f 1116 1124 1129
f 1117 1127 1128
f 1128 1116 1117
f 1129 1130 1122
f 1122 1123 1129
f 1123 1116 1129
f 3423 3421 3425
f 3421 3423 3771
f 3121 3122 3425
f 3425 3421 3121
f 3771 2405 3768
f 2406 3768 2405
f 3768 3421 3771
f 1115 1107 1119
f 1107 1115 1120
f 1108 1118 1119
f 1119 1107 1108
f 1120 1121 1113
f 1113 1114 1120
f 1114 1107 1120
f 3426 3424 3428
f 3424 3426 3774
f 3123 3124 3428
f 3428 3424 3123
f 3774 2403 2404
f 2404 3772 3774
f 3772 3424 3774
f 1106 1098 1110
f 1098 1106 1111
f 1099 1109 1110
f 1110 1098 1099
f 1111 1112 1104
f 1104 1105 1111
f 1105 1098 1111
f 3429 3427 3431
f 3427 3429 3777
f 3125 3126 3431
f 3431 3427 3125
f 3777 2401 2402
f 2402 3775 3777
f 3775 3427 3777
f 1097 1089 1101
f 1089 1097 1102
f 1090 1100 1101
f 1101 1089 1090
f 1102 1103 1095
f 1095 1096 1102
f 1096 1089 1102
f 3432 3430 3434
f 3430 3432 3779
f 3127 3128 3434
f 3434 3430 3127
f 3779 2399 3778
f 2400 3778 2399
f 3778 3430 3779
f 1088 1080 1092
f 1080 1088 1093
f 1081 1091 1092
f 1092 1080 1081
f 1093 1094 1087
f 1086 1087 1094
f 1087 1080 1093
f 3435 3433 3437
f 3433 3435 3781
f 3129 3130 3437
f 3437 3433 3129
f 3781 2397 2398
f 2398 3780 3781
f 3780 3433 3781
f 1079 1071 1083
f 1071 1079 1084
f 1072 1082 1083
f 1083 1071 1072
f 1084 1085 1078
f 1077 1078 1085
f 1078 1071 1084
f 3438 3436 3440
f 3436 3438 3783
f 3131 3132 3440
f 3440 3436 3131
f 3783 2395 2396
f 2396 3782 3783
f 3782 3436 3783
f 1070 1062 1074
f 1062 1070 1075
f 1063 1073 1074
f 1074 1062 1063
f 1075 1076 1068
f 1068 1069 1075
f 1069 1062 1075
f 3441 3439 3443
f 3439 3441 3785
f 3133 3134 3443
f 3443 3439 3133
f 3785 2393 2394
f 2394 3784 3785
f 3784 3439 3785
f 3450 3442 3449
f 3442 3450 1061
f 1061 3445 1065
f 3445 1061 3450
f 1065 3183 1064
f 3451 3449 3442
f 3442 1061 1066
f 1066 1067 3786
f 2392 3786 1067
f 1065 3445 3183
f 3135 3136 3451
f 3442 3135 3451
f 3442 1066 3786
f 3457 3447 3448
f 3447 3457 3458
f 3457 3448 3137
f 3444 3458 3453
f 3458 3444 3447
f 3444 3453 3446
f 3459 3137 3138
f 3137 3459 3457
f 3446 3181 3182
f 3446 3453 3181
f 3455 3456 3465
f 3465 3456 3139
f 3455 3465 3466
f 3455 3461 3452
f 3461 3455 3466
f 3452 3461 3454
f 3467 3139 3140
f 3139 3467 3465
f 3454 3179 3180
f 3454 3461 3179
f 3463 3464 3473
f 3473 3464 3141
f 3463 3473 3474
f 3460 3474 3469
f 3474 3460 3463
f 3460 3469 3462
f 3475 3141 3142
f 3141 3475 3473
f 3462 3177 3178
f 3462 3469 3177
f 3471 3472 3481
f 3481 3472 3143
f 3471 3481 3482
f 3468 3482 3477
f 3482 3468 3471
f 3468 3477 3470
f 3483 3143 3144
f 3143 3483 3481
f 3470 3175 3176
f 3470 3477 3175
f 3479 3480 3489
f 3489 3480 3491
f 3479 3489 3490
f 3479 3485 3476
f 3485 3479 3490
f 3476 3485 3478
f 3491 3145 3146
f 3145 3491 3480
f 3478 3173 3174
f 3478 3485 3173
f 3487 3488 3497
f 3497 3488 3147
f 3487 3497 3498
f 3484 3498 3493
f 3498 3484 3487
f 3484 3493 3486
f 3499 3147 3148
f 3147 3499 3497
f 3486 3171 3172
f 3486 3493 3171
f 3495 3496 3505
f 3505 3496 3149
f 3495 3505 3506
f 3492 3506 3501
f 3506 3492 3495
f 3492 3501 3494
f 3507 3149 3150
f 3149 3507 3505
f 3494 3169 3170
f 3494 3501 3169
f 3513 3503 3504
f 3503 3513 3514
f 3513 3504 3515
f 3500 3514 3509
f 3514 3500 3503
f 3500 3509 3502
f 3515 3151 3152
f 3151 3515 3504
f 3502 3167 3168
f 3502 3509 3167
f 3511 3512 3521
f 3521 3512 3153
f 3511 3521 3522
f 3511 3517 3508
f 3517 3511 3522
f 3508 3517 3510
f 3523 3153 3154
f 3153 3523 3521
f 3510 3165 3166
f 3510 3517 3165
f 3519 3520 3529
f 3529 3520 3155
f 3519 3529 3530
f 3516 3530 3525
f 3530 3516 3519
f 3516 3525 3518
f 3531 3155 3156
f 3155 3531 3529
f 3518 3163 3164
f 3518 3525 3163
f 3527 3528 3536
f 3527 3533 3524
f 3533 3527 3536
f 3524 3533 3526
f 3528 3157 3536
f 3537 3157 3158
f 3157 3537 3536
f 3526 3161 3162
f 3526 3533 3161
f 3532 3535 3534
f 3534 3159 3160
f 3159 3534 3535
