/*---------------------------------------------------------------------------*\
  =========                 |
  \\      /  F ield         | OpenFOAM: The Open Source CFD Toolbox
   \\    /   O peration     | Website:  https://openfoam.org
    \\  /    A nd           | Version:  7
     \\/     M anipulation  |
\*---------------------------------------------------------------------------*/
Build  : 7-63349425784a
Exec   : /home/bmanden/OpenFOAM-7/platforms/linux64GccDPInt32Opt/bin/postProcess -dict system/pointCloudDict -fields (U p k epsilon)
Date   : Sep 04 2025
Time   : 15:46:41
Host   : "cmp257"
PID    : 3442680
I/O    : uncollated
Case   : /scratch/bmanden/FZK-Haus_2/results/025m/45_degrees
nProcs : 1
sigFpe : Enabling floating point exception trapping (FOAM_SIGFPE).
fileModificationChecking : Monitoring run-time modified files using timeStampMaster (fileModificationSkew 10)
allowSystemOperations : Allowing user-supplied system call operations

// * * * * * * * * * * * * * * * * * * * * * * * * * * * * * * * * * * * * * //
Create time

Create mesh for time = 2000

--> FOAM Warning : 
    From function Foam::triFace Foam::tetIndices::faceTriIs(const Foam::polyMesh&) const
    in file meshes/polyMesh/polyMeshTetDecomposition/tetIndicesI.H at line 76
    No base point for face 35403335, 4(13370073 13371042 13372190 13371038), produces a valid tet decomposition.
--> FOAM Warning : 
    From function Foam::triFace Foam::tetIndices::faceTriIs(const Foam::polyMesh&) const
    in file meshes/polyMesh/polyMeshTetDecomposition/tetIndicesI.H at line 76
    No base point for face 34851235, 4(13169263 13171686 13173325 13171620), produces a valid tet decomposition.
--> FOAM Warning : 
    From function Foam::triFace Foam::tetIndices::faceTriIs(const Foam::polyMesh&) const
    in file meshes/polyMesh/polyMeshTetDecomposition/tetIndicesI.H at line 76
    No base point for face 37013250, 4(13545887 13545626 13955939 13955930), produces a valid tet decomposition.
--> FOAM Warning : 
    From function Foam::triFace Foam::tetIndices::faceTriIs(const Foam::polyMesh&) const
    in file meshes/polyMesh/polyMeshTetDecomposition/tetIndicesI.H at line 76
    No base point for face 37030157, 4(13959305 13960433 13961161 13959717), produces a valid tet decomposition.
--> FOAM Warning : 
    From function Foam::triFace Foam::tetIndices::faceTriIs(const Foam::polyMesh&) const
    in file meshes/polyMesh/polyMeshTetDecomposition/tetIndicesI.H at line 76
    No base point for face 35403335, 4(13370073 13371042 13372190 13371038), produces a valid tet decomposition.
--> FOAM Warning : 
    From function Foam::triFace Foam::tetIndices::faceTriIs(const Foam::polyMesh&) const
    in file meshes/polyMesh/polyMeshTetDecomposition/tetIndicesI.H at line 76
    No base point for face 34851235, 4(13169263 13171686 13173325 13171620), produces a valid tet decomposition.
--> FOAM Warning : 
    From function Foam::triFace Foam::tetIndices::faceTriIs(const Foam::polyMesh&) const
    in file meshes/polyMesh/polyMeshTetDecomposition/tetIndicesI.H at line 76
    No base point for face 37013250, 4(13545887 13545626 13955939 13955930), produces a valid tet decomposition.
--> FOAM Warning : 
    From function Foam::triFace Foam::tetIndices::faceTriIs(const Foam::polyMesh&) const
    in file meshes/polyMesh/polyMeshTetDecomposition/tetIndicesI.H at line 76
    No base point for face 37030157, 4(13959305 13960433 13961161 13959717), produces a valid tet decomposition.
--> FOAM Warning : 
    From function Foam::triFace Foam::tetIndices::faceTriIs(const Foam::polyMesh&) const
    in file meshes/polyMesh/polyMeshTetDecomposition/tetIndicesI.H at line 76
    No base point for face 34851235, 4(13169263 13171686 13173325 13171620), produces a valid tet decomposition.
--> FOAM Warning : 
    From function Foam::triFace Foam::tetIndices::faceTriIs(const Foam::polyMesh&) const
    in file meshes/polyMesh/polyMeshTetDecomposition/tetIndicesI.H at line 76
    No base point for face 37013250, 4(13545887 13545626 13955939 13955930), produces a valid tet decomposition.
--> FOAM Warning : 
    From function Foam::triFace Foam::tetIndices::faceTriIs(const Foam::polyMesh&) const
    in file meshes/polyMesh/polyMeshTetDecomposition/tetIndicesI.H at line 76
    No base point for face 37030157, 4(13959305 13960433 13961161 13959717), produces a valid tet decomposition.
--> FOAM Warning : 
    From function Foam::triFace Foam::tetIndices::faceTriIs(const Foam::polyMesh&) const
    in file meshes/polyMesh/polyMeshTetDecomposition/tetIndicesI.H at line 76
    No base point for face 34851235, 4(13169263 13171686 13173325 13171620), produces a valid tet decomposition.
--> FOAM Warning : 
    From function Foam::triFace Foam::tetIndices::faceTriIs(const Foam::polyMesh&) const
    in file meshes/polyMesh/polyMeshTetDecomposition/tetIndicesI.H at line 76
    No base point for face 37013250, 4(13545887 13545626 13955939 13955930), produces a valid tet decomposition.
--> FOAM Warning : 
    From function Foam::triFace Foam::tetIndices::faceTriIs(const Foam::polyMesh&) const
    in file meshes/polyMesh/polyMeshTetDecomposition/tetIndicesI.H at line 76
    No base point for face 37030157, 4(13959305 13960433 13961161 13959717), produces a valid tet decomposition.
--> FOAM Warning : 
    From function Foam::triFace Foam::tetIndices::faceTriIs(const Foam::polyMesh&) const
    in file meshes/polyMesh/polyMeshTetDecomposition/tetIndicesI.H at line 76
    No base point for face 53797082, 4(15484231 15486094 15488499 15486635), produces a valid tet decomposition.
--> FOAM Warning : 
    From function Foam::triFace Foam::tetIndices::faceTriIs(const Foam::polyMesh&) const
    in file meshes/polyMesh/polyMeshTetDecomposition/tetIndicesI.H at line 76
    No base point for face 41451280, 4(15488499 15486970 15488497 15484884), produces a valid tet decomposition.
--> FOAM Warning : 
    From function Foam::triFace Foam::tetIndices::faceTriIs(const Foam::polyMesh&) const
    in file meshes/polyMesh/polyMeshTetDecomposition/tetIndicesI.H at line 76
    No base point for face 53797095, 4(15484231 15486638 15487777 15486094), produces a valid tet decomposition.
--> FOAM Warning : 
    From function Foam::triFace Foam::tetIndices::faceTriIs(const Foam::polyMesh&) const
    in file meshes/polyMesh/polyMeshTetDecomposition/tetIndicesI.H at line 76
    No base point for face 53797082, 4(15484231 15486094 15488499 15486635), produces a valid tet decomposition.
--> FOAM Warning : 
    From function Foam::triFace Foam::tetIndices::faceTriIs(const Foam::polyMesh&) const
    in file meshes/polyMesh/polyMeshTetDecomposition/tetIndicesI.H at line 76
    No base point for face 41451280, 4(15488499 15486970 15488497 15484884), produces a valid tet decomposition.
--> FOAM Warning : 
    From function Foam::triFace Foam::tetIndices::faceTriIs(const Foam::polyMesh&) const
    in file meshes/polyMesh/polyMeshTetDecomposition/tetIndicesI.H at line 76
    No base point for face 53797095, 4(15484231 15486638 15487777 15486094), produces a valid tet decomposition.
--> FOAM Warning : 
    From function Foam::triFace Foam::tetIndices::faceTriIs(const Foam::polyMesh&) const
    in file meshes/polyMesh/polyMeshTetDecomposition/tetIndicesI.H at line 76
    No base point for face 43066979, 4(16075037 16072837 16075035 16073207), produces a valid tet decomposition.
--> FOAM Warning : 
    From function Foam::triFace Foam::tetIndices::faceTriIs(const Foam::polyMesh&) const
    in file meshes/polyMesh/polyMeshTetDecomposition/tetIndicesI.H at line 76
    No base point for face 53850697, 4(16072458 16073967 16075037 16073243), produces a valid tet decomposition.
--> FOAM Warning : 
    From function Foam::triFace Foam::tetIndices::faceTriIs(const Foam::polyMesh&) const
    in file meshes/polyMesh/polyMeshTetDecomposition/tetIndicesI.H at line 76
    No base point for face 43066979, 4(16075037 16072837 16075035 16073207), produces a valid tet decomposition.
--> FOAM Warning : 
    From function Foam::triFace Foam::tetIndices::faceTriIs(const Foam::polyMesh&) const
    in file meshes/polyMesh/polyMeshTetDecomposition/tetIndicesI.H at line 76
    No base point for face 53850698, 4(16072458 16073243 16074690 16073969), produces a valid tet decomposition.
--> FOAM Warning : 
    From function Foam::triFace Foam::tetIndices::faceTriIs(const Foam::polyMesh&) const
    in file meshes/polyMesh/polyMeshTetDecomposition/tetIndicesI.H at line 76
    No base point for face 53797082, 4(15484231 15486094 15488499 15486635), produces a valid tet decomposition.
--> FOAM Warning : 
    From function Foam::triFace Foam::tetIndices::faceTriIs(const Foam::polyMesh&) const
    in file meshes/polyMesh/polyMeshTetDecomposition/tetIndicesI.H at line 76
    No base point for face 41451280, 4(15488499 15486970 15488497 15484884), produces a valid tet decomposition.
--> FOAM Warning : 
    From function Foam::triFace Foam::tetIndices::faceTriIs(const Foam::polyMesh&) const
    in file meshes/polyMesh/polyMeshTetDecomposition/tetIndicesI.H at line 76
    No base point for face 53797095, 4(15484231 15486638 15487777 15486094), produces a valid tet decomposition.
--> FOAM Warning : 
    From function Foam::triFace Foam::tetIndices::faceTriIs(const Foam::polyMesh&) const
    in file meshes/polyMesh/polyMeshTetDecomposition/tetIndicesI.H at line 76
    No base point for face 53797082, 4(15484231 15486094 15488499 15486635), produces a valid tet decomposition.
--> FOAM Warning : 
    From function Foam::triFace Foam::tetIndices::faceTriIs(const Foam::polyMesh&) const
    in file meshes/polyMesh/polyMeshTetDecomposition/tetIndicesI.H at line 76
    No base point for face 41451280, 4(15488499 15486970 15488497 15484884), produces a valid tet decomposition.
--> FOAM Warning : 
    From function Foam::triFace Foam::tetIndices::faceTriIs(const Foam::polyMesh&) const
    in file meshes/polyMesh/polyMeshTetDecomposition/tetIndicesI.H at line 76
    No base point for face 53797095, 4(15484231 15486638 15487777 15486094), produces a valid tet decomposition.
--> FOAM Warning : 
    From function Foam::triFace Foam::tetIndices::faceTriIs(const Foam::polyMesh&) const
    in file meshes/polyMesh/polyMeshTetDecomposition/tetIndicesI.H at line 76
    No base point for face 53797082, 4(15484231 15486094 15488499 15486635), produces a valid tet decomposition.
--> FOAM Warning : 
    From function Foam::triFace Foam::tetIndices::faceTriIs(const Foam::polyMesh&) const
    in file meshes/polyMesh/polyMeshTetDecomposition/tetIndicesI.H at line 76
    No base point for face 41451280, 4(15488499 15486970 15488497 15484884), produces a valid tet decomposition.
--> FOAM Warning : 
    From function Foam::triFace Foam::tetIndices::faceTriIs(const Foam::polyMesh&) const
    in file meshes/polyMesh/polyMeshTetDecomposition/tetIndicesI.H at line 76
    No base point for face 53797095, 4(15484231 15486638 15487777 15486094), produces a valid tet decomposition.
--> FOAM Warning : 
    From function Foam::triFace Foam::tetIndices::faceTriIs(const Foam::polyMesh&) const
    in file meshes/polyMesh/polyMeshTetDecomposition/tetIndicesI.H at line 76
    No base point for face 43066979, 4(16075037 16072837 16075035 16073207), produces a valid tet decomposition.
--> FOAM Warning : 
    From function Foam::triFace Foam::tetIndices::faceTriIs(const Foam::polyMesh&) const
    in file meshes/polyMesh/polyMeshTetDecomposition/tetIndicesI.H at line 76
    No base point for face 53850697, 4(16072458 16073967 16075037 16073243), produces a valid tet decomposition.
--> FOAM Warning : 
    From function Foam::triFace Foam::tetIndices::faceTriIs(const Foam::polyMesh&) const
    in file meshes/polyMesh/polyMeshTetDecomposition/tetIndicesI.H at line 76
    No base point for face 43066979, 4(16075037 16072837 16075035 16073207), produces a valid tet decomposition.
--> FOAM Warning : 
    From function Foam::triFace Foam::tetIndices::faceTriIs(const Foam::polyMesh&) const
    in file meshes/polyMesh/polyMeshTetDecomposition/tetIndicesI.H at line 76
    No base point for face 53850698, 4(16072458 16073243 16074690 16073969), produces a valid tet decomposition.
--> FOAM Warning : 
    From function Foam::triFace Foam::tetIndices::faceTriIs(const Foam::polyMesh&) const
    in file meshes/polyMesh/polyMeshTetDecomposition/tetIndicesI.H at line 76
    No base point for face 43066979, 4(16075037 16072837 16075035 16073207), produces a valid tet decomposition.
--> FOAM Warning : 
    From function Foam::triFace Foam::tetIndices::faceTriIs(const Foam::polyMesh&) const
    in file meshes/polyMesh/polyMeshTetDecomposition/tetIndicesI.H at line 76
    No base point for face 53850697, 4(16072458 16073967 16075037 16073243), produces a valid tet decomposition.
--> FOAM Warning : 
    From function Foam::triFace Foam::tetIndices::faceTriIs(const Foam::polyMesh&) const
    in file meshes/polyMesh/polyMeshTetDecomposition/tetIndicesI.H at line 76
    No base point for face 43066979, 4(16075037 16072837 16075035 16073207), produces a valid tet decomposition.
--> FOAM Warning : 
    From function Foam::triFace Foam::tetIndices::faceTriIs(const Foam::polyMesh&) const
    in file meshes/polyMesh/polyMeshTetDecomposition/tetIndicesI.H at line 76
    No base point for face 53850698, 4(16072458 16073243 16074690 16073969), produces a valid tet decomposition.
--> FOAM Warning : 
    From function Foam::triFace Foam::tetIndices::faceTriIs(const Foam::polyMesh&) const
    in file meshes/polyMesh/polyMeshTetDecomposition/tetIndicesI.H at line 76
    No base point for face 43066979, 4(16075037 16072837 16075035 16073207), produces a valid tet decomposition.
--> FOAM Warning : 
    From function Foam::triFace Foam::tetIndices::faceTriIs(const Foam::polyMesh&) const
    in file meshes/polyMesh/polyMeshTetDecomposition/tetIndicesI.H at line 76
    No base point for face 53850697, 4(16072458 16073967 16075037 16073243), produces a valid tet decomposition.
--> FOAM Warning : 
    From function Foam::triFace Foam::tetIndices::faceTriIs(const Foam::polyMesh&) const
    in file meshes/polyMesh/polyMeshTetDecomposition/tetIndicesI.H at line 76
    No base point for face 43066979, 4(16075037 16072837 16075035 16073207), produces a valid tet decomposition.
--> FOAM Warning : 
    From function Foam::triFace Foam::tetIndices::faceTriIs(const Foam::polyMesh&) const
    in file meshes/polyMesh/polyMeshTetDecomposition/tetIndicesI.H at line 76
    No base point for face 53850698, 4(16072458 16073243 16074690 16073969), produces a valid tet decomposition.
--> FOAM Warning : 
    From function Foam::triFace Foam::tetIndices::faceTriIs(const Foam::polyMesh&) const
    in file meshes/polyMesh/polyMeshTetDecomposition/tetIndicesI.H at line 76
    No base point for face 53797082, 4(15484231 15486094 15488499 15486635), produces a valid tet decomposition.
--> FOAM Warning : 
    From function Foam::triFace Foam::tetIndices::faceTriIs(const Foam::polyMesh&) const
    in file meshes/polyMesh/polyMeshTetDecomposition/tetIndicesI.H at line 76
    No base point for face 41451280, 4(15488499 15486970 15488497 15484884), produces a valid tet decomposition.
--> FOAM Warning : 
    From function Foam::triFace Foam::tetIndices::faceTriIs(const Foam::polyMesh&) const
    in file meshes/polyMesh/polyMeshTetDecomposition/tetIndicesI.H at line 76
    No base point for face 53797095, 4(15484231 15486638 15487777 15486094), produces a valid tet decomposition.
--> FOAM Warning : 
    From function Foam::triFace Foam::tetIndices::faceTriIs(const Foam::polyMesh&) const
    in file meshes/polyMesh/polyMeshTetDecomposition/tetIndicesI.H at line 76
    No base point for face 53797082, 4(15484231 15486094 15488499 15486635), produces a valid tet decomposition.
--> FOAM Warning : 
    From function Foam::triFace Foam::tetIndices::faceTriIs(const Foam::polyMesh&) const
    in file meshes/polyMesh/polyMeshTetDecomposition/tetIndicesI.H at line 76
    No base point for face 41451280, 4(15488499 15486970 15488497 15484884), produces a valid tet decomposition.
--> FOAM Warning : 
    From function Foam::triFace Foam::tetIndices::faceTriIs(const Foam::polyMesh&) const
    in file meshes/polyMesh/polyMeshTetDecomposition/tetIndicesI.H at line 76
    No base point for face 53797095, 4(15484231 15486638 15487777 15486094), produces a valid tet decomposition.
--> FOAM Warning : 
    From function Foam::triFace Foam::tetIndices::faceTriIs(const Foam::polyMesh&) const
    in file meshes/polyMesh/polyMeshTetDecomposition/tetIndicesI.H at line 76
    No base point for face 53797082, 4(15484231 15486094 15488499 15486635), produces a valid tet decomposition.
--> FOAM Warning : 
    From function Foam::triFace Foam::tetIndices::faceTriIs(const Foam::polyMesh&) const
    in file meshes/polyMesh/polyMeshTetDecomposition/tetIndicesI.H at line 76
    No base point for face 41451280, 4(15488499 15486970 15488497 15484884), produces a valid tet decomposition.
--> FOAM Warning : 
    From function Foam::triFace Foam::tetIndices::faceTriIs(const Foam::polyMesh&) const
    in file meshes/polyMesh/polyMeshTetDecomposition/tetIndicesI.H at line 76
    No base point for face 53797095, 4(15484231 15486638 15487777 15486094), produces a valid tet decomposition.
--> FOAM Warning : 
    From function Foam::triFace Foam::tetIndices::faceTriIs(const Foam::polyMesh&) const
    in file meshes/polyMesh/polyMeshTetDecomposition/tetIndicesI.H at line 76
    No base point for face 53797082, 4(15484231 15486094 15488499 15486635), produces a valid tet decomposition.
--> FOAM Warning : 
    From function Foam::triFace Foam::tetIndices::faceTriIs(const Foam::polyMesh&) const
    in file meshes/polyMesh/polyMeshTetDecomposition/tetIndicesI.H at line 76
    No base point for face 41451280, 4(15488499 15486970 15488497 15484884), produces a valid tet decomposition.
--> FOAM Warning : 
    From function Foam::triFace Foam::tetIndices::faceTriIs(const Foam::polyMesh&) const
    in file meshes/polyMesh/polyMeshTetDecomposition/tetIndicesI.H at line 76
    No base point for face 53797095, 4(15484231 15486638 15487777 15486094), produces a valid tet decomposition.
--> FOAM Warning : 
    From function Foam::triFace Foam::tetIndices::faceTriIs(const Foam::polyMesh&) const
    in file meshes/polyMesh/polyMeshTetDecomposition/tetIndicesI.H at line 76
    No base point for face 43066979, 4(16075037 16072837 16075035 16073207), produces a valid tet decomposition.
--> FOAM Warning : 
    From function Foam::triFace Foam::tetIndices::faceTriIs(const Foam::polyMesh&) const
    in file meshes/polyMesh/polyMeshTetDecomposition/tetIndicesI.H at line 76
    No base point for face 53850697, 4(16072458 16073967 16075037 16073243), produces a valid tet decomposition.
--> FOAM Warning : 
    From function Foam::triFace Foam::tetIndices::faceTriIs(const Foam::polyMesh&) const
    in file meshes/polyMesh/polyMeshTetDecomposition/tetIndicesI.H at line 76
    No base point for face 43066979, 4(16075037 16072837 16075035 16073207), produces a valid tet decomposition.
--> FOAM Warning : 
    From function Foam::triFace Foam::tetIndices::faceTriIs(const Foam::polyMesh&) const
    in file meshes/polyMesh/polyMeshTetDecomposition/tetIndicesI.H at line 76
    No base point for face 53850698, 4(16072458 16073243 16074690 16073969), produces a valid tet decomposition.
--> FOAM Warning : 
    From function Foam::triFace Foam::tetIndices::faceTriIs(const Foam::polyMesh&) const
    in file meshes/polyMesh/polyMeshTetDecomposition/tetIndicesI.H at line 76
    No base point for face 43066979, 4(16075037 16072837 16075035 16073207), produces a valid tet decomposition.
--> FOAM Warning : 
    From function Foam::triFace Foam::tetIndices::faceTriIs(const Foam::polyMesh&) const
    in file meshes/polyMesh/polyMeshTetDecomposition/tetIndicesI.H at line 76
    No base point for face 53850697, 4(16072458 16073967 16075037 16073243), produces a valid tet decomposition.
--> FOAM Warning : 
    From function Foam::triFace Foam::tetIndices::faceTriIs(const Foam::polyMesh&) const
    in file meshes/polyMesh/polyMeshTetDecomposition/tetIndicesI.H at line 76
    No base point for face 43066979, 4(16075037 16072837 16075035 16073207), produces a valid tet decomposition.
--> FOAM Warning : 
    From function Foam::triFace Foam::tetIndices::faceTriIs(const Foam::polyMesh&) const
    in file meshes/polyMesh/polyMeshTetDecomposition/tetIndicesI.H at line 76
    No base point for face 53850698, 4(16072458 16073243 16074690 16073969), produces a valid tet decomposition.
--> FOAM Warning : 
    From function Foam::triFace Foam::tetIndices::faceTriIs(const Foam::polyMesh&) const
    in file meshes/polyMesh/polyMeshTetDecomposition/tetIndicesI.H at line 76
    No base point for face 43066979, 4(16075037 16072837 16075035 16073207), produces a valid tet decomposition.
--> FOAM Warning : 
    From function Foam::triFace Foam::tetIndices::faceTriIs(const Foam::polyMesh&) const
    in file meshes/polyMesh/polyMeshTetDecomposition/tetIndicesI.H at line 76
    No base point for face 53850697, 4(16072458 16073967 16075037 16073243), produces a valid tet decomposition.
--> FOAM Warning : 
    From function Foam::triFace Foam::tetIndices::faceTriIs(const Foam::polyMesh&) const
    in file meshes/polyMesh/polyMeshTetDecomposition/tetIndicesI.H at line 76
    No base point for face 43066979, 4(16075037 16072837 16075035 16073207), produces a valid tet decomposition.
--> FOAM Warning : 
    From function Foam::triFace Foam::tetIndices::faceTriIs(const Foam::polyMesh&) const
    in file meshes/polyMesh/polyMeshTetDecomposition/tetIndicesI.H at line 76
    No base point for face 53850698, 4(16072458 16073243 16074690 16073969), produces a valid tet decomposition.
--> FOAM Warning : 
    From function Foam::triFace Foam::tetIndices::faceTriIs(const Foam::polyMesh&) const
    in file meshes/polyMesh/polyMeshTetDecomposition/tetIndicesI.H at line 76
    No base point for face 43066979, 4(16075037 16072837 16075035 16073207), produces a valid tet decomposition.
--> FOAM Warning : 
    From function Foam::triFace Foam::tetIndices::faceTriIs(const Foam::polyMesh&) const
    in file meshes/polyMesh/polyMeshTetDecomposition/tetIndicesI.H at line 76
    No base point for face 53850697, 4(16072458 16073967 16075037 16073243), produces a valid tet decomposition.
--> FOAM Warning : 
    From function Foam::triFace Foam::tetIndices::faceTriIs(const Foam::polyMesh&) const
    in file meshes/polyMesh/polyMeshTetDecomposition/tetIndicesI.H at line 76
    No base point for face 43066979, 4(16075037 16072837 16075035 16073207), produces a valid tet decomposition.
--> FOAM Warning : 
    From function Foam::triFace Foam::tetIndices::faceTriIs(const Foam::polyMesh&) const
    in file meshes/polyMesh/polyMeshTetDecomposition/tetIndicesI.H at line 76
    No base point for face 53850698, 4(16072458 16073243 16074690 16073969), produces a valid tet decomposition.
--> FOAM Warning : 
    From function Foam::triFace Foam::tetIndices::faceTriIs(const Foam::polyMesh&) const
    in file meshes/polyMesh/polyMeshTetDecomposition/tetIndicesI.H at line 76
    No base point for face 53797082, 4(15484231 15486094 15488499 15486635), produces a valid tet decomposition.
--> FOAM Warning : 
    From function Foam::triFace Foam::tetIndices::faceTriIs(const Foam::polyMesh&) const
    in file meshes/polyMesh/polyMeshTetDecomposition/tetIndicesI.H at line 76
    No base point for face 41451280, 4(15488499 15486970 15488497 15484884), produces a valid tet decomposition.
--> FOAM Warning : 
    From function Foam::triFace Foam::tetIndices::faceTriIs(const Foam::polyMesh&) const
    in file meshes/polyMesh/polyMeshTetDecomposition/tetIndicesI.H at line 76
    No base point for face 53797095, 4(15484231 15486638 15487777 15486094), produces a valid tet decomposition.
--> FOAM Warning : 
    From function Foam::triFace Foam::tetIndices::faceTriIs(const Foam::polyMesh&) const
    in file meshes/polyMesh/polyMeshTetDecomposition/tetIndicesI.H at line 76
    No base point for face 53797082, 4(15484231 15486094 15488499 15486635), produces a valid tet decomposition.
--> FOAM Warning : 
    From function Foam::triFace Foam::tetIndices::faceTriIs(const Foam::polyMesh&) const
    in file meshes/polyMesh/polyMeshTetDecomposition/tetIndicesI.H at line 76
    No base point for face 41451280, 4(15488499 15486970 15488497 15484884), produces a valid tet decomposition.
--> FOAM Warning : 
    From function Foam::triFace Foam::tetIndices::faceTriIs(const Foam::polyMesh&) const
    in file meshes/polyMesh/polyMeshTetDecomposition/tetIndicesI.H at line 76
    No base point for face 53797095, 4(15484231 15486638 15487777 15486094), produces a valid tet decomposition.
--> FOAM Warning : 
    From function Foam::triFace Foam::tetIndices::faceTriIs(const Foam::polyMesh&) const
    in file meshes/polyMesh/polyMeshTetDecomposition/tetIndicesI.H at line 76
    No base point for face 53797082, 4(15484231 15486094 15488499 15486635), produces a valid tet decomposition.
--> FOAM Warning : 
    From function Foam::triFace Foam::tetIndices::faceTriIs(const Foam::polyMesh&) const
    in file meshes/polyMesh/polyMeshTetDecomposition/tetIndicesI.H at line 76
    No base point for face 41451280, 4(15488499 15486970 15488497 15484884), produces a valid tet decomposition.
--> FOAM Warning : 
    From function Foam::triFace Foam::tetIndices::faceTriIs(const Foam::polyMesh&) const
    in file meshes/polyMesh/polyMeshTetDecomposition/tetIndicesI.H at line 76
    No base point for face 53797095, 4(15484231 15486638 15487777 15486094), produces a valid tet decomposition.
--> FOAM Warning : 
    From function Foam::triFace Foam::tetIndices::faceTriIs(const Foam::polyMesh&) const
    in file meshes/polyMesh/polyMeshTetDecomposition/tetIndicesI.H at line 76
    No base point for face 43066979, 4(16075037 16072837 16075035 16073207), produces a valid tet decomposition.
--> FOAM Warning : 
    From function Foam::triFace Foam::tetIndices::faceTriIs(const Foam::polyMesh&) const
    in file meshes/polyMesh/polyMeshTetDecomposition/tetIndicesI.H at line 76
    No base point for face 53850697, 4(16072458 16073967 16075037 16073243), produces a valid tet decomposition.
--> FOAM Warning : 
    From function Foam::triFace Foam::tetIndices::faceTriIs(const Foam::polyMesh&) const
    in file meshes/polyMesh/polyMeshTetDecomposition/tetIndicesI.H at line 76
    No base point for face 43066979, 4(16075037 16072837 16075035 16073207), produces a valid tet decomposition.
--> FOAM Warning : 
    From function Foam::triFace Foam::tetIndices::faceTriIs(const Foam::polyMesh&) const
    in file meshes/polyMesh/polyMeshTetDecomposition/tetIndicesI.H at line 76
    No base point for face 53850698, 4(16072458 16073243 16074690 16073969), produces a valid tet decomposition.
--> FOAM Warning : 
    From function Foam::triFace Foam::tetIndices::faceTriIs(const Foam::polyMesh&) const
    in file meshes/polyMesh/polyMeshTetDecomposition/tetIndicesI.H at line 76
    No base point for face 43066979, 4(16075037 16072837 16075035 16073207), produces a valid tet decomposition.
--> FOAM Warning : 
    From function Foam::triFace Foam::tetIndices::faceTriIs(const Foam::polyMesh&) const
    in file meshes/polyMesh/polyMeshTetDecomposition/tetIndicesI.H at line 76
    No base point for face 53850697, 4(16072458 16073967 16075037 16073243), produces a valid tet decomposition.
--> FOAM Warning : 
    From function Foam::triFace Foam::tetIndices::faceTriIs(const Foam::polyMesh&) const
    in file meshes/polyMesh/polyMeshTetDecomposition/tetIndicesI.H at line 76
    No base point for face 43066979, 4(16075037 16072837 16075035 16073207), produces a valid tet decomposition.
--> FOAM Warning : 
    From function Foam::triFace Foam::tetIndices::faceTriIs(const Foam::polyMesh&) const
    in file meshes/polyMesh/polyMeshTetDecomposition/tetIndicesI.H at line 76
    No base point for face 53850698, 4(16072458 16073243 16074690 16073969), produces a valid tet decomposition.
--> FOAM Warning : 
    From function Foam::triFace Foam::tetIndices::faceTriIs(const Foam::polyMesh&) const
    in file meshes/polyMesh/polyMeshTetDecomposition/tetIndicesI.H at line 76
    No base point for face 43066979, 4(16075037 16072837 16075035 16073207), produces a valid tet decomposition.
--> FOAM Warning : 
    From function Foam::triFace Foam::tetIndices::faceTriIs(const Foam::polyMesh&) const
    in file meshes/polyMesh/polyMeshTetDecomposition/tetIndicesI.H at line 76
    No base point for face 53850697, 4(16072458 16073967 16075037 16073243), produces a valid tet decomposition.
--> FOAM Warning : 
    From function Foam::triFace Foam::tetIndices::faceTriIs(const Foam::polyMesh&) const
    in file meshes/polyMesh/polyMeshTetDecomposition/tetIndicesI.H at line 76
    No base point for face 43066979, 4(16075037 16072837 16075035 16073207), produces a valid tet decomposition.
--> FOAM Warning : 
    From function Foam::triFace Foam::tetIndices::faceTriIs(const Foam::polyMesh&) const
    in file meshes/polyMesh/polyMeshTetDecomposition/tetIndicesI.H at line 76
    No base point for face 53850698, 4(16072458 16073243 16074690 16073969), produces a valid tet decomposition.
--> FOAM Warning : 
    From function Foam::triFace Foam::tetIndices::faceTriIs(const Foam::polyMesh&) const
    in file meshes/polyMesh/polyMeshTetDecomposition/tetIndicesI.H at line 76
    No base point for face 53797082, 4(15484231 15486094 15488499 15486635), produces a valid tet decomposition.
--> FOAM Warning : 
    From function Foam::triFace Foam::tetIndices::faceTriIs(const Foam::polyMesh&) const
    in file meshes/polyMesh/polyMeshTetDecomposition/tetIndicesI.H at line 76
    No base point for face 41451280, 4(15488499 15486970 15488497 15484884), produces a valid tet decomposition.
--> FOAM Warning : 
    From function Foam::triFace Foam::tetIndices::faceTriIs(const Foam::polyMesh&) const
    in file meshes/polyMesh/polyMeshTetDecomposition/tetIndicesI.H at line 76
    No base point for face 53797095, 4(15484231 15486638 15487777 15486094), produces a valid tet decomposition.
--> FOAM Warning : 
    From function Foam::triFace Foam::tetIndices::faceTriIs(const Foam::polyMesh&) const
    in file meshes/polyMesh/polyMeshTetDecomposition/tetIndicesI.H at line 76
    No base point for face 53797082, 4(15484231 15486094 15488499 15486635), produces a valid tet decomposition.
--> FOAM Warning : 
    From function Foam::triFace Foam::tetIndices::faceTriIs(const Foam::polyMesh&) const
    in file meshes/polyMesh/polyMeshTetDecomposition/tetIndicesI.H at line 76
    No base point for face 41451280, 4(15488499 15486970 15488497 15484884), produces a valid tet decomposition.
--> FOAM Warning : 
    From function Foam::triFace Foam::tetIndices::faceTriIs(const Foam::polyMesh&) const
    in file meshes/polyMesh/polyMeshTetDecomposition/tetIndicesI.H at line 76
    No base point for face 53797095, 4(15484231 15486638 15487777 15486094), produces a valid tet decomposition.
--> FOAM Warning : 
    From function Foam::triFace Foam::tetIndices::faceTriIs(const Foam::polyMesh&) const
    in file meshes/polyMesh/polyMeshTetDecomposition/tetIndicesI.H at line 76
    No base point for face 53797082, 4(15484231 15486094 15488499 15486635), produces a valid tet decomposition.
--> FOAM Warning : 
    From function Foam::triFace Foam::tetIndices::faceTriIs(const Foam::polyMesh&) const
    in file meshes/polyMesh/polyMeshTetDecomposition/tetIndicesI.H at line 76
    No base point for face 41451280, 4(15488499 15486970 15488497 15484884), produces a valid tet decomposition.
--> FOAM Warning : 
    From function Foam::triFace Foam::tetIndices::faceTriIs(const Foam::polyMesh&) const
    in file meshes/polyMesh/polyMeshTetDecomposition/tetIndicesI.H at line 76
    No base point for face 53797095, 4(15484231 15486638 15487777 15486094), produces a valid tet decomposition.
--> FOAM Warning : 
    From function Foam::triFace Foam::tetIndices::faceTriIs(const Foam::polyMesh&) const
    in file meshes/polyMesh/polyMeshTetDecomposition/tetIndicesI.H at line 76
    No base point for face 53797082, 4(15484231 15486094 15488499 15486635), produces a valid tet decomposition.
--> FOAM Warning : 
    From function Foam::triFace Foam::tetIndices::faceTriIs(const Foam::polyMesh&) const
    in file meshes/polyMesh/polyMeshTetDecomposition/tetIndicesI.H at line 76
    No base point for face 41451280, 4(15488499 15486970 15488497 15484884), produces a valid tet decomposition.
--> FOAM Warning : 
    From function Foam::triFace Foam::tetIndices::faceTriIs(const Foam::polyMesh&) const
    in file meshes/polyMesh/polyMeshTetDecomposition/tetIndicesI.H at line 76
    No base point for face 53797095, 4(15484231 15486638 15487777 15486094), produces a valid tet decomposition.
--> FOAM Warning : 
    From function Foam::triFace Foam::tetIndices::faceTriIs(const Foam::polyMesh&) const
    in file meshes/polyMesh/polyMeshTetDecomposition/tetIndicesI.H at line 76
    No base point for face 43066979, 4(16075037 16072837 16075035 16073207), produces a valid tet decomposition.
--> FOAM Warning : 
    From function Foam::triFace Foam::tetIndices::faceTriIs(const Foam::polyMesh&) const
    in file meshes/polyMesh/polyMeshTetDecomposition/tetIndicesI.H at line 76
    No base point for face 53850697, 4(16072458 16073967 16075037 16073243), produces a valid tet decomposition.
--> FOAM Warning : 
    From function Foam::triFace Foam::tetIndices::faceTriIs(const Foam::polyMesh&) const
    in file meshes/polyMesh/polyMeshTetDecomposition/tetIndicesI.H at line 76
    No base point for face 43066979, 4(16075037 16072837 16075035 16073207), produces a valid tet decomposition.
--> FOAM Warning : 
    From function Foam::triFace Foam::tetIndices::faceTriIs(const Foam::polyMesh&) const
    in file meshes/polyMesh/polyMeshTetDecomposition/tetIndicesI.H at line 76
    No base point for face 53850698, 4(16072458 16073243 16074690 16073969), produces a valid tet decomposition.
--> FOAM Warning : 
    From function Foam::triFace Foam::tetIndices::faceTriIs(const Foam::polyMesh&) const
    in file meshes/polyMesh/polyMeshTetDecomposition/tetIndicesI.H at line 76
    No base point for face 43066979, 4(16075037 16072837 16075035 16073207), produces a valid tet decomposition.
--> FOAM Warning : 
    From function Foam::triFace Foam::tetIndices::faceTriIs(const Foam::polyMesh&) const
    in file meshes/polyMesh/polyMeshTetDecomposition/tetIndicesI.H at line 76
    No base point for face 53850697, 4(16072458 16073967 16075037 16073243), produces a valid tet decomposition.
--> FOAM Warning : 
    From function Foam::triFace Foam::tetIndices::faceTriIs(const Foam::polyMesh&) const
    in file meshes/polyMesh/polyMeshTetDecomposition/tetIndicesI.H at line 76
    No base point for face 43066979, 4(16075037 16072837 16075035 16073207), produces a valid tet decomposition.
--> FOAM Warning : 
    From function Foam::triFace Foam::tetIndices::faceTriIs(const Foam::polyMesh&) const
    in file meshes/polyMesh/polyMeshTetDecomposition/tetIndicesI.H at line 76
    No base point for face 53850698, 4(16072458 16073243 16074690 16073969), produces a valid tet decomposition.
--> FOAM Warning : 
    From function Foam::triFace Foam::tetIndices::faceTriIs(const Foam::polyMesh&) const
    in file meshes/polyMesh/polyMeshTetDecomposition/tetIndicesI.H at line 76
    No base point for face 43066979, 4(16075037 16072837 16075035 16073207), produces a valid tet decomposition.
--> FOAM Warning : 
    From function Foam::triFace Foam::tetIndices::faceTriIs(const Foam::polyMesh&) const
    in file meshes/polyMesh/polyMeshTetDecomposition/tetIndicesI.H at line 76
    No base point for face 53850697, 4(16072458 16073967 16075037 16073243), produces a valid tet decomposition.
--> FOAM Warning : 
    From function Foam::triFace Foam::tetIndices::faceTriIs(const Foam::polyMesh&) const
    in file meshes/polyMesh/polyMeshTetDecomposition/tetIndicesI.H at line 76
    No base point for face 43066979, 4(16075037 16072837 16075035 16073207), produces a valid tet decomposition.
--> FOAM Warning : 
    From function Foam::triFace Foam::tetIndices::faceTriIs(const Foam::polyMesh&) const
    in file meshes/polyMesh/polyMeshTetDecomposition/tetIndicesI.H at line 76
    No base point for face 53850698, 4(16072458 16073243 16074690 16073969), produces a valid tet decomposition.
--> FOAM Warning : 
    From function Foam::triFace Foam::tetIndices::faceTriIs(const Foam::polyMesh&) const
    in file meshes/polyMesh/polyMeshTetDecomposition/tetIndicesI.H at line 76
    No base point for face 43066979, 4(16075037 16072837 16075035 16073207), produces a valid tet decomposition.
--> FOAM Warning : 
    From function Foam::triFace Foam::tetIndices::faceTriIs(const Foam::polyMesh&) const
    in file meshes/polyMesh/polyMeshTetDecomposition/tetIndicesI.H at line 76
    No base point for face 53850697, 4(16072458 16073967 16075037 16073243), produces a valid tet decomposition.
--> FOAM Warning : 
    From function Foam::triFace Foam::tetIndices::faceTriIs(const Foam::polyMesh&) const
    in file meshes/polyMesh/polyMeshTetDecomposition/tetIndicesI.H at line 76
    No base point for face 43066979, 4(16075037 16072837 16075035 16073207), produces a valid tet decomposition.
--> FOAM Warning : 
    From function Foam::triFace Foam::tetIndices::faceTriIs(const Foam::polyMesh&) const
    in file meshes/polyMesh/polyMeshTetDecomposition/tetIndicesI.H at line 76
    No base point for face 53850698, 4(16072458 16073243 16074690 16073969), produces a valid tet decomposition.
--> FOAM Warning : 
    From function Foam::triFace Foam::tetIndices::faceTriIs(const Foam::polyMesh&) const
    in file meshes/polyMesh/polyMeshTetDecomposition/tetIndicesI.H at line 76
    No base point for face 41911075, 4(15645509 15646517 15647862 15646644), produces a valid tet decomposition.
--> FOAM Warning : 
    From function Foam::triFace Foam::tetIndices::faceTriIs(const Foam::polyMesh&) const
    in file meshes/polyMesh/polyMeshTetDecomposition/tetIndicesI.H at line 76
    No base point for face 41911249, 4(15647891 15646537 15647878 15645959), produces a valid tet decomposition.
--> FOAM Warning : 
    From function Foam::triFace Foam::tetIndices::faceTriIs(const Foam::polyMesh&) const
    in file meshes/polyMesh/polyMeshTetDecomposition/tetIndicesI.H at line 76
    No base point for face 41911075, 4(15645509 15646517 15647862 15646644), produces a valid tet decomposition.
--> FOAM Warning : 
    From function Foam::triFace Foam::tetIndices::faceTriIs(const Foam::polyMesh&) const
    in file meshes/polyMesh/polyMeshTetDecomposition/tetIndicesI.H at line 76
    No base point for face 41911249, 4(15647891 15646537 15647878 15645959), produces a valid tet decomposition.
--> FOAM Warning : 
    From function Foam::triFace Foam::tetIndices::faceTriIs(const Foam::polyMesh&) const
    in file meshes/polyMesh/polyMeshTetDecomposition/tetIndicesI.H at line 76
    No base point for face 41911075, 4(15645509 15646517 15647862 15646644), produces a valid tet decomposition.
--> FOAM Warning : 
    From function Foam::triFace Foam::tetIndices::faceTriIs(const Foam::polyMesh&) const
    in file meshes/polyMesh/polyMeshTetDecomposition/tetIndicesI.H at line 76
    No base point for face 41911249, 4(15647891 15646537 15647878 15645959), produces a valid tet decomposition.
--> FOAM Warning : 
    From function Foam::triFace Foam::tetIndices::faceTriIs(const Foam::polyMesh&) const
    in file meshes/polyMesh/polyMeshTetDecomposition/tetIndicesI.H at line 76
    No base point for face 43531124, 4(16235602 16234066 16235645 16234327), produces a valid tet decomposition.
--> FOAM Warning : 
    From function Foam::triFace Foam::tetIndices::faceTriIs(const Foam::polyMesh&) const
    in file meshes/polyMesh/polyMeshTetDecomposition/tetIndicesI.H at line 76
    No base point for face 41911075, 4(15645509 15646517 15647862 15646644), produces a valid tet decomposition.
--> FOAM Warning : 
    From function Foam::triFace Foam::tetIndices::faceTriIs(const Foam::polyMesh&) const
    in file meshes/polyMesh/polyMeshTetDecomposition/tetIndicesI.H at line 76
    No base point for face 41911249, 4(15647891 15646537 15647878 15645959), produces a valid tet decomposition.
--> FOAM Warning : 
    From function Foam::triFace Foam::tetIndices::faceTriIs(const Foam::polyMesh&) const
    in file meshes/polyMesh/polyMeshTetDecomposition/tetIndicesI.H at line 76
    No base point for face 41911075, 4(15645509 15646517 15647862 15646644), produces a valid tet decomposition.
--> FOAM Warning : 
    From function Foam::triFace Foam::tetIndices::faceTriIs(const Foam::polyMesh&) const
    in file meshes/polyMesh/polyMeshTetDecomposition/tetIndicesI.H at line 76
    No base point for face 41911249, 4(15647891 15646537 15647878 15645959), produces a valid tet decomposition.
--> FOAM Warning : 
    From function Foam::triFace Foam::tetIndices::faceTriIs(const Foam::polyMesh&) const
    in file meshes/polyMesh/polyMeshTetDecomposition/tetIndicesI.H at line 76
    No base point for face 41911075, 4(15645509 15646517 15647862 15646644), produces a valid tet decomposition.
--> FOAM Warning : 
    From function Foam::triFace Foam::tetIndices::faceTriIs(const Foam::polyMesh&) const
    in file meshes/polyMesh/polyMeshTetDecomposition/tetIndicesI.H at line 76
    No base point for face 41911249, 4(15647891 15646537 15647878 15645959), produces a valid tet decomposition.
--> FOAM Warning : 
    From function Foam::triFace Foam::tetIndices::faceTriIs(const Foam::polyMesh&) const
    in file meshes/polyMesh/polyMeshTetDecomposition/tetIndicesI.H at line 76
    No base point for face 43531124, 4(16235602 16234066 16235645 16234327), produces a valid tet decomposition.
--> FOAM Warning : 
    From function Foam::triFace Foam::tetIndices::faceTriIs(const Foam::polyMesh&) const
    in file meshes/polyMesh/polyMeshTetDecomposition/tetIndicesI.H at line 76
    No base point for face 41911075, 4(15645509 15646517 15647862 15646644), produces a valid tet decomposition.
--> FOAM Warning : 
    From function Foam::triFace Foam::tetIndices::faceTriIs(const Foam::polyMesh&) const
    in file meshes/polyMesh/polyMeshTetDecomposition/tetIndicesI.H at line 76
    No base point for face 41911249, 4(15647891 15646537 15647878 15645959), produces a valid tet decomposition.
--> FOAM Warning : 
    From function Foam::triFace Foam::tetIndices::faceTriIs(const Foam::polyMesh&) const
    in file meshes/polyMesh/polyMeshTetDecomposition/tetIndicesI.H at line 76
    No base point for face 41911075, 4(15645509 15646517 15647862 15646644), produces a valid tet decomposition.
--> FOAM Warning : 
    From function Foam::triFace Foam::tetIndices::faceTriIs(const Foam::polyMesh&) const
    in file meshes/polyMesh/polyMeshTetDecomposition/tetIndicesI.H at line 76
    No base point for face 41911249, 4(15647891 15646537 15647878 15645959), produces a valid tet decomposition.
--> FOAM Warning : 
    From function Foam::triFace Foam::tetIndices::faceTriIs(const Foam::polyMesh&) const
    in file meshes/polyMesh/polyMeshTetDecomposition/tetIndicesI.H at line 76
    No base point for face 41911075, 4(15645509 15646517 15647862 15646644), produces a valid tet decomposition.
--> FOAM Warning : 
    From function Foam::triFace Foam::tetIndices::faceTriIs(const Foam::polyMesh&) const
    in file meshes/polyMesh/polyMeshTetDecomposition/tetIndicesI.H at line 76
    No base point for face 41911249, 4(15647891 15646537 15647878 15645959), produces a valid tet decomposition.
--> FOAM Warning : 
    From function Foam::triFace Foam::tetIndices::faceTriIs(const Foam::polyMesh&) const
    in file meshes/polyMesh/polyMeshTetDecomposition/tetIndicesI.H at line 76
    No base point for face 41911075, 4(15645509 15646517 15647862 15646644), produces a valid tet decomposition.
--> FOAM Warning : 
    From function Foam::triFace Foam::tetIndices::faceTriIs(const Foam::polyMesh&) const
    in file meshes/polyMesh/polyMeshTetDecomposition/tetIndicesI.H at line 76
    No base point for face 41911249, 4(15647891 15646537 15647878 15645959), produces a valid tet decomposition.
--> FOAM Warning : 
    From function Foam::triFace Foam::tetIndices::faceTriIs(const Foam::polyMesh&) const
    in file meshes/polyMesh/polyMeshTetDecomposition/tetIndicesI.H at line 76
    No base point for face 41911075, 4(15645509 15646517 15647862 15646644), produces a valid tet decomposition.
--> FOAM Warning : 
    From function Foam::triFace Foam::tetIndices::faceTriIs(const Foam::polyMesh&) const
    in file meshes/polyMesh/polyMeshTetDecomposition/tetIndicesI.H at line 76
    No base point for face 41911249, 4(15647891 15646537 15647878 15645959), produces a valid tet decomposition.
--> FOAM Warning : 
    From function Foam::triFace Foam::tetIndices::faceTriIs(const Foam::polyMesh&) const
    in file meshes/polyMesh/polyMeshTetDecomposition/tetIndicesI.H at line 76
    No base point for face 43531124, 4(16235602 16234066 16235645 16234327), produces a valid tet decomposition.
--> FOAM Warning : 
    From function Foam::triFace Foam::tetIndices::faceTriIs(const Foam::polyMesh&) const
    in file meshes/polyMesh/polyMeshTetDecomposition/tetIndicesI.H at line 76
    No base point for face 41911075, 4(15645509 15646517 15647862 15646644), produces a valid tet decomposition.
--> FOAM Warning : 
    From function Foam::triFace Foam::tetIndices::faceTriIs(const Foam::polyMesh&) const
    in file meshes/polyMesh/polyMeshTetDecomposition/tetIndicesI.H at line 76
    No base point for face 41911249, 4(15647891 15646537 15647878 15645959), produces a valid tet decomposition.
--> FOAM Warning : 
    From function Foam::triFace Foam::tetIndices::faceTriIs(const Foam::polyMesh&) const
    in file meshes/polyMesh/polyMeshTetDecomposition/tetIndicesI.H at line 76
    No base point for face 41911075, 4(15645509 15646517 15647862 15646644), produces a valid tet decomposition.
--> FOAM Warning : 
    From function Foam::triFace Foam::tetIndices::faceTriIs(const Foam::polyMesh&) const
    in file meshes/polyMesh/polyMeshTetDecomposition/tetIndicesI.H at line 76
    No base point for face 41911249, 4(15647891 15646537 15647878 15645959), produces a valid tet decomposition.
--> FOAM Warning : 
    From function Foam::triFace Foam::tetIndices::faceTriIs(const Foam::polyMesh&) const
    in file meshes/polyMesh/polyMeshTetDecomposition/tetIndicesI.H at line 76
    No base point for face 41911075, 4(15645509 15646517 15647862 15646644), produces a valid tet decomposition.
--> FOAM Warning : 
    From function Foam::triFace Foam::tetIndices::faceTriIs(const Foam::polyMesh&) const
    in file meshes/polyMesh/polyMeshTetDecomposition/tetIndicesI.H at line 76
    No base point for face 41911249, 4(15647891 15646537 15647878 15645959), produces a valid tet decomposition.
--> FOAM Warning : 
    From function Foam::triFace Foam::tetIndices::faceTriIs(const Foam::polyMesh&) const
    in file meshes/polyMesh/polyMeshTetDecomposition/tetIndicesI.H at line 76
    No base point for face 41911075, 4(15645509 15646517 15647862 15646644), produces a valid tet decomposition.
--> FOAM Warning : 
    From function Foam::triFace Foam::tetIndices::faceTriIs(const Foam::polyMesh&) const
    in file meshes/polyMesh/polyMeshTetDecomposition/tetIndicesI.H at line 76
    No base point for face 41911249, 4(15647891 15646537 15647878 15645959), produces a valid tet decomposition.
--> FOAM Warning : 
    From function Foam::triFace Foam::tetIndices::faceTriIs(const Foam::polyMesh&) const
    in file meshes/polyMesh/polyMeshTetDecomposition/tetIndicesI.H at line 76
    No base point for face 41911075, 4(15645509 15646517 15647862 15646644), produces a valid tet decomposition.
--> FOAM Warning : 
    From function Foam::triFace Foam::tetIndices::faceTriIs(const Foam::polyMesh&) const
    in file meshes/polyMesh/polyMeshTetDecomposition/tetIndicesI.H at line 76
    No base point for face 41911249, 4(15647891 15646537 15647878 15645959), produces a valid tet decomposition.
--> FOAM Warning : 
    From function Foam::triFace Foam::tetIndices::faceTriIs(const Foam::polyMesh&) const
    in file meshes/polyMesh/polyMeshTetDecomposition/tetIndicesI.H at line 76
    No base point for face 43531124, 4(16235602 16234066 16235645 16234327), produces a valid tet decomposition.
--> FOAM Warning : 
    From function Foam::triFace Foam::tetIndices::faceTriIs(const Foam::polyMesh&) const
    in file meshes/polyMesh/polyMeshTetDecomposition/tetIndicesI.H at line 76
    No base point for face 35402596, 4(13372667 13371517 13372674 13370715), produces a valid tet decomposition.
--> FOAM Warning : 
    From function Foam::triFace Foam::tetIndices::faceTriIs(const Foam::polyMesh&) const
    in file meshes/polyMesh/polyMeshTetDecomposition/tetIndicesI.H at line 76
    No base point for face 35237105, 4(13311511 13311514 13311673 13311674), produces a valid tet decomposition.
--> FOAM Warning : 
    From function Foam::triFace Foam::tetIndices::faceTriIs(const Foam::polyMesh&) const
    in file meshes/polyMesh/polyMeshTetDecomposition/tetIndicesI.H at line 76
    No base point for face 35146832, 4(13273174 13280856 13282193 13273792), produces a valid tet decomposition.
--> FOAM Warning : 
    From function Foam::triFace Foam::tetIndices::faceTriIs(const Foam::polyMesh&) const
    in file meshes/polyMesh/polyMeshTetDecomposition/tetIndicesI.H at line 76
    No base point for face 35146935, 4(13273709 13281472 13282206 13273011), produces a valid tet decomposition.
--> FOAM Warning : 
    From function Foam::triFace Foam::tetIndices::faceTriIs(const Foam::polyMesh&) const
    in file meshes/polyMesh/polyMeshTetDecomposition/tetIndicesI.H at line 76
    No base point for face 36760721, 4(13858107 13860956 13868375 13860948), produces a valid tet decomposition.
--> FOAM Warning : 
    From function Foam::triFace Foam::tetIndices::faceTriIs(const Foam::polyMesh&) const
    in file meshes/polyMesh/polyMeshTetDecomposition/tetIndicesI.H at line 76
    No base point for face 36761005, 4(13868411 13860582 13867870 13860985), produces a valid tet decomposition.
--> FOAM Warning : 
    From function Foam::triFace Foam::tetIndices::faceTriIs(const Foam::polyMesh&) const
    in file meshes/polyMesh/polyMeshTetDecomposition/tetIndicesI.H at line 76
    No base point for face 36760106, 4(13856968 13856971 13868289 13860855), produces a valid tet decomposition.
--> FOAM Warning : 
    From function Foam::triFace Foam::tetIndices::faceTriIs(const Foam::polyMesh&) const
    in file meshes/polyMesh/polyMeshTetDecomposition/tetIndicesI.H at line 76
    No base point for face 36872643, 4(13851593 13851594 13851595 13851596), produces a valid tet decomposition.
--> FOAM Warning : 
    From function Foam::triFace Foam::tetIndices::faceTriIs(const Foam::polyMesh&) const
    in file meshes/polyMesh/polyMeshTetDecomposition/tetIndicesI.H at line 76
    No base point for face 35402596, 4(13372667 13371517 13372674 13370715), produces a valid tet decomposition.
--> FOAM Warning : 
    From function Foam::triFace Foam::tetIndices::faceTriIs(const Foam::polyMesh&) const
    in file meshes/polyMesh/polyMeshTetDecomposition/tetIndicesI.H at line 76
    No base point for face 35237105, 4(13311511 13311514 13311673 13311674), produces a valid tet decomposition.
--> FOAM Warning : 
    From function Foam::triFace Foam::tetIndices::faceTriIs(const Foam::polyMesh&) const
    in file meshes/polyMesh/polyMeshTetDecomposition/tetIndicesI.H at line 76
    No base point for face 35146832, 4(13273174 13280856 13282193 13273792), produces a valid tet decomposition.
--> FOAM Warning : 
    From function Foam::triFace Foam::tetIndices::faceTriIs(const Foam::polyMesh&) const
    in file meshes/polyMesh/polyMeshTetDecomposition/tetIndicesI.H at line 76
    No base point for face 35146935, 4(13273709 13281472 13282206 13273011), produces a valid tet decomposition.
--> FOAM Warning : 
    From function Foam::triFace Foam::tetIndices::faceTriIs(const Foam::polyMesh&) const
    in file meshes/polyMesh/polyMeshTetDecomposition/tetIndicesI.H at line 76
    No base point for face 36760721, 4(13858107 13860956 13868375 13860948), produces a valid tet decomposition.
--> FOAM Warning : 
    From function Foam::triFace Foam::tetIndices::faceTriIs(const Foam::polyMesh&) const
    in file meshes/polyMesh/polyMeshTetDecomposition/tetIndicesI.H at line 76
    No base point for face 36761005, 4(13868411 13860582 13867870 13860985), produces a valid tet decomposition.
--> FOAM Warning : 
    From function Foam::triFace Foam::tetIndices::faceTriIs(const Foam::polyMesh&) const
    in file meshes/polyMesh/polyMeshTetDecomposition/tetIndicesI.H at line 76
    No base point for face 36760106, 4(13856968 13856971 13868289 13860855), produces a valid tet decomposition.
--> FOAM Warning : 
    From function Foam::triFace Foam::tetIndices::faceTriIs(const Foam::polyMesh&) const
    in file meshes/polyMesh/polyMeshTetDecomposition/tetIndicesI.H at line 76
    No base point for face 36872643, 4(13851593 13851594 13851595 13851596), produces a valid tet decomposition.
--> FOAM Warning : 
    From function Foam::triFace Foam::tetIndices::faceTriIs(const Foam::polyMesh&) const
    in file meshes/polyMesh/polyMeshTetDecomposition/tetIndicesI.H at line 76
    No base point for face 35402596, 4(13372667 13371517 13372674 13370715), produces a valid tet decomposition.
--> FOAM Warning : 
    From function Foam::triFace Foam::tetIndices::faceTriIs(const Foam::polyMesh&) const
    in file meshes/polyMesh/polyMeshTetDecomposition/tetIndicesI.H at line 76
    No base point for face 35237105, 4(13311511 13311514 13311673 13311674), produces a valid tet decomposition.
--> FOAM Warning : 
    From function Foam::triFace Foam::tetIndices::faceTriIs(const Foam::polyMesh&) const
    in file meshes/polyMesh/polyMeshTetDecomposition/tetIndicesI.H at line 76
    No base point for face 35146832, 4(13273174 13280856 13282193 13273792), produces a valid tet decomposition.
--> FOAM Warning : 
    From function Foam::triFace Foam::tetIndices::faceTriIs(const Foam::polyMesh&) const
    in file meshes/polyMesh/polyMeshTetDecomposition/tetIndicesI.H at line 76
    No base point for face 35146935, 4(13273709 13281472 13282206 13273011), produces a valid tet decomposition.
--> FOAM Warning : 
    From function Foam::triFace Foam::tetIndices::faceTriIs(const Foam::polyMesh&) const
    in file meshes/polyMesh/polyMeshTetDecomposition/tetIndicesI.H at line 76
    No base point for face 36760721, 4(13858107 13860956 13868375 13860948), produces a valid tet decomposition.
--> FOAM Warning : 
    From function Foam::triFace Foam::tetIndices::faceTriIs(const Foam::polyMesh&) const
    in file meshes/polyMesh/polyMeshTetDecomposition/tetIndicesI.H at line 76
    No base point for face 36761005, 4(13868411 13860582 13867870 13860985), produces a valid tet decomposition.
--> FOAM Warning : 
    From function Foam::triFace Foam::tetIndices::faceTriIs(const Foam::polyMesh&) const
    in file meshes/polyMesh/polyMeshTetDecomposition/tetIndicesI.H at line 76
    No base point for face 36760106, 4(13856968 13856971 13868289 13860855), produces a valid tet decomposition.
--> FOAM Warning : 
    From function Foam::triFace Foam::tetIndices::faceTriIs(const Foam::polyMesh&) const
    in file meshes/polyMesh/polyMeshTetDecomposition/tetIndicesI.H at line 76
    No base point for face 36872643, 4(13851593 13851594 13851595 13851596), produces a valid tet decomposition.
--> FOAM Warning : 
    From function Foam::triFace Foam::tetIndices::faceTriIs(const Foam::polyMesh&) const
    in file meshes/polyMesh/polyMeshTetDecomposition/tetIndicesI.H at line 76
    No base point for face 35402596, 4(13372667 13371517 13372674 13370715), produces a valid tet decomposition.
--> FOAM Warning : 
    From function Foam::triFace Foam::tetIndices::faceTriIs(const Foam::polyMesh&) const
    in file meshes/polyMesh/polyMeshTetDecomposition/tetIndicesI.H at line 76
    No base point for face 35237105, 4(13311511 13311514 13311673 13311674), produces a valid tet decomposition.
--> FOAM Warning : 
    From function Foam::triFace Foam::tetIndices::faceTriIs(const Foam::polyMesh&) const
    in file meshes/polyMesh/polyMeshTetDecomposition/tetIndicesI.H at line 76
    No base point for face 35146832, 4(13273174 13280856 13282193 13273792), produces a valid tet decomposition.
--> FOAM Warning : 
    From function Foam::triFace Foam::tetIndices::faceTriIs(const Foam::polyMesh&) const
    in file meshes/polyMesh/polyMeshTetDecomposition/tetIndicesI.H at line 76
    No base point for face 35146935, 4(13273709 13281472 13282206 13273011), produces a valid tet decomposition.
--> FOAM Warning : 
    From function Foam::triFace Foam::tetIndices::faceTriIs(const Foam::polyMesh&) const
    in file meshes/polyMesh/polyMeshTetDecomposition/tetIndicesI.H at line 76
    No base point for face 36760721, 4(13858107 13860956 13868375 13860948), produces a valid tet decomposition.
--> FOAM Warning : 
    From function Foam::triFace Foam::tetIndices::faceTriIs(const Foam::polyMesh&) const
    in file meshes/polyMesh/polyMeshTetDecomposition/tetIndicesI.H at line 76
    No base point for face 36761005, 4(13868411 13860582 13867870 13860985), produces a valid tet decomposition.
--> FOAM Warning : 
    From function Foam::triFace Foam::tetIndices::faceTriIs(const Foam::polyMesh&) const
    in file meshes/polyMesh/polyMeshTetDecomposition/tetIndicesI.H at line 76
    No base point for face 36760106, 4(13856968 13856971 13868289 13860855), produces a valid tet decomposition.
--> FOAM Warning : 
    From function Foam::triFace Foam::tetIndices::faceTriIs(const Foam::polyMesh&) const
    in file meshes/polyMesh/polyMeshTetDecomposition/tetIndicesI.H at line 76
    No base point for face 36872643, 4(13851593 13851594 13851595 13851596), produces a valid tet decomposition.
--> FOAM Warning : 
    From function Foam::triFace Foam::tetIndices::faceTriIs(const Foam::polyMesh&) const
    in file meshes/polyMesh/polyMeshTetDecomposition/tetIndicesI.H at line 76
    No base point for face 53687888, 4(13172862 13170565 13172259 13169568), produces a valid tet decomposition.
--> FOAM Warning : 
    From function Foam::triFace Foam::tetIndices::faceTriIs(const Foam::polyMesh&) const
    in file meshes/polyMesh/polyMeshTetDecomposition/tetIndicesI.H at line 76
    No base point for face 34846932, 4(13169010 13171298 13172846 13170564), produces a valid tet decomposition.
--> FOAM Warning : 
    From function Foam::triFace Foam::tetIndices::faceTriIs(const Foam::polyMesh&) const
    in file meshes/polyMesh/polyMeshTetDecomposition/tetIndicesI.H at line 76
    No base point for face 34849974, 4(13173128 13171447 13172763 13169693), produces a valid tet decomposition.
--> FOAM Warning : 
    From function Foam::triFace Foam::tetIndices::faceTriIs(const Foam::polyMesh&) const
    in file meshes/polyMesh/polyMeshTetDecomposition/tetIndicesI.H at line 76
    No base point for face 53687888, 4(13172862 13170565 13172259 13169568), produces a valid tet decomposition.
--> FOAM Warning : 
    From function Foam::triFace Foam::tetIndices::faceTriIs(const Foam::polyMesh&) const
    in file meshes/polyMesh/polyMeshTetDecomposition/tetIndicesI.H at line 76
    No base point for face 34846932, 4(13169010 13171298 13172846 13170564), produces a valid tet decomposition.
--> FOAM Warning : 
    From function Foam::triFace Foam::tetIndices::faceTriIs(const Foam::polyMesh&) const
    in file meshes/polyMesh/polyMeshTetDecomposition/tetIndicesI.H at line 76
    No base point for face 34849974, 4(13173128 13171447 13172763 13169693), produces a valid tet decomposition.
--> FOAM Warning : 
    From function Foam::triFace Foam::tetIndices::faceTriIs(const Foam::polyMesh&) const
    in file meshes/polyMesh/polyMeshTetDecomposition/tetIndicesI.H at line 76
    No base point for face 53687888, 4(13172862 13170565 13172259 13169568), produces a valid tet decomposition.
--> FOAM Warning : 
    From function Foam::triFace Foam::tetIndices::faceTriIs(const Foam::polyMesh&) const
    in file meshes/polyMesh/polyMeshTetDecomposition/tetIndicesI.H at line 76
    No base point for face 34846932, 4(13169010 13171298 13172846 13170564), produces a valid tet decomposition.
--> FOAM Warning : 
    From function Foam::triFace Foam::tetIndices::faceTriIs(const Foam::polyMesh&) const
    in file meshes/polyMesh/polyMeshTetDecomposition/tetIndicesI.H at line 76
    No base point for face 34849974, 4(13173128 13171447 13172763 13169693), produces a valid tet decomposition.
--> FOAM Warning : 
    From function Foam::triFace Foam::tetIndices::faceTriIs(const Foam::polyMesh&) const
    in file meshes/polyMesh/polyMeshTetDecomposition/tetIndicesI.H at line 76
    No base point for face 53687888, 4(13172862 13170565 13172259 13169568), produces a valid tet decomposition.
--> FOAM Warning : 
    From function Foam::triFace Foam::tetIndices::faceTriIs(const Foam::polyMesh&) const
    in file meshes/polyMesh/polyMeshTetDecomposition/tetIndicesI.H at line 76
    No base point for face 34846932, 4(13169010 13171298 13172846 13170564), produces a valid tet decomposition.
--> FOAM Warning : 
    From function Foam::triFace Foam::tetIndices::faceTriIs(const Foam::polyMesh&) const
    in file meshes/polyMesh/polyMeshTetDecomposition/tetIndicesI.H at line 76
    No base point for face 34849974, 4(13173128 13171447 13172763 13169693), produces a valid tet decomposition.
--> FOAM Warning : 
    From function Foam::triFace Foam::tetIndices::faceTriIs(const Foam::polyMesh&) const
    in file meshes/polyMesh/polyMeshTetDecomposition/tetIndicesI.H at line 76
    No base point for face 53741345, 4(13769026 13768088 13769343 13767320), produces a valid tet decomposition.
--> FOAM Warning : 
    From function Foam::triFace Foam::tetIndices::faceTriIs(const Foam::polyMesh&) const
    in file meshes/polyMesh/polyMeshTetDecomposition/tetIndicesI.H at line 76
    No base point for face 36491262, 4(13766981 13768087 13769327 13768418), produces a valid tet decomposition.
--> FOAM Warning : 
    From function Foam::triFace Foam::tetIndices::faceTriIs(const Foam::polyMesh&) const
    in file meshes/polyMesh/polyMeshTetDecomposition/tetIndicesI.H at line 76
    No base point for face 53765068, 4(13769432 13767359 13769260 13767958), produces a valid tet decomposition.
--> FOAM Warning : 
    From function Foam::triFace Foam::tetIndices::faceTriIs(const Foam::polyMesh&) const
    in file meshes/polyMesh/polyMeshTetDecomposition/tetIndicesI.H at line 76
    No base point for face 53765070, 4(13769261 13767361 13769432 13767958), produces a valid tet decomposition.
--> FOAM Warning : 
    From function Foam::triFace Foam::tetIndices::faceTriIs(const Foam::polyMesh&) const
    in file meshes/polyMesh/polyMeshTetDecomposition/tetIndicesI.H at line 76
    No base point for face 53741345, 4(13769026 13768088 13769343 13767320), produces a valid tet decomposition.
--> FOAM Warning : 
    From function Foam::triFace Foam::tetIndices::faceTriIs(const Foam::polyMesh&) const
    in file meshes/polyMesh/polyMeshTetDecomposition/tetIndicesI.H at line 76
    No base point for face 36491262, 4(13766981 13768087 13769327 13768418), produces a valid tet decomposition.
--> FOAM Warning : 
    From function Foam::triFace Foam::tetIndices::faceTriIs(const Foam::polyMesh&) const
    in file meshes/polyMesh/polyMeshTetDecomposition/tetIndicesI.H at line 76
    No base point for face 53765068, 4(13769432 13767359 13769260 13767958), produces a valid tet decomposition.
--> FOAM Warning : 
    From function Foam::triFace Foam::tetIndices::faceTriIs(const Foam::polyMesh&) const
    in file meshes/polyMesh/polyMeshTetDecomposition/tetIndicesI.H at line 76
    No base point for face 53765070, 4(13769261 13767361 13769432 13767958), produces a valid tet decomposition.
--> FOAM Warning : 
    From function Foam::triFace Foam::tetIndices::faceTriIs(const Foam::polyMesh&) const
    in file meshes/polyMesh/polyMeshTetDecomposition/tetIndicesI.H at line 76
    No base point for face 53741345, 4(13769026 13768088 13769343 13767320), produces a valid tet decomposition.
--> FOAM Warning : 
    From function Foam::triFace Foam::tetIndices::faceTriIs(const Foam::polyMesh&) const
    in file meshes/polyMesh/polyMeshTetDecomposition/tetIndicesI.H at line 76
    No base point for face 36491262, 4(13766981 13768087 13769327 13768418), produces a valid tet decomposition.
--> FOAM Warning : 
    From function Foam::triFace Foam::tetIndices::faceTriIs(const Foam::polyMesh&) const
    in file meshes/polyMesh/polyMeshTetDecomposition/tetIndicesI.H at line 76
    No base point for face 53765068, 4(13769432 13767359 13769260 13767958), produces a valid tet decomposition.
--> FOAM Warning : 
    From function Foam::triFace Foam::tetIndices::faceTriIs(const Foam::polyMesh&) const
    in file meshes/polyMesh/polyMeshTetDecomposition/tetIndicesI.H at line 76
    No base point for face 53765070, 4(13769261 13767361 13769432 13767958), produces a valid tet decomposition.
--> FOAM Warning : 
    From function Foam::triFace Foam::tetIndices::faceTriIs(const Foam::polyMesh&) const
    in file meshes/polyMesh/polyMeshTetDecomposition/tetIndicesI.H at line 76
    No base point for face 53741345, 4(13769026 13768088 13769343 13767320), produces a valid tet decomposition.
--> FOAM Warning : 
    From function Foam::triFace Foam::tetIndices::faceTriIs(const Foam::polyMesh&) const
    in file meshes/polyMesh/polyMeshTetDecomposition/tetIndicesI.H at line 76
    No base point for face 36491262, 4(13766981 13768087 13769327 13768418), produces a valid tet decomposition.
--> FOAM Warning : 
    From function Foam::triFace Foam::tetIndices::faceTriIs(const Foam::polyMesh&) const
    in file meshes/polyMesh/polyMeshTetDecomposition/tetIndicesI.H at line 76
    No base point for face 53765068, 4(13769432 13767359 13769260 13767958), produces a valid tet decomposition.
--> FOAM Warning : 
    From function Foam::triFace Foam::tetIndices::faceTriIs(const Foam::polyMesh&) const
    in file meshes/polyMesh/polyMeshTetDecomposition/tetIndicesI.H at line 76
    No base point for face 53765070, 4(13769261 13767361 13769432 13767958), produces a valid tet decomposition.
--> FOAM Warning : 
    From function Foam::triFace Foam::tetIndices::faceTriIs(const Foam::polyMesh&) const
    in file meshes/polyMesh/polyMeshTetDecomposition/tetIndicesI.H at line 76
    No base point for face 53687888, 4(13172862 13170565 13172259 13169568), produces a valid tet decomposition.
--> FOAM Warning : 
    From function Foam::triFace Foam::tetIndices::faceTriIs(const Foam::polyMesh&) const
    in file meshes/polyMesh/polyMeshTetDecomposition/tetIndicesI.H at line 76
    No base point for face 34846932, 4(13169010 13171298 13172846 13170564), produces a valid tet decomposition.
--> FOAM Warning : 
    From function Foam::triFace Foam::tetIndices::faceTriIs(const Foam::polyMesh&) const
    in file meshes/polyMesh/polyMeshTetDecomposition/tetIndicesI.H at line 76
    No base point for face 34849974, 4(13173128 13171447 13172763 13169693), produces a valid tet decomposition.
--> FOAM Warning : 
    From function Foam::triFace Foam::tetIndices::faceTriIs(const Foam::polyMesh&) const
    in file meshes/polyMesh/polyMeshTetDecomposition/tetIndicesI.H at line 76
    No base point for face 53687888, 4(13172862 13170565 13172259 13169568), produces a valid tet decomposition.
--> FOAM Warning : 
    From function Foam::triFace Foam::tetIndices::faceTriIs(const Foam::polyMesh&) const
    in file meshes/polyMesh/polyMeshTetDecomposition/tetIndicesI.H at line 76
    No base point for face 34846932, 4(13169010 13171298 13172846 13170564), produces a valid tet decomposition.
--> FOAM Warning : 
    From function Foam::triFace Foam::tetIndices::faceTriIs(const Foam::polyMesh&) const
    in file meshes/polyMesh/polyMeshTetDecomposition/tetIndicesI.H at line 76
    No base point for face 53687888, 4(13172862 13170565 13172259 13169568), produces a valid tet decomposition.
--> FOAM Warning : 
    From function Foam::triFace Foam::tetIndices::faceTriIs(const Foam::polyMesh&) const
    in file meshes/polyMesh/polyMeshTetDecomposition/tetIndicesI.H at line 76
    No base point for face 34846932, 4(13169010 13171298 13172846 13170564), produces a valid tet decomposition.
--> FOAM Warning : 
    From function Foam::triFace Foam::tetIndices::faceTriIs(const Foam::polyMesh&) const
    in file meshes/polyMesh/polyMeshTetDecomposition/tetIndicesI.H at line 76
    No base point for face 34849974, 4(13173128 13171447 13172763 13169693), produces a valid tet decomposition.
--> FOAM Warning : 
    From function Foam::triFace Foam::tetIndices::faceTriIs(const Foam::polyMesh&) const
    in file meshes/polyMesh/polyMeshTetDecomposition/tetIndicesI.H at line 76
    No base point for face 53687888, 4(13172862 13170565 13172259 13169568), produces a valid tet decomposition.
--> FOAM Warning : 
    From function Foam::triFace Foam::tetIndices::faceTriIs(const Foam::polyMesh&) const
    in file meshes/polyMesh/polyMeshTetDecomposition/tetIndicesI.H at line 76
    No base point for face 34846932, 4(13169010 13171298 13172846 13170564), produces a valid tet decomposition.
--> FOAM Warning : 
    From function Foam::triFace Foam::tetIndices::faceTriIs(const Foam::polyMesh&) const
    in file meshes/polyMesh/polyMeshTetDecomposition/tetIndicesI.H at line 76
    No base point for face 34849974, 4(13173128 13171447 13172763 13169693), produces a valid tet decomposition.
--> FOAM Warning : 
    From function Foam::triFace Foam::tetIndices::faceTriIs(const Foam::polyMesh&) const
    in file meshes/polyMesh/polyMeshTetDecomposition/tetIndicesI.H at line 76
    No base point for face 53741345, 4(13769026 13768088 13769343 13767320), produces a valid tet decomposition.
--> FOAM Warning : 
    From function Foam::triFace Foam::tetIndices::faceTriIs(const Foam::polyMesh&) const
    in file meshes/polyMesh/polyMeshTetDecomposition/tetIndicesI.H at line 76
    No base point for face 36491262, 4(13766981 13768087 13769327 13768418), produces a valid tet decomposition.
--> FOAM Warning : 
    From function Foam::triFace Foam::tetIndices::faceTriIs(const Foam::polyMesh&) const
    in file meshes/polyMesh/polyMeshTetDecomposition/tetIndicesI.H at line 76
    No base point for face 53765068, 4(13769432 13767359 13769260 13767958), produces a valid tet decomposition.
--> FOAM Warning : 
    From function Foam::triFace Foam::tetIndices::faceTriIs(const Foam::polyMesh&) const
    in file meshes/polyMesh/polyMeshTetDecomposition/tetIndicesI.H at line 76
    No base point for face 53765070, 4(13769261 13767361 13769432 13767958), produces a valid tet decomposition.
--> FOAM Warning : 
    From function Foam::triFace Foam::tetIndices::faceTriIs(const Foam::polyMesh&) const
    in file meshes/polyMesh/polyMeshTetDecomposition/tetIndicesI.H at line 76
    No base point for face 53741345, 4(13769026 13768088 13769343 13767320), produces a valid tet decomposition.
--> FOAM Warning : 
    From function Foam::triFace Foam::tetIndices::faceTriIs(const Foam::polyMesh&) const
    in file meshes/polyMesh/polyMeshTetDecomposition/tetIndicesI.H at line 76
    No base point for face 36491262, 4(13766981 13768087 13769327 13768418), produces a valid tet decomposition.
--> FOAM Warning : 
    From function Foam::triFace Foam::tetIndices::faceTriIs(const Foam::polyMesh&) const
    in file meshes/polyMesh/polyMeshTetDecomposition/tetIndicesI.H at line 76
    No base point for face 53765068, 4(13769432 13767359 13769260 13767958), produces a valid tet decomposition.
--> FOAM Warning : 
    From function Foam::triFace Foam::tetIndices::faceTriIs(const Foam::polyMesh&) const
    in file meshes/polyMesh/polyMeshTetDecomposition/tetIndicesI.H at line 76
    No base point for face 53765070, 4(13769261 13767361 13769432 13767958), produces a valid tet decomposition.
--> FOAM Warning : 
    From function Foam::triFace Foam::tetIndices::faceTriIs(const Foam::polyMesh&) const
    in file meshes/polyMesh/polyMeshTetDecomposition/tetIndicesI.H at line 76
    No base point for face 53741345, 4(13769026 13768088 13769343 13767320), produces a valid tet decomposition.
--> FOAM Warning : 
    From function Foam::triFace Foam::tetIndices::faceTriIs(const Foam::polyMesh&) const
    in file meshes/polyMesh/polyMeshTetDecomposition/tetIndicesI.H at line 76
    No base point for face 36491262, 4(13766981 13768087 13769327 13768418), produces a valid tet decomposition.
--> FOAM Warning : 
    From function Foam::triFace Foam::tetIndices::faceTriIs(const Foam::polyMesh&) const
    in file meshes/polyMesh/polyMeshTetDecomposition/tetIndicesI.H at line 76
    No base point for face 53741345, 4(13769026 13768088 13769343 13767320), produces a valid tet decomposition.
--> FOAM Warning : 
    From function Foam::triFace Foam::tetIndices::faceTriIs(const Foam::polyMesh&) const
    in file meshes/polyMesh/polyMeshTetDecomposition/tetIndicesI.H at line 76
    No base point for face 36491262, 4(13766981 13768087 13769327 13768418), produces a valid tet decomposition.
--> FOAM Warning : 
    From function Foam::triFace Foam::tetIndices::faceTriIs(const Foam::polyMesh&) const
    in file meshes/polyMesh/polyMeshTetDecomposition/tetIndicesI.H at line 76
    No base point for face 53765068, 4(13769432 13767359 13769260 13767958), produces a valid tet decomposition.
--> FOAM Warning : 
    From function Foam::triFace Foam::tetIndices::faceTriIs(const Foam::polyMesh&) const
    in file meshes/polyMesh/polyMeshTetDecomposition/tetIndicesI.H at line 76
    No base point for face 53765070, 4(13769261 13767361 13769432 13767958), produces a valid tet decomposition.
--> FOAM Warning : 
    From function Foam::triFace Foam::tetIndices::faceTriIs(const Foam::polyMesh&) const
    in file meshes/polyMesh/polyMeshTetDecomposition/tetIndicesI.H at line 76
    No base point for face 53687888, 4(13172862 13170565 13172259 13169568), produces a valid tet decomposition.
--> FOAM Warning : 
    From function Foam::triFace Foam::tetIndices::faceTriIs(const Foam::polyMesh&) const
    in file meshes/polyMesh/polyMeshTetDecomposition/tetIndicesI.H at line 76
    No base point for face 34846932, 4(13169010 13171298 13172846 13170564), produces a valid tet decomposition.
--> FOAM Warning : 
    From function Foam::triFace Foam::tetIndices::faceTriIs(const Foam::polyMesh&) const
    in file meshes/polyMesh/polyMeshTetDecomposition/tetIndicesI.H at line 76
    No base point for face 34849974, 4(13173128 13171447 13172763 13169693), produces a valid tet decomposition.
--> FOAM Warning : 
    From function Foam::triFace Foam::tetIndices::faceTriIs(const Foam::polyMesh&) const
    in file meshes/polyMesh/polyMeshTetDecomposition/tetIndicesI.H at line 76
    No base point for face 53687888, 4(13172862 13170565 13172259 13169568), produces a valid tet decomposition.
--> FOAM Warning : 
    From function Foam::triFace Foam::tetIndices::faceTriIs(const Foam::polyMesh&) const
    in file meshes/polyMesh/polyMeshTetDecomposition/tetIndicesI.H at line 76
    No base point for face 34846932, 4(13169010 13171298 13172846 13170564), produces a valid tet decomposition.
--> FOAM Warning : 
    From function Foam::triFace Foam::tetIndices::faceTriIs(const Foam::polyMesh&) const
    in file meshes/polyMesh/polyMeshTetDecomposition/tetIndicesI.H at line 76
    No base point for face 53687888, 4(13172862 13170565 13172259 13169568), produces a valid tet decomposition.
--> FOAM Warning : 
    From function Foam::triFace Foam::tetIndices::faceTriIs(const Foam::polyMesh&) const
    in file meshes/polyMesh/polyMeshTetDecomposition/tetIndicesI.H at line 76
    No base point for face 34846932, 4(13169010 13171298 13172846 13170564), produces a valid tet decomposition.
--> FOAM Warning : 
    From function Foam::triFace Foam::tetIndices::faceTriIs(const Foam::polyMesh&) const
    in file meshes/polyMesh/polyMeshTetDecomposition/tetIndicesI.H at line 76
    No base point for face 34849974, 4(13173128 13171447 13172763 13169693), produces a valid tet decomposition.
--> FOAM Warning : 
    From function Foam::triFace Foam::tetIndices::faceTriIs(const Foam::polyMesh&) const
    in file meshes/polyMesh/polyMeshTetDecomposition/tetIndicesI.H at line 76
    No base point for face 53687888, 4(13172862 13170565 13172259 13169568), produces a valid tet decomposition.
--> FOAM Warning : 
    From function Foam::triFace Foam::tetIndices::faceTriIs(const Foam::polyMesh&) const
    in file meshes/polyMesh/polyMeshTetDecomposition/tetIndicesI.H at line 76
    No base point for face 34846932, 4(13169010 13171298 13172846 13170564), produces a valid tet decomposition.
--> FOAM Warning : 
    From function Foam::triFace Foam::tetIndices::faceTriIs(const Foam::polyMesh&) const
    in file meshes/polyMesh/polyMeshTetDecomposition/tetIndicesI.H at line 76
    No base point for face 34849974, 4(13173128 13171447 13172763 13169693), produces a valid tet decomposition.
--> FOAM Warning : 
    From function Foam::triFace Foam::tetIndices::faceTriIs(const Foam::polyMesh&) const
    in file meshes/polyMesh/polyMeshTetDecomposition/tetIndicesI.H at line 76
    No base point for face 53741345, 4(13769026 13768088 13769343 13767320), produces a valid tet decomposition.
--> FOAM Warning : 
    From function Foam::triFace Foam::tetIndices::faceTriIs(const Foam::polyMesh&) const
    in file meshes/polyMesh/polyMeshTetDecomposition/tetIndicesI.H at line 76
    No base point for face 36491262, 4(13766981 13768087 13769327 13768418), produces a valid tet decomposition.
--> FOAM Warning : 
    From function Foam::triFace Foam::tetIndices::faceTriIs(const Foam::polyMesh&) const
    in file meshes/polyMesh/polyMeshTetDecomposition/tetIndicesI.H at line 76
    No base point for face 53765068, 4(13769432 13767359 13769260 13767958), produces a valid tet decomposition.
--> FOAM Warning : 
    From function Foam::triFace Foam::tetIndices::faceTriIs(const Foam::polyMesh&) const
    in file meshes/polyMesh/polyMeshTetDecomposition/tetIndicesI.H at line 76
    No base point for face 53765070, 4(13769261 13767361 13769432 13767958), produces a valid tet decomposition.
--> FOAM Warning : 
    From function Foam::triFace Foam::tetIndices::faceTriIs(const Foam::polyMesh&) const
    in file meshes/polyMesh/polyMeshTetDecomposition/tetIndicesI.H at line 76
    No base point for face 53741345, 4(13769026 13768088 13769343 13767320), produces a valid tet decomposition.
--> FOAM Warning : 
    From function Foam::triFace Foam::tetIndices::faceTriIs(const Foam::polyMesh&) const
    in file meshes/polyMesh/polyMeshTetDecomposition/tetIndicesI.H at line 76
    No base point for face 36491262, 4(13766981 13768087 13769327 13768418), produces a valid tet decomposition.
--> FOAM Warning : 
    From function Foam::triFace Foam::tetIndices::faceTriIs(const Foam::polyMesh&) const
    in file meshes/polyMesh/polyMeshTetDecomposition/tetIndicesI.H at line 76
    No base point for face 53765068, 4(13769432 13767359 13769260 13767958), produces a valid tet decomposition.
--> FOAM Warning : 
    From function Foam::triFace Foam::tetIndices::faceTriIs(const Foam::polyMesh&) const
    in file meshes/polyMesh/polyMeshTetDecomposition/tetIndicesI.H at line 76
    No base point for face 53765070, 4(13769261 13767361 13769432 13767958), produces a valid tet decomposition.
--> FOAM Warning : 
    From function Foam::triFace Foam::tetIndices::faceTriIs(const Foam::polyMesh&) const
    in file meshes/polyMesh/polyMeshTetDecomposition/tetIndicesI.H at line 76
    No base point for face 53741345, 4(13769026 13768088 13769343 13767320), produces a valid tet decomposition.
--> FOAM Warning : 
    From function Foam::triFace Foam::tetIndices::faceTriIs(const Foam::polyMesh&) const
    in file meshes/polyMesh/polyMeshTetDecomposition/tetIndicesI.H at line 76
    No base point for face 36491262, 4(13766981 13768087 13769327 13768418), produces a valid tet decomposition.
--> FOAM Warning : 
    From function Foam::triFace Foam::tetIndices::faceTriIs(const Foam::polyMesh&) const
    in file meshes/polyMesh/polyMeshTetDecomposition/tetIndicesI.H at line 76
    No base point for face 53741345, 4(13769026 13768088 13769343 13767320), produces a valid tet decomposition.
--> FOAM Warning : 
    From function Foam::triFace Foam::tetIndices::faceTriIs(const Foam::polyMesh&) const
    in file meshes/polyMesh/polyMeshTetDecomposition/tetIndicesI.H at line 76
    No base point for face 36491262, 4(13766981 13768087 13769327 13768418), produces a valid tet decomposition.
--> FOAM Warning : 
    From function Foam::triFace Foam::tetIndices::faceTriIs(const Foam::polyMesh&) const
    in file meshes/polyMesh/polyMeshTetDecomposition/tetIndicesI.H at line 76
    No base point for face 53765068, 4(13769432 13767359 13769260 13767958), produces a valid tet decomposition.
--> FOAM Warning : 
    From function Foam::triFace Foam::tetIndices::faceTriIs(const Foam::polyMesh&) const
    in file meshes/polyMesh/polyMeshTetDecomposition/tetIndicesI.H at line 76
    No base point for face 53765070, 4(13769261 13767361 13769432 13767958), produces a valid tet decomposition.
--> FOAM Warning : 
    From function Foam::triFace Foam::tetIndices::faceTriIs(const Foam::polyMesh&) const
    in file meshes/polyMesh/polyMeshTetDecomposition/tetIndicesI.H at line 76
    No base point for face 53687888, 4(13172862 13170565 13172259 13169568), produces a valid tet decomposition.
--> FOAM Warning : 
    From function Foam::triFace Foam::tetIndices::faceTriIs(const Foam::polyMesh&) const
    in file meshes/polyMesh/polyMeshTetDecomposition/tetIndicesI.H at line 76
    No base point for face 34846932, 4(13169010 13171298 13172846 13170564), produces a valid tet decomposition.
--> FOAM Warning : 
    From function Foam::triFace Foam::tetIndices::faceTriIs(const Foam::polyMesh&) const
    in file meshes/polyMesh/polyMeshTetDecomposition/tetIndicesI.H at line 76
    No base point for face 34849974, 4(13173128 13171447 13172763 13169693), produces a valid tet decomposition.
--> FOAM Warning : 
    From function Foam::triFace Foam::tetIndices::faceTriIs(const Foam::polyMesh&) const
    in file meshes/polyMesh/polyMeshTetDecomposition/tetIndicesI.H at line 76
    No base point for face 53687888, 4(13172862 13170565 13172259 13169568), produces a valid tet decomposition.
--> FOAM Warning : 
    From function Foam::triFace Foam::tetIndices::faceTriIs(const Foam::polyMesh&) const
    in file meshes/polyMesh/polyMeshTetDecomposition/tetIndicesI.H at line 76
    No base point for face 34846932, 4(13169010 13171298 13172846 13170564), produces a valid tet decomposition.
--> FOAM Warning : 
    From function Foam::triFace Foam::tetIndices::faceTriIs(const Foam::polyMesh&) const
    in file meshes/polyMesh/polyMeshTetDecomposition/tetIndicesI.H at line 76
    No base point for face 34849974, 4(13173128 13171447 13172763 13169693), produces a valid tet decomposition.
--> FOAM Warning : 
    From function Foam::triFace Foam::tetIndices::faceTriIs(const Foam::polyMesh&) const
    in file meshes/polyMesh/polyMeshTetDecomposition/tetIndicesI.H at line 76
    No base point for face 53687888, 4(13172862 13170565 13172259 13169568), produces a valid tet decomposition.
--> FOAM Warning : 
    From function Foam::triFace Foam::tetIndices::faceTriIs(const Foam::polyMesh&) const
    in file meshes/polyMesh/polyMeshTetDecomposition/tetIndicesI.H at line 76
    No base point for face 34846932, 4(13169010 13171298 13172846 13170564), produces a valid tet decomposition.
--> FOAM Warning : 
    From function Foam::triFace Foam::tetIndices::faceTriIs(const Foam::polyMesh&) const
    in file meshes/polyMesh/polyMeshTetDecomposition/tetIndicesI.H at line 76
    No base point for face 53687888, 4(13172862 13170565 13172259 13169568), produces a valid tet decomposition.
--> FOAM Warning : 
    From function Foam::triFace Foam::tetIndices::faceTriIs(const Foam::polyMesh&) const
    in file meshes/polyMesh/polyMeshTetDecomposition/tetIndicesI.H at line 76
    No base point for face 34846932, 4(13169010 13171298 13172846 13170564), produces a valid tet decomposition.
--> FOAM Warning : 
    From function Foam::triFace Foam::tetIndices::faceTriIs(const Foam::polyMesh&) const
    in file meshes/polyMesh/polyMeshTetDecomposition/tetIndicesI.H at line 76
    No base point for face 34849974, 4(13173128 13171447 13172763 13169693), produces a valid tet decomposition.
--> FOAM Warning : 
    From function Foam::triFace Foam::tetIndices::faceTriIs(const Foam::polyMesh&) const
    in file meshes/polyMesh/polyMeshTetDecomposition/tetIndicesI.H at line 76
    No base point for face 53741345, 4(13769026 13768088 13769343 13767320), produces a valid tet decomposition.
--> FOAM Warning : 
    From function Foam::triFace Foam::tetIndices::faceTriIs(const Foam::polyMesh&) const
    in file meshes/polyMesh/polyMeshTetDecomposition/tetIndicesI.H at line 76
    No base point for face 36491262, 4(13766981 13768087 13769327 13768418), produces a valid tet decomposition.
--> FOAM Warning : 
    From function Foam::triFace Foam::tetIndices::faceTriIs(const Foam::polyMesh&) const
    in file meshes/polyMesh/polyMeshTetDecomposition/tetIndicesI.H at line 76
    No base point for face 53765068, 4(13769432 13767359 13769260 13767958), produces a valid tet decomposition.
--> FOAM Warning : 
    From function Foam::triFace Foam::tetIndices::faceTriIs(const Foam::polyMesh&) const
    in file meshes/polyMesh/polyMeshTetDecomposition/tetIndicesI.H at line 76
    No base point for face 53765070, 4(13769261 13767361 13769432 13767958), produces a valid tet decomposition.
--> FOAM Warning : 
    From function Foam::triFace Foam::tetIndices::faceTriIs(const Foam::polyMesh&) const
    in file meshes/polyMesh/polyMeshTetDecomposition/tetIndicesI.H at line 76
    No base point for face 53741345, 4(13769026 13768088 13769343 13767320), produces a valid tet decomposition.
--> FOAM Warning : 
    From function Foam::triFace Foam::tetIndices::faceTriIs(const Foam::polyMesh&) const
    in file meshes/polyMesh/polyMeshTetDecomposition/tetIndicesI.H at line 76
    No base point for face 36491262, 4(13766981 13768087 13769327 13768418), produces a valid tet decomposition.
--> FOAM Warning : 
    From function Foam::triFace Foam::tetIndices::faceTriIs(const Foam::polyMesh&) const
    in file meshes/polyMesh/polyMeshTetDecomposition/tetIndicesI.H at line 76
    No base point for face 53741345, 4(13769026 13768088 13769343 13767320), produces a valid tet decomposition.
--> FOAM Warning : 
    From function Foam::triFace Foam::tetIndices::faceTriIs(const Foam::polyMesh&) const
    in file meshes/polyMesh/polyMeshTetDecomposition/tetIndicesI.H at line 76
    No base point for face 36491262, 4(13766981 13768087 13769327 13768418), produces a valid tet decomposition.
--> FOAM Warning : 
    From function Foam::triFace Foam::tetIndices::faceTriIs(const Foam::polyMesh&) const
    in file meshes/polyMesh/polyMeshTetDecomposition/tetIndicesI.H at line 76
    No base point for face 53765068, 4(13769432 13767359 13769260 13767958), produces a valid tet decomposition.
--> FOAM Warning : 
    From function Foam::triFace Foam::tetIndices::faceTriIs(const Foam::polyMesh&) const
    in file meshes/polyMesh/polyMeshTetDecomposition/tetIndicesI.H at line 76
    No base point for face 53765070, 4(13769261 13767361 13769432 13767958), produces a valid tet decomposition.
--> FOAM Warning : 
    From function Foam::triFace Foam::tetIndices::faceTriIs(const Foam::polyMesh&) const
    in file meshes/polyMesh/polyMeshTetDecomposition/tetIndicesI.H at line 76
    No base point for face 53741345, 4(13769026 13768088 13769343 13767320), produces a valid tet decomposition.
--> FOAM Warning : 
    From function Foam::triFace Foam::tetIndices::faceTriIs(const Foam::polyMesh&) const
    in file meshes/polyMesh/polyMeshTetDecomposition/tetIndicesI.H at line 76
    No base point for face 36491262, 4(13766981 13768087 13769327 13768418), produces a valid tet decomposition.
--> FOAM Warning : 
    From function Foam::triFace Foam::tetIndices::faceTriIs(const Foam::polyMesh&) const
    in file meshes/polyMesh/polyMeshTetDecomposition/tetIndicesI.H at line 76
    No base point for face 53765068, 4(13769432 13767359 13769260 13767958), produces a valid tet decomposition.
--> FOAM Warning : 
    From function Foam::triFace Foam::tetIndices::faceTriIs(const Foam::polyMesh&) const
    in file meshes/polyMesh/polyMeshTetDecomposition/tetIndicesI.H at line 76
    No base point for face 53765070, 4(13769261 13767361 13769432 13767958), produces a valid tet decomposition.
--> FOAM Warning : 
    From function Foam::triFace Foam::tetIndices::faceTriIs(const Foam::polyMesh&) const
    in file meshes/polyMesh/polyMeshTetDecomposition/tetIndicesI.H at line 76
    No base point for face 53687888, 4(13172862 13170565 13172259 13169568), produces a valid tet decomposition.
--> FOAM Warning : 
    From function Foam::triFace Foam::tetIndices::faceTriIs(const Foam::polyMesh&) const
    in file meshes/polyMesh/polyMeshTetDecomposition/tetIndicesI.H at line 76
    No base point for face 34846932, 4(13169010 13171298 13172846 13170564), produces a valid tet decomposition.
--> FOAM Warning : 
    From function Foam::triFace Foam::tetIndices::faceTriIs(const Foam::polyMesh&) const
    in file meshes/polyMesh/polyMeshTetDecomposition/tetIndicesI.H at line 76
    No base point for face 34849974, 4(13173128 13171447 13172763 13169693), produces a valid tet decomposition.
--> FOAM Warning : 
    From function Foam::triFace Foam::tetIndices::faceTriIs(const Foam::polyMesh&) const
    in file meshes/polyMesh/polyMeshTetDecomposition/tetIndicesI.H at line 76
    No base point for face 53687888, 4(13172862 13170565 13172259 13169568), produces a valid tet decomposition.
--> FOAM Warning : 
    From function Foam::triFace Foam::tetIndices::faceTriIs(const Foam::polyMesh&) const
    in file meshes/polyMesh/polyMeshTetDecomposition/tetIndicesI.H at line 76
    No base point for face 34846932, 4(13169010 13171298 13172846 13170564), produces a valid tet decomposition.
--> FOAM Warning : 
    From function Foam::triFace Foam::tetIndices::faceTriIs(const Foam::polyMesh&) const
    in file meshes/polyMesh/polyMeshTetDecomposition/tetIndicesI.H at line 76
    No base point for face 34849974, 4(13173128 13171447 13172763 13169693), produces a valid tet decomposition.
--> FOAM Warning : 
    From function Foam::triFace Foam::tetIndices::faceTriIs(const Foam::polyMesh&) const
    in file meshes/polyMesh/polyMeshTetDecomposition/tetIndicesI.H at line 76
    No base point for face 53741345, 4(13769026 13768088 13769343 13767320), produces a valid tet decomposition.
--> FOAM Warning : 
    From function Foam::triFace Foam::tetIndices::faceTriIs(const Foam::polyMesh&) const
    in file meshes/polyMesh/polyMeshTetDecomposition/tetIndicesI.H at line 76
    No base point for face 36491262, 4(13766981 13768087 13769327 13768418), produces a valid tet decomposition.
--> FOAM Warning : 
    From function Foam::triFace Foam::tetIndices::faceTriIs(const Foam::polyMesh&) const
    in file meshes/polyMesh/polyMeshTetDecomposition/tetIndicesI.H at line 76
    No base point for face 53765068, 4(13769432 13767359 13769260 13767958), produces a valid tet decomposition.
--> FOAM Warning : 
    From function Foam::triFace Foam::tetIndices::faceTriIs(const Foam::polyMesh&) const
    in file meshes/polyMesh/polyMeshTetDecomposition/tetIndicesI.H at line 76
    No base point for face 53765070, 4(13769261 13767361 13769432 13767958), produces a valid tet decomposition.
--> FOAM Warning : 
    From function Foam::triFace Foam::tetIndices::faceTriIs(const Foam::polyMesh&) const
    in file meshes/polyMesh/polyMeshTetDecomposition/tetIndicesI.H at line 76
    No base point for face 53741345, 4(13769026 13768088 13769343 13767320), produces a valid tet decomposition.
--> FOAM Warning : 
    From function Foam::triFace Foam::tetIndices::faceTriIs(const Foam::polyMesh&) const
    in file meshes/polyMesh/polyMeshTetDecomposition/tetIndicesI.H at line 76
    No base point for face 36491262, 4(13766981 13768087 13769327 13768418), produces a valid tet decomposition.
--> FOAM Warning : 
    From function Foam::triFace Foam::tetIndices::faceTriIs(const Foam::polyMesh&) const
    in file meshes/polyMesh/polyMeshTetDecomposition/tetIndicesI.H at line 76
    No base point for face 53765068, 4(13769432 13767359 13769260 13767958), produces a valid tet decomposition.
--> FOAM Warning : 
    From function Foam::triFace Foam::tetIndices::faceTriIs(const Foam::polyMesh&) const
    in file meshes/polyMesh/polyMeshTetDecomposition/tetIndicesI.H at line 76
    No base point for face 53765070, 4(13769261 13767361 13769432 13767958), produces a valid tet decomposition.
--> FOAM Warning : 
    From function Foam::triFace Foam::tetIndices::faceTriIs(const Foam::polyMesh&) const
    in file meshes/polyMesh/polyMeshTetDecomposition/tetIndicesI.H at line 76
    No base point for face 53741345, 4(13769026 13768088 13769343 13767320), produces a valid tet decomposition.
--> FOAM Warning : 
    From function Foam::triFace Foam::tetIndices::faceTriIs(const Foam::polyMesh&) const
    in file meshes/polyMesh/polyMeshTetDecomposition/tetIndicesI.H at line 76
    No base point for face 41908057, 4(15645411 15646320 15647787 15646319), produces a valid tet decomposition.
--> FOAM Warning : 
    From function Foam::triFace Foam::tetIndices::faceTriIs(const Foam::polyMesh&) const
    in file meshes/polyMesh/polyMeshTetDecomposition/tetIndicesI.H at line 76
    No base point for face 41909636, 4(15648870 15646711 15648568 15646250), produces a valid tet decomposition.
--> FOAM Warning : 
    From function Foam::triFace Foam::tetIndices::faceTriIs(const Foam::polyMesh&) const
    in file meshes/polyMesh/polyMeshTetDecomposition/tetIndicesI.H at line 76
    No base point for face 41868869, 4(15631963 15631964 15631965 15631966), produces a valid tet decomposition.
--> FOAM Warning : 
    From function Foam::triFace Foam::tetIndices::faceTriIs(const Foam::polyMesh&) const
    in file meshes/polyMesh/polyMeshTetDecomposition/tetIndicesI.H at line 76
    No base point for face 41717448, 4(15590323 15583730 15589436 15585513), produces a valid tet decomposition.
--> FOAM Warning : 
    From function Foam::triFace Foam::tetIndices::faceTriIs(const Foam::polyMesh&) const
    in file meshes/polyMesh/polyMeshTetDecomposition/tetIndicesI.H at line 76
    No base point for face 41736436, 4(15582825 15586863 15590342 15587742), produces a valid tet decomposition.
--> FOAM Warning : 
    From function Foam::triFace Foam::tetIndices::faceTriIs(const Foam::polyMesh&) const
    in file meshes/polyMesh/polyMeshTetDecomposition/tetIndicesI.H at line 76
    No base point for face 43352305, 4(16171374 16175105 16179574 16176792), produces a valid tet decomposition.
--> FOAM Warning : 
    From function Foam::triFace Foam::tetIndices::faceTriIs(const Foam::polyMesh&) const
    in file meshes/polyMesh/polyMeshTetDecomposition/tetIndicesI.H at line 76
    No base point for face 43363693, 4(16179643 16172749 16179655 16176814), produces a valid tet decomposition.
--> FOAM Warning : 
    From function Foam::triFace Foam::tetIndices::faceTriIs(const Foam::polyMesh&) const
    in file meshes/polyMesh/polyMeshTetDecomposition/tetIndicesI.H at line 76
    No base point for face 43338089, 4(16171219 16176266 16180544 16176269), produces a valid tet decomposition.
--> FOAM Warning : 
    From function Foam::triFace Foam::tetIndices::faceTriIs(const Foam::polyMesh&) const
    in file meshes/polyMesh/polyMeshTetDecomposition/tetIndicesI.H at line 76
    No base point for face 43492205, 4(16167403 16167404 16167405 16167406), produces a valid tet decomposition.
--> FOAM Warning : 
    From function Foam::triFace Foam::tetIndices::faceTriIs(const Foam::polyMesh&) const
    in file meshes/polyMesh/polyMeshTetDecomposition/tetIndicesI.H at line 76
    No base point for face 43527508, 4(16233732 16234556 16235140 16234714), produces a valid tet decomposition.
--> FOAM Warning : 
    From function Foam::triFace Foam::tetIndices::faceTriIs(const Foam::polyMesh&) const
    in file meshes/polyMesh/polyMeshTetDecomposition/tetIndicesI.H at line 76
    No base point for face 41908057, 4(15645411 15646320 15647787 15646319), produces a valid tet decomposition.
--> FOAM Warning : 
    From function Foam::triFace Foam::tetIndices::faceTriIs(const Foam::polyMesh&) const
    in file meshes/polyMesh/polyMeshTetDecomposition/tetIndicesI.H at line 76
    No base point for face 41868869, 4(15631963 15631964 15631965 15631966), produces a valid tet decomposition.
--> FOAM Warning : 
    From function Foam::triFace Foam::tetIndices::faceTriIs(const Foam::polyMesh&) const
    in file meshes/polyMesh/polyMeshTetDecomposition/tetIndicesI.H at line 76
    No base point for face 41717448, 4(15590323 15583730 15589436 15585513), produces a valid tet decomposition.
--> FOAM Warning : 
    From function Foam::triFace Foam::tetIndices::faceTriIs(const Foam::polyMesh&) const
    in file meshes/polyMesh/polyMeshTetDecomposition/tetIndicesI.H at line 76
    No base point for face 43352305, 4(16171374 16175105 16179574 16176792), produces a valid tet decomposition.
--> FOAM Warning : 
    From function Foam::triFace Foam::tetIndices::faceTriIs(const Foam::polyMesh&) const
    in file meshes/polyMesh/polyMeshTetDecomposition/tetIndicesI.H at line 76
    No base point for face 43363693, 4(16179643 16172749 16179655 16176814), produces a valid tet decomposition.
--> FOAM Warning : 
    From function Foam::triFace Foam::tetIndices::faceTriIs(const Foam::polyMesh&) const
    in file meshes/polyMesh/polyMeshTetDecomposition/tetIndicesI.H at line 76
    No base point for face 43338089, 4(16171219 16176266 16180544 16176269), produces a valid tet decomposition.
--> FOAM Warning : 
    From function Foam::triFace Foam::tetIndices::faceTriIs(const Foam::polyMesh&) const
    in file meshes/polyMesh/polyMeshTetDecomposition/tetIndicesI.H at line 76
    No base point for face 43492205, 4(16167403 16167404 16167405 16167406), produces a valid tet decomposition.
--> FOAM Warning : 
    From function Foam::triFace Foam::tetIndices::faceTriIs(const Foam::polyMesh&) const
    in file meshes/polyMesh/polyMeshTetDecomposition/tetIndicesI.H at line 76
    No base point for face 43527508, 4(16233732 16234556 16235140 16234714), produces a valid tet decomposition.
--> FOAM Warning : 
    From function Foam::triFace Foam::tetIndices::faceTriIs(const Foam::polyMesh&) const
    in file meshes/polyMesh/polyMeshTetDecomposition/tetIndicesI.H at line 76
    No base point for face 41908057, 4(15645411 15646320 15647787 15646319), produces a valid tet decomposition.
--> FOAM Warning : 
    From function Foam::triFace Foam::tetIndices::faceTriIs(const Foam::polyMesh&) const
    in file meshes/polyMesh/polyMeshTetDecomposition/tetIndicesI.H at line 76
    No base point for face 41909636, 4(15648870 15646711 15648568 15646250), produces a valid tet decomposition.
--> FOAM Warning : 
    From function Foam::triFace Foam::tetIndices::faceTriIs(const Foam::polyMesh&) const
    in file meshes/polyMesh/polyMeshTetDecomposition/tetIndicesI.H at line 76
    No base point for face 41868869, 4(15631963 15631964 15631965 15631966), produces a valid tet decomposition.
--> FOAM Warning : 
    From function Foam::triFace Foam::tetIndices::faceTriIs(const Foam::polyMesh&) const
    in file meshes/polyMesh/polyMeshTetDecomposition/tetIndicesI.H at line 76
    No base point for face 41717448, 4(15590323 15583730 15589436 15585513), produces a valid tet decomposition.
--> FOAM Warning : 
    From function Foam::triFace Foam::tetIndices::faceTriIs(const Foam::polyMesh&) const
    in file meshes/polyMesh/polyMeshTetDecomposition/tetIndicesI.H at line 76
    No base point for face 41736436, 4(15582825 15586863 15590342 15587742), produces a valid tet decomposition.
--> FOAM Warning : 
    From function Foam::triFace Foam::tetIndices::faceTriIs(const Foam::polyMesh&) const
    in file meshes/polyMesh/polyMeshTetDecomposition/tetIndicesI.H at line 76
    No base point for face 43352305, 4(16171374 16175105 16179574 16176792), produces a valid tet decomposition.
--> FOAM Warning : 
    From function Foam::triFace Foam::tetIndices::faceTriIs(const Foam::polyMesh&) const
    in file meshes/polyMesh/polyMeshTetDecomposition/tetIndicesI.H at line 76
    No base point for face 43363693, 4(16179643 16172749 16179655 16176814), produces a valid tet decomposition.
--> FOAM Warning : 
    From function Foam::triFace Foam::tetIndices::faceTriIs(const Foam::polyMesh&) const
    in file meshes/polyMesh/polyMeshTetDecomposition/tetIndicesI.H at line 76
    No base point for face 43338089, 4(16171219 16176266 16180544 16176269), produces a valid tet decomposition.
--> FOAM Warning : 
    From function Foam::triFace Foam::tetIndices::faceTriIs(const Foam::polyMesh&) const
    in file meshes/polyMesh/polyMeshTetDecomposition/tetIndicesI.H at line 76
    No base point for face 43492205, 4(16167403 16167404 16167405 16167406), produces a valid tet decomposition.
--> FOAM Warning : 
    From function Foam::triFace Foam::tetIndices::faceTriIs(const Foam::polyMesh&) const
    in file meshes/polyMesh/polyMeshTetDecomposition/tetIndicesI.H at line 76
    No base point for face 43527508, 4(16233732 16234556 16235140 16234714), produces a valid tet decomposition.
--> FOAM Warning : 
    From function Foam::triFace Foam::tetIndices::faceTriIs(const Foam::polyMesh&) const
    in file meshes/polyMesh/polyMeshTetDecomposition/tetIndicesI.H at line 76
    No base point for face 41908057, 4(15645411 15646320 15647787 15646319), produces a valid tet decomposition.
--> FOAM Warning : 
    From function Foam::triFace Foam::tetIndices::faceTriIs(const Foam::polyMesh&) const
    in file meshes/polyMesh/polyMeshTetDecomposition/tetIndicesI.H at line 76
    No base point for face 41909636, 4(15648870 15646711 15648568 15646250), produces a valid tet decomposition.
--> FOAM Warning : 
    From function Foam::triFace Foam::tetIndices::faceTriIs(const Foam::polyMesh&) const
    in file meshes/polyMesh/polyMeshTetDecomposition/tetIndicesI.H at line 76
    No base point for face 41868869, 4(15631963 15631964 15631965 15631966), produces a valid tet decomposition.
--> FOAM Warning : 
    From function Foam::triFace Foam::tetIndices::faceTriIs(const Foam::polyMesh&) const
    in file meshes/polyMesh/polyMeshTetDecomposition/tetIndicesI.H at line 76
    No base point for face 41717448, 4(15590323 15583730 15589436 15585513), produces a valid tet decomposition.
--> FOAM Warning : 
    From function Foam::triFace Foam::tetIndices::faceTriIs(const Foam::polyMesh&) const
    in file meshes/polyMesh/polyMeshTetDecomposition/tetIndicesI.H at line 76
    No base point for face 41736436, 4(15582825 15586863 15590342 15587742), produces a valid tet decomposition.
--> FOAM Warning : 
    From function Foam::triFace Foam::tetIndices::faceTriIs(const Foam::polyMesh&) const
    in file meshes/polyMesh/polyMeshTetDecomposition/tetIndicesI.H at line 76
    No base point for face 43352305, 4(16171374 16175105 16179574 16176792), produces a valid tet decomposition.
--> FOAM Warning : 
    From function Foam::triFace Foam::tetIndices::faceTriIs(const Foam::polyMesh&) const
    in file meshes/polyMesh/polyMeshTetDecomposition/tetIndicesI.H at line 76
    No base point for face 43338089, 4(16171219 16176266 16180544 16176269), produces a valid tet decomposition.
--> FOAM Warning : 
    From function Foam::triFace Foam::tetIndices::faceTriIs(const Foam::polyMesh&) const
    in file meshes/polyMesh/polyMeshTetDecomposition/tetIndicesI.H at line 76
    No base point for face 43492205, 4(16167403 16167404 16167405 16167406), produces a valid tet decomposition.
--> FOAM Warning : 
    From function Foam::triFace Foam::tetIndices::faceTriIs(const Foam::polyMesh&) const
    in file meshes/polyMesh/polyMeshTetDecomposition/tetIndicesI.H at line 76
    No base point for face 43527508, 4(16233732 16234556 16235140 16234714), produces a valid tet decomposition.
--> FOAM Warning : 
    From function Foam::triFace Foam::tetIndices::faceTriIs(const Foam::polyMesh&) const
    in file meshes/polyMesh/polyMeshTetDecomposition/tetIndicesI.H at line 76
    No base point for face 35007608, 4(13225489 13226787 13227894 13226786), produces a valid tet decomposition.
--> FOAM Warning : 
    From function Foam::triFace Foam::tetIndices::faceTriIs(const Foam::polyMesh&) const
    in file meshes/polyMesh/polyMeshTetDecomposition/tetIndicesI.H at line 76
    No base point for face 34984036, 4(13216889 13216756 13216848 13216695), produces a valid tet decomposition.
--> FOAM Warning : 
    From function Foam::triFace Foam::tetIndices::faceTriIs(const Foam::polyMesh&) const
    in file meshes/polyMesh/polyMeshTetDecomposition/tetIndicesI.H at line 76
    No base point for face 34948633, 4(13204507 13201040 13205213 13203292), produces a valid tet decomposition.
--> FOAM Warning : 
    From function Foam::triFace Foam::tetIndices::faceTriIs(const Foam::polyMesh&) const
    in file meshes/polyMesh/polyMeshTetDecomposition/tetIndicesI.H at line 76
    No base point for face 34949734, 4(13205338 13201105 13204595 13203323), produces a valid tet decomposition.
--> FOAM Warning : 
    From function Foam::triFace Foam::tetIndices::faceTriIs(const Foam::polyMesh&) const
    in file meshes/polyMesh/polyMeshTetDecomposition/tetIndicesI.H at line 76
    No base point for face 36748368, 4(13867119 13864358 13546745 13546746), produces a valid tet decomposition.
--> FOAM Warning : 
    From function Foam::triFace Foam::tetIndices::faceTriIs(const Foam::polyMesh&) const
    in file meshes/polyMesh/polyMeshTetDecomposition/tetIndicesI.H at line 76
    No base point for face 36748892, 4(13547584 13860087 13866637 13547585), produces a valid tet decomposition.
--> FOAM Warning : 
    From function Foam::triFace Foam::tetIndices::faceTriIs(const Foam::polyMesh&) const
    in file meshes/polyMesh/polyMeshTetDecomposition/tetIndicesI.H at line 76
    No base point for face 36729674, 4(13865839 13860687 13546976 13546977), produces a valid tet decomposition.
--> FOAM Warning : 
    From function Foam::triFace Foam::tetIndices::faceTriIs(const Foam::polyMesh&) const
    in file meshes/polyMesh/polyMeshTetDecomposition/tetIndicesI.H at line 76
    No base point for face 37080977, 4(13548520 13548521 13976721 13976711), produces a valid tet decomposition.
--> FOAM Warning : 
    From function Foam::triFace Foam::tetIndices::faceTriIs(const Foam::polyMesh&) const
    in file meshes/polyMesh/polyMeshTetDecomposition/tetIndicesI.H at line 76
    No base point for face 35007608, 4(13225489 13226787 13227894 13226786), produces a valid tet decomposition.
--> FOAM Warning : 
    From function Foam::triFace Foam::tetIndices::faceTriIs(const Foam::polyMesh&) const
    in file meshes/polyMesh/polyMeshTetDecomposition/tetIndicesI.H at line 76
    No base point for face 34984036, 4(13216889 13216756 13216848 13216695), produces a valid tet decomposition.
--> FOAM Warning : 
    From function Foam::triFace Foam::tetIndices::faceTriIs(const Foam::polyMesh&) const
    in file meshes/polyMesh/polyMeshTetDecomposition/tetIndicesI.H at line 76
    No base point for face 34948633, 4(13204507 13201040 13205213 13203292), produces a valid tet decomposition.
--> FOAM Warning : 
    From function Foam::triFace Foam::tetIndices::faceTriIs(const Foam::polyMesh&) const
    in file meshes/polyMesh/polyMeshTetDecomposition/tetIndicesI.H at line 76
    No base point for face 34949734, 4(13205338 13201105 13204595 13203323), produces a valid tet decomposition.
--> FOAM Warning : 
    From function Foam::triFace Foam::tetIndices::faceTriIs(const Foam::polyMesh&) const
    in file meshes/polyMesh/polyMeshTetDecomposition/tetIndicesI.H at line 76
    No base point for face 36748368, 4(13867119 13864358 13546745 13546746), produces a valid tet decomposition.
--> FOAM Warning : 
    From function Foam::triFace Foam::tetIndices::faceTriIs(const Foam::polyMesh&) const
    in file meshes/polyMesh/polyMeshTetDecomposition/tetIndicesI.H at line 76
    No base point for face 36748892, 4(13547584 13860087 13866637 13547585), produces a valid tet decomposition.
--> FOAM Warning : 
    From function Foam::triFace Foam::tetIndices::faceTriIs(const Foam::polyMesh&) const
    in file meshes/polyMesh/polyMeshTetDecomposition/tetIndicesI.H at line 76
    No base point for face 36729674, 4(13865839 13860687 13546976 13546977), produces a valid tet decomposition.
--> FOAM Warning : 
    From function Foam::triFace Foam::tetIndices::faceTriIs(const Foam::polyMesh&) const
    in file meshes/polyMesh/polyMeshTetDecomposition/tetIndicesI.H at line 76
    No base point for face 37080977, 4(13548520 13548521 13976721 13976711), produces a valid tet decomposition.
--> FOAM Warning : 
    From function Foam::triFace Foam::tetIndices::faceTriIs(const Foam::polyMesh&) const
    in file meshes/polyMesh/polyMeshTetDecomposition/tetIndicesI.H at line 76
    No base point for face 35007608, 4(13225489 13226787 13227894 13226786), produces a valid tet decomposition.
--> FOAM Warning : 
    From function Foam::triFace Foam::tetIndices::faceTriIs(const Foam::polyMesh&) const
    in file meshes/polyMesh/polyMeshTetDecomposition/tetIndicesI.H at line 76
    No base point for face 34984036, 4(13216889 13216756 13216848 13216695), produces a valid tet decomposition.
--> FOAM Warning : 
    From function Foam::triFace Foam::tetIndices::faceTriIs(const Foam::polyMesh&) const
    in file meshes/polyMesh/polyMeshTetDecomposition/tetIndicesI.H at line 76
    No base point for face 34948633, 4(13204507 13201040 13205213 13203292), produces a valid tet decomposition.
--> FOAM Warning : 
    From function Foam::triFace Foam::tetIndices::faceTriIs(const Foam::polyMesh&) const
    in file meshes/polyMesh/polyMeshTetDecomposition/tetIndicesI.H at line 76
    No base point for face 34949734, 4(13205338 13201105 13204595 13203323), produces a valid tet decomposition.
--> FOAM Warning : 
    From function Foam::triFace Foam::tetIndices::faceTriIs(const Foam::polyMesh&) const
    in file meshes/polyMesh/polyMeshTetDecomposition/tetIndicesI.H at line 76
    No base point for face 36748368, 4(13867119 13864358 13546745 13546746), produces a valid tet decomposition.
--> FOAM Warning : 
    From function Foam::triFace Foam::tetIndices::faceTriIs(const Foam::polyMesh&) const
    in file meshes/polyMesh/polyMeshTetDecomposition/tetIndicesI.H at line 76
    No base point for face 36748892, 4(13547584 13860087 13866637 13547585), produces a valid tet decomposition.
--> FOAM Warning : 
    From function Foam::triFace Foam::tetIndices::faceTriIs(const Foam::polyMesh&) const
    in file meshes/polyMesh/polyMeshTetDecomposition/tetIndicesI.H at line 76
    No base point for face 36729674, 4(13865839 13860687 13546976 13546977), produces a valid tet decomposition.
--> FOAM Warning : 
    From function Foam::triFace Foam::tetIndices::faceTriIs(const Foam::polyMesh&) const
    in file meshes/polyMesh/polyMeshTetDecomposition/tetIndicesI.H at line 76
    No base point for face 37080977, 4(13548520 13548521 13976721 13976711), produces a valid tet decomposition.
--> FOAM Warning : 
    From function Foam::triFace Foam::tetIndices::faceTriIs(const Foam::polyMesh&) const
    in file meshes/polyMesh/polyMeshTetDecomposition/tetIndicesI.H at line 76
    No base point for face 35007608, 4(13225489 13226787 13227894 13226786), produces a valid tet decomposition.
--> FOAM Warning : 
    From function Foam::triFace Foam::tetIndices::faceTriIs(const Foam::polyMesh&) const
    in file meshes/polyMesh/polyMeshTetDecomposition/tetIndicesI.H at line 76
    No base point for face 34984036, 4(13216889 13216756 13216848 13216695), produces a valid tet decomposition.
--> FOAM Warning : 
    From function Foam::triFace Foam::tetIndices::faceTriIs(const Foam::polyMesh&) const
    in file meshes/polyMesh/polyMeshTetDecomposition/tetIndicesI.H at line 76
    No base point for face 34948633, 4(13204507 13201040 13205213 13203292), produces a valid tet decomposition.
--> FOAM Warning : 
    From function Foam::triFace Foam::tetIndices::faceTriIs(const Foam::polyMesh&) const
    in file meshes/polyMesh/polyMeshTetDecomposition/tetIndicesI.H at line 76
    No base point for face 34949734, 4(13205338 13201105 13204595 13203323), produces a valid tet decomposition.
--> FOAM Warning : 
    From function Foam::triFace Foam::tetIndices::faceTriIs(const Foam::polyMesh&) const
    in file meshes/polyMesh/polyMeshTetDecomposition/tetIndicesI.H at line 76
    No base point for face 36748368, 4(13867119 13864358 13546745 13546746), produces a valid tet decomposition.
--> FOAM Warning : 
    From function Foam::triFace Foam::tetIndices::faceTriIs(const Foam::polyMesh&) const
    in file meshes/polyMesh/polyMeshTetDecomposition/tetIndicesI.H at line 76
    No base point for face 36748892, 4(13547584 13860087 13866637 13547585), produces a valid tet decomposition.
--> FOAM Warning : 
    From function Foam::triFace Foam::tetIndices::faceTriIs(const Foam::polyMesh&) const
    in file meshes/polyMesh/polyMeshTetDecomposition/tetIndicesI.H at line 76
    No base point for face 36729674, 4(13865839 13860687 13546976 13546977), produces a valid tet decomposition.
--> FOAM Warning : 
    From function Foam::triFace Foam::tetIndices::faceTriIs(const Foam::polyMesh&) const
    in file meshes/polyMesh/polyMeshTetDecomposition/tetIndicesI.H at line 76
    No base point for face 37080977, 4(13548520 13548521 13976721 13976711), produces a valid tet decomposition.
--> FOAM Warning : 
    From function Foam::triFace Foam::tetIndices::faceTriIs(const Foam::polyMesh&) const
    in file meshes/polyMesh/polyMeshTetDecomposition/tetIndicesI.H at line 76
    No base point for face 35012906, 4(13227163 13226397 13227204 13225703), produces a valid tet decomposition.
--> FOAM Warning : 
    From function Foam::triFace Foam::tetIndices::faceTriIs(const Foam::polyMesh&) const
    in file meshes/polyMesh/polyMeshTetDecomposition/tetIndicesI.H at line 76
    No base point for face 36648779, 4(13821754 13820749 13821783 13821333), produces a valid tet decomposition.
--> FOAM Warning : 
    From function Foam::triFace Foam::tetIndices::faceTriIs(const Foam::polyMesh&) const
    in file meshes/polyMesh/polyMeshTetDecomposition/tetIndicesI.H at line 76
    No base point for face 35012906, 4(13227163 13226397 13227204 13225703), produces a valid tet decomposition.
--> FOAM Warning : 
    From function Foam::triFace Foam::tetIndices::faceTriIs(const Foam::polyMesh&) const
    in file meshes/polyMesh/polyMeshTetDecomposition/tetIndicesI.H at line 76
    No base point for face 36648779, 4(13821754 13820749 13821783 13821333), produces a valid tet decomposition.
--> FOAM Warning : 
    From function Foam::triFace Foam::tetIndices::faceTriIs(const Foam::polyMesh&) const
    in file meshes/polyMesh/polyMeshTetDecomposition/tetIndicesI.H at line 76
    No base point for face 35012906, 4(13227163 13226397 13227204 13225703), produces a valid tet decomposition.
--> FOAM Warning : 
    From function Foam::triFace Foam::tetIndices::faceTriIs(const Foam::polyMesh&) const
    in file meshes/polyMesh/polyMeshTetDecomposition/tetIndicesI.H at line 76
    No base point for face 36648779, 4(13821754 13820749 13821783 13821333), produces a valid tet decomposition.
--> FOAM Warning : 
    From function Foam::triFace Foam::tetIndices::faceTriIs(const Foam::polyMesh&) const
    in file meshes/polyMesh/polyMeshTetDecomposition/tetIndicesI.H at line 76
    No base point for face 35012906, 4(13227163 13226397 13227204 13225703), produces a valid tet decomposition.
--> FOAM Warning : 
    From function Foam::triFace Foam::tetIndices::faceTriIs(const Foam::polyMesh&) const
    in file meshes/polyMesh/polyMeshTetDecomposition/tetIndicesI.H at line 76
    No base point for face 36648779, 4(13821754 13820749 13821783 13821333), produces a valid tet decomposition.
--> FOAM Warning : 
    From function Foam::triFace Foam::tetIndices::faceTriIs(const Foam::polyMesh&) const
    in file meshes/polyMesh/polyMeshTetDecomposition/tetIndicesI.H at line 76
    No base point for face 35012906, 4(13227163 13226397 13227204 13225703), produces a valid tet decomposition.
--> FOAM Warning : 
    From function Foam::triFace Foam::tetIndices::faceTriIs(const Foam::polyMesh&) const
    in file meshes/polyMesh/polyMeshTetDecomposition/tetIndicesI.H at line 76
    No base point for face 36648779, 4(13821754 13820749 13821783 13821333), produces a valid tet decomposition.
--> FOAM Warning : 
    From function Foam::triFace Foam::tetIndices::faceTriIs(const Foam::polyMesh&) const
    in file meshes/polyMesh/polyMeshTetDecomposition/tetIndicesI.H at line 76
    No base point for face 41546179, 4(15520628 15519419 15520568 15518806), produces a valid tet decomposition.
--> FOAM Warning : 
    From function Foam::triFace Foam::tetIndices::faceTriIs(const Foam::polyMesh&) const
    in file meshes/polyMesh/polyMeshTetDecomposition/tetIndicesI.H at line 76
    No base point for face 41546181, 4(15520568 15519422 15520838 15518806), produces a valid tet decomposition.
--> FOAM Warning : 
    From function Foam::triFace Foam::tetIndices::faceTriIs(const Foam::polyMesh&) const
    in file meshes/polyMesh/polyMeshTetDecomposition/tetIndicesI.H at line 76
    No base point for face 41548828, 4(15520476 15518675 15520471 15519647), produces a valid tet decomposition.
--> FOAM Warning : 
    From function Foam::triFace Foam::tetIndices::faceTriIs(const Foam::polyMesh&) const
    in file meshes/polyMesh/polyMeshTetDecomposition/tetIndicesI.H at line 76
    No base point for face 41548829, 4(15518373 15519646 15520476 15519647), produces a valid tet decomposition.
--> FOAM Warning : 
    From function Foam::triFace Foam::tetIndices::faceTriIs(const Foam::polyMesh&) const
    in file meshes/polyMesh/polyMeshTetDecomposition/tetIndicesI.H at line 76
    No base point for face 53798591, 4(15520476 15519647 15520568 15518806), produces a valid tet decomposition.
--> FOAM Warning : 
    From function Foam::triFace Foam::tetIndices::faceTriIs(const Foam::polyMesh&) const
    in file meshes/polyMesh/polyMeshTetDecomposition/tetIndicesI.H at line 76
    No base point for face 41546179, 4(15520628 15519419 15520568 15518806), produces a valid tet decomposition.
--> FOAM Warning : 
    From function Foam::triFace Foam::tetIndices::faceTriIs(const Foam::polyMesh&) const
    in file meshes/polyMesh/polyMeshTetDecomposition/tetIndicesI.H at line 76
    No base point for face 41548829, 4(15518373 15519646 15520476 15519647), produces a valid tet decomposition.
--> FOAM Warning : 
    From function Foam::triFace Foam::tetIndices::faceTriIs(const Foam::polyMesh&) const
    in file meshes/polyMesh/polyMeshTetDecomposition/tetIndicesI.H at line 76
    No base point for face 41552224, 4(15520836 15518806 15520476 15519569), produces a valid tet decomposition.
--> FOAM Warning : 
    From function Foam::triFace Foam::tetIndices::faceTriIs(const Foam::polyMesh&) const
    in file meshes/polyMesh/polyMeshTetDecomposition/tetIndicesI.H at line 76
    No base point for face 41570681, 4(15520568 15519647 15526499 15522245), produces a valid tet decomposition.
--> FOAM Warning : 
    From function Foam::triFace Foam::tetIndices::faceTriIs(const Foam::polyMesh&) const
    in file meshes/polyMesh/polyMeshTetDecomposition/tetIndicesI.H at line 76
    No base point for face 41546179, 4(15520628 15519419 15520568 15518806), produces a valid tet decomposition.
--> FOAM Warning : 
    From function Foam::triFace Foam::tetIndices::faceTriIs(const Foam::polyMesh&) const
    in file meshes/polyMesh/polyMeshTetDecomposition/tetIndicesI.H at line 76
    No base point for face 41546181, 4(15520568 15519422 15520838 15518806), produces a valid tet decomposition.
--> FOAM Warning : 
    From function Foam::triFace Foam::tetIndices::faceTriIs(const Foam::polyMesh&) const
    in file meshes/polyMesh/polyMeshTetDecomposition/tetIndicesI.H at line 76
    No base point for face 41548828, 4(15520476 15518675 15520471 15519647), produces a valid tet decomposition.
--> FOAM Warning : 
    From function Foam::triFace Foam::tetIndices::faceTriIs(const Foam::polyMesh&) const
    in file meshes/polyMesh/polyMeshTetDecomposition/tetIndicesI.H at line 76
    No base point for face 41548829, 4(15518373 15519646 15520476 15519647), produces a valid tet decomposition.
--> FOAM Warning : 
    From function Foam::triFace Foam::tetIndices::faceTriIs(const Foam::polyMesh&) const
    in file meshes/polyMesh/polyMeshTetDecomposition/tetIndicesI.H at line 76
    No base point for face 53798591, 4(15520476 15519647 15520568 15518806), produces a valid tet decomposition.
--> FOAM Warning : 
    From function Foam::triFace Foam::tetIndices::faceTriIs(const Foam::polyMesh&) const
    in file meshes/polyMesh/polyMeshTetDecomposition/tetIndicesI.H at line 76
    No base point for face 41546179, 4(15520628 15519419 15520568 15518806), produces a valid tet decomposition.
--> FOAM Warning : 
    From function Foam::triFace Foam::tetIndices::faceTriIs(const Foam::polyMesh&) const
    in file meshes/polyMesh/polyMeshTetDecomposition/tetIndicesI.H at line 76
    No base point for face 41548829, 4(15518373 15519646 15520476 15519647), produces a valid tet decomposition.
--> FOAM Warning : 
    From function Foam::triFace Foam::tetIndices::faceTriIs(const Foam::polyMesh&) const
    in file meshes/polyMesh/polyMeshTetDecomposition/tetIndicesI.H at line 76
    No base point for face 41552224, 4(15520836 15518806 15520476 15519569), produces a valid tet decomposition.
--> FOAM Warning : 
    From function Foam::triFace Foam::tetIndices::faceTriIs(const Foam::polyMesh&) const
    in file meshes/polyMesh/polyMeshTetDecomposition/tetIndicesI.H at line 76
    No base point for face 41546179, 4(15520628 15519419 15520568 15518806), produces a valid tet decomposition.
--> FOAM Warning : 
    From function Foam::triFace Foam::tetIndices::faceTriIs(const Foam::polyMesh&) const
    in file meshes/polyMesh/polyMeshTetDecomposition/tetIndicesI.H at line 76
    No base point for face 41546181, 4(15520568 15519422 15520838 15518806), produces a valid tet decomposition.
--> FOAM Warning : 
    From function Foam::triFace Foam::tetIndices::faceTriIs(const Foam::polyMesh&) const
    in file meshes/polyMesh/polyMeshTetDecomposition/tetIndicesI.H at line 76
    No base point for face 41548828, 4(15520476 15518675 15520471 15519647), produces a valid tet decomposition.
--> FOAM Warning : 
    From function Foam::triFace Foam::tetIndices::faceTriIs(const Foam::polyMesh&) const
    in file meshes/polyMesh/polyMeshTetDecomposition/tetIndicesI.H at line 76
    No base point for face 41548829, 4(15518373 15519646 15520476 15519647), produces a valid tet decomposition.
--> FOAM Warning : 
    From function Foam::triFace Foam::tetIndices::faceTriIs(const Foam::polyMesh&) const
    in file meshes/polyMesh/polyMeshTetDecomposition/tetIndicesI.H at line 76
    No base point for face 53798591, 4(15520476 15519647 15520568 15518806), produces a valid tet decomposition.
--> FOAM Warning : 
    From function Foam::triFace Foam::tetIndices::faceTriIs(const Foam::polyMesh&) const
    in file meshes/polyMesh/polyMeshTetDecomposition/tetIndicesI.H at line 76
    No base point for face 41546179, 4(15520628 15519419 15520568 15518806), produces a valid tet decomposition.
--> FOAM Warning : 
    From function Foam::triFace Foam::tetIndices::faceTriIs(const Foam::polyMesh&) const
    in file meshes/polyMesh/polyMeshTetDecomposition/tetIndicesI.H at line 76
    No base point for face 41548829, 4(15518373 15519646 15520476 15519647), produces a valid tet decomposition.
--> FOAM Warning : 
    From function Foam::triFace Foam::tetIndices::faceTriIs(const Foam::polyMesh&) const
    in file meshes/polyMesh/polyMeshTetDecomposition/tetIndicesI.H at line 76
    No base point for face 41552224, 4(15520836 15518806 15520476 15519569), produces a valid tet decomposition.
--> FOAM Warning : 
    From function Foam::triFace Foam::tetIndices::faceTriIs(const Foam::polyMesh&) const
    in file meshes/polyMesh/polyMeshTetDecomposition/tetIndicesI.H at line 76
    No base point for face 41570681, 4(15520568 15519647 15526499 15522245), produces a valid tet decomposition.
--> FOAM Warning : 
    From function Foam::triFace Foam::tetIndices::faceTriIs(const Foam::polyMesh&) const
    in file meshes/polyMesh/polyMeshTetDecomposition/tetIndicesI.H at line 76
    No base point for face 41553556, 4(15518594 15519067 15521079 15520032), produces a valid tet decomposition.
--> FOAM Warning : 
    From function Foam::triFace Foam::tetIndices::faceTriIs(const Foam::polyMesh&) const
    in file meshes/polyMesh/polyMeshTetDecomposition/tetIndicesI.H at line 76
    No base point for face 41417193, 4(15456526 15456527 15475264 15456648), produces a valid tet decomposition.
--> FOAM Warning : 
    From function Foam::triFace Foam::tetIndices::faceTriIs(const Foam::polyMesh&) const
    in file meshes/polyMesh/polyMeshTetDecomposition/tetIndicesI.H at line 76
    No base point for face 41417856, 4(15456075 15456076 15475356 15474301), produces a valid tet decomposition.
--> FOAM Warning : 
    From function Foam::triFace Foam::tetIndices::faceTriIs(const Foam::polyMesh&) const
    in file meshes/polyMesh/polyMeshTetDecomposition/tetIndicesI.H at line 76
    No base point for face 43042043, 4(16063542 16065197 16066463 16065198), produces a valid tet decomposition.
--> FOAM Warning : 
    From function Foam::triFace Foam::tetIndices::faceTriIs(const Foam::polyMesh&) const
    in file meshes/polyMesh/polyMeshTetDecomposition/tetIndicesI.H at line 76
    No base point for face 43042378, 4(16066108 16065259 16066500 16064095), produces a valid tet decomposition.
--> FOAM Warning : 
    From function Foam::triFace Foam::tetIndices::faceTriIs(const Foam::polyMesh&) const
    in file meshes/polyMesh/polyMeshTetDecomposition/tetIndicesI.H at line 76
    No base point for face 43030732, 4(16062593 16062640 16062672 16062642), produces a valid tet decomposition.
--> FOAM Warning : 
    From function Foam::triFace Foam::tetIndices::faceTriIs(const Foam::polyMesh&) const
    in file meshes/polyMesh/polyMeshTetDecomposition/tetIndicesI.H at line 76
    No base point for face 43164284, 4(16108753 16107581 16108524 16107304), produces a valid tet decomposition.
--> FOAM Warning : 
    From function Foam::triFace Foam::tetIndices::faceTriIs(const Foam::polyMesh&) const
    in file meshes/polyMesh/polyMeshTetDecomposition/tetIndicesI.H at line 76
    No base point for face 43164286, 4(16108524 16103945 16108592 16107304), produces a valid tet decomposition.
--> FOAM Warning : 
    From function Foam::triFace Foam::tetIndices::faceTriIs(const Foam::polyMesh&) const
    in file meshes/polyMesh/polyMeshTetDecomposition/tetIndicesI.H at line 76
    No base point for face 43166289, 4(16108483 16107951 16108478 16107200), produces a valid tet decomposition.
--> FOAM Warning : 
    From function Foam::triFace Foam::tetIndices::faceTriIs(const Foam::polyMesh&) const
    in file meshes/polyMesh/polyMeshTetDecomposition/tetIndicesI.H at line 76
    No base point for face 43166290, 4(16104140 16107951 16108483 16107950), produces a valid tet decomposition.
--> FOAM Warning : 
    From function Foam::triFace Foam::tetIndices::faceTriIs(const Foam::polyMesh&) const
    in file meshes/polyMesh/polyMeshTetDecomposition/tetIndicesI.H at line 76
    No base point for face 53852098, 4(16108483 16107304 16108524 16107951), produces a valid tet decomposition.
--> FOAM Warning : 
    From function Foam::triFace Foam::tetIndices::faceTriIs(const Foam::polyMesh&) const
    in file meshes/polyMesh/polyMeshTetDecomposition/tetIndicesI.H at line 76
    No base point for face 43164286, 4(16108524 16103945 16108592 16107304), produces a valid tet decomposition.
--> FOAM Warning : 
    From function Foam::triFace Foam::tetIndices::faceTriIs(const Foam::polyMesh&) const
    in file meshes/polyMesh/polyMeshTetDecomposition/tetIndicesI.H at line 76
    No base point for face 43166290, 4(16104140 16107951 16108483 16107950), produces a valid tet decomposition.
--> FOAM Warning : 
    From function Foam::triFace Foam::tetIndices::faceTriIs(const Foam::polyMesh&) const
    in file meshes/polyMesh/polyMeshTetDecomposition/tetIndicesI.H at line 76
    No base point for face 43168797, 4(16108483 16107304 16108751 16107905), produces a valid tet decomposition.
--> FOAM Warning : 
    From function Foam::triFace Foam::tetIndices::faceTriIs(const Foam::polyMesh&) const
    in file meshes/polyMesh/polyMeshTetDecomposition/tetIndicesI.H at line 76
    No base point for face 43187999, 4(16116156 16107951 16108524 16109866), produces a valid tet decomposition.
--> FOAM Warning : 
    From function Foam::triFace Foam::tetIndices::faceTriIs(const Foam::polyMesh&) const
    in file meshes/polyMesh/polyMeshTetDecomposition/tetIndicesI.H at line 76
    No base point for face 43164284, 4(16108753 16107581 16108524 16107304), produces a valid tet decomposition.
--> FOAM Warning : 
    From function Foam::triFace Foam::tetIndices::faceTriIs(const Foam::polyMesh&) const
    in file meshes/polyMesh/polyMeshTetDecomposition/tetIndicesI.H at line 76
    No base point for face 43164286, 4(16108524 16103945 16108592 16107304), produces a valid tet decomposition.
--> FOAM Warning : 
    From function Foam::triFace Foam::tetIndices::faceTriIs(const Foam::polyMesh&) const
    in file meshes/polyMesh/polyMeshTetDecomposition/tetIndicesI.H at line 76
    No base point for face 43166289, 4(16108483 16107951 16108478 16107200), produces a valid tet decomposition.
--> FOAM Warning : 
    From function Foam::triFace Foam::tetIndices::faceTriIs(const Foam::polyMesh&) const
    in file meshes/polyMesh/polyMeshTetDecomposition/tetIndicesI.H at line 76
    No base point for face 43166290, 4(16104140 16107951 16108483 16107950), produces a valid tet decomposition.
--> FOAM Warning : 
    From function Foam::triFace Foam::tetIndices::faceTriIs(const Foam::polyMesh&) const
    in file meshes/polyMesh/polyMeshTetDecomposition/tetIndicesI.H at line 76
    No base point for face 53852098, 4(16108483 16107304 16108524 16107951), produces a valid tet decomposition.
--> FOAM Warning : 
    From function Foam::triFace Foam::tetIndices::faceTriIs(const Foam::polyMesh&) const
    in file meshes/polyMesh/polyMeshTetDecomposition/tetIndicesI.H at line 76
    No base point for face 43164286, 4(16108524 16103945 16108592 16107304), produces a valid tet decomposition.
--> FOAM Warning : 
    From function Foam::triFace Foam::tetIndices::faceTriIs(const Foam::polyMesh&) const
    in file meshes/polyMesh/polyMeshTetDecomposition/tetIndicesI.H at line 76
    No base point for face 43166290, 4(16104140 16107951 16108483 16107950), produces a valid tet decomposition.
--> FOAM Warning : 
    From function Foam::triFace Foam::tetIndices::faceTriIs(const Foam::polyMesh&) const
    in file meshes/polyMesh/polyMeshTetDecomposition/tetIndicesI.H at line 76
    No base point for face 43168797, 4(16108483 16107304 16108751 16107905), produces a valid tet decomposition.
--> FOAM Warning : 
    From function Foam::triFace Foam::tetIndices::faceTriIs(const Foam::polyMesh&) const
    in file meshes/polyMesh/polyMeshTetDecomposition/tetIndicesI.H at line 76
    No base point for face 43164284, 4(16108753 16107581 16108524 16107304), produces a valid tet decomposition.
--> FOAM Warning : 
    From function Foam::triFace Foam::tetIndices::faceTriIs(const Foam::polyMesh&) const
    in file meshes/polyMesh/polyMeshTetDecomposition/tetIndicesI.H at line 76
    No base point for face 43164286, 4(16108524 16103945 16108592 16107304), produces a valid tet decomposition.
--> FOAM Warning : 
    From function Foam::triFace Foam::tetIndices::faceTriIs(const Foam::polyMesh&) const
    in file meshes/polyMesh/polyMeshTetDecomposition/tetIndicesI.H at line 76
    No base point for face 43166289, 4(16108483 16107951 16108478 16107200), produces a valid tet decomposition.
--> FOAM Warning : 
    From function Foam::triFace Foam::tetIndices::faceTriIs(const Foam::polyMesh&) const
    in file meshes/polyMesh/polyMeshTetDecomposition/tetIndicesI.H at line 76
    No base point for face 43166290, 4(16104140 16107951 16108483 16107950), produces a valid tet decomposition.
--> FOAM Warning : 
    From function Foam::triFace Foam::tetIndices::faceTriIs(const Foam::polyMesh&) const
    in file meshes/polyMesh/polyMeshTetDecomposition/tetIndicesI.H at line 76
    No base point for face 53852098, 4(16108483 16107304 16108524 16107951), produces a valid tet decomposition.
--> FOAM Warning : 
    From function Foam::triFace Foam::tetIndices::faceTriIs(const Foam::polyMesh&) const
    in file meshes/polyMesh/polyMeshTetDecomposition/tetIndicesI.H at line 76
    No base point for face 43164286, 4(16108524 16103945 16108592 16107304), produces a valid tet decomposition.
--> FOAM Warning : 
    From function Foam::triFace Foam::tetIndices::faceTriIs(const Foam::polyMesh&) const
    in file meshes/polyMesh/polyMeshTetDecomposition/tetIndicesI.H at line 76
    No base point for face 43166290, 4(16104140 16107951 16108483 16107950), produces a valid tet decomposition.
--> FOAM Warning : 
    From function Foam::triFace Foam::tetIndices::faceTriIs(const Foam::polyMesh&) const
    in file meshes/polyMesh/polyMeshTetDecomposition/tetIndicesI.H at line 76
    No base point for face 43168797, 4(16108483 16107304 16108751 16107905), produces a valid tet decomposition.
--> FOAM Warning : 
    From function Foam::triFace Foam::tetIndices::faceTriIs(const Foam::polyMesh&) const
    in file meshes/polyMesh/polyMeshTetDecomposition/tetIndicesI.H at line 76
    No base point for face 43187999, 4(16116156 16107951 16108524 16109866), produces a valid tet decomposition.
--> FOAM Warning : 
    From function Foam::triFace Foam::tetIndices::faceTriIs(const Foam::polyMesh&) const
    in file meshes/polyMesh/polyMeshTetDecomposition/tetIndicesI.H at line 76
    No base point for face 41546179, 4(15520628 15519419 15520568 15518806), produces a valid tet decomposition.
--> FOAM Warning : 
    From function Foam::triFace Foam::tetIndices::faceTriIs(const Foam::polyMesh&) const
    in file meshes/polyMesh/polyMeshTetDecomposition/tetIndicesI.H at line 76
    No base point for face 41546181, 4(15520568 15519422 15520838 15518806), produces a valid tet decomposition.
--> FOAM Warning : 
    From function Foam::triFace Foam::tetIndices::faceTriIs(const Foam::polyMesh&) const
    in file meshes/polyMesh/polyMeshTetDecomposition/tetIndicesI.H at line 76
    No base point for face 41546179, 4(15520628 15519419 15520568 15518806), produces a valid tet decomposition.
--> FOAM Warning : 
    From function Foam::triFace Foam::tetIndices::faceTriIs(const Foam::polyMesh&) const
    in file meshes/polyMesh/polyMeshTetDecomposition/tetIndicesI.H at line 76
    No base point for face 41546181, 4(15520568 15519422 15520838 15518806), produces a valid tet decomposition.
--> FOAM Warning : 
    From function Foam::triFace Foam::tetIndices::faceTriIs(const Foam::polyMesh&) const
    in file meshes/polyMesh/polyMeshTetDecomposition/tetIndicesI.H at line 76
    No base point for face 41548828, 4(15520476 15518675 15520471 15519647), produces a valid tet decomposition.
--> FOAM Warning : 
    From function Foam::triFace Foam::tetIndices::faceTriIs(const Foam::polyMesh&) const
    in file meshes/polyMesh/polyMeshTetDecomposition/tetIndicesI.H at line 76
    No base point for face 41548829, 4(15518373 15519646 15520476 15519647), produces a valid tet decomposition.
--> FOAM Warning : 
    From function Foam::triFace Foam::tetIndices::faceTriIs(const Foam::polyMesh&) const
    in file meshes/polyMesh/polyMeshTetDecomposition/tetIndicesI.H at line 76
    No base point for face 53798591, 4(15520476 15519647 15520568 15518806), produces a valid tet decomposition.
--> FOAM Warning : 
    From function Foam::triFace Foam::tetIndices::faceTriIs(const Foam::polyMesh&) const
    in file meshes/polyMesh/polyMeshTetDecomposition/tetIndicesI.H at line 76
    No base point for face 41546179, 4(15520628 15519419 15520568 15518806), produces a valid tet decomposition.
--> FOAM Warning : 
    From function Foam::triFace Foam::tetIndices::faceTriIs(const Foam::polyMesh&) const
    in file meshes/polyMesh/polyMeshTetDecomposition/tetIndicesI.H at line 76
    No base point for face 41548829, 4(15518373 15519646 15520476 15519647), produces a valid tet decomposition.
--> FOAM Warning : 
    From function Foam::triFace Foam::tetIndices::faceTriIs(const Foam::polyMesh&) const
    in file meshes/polyMesh/polyMeshTetDecomposition/tetIndicesI.H at line 76
    No base point for face 41552224, 4(15520836 15518806 15520476 15519569), produces a valid tet decomposition.
--> FOAM Warning : 
    From function Foam::triFace Foam::tetIndices::faceTriIs(const Foam::polyMesh&) const
    in file meshes/polyMesh/polyMeshTetDecomposition/tetIndicesI.H at line 76
    No base point for face 41570681, 4(15520568 15519647 15526499 15522245), produces a valid tet decomposition.
--> FOAM Warning : 
    From function Foam::triFace Foam::tetIndices::faceTriIs(const Foam::polyMesh&) const
    in file meshes/polyMesh/polyMeshTetDecomposition/tetIndicesI.H at line 76
    No base point for face 41546179, 4(15520628 15519419 15520568 15518806), produces a valid tet decomposition.
--> FOAM Warning : 
    From function Foam::triFace Foam::tetIndices::faceTriIs(const Foam::polyMesh&) const
    in file meshes/polyMesh/polyMeshTetDecomposition/tetIndicesI.H at line 76
    No base point for face 41546181, 4(15520568 15519422 15520838 15518806), produces a valid tet decomposition.
--> FOAM Warning : 
    From function Foam::triFace Foam::tetIndices::faceTriIs(const Foam::polyMesh&) const
    in file meshes/polyMesh/polyMeshTetDecomposition/tetIndicesI.H at line 76
    No base point for face 41548828, 4(15520476 15518675 15520471 15519647), produces a valid tet decomposition.
--> FOAM Warning : 
    From function Foam::triFace Foam::tetIndices::faceTriIs(const Foam::polyMesh&) const
    in file meshes/polyMesh/polyMeshTetDecomposition/tetIndicesI.H at line 76
    No base point for face 41548829, 4(15518373 15519646 15520476 15519647), produces a valid tet decomposition.
--> FOAM Warning : 
    From function Foam::triFace Foam::tetIndices::faceTriIs(const Foam::polyMesh&) const
    in file meshes/polyMesh/polyMeshTetDecomposition/tetIndicesI.H at line 76
    No base point for face 53798591, 4(15520476 15519647 15520568 15518806), produces a valid tet decomposition.
--> FOAM Warning : 
    From function Foam::triFace Foam::tetIndices::faceTriIs(const Foam::polyMesh&) const
    in file meshes/polyMesh/polyMeshTetDecomposition/tetIndicesI.H at line 76
    No base point for face 41546179, 4(15520628 15519419 15520568 15518806), produces a valid tet decomposition.
--> FOAM Warning : 
    From function Foam::triFace Foam::tetIndices::faceTriIs(const Foam::polyMesh&) const
    in file meshes/polyMesh/polyMeshTetDecomposition/tetIndicesI.H at line 76
    No base point for face 41548829, 4(15518373 15519646 15520476 15519647), produces a valid tet decomposition.
--> FOAM Warning : 
    From function Foam::triFace Foam::tetIndices::faceTriIs(const Foam::polyMesh&) const
    in file meshes/polyMesh/polyMeshTetDecomposition/tetIndicesI.H at line 76
    No base point for face 41552224, 4(15520836 15518806 15520476 15519569), produces a valid tet decomposition.
--> FOAM Warning : 
    From function Foam::triFace Foam::tetIndices::faceTriIs(const Foam::polyMesh&) const
    in file meshes/polyMesh/polyMeshTetDecomposition/tetIndicesI.H at line 76
    No base point for face 41546179, 4(15520628 15519419 15520568 15518806), produces a valid tet decomposition.
--> FOAM Warning : 
    From function Foam::triFace Foam::tetIndices::faceTriIs(const Foam::polyMesh&) const
    in file meshes/polyMesh/polyMeshTetDecomposition/tetIndicesI.H at line 76
    No base point for face 41546181, 4(15520568 15519422 15520838 15518806), produces a valid tet decomposition.
--> FOAM Warning : 
    From function Foam::triFace Foam::tetIndices::faceTriIs(const Foam::polyMesh&) const
    in file meshes/polyMesh/polyMeshTetDecomposition/tetIndicesI.H at line 76
    No base point for face 41548828, 4(15520476 15518675 15520471 15519647), produces a valid tet decomposition.
--> FOAM Warning : 
    From function Foam::triFace Foam::tetIndices::faceTriIs(const Foam::polyMesh&) const
    in file meshes/polyMesh/polyMeshTetDecomposition/tetIndicesI.H at line 76
    No base point for face 41548829, 4(15518373 15519646 15520476 15519647), produces a valid tet decomposition.
--> FOAM Warning : 
    From function Foam::triFace Foam::tetIndices::faceTriIs(const Foam::polyMesh&) const
    in file meshes/polyMesh/polyMeshTetDecomposition/tetIndicesI.H at line 76
    No base point for face 53798591, 4(15520476 15519647 15520568 15518806), produces a valid tet decomposition.
--> FOAM Warning : 
    From function Foam::triFace Foam::tetIndices::faceTriIs(const Foam::polyMesh&) const
    in file meshes/polyMesh/polyMeshTetDecomposition/tetIndicesI.H at line 76
    No base point for face 41546179, 4(15520628 15519419 15520568 15518806), produces a valid tet decomposition.
--> FOAM Warning : 
    From function Foam::triFace Foam::tetIndices::faceTriIs(const Foam::polyMesh&) const
    in file meshes/polyMesh/polyMeshTetDecomposition/tetIndicesI.H at line 76
    No base point for face 41548829, 4(15518373 15519646 15520476 15519647), produces a valid tet decomposition.
--> FOAM Warning : 
    From function Foam::triFace Foam::tetIndices::faceTriIs(const Foam::polyMesh&) const
    in file meshes/polyMesh/polyMeshTetDecomposition/tetIndicesI.H at line 76
    No base point for face 41552224, 4(15520836 15518806 15520476 15519569), produces a valid tet decomposition.
--> FOAM Warning : 
    From function Foam::triFace Foam::tetIndices::faceTriIs(const Foam::polyMesh&) const
    in file meshes/polyMesh/polyMeshTetDecomposition/tetIndicesI.H at line 76
    No base point for face 41553556, 4(15518594 15519067 15521079 15520032), produces a valid tet decomposition.
--> FOAM Warning : 
    From function Foam::triFace Foam::tetIndices::faceTriIs(const Foam::polyMesh&) const
    in file meshes/polyMesh/polyMeshTetDecomposition/tetIndicesI.H at line 76
    No base point for face 43030732, 4(16062593 16062640 16062672 16062642), produces a valid tet decomposition.
--> FOAM Warning : 
    From function Foam::triFace Foam::tetIndices::faceTriIs(const Foam::polyMesh&) const
    in file meshes/polyMesh/polyMeshTetDecomposition/tetIndicesI.H at line 76
    No base point for face 43164284, 4(16108753 16107581 16108524 16107304), produces a valid tet decomposition.
--> FOAM Warning : 
    From function Foam::triFace Foam::tetIndices::faceTriIs(const Foam::polyMesh&) const
    in file meshes/polyMesh/polyMeshTetDecomposition/tetIndicesI.H at line 76
    No base point for face 43164286, 4(16108524 16103945 16108592 16107304), produces a valid tet decomposition.
--> FOAM Warning : 
    From function Foam::triFace Foam::tetIndices::faceTriIs(const Foam::polyMesh&) const
    in file meshes/polyMesh/polyMeshTetDecomposition/tetIndicesI.H at line 76
    No base point for face 43166289, 4(16108483 16107951 16108478 16107200), produces a valid tet decomposition.
--> FOAM Warning : 
    From function Foam::triFace Foam::tetIndices::faceTriIs(const Foam::polyMesh&) const
    in file meshes/polyMesh/polyMeshTetDecomposition/tetIndicesI.H at line 76
    No base point for face 43166290, 4(16104140 16107951 16108483 16107950), produces a valid tet decomposition.
--> FOAM Warning : 
    From function Foam::triFace Foam::tetIndices::faceTriIs(const Foam::polyMesh&) const
    in file meshes/polyMesh/polyMeshTetDecomposition/tetIndicesI.H at line 76
    No base point for face 53852098, 4(16108483 16107304 16108524 16107951), produces a valid tet decomposition.
--> FOAM Warning : 
    From function Foam::triFace Foam::tetIndices::faceTriIs(const Foam::polyMesh&) const
    in file meshes/polyMesh/polyMeshTetDecomposition/tetIndicesI.H at line 76
    No base point for face 43164286, 4(16108524 16103945 16108592 16107304), produces a valid tet decomposition.
--> FOAM Warning : 
    From function Foam::triFace Foam::tetIndices::faceTriIs(const Foam::polyMesh&) const
    in file meshes/polyMesh/polyMeshTetDecomposition/tetIndicesI.H at line 76
    No base point for face 43166290, 4(16104140 16107951 16108483 16107950), produces a valid tet decomposition.
--> FOAM Warning : 
    From function Foam::triFace Foam::tetIndices::faceTriIs(const Foam::polyMesh&) const
    in file meshes/polyMesh/polyMeshTetDecomposition/tetIndicesI.H at line 76
    No base point for face 43168797, 4(16108483 16107304 16108751 16107905), produces a valid tet decomposition.
--> FOAM Warning : 
    From function Foam::triFace Foam::tetIndices::faceTriIs(const Foam::polyMesh&) const
    in file meshes/polyMesh/polyMeshTetDecomposition/tetIndicesI.H at line 76
    No base point for face 43164284, 4(16108753 16107581 16108524 16107304), produces a valid tet decomposition.
--> FOAM Warning : 
    From function Foam::triFace Foam::tetIndices::faceTriIs(const Foam::polyMesh&) const
    in file meshes/polyMesh/polyMeshTetDecomposition/tetIndicesI.H at line 76
    No base point for face 43164286, 4(16108524 16103945 16108592 16107304), produces a valid tet decomposition.
--> FOAM Warning : 
    From function Foam::triFace Foam::tetIndices::faceTriIs(const Foam::polyMesh&) const
    in file meshes/polyMesh/polyMeshTetDecomposition/tetIndicesI.H at line 76
    No base point for face 43166289, 4(16108483 16107951 16108478 16107200), produces a valid tet decomposition.
--> FOAM Warning : 
    From function Foam::triFace Foam::tetIndices::faceTriIs(const Foam::polyMesh&) const
    in file meshes/polyMesh/polyMeshTetDecomposition/tetIndicesI.H at line 76
    No base point for face 43166290, 4(16104140 16107951 16108483 16107950), produces a valid tet decomposition.
--> FOAM Warning : 
    From function Foam::triFace Foam::tetIndices::faceTriIs(const Foam::polyMesh&) const
    in file meshes/polyMesh/polyMeshTetDecomposition/tetIndicesI.H at line 76
    No base point for face 53852098, 4(16108483 16107304 16108524 16107951), produces a valid tet decomposition.
--> FOAM Warning : 
    From function Foam::triFace Foam::tetIndices::faceTriIs(const Foam::polyMesh&) const
    in file meshes/polyMesh/polyMeshTetDecomposition/tetIndicesI.H at line 76
    No base point for face 43164286, 4(16108524 16103945 16108592 16107304), produces a valid tet decomposition.
--> FOAM Warning : 
    From function Foam::triFace Foam::tetIndices::faceTriIs(const Foam::polyMesh&) const
    in file meshes/polyMesh/polyMeshTetDecomposition/tetIndicesI.H at line 76
    No base point for face 43166290, 4(16104140 16107951 16108483 16107950), produces a valid tet decomposition.
--> FOAM Warning : 
    From function Foam::triFace Foam::tetIndices::faceTriIs(const Foam::polyMesh&) const
    in file meshes/polyMesh/polyMeshTetDecomposition/tetIndicesI.H at line 76
    No base point for face 43168797, 4(16108483 16107304 16108751 16107905), produces a valid tet decomposition.
--> FOAM Warning : 
    From function Foam::triFace Foam::tetIndices::faceTriIs(const Foam::polyMesh&) const
    in file meshes/polyMesh/polyMeshTetDecomposition/tetIndicesI.H at line 76
    No base point for face 43164284, 4(16108753 16107581 16108524 16107304), produces a valid tet decomposition.
--> FOAM Warning : 
    From function Foam::triFace Foam::tetIndices::faceTriIs(const Foam::polyMesh&) const
    in file meshes/polyMesh/polyMeshTetDecomposition/tetIndicesI.H at line 76
    No base point for face 43164286, 4(16108524 16103945 16108592 16107304), produces a valid tet decomposition.
--> FOAM Warning : 
    From function Foam::triFace Foam::tetIndices::faceTriIs(const Foam::polyMesh&) const
    in file meshes/polyMesh/polyMeshTetDecomposition/tetIndicesI.H at line 76
    No base point for face 43166289, 4(16108483 16107951 16108478 16107200), produces a valid tet decomposition.
--> FOAM Warning : 
    From function Foam::triFace Foam::tetIndices::faceTriIs(const Foam::polyMesh&) const
    in file meshes/polyMesh/polyMeshTetDecomposition/tetIndicesI.H at line 76
    No base point for face 43166290, 4(16104140 16107951 16108483 16107950), produces a valid tet decomposition.
--> FOAM Warning : 
    From function Foam::triFace Foam::tetIndices::faceTriIs(const Foam::polyMesh&) const
    in file meshes/polyMesh/polyMeshTetDecomposition/tetIndicesI.H at line 76
    No base point for face 53852098, 4(16108483 16107304 16108524 16107951), produces a valid tet decomposition.
--> FOAM Warning : 
    From function Foam::triFace Foam::tetIndices::faceTriIs(const Foam::polyMesh&) const
    in file meshes/polyMesh/polyMeshTetDecomposition/tetIndicesI.H at line 76
    No base point for face 43164286, 4(16108524 16103945 16108592 16107304), produces a valid tet decomposition.
--> FOAM Warning : 
    From function Foam::triFace Foam::tetIndices::faceTriIs(const Foam::polyMesh&) const
    in file meshes/polyMesh/polyMeshTetDecomposition/tetIndicesI.H at line 76
    No base point for face 43166290, 4(16104140 16107951 16108483 16107950), produces a valid tet decomposition.
--> FOAM Warning : 
    From function Foam::triFace Foam::tetIndices::faceTriIs(const Foam::polyMesh&) const
    in file meshes/polyMesh/polyMeshTetDecomposition/tetIndicesI.H at line 76
    No base point for face 43168797, 4(16108483 16107304 16108751 16107905), produces a valid tet decomposition.
--> FOAM Warning : 
    From function Foam::triFace Foam::tetIndices::faceTriIs(const Foam::polyMesh&) const
    in file meshes/polyMesh/polyMeshTetDecomposition/tetIndicesI.H at line 76
    No base point for face 43187999, 4(16116156 16107951 16108524 16109866), produces a valid tet decomposition.
--> FOAM Warning : 
    From function Foam::triFace Foam::tetIndices::faceTriIs(const Foam::polyMesh&) const
    in file meshes/polyMesh/polyMeshTetDecomposition/tetIndicesI.H at line 76
    No base point for face 43164284, 4(16108753 16107581 16108524 16107304), produces a valid tet decomposition.
--> FOAM Warning : 
    From function Foam::triFace Foam::tetIndices::faceTriIs(const Foam::polyMesh&) const
    in file meshes/polyMesh/polyMeshTetDecomposition/tetIndicesI.H at line 76
    No base point for face 43164286, 4(16108524 16103945 16108592 16107304), produces a valid tet decomposition.
--> FOAM Warning : 
    From function Foam::triFace Foam::tetIndices::faceTriIs(const Foam::polyMesh&) const
    in file meshes/polyMesh/polyMeshTetDecomposition/tetIndicesI.H at line 76
    No base point for face 43166289, 4(16108483 16107951 16108478 16107200), produces a valid tet decomposition.
--> FOAM Warning : 
    From function Foam::triFace Foam::tetIndices::faceTriIs(const Foam::polyMesh&) const
    in file meshes/polyMesh/polyMeshTetDecomposition/tetIndicesI.H at line 76
    No base point for face 43166290, 4(16104140 16107951 16108483 16107950), produces a valid tet decomposition.
--> FOAM Warning : 
    From function Foam::triFace Foam::tetIndices::faceTriIs(const Foam::polyMesh&) const
    in file meshes/polyMesh/polyMeshTetDecomposition/tetIndicesI.H at line 76
    No base point for face 53852098, 4(16108483 16107304 16108524 16107951), produces a valid tet decomposition.
--> FOAM Warning : 
    From function Foam::triFace Foam::tetIndices::faceTriIs(const Foam::polyMesh&) const
    in file meshes/polyMesh/polyMeshTetDecomposition/tetIndicesI.H at line 76
    No base point for face 43164286, 4(16108524 16103945 16108592 16107304), produces a valid tet decomposition.
--> FOAM Warning : 
    From function Foam::triFace Foam::tetIndices::faceTriIs(const Foam::polyMesh&) const
    in file meshes/polyMesh/polyMeshTetDecomposition/tetIndicesI.H at line 76
    No base point for face 43166290, 4(16104140 16107951 16108483 16107950), produces a valid tet decomposition.
--> FOAM Warning : 
    From function Foam::triFace Foam::tetIndices::faceTriIs(const Foam::polyMesh&) const
    in file meshes/polyMesh/polyMeshTetDecomposition/tetIndicesI.H at line 76
    No base point for face 43168797, 4(16108483 16107304 16108751 16107905), produces a valid tet decomposition.
--> FOAM Warning : 
    From function Foam::triFace Foam::tetIndices::faceTriIs(const Foam::polyMesh&) const
    in file meshes/polyMesh/polyMeshTetDecomposition/tetIndicesI.H at line 76
    No base point for face 41546179, 4(15520628 15519419 15520568 15518806), produces a valid tet decomposition.
--> FOAM Warning : 
    From function Foam::triFace Foam::tetIndices::faceTriIs(const Foam::polyMesh&) const
    in file meshes/polyMesh/polyMeshTetDecomposition/tetIndicesI.H at line 76
    No base point for face 41546181, 4(15520568 15519422 15520838 15518806), produces a valid tet decomposition.
--> FOAM Warning : 
    From function Foam::triFace Foam::tetIndices::faceTriIs(const Foam::polyMesh&) const
    in file meshes/polyMesh/polyMeshTetDecomposition/tetIndicesI.H at line 76
    No base point for face 41548828, 4(15520476 15518675 15520471 15519647), produces a valid tet decomposition.
--> FOAM Warning : 
    From function Foam::triFace Foam::tetIndices::faceTriIs(const Foam::polyMesh&) const
    in file meshes/polyMesh/polyMeshTetDecomposition/tetIndicesI.H at line 76
    No base point for face 41548829, 4(15518373 15519646 15520476 15519647), produces a valid tet decomposition.
--> FOAM Warning : 
    From function Foam::triFace Foam::tetIndices::faceTriIs(const Foam::polyMesh&) const
    in file meshes/polyMesh/polyMeshTetDecomposition/tetIndicesI.H at line 76
    No base point for face 53798591, 4(15520476 15519647 15520568 15518806), produces a valid tet decomposition.
--> FOAM Warning : 
    From function Foam::triFace Foam::tetIndices::faceTriIs(const Foam::polyMesh&) const
    in file meshes/polyMesh/polyMeshTetDecomposition/tetIndicesI.H at line 76
    No base point for face 41546179, 4(15520628 15519419 15520568 15518806), produces a valid tet decomposition.
--> FOAM Warning : 
    From function Foam::triFace Foam::tetIndices::faceTriIs(const Foam::polyMesh&) const
    in file meshes/polyMesh/polyMeshTetDecomposition/tetIndicesI.H at line 76
    No base point for face 41548829, 4(15518373 15519646 15520476 15519647), produces a valid tet decomposition.
--> FOAM Warning : 
    From function Foam::triFace Foam::tetIndices::faceTriIs(const Foam::polyMesh&) const
    in file meshes/polyMesh/polyMeshTetDecomposition/tetIndicesI.H at line 76
    No base point for face 41552224, 4(15520836 15518806 15520476 15519569), produces a valid tet decomposition.
--> FOAM Warning : 
    From function Foam::triFace Foam::tetIndices::faceTriIs(const Foam::polyMesh&) const
    in file meshes/polyMesh/polyMeshTetDecomposition/tetIndicesI.H at line 76
    No base point for face 41546179, 4(15520628 15519419 15520568 15518806), produces a valid tet decomposition.
--> FOAM Warning : 
    From function Foam::triFace Foam::tetIndices::faceTriIs(const Foam::polyMesh&) const
    in file meshes/polyMesh/polyMeshTetDecomposition/tetIndicesI.H at line 76
    No base point for face 41546181, 4(15520568 15519422 15520838 15518806), produces a valid tet decomposition.
--> FOAM Warning : 
    From function Foam::triFace Foam::tetIndices::faceTriIs(const Foam::polyMesh&) const
    in file meshes/polyMesh/polyMeshTetDecomposition/tetIndicesI.H at line 76
    No base point for face 41548828, 4(15520476 15518675 15520471 15519647), produces a valid tet decomposition.
--> FOAM Warning : 
    From function Foam::triFace Foam::tetIndices::faceTriIs(const Foam::polyMesh&) const
    in file meshes/polyMesh/polyMeshTetDecomposition/tetIndicesI.H at line 76
    No base point for face 41548829, 4(15518373 15519646 15520476 15519647), produces a valid tet decomposition.
--> FOAM Warning : 
    From function Foam::triFace Foam::tetIndices::faceTriIs(const Foam::polyMesh&) const
    in file meshes/polyMesh/polyMeshTetDecomposition/tetIndicesI.H at line 76
    No base point for face 53798591, 4(15520476 15519647 15520568 15518806), produces a valid tet decomposition.
--> FOAM Warning : 
    From function Foam::triFace Foam::tetIndices::faceTriIs(const Foam::polyMesh&) const
    in file meshes/polyMesh/polyMeshTetDecomposition/tetIndicesI.H at line 76
    No base point for face 41546179, 4(15520628 15519419 15520568 15518806), produces a valid tet decomposition.
--> FOAM Warning : 
    From function Foam::triFace Foam::tetIndices::faceTriIs(const Foam::polyMesh&) const
    in file meshes/polyMesh/polyMeshTetDecomposition/tetIndicesI.H at line 76
    No base point for face 41548829, 4(15518373 15519646 15520476 15519647), produces a valid tet decomposition.
--> FOAM Warning : 
    From function Foam::triFace Foam::tetIndices::faceTriIs(const Foam::polyMesh&) const
    in file meshes/polyMesh/polyMeshTetDecomposition/tetIndicesI.H at line 76
    No base point for face 41552224, 4(15520836 15518806 15520476 15519569), produces a valid tet decomposition.
--> FOAM Warning : 
    From function Foam::triFace Foam::tetIndices::faceTriIs(const Foam::polyMesh&) const
    in file meshes/polyMesh/polyMeshTetDecomposition/tetIndicesI.H at line 76
    No base point for face 41546179, 4(15520628 15519419 15520568 15518806), produces a valid tet decomposition.
--> FOAM Warning : 
    From function Foam::triFace Foam::tetIndices::faceTriIs(const Foam::polyMesh&) const
    in file meshes/polyMesh/polyMeshTetDecomposition/tetIndicesI.H at line 76
    No base point for face 41546181, 4(15520568 15519422 15520838 15518806), produces a valid tet decomposition.
--> FOAM Warning : 
    From function Foam::triFace Foam::tetIndices::faceTriIs(const Foam::polyMesh&) const
    in file meshes/polyMesh/polyMeshTetDecomposition/tetIndicesI.H at line 76
    No base point for face 41548828, 4(15520476 15518675 15520471 15519647), produces a valid tet decomposition.
--> FOAM Warning : 
    From function Foam::triFace Foam::tetIndices::faceTriIs(const Foam::polyMesh&) const
    in file meshes/polyMesh/polyMeshTetDecomposition/tetIndicesI.H at line 76
    No base point for face 41548829, 4(15518373 15519646 15520476 15519647), produces a valid tet decomposition.
--> FOAM Warning : 
    From function Foam::triFace Foam::tetIndices::faceTriIs(const Foam::polyMesh&) const
    in file meshes/polyMesh/polyMeshTetDecomposition/tetIndicesI.H at line 76
    No base point for face 53798591, 4(15520476 15519647 15520568 15518806), produces a valid tet decomposition.
--> FOAM Warning : 
    From function Foam::triFace Foam::tetIndices::faceTriIs(const Foam::polyMesh&) const
    in file meshes/polyMesh/polyMeshTetDecomposition/tetIndicesI.H at line 76
    No base point for face 41546179, 4(15520628 15519419 15520568 15518806), produces a valid tet decomposition.
--> FOAM Warning : 
    From function Foam::triFace Foam::tetIndices::faceTriIs(const Foam::polyMesh&) const
    in file meshes/polyMesh/polyMeshTetDecomposition/tetIndicesI.H at line 76
    No base point for face 41548829, 4(15518373 15519646 15520476 15519647), produces a valid tet decomposition.
--> FOAM Warning : 
    From function Foam::triFace Foam::tetIndices::faceTriIs(const Foam::polyMesh&) const
    in file meshes/polyMesh/polyMeshTetDecomposition/tetIndicesI.H at line 76
    No base point for face 41552224, 4(15520836 15518806 15520476 15519569), produces a valid tet decomposition.
--> FOAM Warning : 
    From function Foam::triFace Foam::tetIndices::faceTriIs(const Foam::polyMesh&) const
    in file meshes/polyMesh/polyMeshTetDecomposition/tetIndicesI.H at line 76
    No base point for face 41570681, 4(15520568 15519647 15526499 15522245), produces a valid tet decomposition.
--> FOAM Warning : 
    From function Foam::triFace Foam::tetIndices::faceTriIs(const Foam::polyMesh&) const
    in file meshes/polyMesh/polyMeshTetDecomposition/tetIndicesI.H at line 76
    No base point for face 41546179, 4(15520628 15519419 15520568 15518806), produces a valid tet decomposition.
--> FOAM Warning : 
    From function Foam::triFace Foam::tetIndices::faceTriIs(const Foam::polyMesh&) const
    in file meshes/polyMesh/polyMeshTetDecomposition/tetIndicesI.H at line 76
    No base point for face 41546181, 4(15520568 15519422 15520838 15518806), produces a valid tet decomposition.
--> FOAM Warning : 
    From function Foam::triFace Foam::tetIndices::faceTriIs(const Foam::polyMesh&) const
    in file meshes/polyMesh/polyMeshTetDecomposition/tetIndicesI.H at line 76
    No base point for face 41548828, 4(15520476 15518675 15520471 15519647), produces a valid tet decomposition.
--> FOAM Warning : 
    From function Foam::triFace Foam::tetIndices::faceTriIs(const Foam::polyMesh&) const
    in file meshes/polyMesh/polyMeshTetDecomposition/tetIndicesI.H at line 76
    No base point for face 41548829, 4(15518373 15519646 15520476 15519647), produces a valid tet decomposition.
--> FOAM Warning : 
    From function Foam::triFace Foam::tetIndices::faceTriIs(const Foam::polyMesh&) const
    in file meshes/polyMesh/polyMeshTetDecomposition/tetIndicesI.H at line 76
    No base point for face 53798591, 4(15520476 15519647 15520568 15518806), produces a valid tet decomposition.
--> FOAM Warning : 
    From function Foam::triFace Foam::tetIndices::faceTriIs(const Foam::polyMesh&) const
    in file meshes/polyMesh/polyMeshTetDecomposition/tetIndicesI.H at line 76
    No base point for face 41546179, 4(15520628 15519419 15520568 15518806), produces a valid tet decomposition.
--> FOAM Warning : 
    From function Foam::triFace Foam::tetIndices::faceTriIs(const Foam::polyMesh&) const
    in file meshes/polyMesh/polyMeshTetDecomposition/tetIndicesI.H at line 76
    No base point for face 41548829, 4(15518373 15519646 15520476 15519647), produces a valid tet decomposition.
--> FOAM Warning : 
    From function Foam::triFace Foam::tetIndices::faceTriIs(const Foam::polyMesh&) const
    in file meshes/polyMesh/polyMeshTetDecomposition/tetIndicesI.H at line 76
    No base point for face 41552224, 4(15520836 15518806 15520476 15519569), produces a valid tet decomposition.
--> FOAM Warning : 
    From function Foam::triFace Foam::tetIndices::faceTriIs(const Foam::polyMesh&) const
    in file meshes/polyMesh/polyMeshTetDecomposition/tetIndicesI.H at line 76
    No base point for face 41570681, 4(15520568 15519647 15526499 15522245), produces a valid tet decomposition.
--> FOAM Warning : 
    From function Foam::triFace Foam::tetIndices::faceTriIs(const Foam::polyMesh&) const
    in file meshes/polyMesh/polyMeshTetDecomposition/tetIndicesI.H at line 76
    No base point for face 41553556, 4(15518594 15519067 15521079 15520032), produces a valid tet decomposition.
--> FOAM Warning : 
    From function Foam::triFace Foam::tetIndices::faceTriIs(const Foam::polyMesh&) const
    in file meshes/polyMesh/polyMeshTetDecomposition/tetIndicesI.H at line 76
    No base point for face 43030732, 4(16062593 16062640 16062672 16062642), produces a valid tet decomposition.
--> FOAM Warning : 
    From function Foam::triFace Foam::tetIndices::faceTriIs(const Foam::polyMesh&) const
    in file meshes/polyMesh/polyMeshTetDecomposition/tetIndicesI.H at line 76
    No base point for face 43164284, 4(16108753 16107581 16108524 16107304), produces a valid tet decomposition.
--> FOAM Warning : 
    From function Foam::triFace Foam::tetIndices::faceTriIs(const Foam::polyMesh&) const
    in file meshes/polyMesh/polyMeshTetDecomposition/tetIndicesI.H at line 76
    No base point for face 43164286, 4(16108524 16103945 16108592 16107304), produces a valid tet decomposition.
--> FOAM Warning : 
    From function Foam::triFace Foam::tetIndices::faceTriIs(const Foam::polyMesh&) const
    in file meshes/polyMesh/polyMeshTetDecomposition/tetIndicesI.H at line 76
    No base point for face 43166289, 4(16108483 16107951 16108478 16107200), produces a valid tet decomposition.
--> FOAM Warning : 
    From function Foam::triFace Foam::tetIndices::faceTriIs(const Foam::polyMesh&) const
    in file meshes/polyMesh/polyMeshTetDecomposition/tetIndicesI.H at line 76
    No base point for face 43166290, 4(16104140 16107951 16108483 16107950), produces a valid tet decomposition.
--> FOAM Warning : 
    From function Foam::triFace Foam::tetIndices::faceTriIs(const Foam::polyMesh&) const
    in file meshes/polyMesh/polyMeshTetDecomposition/tetIndicesI.H at line 76
    No base point for face 53852098, 4(16108483 16107304 16108524 16107951), produces a valid tet decomposition.
--> FOAM Warning : 
    From function Foam::triFace Foam::tetIndices::faceTriIs(const Foam::polyMesh&) const
    in file meshes/polyMesh/polyMeshTetDecomposition/tetIndicesI.H at line 76
    No base point for face 43164286, 4(16108524 16103945 16108592 16107304), produces a valid tet decomposition.
--> FOAM Warning : 
    From function Foam::triFace Foam::tetIndices::faceTriIs(const Foam::polyMesh&) const
    in file meshes/polyMesh/polyMeshTetDecomposition/tetIndicesI.H at line 76
    No base point for face 43166290, 4(16104140 16107951 16108483 16107950), produces a valid tet decomposition.
--> FOAM Warning : 
    From function Foam::triFace Foam::tetIndices::faceTriIs(const Foam::polyMesh&) const
    in file meshes/polyMesh/polyMeshTetDecomposition/tetIndicesI.H at line 76
    No base point for face 43168797, 4(16108483 16107304 16108751 16107905), produces a valid tet decomposition.
--> FOAM Warning : 
    From function Foam::triFace Foam::tetIndices::faceTriIs(const Foam::polyMesh&) const
    in file meshes/polyMesh/polyMeshTetDecomposition/tetIndicesI.H at line 76
    No base point for face 43187999, 4(16116156 16107951 16108524 16109866), produces a valid tet decomposition.
--> FOAM Warning : 
    From function Foam::triFace Foam::tetIndices::faceTriIs(const Foam::polyMesh&) const
    in file meshes/polyMesh/polyMeshTetDecomposition/tetIndicesI.H at line 76
    No base point for face 43164284, 4(16108753 16107581 16108524 16107304), produces a valid tet decomposition.
--> FOAM Warning : 
    From function Foam::triFace Foam::tetIndices::faceTriIs(const Foam::polyMesh&) const
    in file meshes/polyMesh/polyMeshTetDecomposition/tetIndicesI.H at line 76
    No base point for face 43164286, 4(16108524 16103945 16108592 16107304), produces a valid tet decomposition.
--> FOAM Warning : 
    From function Foam::triFace Foam::tetIndices::faceTriIs(const Foam::polyMesh&) const
    in file meshes/polyMesh/polyMeshTetDecomposition/tetIndicesI.H at line 76
    No base point for face 43166289, 4(16108483 16107951 16108478 16107200), produces a valid tet decomposition.
--> FOAM Warning : 
    From function Foam::triFace Foam::tetIndices::faceTriIs(const Foam::polyMesh&) const
    in file meshes/polyMesh/polyMeshTetDecomposition/tetIndicesI.H at line 76
    No base point for face 43166290, 4(16104140 16107951 16108483 16107950), produces a valid tet decomposition.
--> FOAM Warning : 
    From function Foam::triFace Foam::tetIndices::faceTriIs(const Foam::polyMesh&) const
    in file meshes/polyMesh/polyMeshTetDecomposition/tetIndicesI.H at line 76
    No base point for face 53852098, 4(16108483 16107304 16108524 16107951), produces a valid tet decomposition.
--> FOAM Warning : 
    From function Foam::triFace Foam::tetIndices::faceTriIs(const Foam::polyMesh&) const
    in file meshes/polyMesh/polyMeshTetDecomposition/tetIndicesI.H at line 76
    No base point for face 43164286, 4(16108524 16103945 16108592 16107304), produces a valid tet decomposition.
--> FOAM Warning : 
    From function Foam::triFace Foam::tetIndices::faceTriIs(const Foam::polyMesh&) const
    in file meshes/polyMesh/polyMeshTetDecomposition/tetIndicesI.H at line 76
    No base point for face 43166290, 4(16104140 16107951 16108483 16107950), produces a valid tet decomposition.
--> FOAM Warning : 
    From function Foam::triFace Foam::tetIndices::faceTriIs(const Foam::polyMesh&) const
    in file meshes/polyMesh/polyMeshTetDecomposition/tetIndicesI.H at line 76
    No base point for face 43168797, 4(16108483 16107304 16108751 16107905), produces a valid tet decomposition.
--> FOAM Warning : 
    From function Foam::triFace Foam::tetIndices::faceTriIs(const Foam::polyMesh&) const
    in file meshes/polyMesh/polyMeshTetDecomposition/tetIndicesI.H at line 76
    No base point for face 43187999, 4(16116156 16107951 16108524 16109866), produces a valid tet decomposition.
--> FOAM Warning : 
    From function Foam::triFace Foam::tetIndices::faceTriIs(const Foam::polyMesh&) const
    in file meshes/polyMesh/polyMeshTetDecomposition/tetIndicesI.H at line 76
    No base point for face 43164284, 4(16108753 16107581 16108524 16107304), produces a valid tet decomposition.
--> FOAM Warning : 
    From function Foam::triFace Foam::tetIndices::faceTriIs(const Foam::polyMesh&) const
    in file meshes/polyMesh/polyMeshTetDecomposition/tetIndicesI.H at line 76
    No base point for face 43164286, 4(16108524 16103945 16108592 16107304), produces a valid tet decomposition.
--> FOAM Warning : 
    From function Foam::triFace Foam::tetIndices::faceTriIs(const Foam::polyMesh&) const
    in file meshes/polyMesh/polyMeshTetDecomposition/tetIndicesI.H at line 76
    No base point for face 43166289, 4(16108483 16107951 16108478 16107200), produces a valid tet decomposition.
--> FOAM Warning : 
    From function Foam::triFace Foam::tetIndices::faceTriIs(const Foam::polyMesh&) const
    in file meshes/polyMesh/polyMeshTetDecomposition/tetIndicesI.H at line 76
    No base point for face 43166290, 4(16104140 16107951 16108483 16107950), produces a valid tet decomposition.
--> FOAM Warning : 
    From function Foam::triFace Foam::tetIndices::faceTriIs(const Foam::polyMesh&) const
    in file meshes/polyMesh/polyMeshTetDecomposition/tetIndicesI.H at line 76
    No base point for face 53852098, 4(16108483 16107304 16108524 16107951), produces a valid tet decomposition.
--> FOAM Warning : 
    From function Foam::triFace Foam::tetIndices::faceTriIs(const Foam::polyMesh&) const
    in file meshes/polyMesh/polyMeshTetDecomposition/tetIndicesI.H at line 76
    No base point for face 43164286, 4(16108524 16103945 16108592 16107304), produces a valid tet decomposition.
--> FOAM Warning : 
    From function Foam::triFace Foam::tetIndices::faceTriIs(const Foam::polyMesh&) const
    in file meshes/polyMesh/polyMeshTetDecomposition/tetIndicesI.H at line 76
    No base point for face 43166290, 4(16104140 16107951 16108483 16107950), produces a valid tet decomposition.
--> FOAM Warning : 
    From function Foam::triFace Foam::tetIndices::faceTriIs(const Foam::polyMesh&) const
    in file meshes/polyMesh/polyMeshTetDecomposition/tetIndicesI.H at line 76
    No base point for face 43168797, 4(16108483 16107304 16108751 16107905), produces a valid tet decomposition.
--> FOAM Warning : 
    From function Foam::triFace Foam::tetIndices::faceTriIs(const Foam::polyMesh&) const
    in file meshes/polyMesh/polyMeshTetDecomposition/tetIndicesI.H at line 76
    No base point for face 43164284, 4(16108753 16107581 16108524 16107304), produces a valid tet decomposition.
--> FOAM Warning : 
    From function Foam::triFace Foam::tetIndices::faceTriIs(const Foam::polyMesh&) const
    in file meshes/polyMesh/polyMeshTetDecomposition/tetIndicesI.H at line 76
    No base point for face 43164286, 4(16108524 16103945 16108592 16107304), produces a valid tet decomposition.
--> FOAM Warning : 
    From function Foam::triFace Foam::tetIndices::faceTriIs(const Foam::polyMesh&) const
    in file meshes/polyMesh/polyMeshTetDecomposition/tetIndicesI.H at line 76
    No base point for face 43166289, 4(16108483 16107951 16108478 16107200), produces a valid tet decomposition.
--> FOAM Warning : 
    From function Foam::triFace Foam::tetIndices::faceTriIs(const Foam::polyMesh&) const
    in file meshes/polyMesh/polyMeshTetDecomposition/tetIndicesI.H at line 76
    No base point for face 43166290, 4(16104140 16107951 16108483 16107950), produces a valid tet decomposition.
--> FOAM Warning : 
    From function Foam::triFace Foam::tetIndices::faceTriIs(const Foam::polyMesh&) const
    in file meshes/polyMesh/polyMeshTetDecomposition/tetIndicesI.H at line 76
    No base point for face 53852098, 4(16108483 16107304 16108524 16107951), produces a valid tet decomposition.
--> FOAM Warning : 
    From function Foam::triFace Foam::tetIndices::faceTriIs(const Foam::polyMesh&) const
    in file meshes/polyMesh/polyMeshTetDecomposition/tetIndicesI.H at line 76
    No base point for face 43164286, 4(16108524 16103945 16108592 16107304), produces a valid tet decomposition.
--> FOAM Warning : 
    From function Foam::triFace Foam::tetIndices::faceTriIs(const Foam::polyMesh&) const
    in file meshes/polyMesh/polyMeshTetDecomposition/tetIndicesI.H at line 76
    No base point for face 43166290, 4(16104140 16107951 16108483 16107950), produces a valid tet decomposition.
--> FOAM Warning : 
    From function Foam::triFace Foam::tetIndices::faceTriIs(const Foam::polyMesh&) const
    in file meshes/polyMesh/polyMeshTetDecomposition/tetIndicesI.H at line 76
    No base point for face 43168797, 4(16108483 16107304 16108751 16107905), produces a valid tet decomposition.
--> FOAM Warning : 
    From function Foam::triFace Foam::tetIndices::faceTriIs(const Foam::polyMesh&) const
    in file meshes/polyMesh/polyMeshTetDecomposition/tetIndicesI.H at line 76
    No base point for face 41546179, 4(15520628 15519419 15520568 15518806), produces a valid tet decomposition.
--> FOAM Warning : 
    From function Foam::triFace Foam::tetIndices::faceTriIs(const Foam::polyMesh&) const
    in file meshes/polyMesh/polyMeshTetDecomposition/tetIndicesI.H at line 76
    No base point for face 41546181, 4(15520568 15519422 15520838 15518806), produces a valid tet decomposition.
--> FOAM Warning : 
    From function Foam::triFace Foam::tetIndices::faceTriIs(const Foam::polyMesh&) const
    in file meshes/polyMesh/polyMeshTetDecomposition/tetIndicesI.H at line 76
    No base point for face 41546179, 4(15520628 15519419 15520568 15518806), produces a valid tet decomposition.
--> FOAM Warning : 
    From function Foam::triFace Foam::tetIndices::faceTriIs(const Foam::polyMesh&) const
    in file meshes/polyMesh/polyMeshTetDecomposition/tetIndicesI.H at line 76
    No base point for face 41546181, 4(15520568 15519422 15520838 15518806), produces a valid tet decomposition.
--> FOAM Warning : 
    From function Foam::triFace Foam::tetIndices::faceTriIs(const Foam::polyMesh&) const
    in file meshes/polyMesh/polyMeshTetDecomposition/tetIndicesI.H at line 76
    No base point for face 41548828, 4(15520476 15518675 15520471 15519647), produces a valid tet decomposition.
--> FOAM Warning : 
    From function Foam::triFace Foam::tetIndices::faceTriIs(const Foam::polyMesh&) const
    in file meshes/polyMesh/polyMeshTetDecomposition/tetIndicesI.H at line 76
    No base point for face 41548829, 4(15518373 15519646 15520476 15519647), produces a valid tet decomposition.
--> FOAM Warning : 
    From function Foam::triFace Foam::tetIndices::faceTriIs(const Foam::polyMesh&) const
    in file meshes/polyMesh/polyMeshTetDecomposition/tetIndicesI.H at line 76
    No base point for face 53798591, 4(15520476 15519647 15520568 15518806), produces a valid tet decomposition.
--> FOAM Warning : 
    From function Foam::triFace Foam::tetIndices::faceTriIs(const Foam::polyMesh&) const
    in file meshes/polyMesh/polyMeshTetDecomposition/tetIndicesI.H at line 76
    No base point for face 41546179, 4(15520628 15519419 15520568 15518806), produces a valid tet decomposition.
--> FOAM Warning : 
    From function Foam::triFace Foam::tetIndices::faceTriIs(const Foam::polyMesh&) const
    in file meshes/polyMesh/polyMeshTetDecomposition/tetIndicesI.H at line 76
    No base point for face 41548829, 4(15518373 15519646 15520476 15519647), produces a valid tet decomposition.
--> FOAM Warning : 
    From function Foam::triFace Foam::tetIndices::faceTriIs(const Foam::polyMesh&) const
    in file meshes/polyMesh/polyMeshTetDecomposition/tetIndicesI.H at line 76
    No base point for face 41552224, 4(15520836 15518806 15520476 15519569), produces a valid tet decomposition.
--> FOAM Warning : 
    From function Foam::triFace Foam::tetIndices::faceTriIs(const Foam::polyMesh&) const
    in file meshes/polyMesh/polyMeshTetDecomposition/tetIndicesI.H at line 76
    No base point for face 41546179, 4(15520628 15519419 15520568 15518806), produces a valid tet decomposition.
--> FOAM Warning : 
    From function Foam::triFace Foam::tetIndices::faceTriIs(const Foam::polyMesh&) const
    in file meshes/polyMesh/polyMeshTetDecomposition/tetIndicesI.H at line 76
    No base point for face 41546181, 4(15520568 15519422 15520838 15518806), produces a valid tet decomposition.
--> FOAM Warning : 
    From function Foam::triFace Foam::tetIndices::faceTriIs(const Foam::polyMesh&) const
    in file meshes/polyMesh/polyMeshTetDecomposition/tetIndicesI.H at line 76
    No base point for face 41548828, 4(15520476 15518675 15520471 15519647), produces a valid tet decomposition.
--> FOAM Warning : 
    From function Foam::triFace Foam::tetIndices::faceTriIs(const Foam::polyMesh&) const
    in file meshes/polyMesh/polyMeshTetDecomposition/tetIndicesI.H at line 76
    No base point for face 41548829, 4(15518373 15519646 15520476 15519647), produces a valid tet decomposition.
--> FOAM Warning : 
    From function Foam::triFace Foam::tetIndices::faceTriIs(const Foam::polyMesh&) const
    in file meshes/polyMesh/polyMeshTetDecomposition/tetIndicesI.H at line 76
    No base point for face 53798591, 4(15520476 15519647 15520568 15518806), produces a valid tet decomposition.
--> FOAM Warning : 
    From function Foam::triFace Foam::tetIndices::faceTriIs(const Foam::polyMesh&) const
    in file meshes/polyMesh/polyMeshTetDecomposition/tetIndicesI.H at line 76
    No base point for face 41546179, 4(15520628 15519419 15520568 15518806), produces a valid tet decomposition.
--> FOAM Warning : 
    From function Foam::triFace Foam::tetIndices::faceTriIs(const Foam::polyMesh&) const
    in file meshes/polyMesh/polyMeshTetDecomposition/tetIndicesI.H at line 76
    No base point for face 41548829, 4(15518373 15519646 15520476 15519647), produces a valid tet decomposition.
--> FOAM Warning : 
    From function Foam::triFace Foam::tetIndices::faceTriIs(const Foam::polyMesh&) const
    in file meshes/polyMesh/polyMeshTetDecomposition/tetIndicesI.H at line 76
    No base point for face 41552224, 4(15520836 15518806 15520476 15519569), produces a valid tet decomposition.
--> FOAM Warning : 
    From function Foam::triFace Foam::tetIndices::faceTriIs(const Foam::polyMesh&) const
    in file meshes/polyMesh/polyMeshTetDecomposition/tetIndicesI.H at line 76
    No base point for face 41546179, 4(15520628 15519419 15520568 15518806), produces a valid tet decomposition.
--> FOAM Warning : 
    From function Foam::triFace Foam::tetIndices::faceTriIs(const Foam::polyMesh&) const
    in file meshes/polyMesh/polyMeshTetDecomposition/tetIndicesI.H at line 76
    No base point for face 41546181, 4(15520568 15519422 15520838 15518806), produces a valid tet decomposition.
--> FOAM Warning : 
    From function Foam::triFace Foam::tetIndices::faceTriIs(const Foam::polyMesh&) const
    in file meshes/polyMesh/polyMeshTetDecomposition/tetIndicesI.H at line 76
    No base point for face 41548828, 4(15520476 15518675 15520471 15519647), produces a valid tet decomposition.
--> FOAM Warning : 
    From function Foam::triFace Foam::tetIndices::faceTriIs(const Foam::polyMesh&) const
    in file meshes/polyMesh/polyMeshTetDecomposition/tetIndicesI.H at line 76
    No base point for face 41548829, 4(15518373 15519646 15520476 15519647), produces a valid tet decomposition.
--> FOAM Warning : 
    From function Foam::triFace Foam::tetIndices::faceTriIs(const Foam::polyMesh&) const
    in file meshes/polyMesh/polyMeshTetDecomposition/tetIndicesI.H at line 76
    No base point for face 53798591, 4(15520476 15519647 15520568 15518806), produces a valid tet decomposition.
--> FOAM Warning : 
    From function Foam::triFace Foam::tetIndices::faceTriIs(const Foam::polyMesh&) const
    in file meshes/polyMesh/polyMeshTetDecomposition/tetIndicesI.H at line 76
    No base point for face 41546179, 4(15520628 15519419 15520568 15518806), produces a valid tet decomposition.
--> FOAM Warning : 
    From function Foam::triFace Foam::tetIndices::faceTriIs(const Foam::polyMesh&) const
    in file meshes/polyMesh/polyMeshTetDecomposition/tetIndicesI.H at line 76
    No base point for face 41548829, 4(15518373 15519646 15520476 15519647), produces a valid tet decomposition.
--> FOAM Warning : 
    From function Foam::triFace Foam::tetIndices::faceTriIs(const Foam::polyMesh&) const
    in file meshes/polyMesh/polyMeshTetDecomposition/tetIndicesI.H at line 76
    No base point for face 41552224, 4(15520836 15518806 15520476 15519569), produces a valid tet decomposition.
--> FOAM Warning : 
    From function Foam::triFace Foam::tetIndices::faceTriIs(const Foam::polyMesh&) const
    in file meshes/polyMesh/polyMeshTetDecomposition/tetIndicesI.H at line 76
    No base point for face 41570681, 4(15520568 15519647 15526499 15522245), produces a valid tet decomposition.
--> FOAM Warning : 
    From function Foam::triFace Foam::tetIndices::faceTriIs(const Foam::polyMesh&) const
    in file meshes/polyMesh/polyMeshTetDecomposition/tetIndicesI.H at line 76
    No base point for face 41553556, 4(15518594 15519067 15521079 15520032), produces a valid tet decomposition.
--> FOAM Warning : 
    From function Foam::triFace Foam::tetIndices::faceTriIs(const Foam::polyMesh&) const
    in file meshes/polyMesh/polyMeshTetDecomposition/tetIndicesI.H at line 76
    No base point for face 43042043, 4(16063542 16065197 16066463 16065198), produces a valid tet decomposition.
--> FOAM Warning : 
    From function Foam::triFace Foam::tetIndices::faceTriIs(const Foam::polyMesh&) const
    in file meshes/polyMesh/polyMeshTetDecomposition/tetIndicesI.H at line 76
    No base point for face 43042378, 4(16066108 16065259 16066500 16064095), produces a valid tet decomposition.
--> FOAM Warning : 
    From function Foam::triFace Foam::tetIndices::faceTriIs(const Foam::polyMesh&) const
    in file meshes/polyMesh/polyMeshTetDecomposition/tetIndicesI.H at line 76
    No base point for face 43030732, 4(16062593 16062640 16062672 16062642), produces a valid tet decomposition.
--> FOAM Warning : 
    From function Foam::triFace Foam::tetIndices::faceTriIs(const Foam::polyMesh&) const
    in file meshes/polyMesh/polyMeshTetDecomposition/tetIndicesI.H at line 76
    No base point for face 43164284, 4(16108753 16107581 16108524 16107304), produces a valid tet decomposition.
--> FOAM Warning : 
    From function Foam::triFace Foam::tetIndices::faceTriIs(const Foam::polyMesh&) const
    in file meshes/polyMesh/polyMeshTetDecomposition/tetIndicesI.H at line 76
    No base point for face 43164286, 4(16108524 16103945 16108592 16107304), produces a valid tet decomposition.
--> FOAM Warning : 
    From function Foam::triFace Foam::tetIndices::faceTriIs(const Foam::polyMesh&) const
    in file meshes/polyMesh/polyMeshTetDecomposition/tetIndicesI.H at line 76
    No base point for face 43166289, 4(16108483 16107951 16108478 16107200), produces a valid tet decomposition.
--> FOAM Warning : 
    From function Foam::triFace Foam::tetIndices::faceTriIs(const Foam::polyMesh&) const
    in file meshes/polyMesh/polyMeshTetDecomposition/tetIndicesI.H at line 76
    No base point for face 43166290, 4(16104140 16107951 16108483 16107950), produces a valid tet decomposition.
--> FOAM Warning : 
    From function Foam::triFace Foam::tetIndices::faceTriIs(const Foam::polyMesh&) const
    in file meshes/polyMesh/polyMeshTetDecomposition/tetIndicesI.H at line 76
    No base point for face 53852098, 4(16108483 16107304 16108524 16107951), produces a valid tet decomposition.
--> FOAM Warning : 
    From function Foam::triFace Foam::tetIndices::faceTriIs(const Foam::polyMesh&) const
    in file meshes/polyMesh/polyMeshTetDecomposition/tetIndicesI.H at line 76
    No base point for face 43164286, 4(16108524 16103945 16108592 16107304), produces a valid tet decomposition.
--> FOAM Warning : 
    From function Foam::triFace Foam::tetIndices::faceTriIs(const Foam::polyMesh&) const
    in file meshes/polyMesh/polyMeshTetDecomposition/tetIndicesI.H at line 76
    No base point for face 43166290, 4(16104140 16107951 16108483 16107950), produces a valid tet decomposition.
--> FOAM Warning : 
    From function Foam::triFace Foam::tetIndices::faceTriIs(const Foam::polyMesh&) const
    in file meshes/polyMesh/polyMeshTetDecomposition/tetIndicesI.H at line 76
    No base point for face 43168797, 4(16108483 16107304 16108751 16107905), produces a valid tet decomposition.
--> FOAM Warning : 
    From function Foam::triFace Foam::tetIndices::faceTriIs(const Foam::polyMesh&) const
    in file meshes/polyMesh/polyMeshTetDecomposition/tetIndicesI.H at line 76
    No base point for face 43187999, 4(16116156 16107951 16108524 16109866), produces a valid tet decomposition.
--> FOAM Warning : 
    From function Foam::triFace Foam::tetIndices::faceTriIs(const Foam::polyMesh&) const
    in file meshes/polyMesh/polyMeshTetDecomposition/tetIndicesI.H at line 76
    No base point for face 43164284, 4(16108753 16107581 16108524 16107304), produces a valid tet decomposition.
--> FOAM Warning : 
    From function Foam::triFace Foam::tetIndices::faceTriIs(const Foam::polyMesh&) const
    in file meshes/polyMesh/polyMeshTetDecomposition/tetIndicesI.H at line 76
    No base point for face 43164286, 4(16108524 16103945 16108592 16107304), produces a valid tet decomposition.
--> FOAM Warning : 
    From function Foam::triFace Foam::tetIndices::faceTriIs(const Foam::polyMesh&) const
    in file meshes/polyMesh/polyMeshTetDecomposition/tetIndicesI.H at line 76
    No base point for face 43166289, 4(16108483 16107951 16108478 16107200), produces a valid tet decomposition.
--> FOAM Warning : 
    From function Foam::triFace Foam::tetIndices::faceTriIs(const Foam::polyMesh&) const
    in file meshes/polyMesh/polyMeshTetDecomposition/tetIndicesI.H at line 76
    No base point for face 43166290, 4(16104140 16107951 16108483 16107950), produces a valid tet decomposition.
--> FOAM Warning : 
    From function Foam::triFace Foam::tetIndices::faceTriIs(const Foam::polyMesh&) const
    in file meshes/polyMesh/polyMeshTetDecomposition/tetIndicesI.H at line 76
    No base point for face 53852098, 4(16108483 16107304 16108524 16107951), produces a valid tet decomposition.
--> FOAM Warning : 
    From function Foam::triFace Foam::tetIndices::faceTriIs(const Foam::polyMesh&) const
    in file meshes/polyMesh/polyMeshTetDecomposition/tetIndicesI.H at line 76
    No base point for face 43164286, 4(16108524 16103945 16108592 16107304), produces a valid tet decomposition.
--> FOAM Warning : 
    From function Foam::triFace Foam::tetIndices::faceTriIs(const Foam::polyMesh&) const
    in file meshes/polyMesh/polyMeshTetDecomposition/tetIndicesI.H at line 76
    No base point for face 43166290, 4(16104140 16107951 16108483 16107950), produces a valid tet decomposition.
--> FOAM Warning : 
    From function Foam::triFace Foam::tetIndices::faceTriIs(const Foam::polyMesh&) const
    in file meshes/polyMesh/polyMeshTetDecomposition/tetIndicesI.H at line 76
    No base point for face 43168797, 4(16108483 16107304 16108751 16107905), produces a valid tet decomposition.
--> FOAM Warning : 
    From function Foam::triFace Foam::tetIndices::faceTriIs(const Foam::polyMesh&) const
    in file meshes/polyMesh/polyMeshTetDecomposition/tetIndicesI.H at line 76
    No base point for face 43187999, 4(16116156 16107951 16108524 16109866), produces a valid tet decomposition.
--> FOAM Warning : 
    From function Foam::triFace Foam::tetIndices::faceTriIs(const Foam::polyMesh&) const
    in file meshes/polyMesh/polyMeshTetDecomposition/tetIndicesI.H at line 76
    No base point for face 43164284, 4(16108753 16107581 16108524 16107304), produces a valid tet decomposition.
--> FOAM Warning : 
    From function Foam::triFace Foam::tetIndices::faceTriIs(const Foam::polyMesh&) const
    in file meshes/polyMesh/polyMeshTetDecomposition/tetIndicesI.H at line 76
    No base point for face 43164286, 4(16108524 16103945 16108592 16107304), produces a valid tet decomposition.
--> FOAM Warning : 
    From function Foam::triFace Foam::tetIndices::faceTriIs(const Foam::polyMesh&) const
    in file meshes/polyMesh/polyMeshTetDecomposition/tetIndicesI.H at line 76
    No base point for face 43166289, 4(16108483 16107951 16108478 16107200), produces a valid tet decomposition.
--> FOAM Warning : 
    From function Foam::triFace Foam::tetIndices::faceTriIs(const Foam::polyMesh&) const
    in file meshes/polyMesh/polyMeshTetDecomposition/tetIndicesI.H at line 76
    No base point for face 43166290, 4(16104140 16107951 16108483 16107950), produces a valid tet decomposition.
--> FOAM Warning : 
    From function Foam::triFace Foam::tetIndices::faceTriIs(const Foam::polyMesh&) const
    in file meshes/polyMesh/polyMeshTetDecomposition/tetIndicesI.H at line 76
    No base point for face 53852098, 4(16108483 16107304 16108524 16107951), produces a valid tet decomposition.
--> FOAM Warning : 
    From function Foam::triFace Foam::tetIndices::faceTriIs(const Foam::polyMesh&) const
    in file meshes/polyMesh/polyMeshTetDecomposition/tetIndicesI.H at line 76
    No base point for face 43164286, 4(16108524 16103945 16108592 16107304), produces a valid tet decomposition.
--> FOAM Warning : 
    From function Foam::triFace Foam::tetIndices::faceTriIs(const Foam::polyMesh&) const
    in file meshes/polyMesh/polyMeshTetDecomposition/tetIndicesI.H at line 76
    No base point for face 43166290, 4(16104140 16107951 16108483 16107950), produces a valid tet decomposition.
--> FOAM Warning : 
    From function Foam::triFace Foam::tetIndices::faceTriIs(const Foam::polyMesh&) const
    in file meshes/polyMesh/polyMeshTetDecomposition/tetIndicesI.H at line 76
    No base point for face 43168797, 4(16108483 16107304 16108751 16107905), produces a valid tet decomposition.
--> FOAM Warning : 
    From function Foam::triFace Foam::tetIndices::faceTriIs(const Foam::polyMesh&) const
    in file meshes/polyMesh/polyMeshTetDecomposition/tetIndicesI.H at line 76
    No base point for face 43164284, 4(16108753 16107581 16108524 16107304), produces a valid tet decomposition.
--> FOAM Warning : 
    From function Foam::triFace Foam::tetIndices::faceTriIs(const Foam::polyMesh&) const
    in file meshes/polyMesh/polyMeshTetDecomposition/tetIndicesI.H at line 76
    No base point for face 43164286, 4(16108524 16103945 16108592 16107304), produces a valid tet decomposition.
--> FOAM Warning : 
    From function Foam::triFace Foam::tetIndices::faceTriIs(const Foam::polyMesh&) const
    in file meshes/polyMesh/polyMeshTetDecomposition/tetIndicesI.H at line 76
    No base point for face 43166289, 4(16108483 16107951 16108478 16107200), produces a valid tet decomposition.
--> FOAM Warning : 
    From function Foam::triFace Foam::tetIndices::faceTriIs(const Foam::polyMesh&) const
    in file meshes/polyMesh/polyMeshTetDecomposition/tetIndicesI.H at line 76
    No base point for face 43166290, 4(16104140 16107951 16108483 16107950), produces a valid tet decomposition.
--> FOAM Warning : 
    From function Foam::triFace Foam::tetIndices::faceTriIs(const Foam::polyMesh&) const
    in file meshes/polyMesh/polyMeshTetDecomposition/tetIndicesI.H at line 76
    No base point for face 53852098, 4(16108483 16107304 16108524 16107951), produces a valid tet decomposition.
--> FOAM Warning : 
    From function Foam::triFace Foam::tetIndices::faceTriIs(const Foam::polyMesh&) const
    in file meshes/polyMesh/polyMeshTetDecomposition/tetIndicesI.H at line 76
    No base point for face 43164286, 4(16108524 16103945 16108592 16107304), produces a valid tet decomposition.
--> FOAM Warning : 
    From function Foam::triFace Foam::tetIndices::faceTriIs(const Foam::polyMesh&) const
    in file meshes/polyMesh/polyMeshTetDecomposition/tetIndicesI.H at line 76
    No base point for face 43166290, 4(16104140 16107951 16108483 16107950), produces a valid tet decomposition.
--> FOAM Warning : 
    From function Foam::triFace Foam::tetIndices::faceTriIs(const Foam::polyMesh&) const
    in file meshes/polyMesh/polyMeshTetDecomposition/tetIndicesI.H at line 76
    No base point for face 43168797, 4(16108483 16107304 16108751 16107905), produces a valid tet decomposition.
--> FOAM Warning : 
    From function Foam::triFace Foam::tetIndices::faceTriIs(const Foam::polyMesh&) const
    in file meshes/polyMesh/polyMeshTetDecomposition/tetIndicesI.H at line 76
    No base point for face 41546179, 4(15520628 15519419 15520568 15518806), produces a valid tet decomposition.
--> FOAM Warning : 
    From function Foam::triFace Foam::tetIndices::faceTriIs(const Foam::polyMesh&) const
    in file meshes/polyMesh/polyMeshTetDecomposition/tetIndicesI.H at line 76
    No base point for face 41546181, 4(15520568 15519422 15520838 15518806), produces a valid tet decomposition.
--> FOAM Warning : 
    From function Foam::triFace Foam::tetIndices::faceTriIs(const Foam::polyMesh&) const
    in file meshes/polyMesh/polyMeshTetDecomposition/tetIndicesI.H at line 76
    No base point for face 41548828, 4(15520476 15518675 15520471 15519647), produces a valid tet decomposition.
--> FOAM Warning : 
    From function Foam::triFace Foam::tetIndices::faceTriIs(const Foam::polyMesh&) const
    in file meshes/polyMesh/polyMeshTetDecomposition/tetIndicesI.H at line 76
    No base point for face 41548829, 4(15518373 15519646 15520476 15519647), produces a valid tet decomposition.
--> FOAM Warning : 
    From function Foam::triFace Foam::tetIndices::faceTriIs(const Foam::polyMesh&) const
    in file meshes/polyMesh/polyMeshTetDecomposition/tetIndicesI.H at line 76
    No base point for face 53798591, 4(15520476 15519647 15520568 15518806), produces a valid tet decomposition.
--> FOAM Warning : 
    From function Foam::triFace Foam::tetIndices::faceTriIs(const Foam::polyMesh&) const
    in file meshes/polyMesh/polyMeshTetDecomposition/tetIndicesI.H at line 76
    No base point for face 41546179, 4(15520628 15519419 15520568 15518806), produces a valid tet decomposition.
--> FOAM Warning : 
    From function Foam::triFace Foam::tetIndices::faceTriIs(const Foam::polyMesh&) const
    in file meshes/polyMesh/polyMeshTetDecomposition/tetIndicesI.H at line 76
    No base point for face 41548829, 4(15518373 15519646 15520476 15519647), produces a valid tet decomposition.
--> FOAM Warning : 
    From function Foam::triFace Foam::tetIndices::faceTriIs(const Foam::polyMesh&) const
    in file meshes/polyMesh/polyMeshTetDecomposition/tetIndicesI.H at line 76
    No base point for face 41552224, 4(15520836 15518806 15520476 15519569), produces a valid tet decomposition.
--> FOAM Warning : 
    From function Foam::triFace Foam::tetIndices::faceTriIs(const Foam::polyMesh&) const
    in file meshes/polyMesh/polyMeshTetDecomposition/tetIndicesI.H at line 76
    No base point for face 41546179, 4(15520628 15519419 15520568 15518806), produces a valid tet decomposition.
--> FOAM Warning : 
    From function Foam::triFace Foam::tetIndices::faceTriIs(const Foam::polyMesh&) const
    in file meshes/polyMesh/polyMeshTetDecomposition/tetIndicesI.H at line 76
    No base point for face 41546181, 4(15520568 15519422 15520838 15518806), produces a valid tet decomposition.
--> FOAM Warning : 
    From function Foam::triFace Foam::tetIndices::faceTriIs(const Foam::polyMesh&) const
    in file meshes/polyMesh/polyMeshTetDecomposition/tetIndicesI.H at line 76
    No base point for face 41548828, 4(15520476 15518675 15520471 15519647), produces a valid tet decomposition.
--> FOAM Warning : 
    From function Foam::triFace Foam::tetIndices::faceTriIs(const Foam::polyMesh&) const
    in file meshes/polyMesh/polyMeshTetDecomposition/tetIndicesI.H at line 76
    No base point for face 41548829, 4(15518373 15519646 15520476 15519647), produces a valid tet decomposition.
--> FOAM Warning : 
    From function Foam::triFace Foam::tetIndices::faceTriIs(const Foam::polyMesh&) const
    in file meshes/polyMesh/polyMeshTetDecomposition/tetIndicesI.H at line 76
    No base point for face 53798591, 4(15520476 15519647 15520568 15518806), produces a valid tet decomposition.
--> FOAM Warning : 
    From function Foam::triFace Foam::tetIndices::faceTriIs(const Foam::polyMesh&) const
    in file meshes/polyMesh/polyMeshTetDecomposition/tetIndicesI.H at line 76
    No base point for face 41546179, 4(15520628 15519419 15520568 15518806), produces a valid tet decomposition.
--> FOAM Warning : 
    From function Foam::triFace Foam::tetIndices::faceTriIs(const Foam::polyMesh&) const
    in file meshes/polyMesh/polyMeshTetDecomposition/tetIndicesI.H at line 76
    No base point for face 41548829, 4(15518373 15519646 15520476 15519647), produces a valid tet decomposition.
--> FOAM Warning : 
    From function Foam::triFace Foam::tetIndices::faceTriIs(const Foam::polyMesh&) const
    in file meshes/polyMesh/polyMeshTetDecomposition/tetIndicesI.H at line 76
    No base point for face 41552224, 4(15520836 15518806 15520476 15519569), produces a valid tet decomposition.
--> FOAM Warning : 
    From function Foam::triFace Foam::tetIndices::faceTriIs(const Foam::polyMesh&) const
    in file meshes/polyMesh/polyMeshTetDecomposition/tetIndicesI.H at line 76
    No base point for face 41546179, 4(15520628 15519419 15520568 15518806), produces a valid tet decomposition.
--> FOAM Warning : 
    From function Foam::triFace Foam::tetIndices::faceTriIs(const Foam::polyMesh&) const
    in file meshes/polyMesh/polyMeshTetDecomposition/tetIndicesI.H at line 76
    No base point for face 41546181, 4(15520568 15519422 15520838 15518806), produces a valid tet decomposition.
--> FOAM Warning : 
    From function Foam::triFace Foam::tetIndices::faceTriIs(const Foam::polyMesh&) const
    in file meshes/polyMesh/polyMeshTetDecomposition/tetIndicesI.H at line 76
    No base point for face 41548828, 4(15520476 15518675 15520471 15519647), produces a valid tet decomposition.
--> FOAM Warning : 
    From function Foam::triFace Foam::tetIndices::faceTriIs(const Foam::polyMesh&) const
    in file meshes/polyMesh/polyMeshTetDecomposition/tetIndicesI.H at line 76
    No base point for face 41548829, 4(15518373 15519646 15520476 15519647), produces a valid tet decomposition.
--> FOAM Warning : 
    From function Foam::triFace Foam::tetIndices::faceTriIs(const Foam::polyMesh&) const
    in file meshes/polyMesh/polyMeshTetDecomposition/tetIndicesI.H at line 76
    No base point for face 53798591, 4(15520476 15519647 15520568 15518806), produces a valid tet decomposition.
--> FOAM Warning : 
    From function Foam::triFace Foam::tetIndices::faceTriIs(const Foam::polyMesh&) const
    in file meshes/polyMesh/polyMeshTetDecomposition/tetIndicesI.H at line 76
    No base point for face 41546179, 4(15520628 15519419 15520568 15518806), produces a valid tet decomposition.
--> FOAM Warning : 
    From function Foam::triFace Foam::tetIndices::faceTriIs(const Foam::polyMesh&) const
    in file meshes/polyMesh/polyMeshTetDecomposition/tetIndicesI.H at line 76
    No base point for face 41548829, 4(15518373 15519646 15520476 15519647), produces a valid tet decomposition.
--> FOAM Warning : 
    From function Foam::triFace Foam::tetIndices::faceTriIs(const Foam::polyMesh&) const
    in file meshes/polyMesh/polyMeshTetDecomposition/tetIndicesI.H at line 76
    No base point for face 41552224, 4(15520836 15518806 15520476 15519569), produces a valid tet decomposition.
--> FOAM Warning : 
    From function Foam::triFace Foam::tetIndices::faceTriIs(const Foam::polyMesh&) const
    in file meshes/polyMesh/polyMeshTetDecomposition/tetIndicesI.H at line 76
    No base point for face 41570681, 4(15520568 15519647 15526499 15522245), produces a valid tet decomposition.
--> FOAM Warning : 
    From function Foam::triFace Foam::tetIndices::faceTriIs(const Foam::polyMesh&) const
    in file meshes/polyMesh/polyMeshTetDecomposition/tetIndicesI.H at line 76
    No base point for face 41546179, 4(15520628 15519419 15520568 15518806), produces a valid tet decomposition.
--> FOAM Warning : 
    From function Foam::triFace Foam::tetIndices::faceTriIs(const Foam::polyMesh&) const
    in file meshes/polyMesh/polyMeshTetDecomposition/tetIndicesI.H at line 76
    No base point for face 41546181, 4(15520568 15519422 15520838 15518806), produces a valid tet decomposition.
--> FOAM Warning : 
    From function Foam::triFace Foam::tetIndices::faceTriIs(const Foam::polyMesh&) const
    in file meshes/polyMesh/polyMeshTetDecomposition/tetIndicesI.H at line 76
    No base point for face 41548828, 4(15520476 15518675 15520471 15519647), produces a valid tet decomposition.
--> FOAM Warning : 
    From function Foam::triFace Foam::tetIndices::faceTriIs(const Foam::polyMesh&) const
    in file meshes/polyMesh/polyMeshTetDecomposition/tetIndicesI.H at line 76
    No base point for face 41548829, 4(15518373 15519646 15520476 15519647), produces a valid tet decomposition.
--> FOAM Warning : 
    From function Foam::triFace Foam::tetIndices::faceTriIs(const Foam::polyMesh&) const
    in file meshes/polyMesh/polyMeshTetDecomposition/tetIndicesI.H at line 76
    No base point for face 53798591, 4(15520476 15519647 15520568 15518806), produces a valid tet decomposition.
--> FOAM Warning : 
    From function Foam::triFace Foam::tetIndices::faceTriIs(const Foam::polyMesh&) const
    in file meshes/polyMesh/polyMeshTetDecomposition/tetIndicesI.H at line 76
    No base point for face 41546179, 4(15520628 15519419 15520568 15518806), produces a valid tet decomposition.
--> FOAM Warning : 
    From function Foam::triFace Foam::tetIndices::faceTriIs(const Foam::polyMesh&) const
    in file meshes/polyMesh/polyMeshTetDecomposition/tetIndicesI.H at line 76
    No base point for face 41548829, 4(15518373 15519646 15520476 15519647), produces a valid tet decomposition.
--> FOAM Warning : 
    From function Foam::triFace Foam::tetIndices::faceTriIs(const Foam::polyMesh&) const
    in file meshes/polyMesh/polyMeshTetDecomposition/tetIndicesI.H at line 76
    No base point for face 41552224, 4(15520836 15518806 15520476 15519569), produces a valid tet decomposition.
--> FOAM Warning : 
    From function Foam::triFace Foam::tetIndices::faceTriIs(const Foam::polyMesh&) const
    in file meshes/polyMesh/polyMeshTetDecomposition/tetIndicesI.H at line 76
    No base point for face 41570681, 4(15520568 15519647 15526499 15522245), produces a valid tet decomposition.
--> FOAM Warning : 
    From function Foam::triFace Foam::tetIndices::faceTriIs(const Foam::polyMesh&) const
    in file meshes/polyMesh/polyMeshTetDecomposition/tetIndicesI.H at line 76
    No base point for face 41553556, 4(15518594 15519067 15521079 15520032), produces a valid tet decomposition.
--> FOAM Warning : 
    From function Foam::triFace Foam::tetIndices::faceTriIs(const Foam::polyMesh&) const
    in file meshes/polyMesh/polyMeshTetDecomposition/tetIndicesI.H at line 76
    No base point for face 41417193, 4(15456526 15456527 15475264 15456648), produces a valid tet decomposition.
--> FOAM Warning : 
    From function Foam::triFace Foam::tetIndices::faceTriIs(const Foam::polyMesh&) const
    in file meshes/polyMesh/polyMeshTetDecomposition/tetIndicesI.H at line 76
    No base point for face 41417856, 4(15456075 15456076 15475356 15474301), produces a valid tet decomposition.
--> FOAM Warning : 
    From function Foam::triFace Foam::tetIndices::faceTriIs(const Foam::polyMesh&) const
    in file meshes/polyMesh/polyMeshTetDecomposition/tetIndicesI.H at line 76
    No base point for face 43042043, 4(16063542 16065197 16066463 16065198), produces a valid tet decomposition.
--> FOAM Warning : 
    From function Foam::triFace Foam::tetIndices::faceTriIs(const Foam::polyMesh&) const
    in file meshes/polyMesh/polyMeshTetDecomposition/tetIndicesI.H at line 76
    No base point for face 43042378, 4(16066108 16065259 16066500 16064095), produces a valid tet decomposition.
--> FOAM Warning : 
    From function Foam::triFace Foam::tetIndices::faceTriIs(const Foam::polyMesh&) const
    in file meshes/polyMesh/polyMeshTetDecomposition/tetIndicesI.H at line 76
    No base point for face 43030732, 4(16062593 16062640 16062672 16062642), produces a valid tet decomposition.
--> FOAM Warning : 
    From function Foam::triFace Foam::tetIndices::faceTriIs(const Foam::polyMesh&) const
    in file meshes/polyMesh/polyMeshTetDecomposition/tetIndicesI.H at line 76
    No base point for face 43164284, 4(16108753 16107581 16108524 16107304), produces a valid tet decomposition.
--> FOAM Warning : 
    From function Foam::triFace Foam::tetIndices::faceTriIs(const Foam::polyMesh&) const
    in file meshes/polyMesh/polyMeshTetDecomposition/tetIndicesI.H at line 76
    No base point for face 43164286, 4(16108524 16103945 16108592 16107304), produces a valid tet decomposition.
--> FOAM Warning : 
    From function Foam::triFace Foam::tetIndices::faceTriIs(const Foam::polyMesh&) const
    in file meshes/polyMesh/polyMeshTetDecomposition/tetIndicesI.H at line 76
    No base point for face 43166289, 4(16108483 16107951 16108478 16107200), produces a valid tet decomposition.
--> FOAM Warning : 
    From function Foam::triFace Foam::tetIndices::faceTriIs(const Foam::polyMesh&) const
    in file meshes/polyMesh/polyMeshTetDecomposition/tetIndicesI.H at line 76
    No base point for face 43166290, 4(16104140 16107951 16108483 16107950), produces a valid tet decomposition.
--> FOAM Warning : 
    From function Foam::triFace Foam::tetIndices::faceTriIs(const Foam::polyMesh&) const
    in file meshes/polyMesh/polyMeshTetDecomposition/tetIndicesI.H at line 76
    No base point for face 53852098, 4(16108483 16107304 16108524 16107951), produces a valid tet decomposition.
--> FOAM Warning : 
    From function Foam::triFace Foam::tetIndices::faceTriIs(const Foam::polyMesh&) const
    in file meshes/polyMesh/polyMeshTetDecomposition/tetIndicesI.H at line 76
    No base point for face 43164286, 4(16108524 16103945 16108592 16107304), produces a valid tet decomposition.
--> FOAM Warning : 
    From function Foam::triFace Foam::tetIndices::faceTriIs(const Foam::polyMesh&) const
    in file meshes/polyMesh/polyMeshTetDecomposition/tetIndicesI.H at line 76
    No base point for face 43166290, 4(16104140 16107951 16108483 16107950), produces a valid tet decomposition.
--> FOAM Warning : 
    From function Foam::triFace Foam::tetIndices::faceTriIs(const Foam::polyMesh&) const
    in file meshes/polyMesh/polyMeshTetDecomposition/tetIndicesI.H at line 76
    No base point for face 43168797, 4(16108483 16107304 16108751 16107905), produces a valid tet decomposition.
--> FOAM Warning : 
    From function Foam::triFace Foam::tetIndices::faceTriIs(const Foam::polyMesh&) const
    in file meshes/polyMesh/polyMeshTetDecomposition/tetIndicesI.H at line 76
    No base point for face 43187999, 4(16116156 16107951 16108524 16109866), produces a valid tet decomposition.
--> FOAM Warning : 
    From function Foam::triFace Foam::tetIndices::faceTriIs(const Foam::polyMesh&) const
    in file meshes/polyMesh/polyMeshTetDecomposition/tetIndicesI.H at line 76
    No base point for face 43164284, 4(16108753 16107581 16108524 16107304), produces a valid tet decomposition.
--> FOAM Warning : 
    From function Foam::triFace Foam::tetIndices::faceTriIs(const Foam::polyMesh&) const
    in file meshes/polyMesh/polyMeshTetDecomposition/tetIndicesI.H at line 76
    No base point for face 43164286, 4(16108524 16103945 16108592 16107304), produces a valid tet decomposition.
--> FOAM Warning : 
    From function Foam::triFace Foam::tetIndices::faceTriIs(const Foam::polyMesh&) const
    in file meshes/polyMesh/polyMeshTetDecomposition/tetIndicesI.H at line 76
    No base point for face 43166289, 4(16108483 16107951 16108478 16107200), produces a valid tet decomposition.
--> FOAM Warning : 
    From function Foam::triFace Foam::tetIndices::faceTriIs(const Foam::polyMesh&) const
    in file meshes/polyMesh/polyMeshTetDecomposition/tetIndicesI.H at line 76
    No base point for face 43166290, 4(16104140 16107951 16108483 16107950), produces a valid tet decomposition.
--> FOAM Warning : 
    From function Foam::triFace Foam::tetIndices::faceTriIs(const Foam::polyMesh&) const
    in file meshes/polyMesh/polyMeshTetDecomposition/tetIndicesI.H at line 76
    No base point for face 53852098, 4(16108483 16107304 16108524 16107951), produces a valid tet decomposition.
--> FOAM Warning : 
    From function Foam::triFace Foam::tetIndices::faceTriIs(const Foam::polyMesh&) const
    in file meshes/polyMesh/polyMeshTetDecomposition/tetIndicesI.H at line 76
    No base point for face 43164286, 4(16108524 16103945 16108592 16107304), produces a valid tet decomposition.
--> FOAM Warning : 
    From function Foam::triFace Foam::tetIndices::faceTriIs(const Foam::polyMesh&) const
    in file meshes/polyMesh/polyMeshTetDecomposition/tetIndicesI.H at line 76
    No base point for face 43166290, 4(16104140 16107951 16108483 16107950), produces a valid tet decomposition.
--> FOAM Warning : 
    From function Foam::triFace Foam::tetIndices::faceTriIs(const Foam::polyMesh&) const
    in file meshes/polyMesh/polyMeshTetDecomposition/tetIndicesI.H at line 76
    No base point for face 43168797, 4(16108483 16107304 16108751 16107905), produces a valid tet decomposition.
--> FOAM Warning : 
    From function Foam::triFace Foam::tetIndices::faceTriIs(const Foam::polyMesh&) const
    in file meshes/polyMesh/polyMeshTetDecomposition/tetIndicesI.H at line 76
    No base point for face 43187999, 4(16116156 16107951 16108524 16109866), produces a valid tet decomposition.
--> FOAM Warning : 
    From function Foam::triFace Foam::tetIndices::faceTriIs(const Foam::polyMesh&) const
    in file meshes/polyMesh/polyMeshTetDecomposition/tetIndicesI.H at line 76
    No base point for face 43164284, 4(16108753 16107581 16108524 16107304), produces a valid tet decomposition.
--> FOAM Warning : 
    From function Foam::triFace Foam::tetIndices::faceTriIs(const Foam::polyMesh&) const
    in file meshes/polyMesh/polyMeshTetDecomposition/tetIndicesI.H at line 76
    No base point for face 43164286, 4(16108524 16103945 16108592 16107304), produces a valid tet decomposition.
--> FOAM Warning : 
    From function Foam::triFace Foam::tetIndices::faceTriIs(const Foam::polyMesh&) const
    in file meshes/polyMesh/polyMeshTetDecomposition/tetIndicesI.H at line 76
    No base point for face 43166289, 4(16108483 16107951 16108478 16107200), produces a valid tet decomposition.
--> FOAM Warning : 
    From function Foam::triFace Foam::tetIndices::faceTriIs(const Foam::polyMesh&) const
    in file meshes/polyMesh/polyMeshTetDecomposition/tetIndicesI.H at line 76
    No base point for face 43166290, 4(16104140 16107951 16108483 16107950), produces a valid tet decomposition.
--> FOAM Warning : 
    From function Foam::triFace Foam::tetIndices::faceTriIs(const Foam::polyMesh&) const
    in file meshes/polyMesh/polyMeshTetDecomposition/tetIndicesI.H at line 76
    No base point for face 53852098, 4(16108483 16107304 16108524 16107951), produces a valid tet decomposition.
--> FOAM Warning : 
    From function Foam::triFace Foam::tetIndices::faceTriIs(const Foam::polyMesh&) const
    in file meshes/polyMesh/polyMeshTetDecomposition/tetIndicesI.H at line 76
    No base point for face 43164286, 4(16108524 16103945 16108592 16107304), produces a valid tet decomposition.
--> FOAM Warning : 
    From function Foam::triFace Foam::tetIndices::faceTriIs(const Foam::polyMesh&) const
    in file meshes/polyMesh/polyMeshTetDecomposition/tetIndicesI.H at line 76
    No base point for face 43166290, 4(16104140 16107951 16108483 16107950), produces a valid tet decomposition.
--> FOAM Warning : 
    From function Foam::triFace Foam::tetIndices::faceTriIs(const Foam::polyMesh&) const
    in file meshes/polyMesh/polyMeshTetDecomposition/tetIndicesI.H at line 76
    No base point for face 43168797, 4(16108483 16107304 16108751 16107905), produces a valid tet decomposition.
--> FOAM Warning : 
    From function Foam::triFace Foam::tetIndices::faceTriIs(const Foam::polyMesh&) const
    in file meshes/polyMesh/polyMeshTetDecomposition/tetIndicesI.H at line 76
    No base point for face 43164284, 4(16108753 16107581 16108524 16107304), produces a valid tet decomposition.
--> FOAM Warning : 
    From function Foam::triFace Foam::tetIndices::faceTriIs(const Foam::polyMesh&) const
    in file meshes/polyMesh/polyMeshTetDecomposition/tetIndicesI.H at line 76
    No base point for face 43164286, 4(16108524 16103945 16108592 16107304), produces a valid tet decomposition.
--> FOAM Warning : 
    From function Foam::triFace Foam::tetIndices::faceTriIs(const Foam::polyMesh&) const
    in file meshes/polyMesh/polyMeshTetDecomposition/tetIndicesI.H at line 76
    No base point for face 43166289, 4(16108483 16107951 16108478 16107200), produces a valid tet decomposition.
--> FOAM Warning : 
    From function Foam::triFace Foam::tetIndices::faceTriIs(const Foam::polyMesh&) const
    in file meshes/polyMesh/polyMeshTetDecomposition/tetIndicesI.H at line 76
    No base point for face 43166290, 4(16104140 16107951 16108483 16107950), produces a valid tet decomposition.
--> FOAM Warning : 
    From function Foam::triFace Foam::tetIndices::faceTriIs(const Foam::polyMesh&) const
    in file meshes/polyMesh/polyMeshTetDecomposition/tetIndicesI.H at line 76
    No base point for face 53852098, 4(16108483 16107304 16108524 16107951), produces a valid tet decomposition.
--> FOAM Warning : 
    From function Foam::triFace Foam::tetIndices::faceTriIs(const Foam::polyMesh&) const
    in file meshes/polyMesh/polyMeshTetDecomposition/tetIndicesI.H at line 76
    No base point for face 43164286, 4(16108524 16103945 16108592 16107304), produces a valid tet decomposition.
--> FOAM Warning : 
    From function Foam::triFace Foam::tetIndices::faceTriIs(const Foam::polyMesh&) const
    in file meshes/polyMesh/polyMeshTetDecomposition/tetIndicesI.H at line 76
    No base point for face 43166290, 4(16104140 16107951 16108483 16107950), produces a valid tet decomposition.
--> FOAM Warning : 
    From function Foam::triFace Foam::tetIndices::faceTriIs(const Foam::polyMesh&) const
    in file meshes/polyMesh/polyMeshTetDecomposition/tetIndicesI.H at line 76
    No base point for face 43168797, 4(16108483 16107304 16108751 16107905), produces a valid tet decomposition.
--> FOAM Warning : 
    From function Foam::triFace Foam::tetIndices::faceTriIs(const Foam::polyMesh&) const
    in file meshes/polyMesh/polyMeshTetDecomposition/tetIndicesI.H at line 76
    No base point for face 34823735, 4(13165973 13165914 13165934 13165855), produces a valid tet decomposition.
--> FOAM Warning : 
    From function Foam::triFace Foam::tetIndices::faceTriIs(const Foam::polyMesh&) const
    in file meshes/polyMesh/polyMeshTetDecomposition/tetIndicesI.H at line 76
    No base point for face 34796449, 4(13156240 13161409 13163832 13156696), produces a valid tet decomposition.
--> FOAM Warning : 
    From function Foam::triFace Foam::tetIndices::faceTriIs(const Foam::polyMesh&) const
    in file meshes/polyMesh/polyMeshTetDecomposition/tetIndicesI.H at line 76
    No base point for face 36452736, 4(13756957 13762050 13763876 13757225), produces a valid tet decomposition.
--> FOAM Warning : 
    From function Foam::triFace Foam::tetIndices::faceTriIs(const Foam::polyMesh&) const
    in file meshes/polyMesh/polyMeshTetDecomposition/tetIndicesI.H at line 76
    No base point for face 36453085, 4(13757575 13757086 13757574 13757065), produces a valid tet decomposition.
--> FOAM Warning : 
    From function Foam::triFace Foam::tetIndices::faceTriIs(const Foam::polyMesh&) const
    in file meshes/polyMesh/polyMeshTetDecomposition/tetIndicesI.H at line 76
    No base point for face 34823735, 4(13165973 13165914 13165934 13165855), produces a valid tet decomposition.
--> FOAM Warning : 
    From function Foam::triFace Foam::tetIndices::faceTriIs(const Foam::polyMesh&) const
    in file meshes/polyMesh/polyMeshTetDecomposition/tetIndicesI.H at line 76
    No base point for face 34796449, 4(13156240 13161409 13163832 13156696), produces a valid tet decomposition.
--> FOAM Warning : 
    From function Foam::triFace Foam::tetIndices::faceTriIs(const Foam::polyMesh&) const
    in file meshes/polyMesh/polyMeshTetDecomposition/tetIndicesI.H at line 76
    No base point for face 36452736, 4(13756957 13762050 13763876 13757225), produces a valid tet decomposition.
--> FOAM Warning : 
    From function Foam::triFace Foam::tetIndices::faceTriIs(const Foam::polyMesh&) const
    in file meshes/polyMesh/polyMeshTetDecomposition/tetIndicesI.H at line 76
    No base point for face 36453085, 4(13757575 13757086 13757574 13757065), produces a valid tet decomposition.
--> FOAM Warning : 
    From function Foam::triFace Foam::tetIndices::faceTriIs(const Foam::polyMesh&) const
    in file meshes/polyMesh/polyMeshTetDecomposition/tetIndicesI.H at line 76
    No base point for face 34823735, 4(13165973 13165914 13165934 13165855), produces a valid tet decomposition.
--> FOAM Warning : 
    From function Foam::triFace Foam::tetIndices::faceTriIs(const Foam::polyMesh&) const
    in file meshes/polyMesh/polyMeshTetDecomposition/tetIndicesI.H at line 76
    No base point for face 34796449, 4(13156240 13161409 13163832 13156696), produces a valid tet decomposition.
--> FOAM Warning : 
    From function Foam::triFace Foam::tetIndices::faceTriIs(const Foam::polyMesh&) const
    in file meshes/polyMesh/polyMeshTetDecomposition/tetIndicesI.H at line 76
    No base point for face 36452736, 4(13756957 13762050 13763876 13757225), produces a valid tet decomposition.
--> FOAM Warning : 
    From function Foam::triFace Foam::tetIndices::faceTriIs(const Foam::polyMesh&) const
    in file meshes/polyMesh/polyMeshTetDecomposition/tetIndicesI.H at line 76
    No base point for face 36453085, 4(13757575 13757086 13757574 13757065), produces a valid tet decomposition.
--> FOAM Warning : 
    From function Foam::triFace Foam::tetIndices::faceTriIs(const Foam::polyMesh&) const
    in file meshes/polyMesh/polyMeshTetDecomposition/tetIndicesI.H at line 76
    No base point for face 34823735, 4(13165973 13165914 13165934 13165855), produces a valid tet decomposition.
--> FOAM Warning : 
    From function Foam::triFace Foam::tetIndices::faceTriIs(const Foam::polyMesh&) const
    in file meshes/polyMesh/polyMeshTetDecomposition/tetIndicesI.H at line 76
    No base point for face 34796449, 4(13156240 13161409 13163832 13156696), produces a valid tet decomposition.
--> FOAM Warning : 
    From function Foam::triFace Foam::tetIndices::faceTriIs(const Foam::polyMesh&) const
    in file meshes/polyMesh/polyMeshTetDecomposition/tetIndicesI.H at line 76
    No base point for face 36452736, 4(13756957 13762050 13763876 13757225), produces a valid tet decomposition.
--> FOAM Warning : 
    From function Foam::triFace Foam::tetIndices::faceTriIs(const Foam::polyMesh&) const
    in file meshes/polyMesh/polyMeshTetDecomposition/tetIndicesI.H at line 76
    No base point for face 36453085, 4(13757575 13757086 13757574 13757065), produces a valid tet decomposition.
--> FOAM Warning : 
    From function Foam::triFace Foam::tetIndices::faceTriIs(const Foam::polyMesh&) const
    in file meshes/polyMesh/polyMeshTetDecomposition/tetIndicesI.H at line 76
    No base point for face 41319723, 4(15440698 15438365 15437813 15437276), produces a valid tet decomposition.
--> FOAM Warning : 
    From function Foam::triFace Foam::tetIndices::faceTriIs(const Foam::polyMesh&) const
    in file meshes/polyMesh/polyMeshTetDecomposition/tetIndicesI.H at line 76
    No base point for face 41050910, 4(15352965 15351212 15352968 15349270), produces a valid tet decomposition.
--> FOAM Warning : 
    From function Foam::triFace Foam::tetIndices::faceTriIs(const Foam::polyMesh&) const
    in file meshes/polyMesh/polyMeshTetDecomposition/tetIndicesI.H at line 76
    No base point for face 41061372, 4(15348564 15352450 15354349 15351107), produces a valid tet decomposition.
--> FOAM Warning : 
    From function Foam::triFace Foam::tetIndices::faceTriIs(const Foam::polyMesh&) const
    in file meshes/polyMesh/polyMeshTetDecomposition/tetIndicesI.H at line 76
    No base point for face 42709564, 4(15949345 15954778 15957218 15953422), produces a valid tet decomposition.
--> FOAM Warning : 
    From function Foam::triFace Foam::tetIndices::faceTriIs(const Foam::polyMesh&) const
    in file meshes/polyMesh/polyMeshTetDecomposition/tetIndicesI.H at line 76
    No base point for face 42696833, 4(15956093 15953154 15956090 15950381), produces a valid tet decomposition.
--> FOAM Warning : 
    From function Foam::triFace Foam::tetIndices::faceTriIs(const Foam::polyMesh&) const
    in file meshes/polyMesh/polyMeshTetDecomposition/tetIndicesI.H at line 76
    No base point for face 42795842, 4(15983358 15983250 15984836 15983794), produces a valid tet decomposition.
--> FOAM Warning : 
    From function Foam::triFace Foam::tetIndices::faceTriIs(const Foam::polyMesh&) const
    in file meshes/polyMesh/polyMeshTetDecomposition/tetIndicesI.H at line 76
    No base point for face 41319723, 4(15440698 15438365 15437813 15437276), produces a valid tet decomposition.
--> FOAM Warning : 
    From function Foam::triFace Foam::tetIndices::faceTriIs(const Foam::polyMesh&) const
    in file meshes/polyMesh/polyMeshTetDecomposition/tetIndicesI.H at line 76
    No base point for face 41050910, 4(15352965 15351212 15352968 15349270), produces a valid tet decomposition.
--> FOAM Warning : 
    From function Foam::triFace Foam::tetIndices::faceTriIs(const Foam::polyMesh&) const
    in file meshes/polyMesh/polyMeshTetDecomposition/tetIndicesI.H at line 76
    No base point for face 41061372, 4(15348564 15352450 15354349 15351107), produces a valid tet decomposition.
--> FOAM Warning : 
    From function Foam::triFace Foam::tetIndices::faceTriIs(const Foam::polyMesh&) const
    in file meshes/polyMesh/polyMeshTetDecomposition/tetIndicesI.H at line 76
    No base point for face 42709564, 4(15949345 15954778 15957218 15953422), produces a valid tet decomposition.
--> FOAM Warning : 
    From function Foam::triFace Foam::tetIndices::faceTriIs(const Foam::polyMesh&) const
    in file meshes/polyMesh/polyMeshTetDecomposition/tetIndicesI.H at line 76
    No base point for face 42696833, 4(15956093 15953154 15956090 15950381), produces a valid tet decomposition.
--> FOAM Warning : 
    From function Foam::triFace Foam::tetIndices::faceTriIs(const Foam::polyMesh&) const
    in file meshes/polyMesh/polyMeshTetDecomposition/tetIndicesI.H at line 76
    No base point for face 42795842, 4(15983358 15983250 15984836 15983794), produces a valid tet decomposition.
--> FOAM Warning : 
    From function Foam::triFace Foam::tetIndices::faceTriIs(const Foam::polyMesh&) const
    in file meshes/polyMesh/polyMeshTetDecomposition/tetIndicesI.H at line 76
    No base point for face 41319723, 4(15440698 15438365 15437813 15437276), produces a valid tet decomposition.
--> FOAM Warning : 
    From function Foam::triFace Foam::tetIndices::faceTriIs(const Foam::polyMesh&) const
    in file meshes/polyMesh/polyMeshTetDecomposition/tetIndicesI.H at line 76
    No base point for face 41050910, 4(15352965 15351212 15352968 15349270), produces a valid tet decomposition.
--> FOAM Warning : 
    From function Foam::triFace Foam::tetIndices::faceTriIs(const Foam::polyMesh&) const
    in file meshes/polyMesh/polyMeshTetDecomposition/tetIndicesI.H at line 76
    No base point for face 41061372, 4(15348564 15352450 15354349 15351107), produces a valid tet decomposition.
--> FOAM Warning : 
    From function Foam::triFace Foam::tetIndices::faceTriIs(const Foam::polyMesh&) const
    in file meshes/polyMesh/polyMeshTetDecomposition/tetIndicesI.H at line 76
    No base point for face 42709564, 4(15949345 15954778 15957218 15953422), produces a valid tet decomposition.
--> FOAM Warning : 
    From function Foam::triFace Foam::tetIndices::faceTriIs(const Foam::polyMesh&) const
    in file meshes/polyMesh/polyMeshTetDecomposition/tetIndicesI.H at line 76
    No base point for face 42696833, 4(15956093 15953154 15956090 15950381), produces a valid tet decomposition.
--> FOAM Warning : 
    From function Foam::triFace Foam::tetIndices::faceTriIs(const Foam::polyMesh&) const
    in file meshes/polyMesh/polyMeshTetDecomposition/tetIndicesI.H at line 76
    No base point for face 42795842, 4(15983358 15983250 15984836 15983794), produces a valid tet decomposition.
--> FOAM Warning : 
    From function Foam::triFace Foam::tetIndices::faceTriIs(const Foam::polyMesh&) const
    in file meshes/polyMesh/polyMeshTetDecomposition/tetIndicesI.H at line 76
    No base point for face 41319723, 4(15440698 15438365 15437813 15437276), produces a valid tet decomposition.
--> FOAM Warning : 
    From function Foam::triFace Foam::tetIndices::faceTriIs(const Foam::polyMesh&) const
    in file meshes/polyMesh/polyMeshTetDecomposition/tetIndicesI.H at line 76
    No base point for face 41050910, 4(15352965 15351212 15352968 15349270), produces a valid tet decomposition.
--> FOAM Warning : 
    From function Foam::triFace Foam::tetIndices::faceTriIs(const Foam::polyMesh&) const
    in file meshes/polyMesh/polyMeshTetDecomposition/tetIndicesI.H at line 76
    No base point for face 41061372, 4(15348564 15352450 15354349 15351107), produces a valid tet decomposition.
--> FOAM Warning : 
    From function Foam::triFace Foam::tetIndices::faceTriIs(const Foam::polyMesh&) const
    in file meshes/polyMesh/polyMeshTetDecomposition/tetIndicesI.H at line 76
    No base point for face 42709564, 4(15949345 15954778 15957218 15953422), produces a valid tet decomposition.
--> FOAM Warning : 
    From function Foam::triFace Foam::tetIndices::faceTriIs(const Foam::polyMesh&) const
    in file meshes/polyMesh/polyMeshTetDecomposition/tetIndicesI.H at line 76
    No base point for face 42696833, 4(15956093 15953154 15956090 15950381), produces a valid tet decomposition.
--> FOAM Warning : 
    From function Foam::triFace Foam::tetIndices::faceTriIs(const Foam::polyMesh&) const
    in file meshes/polyMesh/polyMeshTetDecomposition/tetIndicesI.H at line 76
    No base point for face 42795842, 4(15983358 15983250 15984836 15983794), produces a valid tet decomposition.
--> FOAM Warning : 
    From function Foam::triFace Foam::tetIndices::faceTriIs(const Foam::polyMesh&) const
    in file meshes/polyMesh/polyMeshTetDecomposition/tetIndicesI.H at line 76
    No base point for face 34654098, 4(13097126 13101888 13106118 13102078), produces a valid tet decomposition.
--> FOAM Warning : 
    From function Foam::triFace Foam::tetIndices::faceTriIs(const Foam::polyMesh&) const
    in file meshes/polyMesh/polyMeshTetDecomposition/tetIndicesI.H at line 76
    No base point for face 34664042, 4(13107432 13098869 13106990 13103138), produces a valid tet decomposition.
--> FOAM Warning : 
    From function Foam::triFace Foam::tetIndices::faceTriIs(const Foam::polyMesh&) const
    in file meshes/polyMesh/polyMeshTetDecomposition/tetIndicesI.H at line 76
    No base point for face 34514232, 4(13049006 13054494 13060051 13052248), produces a valid tet decomposition.
--> FOAM Warning : 
    From function Foam::triFace Foam::tetIndices::faceTriIs(const Foam::polyMesh&) const
    in file meshes/polyMesh/polyMeshTetDecomposition/tetIndicesI.H at line 76
    No base point for face 36180098, 4(13652593 13658964 13663878 13658966), produces a valid tet decomposition.
--> FOAM Warning : 
    From function Foam::triFace Foam::tetIndices::faceTriIs(const Foam::polyMesh&) const
    in file meshes/polyMesh/polyMeshTetDecomposition/tetIndicesI.H at line 76
    No base point for face 36331189, 4(13710548 13702198 13711074 13706996), produces a valid tet decomposition.
--> FOAM Warning : 
    From function Foam::triFace Foam::tetIndices::faceTriIs(const Foam::polyMesh&) const
    in file meshes/polyMesh/polyMeshTetDecomposition/tetIndicesI.H at line 76
    No base point for face 36322325, 4(13700648 13705962 13709898 13705468), produces a valid tet decomposition.
--> FOAM Warning : 
    From function Foam::triFace Foam::tetIndices::faceTriIs(const Foam::polyMesh&) const
    in file meshes/polyMesh/polyMeshTetDecomposition/tetIndicesI.H at line 76
    No base point for face 34654098, 4(13097126 13101888 13106118 13102078), produces a valid tet decomposition.
--> FOAM Warning : 
    From function Foam::triFace Foam::tetIndices::faceTriIs(const Foam::polyMesh&) const
    in file meshes/polyMesh/polyMeshTetDecomposition/tetIndicesI.H at line 76
    No base point for face 34664042, 4(13107432 13098869 13106990 13103138), produces a valid tet decomposition.
--> FOAM Warning : 
    From function Foam::triFace Foam::tetIndices::faceTriIs(const Foam::polyMesh&) const
    in file meshes/polyMesh/polyMeshTetDecomposition/tetIndicesI.H at line 76
    No base point for face 34514232, 4(13049006 13054494 13060051 13052248), produces a valid tet decomposition.
--> FOAM Warning : 
    From function Foam::triFace Foam::tetIndices::faceTriIs(const Foam::polyMesh&) const
    in file meshes/polyMesh/polyMeshTetDecomposition/tetIndicesI.H at line 76
    No base point for face 36180098, 4(13652593 13658964 13663878 13658966), produces a valid tet decomposition.
--> FOAM Warning : 
    From function Foam::triFace Foam::tetIndices::faceTriIs(const Foam::polyMesh&) const
    in file meshes/polyMesh/polyMeshTetDecomposition/tetIndicesI.H at line 76
    No base point for face 36331189, 4(13710548 13702198 13711074 13706996), produces a valid tet decomposition.
--> FOAM Warning : 
    From function Foam::triFace Foam::tetIndices::faceTriIs(const Foam::polyMesh&) const
    in file meshes/polyMesh/polyMeshTetDecomposition/tetIndicesI.H at line 76
    No base point for face 36322325, 4(13700648 13705962 13709898 13705468), produces a valid tet decomposition.
--> FOAM Warning : 
    From function Foam::triFace Foam::tetIndices::faceTriIs(const Foam::polyMesh&) const
    in file meshes/polyMesh/polyMeshTetDecomposition/tetIndicesI.H at line 76
    No base point for face 34654098, 4(13097126 13101888 13106118 13102078), produces a valid tet decomposition.
--> FOAM Warning : 
    From function Foam::triFace Foam::tetIndices::faceTriIs(const Foam::polyMesh&) const
    in file meshes/polyMesh/polyMeshTetDecomposition/tetIndicesI.H at line 76
    No base point for face 34664042, 4(13107432 13098869 13106990 13103138), produces a valid tet decomposition.
--> FOAM Warning : 
    From function Foam::triFace Foam::tetIndices::faceTriIs(const Foam::polyMesh&) const
    in file meshes/polyMesh/polyMeshTetDecomposition/tetIndicesI.H at line 76
    No base point for face 34514232, 4(13049006 13054494 13060051 13052248), produces a valid tet decomposition.
--> FOAM Warning : 
    From function Foam::triFace Foam::tetIndices::faceTriIs(const Foam::polyMesh&) const
    in file meshes/polyMesh/polyMeshTetDecomposition/tetIndicesI.H at line 76
    No base point for face 36180098, 4(13652593 13658964 13663878 13658966), produces a valid tet decomposition.
--> FOAM Warning : 
    From function Foam::triFace Foam::tetIndices::faceTriIs(const Foam::polyMesh&) const
    in file meshes/polyMesh/polyMeshTetDecomposition/tetIndicesI.H at line 76
    No base point for face 36331189, 4(13710548 13702198 13711074 13706996), produces a valid tet decomposition.
--> FOAM Warning : 
    From function Foam::triFace Foam::tetIndices::faceTriIs(const Foam::polyMesh&) const
    in file meshes/polyMesh/polyMeshTetDecomposition/tetIndicesI.H at line 76
    No base point for face 36322325, 4(13700648 13705962 13709898 13705468), produces a valid tet decomposition.
--> FOAM Warning : 
    From function Foam::triFace Foam::tetIndices::faceTriIs(const Foam::polyMesh&) const
    in file meshes/polyMesh/polyMeshTetDecomposition/tetIndicesI.H at line 76
    No base point for face 34654098, 4(13097126 13101888 13106118 13102078), produces a valid tet decomposition.
--> FOAM Warning : 
    From function Foam::triFace Foam::tetIndices::faceTriIs(const Foam::polyMesh&) const
    in file meshes/polyMesh/polyMeshTetDecomposition/tetIndicesI.H at line 76
    No base point for face 34664042, 4(13107432 13098869 13106990 13103138), produces a valid tet decomposition.
--> FOAM Warning : 
    From function Foam::triFace Foam::tetIndices::faceTriIs(const Foam::polyMesh&) const
    in file meshes/polyMesh/polyMeshTetDecomposition/tetIndicesI.H at line 76
    No base point for face 34514232, 4(13049006 13054494 13060051 13052248), produces a valid tet decomposition.
--> FOAM Warning : 
    From function Foam::triFace Foam::tetIndices::faceTriIs(const Foam::polyMesh&) const
    in file meshes/polyMesh/polyMeshTetDecomposition/tetIndicesI.H at line 76
    No base point for face 36180098, 4(13652593 13658964 13663878 13658966), produces a valid tet decomposition.
--> FOAM Warning : 
    From function Foam::triFace Foam::tetIndices::faceTriIs(const Foam::polyMesh&) const
    in file meshes/polyMesh/polyMeshTetDecomposition/tetIndicesI.H at line 76
    No base point for face 36331189, 4(13710548 13702198 13711074 13706996), produces a valid tet decomposition.
--> FOAM Warning : 
    From function Foam::triFace Foam::tetIndices::faceTriIs(const Foam::polyMesh&) const
    in file meshes/polyMesh/polyMeshTetDecomposition/tetIndicesI.H at line 76
    No base point for face 36322325, 4(13700648 13705962 13709898 13705468), produces a valid tet decomposition.
--> FOAM Warning : 
    From function Foam::triFace Foam::tetIndices::faceTriIs(const Foam::polyMesh&) const
    in file meshes/polyMesh/polyMeshTetDecomposition/tetIndicesI.H at line 76
    No base point for face 34654098, 4(13097126 13101888 13106118 13102078), produces a valid tet decomposition.
--> FOAM Warning : 
    From function Foam::triFace Foam::tetIndices::faceTriIs(const Foam::polyMesh&) const
    in file meshes/polyMesh/polyMeshTetDecomposition/tetIndicesI.H at line 76
    No base point for face 34664042, 4(13107432 13098869 13106990 13103138), produces a valid tet decomposition.
--> FOAM Warning : 
    From function Foam::triFace Foam::tetIndices::faceTriIs(const Foam::polyMesh&) const
    in file meshes/polyMesh/polyMeshTetDecomposition/tetIndicesI.H at line 76
    No base point for face 34514232, 4(13049006 13054494 13060051 13052248), produces a valid tet decomposition.
--> FOAM Warning : 
    From function Foam::triFace Foam::tetIndices::faceTriIs(const Foam::polyMesh&) const
    in file meshes/polyMesh/polyMeshTetDecomposition/tetIndicesI.H at line 76
    No base point for face 36180098, 4(13652593 13658964 13663878 13658966), produces a valid tet decomposition.
--> FOAM Warning : 
    From function Foam::triFace Foam::tetIndices::faceTriIs(const Foam::polyMesh&) const
    in file meshes/polyMesh/polyMeshTetDecomposition/tetIndicesI.H at line 76
    No base point for face 36331189, 4(13710548 13702198 13711074 13706996), produces a valid tet decomposition.
--> FOAM Warning : 
    From function Foam::triFace Foam::tetIndices::faceTriIs(const Foam::polyMesh&) const
    in file meshes/polyMesh/polyMeshTetDecomposition/tetIndicesI.H at line 76
    No base point for face 36322325, 4(13700648 13705962 13709898 13705468), produces a valid tet decomposition.
--> FOAM Warning : 
    From function Foam::triFace Foam::tetIndices::faceTriIs(const Foam::polyMesh&) const
    in file meshes/polyMesh/polyMeshTetDecomposition/tetIndicesI.H at line 76
    No base point for face 53684620, 4(13107524 13098905 13107525 13102933), produces a valid tet decomposition.
--> FOAM Warning : 
    From function Foam::triFace Foam::tetIndices::faceTriIs(const Foam::polyMesh&) const
    in file meshes/polyMesh/polyMeshTetDecomposition/tetIndicesI.H at line 76
    No base point for face 53708928, 4(13097326 13102932 13107524 13102933), produces a valid tet decomposition.
--> FOAM Warning : 
    From function Foam::triFace Foam::tetIndices::faceTriIs(const Foam::polyMesh&) const
    in file meshes/polyMesh/polyMeshTetDecomposition/tetIndicesI.H at line 76
    No base point for face 34664715, 4(13097328 13102943 13107537 13102939), produces a valid tet decomposition.
--> FOAM Warning : 
    From function Foam::triFace Foam::tetIndices::faceTriIs(const Foam::polyMesh&) const
    in file meshes/polyMesh/polyMeshTetDecomposition/tetIndicesI.H at line 76
    No base point for face 53684620, 4(13107524 13098905 13107525 13102933), produces a valid tet decomposition.
--> FOAM Warning : 
    From function Foam::triFace Foam::tetIndices::faceTriIs(const Foam::polyMesh&) const
    in file meshes/polyMesh/polyMeshTetDecomposition/tetIndicesI.H at line 76
    No base point for face 53708928, 4(13097326 13102932 13107524 13102933), produces a valid tet decomposition.
--> FOAM Warning : 
    From function Foam::triFace Foam::tetIndices::faceTriIs(const Foam::polyMesh&) const
    in file meshes/polyMesh/polyMeshTetDecomposition/tetIndicesI.H at line 76
    No base point for face 34664715, 4(13097328 13102943 13107537 13102939), produces a valid tet decomposition.
--> FOAM Warning : 
    From function Foam::triFace Foam::tetIndices::faceTriIs(const Foam::polyMesh&) const
    in file meshes/polyMesh/polyMeshTetDecomposition/tetIndicesI.H at line 76
    No base point for face 53684620, 4(13107524 13098905 13107525 13102933), produces a valid tet decomposition.
--> FOAM Warning : 
    From function Foam::triFace Foam::tetIndices::faceTriIs(const Foam::polyMesh&) const
    in file meshes/polyMesh/polyMeshTetDecomposition/tetIndicesI.H at line 76
    No base point for face 53708928, 4(13097326 13102932 13107524 13102933), produces a valid tet decomposition.
--> FOAM Warning : 
    From function Foam::triFace Foam::tetIndices::faceTriIs(const Foam::polyMesh&) const
    in file meshes/polyMesh/polyMeshTetDecomposition/tetIndicesI.H at line 76
    No base point for face 34664715, 4(13097328 13102943 13107537 13102939), produces a valid tet decomposition.
--> FOAM Warning : 
    From function Foam::triFace Foam::tetIndices::faceTriIs(const Foam::polyMesh&) const
    in file meshes/polyMesh/polyMeshTetDecomposition/tetIndicesI.H at line 76
    No base point for face 53684620, 4(13107524 13098905 13107525 13102933), produces a valid tet decomposition.
--> FOAM Warning : 
    From function Foam::triFace Foam::tetIndices::faceTriIs(const Foam::polyMesh&) const
    in file meshes/polyMesh/polyMeshTetDecomposition/tetIndicesI.H at line 76
    No base point for face 53708928, 4(13097326 13102932 13107524 13102933), produces a valid tet decomposition.
--> FOAM Warning : 
    From function Foam::triFace Foam::tetIndices::faceTriIs(const Foam::polyMesh&) const
    in file meshes/polyMesh/polyMeshTetDecomposition/tetIndicesI.H at line 76
    No base point for face 34664715, 4(13097328 13102943 13107537 13102939), produces a valid tet decomposition.
--> FOAM Warning : 
    From function Foam::triFace Foam::tetIndices::faceTriIs(const Foam::polyMesh&) const
    in file meshes/polyMesh/polyMeshTetDecomposition/tetIndicesI.H at line 76
    No base point for face 53684620, 4(13107524 13098905 13107525 13102933), produces a valid tet decomposition.
--> FOAM Warning : 
    From function Foam::triFace Foam::tetIndices::faceTriIs(const Foam::polyMesh&) const
    in file meshes/polyMesh/polyMeshTetDecomposition/tetIndicesI.H at line 76
    No base point for face 53708928, 4(13097326 13102932 13107524 13102933), produces a valid tet decomposition.
--> FOAM Warning : 
    From function Foam::triFace Foam::tetIndices::faceTriIs(const Foam::polyMesh&) const
    in file meshes/polyMesh/polyMeshTetDecomposition/tetIndicesI.H at line 76
    No base point for face 34664715, 4(13097328 13102943 13107537 13102939), produces a valid tet decomposition.
--> FOAM Warning : 
    From function Foam::triFace Foam::tetIndices::faceTriIs(const Foam::polyMesh&) const
    in file meshes/polyMesh/polyMeshTetDecomposition/tetIndicesI.H at line 76
    No base point for face 53761711, 4(13700851 13702616 13711191 13702508), produces a valid tet decomposition.
--> FOAM Warning : 
    From function Foam::triFace Foam::tetIndices::faceTriIs(const Foam::polyMesh&) const
    in file meshes/polyMesh/polyMeshTetDecomposition/tetIndicesI.H at line 76
    No base point for face 53761715, 4(13711192 13702247 13711191 13702616), produces a valid tet decomposition.
--> FOAM Warning : 
    From function Foam::triFace Foam::tetIndices::faceTriIs(const Foam::polyMesh&) const
    in file meshes/polyMesh/polyMeshTetDecomposition/tetIndicesI.H at line 76
    No base point for face 36332120, 4(13700853 13702618 13711204 13702695), produces a valid tet decomposition.
--> FOAM Warning : 
    From function Foam::triFace Foam::tetIndices::faceTriIs(const Foam::polyMesh&) const
    in file meshes/polyMesh/polyMeshTetDecomposition/tetIndicesI.H at line 76
    No base point for face 53761711, 4(13700851 13702616 13711191 13702508), produces a valid tet decomposition.
--> FOAM Warning : 
    From function Foam::triFace Foam::tetIndices::faceTriIs(const Foam::polyMesh&) const
    in file meshes/polyMesh/polyMeshTetDecomposition/tetIndicesI.H at line 76
    No base point for face 53761715, 4(13711192 13702247 13711191 13702616), produces a valid tet decomposition.
--> FOAM Warning : 
    From function Foam::triFace Foam::tetIndices::faceTriIs(const Foam::polyMesh&) const
    in file meshes/polyMesh/polyMeshTetDecomposition/tetIndicesI.H at line 76
    No base point for face 36332120, 4(13700853 13702618 13711204 13702695), produces a valid tet decomposition.
--> FOAM Warning : 
    From function Foam::triFace Foam::tetIndices::faceTriIs(const Foam::polyMesh&) const
    in file meshes/polyMesh/polyMeshTetDecomposition/tetIndicesI.H at line 76
    No base point for face 53761711, 4(13700851 13702616 13711191 13702508), produces a valid tet decomposition.
--> FOAM Warning : 
    From function Foam::triFace Foam::tetIndices::faceTriIs(const Foam::polyMesh&) const
    in file meshes/polyMesh/polyMeshTetDecomposition/tetIndicesI.H at line 76
    No base point for face 53761715, 4(13711192 13702247 13711191 13702616), produces a valid tet decomposition.
--> FOAM Warning : 
    From function Foam::triFace Foam::tetIndices::faceTriIs(const Foam::polyMesh&) const
    in file meshes/polyMesh/polyMeshTetDecomposition/tetIndicesI.H at line 76
    No base point for face 36332120, 4(13700853 13702618 13711204 13702695), produces a valid tet decomposition.
--> FOAM Warning : 
    From function Foam::triFace Foam::tetIndices::faceTriIs(const Foam::polyMesh&) const
    in file meshes/polyMesh/polyMeshTetDecomposition/tetIndicesI.H at line 76
    No base point for face 53761711, 4(13700851 13702616 13711191 13702508), produces a valid tet decomposition.
--> FOAM Warning : 
    From function Foam::triFace Foam::tetIndices::faceTriIs(const Foam::polyMesh&) const
    in file meshes/polyMesh/polyMeshTetDecomposition/tetIndicesI.H at line 76
    No base point for face 53761715, 4(13711192 13702247 13711191 13702616), produces a valid tet decomposition.
--> FOAM Warning : 
    From function Foam::triFace Foam::tetIndices::faceTriIs(const Foam::polyMesh&) const
    in file meshes/polyMesh/polyMeshTetDecomposition/tetIndicesI.H at line 76
    No base point for face 36332120, 4(13700853 13702618 13711204 13702695), produces a valid tet decomposition.
--> FOAM Warning : 
    From function Foam::triFace Foam::tetIndices::faceTriIs(const Foam::polyMesh&) const
    in file meshes/polyMesh/polyMeshTetDecomposition/tetIndicesI.H at line 76
    No base point for face 53761711, 4(13700851 13702616 13711191 13702508), produces a valid tet decomposition.
--> FOAM Warning : 
    From function Foam::triFace Foam::tetIndices::faceTriIs(const Foam::polyMesh&) const
    in file meshes/polyMesh/polyMeshTetDecomposition/tetIndicesI.H at line 76
    No base point for face 53761715, 4(13711192 13702247 13711191 13702616), produces a valid tet decomposition.
--> FOAM Warning : 
    From function Foam::triFace Foam::tetIndices::faceTriIs(const Foam::polyMesh&) const
    in file meshes/polyMesh/polyMeshTetDecomposition/tetIndicesI.H at line 76
    No base point for face 36332120, 4(13700853 13702618 13711204 13702695), produces a valid tet decomposition.
--> FOAM Warning : 
    From function Foam::triFace Foam::tetIndices::faceTriIs(const Foam::polyMesh&) const
    in file meshes/polyMesh/polyMeshTetDecomposition/tetIndicesI.H at line 76
    No base point for face 53684620, 4(13107524 13098905 13107525 13102933), produces a valid tet decomposition.
--> FOAM Warning : 
    From function Foam::triFace Foam::tetIndices::faceTriIs(const Foam::polyMesh&) const
    in file meshes/polyMesh/polyMeshTetDecomposition/tetIndicesI.H at line 76
    No base point for face 53708928, 4(13097326 13102932 13107524 13102933), produces a valid tet decomposition.
--> FOAM Warning : 
    From function Foam::triFace Foam::tetIndices::faceTriIs(const Foam::polyMesh&) const
    in file meshes/polyMesh/polyMeshTetDecomposition/tetIndicesI.H at line 76
    No base point for face 34664715, 4(13097328 13102943 13107537 13102939), produces a valid tet decomposition.
--> FOAM Warning : 
    From function Foam::triFace Foam::tetIndices::faceTriIs(const Foam::polyMesh&) const
    in file meshes/polyMesh/polyMeshTetDecomposition/tetIndicesI.H at line 76
    No base point for face 53684620, 4(13107524 13098905 13107525 13102933), produces a valid tet decomposition.
--> FOAM Warning : 
    From function Foam::triFace Foam::tetIndices::faceTriIs(const Foam::polyMesh&) const
    in file meshes/polyMesh/polyMeshTetDecomposition/tetIndicesI.H at line 76
    No base point for face 53708928, 4(13097326 13102932 13107524 13102933), produces a valid tet decomposition.
--> FOAM Warning : 
    From function Foam::triFace Foam::tetIndices::faceTriIs(const Foam::polyMesh&) const
    in file meshes/polyMesh/polyMeshTetDecomposition/tetIndicesI.H at line 76
    No base point for face 34664715, 4(13097328 13102943 13107537 13102939), produces a valid tet decomposition.
--> FOAM Warning : 
    From function Foam::triFace Foam::tetIndices::faceTriIs(const Foam::polyMesh&) const
    in file meshes/polyMesh/polyMeshTetDecomposition/tetIndicesI.H at line 76
    No base point for face 53684620, 4(13107524 13098905 13107525 13102933), produces a valid tet decomposition.
--> FOAM Warning : 
    From function Foam::triFace Foam::tetIndices::faceTriIs(const Foam::polyMesh&) const
    in file meshes/polyMesh/polyMeshTetDecomposition/tetIndicesI.H at line 76
    No base point for face 53708928, 4(13097326 13102932 13107524 13102933), produces a valid tet decomposition.
--> FOAM Warning : 
    From function Foam::triFace Foam::tetIndices::faceTriIs(const Foam::polyMesh&) const
    in file meshes/polyMesh/polyMeshTetDecomposition/tetIndicesI.H at line 76
    No base point for face 34664715, 4(13097328 13102943 13107537 13102939), produces a valid tet decomposition.
--> FOAM Warning : 
    From function Foam::triFace Foam::tetIndices::faceTriIs(const Foam::polyMesh&) const
    in file meshes/polyMesh/polyMeshTetDecomposition/tetIndicesI.H at line 76
    No base point for face 53684620, 4(13107524 13098905 13107525 13102933), produces a valid tet decomposition.
--> FOAM Warning : 
    From function Foam::triFace Foam::tetIndices::faceTriIs(const Foam::polyMesh&) const
    in file meshes/polyMesh/polyMeshTetDecomposition/tetIndicesI.H at line 76
    No base point for face 53708928, 4(13097326 13102932 13107524 13102933), produces a valid tet decomposition.
--> FOAM Warning : 
    From function Foam::triFace Foam::tetIndices::faceTriIs(const Foam::polyMesh&) const
    in file meshes/polyMesh/polyMeshTetDecomposition/tetIndicesI.H at line 76
    No base point for face 34664715, 4(13097328 13102943 13107537 13102939), produces a valid tet decomposition.
--> FOAM Warning : 
    From function Foam::triFace Foam::tetIndices::faceTriIs(const Foam::polyMesh&) const
    in file meshes/polyMesh/polyMeshTetDecomposition/tetIndicesI.H at line 76
    No base point for face 53684620, 4(13107524 13098905 13107525 13102933), produces a valid tet decomposition.
--> FOAM Warning : 
    From function Foam::triFace Foam::tetIndices::faceTriIs(const Foam::polyMesh&) const
    in file meshes/polyMesh/polyMeshTetDecomposition/tetIndicesI.H at line 76
    No base point for face 53708928, 4(13097326 13102932 13107524 13102933), produces a valid tet decomposition.
--> FOAM Warning : 
    From function Foam::triFace Foam::tetIndices::faceTriIs(const Foam::polyMesh&) const
    in file meshes/polyMesh/polyMeshTetDecomposition/tetIndicesI.H at line 76
    No base point for face 34664715, 4(13097328 13102943 13107537 13102939), produces a valid tet decomposition.
--> FOAM Warning : 
    From function Foam::triFace Foam::tetIndices::faceTriIs(const Foam::polyMesh&) const
    in file meshes/polyMesh/polyMeshTetDecomposition/tetIndicesI.H at line 76
    No base point for face 53761711, 4(13700851 13702616 13711191 13702508), produces a valid tet decomposition.
--> FOAM Warning : 
    From function Foam::triFace Foam::tetIndices::faceTriIs(const Foam::polyMesh&) const
    in file meshes/polyMesh/polyMeshTetDecomposition/tetIndicesI.H at line 76
    No base point for face 53761715, 4(13711192 13702247 13711191 13702616), produces a valid tet decomposition.
--> FOAM Warning : 
    From function Foam::triFace Foam::tetIndices::faceTriIs(const Foam::polyMesh&) const
    in file meshes/polyMesh/polyMeshTetDecomposition/tetIndicesI.H at line 76
    No base point for face 36332120, 4(13700853 13702618 13711204 13702695), produces a valid tet decomposition.
--> FOAM Warning : 
    From function Foam::triFace Foam::tetIndices::faceTriIs(const Foam::polyMesh&) const
    in file meshes/polyMesh/polyMeshTetDecomposition/tetIndicesI.H at line 76
    No base point for face 53761711, 4(13700851 13702616 13711191 13702508), produces a valid tet decomposition.
--> FOAM Warning : 
    From function Foam::triFace Foam::tetIndices::faceTriIs(const Foam::polyMesh&) const
    in file meshes/polyMesh/polyMeshTetDecomposition/tetIndicesI.H at line 76
    No base point for face 53761715, 4(13711192 13702247 13711191 13702616), produces a valid tet decomposition.
--> FOAM Warning : 
    From function Foam::triFace Foam::tetIndices::faceTriIs(const Foam::polyMesh&) const
    in file meshes/polyMesh/polyMeshTetDecomposition/tetIndicesI.H at line 76
    No base point for face 36332120, 4(13700853 13702618 13711204 13702695), produces a valid tet decomposition.
--> FOAM Warning : 
    From function Foam::triFace Foam::tetIndices::faceTriIs(const Foam::polyMesh&) const
    in file meshes/polyMesh/polyMeshTetDecomposition/tetIndicesI.H at line 76
    No base point for face 53761711, 4(13700851 13702616 13711191 13702508), produces a valid tet decomposition.
--> FOAM Warning : 
    From function Foam::triFace Foam::tetIndices::faceTriIs(const Foam::polyMesh&) const
    in file meshes/polyMesh/polyMeshTetDecomposition/tetIndicesI.H at line 76
    No base point for face 53761715, 4(13711192 13702247 13711191 13702616), produces a valid tet decomposition.
--> FOAM Warning : 
    From function Foam::triFace Foam::tetIndices::faceTriIs(const Foam::polyMesh&) const
    in file meshes/polyMesh/polyMeshTetDecomposition/tetIndicesI.H at line 76
    No base point for face 36332120, 4(13700853 13702618 13711204 13702695), produces a valid tet decomposition.
--> FOAM Warning : 
    From function Foam::triFace Foam::tetIndices::faceTriIs(const Foam::polyMesh&) const
    in file meshes/polyMesh/polyMeshTetDecomposition/tetIndicesI.H at line 76
    No base point for face 53761711, 4(13700851 13702616 13711191 13702508), produces a valid tet decomposition.
--> FOAM Warning : 
    From function Foam::triFace Foam::tetIndices::faceTriIs(const Foam::polyMesh&) const
    in file meshes/polyMesh/polyMeshTetDecomposition/tetIndicesI.H at line 76
    No base point for face 53761715, 4(13711192 13702247 13711191 13702616), produces a valid tet decomposition.
--> FOAM Warning : 
    From function Foam::triFace Foam::tetIndices::faceTriIs(const Foam::polyMesh&) const
    in file meshes/polyMesh/polyMeshTetDecomposition/tetIndicesI.H at line 76
    No base point for face 36332120, 4(13700853 13702618 13711204 13702695), produces a valid tet decomposition.
--> FOAM Warning : 
    From function Foam::triFace Foam::tetIndices::faceTriIs(const Foam::polyMesh&) const
    in file meshes/polyMesh/polyMeshTetDecomposition/tetIndicesI.H at line 76
    No base point for face 53761711, 4(13700851 13702616 13711191 13702508), produces a valid tet decomposition.
--> FOAM Warning : 
    From function Foam::triFace Foam::tetIndices::faceTriIs(const Foam::polyMesh&) const
    in file meshes/polyMesh/polyMeshTetDecomposition/tetIndicesI.H at line 76
    No base point for face 53761715, 4(13711192 13702247 13711191 13702616), produces a valid tet decomposition.
--> FOAM Warning : 
    From function Foam::triFace Foam::tetIndices::faceTriIs(const Foam::polyMesh&) const
    in file meshes/polyMesh/polyMeshTetDecomposition/tetIndicesI.H at line 76
    No base point for face 36332120, 4(13700853 13702618 13711204 13702695), produces a valid tet decomposition.
--> FOAM Warning : 
    From function Foam::triFace Foam::tetIndices::faceTriIs(const Foam::polyMesh&) const
    in file meshes/polyMesh/polyMeshTetDecomposition/tetIndicesI.H at line 76
    No base point for face 53684620, 4(13107524 13098905 13107525 13102933), produces a valid tet decomposition.
--> FOAM Warning : 
    From function Foam::triFace Foam::tetIndices::faceTriIs(const Foam::polyMesh&) const
    in file meshes/polyMesh/polyMeshTetDecomposition/tetIndicesI.H at line 76
    No base point for face 53708928, 4(13097326 13102932 13107524 13102933), produces a valid tet decomposition.
--> FOAM Warning : 
    From function Foam::triFace Foam::tetIndices::faceTriIs(const Foam::polyMesh&) const
    in file meshes/polyMesh/polyMeshTetDecomposition/tetIndicesI.H at line 76
    No base point for face 34664715, 4(13097328 13102943 13107537 13102939), produces a valid tet decomposition.
--> FOAM Warning : 
    From function Foam::triFace Foam::tetIndices::faceTriIs(const Foam::polyMesh&) const
    in file meshes/polyMesh/polyMeshTetDecomposition/tetIndicesI.H at line 76
    No base point for face 53684620, 4(13107524 13098905 13107525 13102933), produces a valid tet decomposition.
--> FOAM Warning : 
    From function Foam::triFace Foam::tetIndices::faceTriIs(const Foam::polyMesh&) const
    in file meshes/polyMesh/polyMeshTetDecomposition/tetIndicesI.H at line 76
    No base point for face 53708928, 4(13097326 13102932 13107524 13102933), produces a valid tet decomposition.
--> FOAM Warning : 
    From function Foam::triFace Foam::tetIndices::faceTriIs(const Foam::polyMesh&) const
    in file meshes/polyMesh/polyMeshTetDecomposition/tetIndicesI.H at line 76
    No base point for face 34664715, 4(13097328 13102943 13107537 13102939), produces a valid tet decomposition.
--> FOAM Warning : 
    From function Foam::triFace Foam::tetIndices::faceTriIs(const Foam::polyMesh&) const
    in file meshes/polyMesh/polyMeshTetDecomposition/tetIndicesI.H at line 76
    No base point for face 53684620, 4(13107524 13098905 13107525 13102933), produces a valid tet decomposition.
--> FOAM Warning : 
    From function Foam::triFace Foam::tetIndices::faceTriIs(const Foam::polyMesh&) const
    in file meshes/polyMesh/polyMeshTetDecomposition/tetIndicesI.H at line 76
    No base point for face 53708928, 4(13097326 13102932 13107524 13102933), produces a valid tet decomposition.
--> FOAM Warning : 
    From function Foam::triFace Foam::tetIndices::faceTriIs(const Foam::polyMesh&) const
    in file meshes/polyMesh/polyMeshTetDecomposition/tetIndicesI.H at line 76
    No base point for face 34664715, 4(13097328 13102943 13107537 13102939), produces a valid tet decomposition.
--> FOAM Warning : 
    From function Foam::triFace Foam::tetIndices::faceTriIs(const Foam::polyMesh&) const
    in file meshes/polyMesh/polyMeshTetDecomposition/tetIndicesI.H at line 76
    No base point for face 53684620, 4(13107524 13098905 13107525 13102933), produces a valid tet decomposition.
--> FOAM Warning : 
    From function Foam::triFace Foam::tetIndices::faceTriIs(const Foam::polyMesh&) const
    in file meshes/polyMesh/polyMeshTetDecomposition/tetIndicesI.H at line 76
    No base point for face 53708928, 4(13097326 13102932 13107524 13102933), produces a valid tet decomposition.
--> FOAM Warning : 
    From function Foam::triFace Foam::tetIndices::faceTriIs(const Foam::polyMesh&) const
    in file meshes/polyMesh/polyMeshTetDecomposition/tetIndicesI.H at line 76
    No base point for face 34664715, 4(13097328 13102943 13107537 13102939), produces a valid tet decomposition.
--> FOAM Warning : 
    From function Foam::triFace Foam::tetIndices::faceTriIs(const Foam::polyMesh&) const
    in file meshes/polyMesh/polyMeshTetDecomposition/tetIndicesI.H at line 76
    No base point for face 53761711, 4(13700851 13702616 13711191 13702508), produces a valid tet decomposition.
--> FOAM Warning : 
    From function Foam::triFace Foam::tetIndices::faceTriIs(const Foam::polyMesh&) const
    in file meshes/polyMesh/polyMeshTetDecomposition/tetIndicesI.H at line 76
    No base point for face 53761715, 4(13711192 13702247 13711191 13702616), produces a valid tet decomposition.
--> FOAM Warning : 
    From function Foam::triFace Foam::tetIndices::faceTriIs(const Foam::polyMesh&) const
    in file meshes/polyMesh/polyMeshTetDecomposition/tetIndicesI.H at line 76
    No base point for face 36332120, 4(13700853 13702618 13711204 13702695), produces a valid tet decomposition.
--> FOAM Warning : 
    From function Foam::triFace Foam::tetIndices::faceTriIs(const Foam::polyMesh&) const
    in file meshes/polyMesh/polyMeshTetDecomposition/tetIndicesI.H at line 76
    No base point for face 53761711, 4(13700851 13702616 13711191 13702508), produces a valid tet decomposition.
--> FOAM Warning : 
    From function Foam::triFace Foam::tetIndices::faceTriIs(const Foam::polyMesh&) const
    in file meshes/polyMesh/polyMeshTetDecomposition/tetIndicesI.H at line 76
    No base point for face 53761715, 4(13711192 13702247 13711191 13702616), produces a valid tet decomposition.
--> FOAM Warning : 
    From function Foam::triFace Foam::tetIndices::faceTriIs(const Foam::polyMesh&) const
    in file meshes/polyMesh/polyMeshTetDecomposition/tetIndicesI.H at line 76
    No base point for face 36332120, 4(13700853 13702618 13711204 13702695), produces a valid tet decomposition.
--> FOAM Warning : 
    From function Foam::triFace Foam::tetIndices::faceTriIs(const Foam::polyMesh&) const
    in file meshes/polyMesh/polyMeshTetDecomposition/tetIndicesI.H at line 76
    No base point for face 53761711, 4(13700851 13702616 13711191 13702508), produces a valid tet decomposition.
--> FOAM Warning : 
    From function Foam::triFace Foam::tetIndices::faceTriIs(const Foam::polyMesh&) const
    in file meshes/polyMesh/polyMeshTetDecomposition/tetIndicesI.H at line 76
    No base point for face 53761715, 4(13711192 13702247 13711191 13702616), produces a valid tet decomposition.
--> FOAM Warning : 
    From function Foam::triFace Foam::tetIndices::faceTriIs(const Foam::polyMesh&) const
    in file meshes/polyMesh/polyMeshTetDecomposition/tetIndicesI.H at line 76
    No base point for face 36332120, 4(13700853 13702618 13711204 13702695), produces a valid tet decomposition.
--> FOAM Warning : 
    From function Foam::triFace Foam::tetIndices::faceTriIs(const Foam::polyMesh&) const
    in file meshes/polyMesh/polyMeshTetDecomposition/tetIndicesI.H at line 76
    No base point for face 53761711, 4(13700851 13702616 13711191 13702508), produces a valid tet decomposition.
--> FOAM Warning : 
    From function Foam::triFace Foam::tetIndices::faceTriIs(const Foam::polyMesh&) const
    in file meshes/polyMesh/polyMeshTetDecomposition/tetIndicesI.H at line 76
    No base point for face 53761715, 4(13711192 13702247 13711191 13702616), produces a valid tet decomposition.
--> FOAM Warning : 
    From function Foam::triFace Foam::tetIndices::faceTriIs(const Foam::polyMesh&) const
    in file meshes/polyMesh/polyMeshTetDecomposition/tetIndicesI.H at line 76
    No base point for face 36332120, 4(13700853 13702618 13711204 13702695), produces a valid tet decomposition.
--> FOAM Warning : 
    From function Foam::triFace Foam::tetIndices::faceTriIs(const Foam::polyMesh&) const
    in file meshes/polyMesh/polyMeshTetDecomposition/tetIndicesI.H at line 76
    No base point for face 53684620, 4(13107524 13098905 13107525 13102933), produces a valid tet decomposition.
--> FOAM Warning : 
    From function Foam::triFace Foam::tetIndices::faceTriIs(const Foam::polyMesh&) const
    in file meshes/polyMesh/polyMeshTetDecomposition/tetIndicesI.H at line 76
    No base point for face 53708928, 4(13097326 13102932 13107524 13102933), produces a valid tet decomposition.
--> FOAM Warning : 
    From function Foam::triFace Foam::tetIndices::faceTriIs(const Foam::polyMesh&) const
    in file meshes/polyMesh/polyMeshTetDecomposition/tetIndicesI.H at line 76
    No base point for face 34664715, 4(13097328 13102943 13107537 13102939), produces a valid tet decomposition.
--> FOAM Warning : 
    From function Foam::triFace Foam::tetIndices::faceTriIs(const Foam::polyMesh&) const
    in file meshes/polyMesh/polyMeshTetDecomposition/tetIndicesI.H at line 76
    No base point for face 53684620, 4(13107524 13098905 13107525 13102933), produces a valid tet decomposition.
--> FOAM Warning : 
    From function Foam::triFace Foam::tetIndices::faceTriIs(const Foam::polyMesh&) const
    in file meshes/polyMesh/polyMeshTetDecomposition/tetIndicesI.H at line 76
    No base point for face 53708928, 4(13097326 13102932 13107524 13102933), produces a valid tet decomposition.
--> FOAM Warning : 
    From function Foam::triFace Foam::tetIndices::faceTriIs(const Foam::polyMesh&) const
    in file meshes/polyMesh/polyMeshTetDecomposition/tetIndicesI.H at line 76
    No base point for face 34664715, 4(13097328 13102943 13107537 13102939), produces a valid tet decomposition.
--> FOAM Warning : 
    From function Foam::triFace Foam::tetIndices::faceTriIs(const Foam::polyMesh&) const
    in file meshes/polyMesh/polyMeshTetDecomposition/tetIndicesI.H at line 76
    No base point for face 53684620, 4(13107524 13098905 13107525 13102933), produces a valid tet decomposition.
--> FOAM Warning : 
    From function Foam::triFace Foam::tetIndices::faceTriIs(const Foam::polyMesh&) const
    in file meshes/polyMesh/polyMeshTetDecomposition/tetIndicesI.H at line 76
    No base point for face 53708928, 4(13097326 13102932 13107524 13102933), produces a valid tet decomposition.
--> FOAM Warning : 
    From function Foam::triFace Foam::tetIndices::faceTriIs(const Foam::polyMesh&) const
    in file meshes/polyMesh/polyMeshTetDecomposition/tetIndicesI.H at line 76
    No base point for face 34664715, 4(13097328 13102943 13107537 13102939), produces a valid tet decomposition.
--> FOAM Warning : 
    From function Foam::triFace Foam::tetIndices::faceTriIs(const Foam::polyMesh&) const
    in file meshes/polyMesh/polyMeshTetDecomposition/tetIndicesI.H at line 76
    No base point for face 53684620, 4(13107524 13098905 13107525 13102933), produces a valid tet decomposition.
--> FOAM Warning : 
    From function Foam::triFace Foam::tetIndices::faceTriIs(const Foam::polyMesh&) const
    in file meshes/polyMesh/polyMeshTetDecomposition/tetIndicesI.H at line 76
    No base point for face 53708928, 4(13097326 13102932 13107524 13102933), produces a valid tet decomposition.
--> FOAM Warning : 
    From function Foam::triFace Foam::tetIndices::faceTriIs(const Foam::polyMesh&) const
    in file meshes/polyMesh/polyMeshTetDecomposition/tetIndicesI.H at line 76
    No base point for face 34664715, 4(13097328 13102943 13107537 13102939), produces a valid tet decomposition.
--> FOAM Warning : 
    From function Foam::triFace Foam::tetIndices::faceTriIs(const Foam::polyMesh&) const
    in file meshes/polyMesh/polyMeshTetDecomposition/tetIndicesI.H at line 76
    No base point for face 53761711, 4(13700851 13702616 13711191 13702508), produces a valid tet decomposition.
--> FOAM Warning : 
    From function Foam::triFace Foam::tetIndices::faceTriIs(const Foam::polyMesh&) const
    in file meshes/polyMesh/polyMeshTetDecomposition/tetIndicesI.H at line 76
    No base point for face 53761715, 4(13711192 13702247 13711191 13702616), produces a valid tet decomposition.
--> FOAM Warning : 
    From function Foam::triFace Foam::tetIndices::faceTriIs(const Foam::polyMesh&) const
    in file meshes/polyMesh/polyMeshTetDecomposition/tetIndicesI.H at line 76
    No base point for face 36332120, 4(13700853 13702618 13711204 13702695), produces a valid tet decomposition.
--> FOAM Warning : 
    From function Foam::triFace Foam::tetIndices::faceTriIs(const Foam::polyMesh&) const
    in file meshes/polyMesh/polyMeshTetDecomposition/tetIndicesI.H at line 76
    No base point for face 53761711, 4(13700851 13702616 13711191 13702508), produces a valid tet decomposition.
--> FOAM Warning : 
    From function Foam::triFace Foam::tetIndices::faceTriIs(const Foam::polyMesh&) const
    in file meshes/polyMesh/polyMeshTetDecomposition/tetIndicesI.H at line 76
    No base point for face 53761715, 4(13711192 13702247 13711191 13702616), produces a valid tet decomposition.
--> FOAM Warning : 
    From function Foam::triFace Foam::tetIndices::faceTriIs(const Foam::polyMesh&) const
    in file meshes/polyMesh/polyMeshTetDecomposition/tetIndicesI.H at line 76
    No base point for face 36332120, 4(13700853 13702618 13711204 13702695), produces a valid tet decomposition.
--> FOAM Warning : 
    From function Foam::triFace Foam::tetIndices::faceTriIs(const Foam::polyMesh&) const
    in file meshes/polyMesh/polyMeshTetDecomposition/tetIndicesI.H at line 76
    No base point for face 53761711, 4(13700851 13702616 13711191 13702508), produces a valid tet decomposition.
--> FOAM Warning : 
    From function Foam::triFace Foam::tetIndices::faceTriIs(const Foam::polyMesh&) const
    in file meshes/polyMesh/polyMeshTetDecomposition/tetIndicesI.H at line 76
    No base point for face 53761715, 4(13711192 13702247 13711191 13702616), produces a valid tet decomposition.
--> FOAM Warning : 
    From function Foam::triFace Foam::tetIndices::faceTriIs(const Foam::polyMesh&) const
    in file meshes/polyMesh/polyMeshTetDecomposition/tetIndicesI.H at line 76
    No base point for face 36332120, 4(13700853 13702618 13711204 13702695), produces a valid tet decomposition.
--> FOAM Warning : 
    From function Foam::triFace Foam::tetIndices::faceTriIs(const Foam::polyMesh&) const
    in file meshes/polyMesh/polyMeshTetDecomposition/tetIndicesI.H at line 76
    No base point for face 53761711, 4(13700851 13702616 13711191 13702508), produces a valid tet decomposition.
--> FOAM Warning : 
    From function Foam::triFace Foam::tetIndices::faceTriIs(const Foam::polyMesh&) const
    in file meshes/polyMesh/polyMeshTetDecomposition/tetIndicesI.H at line 76
    No base point for face 53761715, 4(13711192 13702247 13711191 13702616), produces a valid tet decomposition.
--> FOAM Warning : 
    From function Foam::triFace Foam::tetIndices::faceTriIs(const Foam::polyMesh&) const
    in file meshes/polyMesh/polyMeshTetDecomposition/tetIndicesI.H at line 76
    No base point for face 36332120, 4(13700853 13702618 13711204 13702695), produces a valid tet decomposition.
--> FOAM Warning : 
    From function Foam::triFace Foam::tetIndices::faceTriIs(const Foam::polyMesh&) const
    in file meshes/polyMesh/polyMeshTetDecomposition/tetIndicesI.H at line 76
    No base point for face 41203996, 4(15393454 15399137 15402758 15398263), produces a valid tet decomposition.
--> FOAM Warning : 
    From function Foam::triFace Foam::tetIndices::faceTriIs(const Foam::polyMesh&) const
    in file meshes/polyMesh/polyMeshTetDecomposition/tetIndicesI.H at line 76
    No base point for face 53793067, 4(15394008 15399736 15404876 15400411), produces a valid tet decomposition.
--> FOAM Warning : 
    From function Foam::triFace Foam::tetIndices::faceTriIs(const Foam::polyMesh&) const
    in file meshes/polyMesh/polyMeshTetDecomposition/tetIndicesI.H at line 76
    No base point for face 53793068, 4(15394008 15400410 15404699 15399736), produces a valid tet decomposition.
--> FOAM Warning : 
    From function Foam::triFace Foam::tetIndices::faceTriIs(const Foam::polyMesh&) const
    in file meshes/polyMesh/polyMeshTetDecomposition/tetIndicesI.H at line 76
    No base point for face 53793067, 4(15394008 15399736 15404876 15400411), produces a valid tet decomposition.
--> FOAM Warning : 
    From function Foam::triFace Foam::tetIndices::faceTriIs(const Foam::polyMesh&) const
    in file meshes/polyMesh/polyMeshTetDecomposition/tetIndicesI.H at line 76
    No base point for face 53793068, 4(15394008 15400410 15404699 15399736), produces a valid tet decomposition.
--> FOAM Warning : 
    From function Foam::triFace Foam::tetIndices::faceTriIs(const Foam::polyMesh&) const
    in file meshes/polyMesh/polyMeshTetDecomposition/tetIndicesI.H at line 76
    No base point for face 53793067, 4(15394008 15399736 15404876 15400411), produces a valid tet decomposition.
--> FOAM Warning : 
    From function Foam::triFace Foam::tetIndices::faceTriIs(const Foam::polyMesh&) const
    in file meshes/polyMesh/polyMeshTetDecomposition/tetIndicesI.H at line 76
    No base point for face 53793068, 4(15394008 15400410 15404699 15399736), produces a valid tet decomposition.
--> FOAM Warning : 
    From function Foam::triFace Foam::tetIndices::faceTriIs(const Foam::polyMesh&) const
    in file meshes/polyMesh/polyMeshTetDecomposition/tetIndicesI.H at line 76
    No base point for face 53793067, 4(15394008 15399736 15404876 15400411), produces a valid tet decomposition.
--> FOAM Warning : 
    From function Foam::triFace Foam::tetIndices::faceTriIs(const Foam::polyMesh&) const
    in file meshes/polyMesh/polyMeshTetDecomposition/tetIndicesI.H at line 76
    No base point for face 53793068, 4(15394008 15400410 15404699 15399736), produces a valid tet decomposition.
--> FOAM Warning : 
    From function Foam::triFace Foam::tetIndices::faceTriIs(const Foam::polyMesh&) const
    in file meshes/polyMesh/polyMeshTetDecomposition/tetIndicesI.H at line 76
    No base point for face 53793067, 4(15394008 15399736 15404876 15400411), produces a valid tet decomposition.
--> FOAM Warning : 
    From function Foam::triFace Foam::tetIndices::faceTriIs(const Foam::polyMesh&) const
    in file meshes/polyMesh/polyMeshTetDecomposition/tetIndicesI.H at line 76
    No base point for face 53793068, 4(15394008 15400410 15404699 15399736), produces a valid tet decomposition.
--> FOAM Warning : 
    From function Foam::triFace Foam::tetIndices::faceTriIs(const Foam::polyMesh&) const
    in file meshes/polyMesh/polyMeshTetDecomposition/tetIndicesI.H at line 76
    No base point for face 53847315, 4(15995026 16001547 16006399 16001082), produces a valid tet decomposition.
--> FOAM Warning : 
    From function Foam::triFace Foam::tetIndices::faceTriIs(const Foam::polyMesh&) const
    in file meshes/polyMesh/polyMeshTetDecomposition/tetIndicesI.H at line 76
    No base point for face 53847316, 4(15995026 16001082 16005974 16001546), produces a valid tet decomposition.
--> FOAM Warning : 
    From function Foam::triFace Foam::tetIndices::faceTriIs(const Foam::polyMesh&) const
    in file meshes/polyMesh/polyMeshTetDecomposition/tetIndicesI.H at line 76
    No base point for face 53847315, 4(15995026 16001547 16006399 16001082), produces a valid tet decomposition.
--> FOAM Warning : 
    From function Foam::triFace Foam::tetIndices::faceTriIs(const Foam::polyMesh&) const
    in file meshes/polyMesh/polyMeshTetDecomposition/tetIndicesI.H at line 76
    No base point for face 53847316, 4(15995026 16001082 16005974 16001546), produces a valid tet decomposition.
--> FOAM Warning : 
    From function Foam::triFace Foam::tetIndices::faceTriIs(const Foam::polyMesh&) const
    in file meshes/polyMesh/polyMeshTetDecomposition/tetIndicesI.H at line 76
    No base point for face 53847315, 4(15995026 16001547 16006399 16001082), produces a valid tet decomposition.
--> FOAM Warning : 
    From function Foam::triFace Foam::tetIndices::faceTriIs(const Foam::polyMesh&) const
    in file meshes/polyMesh/polyMeshTetDecomposition/tetIndicesI.H at line 76
    No base point for face 53847316, 4(15995026 16001082 16005974 16001546), produces a valid tet decomposition.
--> FOAM Warning : 
    From function Foam::triFace Foam::tetIndices::faceTriIs(const Foam::polyMesh&) const
    in file meshes/polyMesh/polyMeshTetDecomposition/tetIndicesI.H at line 76
    No base point for face 53847315, 4(15995026 16001547 16006399 16001082), produces a valid tet decomposition.
--> FOAM Warning : 
    From function Foam::triFace Foam::tetIndices::faceTriIs(const Foam::polyMesh&) const
    in file meshes/polyMesh/polyMeshTetDecomposition/tetIndicesI.H at line 76
    No base point for face 53847316, 4(15995026 16001082 16005974 16001546), produces a valid tet decomposition.
--> FOAM Warning : 
    From function Foam::triFace Foam::tetIndices::faceTriIs(const Foam::polyMesh&) const
    in file meshes/polyMesh/polyMeshTetDecomposition/tetIndicesI.H at line 76
    No base point for face 53847315, 4(15995026 16001547 16006399 16001082), produces a valid tet decomposition.
--> FOAM Warning : 
    From function Foam::triFace Foam::tetIndices::faceTriIs(const Foam::polyMesh&) const
    in file meshes/polyMesh/polyMeshTetDecomposition/tetIndicesI.H at line 76
    No base point for face 53847316, 4(15995026 16001082 16005974 16001546), produces a valid tet decomposition.
--> FOAM Warning : 
    From function Foam::triFace Foam::tetIndices::faceTriIs(const Foam::polyMesh&) const
    in file meshes/polyMesh/polyMeshTetDecomposition/tetIndicesI.H at line 76
    No base point for face 42862189, 4(15994579 15999742 16004840 16000717), produces a valid tet decomposition.
--> FOAM Warning : 
    From function Foam::triFace Foam::tetIndices::faceTriIs(const Foam::polyMesh&) const
    in file meshes/polyMesh/polyMeshTetDecomposition/tetIndicesI.H at line 76
    No base point for face 41203996, 4(15393454 15399137 15402758 15398263), produces a valid tet decomposition.
--> FOAM Warning : 
    From function Foam::triFace Foam::tetIndices::faceTriIs(const Foam::polyMesh&) const
    in file meshes/polyMesh/polyMeshTetDecomposition/tetIndicesI.H at line 76
    No base point for face 53793067, 4(15394008 15399736 15404876 15400411), produces a valid tet decomposition.
--> FOAM Warning : 
    From function Foam::triFace Foam::tetIndices::faceTriIs(const Foam::polyMesh&) const
    in file meshes/polyMesh/polyMeshTetDecomposition/tetIndicesI.H at line 76
    No base point for face 53793068, 4(15394008 15400410 15404699 15399736), produces a valid tet decomposition.
--> FOAM Warning : 
    From function Foam::triFace Foam::tetIndices::faceTriIs(const Foam::polyMesh&) const
    in file meshes/polyMesh/polyMeshTetDecomposition/tetIndicesI.H at line 76
    No base point for face 53793067, 4(15394008 15399736 15404876 15400411), produces a valid tet decomposition.
--> FOAM Warning : 
    From function Foam::triFace Foam::tetIndices::faceTriIs(const Foam::polyMesh&) const
    in file meshes/polyMesh/polyMeshTetDecomposition/tetIndicesI.H at line 76
    No base point for face 53793068, 4(15394008 15400410 15404699 15399736), produces a valid tet decomposition.
--> FOAM Warning : 
    From function Foam::triFace Foam::tetIndices::faceTriIs(const Foam::polyMesh&) const
    in file meshes/polyMesh/polyMeshTetDecomposition/tetIndicesI.H at line 76
    No base point for face 53793067, 4(15394008 15399736 15404876 15400411), produces a valid tet decomposition.
--> FOAM Warning : 
    From function Foam::triFace Foam::tetIndices::faceTriIs(const Foam::polyMesh&) const
    in file meshes/polyMesh/polyMeshTetDecomposition/tetIndicesI.H at line 76
    No base point for face 53793068, 4(15394008 15400410 15404699 15399736), produces a valid tet decomposition.
--> FOAM Warning : 
    From function Foam::triFace Foam::tetIndices::faceTriIs(const Foam::polyMesh&) const
    in file meshes/polyMesh/polyMeshTetDecomposition/tetIndicesI.H at line 76
    No base point for face 53793067, 4(15394008 15399736 15404876 15400411), produces a valid tet decomposition.
--> FOAM Warning : 
    From function Foam::triFace Foam::tetIndices::faceTriIs(const Foam::polyMesh&) const
    in file meshes/polyMesh/polyMeshTetDecomposition/tetIndicesI.H at line 76
    No base point for face 53793068, 4(15394008 15400410 15404699 15399736), produces a valid tet decomposition.
--> FOAM Warning : 
    From function Foam::triFace Foam::tetIndices::faceTriIs(const Foam::polyMesh&) const
    in file meshes/polyMesh/polyMeshTetDecomposition/tetIndicesI.H at line 76
    No base point for face 53793067, 4(15394008 15399736 15404876 15400411), produces a valid tet decomposition.
--> FOAM Warning : 
    From function Foam::triFace Foam::tetIndices::faceTriIs(const Foam::polyMesh&) const
    in file meshes/polyMesh/polyMeshTetDecomposition/tetIndicesI.H at line 76
    No base point for face 53793068, 4(15394008 15400410 15404699 15399736), produces a valid tet decomposition.
--> FOAM Warning : 
    From function Foam::triFace Foam::tetIndices::faceTriIs(const Foam::polyMesh&) const
    in file meshes/polyMesh/polyMeshTetDecomposition/tetIndicesI.H at line 76
    No base point for face 53847315, 4(15995026 16001547 16006399 16001082), produces a valid tet decomposition.
--> FOAM Warning : 
    From function Foam::triFace Foam::tetIndices::faceTriIs(const Foam::polyMesh&) const
    in file meshes/polyMesh/polyMeshTetDecomposition/tetIndicesI.H at line 76
    No base point for face 53847316, 4(15995026 16001082 16005974 16001546), produces a valid tet decomposition.
--> FOAM Warning : 
    From function Foam::triFace Foam::tetIndices::faceTriIs(const Foam::polyMesh&) const
    in file meshes/polyMesh/polyMeshTetDecomposition/tetIndicesI.H at line 76
    No base point for face 53847315, 4(15995026 16001547 16006399 16001082), produces a valid tet decomposition.
--> FOAM Warning : 
    From function Foam::triFace Foam::tetIndices::faceTriIs(const Foam::polyMesh&) const
    in file meshes/polyMesh/polyMeshTetDecomposition/tetIndicesI.H at line 76
    No base point for face 53847316, 4(15995026 16001082 16005974 16001546), produces a valid tet decomposition.
--> FOAM Warning : 
    From function Foam::triFace Foam::tetIndices::faceTriIs(const Foam::polyMesh&) const
    in file meshes/polyMesh/polyMeshTetDecomposition/tetIndicesI.H at line 76
    No base point for face 53847315, 4(15995026 16001547 16006399 16001082), produces a valid tet decomposition.
--> FOAM Warning : 
    From function Foam::triFace Foam::tetIndices::faceTriIs(const Foam::polyMesh&) const
    in file meshes/polyMesh/polyMeshTetDecomposition/tetIndicesI.H at line 76
    No base point for face 53847316, 4(15995026 16001082 16005974 16001546), produces a valid tet decomposition.
--> FOAM Warning : 
    From function Foam::triFace Foam::tetIndices::faceTriIs(const Foam::polyMesh&) const
    in file meshes/polyMesh/polyMeshTetDecomposition/tetIndicesI.H at line 76
    No base point for face 53847315, 4(15995026 16001547 16006399 16001082), produces a valid tet decomposition.
--> FOAM Warning : 
    From function Foam::triFace Foam::tetIndices::faceTriIs(const Foam::polyMesh&) const
    in file meshes/polyMesh/polyMeshTetDecomposition/tetIndicesI.H at line 76
    No base point for face 53847316, 4(15995026 16001082 16005974 16001546), produces a valid tet decomposition.
--> FOAM Warning : 
    From function Foam::triFace Foam::tetIndices::faceTriIs(const Foam::polyMesh&) const
    in file meshes/polyMesh/polyMeshTetDecomposition/tetIndicesI.H at line 76
    No base point for face 53847315, 4(15995026 16001547 16006399 16001082), produces a valid tet decomposition.
--> FOAM Warning : 
    From function Foam::triFace Foam::tetIndices::faceTriIs(const Foam::polyMesh&) const
    in file meshes/polyMesh/polyMeshTetDecomposition/tetIndicesI.H at line 76
    No base point for face 53847316, 4(15995026 16001082 16005974 16001546), produces a valid tet decomposition.
--> FOAM Warning : 
    From function Foam::triFace Foam::tetIndices::faceTriIs(const Foam::polyMesh&) const
    in file meshes/polyMesh/polyMeshTetDecomposition/tetIndicesI.H at line 76
    No base point for face 42862189, 4(15994579 15999742 16004840 16000717), produces a valid tet decomposition.
--> FOAM Warning : 
    From function Foam::triFace Foam::tetIndices::faceTriIs(const Foam::polyMesh&) const
    in file meshes/polyMesh/polyMeshTetDecomposition/tetIndicesI.H at line 76
    No base point for face 41203996, 4(15393454 15399137 15402758 15398263), produces a valid tet decomposition.
--> FOAM Warning : 
    From function Foam::triFace Foam::tetIndices::faceTriIs(const Foam::polyMesh&) const
    in file meshes/polyMesh/polyMeshTetDecomposition/tetIndicesI.H at line 76
    No base point for face 53793067, 4(15394008 15399736 15404876 15400411), produces a valid tet decomposition.
--> FOAM Warning : 
    From function Foam::triFace Foam::tetIndices::faceTriIs(const Foam::polyMesh&) const
    in file meshes/polyMesh/polyMeshTetDecomposition/tetIndicesI.H at line 76
    No base point for face 53793068, 4(15394008 15400410 15404699 15399736), produces a valid tet decomposition.
--> FOAM Warning : 
    From function Foam::triFace Foam::tetIndices::faceTriIs(const Foam::polyMesh&) const
    in file meshes/polyMesh/polyMeshTetDecomposition/tetIndicesI.H at line 76
    No base point for face 53793067, 4(15394008 15399736 15404876 15400411), produces a valid tet decomposition.
--> FOAM Warning : 
    From function Foam::triFace Foam::tetIndices::faceTriIs(const Foam::polyMesh&) const
    in file meshes/polyMesh/polyMeshTetDecomposition/tetIndicesI.H at line 76
    No base point for face 53793068, 4(15394008 15400410 15404699 15399736), produces a valid tet decomposition.
--> FOAM Warning : 
    From function Foam::triFace Foam::tetIndices::faceTriIs(const Foam::polyMesh&) const
    in file meshes/polyMesh/polyMeshTetDecomposition/tetIndicesI.H at line 76
    No base point for face 53793067, 4(15394008 15399736 15404876 15400411), produces a valid tet decomposition.
--> FOAM Warning : 
    From function Foam::triFace Foam::tetIndices::faceTriIs(const Foam::polyMesh&) const
    in file meshes/polyMesh/polyMeshTetDecomposition/tetIndicesI.H at line 76
    No base point for face 53793068, 4(15394008 15400410 15404699 15399736), produces a valid tet decomposition.
--> FOAM Warning : 
    From function Foam::triFace Foam::tetIndices::faceTriIs(const Foam::polyMesh&) const
    in file meshes/polyMesh/polyMeshTetDecomposition/tetIndicesI.H at line 76
    No base point for face 53793067, 4(15394008 15399736 15404876 15400411), produces a valid tet decomposition.
--> FOAM Warning : 
    From function Foam::triFace Foam::tetIndices::faceTriIs(const Foam::polyMesh&) const
    in file meshes/polyMesh/polyMeshTetDecomposition/tetIndicesI.H at line 76
    No base point for face 53793068, 4(15394008 15400410 15404699 15399736), produces a valid tet decomposition.
--> FOAM Warning : 
    From function Foam::triFace Foam::tetIndices::faceTriIs(const Foam::polyMesh&) const
    in file meshes/polyMesh/polyMeshTetDecomposition/tetIndicesI.H at line 76
    No base point for face 53793067, 4(15394008 15399736 15404876 15400411), produces a valid tet decomposition.
--> FOAM Warning : 
    From function Foam::triFace Foam::tetIndices::faceTriIs(const Foam::polyMesh&) const
    in file meshes/polyMesh/polyMeshTetDecomposition/tetIndicesI.H at line 76
    No base point for face 53793068, 4(15394008 15400410 15404699 15399736), produces a valid tet decomposition.
--> FOAM Warning : 
    From function Foam::triFace Foam::tetIndices::faceTriIs(const Foam::polyMesh&) const
    in file meshes/polyMesh/polyMeshTetDecomposition/tetIndicesI.H at line 76
    No base point for face 53847315, 4(15995026 16001547 16006399 16001082), produces a valid tet decomposition.
--> FOAM Warning : 
    From function Foam::triFace Foam::tetIndices::faceTriIs(const Foam::polyMesh&) const
    in file meshes/polyMesh/polyMeshTetDecomposition/tetIndicesI.H at line 76
    No base point for face 53847316, 4(15995026 16001082 16005974 16001546), produces a valid tet decomposition.
--> FOAM Warning : 
    From function Foam::triFace Foam::tetIndices::faceTriIs(const Foam::polyMesh&) const
    in file meshes/polyMesh/polyMeshTetDecomposition/tetIndicesI.H at line 76
    No base point for face 53847315, 4(15995026 16001547 16006399 16001082), produces a valid tet decomposition.
--> FOAM Warning : 
    From function Foam::triFace Foam::tetIndices::faceTriIs(const Foam::polyMesh&) const
    in file meshes/polyMesh/polyMeshTetDecomposition/tetIndicesI.H at line 76
    No base point for face 53847316, 4(15995026 16001082 16005974 16001546), produces a valid tet decomposition.
--> FOAM Warning : 
    From function Foam::triFace Foam::tetIndices::faceTriIs(const Foam::polyMesh&) const
    in file meshes/polyMesh/polyMeshTetDecomposition/tetIndicesI.H at line 76
    No base point for face 53847315, 4(15995026 16001547 16006399 16001082), produces a valid tet decomposition.
--> FOAM Warning : 
    From function Foam::triFace Foam::tetIndices::faceTriIs(const Foam::polyMesh&) const
    in file meshes/polyMesh/polyMeshTetDecomposition/tetIndicesI.H at line 76
    No base point for face 53847316, 4(15995026 16001082 16005974 16001546), produces a valid tet decomposition.
--> FOAM Warning : 
    From function Foam::triFace Foam::tetIndices::faceTriIs(const Foam::polyMesh&) const
    in file meshes/polyMesh/polyMeshTetDecomposition/tetIndicesI.H at line 76
    No base point for face 53847315, 4(15995026 16001547 16006399 16001082), produces a valid tet decomposition.
--> FOAM Warning : 
    From function Foam::triFace Foam::tetIndices::faceTriIs(const Foam::polyMesh&) const
    in file meshes/polyMesh/polyMeshTetDecomposition/tetIndicesI.H at line 76
    No base point for face 53847316, 4(15995026 16001082 16005974 16001546), produces a valid tet decomposition.
--> FOAM Warning : 
    From function Foam::triFace Foam::tetIndices::faceTriIs(const Foam::polyMesh&) const
    in file meshes/polyMesh/polyMeshTetDecomposition/tetIndicesI.H at line 76
    No base point for face 53847315, 4(15995026 16001547 16006399 16001082), produces a valid tet decomposition.
--> FOAM Warning : 
    From function Foam::triFace Foam::tetIndices::faceTriIs(const Foam::polyMesh&) const
    in file meshes/polyMesh/polyMeshTetDecomposition/tetIndicesI.H at line 76
    No base point for face 53847316, 4(15995026 16001082 16005974 16001546), produces a valid tet decomposition.
--> FOAM Warning : 
    From function Foam::triFace Foam::tetIndices::faceTriIs(const Foam::polyMesh&) const
    in file meshes/polyMesh/polyMeshTetDecomposition/tetIndicesI.H at line 76
    No base point for face 42862189, 4(15994579 15999742 16004840 16000717), produces a valid tet decomposition.
--> FOAM Warning : 
    From function Foam::triFace Foam::tetIndices::faceTriIs(const Foam::polyMesh&) const
    in file meshes/polyMesh/polyMeshTetDecomposition/tetIndicesI.H at line 76
    No base point for face 41203996, 4(15393454 15399137 15402758 15398263), produces a valid tet decomposition.
--> FOAM Warning : 
    From function Foam::triFace Foam::tetIndices::faceTriIs(const Foam::polyMesh&) const
    in file meshes/polyMesh/polyMeshTetDecomposition/tetIndicesI.H at line 76
    No base point for face 53793067, 4(15394008 15399736 15404876 15400411), produces a valid tet decomposition.
--> FOAM Warning : 
    From function Foam::triFace Foam::tetIndices::faceTriIs(const Foam::polyMesh&) const
    in file meshes/polyMesh/polyMeshTetDecomposition/tetIndicesI.H at line 76
    No base point for face 53793068, 4(15394008 15400410 15404699 15399736), produces a valid tet decomposition.
--> FOAM Warning : 
    From function Foam::triFace Foam::tetIndices::faceTriIs(const Foam::polyMesh&) const
    in file meshes/polyMesh/polyMeshTetDecomposition/tetIndicesI.H at line 76
    No base point for face 53793067, 4(15394008 15399736 15404876 15400411), produces a valid tet decomposition.
--> FOAM Warning : 
    From function Foam::triFace Foam::tetIndices::faceTriIs(const Foam::polyMesh&) const
    in file meshes/polyMesh/polyMeshTetDecomposition/tetIndicesI.H at line 76
    No base point for face 53793068, 4(15394008 15400410 15404699 15399736), produces a valid tet decomposition.
--> FOAM Warning : 
    From function Foam::triFace Foam::tetIndices::faceTriIs(const Foam::polyMesh&) const
    in file meshes/polyMesh/polyMeshTetDecomposition/tetIndicesI.H at line 76
    No base point for face 53793067, 4(15394008 15399736 15404876 15400411), produces a valid tet decomposition.
--> FOAM Warning : 
    From function Foam::triFace Foam::tetIndices::faceTriIs(const Foam::polyMesh&) const
    in file meshes/polyMesh/polyMeshTetDecomposition/tetIndicesI.H at line 76
    No base point for face 53793068, 4(15394008 15400410 15404699 15399736), produces a valid tet decomposition.
--> FOAM Warning : 
    From function Foam::triFace Foam::tetIndices::faceTriIs(const Foam::polyMesh&) const
    in file meshes/polyMesh/polyMeshTetDecomposition/tetIndicesI.H at line 76
    No base point for face 53793067, 4(15394008 15399736 15404876 15400411), produces a valid tet decomposition.
--> FOAM Warning : 
    From function Foam::triFace Foam::tetIndices::faceTriIs(const Foam::polyMesh&) const
    in file meshes/polyMesh/polyMeshTetDecomposition/tetIndicesI.H at line 76
    No base point for face 53793068, 4(15394008 15400410 15404699 15399736), produces a valid tet decomposition.
--> FOAM Warning : 
    From function Foam::triFace Foam::tetIndices::faceTriIs(const Foam::polyMesh&) const
    in file meshes/polyMesh/polyMeshTetDecomposition/tetIndicesI.H at line 76
    No base point for face 53793067, 4(15394008 15399736 15404876 15400411), produces a valid tet decomposition.
--> FOAM Warning : 
    From function Foam::triFace Foam::tetIndices::faceTriIs(const Foam::polyMesh&) const
    in file meshes/polyMesh/polyMeshTetDecomposition/tetIndicesI.H at line 76
    No base point for face 53793068, 4(15394008 15400410 15404699 15399736), produces a valid tet decomposition.
--> FOAM Warning : 
    From function Foam::triFace Foam::tetIndices::faceTriIs(const Foam::polyMesh&) const
    in file meshes/polyMesh/polyMeshTetDecomposition/tetIndicesI.H at line 76
    No base point for face 53847315, 4(15995026 16001547 16006399 16001082), produces a valid tet decomposition.
--> FOAM Warning : 
    From function Foam::triFace Foam::tetIndices::faceTriIs(const Foam::polyMesh&) const
    in file meshes/polyMesh/polyMeshTetDecomposition/tetIndicesI.H at line 76
    No base point for face 53847316, 4(15995026 16001082 16005974 16001546), produces a valid tet decomposition.
--> FOAM Warning : 
    From function Foam::triFace Foam::tetIndices::faceTriIs(const Foam::polyMesh&) const
    in file meshes/polyMesh/polyMeshTetDecomposition/tetIndicesI.H at line 76
    No base point for face 53847315, 4(15995026 16001547 16006399 16001082), produces a valid tet decomposition.
--> FOAM Warning : 
    From function Foam::triFace Foam::tetIndices::faceTriIs(const Foam::polyMesh&) const
    in file meshes/polyMesh/polyMeshTetDecomposition/tetIndicesI.H at line 76
    No base point for face 53847316, 4(15995026 16001082 16005974 16001546), produces a valid tet decomposition.
--> FOAM Warning : 
    From function Foam::triFace Foam::tetIndices::faceTriIs(const Foam::polyMesh&) const
    in file meshes/polyMesh/polyMeshTetDecomposition/tetIndicesI.H at line 76
    No base point for face 53847315, 4(15995026 16001547 16006399 16001082), produces a valid tet decomposition.
--> FOAM Warning : 
    From function Foam::triFace Foam::tetIndices::faceTriIs(const Foam::polyMesh&) const
    in file meshes/polyMesh/polyMeshTetDecomposition/tetIndicesI.H at line 76
    No base point for face 53847316, 4(15995026 16001082 16005974 16001546), produces a valid tet decomposition.
--> FOAM Warning : 
    From function Foam::triFace Foam::tetIndices::faceTriIs(const Foam::polyMesh&) const
    in file meshes/polyMesh/polyMeshTetDecomposition/tetIndicesI.H at line 76
    No base point for face 53847315, 4(15995026 16001547 16006399 16001082), produces a valid tet decomposition.
--> FOAM Warning : 
    From function Foam::triFace Foam::tetIndices::faceTriIs(const Foam::polyMesh&) const
    in file meshes/polyMesh/polyMeshTetDecomposition/tetIndicesI.H at line 76
    No base point for face 53847316, 4(15995026 16001082 16005974 16001546), produces a valid tet decomposition.
--> FOAM Warning : 
    From function Foam::triFace Foam::tetIndices::faceTriIs(const Foam::polyMesh&) const
    in file meshes/polyMesh/polyMeshTetDecomposition/tetIndicesI.H at line 76
    No base point for face 53847315, 4(15995026 16001547 16006399 16001082), produces a valid tet decomposition.
--> FOAM Warning : 
    From function Foam::triFace Foam::tetIndices::faceTriIs(const Foam::polyMesh&) const
    in file meshes/polyMesh/polyMeshTetDecomposition/tetIndicesI.H at line 76
    No base point for face 53847316, 4(15995026 16001082 16005974 16001546), produces a valid tet decomposition.
--> FOAM Warning : 
    From function Foam::triFace Foam::tetIndices::faceTriIs(const Foam::polyMesh&) const
    in file meshes/polyMesh/polyMeshTetDecomposition/tetIndicesI.H at line 76
    No base point for face 42862189, 4(15994579 15999742 16004840 16000717), produces a valid tet decomposition.
--> FOAM Warning : 
    From function Foam::triFace Foam::tetIndices::faceTriIs(const Foam::polyMesh&) const
    in file meshes/polyMesh/polyMeshTetDecomposition/tetIndicesI.H at line 76
    No base point for face 53815093, 4(15402920 15398542 15402921 15394891), produces a valid tet decomposition.
--> FOAM Warning : 
    From function Foam::triFace Foam::tetIndices::faceTriIs(const Foam::polyMesh&) const
    in file meshes/polyMesh/polyMeshTetDecomposition/tetIndicesI.H at line 76
    No base point for face 41205632, 4(15402920 15398542 15402922 15394895), produces a valid tet decomposition.
--> FOAM Warning : 
    From function Foam::triFace Foam::tetIndices::faceTriIs(const Foam::polyMesh&) const
    in file meshes/polyMesh/polyMeshTetDecomposition/tetIndicesI.H at line 76
    No base point for face 53815094, 4(15393240 15398542 15402920 15398544), produces a valid tet decomposition.
--> FOAM Warning : 
    From function Foam::triFace Foam::tetIndices::faceTriIs(const Foam::polyMesh&) const
    in file meshes/polyMesh/polyMeshTetDecomposition/tetIndicesI.H at line 76
    No base point for face 41205632, 4(15402920 15398542 15402922 15394895), produces a valid tet decomposition.
--> FOAM Warning : 
    From function Foam::triFace Foam::tetIndices::faceTriIs(const Foam::polyMesh&) const
    in file meshes/polyMesh/polyMeshTetDecomposition/tetIndicesI.H at line 76
    No base point for face 53815093, 4(15402920 15398542 15402921 15394891), produces a valid tet decomposition.
--> FOAM Warning : 
    From function Foam::triFace Foam::tetIndices::faceTriIs(const Foam::polyMesh&) const
    in file meshes/polyMesh/polyMeshTetDecomposition/tetIndicesI.H at line 76
    No base point for face 41205632, 4(15402920 15398542 15402922 15394895), produces a valid tet decomposition.
--> FOAM Warning : 
    From function Foam::triFace Foam::tetIndices::faceTriIs(const Foam::polyMesh&) const
    in file meshes/polyMesh/polyMeshTetDecomposition/tetIndicesI.H at line 76
    No base point for face 53815094, 4(15393240 15398542 15402920 15398544), produces a valid tet decomposition.
--> FOAM Warning : 
    From function Foam::triFace Foam::tetIndices::faceTriIs(const Foam::polyMesh&) const
    in file meshes/polyMesh/polyMeshTetDecomposition/tetIndicesI.H at line 76
    No base point for face 41205632, 4(15402920 15398542 15402922 15394895), produces a valid tet decomposition.
--> FOAM Warning : 
    From function Foam::triFace Foam::tetIndices::faceTriIs(const Foam::polyMesh&) const
    in file meshes/polyMesh/polyMeshTetDecomposition/tetIndicesI.H at line 76
    No base point for face 53815093, 4(15402920 15398542 15402921 15394891), produces a valid tet decomposition.
--> FOAM Warning : 
    From function Foam::triFace Foam::tetIndices::faceTriIs(const Foam::polyMesh&) const
    in file meshes/polyMesh/polyMeshTetDecomposition/tetIndicesI.H at line 76
    No base point for face 41205632, 4(15402920 15398542 15402922 15394895), produces a valid tet decomposition.
--> FOAM Warning : 
    From function Foam::triFace Foam::tetIndices::faceTriIs(const Foam::polyMesh&) const
    in file meshes/polyMesh/polyMeshTetDecomposition/tetIndicesI.H at line 76
    No base point for face 53815094, 4(15393240 15398542 15402920 15398544), produces a valid tet decomposition.
--> FOAM Warning : 
    From function Foam::triFace Foam::tetIndices::faceTriIs(const Foam::polyMesh&) const
    in file meshes/polyMesh/polyMeshTetDecomposition/tetIndicesI.H at line 76
    No base point for face 41205632, 4(15402920 15398542 15402922 15394895), produces a valid tet decomposition.
--> FOAM Warning : 
    From function Foam::triFace Foam::tetIndices::faceTriIs(const Foam::polyMesh&) const
    in file meshes/polyMesh/polyMeshTetDecomposition/tetIndicesI.H at line 76
    No base point for face 53815093, 4(15402920 15398542 15402921 15394891), produces a valid tet decomposition.
--> FOAM Warning : 
    From function Foam::triFace Foam::tetIndices::faceTriIs(const Foam::polyMesh&) const
    in file meshes/polyMesh/polyMeshTetDecomposition/tetIndicesI.H at line 76
    No base point for face 41205632, 4(15402920 15398542 15402922 15394895), produces a valid tet decomposition.
--> FOAM Warning : 
    From function Foam::triFace Foam::tetIndices::faceTriIs(const Foam::polyMesh&) const
    in file meshes/polyMesh/polyMeshTetDecomposition/tetIndicesI.H at line 76
    No base point for face 53815094, 4(15393240 15398542 15402920 15398544), produces a valid tet decomposition.
--> FOAM Warning : 
    From function Foam::triFace Foam::tetIndices::faceTriIs(const Foam::polyMesh&) const
    in file meshes/polyMesh/polyMeshTetDecomposition/tetIndicesI.H at line 76
    No base point for face 41205632, 4(15402920 15398542 15402922 15394895), produces a valid tet decomposition.
--> FOAM Warning : 
    From function Foam::triFace Foam::tetIndices::faceTriIs(const Foam::polyMesh&) const
    in file meshes/polyMesh/polyMeshTetDecomposition/tetIndicesI.H at line 76
    No base point for face 41003024, 4(15329778 15329560 15329782 15329620), produces a valid tet decomposition.
--> FOAM Warning : 
    From function Foam::triFace Foam::tetIndices::faceTriIs(const Foam::polyMesh&) const
    in file meshes/polyMesh/polyMeshTetDecomposition/tetIndicesI.H at line 76
    No base point for face 40835472, 4(15260450 15269635 15276774 15271769), produces a valid tet decomposition.
--> FOAM Warning : 
    From function Foam::triFace Foam::tetIndices::faceTriIs(const Foam::polyMesh&) const
    in file meshes/polyMesh/polyMeshTetDecomposition/tetIndicesI.H at line 76
    No base point for face 42616566, 4(15856186 15856196 15856937 15922063), produces a valid tet decomposition.
--> FOAM Warning : 
    From function Foam::triFace Foam::tetIndices::faceTriIs(const Foam::polyMesh&) const
    in file meshes/polyMesh/polyMeshTetDecomposition/tetIndicesI.H at line 76
    No base point for face 42615846, 4(15922504 15922042 15856768 15855428), produces a valid tet decomposition.
--> FOAM Warning : 
    From function Foam::triFace Foam::tetIndices::faceTriIs(const Foam::polyMesh&) const
    in file meshes/polyMesh/polyMeshTetDecomposition/tetIndicesI.H at line 76
    No base point for face 53868735, 4(16004876 15999997 16004875 15996029), produces a valid tet decomposition.
--> FOAM Warning : 
    From function Foam::triFace Foam::tetIndices::faceTriIs(const Foam::polyMesh&) const
    in file meshes/polyMesh/polyMeshTetDecomposition/tetIndicesI.H at line 76
    No base point for face 42862526, 4(16004875 15996033 16004883 15999997), produces a valid tet decomposition.
--> FOAM Warning : 
    From function Foam::triFace Foam::tetIndices::faceTriIs(const Foam::polyMesh&) const
    in file meshes/polyMesh/polyMeshTetDecomposition/tetIndicesI.H at line 76
    No base point for face 53868736, 4(15994317 15999996 16004875 15999997), produces a valid tet decomposition.
--> FOAM Warning : 
    From function Foam::triFace Foam::tetIndices::faceTriIs(const Foam::polyMesh&) const
    in file meshes/polyMesh/polyMeshTetDecomposition/tetIndicesI.H at line 76
    No base point for face 42862526, 4(16004875 15996033 16004883 15999997), produces a valid tet decomposition.
--> FOAM Warning : 
    From function Foam::triFace Foam::tetIndices::faceTriIs(const Foam::polyMesh&) const
    in file meshes/polyMesh/polyMeshTetDecomposition/tetIndicesI.H at line 76
    No base point for face 53868735, 4(16004876 15999997 16004875 15996029), produces a valid tet decomposition.
--> FOAM Warning : 
    From function Foam::triFace Foam::tetIndices::faceTriIs(const Foam::polyMesh&) const
    in file meshes/polyMesh/polyMeshTetDecomposition/tetIndicesI.H at line 76
    No base point for face 42862526, 4(16004875 15996033 16004883 15999997), produces a valid tet decomposition.
--> FOAM Warning : 
    From function Foam::triFace Foam::tetIndices::faceTriIs(const Foam::polyMesh&) const
    in file meshes/polyMesh/polyMeshTetDecomposition/tetIndicesI.H at line 76
    No base point for face 53868736, 4(15994317 15999996 16004875 15999997), produces a valid tet decomposition.
--> FOAM Warning : 
    From function Foam::triFace Foam::tetIndices::faceTriIs(const Foam::polyMesh&) const
    in file meshes/polyMesh/polyMeshTetDecomposition/tetIndicesI.H at line 76
    No base point for face 42862526, 4(16004875 15996033 16004883 15999997), produces a valid tet decomposition.
--> FOAM Warning : 
    From function Foam::triFace Foam::tetIndices::faceTriIs(const Foam::polyMesh&) const
    in file meshes/polyMesh/polyMeshTetDecomposition/tetIndicesI.H at line 76
    No base point for face 53868735, 4(16004876 15999997 16004875 15996029), produces a valid tet decomposition.
--> FOAM Warning : 
    From function Foam::triFace Foam::tetIndices::faceTriIs(const Foam::polyMesh&) const
    in file meshes/polyMesh/polyMeshTetDecomposition/tetIndicesI.H at line 76
    No base point for face 42862526, 4(16004875 15996033 16004883 15999997), produces a valid tet decomposition.
--> FOAM Warning : 
    From function Foam::triFace Foam::tetIndices::faceTriIs(const Foam::polyMesh&) const
    in file meshes/polyMesh/polyMeshTetDecomposition/tetIndicesI.H at line 76
    No base point for face 53868736, 4(15994317 15999996 16004875 15999997), produces a valid tet decomposition.
--> FOAM Warning : 
    From function Foam::triFace Foam::tetIndices::faceTriIs(const Foam::polyMesh&) const
    in file meshes/polyMesh/polyMeshTetDecomposition/tetIndicesI.H at line 76
    No base point for face 42862526, 4(16004875 15996033 16004883 15999997), produces a valid tet decomposition.
--> FOAM Warning : 
    From function Foam::triFace Foam::tetIndices::faceTriIs(const Foam::polyMesh&) const
    in file meshes/polyMesh/polyMeshTetDecomposition/tetIndicesI.H at line 76
    No base point for face 53868735, 4(16004876 15999997 16004875 15996029), produces a valid tet decomposition.
--> FOAM Warning : 
    From function Foam::triFace Foam::tetIndices::faceTriIs(const Foam::polyMesh&) const
    in file meshes/polyMesh/polyMeshTetDecomposition/tetIndicesI.H at line 76
    No base point for face 42862526, 4(16004875 15996033 16004883 15999997), produces a valid tet decomposition.
--> FOAM Warning : 
    From function Foam::triFace Foam::tetIndices::faceTriIs(const Foam::polyMesh&) const
    in file meshes/polyMesh/polyMeshTetDecomposition/tetIndicesI.H at line 76
    No base point for face 53868736, 4(15994317 15999996 16004875 15999997), produces a valid tet decomposition.
--> FOAM Warning : 
    From function Foam::triFace Foam::tetIndices::faceTriIs(const Foam::polyMesh&) const
    in file meshes/polyMesh/polyMeshTetDecomposition/tetIndicesI.H at line 76
    No base point for face 42862526, 4(16004875 15996033 16004883 15999997), produces a valid tet decomposition.
--> FOAM Warning : 
    From function Foam::triFace Foam::tetIndices::faceTriIs(const Foam::polyMesh&) const
    in file meshes/polyMesh/polyMeshTetDecomposition/tetIndicesI.H at line 76
    No base point for face 53815093, 4(15402920 15398542 15402921 15394891), produces a valid tet decomposition.
--> FOAM Warning : 
    From function Foam::triFace Foam::tetIndices::faceTriIs(const Foam::polyMesh&) const
    in file meshes/polyMesh/polyMeshTetDecomposition/tetIndicesI.H at line 76
    No base point for face 41205632, 4(15402920 15398542 15402922 15394895), produces a valid tet decomposition.
--> FOAM Warning : 
    From function Foam::triFace Foam::tetIndices::faceTriIs(const Foam::polyMesh&) const
    in file meshes/polyMesh/polyMeshTetDecomposition/tetIndicesI.H at line 76
    No base point for face 53815094, 4(15393240 15398542 15402920 15398544), produces a valid tet decomposition.
--> FOAM Warning : 
    From function Foam::triFace Foam::tetIndices::faceTriIs(const Foam::polyMesh&) const
    in file meshes/polyMesh/polyMeshTetDecomposition/tetIndicesI.H at line 76
    No base point for face 41205632, 4(15402920 15398542 15402922 15394895), produces a valid tet decomposition.
--> FOAM Warning : 
    From function Foam::triFace Foam::tetIndices::faceTriIs(const Foam::polyMesh&) const
    in file meshes/polyMesh/polyMeshTetDecomposition/tetIndicesI.H at line 76
    No base point for face 53815093, 4(15402920 15398542 15402921 15394891), produces a valid tet decomposition.
--> FOAM Warning : 
    From function Foam::triFace Foam::tetIndices::faceTriIs(const Foam::polyMesh&) const
    in file meshes/polyMesh/polyMeshTetDecomposition/tetIndicesI.H at line 76
    No base point for face 41205632, 4(15402920 15398542 15402922 15394895), produces a valid tet decomposition.
--> FOAM Warning : 
    From function Foam::triFace Foam::tetIndices::faceTriIs(const Foam::polyMesh&) const
    in file meshes/polyMesh/polyMeshTetDecomposition/tetIndicesI.H at line 76
    No base point for face 53815094, 4(15393240 15398542 15402920 15398544), produces a valid tet decomposition.
--> FOAM Warning : 
    From function Foam::triFace Foam::tetIndices::faceTriIs(const Foam::polyMesh&) const
    in file meshes/polyMesh/polyMeshTetDecomposition/tetIndicesI.H at line 76
    No base point for face 41205632, 4(15402920 15398542 15402922 15394895), produces a valid tet decomposition.
--> FOAM Warning : 
    From function Foam::triFace Foam::tetIndices::faceTriIs(const Foam::polyMesh&) const
    in file meshes/polyMesh/polyMeshTetDecomposition/tetIndicesI.H at line 76
    No base point for face 53815093, 4(15402920 15398542 15402921 15394891), produces a valid tet decomposition.
--> FOAM Warning : 
    From function Foam::triFace Foam::tetIndices::faceTriIs(const Foam::polyMesh&) const
    in file meshes/polyMesh/polyMeshTetDecomposition/tetIndicesI.H at line 76
    No base point for face 41205632, 4(15402920 15398542 15402922 15394895), produces a valid tet decomposition.
--> FOAM Warning : 
    From function Foam::triFace Foam::tetIndices::faceTriIs(const Foam::polyMesh&) const
    in file meshes/polyMesh/polyMeshTetDecomposition/tetIndicesI.H at line 76
    No base point for face 53815094, 4(15393240 15398542 15402920 15398544), produces a valid tet decomposition.
--> FOAM Warning : 
    From function Foam::triFace Foam::tetIndices::faceTriIs(const Foam::polyMesh&) const
    in file meshes/polyMesh/polyMeshTetDecomposition/tetIndicesI.H at line 76
    No base point for face 41205632, 4(15402920 15398542 15402922 15394895), produces a valid tet decomposition.
--> FOAM Warning : 
    From function Foam::triFace Foam::tetIndices::faceTriIs(const Foam::polyMesh&) const
    in file meshes/polyMesh/polyMeshTetDecomposition/tetIndicesI.H at line 76
    No base point for face 53815093, 4(15402920 15398542 15402921 15394891), produces a valid tet decomposition.
--> FOAM Warning : 
    From function Foam::triFace Foam::tetIndices::faceTriIs(const Foam::polyMesh&) const
    in file meshes/polyMesh/polyMeshTetDecomposition/tetIndicesI.H at line 76
    No base point for face 41205632, 4(15402920 15398542 15402922 15394895), produces a valid tet decomposition.
--> FOAM Warning : 
    From function Foam::triFace Foam::tetIndices::faceTriIs(const Foam::polyMesh&) const
    in file meshes/polyMesh/polyMeshTetDecomposition/tetIndicesI.H at line 76
    No base point for face 53815094, 4(15393240 15398542 15402920 15398544), produces a valid tet decomposition.
--> FOAM Warning : 
    From function Foam::triFace Foam::tetIndices::faceTriIs(const Foam::polyMesh&) const
    in file meshes/polyMesh/polyMeshTetDecomposition/tetIndicesI.H at line 76
    No base point for face 41205632, 4(15402920 15398542 15402922 15394895), produces a valid tet decomposition.
--> FOAM Warning : 
    From function Foam::triFace Foam::tetIndices::faceTriIs(const Foam::polyMesh&) const
    in file meshes/polyMesh/polyMeshTetDecomposition/tetIndicesI.H at line 76
    No base point for face 41003024, 4(15329778 15329560 15329782 15329620), produces a valid tet decomposition.
--> FOAM Warning : 
    From function Foam::triFace Foam::tetIndices::faceTriIs(const Foam::polyMesh&) const
    in file meshes/polyMesh/polyMeshTetDecomposition/tetIndicesI.H at line 76
    No base point for face 40835472, 4(15260450 15269635 15276774 15271769), produces a valid tet decomposition.
--> FOAM Warning : 
    From function Foam::triFace Foam::tetIndices::faceTriIs(const Foam::polyMesh&) const
    in file meshes/polyMesh/polyMeshTetDecomposition/tetIndicesI.H at line 76
    No base point for face 42616566, 4(15856186 15856196 15856937 15922063), produces a valid tet decomposition.
--> FOAM Warning : 
    From function Foam::triFace Foam::tetIndices::faceTriIs(const Foam::polyMesh&) const
    in file meshes/polyMesh/polyMeshTetDecomposition/tetIndicesI.H at line 76
    No base point for face 42615846, 4(15922504 15922042 15856768 15855428), produces a valid tet decomposition.
--> FOAM Warning : 
    From function Foam::triFace Foam::tetIndices::faceTriIs(const Foam::polyMesh&) const
    in file meshes/polyMesh/polyMeshTetDecomposition/tetIndicesI.H at line 76
    No base point for face 53868735, 4(16004876 15999997 16004875 15996029), produces a valid tet decomposition.
--> FOAM Warning : 
    From function Foam::triFace Foam::tetIndices::faceTriIs(const Foam::polyMesh&) const
    in file meshes/polyMesh/polyMeshTetDecomposition/tetIndicesI.H at line 76
    No base point for face 42862526, 4(16004875 15996033 16004883 15999997), produces a valid tet decomposition.
--> FOAM Warning : 
    From function Foam::triFace Foam::tetIndices::faceTriIs(const Foam::polyMesh&) const
    in file meshes/polyMesh/polyMeshTetDecomposition/tetIndicesI.H at line 76
    No base point for face 53868736, 4(15994317 15999996 16004875 15999997), produces a valid tet decomposition.
--> FOAM Warning : 
    From function Foam::triFace Foam::tetIndices::faceTriIs(const Foam::polyMesh&) const
    in file meshes/polyMesh/polyMeshTetDecomposition/tetIndicesI.H at line 76
    No base point for face 42862526, 4(16004875 15996033 16004883 15999997), produces a valid tet decomposition.
--> FOAM Warning : 
    From function Foam::triFace Foam::tetIndices::faceTriIs(const Foam::polyMesh&) const
    in file meshes/polyMesh/polyMeshTetDecomposition/tetIndicesI.H at line 76
    No base point for face 53868735, 4(16004876 15999997 16004875 15996029), produces a valid tet decomposition.
--> FOAM Warning : 
    From function Foam::triFace Foam::tetIndices::faceTriIs(const Foam::polyMesh&) const
    in file meshes/polyMesh/polyMeshTetDecomposition/tetIndicesI.H at line 76
    No base point for face 42862526, 4(16004875 15996033 16004883 15999997), produces a valid tet decomposition.
--> FOAM Warning : 
    From function Foam::triFace Foam::tetIndices::faceTriIs(const Foam::polyMesh&) const
    in file meshes/polyMesh/polyMeshTetDecomposition/tetIndicesI.H at line 76
    No base point for face 53868736, 4(15994317 15999996 16004875 15999997), produces a valid tet decomposition.
--> FOAM Warning : 
    From function Foam::triFace Foam::tetIndices::faceTriIs(const Foam::polyMesh&) const
    in file meshes/polyMesh/polyMeshTetDecomposition/tetIndicesI.H at line 76
    No base point for face 42862526, 4(16004875 15996033 16004883 15999997), produces a valid tet decomposition.
--> FOAM Warning : 
    From function Foam::triFace Foam::tetIndices::faceTriIs(const Foam::polyMesh&) const
    in file meshes/polyMesh/polyMeshTetDecomposition/tetIndicesI.H at line 76
    No base point for face 53868735, 4(16004876 15999997 16004875 15996029), produces a valid tet decomposition.
--> FOAM Warning : 
    From function Foam::triFace Foam::tetIndices::faceTriIs(const Foam::polyMesh&) const
    in file meshes/polyMesh/polyMeshTetDecomposition/tetIndicesI.H at line 76
    No base point for face 42862526, 4(16004875 15996033 16004883 15999997), produces a valid tet decomposition.
--> FOAM Warning : 
    From function Foam::triFace Foam::tetIndices::faceTriIs(const Foam::polyMesh&) const
    in file meshes/polyMesh/polyMeshTetDecomposition/tetIndicesI.H at line 76
    No base point for face 53868736, 4(15994317 15999996 16004875 15999997), produces a valid tet decomposition.
--> FOAM Warning : 
    From function Foam::triFace Foam::tetIndices::faceTriIs(const Foam::polyMesh&) const
    in file meshes/polyMesh/polyMeshTetDecomposition/tetIndicesI.H at line 76
    No base point for face 42862526, 4(16004875 15996033 16004883 15999997), produces a valid tet decomposition.
--> FOAM Warning : 
    From function Foam::triFace Foam::tetIndices::faceTriIs(const Foam::polyMesh&) const
    in file meshes/polyMesh/polyMeshTetDecomposition/tetIndicesI.H at line 76
    No base point for face 53868735, 4(16004876 15999997 16004875 15996029), produces a valid tet decomposition.
--> FOAM Warning : 
    From function Foam::triFace Foam::tetIndices::faceTriIs(const Foam::polyMesh&) const
    in file meshes/polyMesh/polyMeshTetDecomposition/tetIndicesI.H at line 76
    No base point for face 42862526, 4(16004875 15996033 16004883 15999997), produces a valid tet decomposition.
--> FOAM Warning : 
    From function Foam::triFace Foam::tetIndices::faceTriIs(const Foam::polyMesh&) const
    in file meshes/polyMesh/polyMeshTetDecomposition/tetIndicesI.H at line 76
    No base point for face 53868736, 4(15994317 15999996 16004875 15999997), produces a valid tet decomposition.
--> FOAM Warning : 
    From function Foam::triFace Foam::tetIndices::faceTriIs(const Foam::polyMesh&) const
    in file meshes/polyMesh/polyMeshTetDecomposition/tetIndicesI.H at line 76
    No base point for face 42862526, 4(16004875 15996033 16004883 15999997), produces a valid tet decomposition.
--> FOAM Warning : 
    From function Foam::triFace Foam::tetIndices::faceTriIs(const Foam::polyMesh&) const
    in file meshes/polyMesh/polyMeshTetDecomposition/tetIndicesI.H at line 76
    No base point for face 53815093, 4(15402920 15398542 15402921 15394891), produces a valid tet decomposition.
--> FOAM Warning : 
    From function Foam::triFace Foam::tetIndices::faceTriIs(const Foam::polyMesh&) const
    in file meshes/polyMesh/polyMeshTetDecomposition/tetIndicesI.H at line 76
    No base point for face 41205632, 4(15402920 15398542 15402922 15394895), produces a valid tet decomposition.
--> FOAM Warning : 
    From function Foam::triFace Foam::tetIndices::faceTriIs(const Foam::polyMesh&) const
    in file meshes/polyMesh/polyMeshTetDecomposition/tetIndicesI.H at line 76
    No base point for face 53815094, 4(15393240 15398542 15402920 15398544), produces a valid tet decomposition.
--> FOAM Warning : 
    From function Foam::triFace Foam::tetIndices::faceTriIs(const Foam::polyMesh&) const
    in file meshes/polyMesh/polyMeshTetDecomposition/tetIndicesI.H at line 76
    No base point for face 41205632, 4(15402920 15398542 15402922 15394895), produces a valid tet decomposition.
--> FOAM Warning : 
    From function Foam::triFace Foam::tetIndices::faceTriIs(const Foam::polyMesh&) const
    in file meshes/polyMesh/polyMeshTetDecomposition/tetIndicesI.H at line 76
    No base point for face 53815093, 4(15402920 15398542 15402921 15394891), produces a valid tet decomposition.
--> FOAM Warning : 
    From function Foam::triFace Foam::tetIndices::faceTriIs(const Foam::polyMesh&) const
    in file meshes/polyMesh/polyMeshTetDecomposition/tetIndicesI.H at line 76
    No base point for face 41205632, 4(15402920 15398542 15402922 15394895), produces a valid tet decomposition.
--> FOAM Warning : 
    From function Foam::triFace Foam::tetIndices::faceTriIs(const Foam::polyMesh&) const
    in file meshes/polyMesh/polyMeshTetDecomposition/tetIndicesI.H at line 76
    No base point for face 53815094, 4(15393240 15398542 15402920 15398544), produces a valid tet decomposition.
--> FOAM Warning : 
    From function Foam::triFace Foam::tetIndices::faceTriIs(const Foam::polyMesh&) const
    in file meshes/polyMesh/polyMeshTetDecomposition/tetIndicesI.H at line 76
    No base point for face 41205632, 4(15402920 15398542 15402922 15394895), produces a valid tet decomposition.
--> FOAM Warning : 
    From function Foam::triFace Foam::tetIndices::faceTriIs(const Foam::polyMesh&) const
    in file meshes/polyMesh/polyMeshTetDecomposition/tetIndicesI.H at line 76
    No base point for face 53815093, 4(15402920 15398542 15402921 15394891), produces a valid tet decomposition.
--> FOAM Warning : 
    From function Foam::triFace Foam::tetIndices::faceTriIs(const Foam::polyMesh&) const
    in file meshes/polyMesh/polyMeshTetDecomposition/tetIndicesI.H at line 76
    No base point for face 41205632, 4(15402920 15398542 15402922 15394895), produces a valid tet decomposition.
--> FOAM Warning : 
    From function Foam::triFace Foam::tetIndices::faceTriIs(const Foam::polyMesh&) const
    in file meshes/polyMesh/polyMeshTetDecomposition/tetIndicesI.H at line 76
    No base point for face 53815094, 4(15393240 15398542 15402920 15398544), produces a valid tet decomposition.
--> FOAM Warning : 
    From function Foam::triFace Foam::tetIndices::faceTriIs(const Foam::polyMesh&) const
    in file meshes/polyMesh/polyMeshTetDecomposition/tetIndicesI.H at line 76
    No base point for face 41205632, 4(15402920 15398542 15402922 15394895), produces a valid tet decomposition.
--> FOAM Warning : 
    From function Foam::triFace Foam::tetIndices::faceTriIs(const Foam::polyMesh&) const
    in file meshes/polyMesh/polyMeshTetDecomposition/tetIndicesI.H at line 76
    No base point for face 53815093, 4(15402920 15398542 15402921 15394891), produces a valid tet decomposition.
--> FOAM Warning : 
    From function Foam::triFace Foam::tetIndices::faceTriIs(const Foam::polyMesh&) const
    in file meshes/polyMesh/polyMeshTetDecomposition/tetIndicesI.H at line 76
    No base point for face 41205632, 4(15402920 15398542 15402922 15394895), produces a valid tet decomposition.
--> FOAM Warning : 
    From function Foam::triFace Foam::tetIndices::faceTriIs(const Foam::polyMesh&) const
    in file meshes/polyMesh/polyMeshTetDecomposition/tetIndicesI.H at line 76
    No base point for face 53815094, 4(15393240 15398542 15402920 15398544), produces a valid tet decomposition.
--> FOAM Warning : 
    From function Foam::triFace Foam::tetIndices::faceTriIs(const Foam::polyMesh&) const
    in file meshes/polyMesh/polyMeshTetDecomposition/tetIndicesI.H at line 76
    No base point for face 41205632, 4(15402920 15398542 15402922 15394895), produces a valid tet decomposition.
--> FOAM Warning : 
    From function Foam::triFace Foam::tetIndices::faceTriIs(const Foam::polyMesh&) const
    in file meshes/polyMesh/polyMeshTetDecomposition/tetIndicesI.H at line 76
    No base point for face 41003024, 4(15329778 15329560 15329782 15329620), produces a valid tet decomposition.
--> FOAM Warning : 
    From function Foam::triFace Foam::tetIndices::faceTriIs(const Foam::polyMesh&) const
    in file meshes/polyMesh/polyMeshTetDecomposition/tetIndicesI.H at line 76
    No base point for face 40835472, 4(15260450 15269635 15276774 15271769), produces a valid tet decomposition.
--> FOAM Warning : 
    From function Foam::triFace Foam::tetIndices::faceTriIs(const Foam::polyMesh&) const
    in file meshes/polyMesh/polyMeshTetDecomposition/tetIndicesI.H at line 76
    No base point for face 42616566, 4(15856186 15856196 15856937 15922063), produces a valid tet decomposition.
--> FOAM Warning : 
    From function Foam::triFace Foam::tetIndices::faceTriIs(const Foam::polyMesh&) const
    in file meshes/polyMesh/polyMeshTetDecomposition/tetIndicesI.H at line 76
    No base point for face 42615846, 4(15922504 15922042 15856768 15855428), produces a valid tet decomposition.
--> FOAM Warning : 
    From function Foam::triFace Foam::tetIndices::faceTriIs(const Foam::polyMesh&) const
    in file meshes/polyMesh/polyMeshTetDecomposition/tetIndicesI.H at line 76
    No base point for face 53868735, 4(16004876 15999997 16004875 15996029), produces a valid tet decomposition.
--> FOAM Warning : 
    From function Foam::triFace Foam::tetIndices::faceTriIs(const Foam::polyMesh&) const
    in file meshes/polyMesh/polyMeshTetDecomposition/tetIndicesI.H at line 76
    No base point for face 42862526, 4(16004875 15996033 16004883 15999997), produces a valid tet decomposition.
--> FOAM Warning : 
    From function Foam::triFace Foam::tetIndices::faceTriIs(const Foam::polyMesh&) const
    in file meshes/polyMesh/polyMeshTetDecomposition/tetIndicesI.H at line 76
    No base point for face 53868736, 4(15994317 15999996 16004875 15999997), produces a valid tet decomposition.
--> FOAM Warning : 
    From function Foam::triFace Foam::tetIndices::faceTriIs(const Foam::polyMesh&) const
    in file meshes/polyMesh/polyMeshTetDecomposition/tetIndicesI.H at line 76
    No base point for face 42862526, 4(16004875 15996033 16004883 15999997), produces a valid tet decomposition.
--> FOAM Warning : 
    From function Foam::triFace Foam::tetIndices::faceTriIs(const Foam::polyMesh&) const
    in file meshes/polyMesh/polyMeshTetDecomposition/tetIndicesI.H at line 76
    No base point for face 53868735, 4(16004876 15999997 16004875 15996029), produces a valid tet decomposition.
--> FOAM Warning : 
    From function Foam::triFace Foam::tetIndices::faceTriIs(const Foam::polyMesh&) const
    in file meshes/polyMesh/polyMeshTetDecomposition/tetIndicesI.H at line 76
    No base point for face 42862526, 4(16004875 15996033 16004883 15999997), produces a valid tet decomposition.
--> FOAM Warning : 
    From function Foam::triFace Foam::tetIndices::faceTriIs(const Foam::polyMesh&) const
    in file meshes/polyMesh/polyMeshTetDecomposition/tetIndicesI.H at line 76
    No base point for face 53868736, 4(15994317 15999996 16004875 15999997), produces a valid tet decomposition.
--> FOAM Warning : 
    From function Foam::triFace Foam::tetIndices::faceTriIs(const Foam::polyMesh&) const
    in file meshes/polyMesh/polyMeshTetDecomposition/tetIndicesI.H at line 76
    No base point for face 42862526, 4(16004875 15996033 16004883 15999997), produces a valid tet decomposition.
--> FOAM Warning : 
    From function Foam::triFace Foam::tetIndices::faceTriIs(const Foam::polyMesh&) const
    in file meshes/polyMesh/polyMeshTetDecomposition/tetIndicesI.H at line 76
    No base point for face 53868735, 4(16004876 15999997 16004875 15996029), produces a valid tet decomposition.
--> FOAM Warning : 
    From function Foam::triFace Foam::tetIndices::faceTriIs(const Foam::polyMesh&) const
    in file meshes/polyMesh/polyMeshTetDecomposition/tetIndicesI.H at line 76
    No base point for face 42862526, 4(16004875 15996033 16004883 15999997), produces a valid tet decomposition.
--> FOAM Warning : 
    From function Foam::triFace Foam::tetIndices::faceTriIs(const Foam::polyMesh&) const
    in file meshes/polyMesh/polyMeshTetDecomposition/tetIndicesI.H at line 76
    No base point for face 53868736, 4(15994317 15999996 16004875 15999997), produces a valid tet decomposition.
--> FOAM Warning : 
    From function Foam::triFace Foam::tetIndices::faceTriIs(const Foam::polyMesh&) const
    in file meshes/polyMesh/polyMeshTetDecomposition/tetIndicesI.H at line 76
    No base point for face 42862526, 4(16004875 15996033 16004883 15999997), produces a valid tet decomposition.
--> FOAM Warning : 
    From function Foam::triFace Foam::tetIndices::faceTriIs(const Foam::polyMesh&) const
    in file meshes/polyMesh/polyMeshTetDecomposition/tetIndicesI.H at line 76
    No base point for face 53868735, 4(16004876 15999997 16004875 15996029), produces a valid tet decomposition.
--> FOAM Warning : 
    From function Foam::triFace Foam::tetIndices::faceTriIs(const Foam::polyMesh&) const
    in file meshes/polyMesh/polyMeshTetDecomposition/tetIndicesI.H at line 76
    No base point for face 42862526, 4(16004875 15996033 16004883 15999997), produces a valid tet decomposition.
--> FOAM Warning : 
    From function Foam::triFace Foam::tetIndices::faceTriIs(const Foam::polyMesh&) const
    in file meshes/polyMesh/polyMeshTetDecomposition/tetIndicesI.H at line 76
    No base point for face 53868736, 4(15994317 15999996 16004875 15999997), produces a valid tet decomposition.
--> FOAM Warning : 
    From function Foam::triFace Foam::tetIndices::faceTriIs(const Foam::polyMesh&) const
    in file meshes/polyMesh/polyMeshTetDecomposition/tetIndicesI.H at line 76
    No base point for face 42862526, 4(16004875 15996033 16004883 15999997), produces a valid tet decomposition.
--> FOAM Warning : 
    From function Foam::triFace Foam::tetIndices::faceTriIs(const Foam::polyMesh&) const
    in file meshes/polyMesh/polyMeshTetDecomposition/tetIndicesI.H at line 76
    No base point for face 53815093, 4(15402920 15398542 15402921 15394891), produces a valid tet decomposition.
--> FOAM Warning : 
    From function Foam::triFace Foam::tetIndices::faceTriIs(const Foam::polyMesh&) const
    in file meshes/polyMesh/polyMeshTetDecomposition/tetIndicesI.H at line 76
    No base point for face 41205632, 4(15402920 15398542 15402922 15394895), produces a valid tet decomposition.
--> FOAM Warning : 
    From function Foam::triFace Foam::tetIndices::faceTriIs(const Foam::polyMesh&) const
    in file meshes/polyMesh/polyMeshTetDecomposition/tetIndicesI.H at line 76
    No base point for face 53815094, 4(15393240 15398542 15402920 15398544), produces a valid tet decomposition.
--> FOAM Warning : 
    From function Foam::triFace Foam::tetIndices::faceTriIs(const Foam::polyMesh&) const
    in file meshes/polyMesh/polyMeshTetDecomposition/tetIndicesI.H at line 76
    No base point for face 41205632, 4(15402920 15398542 15402922 15394895), produces a valid tet decomposition.
--> FOAM Warning : 
    From function Foam::triFace Foam::tetIndices::faceTriIs(const Foam::polyMesh&) const
    in file meshes/polyMesh/polyMeshTetDecomposition/tetIndicesI.H at line 76
    No base point for face 53815093, 4(15402920 15398542 15402921 15394891), produces a valid tet decomposition.
--> FOAM Warning : 
    From function Foam::triFace Foam::tetIndices::faceTriIs(const Foam::polyMesh&) const
    in file meshes/polyMesh/polyMeshTetDecomposition/tetIndicesI.H at line 76
    No base point for face 41205632, 4(15402920 15398542 15402922 15394895), produces a valid tet decomposition.
--> FOAM Warning : 
    From function Foam::triFace Foam::tetIndices::faceTriIs(const Foam::polyMesh&) const
    in file meshes/polyMesh/polyMeshTetDecomposition/tetIndicesI.H at line 76
    No base point for face 53815094, 4(15393240 15398542 15402920 15398544), produces a valid tet decomposition.
--> FOAM Warning : 
    From function Foam::triFace Foam::tetIndices::faceTriIs(const Foam::polyMesh&) const
    in file meshes/polyMesh/polyMeshTetDecomposition/tetIndicesI.H at line 76
    No base point for face 41205632, 4(15402920 15398542 15402922 15394895), produces a valid tet decomposition.
--> FOAM Warning : 
    From function Foam::triFace Foam::tetIndices::faceTriIs(const Foam::polyMesh&) const
    in file meshes/polyMesh/polyMeshTetDecomposition/tetIndicesI.H at line 76
    No base point for face 53815093, 4(15402920 15398542 15402921 15394891), produces a valid tet decomposition.
--> FOAM Warning : 
    From function Foam::triFace Foam::tetIndices::faceTriIs(const Foam::polyMesh&) const
    in file meshes/polyMesh/polyMeshTetDecomposition/tetIndicesI.H at line 76
    No base point for face 41205632, 4(15402920 15398542 15402922 15394895), produces a valid tet decomposition.
--> FOAM Warning : 
    From function Foam::triFace Foam::tetIndices::faceTriIs(const Foam::polyMesh&) const
    in file meshes/polyMesh/polyMeshTetDecomposition/tetIndicesI.H at line 76
    No base point for face 53815094, 4(15393240 15398542 15402920 15398544), produces a valid tet decomposition.
--> FOAM Warning : 
    From function Foam::triFace Foam::tetIndices::faceTriIs(const Foam::polyMesh&) const
    in file meshes/polyMesh/polyMeshTetDecomposition/tetIndicesI.H at line 76
    No base point for face 41205632, 4(15402920 15398542 15402922 15394895), produces a valid tet decomposition.
--> FOAM Warning : 
    From function Foam::triFace Foam::tetIndices::faceTriIs(const Foam::polyMesh&) const
    in file meshes/polyMesh/polyMeshTetDecomposition/tetIndicesI.H at line 76
    No base point for face 53815093, 4(15402920 15398542 15402921 15394891), produces a valid tet decomposition.
--> FOAM Warning : 
    From function Foam::triFace Foam::tetIndices::faceTriIs(const Foam::polyMesh&) const
    in file meshes/polyMesh/polyMeshTetDecomposition/tetIndicesI.H at line 76
    No base point for face 41205632, 4(15402920 15398542 15402922 15394895), produces a valid tet decomposition.
--> FOAM Warning : 
    From function Foam::triFace Foam::tetIndices::faceTriIs(const Foam::polyMesh&) const
    in file meshes/polyMesh/polyMeshTetDecomposition/tetIndicesI.H at line 76
    No base point for face 53815094, 4(15393240 15398542 15402920 15398544), produces a valid tet decomposition.
--> FOAM Warning : 
    From function Foam::triFace Foam::tetIndices::faceTriIs(const Foam::polyMesh&) const
    in file meshes/polyMesh/polyMeshTetDecomposition/tetIndicesI.H at line 76
    No base point for face 41205632, 4(15402920 15398542 15402922 15394895), produces a valid tet decomposition.
--> FOAM Warning : 
    From function Foam::triFace Foam::tetIndices::faceTriIs(const Foam::polyMesh&) const
    in file meshes/polyMesh/polyMeshTetDecomposition/tetIndicesI.H at line 76
    No base point for face 41003024, 4(15329778 15329560 15329782 15329620), produces a valid tet decomposition.
--> FOAM Warning : 
    From function Foam::triFace Foam::tetIndices::faceTriIs(const Foam::polyMesh&) const
    in file meshes/polyMesh/polyMeshTetDecomposition/tetIndicesI.H at line 76
    No base point for face 40835472, 4(15260450 15269635 15276774 15271769), produces a valid tet decomposition.
--> FOAM Warning : 
    From function Foam::triFace Foam::tetIndices::faceTriIs(const Foam::polyMesh&) const
    in file meshes/polyMesh/polyMeshTetDecomposition/tetIndicesI.H at line 76
    No base point for face 42616566, 4(15856186 15856196 15856937 15922063), produces a valid tet decomposition.
--> FOAM Warning : 
    From function Foam::triFace Foam::tetIndices::faceTriIs(const Foam::polyMesh&) const
    in file meshes/polyMesh/polyMeshTetDecomposition/tetIndicesI.H at line 76
    No base point for face 42615846, 4(15922504 15922042 15856768 15855428), produces a valid tet decomposition.
--> FOAM Warning : 
    From function Foam::triFace Foam::tetIndices::faceTriIs(const Foam::polyMesh&) const
    in file meshes/polyMesh/polyMeshTetDecomposition/tetIndicesI.H at line 76
    No base point for face 53868735, 4(16004876 15999997 16004875 15996029), produces a valid tet decomposition.
--> FOAM Warning : 
    From function Foam::triFace Foam::tetIndices::faceTriIs(const Foam::polyMesh&) const
    in file meshes/polyMesh/polyMeshTetDecomposition/tetIndicesI.H at line 76
    No base point for face 42862526, 4(16004875 15996033 16004883 15999997), produces a valid tet decomposition.
--> FOAM Warning : 
    From function Foam::triFace Foam::tetIndices::faceTriIs(const Foam::polyMesh&) const
    in file meshes/polyMesh/polyMeshTetDecomposition/tetIndicesI.H at line 76
    No base point for face 53868736, 4(15994317 15999996 16004875 15999997), produces a valid tet decomposition.
--> FOAM Warning : 
    From function Foam::triFace Foam::tetIndices::faceTriIs(const Foam::polyMesh&) const
    in file meshes/polyMesh/polyMeshTetDecomposition/tetIndicesI.H at line 76
    No base point for face 42862526, 4(16004875 15996033 16004883 15999997), produces a valid tet decomposition.
--> FOAM Warning : 
    From function Foam::triFace Foam::tetIndices::faceTriIs(const Foam::polyMesh&) const
    in file meshes/polyMesh/polyMeshTetDecomposition/tetIndicesI.H at line 76
    No base point for face 53868735, 4(16004876 15999997 16004875 15996029), produces a valid tet decomposition.
--> FOAM Warning : 
    From function Foam::triFace Foam::tetIndices::faceTriIs(const Foam::polyMesh&) const
    in file meshes/polyMesh/polyMeshTetDecomposition/tetIndicesI.H at line 76
    No base point for face 42862526, 4(16004875 15996033 16004883 15999997), produces a valid tet decomposition.
--> FOAM Warning : 
    From function Foam::triFace Foam::tetIndices::faceTriIs(const Foam::polyMesh&) const
    in file meshes/polyMesh/polyMeshTetDecomposition/tetIndicesI.H at line 76
    No base point for face 53868736, 4(15994317 15999996 16004875 15999997), produces a valid tet decomposition.
--> FOAM Warning : 
    From function Foam::triFace Foam::tetIndices::faceTriIs(const Foam::polyMesh&) const
    in file meshes/polyMesh/polyMeshTetDecomposition/tetIndicesI.H at line 76
    No base point for face 42862526, 4(16004875 15996033 16004883 15999997), produces a valid tet decomposition.
--> FOAM Warning : 
    From function Foam::triFace Foam::tetIndices::faceTriIs(const Foam::polyMesh&) const
    in file meshes/polyMesh/polyMeshTetDecomposition/tetIndicesI.H at line 76
    No base point for face 53868735, 4(16004876 15999997 16004875 15996029), produces a valid tet decomposition.
--> FOAM Warning : 
    From function Foam::triFace Foam::tetIndices::faceTriIs(const Foam::polyMesh&) const
    in file meshes/polyMesh/polyMeshTetDecomposition/tetIndicesI.H at line 76
    No base point for face 42862526, 4(16004875 15996033 16004883 15999997), produces a valid tet decomposition.
--> FOAM Warning : 
    From function Foam::triFace Foam::tetIndices::faceTriIs(const Foam::polyMesh&) const
    in file meshes/polyMesh/polyMeshTetDecomposition/tetIndicesI.H at line 76
    No base point for face 53868736, 4(15994317 15999996 16004875 15999997), produces a valid tet decomposition.
--> FOAM Warning : 
    From function Foam::triFace Foam::tetIndices::faceTriIs(const Foam::polyMesh&) const
    in file meshes/polyMesh/polyMeshTetDecomposition/tetIndicesI.H at line 76
    No base point for face 42862526, 4(16004875 15996033 16004883 15999997), produces a valid tet decomposition.
--> FOAM Warning : 
    From function Foam::triFace Foam::tetIndices::faceTriIs(const Foam::polyMesh&) const
    in file meshes/polyMesh/polyMeshTetDecomposition/tetIndicesI.H at line 76
    No base point for face 53868735, 4(16004876 15999997 16004875 15996029), produces a valid tet decomposition.
--> FOAM Warning : 
    From function Foam::triFace Foam::tetIndices::faceTriIs(const Foam::polyMesh&) const
    in file meshes/polyMesh/polyMeshTetDecomposition/tetIndicesI.H at line 76
    No base point for face 42862526, 4(16004875 15996033 16004883 15999997), produces a valid tet decomposition.
--> FOAM Warning : 
    From function Foam::triFace Foam::tetIndices::faceTriIs(const Foam::polyMesh&) const
    in file meshes/polyMesh/polyMeshTetDecomposition/tetIndicesI.H at line 76
    No base point for face 53868736, 4(15994317 15999996 16004875 15999997), produces a valid tet decomposition.
--> FOAM Warning : 
    From function Foam::triFace Foam::tetIndices::faceTriIs(const Foam::polyMesh&) const
    in file meshes/polyMesh/polyMeshTetDecomposition/tetIndicesI.H at line 76
    No base point for face 42862526, 4(16004875 15996033 16004883 15999997), produces a valid tet decomposition.
--> FOAM Warning : 
    From function Foam::triFace Foam::tetIndices::faceTriIs(const Foam::polyMesh&) const
    in file meshes/polyMesh/polyMeshTetDecomposition/tetIndicesI.H at line 76
    No base point for face 53815093, 4(15402920 15398542 15402921 15394891), produces a valid tet decomposition.
--> FOAM Warning : 
    From function Foam::triFace Foam::tetIndices::faceTriIs(const Foam::polyMesh&) const
    in file meshes/polyMesh/polyMeshTetDecomposition/tetIndicesI.H at line 76
    No base point for face 41205632, 4(15402920 15398542 15402922 15394895), produces a valid tet decomposition.
--> FOAM Warning : 
    From function Foam::triFace Foam::tetIndices::faceTriIs(const Foam::polyMesh&) const
    in file meshes/polyMesh/polyMeshTetDecomposition/tetIndicesI.H at line 76
    No base point for face 53815094, 4(15393240 15398542 15402920 15398544), produces a valid tet decomposition.
--> FOAM Warning : 
    From function Foam::triFace Foam::tetIndices::faceTriIs(const Foam::polyMesh&) const
    in file meshes/polyMesh/polyMeshTetDecomposition/tetIndicesI.H at line 76
    No base point for face 41205632, 4(15402920 15398542 15402922 15394895), produces a valid tet decomposition.
--> FOAM Warning : 
    From function Foam::triFace Foam::tetIndices::faceTriIs(const Foam::polyMesh&) const
    in file meshes/polyMesh/polyMeshTetDecomposition/tetIndicesI.H at line 76
    No base point for face 53815093, 4(15402920 15398542 15402921 15394891), produces a valid tet decomposition.
--> FOAM Warning : 
    From function Foam::triFace Foam::tetIndices::faceTriIs(const Foam::polyMesh&) const
    in file meshes/polyMesh/polyMeshTetDecomposition/tetIndicesI.H at line 76
    No base point for face 41205632, 4(15402920 15398542 15402922 15394895), produces a valid tet decomposition.
--> FOAM Warning : 
    From function Foam::triFace Foam::tetIndices::faceTriIs(const Foam::polyMesh&) const
    in file meshes/polyMesh/polyMeshTetDecomposition/tetIndicesI.H at line 76
    No base point for face 53815094, 4(15393240 15398542 15402920 15398544), produces a valid tet decomposition.
--> FOAM Warning : 
    From function Foam::triFace Foam::tetIndices::faceTriIs(const Foam::polyMesh&) const
    in file meshes/polyMesh/polyMeshTetDecomposition/tetIndicesI.H at line 76
    No base point for face 41205632, 4(15402920 15398542 15402922 15394895), produces a valid tet decomposition.
--> FOAM Warning : 
    From function Foam::triFace Foam::tetIndices::faceTriIs(const Foam::polyMesh&) const
    in file meshes/polyMesh/polyMeshTetDecomposition/tetIndicesI.H at line 76
    No base point for face 53815093, 4(15402920 15398542 15402921 15394891), produces a valid tet decomposition.
--> FOAM Warning : 
    From function Foam::triFace Foam::tetIndices::faceTriIs(const Foam::polyMesh&) const
    in file meshes/polyMesh/polyMeshTetDecomposition/tetIndicesI.H at line 76
    No base point for face 41205632, 4(15402920 15398542 15402922 15394895), produces a valid tet decomposition.
--> FOAM Warning : 
    From function Foam::triFace Foam::tetIndices::faceTriIs(const Foam::polyMesh&) const
    in file meshes/polyMesh/polyMeshTetDecomposition/tetIndicesI.H at line 76
    No base point for face 53815094, 4(15393240 15398542 15402920 15398544), produces a valid tet decomposition.
--> FOAM Warning : 
    From function Foam::triFace Foam::tetIndices::faceTriIs(const Foam::polyMesh&) const
    in file meshes/polyMesh/polyMeshTetDecomposition/tetIndicesI.H at line 76
    No base point for face 41205632, 4(15402920 15398542 15402922 15394895), produces a valid tet decomposition.
--> FOAM Warning : 
    From function Foam::triFace Foam::tetIndices::faceTriIs(const Foam::polyMesh&) const
    in file meshes/polyMesh/polyMeshTetDecomposition/tetIndicesI.H at line 76
    No base point for face 53815093, 4(15402920 15398542 15402921 15394891), produces a valid tet decomposition.
--> FOAM Warning : 
    From function Foam::triFace Foam::tetIndices::faceTriIs(const Foam::polyMesh&) const
    in file meshes/polyMesh/polyMeshTetDecomposition/tetIndicesI.H at line 76
    No base point for face 41205632, 4(15402920 15398542 15402922 15394895), produces a valid tet decomposition.
--> FOAM Warning : 
    From function Foam::triFace Foam::tetIndices::faceTriIs(const Foam::polyMesh&) const
    in file meshes/polyMesh/polyMeshTetDecomposition/tetIndicesI.H at line 76
    No base point for face 53815094, 4(15393240 15398542 15402920 15398544), produces a valid tet decomposition.
--> FOAM Warning : 
    From function Foam::triFace Foam::tetIndices::faceTriIs(const Foam::polyMesh&) const
    in file meshes/polyMesh/polyMeshTetDecomposition/tetIndicesI.H at line 76
    No base point for face 41205632, 4(15402920 15398542 15402922 15394895), produces a valid tet decomposition.
--> FOAM Warning : 
    From function Foam::triFace Foam::tetIndices::faceTriIs(const Foam::polyMesh&) const
    in file meshes/polyMesh/polyMeshTetDecomposition/tetIndicesI.H at line 76
    No base point for face 41003024, 4(15329778 15329560 15329782 15329620), produces a valid tet decomposition.
--> FOAM Warning : 
    From function Foam::triFace Foam::tetIndices::faceTriIs(const Foam::polyMesh&) const
    in file meshes/polyMesh/polyMeshTetDecomposition/tetIndicesI.H at line 76
    No base point for face 40835472, 4(15260450 15269635 15276774 15271769), produces a valid tet decomposition.
--> FOAM Warning : 
    From function Foam::triFace Foam::tetIndices::faceTriIs(const Foam::polyMesh&) const
    in file meshes/polyMesh/polyMeshTetDecomposition/tetIndicesI.H at line 76
    No base point for face 42616566, 4(15856186 15856196 15856937 15922063), produces a valid tet decomposition.
--> FOAM Warning : 
    From function Foam::triFace Foam::tetIndices::faceTriIs(const Foam::polyMesh&) const
    in file meshes/polyMesh/polyMeshTetDecomposition/tetIndicesI.H at line 76
    No base point for face 42615846, 4(15922504 15922042 15856768 15855428), produces a valid tet decomposition.
--> FOAM Warning : 
    From function Foam::triFace Foam::tetIndices::faceTriIs(const Foam::polyMesh&) const
    in file meshes/polyMesh/polyMeshTetDecomposition/tetIndicesI.H at line 76
    No base point for face 53868735, 4(16004876 15999997 16004875 15996029), produces a valid tet decomposition.
--> FOAM Warning : 
    From function Foam::triFace Foam::tetIndices::faceTriIs(const Foam::polyMesh&) const
    in file meshes/polyMesh/polyMeshTetDecomposition/tetIndicesI.H at line 76
    No base point for face 42862526, 4(16004875 15996033 16004883 15999997), produces a valid tet decomposition.
--> FOAM Warning : 
    From function Foam::triFace Foam::tetIndices::faceTriIs(const Foam::polyMesh&) const
    in file meshes/polyMesh/polyMeshTetDecomposition/tetIndicesI.H at line 76
    No base point for face 53868736, 4(15994317 15999996 16004875 15999997), produces a valid tet decomposition.
--> FOAM Warning : 
    From function Foam::triFace Foam::tetIndices::faceTriIs(const Foam::polyMesh&) const
    in file meshes/polyMesh/polyMeshTetDecomposition/tetIndicesI.H at line 76
    No base point for face 42862526, 4(16004875 15996033 16004883 15999997), produces a valid tet decomposition.
--> FOAM Warning : 
    From function Foam::triFace Foam::tetIndices::faceTriIs(const Foam::polyMesh&) const
    in file meshes/polyMesh/polyMeshTetDecomposition/tetIndicesI.H at line 76
    No base point for face 53868735, 4(16004876 15999997 16004875 15996029), produces a valid tet decomposition.
--> FOAM Warning : 
    From function Foam::triFace Foam::tetIndices::faceTriIs(const Foam::polyMesh&) const
    in file meshes/polyMesh/polyMeshTetDecomposition/tetIndicesI.H at line 76
    No base point for face 42862526, 4(16004875 15996033 16004883 15999997), produces a valid tet decomposition.
--> FOAM Warning : 
    From function Foam::triFace Foam::tetIndices::faceTriIs(const Foam::polyMesh&) const
    in file meshes/polyMesh/polyMeshTetDecomposition/tetIndicesI.H at line 76
    No base point for face 53868736, 4(15994317 15999996 16004875 15999997), produces a valid tet decomposition.
--> FOAM Warning : 
    From function Foam::triFace Foam::tetIndices::faceTriIs(const Foam::polyMesh&) const
    in file meshes/polyMesh/polyMeshTetDecomposition/tetIndicesI.H at line 76
    No base point for face 42862526, 4(16004875 15996033 16004883 15999997), produces a valid tet decomposition.
--> FOAM Warning : 
    From function Foam::triFace Foam::tetIndices::faceTriIs(const Foam::polyMesh&) const
    in file meshes/polyMesh/polyMeshTetDecomposition/tetIndicesI.H at line 76
    No base point for face 53868735, 4(16004876 15999997 16004875 15996029), produces a valid tet decomposition.
--> FOAM Warning : 
    From function Foam::triFace Foam::tetIndices::faceTriIs(const Foam::polyMesh&) const
    in file meshes/polyMesh/polyMeshTetDecomposition/tetIndicesI.H at line 76
    No base point for face 42862526, 4(16004875 15996033 16004883 15999997), produces a valid tet decomposition.
--> FOAM Warning : 
    From function Foam::triFace Foam::tetIndices::faceTriIs(const Foam::polyMesh&) const
    in file meshes/polyMesh/polyMeshTetDecomposition/tetIndicesI.H at line 76
    No base point for face 53868736, 4(15994317 15999996 16004875 15999997), produces a valid tet decomposition.
--> FOAM Warning : 
    From function Foam::triFace Foam::tetIndices::faceTriIs(const Foam::polyMesh&) const
    in file meshes/polyMesh/polyMeshTetDecomposition/tetIndicesI.H at line 76
    No base point for face 42862526, 4(16004875 15996033 16004883 15999997), produces a valid tet decomposition.
--> FOAM Warning : 
    From function Foam::triFace Foam::tetIndices::faceTriIs(const Foam::polyMesh&) const
    in file meshes/polyMesh/polyMeshTetDecomposition/tetIndicesI.H at line 76
    No base point for face 53868735, 4(16004876 15999997 16004875 15996029), produces a valid tet decomposition.
--> FOAM Warning : 
    From function Foam::triFace Foam::tetIndices::faceTriIs(const Foam::polyMesh&) const
    in file meshes/polyMesh/polyMeshTetDecomposition/tetIndicesI.H at line 76
    No base point for face 42862526, 4(16004875 15996033 16004883 15999997), produces a valid tet decomposition.
--> FOAM Warning : 
    From function Foam::triFace Foam::tetIndices::faceTriIs(const Foam::polyMesh&) const
    in file meshes/polyMesh/polyMeshTetDecomposition/tetIndicesI.H at line 76
    No base point for face 53868736, 4(15994317 15999996 16004875 15999997), produces a valid tet decomposition.
--> FOAM Warning : 
    From function Foam::triFace Foam::tetIndices::faceTriIs(const Foam::polyMesh&) const
    in file meshes/polyMesh/polyMeshTetDecomposition/tetIndicesI.H at line 76
    No base point for face 42862526, 4(16004875 15996033 16004883 15999997), produces a valid tet decomposition.
--> FOAM Warning : 
    From function Foam::triFace Foam::tetIndices::faceTriIs(const Foam::polyMesh&) const
    in file meshes/polyMesh/polyMeshTetDecomposition/tetIndicesI.H at line 76
    No base point for face 34672403, 4(13108601 13099197 13108604 13103817), produces a valid tet decomposition.
--> FOAM Warning : 
    From function Foam::triFace Foam::tetIndices::faceTriIs(const Foam::polyMesh&) const
    in file meshes/polyMesh/polyMeshTetDecomposition/tetIndicesI.H at line 76
    No base point for face 36330780, 4(13711018 13702175 13711015 13706610), produces a valid tet decomposition.
--> FOAM Warning : 
    From function Foam::triFace Foam::tetIndices::faceTriIs(const Foam::polyMesh&) const
    in file meshes/polyMesh/polyMeshTetDecomposition/tetIndicesI.H at line 76
    No base point for face 34672403, 4(13108601 13099197 13108604 13103817), produces a valid tet decomposition.
--> FOAM Warning : 
    From function Foam::triFace Foam::tetIndices::faceTriIs(const Foam::polyMesh&) const
    in file meshes/polyMesh/polyMeshTetDecomposition/tetIndicesI.H at line 76
    No base point for face 36330780, 4(13711018 13702175 13711015 13706610), produces a valid tet decomposition.
--> FOAM Warning : 
    From function Foam::triFace Foam::tetIndices::faceTriIs(const Foam::polyMesh&) const
    in file meshes/polyMesh/polyMeshTetDecomposition/tetIndicesI.H at line 76
    No base point for face 34672403, 4(13108601 13099197 13108604 13103817), produces a valid tet decomposition.
--> FOAM Warning : 
    From function Foam::triFace Foam::tetIndices::faceTriIs(const Foam::polyMesh&) const
    in file meshes/polyMesh/polyMeshTetDecomposition/tetIndicesI.H at line 76
    No base point for face 36330780, 4(13711018 13702175 13711015 13706610), produces a valid tet decomposition.
--> FOAM Warning : 
    From function Foam::triFace Foam::tetIndices::faceTriIs(const Foam::polyMesh&) const
    in file meshes/polyMesh/polyMeshTetDecomposition/tetIndicesI.H at line 76
    No base point for face 34672403, 4(13108601 13099197 13108604 13103817), produces a valid tet decomposition.
--> FOAM Warning : 
    From function Foam::triFace Foam::tetIndices::faceTriIs(const Foam::polyMesh&) const
    in file meshes/polyMesh/polyMeshTetDecomposition/tetIndicesI.H at line 76
    No base point for face 36330780, 4(13711018 13702175 13711015 13706610), produces a valid tet decomposition.
--> FOAM Warning : 
    From function Foam::triFace Foam::tetIndices::faceTriIs(const Foam::polyMesh&) const
    in file meshes/polyMesh/polyMeshTetDecomposition/tetIndicesI.H at line 76
    No base point for face 34672403, 4(13108601 13099197 13108604 13103817), produces a valid tet decomposition.
--> FOAM Warning : 
    From function Foam::triFace Foam::tetIndices::faceTriIs(const Foam::polyMesh&) const
    in file meshes/polyMesh/polyMeshTetDecomposition/tetIndicesI.H at line 76
    No base point for face 36330780, 4(13711018 13702175 13711015 13706610), produces a valid tet decomposition.
Reading set description:
    pointCloud

Time = 2000

Reading fields:
    volScalarFields: p k epsilon
    volVectorFields: U

Executing functionObjects

End

