/*---------------------------------------------------------------------------*\
  =========                 |
  \\      /  F ield         | OpenFOAM: The Open Source CFD Toolbox
   \\    /   O peration     | Website:  https://openfoam.org
    \\  /    A nd           | Version:  7
     \\/     M anipulation  |
\*---------------------------------------------------------------------------*/
Build  : 7-63349425784a
Exec   : /home/bmanden/OpenFOAM-7/platforms/linux64GccDPInt32Opt/bin/postProcess -dict system/pointCloudDict -fields (U p k epsilon)
Date   : Sep 04 2025
Time   : 15:20:10
Host   : "cmp257"
PID    : 3433900
I/O    : uncollated
Case   : /scratch/bmanden/FZK-Haus_2/results/05m/90_degrees
nProcs : 1
sigFpe : Enabling floating point exception trapping (FOAM_SIGFPE).
fileModificationChecking : Monitoring run-time modified files using timeStampMaster (fileModificationSkew 10)
allowSystemOperations : Allowing user-supplied system call operations

// * * * * * * * * * * * * * * * * * * * * * * * * * * * * * * * * * * * * * //
Create time

Create mesh for time = 2000

--> FOAM Warning : 
    From function Foam::triFace Foam::tetIndices::faceTriIs(const Foam::polyMesh&) const
    in file meshes/polyMesh/polyMeshTetDecomposition/tetIndicesI.H at line 76
    No base point for face 37365605, 4(14074220 14071162 14073574 14072882), produces a valid tet decomposition.
--> FOAM Warning : 
    From function Foam::triFace Foam::tetIndices::faceTriIs(const Foam::polyMesh&) const
    in file meshes/polyMesh/polyMeshTetDecomposition/tetIndicesI.H at line 76
    No base point for face 37349250, 4(14067839 14068011 14068647 14067840), produces a valid tet decomposition.
--> FOAM Warning : 
    From function Foam::triFace Foam::tetIndices::faceTriIs(const Foam::polyMesh&) const
    in file meshes/polyMesh/polyMeshTetDecomposition/tetIndicesI.H at line 76
    No base point for face 43931342, 4(16377154 16376535 16376369 16376368), produces a valid tet decomposition.
--> FOAM Warning : 
    From function Foam::triFace Foam::tetIndices::faceTriIs(const Foam::polyMesh&) const
    in file meshes/polyMesh/polyMeshTetDecomposition/tetIndicesI.H at line 76
    No base point for face 43948882, 4(16382739 16381210 16382230 16379809), produces a valid tet decomposition.
--> FOAM Warning : 
    From function Foam::triFace Foam::tetIndices::faceTriIs(const Foam::polyMesh&) const
    in file meshes/polyMesh/polyMeshTetDecomposition/tetIndicesI.H at line 76
    No base point for face 43931342, 4(16377154 16376535 16376369 16376368), produces a valid tet decomposition.
--> FOAM Warning : 
    From function Foam::triFace Foam::tetIndices::faceTriIs(const Foam::polyMesh&) const
    in file meshes/polyMesh/polyMeshTetDecomposition/tetIndicesI.H at line 76
    No base point for face 43948882, 4(16382739 16381210 16382230 16379809), produces a valid tet decomposition.
--> FOAM Warning : 
    From function Foam::triFace Foam::tetIndices::faceTriIs(const Foam::polyMesh&) const
    in file meshes/polyMesh/polyMeshTetDecomposition/tetIndicesI.H at line 76
    No base point for face 43931342, 4(16377154 16376535 16376369 16376368), produces a valid tet decomposition.
--> FOAM Warning : 
    From function Foam::triFace Foam::tetIndices::faceTriIs(const Foam::polyMesh&) const
    in file meshes/polyMesh/polyMeshTetDecomposition/tetIndicesI.H at line 76
    No base point for face 43948882, 4(16382739 16381210 16382230 16379809), produces a valid tet decomposition.
--> FOAM Warning : 
    From function Foam::triFace Foam::tetIndices::faceTriIs(const Foam::polyMesh&) const
    in file meshes/polyMesh/polyMeshTetDecomposition/tetIndicesI.H at line 76
    No base point for face 43931342, 4(16377154 16376535 16376369 16376368), produces a valid tet decomposition.
--> FOAM Warning : 
    From function Foam::triFace Foam::tetIndices::faceTriIs(const Foam::polyMesh&) const
    in file meshes/polyMesh/polyMeshTetDecomposition/tetIndicesI.H at line 76
    No base point for face 43948882, 4(16382739 16381210 16382230 16379809), produces a valid tet decomposition.
--> FOAM Warning : 
    From function Foam::triFace Foam::tetIndices::faceTriIs(const Foam::polyMesh&) const
    in file meshes/polyMesh/polyMeshTetDecomposition/tetIndicesI.H at line 76
    No base point for face 43931342, 4(16377154 16376535 16376369 16376368), produces a valid tet decomposition.
--> FOAM Warning : 
    From function Foam::triFace Foam::tetIndices::faceTriIs(const Foam::polyMesh&) const
    in file meshes/polyMesh/polyMeshTetDecomposition/tetIndicesI.H at line 76
    No base point for face 43948882, 4(16382739 16381210 16382230 16379809), produces a valid tet decomposition.
--> FOAM Warning : 
    From function Foam::triFace Foam::tetIndices::faceTriIs(const Foam::polyMesh&) const
    in file meshes/polyMesh/polyMeshTetDecomposition/tetIndicesI.H at line 76
    No base point for face 43931342, 4(16377154 16376535 16376369 16376368), produces a valid tet decomposition.
--> FOAM Warning : 
    From function Foam::triFace Foam::tetIndices::faceTriIs(const Foam::polyMesh&) const
    in file meshes/polyMesh/polyMeshTetDecomposition/tetIndicesI.H at line 76
    No base point for face 43948882, 4(16382739 16381210 16382230 16379809), produces a valid tet decomposition.
--> FOAM Warning : 
    From function Foam::triFace Foam::tetIndices::faceTriIs(const Foam::polyMesh&) const
    in file meshes/polyMesh/polyMeshTetDecomposition/tetIndicesI.H at line 76
    No base point for face 43931342, 4(16377154 16376535 16376369 16376368), produces a valid tet decomposition.
--> FOAM Warning : 
    From function Foam::triFace Foam::tetIndices::faceTriIs(const Foam::polyMesh&) const
    in file meshes/polyMesh/polyMeshTetDecomposition/tetIndicesI.H at line 76
    No base point for face 43948882, 4(16382739 16381210 16382230 16379809), produces a valid tet decomposition.
--> FOAM Warning : 
    From function Foam::triFace Foam::tetIndices::faceTriIs(const Foam::polyMesh&) const
    in file meshes/polyMesh/polyMeshTetDecomposition/tetIndicesI.H at line 76
    No base point for face 43931342, 4(16377154 16376535 16376369 16376368), produces a valid tet decomposition.
--> FOAM Warning : 
    From function Foam::triFace Foam::tetIndices::faceTriIs(const Foam::polyMesh&) const
    in file meshes/polyMesh/polyMeshTetDecomposition/tetIndicesI.H at line 76
    No base point for face 43948882, 4(16382739 16381210 16382230 16379809), produces a valid tet decomposition.
--> FOAM Warning : 
    From function Foam::triFace Foam::tetIndices::faceTriIs(const Foam::polyMesh&) const
    in file meshes/polyMesh/polyMeshTetDecomposition/tetIndicesI.H at line 76
    No base point for face 43931342, 4(16377154 16376535 16376369 16376368), produces a valid tet decomposition.
--> FOAM Warning : 
    From function Foam::triFace Foam::tetIndices::faceTriIs(const Foam::polyMesh&) const
    in file meshes/polyMesh/polyMeshTetDecomposition/tetIndicesI.H at line 76
    No base point for face 43948882, 4(16382739 16381210 16382230 16379809), produces a valid tet decomposition.
--> FOAM Warning : 
    From function Foam::triFace Foam::tetIndices::faceTriIs(const Foam::polyMesh&) const
    in file meshes/polyMesh/polyMeshTetDecomposition/tetIndicesI.H at line 76
    No base point for face 43931342, 4(16377154 16376535 16376369 16376368), produces a valid tet decomposition.
--> FOAM Warning : 
    From function Foam::triFace Foam::tetIndices::faceTriIs(const Foam::polyMesh&) const
    in file meshes/polyMesh/polyMeshTetDecomposition/tetIndicesI.H at line 76
    No base point for face 43948882, 4(16382739 16381210 16382230 16379809), produces a valid tet decomposition.
--> FOAM Warning : 
    From function Foam::triFace Foam::tetIndices::faceTriIs(const Foam::polyMesh&) const
    in file meshes/polyMesh/polyMeshTetDecomposition/tetIndicesI.H at line 76
    No base point for face 43931342, 4(16377154 16376535 16376369 16376368), produces a valid tet decomposition.
--> FOAM Warning : 
    From function Foam::triFace Foam::tetIndices::faceTriIs(const Foam::polyMesh&) const
    in file meshes/polyMesh/polyMeshTetDecomposition/tetIndicesI.H at line 76
    No base point for face 43948882, 4(16382739 16381210 16382230 16379809), produces a valid tet decomposition.
--> FOAM Warning : 
    From function Foam::triFace Foam::tetIndices::faceTriIs(const Foam::polyMesh&) const
    in file meshes/polyMesh/polyMeshTetDecomposition/tetIndicesI.H at line 76
    No base point for face 43931342, 4(16377154 16376535 16376369 16376368), produces a valid tet decomposition.
--> FOAM Warning : 
    From function Foam::triFace Foam::tetIndices::faceTriIs(const Foam::polyMesh&) const
    in file meshes/polyMesh/polyMeshTetDecomposition/tetIndicesI.H at line 76
    No base point for face 43948882, 4(16382739 16381210 16382230 16379809), produces a valid tet decomposition.
--> FOAM Warning : 
    From function Foam::triFace Foam::tetIndices::faceTriIs(const Foam::polyMesh&) const
    in file meshes/polyMesh/polyMeshTetDecomposition/tetIndicesI.H at line 76
    No base point for face 43931342, 4(16377154 16376535 16376369 16376368), produces a valid tet decomposition.
--> FOAM Warning : 
    From function Foam::triFace Foam::tetIndices::faceTriIs(const Foam::polyMesh&) const
    in file meshes/polyMesh/polyMeshTetDecomposition/tetIndicesI.H at line 76
    No base point for face 43948882, 4(16382739 16381210 16382230 16379809), produces a valid tet decomposition.
--> FOAM Warning : 
    From function Foam::triFace Foam::tetIndices::faceTriIs(const Foam::polyMesh&) const
    in file meshes/polyMesh/polyMeshTetDecomposition/tetIndicesI.H at line 76
    No base point for face 43931342, 4(16377154 16376535 16376369 16376368), produces a valid tet decomposition.
--> FOAM Warning : 
    From function Foam::triFace Foam::tetIndices::faceTriIs(const Foam::polyMesh&) const
    in file meshes/polyMesh/polyMeshTetDecomposition/tetIndicesI.H at line 76
    No base point for face 43948882, 4(16382739 16381210 16382230 16379809), produces a valid tet decomposition.
--> FOAM Warning : 
    From function Foam::triFace Foam::tetIndices::faceTriIs(const Foam::polyMesh&) const
    in file meshes/polyMesh/polyMeshTetDecomposition/tetIndicesI.H at line 76
    No base point for face 43931342, 4(16377154 16376535 16376369 16376368), produces a valid tet decomposition.
--> FOAM Warning : 
    From function Foam::triFace Foam::tetIndices::faceTriIs(const Foam::polyMesh&) const
    in file meshes/polyMesh/polyMeshTetDecomposition/tetIndicesI.H at line 76
    No base point for face 43948882, 4(16382739 16381210 16382230 16379809), produces a valid tet decomposition.
--> FOAM Warning : 
    From function Foam::triFace Foam::tetIndices::faceTriIs(const Foam::polyMesh&) const
    in file meshes/polyMesh/polyMeshTetDecomposition/tetIndicesI.H at line 76
    No base point for face 54223864, 4(15774065 15774063 15774060 15774061), produces a valid tet decomposition.
--> FOAM Warning : 
    From function Foam::triFace Foam::tetIndices::faceTriIs(const Foam::polyMesh&) const
    in file meshes/polyMesh/polyMeshTetDecomposition/tetIndicesI.H at line 76
    No base point for face 54227249, 4(15774065 15774061 15847876 15844789), produces a valid tet decomposition.
--> FOAM Warning : 
    From function Foam::triFace Foam::tetIndices::faceTriIs(const Foam::polyMesh&) const
    in file meshes/polyMesh/polyMeshTetDecomposition/tetIndicesI.H at line 76
    No base point for face 42491036, 4(15846360 15841316 15774070 15774072), produces a valid tet decomposition.
--> FOAM Warning : 
    From function Foam::triFace Foam::tetIndices::faceTriIs(const Foam::polyMesh&) const
    in file meshes/polyMesh/polyMeshTetDecomposition/tetIndicesI.H at line 76
    No base point for face 54223864, 4(15774065 15774063 15774060 15774061), produces a valid tet decomposition.
--> FOAM Warning : 
    From function Foam::triFace Foam::tetIndices::faceTriIs(const Foam::polyMesh&) const
    in file meshes/polyMesh/polyMeshTetDecomposition/tetIndicesI.H at line 76
    No base point for face 54227249, 4(15774065 15774061 15847876 15844789), produces a valid tet decomposition.
--> FOAM Warning : 
    From function Foam::triFace Foam::tetIndices::faceTriIs(const Foam::polyMesh&) const
    in file meshes/polyMesh/polyMeshTetDecomposition/tetIndicesI.H at line 76
    No base point for face 42491036, 4(15846360 15841316 15774070 15774072), produces a valid tet decomposition.
--> FOAM Warning : 
    From function Foam::triFace Foam::tetIndices::faceTriIs(const Foam::polyMesh&) const
    in file meshes/polyMesh/polyMeshTetDecomposition/tetIndicesI.H at line 76
    No base point for face 54223864, 4(15774065 15774063 15774060 15774061), produces a valid tet decomposition.
--> FOAM Warning : 
    From function Foam::triFace Foam::tetIndices::faceTriIs(const Foam::polyMesh&) const
    in file meshes/polyMesh/polyMeshTetDecomposition/tetIndicesI.H at line 76
    No base point for face 54227249, 4(15774065 15774061 15847876 15844789), produces a valid tet decomposition.
--> FOAM Warning : 
    From function Foam::triFace Foam::tetIndices::faceTriIs(const Foam::polyMesh&) const
    in file meshes/polyMesh/polyMeshTetDecomposition/tetIndicesI.H at line 76
    No base point for face 42491036, 4(15846360 15841316 15774070 15774072), produces a valid tet decomposition.
--> FOAM Warning : 
    From function Foam::triFace Foam::tetIndices::faceTriIs(const Foam::polyMesh&) const
    in file meshes/polyMesh/polyMeshTetDecomposition/tetIndicesI.H at line 76
    No base point for face 54223864, 4(15774065 15774063 15774060 15774061), produces a valid tet decomposition.
--> FOAM Warning : 
    From function Foam::triFace Foam::tetIndices::faceTriIs(const Foam::polyMesh&) const
    in file meshes/polyMesh/polyMeshTetDecomposition/tetIndicesI.H at line 76
    No base point for face 54227249, 4(15774065 15774061 15847876 15844789), produces a valid tet decomposition.
--> FOAM Warning : 
    From function Foam::triFace Foam::tetIndices::faceTriIs(const Foam::polyMesh&) const
    in file meshes/polyMesh/polyMeshTetDecomposition/tetIndicesI.H at line 76
    No base point for face 42491036, 4(15846360 15841316 15774070 15774072), produces a valid tet decomposition.
--> FOAM Warning : 
    From function Foam::triFace Foam::tetIndices::faceTriIs(const Foam::polyMesh&) const
    in file meshes/polyMesh/polyMeshTetDecomposition/tetIndicesI.H at line 76
    No base point for face 42491953, 4(15840190 15844838 15773765 15773764), produces a valid tet decomposition.
--> FOAM Warning : 
    From function Foam::triFace Foam::tetIndices::faceTriIs(const Foam::polyMesh&) const
    in file meshes/polyMesh/polyMeshTetDecomposition/tetIndicesI.H at line 76
    No base point for face 42492177, 4(15840586 15843761 15847998 15844839), produces a valid tet decomposition.
--> FOAM Warning : 
    From function Foam::triFace Foam::tetIndices::faceTriIs(const Foam::polyMesh&) const
    in file meshes/polyMesh/polyMeshTetDecomposition/tetIndicesI.H at line 76
    No base point for face 42491953, 4(15840190 15844838 15773765 15773764), produces a valid tet decomposition.
--> FOAM Warning : 
    From function Foam::triFace Foam::tetIndices::faceTriIs(const Foam::polyMesh&) const
    in file meshes/polyMesh/polyMeshTetDecomposition/tetIndicesI.H at line 76
    No base point for face 42492177, 4(15840586 15843761 15847998 15844839), produces a valid tet decomposition.
--> FOAM Warning : 
    From function Foam::triFace Foam::tetIndices::faceTriIs(const Foam::polyMesh&) const
    in file meshes/polyMesh/polyMeshTetDecomposition/tetIndicesI.H at line 76
    No base point for face 42491953, 4(15840190 15844838 15773765 15773764), produces a valid tet decomposition.
--> FOAM Warning : 
    From function Foam::triFace Foam::tetIndices::faceTriIs(const Foam::polyMesh&) const
    in file meshes/polyMesh/polyMeshTetDecomposition/tetIndicesI.H at line 76
    No base point for face 42492177, 4(15840586 15843761 15847998 15844839), produces a valid tet decomposition.
--> FOAM Warning : 
    From function Foam::triFace Foam::tetIndices::faceTriIs(const Foam::polyMesh&) const
    in file meshes/polyMesh/polyMeshTetDecomposition/tetIndicesI.H at line 76
    No base point for face 42491953, 4(15840190 15844838 15773765 15773764), produces a valid tet decomposition.
--> FOAM Warning : 
    From function Foam::triFace Foam::tetIndices::faceTriIs(const Foam::polyMesh&) const
    in file meshes/polyMesh/polyMeshTetDecomposition/tetIndicesI.H at line 76
    No base point for face 42492177, 4(15840586 15843761 15847998 15844839), produces a valid tet decomposition.
--> FOAM Warning : 
    From function Foam::triFace Foam::tetIndices::faceTriIs(const Foam::polyMesh&) const
    in file meshes/polyMesh/polyMeshTetDecomposition/tetIndicesI.H at line 76
    No base point for face 42491953, 4(15840190 15844838 15773765 15773764), produces a valid tet decomposition.
--> FOAM Warning : 
    From function Foam::triFace Foam::tetIndices::faceTriIs(const Foam::polyMesh&) const
    in file meshes/polyMesh/polyMeshTetDecomposition/tetIndicesI.H at line 76
    No base point for face 42492177, 4(15840586 15843761 15847998 15844839), produces a valid tet decomposition.
--> FOAM Warning : 
    From function Foam::triFace Foam::tetIndices::faceTriIs(const Foam::polyMesh&) const
    in file meshes/polyMesh/polyMeshTetDecomposition/tetIndicesI.H at line 76
    No base point for face 42491953, 4(15840190 15844838 15773765 15773764), produces a valid tet decomposition.
--> FOAM Warning : 
    From function Foam::triFace Foam::tetIndices::faceTriIs(const Foam::polyMesh&) const
    in file meshes/polyMesh/polyMeshTetDecomposition/tetIndicesI.H at line 76
    No base point for face 42492177, 4(15840586 15843761 15847998 15844839), produces a valid tet decomposition.
--> FOAM Warning : 
    From function Foam::triFace Foam::tetIndices::faceTriIs(const Foam::polyMesh&) const
    in file meshes/polyMesh/polyMeshTetDecomposition/tetIndicesI.H at line 76
    No base point for face 42491953, 4(15840190 15844838 15773765 15773764), produces a valid tet decomposition.
--> FOAM Warning : 
    From function Foam::triFace Foam::tetIndices::faceTriIs(const Foam::polyMesh&) const
    in file meshes/polyMesh/polyMeshTetDecomposition/tetIndicesI.H at line 76
    No base point for face 42492177, 4(15840586 15843761 15847998 15844839), produces a valid tet decomposition.
--> FOAM Warning : 
    From function Foam::triFace Foam::tetIndices::faceTriIs(const Foam::polyMesh&) const
    in file meshes/polyMesh/polyMeshTetDecomposition/tetIndicesI.H at line 76
    No base point for face 42491953, 4(15840190 15844838 15773765 15773764), produces a valid tet decomposition.
--> FOAM Warning : 
    From function Foam::triFace Foam::tetIndices::faceTriIs(const Foam::polyMesh&) const
    in file meshes/polyMesh/polyMeshTetDecomposition/tetIndicesI.H at line 76
    No base point for face 42492177, 4(15840586 15843761 15847998 15844839), produces a valid tet decomposition.
--> FOAM Warning : 
    From function Foam::triFace Foam::tetIndices::faceTriIs(const Foam::polyMesh&) const
    in file meshes/polyMesh/polyMeshTetDecomposition/tetIndicesI.H at line 76
    No base point for face 54224078, 4(15774145 15774144 15773779 15773780), produces a valid tet decomposition.
--> FOAM Warning : 
    From function Foam::triFace Foam::tetIndices::faceTriIs(const Foam::polyMesh&) const
    in file meshes/polyMesh/polyMeshTetDecomposition/tetIndicesI.H at line 76
    No base point for face 54226957, 4(15773779 15841412 15846653 15773780), produces a valid tet decomposition.
--> FOAM Warning : 
    From function Foam::triFace Foam::tetIndices::faceTriIs(const Foam::polyMesh&) const
    in file meshes/polyMesh/polyMeshTetDecomposition/tetIndicesI.H at line 76
    No base point for face 42527398, 4(15773814 15773944 15866431 15849654), produces a valid tet decomposition.
--> FOAM Warning : 
    From function Foam::triFace Foam::tetIndices::faceTriIs(const Foam::polyMesh&) const
    in file meshes/polyMesh/polyMeshTetDecomposition/tetIndicesI.H at line 76
    No base point for face 54224078, 4(15774145 15774144 15773779 15773780), produces a valid tet decomposition.
--> FOAM Warning : 
    From function Foam::triFace Foam::tetIndices::faceTriIs(const Foam::polyMesh&) const
    in file meshes/polyMesh/polyMeshTetDecomposition/tetIndicesI.H at line 76
    No base point for face 54226957, 4(15773779 15841412 15846653 15773780), produces a valid tet decomposition.
--> FOAM Warning : 
    From function Foam::triFace Foam::tetIndices::faceTriIs(const Foam::polyMesh&) const
    in file meshes/polyMesh/polyMeshTetDecomposition/tetIndicesI.H at line 76
    No base point for face 42527398, 4(15773814 15773944 15866431 15849654), produces a valid tet decomposition.
--> FOAM Warning : 
    From function Foam::triFace Foam::tetIndices::faceTriIs(const Foam::polyMesh&) const
    in file meshes/polyMesh/polyMeshTetDecomposition/tetIndicesI.H at line 76
    No base point for face 54224078, 4(15774145 15774144 15773779 15773780), produces a valid tet decomposition.
--> FOAM Warning : 
    From function Foam::triFace Foam::tetIndices::faceTriIs(const Foam::polyMesh&) const
    in file meshes/polyMesh/polyMeshTetDecomposition/tetIndicesI.H at line 76
    No base point for face 54226957, 4(15773779 15841412 15846653 15773780), produces a valid tet decomposition.
--> FOAM Warning : 
    From function Foam::triFace Foam::tetIndices::faceTriIs(const Foam::polyMesh&) const
    in file meshes/polyMesh/polyMeshTetDecomposition/tetIndicesI.H at line 76
    No base point for face 42527398, 4(15773814 15773944 15866431 15849654), produces a valid tet decomposition.
--> FOAM Warning : 
    From function Foam::triFace Foam::tetIndices::faceTriIs(const Foam::polyMesh&) const
    in file meshes/polyMesh/polyMeshTetDecomposition/tetIndicesI.H at line 76
    No base point for face 54224078, 4(15774145 15774144 15773779 15773780), produces a valid tet decomposition.
--> FOAM Warning : 
    From function Foam::triFace Foam::tetIndices::faceTriIs(const Foam::polyMesh&) const
    in file meshes/polyMesh/polyMeshTetDecomposition/tetIndicesI.H at line 76
    No base point for face 54226957, 4(15773779 15841412 15846653 15773780), produces a valid tet decomposition.
--> FOAM Warning : 
    From function Foam::triFace Foam::tetIndices::faceTriIs(const Foam::polyMesh&) const
    in file meshes/polyMesh/polyMeshTetDecomposition/tetIndicesI.H at line 76
    No base point for face 42527398, 4(15773814 15773944 15866431 15849654), produces a valid tet decomposition.
--> FOAM Warning : 
    From function Foam::triFace Foam::tetIndices::faceTriIs(const Foam::polyMesh&) const
    in file meshes/polyMesh/polyMeshTetDecomposition/tetIndicesI.H at line 76
    No base point for face 54276406, 4(16449080 16442440 16448091 16444248), produces a valid tet decomposition.
--> FOAM Warning : 
    From function Foam::triFace Foam::tetIndices::faceTriIs(const Foam::polyMesh&) const
    in file meshes/polyMesh/polyMeshTetDecomposition/tetIndicesI.H at line 76
    No base point for face 54276407, 4(16448091 16445219 16449076 16444248), produces a valid tet decomposition.
--> FOAM Warning : 
    From function Foam::triFace Foam::tetIndices::faceTriIs(const Foam::polyMesh&) const
    in file meshes/polyMesh/polyMeshTetDecomposition/tetIndicesI.H at line 76
    No base point for face 54276406, 4(16449080 16442440 16448091 16444248), produces a valid tet decomposition.
--> FOAM Warning : 
    From function Foam::triFace Foam::tetIndices::faceTriIs(const Foam::polyMesh&) const
    in file meshes/polyMesh/polyMeshTetDecomposition/tetIndicesI.H at line 76
    No base point for face 54276407, 4(16448091 16445219 16449076 16444248), produces a valid tet decomposition.
--> FOAM Warning : 
    From function Foam::triFace Foam::tetIndices::faceTriIs(const Foam::polyMesh&) const
    in file meshes/polyMesh/polyMeshTetDecomposition/tetIndicesI.H at line 76
    No base point for face 54276406, 4(16449080 16442440 16448091 16444248), produces a valid tet decomposition.
--> FOAM Warning : 
    From function Foam::triFace Foam::tetIndices::faceTriIs(const Foam::polyMesh&) const
    in file meshes/polyMesh/polyMeshTetDecomposition/tetIndicesI.H at line 76
    No base point for face 54276407, 4(16448091 16445219 16449076 16444248), produces a valid tet decomposition.
--> FOAM Warning : 
    From function Foam::triFace Foam::tetIndices::faceTriIs(const Foam::polyMesh&) const
    in file meshes/polyMesh/polyMeshTetDecomposition/tetIndicesI.H at line 76
    No base point for face 54276406, 4(16449080 16442440 16448091 16444248), produces a valid tet decomposition.
--> FOAM Warning : 
    From function Foam::triFace Foam::tetIndices::faceTriIs(const Foam::polyMesh&) const
    in file meshes/polyMesh/polyMeshTetDecomposition/tetIndicesI.H at line 76
    No base point for face 54276407, 4(16448091 16445219 16449076 16444248), produces a valid tet decomposition.
--> FOAM Warning : 
    From function Foam::triFace Foam::tetIndices::faceTriIs(const Foam::polyMesh&) const
    in file meshes/polyMesh/polyMeshTetDecomposition/tetIndicesI.H at line 76
    No base point for face 54276406, 4(16449080 16442440 16448091 16444248), produces a valid tet decomposition.
--> FOAM Warning : 
    From function Foam::triFace Foam::tetIndices::faceTriIs(const Foam::polyMesh&) const
    in file meshes/polyMesh/polyMeshTetDecomposition/tetIndicesI.H at line 76
    No base point for face 54276407, 4(16448091 16445219 16449076 16444248), produces a valid tet decomposition.
--> FOAM Warning : 
    From function Foam::triFace Foam::tetIndices::faceTriIs(const Foam::polyMesh&) const
    in file meshes/polyMesh/polyMeshTetDecomposition/tetIndicesI.H at line 76
    No base point for face 54276285, 4(16442892 16445196 16447745 16445197), produces a valid tet decomposition.
--> FOAM Warning : 
    From function Foam::triFace Foam::tetIndices::faceTriIs(const Foam::polyMesh&) const
    in file meshes/polyMesh/polyMeshTetDecomposition/tetIndicesI.H at line 76
    No base point for face 54276287, 4(16447747 16445197 16447745 16444059), produces a valid tet decomposition.
--> FOAM Warning : 
    From function Foam::triFace Foam::tetIndices::faceTriIs(const Foam::polyMesh&) const
    in file meshes/polyMesh/polyMeshTetDecomposition/tetIndicesI.H at line 76
    No base point for face 44143873, 4(16443311 16445446 16448830 16446645), produces a valid tet decomposition.
--> FOAM Warning : 
    From function Foam::triFace Foam::tetIndices::faceTriIs(const Foam::polyMesh&) const
    in file meshes/polyMesh/polyMeshTetDecomposition/tetIndicesI.H at line 76
    No base point for face 54276285, 4(16442892 16445196 16447745 16445197), produces a valid tet decomposition.
--> FOAM Warning : 
    From function Foam::triFace Foam::tetIndices::faceTriIs(const Foam::polyMesh&) const
    in file meshes/polyMesh/polyMeshTetDecomposition/tetIndicesI.H at line 76
    No base point for face 54276287, 4(16447747 16445197 16447745 16444059), produces a valid tet decomposition.
--> FOAM Warning : 
    From function Foam::triFace Foam::tetIndices::faceTriIs(const Foam::polyMesh&) const
    in file meshes/polyMesh/polyMeshTetDecomposition/tetIndicesI.H at line 76
    No base point for face 44143873, 4(16443311 16445446 16448830 16446645), produces a valid tet decomposition.
--> FOAM Warning : 
    From function Foam::triFace Foam::tetIndices::faceTriIs(const Foam::polyMesh&) const
    in file meshes/polyMesh/polyMeshTetDecomposition/tetIndicesI.H at line 76
    No base point for face 54276285, 4(16442892 16445196 16447745 16445197), produces a valid tet decomposition.
--> FOAM Warning : 
    From function Foam::triFace Foam::tetIndices::faceTriIs(const Foam::polyMesh&) const
    in file meshes/polyMesh/polyMeshTetDecomposition/tetIndicesI.H at line 76
    No base point for face 54276287, 4(16447747 16445197 16447745 16444059), produces a valid tet decomposition.
--> FOAM Warning : 
    From function Foam::triFace Foam::tetIndices::faceTriIs(const Foam::polyMesh&) const
    in file meshes/polyMesh/polyMeshTetDecomposition/tetIndicesI.H at line 76
    No base point for face 44143873, 4(16443311 16445446 16448830 16446645), produces a valid tet decomposition.
--> FOAM Warning : 
    From function Foam::triFace Foam::tetIndices::faceTriIs(const Foam::polyMesh&) const
    in file meshes/polyMesh/polyMeshTetDecomposition/tetIndicesI.H at line 76
    No base point for face 54276285, 4(16442892 16445196 16447745 16445197), produces a valid tet decomposition.
--> FOAM Warning : 
    From function Foam::triFace Foam::tetIndices::faceTriIs(const Foam::polyMesh&) const
    in file meshes/polyMesh/polyMeshTetDecomposition/tetIndicesI.H at line 76
    No base point for face 54276287, 4(16447747 16445197 16447745 16444059), produces a valid tet decomposition.
--> FOAM Warning : 
    From function Foam::triFace Foam::tetIndices::faceTriIs(const Foam::polyMesh&) const
    in file meshes/polyMesh/polyMeshTetDecomposition/tetIndicesI.H at line 76
    No base point for face 44143873, 4(16443311 16445446 16448830 16446645), produces a valid tet decomposition.
--> FOAM Warning : 
    From function Foam::triFace Foam::tetIndices::faceTriIs(const Foam::polyMesh&) const
    in file meshes/polyMesh/polyMeshTetDecomposition/tetIndicesI.H at line 76
    No base point for face 54223864, 4(15774065 15774063 15774060 15774061), produces a valid tet decomposition.
--> FOAM Warning : 
    From function Foam::triFace Foam::tetIndices::faceTriIs(const Foam::polyMesh&) const
    in file meshes/polyMesh/polyMeshTetDecomposition/tetIndicesI.H at line 76
    No base point for face 54227249, 4(15774065 15774061 15847876 15844789), produces a valid tet decomposition.
--> FOAM Warning : 
    From function Foam::triFace Foam::tetIndices::faceTriIs(const Foam::polyMesh&) const
    in file meshes/polyMesh/polyMeshTetDecomposition/tetIndicesI.H at line 76
    No base point for face 42491036, 4(15846360 15841316 15774070 15774072), produces a valid tet decomposition.
--> FOAM Warning : 
    From function Foam::triFace Foam::tetIndices::faceTriIs(const Foam::polyMesh&) const
    in file meshes/polyMesh/polyMeshTetDecomposition/tetIndicesI.H at line 76
    No base point for face 54223864, 4(15774065 15774063 15774060 15774061), produces a valid tet decomposition.
--> FOAM Warning : 
    From function Foam::triFace Foam::tetIndices::faceTriIs(const Foam::polyMesh&) const
    in file meshes/polyMesh/polyMeshTetDecomposition/tetIndicesI.H at line 76
    No base point for face 54227249, 4(15774065 15774061 15847876 15844789), produces a valid tet decomposition.
--> FOAM Warning : 
    From function Foam::triFace Foam::tetIndices::faceTriIs(const Foam::polyMesh&) const
    in file meshes/polyMesh/polyMeshTetDecomposition/tetIndicesI.H at line 76
    No base point for face 42491036, 4(15846360 15841316 15774070 15774072), produces a valid tet decomposition.
--> FOAM Warning : 
    From function Foam::triFace Foam::tetIndices::faceTriIs(const Foam::polyMesh&) const
    in file meshes/polyMesh/polyMeshTetDecomposition/tetIndicesI.H at line 76
    No base point for face 54223864, 4(15774065 15774063 15774060 15774061), produces a valid tet decomposition.
--> FOAM Warning : 
    From function Foam::triFace Foam::tetIndices::faceTriIs(const Foam::polyMesh&) const
    in file meshes/polyMesh/polyMeshTetDecomposition/tetIndicesI.H at line 76
    No base point for face 54227249, 4(15774065 15774061 15847876 15844789), produces a valid tet decomposition.
--> FOAM Warning : 
    From function Foam::triFace Foam::tetIndices::faceTriIs(const Foam::polyMesh&) const
    in file meshes/polyMesh/polyMeshTetDecomposition/tetIndicesI.H at line 76
    No base point for face 42491036, 4(15846360 15841316 15774070 15774072), produces a valid tet decomposition.
--> FOAM Warning : 
    From function Foam::triFace Foam::tetIndices::faceTriIs(const Foam::polyMesh&) const
    in file meshes/polyMesh/polyMeshTetDecomposition/tetIndicesI.H at line 76
    No base point for face 42491953, 4(15840190 15844838 15773765 15773764), produces a valid tet decomposition.
--> FOAM Warning : 
    From function Foam::triFace Foam::tetIndices::faceTriIs(const Foam::polyMesh&) const
    in file meshes/polyMesh/polyMeshTetDecomposition/tetIndicesI.H at line 76
    No base point for face 42492177, 4(15840586 15843761 15847998 15844839), produces a valid tet decomposition.
--> FOAM Warning : 
    From function Foam::triFace Foam::tetIndices::faceTriIs(const Foam::polyMesh&) const
    in file meshes/polyMesh/polyMeshTetDecomposition/tetIndicesI.H at line 76
    No base point for face 42491953, 4(15840190 15844838 15773765 15773764), produces a valid tet decomposition.
--> FOAM Warning : 
    From function Foam::triFace Foam::tetIndices::faceTriIs(const Foam::polyMesh&) const
    in file meshes/polyMesh/polyMeshTetDecomposition/tetIndicesI.H at line 76
    No base point for face 42492177, 4(15840586 15843761 15847998 15844839), produces a valid tet decomposition.
--> FOAM Warning : 
    From function Foam::triFace Foam::tetIndices::faceTriIs(const Foam::polyMesh&) const
    in file meshes/polyMesh/polyMeshTetDecomposition/tetIndicesI.H at line 76
    No base point for face 42491953, 4(15840190 15844838 15773765 15773764), produces a valid tet decomposition.
--> FOAM Warning : 
    From function Foam::triFace Foam::tetIndices::faceTriIs(const Foam::polyMesh&) const
    in file meshes/polyMesh/polyMeshTetDecomposition/tetIndicesI.H at line 76
    No base point for face 42492177, 4(15840586 15843761 15847998 15844839), produces a valid tet decomposition.
--> FOAM Warning : 
    From function Foam::triFace Foam::tetIndices::faceTriIs(const Foam::polyMesh&) const
    in file meshes/polyMesh/polyMeshTetDecomposition/tetIndicesI.H at line 76
    No base point for face 42491953, 4(15840190 15844838 15773765 15773764), produces a valid tet decomposition.
--> FOAM Warning : 
    From function Foam::triFace Foam::tetIndices::faceTriIs(const Foam::polyMesh&) const
    in file meshes/polyMesh/polyMeshTetDecomposition/tetIndicesI.H at line 76
    No base point for face 42492177, 4(15840586 15843761 15847998 15844839), produces a valid tet decomposition.
--> FOAM Warning : 
    From function Foam::triFace Foam::tetIndices::faceTriIs(const Foam::polyMesh&) const
    in file meshes/polyMesh/polyMeshTetDecomposition/tetIndicesI.H at line 76
    No base point for face 42491953, 4(15840190 15844838 15773765 15773764), produces a valid tet decomposition.
--> FOAM Warning : 
    From function Foam::triFace Foam::tetIndices::faceTriIs(const Foam::polyMesh&) const
    in file meshes/polyMesh/polyMeshTetDecomposition/tetIndicesI.H at line 76
    No base point for face 42492177, 4(15840586 15843761 15847998 15844839), produces a valid tet decomposition.
--> FOAM Warning : 
    From function Foam::triFace Foam::tetIndices::faceTriIs(const Foam::polyMesh&) const
    in file meshes/polyMesh/polyMeshTetDecomposition/tetIndicesI.H at line 76
    No base point for face 42491953, 4(15840190 15844838 15773765 15773764), produces a valid tet decomposition.
--> FOAM Warning : 
    From function Foam::triFace Foam::tetIndices::faceTriIs(const Foam::polyMesh&) const
    in file meshes/polyMesh/polyMeshTetDecomposition/tetIndicesI.H at line 76
    No base point for face 42492177, 4(15840586 15843761 15847998 15844839), produces a valid tet decomposition.
--> FOAM Warning : 
    From function Foam::triFace Foam::tetIndices::faceTriIs(const Foam::polyMesh&) const
    in file meshes/polyMesh/polyMeshTetDecomposition/tetIndicesI.H at line 76
    No base point for face 54224078, 4(15774145 15774144 15773779 15773780), produces a valid tet decomposition.
--> FOAM Warning : 
    From function Foam::triFace Foam::tetIndices::faceTriIs(const Foam::polyMesh&) const
    in file meshes/polyMesh/polyMeshTetDecomposition/tetIndicesI.H at line 76
    No base point for face 54226957, 4(15773779 15841412 15846653 15773780), produces a valid tet decomposition.
--> FOAM Warning : 
    From function Foam::triFace Foam::tetIndices::faceTriIs(const Foam::polyMesh&) const
    in file meshes/polyMesh/polyMeshTetDecomposition/tetIndicesI.H at line 76
    No base point for face 42527398, 4(15773814 15773944 15866431 15849654), produces a valid tet decomposition.
--> FOAM Warning : 
    From function Foam::triFace Foam::tetIndices::faceTriIs(const Foam::polyMesh&) const
    in file meshes/polyMesh/polyMeshTetDecomposition/tetIndicesI.H at line 76
    No base point for face 54224078, 4(15774145 15774144 15773779 15773780), produces a valid tet decomposition.
--> FOAM Warning : 
    From function Foam::triFace Foam::tetIndices::faceTriIs(const Foam::polyMesh&) const
    in file meshes/polyMesh/polyMeshTetDecomposition/tetIndicesI.H at line 76
    No base point for face 54226957, 4(15773779 15841412 15846653 15773780), produces a valid tet decomposition.
--> FOAM Warning : 
    From function Foam::triFace Foam::tetIndices::faceTriIs(const Foam::polyMesh&) const
    in file meshes/polyMesh/polyMeshTetDecomposition/tetIndicesI.H at line 76
    No base point for face 42527398, 4(15773814 15773944 15866431 15849654), produces a valid tet decomposition.
--> FOAM Warning : 
    From function Foam::triFace Foam::tetIndices::faceTriIs(const Foam::polyMesh&) const
    in file meshes/polyMesh/polyMeshTetDecomposition/tetIndicesI.H at line 76
    No base point for face 54224078, 4(15774145 15774144 15773779 15773780), produces a valid tet decomposition.
--> FOAM Warning : 
    From function Foam::triFace Foam::tetIndices::faceTriIs(const Foam::polyMesh&) const
    in file meshes/polyMesh/polyMeshTetDecomposition/tetIndicesI.H at line 76
    No base point for face 54226957, 4(15773779 15841412 15846653 15773780), produces a valid tet decomposition.
--> FOAM Warning : 
    From function Foam::triFace Foam::tetIndices::faceTriIs(const Foam::polyMesh&) const
    in file meshes/polyMesh/polyMeshTetDecomposition/tetIndicesI.H at line 76
    No base point for face 42527398, 4(15773814 15773944 15866431 15849654), produces a valid tet decomposition.
--> FOAM Warning : 
    From function Foam::triFace Foam::tetIndices::faceTriIs(const Foam::polyMesh&) const
    in file meshes/polyMesh/polyMeshTetDecomposition/tetIndicesI.H at line 76
    No base point for face 54276406, 4(16449080 16442440 16448091 16444248), produces a valid tet decomposition.
--> FOAM Warning : 
    From function Foam::triFace Foam::tetIndices::faceTriIs(const Foam::polyMesh&) const
    in file meshes/polyMesh/polyMeshTetDecomposition/tetIndicesI.H at line 76
    No base point for face 54276407, 4(16448091 16445219 16449076 16444248), produces a valid tet decomposition.
--> FOAM Warning : 
    From function Foam::triFace Foam::tetIndices::faceTriIs(const Foam::polyMesh&) const
    in file meshes/polyMesh/polyMeshTetDecomposition/tetIndicesI.H at line 76
    No base point for face 54276406, 4(16449080 16442440 16448091 16444248), produces a valid tet decomposition.
--> FOAM Warning : 
    From function Foam::triFace Foam::tetIndices::faceTriIs(const Foam::polyMesh&) const
    in file meshes/polyMesh/polyMeshTetDecomposition/tetIndicesI.H at line 76
    No base point for face 54276407, 4(16448091 16445219 16449076 16444248), produces a valid tet decomposition.
--> FOAM Warning : 
    From function Foam::triFace Foam::tetIndices::faceTriIs(const Foam::polyMesh&) const
    in file meshes/polyMesh/polyMeshTetDecomposition/tetIndicesI.H at line 76
    No base point for face 54276406, 4(16449080 16442440 16448091 16444248), produces a valid tet decomposition.
--> FOAM Warning : 
    From function Foam::triFace Foam::tetIndices::faceTriIs(const Foam::polyMesh&) const
    in file meshes/polyMesh/polyMeshTetDecomposition/tetIndicesI.H at line 76
    No base point for face 54276407, 4(16448091 16445219 16449076 16444248), produces a valid tet decomposition.
--> FOAM Warning : 
    From function Foam::triFace Foam::tetIndices::faceTriIs(const Foam::polyMesh&) const
    in file meshes/polyMesh/polyMeshTetDecomposition/tetIndicesI.H at line 76
    No base point for face 54276406, 4(16449080 16442440 16448091 16444248), produces a valid tet decomposition.
--> FOAM Warning : 
    From function Foam::triFace Foam::tetIndices::faceTriIs(const Foam::polyMesh&) const
    in file meshes/polyMesh/polyMeshTetDecomposition/tetIndicesI.H at line 76
    No base point for face 54276407, 4(16448091 16445219 16449076 16444248), produces a valid tet decomposition.
--> FOAM Warning : 
    From function Foam::triFace Foam::tetIndices::faceTriIs(const Foam::polyMesh&) const
    in file meshes/polyMesh/polyMeshTetDecomposition/tetIndicesI.H at line 76
    No base point for face 54276285, 4(16442892 16445196 16447745 16445197), produces a valid tet decomposition.
--> FOAM Warning : 
    From function Foam::triFace Foam::tetIndices::faceTriIs(const Foam::polyMesh&) const
    in file meshes/polyMesh/polyMeshTetDecomposition/tetIndicesI.H at line 76
    No base point for face 54276287, 4(16447747 16445197 16447745 16444059), produces a valid tet decomposition.
--> FOAM Warning : 
    From function Foam::triFace Foam::tetIndices::faceTriIs(const Foam::polyMesh&) const
    in file meshes/polyMesh/polyMeshTetDecomposition/tetIndicesI.H at line 76
    No base point for face 44143873, 4(16443311 16445446 16448830 16446645), produces a valid tet decomposition.
--> FOAM Warning : 
    From function Foam::triFace Foam::tetIndices::faceTriIs(const Foam::polyMesh&) const
    in file meshes/polyMesh/polyMeshTetDecomposition/tetIndicesI.H at line 76
    No base point for face 54276285, 4(16442892 16445196 16447745 16445197), produces a valid tet decomposition.
--> FOAM Warning : 
    From function Foam::triFace Foam::tetIndices::faceTriIs(const Foam::polyMesh&) const
    in file meshes/polyMesh/polyMeshTetDecomposition/tetIndicesI.H at line 76
    No base point for face 54276287, 4(16447747 16445197 16447745 16444059), produces a valid tet decomposition.
--> FOAM Warning : 
    From function Foam::triFace Foam::tetIndices::faceTriIs(const Foam::polyMesh&) const
    in file meshes/polyMesh/polyMeshTetDecomposition/tetIndicesI.H at line 76
    No base point for face 44143873, 4(16443311 16445446 16448830 16446645), produces a valid tet decomposition.
--> FOAM Warning : 
    From function Foam::triFace Foam::tetIndices::faceTriIs(const Foam::polyMesh&) const
    in file meshes/polyMesh/polyMeshTetDecomposition/tetIndicesI.H at line 76
    No base point for face 54276285, 4(16442892 16445196 16447745 16445197), produces a valid tet decomposition.
--> FOAM Warning : 
    From function Foam::triFace Foam::tetIndices::faceTriIs(const Foam::polyMesh&) const
    in file meshes/polyMesh/polyMeshTetDecomposition/tetIndicesI.H at line 76
    No base point for face 54276287, 4(16447747 16445197 16447745 16444059), produces a valid tet decomposition.
--> FOAM Warning : 
    From function Foam::triFace Foam::tetIndices::faceTriIs(const Foam::polyMesh&) const
    in file meshes/polyMesh/polyMeshTetDecomposition/tetIndicesI.H at line 76
    No base point for face 54223864, 4(15774065 15774063 15774060 15774061), produces a valid tet decomposition.
--> FOAM Warning : 
    From function Foam::triFace Foam::tetIndices::faceTriIs(const Foam::polyMesh&) const
    in file meshes/polyMesh/polyMeshTetDecomposition/tetIndicesI.H at line 76
    No base point for face 54227249, 4(15774065 15774061 15847876 15844789), produces a valid tet decomposition.
--> FOAM Warning : 
    From function Foam::triFace Foam::tetIndices::faceTriIs(const Foam::polyMesh&) const
    in file meshes/polyMesh/polyMeshTetDecomposition/tetIndicesI.H at line 76
    No base point for face 42491036, 4(15846360 15841316 15774070 15774072), produces a valid tet decomposition.
--> FOAM Warning : 
    From function Foam::triFace Foam::tetIndices::faceTriIs(const Foam::polyMesh&) const
    in file meshes/polyMesh/polyMeshTetDecomposition/tetIndicesI.H at line 76
    No base point for face 54223864, 4(15774065 15774063 15774060 15774061), produces a valid tet decomposition.
--> FOAM Warning : 
    From function Foam::triFace Foam::tetIndices::faceTriIs(const Foam::polyMesh&) const
    in file meshes/polyMesh/polyMeshTetDecomposition/tetIndicesI.H at line 76
    No base point for face 54227249, 4(15774065 15774061 15847876 15844789), produces a valid tet decomposition.
--> FOAM Warning : 
    From function Foam::triFace Foam::tetIndices::faceTriIs(const Foam::polyMesh&) const
    in file meshes/polyMesh/polyMeshTetDecomposition/tetIndicesI.H at line 76
    No base point for face 42491036, 4(15846360 15841316 15774070 15774072), produces a valid tet decomposition.
--> FOAM Warning : 
    From function Foam::triFace Foam::tetIndices::faceTriIs(const Foam::polyMesh&) const
    in file meshes/polyMesh/polyMeshTetDecomposition/tetIndicesI.H at line 76
    No base point for face 54223864, 4(15774065 15774063 15774060 15774061), produces a valid tet decomposition.
--> FOAM Warning : 
    From function Foam::triFace Foam::tetIndices::faceTriIs(const Foam::polyMesh&) const
    in file meshes/polyMesh/polyMeshTetDecomposition/tetIndicesI.H at line 76
    No base point for face 54227249, 4(15774065 15774061 15847876 15844789), produces a valid tet decomposition.
--> FOAM Warning : 
    From function Foam::triFace Foam::tetIndices::faceTriIs(const Foam::polyMesh&) const
    in file meshes/polyMesh/polyMeshTetDecomposition/tetIndicesI.H at line 76
    No base point for face 42491036, 4(15846360 15841316 15774070 15774072), produces a valid tet decomposition.
--> FOAM Warning : 
    From function Foam::triFace Foam::tetIndices::faceTriIs(const Foam::polyMesh&) const
    in file meshes/polyMesh/polyMeshTetDecomposition/tetIndicesI.H at line 76
    No base point for face 42491953, 4(15840190 15844838 15773765 15773764), produces a valid tet decomposition.
--> FOAM Warning : 
    From function Foam::triFace Foam::tetIndices::faceTriIs(const Foam::polyMesh&) const
    in file meshes/polyMesh/polyMeshTetDecomposition/tetIndicesI.H at line 76
    No base point for face 42492177, 4(15840586 15843761 15847998 15844839), produces a valid tet decomposition.
--> FOAM Warning : 
    From function Foam::triFace Foam::tetIndices::faceTriIs(const Foam::polyMesh&) const
    in file meshes/polyMesh/polyMeshTetDecomposition/tetIndicesI.H at line 76
    No base point for face 42491953, 4(15840190 15844838 15773765 15773764), produces a valid tet decomposition.
--> FOAM Warning : 
    From function Foam::triFace Foam::tetIndices::faceTriIs(const Foam::polyMesh&) const
    in file meshes/polyMesh/polyMeshTetDecomposition/tetIndicesI.H at line 76
    No base point for face 42492177, 4(15840586 15843761 15847998 15844839), produces a valid tet decomposition.
--> FOAM Warning : 
    From function Foam::triFace Foam::tetIndices::faceTriIs(const Foam::polyMesh&) const
    in file meshes/polyMesh/polyMeshTetDecomposition/tetIndicesI.H at line 76
    No base point for face 42491953, 4(15840190 15844838 15773765 15773764), produces a valid tet decomposition.
--> FOAM Warning : 
    From function Foam::triFace Foam::tetIndices::faceTriIs(const Foam::polyMesh&) const
    in file meshes/polyMesh/polyMeshTetDecomposition/tetIndicesI.H at line 76
    No base point for face 42492177, 4(15840586 15843761 15847998 15844839), produces a valid tet decomposition.
--> FOAM Warning : 
    From function Foam::triFace Foam::tetIndices::faceTriIs(const Foam::polyMesh&) const
    in file meshes/polyMesh/polyMeshTetDecomposition/tetIndicesI.H at line 76
    No base point for face 42491953, 4(15840190 15844838 15773765 15773764), produces a valid tet decomposition.
--> FOAM Warning : 
    From function Foam::triFace Foam::tetIndices::faceTriIs(const Foam::polyMesh&) const
    in file meshes/polyMesh/polyMeshTetDecomposition/tetIndicesI.H at line 76
    No base point for face 42492177, 4(15840586 15843761 15847998 15844839), produces a valid tet decomposition.
--> FOAM Warning : 
    From function Foam::triFace Foam::tetIndices::faceTriIs(const Foam::polyMesh&) const
    in file meshes/polyMesh/polyMeshTetDecomposition/tetIndicesI.H at line 76
    No base point for face 54224078, 4(15774145 15774144 15773779 15773780), produces a valid tet decomposition.
--> FOAM Warning : 
    From function Foam::triFace Foam::tetIndices::faceTriIs(const Foam::polyMesh&) const
    in file meshes/polyMesh/polyMeshTetDecomposition/tetIndicesI.H at line 76
    No base point for face 54226957, 4(15773779 15841412 15846653 15773780), produces a valid tet decomposition.
--> FOAM Warning : 
    From function Foam::triFace Foam::tetIndices::faceTriIs(const Foam::polyMesh&) const
    in file meshes/polyMesh/polyMeshTetDecomposition/tetIndicesI.H at line 76
    No base point for face 42527398, 4(15773814 15773944 15866431 15849654), produces a valid tet decomposition.
--> FOAM Warning : 
    From function Foam::triFace Foam::tetIndices::faceTriIs(const Foam::polyMesh&) const
    in file meshes/polyMesh/polyMeshTetDecomposition/tetIndicesI.H at line 76
    No base point for face 54224078, 4(15774145 15774144 15773779 15773780), produces a valid tet decomposition.
--> FOAM Warning : 
    From function Foam::triFace Foam::tetIndices::faceTriIs(const Foam::polyMesh&) const
    in file meshes/polyMesh/polyMeshTetDecomposition/tetIndicesI.H at line 76
    No base point for face 54226957, 4(15773779 15841412 15846653 15773780), produces a valid tet decomposition.
--> FOAM Warning : 
    From function Foam::triFace Foam::tetIndices::faceTriIs(const Foam::polyMesh&) const
    in file meshes/polyMesh/polyMeshTetDecomposition/tetIndicesI.H at line 76
    No base point for face 42527398, 4(15773814 15773944 15866431 15849654), produces a valid tet decomposition.
--> FOAM Warning : 
    From function Foam::triFace Foam::tetIndices::faceTriIs(const Foam::polyMesh&) const
    in file meshes/polyMesh/polyMeshTetDecomposition/tetIndicesI.H at line 76
    No base point for face 54224078, 4(15774145 15774144 15773779 15773780), produces a valid tet decomposition.
--> FOAM Warning : 
    From function Foam::triFace Foam::tetIndices::faceTriIs(const Foam::polyMesh&) const
    in file meshes/polyMesh/polyMeshTetDecomposition/tetIndicesI.H at line 76
    No base point for face 54226957, 4(15773779 15841412 15846653 15773780), produces a valid tet decomposition.
--> FOAM Warning : 
    From function Foam::triFace Foam::tetIndices::faceTriIs(const Foam::polyMesh&) const
    in file meshes/polyMesh/polyMeshTetDecomposition/tetIndicesI.H at line 76
    No base point for face 42527398, 4(15773814 15773944 15866431 15849654), produces a valid tet decomposition.
--> FOAM Warning : 
    From function Foam::triFace Foam::tetIndices::faceTriIs(const Foam::polyMesh&) const
    in file meshes/polyMesh/polyMeshTetDecomposition/tetIndicesI.H at line 76
    No base point for face 54276406, 4(16449080 16442440 16448091 16444248), produces a valid tet decomposition.
--> FOAM Warning : 
    From function Foam::triFace Foam::tetIndices::faceTriIs(const Foam::polyMesh&) const
    in file meshes/polyMesh/polyMeshTetDecomposition/tetIndicesI.H at line 76
    No base point for face 54276407, 4(16448091 16445219 16449076 16444248), produces a valid tet decomposition.
--> FOAM Warning : 
    From function Foam::triFace Foam::tetIndices::faceTriIs(const Foam::polyMesh&) const
    in file meshes/polyMesh/polyMeshTetDecomposition/tetIndicesI.H at line 76
    No base point for face 54276406, 4(16449080 16442440 16448091 16444248), produces a valid tet decomposition.
--> FOAM Warning : 
    From function Foam::triFace Foam::tetIndices::faceTriIs(const Foam::polyMesh&) const
    in file meshes/polyMesh/polyMeshTetDecomposition/tetIndicesI.H at line 76
    No base point for face 54276407, 4(16448091 16445219 16449076 16444248), produces a valid tet decomposition.
--> FOAM Warning : 
    From function Foam::triFace Foam::tetIndices::faceTriIs(const Foam::polyMesh&) const
    in file meshes/polyMesh/polyMeshTetDecomposition/tetIndicesI.H at line 76
    No base point for face 54276406, 4(16449080 16442440 16448091 16444248), produces a valid tet decomposition.
--> FOAM Warning : 
    From function Foam::triFace Foam::tetIndices::faceTriIs(const Foam::polyMesh&) const
    in file meshes/polyMesh/polyMeshTetDecomposition/tetIndicesI.H at line 76
    No base point for face 54276407, 4(16448091 16445219 16449076 16444248), produces a valid tet decomposition.
--> FOAM Warning : 
    From function Foam::triFace Foam::tetIndices::faceTriIs(const Foam::polyMesh&) const
    in file meshes/polyMesh/polyMeshTetDecomposition/tetIndicesI.H at line 76
    No base point for face 54276406, 4(16449080 16442440 16448091 16444248), produces a valid tet decomposition.
--> FOAM Warning : 
    From function Foam::triFace Foam::tetIndices::faceTriIs(const Foam::polyMesh&) const
    in file meshes/polyMesh/polyMeshTetDecomposition/tetIndicesI.H at line 76
    No base point for face 54276407, 4(16448091 16445219 16449076 16444248), produces a valid tet decomposition.
--> FOAM Warning : 
    From function Foam::triFace Foam::tetIndices::faceTriIs(const Foam::polyMesh&) const
    in file meshes/polyMesh/polyMeshTetDecomposition/tetIndicesI.H at line 76
    No base point for face 54276285, 4(16442892 16445196 16447745 16445197), produces a valid tet decomposition.
--> FOAM Warning : 
    From function Foam::triFace Foam::tetIndices::faceTriIs(const Foam::polyMesh&) const
    in file meshes/polyMesh/polyMeshTetDecomposition/tetIndicesI.H at line 76
    No base point for face 54276287, 4(16447747 16445197 16447745 16444059), produces a valid tet decomposition.
--> FOAM Warning : 
    From function Foam::triFace Foam::tetIndices::faceTriIs(const Foam::polyMesh&) const
    in file meshes/polyMesh/polyMeshTetDecomposition/tetIndicesI.H at line 76
    No base point for face 54276285, 4(16442892 16445196 16447745 16445197), produces a valid tet decomposition.
--> FOAM Warning : 
    From function Foam::triFace Foam::tetIndices::faceTriIs(const Foam::polyMesh&) const
    in file meshes/polyMesh/polyMeshTetDecomposition/tetIndicesI.H at line 76
    No base point for face 54276287, 4(16447747 16445197 16447745 16444059), produces a valid tet decomposition.
--> FOAM Warning : 
    From function Foam::triFace Foam::tetIndices::faceTriIs(const Foam::polyMesh&) const
    in file meshes/polyMesh/polyMeshTetDecomposition/tetIndicesI.H at line 76
    No base point for face 44143873, 4(16443311 16445446 16448830 16446645), produces a valid tet decomposition.
--> FOAM Warning : 
    From function Foam::triFace Foam::tetIndices::faceTriIs(const Foam::polyMesh&) const
    in file meshes/polyMesh/polyMeshTetDecomposition/tetIndicesI.H at line 76
    No base point for face 54276285, 4(16442892 16445196 16447745 16445197), produces a valid tet decomposition.
--> FOAM Warning : 
    From function Foam::triFace Foam::tetIndices::faceTriIs(const Foam::polyMesh&) const
    in file meshes/polyMesh/polyMeshTetDecomposition/tetIndicesI.H at line 76
    No base point for face 54276287, 4(16447747 16445197 16447745 16444059), produces a valid tet decomposition.
--> FOAM Warning : 
    From function Foam::triFace Foam::tetIndices::faceTriIs(const Foam::polyMesh&) const
    in file meshes/polyMesh/polyMeshTetDecomposition/tetIndicesI.H at line 76
    No base point for face 54223864, 4(15774065 15774063 15774060 15774061), produces a valid tet decomposition.
--> FOAM Warning : 
    From function Foam::triFace Foam::tetIndices::faceTriIs(const Foam::polyMesh&) const
    in file meshes/polyMesh/polyMeshTetDecomposition/tetIndicesI.H at line 76
    No base point for face 54227249, 4(15774065 15774061 15847876 15844789), produces a valid tet decomposition.
--> FOAM Warning : 
    From function Foam::triFace Foam::tetIndices::faceTriIs(const Foam::polyMesh&) const
    in file meshes/polyMesh/polyMeshTetDecomposition/tetIndicesI.H at line 76
    No base point for face 42491036, 4(15846360 15841316 15774070 15774072), produces a valid tet decomposition.
--> FOAM Warning : 
    From function Foam::triFace Foam::tetIndices::faceTriIs(const Foam::polyMesh&) const
    in file meshes/polyMesh/polyMeshTetDecomposition/tetIndicesI.H at line 76
    No base point for face 54223864, 4(15774065 15774063 15774060 15774061), produces a valid tet decomposition.
--> FOAM Warning : 
    From function Foam::triFace Foam::tetIndices::faceTriIs(const Foam::polyMesh&) const
    in file meshes/polyMesh/polyMeshTetDecomposition/tetIndicesI.H at line 76
    No base point for face 54227249, 4(15774065 15774061 15847876 15844789), produces a valid tet decomposition.
--> FOAM Warning : 
    From function Foam::triFace Foam::tetIndices::faceTriIs(const Foam::polyMesh&) const
    in file meshes/polyMesh/polyMeshTetDecomposition/tetIndicesI.H at line 76
    No base point for face 42491036, 4(15846360 15841316 15774070 15774072), produces a valid tet decomposition.
--> FOAM Warning : 
    From function Foam::triFace Foam::tetIndices::faceTriIs(const Foam::polyMesh&) const
    in file meshes/polyMesh/polyMeshTetDecomposition/tetIndicesI.H at line 76
    No base point for face 54223864, 4(15774065 15774063 15774060 15774061), produces a valid tet decomposition.
--> FOAM Warning : 
    From function Foam::triFace Foam::tetIndices::faceTriIs(const Foam::polyMesh&) const
    in file meshes/polyMesh/polyMeshTetDecomposition/tetIndicesI.H at line 76
    No base point for face 54227249, 4(15774065 15774061 15847876 15844789), produces a valid tet decomposition.
--> FOAM Warning : 
    From function Foam::triFace Foam::tetIndices::faceTriIs(const Foam::polyMesh&) const
    in file meshes/polyMesh/polyMeshTetDecomposition/tetIndicesI.H at line 76
    No base point for face 42491036, 4(15846360 15841316 15774070 15774072), produces a valid tet decomposition.
--> FOAM Warning : 
    From function Foam::triFace Foam::tetIndices::faceTriIs(const Foam::polyMesh&) const
    in file meshes/polyMesh/polyMeshTetDecomposition/tetIndicesI.H at line 76
    No base point for face 42491953, 4(15840190 15844838 15773765 15773764), produces a valid tet decomposition.
--> FOAM Warning : 
    From function Foam::triFace Foam::tetIndices::faceTriIs(const Foam::polyMesh&) const
    in file meshes/polyMesh/polyMeshTetDecomposition/tetIndicesI.H at line 76
    No base point for face 42492177, 4(15840586 15843761 15847998 15844839), produces a valid tet decomposition.
--> FOAM Warning : 
    From function Foam::triFace Foam::tetIndices::faceTriIs(const Foam::polyMesh&) const
    in file meshes/polyMesh/polyMeshTetDecomposition/tetIndicesI.H at line 76
    No base point for face 42491953, 4(15840190 15844838 15773765 15773764), produces a valid tet decomposition.
--> FOAM Warning : 
    From function Foam::triFace Foam::tetIndices::faceTriIs(const Foam::polyMesh&) const
    in file meshes/polyMesh/polyMeshTetDecomposition/tetIndicesI.H at line 76
    No base point for face 42492177, 4(15840586 15843761 15847998 15844839), produces a valid tet decomposition.
--> FOAM Warning : 
    From function Foam::triFace Foam::tetIndices::faceTriIs(const Foam::polyMesh&) const
    in file meshes/polyMesh/polyMeshTetDecomposition/tetIndicesI.H at line 76
    No base point for face 42491953, 4(15840190 15844838 15773765 15773764), produces a valid tet decomposition.
--> FOAM Warning : 
    From function Foam::triFace Foam::tetIndices::faceTriIs(const Foam::polyMesh&) const
    in file meshes/polyMesh/polyMeshTetDecomposition/tetIndicesI.H at line 76
    No base point for face 42492177, 4(15840586 15843761 15847998 15844839), produces a valid tet decomposition.
--> FOAM Warning : 
    From function Foam::triFace Foam::tetIndices::faceTriIs(const Foam::polyMesh&) const
    in file meshes/polyMesh/polyMeshTetDecomposition/tetIndicesI.H at line 76
    No base point for face 42491953, 4(15840190 15844838 15773765 15773764), produces a valid tet decomposition.
--> FOAM Warning : 
    From function Foam::triFace Foam::tetIndices::faceTriIs(const Foam::polyMesh&) const
    in file meshes/polyMesh/polyMeshTetDecomposition/tetIndicesI.H at line 76
    No base point for face 42492177, 4(15840586 15843761 15847998 15844839), produces a valid tet decomposition.
--> FOAM Warning : 
    From function Foam::triFace Foam::tetIndices::faceTriIs(const Foam::polyMesh&) const
    in file meshes/polyMesh/polyMeshTetDecomposition/tetIndicesI.H at line 76
    No base point for face 54224078, 4(15774145 15774144 15773779 15773780), produces a valid tet decomposition.
--> FOAM Warning : 
    From function Foam::triFace Foam::tetIndices::faceTriIs(const Foam::polyMesh&) const
    in file meshes/polyMesh/polyMeshTetDecomposition/tetIndicesI.H at line 76
    No base point for face 54226957, 4(15773779 15841412 15846653 15773780), produces a valid tet decomposition.
--> FOAM Warning : 
    From function Foam::triFace Foam::tetIndices::faceTriIs(const Foam::polyMesh&) const
    in file meshes/polyMesh/polyMeshTetDecomposition/tetIndicesI.H at line 76
    No base point for face 54276406, 4(16449080 16442440 16448091 16444248), produces a valid tet decomposition.
--> FOAM Warning : 
    From function Foam::triFace Foam::tetIndices::faceTriIs(const Foam::polyMesh&) const
    in file meshes/polyMesh/polyMeshTetDecomposition/tetIndicesI.H at line 76
    No base point for face 54276407, 4(16448091 16445219 16449076 16444248), produces a valid tet decomposition.
--> FOAM Warning : 
    From function Foam::triFace Foam::tetIndices::faceTriIs(const Foam::polyMesh&) const
    in file meshes/polyMesh/polyMeshTetDecomposition/tetIndicesI.H at line 76
    No base point for face 54276406, 4(16449080 16442440 16448091 16444248), produces a valid tet decomposition.
--> FOAM Warning : 
    From function Foam::triFace Foam::tetIndices::faceTriIs(const Foam::polyMesh&) const
    in file meshes/polyMesh/polyMeshTetDecomposition/tetIndicesI.H at line 76
    No base point for face 54276407, 4(16448091 16445219 16449076 16444248), produces a valid tet decomposition.
--> FOAM Warning : 
    From function Foam::triFace Foam::tetIndices::faceTriIs(const Foam::polyMesh&) const
    in file meshes/polyMesh/polyMeshTetDecomposition/tetIndicesI.H at line 76
    No base point for face 54276406, 4(16449080 16442440 16448091 16444248), produces a valid tet decomposition.
--> FOAM Warning : 
    From function Foam::triFace Foam::tetIndices::faceTriIs(const Foam::polyMesh&) const
    in file meshes/polyMesh/polyMeshTetDecomposition/tetIndicesI.H at line 76
    No base point for face 54276407, 4(16448091 16445219 16449076 16444248), produces a valid tet decomposition.
--> FOAM Warning : 
    From function Foam::triFace Foam::tetIndices::faceTriIs(const Foam::polyMesh&) const
    in file meshes/polyMesh/polyMeshTetDecomposition/tetIndicesI.H at line 76
    No base point for face 54276285, 4(16442892 16445196 16447745 16445197), produces a valid tet decomposition.
--> FOAM Warning : 
    From function Foam::triFace Foam::tetIndices::faceTriIs(const Foam::polyMesh&) const
    in file meshes/polyMesh/polyMeshTetDecomposition/tetIndicesI.H at line 76
    No base point for face 54276287, 4(16447747 16445197 16447745 16444059), produces a valid tet decomposition.
--> FOAM Warning : 
    From function Foam::triFace Foam::tetIndices::faceTriIs(const Foam::polyMesh&) const
    in file meshes/polyMesh/polyMeshTetDecomposition/tetIndicesI.H at line 76
    No base point for face 44143873, 4(16443311 16445446 16448830 16446645), produces a valid tet decomposition.
--> FOAM Warning : 
    From function Foam::triFace Foam::tetIndices::faceTriIs(const Foam::polyMesh&) const
    in file meshes/polyMesh/polyMeshTetDecomposition/tetIndicesI.H at line 76
    No base point for face 54276285, 4(16442892 16445196 16447745 16445197), produces a valid tet decomposition.
--> FOAM Warning : 
    From function Foam::triFace Foam::tetIndices::faceTriIs(const Foam::polyMesh&) const
    in file meshes/polyMesh/polyMeshTetDecomposition/tetIndicesI.H at line 76
    No base point for face 54276287, 4(16447747 16445197 16447745 16444059), produces a valid tet decomposition.
--> FOAM Warning : 
    From function Foam::triFace Foam::tetIndices::faceTriIs(const Foam::polyMesh&) const
    in file meshes/polyMesh/polyMeshTetDecomposition/tetIndicesI.H at line 76
    No base point for face 44143873, 4(16443311 16445446 16448830 16446645), produces a valid tet decomposition.
--> FOAM Warning : 
    From function Foam::triFace Foam::tetIndices::faceTriIs(const Foam::polyMesh&) const
    in file meshes/polyMesh/polyMeshTetDecomposition/tetIndicesI.H at line 76
    No base point for face 54276285, 4(16442892 16445196 16447745 16445197), produces a valid tet decomposition.
--> FOAM Warning : 
    From function Foam::triFace Foam::tetIndices::faceTriIs(const Foam::polyMesh&) const
    in file meshes/polyMesh/polyMeshTetDecomposition/tetIndicesI.H at line 76
    No base point for face 54276287, 4(16447747 16445197 16447745 16444059), produces a valid tet decomposition.
--> FOAM Warning : 
    From function Foam::triFace Foam::tetIndices::faceTriIs(const Foam::polyMesh&) const
    in file meshes/polyMesh/polyMeshTetDecomposition/tetIndicesI.H at line 76
    No base point for face 44143873, 4(16443311 16445446 16448830 16446645), produces a valid tet decomposition.
--> FOAM Warning : 
    From function Foam::triFace Foam::tetIndices::faceTriIs(const Foam::polyMesh&) const
    in file meshes/polyMesh/polyMeshTetDecomposition/tetIndicesI.H at line 76
    No base point for face 54276285, 4(16442892 16445196 16447745 16445197), produces a valid tet decomposition.
--> FOAM Warning : 
    From function Foam::triFace Foam::tetIndices::faceTriIs(const Foam::polyMesh&) const
    in file meshes/polyMesh/polyMeshTetDecomposition/tetIndicesI.H at line 76
    No base point for face 54276287, 4(16447747 16445197 16447745 16444059), produces a valid tet decomposition.
--> FOAM Warning : 
    From function Foam::triFace Foam::tetIndices::faceTriIs(const Foam::polyMesh&) const
    in file meshes/polyMesh/polyMeshTetDecomposition/tetIndicesI.H at line 76
    No base point for face 44143873, 4(16443311 16445446 16448830 16446645), produces a valid tet decomposition.
--> FOAM Warning : 
    From function Foam::triFace Foam::tetIndices::faceTriIs(const Foam::polyMesh&) const
    in file meshes/polyMesh/polyMeshTetDecomposition/tetIndicesI.H at line 76
    No base point for face 34931281, 4(13202665 13195634 13202664 13198985), produces a valid tet decomposition.
--> FOAM Warning : 
    From function Foam::triFace Foam::tetIndices::faceTriIs(const Foam::polyMesh&) const
    in file meshes/polyMesh/polyMeshTetDecomposition/tetIndicesI.H at line 76
    No base point for face 34931032, 4(13202640 13195620 13202639 13198972), produces a valid tet decomposition.
--> FOAM Warning : 
    From function Foam::triFace Foam::tetIndices::faceTriIs(const Foam::polyMesh&) const
    in file meshes/polyMesh/polyMeshTetDecomposition/tetIndicesI.H at line 76
    No base point for face 34764694, 4(13142580 13146322 13149986 13146317), produces a valid tet decomposition.
--> FOAM Warning : 
    From function Foam::triFace Foam::tetIndices::faceTriIs(const Foam::polyMesh&) const
    in file meshes/polyMesh/polyMeshTetDecomposition/tetIndicesI.H at line 76
    No base point for face 34767457, 4(13150292 13144081 13148975 13147403), produces a valid tet decomposition.
--> FOAM Warning : 
    From function Foam::triFace Foam::tetIndices::faceTriIs(const Foam::polyMesh&) const
    in file meshes/polyMesh/polyMeshTetDecomposition/tetIndicesI.H at line 76
    No base point for face 36438353, 4(13757836 13754100 13758844 13756584), produces a valid tet decomposition.
--> FOAM Warning : 
    From function Foam::triFace Foam::tetIndices::faceTriIs(const Foam::polyMesh&) const
    in file meshes/polyMesh/polyMeshTetDecomposition/tetIndicesI.H at line 76
    No base point for face 36440227, 4(13753259 13755547 13759083 13756437), produces a valid tet decomposition.
--> FOAM Warning : 
    From function Foam::triFace Foam::tetIndices::faceTriIs(const Foam::polyMesh&) const
    in file meshes/polyMesh/polyMeshTetDecomposition/tetIndicesI.H at line 76
    No base point for face 36604107, 4(13809251 13805564 13809250 13801979), produces a valid tet decomposition.
--> FOAM Warning : 
    From function Foam::triFace Foam::tetIndices::faceTriIs(const Foam::polyMesh&) const
    in file meshes/polyMesh/polyMeshTetDecomposition/tetIndicesI.H at line 76
    No base point for face 36604761, 4(13809322 13805597 13809321 13802017), produces a valid tet decomposition.
--> FOAM Warning : 
    From function Foam::triFace Foam::tetIndices::faceTriIs(const Foam::polyMesh&) const
    in file meshes/polyMesh/polyMeshTetDecomposition/tetIndicesI.H at line 76
    No base point for face 34931281, 4(13202665 13195634 13202664 13198985), produces a valid tet decomposition.
--> FOAM Warning : 
    From function Foam::triFace Foam::tetIndices::faceTriIs(const Foam::polyMesh&) const
    in file meshes/polyMesh/polyMeshTetDecomposition/tetIndicesI.H at line 76
    No base point for face 34931032, 4(13202640 13195620 13202639 13198972), produces a valid tet decomposition.
--> FOAM Warning : 
    From function Foam::triFace Foam::tetIndices::faceTriIs(const Foam::polyMesh&) const
    in file meshes/polyMesh/polyMeshTetDecomposition/tetIndicesI.H at line 76
    No base point for face 34764694, 4(13142580 13146322 13149986 13146317), produces a valid tet decomposition.
--> FOAM Warning : 
    From function Foam::triFace Foam::tetIndices::faceTriIs(const Foam::polyMesh&) const
    in file meshes/polyMesh/polyMeshTetDecomposition/tetIndicesI.H at line 76
    No base point for face 34767457, 4(13150292 13144081 13148975 13147403), produces a valid tet decomposition.
--> FOAM Warning : 
    From function Foam::triFace Foam::tetIndices::faceTriIs(const Foam::polyMesh&) const
    in file meshes/polyMesh/polyMeshTetDecomposition/tetIndicesI.H at line 76
    No base point for face 36438353, 4(13757836 13754100 13758844 13756584), produces a valid tet decomposition.
--> FOAM Warning : 
    From function Foam::triFace Foam::tetIndices::faceTriIs(const Foam::polyMesh&) const
    in file meshes/polyMesh/polyMeshTetDecomposition/tetIndicesI.H at line 76
    No base point for face 36440227, 4(13753259 13755547 13759083 13756437), produces a valid tet decomposition.
--> FOAM Warning : 
    From function Foam::triFace Foam::tetIndices::faceTriIs(const Foam::polyMesh&) const
    in file meshes/polyMesh/polyMeshTetDecomposition/tetIndicesI.H at line 76
    No base point for face 36604107, 4(13809251 13805564 13809250 13801979), produces a valid tet decomposition.
--> FOAM Warning : 
    From function Foam::triFace Foam::tetIndices::faceTriIs(const Foam::polyMesh&) const
    in file meshes/polyMesh/polyMeshTetDecomposition/tetIndicesI.H at line 76
    No base point for face 36604761, 4(13809322 13805597 13809321 13802017), produces a valid tet decomposition.
--> FOAM Warning : 
    From function Foam::triFace Foam::tetIndices::faceTriIs(const Foam::polyMesh&) const
    in file meshes/polyMesh/polyMeshTetDecomposition/tetIndicesI.H at line 76
    No base point for face 34931281, 4(13202665 13195634 13202664 13198985), produces a valid tet decomposition.
--> FOAM Warning : 
    From function Foam::triFace Foam::tetIndices::faceTriIs(const Foam::polyMesh&) const
    in file meshes/polyMesh/polyMeshTetDecomposition/tetIndicesI.H at line 76
    No base point for face 34931032, 4(13202640 13195620 13202639 13198972), produces a valid tet decomposition.
--> FOAM Warning : 
    From function Foam::triFace Foam::tetIndices::faceTriIs(const Foam::polyMesh&) const
    in file meshes/polyMesh/polyMeshTetDecomposition/tetIndicesI.H at line 76
    No base point for face 34764694, 4(13142580 13146322 13149986 13146317), produces a valid tet decomposition.
--> FOAM Warning : 
    From function Foam::triFace Foam::tetIndices::faceTriIs(const Foam::polyMesh&) const
    in file meshes/polyMesh/polyMeshTetDecomposition/tetIndicesI.H at line 76
    No base point for face 34767457, 4(13150292 13144081 13148975 13147403), produces a valid tet decomposition.
--> FOAM Warning : 
    From function Foam::triFace Foam::tetIndices::faceTriIs(const Foam::polyMesh&) const
    in file meshes/polyMesh/polyMeshTetDecomposition/tetIndicesI.H at line 76
    No base point for face 36438353, 4(13757836 13754100 13758844 13756584), produces a valid tet decomposition.
--> FOAM Warning : 
    From function Foam::triFace Foam::tetIndices::faceTriIs(const Foam::polyMesh&) const
    in file meshes/polyMesh/polyMeshTetDecomposition/tetIndicesI.H at line 76
    No base point for face 36440227, 4(13753259 13755547 13759083 13756437), produces a valid tet decomposition.
--> FOAM Warning : 
    From function Foam::triFace Foam::tetIndices::faceTriIs(const Foam::polyMesh&) const
    in file meshes/polyMesh/polyMeshTetDecomposition/tetIndicesI.H at line 76
    No base point for face 36604107, 4(13809251 13805564 13809250 13801979), produces a valid tet decomposition.
--> FOAM Warning : 
    From function Foam::triFace Foam::tetIndices::faceTriIs(const Foam::polyMesh&) const
    in file meshes/polyMesh/polyMeshTetDecomposition/tetIndicesI.H at line 76
    No base point for face 36604761, 4(13809322 13805597 13809321 13802017), produces a valid tet decomposition.
--> FOAM Warning : 
    From function Foam::triFace Foam::tetIndices::faceTriIs(const Foam::polyMesh&) const
    in file meshes/polyMesh/polyMeshTetDecomposition/tetIndicesI.H at line 76
    No base point for face 34931281, 4(13202665 13195634 13202664 13198985), produces a valid tet decomposition.
--> FOAM Warning : 
    From function Foam::triFace Foam::tetIndices::faceTriIs(const Foam::polyMesh&) const
    in file meshes/polyMesh/polyMeshTetDecomposition/tetIndicesI.H at line 76
    No base point for face 34931032, 4(13202640 13195620 13202639 13198972), produces a valid tet decomposition.
--> FOAM Warning : 
    From function Foam::triFace Foam::tetIndices::faceTriIs(const Foam::polyMesh&) const
    in file meshes/polyMesh/polyMeshTetDecomposition/tetIndicesI.H at line 76
    No base point for face 34764694, 4(13142580 13146322 13149986 13146317), produces a valid tet decomposition.
--> FOAM Warning : 
    From function Foam::triFace Foam::tetIndices::faceTriIs(const Foam::polyMesh&) const
    in file meshes/polyMesh/polyMeshTetDecomposition/tetIndicesI.H at line 76
    No base point for face 34767457, 4(13150292 13144081 13148975 13147403), produces a valid tet decomposition.
--> FOAM Warning : 
    From function Foam::triFace Foam::tetIndices::faceTriIs(const Foam::polyMesh&) const
    in file meshes/polyMesh/polyMeshTetDecomposition/tetIndicesI.H at line 76
    No base point for face 36438353, 4(13757836 13754100 13758844 13756584), produces a valid tet decomposition.
--> FOAM Warning : 
    From function Foam::triFace Foam::tetIndices::faceTriIs(const Foam::polyMesh&) const
    in file meshes/polyMesh/polyMeshTetDecomposition/tetIndicesI.H at line 76
    No base point for face 36440227, 4(13753259 13755547 13759083 13756437), produces a valid tet decomposition.
--> FOAM Warning : 
    From function Foam::triFace Foam::tetIndices::faceTriIs(const Foam::polyMesh&) const
    in file meshes/polyMesh/polyMeshTetDecomposition/tetIndicesI.H at line 76
    No base point for face 36604107, 4(13809251 13805564 13809250 13801979), produces a valid tet decomposition.
--> FOAM Warning : 
    From function Foam::triFace Foam::tetIndices::faceTriIs(const Foam::polyMesh&) const
    in file meshes/polyMesh/polyMeshTetDecomposition/tetIndicesI.H at line 76
    No base point for face 36604761, 4(13809322 13805597 13809321 13802017), produces a valid tet decomposition.
--> FOAM Warning : 
    From function Foam::triFace Foam::tetIndices::faceTriIs(const Foam::polyMesh&) const
    in file meshes/polyMesh/polyMeshTetDecomposition/tetIndicesI.H at line 76
    No base point for face 34931281, 4(13202665 13195634 13202664 13198985), produces a valid tet decomposition.
--> FOAM Warning : 
    From function Foam::triFace Foam::tetIndices::faceTriIs(const Foam::polyMesh&) const
    in file meshes/polyMesh/polyMeshTetDecomposition/tetIndicesI.H at line 76
    No base point for face 36604761, 4(13809322 13805597 13809321 13802017), produces a valid tet decomposition.
--> FOAM Warning : 
    From function Foam::triFace Foam::tetIndices::faceTriIs(const Foam::polyMesh&) const
    in file meshes/polyMesh/polyMeshTetDecomposition/tetIndicesI.H at line 76
    No base point for face 34931281, 4(13202665 13195634 13202664 13198985), produces a valid tet decomposition.
--> FOAM Warning : 
    From function Foam::triFace Foam::tetIndices::faceTriIs(const Foam::polyMesh&) const
    in file meshes/polyMesh/polyMeshTetDecomposition/tetIndicesI.H at line 76
    No base point for face 36604761, 4(13809322 13805597 13809321 13802017), produces a valid tet decomposition.
--> FOAM Warning : 
    From function Foam::triFace Foam::tetIndices::faceTriIs(const Foam::polyMesh&) const
    in file meshes/polyMesh/polyMeshTetDecomposition/tetIndicesI.H at line 76
    No base point for face 34931281, 4(13202665 13195634 13202664 13198985), produces a valid tet decomposition.
--> FOAM Warning : 
    From function Foam::triFace Foam::tetIndices::faceTriIs(const Foam::polyMesh&) const
    in file meshes/polyMesh/polyMeshTetDecomposition/tetIndicesI.H at line 76
    No base point for face 36604761, 4(13809322 13805597 13809321 13802017), produces a valid tet decomposition.
--> FOAM Warning : 
    From function Foam::triFace Foam::tetIndices::faceTriIs(const Foam::polyMesh&) const
    in file meshes/polyMesh/polyMeshTetDecomposition/tetIndicesI.H at line 76
    No base point for face 34931281, 4(13202665 13195634 13202664 13198985), produces a valid tet decomposition.
--> FOAM Warning : 
    From function Foam::triFace Foam::tetIndices::faceTriIs(const Foam::polyMesh&) const
    in file meshes/polyMesh/polyMeshTetDecomposition/tetIndicesI.H at line 76
    No base point for face 36604761, 4(13809322 13805597 13809321 13802017), produces a valid tet decomposition.
--> FOAM Warning : 
    From function Foam::triFace Foam::tetIndices::faceTriIs(const Foam::polyMesh&) const
    in file meshes/polyMesh/polyMeshTetDecomposition/tetIndicesI.H at line 76
    No base point for face 34931281, 4(13202665 13195634 13202664 13198985), produces a valid tet decomposition.
--> FOAM Warning : 
    From function Foam::triFace Foam::tetIndices::faceTriIs(const Foam::polyMesh&) const
    in file meshes/polyMesh/polyMeshTetDecomposition/tetIndicesI.H at line 76
    No base point for face 36604761, 4(13809322 13805597 13809321 13802017), produces a valid tet decomposition.
--> FOAM Warning : 
    From function Foam::triFace Foam::tetIndices::faceTriIs(const Foam::polyMesh&) const
    in file meshes/polyMesh/polyMeshTetDecomposition/tetIndicesI.H at line 76
    No base point for face 54201941, 4(15518808 15512278 15518809 15514898), produces a valid tet decomposition.
--> FOAM Warning : 
    From function Foam::triFace Foam::tetIndices::faceTriIs(const Foam::polyMesh&) const
    in file meshes/polyMesh/polyMeshTetDecomposition/tetIndicesI.H at line 76
    No base point for face 41528282, 4(15518809 15514898 15518813 15512280), produces a valid tet decomposition.
--> FOAM Warning : 
    From function Foam::triFace Foam::tetIndices::faceTriIs(const Foam::polyMesh&) const
    in file meshes/polyMesh/polyMeshTetDecomposition/tetIndicesI.H at line 76
    No base point for face 54201941, 4(15518808 15512278 15518809 15514898), produces a valid tet decomposition.
--> FOAM Warning : 
    From function Foam::triFace Foam::tetIndices::faceTriIs(const Foam::polyMesh&) const
    in file meshes/polyMesh/polyMeshTetDecomposition/tetIndicesI.H at line 76
    No base point for face 41528282, 4(15518809 15514898 15518813 15512280), produces a valid tet decomposition.
--> FOAM Warning : 
    From function Foam::triFace Foam::tetIndices::faceTriIs(const Foam::polyMesh&) const
    in file meshes/polyMesh/polyMeshTetDecomposition/tetIndicesI.H at line 76
    No base point for face 54201941, 4(15518808 15512278 15518809 15514898), produces a valid tet decomposition.
--> FOAM Warning : 
    From function Foam::triFace Foam::tetIndices::faceTriIs(const Foam::polyMesh&) const
    in file meshes/polyMesh/polyMeshTetDecomposition/tetIndicesI.H at line 76
    No base point for face 41528282, 4(15518809 15514898 15518813 15512280), produces a valid tet decomposition.
--> FOAM Warning : 
    From function Foam::triFace Foam::tetIndices::faceTriIs(const Foam::polyMesh&) const
    in file meshes/polyMesh/polyMeshTetDecomposition/tetIndicesI.H at line 76
    No base point for face 43191652, 4(16123367 16116067 16123365 16117828), produces a valid tet decomposition.
--> FOAM Warning : 
    From function Foam::triFace Foam::tetIndices::faceTriIs(const Foam::polyMesh&) const
    in file meshes/polyMesh/polyMeshTetDecomposition/tetIndicesI.H at line 76
    No base point for face 54237493, 4(16114134 16117826 16123367 16117828), produces a valid tet decomposition.
--> FOAM Warning : 
    From function Foam::triFace Foam::tetIndices::faceTriIs(const Foam::polyMesh&) const
    in file meshes/polyMesh/polyMeshTetDecomposition/tetIndicesI.H at line 76
    No base point for face 43191652, 4(16123367 16116067 16123365 16117828), produces a valid tet decomposition.
--> FOAM Warning : 
    From function Foam::triFace Foam::tetIndices::faceTriIs(const Foam::polyMesh&) const
    in file meshes/polyMesh/polyMeshTetDecomposition/tetIndicesI.H at line 76
    No base point for face 54258578, 4(16123367 16116073 16123370 16117828), produces a valid tet decomposition.
--> FOAM Warning : 
    From function Foam::triFace Foam::tetIndices::faceTriIs(const Foam::polyMesh&) const
    in file meshes/polyMesh/polyMeshTetDecomposition/tetIndicesI.H at line 76
    No base point for face 43191652, 4(16123367 16116067 16123365 16117828), produces a valid tet decomposition.
--> FOAM Warning : 
    From function Foam::triFace Foam::tetIndices::faceTriIs(const Foam::polyMesh&) const
    in file meshes/polyMesh/polyMeshTetDecomposition/tetIndicesI.H at line 76
    No base point for face 54237493, 4(16114134 16117826 16123367 16117828), produces a valid tet decomposition.
--> FOAM Warning : 
    From function Foam::triFace Foam::tetIndices::faceTriIs(const Foam::polyMesh&) const
    in file meshes/polyMesh/polyMeshTetDecomposition/tetIndicesI.H at line 76
    No base point for face 43191652, 4(16123367 16116067 16123365 16117828), produces a valid tet decomposition.
--> FOAM Warning : 
    From function Foam::triFace Foam::tetIndices::faceTriIs(const Foam::polyMesh&) const
    in file meshes/polyMesh/polyMeshTetDecomposition/tetIndicesI.H at line 76
    No base point for face 54258578, 4(16123367 16116073 16123370 16117828), produces a valid tet decomposition.
--> FOAM Warning : 
    From function Foam::triFace Foam::tetIndices::faceTriIs(const Foam::polyMesh&) const
    in file meshes/polyMesh/polyMeshTetDecomposition/tetIndicesI.H at line 76
    No base point for face 43191652, 4(16123367 16116067 16123365 16117828), produces a valid tet decomposition.
--> FOAM Warning : 
    From function Foam::triFace Foam::tetIndices::faceTriIs(const Foam::polyMesh&) const
    in file meshes/polyMesh/polyMeshTetDecomposition/tetIndicesI.H at line 76
    No base point for face 54237493, 4(16114134 16117826 16123367 16117828), produces a valid tet decomposition.
--> FOAM Warning : 
    From function Foam::triFace Foam::tetIndices::faceTriIs(const Foam::polyMesh&) const
    in file meshes/polyMesh/polyMeshTetDecomposition/tetIndicesI.H at line 76
    No base point for face 43191652, 4(16123367 16116067 16123365 16117828), produces a valid tet decomposition.
--> FOAM Warning : 
    From function Foam::triFace Foam::tetIndices::faceTriIs(const Foam::polyMesh&) const
    in file meshes/polyMesh/polyMeshTetDecomposition/tetIndicesI.H at line 76
    No base point for face 54258578, 4(16123367 16116073 16123370 16117828), produces a valid tet decomposition.
--> FOAM Warning : 
    From function Foam::triFace Foam::tetIndices::faceTriIs(const Foam::polyMesh&) const
    in file meshes/polyMesh/polyMeshTetDecomposition/tetIndicesI.H at line 76
    No base point for face 54201941, 4(15518808 15512278 15518809 15514898), produces a valid tet decomposition.
--> FOAM Warning : 
    From function Foam::triFace Foam::tetIndices::faceTriIs(const Foam::polyMesh&) const
    in file meshes/polyMesh/polyMeshTetDecomposition/tetIndicesI.H at line 76
    No base point for face 41528282, 4(15518809 15514898 15518813 15512280), produces a valid tet decomposition.
--> FOAM Warning : 
    From function Foam::triFace Foam::tetIndices::faceTriIs(const Foam::polyMesh&) const
    in file meshes/polyMesh/polyMeshTetDecomposition/tetIndicesI.H at line 76
    No base point for face 54201941, 4(15518808 15512278 15518809 15514898), produces a valid tet decomposition.
--> FOAM Warning : 
    From function Foam::triFace Foam::tetIndices::faceTriIs(const Foam::polyMesh&) const
    in file meshes/polyMesh/polyMeshTetDecomposition/tetIndicesI.H at line 76
    No base point for face 41528282, 4(15518809 15514898 15518813 15512280), produces a valid tet decomposition.
--> FOAM Warning : 
    From function Foam::triFace Foam::tetIndices::faceTriIs(const Foam::polyMesh&) const
    in file meshes/polyMesh/polyMeshTetDecomposition/tetIndicesI.H at line 76
    No base point for face 54201941, 4(15518808 15512278 15518809 15514898), produces a valid tet decomposition.
--> FOAM Warning : 
    From function Foam::triFace Foam::tetIndices::faceTriIs(const Foam::polyMesh&) const
    in file meshes/polyMesh/polyMeshTetDecomposition/tetIndicesI.H at line 76
    No base point for face 41528282, 4(15518809 15514898 15518813 15512280), produces a valid tet decomposition.
--> FOAM Warning : 
    From function Foam::triFace Foam::tetIndices::faceTriIs(const Foam::polyMesh&) const
    in file meshes/polyMesh/polyMeshTetDecomposition/tetIndicesI.H at line 76
    No base point for face 43191652, 4(16123367 16116067 16123365 16117828), produces a valid tet decomposition.
--> FOAM Warning : 
    From function Foam::triFace Foam::tetIndices::faceTriIs(const Foam::polyMesh&) const
    in file meshes/polyMesh/polyMeshTetDecomposition/tetIndicesI.H at line 76
    No base point for face 54237493, 4(16114134 16117826 16123367 16117828), produces a valid tet decomposition.
--> FOAM Warning : 
    From function Foam::triFace Foam::tetIndices::faceTriIs(const Foam::polyMesh&) const
    in file meshes/polyMesh/polyMeshTetDecomposition/tetIndicesI.H at line 76
    No base point for face 43191652, 4(16123367 16116067 16123365 16117828), produces a valid tet decomposition.
--> FOAM Warning : 
    From function Foam::triFace Foam::tetIndices::faceTriIs(const Foam::polyMesh&) const
    in file meshes/polyMesh/polyMeshTetDecomposition/tetIndicesI.H at line 76
    No base point for face 54258578, 4(16123367 16116073 16123370 16117828), produces a valid tet decomposition.
--> FOAM Warning : 
    From function Foam::triFace Foam::tetIndices::faceTriIs(const Foam::polyMesh&) const
    in file meshes/polyMesh/polyMeshTetDecomposition/tetIndicesI.H at line 76
    No base point for face 43191652, 4(16123367 16116067 16123365 16117828), produces a valid tet decomposition.
--> FOAM Warning : 
    From function Foam::triFace Foam::tetIndices::faceTriIs(const Foam::polyMesh&) const
    in file meshes/polyMesh/polyMeshTetDecomposition/tetIndicesI.H at line 76
    No base point for face 54237493, 4(16114134 16117826 16123367 16117828), produces a valid tet decomposition.
--> FOAM Warning : 
    From function Foam::triFace Foam::tetIndices::faceTriIs(const Foam::polyMesh&) const
    in file meshes/polyMesh/polyMeshTetDecomposition/tetIndicesI.H at line 76
    No base point for face 43191652, 4(16123367 16116067 16123365 16117828), produces a valid tet decomposition.
--> FOAM Warning : 
    From function Foam::triFace Foam::tetIndices::faceTriIs(const Foam::polyMesh&) const
    in file meshes/polyMesh/polyMeshTetDecomposition/tetIndicesI.H at line 76
    No base point for face 54258578, 4(16123367 16116073 16123370 16117828), produces a valid tet decomposition.
--> FOAM Warning : 
    From function Foam::triFace Foam::tetIndices::faceTriIs(const Foam::polyMesh&) const
    in file meshes/polyMesh/polyMeshTetDecomposition/tetIndicesI.H at line 76
    No base point for face 43191652, 4(16123367 16116067 16123365 16117828), produces a valid tet decomposition.
--> FOAM Warning : 
    From function Foam::triFace Foam::tetIndices::faceTriIs(const Foam::polyMesh&) const
    in file meshes/polyMesh/polyMeshTetDecomposition/tetIndicesI.H at line 76
    No base point for face 54237493, 4(16114134 16117826 16123367 16117828), produces a valid tet decomposition.
--> FOAM Warning : 
    From function Foam::triFace Foam::tetIndices::faceTriIs(const Foam::polyMesh&) const
    in file meshes/polyMesh/polyMeshTetDecomposition/tetIndicesI.H at line 76
    No base point for face 43191652, 4(16123367 16116067 16123365 16117828), produces a valid tet decomposition.
--> FOAM Warning : 
    From function Foam::triFace Foam::tetIndices::faceTriIs(const Foam::polyMesh&) const
    in file meshes/polyMesh/polyMeshTetDecomposition/tetIndicesI.H at line 76
    No base point for face 54258578, 4(16123367 16116073 16123370 16117828), produces a valid tet decomposition.
--> FOAM Warning : 
    From function Foam::triFace Foam::tetIndices::faceTriIs(const Foam::polyMesh&) const
    in file meshes/polyMesh/polyMeshTetDecomposition/tetIndicesI.H at line 76
    No base point for face 54201941, 4(15518808 15512278 15518809 15514898), produces a valid tet decomposition.
--> FOAM Warning : 
    From function Foam::triFace Foam::tetIndices::faceTriIs(const Foam::polyMesh&) const
    in file meshes/polyMesh/polyMeshTetDecomposition/tetIndicesI.H at line 76
    No base point for face 41528282, 4(15518809 15514898 15518813 15512280), produces a valid tet decomposition.
--> FOAM Warning : 
    From function Foam::triFace Foam::tetIndices::faceTriIs(const Foam::polyMesh&) const
    in file meshes/polyMesh/polyMeshTetDecomposition/tetIndicesI.H at line 76
    No base point for face 54201941, 4(15518808 15512278 15518809 15514898), produces a valid tet decomposition.
--> FOAM Warning : 
    From function Foam::triFace Foam::tetIndices::faceTriIs(const Foam::polyMesh&) const
    in file meshes/polyMesh/polyMeshTetDecomposition/tetIndicesI.H at line 76
    No base point for face 41528282, 4(15518809 15514898 15518813 15512280), produces a valid tet decomposition.
--> FOAM Warning : 
    From function Foam::triFace Foam::tetIndices::faceTriIs(const Foam::polyMesh&) const
    in file meshes/polyMesh/polyMeshTetDecomposition/tetIndicesI.H at line 76
    No base point for face 54201941, 4(15518808 15512278 15518809 15514898), produces a valid tet decomposition.
--> FOAM Warning : 
    From function Foam::triFace Foam::tetIndices::faceTriIs(const Foam::polyMesh&) const
    in file meshes/polyMesh/polyMeshTetDecomposition/tetIndicesI.H at line 76
    No base point for face 41528282, 4(15518809 15514898 15518813 15512280), produces a valid tet decomposition.
--> FOAM Warning : 
    From function Foam::triFace Foam::tetIndices::faceTriIs(const Foam::polyMesh&) const
    in file meshes/polyMesh/polyMeshTetDecomposition/tetIndicesI.H at line 76
    No base point for face 43191652, 4(16123367 16116067 16123365 16117828), produces a valid tet decomposition.
--> FOAM Warning : 
    From function Foam::triFace Foam::tetIndices::faceTriIs(const Foam::polyMesh&) const
    in file meshes/polyMesh/polyMeshTetDecomposition/tetIndicesI.H at line 76
    No base point for face 54237493, 4(16114134 16117826 16123367 16117828), produces a valid tet decomposition.
--> FOAM Warning : 
    From function Foam::triFace Foam::tetIndices::faceTriIs(const Foam::polyMesh&) const
    in file meshes/polyMesh/polyMeshTetDecomposition/tetIndicesI.H at line 76
    No base point for face 43191652, 4(16123367 16116067 16123365 16117828), produces a valid tet decomposition.
--> FOAM Warning : 
    From function Foam::triFace Foam::tetIndices::faceTriIs(const Foam::polyMesh&) const
    in file meshes/polyMesh/polyMeshTetDecomposition/tetIndicesI.H at line 76
    No base point for face 54258578, 4(16123367 16116073 16123370 16117828), produces a valid tet decomposition.
--> FOAM Warning : 
    From function Foam::triFace Foam::tetIndices::faceTriIs(const Foam::polyMesh&) const
    in file meshes/polyMesh/polyMeshTetDecomposition/tetIndicesI.H at line 76
    No base point for face 43191652, 4(16123367 16116067 16123365 16117828), produces a valid tet decomposition.
--> FOAM Warning : 
    From function Foam::triFace Foam::tetIndices::faceTriIs(const Foam::polyMesh&) const
    in file meshes/polyMesh/polyMeshTetDecomposition/tetIndicesI.H at line 76
    No base point for face 54237493, 4(16114134 16117826 16123367 16117828), produces a valid tet decomposition.
--> FOAM Warning : 
    From function Foam::triFace Foam::tetIndices::faceTriIs(const Foam::polyMesh&) const
    in file meshes/polyMesh/polyMeshTetDecomposition/tetIndicesI.H at line 76
    No base point for face 43191652, 4(16123367 16116067 16123365 16117828), produces a valid tet decomposition.
--> FOAM Warning : 
    From function Foam::triFace Foam::tetIndices::faceTriIs(const Foam::polyMesh&) const
    in file meshes/polyMesh/polyMeshTetDecomposition/tetIndicesI.H at line 76
    No base point for face 54258578, 4(16123367 16116073 16123370 16117828), produces a valid tet decomposition.
--> FOAM Warning : 
    From function Foam::triFace Foam::tetIndices::faceTriIs(const Foam::polyMesh&) const
    in file meshes/polyMesh/polyMeshTetDecomposition/tetIndicesI.H at line 76
    No base point for face 43191652, 4(16123367 16116067 16123365 16117828), produces a valid tet decomposition.
--> FOAM Warning : 
    From function Foam::triFace Foam::tetIndices::faceTriIs(const Foam::polyMesh&) const
    in file meshes/polyMesh/polyMeshTetDecomposition/tetIndicesI.H at line 76
    No base point for face 54237493, 4(16114134 16117826 16123367 16117828), produces a valid tet decomposition.
--> FOAM Warning : 
    From function Foam::triFace Foam::tetIndices::faceTriIs(const Foam::polyMesh&) const
    in file meshes/polyMesh/polyMeshTetDecomposition/tetIndicesI.H at line 76
    No base point for face 43191652, 4(16123367 16116067 16123365 16117828), produces a valid tet decomposition.
--> FOAM Warning : 
    From function Foam::triFace Foam::tetIndices::faceTriIs(const Foam::polyMesh&) const
    in file meshes/polyMesh/polyMeshTetDecomposition/tetIndicesI.H at line 76
    No base point for face 54258578, 4(16123367 16116073 16123370 16117828), produces a valid tet decomposition.
--> FOAM Warning : 
    From function Foam::triFace Foam::tetIndices::faceTriIs(const Foam::polyMesh&) const
    in file meshes/polyMesh/polyMeshTetDecomposition/tetIndicesI.H at line 76
    No base point for face 54201941, 4(15518808 15512278 15518809 15514898), produces a valid tet decomposition.
--> FOAM Warning : 
    From function Foam::triFace Foam::tetIndices::faceTriIs(const Foam::polyMesh&) const
    in file meshes/polyMesh/polyMeshTetDecomposition/tetIndicesI.H at line 76
    No base point for face 41528282, 4(15518809 15514898 15518813 15512280), produces a valid tet decomposition.
--> FOAM Warning : 
    From function Foam::triFace Foam::tetIndices::faceTriIs(const Foam::polyMesh&) const
    in file meshes/polyMesh/polyMeshTetDecomposition/tetIndicesI.H at line 76
    No base point for face 54201941, 4(15518808 15512278 15518809 15514898), produces a valid tet decomposition.
--> FOAM Warning : 
    From function Foam::triFace Foam::tetIndices::faceTriIs(const Foam::polyMesh&) const
    in file meshes/polyMesh/polyMeshTetDecomposition/tetIndicesI.H at line 76
    No base point for face 41528282, 4(15518809 15514898 15518813 15512280), produces a valid tet decomposition.
--> FOAM Warning : 
    From function Foam::triFace Foam::tetIndices::faceTriIs(const Foam::polyMesh&) const
    in file meshes/polyMesh/polyMeshTetDecomposition/tetIndicesI.H at line 76
    No base point for face 54201941, 4(15518808 15512278 15518809 15514898), produces a valid tet decomposition.
--> FOAM Warning : 
    From function Foam::triFace Foam::tetIndices::faceTriIs(const Foam::polyMesh&) const
    in file meshes/polyMesh/polyMeshTetDecomposition/tetIndicesI.H at line 76
    No base point for face 41528282, 4(15518809 15514898 15518813 15512280), produces a valid tet decomposition.
--> FOAM Warning : 
    From function Foam::triFace Foam::tetIndices::faceTriIs(const Foam::polyMesh&) const
    in file meshes/polyMesh/polyMeshTetDecomposition/tetIndicesI.H at line 76
    No base point for face 43191652, 4(16123367 16116067 16123365 16117828), produces a valid tet decomposition.
--> FOAM Warning : 
    From function Foam::triFace Foam::tetIndices::faceTriIs(const Foam::polyMesh&) const
    in file meshes/polyMesh/polyMeshTetDecomposition/tetIndicesI.H at line 76
    No base point for face 54237493, 4(16114134 16117826 16123367 16117828), produces a valid tet decomposition.
--> FOAM Warning : 
    From function Foam::triFace Foam::tetIndices::faceTriIs(const Foam::polyMesh&) const
    in file meshes/polyMesh/polyMeshTetDecomposition/tetIndicesI.H at line 76
    No base point for face 43191652, 4(16123367 16116067 16123365 16117828), produces a valid tet decomposition.
--> FOAM Warning : 
    From function Foam::triFace Foam::tetIndices::faceTriIs(const Foam::polyMesh&) const
    in file meshes/polyMesh/polyMeshTetDecomposition/tetIndicesI.H at line 76
    No base point for face 54258578, 4(16123367 16116073 16123370 16117828), produces a valid tet decomposition.
--> FOAM Warning : 
    From function Foam::triFace Foam::tetIndices::faceTriIs(const Foam::polyMesh&) const
    in file meshes/polyMesh/polyMeshTetDecomposition/tetIndicesI.H at line 76
    No base point for face 43191652, 4(16123367 16116067 16123365 16117828), produces a valid tet decomposition.
--> FOAM Warning : 
    From function Foam::triFace Foam::tetIndices::faceTriIs(const Foam::polyMesh&) const
    in file meshes/polyMesh/polyMeshTetDecomposition/tetIndicesI.H at line 76
    No base point for face 54237493, 4(16114134 16117826 16123367 16117828), produces a valid tet decomposition.
--> FOAM Warning : 
    From function Foam::triFace Foam::tetIndices::faceTriIs(const Foam::polyMesh&) const
    in file meshes/polyMesh/polyMeshTetDecomposition/tetIndicesI.H at line 76
    No base point for face 43191652, 4(16123367 16116067 16123365 16117828), produces a valid tet decomposition.
--> FOAM Warning : 
    From function Foam::triFace Foam::tetIndices::faceTriIs(const Foam::polyMesh&) const
    in file meshes/polyMesh/polyMeshTetDecomposition/tetIndicesI.H at line 76
    No base point for face 54258578, 4(16123367 16116073 16123370 16117828), produces a valid tet decomposition.
--> FOAM Warning : 
    From function Foam::triFace Foam::tetIndices::faceTriIs(const Foam::polyMesh&) const
    in file meshes/polyMesh/polyMeshTetDecomposition/tetIndicesI.H at line 76
    No base point for face 43191652, 4(16123367 16116067 16123365 16117828), produces a valid tet decomposition.
--> FOAM Warning : 
    From function Foam::triFace Foam::tetIndices::faceTriIs(const Foam::polyMesh&) const
    in file meshes/polyMesh/polyMeshTetDecomposition/tetIndicesI.H at line 76
    No base point for face 54237493, 4(16114134 16117826 16123367 16117828), produces a valid tet decomposition.
--> FOAM Warning : 
    From function Foam::triFace Foam::tetIndices::faceTriIs(const Foam::polyMesh&) const
    in file meshes/polyMesh/polyMeshTetDecomposition/tetIndicesI.H at line 76
    No base point for face 43191652, 4(16123367 16116067 16123365 16117828), produces a valid tet decomposition.
--> FOAM Warning : 
    From function Foam::triFace Foam::tetIndices::faceTriIs(const Foam::polyMesh&) const
    in file meshes/polyMesh/polyMeshTetDecomposition/tetIndicesI.H at line 76
    No base point for face 54258578, 4(16123367 16116073 16123370 16117828), produces a valid tet decomposition.
--> FOAM Warning : 
    From function Foam::triFace Foam::tetIndices::faceTriIs(const Foam::polyMesh&) const
    in file meshes/polyMesh/polyMeshTetDecomposition/tetIndicesI.H at line 76
    No base point for face 54201941, 4(15518808 15512278 15518809 15514898), produces a valid tet decomposition.
--> FOAM Warning : 
    From function Foam::triFace Foam::tetIndices::faceTriIs(const Foam::polyMesh&) const
    in file meshes/polyMesh/polyMeshTetDecomposition/tetIndicesI.H at line 76
    No base point for face 41528282, 4(15518809 15514898 15518813 15512280), produces a valid tet decomposition.
--> FOAM Warning : 
    From function Foam::triFace Foam::tetIndices::faceTriIs(const Foam::polyMesh&) const
    in file meshes/polyMesh/polyMeshTetDecomposition/tetIndicesI.H at line 76
    No base point for face 54201941, 4(15518808 15512278 15518809 15514898), produces a valid tet decomposition.
--> FOAM Warning : 
    From function Foam::triFace Foam::tetIndices::faceTriIs(const Foam::polyMesh&) const
    in file meshes/polyMesh/polyMeshTetDecomposition/tetIndicesI.H at line 76
    No base point for face 41528282, 4(15518809 15514898 15518813 15512280), produces a valid tet decomposition.
--> FOAM Warning : 
    From function Foam::triFace Foam::tetIndices::faceTriIs(const Foam::polyMesh&) const
    in file meshes/polyMesh/polyMeshTetDecomposition/tetIndicesI.H at line 76
    No base point for face 54201941, 4(15518808 15512278 15518809 15514898), produces a valid tet decomposition.
--> FOAM Warning : 
    From function Foam::triFace Foam::tetIndices::faceTriIs(const Foam::polyMesh&) const
    in file meshes/polyMesh/polyMeshTetDecomposition/tetIndicesI.H at line 76
    No base point for face 41528282, 4(15518809 15514898 15518813 15512280), produces a valid tet decomposition.
--> FOAM Warning : 
    From function Foam::triFace Foam::tetIndices::faceTriIs(const Foam::polyMesh&) const
    in file meshes/polyMesh/polyMeshTetDecomposition/tetIndicesI.H at line 76
    No base point for face 43191652, 4(16123367 16116067 16123365 16117828), produces a valid tet decomposition.
--> FOAM Warning : 
    From function Foam::triFace Foam::tetIndices::faceTriIs(const Foam::polyMesh&) const
    in file meshes/polyMesh/polyMeshTetDecomposition/tetIndicesI.H at line 76
    No base point for face 54237493, 4(16114134 16117826 16123367 16117828), produces a valid tet decomposition.
--> FOAM Warning : 
    From function Foam::triFace Foam::tetIndices::faceTriIs(const Foam::polyMesh&) const
    in file meshes/polyMesh/polyMeshTetDecomposition/tetIndicesI.H at line 76
    No base point for face 43191652, 4(16123367 16116067 16123365 16117828), produces a valid tet decomposition.
--> FOAM Warning : 
    From function Foam::triFace Foam::tetIndices::faceTriIs(const Foam::polyMesh&) const
    in file meshes/polyMesh/polyMeshTetDecomposition/tetIndicesI.H at line 76
    No base point for face 54258578, 4(16123367 16116073 16123370 16117828), produces a valid tet decomposition.
--> FOAM Warning : 
    From function Foam::triFace Foam::tetIndices::faceTriIs(const Foam::polyMesh&) const
    in file meshes/polyMesh/polyMeshTetDecomposition/tetIndicesI.H at line 76
    No base point for face 43191652, 4(16123367 16116067 16123365 16117828), produces a valid tet decomposition.
--> FOAM Warning : 
    From function Foam::triFace Foam::tetIndices::faceTriIs(const Foam::polyMesh&) const
    in file meshes/polyMesh/polyMeshTetDecomposition/tetIndicesI.H at line 76
    No base point for face 54237493, 4(16114134 16117826 16123367 16117828), produces a valid tet decomposition.
--> FOAM Warning : 
    From function Foam::triFace Foam::tetIndices::faceTriIs(const Foam::polyMesh&) const
    in file meshes/polyMesh/polyMeshTetDecomposition/tetIndicesI.H at line 76
    No base point for face 43191652, 4(16123367 16116067 16123365 16117828), produces a valid tet decomposition.
--> FOAM Warning : 
    From function Foam::triFace Foam::tetIndices::faceTriIs(const Foam::polyMesh&) const
    in file meshes/polyMesh/polyMeshTetDecomposition/tetIndicesI.H at line 76
    No base point for face 54258578, 4(16123367 16116073 16123370 16117828), produces a valid tet decomposition.
--> FOAM Warning : 
    From function Foam::triFace Foam::tetIndices::faceTriIs(const Foam::polyMesh&) const
    in file meshes/polyMesh/polyMeshTetDecomposition/tetIndicesI.H at line 76
    No base point for face 43191652, 4(16123367 16116067 16123365 16117828), produces a valid tet decomposition.
--> FOAM Warning : 
    From function Foam::triFace Foam::tetIndices::faceTriIs(const Foam::polyMesh&) const
    in file meshes/polyMesh/polyMeshTetDecomposition/tetIndicesI.H at line 76
    No base point for face 54237493, 4(16114134 16117826 16123367 16117828), produces a valid tet decomposition.
--> FOAM Warning : 
    From function Foam::triFace Foam::tetIndices::faceTriIs(const Foam::polyMesh&) const
    in file meshes/polyMesh/polyMeshTetDecomposition/tetIndicesI.H at line 76
    No base point for face 43191652, 4(16123367 16116067 16123365 16117828), produces a valid tet decomposition.
--> FOAM Warning : 
    From function Foam::triFace Foam::tetIndices::faceTriIs(const Foam::polyMesh&) const
    in file meshes/polyMesh/polyMeshTetDecomposition/tetIndicesI.H at line 76
    No base point for face 54258578, 4(16123367 16116073 16123370 16117828), produces a valid tet decomposition.
--> FOAM Warning : 
    From function Foam::triFace Foam::tetIndices::faceTriIs(const Foam::polyMesh&) const
    in file meshes/polyMesh/polyMeshTetDecomposition/tetIndicesI.H at line 76
    No base point for face 41548292, 4(15521106 15516947 15521105 15513003), produces a valid tet decomposition.
--> FOAM Warning : 
    From function Foam::triFace Foam::tetIndices::faceTriIs(const Foam::polyMesh&) const
    in file meshes/polyMesh/polyMeshTetDecomposition/tetIndicesI.H at line 76
    No base point for face 41548485, 4(15511961 15517362 15521125 15516962), produces a valid tet decomposition.
--> FOAM Warning : 
    From function Foam::triFace Foam::tetIndices::faceTriIs(const Foam::polyMesh&) const
    in file meshes/polyMesh/polyMeshTetDecomposition/tetIndicesI.H at line 76
    No base point for face 41146416, 4(15371821 15379862 15388729 15379865), produces a valid tet decomposition.
--> FOAM Warning : 
    From function Foam::triFace Foam::tetIndices::faceTriIs(const Foam::polyMesh&) const
    in file meshes/polyMesh/polyMeshTetDecomposition/tetIndicesI.H at line 76
    No base point for face 41116980, 4(15385531 15374131 15385530 15379898), produces a valid tet decomposition.
--> FOAM Warning : 
    From function Foam::triFace Foam::tetIndices::faceTriIs(const Foam::polyMesh&) const
    in file meshes/polyMesh/polyMeshTetDecomposition/tetIndicesI.H at line 76
    No base point for face 41142543, 4(15373464 15382450 15388303 15382453), produces a valid tet decomposition.
--> FOAM Warning : 
    From function Foam::triFace Foam::tetIndices::faceTriIs(const Foam::polyMesh&) const
    in file meshes/polyMesh/polyMeshTetDecomposition/tetIndicesI.H at line 76
    No base point for face 41116980, 4(15385531 15374131 15385530 15379898), produces a valid tet decomposition.
--> FOAM Warning : 
    From function Foam::triFace Foam::tetIndices::faceTriIs(const Foam::polyMesh&) const
    in file meshes/polyMesh/polyMeshTetDecomposition/tetIndicesI.H at line 76
    No base point for face 41142543, 4(15373464 15382450 15388303 15382453), produces a valid tet decomposition.
--> FOAM Warning : 
    From function Foam::triFace Foam::tetIndices::faceTriIs(const Foam::polyMesh&) const
    in file meshes/polyMesh/polyMeshTetDecomposition/tetIndicesI.H at line 76
    No base point for face 41116980, 4(15385531 15374131 15385530 15379898), produces a valid tet decomposition.
--> FOAM Warning : 
    From function Foam::triFace Foam::tetIndices::faceTriIs(const Foam::polyMesh&) const
    in file meshes/polyMesh/polyMeshTetDecomposition/tetIndicesI.H at line 76
    No base point for face 41142543, 4(15373464 15382450 15388303 15382453), produces a valid tet decomposition.
--> FOAM Warning : 
    From function Foam::triFace Foam::tetIndices::faceTriIs(const Foam::polyMesh&) const
    in file meshes/polyMesh/polyMeshTetDecomposition/tetIndicesI.H at line 76
    No base point for face 41116980, 4(15385531 15374131 15385530 15379898), produces a valid tet decomposition.
--> FOAM Warning : 
    From function Foam::triFace Foam::tetIndices::faceTriIs(const Foam::polyMesh&) const
    in file meshes/polyMesh/polyMeshTetDecomposition/tetIndicesI.H at line 76
    No base point for face 41142543, 4(15373464 15382450 15388303 15382453), produces a valid tet decomposition.
--> FOAM Warning : 
    From function Foam::triFace Foam::tetIndices::faceTriIs(const Foam::polyMesh&) const
    in file meshes/polyMesh/polyMeshTetDecomposition/tetIndicesI.H at line 76
    No base point for face 41116980, 4(15385531 15374131 15385530 15379898), produces a valid tet decomposition.
--> FOAM Warning : 
    From function Foam::triFace Foam::tetIndices::faceTriIs(const Foam::polyMesh&) const
    in file meshes/polyMesh/polyMeshTetDecomposition/tetIndicesI.H at line 76
    No base point for face 41142543, 4(15373464 15382450 15388303 15382453), produces a valid tet decomposition.
--> FOAM Warning : 
    From function Foam::triFace Foam::tetIndices::faceTriIs(const Foam::polyMesh&) const
    in file meshes/polyMesh/polyMeshTetDecomposition/tetIndicesI.H at line 76
    No base point for face 42761440, 4(15964213 15964751 15987831 15976403), produces a valid tet decomposition.
--> FOAM Warning : 
    From function Foam::triFace Foam::tetIndices::faceTriIs(const Foam::polyMesh&) const
    in file meshes/polyMesh/polyMeshTetDecomposition/tetIndicesI.H at line 76
    No base point for face 42802834, 4(15965461 15978304 15991917 15965460), produces a valid tet decomposition.
--> FOAM Warning : 
    From function Foam::triFace Foam::tetIndices::faceTriIs(const Foam::polyMesh&) const
    in file meshes/polyMesh/polyMeshTetDecomposition/tetIndicesI.H at line 76
    No base point for face 42761440, 4(15964213 15964751 15987831 15976403), produces a valid tet decomposition.
--> FOAM Warning : 
    From function Foam::triFace Foam::tetIndices::faceTriIs(const Foam::polyMesh&) const
    in file meshes/polyMesh/polyMeshTetDecomposition/tetIndicesI.H at line 76
    No base point for face 42802834, 4(15965461 15978304 15991917 15965460), produces a valid tet decomposition.
--> FOAM Warning : 
    From function Foam::triFace Foam::tetIndices::faceTriIs(const Foam::polyMesh&) const
    in file meshes/polyMesh/polyMeshTetDecomposition/tetIndicesI.H at line 76
    No base point for face 42761440, 4(15964213 15964751 15987831 15976403), produces a valid tet decomposition.
--> FOAM Warning : 
    From function Foam::triFace Foam::tetIndices::faceTriIs(const Foam::polyMesh&) const
    in file meshes/polyMesh/polyMeshTetDecomposition/tetIndicesI.H at line 76
    No base point for face 42802834, 4(15965461 15978304 15991917 15965460), produces a valid tet decomposition.
--> FOAM Warning : 
    From function Foam::triFace Foam::tetIndices::faceTriIs(const Foam::polyMesh&) const
    in file meshes/polyMesh/polyMeshTetDecomposition/tetIndicesI.H at line 76
    No base point for face 42761440, 4(15964213 15964751 15987831 15976403), produces a valid tet decomposition.
--> FOAM Warning : 
    From function Foam::triFace Foam::tetIndices::faceTriIs(const Foam::polyMesh&) const
    in file meshes/polyMesh/polyMeshTetDecomposition/tetIndicesI.H at line 76
    No base point for face 42802834, 4(15965461 15978304 15991917 15965460), produces a valid tet decomposition.
--> FOAM Warning : 
    From function Foam::triFace Foam::tetIndices::faceTriIs(const Foam::polyMesh&) const
    in file meshes/polyMesh/polyMeshTetDecomposition/tetIndicesI.H at line 76
    No base point for face 42761440, 4(15964213 15964751 15987831 15976403), produces a valid tet decomposition.
--> FOAM Warning : 
    From function Foam::triFace Foam::tetIndices::faceTriIs(const Foam::polyMesh&) const
    in file meshes/polyMesh/polyMeshTetDecomposition/tetIndicesI.H at line 76
    No base point for face 42802834, 4(15965461 15978304 15991917 15965460), produces a valid tet decomposition.
--> FOAM Warning : 
    From function Foam::triFace Foam::tetIndices::faceTriIs(const Foam::polyMesh&) const
    in file meshes/polyMesh/polyMeshTetDecomposition/tetIndicesI.H at line 76
    No base point for face 42796378, 4(15974157 15982388 15991307 15982384), produces a valid tet decomposition.
--> FOAM Warning : 
    From function Foam::triFace Foam::tetIndices::faceTriIs(const Foam::polyMesh&) const
    in file meshes/polyMesh/polyMeshTetDecomposition/tetIndicesI.H at line 76
    No base point for face 42984477, 4(15958353 15958358 15958355 15958352), produces a valid tet decomposition.
--> FOAM Warning : 
    From function Foam::triFace Foam::tetIndices::faceTriIs(const Foam::polyMesh&) const
    in file meshes/polyMesh/polyMeshTetDecomposition/tetIndicesI.H at line 76
    No base point for face 43204617, 4(16124994 16116599 16124993 16120492), produces a valid tet decomposition.
--> FOAM Warning : 
    From function Foam::triFace Foam::tetIndices::faceTriIs(const Foam::polyMesh&) const
    in file meshes/polyMesh/polyMeshTetDecomposition/tetIndicesI.H at line 76
    No base point for face 41548292, 4(15521106 15516947 15521105 15513003), produces a valid tet decomposition.
--> FOAM Warning : 
    From function Foam::triFace Foam::tetIndices::faceTriIs(const Foam::polyMesh&) const
    in file meshes/polyMesh/polyMeshTetDecomposition/tetIndicesI.H at line 76
    No base point for face 41548485, 4(15511961 15517362 15521125 15516962), produces a valid tet decomposition.
--> FOAM Warning : 
    From function Foam::triFace Foam::tetIndices::faceTriIs(const Foam::polyMesh&) const
    in file meshes/polyMesh/polyMeshTetDecomposition/tetIndicesI.H at line 76
    No base point for face 41146416, 4(15371821 15379862 15388729 15379865), produces a valid tet decomposition.
--> FOAM Warning : 
    From function Foam::triFace Foam::tetIndices::faceTriIs(const Foam::polyMesh&) const
    in file meshes/polyMesh/polyMeshTetDecomposition/tetIndicesI.H at line 76
    No base point for face 41116980, 4(15385531 15374131 15385530 15379898), produces a valid tet decomposition.
--> FOAM Warning : 
    From function Foam::triFace Foam::tetIndices::faceTriIs(const Foam::polyMesh&) const
    in file meshes/polyMesh/polyMeshTetDecomposition/tetIndicesI.H at line 76
    No base point for face 41142543, 4(15373464 15382450 15388303 15382453), produces a valid tet decomposition.
--> FOAM Warning : 
    From function Foam::triFace Foam::tetIndices::faceTriIs(const Foam::polyMesh&) const
    in file meshes/polyMesh/polyMeshTetDecomposition/tetIndicesI.H at line 76
    No base point for face 41116980, 4(15385531 15374131 15385530 15379898), produces a valid tet decomposition.
--> FOAM Warning : 
    From function Foam::triFace Foam::tetIndices::faceTriIs(const Foam::polyMesh&) const
    in file meshes/polyMesh/polyMeshTetDecomposition/tetIndicesI.H at line 76
    No base point for face 41142543, 4(15373464 15382450 15388303 15382453), produces a valid tet decomposition.
--> FOAM Warning : 
    From function Foam::triFace Foam::tetIndices::faceTriIs(const Foam::polyMesh&) const
    in file meshes/polyMesh/polyMeshTetDecomposition/tetIndicesI.H at line 76
    No base point for face 41116980, 4(15385531 15374131 15385530 15379898), produces a valid tet decomposition.
--> FOAM Warning : 
    From function Foam::triFace Foam::tetIndices::faceTriIs(const Foam::polyMesh&) const
    in file meshes/polyMesh/polyMeshTetDecomposition/tetIndicesI.H at line 76
    No base point for face 41142543, 4(15373464 15382450 15388303 15382453), produces a valid tet decomposition.
--> FOAM Warning : 
    From function Foam::triFace Foam::tetIndices::faceTriIs(const Foam::polyMesh&) const
    in file meshes/polyMesh/polyMeshTetDecomposition/tetIndicesI.H at line 76
    No base point for face 41116980, 4(15385531 15374131 15385530 15379898), produces a valid tet decomposition.
--> FOAM Warning : 
    From function Foam::triFace Foam::tetIndices::faceTriIs(const Foam::polyMesh&) const
    in file meshes/polyMesh/polyMeshTetDecomposition/tetIndicesI.H at line 76
    No base point for face 41142543, 4(15373464 15382450 15388303 15382453), produces a valid tet decomposition.
--> FOAM Warning : 
    From function Foam::triFace Foam::tetIndices::faceTriIs(const Foam::polyMesh&) const
    in file meshes/polyMesh/polyMeshTetDecomposition/tetIndicesI.H at line 76
    No base point for face 41116980, 4(15385531 15374131 15385530 15379898), produces a valid tet decomposition.
--> FOAM Warning : 
    From function Foam::triFace Foam::tetIndices::faceTriIs(const Foam::polyMesh&) const
    in file meshes/polyMesh/polyMeshTetDecomposition/tetIndicesI.H at line 76
    No base point for face 41142543, 4(15373464 15382450 15388303 15382453), produces a valid tet decomposition.
--> FOAM Warning : 
    From function Foam::triFace Foam::tetIndices::faceTriIs(const Foam::polyMesh&) const
    in file meshes/polyMesh/polyMeshTetDecomposition/tetIndicesI.H at line 76
    No base point for face 42761440, 4(15964213 15964751 15987831 15976403), produces a valid tet decomposition.
--> FOAM Warning : 
    From function Foam::triFace Foam::tetIndices::faceTriIs(const Foam::polyMesh&) const
    in file meshes/polyMesh/polyMeshTetDecomposition/tetIndicesI.H at line 76
    No base point for face 42802834, 4(15965461 15978304 15991917 15965460), produces a valid tet decomposition.
--> FOAM Warning : 
    From function Foam::triFace Foam::tetIndices::faceTriIs(const Foam::polyMesh&) const
    in file meshes/polyMesh/polyMeshTetDecomposition/tetIndicesI.H at line 76
    No base point for face 42761440, 4(15964213 15964751 15987831 15976403), produces a valid tet decomposition.
--> FOAM Warning : 
    From function Foam::triFace Foam::tetIndices::faceTriIs(const Foam::polyMesh&) const
    in file meshes/polyMesh/polyMeshTetDecomposition/tetIndicesI.H at line 76
    No base point for face 42802834, 4(15965461 15978304 15991917 15965460), produces a valid tet decomposition.
--> FOAM Warning : 
    From function Foam::triFace Foam::tetIndices::faceTriIs(const Foam::polyMesh&) const
    in file meshes/polyMesh/polyMeshTetDecomposition/tetIndicesI.H at line 76
    No base point for face 42761440, 4(15964213 15964751 15987831 15976403), produces a valid tet decomposition.
--> FOAM Warning : 
    From function Foam::triFace Foam::tetIndices::faceTriIs(const Foam::polyMesh&) const
    in file meshes/polyMesh/polyMeshTetDecomposition/tetIndicesI.H at line 76
    No base point for face 42802834, 4(15965461 15978304 15991917 15965460), produces a valid tet decomposition.
--> FOAM Warning : 
    From function Foam::triFace Foam::tetIndices::faceTriIs(const Foam::polyMesh&) const
    in file meshes/polyMesh/polyMeshTetDecomposition/tetIndicesI.H at line 76
    No base point for face 42761440, 4(15964213 15964751 15987831 15976403), produces a valid tet decomposition.
--> FOAM Warning : 
    From function Foam::triFace Foam::tetIndices::faceTriIs(const Foam::polyMesh&) const
    in file meshes/polyMesh/polyMeshTetDecomposition/tetIndicesI.H at line 76
    No base point for face 42802834, 4(15965461 15978304 15991917 15965460), produces a valid tet decomposition.
--> FOAM Warning : 
    From function Foam::triFace Foam::tetIndices::faceTriIs(const Foam::polyMesh&) const
    in file meshes/polyMesh/polyMeshTetDecomposition/tetIndicesI.H at line 76
    No base point for face 42761440, 4(15964213 15964751 15987831 15976403), produces a valid tet decomposition.
--> FOAM Warning : 
    From function Foam::triFace Foam::tetIndices::faceTriIs(const Foam::polyMesh&) const
    in file meshes/polyMesh/polyMeshTetDecomposition/tetIndicesI.H at line 76
    No base point for face 42802834, 4(15965461 15978304 15991917 15965460), produces a valid tet decomposition.
--> FOAM Warning : 
    From function Foam::triFace Foam::tetIndices::faceTriIs(const Foam::polyMesh&) const
    in file meshes/polyMesh/polyMeshTetDecomposition/tetIndicesI.H at line 76
    No base point for face 42796378, 4(15974157 15982388 15991307 15982384), produces a valid tet decomposition.
--> FOAM Warning : 
    From function Foam::triFace Foam::tetIndices::faceTriIs(const Foam::polyMesh&) const
    in file meshes/polyMesh/polyMeshTetDecomposition/tetIndicesI.H at line 76
    No base point for face 42984477, 4(15958353 15958358 15958355 15958352), produces a valid tet decomposition.
--> FOAM Warning : 
    From function Foam::triFace Foam::tetIndices::faceTriIs(const Foam::polyMesh&) const
    in file meshes/polyMesh/polyMeshTetDecomposition/tetIndicesI.H at line 76
    No base point for face 43204617, 4(16124994 16116599 16124993 16120492), produces a valid tet decomposition.
--> FOAM Warning : 
    From function Foam::triFace Foam::tetIndices::faceTriIs(const Foam::polyMesh&) const
    in file meshes/polyMesh/polyMeshTetDecomposition/tetIndicesI.H at line 76
    No base point for face 41548292, 4(15521106 15516947 15521105 15513003), produces a valid tet decomposition.
--> FOAM Warning : 
    From function Foam::triFace Foam::tetIndices::faceTriIs(const Foam::polyMesh&) const
    in file meshes/polyMesh/polyMeshTetDecomposition/tetIndicesI.H at line 76
    No base point for face 41548485, 4(15511961 15517362 15521125 15516962), produces a valid tet decomposition.
--> FOAM Warning : 
    From function Foam::triFace Foam::tetIndices::faceTriIs(const Foam::polyMesh&) const
    in file meshes/polyMesh/polyMeshTetDecomposition/tetIndicesI.H at line 76
    No base point for face 41146416, 4(15371821 15379862 15388729 15379865), produces a valid tet decomposition.
--> FOAM Warning : 
    From function Foam::triFace Foam::tetIndices::faceTriIs(const Foam::polyMesh&) const
    in file meshes/polyMesh/polyMeshTetDecomposition/tetIndicesI.H at line 76
    No base point for face 41116980, 4(15385531 15374131 15385530 15379898), produces a valid tet decomposition.
--> FOAM Warning : 
    From function Foam::triFace Foam::tetIndices::faceTriIs(const Foam::polyMesh&) const
    in file meshes/polyMesh/polyMeshTetDecomposition/tetIndicesI.H at line 76
    No base point for face 41142543, 4(15373464 15382450 15388303 15382453), produces a valid tet decomposition.
--> FOAM Warning : 
    From function Foam::triFace Foam::tetIndices::faceTriIs(const Foam::polyMesh&) const
    in file meshes/polyMesh/polyMeshTetDecomposition/tetIndicesI.H at line 76
    No base point for face 41116980, 4(15385531 15374131 15385530 15379898), produces a valid tet decomposition.
--> FOAM Warning : 
    From function Foam::triFace Foam::tetIndices::faceTriIs(const Foam::polyMesh&) const
    in file meshes/polyMesh/polyMeshTetDecomposition/tetIndicesI.H at line 76
    No base point for face 41142543, 4(15373464 15382450 15388303 15382453), produces a valid tet decomposition.
--> FOAM Warning : 
    From function Foam::triFace Foam::tetIndices::faceTriIs(const Foam::polyMesh&) const
    in file meshes/polyMesh/polyMeshTetDecomposition/tetIndicesI.H at line 76
    No base point for face 41116980, 4(15385531 15374131 15385530 15379898), produces a valid tet decomposition.
--> FOAM Warning : 
    From function Foam::triFace Foam::tetIndices::faceTriIs(const Foam::polyMesh&) const
    in file meshes/polyMesh/polyMeshTetDecomposition/tetIndicesI.H at line 76
    No base point for face 41142543, 4(15373464 15382450 15388303 15382453), produces a valid tet decomposition.
--> FOAM Warning : 
    From function Foam::triFace Foam::tetIndices::faceTriIs(const Foam::polyMesh&) const
    in file meshes/polyMesh/polyMeshTetDecomposition/tetIndicesI.H at line 76
    No base point for face 41116980, 4(15385531 15374131 15385530 15379898), produces a valid tet decomposition.
--> FOAM Warning : 
    From function Foam::triFace Foam::tetIndices::faceTriIs(const Foam::polyMesh&) const
    in file meshes/polyMesh/polyMeshTetDecomposition/tetIndicesI.H at line 76
    No base point for face 41142543, 4(15373464 15382450 15388303 15382453), produces a valid tet decomposition.
--> FOAM Warning : 
    From function Foam::triFace Foam::tetIndices::faceTriIs(const Foam::polyMesh&) const
    in file meshes/polyMesh/polyMeshTetDecomposition/tetIndicesI.H at line 76
    No base point for face 41116980, 4(15385531 15374131 15385530 15379898), produces a valid tet decomposition.
--> FOAM Warning : 
    From function Foam::triFace Foam::tetIndices::faceTriIs(const Foam::polyMesh&) const
    in file meshes/polyMesh/polyMeshTetDecomposition/tetIndicesI.H at line 76
    No base point for face 41142543, 4(15373464 15382450 15388303 15382453), produces a valid tet decomposition.
--> FOAM Warning : 
    From function Foam::triFace Foam::tetIndices::faceTriIs(const Foam::polyMesh&) const
    in file meshes/polyMesh/polyMeshTetDecomposition/tetIndicesI.H at line 76
    No base point for face 42761440, 4(15964213 15964751 15987831 15976403), produces a valid tet decomposition.
--> FOAM Warning : 
    From function Foam::triFace Foam::tetIndices::faceTriIs(const Foam::polyMesh&) const
    in file meshes/polyMesh/polyMeshTetDecomposition/tetIndicesI.H at line 76
    No base point for face 42802834, 4(15965461 15978304 15991917 15965460), produces a valid tet decomposition.
--> FOAM Warning : 
    From function Foam::triFace Foam::tetIndices::faceTriIs(const Foam::polyMesh&) const
    in file meshes/polyMesh/polyMeshTetDecomposition/tetIndicesI.H at line 76
    No base point for face 42761440, 4(15964213 15964751 15987831 15976403), produces a valid tet decomposition.
--> FOAM Warning : 
    From function Foam::triFace Foam::tetIndices::faceTriIs(const Foam::polyMesh&) const
    in file meshes/polyMesh/polyMeshTetDecomposition/tetIndicesI.H at line 76
    No base point for face 42802834, 4(15965461 15978304 15991917 15965460), produces a valid tet decomposition.
--> FOAM Warning : 
    From function Foam::triFace Foam::tetIndices::faceTriIs(const Foam::polyMesh&) const
    in file meshes/polyMesh/polyMeshTetDecomposition/tetIndicesI.H at line 76
    No base point for face 42761440, 4(15964213 15964751 15987831 15976403), produces a valid tet decomposition.
--> FOAM Warning : 
    From function Foam::triFace Foam::tetIndices::faceTriIs(const Foam::polyMesh&) const
    in file meshes/polyMesh/polyMeshTetDecomposition/tetIndicesI.H at line 76
    No base point for face 42802834, 4(15965461 15978304 15991917 15965460), produces a valid tet decomposition.
--> FOAM Warning : 
    From function Foam::triFace Foam::tetIndices::faceTriIs(const Foam::polyMesh&) const
    in file meshes/polyMesh/polyMeshTetDecomposition/tetIndicesI.H at line 76
    No base point for face 42761440, 4(15964213 15964751 15987831 15976403), produces a valid tet decomposition.
--> FOAM Warning : 
    From function Foam::triFace Foam::tetIndices::faceTriIs(const Foam::polyMesh&) const
    in file meshes/polyMesh/polyMeshTetDecomposition/tetIndicesI.H at line 76
    No base point for face 42802834, 4(15965461 15978304 15991917 15965460), produces a valid tet decomposition.
--> FOAM Warning : 
    From function Foam::triFace Foam::tetIndices::faceTriIs(const Foam::polyMesh&) const
    in file meshes/polyMesh/polyMeshTetDecomposition/tetIndicesI.H at line 76
    No base point for face 42761440, 4(15964213 15964751 15987831 15976403), produces a valid tet decomposition.
--> FOAM Warning : 
    From function Foam::triFace Foam::tetIndices::faceTriIs(const Foam::polyMesh&) const
    in file meshes/polyMesh/polyMeshTetDecomposition/tetIndicesI.H at line 76
    No base point for face 42802834, 4(15965461 15978304 15991917 15965460), produces a valid tet decomposition.
--> FOAM Warning : 
    From function Foam::triFace Foam::tetIndices::faceTriIs(const Foam::polyMesh&) const
    in file meshes/polyMesh/polyMeshTetDecomposition/tetIndicesI.H at line 76
    No base point for face 42796378, 4(15974157 15982388 15991307 15982384), produces a valid tet decomposition.
--> FOAM Warning : 
    From function Foam::triFace Foam::tetIndices::faceTriIs(const Foam::polyMesh&) const
    in file meshes/polyMesh/polyMeshTetDecomposition/tetIndicesI.H at line 76
    No base point for face 42984477, 4(15958353 15958358 15958355 15958352), produces a valid tet decomposition.
--> FOAM Warning : 
    From function Foam::triFace Foam::tetIndices::faceTriIs(const Foam::polyMesh&) const
    in file meshes/polyMesh/polyMeshTetDecomposition/tetIndicesI.H at line 76
    No base point for face 43204617, 4(16124994 16116599 16124993 16120492), produces a valid tet decomposition.
--> FOAM Warning : 
    From function Foam::triFace Foam::tetIndices::faceTriIs(const Foam::polyMesh&) const
    in file meshes/polyMesh/polyMeshTetDecomposition/tetIndicesI.H at line 76
    No base point for face 41548292, 4(15521106 15516947 15521105 15513003), produces a valid tet decomposition.
--> FOAM Warning : 
    From function Foam::triFace Foam::tetIndices::faceTriIs(const Foam::polyMesh&) const
    in file meshes/polyMesh/polyMeshTetDecomposition/tetIndicesI.H at line 76
    No base point for face 41548485, 4(15511961 15517362 15521125 15516962), produces a valid tet decomposition.
--> FOAM Warning : 
    From function Foam::triFace Foam::tetIndices::faceTriIs(const Foam::polyMesh&) const
    in file meshes/polyMesh/polyMeshTetDecomposition/tetIndicesI.H at line 76
    No base point for face 41146416, 4(15371821 15379862 15388729 15379865), produces a valid tet decomposition.
--> FOAM Warning : 
    From function Foam::triFace Foam::tetIndices::faceTriIs(const Foam::polyMesh&) const
    in file meshes/polyMesh/polyMeshTetDecomposition/tetIndicesI.H at line 76
    No base point for face 41116980, 4(15385531 15374131 15385530 15379898), produces a valid tet decomposition.
--> FOAM Warning : 
    From function Foam::triFace Foam::tetIndices::faceTriIs(const Foam::polyMesh&) const
    in file meshes/polyMesh/polyMeshTetDecomposition/tetIndicesI.H at line 76
    No base point for face 41142543, 4(15373464 15382450 15388303 15382453), produces a valid tet decomposition.
--> FOAM Warning : 
    From function Foam::triFace Foam::tetIndices::faceTriIs(const Foam::polyMesh&) const
    in file meshes/polyMesh/polyMeshTetDecomposition/tetIndicesI.H at line 76
    No base point for face 41116980, 4(15385531 15374131 15385530 15379898), produces a valid tet decomposition.
--> FOAM Warning : 
    From function Foam::triFace Foam::tetIndices::faceTriIs(const Foam::polyMesh&) const
    in file meshes/polyMesh/polyMeshTetDecomposition/tetIndicesI.H at line 76
    No base point for face 41142543, 4(15373464 15382450 15388303 15382453), produces a valid tet decomposition.
--> FOAM Warning : 
    From function Foam::triFace Foam::tetIndices::faceTriIs(const Foam::polyMesh&) const
    in file meshes/polyMesh/polyMeshTetDecomposition/tetIndicesI.H at line 76
    No base point for face 41116980, 4(15385531 15374131 15385530 15379898), produces a valid tet decomposition.
--> FOAM Warning : 
    From function Foam::triFace Foam::tetIndices::faceTriIs(const Foam::polyMesh&) const
    in file meshes/polyMesh/polyMeshTetDecomposition/tetIndicesI.H at line 76
    No base point for face 41142543, 4(15373464 15382450 15388303 15382453), produces a valid tet decomposition.
--> FOAM Warning : 
    From function Foam::triFace Foam::tetIndices::faceTriIs(const Foam::polyMesh&) const
    in file meshes/polyMesh/polyMeshTetDecomposition/tetIndicesI.H at line 76
    No base point for face 41116980, 4(15385531 15374131 15385530 15379898), produces a valid tet decomposition.
--> FOAM Warning : 
    From function Foam::triFace Foam::tetIndices::faceTriIs(const Foam::polyMesh&) const
    in file meshes/polyMesh/polyMeshTetDecomposition/tetIndicesI.H at line 76
    No base point for face 41142543, 4(15373464 15382450 15388303 15382453), produces a valid tet decomposition.
--> FOAM Warning : 
    From function Foam::triFace Foam::tetIndices::faceTriIs(const Foam::polyMesh&) const
    in file meshes/polyMesh/polyMeshTetDecomposition/tetIndicesI.H at line 76
    No base point for face 41116980, 4(15385531 15374131 15385530 15379898), produces a valid tet decomposition.
--> FOAM Warning : 
    From function Foam::triFace Foam::tetIndices::faceTriIs(const Foam::polyMesh&) const
    in file meshes/polyMesh/polyMeshTetDecomposition/tetIndicesI.H at line 76
    No base point for face 41142543, 4(15373464 15382450 15388303 15382453), produces a valid tet decomposition.
--> FOAM Warning : 
    From function Foam::triFace Foam::tetIndices::faceTriIs(const Foam::polyMesh&) const
    in file meshes/polyMesh/polyMeshTetDecomposition/tetIndicesI.H at line 76
    No base point for face 42761440, 4(15964213 15964751 15987831 15976403), produces a valid tet decomposition.
--> FOAM Warning : 
    From function Foam::triFace Foam::tetIndices::faceTriIs(const Foam::polyMesh&) const
    in file meshes/polyMesh/polyMeshTetDecomposition/tetIndicesI.H at line 76
    No base point for face 42802834, 4(15965461 15978304 15991917 15965460), produces a valid tet decomposition.
--> FOAM Warning : 
    From function Foam::triFace Foam::tetIndices::faceTriIs(const Foam::polyMesh&) const
    in file meshes/polyMesh/polyMeshTetDecomposition/tetIndicesI.H at line 76
    No base point for face 42761440, 4(15964213 15964751 15987831 15976403), produces a valid tet decomposition.
--> FOAM Warning : 
    From function Foam::triFace Foam::tetIndices::faceTriIs(const Foam::polyMesh&) const
    in file meshes/polyMesh/polyMeshTetDecomposition/tetIndicesI.H at line 76
    No base point for face 42802834, 4(15965461 15978304 15991917 15965460), produces a valid tet decomposition.
--> FOAM Warning : 
    From function Foam::triFace Foam::tetIndices::faceTriIs(const Foam::polyMesh&) const
    in file meshes/polyMesh/polyMeshTetDecomposition/tetIndicesI.H at line 76
    No base point for face 42761440, 4(15964213 15964751 15987831 15976403), produces a valid tet decomposition.
--> FOAM Warning : 
    From function Foam::triFace Foam::tetIndices::faceTriIs(const Foam::polyMesh&) const
    in file meshes/polyMesh/polyMeshTetDecomposition/tetIndicesI.H at line 76
    No base point for face 42802834, 4(15965461 15978304 15991917 15965460), produces a valid tet decomposition.
--> FOAM Warning : 
    From function Foam::triFace Foam::tetIndices::faceTriIs(const Foam::polyMesh&) const
    in file meshes/polyMesh/polyMeshTetDecomposition/tetIndicesI.H at line 76
    No base point for face 42761440, 4(15964213 15964751 15987831 15976403), produces a valid tet decomposition.
--> FOAM Warning : 
    From function Foam::triFace Foam::tetIndices::faceTriIs(const Foam::polyMesh&) const
    in file meshes/polyMesh/polyMeshTetDecomposition/tetIndicesI.H at line 76
    No base point for face 42802834, 4(15965461 15978304 15991917 15965460), produces a valid tet decomposition.
--> FOAM Warning : 
    From function Foam::triFace Foam::tetIndices::faceTriIs(const Foam::polyMesh&) const
    in file meshes/polyMesh/polyMeshTetDecomposition/tetIndicesI.H at line 76
    No base point for face 42761440, 4(15964213 15964751 15987831 15976403), produces a valid tet decomposition.
--> FOAM Warning : 
    From function Foam::triFace Foam::tetIndices::faceTriIs(const Foam::polyMesh&) const
    in file meshes/polyMesh/polyMeshTetDecomposition/tetIndicesI.H at line 76
    No base point for face 42802834, 4(15965461 15978304 15991917 15965460), produces a valid tet decomposition.
--> FOAM Warning : 
    From function Foam::triFace Foam::tetIndices::faceTriIs(const Foam::polyMesh&) const
    in file meshes/polyMesh/polyMeshTetDecomposition/tetIndicesI.H at line 76
    No base point for face 42796378, 4(15974157 15982388 15991307 15982384), produces a valid tet decomposition.
--> FOAM Warning : 
    From function Foam::triFace Foam::tetIndices::faceTriIs(const Foam::polyMesh&) const
    in file meshes/polyMesh/polyMeshTetDecomposition/tetIndicesI.H at line 76
    No base point for face 42984477, 4(15958353 15958358 15958355 15958352), produces a valid tet decomposition.
--> FOAM Warning : 
    From function Foam::triFace Foam::tetIndices::faceTriIs(const Foam::polyMesh&) const
    in file meshes/polyMesh/polyMeshTetDecomposition/tetIndicesI.H at line 76
    No base point for face 43204617, 4(16124994 16116599 16124993 16120492), produces a valid tet decomposition.
--> FOAM Warning : 
    From function Foam::triFace Foam::tetIndices::faceTriIs(const Foam::polyMesh&) const
    in file meshes/polyMesh/polyMeshTetDecomposition/tetIndicesI.H at line 76
    No base point for face 41548292, 4(15521106 15516947 15521105 15513003), produces a valid tet decomposition.
--> FOAM Warning : 
    From function Foam::triFace Foam::tetIndices::faceTriIs(const Foam::polyMesh&) const
    in file meshes/polyMesh/polyMeshTetDecomposition/tetIndicesI.H at line 76
    No base point for face 41548485, 4(15511961 15517362 15521125 15516962), produces a valid tet decomposition.
--> FOAM Warning : 
    From function Foam::triFace Foam::tetIndices::faceTriIs(const Foam::polyMesh&) const
    in file meshes/polyMesh/polyMeshTetDecomposition/tetIndicesI.H at line 76
    No base point for face 41146416, 4(15371821 15379862 15388729 15379865), produces a valid tet decomposition.
--> FOAM Warning : 
    From function Foam::triFace Foam::tetIndices::faceTriIs(const Foam::polyMesh&) const
    in file meshes/polyMesh/polyMeshTetDecomposition/tetIndicesI.H at line 76
    No base point for face 41116980, 4(15385531 15374131 15385530 15379898), produces a valid tet decomposition.
--> FOAM Warning : 
    From function Foam::triFace Foam::tetIndices::faceTriIs(const Foam::polyMesh&) const
    in file meshes/polyMesh/polyMeshTetDecomposition/tetIndicesI.H at line 76
    No base point for face 41142543, 4(15373464 15382450 15388303 15382453), produces a valid tet decomposition.
--> FOAM Warning : 
    From function Foam::triFace Foam::tetIndices::faceTriIs(const Foam::polyMesh&) const
    in file meshes/polyMesh/polyMeshTetDecomposition/tetIndicesI.H at line 76
    No base point for face 41116980, 4(15385531 15374131 15385530 15379898), produces a valid tet decomposition.
--> FOAM Warning : 
    From function Foam::triFace Foam::tetIndices::faceTriIs(const Foam::polyMesh&) const
    in file meshes/polyMesh/polyMeshTetDecomposition/tetIndicesI.H at line 76
    No base point for face 41142543, 4(15373464 15382450 15388303 15382453), produces a valid tet decomposition.
--> FOAM Warning : 
    From function Foam::triFace Foam::tetIndices::faceTriIs(const Foam::polyMesh&) const
    in file meshes/polyMesh/polyMeshTetDecomposition/tetIndicesI.H at line 76
    No base point for face 41116980, 4(15385531 15374131 15385530 15379898), produces a valid tet decomposition.
--> FOAM Warning : 
    From function Foam::triFace Foam::tetIndices::faceTriIs(const Foam::polyMesh&) const
    in file meshes/polyMesh/polyMeshTetDecomposition/tetIndicesI.H at line 76
    No base point for face 41142543, 4(15373464 15382450 15388303 15382453), produces a valid tet decomposition.
--> FOAM Warning : 
    From function Foam::triFace Foam::tetIndices::faceTriIs(const Foam::polyMesh&) const
    in file meshes/polyMesh/polyMeshTetDecomposition/tetIndicesI.H at line 76
    No base point for face 41116980, 4(15385531 15374131 15385530 15379898), produces a valid tet decomposition.
--> FOAM Warning : 
    From function Foam::triFace Foam::tetIndices::faceTriIs(const Foam::polyMesh&) const
    in file meshes/polyMesh/polyMeshTetDecomposition/tetIndicesI.H at line 76
    No base point for face 41142543, 4(15373464 15382450 15388303 15382453), produces a valid tet decomposition.
--> FOAM Warning : 
    From function Foam::triFace Foam::tetIndices::faceTriIs(const Foam::polyMesh&) const
    in file meshes/polyMesh/polyMeshTetDecomposition/tetIndicesI.H at line 76
    No base point for face 41116980, 4(15385531 15374131 15385530 15379898), produces a valid tet decomposition.
--> FOAM Warning : 
    From function Foam::triFace Foam::tetIndices::faceTriIs(const Foam::polyMesh&) const
    in file meshes/polyMesh/polyMeshTetDecomposition/tetIndicesI.H at line 76
    No base point for face 41142543, 4(15373464 15382450 15388303 15382453), produces a valid tet decomposition.
--> FOAM Warning : 
    From function Foam::triFace Foam::tetIndices::faceTriIs(const Foam::polyMesh&) const
    in file meshes/polyMesh/polyMeshTetDecomposition/tetIndicesI.H at line 76
    No base point for face 42761440, 4(15964213 15964751 15987831 15976403), produces a valid tet decomposition.
--> FOAM Warning : 
    From function Foam::triFace Foam::tetIndices::faceTriIs(const Foam::polyMesh&) const
    in file meshes/polyMesh/polyMeshTetDecomposition/tetIndicesI.H at line 76
    No base point for face 42802834, 4(15965461 15978304 15991917 15965460), produces a valid tet decomposition.
--> FOAM Warning : 
    From function Foam::triFace Foam::tetIndices::faceTriIs(const Foam::polyMesh&) const
    in file meshes/polyMesh/polyMeshTetDecomposition/tetIndicesI.H at line 76
    No base point for face 42761440, 4(15964213 15964751 15987831 15976403), produces a valid tet decomposition.
--> FOAM Warning : 
    From function Foam::triFace Foam::tetIndices::faceTriIs(const Foam::polyMesh&) const
    in file meshes/polyMesh/polyMeshTetDecomposition/tetIndicesI.H at line 76
    No base point for face 42802834, 4(15965461 15978304 15991917 15965460), produces a valid tet decomposition.
--> FOAM Warning : 
    From function Foam::triFace Foam::tetIndices::faceTriIs(const Foam::polyMesh&) const
    in file meshes/polyMesh/polyMeshTetDecomposition/tetIndicesI.H at line 76
    No base point for face 42761440, 4(15964213 15964751 15987831 15976403), produces a valid tet decomposition.
--> FOAM Warning : 
    From function Foam::triFace Foam::tetIndices::faceTriIs(const Foam::polyMesh&) const
    in file meshes/polyMesh/polyMeshTetDecomposition/tetIndicesI.H at line 76
    No base point for face 42802834, 4(15965461 15978304 15991917 15965460), produces a valid tet decomposition.
--> FOAM Warning : 
    From function Foam::triFace Foam::tetIndices::faceTriIs(const Foam::polyMesh&) const
    in file meshes/polyMesh/polyMeshTetDecomposition/tetIndicesI.H at line 76
    No base point for face 42761440, 4(15964213 15964751 15987831 15976403), produces a valid tet decomposition.
--> FOAM Warning : 
    From function Foam::triFace Foam::tetIndices::faceTriIs(const Foam::polyMesh&) const
    in file meshes/polyMesh/polyMeshTetDecomposition/tetIndicesI.H at line 76
    No base point for face 42802834, 4(15965461 15978304 15991917 15965460), produces a valid tet decomposition.
--> FOAM Warning : 
    From function Foam::triFace Foam::tetIndices::faceTriIs(const Foam::polyMesh&) const
    in file meshes/polyMesh/polyMeshTetDecomposition/tetIndicesI.H at line 76
    No base point for face 42761440, 4(15964213 15964751 15987831 15976403), produces a valid tet decomposition.
--> FOAM Warning : 
    From function Foam::triFace Foam::tetIndices::faceTriIs(const Foam::polyMesh&) const
    in file meshes/polyMesh/polyMeshTetDecomposition/tetIndicesI.H at line 76
    No base point for face 42802834, 4(15965461 15978304 15991917 15965460), produces a valid tet decomposition.
--> FOAM Warning : 
    From function Foam::triFace Foam::tetIndices::faceTriIs(const Foam::polyMesh&) const
    in file meshes/polyMesh/polyMeshTetDecomposition/tetIndicesI.H at line 76
    No base point for face 42796378, 4(15974157 15982388 15991307 15982384), produces a valid tet decomposition.
--> FOAM Warning : 
    From function Foam::triFace Foam::tetIndices::faceTriIs(const Foam::polyMesh&) const
    in file meshes/polyMesh/polyMeshTetDecomposition/tetIndicesI.H at line 76
    No base point for face 42984477, 4(15958353 15958358 15958355 15958352), produces a valid tet decomposition.
--> FOAM Warning : 
    From function Foam::triFace Foam::tetIndices::faceTriIs(const Foam::polyMesh&) const
    in file meshes/polyMesh/polyMeshTetDecomposition/tetIndicesI.H at line 76
    No base point for face 43204617, 4(16124994 16116599 16124993 16120492), produces a valid tet decomposition.
--> FOAM Warning : 
    From function Foam::triFace Foam::tetIndices::faceTriIs(const Foam::polyMesh&) const
    in file meshes/polyMesh/polyMeshTetDecomposition/tetIndicesI.H at line 76
    No base point for face 41548292, 4(15521106 15516947 15521105 15513003), produces a valid tet decomposition.
--> FOAM Warning : 
    From function Foam::triFace Foam::tetIndices::faceTriIs(const Foam::polyMesh&) const
    in file meshes/polyMesh/polyMeshTetDecomposition/tetIndicesI.H at line 76
    No base point for face 41548485, 4(15511961 15517362 15521125 15516962), produces a valid tet decomposition.
--> FOAM Warning : 
    From function Foam::triFace Foam::tetIndices::faceTriIs(const Foam::polyMesh&) const
    in file meshes/polyMesh/polyMeshTetDecomposition/tetIndicesI.H at line 76
    No base point for face 41146416, 4(15371821 15379862 15388729 15379865), produces a valid tet decomposition.
--> FOAM Warning : 
    From function Foam::triFace Foam::tetIndices::faceTriIs(const Foam::polyMesh&) const
    in file meshes/polyMesh/polyMeshTetDecomposition/tetIndicesI.H at line 76
    No base point for face 41116980, 4(15385531 15374131 15385530 15379898), produces a valid tet decomposition.
--> FOAM Warning : 
    From function Foam::triFace Foam::tetIndices::faceTriIs(const Foam::polyMesh&) const
    in file meshes/polyMesh/polyMeshTetDecomposition/tetIndicesI.H at line 76
    No base point for face 41142543, 4(15373464 15382450 15388303 15382453), produces a valid tet decomposition.
--> FOAM Warning : 
    From function Foam::triFace Foam::tetIndices::faceTriIs(const Foam::polyMesh&) const
    in file meshes/polyMesh/polyMeshTetDecomposition/tetIndicesI.H at line 76
    No base point for face 41116980, 4(15385531 15374131 15385530 15379898), produces a valid tet decomposition.
--> FOAM Warning : 
    From function Foam::triFace Foam::tetIndices::faceTriIs(const Foam::polyMesh&) const
    in file meshes/polyMesh/polyMeshTetDecomposition/tetIndicesI.H at line 76
    No base point for face 41142543, 4(15373464 15382450 15388303 15382453), produces a valid tet decomposition.
--> FOAM Warning : 
    From function Foam::triFace Foam::tetIndices::faceTriIs(const Foam::polyMesh&) const
    in file meshes/polyMesh/polyMeshTetDecomposition/tetIndicesI.H at line 76
    No base point for face 41116980, 4(15385531 15374131 15385530 15379898), produces a valid tet decomposition.
--> FOAM Warning : 
    From function Foam::triFace Foam::tetIndices::faceTriIs(const Foam::polyMesh&) const
    in file meshes/polyMesh/polyMeshTetDecomposition/tetIndicesI.H at line 76
    No base point for face 41142543, 4(15373464 15382450 15388303 15382453), produces a valid tet decomposition.
--> FOAM Warning : 
    From function Foam::triFace Foam::tetIndices::faceTriIs(const Foam::polyMesh&) const
    in file meshes/polyMesh/polyMeshTetDecomposition/tetIndicesI.H at line 76
    No base point for face 41116980, 4(15385531 15374131 15385530 15379898), produces a valid tet decomposition.
--> FOAM Warning : 
    From function Foam::triFace Foam::tetIndices::faceTriIs(const Foam::polyMesh&) const
    in file meshes/polyMesh/polyMeshTetDecomposition/tetIndicesI.H at line 76
    No base point for face 41142543, 4(15373464 15382450 15388303 15382453), produces a valid tet decomposition.
--> FOAM Warning : 
    From function Foam::triFace Foam::tetIndices::faceTriIs(const Foam::polyMesh&) const
    in file meshes/polyMesh/polyMeshTetDecomposition/tetIndicesI.H at line 76
    No base point for face 41116980, 4(15385531 15374131 15385530 15379898), produces a valid tet decomposition.
--> FOAM Warning : 
    From function Foam::triFace Foam::tetIndices::faceTriIs(const Foam::polyMesh&) const
    in file meshes/polyMesh/polyMeshTetDecomposition/tetIndicesI.H at line 76
    No base point for face 41142543, 4(15373464 15382450 15388303 15382453), produces a valid tet decomposition.
--> FOAM Warning : 
    From function Foam::triFace Foam::tetIndices::faceTriIs(const Foam::polyMesh&) const
    in file meshes/polyMesh/polyMeshTetDecomposition/tetIndicesI.H at line 76
    No base point for face 42761440, 4(15964213 15964751 15987831 15976403), produces a valid tet decomposition.
--> FOAM Warning : 
    From function Foam::triFace Foam::tetIndices::faceTriIs(const Foam::polyMesh&) const
    in file meshes/polyMesh/polyMeshTetDecomposition/tetIndicesI.H at line 76
    No base point for face 42802834, 4(15965461 15978304 15991917 15965460), produces a valid tet decomposition.
--> FOAM Warning : 
    From function Foam::triFace Foam::tetIndices::faceTriIs(const Foam::polyMesh&) const
    in file meshes/polyMesh/polyMeshTetDecomposition/tetIndicesI.H at line 76
    No base point for face 42761440, 4(15964213 15964751 15987831 15976403), produces a valid tet decomposition.
--> FOAM Warning : 
    From function Foam::triFace Foam::tetIndices::faceTriIs(const Foam::polyMesh&) const
    in file meshes/polyMesh/polyMeshTetDecomposition/tetIndicesI.H at line 76
    No base point for face 42802834, 4(15965461 15978304 15991917 15965460), produces a valid tet decomposition.
--> FOAM Warning : 
    From function Foam::triFace Foam::tetIndices::faceTriIs(const Foam::polyMesh&) const
    in file meshes/polyMesh/polyMeshTetDecomposition/tetIndicesI.H at line 76
    No base point for face 42761440, 4(15964213 15964751 15987831 15976403), produces a valid tet decomposition.
--> FOAM Warning : 
    From function Foam::triFace Foam::tetIndices::faceTriIs(const Foam::polyMesh&) const
    in file meshes/polyMesh/polyMeshTetDecomposition/tetIndicesI.H at line 76
    No base point for face 42802834, 4(15965461 15978304 15991917 15965460), produces a valid tet decomposition.
--> FOAM Warning : 
    From function Foam::triFace Foam::tetIndices::faceTriIs(const Foam::polyMesh&) const
    in file meshes/polyMesh/polyMeshTetDecomposition/tetIndicesI.H at line 76
    No base point for face 42761440, 4(15964213 15964751 15987831 15976403), produces a valid tet decomposition.
--> FOAM Warning : 
    From function Foam::triFace Foam::tetIndices::faceTriIs(const Foam::polyMesh&) const
    in file meshes/polyMesh/polyMeshTetDecomposition/tetIndicesI.H at line 76
    No base point for face 42802834, 4(15965461 15978304 15991917 15965460), produces a valid tet decomposition.
--> FOAM Warning : 
    From function Foam::triFace Foam::tetIndices::faceTriIs(const Foam::polyMesh&) const
    in file meshes/polyMesh/polyMeshTetDecomposition/tetIndicesI.H at line 76
    No base point for face 42761440, 4(15964213 15964751 15987831 15976403), produces a valid tet decomposition.
--> FOAM Warning : 
    From function Foam::triFace Foam::tetIndices::faceTriIs(const Foam::polyMesh&) const
    in file meshes/polyMesh/polyMeshTetDecomposition/tetIndicesI.H at line 76
    No base point for face 42802834, 4(15965461 15978304 15991917 15965460), produces a valid tet decomposition.
--> FOAM Warning : 
    From function Foam::triFace Foam::tetIndices::faceTriIs(const Foam::polyMesh&) const
    in file meshes/polyMesh/polyMeshTetDecomposition/tetIndicesI.H at line 76
    No base point for face 42796378, 4(15974157 15982388 15991307 15982384), produces a valid tet decomposition.
--> FOAM Warning : 
    From function Foam::triFace Foam::tetIndices::faceTriIs(const Foam::polyMesh&) const
    in file meshes/polyMesh/polyMeshTetDecomposition/tetIndicesI.H at line 76
    No base point for face 42984477, 4(15958353 15958358 15958355 15958352), produces a valid tet decomposition.
--> FOAM Warning : 
    From function Foam::triFace Foam::tetIndices::faceTriIs(const Foam::polyMesh&) const
    in file meshes/polyMesh/polyMeshTetDecomposition/tetIndicesI.H at line 76
    No base point for face 43204617, 4(16124994 16116599 16124993 16120492), produces a valid tet decomposition.
--> FOAM Warning : 
    From function Foam::triFace Foam::tetIndices::faceTriIs(const Foam::polyMesh&) const
    in file meshes/polyMesh/polyMeshTetDecomposition/tetIndicesI.H at line 76
    No base point for face 41548292, 4(15521106 15516947 15521105 15513003), produces a valid tet decomposition.
--> FOAM Warning : 
    From function Foam::triFace Foam::tetIndices::faceTriIs(const Foam::polyMesh&) const
    in file meshes/polyMesh/polyMeshTetDecomposition/tetIndicesI.H at line 76
    No base point for face 41548485, 4(15511961 15517362 15521125 15516962), produces a valid tet decomposition.
--> FOAM Warning : 
    From function Foam::triFace Foam::tetIndices::faceTriIs(const Foam::polyMesh&) const
    in file meshes/polyMesh/polyMeshTetDecomposition/tetIndicesI.H at line 76
    No base point for face 41146416, 4(15371821 15379862 15388729 15379865), produces a valid tet decomposition.
--> FOAM Warning : 
    From function Foam::triFace Foam::tetIndices::faceTriIs(const Foam::polyMesh&) const
    in file meshes/polyMesh/polyMeshTetDecomposition/tetIndicesI.H at line 76
    No base point for face 41116980, 4(15385531 15374131 15385530 15379898), produces a valid tet decomposition.
--> FOAM Warning : 
    From function Foam::triFace Foam::tetIndices::faceTriIs(const Foam::polyMesh&) const
    in file meshes/polyMesh/polyMeshTetDecomposition/tetIndicesI.H at line 76
    No base point for face 41142543, 4(15373464 15382450 15388303 15382453), produces a valid tet decomposition.
--> FOAM Warning : 
    From function Foam::triFace Foam::tetIndices::faceTriIs(const Foam::polyMesh&) const
    in file meshes/polyMesh/polyMeshTetDecomposition/tetIndicesI.H at line 76
    No base point for face 41116980, 4(15385531 15374131 15385530 15379898), produces a valid tet decomposition.
--> FOAM Warning : 
    From function Foam::triFace Foam::tetIndices::faceTriIs(const Foam::polyMesh&) const
    in file meshes/polyMesh/polyMeshTetDecomposition/tetIndicesI.H at line 76
    No base point for face 41142543, 4(15373464 15382450 15388303 15382453), produces a valid tet decomposition.
--> FOAM Warning : 
    From function Foam::triFace Foam::tetIndices::faceTriIs(const Foam::polyMesh&) const
    in file meshes/polyMesh/polyMeshTetDecomposition/tetIndicesI.H at line 76
    No base point for face 41116980, 4(15385531 15374131 15385530 15379898), produces a valid tet decomposition.
--> FOAM Warning : 
    From function Foam::triFace Foam::tetIndices::faceTriIs(const Foam::polyMesh&) const
    in file meshes/polyMesh/polyMeshTetDecomposition/tetIndicesI.H at line 76
    No base point for face 41142543, 4(15373464 15382450 15388303 15382453), produces a valid tet decomposition.
--> FOAM Warning : 
    From function Foam::triFace Foam::tetIndices::faceTriIs(const Foam::polyMesh&) const
    in file meshes/polyMesh/polyMeshTetDecomposition/tetIndicesI.H at line 76
    No base point for face 41116980, 4(15385531 15374131 15385530 15379898), produces a valid tet decomposition.
--> FOAM Warning : 
    From function Foam::triFace Foam::tetIndices::faceTriIs(const Foam::polyMesh&) const
    in file meshes/polyMesh/polyMeshTetDecomposition/tetIndicesI.H at line 76
    No base point for face 41142543, 4(15373464 15382450 15388303 15382453), produces a valid tet decomposition.
--> FOAM Warning : 
    From function Foam::triFace Foam::tetIndices::faceTriIs(const Foam::polyMesh&) const
    in file meshes/polyMesh/polyMeshTetDecomposition/tetIndicesI.H at line 76
    No base point for face 41116980, 4(15385531 15374131 15385530 15379898), produces a valid tet decomposition.
--> FOAM Warning : 
    From function Foam::triFace Foam::tetIndices::faceTriIs(const Foam::polyMesh&) const
    in file meshes/polyMesh/polyMeshTetDecomposition/tetIndicesI.H at line 76
    No base point for face 41142543, 4(15373464 15382450 15388303 15382453), produces a valid tet decomposition.
--> FOAM Warning : 
    From function Foam::triFace Foam::tetIndices::faceTriIs(const Foam::polyMesh&) const
    in file meshes/polyMesh/polyMeshTetDecomposition/tetIndicesI.H at line 76
    No base point for face 42761440, 4(15964213 15964751 15987831 15976403), produces a valid tet decomposition.
--> FOAM Warning : 
    From function Foam::triFace Foam::tetIndices::faceTriIs(const Foam::polyMesh&) const
    in file meshes/polyMesh/polyMeshTetDecomposition/tetIndicesI.H at line 76
    No base point for face 42802834, 4(15965461 15978304 15991917 15965460), produces a valid tet decomposition.
--> FOAM Warning : 
    From function Foam::triFace Foam::tetIndices::faceTriIs(const Foam::polyMesh&) const
    in file meshes/polyMesh/polyMeshTetDecomposition/tetIndicesI.H at line 76
    No base point for face 42761440, 4(15964213 15964751 15987831 15976403), produces a valid tet decomposition.
--> FOAM Warning : 
    From function Foam::triFace Foam::tetIndices::faceTriIs(const Foam::polyMesh&) const
    in file meshes/polyMesh/polyMeshTetDecomposition/tetIndicesI.H at line 76
    No base point for face 42802834, 4(15965461 15978304 15991917 15965460), produces a valid tet decomposition.
--> FOAM Warning : 
    From function Foam::triFace Foam::tetIndices::faceTriIs(const Foam::polyMesh&) const
    in file meshes/polyMesh/polyMeshTetDecomposition/tetIndicesI.H at line 76
    No base point for face 42761440, 4(15964213 15964751 15987831 15976403), produces a valid tet decomposition.
--> FOAM Warning : 
    From function Foam::triFace Foam::tetIndices::faceTriIs(const Foam::polyMesh&) const
    in file meshes/polyMesh/polyMeshTetDecomposition/tetIndicesI.H at line 76
    No base point for face 42802834, 4(15965461 15978304 15991917 15965460), produces a valid tet decomposition.
--> FOAM Warning : 
    From function Foam::triFace Foam::tetIndices::faceTriIs(const Foam::polyMesh&) const
    in file meshes/polyMesh/polyMeshTetDecomposition/tetIndicesI.H at line 76
    No base point for face 42761440, 4(15964213 15964751 15987831 15976403), produces a valid tet decomposition.
--> FOAM Warning : 
    From function Foam::triFace Foam::tetIndices::faceTriIs(const Foam::polyMesh&) const
    in file meshes/polyMesh/polyMeshTetDecomposition/tetIndicesI.H at line 76
    No base point for face 42802834, 4(15965461 15978304 15991917 15965460), produces a valid tet decomposition.
--> FOAM Warning : 
    From function Foam::triFace Foam::tetIndices::faceTriIs(const Foam::polyMesh&) const
    in file meshes/polyMesh/polyMeshTetDecomposition/tetIndicesI.H at line 76
    No base point for face 42761440, 4(15964213 15964751 15987831 15976403), produces a valid tet decomposition.
--> FOAM Warning : 
    From function Foam::triFace Foam::tetIndices::faceTriIs(const Foam::polyMesh&) const
    in file meshes/polyMesh/polyMeshTetDecomposition/tetIndicesI.H at line 76
    No base point for face 42802834, 4(15965461 15978304 15991917 15965460), produces a valid tet decomposition.
--> FOAM Warning : 
    From function Foam::triFace Foam::tetIndices::faceTriIs(const Foam::polyMesh&) const
    in file meshes/polyMesh/polyMeshTetDecomposition/tetIndicesI.H at line 76
    No base point for face 42796378, 4(15974157 15982388 15991307 15982384), produces a valid tet decomposition.
--> FOAM Warning : 
    From function Foam::triFace Foam::tetIndices::faceTriIs(const Foam::polyMesh&) const
    in file meshes/polyMesh/polyMeshTetDecomposition/tetIndicesI.H at line 76
    No base point for face 42984477, 4(15958353 15958358 15958355 15958352), produces a valid tet decomposition.
--> FOAM Warning : 
    From function Foam::triFace Foam::tetIndices::faceTriIs(const Foam::polyMesh&) const
    in file meshes/polyMesh/polyMeshTetDecomposition/tetIndicesI.H at line 76
    No base point for face 43204617, 4(16124994 16116599 16124993 16120492), produces a valid tet decomposition.
--> FOAM Warning : 
    From function Foam::triFace Foam::tetIndices::faceTriIs(const Foam::polyMesh&) const
    in file meshes/polyMesh/polyMeshTetDecomposition/tetIndicesI.H at line 76
    No base point for face 41548292, 4(15521106 15516947 15521105 15513003), produces a valid tet decomposition.
--> FOAM Warning : 
    From function Foam::triFace Foam::tetIndices::faceTriIs(const Foam::polyMesh&) const
    in file meshes/polyMesh/polyMeshTetDecomposition/tetIndicesI.H at line 76
    No base point for face 41548485, 4(15511961 15517362 15521125 15516962), produces a valid tet decomposition.
--> FOAM Warning : 
    From function Foam::triFace Foam::tetIndices::faceTriIs(const Foam::polyMesh&) const
    in file meshes/polyMesh/polyMeshTetDecomposition/tetIndicesI.H at line 76
    No base point for face 41146416, 4(15371821 15379862 15388729 15379865), produces a valid tet decomposition.
--> FOAM Warning : 
    From function Foam::triFace Foam::tetIndices::faceTriIs(const Foam::polyMesh&) const
    in file meshes/polyMesh/polyMeshTetDecomposition/tetIndicesI.H at line 76
    No base point for face 41116980, 4(15385531 15374131 15385530 15379898), produces a valid tet decomposition.
--> FOAM Warning : 
    From function Foam::triFace Foam::tetIndices::faceTriIs(const Foam::polyMesh&) const
    in file meshes/polyMesh/polyMeshTetDecomposition/tetIndicesI.H at line 76
    No base point for face 41142543, 4(15373464 15382450 15388303 15382453), produces a valid tet decomposition.
--> FOAM Warning : 
    From function Foam::triFace Foam::tetIndices::faceTriIs(const Foam::polyMesh&) const
    in file meshes/polyMesh/polyMeshTetDecomposition/tetIndicesI.H at line 76
    No base point for face 41116980, 4(15385531 15374131 15385530 15379898), produces a valid tet decomposition.
--> FOAM Warning : 
    From function Foam::triFace Foam::tetIndices::faceTriIs(const Foam::polyMesh&) const
    in file meshes/polyMesh/polyMeshTetDecomposition/tetIndicesI.H at line 76
    No base point for face 41142543, 4(15373464 15382450 15388303 15382453), produces a valid tet decomposition.
--> FOAM Warning : 
    From function Foam::triFace Foam::tetIndices::faceTriIs(const Foam::polyMesh&) const
    in file meshes/polyMesh/polyMeshTetDecomposition/tetIndicesI.H at line 76
    No base point for face 41116980, 4(15385531 15374131 15385530 15379898), produces a valid tet decomposition.
--> FOAM Warning : 
    From function Foam::triFace Foam::tetIndices::faceTriIs(const Foam::polyMesh&) const
    in file meshes/polyMesh/polyMeshTetDecomposition/tetIndicesI.H at line 76
    No base point for face 41142543, 4(15373464 15382450 15388303 15382453), produces a valid tet decomposition.
--> FOAM Warning : 
    From function Foam::triFace Foam::tetIndices::faceTriIs(const Foam::polyMesh&) const
    in file meshes/polyMesh/polyMeshTetDecomposition/tetIndicesI.H at line 76
    No base point for face 41116980, 4(15385531 15374131 15385530 15379898), produces a valid tet decomposition.
--> FOAM Warning : 
    From function Foam::triFace Foam::tetIndices::faceTriIs(const Foam::polyMesh&) const
    in file meshes/polyMesh/polyMeshTetDecomposition/tetIndicesI.H at line 76
    No base point for face 41142543, 4(15373464 15382450 15388303 15382453), produces a valid tet decomposition.
--> FOAM Warning : 
    From function Foam::triFace Foam::tetIndices::faceTriIs(const Foam::polyMesh&) const
    in file meshes/polyMesh/polyMeshTetDecomposition/tetIndicesI.H at line 76
    No base point for face 41116980, 4(15385531 15374131 15385530 15379898), produces a valid tet decomposition.
--> FOAM Warning : 
    From function Foam::triFace Foam::tetIndices::faceTriIs(const Foam::polyMesh&) const
    in file meshes/polyMesh/polyMeshTetDecomposition/tetIndicesI.H at line 76
    No base point for face 41142543, 4(15373464 15382450 15388303 15382453), produces a valid tet decomposition.
--> FOAM Warning : 
    From function Foam::triFace Foam::tetIndices::faceTriIs(const Foam::polyMesh&) const
    in file meshes/polyMesh/polyMeshTetDecomposition/tetIndicesI.H at line 76
    No base point for face 42761440, 4(15964213 15964751 15987831 15976403), produces a valid tet decomposition.
--> FOAM Warning : 
    From function Foam::triFace Foam::tetIndices::faceTriIs(const Foam::polyMesh&) const
    in file meshes/polyMesh/polyMeshTetDecomposition/tetIndicesI.H at line 76
    No base point for face 42802834, 4(15965461 15978304 15991917 15965460), produces a valid tet decomposition.
--> FOAM Warning : 
    From function Foam::triFace Foam::tetIndices::faceTriIs(const Foam::polyMesh&) const
    in file meshes/polyMesh/polyMeshTetDecomposition/tetIndicesI.H at line 76
    No base point for face 42761440, 4(15964213 15964751 15987831 15976403), produces a valid tet decomposition.
--> FOAM Warning : 
    From function Foam::triFace Foam::tetIndices::faceTriIs(const Foam::polyMesh&) const
    in file meshes/polyMesh/polyMeshTetDecomposition/tetIndicesI.H at line 76
    No base point for face 42802834, 4(15965461 15978304 15991917 15965460), produces a valid tet decomposition.
--> FOAM Warning : 
    From function Foam::triFace Foam::tetIndices::faceTriIs(const Foam::polyMesh&) const
    in file meshes/polyMesh/polyMeshTetDecomposition/tetIndicesI.H at line 76
    No base point for face 42761440, 4(15964213 15964751 15987831 15976403), produces a valid tet decomposition.
--> FOAM Warning : 
    From function Foam::triFace Foam::tetIndices::faceTriIs(const Foam::polyMesh&) const
    in file meshes/polyMesh/polyMeshTetDecomposition/tetIndicesI.H at line 76
    No base point for face 42802834, 4(15965461 15978304 15991917 15965460), produces a valid tet decomposition.
--> FOAM Warning : 
    From function Foam::triFace Foam::tetIndices::faceTriIs(const Foam::polyMesh&) const
    in file meshes/polyMesh/polyMeshTetDecomposition/tetIndicesI.H at line 76
    No base point for face 42761440, 4(15964213 15964751 15987831 15976403), produces a valid tet decomposition.
--> FOAM Warning : 
    From function Foam::triFace Foam::tetIndices::faceTriIs(const Foam::polyMesh&) const
    in file meshes/polyMesh/polyMeshTetDecomposition/tetIndicesI.H at line 76
    No base point for face 42802834, 4(15965461 15978304 15991917 15965460), produces a valid tet decomposition.
--> FOAM Warning : 
    From function Foam::triFace Foam::tetIndices::faceTriIs(const Foam::polyMesh&) const
    in file meshes/polyMesh/polyMeshTetDecomposition/tetIndicesI.H at line 76
    No base point for face 42761440, 4(15964213 15964751 15987831 15976403), produces a valid tet decomposition.
--> FOAM Warning : 
    From function Foam::triFace Foam::tetIndices::faceTriIs(const Foam::polyMesh&) const
    in file meshes/polyMesh/polyMeshTetDecomposition/tetIndicesI.H at line 76
    No base point for face 42802834, 4(15965461 15978304 15991917 15965460), produces a valid tet decomposition.
--> FOAM Warning : 
    From function Foam::triFace Foam::tetIndices::faceTriIs(const Foam::polyMesh&) const
    in file meshes/polyMesh/polyMeshTetDecomposition/tetIndicesI.H at line 76
    No base point for face 42796378, 4(15974157 15982388 15991307 15982384), produces a valid tet decomposition.
--> FOAM Warning : 
    From function Foam::triFace Foam::tetIndices::faceTriIs(const Foam::polyMesh&) const
    in file meshes/polyMesh/polyMeshTetDecomposition/tetIndicesI.H at line 76
    No base point for face 42984477, 4(15958353 15958358 15958355 15958352), produces a valid tet decomposition.
--> FOAM Warning : 
    From function Foam::triFace Foam::tetIndices::faceTriIs(const Foam::polyMesh&) const
    in file meshes/polyMesh/polyMeshTetDecomposition/tetIndicesI.H at line 76
    No base point for face 43204617, 4(16124994 16116599 16124993 16120492), produces a valid tet decomposition.
--> FOAM Warning : 
    From function Foam::triFace Foam::tetIndices::faceTriIs(const Foam::polyMesh&) const
    in file meshes/polyMesh/polyMeshTetDecomposition/tetIndicesI.H at line 76
    No base point for face 41548292, 4(15521106 15516947 15521105 15513003), produces a valid tet decomposition.
--> FOAM Warning : 
    From function Foam::triFace Foam::tetIndices::faceTriIs(const Foam::polyMesh&) const
    in file meshes/polyMesh/polyMeshTetDecomposition/tetIndicesI.H at line 76
    No base point for face 41548485, 4(15511961 15517362 15521125 15516962), produces a valid tet decomposition.
--> FOAM Warning : 
    From function Foam::triFace Foam::tetIndices::faceTriIs(const Foam::polyMesh&) const
    in file meshes/polyMesh/polyMeshTetDecomposition/tetIndicesI.H at line 76
    No base point for face 41146416, 4(15371821 15379862 15388729 15379865), produces a valid tet decomposition.
--> FOAM Warning : 
    From function Foam::triFace Foam::tetIndices::faceTriIs(const Foam::polyMesh&) const
    in file meshes/polyMesh/polyMeshTetDecomposition/tetIndicesI.H at line 76
    No base point for face 41116980, 4(15385531 15374131 15385530 15379898), produces a valid tet decomposition.
--> FOAM Warning : 
    From function Foam::triFace Foam::tetIndices::faceTriIs(const Foam::polyMesh&) const
    in file meshes/polyMesh/polyMeshTetDecomposition/tetIndicesI.H at line 76
    No base point for face 41142543, 4(15373464 15382450 15388303 15382453), produces a valid tet decomposition.
--> FOAM Warning : 
    From function Foam::triFace Foam::tetIndices::faceTriIs(const Foam::polyMesh&) const
    in file meshes/polyMesh/polyMeshTetDecomposition/tetIndicesI.H at line 76
    No base point for face 41116980, 4(15385531 15374131 15385530 15379898), produces a valid tet decomposition.
--> FOAM Warning : 
    From function Foam::triFace Foam::tetIndices::faceTriIs(const Foam::polyMesh&) const
    in file meshes/polyMesh/polyMeshTetDecomposition/tetIndicesI.H at line 76
    No base point for face 41142543, 4(15373464 15382450 15388303 15382453), produces a valid tet decomposition.
--> FOAM Warning : 
    From function Foam::triFace Foam::tetIndices::faceTriIs(const Foam::polyMesh&) const
    in file meshes/polyMesh/polyMeshTetDecomposition/tetIndicesI.H at line 76
    No base point for face 41116980, 4(15385531 15374131 15385530 15379898), produces a valid tet decomposition.
--> FOAM Warning : 
    From function Foam::triFace Foam::tetIndices::faceTriIs(const Foam::polyMesh&) const
    in file meshes/polyMesh/polyMeshTetDecomposition/tetIndicesI.H at line 76
    No base point for face 41142543, 4(15373464 15382450 15388303 15382453), produces a valid tet decomposition.
--> FOAM Warning : 
    From function Foam::triFace Foam::tetIndices::faceTriIs(const Foam::polyMesh&) const
    in file meshes/polyMesh/polyMeshTetDecomposition/tetIndicesI.H at line 76
    No base point for face 41116980, 4(15385531 15374131 15385530 15379898), produces a valid tet decomposition.
--> FOAM Warning : 
    From function Foam::triFace Foam::tetIndices::faceTriIs(const Foam::polyMesh&) const
    in file meshes/polyMesh/polyMeshTetDecomposition/tetIndicesI.H at line 76
    No base point for face 41142543, 4(15373464 15382450 15388303 15382453), produces a valid tet decomposition.
--> FOAM Warning : 
    From function Foam::triFace Foam::tetIndices::faceTriIs(const Foam::polyMesh&) const
    in file meshes/polyMesh/polyMeshTetDecomposition/tetIndicesI.H at line 76
    No base point for face 41116980, 4(15385531 15374131 15385530 15379898), produces a valid tet decomposition.
--> FOAM Warning : 
    From function Foam::triFace Foam::tetIndices::faceTriIs(const Foam::polyMesh&) const
    in file meshes/polyMesh/polyMeshTetDecomposition/tetIndicesI.H at line 76
    No base point for face 41142543, 4(15373464 15382450 15388303 15382453), produces a valid tet decomposition.
--> FOAM Warning : 
    From function Foam::triFace Foam::tetIndices::faceTriIs(const Foam::polyMesh&) const
    in file meshes/polyMesh/polyMeshTetDecomposition/tetIndicesI.H at line 76
    No base point for face 42761440, 4(15964213 15964751 15987831 15976403), produces a valid tet decomposition.
--> FOAM Warning : 
    From function Foam::triFace Foam::tetIndices::faceTriIs(const Foam::polyMesh&) const
    in file meshes/polyMesh/polyMeshTetDecomposition/tetIndicesI.H at line 76
    No base point for face 42802834, 4(15965461 15978304 15991917 15965460), produces a valid tet decomposition.
--> FOAM Warning : 
    From function Foam::triFace Foam::tetIndices::faceTriIs(const Foam::polyMesh&) const
    in file meshes/polyMesh/polyMeshTetDecomposition/tetIndicesI.H at line 76
    No base point for face 42761440, 4(15964213 15964751 15987831 15976403), produces a valid tet decomposition.
--> FOAM Warning : 
    From function Foam::triFace Foam::tetIndices::faceTriIs(const Foam::polyMesh&) const
    in file meshes/polyMesh/polyMeshTetDecomposition/tetIndicesI.H at line 76
    No base point for face 42802834, 4(15965461 15978304 15991917 15965460), produces a valid tet decomposition.
--> FOAM Warning : 
    From function Foam::triFace Foam::tetIndices::faceTriIs(const Foam::polyMesh&) const
    in file meshes/polyMesh/polyMeshTetDecomposition/tetIndicesI.H at line 76
    No base point for face 42761440, 4(15964213 15964751 15987831 15976403), produces a valid tet decomposition.
--> FOAM Warning : 
    From function Foam::triFace Foam::tetIndices::faceTriIs(const Foam::polyMesh&) const
    in file meshes/polyMesh/polyMeshTetDecomposition/tetIndicesI.H at line 76
    No base point for face 42802834, 4(15965461 15978304 15991917 15965460), produces a valid tet decomposition.
--> FOAM Warning : 
    From function Foam::triFace Foam::tetIndices::faceTriIs(const Foam::polyMesh&) const
    in file meshes/polyMesh/polyMeshTetDecomposition/tetIndicesI.H at line 76
    No base point for face 42761440, 4(15964213 15964751 15987831 15976403), produces a valid tet decomposition.
--> FOAM Warning : 
    From function Foam::triFace Foam::tetIndices::faceTriIs(const Foam::polyMesh&) const
    in file meshes/polyMesh/polyMeshTetDecomposition/tetIndicesI.H at line 76
    No base point for face 42802834, 4(15965461 15978304 15991917 15965460), produces a valid tet decomposition.
--> FOAM Warning : 
    From function Foam::triFace Foam::tetIndices::faceTriIs(const Foam::polyMesh&) const
    in file meshes/polyMesh/polyMeshTetDecomposition/tetIndicesI.H at line 76
    No base point for face 42761440, 4(15964213 15964751 15987831 15976403), produces a valid tet decomposition.
--> FOAM Warning : 
    From function Foam::triFace Foam::tetIndices::faceTriIs(const Foam::polyMesh&) const
    in file meshes/polyMesh/polyMeshTetDecomposition/tetIndicesI.H at line 76
    No base point for face 42802834, 4(15965461 15978304 15991917 15965460), produces a valid tet decomposition.
--> FOAM Warning : 
    From function Foam::triFace Foam::tetIndices::faceTriIs(const Foam::polyMesh&) const
    in file meshes/polyMesh/polyMeshTetDecomposition/tetIndicesI.H at line 76
    No base point for face 42796378, 4(15974157 15982388 15991307 15982384), produces a valid tet decomposition.
--> FOAM Warning : 
    From function Foam::triFace Foam::tetIndices::faceTriIs(const Foam::polyMesh&) const
    in file meshes/polyMesh/polyMeshTetDecomposition/tetIndicesI.H at line 76
    No base point for face 42984477, 4(15958353 15958358 15958355 15958352), produces a valid tet decomposition.
--> FOAM Warning : 
    From function Foam::triFace Foam::tetIndices::faceTriIs(const Foam::polyMesh&) const
    in file meshes/polyMesh/polyMeshTetDecomposition/tetIndicesI.H at line 76
    No base point for face 43204617, 4(16124994 16116599 16124993 16120492), produces a valid tet decomposition.
--> FOAM Warning : 
    From function Foam::triFace Foam::tetIndices::faceTriIs(const Foam::polyMesh&) const
    in file meshes/polyMesh/polyMeshTetDecomposition/tetIndicesI.H at line 76
    No base point for face 54202195, 4(15518936 15512328 15518926 15513731), produces a valid tet decomposition.
--> FOAM Warning : 
    From function Foam::triFace Foam::tetIndices::faceTriIs(const Foam::polyMesh&) const
    in file meshes/polyMesh/polyMeshTetDecomposition/tetIndicesI.H at line 76
    No base point for face 54181507, 4(15517680 15512062 15517685 15515028), produces a valid tet decomposition.
--> FOAM Warning : 
    From function Foam::triFace Foam::tetIndices::faceTriIs(const Foam::polyMesh&) const
    in file meshes/polyMesh/polyMeshTetDecomposition/tetIndicesI.H at line 76
    No base point for face 54181508, 4(15517685 15512062 15517686 15515030), produces a valid tet decomposition.
--> FOAM Warning : 
    From function Foam::triFace Foam::tetIndices::faceTriIs(const Foam::polyMesh&) const
    in file meshes/polyMesh/polyMeshTetDecomposition/tetIndicesI.H at line 76
    No base point for face 54181507, 4(15517680 15512062 15517685 15515028), produces a valid tet decomposition.
--> FOAM Warning : 
    From function Foam::triFace Foam::tetIndices::faceTriIs(const Foam::polyMesh&) const
    in file meshes/polyMesh/polyMeshTetDecomposition/tetIndicesI.H at line 76
    No base point for face 54181508, 4(15517685 15512062 15517686 15515030), produces a valid tet decomposition.
--> FOAM Warning : 
    From function Foam::triFace Foam::tetIndices::faceTriIs(const Foam::polyMesh&) const
    in file meshes/polyMesh/polyMeshTetDecomposition/tetIndicesI.H at line 76
    No base point for face 54181507, 4(15517680 15512062 15517685 15515028), produces a valid tet decomposition.
--> FOAM Warning : 
    From function Foam::triFace Foam::tetIndices::faceTriIs(const Foam::polyMesh&) const
    in file meshes/polyMesh/polyMeshTetDecomposition/tetIndicesI.H at line 76
    No base point for face 54181508, 4(15517685 15512062 15517686 15515030), produces a valid tet decomposition.
--> FOAM Warning : 
    From function Foam::triFace Foam::tetIndices::faceTriIs(const Foam::polyMesh&) const
    in file meshes/polyMesh/polyMeshTetDecomposition/tetIndicesI.H at line 76
    No base point for face 54181507, 4(15517680 15512062 15517685 15515028), produces a valid tet decomposition.
--> FOAM Warning : 
    From function Foam::triFace Foam::tetIndices::faceTriIs(const Foam::polyMesh&) const
    in file meshes/polyMesh/polyMeshTetDecomposition/tetIndicesI.H at line 76
    No base point for face 54181508, 4(15517685 15512062 15517686 15515030), produces a valid tet decomposition.
--> FOAM Warning : 
    From function Foam::triFace Foam::tetIndices::faceTriIs(const Foam::polyMesh&) const
    in file meshes/polyMesh/polyMeshTetDecomposition/tetIndicesI.H at line 76
    No base point for face 54181507, 4(15517680 15512062 15517685 15515028), produces a valid tet decomposition.
--> FOAM Warning : 
    From function Foam::triFace Foam::tetIndices::faceTriIs(const Foam::polyMesh&) const
    in file meshes/polyMesh/polyMeshTetDecomposition/tetIndicesI.H at line 76
    No base point for face 54181508, 4(15517685 15512062 15517686 15515030), produces a valid tet decomposition.
--> FOAM Warning : 
    From function Foam::triFace Foam::tetIndices::faceTriIs(const Foam::polyMesh&) const
    in file meshes/polyMesh/polyMeshTetDecomposition/tetIndicesI.H at line 76
    No base point for face 54237798, 4(16124839 16116520 16124468 16120780), produces a valid tet decomposition.
--> FOAM Warning : 
    From function Foam::triFace Foam::tetIndices::faceTriIs(const Foam::polyMesh&) const
    in file meshes/polyMesh/polyMeshTetDecomposition/tetIndicesI.H at line 76
    No base point for face 54237799, 4(16124840 16116520 16124839 16120782), produces a valid tet decomposition.
--> FOAM Warning : 
    From function Foam::triFace Foam::tetIndices::faceTriIs(const Foam::polyMesh&) const
    in file meshes/polyMesh/polyMeshTetDecomposition/tetIndicesI.H at line 76
    No base point for face 54237798, 4(16124839 16116520 16124468 16120780), produces a valid tet decomposition.
--> FOAM Warning : 
    From function Foam::triFace Foam::tetIndices::faceTriIs(const Foam::polyMesh&) const
    in file meshes/polyMesh/polyMeshTetDecomposition/tetIndicesI.H at line 76
    No base point for face 54237799, 4(16124840 16116520 16124839 16120782), produces a valid tet decomposition.
--> FOAM Warning : 
    From function Foam::triFace Foam::tetIndices::faceTriIs(const Foam::polyMesh&) const
    in file meshes/polyMesh/polyMeshTetDecomposition/tetIndicesI.H at line 76
    No base point for face 54237798, 4(16124839 16116520 16124468 16120780), produces a valid tet decomposition.
--> FOAM Warning : 
    From function Foam::triFace Foam::tetIndices::faceTriIs(const Foam::polyMesh&) const
    in file meshes/polyMesh/polyMeshTetDecomposition/tetIndicesI.H at line 76
    No base point for face 54237799, 4(16124840 16116520 16124839 16120782), produces a valid tet decomposition.
--> FOAM Warning : 
    From function Foam::triFace Foam::tetIndices::faceTriIs(const Foam::polyMesh&) const
    in file meshes/polyMesh/polyMeshTetDecomposition/tetIndicesI.H at line 76
    No base point for face 54237798, 4(16124839 16116520 16124468 16120780), produces a valid tet decomposition.
--> FOAM Warning : 
    From function Foam::triFace Foam::tetIndices::faceTriIs(const Foam::polyMesh&) const
    in file meshes/polyMesh/polyMeshTetDecomposition/tetIndicesI.H at line 76
    No base point for face 54237799, 4(16124840 16116520 16124839 16120782), produces a valid tet decomposition.
--> FOAM Warning : 
    From function Foam::triFace Foam::tetIndices::faceTriIs(const Foam::polyMesh&) const
    in file meshes/polyMesh/polyMeshTetDecomposition/tetIndicesI.H at line 76
    No base point for face 54237798, 4(16124839 16116520 16124468 16120780), produces a valid tet decomposition.
--> FOAM Warning : 
    From function Foam::triFace Foam::tetIndices::faceTriIs(const Foam::polyMesh&) const
    in file meshes/polyMesh/polyMeshTetDecomposition/tetIndicesI.H at line 76
    No base point for face 54237799, 4(16124840 16116520 16124839 16120782), produces a valid tet decomposition.
--> FOAM Warning : 
    From function Foam::triFace Foam::tetIndices::faceTriIs(const Foam::polyMesh&) const
    in file meshes/polyMesh/polyMeshTetDecomposition/tetIndicesI.H at line 76
    No base point for face 54258512, 4(16122986 16115913 16122995 16117585), produces a valid tet decomposition.
--> FOAM Warning : 
    From function Foam::triFace Foam::tetIndices::faceTriIs(const Foam::polyMesh&) const
    in file meshes/polyMesh/polyMeshTetDecomposition/tetIndicesI.H at line 76
    No base point for face 54202195, 4(15518936 15512328 15518926 15513731), produces a valid tet decomposition.
--> FOAM Warning : 
    From function Foam::triFace Foam::tetIndices::faceTriIs(const Foam::polyMesh&) const
    in file meshes/polyMesh/polyMeshTetDecomposition/tetIndicesI.H at line 76
    No base point for face 54181507, 4(15517680 15512062 15517685 15515028), produces a valid tet decomposition.
--> FOAM Warning : 
    From function Foam::triFace Foam::tetIndices::faceTriIs(const Foam::polyMesh&) const
    in file meshes/polyMesh/polyMeshTetDecomposition/tetIndicesI.H at line 76
    No base point for face 54181508, 4(15517685 15512062 15517686 15515030), produces a valid tet decomposition.
--> FOAM Warning : 
    From function Foam::triFace Foam::tetIndices::faceTriIs(const Foam::polyMesh&) const
    in file meshes/polyMesh/polyMeshTetDecomposition/tetIndicesI.H at line 76
    No base point for face 54181507, 4(15517680 15512062 15517685 15515028), produces a valid tet decomposition.
--> FOAM Warning : 
    From function Foam::triFace Foam::tetIndices::faceTriIs(const Foam::polyMesh&) const
    in file meshes/polyMesh/polyMeshTetDecomposition/tetIndicesI.H at line 76
    No base point for face 54181508, 4(15517685 15512062 15517686 15515030), produces a valid tet decomposition.
--> FOAM Warning : 
    From function Foam::triFace Foam::tetIndices::faceTriIs(const Foam::polyMesh&) const
    in file meshes/polyMesh/polyMeshTetDecomposition/tetIndicesI.H at line 76
    No base point for face 54181507, 4(15517680 15512062 15517685 15515028), produces a valid tet decomposition.
--> FOAM Warning : 
    From function Foam::triFace Foam::tetIndices::faceTriIs(const Foam::polyMesh&) const
    in file meshes/polyMesh/polyMeshTetDecomposition/tetIndicesI.H at line 76
    No base point for face 54181508, 4(15517685 15512062 15517686 15515030), produces a valid tet decomposition.
--> FOAM Warning : 
    From function Foam::triFace Foam::tetIndices::faceTriIs(const Foam::polyMesh&) const
    in file meshes/polyMesh/polyMeshTetDecomposition/tetIndicesI.H at line 76
    No base point for face 54181507, 4(15517680 15512062 15517685 15515028), produces a valid tet decomposition.
--> FOAM Warning : 
    From function Foam::triFace Foam::tetIndices::faceTriIs(const Foam::polyMesh&) const
    in file meshes/polyMesh/polyMeshTetDecomposition/tetIndicesI.H at line 76
    No base point for face 54181508, 4(15517685 15512062 15517686 15515030), produces a valid tet decomposition.
--> FOAM Warning : 
    From function Foam::triFace Foam::tetIndices::faceTriIs(const Foam::polyMesh&) const
    in file meshes/polyMesh/polyMeshTetDecomposition/tetIndicesI.H at line 76
    No base point for face 54181507, 4(15517680 15512062 15517685 15515028), produces a valid tet decomposition.
--> FOAM Warning : 
    From function Foam::triFace Foam::tetIndices::faceTriIs(const Foam::polyMesh&) const
    in file meshes/polyMesh/polyMeshTetDecomposition/tetIndicesI.H at line 76
    No base point for face 54181508, 4(15517685 15512062 15517686 15515030), produces a valid tet decomposition.
--> FOAM Warning : 
    From function Foam::triFace Foam::tetIndices::faceTriIs(const Foam::polyMesh&) const
    in file meshes/polyMesh/polyMeshTetDecomposition/tetIndicesI.H at line 76
    No base point for face 54237798, 4(16124839 16116520 16124468 16120780), produces a valid tet decomposition.
--> FOAM Warning : 
    From function Foam::triFace Foam::tetIndices::faceTriIs(const Foam::polyMesh&) const
    in file meshes/polyMesh/polyMeshTetDecomposition/tetIndicesI.H at line 76
    No base point for face 54237799, 4(16124840 16116520 16124839 16120782), produces a valid tet decomposition.
--> FOAM Warning : 
    From function Foam::triFace Foam::tetIndices::faceTriIs(const Foam::polyMesh&) const
    in file meshes/polyMesh/polyMeshTetDecomposition/tetIndicesI.H at line 76
    No base point for face 54237798, 4(16124839 16116520 16124468 16120780), produces a valid tet decomposition.
--> FOAM Warning : 
    From function Foam::triFace Foam::tetIndices::faceTriIs(const Foam::polyMesh&) const
    in file meshes/polyMesh/polyMeshTetDecomposition/tetIndicesI.H at line 76
    No base point for face 54237799, 4(16124840 16116520 16124839 16120782), produces a valid tet decomposition.
--> FOAM Warning : 
    From function Foam::triFace Foam::tetIndices::faceTriIs(const Foam::polyMesh&) const
    in file meshes/polyMesh/polyMeshTetDecomposition/tetIndicesI.H at line 76
    No base point for face 54237798, 4(16124839 16116520 16124468 16120780), produces a valid tet decomposition.
--> FOAM Warning : 
    From function Foam::triFace Foam::tetIndices::faceTriIs(const Foam::polyMesh&) const
    in file meshes/polyMesh/polyMeshTetDecomposition/tetIndicesI.H at line 76
    No base point for face 54237799, 4(16124840 16116520 16124839 16120782), produces a valid tet decomposition.
--> FOAM Warning : 
    From function Foam::triFace Foam::tetIndices::faceTriIs(const Foam::polyMesh&) const
    in file meshes/polyMesh/polyMeshTetDecomposition/tetIndicesI.H at line 76
    No base point for face 54237798, 4(16124839 16116520 16124468 16120780), produces a valid tet decomposition.
--> FOAM Warning : 
    From function Foam::triFace Foam::tetIndices::faceTriIs(const Foam::polyMesh&) const
    in file meshes/polyMesh/polyMeshTetDecomposition/tetIndicesI.H at line 76
    No base point for face 54237799, 4(16124840 16116520 16124839 16120782), produces a valid tet decomposition.
--> FOAM Warning : 
    From function Foam::triFace Foam::tetIndices::faceTriIs(const Foam::polyMesh&) const
    in file meshes/polyMesh/polyMeshTetDecomposition/tetIndicesI.H at line 76
    No base point for face 54237798, 4(16124839 16116520 16124468 16120780), produces a valid tet decomposition.
--> FOAM Warning : 
    From function Foam::triFace Foam::tetIndices::faceTriIs(const Foam::polyMesh&) const
    in file meshes/polyMesh/polyMeshTetDecomposition/tetIndicesI.H at line 76
    No base point for face 54237799, 4(16124840 16116520 16124839 16120782), produces a valid tet decomposition.
--> FOAM Warning : 
    From function Foam::triFace Foam::tetIndices::faceTriIs(const Foam::polyMesh&) const
    in file meshes/polyMesh/polyMeshTetDecomposition/tetIndicesI.H at line 76
    No base point for face 54258512, 4(16122986 16115913 16122995 16117585), produces a valid tet decomposition.
--> FOAM Warning : 
    From function Foam::triFace Foam::tetIndices::faceTriIs(const Foam::polyMesh&) const
    in file meshes/polyMesh/polyMeshTetDecomposition/tetIndicesI.H at line 76
    No base point for face 54202195, 4(15518936 15512328 15518926 15513731), produces a valid tet decomposition.
--> FOAM Warning : 
    From function Foam::triFace Foam::tetIndices::faceTriIs(const Foam::polyMesh&) const
    in file meshes/polyMesh/polyMeshTetDecomposition/tetIndicesI.H at line 76
    No base point for face 54181507, 4(15517680 15512062 15517685 15515028), produces a valid tet decomposition.
--> FOAM Warning : 
    From function Foam::triFace Foam::tetIndices::faceTriIs(const Foam::polyMesh&) const
    in file meshes/polyMesh/polyMeshTetDecomposition/tetIndicesI.H at line 76
    No base point for face 54181508, 4(15517685 15512062 15517686 15515030), produces a valid tet decomposition.
--> FOAM Warning : 
    From function Foam::triFace Foam::tetIndices::faceTriIs(const Foam::polyMesh&) const
    in file meshes/polyMesh/polyMeshTetDecomposition/tetIndicesI.H at line 76
    No base point for face 54181507, 4(15517680 15512062 15517685 15515028), produces a valid tet decomposition.
--> FOAM Warning : 
    From function Foam::triFace Foam::tetIndices::faceTriIs(const Foam::polyMesh&) const
    in file meshes/polyMesh/polyMeshTetDecomposition/tetIndicesI.H at line 76
    No base point for face 54181508, 4(15517685 15512062 15517686 15515030), produces a valid tet decomposition.
--> FOAM Warning : 
    From function Foam::triFace Foam::tetIndices::faceTriIs(const Foam::polyMesh&) const
    in file meshes/polyMesh/polyMeshTetDecomposition/tetIndicesI.H at line 76
    No base point for face 54181507, 4(15517680 15512062 15517685 15515028), produces a valid tet decomposition.
--> FOAM Warning : 
    From function Foam::triFace Foam::tetIndices::faceTriIs(const Foam::polyMesh&) const
    in file meshes/polyMesh/polyMeshTetDecomposition/tetIndicesI.H at line 76
    No base point for face 54181508, 4(15517685 15512062 15517686 15515030), produces a valid tet decomposition.
--> FOAM Warning : 
    From function Foam::triFace Foam::tetIndices::faceTriIs(const Foam::polyMesh&) const
    in file meshes/polyMesh/polyMeshTetDecomposition/tetIndicesI.H at line 76
    No base point for face 54181507, 4(15517680 15512062 15517685 15515028), produces a valid tet decomposition.
--> FOAM Warning : 
    From function Foam::triFace Foam::tetIndices::faceTriIs(const Foam::polyMesh&) const
    in file meshes/polyMesh/polyMeshTetDecomposition/tetIndicesI.H at line 76
    No base point for face 54181508, 4(15517685 15512062 15517686 15515030), produces a valid tet decomposition.
--> FOAM Warning : 
    From function Foam::triFace Foam::tetIndices::faceTriIs(const Foam::polyMesh&) const
    in file meshes/polyMesh/polyMeshTetDecomposition/tetIndicesI.H at line 76
    No base point for face 54181507, 4(15517680 15512062 15517685 15515028), produces a valid tet decomposition.
--> FOAM Warning : 
    From function Foam::triFace Foam::tetIndices::faceTriIs(const Foam::polyMesh&) const
    in file meshes/polyMesh/polyMeshTetDecomposition/tetIndicesI.H at line 76
    No base point for face 54181508, 4(15517685 15512062 15517686 15515030), produces a valid tet decomposition.
--> FOAM Warning : 
    From function Foam::triFace Foam::tetIndices::faceTriIs(const Foam::polyMesh&) const
    in file meshes/polyMesh/polyMeshTetDecomposition/tetIndicesI.H at line 76
    No base point for face 54237798, 4(16124839 16116520 16124468 16120780), produces a valid tet decomposition.
--> FOAM Warning : 
    From function Foam::triFace Foam::tetIndices::faceTriIs(const Foam::polyMesh&) const
    in file meshes/polyMesh/polyMeshTetDecomposition/tetIndicesI.H at line 76
    No base point for face 54237799, 4(16124840 16116520 16124839 16120782), produces a valid tet decomposition.
--> FOAM Warning : 
    From function Foam::triFace Foam::tetIndices::faceTriIs(const Foam::polyMesh&) const
    in file meshes/polyMesh/polyMeshTetDecomposition/tetIndicesI.H at line 76
    No base point for face 54237798, 4(16124839 16116520 16124468 16120780), produces a valid tet decomposition.
--> FOAM Warning : 
    From function Foam::triFace Foam::tetIndices::faceTriIs(const Foam::polyMesh&) const
    in file meshes/polyMesh/polyMeshTetDecomposition/tetIndicesI.H at line 76
    No base point for face 54237799, 4(16124840 16116520 16124839 16120782), produces a valid tet decomposition.
--> FOAM Warning : 
    From function Foam::triFace Foam::tetIndices::faceTriIs(const Foam::polyMesh&) const
    in file meshes/polyMesh/polyMeshTetDecomposition/tetIndicesI.H at line 76
    No base point for face 54237798, 4(16124839 16116520 16124468 16120780), produces a valid tet decomposition.
--> FOAM Warning : 
    From function Foam::triFace Foam::tetIndices::faceTriIs(const Foam::polyMesh&) const
    in file meshes/polyMesh/polyMeshTetDecomposition/tetIndicesI.H at line 76
    No base point for face 54237799, 4(16124840 16116520 16124839 16120782), produces a valid tet decomposition.
--> FOAM Warning : 
    From function Foam::triFace Foam::tetIndices::faceTriIs(const Foam::polyMesh&) const
    in file meshes/polyMesh/polyMeshTetDecomposition/tetIndicesI.H at line 76
    No base point for face 54237798, 4(16124839 16116520 16124468 16120780), produces a valid tet decomposition.
--> FOAM Warning : 
    From function Foam::triFace Foam::tetIndices::faceTriIs(const Foam::polyMesh&) const
    in file meshes/polyMesh/polyMeshTetDecomposition/tetIndicesI.H at line 76
    No base point for face 54237799, 4(16124840 16116520 16124839 16120782), produces a valid tet decomposition.
--> FOAM Warning : 
    From function Foam::triFace Foam::tetIndices::faceTriIs(const Foam::polyMesh&) const
    in file meshes/polyMesh/polyMeshTetDecomposition/tetIndicesI.H at line 76
    No base point for face 54237798, 4(16124839 16116520 16124468 16120780), produces a valid tet decomposition.
--> FOAM Warning : 
    From function Foam::triFace Foam::tetIndices::faceTriIs(const Foam::polyMesh&) const
    in file meshes/polyMesh/polyMeshTetDecomposition/tetIndicesI.H at line 76
    No base point for face 54237799, 4(16124840 16116520 16124839 16120782), produces a valid tet decomposition.
--> FOAM Warning : 
    From function Foam::triFace Foam::tetIndices::faceTriIs(const Foam::polyMesh&) const
    in file meshes/polyMesh/polyMeshTetDecomposition/tetIndicesI.H at line 76
    No base point for face 54258512, 4(16122986 16115913 16122995 16117585), produces a valid tet decomposition.
--> FOAM Warning : 
    From function Foam::triFace Foam::tetIndices::faceTriIs(const Foam::polyMesh&) const
    in file meshes/polyMesh/polyMeshTetDecomposition/tetIndicesI.H at line 76
    No base point for face 54202195, 4(15518936 15512328 15518926 15513731), produces a valid tet decomposition.
--> FOAM Warning : 
    From function Foam::triFace Foam::tetIndices::faceTriIs(const Foam::polyMesh&) const
    in file meshes/polyMesh/polyMeshTetDecomposition/tetIndicesI.H at line 76
    No base point for face 54181507, 4(15517680 15512062 15517685 15515028), produces a valid tet decomposition.
--> FOAM Warning : 
    From function Foam::triFace Foam::tetIndices::faceTriIs(const Foam::polyMesh&) const
    in file meshes/polyMesh/polyMeshTetDecomposition/tetIndicesI.H at line 76
    No base point for face 54181508, 4(15517685 15512062 15517686 15515030), produces a valid tet decomposition.
--> FOAM Warning : 
    From function Foam::triFace Foam::tetIndices::faceTriIs(const Foam::polyMesh&) const
    in file meshes/polyMesh/polyMeshTetDecomposition/tetIndicesI.H at line 76
    No base point for face 54181507, 4(15517680 15512062 15517685 15515028), produces a valid tet decomposition.
--> FOAM Warning : 
    From function Foam::triFace Foam::tetIndices::faceTriIs(const Foam::polyMesh&) const
    in file meshes/polyMesh/polyMeshTetDecomposition/tetIndicesI.H at line 76
    No base point for face 54181508, 4(15517685 15512062 15517686 15515030), produces a valid tet decomposition.
--> FOAM Warning : 
    From function Foam::triFace Foam::tetIndices::faceTriIs(const Foam::polyMesh&) const
    in file meshes/polyMesh/polyMeshTetDecomposition/tetIndicesI.H at line 76
    No base point for face 54181507, 4(15517680 15512062 15517685 15515028), produces a valid tet decomposition.
--> FOAM Warning : 
    From function Foam::triFace Foam::tetIndices::faceTriIs(const Foam::polyMesh&) const
    in file meshes/polyMesh/polyMeshTetDecomposition/tetIndicesI.H at line 76
    No base point for face 54181508, 4(15517685 15512062 15517686 15515030), produces a valid tet decomposition.
--> FOAM Warning : 
    From function Foam::triFace Foam::tetIndices::faceTriIs(const Foam::polyMesh&) const
    in file meshes/polyMesh/polyMeshTetDecomposition/tetIndicesI.H at line 76
    No base point for face 54181507, 4(15517680 15512062 15517685 15515028), produces a valid tet decomposition.
--> FOAM Warning : 
    From function Foam::triFace Foam::tetIndices::faceTriIs(const Foam::polyMesh&) const
    in file meshes/polyMesh/polyMeshTetDecomposition/tetIndicesI.H at line 76
    No base point for face 54181508, 4(15517685 15512062 15517686 15515030), produces a valid tet decomposition.
--> FOAM Warning : 
    From function Foam::triFace Foam::tetIndices::faceTriIs(const Foam::polyMesh&) const
    in file meshes/polyMesh/polyMeshTetDecomposition/tetIndicesI.H at line 76
    No base point for face 54181507, 4(15517680 15512062 15517685 15515028), produces a valid tet decomposition.
--> FOAM Warning : 
    From function Foam::triFace Foam::tetIndices::faceTriIs(const Foam::polyMesh&) const
    in file meshes/polyMesh/polyMeshTetDecomposition/tetIndicesI.H at line 76
    No base point for face 54181508, 4(15517685 15512062 15517686 15515030), produces a valid tet decomposition.
--> FOAM Warning : 
    From function Foam::triFace Foam::tetIndices::faceTriIs(const Foam::polyMesh&) const
    in file meshes/polyMesh/polyMeshTetDecomposition/tetIndicesI.H at line 76
    No base point for face 54237798, 4(16124839 16116520 16124468 16120780), produces a valid tet decomposition.
--> FOAM Warning : 
    From function Foam::triFace Foam::tetIndices::faceTriIs(const Foam::polyMesh&) const
    in file meshes/polyMesh/polyMeshTetDecomposition/tetIndicesI.H at line 76
    No base point for face 54237799, 4(16124840 16116520 16124839 16120782), produces a valid tet decomposition.
--> FOAM Warning : 
    From function Foam::triFace Foam::tetIndices::faceTriIs(const Foam::polyMesh&) const
    in file meshes/polyMesh/polyMeshTetDecomposition/tetIndicesI.H at line 76
    No base point for face 54237798, 4(16124839 16116520 16124468 16120780), produces a valid tet decomposition.
--> FOAM Warning : 
    From function Foam::triFace Foam::tetIndices::faceTriIs(const Foam::polyMesh&) const
    in file meshes/polyMesh/polyMeshTetDecomposition/tetIndicesI.H at line 76
    No base point for face 54237799, 4(16124840 16116520 16124839 16120782), produces a valid tet decomposition.
--> FOAM Warning : 
    From function Foam::triFace Foam::tetIndices::faceTriIs(const Foam::polyMesh&) const
    in file meshes/polyMesh/polyMeshTetDecomposition/tetIndicesI.H at line 76
    No base point for face 54237798, 4(16124839 16116520 16124468 16120780), produces a valid tet decomposition.
--> FOAM Warning : 
    From function Foam::triFace Foam::tetIndices::faceTriIs(const Foam::polyMesh&) const
    in file meshes/polyMesh/polyMeshTetDecomposition/tetIndicesI.H at line 76
    No base point for face 54237799, 4(16124840 16116520 16124839 16120782), produces a valid tet decomposition.
--> FOAM Warning : 
    From function Foam::triFace Foam::tetIndices::faceTriIs(const Foam::polyMesh&) const
    in file meshes/polyMesh/polyMeshTetDecomposition/tetIndicesI.H at line 76
    No base point for face 54237798, 4(16124839 16116520 16124468 16120780), produces a valid tet decomposition.
--> FOAM Warning : 
    From function Foam::triFace Foam::tetIndices::faceTriIs(const Foam::polyMesh&) const
    in file meshes/polyMesh/polyMeshTetDecomposition/tetIndicesI.H at line 76
    No base point for face 54237799, 4(16124840 16116520 16124839 16120782), produces a valid tet decomposition.
--> FOAM Warning : 
    From function Foam::triFace Foam::tetIndices::faceTriIs(const Foam::polyMesh&) const
    in file meshes/polyMesh/polyMeshTetDecomposition/tetIndicesI.H at line 76
    No base point for face 54237798, 4(16124839 16116520 16124468 16120780), produces a valid tet decomposition.
--> FOAM Warning : 
    From function Foam::triFace Foam::tetIndices::faceTriIs(const Foam::polyMesh&) const
    in file meshes/polyMesh/polyMeshTetDecomposition/tetIndicesI.H at line 76
    No base point for face 54237799, 4(16124840 16116520 16124839 16120782), produces a valid tet decomposition.
--> FOAM Warning : 
    From function Foam::triFace Foam::tetIndices::faceTriIs(const Foam::polyMesh&) const
    in file meshes/polyMesh/polyMeshTetDecomposition/tetIndicesI.H at line 76
    No base point for face 54258512, 4(16122986 16115913 16122995 16117585), produces a valid tet decomposition.
--> FOAM Warning : 
    From function Foam::triFace Foam::tetIndices::faceTriIs(const Foam::polyMesh&) const
    in file meshes/polyMesh/polyMeshTetDecomposition/tetIndicesI.H at line 76
    No base point for face 54202195, 4(15518936 15512328 15518926 15513731), produces a valid tet decomposition.
--> FOAM Warning : 
    From function Foam::triFace Foam::tetIndices::faceTriIs(const Foam::polyMesh&) const
    in file meshes/polyMesh/polyMeshTetDecomposition/tetIndicesI.H at line 76
    No base point for face 54181507, 4(15517680 15512062 15517685 15515028), produces a valid tet decomposition.
--> FOAM Warning : 
    From function Foam::triFace Foam::tetIndices::faceTriIs(const Foam::polyMesh&) const
    in file meshes/polyMesh/polyMeshTetDecomposition/tetIndicesI.H at line 76
    No base point for face 54181508, 4(15517685 15512062 15517686 15515030), produces a valid tet decomposition.
--> FOAM Warning : 
    From function Foam::triFace Foam::tetIndices::faceTriIs(const Foam::polyMesh&) const
    in file meshes/polyMesh/polyMeshTetDecomposition/tetIndicesI.H at line 76
    No base point for face 54181507, 4(15517680 15512062 15517685 15515028), produces a valid tet decomposition.
--> FOAM Warning : 
    From function Foam::triFace Foam::tetIndices::faceTriIs(const Foam::polyMesh&) const
    in file meshes/polyMesh/polyMeshTetDecomposition/tetIndicesI.H at line 76
    No base point for face 54181508, 4(15517685 15512062 15517686 15515030), produces a valid tet decomposition.
--> FOAM Warning : 
    From function Foam::triFace Foam::tetIndices::faceTriIs(const Foam::polyMesh&) const
    in file meshes/polyMesh/polyMeshTetDecomposition/tetIndicesI.H at line 76
    No base point for face 54181507, 4(15517680 15512062 15517685 15515028), produces a valid tet decomposition.
--> FOAM Warning : 
    From function Foam::triFace Foam::tetIndices::faceTriIs(const Foam::polyMesh&) const
    in file meshes/polyMesh/polyMeshTetDecomposition/tetIndicesI.H at line 76
    No base point for face 54181508, 4(15517685 15512062 15517686 15515030), produces a valid tet decomposition.
--> FOAM Warning : 
    From function Foam::triFace Foam::tetIndices::faceTriIs(const Foam::polyMesh&) const
    in file meshes/polyMesh/polyMeshTetDecomposition/tetIndicesI.H at line 76
    No base point for face 54181507, 4(15517680 15512062 15517685 15515028), produces a valid tet decomposition.
--> FOAM Warning : 
    From function Foam::triFace Foam::tetIndices::faceTriIs(const Foam::polyMesh&) const
    in file meshes/polyMesh/polyMeshTetDecomposition/tetIndicesI.H at line 76
    No base point for face 54181508, 4(15517685 15512062 15517686 15515030), produces a valid tet decomposition.
--> FOAM Warning : 
    From function Foam::triFace Foam::tetIndices::faceTriIs(const Foam::polyMesh&) const
    in file meshes/polyMesh/polyMeshTetDecomposition/tetIndicesI.H at line 76
    No base point for face 54181507, 4(15517680 15512062 15517685 15515028), produces a valid tet decomposition.
--> FOAM Warning : 
    From function Foam::triFace Foam::tetIndices::faceTriIs(const Foam::polyMesh&) const
    in file meshes/polyMesh/polyMeshTetDecomposition/tetIndicesI.H at line 76
    No base point for face 54181508, 4(15517685 15512062 15517686 15515030), produces a valid tet decomposition.
--> FOAM Warning : 
    From function Foam::triFace Foam::tetIndices::faceTriIs(const Foam::polyMesh&) const
    in file meshes/polyMesh/polyMeshTetDecomposition/tetIndicesI.H at line 76
    No base point for face 54237798, 4(16124839 16116520 16124468 16120780), produces a valid tet decomposition.
--> FOAM Warning : 
    From function Foam::triFace Foam::tetIndices::faceTriIs(const Foam::polyMesh&) const
    in file meshes/polyMesh/polyMeshTetDecomposition/tetIndicesI.H at line 76
    No base point for face 54237799, 4(16124840 16116520 16124839 16120782), produces a valid tet decomposition.
--> FOAM Warning : 
    From function Foam::triFace Foam::tetIndices::faceTriIs(const Foam::polyMesh&) const
    in file meshes/polyMesh/polyMeshTetDecomposition/tetIndicesI.H at line 76
    No base point for face 54237798, 4(16124839 16116520 16124468 16120780), produces a valid tet decomposition.
--> FOAM Warning : 
    From function Foam::triFace Foam::tetIndices::faceTriIs(const Foam::polyMesh&) const
    in file meshes/polyMesh/polyMeshTetDecomposition/tetIndicesI.H at line 76
    No base point for face 54237799, 4(16124840 16116520 16124839 16120782), produces a valid tet decomposition.
--> FOAM Warning : 
    From function Foam::triFace Foam::tetIndices::faceTriIs(const Foam::polyMesh&) const
    in file meshes/polyMesh/polyMeshTetDecomposition/tetIndicesI.H at line 76
    No base point for face 54237798, 4(16124839 16116520 16124468 16120780), produces a valid tet decomposition.
--> FOAM Warning : 
    From function Foam::triFace Foam::tetIndices::faceTriIs(const Foam::polyMesh&) const
    in file meshes/polyMesh/polyMeshTetDecomposition/tetIndicesI.H at line 76
    No base point for face 54237799, 4(16124840 16116520 16124839 16120782), produces a valid tet decomposition.
--> FOAM Warning : 
    From function Foam::triFace Foam::tetIndices::faceTriIs(const Foam::polyMesh&) const
    in file meshes/polyMesh/polyMeshTetDecomposition/tetIndicesI.H at line 76
    No base point for face 54237798, 4(16124839 16116520 16124468 16120780), produces a valid tet decomposition.
--> FOAM Warning : 
    From function Foam::triFace Foam::tetIndices::faceTriIs(const Foam::polyMesh&) const
    in file meshes/polyMesh/polyMeshTetDecomposition/tetIndicesI.H at line 76
    No base point for face 54237799, 4(16124840 16116520 16124839 16120782), produces a valid tet decomposition.
--> FOAM Warning : 
    From function Foam::triFace Foam::tetIndices::faceTriIs(const Foam::polyMesh&) const
    in file meshes/polyMesh/polyMeshTetDecomposition/tetIndicesI.H at line 76
    No base point for face 54237798, 4(16124839 16116520 16124468 16120780), produces a valid tet decomposition.
--> FOAM Warning : 
    From function Foam::triFace Foam::tetIndices::faceTriIs(const Foam::polyMesh&) const
    in file meshes/polyMesh/polyMeshTetDecomposition/tetIndicesI.H at line 76
    No base point for face 54237799, 4(16124840 16116520 16124839 16120782), produces a valid tet decomposition.
--> FOAM Warning : 
    From function Foam::triFace Foam::tetIndices::faceTriIs(const Foam::polyMesh&) const
    in file meshes/polyMesh/polyMeshTetDecomposition/tetIndicesI.H at line 76
    No base point for face 54258512, 4(16122986 16115913 16122995 16117585), produces a valid tet decomposition.
--> FOAM Warning : 
    From function Foam::triFace Foam::tetIndices::faceTriIs(const Foam::polyMesh&) const
    in file meshes/polyMesh/polyMeshTetDecomposition/tetIndicesI.H at line 76
    No base point for face 34919534, 4(13201216 13195158 13201221 13197979), produces a valid tet decomposition.
--> FOAM Warning : 
    From function Foam::triFace Foam::tetIndices::faceTriIs(const Foam::polyMesh&) const
    in file meshes/polyMesh/polyMeshTetDecomposition/tetIndicesI.H at line 76
    No base point for face 34552398, 4(13076402 13067783 13076410 13070951), produces a valid tet decomposition.
--> FOAM Warning : 
    From function Foam::triFace Foam::tetIndices::faceTriIs(const Foam::polyMesh&) const
    in file meshes/polyMesh/polyMeshTetDecomposition/tetIndicesI.H at line 76
    No base point for face 36208653, 4(13680419 13670802 13680412 13674426), produces a valid tet decomposition.
--> FOAM Warning : 
    From function Foam::triFace Foam::tetIndices::faceTriIs(const Foam::polyMesh&) const
    in file meshes/polyMesh/polyMeshTetDecomposition/tetIndicesI.H at line 76
    No base point for face 36587812, 4(13807426 13801388 13807423 13804297), produces a valid tet decomposition.
--> FOAM Warning : 
    From function Foam::triFace Foam::tetIndices::faceTriIs(const Foam::polyMesh&) const
    in file meshes/polyMesh/polyMeshTetDecomposition/tetIndicesI.H at line 76
    No base point for face 34919534, 4(13201216 13195158 13201221 13197979), produces a valid tet decomposition.
--> FOAM Warning : 
    From function Foam::triFace Foam::tetIndices::faceTriIs(const Foam::polyMesh&) const
    in file meshes/polyMesh/polyMeshTetDecomposition/tetIndicesI.H at line 76
    No base point for face 34552398, 4(13076402 13067783 13076410 13070951), produces a valid tet decomposition.
--> FOAM Warning : 
    From function Foam::triFace Foam::tetIndices::faceTriIs(const Foam::polyMesh&) const
    in file meshes/polyMesh/polyMeshTetDecomposition/tetIndicesI.H at line 76
    No base point for face 36208653, 4(13680419 13670802 13680412 13674426), produces a valid tet decomposition.
--> FOAM Warning : 
    From function Foam::triFace Foam::tetIndices::faceTriIs(const Foam::polyMesh&) const
    in file meshes/polyMesh/polyMeshTetDecomposition/tetIndicesI.H at line 76
    No base point for face 36587812, 4(13807426 13801388 13807423 13804297), produces a valid tet decomposition.
--> FOAM Warning : 
    From function Foam::triFace Foam::tetIndices::faceTriIs(const Foam::polyMesh&) const
    in file meshes/polyMesh/polyMeshTetDecomposition/tetIndicesI.H at line 76
    No base point for face 34919534, 4(13201216 13195158 13201221 13197979), produces a valid tet decomposition.
--> FOAM Warning : 
    From function Foam::triFace Foam::tetIndices::faceTriIs(const Foam::polyMesh&) const
    in file meshes/polyMesh/polyMeshTetDecomposition/tetIndicesI.H at line 76
    No base point for face 34552398, 4(13076402 13067783 13076410 13070951), produces a valid tet decomposition.
--> FOAM Warning : 
    From function Foam::triFace Foam::tetIndices::faceTriIs(const Foam::polyMesh&) const
    in file meshes/polyMesh/polyMeshTetDecomposition/tetIndicesI.H at line 76
    No base point for face 36208653, 4(13680419 13670802 13680412 13674426), produces a valid tet decomposition.
--> FOAM Warning : 
    From function Foam::triFace Foam::tetIndices::faceTriIs(const Foam::polyMesh&) const
    in file meshes/polyMesh/polyMeshTetDecomposition/tetIndicesI.H at line 76
    No base point for face 36587812, 4(13807426 13801388 13807423 13804297), produces a valid tet decomposition.
--> FOAM Warning : 
    From function Foam::triFace Foam::tetIndices::faceTriIs(const Foam::polyMesh&) const
    in file meshes/polyMesh/polyMeshTetDecomposition/tetIndicesI.H at line 76
    No base point for face 34919534, 4(13201216 13195158 13201221 13197979), produces a valid tet decomposition.
--> FOAM Warning : 
    From function Foam::triFace Foam::tetIndices::faceTriIs(const Foam::polyMesh&) const
    in file meshes/polyMesh/polyMeshTetDecomposition/tetIndicesI.H at line 76
    No base point for face 34552398, 4(13076402 13067783 13076410 13070951), produces a valid tet decomposition.
--> FOAM Warning : 
    From function Foam::triFace Foam::tetIndices::faceTriIs(const Foam::polyMesh&) const
    in file meshes/polyMesh/polyMeshTetDecomposition/tetIndicesI.H at line 76
    No base point for face 36208653, 4(13680419 13670802 13680412 13674426), produces a valid tet decomposition.
--> FOAM Warning : 
    From function Foam::triFace Foam::tetIndices::faceTriIs(const Foam::polyMesh&) const
    in file meshes/polyMesh/polyMeshTetDecomposition/tetIndicesI.H at line 76
    No base point for face 36587812, 4(13807426 13801388 13807423 13804297), produces a valid tet decomposition.
--> FOAM Warning : 
    From function Foam::triFace Foam::tetIndices::faceTriIs(const Foam::polyMesh&) const
    in file meshes/polyMesh/polyMeshTetDecomposition/tetIndicesI.H at line 76
    No base point for face 34919534, 4(13201216 13195158 13201221 13197979), produces a valid tet decomposition.
--> FOAM Warning : 
    From function Foam::triFace Foam::tetIndices::faceTriIs(const Foam::polyMesh&) const
    in file meshes/polyMesh/polyMeshTetDecomposition/tetIndicesI.H at line 76
    No base point for face 36587812, 4(13807426 13801388 13807423 13804297), produces a valid tet decomposition.
--> FOAM Warning : 
    From function Foam::triFace Foam::tetIndices::faceTriIs(const Foam::polyMesh&) const
    in file meshes/polyMesh/polyMeshTetDecomposition/tetIndicesI.H at line 76
    No base point for face 34919534, 4(13201216 13195158 13201221 13197979), produces a valid tet decomposition.
--> FOAM Warning : 
    From function Foam::triFace Foam::tetIndices::faceTriIs(const Foam::polyMesh&) const
    in file meshes/polyMesh/polyMeshTetDecomposition/tetIndicesI.H at line 76
    No base point for face 36587812, 4(13807426 13801388 13807423 13804297), produces a valid tet decomposition.
--> FOAM Warning : 
    From function Foam::triFace Foam::tetIndices::faceTriIs(const Foam::polyMesh&) const
    in file meshes/polyMesh/polyMeshTetDecomposition/tetIndicesI.H at line 76
    No base point for face 34919534, 4(13201216 13195158 13201221 13197979), produces a valid tet decomposition.
--> FOAM Warning : 
    From function Foam::triFace Foam::tetIndices::faceTriIs(const Foam::polyMesh&) const
    in file meshes/polyMesh/polyMeshTetDecomposition/tetIndicesI.H at line 76
    No base point for face 36587812, 4(13807426 13801388 13807423 13804297), produces a valid tet decomposition.
--> FOAM Warning : 
    From function Foam::triFace Foam::tetIndices::faceTriIs(const Foam::polyMesh&) const
    in file meshes/polyMesh/polyMeshTetDecomposition/tetIndicesI.H at line 76
    No base point for face 34919534, 4(13201216 13195158 13201221 13197979), produces a valid tet decomposition.
--> FOAM Warning : 
    From function Foam::triFace Foam::tetIndices::faceTriIs(const Foam::polyMesh&) const
    in file meshes/polyMesh/polyMeshTetDecomposition/tetIndicesI.H at line 76
    No base point for face 36587812, 4(13807426 13801388 13807423 13804297), produces a valid tet decomposition.
--> FOAM Warning : 
    From function Foam::triFace Foam::tetIndices::faceTriIs(const Foam::polyMesh&) const
    in file meshes/polyMesh/polyMeshTetDecomposition/tetIndicesI.H at line 76
    No base point for face 34919534, 4(13201216 13195158 13201221 13197979), produces a valid tet decomposition.
--> FOAM Warning : 
    From function Foam::triFace Foam::tetIndices::faceTriIs(const Foam::polyMesh&) const
    in file meshes/polyMesh/polyMeshTetDecomposition/tetIndicesI.H at line 76
    No base point for face 36587812, 4(13807426 13801388 13807423 13804297), produces a valid tet decomposition.
Reading set description:
    pointCloud

Time = 2000

Reading fields:
    volScalarFields: p k epsilon
    volVectorFields: U

Executing functionObjects

End

