v -6.475000 0.025000 6.150000
v -6.475000 0.025000 6.200000
v -6.475000 0.075000 6.200000
v -6.475000 0.075000 6.150000
v -6.525000 0.125000 6.200000
v -6.525000 0.075000 6.200000
v -6.025000 0.025000 6.200000
v -6.025000 0.125000 6.200000
v 5.975000 0.025000 4.700000
v 5.975000 0.025000 4.650000
v 5.975000 0.075000 4.650000
v 5.975000 0.075000 4.700000
v 5.875000 0.175000 4.650000
v 5.875000 0.075000 4.650000
v 6.025000 0.025000 4.650000
v 6.025000 0.175000 4.650000
v 5.975000 -0.325000 4.600000
v 5.975000 -0.325000 4.550000
v 5.975000 -0.275000 4.550000
v 5.975000 -0.275000 4.600000
v 6.025000 -0.275000 4.550000
v 6.025000 -0.325000 4.550000
v -6.075000 -0.525000 4.450000
v -6.075000 -0.525000 4.400000
v -6.075000 -0.425000 4.400000
v -6.075000 -0.425000 4.450000
v -6.025000 -0.425000 4.400000
v -6.025000 -0.525000 4.400000
v -6.075000 0.425000 4.350000
v -6.075000 0.425000 4.300000
v -6.075000 0.525000 4.300000
v -6.075000 0.525000 4.350000
v -6.025000 0.525000 4.300000
v -6.025000 0.525000 4.350000
v -6.075000 0.425000 4.150000
v -6.075000 0.425000 4.100000
v -6.075000 0.525000 4.100000
v -6.075000 0.525000 4.150000
v -6.025000 0.475000 4.150000
v -5.925000 0.475000 4.150000
v -5.925000 0.425000 4.150000
v -6.025000 0.525000 4.150000
v -6.075000 -0.525000 4.050000
v -6.075000 -0.525000 4.000000
v -6.075000 -0.425000 4.000000
v -6.075000 -0.425000 4.050000
v -6.025000 -0.475000 4.050000
v -5.925000 -0.425000 4.050000
v -5.925000 -0.475000 4.050000
v -6.025000 -0.525000 4.050000
v -6.075000 0.375000 4.000000
v -6.075000 0.375000 3.950000
v -6.075000 0.475000 3.950000
v -6.075000 0.475000 4.000000
v -6.025000 0.425000 4.000000
v -5.925000 0.425000 4.000000
v -5.925000 0.375000 4.000000
v -6.025000 0.475000 4.000000
v 6.475000 -4.875000 3.450000
v 6.475000 -4.875000 3.400000
v 6.475000 -4.825000 3.400000
v 6.475000 -4.825000 3.450000
v 6.525000 -4.875000 3.450000
v 6.525000 -4.875000 3.400000
v -6.525000 5.425000 3.150000
v -6.525000 5.425000 3.100000
v -6.525000 5.525000 3.100000
v -6.525000 5.525000 3.400000
v -6.525000 5.325000 3.200000
v -6.525000 5.325000 3.150000
v -6.525000 5.425000 3.400000
v -6.525000 5.225000 3.250000
v -6.525000 5.225000 3.200000
v -6.525000 5.175000 3.300000
v -6.525000 5.175000 3.250000
v -6.525000 5.325000 3.450000
v -6.525000 5.425000 3.450000
v -6.525000 5.275000 3.500000
v -6.525000 5.325000 3.500000
v -6.525000 5.075000 3.350000
v -6.525000 5.075000 3.300000
v -6.525000 5.175000 3.550000
v -6.525000 5.275000 3.550000
v -6.525000 4.975000 3.400000
v -6.525000 4.975000 3.350000
v -6.525000 5.075000 3.600000
v -6.525000 5.175000 3.600000
v -6.525000 4.875000 3.450000
v -6.525000 4.875000 3.400000
v -6.525000 4.975000 3.650000
v -6.525000 5.075000 3.650000
v -6.525000 4.825000 3.500000
v -6.525000 4.825000 3.450000
v -6.525000 4.925000 3.700000
v -6.525000 4.975000 3.700000
v -6.525000 4.725000 3.550000
v -6.525000 4.725000 3.500000
v -6.525000 4.825000 3.750000
v -6.525000 4.925000 3.750000
v -6.525000 4.625000 3.600000
v -6.525000 4.625000 3.550000
v -6.525000 4.675000 3.550000
v -6.525000 4.725000 3.800000
v -6.525000 4.825000 3.800000
v -6.525000 4.525000 3.650000
v -6.525000 4.525000 3.600000
v -6.525000 4.475000 3.700000
v -6.525000 4.475000 3.650000
v -6.525000 4.625000 3.850000
v -6.525000 4.725000 3.850000
v -6.525000 4.575000 3.900000
v -6.525000 4.625000 3.900000
v -6.525000 4.375000 3.750000
v -6.525000 4.375000 3.700000
v -6.525000 4.475000 3.950000
v -6.525000 4.575000 3.950000
v -6.525000 4.275000 3.800000
v -6.525000 4.275000 3.750000
v -6.525000 4.375000 4.000000
v -6.525000 4.475000 4.000000
v -6.525000 4.175000 3.850000
v -6.525000 4.175000 3.800000
v -6.525000 4.325000 4.050000
v -6.525000 4.375000 4.050000
v -6.525000 4.125000 3.900000
v -6.525000 4.125000 3.850000
v -6.525000 4.225000 4.100000
v -6.525000 4.325000 4.100000
v -6.525000 4.025000 3.950000
v -6.525000 4.025000 3.900000
v -6.525000 4.125000 4.150000
v -6.525000 4.225000 4.150000
v -6.525000 3.925000 4.000000
v -6.525000 3.925000 3.950000
v -6.525000 4.025000 4.200000
v -6.525000 4.125000 4.200000
v -6.525000 3.875000 4.050000
v -6.525000 3.875000 4.000000
v -6.525000 3.975000 4.250000
v -6.525000 4.025000 4.250000
v -6.525000 3.775000 4.100000
v -6.525000 3.775000 4.050000
v -6.525000 3.875000 4.300000
v -6.525000 3.975000 4.300000
v -6.525000 3.675000 4.150000
v -6.525000 3.675000 4.100000
v -6.525000 3.775000 4.350000
v -6.525000 3.875000 4.350000
v -6.525000 3.575000 4.200000
v -6.525000 3.575000 4.150000
v -6.525000 3.675000 4.400000
v -6.525000 3.775000 4.400000
v -6.525000 3.525000 4.250000
v -6.525000 3.525000 4.200000
v -6.525000 3.625000 4.450000
v -6.525000 3.675000 4.450000
v -6.525000 3.425000 4.300000
v -6.525000 3.425000 4.250000
v -6.525000 3.525000 4.500000
v -6.525000 3.625000 4.500000
v -6.525000 3.325000 4.350000
v -6.525000 3.325000 4.300000
v -6.525000 3.425000 4.550000
v -6.525000 3.525000 4.550000
v -6.525000 3.225000 4.400000
v -6.525000 3.225000 4.350000
v -6.525000 3.325000 4.600000
v -6.525000 3.425000 4.600000
v -6.525000 3.175000 4.450000
v -6.525000 3.175000 4.400000
v -6.525000 3.275000 4.650000
v -6.525000 3.325000 4.650000
v -6.525000 3.075000 4.500000
v -6.525000 3.075000 4.450000
v -6.525000 3.175000 4.700000
v -6.525000 3.275000 4.700000
v -6.525000 2.975000 4.550000
v -6.525000 2.975000 4.500000
v -6.525000 3.075000 4.750000
v -6.525000 3.175000 4.750000
v -6.525000 2.875000 4.600000
v -6.525000 2.875000 4.550000
v -6.525000 3.025000 4.800000
v -6.525000 3.075000 4.800000
v -6.525000 2.825000 4.650000
v -6.525000 2.825000 4.600000
v -6.525000 2.925000 4.850000
v -6.525000 3.025000 4.850000
v -6.525000 2.725000 4.700000
v -6.525000 2.725000 4.650000
v -6.525000 2.825000 4.900000
v -6.525000 2.925000 4.900000
v -6.525000 2.625000 4.750000
v -6.525000 2.625000 4.700000
v -6.525000 2.725000 4.950000
v -6.525000 2.825000 4.950000
v -6.525000 2.575000 4.800000
v -6.525000 2.575000 4.750000
v -6.525000 2.675000 5.000000
v -6.525000 2.725000 5.000000
v -6.525000 2.475000 4.850000
v -6.525000 2.475000 4.800000
v -6.525000 2.575000 5.050000
v -6.525000 2.675000 5.050000
v -6.525000 2.375000 4.900000
v -6.525000 2.375000 4.850000
v -6.525000 2.475000 5.100000
v -6.525000 2.575000 5.100000
v -6.525000 2.275000 4.950000
v -6.525000 2.275000 4.900000
v -6.525000 2.375000 5.150000
v -6.525000 2.475000 5.150000
v -6.525000 2.225000 5.000000
v -6.525000 2.225000 4.950000
v -6.525000 2.325000 5.200000
v -6.525000 2.375000 5.200000
v -6.525000 2.125000 5.050000
v -6.525000 2.125000 5.000000
v -6.525000 2.225000 5.250000
v -6.525000 2.325000 5.250000
v -6.525000 2.025000 5.100000
v -6.525000 2.025000 5.050000
v -6.525000 2.125000 5.300000
v -6.525000 2.225000 5.300000
v -6.525000 1.925000 5.150000
v -6.525000 1.925000 5.100000
v -6.525000 2.025000 5.350000
v -6.525000 2.125000 5.350000
v -6.525000 1.875000 5.200000
v -6.525000 1.875000 5.150000
v -6.525000 1.975000 5.400000
v -6.525000 2.025000 5.400000
v -6.525000 1.775000 5.250000
v -6.525000 1.775000 5.200000
v -6.525000 1.875000 5.450000
v -6.525000 1.975000 5.450000
v -6.525000 1.675000 5.300000
v -6.525000 1.675000 5.250000
v -6.525000 1.775000 5.500000
v -6.525000 1.875000 5.500000
v -6.525000 1.575000 5.350000
v -6.525000 1.575000 5.300000
v -6.525000 1.725000 5.550000
v -6.525000 1.775000 5.550000
v -6.525000 1.525000 5.400000
v -6.525000 1.525000 5.350000
v -6.525000 1.625000 5.600000
v -6.525000 1.725000 5.600000
v -6.525000 1.425000 5.450000
v -6.525000 1.425000 5.400000
v -6.525000 1.525000 5.650000
v -6.525000 1.625000 5.650000
v -6.525000 1.325000 5.500000
v -6.525000 1.325000 5.450000
v -6.525000 1.425000 5.700000
v -6.525000 1.525000 5.700000
v -6.525000 1.275000 5.550000
v -6.525000 1.275000 5.500000
v -6.525000 1.375000 5.750000
v -6.525000 1.425000 5.750000
v -6.525000 1.175000 5.600000
v -6.525000 1.175000 5.550000
v -6.525000 1.275000 5.800000
v -6.525000 1.375000 5.800000
v -6.525000 1.075000 5.650000
v -6.525000 1.075000 5.600000
v -6.525000 1.175000 5.850000
v -6.525000 1.275000 5.850000
v -6.525000 0.975000 5.700000
v -6.525000 0.975000 5.650000
v -6.525000 1.075000 5.900000
v -6.525000 1.175000 5.900000
v -6.525000 0.925000 5.750000
v -6.525000 0.925000 5.700000
v -6.525000 1.025000 5.950000
v -6.525000 1.075000 5.950000
v -6.525000 0.825000 5.800000
v -6.525000 0.825000 5.750000
v -6.525000 0.925000 6.000000
v -6.525000 1.025000 6.000000
v -6.525000 0.725000 5.850000
v -6.525000 0.725000 5.800000
v -6.525000 0.825000 6.050000
v -6.525000 0.925000 6.050000
v -6.525000 0.625000 5.900000
v -6.525000 0.625000 5.850000
v -6.525000 0.775000 6.100000
v -6.525000 0.825000 6.100000
v -6.525000 0.575000 5.950000
v -6.525000 0.575000 5.900000
v -6.525000 0.675000 6.150000
v -6.525000 0.775000 6.150000
v -6.525000 0.475000 6.000000
v -6.525000 0.475000 5.950000
v -6.525000 0.575000 6.200000
v -6.525000 0.675000 6.200000
v -6.525000 0.375000 6.050000
v -6.525000 0.375000 6.000000
v -6.525000 0.475000 6.250000
v -6.525000 0.575000 6.250000
v -6.525000 0.325000 6.100000
v -6.525000 0.325000 6.050000
v -6.525000 0.425000 6.300000
v -6.525000 0.475000 6.300000
v -6.525000 0.225000 6.150000
v -6.525000 0.225000 6.100000
v -6.525000 0.325000 6.350000
v -6.525000 0.425000 6.350000
v -6.525000 0.125000 6.150000
v -6.525000 0.225000 6.400000
v -6.525000 0.325000 6.400000
v -6.525000 0.025000 6.250000
v -6.525000 0.025000 6.200000
v -6.525000 0.125000 6.450000
v -6.525000 0.225000 6.450000
v -6.525000 -0.175000 6.200000
v -6.525000 -0.225000 6.150000
v -6.525000 -0.175000 6.150000
v -6.525000 -0.075000 6.200000
v -6.525000 -0.075000 6.250000
v -6.525000 0.075000 6.500000
v -6.525000 0.125000 6.500000
v -6.525000 -0.325000 6.100000
v -6.525000 -0.225000 6.100000
v -6.525000 -0.425000 6.050000
v -6.525000 -0.325000 6.050000
v -6.525000 -0.525000 6.000000
v -6.525000 -0.425000 6.000000
v -6.525000 -0.575000 5.950000
v -6.525000 -0.525000 5.950000
v -6.525000 -0.675000 5.900000
v -6.525000 -0.575000 5.900000
v -6.525000 -0.075000 6.500000
v -6.525000 0.075000 6.550000
v -6.525000 -0.175000 6.450000
v -6.525000 -0.775000 5.850000
v -6.525000 -0.675000 5.850000
v -6.525000 -0.075000 6.550000
v -6.525000 -0.875000 5.800000
v -6.525000 -0.775000 5.800000
v -6.525000 -0.275000 6.400000
v -6.525000 -0.325000 6.350000
v -6.525000 -0.925000 5.750000
v -6.525000 -0.875000 5.750000
v -6.525000 -0.175000 6.500000
v -6.525000 -1.025000 5.700000
v -6.525000 -0.925000 5.700000
v -6.525000 -0.275000 6.450000
v -6.525000 -0.325000 6.400000
v -6.525000 -0.425000 6.300000
v -6.525000 -0.525000 6.250000
v -6.525000 -1.125000 5.650000
v -6.525000 -1.175000 5.600000
v -6.525000 -1.125000 5.600000
v -6.525000 -1.025000 5.650000
v -6.525000 -0.425000 6.350000
v -6.525000 -0.625000 6.200000
v -6.525000 -0.675000 6.150000
v -6.525000 -1.275000 5.550000
v -6.525000 -1.175000 5.550000
v -6.525000 -0.525000 6.300000
v -6.525000 -0.775000 6.100000
v -6.525000 -1.375000 5.500000
v -6.525000 -1.275000 5.500000
v -6.525000 -0.675000 6.200000
v -6.525000 -0.625000 6.250000
v -6.525000 -1.475000 5.450000
v -6.525000 -1.525000 5.400000
v -6.525000 -1.475000 5.400000
v -6.525000 -1.375000 5.450000
v -6.525000 -0.775000 6.150000
v -6.525000 -0.875000 6.050000
v -6.525000 -1.025000 5.950000
v -6.525000 -1.625000 5.350000
v -6.525000 -1.525000 5.350000
v -6.525000 -0.975000 6.000000
v -6.525000 -0.875000 6.100000
v -6.525000 -1.725000 5.300000
v -6.525000 -1.625000 5.300000
v -6.525000 -0.975000 6.050000
v -6.525000 -1.025000 6.000000
v -6.525000 -1.125000 5.900000
v -6.525000 -1.825000 5.250000
v -6.525000 -1.875000 5.200000
v -6.525000 -1.825000 5.200000
v -6.525000 -1.725000 5.250000
v -6.525000 -1.225000 5.850000
v -6.525000 -1.125000 5.950000
v -6.525000 -1.975000 5.150000
v -6.525000 -1.875000 5.150000
v -6.525000 -1.225000 5.900000
v -6.525000 -1.325000 5.800000
v -6.525000 -1.375000 5.750000
v -6.525000 -2.075000 5.100000
v -6.525000 -2.125000 5.050000
v -6.525000 -2.075000 5.050000
v -6.525000 -1.975000 5.100000
v -6.525000 -1.325000 5.850000
v -6.525000 -1.375000 5.800000
v -6.525000 -1.475000 5.700000
v -6.525000 -2.225000 5.000000
v -6.525000 -2.125000 5.000000
v -6.525000 -1.625000 5.600000
v -6.525000 -1.475000 5.750000
v -6.525000 -1.575000 5.650000
v -6.525000 -1.725000 5.550000
v -6.525000 -2.325000 4.950000
v -6.525000 -2.225000 4.950000
v -6.525000 -1.575000 5.700000
v -6.525000 -1.625000 5.650000
v -6.525000 -2.425000 4.900000
v -6.525000 -2.475000 4.850000
v -6.525000 -2.425000 4.850000
v -6.525000 -2.325000 4.900000
v -6.525000 -1.725000 5.600000
v -6.525000 -1.825000 5.500000
v -6.525000 -1.825000 5.550000
v -6.525000 -1.925000 5.450000
v -6.525000 -1.975000 5.400000
v -6.525000 -2.575000 4.800000
v -6.525000 -2.475000 4.800000
v -6.525000 -2.675000 4.750000
v -6.525000 -2.575000 4.750000
v -6.525000 -1.925000 5.500000
v -6.525000 -1.975000 5.450000
v -6.525000 -2.075000 5.350000
v -6.525000 -2.775000 4.700000
v -6.525000 -2.825000 4.650000
v -6.525000 -2.775000 4.650000
v -6.525000 -2.675000 4.700000
v -6.525000 -2.075000 5.400000
v -6.525000 -2.175000 5.300000
v -6.525000 -2.925000 4.600000
v -6.525000 -2.825000 4.600000
v -6.525000 -2.175000 5.350000
v -6.525000 -2.325000 5.200000
v -6.525000 -2.275000 5.250000
v -6.525000 -2.425000 5.150000
v -6.525000 -2.275000 5.300000
v -6.525000 -2.325000 5.250000
v -6.525000 -3.025000 4.550000
v -6.525000 -2.925000 4.550000
v -6.525000 -2.425000 5.200000
v -6.525000 -2.525000 5.100000
v -6.525000 -3.125000 4.500000
v -6.525000 -3.175000 4.450000
v -6.525000 -3.125000 4.450000
v -6.525000 -3.025000 4.500000
v -6.525000 -2.575000 5.050000
v -6.525000 -2.675000 5.000000
v -6.525000 -2.525000 5.150000
v -6.525000 -3.275000 4.400000
v -6.525000 -3.175000 4.400000
v -6.525000 -2.575000 5.100000
v -6.525000 -3.375000 4.350000
v -6.525000 -3.425000 4.300000
v -6.525000 -3.375000 4.300000
v -6.525000 -3.275000 4.350000
v -6.525000 -2.675000 5.050000
v -6.525000 -2.775000 4.950000
v -6.525000 -2.925000 4.850000
v -6.525000 -3.525000 4.250000
v -6.525000 -3.425000 4.250000
v -6.525000 -2.775000 5.000000
v -6.525000 -2.875000 4.900000
v -6.525000 -3.625000 4.200000
v -6.525000 -3.525000 4.200000
v -6.525000 -2.875000 4.950000
v -6.525000 -2.925000 4.900000
v -6.525000 -3.025000 4.800000
v -6.525000 -3.125000 4.750000
v -6.525000 -3.725000 4.150000
v -6.525000 -3.775000 4.100000
v -6.525000 -3.725000 4.100000
v -6.525000 -3.625000 4.150000
v -6.525000 -3.025000 4.850000
v -6.525000 -3.875000 4.050000
v -6.525000 -3.775000 4.050000
v -6.525000 -3.225000 4.700000
v -6.525000 -3.125000 4.800000
v -6.525000 -3.275000 4.650000
v -6.525000 -3.975000 4.000000
v -6.525000 -3.875000 4.000000
v -6.525000 -3.225000 4.750000
v -6.525000 -3.275000 4.700000
v -6.525000 -3.375000 4.600000
v -6.525000 -4.075000 3.950000
v -6.525000 -4.125000 3.900000
v -6.525000 -4.075000 3.900000
v -6.525000 -3.975000 3.950000
v -6.525000 -3.375000 4.650000
v -6.525000 -3.475000 4.550000
v -6.525000 -4.225000 3.850000
v -6.525000 -4.125000 3.850000
v -6.525000 -3.475000 4.600000
v -6.525000 -3.625000 4.450000
v -6.525000 -3.575000 4.500000
v -6.525000 -3.625000 4.500000
v -6.525000 -3.725000 4.400000
v -6.525000 -4.325000 3.800000
v -6.525000 -4.225000 3.800000
v -6.525000 -3.575000 4.550000
v -6.525000 -3.725000 4.450000
v -6.525000 -4.425000 3.750000
v -6.525000 -4.475000 3.700000
v -6.525000 -4.425000 3.700000
v -6.525000 -4.325000 3.750000
v -6.525000 -3.825000 4.350000
v -6.525000 -3.875000 4.300000
v -6.525000 -4.575000 3.650000
v -6.525000 -4.475000 3.650000
v -6.525000 -3.875000 4.350000
v -6.525000 -3.975000 4.250000
v -6.525000 -3.825000 4.400000
v -6.525000 -4.675000 3.600000
v -6.525000 -4.725000 3.550000
v -6.525000 -4.675000 3.550000
v -6.525000 -4.575000 3.600000
v -6.525000 -3.975000 4.300000
v -6.525000 -4.075000 4.200000
v -6.525000 -4.825000 3.500000
v -6.525000 -4.875000 3.450000
v -6.525000 -4.825000 3.450000
v -6.525000 -4.725000 3.500000
v -6.525000 -4.225000 4.100000
v -6.525000 -4.075000 4.250000
v -6.525000 -4.175000 4.150000
v -6.525000 -4.925000 3.450000
v -6.525000 -4.175000 4.200000
v -6.525000 -4.225000 4.150000
v -6.525000 -4.325000 4.050000
v -6.525000 -5.025000 3.400000
v -6.525000 -5.075000 3.350000
v -6.525000 -5.025000 3.350000
v -6.525000 -4.925000 3.400000
v -6.525000 -4.425000 4.000000
v -6.525000 -4.325000 4.100000
v -6.525000 -5.175000 3.300000
v -6.525000 -5.075000 3.300000
v -6.525000 -4.525000 3.950000
v -6.525000 -4.425000 4.050000
v -6.525000 -4.575000 3.900000
v -6.525000 -5.275000 3.250000
v -6.525000 -5.175000 3.250000
v -6.525000 -4.525000 4.000000
v -6.525000 -4.575000 3.950000
v -6.525000 -4.675000 3.850000
v -6.525000 -5.375000 3.200000
v -6.525000 -5.275000 3.200000
v -6.525000 -5.425000 3.150000
v -6.525000 -5.375000 3.150000
v -6.525000 -4.675000 3.900000
v -6.525000 -4.775000 3.800000
v -6.525000 -5.525000 3.100000
v -6.525000 -5.425000 3.100000
v -6.525000 -4.775000 3.850000
v -6.525000 -4.875000 3.750000
v -6.525000 -4.925000 3.700000
v -6.525000 -4.875000 3.800000
v -6.525000 -4.925000 3.750000
v -6.525000 -5.025000 3.650000
v -6.525000 -5.025000 3.700000
v -6.525000 -5.125000 3.600000
v -6.525000 -5.175000 3.550000
v -6.525000 -5.125000 3.650000
v -6.525000 -5.175000 3.600000
v -6.525000 -5.275000 3.500000
v -6.525000 -5.275000 3.550000
v -6.525000 -5.375000 3.450000
v -6.525000 -5.375000 3.500000
v -6.525000 -5.475000 3.400000
v -6.525000 -5.475000 3.450000
v -6.525000 -5.525000 3.400000
v -6.525000 -4.725000 3.400000
v -6.525000 -4.875000 3.400000
v -6.525000 4.675000 3.400000
v -6.525000 4.825000 3.400000
v -6.525000 -0.075000 6.100000
v -6.525000 0.075000 6.100000
v 6.525000 -5.475000 3.400000
v 6.525000 -5.525000 3.400000
v 6.525000 5.325000 3.450000
v 6.525000 5.425000 3.450000
v 6.525000 5.425000 3.400000
v 6.525000 5.275000 3.500000
v 6.525000 5.325000 3.500000
v 6.525000 5.175000 3.550000
v 6.525000 5.275000 3.550000
v 6.525000 5.075000 3.600000
v 6.525000 5.175000 3.600000
v 6.525000 4.975000 3.650000
v 6.525000 5.075000 3.650000
v 6.525000 4.925000 3.700000
v 6.525000 4.975000 3.700000
v 6.525000 4.825000 3.750000
v 6.525000 4.925000 3.750000
v 6.525000 5.425000 3.150000
v 6.525000 5.525000 3.400000
v 6.525000 5.525000 3.100000
v 6.525000 4.725000 3.800000
v 6.525000 4.825000 3.800000
v 6.525000 5.325000 3.200000
v 6.525000 5.425000 3.100000
v 6.525000 5.225000 3.250000
v 6.525000 5.325000 3.150000
v 6.525000 4.625000 3.850000
v 6.525000 4.575000 3.900000
v 6.525000 4.625000 3.900000
v 6.525000 4.725000 3.850000
v 6.525000 5.175000 3.300000
v 6.525000 4.475000 3.950000
v 6.525000 4.575000 3.950000
v 6.525000 5.225000 3.200000
v 6.525000 5.075000 3.350000
v 6.525000 5.175000 3.250000
v 6.525000 4.975000 3.400000
v 6.525000 5.075000 3.300000
v 6.525000 4.375000 4.000000
v 6.525000 4.325000 4.050000
v 6.525000 4.375000 4.050000
v 6.525000 4.475000 4.000000
v 6.525000 4.225000 4.100000
v 6.525000 4.325000 4.100000
v 6.525000 4.875000 3.450000
v 6.525000 4.975000 3.350000
v 6.525000 4.825000 3.500000
v 6.525000 4.125000 4.150000
v 6.525000 4.225000 4.150000
v 6.525000 4.725000 3.550000
v 6.525000 4.825000 3.450000
v 6.525000 4.875000 3.400000
v 6.525000 4.625000 3.600000
v 6.525000 4.025000 4.200000
v 6.525000 3.975000 4.250000
v 6.525000 4.025000 4.250000
v 6.525000 4.125000 4.200000
v 6.525000 4.725000 3.500000
v 6.525000 4.675000 3.550000
v 6.525000 3.875000 4.300000
v 6.525000 3.975000 4.300000
v 6.525000 4.525000 3.650000
v 6.525000 4.475000 3.700000
v 6.525000 4.625000 3.550000
v 6.525000 3.775000 4.350000
v 6.525000 3.875000 4.350000
v 6.525000 4.375000 3.750000
v 6.525000 4.475000 3.650000
v 6.525000 4.525000 3.600000
v 6.525000 3.675000 4.400000
v 6.525000 3.775000 4.400000
v 6.525000 4.275000 3.800000
v 6.525000 3.625000 4.450000
v 6.525000 3.675000 4.450000
v 6.525000 4.375000 3.700000
v 6.525000 4.125000 3.900000
v 6.525000 3.525000 4.500000
v 6.525000 3.625000 4.500000
v 6.525000 4.175000 3.850000
v 6.525000 4.275000 3.750000
v 6.525000 3.425000 4.550000
v 6.525000 3.525000 4.550000
v 6.525000 4.025000 3.950000
v 6.525000 4.175000 3.800000
v 6.525000 4.125000 3.850000
v 6.525000 3.875000 4.050000
v 6.525000 3.325000 4.600000
v 6.525000 3.425000 4.600000
v 6.525000 3.275000 4.650000
v 6.525000 3.325000 4.650000
v 6.525000 4.025000 3.900000
v 6.525000 3.925000 4.000000
v 6.525000 3.175000 4.700000
v 6.525000 3.275000 4.700000
v 6.525000 3.775000 4.100000
v 6.525000 3.875000 4.000000
v 6.525000 3.925000 3.950000
v 6.525000 3.075000 4.750000
v 6.525000 3.025000 4.800000
v 6.525000 3.075000 4.800000
v 6.525000 3.175000 4.750000
v 6.525000 3.675000 4.150000
v 6.525000 3.775000 4.050000
v 6.525000 2.925000 4.850000
v 6.525000 3.025000 4.850000
v 6.525000 3.525000 4.250000
v 6.525000 3.575000 4.200000
v 6.525000 3.675000 4.100000
v 6.525000 2.825000 4.900000
v 6.525000 2.925000 4.900000
v 6.525000 3.425000 4.300000
v 6.525000 3.575000 4.150000
v 6.525000 3.525000 4.200000
v 6.525000 2.725000 4.950000
v 6.525000 2.675000 5.000000
v 6.525000 2.725000 5.000000
v 6.525000 2.825000 4.950000
v 6.525000 3.425000 4.250000
v 6.525000 3.325000 4.350000
v 6.525000 2.575000 5.050000
v 6.525000 2.675000 5.050000
v 6.525000 3.225000 4.400000
v 6.525000 3.325000 4.300000
v 6.525000 3.175000 4.450000
v 6.525000 2.475000 5.100000
v 6.525000 2.575000 5.100000
v 6.525000 3.075000 4.500000
v 6.525000 3.175000 4.400000
v 6.525000 3.225000 4.350000
v 6.525000 2.375000 5.150000
v 6.525000 2.475000 5.150000
v 6.525000 2.325000 5.200000
v 6.525000 2.375000 5.200000
v 6.525000 2.975000 4.550000
v 6.525000 3.075000 4.450000
v 6.525000 2.875000 4.600000
v 6.525000 2.225000 5.250000
v 6.525000 2.325000 5.250000
v 6.525000 2.825000 4.650000
v 6.525000 2.975000 4.500000
v 6.525000 2.125000 5.300000
v 6.525000 2.225000 5.300000
v 6.525000 2.825000 4.600000
v 6.525000 2.875000 4.550000
v 6.525000 2.725000 4.700000
v 6.525000 2.575000 4.800000
v 6.525000 2.625000 4.750000
v 6.525000 2.025000 5.350000
v 6.525000 1.975000 5.400000
v 6.525000 2.025000 5.400000
v 6.525000 2.125000 5.350000
v 6.525000 2.725000 4.650000
v 6.525000 2.575000 4.750000
v 6.525000 1.875000 5.450000
v 6.525000 1.975000 5.450000
v 6.525000 2.625000 4.700000
v 6.525000 2.475000 4.850000
v 6.525000 2.375000 4.900000
v 6.525000 1.775000 5.500000
v 6.525000 1.725000 5.550000
v 6.525000 1.775000 5.550000
v 6.525000 1.875000 5.500000
v 6.525000 2.475000 4.800000
v 6.525000 2.275000 4.950000
v 6.525000 2.225000 5.000000
v 6.525000 1.625000 5.600000
v 6.525000 1.725000 5.600000
v 6.525000 2.375000 4.850000
v 6.525000 2.125000 5.050000
v 6.525000 1.525000 5.650000
v 6.525000 1.625000 5.650000
v 6.525000 2.225000 4.950000
v 6.525000 2.275000 4.900000
v 6.525000 1.425000 5.700000
v 6.525000 1.375000 5.750000
v 6.525000 1.425000 5.750000
v 6.525000 1.525000 5.700000
v 6.525000 2.025000 5.100000
v 6.525000 2.125000 5.000000
v 6.525000 1.275000 5.800000
v 6.525000 1.375000 5.800000
v 6.525000 1.875000 5.200000
v 6.525000 2.025000 5.050000
v 6.525000 1.925000 5.150000
v 6.525000 1.775000 5.250000
v 6.525000 1.175000 5.850000
v 6.525000 1.275000 5.850000
v 6.525000 1.925000 5.100000
v 6.525000 1.875000 5.150000
v 6.525000 1.075000 5.900000
v 6.525000 1.025000 5.950000
v 6.525000 1.075000 5.950000
v 6.525000 1.175000 5.900000
v 6.525000 1.675000 5.300000
v 6.525000 1.775000 5.200000
v 6.525000 0.925000 6.000000
v 6.525000 1.025000 6.000000
v 6.525000 1.525000 5.400000
v 6.525000 1.675000 5.250000
v 6.525000 1.575000 5.350000
v 6.525000 0.825000 6.050000
v 6.525000 0.775000 6.100000
v 6.525000 0.825000 6.100000
v 6.525000 0.925000 6.050000
v 6.525000 1.425000 5.450000
v 6.525000 1.575000 5.300000
v 6.525000 1.525000 5.350000
v 6.525000 0.675000 6.150000
v 6.525000 0.775000 6.150000
v 6.525000 1.275000 5.550000
v 6.525000 1.325000 5.500000
v 6.525000 1.425000 5.400000
v 6.525000 0.575000 6.200000
v 6.525000 0.675000 6.200000
v 6.525000 1.325000 5.450000
v 6.525000 1.275000 5.500000
v 6.525000 1.175000 5.600000
v 6.525000 0.475000 6.250000
v 6.525000 0.425000 6.300000
v 6.525000 0.475000 6.300000
v 6.525000 0.575000 6.250000
v 6.525000 1.075000 5.650000
v 6.525000 1.175000 5.550000
v 6.525000 0.975000 5.700000
v 6.525000 0.325000 6.350000
v 6.525000 0.425000 6.350000
v 6.525000 0.925000 5.750000
v 6.525000 1.075000 5.600000
v 6.525000 0.225000 6.400000
v 6.525000 0.325000 6.400000
v 6.525000 0.825000 5.800000
v 6.525000 0.925000 5.700000
v 6.525000 0.975000 5.650000
v 6.525000 0.125000 6.450000
v 6.525000 0.075000 6.500000
v 6.525000 0.125000 6.500000
v 6.525000 0.225000 6.450000
v 6.525000 0.825000 5.750000
v 6.525000 0.725000 5.850000
v 6.525000 0.575000 5.950000
v 6.525000 0.625000 5.900000
v 6.525000 0.725000 5.800000
v 6.525000 0.475000 6.000000
v 6.525000 0.575000 5.900000
v 6.525000 0.625000 5.850000
v 6.525000 0.475000 5.950000
v 6.525000 0.325000 6.100000
v 6.525000 0.375000 6.050000
v 6.525000 -0.075000 6.500000
v 6.525000 -0.075000 6.550000
v 6.525000 0.075000 6.550000
v 6.525000 0.225000 6.150000
v 6.525000 0.375000 6.000000
v 6.525000 0.325000 6.050000
v 6.525000 0.125000 6.200000
v 6.525000 0.225000 6.100000
v 6.525000 0.025000 6.250000
v 6.525000 0.075000 6.200000
v 6.525000 -0.175000 6.450000
v 6.525000 -0.175000 6.500000
v 6.525000 0.125000 6.150000
v 6.525000 0.025000 6.200000
v 6.525000 -0.075000 6.250000
v 6.525000 -0.275000 6.400000
v 6.525000 -0.275000 6.450000
v 6.525000 -0.175000 6.200000
v 6.525000 -0.075000 6.200000
v 6.525000 -0.325000 6.350000
v 6.525000 -0.325000 6.400000
v 6.525000 -0.225000 6.150000
v 6.525000 -0.175000 6.150000
v 6.525000 -0.425000 6.300000
v 6.525000 -0.425000 6.350000
v 6.525000 -0.325000 6.100000
v 6.525000 -0.225000 6.100000
v 6.525000 -0.525000 6.250000
v 6.525000 -0.525000 6.300000
v 6.525000 -0.425000 6.050000
v 6.525000 -0.325000 6.050000
v 6.525000 -0.625000 6.200000
v 6.525000 -0.625000 6.250000
v 6.525000 -0.525000 6.000000
v 6.525000 -0.425000 6.000000
v 6.525000 -0.675000 6.150000
v 6.525000 -0.675000 6.200000
v 6.525000 -0.575000 5.950000
v 6.525000 -0.525000 5.950000
v 6.525000 -0.775000 6.100000
v 6.525000 -0.775000 6.150000
v 6.525000 -0.675000 5.900000
v 6.525000 -0.575000 5.900000
v 6.525000 -0.875000 6.050000
v 6.525000 -0.875000 6.100000
v 6.525000 -0.775000 5.850000
v 6.525000 -0.675000 5.850000
v 6.525000 -0.975000 6.000000
v 6.525000 -0.975000 6.050000
v 6.525000 -0.875000 5.800000
v 6.525000 -0.775000 5.800000
v 6.525000 -1.025000 5.950000
v 6.525000 -1.025000 6.000000
v 6.525000 -0.925000 5.750000
v 6.525000 -0.875000 5.750000
v 6.525000 -1.125000 5.900000
v 6.525000 -1.125000 5.950000
v 6.525000 -1.025000 5.700000
v 6.525000 -0.925000 5.700000
v 6.525000 -1.225000 5.850000
v 6.525000 -1.225000 5.900000
v 6.525000 -1.125000 5.650000
v 6.525000 -1.025000 5.650000
v 6.525000 -1.325000 5.800000
v 6.525000 -1.325000 5.850000
v 6.525000 -1.175000 5.600000
v 6.525000 -1.125000 5.600000
v 6.525000 -1.375000 5.750000
v 6.525000 -1.375000 5.800000
v 6.525000 -1.275000 5.550000
v 6.525000 -1.175000 5.550000
v 6.525000 -1.475000 5.700000
v 6.525000 -1.475000 5.750000
v 6.525000 -1.375000 5.500000
v 6.525000 -1.275000 5.500000
v 6.525000 -1.575000 5.650000
v 6.525000 -1.575000 5.700000
v 6.525000 -1.625000 5.600000
v 6.525000 -1.625000 5.650000
v 6.525000 -1.475000 5.450000
v 6.525000 -1.375000 5.450000
v 6.525000 -1.525000 5.400000
v 6.525000 -1.475000 5.400000
v 6.525000 -1.725000 5.550000
v 6.525000 -1.725000 5.600000
v 6.525000 -1.625000 5.350000
v 6.525000 -1.525000 5.350000
v 6.525000 -1.825000 5.500000
v 6.525000 -1.825000 5.550000
v 6.525000 -1.725000 5.300000
v 6.525000 -1.625000 5.300000
v 6.525000 -1.925000 5.450000
v 6.525000 -1.925000 5.500000
v 6.525000 -1.825000 5.250000
v 6.525000 -1.725000 5.250000
v 6.525000 -1.975000 5.400000
v 6.525000 -1.975000 5.450000
v 6.525000 -1.875000 5.200000
v 6.525000 -1.825000 5.200000
v 6.525000 -2.075000 5.350000
v 6.525000 -2.075000 5.400000
v 6.525000 -1.975000 5.150000
v 6.525000 -1.875000 5.150000
v 6.525000 -2.175000 5.300000
v 6.525000 -2.175000 5.350000
v 6.525000 -2.075000 5.100000
v 6.525000 -1.975000 5.100000
v 6.525000 -2.275000 5.250000
v 6.525000 -2.275000 5.300000
v 6.525000 -2.125000 5.050000
v 6.525000 -2.075000 5.050000
v 6.525000 -2.325000 5.200000
v 6.525000 -2.325000 5.250000
v 6.525000 -2.225000 5.000000
v 6.525000 -2.125000 5.000000
v 6.525000 -2.425000 5.150000
v 6.525000 -2.425000 5.200000
v 6.525000 -2.325000 4.950000
v 6.525000 -2.225000 4.950000
v 6.525000 -2.525000 5.100000
v 6.525000 -2.525000 5.150000
v 6.525000 -2.425000 4.900000
v 6.525000 -2.325000 4.900000
v 6.525000 -2.575000 5.050000
v 6.525000 -2.575000 5.100000
v 6.525000 -2.475000 4.850000
v 6.525000 -2.425000 4.850000
v 6.525000 -2.675000 5.000000
v 6.525000 -2.675000 5.050000
v 6.525000 -2.575000 4.800000
v 6.525000 -2.475000 4.800000
v 6.525000 -2.775000 4.950000
v 6.525000 -2.775000 5.000000
v 6.525000 -2.675000 4.750000
v 6.525000 -2.575000 4.750000
v 6.525000 -2.875000 4.900000
v 6.525000 -2.875000 4.950000
v 6.525000 -2.925000 4.850000
v 6.525000 -2.925000 4.900000
v 6.525000 -2.775000 4.700000
v 6.525000 -2.675000 4.700000
v 6.525000 -2.825000 4.650000
v 6.525000 -2.775000 4.650000
v 6.525000 -3.025000 4.800000
v 6.525000 -3.025000 4.850000
v 6.525000 -2.925000 4.600000
v 6.525000 -2.825000 4.600000
v 6.525000 -3.125000 4.750000
v 6.525000 -3.125000 4.800000
v 6.525000 -3.025000 4.550000
v 6.525000 -2.925000 4.550000
v 6.525000 -3.225000 4.700000
v 6.525000 -3.225000 4.750000
v 6.525000 -3.275000 4.650000
v 6.525000 -3.275000 4.700000
v 6.525000 -3.125000 4.500000
v 6.525000 -3.025000 4.500000
v 6.525000 -3.175000 4.450000
v 6.525000 -3.125000 4.450000
v 6.525000 -3.375000 4.600000
v 6.525000 -3.375000 4.650000
v 6.525000 -3.275000 4.400000
v 6.525000 -3.175000 4.400000
v 6.525000 -3.475000 4.550000
v 6.525000 -3.475000 4.600000
v 6.525000 -3.375000 4.350000
v 6.525000 -3.275000 4.350000
v 6.525000 -3.575000 4.500000
v 6.525000 -3.575000 4.550000
v 6.525000 -3.425000 4.300000
v 6.525000 -3.375000 4.300000
v 6.525000 -3.625000 4.450000
v 6.525000 -3.625000 4.500000
v 6.525000 -3.525000 4.250000
v 6.525000 -3.425000 4.250000
v 6.525000 -3.725000 4.400000
v 6.525000 -3.725000 4.450000
v 6.525000 -3.625000 4.200000
v 6.525000 -3.525000 4.200000
v 6.525000 -3.825000 4.350000
v 6.525000 -3.825000 4.400000
v 6.525000 -3.875000 4.300000
v 6.525000 -3.875000 4.350000
v 6.525000 -3.725000 4.150000
v 6.525000 -3.625000 4.150000
v 6.525000 -3.775000 4.100000
v 6.525000 -3.725000 4.100000
v 6.525000 -3.975000 4.250000
v 6.525000 -3.975000 4.300000
v 6.525000 -3.875000 4.050000
v 6.525000 -3.775000 4.050000
v 6.525000 -4.075000 4.200000
v 6.525000 -4.075000 4.250000
v 6.525000 -3.975000 4.000000
v 6.525000 -3.875000 4.000000
v 6.525000 -4.175000 4.150000
v 6.525000 -4.175000 4.200000
v 6.525000 -4.225000 4.100000
v 6.525000 -4.225000 4.150000
v 6.525000 -4.075000 3.950000
v 6.525000 -3.975000 3.950000
v 6.525000 -4.125000 3.900000
v 6.525000 -4.075000 3.900000
v 6.525000 -4.325000 4.050000
v 6.525000 -4.325000 4.100000
v 6.525000 -4.225000 3.850000
v 6.525000 -4.125000 3.850000
v 6.525000 -4.425000 4.000000
v 6.525000 -4.425000 4.050000
v 6.525000 -4.325000 3.800000
v 6.525000 -4.225000 3.800000
v 6.525000 -4.525000 3.950000
v 6.525000 -4.525000 4.000000
v 6.525000 -4.575000 3.900000
v 6.525000 -4.575000 3.950000
v 6.525000 -4.425000 3.750000
v 6.525000 -4.325000 3.750000
v 6.525000 -4.475000 3.700000
v 6.525000 -4.425000 3.700000
v 6.525000 -4.675000 3.850000
v 6.525000 -4.675000 3.900000
v 6.525000 -4.575000 3.650000
v 6.525000 -4.475000 3.650000
v 6.525000 -4.775000 3.800000
v 6.525000 -4.775000 3.850000
v 6.525000 -4.675000 3.600000
v 6.525000 -4.575000 3.600000
v 6.525000 -4.875000 3.750000
v 6.525000 -4.875000 3.800000
v 6.525000 -4.725000 3.550000
v 6.525000 -4.675000 3.550000
v 6.525000 -4.925000 3.700000
v 6.525000 -4.925000 3.750000
v 6.525000 -4.825000 3.500000
v 6.525000 -4.725000 3.500000
v 6.525000 -5.025000 3.650000
v 6.525000 -5.025000 3.700000
v 6.525000 -4.825000 3.450000
v 6.525000 -4.925000 3.450000
v 6.525000 -5.125000 3.600000
v 6.525000 -5.125000 3.650000
v 6.525000 -5.175000 3.550000
v 6.525000 -5.175000 3.600000
v 6.525000 -5.025000 3.400000
v 6.525000 -4.925000 3.400000
v 6.525000 -5.075000 3.350000
v 6.525000 -5.025000 3.350000
v 6.525000 -5.275000 3.500000
v 6.525000 -5.275000 3.550000
v 6.525000 -5.175000 3.300000
v 6.525000 -5.075000 3.300000
v 6.525000 -5.375000 3.450000
v 6.525000 -5.375000 3.500000
v 6.525000 -5.275000 3.250000
v 6.525000 -5.175000 3.250000
v 6.525000 -5.475000 3.450000
v 6.525000 -5.375000 3.200000
v 6.525000 -5.275000 3.200000
v 6.525000 -5.425000 3.150000
v 6.525000 -5.375000 3.150000
v 6.525000 -5.525000 3.100000
v 6.525000 -5.425000 3.100000
v 6.525000 -4.725000 3.400000
v 6.525000 4.825000 3.400000
v 6.525000 4.675000 3.400000
v 6.525000 0.075000 6.100000
v 6.525000 -0.075000 6.100000
v -6.025000 -5.025000 3.350000
v -6.025000 -5.025000 3.400000
v 5.875000 0.225000 3.850000
v 5.875000 0.175000 3.800000
v 5.875000 0.225000 3.800000
v 5.875000 0.275000 3.850000
v 5.875000 0.275000 3.900000
v 5.875000 0.325000 3.950000
v 5.875000 0.325000 3.900000
v 5.875000 0.375000 4.000000
v 5.875000 0.375000 3.950000
v 5.875000 0.425000 4.150000
v 5.875000 0.425000 4.000000
v 5.875000 0.425000 4.300000
v 5.875000 0.475000 4.150000
v 5.875000 0.475000 4.300000
v 5.875000 -0.175000 3.800000
v 5.875000 -0.175000 3.750000
v 5.875000 0.175000 3.750000
v 5.875000 0.375000 4.400000
v 5.875000 0.425000 4.400000
v 5.875000 -0.275000 3.850000
v 5.875000 -0.275000 3.800000
v 5.875000 0.325000 4.500000
v 5.875000 0.375000 4.500000
v 5.875000 -0.325000 3.900000
v 5.875000 -0.325000 3.850000
v 5.875000 0.275000 4.550000
v 5.875000 0.325000 4.550000
v 5.875000 -0.375000 3.950000
v 5.875000 -0.375000 3.900000
v 5.875000 0.175000 4.600000
v 5.875000 0.275000 4.600000
v 5.875000 -0.425000 4.050000
v 5.875000 -0.425000 3.950000
v 5.875000 -0.075000 4.650000
v 5.875000 -0.075000 4.700000
v 5.875000 0.075000 4.700000
v 5.875000 -0.275000 4.550000
v 5.875000 -0.325000 4.500000
v 5.875000 -0.375000 4.450000
v 5.875000 -0.425000 4.400000
v 5.875000 -0.225000 4.600000
v 5.875000 -0.275000 4.600000
v 5.875000 -0.325000 4.550000
v 5.875000 -0.375000 4.500000
v 5.875000 -0.425000 4.450000
v 5.875000 -0.475000 4.400000
v 5.875000 -0.475000 4.050000
v 5.875000 -0.225000 4.650000
v 5.975000 0.125000 3.750000
v 6.025000 0.125000 3.750000
v 6.025000 -0.175000 3.750000
v 5.975000 0.175000 3.750000
v 5.975000 0.125000 3.800000
v 5.975000 0.175000 3.800000
v -6.025000 0.475000 0.250000
v -6.025000 5.025000 0.000000
v -6.025000 5.025000 0.250000
v -6.025000 -5.025000 0.250000
v -6.025000 -5.025000 0.000000
v -6.025000 -0.475000 0.250000
v -6.025000 4.975000 3.350000
v -6.025000 5.025000 3.350000
v -6.025000 4.875000 3.400000
v -6.025000 4.975000 3.400000
v -6.025000 4.825000 3.400000
v -6.025000 4.825000 3.450000
v -6.025000 4.875000 3.450000
v -6.025000 4.675000 3.400000
v -6.025000 3.475000 2.200000
v -6.025000 3.475000 1.050000
v -6.025000 4.625000 3.550000
v -6.025000 4.675000 3.550000
v -6.025000 4.525000 3.600000
v -6.025000 4.625000 3.600000
v -6.025000 4.475000 3.650000
v -6.025000 4.525000 3.650000
v -6.025000 4.375000 3.700000
v -6.025000 4.475000 3.700000
v -6.025000 4.275000 3.750000
v -6.025000 4.375000 3.750000
v -6.025000 4.175000 3.800000
v -6.025000 4.275000 3.800000
v -6.025000 4.125000 3.850000
v -6.025000 4.175000 3.850000
v -6.025000 1.525000 1.050000
v -6.025000 4.025000 3.900000
v -6.025000 4.125000 3.900000
v -6.025000 3.925000 3.950000
v -6.025000 4.025000 3.950000
v -6.025000 3.875000 4.000000
v -6.025000 3.925000 4.000000
v -6.025000 3.775000 4.050000
v -6.025000 3.875000 4.050000
v -6.025000 3.675000 4.100000
v -6.025000 3.775000 4.100000
v -6.025000 3.575000 4.150000
v -6.025000 3.675000 4.150000
v -6.025000 3.525000 4.200000
v -6.025000 3.575000 4.200000
v -6.025000 3.425000 4.250000
v -6.025000 3.525000 4.250000
v -6.025000 3.325000 4.300000
v -6.025000 3.425000 4.300000
v -6.025000 3.225000 4.350000
v -6.025000 1.525000 2.200000
v -6.025000 3.325000 4.350000
v -6.025000 3.175000 4.400000
v -6.025000 3.225000 4.400000
v -6.025000 3.075000 4.450000
v -6.025000 3.175000 4.450000
v -6.025000 2.975000 4.500000
v -6.025000 3.075000 4.500000
v -6.025000 2.875000 4.550000
v -6.025000 2.975000 4.550000
v -6.025000 0.475000 2.200000
v -6.025000 2.825000 4.600000
v -6.025000 2.875000 4.600000
v -6.025000 2.725000 4.650000
v -6.025000 2.825000 4.650000
v -6.025000 2.625000 4.700000
v -6.025000 2.725000 4.700000
v -6.025000 2.575000 4.750000
v -6.025000 2.625000 4.750000
v -6.025000 2.475000 4.800000
v -6.025000 2.575000 4.800000
v -6.025000 2.375000 4.850000
v -6.025000 2.475000 4.850000
v -6.025000 2.275000 4.900000
v -6.025000 2.375000 4.900000
v -6.025000 2.225000 4.950000
v -6.025000 2.275000 4.950000
v -6.025000 2.125000 5.000000
v -6.025000 2.225000 5.000000
v -6.025000 -1.825000 1.200000
v -6.025000 -0.475000 2.200000
v -6.025000 2.025000 5.050000
v -6.025000 2.125000 5.050000
v -6.025000 1.925000 5.100000
v -6.025000 2.025000 5.100000
v -6.025000 1.875000 5.150000
v -6.025000 1.925000 5.150000
v -6.025000 1.775000 5.200000
v -6.025000 1.875000 5.200000
v -6.025000 0.475000 3.950000
v -6.025000 0.225000 3.700000
v -6.025000 0.175000 3.700000
v -6.025000 0.275000 3.850000
v -6.025000 0.325000 3.900000
v -6.025000 0.375000 3.950000
v -6.025000 0.225000 3.800000
v -6.025000 0.525000 4.100000
v -6.025000 1.675000 5.250000
v -6.025000 1.775000 5.250000
v -6.025000 0.275000 3.900000
v -6.025000 0.225000 3.850000
v -6.025000 0.125000 3.750000
v -6.025000 0.175000 3.800000
v -6.025000 0.325000 3.950000
v -6.025000 0.125000 3.800000
v -6.025000 0.425000 4.100000
v -6.025000 1.575000 5.300000
v -6.025000 1.675000 5.300000
v -6.025000 0.475000 4.250000
v -6.025000 1.525000 5.350000
v -6.025000 1.575000 5.350000
v -6.025000 -0.175000 3.700000
v -6.025000 0.425000 4.300000
v -6.025000 0.425000 4.250000
v -6.025000 -0.225000 3.700000
v -6.025000 -0.175000 3.750000
v -6.025000 1.425000 5.400000
v -6.025000 1.525000 5.400000
v -6.025000 0.425000 4.400000
v -6.025000 0.425000 4.350000
v -6.025000 -0.275000 3.800000
v -6.025000 -0.225000 3.800000
v -6.025000 1.325000 5.450000
v -6.025000 1.425000 5.450000
v -6.025000 0.375000 4.500000
v -6.025000 0.375000 4.400000
v -6.025000 -1.825000 2.350000
v -6.025000 -0.325000 3.850000
v -6.025000 -0.275000 3.850000
v -6.025000 1.275000 5.500000
v -6.025000 1.325000 5.500000
v -6.025000 0.325000 4.550000
v -6.025000 0.325000 4.500000
v -6.025000 -0.375000 3.900000
v -6.025000 -0.325000 3.900000
v -6.025000 0.275000 4.600000
v -6.025000 0.275000 4.550000
v -6.025000 -0.425000 3.950000
v -6.025000 -0.375000 3.950000
v -6.025000 1.175000 5.550000
v -6.025000 1.275000 5.550000
v -6.025000 0.175000 4.650000
v -6.025000 0.175000 4.600000
v -6.025000 -0.525000 4.000000
v -6.025000 -0.425000 4.000000
v -6.025000 1.075000 5.600000
v -6.025000 1.175000 5.600000
v -6.025000 0.125000 4.750000
v -6.025000 0.125000 4.650000
v -6.025000 0.975000 5.650000
v -6.025000 1.075000 5.650000
v -6.025000 0.025000 4.700000
v -6.025000 0.025000 4.650000
v -6.025000 0.075000 4.650000
v -6.025000 0.075000 4.750000
v -6.025000 0.925000 5.700000
v -6.025000 0.975000 5.700000
v -6.025000 -0.475000 4.350000
v -6.025000 -0.425000 4.350000
v -6.025000 -0.075000 4.750000
v -6.025000 -0.075000 4.700000
v -6.025000 -0.325000 4.550000
v -6.025000 -0.275000 4.550000
v -6.025000 -0.275000 4.600000
v -6.025000 -0.375000 4.500000
v -6.025000 -0.425000 4.450000
v -6.025000 -0.375000 4.450000
v -6.025000 -0.325000 4.500000
v -6.025000 -0.225000 4.650000
v -6.025000 -0.225000 4.600000
v -6.025000 -0.125000 4.750000
v -6.025000 -0.125000 4.650000
v -6.025000 0.825000 5.750000
v -6.025000 0.925000 5.750000
v -6.025000 -0.525000 4.450000
v -6.025000 0.725000 5.800000
v -6.025000 0.825000 5.800000
v -6.025000 0.625000 5.850000
v -6.025000 0.725000 5.850000
v -6.025000 -3.775000 1.200000
v -6.025000 0.575000 5.900000
v -6.025000 0.625000 5.900000
v -6.025000 0.475000 5.950000
v -6.025000 0.575000 5.950000
v -6.025000 0.375000 6.000000
v -6.025000 0.475000 6.000000
v -6.025000 0.325000 6.050000
v -6.025000 0.375000 6.050000
v -6.025000 0.225000 6.100000
v -6.025000 0.325000 6.100000
v -6.025000 0.125000 6.150000
v -6.025000 0.225000 6.150000
v -6.025000 0.075000 6.100000
v -6.025000 0.075000 6.150000
v -6.025000 -3.775000 2.350000
v -6.025000 -0.075000 6.100000
v -6.025000 0.025000 6.150000
v -6.025000 -0.175000 6.150000
v -6.025000 -0.075000 6.200000
v -6.025000 -0.225000 6.100000
v -6.025000 -0.175000 6.200000
v -6.025000 -0.225000 6.150000
v -6.025000 -0.325000 6.050000
v -6.025000 -0.425000 6.000000
v -6.025000 -0.325000 6.100000
v -6.025000 -0.575000 5.900000
v -6.025000 -0.525000 5.950000
v -6.025000 -0.425000 6.050000
v -6.025000 -0.525000 6.000000
v -6.025000 -0.575000 5.950000
v -6.025000 -0.675000 5.850000
v -6.025000 -0.675000 5.900000
v -6.025000 -0.775000 5.800000
v -6.025000 -0.925000 5.700000
v -6.025000 -0.775000 5.850000
v -6.025000 -0.875000 5.750000
v -6.025000 -1.025000 5.650000
v -6.025000 -0.875000 5.800000
v -6.025000 -0.925000 5.750000
v -6.025000 -1.025000 5.700000
v -6.025000 -1.175000 5.550000
v -6.025000 -1.125000 5.600000
v -6.025000 -1.125000 5.650000
v -6.025000 -1.175000 5.600000
v -6.025000 -1.275000 5.500000
v -6.025000 -1.275000 5.550000
v -6.025000 -1.375000 5.450000
v -6.025000 -1.525000 5.350000
v -6.025000 -1.475000 5.400000
v -6.025000 -1.375000 5.500000
v -6.025000 -1.475000 5.450000
v -6.025000 -1.525000 5.400000
v -6.025000 -1.625000 5.300000
v -6.025000 -1.625000 5.350000
v -6.025000 -1.725000 5.250000
v -6.025000 -1.725000 5.300000
v -6.025000 -1.875000 5.150000
v -6.025000 -1.825000 5.200000
v -6.025000 -1.825000 5.250000
v -6.025000 -1.875000 5.200000
v -6.025000 -1.975000 5.100000
v -6.025000 -1.975000 5.150000
v -6.025000 -2.125000 5.000000
v -6.025000 -2.075000 5.050000
v -6.025000 -2.075000 5.100000
v -6.025000 -2.125000 5.050000
v -6.025000 -2.225000 4.950000
v -6.025000 -2.225000 5.000000
v -6.025000 -2.325000 4.950000
v -6.025000 -2.325000 4.900000
v -6.025000 -2.475000 4.800000
v -6.025000 -2.425000 4.850000
v -6.025000 -2.425000 4.900000
v -6.025000 -2.475000 4.850000
v -6.025000 -2.575000 4.750000
v -6.025000 -2.575000 4.800000
v -6.025000 -2.825000 4.600000
v -6.025000 -2.675000 4.700000
v -6.025000 -2.675000 4.750000
v -6.025000 -2.775000 4.650000
v -6.025000 -2.775000 4.700000
v -6.025000 -2.825000 4.650000
v -6.025000 -2.925000 4.550000
v -6.025000 -2.925000 4.600000
v -6.025000 -3.025000 4.550000
v -6.025000 -3.025000 4.500000
v -6.025000 -3.175000 4.400000
v -6.025000 -3.125000 4.450000
v -6.025000 -3.125000 4.500000
v -6.025000 -3.175000 4.450000
v -6.025000 -3.275000 4.400000
v -6.025000 -3.275000 4.350000
v -6.025000 -3.425000 4.250000
v -6.025000 -3.375000 4.300000
v -6.025000 -3.375000 4.350000
v -6.025000 -3.525000 4.200000
v -6.025000 -3.425000 4.300000
v -6.025000 -3.525000 4.250000
v -6.025000 -3.625000 4.150000
v -6.025000 -3.625000 4.200000
v -6.025000 -3.775000 4.050000
v -6.025000 -3.725000 4.100000
v -6.025000 -3.875000 4.000000
v -6.025000 -3.725000 4.150000
v -6.025000 -3.775000 4.100000
v -6.025000 -3.875000 4.050000
v -6.025000 -3.975000 3.950000
v -6.025000 -3.975000 4.000000
v -6.025000 -4.125000 3.850000
v -6.025000 -4.075000 3.900000
v -6.025000 -4.125000 3.900000
v -6.025000 -4.225000 3.800000
v -6.025000 -4.075000 3.950000
v -6.025000 -4.225000 3.850000
v -6.025000 -4.325000 3.750000
v -6.025000 -4.475000 3.650000
v -6.025000 -4.425000 3.700000
v -6.025000 -4.725000 3.400000
v -6.025000 -4.325000 3.800000
v -6.025000 -4.425000 3.750000
v -6.025000 -4.475000 3.700000
v -6.025000 -4.575000 3.600000
v -6.025000 -4.575000 3.650000
v -6.025000 -4.675000 3.550000
v -6.025000 -4.725000 3.500000
v -6.025000 -4.725000 3.550000
v -6.025000 -4.675000 3.600000
v -6.025000 -4.825000 3.400000
v -6.025000 -4.925000 3.400000
v -6.025000 -4.925000 3.450000
v -6.025000 -4.825000 3.450000
v -5.875000 0.475000 0.250000
v -5.875000 -0.475000 0.250000
v -5.875000 -0.475000 2.200000
v -5.875000 0.475000 2.200000
v -5.925000 3.475000 1.050000
v -5.925000 1.525000 1.050000
v -5.925000 1.525000 2.200000
v -5.925000 3.475000 2.200000
v -5.925000 -1.825000 1.200000
v -5.925000 -3.775000 1.200000
v -5.925000 -3.775000 2.350000
v -5.925000 -1.825000 2.350000
v 6.025000 5.025000 0.000000
v 6.025000 5.025000 0.250000
v 5.875000 1.525000 1.050000
v 5.875000 1.525000 2.200000
v 5.875000 3.475000 2.200000
v 5.875000 3.475000 1.050000
v 6.025000 3.475000 1.050000
v 6.025000 1.525000 1.050000
v 5.875000 -3.775000 1.050000
v 5.875000 -3.775000 2.200000
v 5.875000 -1.825000 2.200000
v 5.875000 -1.825000 1.050000
v 6.025000 -1.825000 1.050000
v 6.025000 -3.775000 1.050000
v 6.025000 -5.025000 0.000000
v 6.025000 -5.025000 0.250000
v 6.025000 4.875000 3.400000
v 6.025000 4.825000 3.450000
v 6.025000 4.875000 3.450000
v 6.025000 4.975000 3.400000
v 6.025000 4.975000 3.350000
v 6.025000 4.825000 3.400000
v 6.025000 4.525000 3.600000
v 6.025000 4.475000 3.650000
v 6.025000 4.525000 3.650000
v 6.025000 4.625000 3.600000
v 6.025000 4.625000 3.550000
v 6.025000 4.675000 3.400000
v 6.025000 4.675000 3.550000
v 6.025000 4.375000 3.700000
v 6.025000 4.475000 3.700000
v 6.025000 4.275000 3.750000
v 6.025000 4.375000 3.750000
v 6.025000 4.175000 3.800000
v 6.025000 4.275000 3.800000
v 6.025000 4.125000 3.850000
v 6.025000 4.175000 3.850000
v 6.025000 4.025000 3.900000
v 6.025000 4.125000 3.900000
v 6.025000 3.925000 3.950000
v 6.025000 4.025000 3.950000
v 6.025000 3.875000 4.000000
v 6.025000 3.925000 4.000000
v 6.025000 3.775000 4.050000
v 6.025000 3.875000 4.050000
v 6.025000 3.675000 4.100000
v 6.025000 3.775000 4.100000
v 6.025000 3.575000 4.150000
v 6.025000 3.675000 4.150000
v 6.025000 3.525000 4.200000
v 6.025000 3.575000 4.200000
v 6.025000 3.425000 4.250000
v 6.025000 3.525000 4.250000
v 6.025000 3.325000 4.300000
v 6.025000 3.425000 4.300000
v 6.025000 3.225000 4.350000
v 6.025000 3.175000 4.400000
v 6.025000 3.225000 4.400000
v 6.025000 3.325000 4.350000
v 6.025000 3.075000 4.450000
v 6.025000 3.175000 4.450000
v 6.025000 2.975000 4.500000
v 6.025000 3.075000 4.500000
v 6.025000 2.875000 4.550000
v 6.025000 2.825000 4.600000
v 6.025000 2.875000 4.600000
v 6.025000 2.975000 4.550000
v 6.025000 2.725000 4.650000
v 6.025000 2.825000 4.650000
v 6.025000 2.625000 4.700000
v 6.025000 2.575000 4.750000
v 6.025000 2.625000 4.750000
v 6.025000 2.725000 4.700000
v 6.025000 2.475000 4.800000
v 6.025000 2.575000 4.800000
v 6.025000 2.375000 4.850000
v 6.025000 2.475000 4.850000
v 6.025000 2.275000 4.900000
v 6.025000 2.225000 4.950000
v 6.025000 2.275000 4.950000
v 6.025000 2.375000 4.900000
v 6.025000 2.125000 5.000000
v 6.025000 2.225000 5.000000
v 6.025000 2.025000 5.050000
v 6.025000 2.125000 5.050000
v 6.025000 1.925000 5.100000
v 6.025000 1.875000 5.150000
v 6.025000 1.925000 5.150000
v 6.025000 2.025000 5.100000
v 6.025000 1.775000 5.200000
v 6.025000 1.875000 5.200000
v 6.025000 1.675000 5.250000
v 6.025000 1.775000 5.250000
v 6.025000 1.575000 5.300000
v 6.025000 1.525000 5.350000
v 6.025000 1.575000 5.350000
v 6.025000 1.675000 5.300000
v 6.025000 1.425000 5.400000
v 6.025000 1.525000 5.400000
v 6.025000 1.325000 5.450000
v 6.025000 1.275000 5.500000
v 6.025000 1.325000 5.500000
v 6.025000 1.425000 5.450000
v 6.025000 1.175000 5.550000
v 6.025000 1.275000 5.550000
v 6.025000 1.075000 5.600000
v 6.025000 1.175000 5.600000
v 6.025000 0.975000 5.650000
v 6.025000 0.925000 5.700000
v 6.025000 0.975000 5.700000
v 6.025000 1.075000 5.650000
v 6.025000 0.825000 5.750000
v 6.025000 0.925000 5.750000
v 6.025000 0.725000 5.800000
v 6.025000 0.825000 5.800000
v 6.025000 0.625000 5.850000
v 6.025000 0.575000 5.900000
v 6.025000 0.625000 5.900000
v 6.025000 0.725000 5.850000
v 6.025000 0.475000 5.950000
v 6.025000 0.575000 5.950000
v 6.025000 0.375000 6.000000
v 6.025000 0.325000 6.050000
v 6.025000 0.375000 6.050000
v 6.025000 0.475000 6.000000
v 6.025000 0.225000 6.100000
v 6.025000 0.325000 6.100000
v 6.025000 0.125000 6.150000
v 6.025000 0.225000 6.150000
v 6.025000 0.075000 6.150000
v 6.025000 0.025000 6.200000
v 6.025000 0.125000 6.200000
v 6.025000 0.025000 6.150000
v 6.025000 0.075000 6.100000
v 6.025000 -0.175000 6.150000
v 6.025000 -0.175000 6.200000
v 6.025000 -0.075000 6.200000
v 6.025000 -0.075000 6.100000
v 6.025000 -0.225000 6.100000
v 6.025000 -0.225000 6.150000
v 6.025000 -0.325000 6.050000
v 6.025000 -0.325000 6.100000
v 6.025000 3.475000 2.200000
v 6.025000 -0.425000 6.000000
v 6.025000 -0.425000 6.050000
v 6.025000 -0.525000 5.950000
v 6.025000 -0.525000 6.000000
v 6.025000 -0.575000 5.900000
v 6.025000 -0.575000 5.950000
v 6.025000 5.025000 3.350000
v 6.025000 -0.675000 5.850000
v 6.025000 -0.675000 5.900000
v 6.025000 -0.775000 5.800000
v 6.025000 -0.775000 5.850000
v 6.025000 0.375000 4.500000
v 6.025000 0.325000 4.550000
v 6.025000 0.275000 4.600000
v 6.025000 -0.875000 5.750000
v 6.025000 -0.875000 5.800000
v 6.025000 0.425000 4.400000
v 6.025000 0.325000 4.500000
v 6.025000 0.275000 4.550000
v 6.025000 0.175000 4.600000
v 6.025000 -0.925000 5.700000
v 6.025000 -0.925000 5.750000
v 6.025000 0.375000 4.400000
v 6.025000 0.475000 4.250000
v 6.025000 0.025000 4.700000
v 6.025000 0.425000 4.250000
v 6.025000 -0.075000 4.700000
v 6.025000 -1.025000 5.650000
v 6.025000 -1.025000 5.700000
v 6.025000 0.475000 4.150000
v 6.025000 -1.125000 5.600000
v 6.025000 -1.125000 5.650000
v 6.025000 -0.225000 4.650000
v 6.025000 -0.075000 4.650000
v 6.025000 0.425000 4.000000
v 6.025000 0.425000 4.150000
v 6.025000 -1.175000 5.550000
v 6.025000 -1.175000 5.600000
v 6.025000 -0.275000 4.600000
v 6.025000 -0.225000 4.600000
v 6.025000 0.375000 3.950000
v 6.025000 0.375000 4.000000
v 6.025000 -1.275000 5.500000
v 6.025000 -1.275000 5.550000
v 6.025000 0.325000 3.900000
v 6.025000 0.325000 3.950000
v 6.025000 -0.375000 4.500000
v 6.025000 -0.325000 4.500000
v 6.025000 0.275000 3.850000
v 6.025000 0.275000 3.900000
v 6.025000 -1.375000 5.450000
v 6.025000 -1.375000 5.500000
v 6.025000 -0.425000 4.450000
v 6.025000 -0.375000 4.450000
v 6.025000 0.225000 3.800000
v 6.025000 0.225000 3.850000
v 6.025000 -1.475000 5.400000
v 6.025000 -1.475000 5.450000
v 6.025000 -0.475000 4.350000
v 6.025000 -0.425000 4.350000
v 6.025000 0.125000 3.800000
v 6.025000 -1.525000 5.350000
v 6.025000 -1.525000 5.400000
v 6.025000 1.525000 2.200000
v 6.025000 -1.625000 5.300000
v 6.025000 -1.625000 5.350000
v 6.025000 -1.725000 5.250000
v 6.025000 -1.725000 5.300000
v 6.025000 -0.275000 3.800000
v 6.025000 -0.175000 3.800000
v 6.025000 -0.325000 3.850000
v 6.025000 -0.275000 3.850000
v 6.025000 -0.425000 3.950000
v 6.025000 -0.475000 4.050000
v 6.025000 -0.425000 4.050000
v 6.025000 -0.375000 3.900000
v 6.025000 -0.375000 3.950000
v 6.025000 -0.325000 3.900000
v 6.025000 -1.825000 5.200000
v 6.025000 -1.825000 5.250000
v 6.025000 -1.875000 5.150000
v 6.025000 -1.875000 5.200000
v 6.025000 -1.975000 5.100000
v 6.025000 -1.975000 5.150000
v 6.025000 -2.075000 5.050000
v 6.025000 -2.075000 5.100000
v 6.025000 -2.125000 5.000000
v 6.025000 -2.125000 5.050000
v 6.025000 -2.225000 4.950000
v 6.025000 -2.225000 5.000000
v 6.025000 -2.325000 4.900000
v 6.025000 -2.325000 4.950000
v 6.025000 -2.425000 4.850000
v 6.025000 -2.425000 4.900000
v 6.025000 -2.475000 4.800000
v 6.025000 -2.475000 4.850000
v 6.025000 -2.575000 4.750000
v 6.025000 -2.575000 4.800000
v 6.025000 -2.675000 4.700000
v 6.025000 -2.675000 4.750000
v 6.025000 -2.775000 4.650000
v 6.025000 -2.775000 4.700000
v 6.025000 -2.825000 4.600000
v 6.025000 -2.825000 4.650000
v 6.025000 -2.925000 4.550000
v 6.025000 -2.925000 4.600000
v 6.025000 -3.025000 4.500000
v 6.025000 -3.025000 4.550000
v 6.025000 -3.125000 4.450000
v 6.025000 -3.125000 4.500000
v 6.025000 -3.175000 4.400000
v 6.025000 -3.175000 4.450000
v 6.025000 -3.275000 4.350000
v 6.025000 -3.275000 4.400000
v 6.025000 -3.375000 4.300000
v 6.025000 -3.375000 4.350000
v 6.025000 -3.425000 4.250000
v 6.025000 -3.425000 4.300000
v 6.025000 -3.525000 4.200000
v 6.025000 -3.525000 4.250000
v 6.025000 -3.625000 4.150000
v 6.025000 -3.625000 4.200000
v 6.025000 -3.725000 4.100000
v 6.025000 -3.725000 4.150000
v 6.025000 -1.825000 2.200000
v 6.025000 -3.775000 4.050000
v 6.025000 -3.775000 4.100000
v 6.025000 -3.875000 4.000000
v 6.025000 -3.875000 4.050000
v 6.025000 -3.975000 3.950000
v 6.025000 -3.975000 4.000000
v 6.025000 -4.075000 3.900000
v 6.025000 -4.075000 3.950000
v 6.025000 -4.125000 3.850000
v 6.025000 -4.125000 3.900000
v 6.025000 -4.225000 3.800000
v 6.025000 -4.225000 3.850000
v 6.025000 -4.325000 3.750000
v 6.025000 -4.325000 3.800000
v 6.025000 -4.425000 3.700000
v 6.025000 -4.425000 3.750000
v 6.025000 -4.475000 3.650000
v 6.025000 -4.475000 3.700000
v 6.025000 -4.575000 3.600000
v 6.025000 -4.575000 3.650000
v 6.025000 -4.675000 3.550000
v 6.025000 -4.675000 3.600000
v 6.025000 -4.725000 3.500000
v 6.025000 -4.725000 3.550000
v 6.025000 -4.725000 3.400000
v 6.025000 -4.925000 3.400000
v 6.025000 -4.925000 3.450000
v 6.025000 -4.825000 3.450000
v 6.025000 -4.825000 3.400000
v 6.025000 -3.775000 2.200000
v 6.025000 -5.025000 3.350000
v 6.025000 -5.025000 3.400000
v -0.975000 -5.025000 0.250000
v 0.975000 -5.025000 0.250000
v -0.975000 -5.025000 2.550000
v -0.975000 -4.925000 2.550000
v -0.975000 -4.925000 0.250000
v 0.975000 -4.925000 0.250000
v 0.975000 -5.025000 2.550000
v 0.975000 -4.925000 2.550000
v -4.925000 5.025000 2.200000
v -4.925000 5.025000 1.050000
v -2.975000 5.025000 2.200000
v -2.975000 5.025000 1.050000
v -1.325000 5.025000 2.200000
v -1.325000 5.025000 1.050000
v 2.825000 5.025000 1.050000
v 0.625000 5.025000 2.200000
v 0.625000 5.025000 1.050000
v 2.825000 5.025000 2.200000
v 4.775000 5.025000 2.200000
v 4.775000 5.025000 1.050000
v 2.825000 4.875000 2.200000
v 2.825000 4.875000 1.050000
v 4.775000 4.875000 1.050000
v 4.775000 4.875000 2.200000
v -4.925000 4.875000 2.200000
v -4.925000 4.875000 1.050000
v -2.975000 4.875000 1.050000
v -2.975000 4.875000 2.200000
v -1.325000 4.875000 2.200000
v -1.325000 4.875000 1.050000
v 0.625000 4.875000 1.050000
v 0.625000 4.875000 2.200000
v -4.175000 -5.025000 2.350000
v -4.175000 -5.025000 1.200000
v -2.275000 -5.025000 1.200000
v -2.275000 -5.025000 2.350000
v 2.225000 -5.025000 1.050000
v 2.225000 -5.025000 2.200000
v 4.175000 -5.025000 1.050000
v 4.175000 -5.025000 2.200000
v 2.225000 -4.925000 2.200000
v 2.225000 -4.925000 1.050000
v 4.175000 -4.925000 1.050000
v 4.175000 -4.925000 2.200000
v -4.225000 -4.975000 1.800000
v -4.225000 -4.975000 2.350000
v -4.225000 -4.925000 2.350000
v -4.225000 -4.925000 1.800000
v -4.175000 -4.925000 1.800000
v -4.175000 -4.975000 1.800000
v -4.175000 -4.975000 2.350000
v -4.175000 -4.975000 1.400000
v -4.175000 -4.925000 1.400000
v -4.175000 -4.975000 1.200000
v -4.225000 -4.925000 1.200000
v -4.225000 -4.975000 1.200000
v -2.275000 -4.975000 1.200000
v -2.225000 -4.925000 1.200000
v -2.225000 -4.975000 1.200000
v -4.225000 -4.975000 1.400000
v -4.225000 -4.925000 1.400000
v -2.225000 -4.975000 2.350000
v -2.225000 -4.925000 2.350000
v -2.275000 -4.975000 2.350000
v -5.975000 0.125000 3.750000
v -5.925000 -0.175000 3.750000
v -5.925000 0.175000 3.750000
v -5.975000 0.175000 3.750000
v -5.975000 0.125000 3.800000
v -5.975000 0.175000 3.800000
v -5.925000 0.325000 3.950000
v -5.925000 0.275000 3.900000
v -5.925000 0.325000 3.900000
v -5.925000 0.225000 3.850000
v -5.925000 0.275000 3.850000
v -5.925000 0.175000 3.800000
v -5.925000 0.225000 3.800000
v -5.925000 0.375000 3.950000
v -5.925000 0.425000 4.300000
v -5.925000 0.475000 4.300000
v -5.925000 -0.175000 3.800000
v -5.925000 0.375000 4.400000
v -5.925000 0.425000 4.400000
v -5.925000 -0.275000 3.850000
v -5.925000 -0.275000 3.800000
v -5.925000 0.325000 4.500000
v -5.925000 0.375000 4.500000
v -5.925000 -0.325000 3.900000
v -5.925000 -0.325000 3.850000
v -5.925000 0.275000 4.550000
v -5.925000 0.325000 4.550000
v -5.925000 -0.375000 3.950000
v -5.925000 -0.375000 3.900000
v -5.925000 0.225000 4.600000
v -5.925000 0.275000 4.600000
v -5.925000 -0.425000 3.950000
v -5.925000 0.075000 4.650000
v -5.925000 0.225000 4.650000
v -5.925000 -0.075000 4.650000
v -5.925000 -0.075000 4.700000
v -5.925000 0.075000 4.700000
v -5.925000 -0.325000 4.500000
v -5.925000 -0.225000 4.600000
v -5.925000 -0.375000 4.450000
v -5.925000 -0.425000 4.400000
v -5.925000 -0.375000 4.500000
v -5.925000 -0.425000 4.450000
v -5.925000 -0.475000 4.400000
v -5.925000 -0.225000 4.650000
v -5.925000 -0.325000 4.600000
v -6.075000 -0.175000 3.800000
v -6.075000 -0.225000 3.800000
v -6.075000 -0.225000 3.700000
v -6.075000 -0.175000 3.700000
v -6.075000 0.225000 3.800000
v -6.075000 0.175000 3.800000
v -6.075000 0.175000 3.700000
v -6.075000 0.225000 3.700000
v -6.475000 -4.875000 3.450000
v -6.475000 -4.875000 3.400000
v -6.475000 -4.825000 3.450000
v -6.475000 -4.825000 3.400000
v -5.975000 -0.475000 4.400000
v -5.975000 -0.475000 4.350000
v -5.975000 -0.425000 4.400000
v -5.975000 -0.425000 4.350000
v 5.975000 -0.475000 4.350000
v 5.975000 -0.475000 4.400000
v 5.975000 -0.425000 4.350000
v 5.975000 -0.425000 4.400000
v -5.975000 0.475000 4.250000
v -5.975000 0.475000 4.300000
v -5.975000 0.425000 4.250000
v -5.975000 0.425000 4.300000
v 5.975000 0.475000 4.250000
v 5.975000 0.475000 4.300000
v 5.975000 0.425000 4.300000
v 5.975000 0.425000 4.250000
v -5.975000 -0.275000 4.550000
v -5.975000 -0.325000 4.550000
v -5.975000 -0.325000 4.600000
v -5.975000 -0.275000 4.600000
v 5.925000 -0.275000 4.550000
v 5.925000 -0.325000 4.550000
v 5.925000 -0.325000 4.600000
v 5.925000 -0.275000 4.600000
v -5.975000 0.225000 4.600000
v -5.975000 0.175000 4.600000
v -5.975000 0.175000 4.650000
v -5.975000 0.225000 4.650000
v -6.075000 -0.075000 4.650000
v -6.075000 -0.125000 4.650000
v -6.075000 -0.125000 4.750000
v -6.075000 -0.075000 4.750000
v -5.975000 0.075000 4.650000
v -5.975000 0.025000 4.650000
v -6.075000 0.125000 4.650000
v -6.075000 0.075000 4.650000
v -5.975000 0.025000 4.700000
v -5.975000 0.075000 4.700000
v -6.075000 0.075000 4.750000
v -6.075000 0.125000 4.750000
v 6.475000 0.075000 6.200000
v 6.475000 0.025000 6.200000
v 6.475000 0.025000 6.150000
v 6.475000 0.075000 6.150000
f 1 2 3
f 1 3 4
f 5 6 3
f 7 3 2
f 8 3 7
f 8 5 3
f 9 10 11
f 9 11 12
f 11 13 14
f 15 11 10
f 16 13 11
f 16 11 15
f 17 18 19
f 17 19 20
f 21 19 18
f 21 18 22
f 23 24 25
f 23 25 26
f 27 25 24
f 27 24 28
f 29 30 31
f 29 31 32
f 33 32 31
f 33 34 32
f 35 36 37
f 35 37 38
f 39 40 41
f 35 39 41
f 38 42 39
f 38 39 35
f 43 44 45
f 43 45 46
f 47 48 49
f 47 50 43
f 46 47 43
f 46 48 47
f 51 52 53
f 51 53 54
f 55 56 57
f 55 57 51
f 54 58 55
f 54 55 51
f 59 60 61
f 59 61 62
f 63 60 59
f 63 64 60
f 65 66 67
f 68 65 67
f 69 70 65
f 71 65 68
f 71 69 65
f 72 69 71
f 72 73 69
f 74 75 72
f 76 72 71
f 76 74 72
f 76 71 77
f 78 74 76
f 78 76 79
f 80 81 74
f 82 74 78
f 82 80 74
f 82 78 83
f 84 85 80
f 86 80 82
f 86 84 80
f 86 82 87
f 88 89 84
f 90 84 86
f 90 88 84
f 90 86 91
f 92 93 88
f 92 88 90
f 94 92 90
f 94 90 95
f 96 97 92
f 96 92 94
f 98 94 99
f 98 96 94
f 100 101 102
f 100 102 96
f 103 98 104
f 103 96 98
f 103 100 96
f 105 106 100
f 107 108 105
f 109 103 110
f 109 100 103
f 109 105 100
f 109 107 105
f 111 107 109
f 111 109 112
f 113 114 107
f 115 107 111
f 115 113 107
f 115 111 116
f 117 118 113
f 119 113 115
f 119 117 113
f 119 115 120
f 121 117 119
f 121 122 117
f 123 121 119
f 123 119 124
f 125 126 121
f 125 121 123
f 127 125 123
f 127 123 128
f 129 130 125
f 131 125 127
f 131 129 125
f 131 127 132
f 133 134 129
f 135 129 131
f 135 133 129
f 135 131 136
f 137 138 133
f 137 133 135
f 139 137 135
f 139 135 140
f 141 142 137
f 143 137 139
f 143 141 137
f 143 139 144
f 145 146 141
f 147 141 143
f 147 145 141
f 147 143 148
f 149 150 145
f 151 145 147
f 151 149 145
f 151 147 152
f 153 154 149
f 153 149 151
f 155 153 151
f 155 151 156
f 157 158 153
f 159 153 155
f 159 157 153
f 159 155 160
f 161 162 157
f 163 159 164
f 163 157 159
f 163 161 157
f 165 166 161
f 167 163 168
f 167 161 163
f 167 165 161
f 169 170 165
f 169 165 167
f 171 167 172
f 171 169 167
f 173 174 169
f 173 169 171
f 175 171 176
f 175 173 171
f 177 178 173
f 179 175 180
f 179 173 175
f 179 177 173
f 181 177 179
f 181 182 177
f 183 179 184
f 183 181 179
f 185 181 183
f 185 186 181
f 187 183 188
f 187 185 183
f 189 190 185
f 191 187 192
f 191 185 187
f 191 189 185
f 193 194 189
f 195 191 196
f 195 189 191
f 195 193 189
f 197 193 195
f 197 198 193
f 199 195 200
f 199 197 195
f 201 202 197
f 203 199 204
f 203 197 199
f 203 201 197
f 205 206 201
f 207 203 208
f 207 201 203
f 207 205 201
f 209 210 205
f 211 209 205
f 211 207 212
f 211 205 207
f 213 209 211
f 213 214 209
f 215 213 211
f 215 211 216
f 217 218 213
f 219 217 213
f 219 215 220
f 219 213 215
f 221 222 217
f 223 221 217
f 223 219 224
f 223 217 219
f 225 221 223
f 225 226 221
f 227 223 228
f 227 225 223
f 229 225 227
f 229 230 225
f 231 227 232
f 231 229 227
f 233 234 229
f 235 231 236
f 235 229 231
f 235 233 229
f 237 238 233
f 239 235 240
f 239 233 235
f 239 237 233
f 241 237 239
f 241 242 237
f 243 239 244
f 243 241 239
f 245 246 241
f 245 241 243
f 247 243 248
f 247 245 243
f 249 250 245
f 249 245 247
f 251 247 252
f 251 249 247
f 253 254 249
f 255 251 256
f 255 249 251
f 255 253 249
f 257 258 253
f 257 253 255
f 259 255 260
f 259 257 255
f 261 262 257
f 263 257 259
f 263 261 257
f 263 259 264
f 265 266 261
f 267 265 261
f 267 263 268
f 267 261 263
f 269 265 267
f 269 270 265
f 271 269 267
f 271 267 272
f 273 269 271
f 273 274 269
f 275 273 271
f 275 271 276
f 277 278 273
f 279 273 275
f 279 277 273
f 279 275 280
f 281 282 277
f 283 277 279
f 283 281 277
f 283 279 284
f 285 286 281
f 285 281 283
f 287 285 283
f 287 283 288
f 289 290 285
f 289 285 287
f 291 289 287
f 291 287 292
f 293 294 289
f 293 289 291
f 295 291 296
f 295 293 291
f 297 298 293
f 297 293 295
f 299 295 300
f 299 297 295
f 301 302 297
f 301 297 299
f 303 299 304
f 303 301 299
f 305 306 301
f 305 301 303
f 307 303 308
f 307 305 303
f 5 309 305
f 310 307 311
f 310 305 307
f 310 5 305
f 312 313 6
f 312 6 5
f 314 312 5
f 314 310 315
f 314 5 310
f 316 317 318
f 316 319 320
f 321 312 314
f 321 314 322
f 323 324 317
f 325 326 323
f 327 328 325
f 329 330 327
f 331 332 329
f 333 312 321
f 333 320 312
f 333 321 334
f 335 320 333
f 336 337 331
f 338 333 334
f 339 340 336
f 341 316 320
f 341 320 335
f 342 317 316
f 342 323 317
f 342 316 341
f 343 344 339
f 345 335 333
f 346 347 343
f 348 341 335
f 349 342 341
f 350 323 342
f 351 327 325
f 351 325 323
f 351 323 350
f 352 353 354
f 352 355 346
f 356 350 342
f 357 327 351
f 358 329 327
f 358 327 357
f 359 360 353
f 361 351 350
f 362 329 358
f 362 331 329
f 362 336 331
f 363 364 359
f 365 358 357
f 366 357 351
f 367 368 369
f 367 370 363
f 371 362 358
f 372 336 362
f 373 343 339
f 374 375 368
f 376 336 372
f 376 339 336
f 376 373 339
f 377 372 362
f 378 379 374
f 380 376 372
f 381 373 376
f 382 343 373
f 382 352 346
f 382 346 343
f 383 384 385
f 383 386 378
f 387 352 382
f 388 382 373
f 389 390 384
f 391 387 382
f 392 352 387
f 392 353 352
f 393 359 353
f 393 363 359
f 393 353 392
f 394 395 396
f 394 397 389
f 398 392 387
f 399 393 392
f 400 363 393
f 401 402 395
f 403 368 367
f 404 400 393
f 405 367 363
f 405 363 400
f 405 403 367
f 406 378 374
f 406 368 403
f 406 374 368
f 407 408 401
f 409 405 400
f 410 403 405
f 411 412 413
f 411 414 407
f 415 406 403
f 416 378 406
f 417 416 406
f 418 383 378
f 418 378 416
f 419 384 383
f 419 389 384
f 419 383 418
f 420 421 412
f 422 423 420
f 424 418 416
f 425 419 418
f 426 389 419
f 427 428 429
f 427 430 422
f 431 426 419
f 432 394 389
f 432 389 426
f 433 434 428
f 435 432 426
f 436 401 395
f 437 394 432
f 437 436 395
f 437 395 394
f 438 407 401
f 438 411 407
f 438 401 436
f 439 437 432
f 440 436 437
f 441 442 433
f 443 438 436
f 444 411 438
f 445 446 447
f 445 448 441
f 449 411 444
f 449 412 411
f 450 420 412
f 450 422 420
f 450 412 449
f 451 444 438
f 452 453 446
f 454 449 444
f 455 456 457
f 455 458 452
f 459 450 449
f 460 422 450
f 461 433 428
f 461 428 427
f 462 463 456
f 464 460 450
f 465 461 427
f 465 427 422
f 465 422 460
f 466 467 462
f 468 465 460
f 469 461 465
f 470 433 461
f 471 441 433
f 471 433 470
f 472 473 474
f 472 475 466
f 476 470 461
f 477 478 473
f 479 441 471
f 479 445 441
f 480 471 470
f 481 445 479
f 481 446 445
f 482 483 477
f 484 479 471
f 485 481 479
f 486 446 481
f 486 452 446
f 486 455 452
f 487 488 489
f 487 490 482
f 491 486 481
f 492 455 486
f 493 494 488
f 495 492 486
f 496 462 456
f 497 455 492
f 497 496 456
f 497 456 455
f 498 496 497
f 499 466 462
f 499 462 496
f 500 501 493
f 502 497 492
f 503 499 496
f 504 505 506
f 504 507 500
f 508 472 466
f 508 466 499
f 509 472 508
f 509 473 472
f 510 511 505
f 512 509 508
f 513 477 473
f 513 473 509
f 514 508 499
f 515 516 517
f 515 518 510
f 519 513 509
f 520 477 513
f 520 482 477
f 521 522 523
f 521 524 516
f 525 488 487
f 526 520 513
f 527 482 520
f 527 487 482
f 527 525 487
f 528 522 521
f 529 527 520
f 530 525 527
f 531 488 525
f 531 500 493
f 531 493 488
f 532 533 534
f 532 535 528
f 536 500 531
f 537 531 525
f 538 539 533
f 540 500 536
f 540 504 500
f 541 536 531
f 542 510 505
f 542 504 540
f 542 505 504
f 543 544 538
f 545 540 536
f 546 542 540
f 547 510 542
f 548 549 543
f 550 551 548
f 552 547 542
f 553 515 510
f 553 510 547
f 554 555 550
f 556 553 547
f 557 515 553
f 557 516 515
f 558 521 516
f 558 516 557
f 559 557 553
f 560 558 557
f 561 528 521
f 561 521 558
f 562 561 558
f 563 532 528
f 563 528 561
f 564 538 533
f 564 533 532
f 564 532 563
f 565 563 561
f 566 564 563
f 567 538 564
f 568 567 564
f 569 538 567
f 569 543 538
f 570 569 567
f 571 548 543
f 571 550 548
f 571 543 569
f 572 571 569
f 573 550 571
f 573 554 550
f 523 574 524
f 575 574 523
f 522 575 523
f 521 523 524
f 97 576 577
f 97 577 93
f 97 93 92
f 102 97 96
f 102 576 97
f 313 578 579
f 313 579 6
f 319 578 313
f 320 313 312
f 320 319 313
f 571 580 581
f 571 581 573
f 582 583 584
f 585 586 582
f 587 588 585
f 589 590 587
f 591 592 589
f 593 594 591
f 595 596 593
f 597 584 598
f 597 598 599
f 600 601 595
f 602 582 584
f 602 584 597
f 603 597 599
f 604 582 602
f 605 602 597
f 606 607 608
f 606 609 600
f 610 585 582
f 610 582 604
f 611 612 607
f 613 604 602
f 614 587 585
f 614 585 610
f 615 610 604
f 616 589 587
f 616 591 589
f 616 587 614
f 617 614 610
f 618 619 620
f 618 621 611
f 622 623 619
f 624 591 616
f 625 616 614
f 626 593 591
f 626 591 624
f 627 628 622
f 629 593 626
f 629 595 593
f 630 626 624
f 631 624 616
f 632 600 595
f 632 595 629
f 633 634 635
f 633 636 627
f 637 629 626
f 638 632 629
f 639 640 634
f 641 600 632
f 641 606 600
f 642 606 641
f 642 607 606
f 643 632 638
f 644 645 639
f 646 607 642
f 646 611 607
f 647 642 641
f 648 641 632
f 649 650 644
f 651 611 646
f 651 618 611
f 652 653 649
f 654 646 642
f 655 627 622
f 655 622 619
f 656 657 652
f 658 655 619
f 658 619 618
f 658 618 651
f 659 651 646
f 660 661 656
f 662 627 655
f 663 658 651
f 664 655 658
f 665 634 633
f 666 667 660
f 668 669 666
f 670 662 655
f 671 633 627
f 671 627 662
f 671 665 633
f 672 673 668
f 674 639 634
f 674 634 665
f 675 665 671
f 676 671 662
f 677 678 679
f 677 680 672
f 681 644 639
f 681 639 674
f 682 674 665
f 683 684 678
f 685 652 649
f 686 644 681
f 686 649 644
f 686 685 649
f 687 681 674
f 688 689 683
f 690 656 652
f 690 652 685
f 691 686 681
f 692 685 686
f 693 694 695
f 693 696 688
f 697 690 685
f 698 656 690
f 698 660 656
f 699 700 694
f 701 660 698
f 701 666 660
f 702 698 690
f 703 666 701
f 703 668 666
f 704 705 699
f 706 668 703
f 706 672 668
f 707 703 701
f 708 701 698
f 709 710 704
f 711 712 709
f 713 677 672
f 713 672 706
f 714 706 703
f 715 677 713
f 715 678 677
f 716 717 711
f 718 683 678
f 718 688 683
f 718 678 715
f 719 713 706
f 720 721 716
f 722 718 715
f 723 715 713
f 724 688 718
f 725 694 693
f 726 693 688
f 726 688 724
f 726 725 693
f 727 728 729
f 727 730 720
f 731 724 718
f 732 725 726
f 733 734 728
f 735 726 724
f 736 694 725
f 736 699 694
f 737 704 699
f 737 699 736
f 738 739 740
f 738 741 733
f 742 736 725
f 743 704 737
f 743 709 704
f 744 709 743
f 744 711 709
f 745 746 739
f 747 737 736
f 748 711 744
f 748 716 711
f 749 750 745
f 751 744 743
f 752 743 737
f 753 754 755
f 753 756 749
f 757 720 716
f 757 716 748
f 758 748 744
f 759 760 754
f 761 728 727
f 762 757 748
f 763 727 720
f 763 720 757
f 763 761 727
f 764 733 728
f 764 738 733
f 764 728 761
f 765 766 759
f 767 763 757
f 768 761 763
f 769 770 771
f 769 772 765
f 773 738 764
f 774 764 761
f 775 776 770
f 777 745 739
f 778 773 764
f 779 739 738
f 779 738 773
f 779 777 739
f 780 781 782
f 780 783 775
f 784 749 745
f 784 753 749
f 784 745 777
f 785 779 773
f 786 777 779
f 787 788 781
f 789 754 753
f 789 759 754
f 790 753 784
f 790 789 753
f 791 784 777
f 792 793 787
f 794 790 784
f 795 789 790
f 796 759 789
f 797 798 799
f 797 800 792
f 801 759 796
f 801 765 759
f 802 796 789
f 803 765 801
f 803 769 765
f 804 805 798
f 806 769 803
f 806 770 769
f 807 801 796
f 808 809 804
f 810 775 770
f 810 780 775
f 810 770 806
f 811 806 803
f 812 803 801
f 813 814 815
f 813 816 808
f 817 810 806
f 818 780 810
f 819 787 781
f 820 780 818
f 820 819 781
f 820 781 780
f 821 818 810
f 822 792 787
f 822 797 792
f 822 787 819
f 823 819 820
f 824 820 818
f 825 822 819
f 826 804 798
f 826 798 797
f 827 826 797
f 827 797 822
f 828 829 830
f 828 830 814
f 831 804 826
f 832 827 822
f 833 826 827
f 834 804 831
f 834 808 804
f 835 831 826
f 836 828 814
f 836 808 834
f 836 814 813
f 836 813 808
f 836 834 837
f 838 839 828
f 840 834 831
f 841 836 837
f 842 828 836
f 842 838 828
f 843 838 842
f 843 844 838
f 845 843 842
f 845 842 846
f 847 848 843
f 847 843 845
f 849 847 845
f 849 845 850
f 851 852 847
f 853 847 849
f 853 851 847
f 853 849 854
f 855 856 851
f 857 855 851
f 857 851 853
f 857 853 858
f 859 860 855
f 861 859 855
f 861 855 857
f 861 857 862
f 863 859 861
f 863 864 859
f 865 863 861
f 865 861 866
f 867 868 863
f 867 863 865
f 869 867 865
f 869 865 870
f 871 872 867
f 873 867 869
f 873 871 867
f 873 869 874
f 875 876 871
f 877 871 873
f 877 875 871
f 877 873 878
f 879 880 875
f 879 875 877
f 881 879 877
f 881 877 882
f 883 884 879
f 885 881 886
f 885 883 879
f 885 879 881
f 887 888 883
f 889 885 890
f 889 887 883
f 889 883 885
f 891 887 889
f 891 892 887
f 893 889 894
f 893 891 889
f 895 891 893
f 895 896 891
f 897 893 898
f 897 895 893
f 899 900 895
f 901 897 902
f 901 895 897
f 901 899 895
f 903 899 901
f 903 904 899
f 905 906 903
f 907 901 908
f 907 905 903
f 907 903 901
f 909 907 910
f 909 905 907
f 911 905 909
f 911 912 905
f 913 909 914
f 913 911 909
f 915 916 911
f 917 913 918
f 917 911 913
f 917 915 911
f 919 915 917
f 919 920 915
f 921 917 922
f 921 919 917
f 923 924 919
f 923 919 921
f 925 921 926
f 925 923 921
f 927 928 923
f 929 925 930
f 929 923 925
f 929 927 923
f 931 932 927
f 933 927 929
f 933 929 934
f 933 931 927
f 935 931 933
f 935 936 931
f 937 935 933
f 937 933 938
f 939 935 937
f 939 940 935
f 941 939 937
f 941 937 942
f 943 944 939
f 945 939 941
f 945 941 946
f 945 943 939
f 947 948 943
f 949 945 950
f 949 943 945
f 949 947 943
f 951 947 949
f 951 952 947
f 953 949 954
f 953 951 949
f 955 956 951
f 957 953 958
f 957 951 953
f 957 955 951
f 959 960 955
f 961 957 962
f 961 955 957
f 961 959 955
f 963 959 961
f 963 964 959
f 965 966 963
f 967 961 968
f 967 963 961
f 967 965 963
f 969 967 970
f 969 965 967
f 971 972 965
f 971 965 969
f 973 969 974
f 973 971 969
f 975 976 971
f 977 973 978
f 977 971 973
f 977 975 971
f 979 980 975
f 979 975 977
f 981 982 979
f 983 979 977
f 983 981 979
f 983 977 984
f 985 983 986
f 985 981 983
f 987 988 981
f 989 981 985
f 989 987 981
f 989 985 990
f 991 992 987
f 993 987 989
f 993 991 987
f 993 989 994
f 995 991 993
f 995 996 991
f 997 995 993
f 997 993 998
f 999 1000 995
f 999 995 997
f 1001 999 997
f 1001 997 1002
f 1003 1004 999
f 1005 999 1001
f 1005 1003 999
f 1005 1001 1006
f 1007 1008 1003
f 1007 1003 1005
f 1009 1010 1007
f 1011 1007 1005
f 1011 1009 1007
f 1011 1005 1012
f 1013 1009 1011
f 1013 1011 1014
f 1015 1016 1009
f 1015 1009 1013
f 1017 1013 1018
f 1017 1015 1013
f 1019 1020 1015
f 1021 1017 1022
f 1021 1015 1017
f 1021 1019 1015
f 1023 1024 1019
f 1025 1026 1023
f 1027 1021 1028
f 1027 1023 1019
f 1027 1019 1021
f 1027 1025 1023
f 1029 1027 1030
f 1029 1025 1027
f 1031 1032 1025
f 1033 1025 1029
f 1033 1029 1034
f 1033 1031 1025
f 1035 1036 1031
f 1037 1031 1033
f 1037 1033 1038
f 1037 1035 1031
f 1039 1040 1035
f 1041 1042 1039
f 1043 1035 1037
f 1043 1039 1035
f 1043 1041 1039
f 1043 1037 1044
f 1045 1041 1043
f 1045 1043 1046
f 1047 1048 1041
f 1049 1047 1041
f 1049 1041 1045
f 1049 1045 1050
f 1051 1052 1047
f 1051 1047 1049
f 1053 1051 1049
f 1053 1049 1054
f 1055 1056 1051
f 1055 1051 1053
f 1057 1055 1053
f 1057 1053 1058
f 1059 1060 1055
f 1059 1055 1057
f 1061 1059 1057
f 1061 1057 1062
f 1063 1064 1059
f 63 1061 1065
f 1066 1063 1059
f 1066 1059 1061
f 1066 1061 63
f 1067 1068 1063
f 1067 1063 1066
f 1069 1070 1067
f 1071 1067 1066
f 1071 1069 1067
f 1071 1066 1072
f 1073 1069 1071
f 1073 1071 1074
f 1075 1076 1069
f 1077 1075 1069
f 1077 1069 1073
f 1077 1073 1078
f 1079 1080 1075
f 1081 1079 1075
f 1081 1075 1077
f 1081 1077 1082
f 580 1083 1079
f 1084 1081 1085
f 1084 580 1079
f 1084 1079 1081
f 1086 581 580
f 1086 1084 1087
f 1086 580 1084
f 1088 1086 1089
f 1088 581 1086
f 1065 1061 1062
f 1065 1062 1090
f 64 63 1065
f 64 1065 1090
f 637 626 630
f 1091 637 630
f 638 629 637
f 1092 638 637
f 1092 637 1091
f 842 836 841
f 1093 841 837
f 846 842 841
f 1094 841 1093
f 1094 846 841
f 68 598 584
f 68 584 71
f 569 1079 1083
f 569 1083 572
f 77 583 582
f 77 582 76
f 567 1075 1080
f 567 1080 570
f 79 586 585
f 79 585 78
f 564 1069 1076
f 564 1076 568
f 83 588 587
f 83 587 82
f 563 1067 1070
f 563 1070 566
f 87 590 589
f 87 589 86
f 561 1063 1068
f 561 1068 565
f 91 592 591
f 91 591 90
f 558 1059 1064
f 558 1064 562
f 95 594 593
f 95 593 94
f 1089 550 555
f 1089 1086 550
f 581 554 573
f 581 1088 554
f 557 1055 1060
f 557 1060 560
f 599 68 67
f 599 598 68
f 597 66 65
f 597 603 66
f 99 596 595
f 99 595 98
f 1087 548 551
f 1087 1084 548
f 602 70 69
f 602 605 70
f 553 1051 1056
f 553 1056 559
f 1085 543 549
f 1085 1081 543
f 604 73 72
f 604 613 73
f 1082 538 544
f 1082 1077 538
f 104 601 600
f 104 600 103
f 610 75 74
f 610 615 75
f 1078 533 539
f 1078 1073 533
f 1095 532 534
f 1095 1096 532
f 1097 1098 1099
f 1097 1100 1101
f 1102 1101 1103
f 1104 1102 1105
f 1106 1104 1107
f 1106 1102 1104
f 1108 1106 1109
f 1108 1109 1110
f 1111 1112 1113
f 1111 1113 1098
f 1111 1097 1101
f 1111 1098 1097
f 1114 1108 1115
f 1114 1101 1102
f 1114 1102 1106
f 1114 1106 1108
f 1116 1117 1111
f 1118 1114 1119
f 1120 1121 1116
f 1120 1111 1101
f 1120 1116 1111
f 1122 1118 1123
f 1124 1125 1120
f 1126 1118 1122
f 1126 1122 1127
f 1126 1101 1114
f 1126 1114 1118
f 1128 1129 1124
f 1128 1124 1120
f 14 1126 13
f 1130 1126 14
f 1131 14 1132
f 1131 1130 14
f 1133 1126 1130
f 1134 1101 1126
f 1134 1128 1120
f 1134 1126 1133
f 1134 1120 1101
f 1135 1128 1134
f 1136 1128 1135
f 1137 1133 1130
f 1138 1133 1137
f 1139 1134 1133
f 1140 1135 1134
f 1141 1136 1135
f 1142 1143 1128
f 1142 1128 1136
f 1144 1137 1130
f 1145 1146 1147
f 1145 1147 1112
f 1113 1148 1145
f 1113 1145 1112
f 1149 1145 1148
f 1149 1148 1150
f 1151 1152 1153
f 1154 1155 1156
f 1155 1152 1151
f 1155 1151 1156
f 1157 1153 1158
f 1159 1157 1160
f 1161 1157 1159
f 1162 1159 1163
f 1162 1161 1159
f 1164 1157 1161
f 1165 1166 1153
f 1165 1153 1157
f 1165 1157 1164
f 1167 1164 1168
f 1169 1167 1170
f 1169 1164 1167
f 1171 1169 1172
f 1173 1171 1174
f 1173 1164 1169
f 1173 1169 1171
f 1175 1173 1176
f 1175 1165 1164
f 1175 1164 1173
f 1177 1175 1178
f 1177 1165 1175
f 1179 1177 1180
f 1151 1153 1166
f 1151 1166 1181
f 1182 1179 1183
f 1182 1165 1177
f 1182 1177 1179
f 1184 1182 1185
f 1184 1165 1182
f 1186 1184 1187
f 1188 1186 1189
f 1188 1165 1184
f 1188 1184 1186
f 1190 1188 1191
f 1190 1165 1188
f 1192 1190 1193
f 1192 1165 1190
f 1194 1192 1195
f 1196 1192 1194
f 1196 1194 1197
f 1198 1165 1192
f 1198 1192 1196
f 1198 1196 1199
f 1200 1201 1165
f 1200 1198 1202
f 1200 1165 1198
f 1203 1200 1204
f 1205 1200 1203
f 1205 1203 1206
f 1207 1201 1200
f 1207 1200 1205
f 1207 1205 1208
f 1209 1201 1207
f 1209 1207 1210
f 1211 1181 1201
f 1211 1151 1181
f 1212 1209 1213
f 1214 1209 1212
f 1214 1212 1215
f 1216 1201 1209
f 1216 1209 1214
f 1216 1214 1217
f 1218 1216 1219
f 1220 1216 1218
f 1220 1218 1221
f 1222 1216 1220
f 1222 1220 1223
f 1224 1222 1225
f 1226 1224 1227
f 1228 1224 1226
f 1228 1226 1229
f 1230 1156 1231
f 1232 1228 1233
f 1234 1232 1235
f 1236 1234 1237
f 1238 1236 1239
f 1238 1234 1236
f 1240 1201 1216
f 1241 1211 1201
f 1241 1201 1240
f 1242 1211 1241
f 1243 1240 1244
f 1243 1241 1240
f 1245 1244 1240
f 1246 1241 1243
f 1247 58 1240
f 1247 1216 1222
f 1247 1222 1224
f 1247 1224 1228
f 1247 1228 1232
f 1247 1240 1216
f 1248 1238 1249
f 1250 1243 1244
f 1251 1246 1243
f 1252 1242 1253
f 1254 1244 1245
f 42 1247 1232
f 42 1232 1234
f 1255 1252 1253
f 1256 55 58
f 1256 58 1247
f 1257 1248 1258
f 33 42 1234
f 1259 39 42
f 1259 42 33
f 1260 1257 1261
f 34 1238 1248
f 34 1248 1257
f 34 33 1234
f 34 1234 1238
f 1262 1231 1211
f 1262 1211 1242
f 1262 1242 1252
f 1263 1259 33
f 1263 1264 1259
f 1265 1231 1262
f 1266 1262 1252
f 1267 34 1257
f 1267 1257 1260
f 1267 1260 1268
f 1269 1270 34
f 1271 1265 1272
f 1273 34 1267
f 1273 1267 1274
f 1275 34 1273
f 1275 1269 34
f 1275 1276 1269
f 1277 1231 1265
f 1277 1230 1231
f 1278 1265 1271
f 1278 1271 1279
f 1280 1273 1281
f 1282 1283 1275
f 1284 1278 1285
f 1284 1265 1278
f 1286 1287 1282
f 1288 1284 1289
f 1290 1275 1273
f 1290 1273 1280
f 1290 1280 1291
f 1292 1293 1286
f 1294 1284 1288
f 1294 1288 1295
f 1294 1265 1284
f 1294 1277 1265
f 1296 1286 1282
f 1296 1275 1290
f 1296 1282 1275
f 1296 1290 1297
f 1298 1292 1286
f 1298 1299 1292
f 1300 1286 1296
f 1300 1298 1286
f 1300 1296 1301
f 1302 1303 1304
f 1302 1304 1305
f 1306 1300 1307
f 1308 50 47
f 27 1308 1309
f 1310 1302 1305
f 1310 1311 1302
f 1312 1313 1314
f 1315 1316 1317
f 1315 1318 1312
f 1319 1314 1320
f 1321 1319 1322
f 28 50 1308
f 28 1308 27
f 1323 1306 1324
f 1323 1298 1300
f 1323 1300 1306
f 1325 1316 1315
f 1325 1312 1314
f 1325 1315 1312
f 1326 1323 1327
f 1326 1298 1323
f 1328 1326 1329
f 1328 1298 1326
f 1154 1230 1330
f 1154 1156 1230
f 1331 1328 1332
f 1333 1331 1334
f 1333 1298 1328
f 1333 1328 1331
f 1335 1298 1333
f 1335 1333 1336
f 1335 1305 1298
f 1337 1335 1338
f 1339 1337 1340
f 1341 1339 1342
f 1343 1335 1337
f 1343 1337 1339
f 1343 1339 1341
f 1343 1305 1335
f 1344 1341 8
f 1344 1343 1341
f 1345 1154 1330
f 1346 1310 1305
f 1346 1305 1343
f 7 1344 8
f 7 1347 1344
f 1348 1346 1349
f 1348 1350 1346
f 1351 1348 1349
f 1352 1350 1348
f 1353 1310 1346
f 1353 1346 1350
f 1354 1310 1353
f 1354 1321 1310
f 1355 1353 1350
f 1356 1354 1357
f 1356 1321 1354
f 1358 1354 1353
f 1359 1357 1354
f 1360 1356 1357
f 1361 1321 1356
f 1362 1361 1356
f 1363 1321 1361
f 1364 1321 1363
f 1364 1319 1321
f 1365 1363 1361
f 1366 1364 1363
f 1367 1319 1364
f 1367 1325 1314
f 1367 1314 1319
f 1368 1366 1363
f 1369 1364 1366
f 1370 1367 1364
f 1371 1367 1372
f 1371 1325 1367
f 1373 1372 1367
f 1374 1371 1372
f 1375 1325 1371
f 1376 1375 1371
f 1377 1325 1375
f 1378 1377 1379
f 1378 1325 1377
f 1380 1377 1375
f 1381 1379 1377
f 1382 1378 1379
f 1383 1325 1378
f 1384 1383 1378
f 1385 1325 1383
f 1386 1385 1383
f 1387 1385 1388
f 1387 28 1325
f 1387 1325 1385
f 1389 1388 1385
f 1390 1387 1388
f 1391 28 1387
f 1392 1391 1387
f 1393 28 1391
f 1393 1294 50
f 1393 50 28
f 1394 1393 1391
f 1395 1394 1391
f 1396 1393 1394
f 1397 1294 1393
f 1398 1397 1393
f 1399 1400 1397
f 1401 1277 1294
f 1401 1294 1397
f 1401 1397 1400
f 1401 1400 1402
f 1403 1402 1400
f 1404 1401 1402
f 1405 1277 1401
f 1406 1405 1401
f 1407 1277 1405
f 1407 1405 1408
f 1409 1408 1405
f 1410 1407 1408
f 1411 1410 1408
f 1412 1407 1410
f 1413 1277 1407
f 1414 1413 1407
f 1415 1416 1413
f 1417 1277 1413
f 1417 1413 1416
f 1417 1416 1418
f 1419 1418 1416
f 1420 1417 1418
f 1421 1422 1417
f 1423 1345 1277
f 1423 1422 1424
f 1423 1277 1417
f 1423 1417 1422
f 1425 1424 1422
f 1426 1345 1423
f 1427 1423 1424
f 1428 1426 1423
f 1429 1345 1426
f 1430 1429 1426
f 1431 1345 1429
f 1431 1429 1432
f 1433 1345 1431
f 1434 1432 1429
f 1435 1431 1432
f 1436 1433 1431
f 1437 1345 1433
f 1438 1437 1433
f 1439 1345 1437
f 1439 1437 1440
f 1441 1439 1440
f 1442 1345 1439
f 1443 1440 1437
f 1444 1442 1439
f 1445 1345 1442
f 1446 1345 1445
f 1446 1445 1447
f 1448 1345 1446
f 1449 1445 1442
f 1450 1447 1445
f 1451 1446 1447
f 1452 1448 1446
f 1453 1452 1446
f 1454 1455 1448
f 1454 1448 1452
f 1456 1455 1454
f 1457 1454 1452
f 1095 1154 1345
f 1095 1448 1458
f 1095 1345 1448
f 1095 1458 1459
f 1460 1458 1461
f 1460 1459 1458
f 1096 1095 1459
f 1151 1462 1463
f 1151 1463 1156
f 1464 1463 1462
f 1464 1462 1465
f 1166 1466 1467
f 1166 1467 1181
f 1468 1467 1466
f 1468 1466 1469
f 1230 1470 1471
f 1230 1471 1330
f 1472 1471 1470
f 1472 1470 1473
f 1474 1153 1152
f 1474 1475 1153
f 1476 1477 1478
f 1476 1478 1479
f 1479 1480 1481
f 1479 1481 1476
f 1482 1483 1484
f 1482 1484 1485
f 1485 1486 1487
f 1485 1487 1482
f 1488 1489 1475
f 1488 1475 1474
f 1490 1491 1492
f 1490 1493 1494
f 1495 1490 1494
f 1495 1491 1490
f 1496 1497 1498
f 1496 1499 1500
f 1501 1495 1494
f 1501 1496 1500
f 1501 1500 1502
f 1503 1497 1496
f 1503 1496 1501
f 1503 1504 1497
f 1505 1506 1503
f 1505 1503 1501
f 1507 1508 1505
f 1509 1510 1507
f 1511 1512 1509
f 1511 1509 1507
f 1513 1514 1511
f 1515 1516 1513
f 1517 1518 1515
f 1517 1515 1513
f 1519 1520 1517
f 1521 1522 1519
f 1523 1524 1521
f 1525 1523 1521
f 1525 1526 1523
f 1527 1525 1521
f 1527 1528 1525
f 1529 1530 1531
f 1529 1532 1527
f 1533 1530 1529
f 1533 1534 1530
f 1535 1533 1529
f 1535 1536 1533
f 1537 1538 1539
f 1537 1540 1535
f 1541 1538 1537
f 1541 1542 1538
f 1543 1541 1537
f 1543 1544 1545
f 1543 1546 1541
f 1547 1544 1543
f 1547 1548 1544
f 1549 1547 1543
f 1549 1550 1547
f 1551 1552 1553
f 1551 1554 1549
f 1555 1552 1551
f 1555 1556 1552
f 1557 1558 1555
f 1559 1560 1561
f 1559 1562 1557
f 1563 1560 1559
f 1563 1564 1560
f 1565 1566 1563
f 1567 1568 1569
f 1567 1570 1565
f 1571 1572 1568
f 1571 1568 1567
f 1573 1574 1575
f 1573 1576 1571
f 1577 1578 1574
f 1577 1574 1573
f 1579 1580 1577
f 1581 1582 1583
f 1581 1584 1579
f 1585 1586 1582
f 1585 1582 1581
f 1587 1588 1585
f 1589 1590 1591
f 1589 1592 1587
f 1593 1594 1590
f 1593 1590 1589
f 1595 1596 1597
f 1595 1598 1593
f 1599 1600 1596
f 1601 1602 1599
f 1603 1604 1605
f 1603 1605 1601
f 1606 1604 1603
f 1607 1596 1595
f 1607 1599 1596
f 1607 1601 1599
f 1607 1603 1601
f 1608 1609 1610
f 1608 1610 1611
f 1612 1613 1608
f 1612 1608 1611
f 1614 1615 1612
f 1614 1612 1611
f 1616 1501 1494
f 1616 1507 1505
f 1616 1505 1501
f 1616 1511 1507
f 1616 1513 1511
f 1616 1517 1513
f 1616 1519 1517
f 1616 1521 1519
f 1616 1529 1527
f 1616 1527 1521
f 1617 1618 1614
f 1617 1614 1611
f 1619 1620 1617
f 1621 1622 1619
f 1621 1619 1617
f 1475 1494 1623
f 1475 1616 1494
f 1624 1625 1621
f 1626 1627 1624
f 1628 1577 1573
f 1628 1579 1577
f 1629 1579 1628
f 1630 1585 1581
f 1630 1581 1579
f 1630 1579 1629
f 1631 1632 1626
f 16 1585 1630
f 16 1587 1585
f 16 1589 1587
f 1633 1628 1573
f 1633 1571 1567
f 1633 1573 1571
f 1634 1629 1628
f 1635 1630 1629
f 1636 16 1630
f 1637 1631 1626
f 1637 1638 1631
f 1639 1628 1633
f 1640 1563 1559
f 1640 1567 1565
f 1640 1565 1563
f 1640 1633 1567
f 1641 1593 1589
f 1641 1595 1593
f 1641 1607 1595
f 1641 1611 1607
f 1641 1589 16
f 1642 1633 1640
f 15 1641 16
f 1643 1611 1641
f 1643 1617 1611
f 1643 1624 1621
f 1643 1621 1617
f 1644 1645 1637
f 1646 1559 1557
f 1646 1551 1549
f 1646 1555 1551
f 1646 1557 1555
f 1646 1640 1559
f 1480 1616 1475
f 1647 1648 1644
f 1649 1624 1643
f 1649 1644 1637
f 1649 1626 1624
f 1649 1643 1650
f 1649 1637 1626
f 1651 1652 1646
f 1651 1646 1549
f 1653 1647 1644
f 1653 1654 1647
f 1655 1653 1644
f 1655 1644 1649
f 1655 1649 1656
f 1657 1658 1651
f 1659 1660 1653
f 22 1653 1655
f 22 1655 21
f 1661 1662 1657
f 1663 1653 22
f 1663 22 1664
f 1665 1666 1661
f 1667 1668 1659
f 1669 1653 1663
f 1669 1659 1653
f 1669 1667 1659
f 1669 1663 1670
f 1671 1672 1665
f 1673 1674 1667
f 1675 1669 1676
f 1146 1677 1671
f 1678 1667 1669
f 1678 1673 1667
f 1678 1669 1675
f 1678 1679 1673
f 1680 1671 1665
f 1680 1537 1535
f 1680 1543 1537
f 1680 1651 1549
f 1680 1549 1543
f 1680 1657 1651
f 1680 1529 1616
f 1680 1661 1657
f 1680 1665 1661
f 1680 1146 1671
f 1680 1535 1529
f 1681 1682 1678
f 1681 1678 1675
f 1147 1146 1680
f 1683 1684 1681
f 1683 1681 1675
f 1685 1686 1147
f 1687 1688 1685
f 1689 1690 1691
f 1692 1689 1693
f 1692 1694 1687
f 1695 1696 1683
f 1697 1695 1683
f 1697 1683 1675
f 1697 1698 1695
f 1699 1697 1675
f 1699 1700 1697
f 1701 1702 1699
f 1703 1699 1675
f 1703 1704 1701
f 1703 1701 1699
f 1703 1675 1690
f 1705 1703 1690
f 1705 1706 1703
f 1707 1708 1705
f 1481 1480 1475
f 1709 1710 1707
f 1711 1705 1690
f 1711 1709 1707
f 1711 1707 1705
f 1711 1712 1709
f 1713 1714 1711
f 1715 1716 1713
f 1717 1718 1715
f 1719 1715 1713
f 1719 1720 1717
f 1719 1717 1715
f 1721 1722 1719
f 1723 1724 1721
f 1725 1726 1723
f 1727 1728 1725
f 1727 1723 1721
f 1727 1725 1723
f 1729 1730 1727
f 1731 1732 1729
f 1733 1734 1731
f 1733 1731 1729
f 1733 1729 1727
f 1735 1736 1733
f 1737 1738 1735
f 1739 1740 1737
f 1741 1690 1689
f 1741 1685 1147
f 1741 1692 1687
f 1741 1687 1685
f 1741 1147 1680
f 1741 1689 1692
f 1741 1721 1719
f 1741 1711 1690
f 1741 1719 1713
f 1741 1713 1711
f 1741 1727 1721
f 1741 1733 1727
f 1742 1737 1735
f 1742 1739 1737
f 1742 1743 1739
f 1744 1745 1742
f 1746 1747 1744
f 1748 1749 1746
f 1750 1751 1748
f 1750 1748 1746
f 1752 1753 1750
f 1754 1755 1752
f 1756 1757 1754
f 1486 1680 1481
f 1486 1741 1680
f 1758 1759 1756
f 1758 1756 1754
f 1760 1761 1758
f 1762 1763 1760
f 1764 1765 1762
f 1766 1760 1758
f 1766 1762 1760
f 1766 1764 1762
f 1767 1768 1769
f 1767 1769 1770
f 1771 1735 1733
f 1771 1733 1741
f 1771 1744 1742
f 1771 1746 1744
f 1771 1750 1746
f 1771 1752 1750
f 1771 1754 1752
f 1771 1758 1754
f 1771 1766 1758
f 1771 1742 1735
f 1772 1773 1767
f 1772 1770 1766
f 1772 1766 1771
f 1772 1767 1770
f 1489 1487 1486
f 1489 1771 1487
f 1489 1772 1771
f 1475 1489 1486
f 1475 1486 1481
f 1463 1231 1156
f 1463 1464 1231
f 1774 1155 1154
f 1489 1488 1775
f 1488 1155 1774
f 1488 1774 1775
f 1774 1776 1777
f 1774 1777 1778
f 1778 1779 1775
f 1778 1775 1774
f 1780 1775 1779
f 1780 1779 1781
f 1153 1782 1158
f 1783 1782 1153
f 1784 1158 1782
f 1785 1783 1153
f 1786 1158 1784
f 1787 1784 1785
f 1787 1786 1784
f 1787 1785 1153
f 1788 1789 1790
f 1788 1791 1789
f 1623 1791 1792
f 1623 1789 1791
f 1475 1793 1788
f 1475 1792 1793
f 1475 1788 1790
f 1475 1623 1792
f 1153 1475 1790
f 1153 1790 1787
f 1623 1158 1786
f 1623 1786 1789
f 1788 1794 1791
f 1795 1794 1788
f 1788 1793 1796
f 1788 1796 1795
f 1792 1796 1793
f 1797 1796 1792
f 1783 1798 1782
f 1799 1798 1783
f 1783 1785 1800
f 1783 1800 1799
f 1801 1800 1785
f 1801 1785 1784
f 1787 1802 1786
f 1803 1802 1787
f 1787 1790 1804
f 1787 1804 1803
f 1805 1804 1790
f 1805 1790 1789
f 1482 1771 1483
f 1487 1771 1482
f 1467 1201 1181
f 1467 1468 1201
f 1481 1477 1476
f 1481 1680 1477
f 1800 1798 1799
f 1800 1801 1798
f 1804 1802 1803
f 1804 1805 1802
f 1796 1794 1795
f 1796 1797 1794
f 1471 1345 1330
f 1471 1472 1345
f 1806 1154 1095
f 1806 1807 1154
f 1774 1807 1808
f 1774 1154 1807
f 1809 1806 1095
f 1776 1808 1809
f 1776 1809 1095
f 1776 1774 1808
f 1780 1810 1775
f 1811 1810 1780
f 1812 1775 1810
f 1489 1775 1812
f 1813 1489 1812
f 1772 1813 1811
f 1772 1811 1780
f 1772 1489 1813
f 1095 1772 1780
f 1095 1780 1776
f 1810 1811 1814
f 1810 1814 1815
f 1815 1816 1812
f 1815 1812 1810
f 1813 1812 1816
f 1813 1816 1817
f 1818 1819 1820
f 1818 1820 1821
f 1821 1822 1823
f 1821 1823 1818
f 1823 1806 1824
f 1825 1823 1822
f 1825 1822 1826
f 1807 1825 1827
f 1807 1806 1823
f 1807 1823 1825
f 1828 1829 1827
f 1808 1827 1807
f 1830 1827 1808
f 1831 1830 1832
f 1831 1828 1827
f 1831 1827 1830
f 1829 1833 1834
f 1829 1834 1828
f 1835 1832 1831
f 1835 1831 1836
f 1809 1808 1830
f 1809 1830 1837
f 1827 1833 1829
f 1827 1825 1833
f 1832 1837 1830
f 1832 1835 1837
f 1823 1819 1818
f 1823 1824 1819
f 1781 1778 1777
f 1781 1779 1778
f 1465 1151 1211
f 1465 1462 1151
f 1817 1815 1814
f 1817 1816 1815
f 1484 1486 1485
f 1741 1486 1484
f 1469 1166 1165
f 1469 1466 1166
f 1478 1480 1479
f 1616 1480 1478
f 1826 1828 1834
f 1820 1822 1821
f 1831 1826 1822
f 1831 1828 1826
f 1836 1822 1820
f 1836 1831 1822
f 1473 1230 1277
f 1473 1470 1230
f 1838 1839 1266
f 1840 1839 1838
f 1841 1840 1838
f 1252 1838 1266
f 1838 1842 1843
f 1838 1843 1841
f 1844 1845 1846
f 1847 1848 1845
f 1849 1850 1847
f 57 1844 1851
f 41 57 56
f 41 1844 57
f 1852 41 40
f 1852 40 1853
f 1854 1839 1840
f 1854 1840 1849
f 1854 1847 1845
f 1854 1849 1847
f 1855 1852 1856
f 1855 1845 1844
f 1855 1844 41
f 1855 41 1852
f 1857 1858 1854
f 1859 1855 1860
f 1861 1862 1857
f 1861 1854 1845
f 1861 1857 1854
f 1863 1859 1864
f 1863 1855 1859
f 1865 1866 1861
f 1867 1863 1868
f 48 1865 1861
f 48 1869 1865
f 1870 1855 1863
f 1870 1863 1867
f 1870 1867 1871
f 1872 1855 1870
f 1873 1872 1870
f 1873 1870 1874
f 1875 1855 1872
f 1875 1872 1876
f 1875 1845 1855
f 1875 1861 1845
f 1875 48 1861
f 1877 48 1875
f 1878 48 1877
f 1879 1877 1875
f 1880 1878 1877
f 1881 49 48
f 1881 48 1878
f 1882 1876 1872
f 1883 1875 1876
f 1272 1884 1885
f 1858 1272 1271
f 1854 1272 1858
f 1854 1884 1272
f 1885 1886 1887
f 1885 1887 1884
f 1111 1686 1685
f 1111 1685 1117
f 1843 1255 1842
f 1843 1253 1255
f 1246 1888 1889
f 1246 1889 1253
f 1246 1253 1843
f 1850 1843 1849
f 1850 1246 1843
f 1889 1890 1891
f 1889 1891 1888
f 1150 1149 1677
f 1150 1099 1098
f 1671 1099 1150
f 1671 1150 1677
f 1074 1773 1772
f 1074 1071 1773
f 1459 528 535
f 1459 1460 528
f 1072 1768 1767
f 1072 1066 1768
f 1448 524 574
f 1448 1455 524
f 1090 1764 1766
f 1090 1062 1764
f 1161 93 577
f 1161 1162 93
f 547 1047 1052
f 547 1052 556
f 1091 1491 1495
f 1091 630 1491
f 1279 1857 1862
f 1279 1862 1278
f 1116 1688 1687
f 1116 1687 1121
f 1243 1848 1847
f 1243 1847 1251
f 1100 1665 1672
f 1100 1672 1097
f 614 81 80
f 614 617 81
f 1160 85 84
f 1160 1157 85
f 616 1494 1493
f 616 625 1494
f 584 77 71
f 584 583 77
f 110 609 606
f 110 606 109
f 1083 571 572
f 1083 580 571
f 1892 575 522
f 1892 1893 575
f 1893 1892 1894
f 1893 1894 1895
f 1461 1895 1894
f 1461 1458 1895
f 62 1770 1769
f 62 61 1770
f 1168 576 102
f 1168 1164 576
f 638 1501 1502
f 638 1092 1501
f 1163 89 88
f 1163 1159 89
f 624 1490 1492
f 624 631 1490
f 582 79 76
f 582 586 79
f 1455 516 524
f 1455 1456 516
f 1062 1765 1764
f 1062 1057 1765
f 542 1041 1048
f 542 1048 552
f 1285 1861 1866
f 1285 1866 1284
f 1120 1694 1692
f 1120 1692 1125
f 1244 1846 1845
f 1244 1845 1250
f 1103 1661 1666
f 1103 1666 1101
f 1080 569 570
f 1080 1079 569
f 585 83 78
f 585 588 83
f 1454 515 517
f 1454 1457 515
f 1058 1763 1762
f 1058 1053 1763
f 112 608 607
f 112 607 111
f 1076 567 568
f 1076 1075 567
f 587 87 82
f 587 590 87
f 1452 510 518
f 1452 1453 510
f 1054 1761 1760
f 1054 1049 1761
f 540 1039 1042
f 540 1042 546
f 1289 1865 1869
f 1289 1869 1288
f 1124 1693 1689
f 1124 1689 1129
f 1245 1851 1844
f 1245 1844 1254
f 1105 1657 1662
f 1105 1662 1102
f 1070 564 566
f 1070 1069 564
f 1170 101 100
f 1170 1167 101
f 632 1500 1499
f 632 643 1500
f 589 91 86
f 589 592 91
f 1446 505 511
f 1446 1451 505
f 1050 1759 1758
f 1050 1045 1759
f 116 612 611
f 116 611 115
f 1474 1152 1155
f 1474 1155 1488
f 1826 1834 1833
f 1826 1833 1825
f 1817 1814 1811
f 1817 1811 1813
f 1741 1484 1483
f 1741 1483 1771
f 1465 1211 1231
f 1465 1231 1464
f 1469 1165 1201
f 1469 1201 1468
f 1616 1478 1477
f 1616 1477 1680
f 1784 1782 1798
f 1784 1798 1801
f 1789 1786 1802
f 1789 1802 1805
f 1792 1791 1794
f 1792 1794 1797
f 1820 1819 1824
f 1809 1824 1806
f 1837 1824 1809
f 1836 1837 1835
f 1836 1820 1824
f 1836 1824 1837
f 1473 1277 1345
f 1473 1345 1472
f 1781 1777 1776
f 1781 1776 1780
f 1068 563 565
f 1068 1067 563
f 1172 106 105
f 1172 1169 106
f 641 1496 1498
f 641 648 1496
f 591 95 90
f 591 594 95
f 1447 504 506
f 1447 1450 504
f 1046 1757 1756
f 1046 1043 1757
f 1266 1884 1887
f 1262 1266 1887
f 1854 1884 1266
f 1839 1854 1266
f 1241 1888 1891
f 1241 1246 1888
f 536 1035 1040
f 536 1040 545
f 1107 1651 1658
f 1107 1658 1104
f 1089 555 554
f 1089 554 1088
f 593 99 94
f 593 596 99
f 1064 561 562
f 1064 1063 561
f 1445 500 507
f 1445 1449 500
f 1174 108 107
f 1174 1171 108
f 1044 1755 1754
f 1044 1037 1755
f 642 1497 1504
f 642 647 1497
f 1147 1111 1112
f 1147 1686 1111
f 120 621 618
f 120 618 119
f 599 67 66
f 599 66 603
f 1060 558 560
f 1060 1059 558
f 1272 1886 1885
f 1272 1265 1886
f 1253 1890 1889
f 1253 1242 1890
f 1176 114 113
f 1176 1173 114
f 595 104 98
f 595 601 104
f 646 1503 1506
f 646 654 1503
f 1442 493 501
f 1442 1444 493
f 1038 1753 1752
f 1038 1033 1753
f 1858 1279 1271
f 1858 1857 1279
f 1685 1116 1117
f 1685 1688 1116
f 531 1031 1036
f 531 1036 541
f 1128 1691 1690
f 1128 1690 1143
f 1087 551 550
f 1087 550 1086
f 1056 557 559
f 1056 1055 557
f 1842 1252 1255
f 1842 1838 1252
f 1677 1145 1149
f 1677 1146 1145
f 1849 1841 1843
f 1849 1840 1841
f 1150 1113 1098
f 1150 1148 1113
f 1178 118 117
f 1178 1175 118
f 651 1505 1508
f 651 659 1505
f 600 110 103
f 600 609 110
f 1439 488 494
f 1439 1441 488
f 1034 1751 1750
f 1034 1029 1751
f 1862 1285 1278
f 1862 1861 1285
f 1687 1120 1121
f 1687 1694 1120
f 124 620 619
f 124 619 123
f 597 65 70
f 597 70 605
f 1052 553 556
f 1052 1051 553
f 1847 1246 1251
f 1847 1850 1246
f 1672 1099 1097
f 1672 1671 1099
f 1180 122 121
f 1180 1177 122
f 658 1507 1510
f 658 663 1507
f 606 112 109
f 606 608 112
f 1440 487 489
f 1440 1443 487
f 1030 1749 1748
f 1030 1027 1749
f 1866 1289 1284
f 1866 1865 1289
f 1692 1124 1125
f 1692 1693 1124
f 525 1025 1032
f 525 1032 537
f 1085 549 548
f 1085 548 1084
f 1048 547 552
f 1048 1047 547
f 1845 1243 1250
f 1845 1848 1243
f 1666 1100 1101
f 1666 1665 1100
f 1183 126 125
f 1183 1179 126
f 655 1509 1512
f 655 664 1509
f 607 116 111
f 607 612 116
f 1437 482 490
f 1437 1438 482
f 1028 1747 1746
f 1028 1021 1747
f 1295 46 45
f 48 46 1295
f 1869 1295 1288
f 1869 48 1295
f 1689 1128 1129
f 1689 1691 1128
f 1240 54 53
f 1240 58 54
f 128 623 622
f 128 622 127
f 602 69 73
f 602 73 613
f 1042 542 546
f 1042 1041 542
f 1844 1244 1254
f 1844 1846 1244
f 1662 1103 1102
f 1662 1661 1103
f 1185 130 129
f 1185 1182 130
f 662 1511 1514
f 662 670 1511
f 611 120 115
f 611 621 120
f 1433 477 483
f 1433 1436 477
f 1022 1745 1744
f 1022 1017 1745
f 527 1023 1026
f 527 1026 530
f 1109 1646 1652
f 1109 1652 1106
f 1082 544 543
f 1082 543 1081
f 1040 540 545
f 1040 1039 540
f 1245 52 51
f 57 1851 1245
f 57 1245 51
f 1658 1105 1104
f 1658 1657 1105
f 1187 134 133
f 1187 1184 134
f 671 1513 1516
f 671 676 1513
f 618 124 119
f 618 620 124
f 1431 473 478
f 1431 1435 473
f 1018 1743 1742
f 1018 1013 1743
f 1881 1896 1897
f 47 1897 1308
f 49 1897 47
f 49 1881 1897
f 1897 1896 1898
f 1897 1898 1899
f 1900 1901 1142
f 1143 1900 1142
f 1690 1675 1900
f 1690 1900 1143
f 1901 1900 1902
f 1901 1902 1903
f 132 628 627
f 132 627 131
f 604 72 75
f 604 75 615
f 1036 536 541
f 1036 1035 536
f 50 44 43
f 50 1294 44
f 1256 35 36
f 41 35 1256
f 56 1256 55
f 56 41 1256
f 1652 1107 1106
f 1652 1651 1107
f 1189 138 137
f 1189 1186 138
f 665 1515 1518
f 665 675 1515
f 619 128 123
f 619 623 128
f 1432 472 474
f 1432 1434 472
f 1014 1740 1739
f 1014 1011 1740
f 1247 38 37
f 1247 42 38
f 520 1019 1024
f 520 1024 529
f 1078 539 538
f 1078 538 1077
f 1032 531 537
f 1032 1031 531
f 1191 142 141
f 1191 1188 142
f 674 1517 1520
f 674 682 1517
f 622 132 127
f 622 628 132
f 1429 466 475
f 1429 1430 466
f 1012 1738 1737
f 1012 1005 1738
f 610 74 81
f 610 81 617
f 136 636 633
f 136 633 135
f 1026 525 530
f 1026 1025 525
f 1193 146 145
f 1193 1190 146
f 681 1519 1522
f 681 687 1519
f 627 136 131
f 627 636 136
f 1426 462 467
f 1426 1428 462
f 1006 1736 1735
f 1006 1001 1736
f 1095 534 533
f 1073 1772 1095
f 1073 1095 533
f 1074 1772 1073
f 513 1015 1020
f 513 1020 526
f 1024 527 529
f 1024 1023 527
f 1904 39 1259
f 1904 40 39
f 1853 1904 1905
f 1853 40 1904
f 1906 1907 1905
f 1906 1905 1904
f 1908 1109 1110
f 1908 1646 1109
f 1640 1646 1908
f 1909 1908 1110
f 1910 1911 1908
f 1910 1908 1909
f 1195 150 149
f 1195 1192 150
f 686 1521 1524
f 686 691 1521
f 633 140 135
f 633 635 140
f 1423 456 463
f 1423 1427 456
f 1002 1734 1733
f 1002 997 1734
f 1158 80 85
f 1158 85 1157
f 625 1623 1494
f 614 1623 625
f 614 80 1623
f 1623 80 1158
f 1459 535 532
f 1459 532 1096
f 1072 1767 1773
f 1072 1773 1071
f 1895 575 1893
f 574 575 1895
f 1448 1895 1458
f 1448 574 1895
f 61 1766 1770
f 64 61 60
f 1090 1766 61
f 1090 61 64
f 140 635 634
f 140 634 139
f 1161 577 576
f 1161 576 1164
f 1091 1495 1501
f 1091 1501 1092
f 1160 84 89
f 1160 89 1159
f 616 1493 1490
f 616 1490 631
f 1892 522 528
f 1460 1892 528
f 1461 1894 1892
f 1461 1892 1460
f 59 1769 1768
f 1066 59 1768
f 62 1769 59
f 63 59 1066
f 1163 88 93
f 1163 93 1162
f 624 1492 1491
f 624 1491 630
f 1454 517 516
f 1454 516 1456
f 1058 1762 1765
f 1058 1765 1057
f 1168 102 101
f 1168 101 1167
f 638 1502 1500
f 638 1500 643
f 1452 518 515
f 1452 515 1457
f 1054 1760 1763
f 1054 1763 1053
f 1170 100 106
f 1170 106 1169
f 632 1499 1496
f 632 1496 648
f 1446 511 510
f 1446 510 1453
f 1050 1758 1761
f 1050 1761 1049
f 1172 105 108
f 1172 108 1171
f 641 1498 1497
f 641 1497 647
f 1447 506 505
f 1447 505 1451
f 1046 1756 1759
f 1046 1759 1045
f 1262 1887 1886
f 1262 1886 1265
f 1241 1891 1890
f 1241 1890 1242
f 1174 107 114
f 1174 114 1173
f 642 1504 1503
f 642 1503 654
f 1445 507 504
f 1445 504 1450
f 1044 1754 1757
f 1044 1757 1043
f 1176 113 118
f 1176 118 1175
f 646 1506 1505
f 646 1505 659
f 1442 501 500
f 1442 500 1449
f 1038 1752 1755
f 1038 1755 1037
f 1178 117 122
f 1178 122 1177
f 651 1508 1507
f 651 1507 663
f 1439 494 493
f 1439 493 1444
f 1020 520 526
f 1020 1019 520
f 1034 1750 1753
f 1034 1753 1033
f 1197 154 153
f 1197 1194 154
f 1180 121 126
f 1180 126 1179
f 685 1523 1526
f 685 692 1523
f 658 1510 1509
f 658 1509 664
f 1440 489 488
f 1440 488 1441
f 1030 1748 1751
f 1030 1751 1029
f 1183 125 130
f 1183 130 1182
f 655 1512 1511
f 655 1511 670
f 1437 490 487
f 1437 487 1443
f 1028 1746 1749
f 1028 1749 1027
f 1240 53 52
f 1240 52 1245
f 1185 129 134
f 1185 134 1184
f 634 144 139
f 634 640 144
f 662 1514 1513
f 662 1513 676
f 1424 455 457
f 1424 1425 455
f 1433 483 482
f 1433 482 1438
f 998 1732 1731
f 998 993 1732
f 1022 1744 1747
f 1022 1747 1021
f 1295 45 44
f 1295 44 1294
f 1187 133 138
f 1187 138 1186
f 671 1516 1515
f 671 1515 675
f 1431 478 477
f 1431 477 1436
f 1018 1742 1745
f 1018 1745 1017
f 1189 137 142
f 1189 142 1188
f 665 1518 1517
f 665 1517 682
f 1432 474 473
f 1432 473 1435
f 1014 1739 1743
f 1014 1743 1013
f 1247 37 36
f 1247 36 1256
f 1191 141 146
f 1191 146 1190
f 674 1520 1519
f 674 1519 687
f 1429 475 472
f 1429 472 1434
f 1012 1737 1740
f 1012 1740 1011
f 1193 145 150
f 1193 150 1192
f 681 1522 1521
f 681 1521 691
f 1426 467 466
f 1426 466 1430
f 1006 1735 1738
f 1006 1738 1005
f 1195 149 154
f 1195 154 1194
f 686 1524 1523
f 686 1523 692
f 1423 463 462
f 1423 462 1428
f 1002 1733 1736
f 1002 1736 1001
f 1904 1259 1264
f 1904 1264 1906
f 1640 1908 1911
f 1640 1911 1642
f 1197 153 158
f 1197 158 1196
f 685 1526 1525
f 685 1525 697
f 1424 457 456
f 1424 456 1427
f 998 1731 1734
f 998 1734 997
f 33 31 30
f 33 30 1263
f 1853 1905 1907
f 1853 1907 1852
f 1909 1110 1108
f 1909 1108 1910
f 1199 157 162
f 1199 162 1198
f 690 1528 1527
f 690 1527 702
f 1422 458 455
f 1422 455 1425
f 994 1729 1732
f 994 1732 993
f 1899 1309 1308
f 1899 1308 1897
f 1676 1902 1900
f 1676 1900 1675
f 1202 161 166
f 1202 166 1200
f 698 1532 1529
f 698 1529 708
f 1417 453 452
f 1417 452 1421
f 990 1727 1730
f 990 1730 989
f 1878 1898 1896
f 1878 1896 1881
f 1903 1136 1142
f 1903 1142 1901
f 1856 1269 1276
f 1856 1276 1855
f 1633 1115 1114
f 1633 1114 1639
f 1204 165 170
f 1204 170 1203
f 701 1531 1530
f 701 1530 707
f 1418 447 446
f 1418 446 1420
f 986 1725 1728
f 986 1728 985
f 1877 1317 1316
f 1877 1316 1880
f 1670 1135 1141
f 1670 1141 1669
f 1206 169 174
f 1206 174 1205
f 703 1534 1533
f 703 1533 714
f 1416 448 445
f 1416 445 1419
f 984 1723 1726
f 984 1726 983
f 1875 1318 1315
f 1875 1315 1879
f 1664 1134 1140
f 1664 1140 1663
f 1860 1275 1283
f 1860 1283 1859
f 1628 1119 1118
f 1628 1118 1634
f 1208 173 178
f 1208 178 1207
f 706 1536 1535
f 706 1535 719
f 1413 442 441
f 1413 441 1415
f 978 1721 1724
f 978 1724 977
f 1912 1313 1312
f 1912 1312 1913
f 1913 1914 1915
f 1913 1915 1912
f 1916 1133 1139
f 1916 1139 1917
f 1917 1918 1919
f 1917 1919 1916
f 1864 1282 1287
f 1864 1287 1863
f 1629 1123 1122
f 1629 1122 1635
f 1210 177 182
f 1210 182 1209
f 713 1540 1537
f 713 1537 723
f 1407 434 433
f 1407 433 1414
f 974 1719 1722
f 974 1722 973
f 1883 1915 1914
f 1320 1314 1915
f 1876 1320 1915
f 1876 1915 1883
f 1919 1137 1138
f 20 1919 1918
f 20 1918 17
f 1656 20 1655
f 1656 1137 1919
f 1656 1919 20
f 1920 1293 1921
f 1286 1293 1920
f 1868 1920 1867
f 1868 1286 1920
f 1921 1922 1923
f 1921 1923 1920
f 1630 1127 1126
f 1630 1126 1636
f 1213 181 186
f 1213 186 1212
f 715 1539 1538
f 715 1538 722
f 1410 429 428
f 1410 428 1412
f 970 1717 1720
f 970 1720 969
f 1882 1322 1319
f 1924 1925 1322
f 1872 1322 1882
f 1872 1924 1322
f 1926 1925 1924
f 1926 1924 1927
f 1650 1130 1144
f 1650 1144 1649
f 1928 1304 1303
f 1928 1303 1929
f 1299 1930 1931
f 1299 1931 1304
f 1299 1304 1928
f 1922 1928 1870
f 1922 1292 1299
f 1922 1299 1928
f 1871 1923 1922
f 1871 1922 1870
f 1929 1932 1933
f 1929 1933 1928
f 1934 1931 1930
f 1934 1930 1935
f 1215 185 190
f 1215 190 1214
f 718 1542 1541
f 718 1541 731
f 1408 430 427
f 1408 427 1411
f 968 1715 1718
f 968 1718 967
f 1932 1302 1311
f 1932 1311 1873
f 1874 1933 1932
f 1874 1932 1873
f 9 1132 1131
f 9 1131 1643
f 12 1132 9
f 1641 9 1643
f 1217 189 194
f 1217 194 1216
f 724 1546 1543
f 724 1543 735
f 1405 423 422
f 1405 422 1409
f 962 1713 1716
f 962 1716 961
f 1219 193 198
f 1219 198 1218
f 726 1545 1544
f 726 1544 732
f 1401 421 420
f 1401 420 1406
f 958 1711 1714
f 958 1714 957
f 1221 197 202
f 1221 202 1220
f 725 1548 1547
f 725 1547 742
f 1402 413 412
f 1402 412 1404
f 954 1709 1712
f 954 1712 953
f 1223 201 206
f 1223 206 1222
f 736 1550 1549
f 736 1549 747
f 1400 414 411
f 1400 411 1403
f 950 1707 1710
f 950 1710 949
f 1225 205 210
f 1225 210 1224
f 737 1554 1551
f 737 1551 752
f 1397 408 407
f 1397 407 1399
f 946 1705 1708
f 946 1708 945
f 1227 209 214
f 1227 214 1226
f 743 1553 1552
f 743 1552 751
f 1393 402 401
f 1393 401 1398
f 942 1703 1706
f 942 1706 941
f 1229 213 218
f 1229 218 1228
f 744 1556 1555
f 744 1555 758
f 1394 396 395
f 1394 395 1396
f 938 1701 1704
f 938 1704 937
f 1233 217 222
f 1233 222 1232
f 748 1558 1557
f 748 1557 762
f 1391 397 394
f 1391 394 1395
f 934 1699 1702
f 934 1702 933
f 1235 221 226
f 1235 226 1234
f 757 1562 1559
f 757 1559 767
f 1387 390 389
f 1387 389 1392
f 930 1697 1700
f 930 1700 929
f 1237 225 230
f 1237 230 1236
f 763 1561 1560
f 763 1560 768
f 1388 385 384
f 1388 384 1390
f 926 1695 1698
f 926 1698 925
f 1239 229 234
f 1239 234 1238
f 761 1564 1563
f 761 1563 774
f 1385 386 383
f 1385 383 1389
f 922 1683 1696
f 922 1696 921
f 1249 233 238
f 1249 238 1248
f 509 1009 1016
f 509 1016 519
f 764 1566 1565
f 764 1565 778
f 1383 379 378
f 1383 378 1386
f 918 1681 1684
f 918 1684 917
f 1258 237 242
f 1258 242 1257
f 773 1570 1567
f 773 1567 785
f 1378 375 374
f 1378 374 1384
f 914 1678 1682
f 914 1682 913
f 1261 241 246
f 1261 246 1260
f 779 1569 1568
f 779 1568 786
f 1379 369 368
f 1379 368 1382
f 910 1673 1679
f 910 1679 909
f 1268 245 250
f 1268 250 1267
f 777 1572 1571
f 777 1571 791
f 1377 370 367
f 1377 367 1381
f 908 1667 1674
f 908 1674 907
f 1274 249 254
f 1274 254 1273
f 784 1576 1573
f 784 1573 794
f 1375 364 363
f 1375 363 1380
f 902 1659 1668
f 902 1668 901
f 1281 253 258
f 1281 258 1280
f 790 1575 1574
f 790 1574 795
f 1371 360 359
f 1371 359 1376
f 898 1653 1660
f 898 1660 897
f 1291 257 262
f 1291 262 1290
f 789 1578 1577
f 789 1577 802
f 1372 354 353
f 1372 353 1374
f 894 1647 1654
f 894 1654 893
f 1297 261 266
f 1297 266 1296
f 796 1580 1579
f 796 1579 807
f 1367 355 352
f 1367 352 1373
f 890 1644 1648
f 890 1648 889
f 1016 513 519
f 1016 1015 513
f 1301 265 270
f 1301 270 1300
f 801 1584 1581
f 801 1581 812
f 1263 1270 29
f 1263 29 30
f 1856 1269 1270
f 1907 1263 1264
f 1907 1856 1270
f 1907 1270 1263
f 1906 1907 1264
f 1852 1856 1907
f 639 148 143
f 639 645 148
f 1364 347 346
f 1364 346 1370
f 1910 1633 1115
f 1910 1115 1108
f 1642 1910 1911
f 1642 1633 1910
f 886 1637 1645
f 886 1645 885
f 1422 452 458
f 1422 1421 452
f 1199 158 157
f 1199 1196 158
f 994 1730 1729
f 994 989 1730
f 1307 269 274
f 1307 274 1306
f 690 1525 1528
f 690 697 1525
f 27 1316 26
f 27 26 25
f 1898 1880 1316
f 1898 1316 27
f 1899 27 1309
f 1899 1898 27
f 1878 1880 1898
f 803 1583 1582
f 803 1582 811
f 1903 1141 1136
f 1669 1141 1903
f 1676 1903 1902
f 1676 1669 1903
f 1366 344 343
f 1366 343 1369
f 882 1631 1638
f 882 1638 881
f 1324 273 278
f 1324 278 1323
f 806 1586 1585
f 806 1585 817
f 1363 340 339
f 1363 339 1368
f 878 1626 1632
f 878 1632 877
f 1327 277 282
f 1327 282 1326
f 810 1588 1587
f 810 1587 821
f 1361 337 336
f 1361 336 1365
f 874 1624 1627
f 874 1627 873
f 1329 281 286
f 1329 286 1328
f 818 1592 1589
f 818 1589 824
f 1356 332 331
f 1356 331 1362
f 870 1621 1625
f 870 1625 869
f 1332 285 290
f 1332 290 1331
f 820 1591 1590
f 820 1590 823
f 1357 330 329
f 1357 329 1360
f 866 1619 1622
f 866 1622 865
f 1334 289 294
f 1334 294 1333
f 819 1594 1593
f 819 1593 825
f 1354 328 327
f 1354 327 1359
f 862 1617 1620
f 862 1620 861
f 1336 293 298
f 1336 298 1335
f 822 1598 1595
f 822 1595 832
f 1353 326 325
f 1353 325 1358
f 858 1614 1618
f 858 1618 857
f 1338 297 302
f 1338 302 1337
f 827 1597 1596
f 827 1596 833
f 1350 324 323
f 1350 323 1355
f 854 1612 1615
f 854 1615 853
f 1343 579 578
f 1343 578 1346
f 1093 1607 1611
f 1093 1611 1094
f 1340 301 306
f 1340 306 1339
f 826 1600 1599
f 826 1599 835
f 1348 318 317
f 1348 317 1352
f 850 1608 1613
f 850 1613 849
f 1342 305 309
f 1342 309 1341
f 831 1602 1601
f 831 1601 840
f 1349 319 316
f 1349 316 1351
f 846 1610 1609
f 846 1609 845
f 1936 1605 1604
f 1936 1604 1937
f 834 1936 837
f 834 1605 1936
f 1937 1938 1939
f 1937 1939 1936
f 144 640 639
f 144 639 143
f 1010 509 512
f 1010 1009 509
f 1202 162 161
f 1202 1198 162
f 644 152 147
f 644 650 152
f 698 1527 1532
f 698 702 1527
f 1417 446 453
f 1417 1420 446
f 990 1728 1727
f 990 985 1728
f 508 1007 1010
f 508 1010 512
f 32 34 1270
f 32 1270 29
f 1008 508 514
f 1008 1007 508
f 1204 166 165
f 1204 1200 166
f 701 1529 1531
f 701 708 1529
f 649 156 151
f 649 653 156
f 1418 445 447
f 1418 1419 445
f 986 1726 1725
f 986 983 1726
f 1877 1315 1317
f 1877 1879 1315
f 1670 1140 1135
f 1670 1663 1140
f 148 645 644
f 148 644 147
f 1004 499 503
f 1004 1003 499
f 1325 24 23
f 1325 28 24
f 1860 1276 1275
f 1860 1855 1276
f 1628 1114 1119
f 1628 1639 1114
f 1206 170 169
f 1206 1203 170
f 703 1530 1534
f 703 707 1530
f 652 160 155
f 652 657 160
f 1416 441 448
f 1416 1415 441
f 984 1724 1723
f 984 977 1724
f 1883 1914 1913
f 1318 1913 1312
f 1875 1913 1318
f 1875 1883 1913
f 1134 1917 1139
f 17 1918 1917
f 18 1917 1134
f 18 17 1917
f 1664 22 18
f 1664 18 1134
f 499 1003 1008
f 499 1008 514
f 1000 496 498
f 1000 999 496
f 1208 174 173
f 1208 1205 174
f 706 1533 1536
f 706 714 1533
f 656 164 159
f 656 661 164
f 1413 433 442
f 1413 1414 433
f 978 1722 1721
f 978 973 1722
f 1912 1314 1313
f 1912 1915 1314
f 1916 1138 1133
f 1916 1919 1138
f 21 20 19
f 21 1655 20
f 152 650 649
f 152 649 151
f 996 497 502
f 996 995 497
f 1864 1283 1282
f 1864 1859 1283
f 1629 1118 1123
f 1629 1634 1118
f 1210 178 177
f 1210 1207 178
f 713 1535 1540
f 713 719 1535
f 660 168 163
f 660 667 168
f 1407 428 434
f 1407 1412 428
f 974 1720 1719
f 974 969 1720
f 1876 1319 1320
f 1876 1882 1319
f 1656 1144 1137
f 1656 1649 1144
f 496 999 1004
f 496 1004 503
f 26 1316 1325
f 26 1325 23
f 992 492 495
f 992 991 492
f 1868 1287 1286
f 1868 1863 1287
f 1630 1122 1127
f 1630 1635 1122
f 1213 182 181
f 1213 1209 182
f 715 1537 1539
f 715 723 1537
f 666 172 167
f 666 669 172
f 1410 427 429
f 1410 1411 427
f 970 1718 1717
f 970 967 1718
f 1311 1310 1927
f 1924 1311 1927
f 1872 1873 1311
f 1872 1311 1924
f 1650 1131 1130
f 1650 1643 1131
f 1299 1935 1930
f 1299 1298 1935
f 156 653 652
f 156 652 155
f 988 486 491
f 988 987 486
f 1922 1293 1292
f 1922 1921 1293
f 16 1126 13
f 16 1636 1126
f 1871 1920 1923
f 1871 1867 1920
f 1215 186 185
f 1215 1212 186
f 718 1538 1542
f 718 722 1538
f 668 176 171
f 668 673 176
f 1408 422 430
f 1408 1409 422
f 968 1716 1715
f 968 961 1716
f 497 995 1000
f 497 1000 498
f 982 481 485
f 982 981 481
f 1321 1925 1926
f 1321 1322 1925
f 1932 1303 1302
f 1932 1929 1303
f 1641 10 9
f 1641 15 10
f 1305 1931 1934
f 1305 1304 1931
f 1874 1928 1933
f 1874 1870 1928
f 12 14 1132
f 12 11 14
f 1217 190 189
f 1217 1214 190
f 724 1541 1546
f 724 731 1541
f 672 180 175
f 672 680 180
f 1405 420 423
f 1405 1406 420
f 962 1714 1713
f 962 957 1714
f 160 657 656
f 160 656 159
f 980 479 484
f 980 979 479
f 1219 194 193
f 1219 1216 194
f 726 1543 1545
f 726 735 1543
f 677 184 179
f 677 679 184
f 1401 412 421
f 1401 1404 412
f 958 1712 1711
f 958 953 1712
f 492 991 996
f 492 996 502
f 976 471 480
f 976 975 471
f 1221 198 197
f 1221 1218 198
f 725 1544 1548
f 725 732 1544
f 678 188 183
f 678 684 188
f 1402 411 413
f 1402 1403 411
f 954 1710 1709
f 954 949 1710
f 164 661 660
f 164 660 163
f 972 470 476
f 972 971 470
f 1223 202 201
f 1223 1220 202
f 736 1547 1550
f 736 742 1547
f 683 192 187
f 683 689 192
f 1400 407 414
f 1400 1399 407
f 950 1708 1707
f 950 945 1708
f 966 461 469
f 966 965 461
f 1225 206 205
f 1225 1222 206
f 737 1549 1554
f 737 747 1549
f 486 987 992
f 486 992 495
f 688 196 191
f 688 696 196
f 1397 401 408
f 1397 1398 401
f 946 1706 1705
f 946 941 1706
f 964 465 468
f 964 963 465
f 1227 210 209
f 1227 1224 210
f 743 1551 1553
f 743 752 1551
f 168 667 666
f 168 666 167
f 693 200 195
f 693 695 200
f 1393 395 402
f 1393 1396 395
f 942 1704 1703
f 942 937 1704
f 960 460 464
f 960 959 460
f 1229 214 213
f 1229 1226 214
f 744 1552 1556
f 744 751 1552
f 481 981 988
f 481 988 491
f 694 204 199
f 694 700 204
f 1394 394 396
f 1394 1395 394
f 938 1702 1701
f 938 933 1702
f 956 450 459
f 956 955 450
f 1233 218 217
f 1233 1228 218
f 748 1555 1558
f 748 758 1555
f 699 208 203
f 699 705 208
f 172 669 668
f 172 668 171
f 1391 389 397
f 1391 1392 389
f 934 1700 1699
f 934 929 1700
f 952 449 454
f 952 951 449
f 1235 222 221
f 1235 1232 222
f 757 1557 1562
f 757 762 1557
f 479 979 982
f 479 982 485
f 704 212 207
f 704 710 212
f 1387 384 390
f 1387 1390 384
f 930 1698 1697
f 930 925 1698
f 948 444 451
f 948 947 444
f 1237 226 225
f 1237 1234 226
f 763 1559 1561
f 763 767 1559
f 176 673 672
f 176 672 175
f 709 216 211
f 709 712 216
f 1388 383 385
f 1388 1389 383
f 926 1696 1695
f 926 921 1696
f 944 438 443
f 944 943 438
f 1239 230 229
f 1239 1236 230
f 761 1560 1564
f 761 768 1560
f 471 975 980
f 471 980 484
f 1927 1310 1321
f 1927 1321 1926
f 1935 1298 1305
f 1935 1305 1934
f 711 220 215
f 711 717 220
f 1385 378 386
f 1385 1386 378
f 922 1684 1683
f 922 917 1684
f 940 436 440
f 940 939 436
f 1249 234 233
f 1249 1238 234
f 764 1563 1566
f 764 774 1563
f 180 680 677
f 180 677 179
f 716 224 219
f 716 721 224
f 1383 374 379
f 1383 1384 374
f 918 1682 1681
f 918 913 1682
f 936 437 439
f 936 935 437
f 1258 238 237
f 1258 1248 238
f 773 1565 1570
f 773 778 1565
f 470 971 976
f 470 976 480
f 720 228 223
f 720 730 228
f 1378 368 375
f 1378 1382 368
f 914 1679 1678
f 914 909 1679
f 932 432 435
f 932 931 432
f 1261 242 241
f 1261 1257 242
f 779 1567 1569
f 779 785 1567
f 184 679 678
f 184 678 183
f 727 232 227
f 727 729 232
f 1379 367 369
f 1379 1381 367
f 910 1674 1673
f 910 907 1674
f 928 426 431
f 928 927 426
f 1268 246 245
f 1268 1260 246
f 777 1568 1572
f 777 786 1568
f 461 965 972
f 461 972 476
f 728 236 231
f 728 734 236
f 1377 363 370
f 1377 1380 363
f 908 1668 1667
f 908 901 1668
f 924 419 425
f 924 923 419
f 1274 250 249
f 1274 1267 250
f 784 1571 1576
f 784 791 1571
f 188 684 683
f 188 683 187
f 733 240 235
f 733 741 240
f 1375 359 364
f 1375 1376 359
f 902 1660 1659
f 902 897 1660
f 920 418 424
f 920 919 418
f 1281 254 253
f 1281 1273 254
f 790 1573 1575
f 790 794 1573
f 465 963 966
f 465 966 469
f 738 244 239
f 738 740 244
f 1371 353 360
f 1371 1374 353
f 898 1654 1653
f 898 893 1654
f 916 416 417
f 916 915 416
f 1291 258 257
f 1291 1280 258
f 789 1574 1578
f 789 795 1574
f 192 689 688
f 192 688 191
f 739 248 243
f 739 746 248
f 1372 352 354
f 1372 1373 352
f 894 1648 1647
f 894 889 1648
f 912 406 415
f 912 911 406
f 1297 262 261
f 1297 1290 262
f 796 1577 1580
f 796 802 1577
f 460 959 964
f 460 964 468
f 745 252 247
f 745 750 252
f 1367 346 355
f 1367 1370 346
f 890 1645 1644
f 890 885 1645
f 906 403 410
f 906 905 403
f 1301 266 265
f 1301 1296 266
f 801 1579 1584
f 801 807 1579
f 196 696 693
f 196 693 195
f 749 256 251
f 749 756 256
f 1364 343 347
f 1364 1369 343
f 886 1638 1637
f 886 881 1638
f 904 405 409
f 904 903 405
f 1307 270 269
f 1307 1300 270
f 803 1581 1583
f 803 812 1581
f 450 955 960
f 450 960 464
f 753 260 255
f 753 755 260
f 1366 339 344
f 1366 1368 339
f 882 1632 1631
f 882 877 1632
f 900 400 404
f 900 899 400
f 1324 274 273
f 1324 1306 274
f 806 1582 1586
f 806 811 1582
f 200 695 694
f 200 694 199
f 754 264 259
f 754 760 264
f 1363 336 340
f 1363 1365 336
f 878 1627 1626
f 878 873 1627
f 896 393 399
f 896 895 393
f 1327 278 277
f 1327 1323 278
f 810 1585 1588
f 810 817 1585
f 449 951 956
f 449 956 459
f 759 268 263
f 759 766 268
f 1361 331 337
f 1361 1362 331
f 874 1625 1624
f 874 869 1625
f 892 392 398
f 892 891 392
f 1329 282 281
f 1329 1326 282
f 818 1587 1592
f 818 821 1587
f 204 700 699
f 204 699 203
f 765 272 267
f 765 772 272
f 1356 329 332
f 1356 1360 329
f 870 1622 1621
f 870 865 1622
f 888 387 391
f 888 887 387
f 1332 286 285
f 1332 1328 286
f 820 1589 1591
f 820 824 1589
f 444 947 952
f 444 952 454
f 769 276 271
f 769 771 276
f 1357 327 330
f 1357 1359 327
f 866 1620 1619
f 866 861 1620
f 884 382 388
f 884 883 382
f 1334 290 289
f 1334 1331 290
f 819 1590 1594
f 819 823 1590
f 208 705 704
f 208 704 207
f 770 280 275
f 770 776 280
f 1354 325 328
f 1354 1358 325
f 862 1618 1617
f 862 857 1618
f 880 373 381
f 880 879 373
f 1336 294 293
f 1336 1333 294
f 822 1593 1598
f 822 825 1593
f 438 943 948
f 438 948 451
f 775 284 279
f 775 783 284
f 1353 323 326
f 1353 1355 323
f 858 1615 1614
f 858 853 1615
f 876 376 380
f 876 875 376
f 1338 298 297
f 1338 1335 298
f 827 1595 1597
f 827 832 1595
f 212 710 709
f 212 709 211
f 780 288 283
f 780 782 288
f 1350 317 324
f 1350 1352 317
f 854 1613 1612
f 854 849 1613
f 4 6 579
f 4 3 6
f 1343 1344 4
f 1343 4 579
f 1939 1603 1607
f 837 1936 1939
f 1093 837 1939
f 1093 1939 1607
f 872 372 377
f 872 871 372
f 1340 302 301
f 1340 1337 302
f 826 1596 1600
f 826 833 1596
f 436 939 944
f 436 944 443
f 781 292 287
f 781 788 292
f 1348 316 318
f 1348 1351 316
f 850 1609 1608
f 850 845 1609
f 1347 2 1
f 1347 7 2
f 1938 1604 1606
f 1938 1937 1604
f 868 362 371
f 868 867 362
f 1349 578 319
f 1349 1346 578
f 846 1611 1610
f 846 1094 1611
f 1342 306 305
f 1342 1339 306
f 831 1599 1602
f 831 835 1599
f 216 712 711
f 216 711 215
f 787 296 291
f 787 793 296
f 864 358 365
f 864 863 358
f 8 309 5
f 8 1341 309
f 834 1601 1605
f 834 840 1601
f 437 935 940
f 437 940 440
f 792 300 295
f 792 800 300
f 860 357 366
f 860 859 357
f 220 717 716
f 220 716 219
f 797 304 299
f 797 799 304
f 856 351 361
f 856 855 351
f 432 931 936
f 432 936 439
f 798 308 303
f 798 805 308
f 852 350 356
f 852 851 350
f 224 721 720
f 224 720 223
f 804 311 307
f 804 809 311
f 848 342 349
f 848 847 342
f 426 927 932
f 426 932 435
f 808 315 310
f 808 816 315
f 228 730 727
f 228 727 227
f 844 341 348
f 844 843 341
f 813 322 314
f 813 815 322
f 839 335 345
f 839 838 335
f 419 923 928
f 419 928 431
f 814 334 321
f 814 830 334
f 232 729 728
f 232 728 231
f 829 333 338
f 829 828 333
f 418 919 924
f 418 924 425
f 236 734 733
f 236 733 235
f 416 915 920
f 416 920 424
f 240 741 738
f 240 738 239
f 406 911 916
f 406 916 417
f 244 740 739
f 244 739 243
f 403 905 912
f 403 912 415
f 248 746 745
f 248 745 247
f 405 903 906
f 405 906 410
f 252 750 749
f 252 749 251
f 400 899 904
f 400 904 409
f 256 756 753
f 256 753 255
f 393 895 900
f 393 900 404
f 260 755 754
f 260 754 259
f 392 891 896
f 392 896 399
f 264 760 759
f 264 759 263
f 387 887 892
f 387 892 398
f 268 766 765
f 268 765 267
f 382 883 888
f 382 888 391
f 272 772 769
f 272 769 271
f 373 879 884
f 373 884 388
f 276 771 770
f 276 770 275
f 376 875 880
f 376 880 381
f 280 776 775
f 280 775 279
f 372 871 876
f 372 876 380
f 284 783 780
f 284 780 283
f 362 867 872
f 362 872 377
f 288 782 781
f 288 781 287
f 358 863 868
f 358 868 371
f 4 1344 1347
f 4 1347 1
f 1603 1939 1938
f 1603 1938 1606
f 292 788 787
f 292 787 291
f 357 859 864
f 357 864 365
f 296 793 792
f 296 792 295
f 351 855 860
f 351 860 366
f 300 800 797
f 300 797 299
f 350 851 856
f 350 856 361
f 304 799 798
f 304 798 303
f 342 847 852
f 342 852 356
f 308 805 804
f 308 804 307
f 341 843 848
f 341 848 349
f 311 809 808
f 311 808 310
f 335 838 844
f 335 844 348
f 315 816 813
f 315 813 314
f 333 828 839
f 333 839 345
f 322 815 814
f 322 814 321
f 334 830 829
f 334 829 338
