v -6.487500 0.062500 6.225000
v -6.487500 0.037500 6.250000
v -6.487500 0.062500 6.250000
v -6.487500 0.037500 6.150000
v -6.487500 0.062500 6.150000
v -6.012500 0.062500 6.250000
v -6.012500 0.037500 6.250000
v -5.987500 -0.187500 4.650000
v -5.987500 -0.187500 4.675000
v -5.987500 -0.137500 4.675000
v -5.987500 -0.137500 4.650000
v -5.912500 -0.187500 4.650000
v -5.912500 -0.187500 4.675000
v -5.987500 -0.237500 4.625000
v -5.987500 -0.237500 4.650000
v -5.987500 -0.212500 4.650000
v -5.987500 -0.212500 4.625000
v -5.912500 -0.237500 4.625000
v -5.912500 -0.237500 4.650000
v -5.987500 -0.312500 4.575000
v -5.987500 -0.312500 4.600000
v -5.987500 -0.287500 4.600000
v -5.987500 -0.287500 4.575000
v -5.912500 -0.312500 4.575000
v -5.912500 -0.312500 4.600000
v -5.987500 -0.337500 4.550000
v -5.987500 -0.337500 4.575000
v -5.987500 -0.312500 4.550000
v -5.912500 -0.337500 4.550000
v -5.912500 -0.337500 4.575000
v -5.987500 -0.362500 4.525000
v -5.987500 -0.362500 4.550000
v -5.987500 -0.337500 4.525000
v -5.912500 -0.362500 4.525000
v -5.912500 -0.362500 4.550000
v -5.987500 -0.087500 4.675000
v -5.987500 -0.087500 4.700000
v -5.987500 0.087500 4.700000
v -5.987500 0.087500 4.675000
v -5.912500 0.087500 4.700000
v -5.912500 0.087500 4.675000
v -6.037500 -0.087500 4.725000
v -6.037500 -0.112500 4.700000
v -6.037500 -0.087500 4.675000
v -6.037500 -0.112500 4.725000
v -6.037500 -0.187500 4.675000
v -6.037500 -0.187500 4.700000
v -6.012500 -0.187500 4.700000
v -6.012500 -0.187500 4.675000
v -6.037500 0.187500 4.675000
v -6.037500 0.162500 4.650000
v -6.037500 0.237500 4.650000
v -6.037500 0.237500 4.675000
v -6.037500 0.162500 4.675000
v -6.037500 0.187500 4.700000
v -6.037500 0.087500 4.725000
v -6.037500 0.112500 4.700000
v -6.037500 0.112500 4.725000
v -6.037500 0.087500 4.675000
v -6.012500 0.162500 4.675000
v -6.012500 0.162500 4.650000
v -6.012500 0.137500 4.675000
v -6.012500 0.137500 4.650000
v -5.987500 0.137500 4.675000
v -5.987500 0.137500 4.650000
v -5.987500 0.162500 4.675000
v -5.987500 0.162500 4.650000
v -5.912500 0.162500 4.675000
v -5.912500 0.162500 4.650000
v 5.987500 0.137500 4.675000
v 5.987500 0.137500 4.650000
v 5.987500 0.162500 4.650000
v 5.987500 0.162500 4.675000
v 6.012500 0.137500 4.675000
v 6.012500 0.137500 4.650000
v -6.037500 -0.237500 4.675000
v -6.037500 -0.237500 4.650000
v -6.037500 -0.187500 4.650000
v -6.012500 -0.237500 4.675000
v -6.012500 -0.237500 4.650000
v -6.012500 0.212500 4.650000
v -6.012500 0.212500 4.625000
v -6.012500 0.237500 4.625000
v -6.012500 0.237500 4.650000
v -5.912500 0.212500 4.650000
v -5.912500 0.212500 4.625000
v 5.987500 0.237500 4.625000
v 5.987500 0.237500 4.600000
v 5.987500 0.262500 4.600000
v 5.987500 0.262500 4.625000
v 6.012500 0.237500 4.625000
v 6.012500 0.237500 4.600000
v -6.037500 0.312500 4.600000
v -6.037500 0.287500 4.575000
v -6.037500 0.337500 4.575000
v -6.037500 0.337500 4.600000
v -6.037500 0.287500 4.600000
v -6.037500 0.287500 4.625000
v -6.037500 0.312500 4.625000
v -6.037500 0.262500 4.600000
v -6.037500 0.262500 4.625000
v -6.037500 0.287500 4.650000
v -6.037500 0.237500 4.625000
v -6.012500 0.337500 4.600000
v -6.012500 0.312500 4.600000
v -6.012500 0.387500 4.475000
v -6.012500 0.387500 4.450000
v -6.012500 0.412500 4.450000
v -6.012500 0.412500 4.475000
v -6.037500 0.387500 4.500000
v -6.037500 0.387500 4.475000
v -5.987500 0.387500 4.475000
v -5.987500 0.387500 4.450000
v -5.912500 0.387500 4.500000
v -5.912500 0.387500 4.475000
v -6.037500 0.412500 4.475000
v -6.037500 0.412500 4.450000
v -6.037500 0.437500 4.450000
v -6.037500 0.437500 4.500000
v -6.037500 0.412500 4.500000
v -6.037500 0.387500 4.525000
v -6.037500 0.412500 4.525000
v -6.037500 0.362500 4.500000
v -6.037500 0.362500 4.550000
v -6.037500 0.387500 4.550000
v -6.012500 0.437500 4.500000
v -6.012500 0.412500 4.500000
v -6.037500 -0.487500 4.325000
v -6.037500 -0.512500 4.300000
v -6.037500 -0.487500 4.300000
v -6.037500 -0.487500 4.350000
v -6.037500 -0.462500 4.325000
v -6.037500 -0.512500 4.350000
v -6.037500 -0.262500 4.625000
v -6.037500 -0.237500 4.625000
v -6.037500 -0.462500 4.425000
v -6.037500 -0.462500 4.400000
v -6.037500 -0.437500 4.400000
v -6.037500 -0.437500 4.450000
v -6.037500 -0.437500 4.475000
v -6.037500 -0.412500 4.450000
v -6.037500 -0.412500 4.475000
v -6.037500 -0.412500 4.500000
v -6.037500 -0.387500 4.475000
v -6.037500 -0.387500 4.525000
v -6.037500 -0.487500 4.425000
v -6.037500 -0.287500 4.625000
v -6.037500 -0.312500 4.600000
v -6.037500 -0.262500 4.600000
v -6.037500 -0.362500 4.550000
v -6.037500 -0.362500 4.525000
v -6.037500 -0.462500 4.475000
v -6.037500 -0.287500 4.650000
v -6.037500 -0.337500 4.600000
v -6.037500 -0.337500 4.575000
v -6.037500 -0.312500 4.575000
v -6.037500 -0.362500 4.575000
v -6.037500 -0.337500 4.550000
v -6.037500 -0.387500 4.550000
v -6.037500 -0.437500 4.500000
v -6.037500 -0.337500 4.625000
v -6.037500 -0.362500 4.600000
v -6.037500 -0.387500 4.575000
v -6.037500 -0.412500 4.550000
v -6.012500 -0.487500 4.350000
v -6.012500 -0.512500 4.350000
v -6.037500 0.487500 4.325000
v -6.037500 0.512500 4.300000
v -6.037500 0.512500 4.325000
v -6.037500 0.462500 4.300000
v -6.037500 0.462500 4.375000
v -6.037500 0.462500 4.400000
v -6.037500 0.437500 4.375000
v -6.037500 0.487500 4.400000
v -6.037500 0.462500 4.450000
v -6.012500 0.512500 4.325000
v -6.012500 0.487500 4.325000
v -5.987500 0.462500 4.125000
v -5.987500 0.462500 4.300000
v -5.987500 0.487500 4.300000
v -5.987500 0.487500 4.125000
v -5.912500 0.487500 4.125000
v -5.912500 0.462500 4.125000
v -6.037500 0.487500 4.100000
v -6.037500 0.462500 4.025000
v -6.037500 0.487500 4.025000
v -6.037500 0.512500 4.125000
v -6.037500 0.512500 4.100000
v -6.037500 0.462500 4.125000
v -6.012500 0.512500 4.125000
v -6.012500 0.462500 4.125000
v -5.987500 -0.487500 4.100000
v -5.987500 -0.487500 4.150000
v -5.987500 -0.462500 4.150000
v -5.987500 -0.462500 4.100000
v -5.912500 -0.462500 4.100000
v -5.912500 -0.487500 4.100000
v -6.037500 0.437500 4.025000
v -6.037500 0.437500 3.975000
v -6.037500 0.462500 3.975000
v -6.012500 0.462500 4.025000
v -6.012500 0.437500 4.025000
v -6.012500 0.437500 4.075000
v -6.012500 0.462500 4.075000
v -5.987500 0.462500 4.075000
v -5.987500 0.437500 4.075000
v -5.987500 0.437500 4.025000
v -5.987500 0.462500 4.025000
v -5.962500 0.462500 4.025000
v -5.962500 0.437500 4.025000
v -5.962500 0.437500 4.050000
v -5.962500 0.462500 4.050000
v -5.912500 0.462500 4.050000
v -5.912500 0.437500 4.050000
v 6.487500 -4.837500 3.475000
v 6.487500 -4.837500 3.400000
v 6.487500 -4.812500 3.400000
v 6.487500 -4.812500 3.500000
v 6.487500 -4.837500 3.500000
v 6.512500 -4.837500 3.475000
v 6.512500 -4.837500 3.400000
v -6.512500 5.487500 3.125000
v -6.512500 5.487500 3.100000
v -6.512500 5.512500 3.100000
v -6.512500 5.437500 3.150000
v -6.512500 5.437500 3.125000
v -6.512500 5.387500 3.175000
v -6.512500 5.387500 3.150000
v -6.512500 5.337500 3.200000
v -6.512500 5.337500 3.175000
v -6.512500 5.512500 3.375000
v -6.512500 5.312500 3.225000
v -6.512500 5.312500 3.200000
v -6.512500 5.462500 3.375000
v -6.512500 5.437500 3.400000
v -6.512500 5.462500 3.400000
v -6.512500 5.262500 3.250000
v -6.512500 5.262500 3.225000
v -6.512500 5.387500 3.425000
v -6.512500 5.437500 3.425000
v -6.512500 5.212500 3.275000
v -6.512500 5.212500 3.250000
v -6.512500 5.187500 3.300000
v -6.512500 5.187500 3.275000
v -6.512500 5.337500 3.450000
v -6.512500 5.387500 3.450000
v -6.512500 5.137500 3.325000
v -6.512500 5.137500 3.300000
v -6.512500 5.287500 3.475000
v -6.512500 5.337500 3.475000
v -6.512500 5.262500 3.500000
v -6.512500 5.287500 3.500000
v -6.512500 5.087500 3.350000
v -6.512500 5.087500 3.325000
v -6.512500 5.212500 3.525000
v -6.512500 5.262500 3.525000
v -6.512500 5.037500 3.375000
v -6.512500 5.037500 3.350000
v -6.512500 5.012500 3.400000
v -6.512500 5.012500 3.375000
v -6.512500 5.162500 3.550000
v -6.512500 5.212500 3.550000
v -6.512500 4.962500 3.425000
v -6.512500 4.962500 3.400000
v -6.512500 5.112500 3.575000
v -6.512500 5.162500 3.575000
v -6.512500 5.087500 3.600000
v -6.512500 5.112500 3.600000
v -6.512500 4.912500 3.450000
v -6.512500 4.912500 3.425000
v -6.512500 5.037500 3.625000
v -6.512500 5.087500 3.625000
v -6.512500 4.862500 3.475000
v -6.512500 4.862500 3.450000
v -6.512500 4.837500 3.500000
v -6.512500 4.837500 3.475000
v -6.512500 4.987500 3.650000
v -6.512500 5.037500 3.650000
v -6.512500 4.962500 3.675000
v -6.512500 4.987500 3.675000
v -6.512500 4.787500 3.525000
v -6.512500 4.787500 3.500000
v -6.512500 4.812500 3.500000
v -6.512500 4.912500 3.700000
v -6.512500 4.962500 3.700000
v -6.512500 4.737500 3.550000
v -6.512500 4.737500 3.525000
v -6.512500 4.862500 3.725000
v -6.512500 4.912500 3.725000
v -6.512500 4.687500 3.575000
v -6.512500 4.687500 3.550000
v -6.512500 4.712500 3.550000
v -6.512500 4.662500 3.600000
v -6.512500 4.662500 3.575000
v -6.512500 4.812500 3.750000
v -6.512500 4.862500 3.750000
v -6.512500 4.787500 3.775000
v -6.512500 4.812500 3.775000
v -6.512500 4.612500 3.625000
v -6.512500 4.612500 3.600000
v -6.512500 4.737500 3.800000
v -6.512500 4.787500 3.800000
v -6.512500 4.562500 3.650000
v -6.512500 4.562500 3.625000
v -6.512500 4.537500 3.675000
v -6.512500 4.537500 3.650000
v -6.512500 4.687500 3.825000
v -6.512500 4.737500 3.825000
v -6.512500 4.487500 3.700000
v -6.512500 4.487500 3.675000
v -6.512500 4.637500 3.850000
v -6.512500 4.687500 3.850000
v -6.512500 4.612500 3.875000
v -6.512500 4.637500 3.875000
v -6.512500 4.437500 3.725000
v -6.512500 4.437500 3.700000
v -6.512500 4.562500 3.900000
v -6.512500 4.612500 3.900000
v -6.512500 4.387500 3.750000
v -6.512500 4.387500 3.725000
v -6.512500 4.362500 3.775000
v -6.512500 4.362500 3.750000
v -6.512500 4.512500 3.925000
v -6.512500 4.562500 3.925000
v -6.512500 4.312500 3.800000
v -6.512500 4.312500 3.775000
v -6.512500 4.462500 3.950000
v -6.512500 4.512500 3.950000
v -6.512500 4.437500 3.975000
v -6.512500 4.462500 3.975000
v -6.512500 4.262500 3.825000
v -6.512500 4.262500 3.800000
v -6.512500 4.387500 4.000000
v -6.512500 4.437500 4.000000
v -6.512500 4.212500 3.850000
v -6.512500 4.212500 3.825000
v -6.512500 4.187500 3.875000
v -6.512500 4.187500 3.850000
v -6.512500 4.337500 4.025000
v -6.512500 4.387500 4.025000
v -6.512500 4.312500 4.050000
v -6.512500 4.337500 4.050000
v -6.512500 4.137500 3.900000
v -6.512500 4.137500 3.875000
v -6.512500 4.262500 4.075000
v -6.512500 4.312500 4.075000
v -6.512500 4.087500 3.925000
v -6.512500 4.087500 3.900000
v -6.512500 4.212500 4.100000
v -6.512500 4.262500 4.100000
v -6.512500 4.037500 3.950000
v -6.512500 4.037500 3.925000
v -6.512500 4.012500 3.975000
v -6.512500 4.012500 3.950000
v -6.512500 4.162500 4.125000
v -6.512500 4.212500 4.125000
v -6.512500 4.137500 4.150000
v -6.512500 4.162500 4.150000
v -6.512500 3.962500 4.000000
v -6.512500 3.962500 3.975000
v -6.512500 4.087500 4.175000
v -6.512500 4.137500 4.175000
v -6.512500 3.912500 4.025000
v -6.512500 3.912500 4.000000
v -6.512500 3.887500 4.050000
v -6.512500 3.887500 4.025000
v -6.512500 4.037500 4.200000
v -6.512500 4.087500 4.200000
v -6.512500 3.837500 4.075000
v -6.512500 3.837500 4.050000
v -6.512500 3.987500 4.225000
v -6.512500 4.037500 4.225000
v -6.512500 3.962500 4.250000
v -6.512500 3.987500 4.250000
v -6.512500 3.787500 4.100000
v -6.512500 3.787500 4.075000
v -6.512500 3.912500 4.275000
v -6.512500 3.962500 4.275000
v -6.512500 3.737500 4.125000
v -6.512500 3.737500 4.100000
v -6.512500 3.712500 4.150000
v -6.512500 3.712500 4.125000
v -6.512500 3.862500 4.300000
v -6.512500 3.912500 4.300000
v -6.512500 3.837500 4.325000
v -6.512500 3.862500 4.325000
v -6.512500 3.662500 4.175000
v -6.512500 3.662500 4.150000
v -6.512500 3.787500 4.350000
v -6.512500 3.837500 4.350000
v -6.512500 3.612500 4.200000
v -6.512500 3.612500 4.175000
v -6.512500 3.737500 4.375000
v -6.512500 3.787500 4.375000
v -6.512500 3.562500 4.225000
v -6.512500 3.562500 4.200000
v -6.512500 3.537500 4.250000
v -6.512500 3.537500 4.225000
v -6.512500 3.687500 4.400000
v -6.512500 3.737500 4.400000
v -6.512500 3.662500 4.425000
v -6.512500 3.687500 4.425000
v -6.512500 3.487500 4.275000
v -6.512500 3.487500 4.250000
v -6.512500 3.612500 4.450000
v -6.512500 3.662500 4.450000
v -6.512500 3.437500 4.300000
v -6.512500 3.437500 4.275000
v -6.512500 3.412500 4.325000
v -6.512500 3.412500 4.300000
v -6.512500 3.562500 4.475000
v -6.512500 3.612500 4.475000
v -6.512500 3.362500 4.350000
v -6.512500 3.362500 4.325000
v -6.512500 3.512500 4.500000
v -6.512500 3.562500 4.500000
v -6.512500 3.487500 4.525000
v -6.512500 3.512500 4.525000
v -6.512500 3.312500 4.375000
v -6.512500 3.312500 4.350000
v -6.512500 3.437500 4.550000
v -6.512500 3.487500 4.550000
v -6.512500 3.262500 4.400000
v -6.512500 3.262500 4.375000
v -6.512500 3.237500 4.425000
v -6.512500 3.237500 4.400000
v -6.512500 3.387500 4.575000
v -6.512500 3.437500 4.575000
v -6.512500 3.187500 4.450000
v -6.512500 3.187500 4.425000
v -6.512500 3.337500 4.600000
v -6.512500 3.387500 4.600000
v -6.512500 3.312500 4.625000
v -6.512500 3.337500 4.625000
v -6.512500 3.137500 4.475000
v -6.512500 3.137500 4.450000
v -6.512500 3.262500 4.650000
v -6.512500 3.312500 4.650000
v -6.512500 3.087500 4.500000
v -6.512500 3.087500 4.475000
v -6.512500 3.062500 4.525000
v -6.512500 3.062500 4.500000
v -6.512500 3.212500 4.675000
v -6.512500 3.262500 4.675000
v -6.512500 3.187500 4.700000
v -6.512500 3.212500 4.700000
v -6.512500 3.012500 4.550000
v -6.512500 3.012500 4.525000
v -6.512500 3.137500 4.725000
v -6.512500 3.187500 4.725000
v -6.512500 2.962500 4.575000
v -6.512500 2.962500 4.550000
v -6.512500 3.087500 4.750000
v -6.512500 3.137500 4.750000
v -6.512500 2.912500 4.600000
v -6.512500 2.912500 4.575000
v -6.512500 2.887500 4.625000
v -6.512500 2.887500 4.600000
v -6.512500 3.037500 4.775000
v -6.512500 3.087500 4.775000
v -6.512500 3.012500 4.800000
v -6.512500 3.037500 4.800000
v -6.512500 2.837500 4.650000
v -6.512500 2.837500 4.625000
v -6.512500 2.962500 4.825000
v -6.512500 3.012500 4.825000
v -6.512500 2.787500 4.675000
v -6.512500 2.787500 4.650000
v -6.512500 2.912500 4.850000
v -6.512500 2.962500 4.850000
v -6.512500 2.762500 4.700000
v -6.512500 2.762500 4.675000
v -6.512500 2.712500 4.725000
v -6.512500 2.712500 4.700000
v -6.512500 2.862500 4.875000
v -6.512500 2.912500 4.875000
v -6.512500 2.837500 4.900000
v -6.512500 2.862500 4.900000
v -6.512500 2.662500 4.750000
v -6.512500 2.662500 4.725000
v -6.512500 2.787500 4.925000
v -6.512500 2.837500 4.925000
v -6.512500 2.612500 4.775000
v -6.512500 2.612500 4.750000
v -6.512500 2.737500 4.950000
v -6.512500 2.787500 4.950000
v -6.512500 2.587500 4.800000
v -6.512500 2.587500 4.775000
v -6.512500 2.687500 4.975000
v -6.512500 2.737500 4.975000
v -6.512500 2.537500 4.825000
v -6.512500 2.537500 4.800000
v -6.512500 2.662500 5.000000
v -6.512500 2.687500 5.000000
v -6.512500 2.487500 4.850000
v -6.512500 2.487500 4.825000
v -6.512500 2.612500 5.025000
v -6.512500 2.662500 5.025000
v -6.512500 2.437500 4.875000
v -6.512500 2.437500 4.850000
v -6.512500 2.412500 4.900000
v -6.512500 2.412500 4.875000
v -6.512500 2.562500 5.050000
v -6.512500 2.612500 5.050000
v -6.512500 2.537500 5.075000
v -6.512500 2.562500 5.075000
v -6.512500 2.362500 4.925000
v -6.512500 2.362500 4.900000
v -6.512500 2.487500 5.100000
v -6.512500 2.537500 5.100000
v -6.512500 2.312500 4.950000
v -6.512500 2.312500 4.925000
v -6.512500 2.437500 5.125000
v -6.512500 2.487500 5.125000
v -6.512500 2.262500 4.975000
v -6.512500 2.262500 4.950000
v -6.512500 2.387500 5.150000
v -6.512500 2.437500 5.150000
v -6.512500 2.237500 5.000000
v -6.512500 2.237500 4.975000
v -6.512500 2.362500 5.175000
v -6.512500 2.387500 5.175000
v -6.512500 2.187500 5.025000
v -6.512500 2.187500 5.000000
v -6.512500 2.312500 5.200000
v -6.512500 2.362500 5.200000
v -6.512500 2.137500 5.050000
v -6.512500 2.137500 5.025000
v -6.512500 2.262500 5.225000
v -6.512500 2.312500 5.225000
v -6.512500 2.112500 5.075000
v -6.512500 2.112500 5.050000
v -6.512500 2.062500 5.100000
v -6.512500 2.062500 5.075000
v -6.512500 2.212500 5.250000
v -6.512500 2.262500 5.250000
v -6.512500 2.187500 5.275000
v -6.512500 2.212500 5.275000
v -6.512500 2.012500 5.125000
v -6.512500 2.012500 5.100000
v -6.512500 2.137500 5.300000
v -6.512500 2.187500 5.300000
v -6.512500 1.962500 5.150000
v -6.512500 1.962500 5.125000
v -6.512500 2.087500 5.325000
v -6.512500 2.137500 5.325000
v -6.512500 1.937500 5.175000
v -6.512500 1.937500 5.150000
v -6.512500 1.887500 5.200000
v -6.512500 1.887500 5.175000
v -6.512500 2.037500 5.350000
v -6.512500 2.087500 5.350000
v -6.512500 2.012500 5.375000
v -6.512500 2.037500 5.375000
v -6.512500 1.837500 5.225000
v -6.512500 1.837500 5.200000
v -6.512500 1.962500 5.400000
v -6.512500 2.012500 5.400000
v -6.512500 1.787500 5.250000
v -6.512500 1.787500 5.225000
v -6.512500 1.912500 5.425000
v -6.512500 1.962500 5.425000
v -6.512500 1.762500 5.275000
v -6.512500 1.762500 5.250000
v -6.512500 1.887500 5.450000
v -6.512500 1.912500 5.450000
v -6.512500 1.712500 5.300000
v -6.512500 1.712500 5.275000
v -6.512500 1.837500 5.475000
v -6.512500 1.887500 5.475000
v -6.512500 1.662500 5.325000
v -6.512500 1.662500 5.300000
v -6.512500 1.787500 5.500000
v -6.512500 1.837500 5.500000
v -6.512500 1.612500 5.350000
v -6.512500 1.612500 5.325000
v -6.512500 1.587500 5.375000
v -6.512500 1.587500 5.350000
v -6.512500 1.737500 5.525000
v -6.512500 1.787500 5.525000
v -6.512500 1.712500 5.550000
v -6.512500 1.737500 5.550000
v -6.512500 1.537500 5.400000
v -6.512500 1.537500 5.375000
v -6.512500 1.662500 5.575000
v -6.512500 1.712500 5.575000
v -6.512500 1.487500 5.425000
v -6.512500 1.487500 5.400000
v -6.512500 1.612500 5.600000
v -6.512500 1.662500 5.600000
v -6.512500 1.462500 5.450000
v -6.512500 1.462500 5.425000
v -6.512500 1.412500 5.475000
v -6.512500 1.412500 5.450000
v -6.512500 1.562500 5.625000
v -6.512500 1.612500 5.625000
v -6.512500 1.537500 5.650000
v -6.512500 1.562500 5.650000
v -6.512500 1.362500 5.500000
v -6.512500 1.362500 5.475000
v -6.512500 1.487500 5.675000
v -6.512500 1.537500 5.675000
v -6.512500 1.312500 5.525000
v -6.512500 1.312500 5.500000
v -6.512500 1.287500 5.550000
v -6.512500 1.287500 5.525000
v -6.512500 1.437500 5.700000
v -6.512500 1.487500 5.700000
v -6.512500 1.412500 5.725000
v -6.512500 1.437500 5.725000
v -6.512500 1.237500 5.575000
v -6.512500 1.237500 5.550000
v -6.512500 1.362500 5.750000
v -6.512500 1.412500 5.750000
v -6.512500 1.187500 5.600000
v -6.512500 1.187500 5.575000
v -6.512500 1.312500 5.775000
v -6.512500 1.362500 5.775000
v -6.512500 1.137500 5.625000
v -6.512500 1.137500 5.600000
v -6.512500 1.112500 5.650000
v -6.512500 1.112500 5.625000
v -6.512500 1.262500 5.800000
v -6.512500 1.312500 5.800000
v -6.512500 1.237500 5.825000
v -6.512500 1.262500 5.825000
v -6.512500 1.062500 5.675000
v -6.512500 1.062500 5.650000
v -6.512500 1.187500 5.850000
v -6.512500 1.237500 5.850000
v -6.512500 1.012500 5.700000
v -6.512500 1.012500 5.675000
v -6.512500 0.987500 5.725000
v -6.512500 0.987500 5.700000
v -6.512500 1.137500 5.875000
v -6.512500 1.187500 5.875000
v -6.512500 0.937500 5.750000
v -6.512500 0.937500 5.725000
v -6.512500 1.087500 5.900000
v -6.512500 1.137500 5.900000
v -6.512500 1.062500 5.925000
v -6.512500 1.087500 5.925000
v -6.512500 0.887500 5.775000
v -6.512500 0.887500 5.750000
v -6.512500 1.012500 5.950000
v -6.512500 1.062500 5.950000
v -6.512500 0.837500 5.800000
v -6.512500 0.837500 5.775000
v -6.512500 0.962500 5.975000
v -6.512500 1.012500 5.975000
v -6.512500 0.812500 5.825000
v -6.512500 0.812500 5.800000
v -6.512500 0.762500 5.850000
v -6.512500 0.762500 5.825000
v -6.512500 0.912500 6.000000
v -6.512500 0.962500 6.000000
v -6.512500 0.887500 6.025000
v -6.512500 0.912500 6.025000
v -6.512500 0.712500 5.875000
v -6.512500 0.712500 5.850000
v -6.512500 0.837500 6.050000
v -6.512500 0.887500 6.050000
v -6.512500 0.662500 5.900000
v -6.512500 0.662500 5.875000
v -6.512500 0.637500 5.925000
v -6.512500 0.637500 5.900000
v -6.512500 0.787500 6.075000
v -6.512500 0.837500 6.075000
v -6.512500 0.762500 6.100000
v -6.512500 0.787500 6.100000
v -6.512500 0.587500 5.950000
v -6.512500 0.587500 5.925000
v -6.512500 0.712500 6.125000
v -6.512500 0.762500 6.125000
v -6.512500 0.537500 5.975000
v -6.512500 0.537500 5.950000
v -6.512500 0.662500 6.150000
v -6.512500 0.712500 6.150000
v -6.512500 0.487500 6.000000
v -6.512500 0.487500 5.975000
v -6.512500 0.612500 6.175000
v -6.512500 0.662500 6.175000
v -6.512500 0.462500 6.025000
v -6.512500 0.462500 6.000000
v -6.512500 0.587500 6.200000
v -6.512500 0.612500 6.200000
v -6.512500 0.412500 6.050000
v -6.512500 0.412500 6.025000
v -6.512500 0.537500 6.225000
v -6.512500 0.587500 6.225000
v -6.512500 0.362500 6.075000
v -6.512500 0.362500 6.050000
v -6.512500 0.487500 6.250000
v -6.512500 0.537500 6.250000
v -6.512500 0.337500 6.100000
v -6.512500 0.337500 6.075000
v -6.512500 0.437500 6.275000
v -6.512500 0.487500 6.275000
v -6.512500 0.287500 6.125000
v -6.512500 0.287500 6.100000
v -6.512500 0.412500 6.300000
v -6.512500 0.437500 6.300000
v -6.512500 0.237500 6.150000
v -6.512500 0.237500 6.125000
v -6.512500 0.362500 6.325000
v -6.512500 0.412500 6.325000
v -6.512500 0.187500 6.175000
v -6.512500 0.187500 6.150000
v -6.512500 0.312500 6.350000
v -6.512500 0.362500 6.350000
v -6.512500 0.162500 6.200000
v -6.512500 0.162500 6.175000
v -6.512500 0.112500 6.225000
v -6.512500 0.112500 6.200000
v -6.512500 0.262500 6.375000
v -6.512500 0.312500 6.375000
v -6.512500 0.237500 6.400000
v -6.512500 0.262500 6.400000
v -6.512500 0.062500 6.250000
v -6.512500 0.062500 6.225000
v -6.512500 0.187500 6.425000
v -6.512500 0.237500 6.425000
v -6.512500 0.012500 6.275000
v -6.512500 0.012500 6.250000
v -6.512500 0.137500 6.450000
v -6.512500 0.187500 6.450000
v -6.512500 -0.062500 6.250000
v -6.512500 -0.037500 6.250000
v -6.512500 -0.037500 6.275000
v -6.512500 -0.112500 6.225000
v -6.512500 -0.062500 6.225000
v -6.512500 0.112500 6.475000
v -6.512500 0.137500 6.475000
v -6.512500 -0.162500 6.200000
v -6.512500 -0.112500 6.200000
v -6.512500 -0.212500 6.175000
v -6.512500 -0.237500 6.150000
v -6.512500 -0.212500 6.150000
v -6.512500 -0.162500 6.175000
v -6.512500 -0.287500 6.125000
v -6.512500 -0.237500 6.125000
v -6.512500 -0.337500 6.100000
v -6.512500 -0.287500 6.100000
v -6.512500 0.062500 6.500000
v -6.512500 0.112500 6.500000
v -6.512500 -0.362500 6.075000
v -6.512500 -0.337500 6.075000
v -6.512500 -0.412500 6.050000
v -6.512500 -0.362500 6.050000
v -6.512500 -0.462500 6.025000
v -6.512500 -0.412500 6.025000
v -6.512500 0.012500 6.525000
v -6.512500 0.062500 6.525000
v -6.512500 -0.512500 6.000000
v -6.512500 -0.462500 6.000000
v -6.512500 -0.537500 5.975000
v -6.512500 -0.512500 5.975000
v -6.512500 -0.587500 5.950000
v -6.512500 -0.537500 5.950000
v -6.512500 -0.012500 6.525000
v -6.512500 0.012500 6.550000
v -6.512500 -0.012500 6.550000
v -6.512500 -0.062500 6.500000
v -6.512500 -0.637500 5.925000
v -6.512500 -0.587500 5.925000
v -6.512500 -0.112500 6.475000
v -6.512500 -0.137500 6.450000
v -6.512500 -0.687500 5.900000
v -6.512500 -0.712500 5.875000
v -6.512500 -0.687500 5.875000
v -6.512500 -0.637500 5.900000
v -6.512500 -0.062500 6.525000
v -6.512500 -0.112500 6.500000
v -6.512500 -0.137500 6.475000
v -6.512500 -0.187500 6.425000
v -6.512500 -0.762500 5.850000
v -6.512500 -0.712500 5.850000
v -6.512500 -0.237500 6.400000
v -6.512500 -0.187500 6.450000
v -6.512500 -0.812500 5.825000
v -6.512500 -0.762500 5.825000
v -6.512500 -0.312500 6.350000
v -6.512500 -0.237500 6.425000
v -6.512500 -0.287500 6.375000
v -6.512500 -0.862500 5.800000
v -6.512500 -0.887500 5.775000
v -6.512500 -0.862500 5.775000
v -6.512500 -0.812500 5.800000
v -6.512500 -0.287500 6.400000
v -6.512500 -0.312500 6.375000
v -6.512500 -0.362500 6.325000
v -6.512500 -0.937500 5.750000
v -6.512500 -0.887500 5.750000
v -6.512500 -0.987500 5.725000
v -6.512500 -0.937500 5.725000
v -6.512500 -0.362500 6.350000
v -6.512500 -0.412500 6.300000
v -6.512500 -1.012500 5.700000
v -6.512500 -0.987500 5.700000
v -6.512500 -0.412500 6.325000
v -6.512500 -0.462500 6.275000
v -6.512500 -0.487500 6.250000
v -6.512500 -1.062500 5.675000
v -6.512500 -1.012500 5.675000
v -6.512500 -0.462500 6.300000
v -6.512500 -0.537500 6.225000
v -6.512500 -0.487500 6.275000
v -6.512500 -1.112500 5.650000
v -6.512500 -1.062500 5.650000
v -6.512500 -0.587500 6.200000
v -6.512500 -1.162500 5.625000
v -6.512500 -1.112500 5.625000
v -6.512500 -0.537500 6.250000
v -6.512500 -1.187500 5.600000
v -6.512500 -1.162500 5.600000
v -6.512500 -0.662500 6.150000
v -6.512500 -0.587500 6.225000
v -6.512500 -0.637500 6.175000
v -6.512500 -1.237500 5.575000
v -6.512500 -1.187500 5.575000
v -6.512500 -1.287500 5.550000
v -6.512500 -1.237500 5.550000
v -6.512500 -0.637500 6.200000
v -6.512500 -0.662500 6.175000
v -6.512500 -0.712500 6.125000
v -6.512500 -1.337500 5.525000
v -6.512500 -1.362500 5.500000
v -6.512500 -1.337500 5.500000
v -6.512500 -1.287500 5.525000
v -6.512500 -0.712500 6.150000
v -6.512500 -0.762500 6.100000
v -6.512500 -0.787500 6.075000
v -6.512500 -0.762500 6.125000
v -6.512500 -1.412500 5.475000
v -6.512500 -1.362500 5.475000
v -6.512500 -0.787500 6.100000
v -6.512500 -0.837500 6.050000
v -6.512500 -1.462500 5.450000
v -6.512500 -1.412500 5.450000
v -6.512500 -1.487500 5.425000
v -6.512500 -1.462500 5.425000
v -6.512500 -0.837500 6.075000
v -6.512500 -0.887500 6.025000
v -6.512500 -1.537500 5.400000
v -6.512500 -1.487500 5.400000
v -6.512500 -0.937500 6.000000
v -6.512500 -0.962500 5.975000
v -6.512500 -0.887500 6.050000
v -6.512500 -1.587500 5.375000
v -6.512500 -1.537500 5.375000
v -6.512500 -0.962500 6.000000
v -6.512500 -1.012500 5.950000
v -6.512500 -0.937500 6.025000
v -6.512500 -1.637500 5.350000
v -6.512500 -1.662500 5.325000
v -6.512500 -1.637500 5.325000
v -6.512500 -1.587500 5.350000
v -6.512500 -1.012500 5.975000
v -6.512500 -1.062500 5.925000
v -6.512500 -1.712500 5.300000
v -6.512500 -1.662500 5.300000
v -6.512500 -1.062500 5.950000
v -6.512500 -1.112500 5.900000
v -6.512500 -1.137500 5.875000
v -6.512500 -1.187500 5.850000
v -6.512500 -1.762500 5.275000
v -6.512500 -1.712500 5.275000
v -6.512500 -1.112500 5.925000
v -6.512500 -1.137500 5.900000
v -6.512500 -1.812500 5.250000
v -6.512500 -1.837500 5.225000
v -6.512500 -1.812500 5.225000
v -6.512500 -1.762500 5.250000
v -6.512500 -1.237500 5.825000
v -6.512500 -1.187500 5.875000
v -6.512500 -1.887500 5.200000
v -6.512500 -1.837500 5.200000
v -6.512500 -1.287500 5.800000
v -6.512500 -1.237500 5.850000
v -6.512500 -1.312500 5.775000
v -6.512500 -1.937500 5.175000
v -6.512500 -1.887500 5.175000
v -6.512500 -1.287500 5.825000
v -6.512500 -1.312500 5.800000
v -6.512500 -1.362500 5.750000
v -6.512500 -1.987500 5.150000
v -6.512500 -1.937500 5.150000
v -6.512500 -1.437500 5.700000
v -6.512500 -2.012500 5.125000
v -6.512500 -1.987500 5.125000
v -6.512500 -1.362500 5.775000
v -6.512500 -1.412500 5.725000
v -6.512500 -2.062500 5.100000
v -6.512500 -2.012500 5.100000
v -6.512500 -1.412500 5.750000
v -6.512500 -1.437500 5.725000
v -6.512500 -1.487500 5.675000
v -6.512500 -1.537500 5.650000
v -6.512500 -2.112500 5.075000
v -6.512500 -2.137500 5.050000
v -6.512500 -2.112500 5.050000
v -6.512500 -2.062500 5.075000
v -6.512500 -1.487500 5.700000
v -6.512500 -2.187500 5.025000
v -6.512500 -2.137500 5.025000
v -6.512500 -1.537500 5.675000
v -6.512500 -1.587500 5.625000
v -6.512500 -1.612500 5.600000
v -6.512500 -1.662500 5.575000
v -6.512500 -2.237500 5.000000
v -6.512500 -2.187500 5.000000
v -6.512500 -1.587500 5.650000
v -6.512500 -1.612500 5.625000
v -6.512500 -2.287500 4.975000
v -6.512500 -2.312500 4.950000
v -6.512500 -2.287500 4.950000
v -6.512500 -2.237500 4.975000
v -6.512500 -1.662500 5.600000
v -6.512500 -1.712500 5.550000
v -6.512500 -2.362500 4.925000
v -6.512500 -2.312500 4.925000
v -6.512500 -1.712500 5.575000
v -6.512500 -1.762500 5.525000
v -6.512500 -1.787500 5.500000
v -6.512500 -2.412500 4.900000
v -6.512500 -2.362500 4.900000
v -6.512500 -1.762500 5.550000
v -6.512500 -1.787500 5.525000
v -6.512500 -1.837500 5.475000
v -6.512500 -2.462500 4.875000
v -6.512500 -2.487500 4.850000
v -6.512500 -2.462500 4.850000
v -6.512500 -2.412500 4.875000
v -6.512500 -1.887500 5.450000
v -6.512500 -1.837500 5.500000
v -6.512500 -1.912500 5.425000
v -6.512500 -2.537500 4.825000
v -6.512500 -2.487500 4.825000
v -6.512500 -1.962500 5.400000
v -6.512500 -1.887500 5.475000
v -6.512500 -1.912500 5.450000
v -6.512500 -2.587500 4.800000
v -6.512500 -2.537500 4.800000
v -6.512500 -1.962500 5.425000
v -6.512500 -2.012500 5.375000
v -6.512500 -2.062500 5.350000
v -6.512500 -2.087500 5.325000
v -6.512500 -2.637500 4.775000
v -6.512500 -2.662500 4.750000
v -6.512500 -2.637500 4.750000
v -6.512500 -2.587500 4.775000
v -6.512500 -2.012500 5.400000
v -6.512500 -2.712500 4.725000
v -6.512500 -2.662500 4.725000
v -6.512500 -2.062500 5.375000
v -6.512500 -2.087500 5.350000
v -6.512500 -2.137500 5.300000
v -6.512500 -2.762500 4.700000
v -6.512500 -2.787500 4.675000
v -6.512500 -2.762500 4.675000
v -6.512500 -2.712500 4.700000
v -6.512500 -2.137500 5.325000
v -6.512500 -2.187500 5.275000
v -6.512500 -2.262500 5.225000
v -6.512500 -2.837500 4.650000
v -6.512500 -2.787500 4.650000
v -6.512500 -2.187500 5.300000
v -6.512500 -2.237500 5.250000
v -6.512500 -2.312500 5.200000
v -6.512500 -2.887500 4.625000
v -6.512500 -2.837500 4.625000
v -6.512500 -2.237500 5.275000
v -6.512500 -2.262500 5.250000
v -6.512500 -2.312500 5.225000
v -6.512500 -2.362500 5.175000
v -6.512500 -2.937500 4.600000
v -6.512500 -2.962500 4.575000
v -6.512500 -2.937500 4.575000
v -6.512500 -2.887500 4.600000
v -6.512500 -3.012500 4.550000
v -6.512500 -2.962500 4.550000
v -6.512500 -2.362500 5.200000
v -6.512500 -2.437500 5.125000
v -6.512500 -2.412500 5.150000
v -6.512500 -2.487500 5.100000
v -6.512500 -2.412500 5.175000
v -6.512500 -2.437500 5.150000
v -6.512500 -3.062500 4.525000
v -6.512500 -3.012500 4.525000
v -6.512500 -2.537500 5.075000
v -6.512500 -2.562500 5.050000
v -6.512500 -3.112500 4.500000
v -6.512500 -3.062500 4.500000
v -6.512500 -3.137500 4.475000
v -6.512500 -3.112500 4.475000
v -6.512500 -2.487500 5.125000
v -6.512500 -2.537500 5.100000
v -6.512500 -2.612500 5.025000
v -6.512500 -3.187500 4.450000
v -6.512500 -3.137500 4.450000
v -6.512500 -2.562500 5.075000
v -6.512500 -3.237500 4.425000
v -6.512500 -3.187500 4.425000
v -6.512500 -2.612500 5.050000
v -6.512500 -2.662500 5.000000
v -6.512500 -3.287500 4.400000
v -6.512500 -3.312500 4.375000
v -6.512500 -3.287500 4.375000
v -6.512500 -3.237500 4.400000
v -6.512500 -2.662500 5.025000
v -6.512500 -2.712500 4.975000
v -6.512500 -2.737500 4.950000
v -6.512500 -2.787500 4.925000
v -6.512500 -3.362500 4.350000
v -6.512500 -3.312500 4.350000
v -6.512500 -2.712500 5.000000
v -6.512500 -2.737500 4.975000
v -6.512500 -2.787500 4.950000
v -6.512500 -2.837500 4.900000
v -6.512500 -3.412500 4.325000
v -6.512500 -3.362500 4.325000
v -6.512500 -3.437500 4.300000
v -6.512500 -3.412500 4.300000
v -6.512500 -3.487500 4.275000
v -6.512500 -3.437500 4.275000
v -6.512500 -2.837500 4.925000
v -6.512500 -2.912500 4.850000
v -6.512500 -2.887500 4.875000
v -6.512500 -2.912500 4.875000
v -6.512500 -2.962500 4.825000
v -6.512500 -3.537500 4.250000
v -6.512500 -3.487500 4.250000
v -6.512500 -2.887500 4.900000
v -6.512500 -3.587500 4.225000
v -6.512500 -3.612500 4.200000
v -6.512500 -3.587500 4.200000
v -6.512500 -3.537500 4.225000
v -6.512500 -2.962500 4.850000
v -6.512500 -3.012500 4.800000
v -6.512500 -3.662500 4.175000
v -6.512500 -3.612500 4.175000
v -6.512500 -3.012500 4.825000
v -6.512500 -3.087500 4.750000
v -6.512500 -3.062500 4.775000
v -6.512500 -3.712500 4.150000
v -6.512500 -3.662500 4.150000
v -6.512500 -3.062500 4.800000
v -6.512500 -3.087500 4.775000
v -6.512500 -3.137500 4.725000
v -6.512500 -3.212500 4.675000
v -6.512500 -3.762500 4.125000
v -6.512500 -3.787500 4.100000
v -6.512500 -3.762500 4.100000
v -6.512500 -3.712500 4.125000
v -6.512500 -3.137500 4.750000
v -6.512500 -3.187500 4.700000
v -6.512500 -3.837500 4.075000
v -6.512500 -3.787500 4.075000
v -6.512500 -3.212500 4.700000
v -6.512500 -3.262500 4.650000
v -6.512500 -3.187500 4.725000
v -6.512500 -3.887500 4.050000
v -6.512500 -3.912500 4.025000
v -6.512500 -3.887500 4.025000
v -6.512500 -3.837500 4.050000
v -6.512500 -3.262500 4.675000
v -6.512500 -3.312500 4.625000
v -6.512500 -3.962500 4.000000
v -6.512500 -3.912500 4.000000
v -6.512500 -3.312500 4.650000
v -6.512500 -3.362500 4.600000
v -6.512500 -3.387500 4.575000
v -6.512500 -4.012500 3.975000
v -6.512500 -3.962500 3.975000
v -6.512500 -3.362500 4.625000
v -6.512500 -3.387500 4.600000
v -6.512500 -3.437500 4.550000
v -6.512500 -3.487500 4.525000
v -6.512500 -4.062500 3.950000
v -6.512500 -4.087500 3.925000
v -6.512500 -4.062500 3.925000
v -6.512500 -4.012500 3.950000
v -6.512500 -3.437500 4.575000
v -6.512500 -4.137500 3.900000
v -6.512500 -4.087500 3.900000
v -6.512500 -3.487500 4.550000
v -6.512500 -3.537500 4.500000
v -6.512500 -3.562500 4.475000
v -6.512500 -3.537500 4.525000
v -6.512500 -3.612500 4.450000
v -6.512500 -4.187500 3.875000
v -6.512500 -4.137500 3.875000
v -6.512500 -3.562500 4.500000
v -6.512500 -3.612500 4.475000
v -6.512500 -3.662500 4.425000
v -6.512500 -4.237500 3.850000
v -6.512500 -4.262500 3.825000
v -6.512500 -4.237500 3.825000
v -6.512500 -4.187500 3.850000
v -6.512500 -3.712500 4.400000
v -6.512500 -3.662500 4.450000
v -6.512500 -4.312500 3.800000
v -6.512500 -4.262500 3.800000
v -6.512500 -3.737500 4.375000
v -6.512500 -4.362500 3.775000
v -6.512500 -4.312500 3.775000
v -6.512500 -3.712500 4.425000
v -6.512500 -3.737500 4.400000
v -6.512500 -3.787500 4.350000
v -6.512500 -3.837500 4.325000
v -6.512500 -3.862500 4.300000
v -6.512500 -4.412500 3.750000
v -6.512500 -4.437500 3.725000
v -6.512500 -4.412500 3.725000
v -6.512500 -4.362500 3.750000
v -6.512500 -3.787500 4.375000
v -6.512500 -4.487500 3.700000
v -6.512500 -4.437500 3.700000
v -6.512500 -3.837500 4.350000
v -6.512500 -3.862500 4.325000
v -6.512500 -3.912500 4.275000
v -6.512500 -4.537500 3.675000
v -6.512500 -4.562500 3.650000
v -6.512500 -4.537500 3.650000
v -6.512500 -4.487500 3.675000
v -6.512500 -3.912500 4.300000
v -6.512500 -3.962500 4.250000
v -6.512500 -4.612500 3.625000
v -6.512500 -4.562500 3.625000
v -6.512500 -3.962500 4.275000
v -6.512500 -4.012500 4.225000
v -6.512500 -4.037500 4.200000
v -6.512500 -4.662500 3.600000
v -6.512500 -4.612500 3.600000
v -6.512500 -4.087500 4.175000
v -6.512500 -4.012500 4.250000
v -6.512500 -4.037500 4.225000
v -6.512500 -4.712500 3.575000
v -6.512500 -4.737500 3.550000
v -6.512500 -4.712500 3.550000
v -6.512500 -4.662500 3.575000
v -6.512500 -4.137500 4.150000
v -6.512500 -4.087500 4.200000
v -6.512500 -4.787500 3.525000
v -6.512500 -4.737500 3.525000
v -6.512500 -4.137500 4.175000
v -6.512500 -4.212500 4.100000
v -6.512500 -4.187500 4.125000
v -6.512500 -4.837500 3.500000
v -6.512500 -4.787500 3.500000
v -6.512500 -4.187500 4.150000
v -6.512500 -4.212500 4.125000
v -6.512500 -4.262500 4.075000
v -6.512500 -4.887500 3.475000
v -6.512500 -4.837500 3.475000
v -6.512500 -4.337500 4.025000
v -6.512500 -4.912500 3.450000
v -6.512500 -4.887500 3.450000
v -6.512500 -4.312500 4.050000
v -6.512500 -4.262500 4.100000
v -6.512500 -4.962500 3.425000
v -6.512500 -4.912500 3.425000
v -6.512500 -4.337500 4.050000
v -6.512500 -4.312500 4.075000
v -6.512500 -4.387500 4.000000
v -6.512500 -5.012500 3.400000
v -6.512500 -4.962500 3.400000
v -6.512500 -4.387500 4.025000
v -6.512500 -4.437500 3.975000
v -6.512500 -4.512500 3.925000
v -6.512500 -5.062500 3.375000
v -6.512500 -5.087500 3.350000
v -6.512500 -5.062500 3.350000
v -6.512500 -5.012500 3.375000
v -6.512500 -4.487500 3.950000
v -6.512500 -4.437500 4.000000
v -6.512500 -5.137500 3.325000
v -6.512500 -5.087500 3.325000
v -6.512500 -4.512500 3.950000
v -6.512500 -4.562500 3.900000
v -6.512500 -4.487500 3.975000
v -6.512500 -5.187500 3.300000
v -6.512500 -5.212500 3.275000
v -6.512500 -5.187500 3.275000
v -6.512500 -5.137500 3.300000
v -6.512500 -4.562500 3.925000
v -6.512500 -4.612500 3.875000
v -6.512500 -5.262500 3.250000
v -6.512500 -5.212500 3.250000
v -6.512500 -4.612500 3.900000
v -6.512500 -4.662500 3.850000
v -6.512500 -4.687500 3.825000
v -6.512500 -4.737500 3.800000
v -6.512500 -5.312500 3.225000
v -6.512500 -5.262500 3.225000
v -6.512500 -4.662500 3.875000
v -6.512500 -4.687500 3.850000
v -6.512500 -5.362500 3.200000
v -6.512500 -5.387500 3.175000
v -6.512500 -5.362500 3.175000
v -6.512500 -5.312500 3.200000
v -6.512500 -4.737500 3.825000
v -6.512500 -4.787500 3.775000
v -6.512500 -5.437500 3.150000
v -6.512500 -5.387500 3.150000
v -6.512500 -4.787500 3.800000
v -6.512500 -4.837500 3.750000
v -6.512500 -4.862500 3.725000
v -6.512500 -5.487500 3.125000
v -6.512500 -5.512500 3.100000
v -6.512500 -5.487500 3.100000
v -6.512500 -5.437500 3.125000
v -6.512500 -4.837500 3.775000
v -6.512500 -4.862500 3.750000
v -6.512500 -4.912500 3.700000
v -6.512500 -4.962500 3.675000
v -6.512500 -4.987500 3.650000
v -6.512500 -4.912500 3.725000
v -6.512500 -4.962500 3.700000
v -6.512500 -4.987500 3.675000
v -6.512500 -5.037500 3.625000
v -6.512500 -5.087500 3.600000
v -6.512500 -5.037500 3.650000
v -6.512500 -5.087500 3.625000
v -6.512500 -5.137500 3.575000
v -6.512500 -5.162500 3.550000
v -6.512500 -5.212500 3.525000
v -6.512500 -5.137500 3.600000
v -6.512500 -5.162500 3.575000
v -6.512500 -5.212500 3.550000
v -6.512500 -5.262500 3.500000
v -6.512500 -5.337500 3.450000
v -6.512500 -5.262500 3.525000
v -6.512500 -5.312500 3.475000
v -6.512500 -5.337500 3.475000
v -6.512500 -5.387500 3.425000
v -6.512500 -5.312500 3.500000
v -6.512500 -5.387500 3.450000
v -6.512500 -5.437500 3.400000
v -6.512500 -5.437500 3.425000
v -6.512500 -5.487500 3.375000
v -6.512500 -5.512500 3.375000
v -6.512500 -5.487500 3.400000
v -6.512500 -4.712500 3.400000
v -6.512500 -4.837500 3.400000
v -6.512500 4.712500 3.400000
v -6.512500 4.812500 3.400000
v -6.512500 -0.062500 6.125000
v -6.512500 0.062500 6.125000
v 6.512500 -5.487500 3.375000
v 6.512500 -5.512500 3.375000
v 6.512500 5.437500 3.400000
v 6.512500 5.462500 3.400000
v 6.512500 5.462500 3.375000
v 6.512500 5.387500 3.425000
v 6.512500 5.437500 3.425000
v 6.512500 5.337500 3.450000
v 6.512500 5.387500 3.450000
v 6.512500 5.287500 3.475000
v 6.512500 5.262500 3.500000
v 6.512500 5.287500 3.500000
v 6.512500 5.337500 3.475000
v 6.512500 5.212500 3.525000
v 6.512500 5.262500 3.525000
v 6.512500 5.162500 3.550000
v 6.512500 5.212500 3.550000
v 6.512500 5.112500 3.575000
v 6.512500 5.087500 3.600000
v 6.512500 5.112500 3.600000
v 6.512500 5.162500 3.575000
v 6.512500 5.037500 3.625000
v 6.512500 5.087500 3.625000
v 6.512500 4.987500 3.650000
v 6.512500 4.962500 3.675000
v 6.512500 4.987500 3.675000
v 6.512500 5.037500 3.650000
v 6.512500 4.912500 3.700000
v 6.512500 4.962500 3.700000
v 6.512500 5.512500 3.100000
v 6.512500 5.487500 3.125000
v 6.512500 5.512500 3.375000
v 6.512500 5.487500 3.100000
v 6.512500 5.437500 3.150000
v 6.512500 4.862500 3.725000
v 6.512500 4.912500 3.725000
v 6.512500 5.387500 3.175000
v 6.512500 4.812500 3.750000
v 6.512500 4.787500 3.775000
v 6.512500 4.812500 3.775000
v 6.512500 4.862500 3.750000
v 6.512500 5.437500 3.125000
v 6.512500 5.387500 3.150000
v 6.512500 5.312500 3.225000
v 6.512500 4.737500 3.800000
v 6.512500 4.787500 3.800000
v 6.512500 5.337500 3.200000
v 6.512500 5.262500 3.250000
v 6.512500 4.687500 3.825000
v 6.512500 4.737500 3.825000
v 6.512500 5.337500 3.175000
v 6.512500 5.312500 3.200000
v 6.512500 4.637500 3.850000
v 6.512500 4.612500 3.875000
v 6.512500 4.637500 3.875000
v 6.512500 4.687500 3.850000
v 6.512500 5.262500 3.225000
v 6.512500 5.187500 3.300000
v 6.512500 5.212500 3.275000
v 6.512500 5.137500 3.325000
v 6.512500 4.562500 3.900000
v 6.512500 4.612500 3.900000
v 6.512500 5.212500 3.250000
v 6.512500 5.187500 3.275000
v 6.512500 4.512500 3.925000
v 6.512500 4.562500 3.925000
v 6.512500 5.137500 3.300000
v 6.512500 5.087500 3.350000
v 6.512500 5.012500 3.400000
v 6.512500 4.462500 3.950000
v 6.512500 4.437500 3.975000
v 6.512500 4.462500 3.975000
v 6.512500 4.512500 3.950000
v 6.512500 5.087500 3.325000
v 6.512500 5.037500 3.375000
v 6.512500 5.037500 3.350000
v 6.512500 4.387500 4.000000
v 6.512500 4.437500 4.000000
v 6.512500 5.012500 3.375000
v 6.512500 4.962500 3.425000
v 6.512500 4.337500 4.025000
v 6.512500 4.312500 4.050000
v 6.512500 4.337500 4.050000
v 6.512500 4.387500 4.025000
v 6.512500 4.962500 3.400000
v 6.512500 4.912500 3.450000
v 6.512500 4.912500 3.425000
v 6.512500 4.837500 3.500000
v 6.512500 4.262500 4.075000
v 6.512500 4.312500 4.075000
v 6.512500 4.862500 3.475000
v 6.512500 4.787500 3.525000
v 6.512500 4.212500 4.100000
v 6.512500 4.262500 4.100000
v 6.512500 4.837500 3.475000
v 6.512500 4.812500 3.500000
v 6.512500 4.862500 3.450000
v 6.512500 4.787500 3.500000
v 6.512500 4.162500 4.125000
v 6.512500 4.137500 4.150000
v 6.512500 4.162500 4.150000
v 6.512500 4.212500 4.125000
v 6.512500 4.737500 3.550000
v 6.512500 4.087500 4.175000
v 6.512500 4.137500 4.175000
v 6.512500 4.737500 3.525000
v 6.512500 4.662500 3.600000
v 6.512500 4.687500 3.575000
v 6.512500 4.712500 3.550000
v 6.512500 4.662500 3.575000
v 6.512500 4.687500 3.550000
v 6.512500 4.612500 3.625000
v 6.512500 4.037500 4.200000
v 6.512500 4.087500 4.200000
v 6.512500 4.612500 3.600000
v 6.512500 4.537500 3.675000
v 6.512500 4.562500 3.650000
v 6.512500 3.987500 4.225000
v 6.512500 3.962500 4.250000
v 6.512500 3.987500 4.250000
v 6.512500 4.037500 4.225000
v 6.512500 4.537500 3.650000
v 6.512500 4.562500 3.625000
v 6.512500 3.912500 4.275000
v 6.512500 3.962500 4.275000
v 6.512500 4.487500 3.700000
v 6.512500 4.487500 3.675000
v 6.512500 4.437500 3.725000
v 6.512500 3.862500 4.300000
v 6.512500 3.837500 4.325000
v 6.512500 3.862500 4.325000
v 6.512500 3.912500 4.300000
v 6.512500 4.437500 3.700000
v 6.512500 3.787500 4.350000
v 6.512500 3.837500 4.350000
v 6.512500 4.387500 3.750000
v 6.512500 4.362500 3.775000
v 6.512500 4.387500 3.725000
v 6.512500 4.362500 3.750000
v 6.512500 4.312500 3.800000
v 6.512500 3.737500 4.375000
v 6.512500 3.787500 4.375000
v 6.512500 4.262500 3.825000
v 6.512500 4.312500 3.775000
v 6.512500 3.687500 4.400000
v 6.512500 3.662500 4.425000
v 6.512500 3.687500 4.425000
v 6.512500 3.737500 4.400000
v 6.512500 4.262500 3.800000
v 6.512500 4.187500 3.875000
v 6.512500 3.612500 4.450000
v 6.512500 3.662500 4.450000
v 6.512500 4.212500 3.850000
v 6.512500 4.137500 3.900000
v 6.512500 4.187500 3.850000
v 6.512500 4.212500 3.825000
v 6.512500 3.562500 4.475000
v 6.512500 3.612500 4.475000
v 6.512500 3.512500 4.500000
v 6.512500 3.562500 4.500000
v 6.512500 4.137500 3.875000
v 6.512500 3.487500 4.525000
v 6.512500 3.512500 4.525000
v 6.512500 4.087500 3.925000
v 6.512500 4.012500 3.975000
v 6.512500 4.087500 3.900000
v 6.512500 4.037500 3.950000
v 6.512500 3.437500 4.550000
v 6.512500 3.487500 4.550000
v 6.512500 3.387500 4.575000
v 6.512500 3.437500 4.575000
v 6.512500 4.037500 3.925000
v 6.512500 3.962500 4.000000
v 6.512500 4.012500 3.950000
v 6.512500 3.337500 4.600000
v 6.512500 3.387500 4.600000
v 6.512500 3.887500 4.050000
v 6.512500 3.312500 4.625000
v 6.512500 3.337500 4.625000
v 6.512500 3.962500 3.975000
v 6.512500 3.912500 4.025000
v 6.512500 3.262500 4.650000
v 6.512500 3.312500 4.650000
v 6.512500 3.887500 4.025000
v 6.512500 3.837500 4.075000
v 6.512500 3.912500 4.000000
v 6.512500 3.212500 4.675000
v 6.512500 3.187500 4.700000
v 6.512500 3.212500 4.700000
v 6.512500 3.262500 4.675000
v 6.512500 3.837500 4.050000
v 6.512500 3.787500 4.100000
v 6.512500 3.137500 4.725000
v 6.512500 3.187500 4.725000
v 6.512500 3.712500 4.150000
v 6.512500 3.787500 4.075000
v 6.512500 3.737500 4.125000
v 6.512500 3.737500 4.100000
v 6.512500 3.087500 4.750000
v 6.512500 3.137500 4.750000
v 6.512500 3.712500 4.125000
v 6.512500 3.662500 4.175000
v 6.512500 3.037500 4.775000
v 6.512500 3.012500 4.800000
v 6.512500 3.037500 4.800000
v 6.512500 3.087500 4.775000
v 6.512500 3.662500 4.150000
v 6.512500 3.612500 4.200000
v 6.512500 3.612500 4.175000
v 6.512500 3.537500 4.250000
v 6.512500 2.962500 4.825000
v 6.512500 3.012500 4.825000
v 6.512500 3.562500 4.225000
v 6.512500 2.912500 4.850000
v 6.512500 2.962500 4.850000
v 6.512500 3.562500 4.200000
v 6.512500 3.537500 4.225000
v 6.512500 3.487500 4.275000
v 6.512500 2.862500 4.875000
v 6.512500 2.912500 4.875000
v 6.512500 2.837500 4.900000
v 6.512500 2.862500 4.900000
v 6.512500 3.412500 4.325000
v 6.512500 3.487500 4.250000
v 6.512500 3.437500 4.300000
v 6.512500 2.787500 4.925000
v 6.512500 2.837500 4.925000
v 6.512500 3.437500 4.275000
v 6.512500 3.412500 4.300000
v 6.512500 3.362500 4.350000
v 6.512500 3.362500 4.325000
v 6.512500 2.737500 4.950000
v 6.512500 2.787500 4.950000
v 6.512500 3.312500 4.375000
v 6.512500 3.312500 4.350000
v 6.512500 2.687500 4.975000
v 6.512500 2.662500 5.000000
v 6.512500 2.687500 5.000000
v 6.512500 2.737500 4.975000
v 6.512500 3.262500 4.400000
v 6.512500 3.237500 4.425000
v 6.512500 2.612500 5.025000
v 6.512500 2.662500 5.025000
v 6.512500 3.237500 4.400000
v 6.512500 3.262500 4.375000
v 6.512500 3.187500 4.450000
v 6.512500 3.137500 4.475000
v 6.512500 2.562500 5.050000
v 6.512500 2.612500 5.050000
v 6.512500 2.537500 5.075000
v 6.512500 2.562500 5.075000
v 6.512500 3.187500 4.425000
v 6.512500 2.487500 5.100000
v 6.512500 2.537500 5.100000
v 6.512500 3.137500 4.450000
v 6.512500 3.062500 4.525000
v 6.512500 3.087500 4.500000
v 6.512500 2.437500 5.125000
v 6.512500 2.487500 5.125000
v 6.512500 3.087500 4.475000
v 6.512500 3.012500 4.550000
v 6.512500 3.062500 4.500000
v 6.512500 2.387500 5.150000
v 6.512500 2.362500 5.175000
v 6.512500 2.387500 5.175000
v 6.512500 2.437500 5.150000
v 6.512500 2.962500 4.575000
v 6.512500 3.012500 4.525000
v 6.512500 2.887500 4.625000
v 6.512500 2.912500 4.600000
v 6.512500 2.312500 5.200000
v 6.512500 2.362500 5.200000
v 6.512500 2.962500 4.550000
v 6.512500 2.262500 5.225000
v 6.512500 2.312500 5.225000
v 6.512500 2.887500 4.600000
v 6.512500 2.837500 4.650000
v 6.512500 2.912500 4.575000
v 6.512500 2.212500 5.250000
v 6.512500 2.262500 5.250000
v 6.512500 2.187500 5.275000
v 6.512500 2.212500 5.275000
v 6.512500 2.787500 4.675000
v 6.512500 2.762500 4.700000
v 6.512500 2.837500 4.625000
v 6.512500 2.137500 5.300000
v 6.512500 2.187500 5.300000
v 6.512500 2.762500 4.675000
v 6.512500 2.712500 4.725000
v 6.512500 2.787500 4.650000
v 6.512500 2.662500 4.750000
v 6.512500 2.087500 5.325000
v 6.512500 2.137500 5.325000
v 6.512500 2.712500 4.700000
v 6.512500 2.037500 5.350000
v 6.512500 2.012500 5.375000
v 6.512500 2.037500 5.375000
v 6.512500 2.087500 5.350000
v 6.512500 2.612500 4.775000
v 6.512500 2.587500 4.800000
v 6.512500 2.662500 4.725000
v 6.512500 1.962500 5.400000
v 6.512500 2.012500 5.400000
v 6.512500 2.612500 4.750000
v 6.512500 2.537500 4.825000
v 6.512500 2.587500 4.775000
v 6.512500 1.912500 5.425000
v 6.512500 1.962500 5.425000
v 6.512500 1.887500 5.450000
v 6.512500 1.912500 5.450000
v 6.512500 2.487500 4.850000
v 6.512500 2.537500 4.800000
v 6.512500 2.437500 4.875000
v 6.512500 1.837500 5.475000
v 6.512500 1.887500 5.475000
v 6.512500 2.412500 4.900000
v 6.512500 2.487500 4.825000
v 6.512500 1.787500 5.500000
v 6.512500 1.837500 5.500000
v 6.512500 2.412500 4.875000
v 6.512500 2.362500 4.925000
v 6.512500 2.437500 4.850000
v 6.512500 1.737500 5.525000
v 6.512500 1.787500 5.525000
v 6.512500 1.712500 5.550000
v 6.512500 1.737500 5.550000
v 6.512500 2.362500 4.900000
v 6.512500 2.312500 4.950000
v 6.512500 2.237500 5.000000
v 6.512500 2.262500 4.975000
v 6.512500 1.662500 5.575000
v 6.512500 1.712500 5.575000
v 6.512500 2.312500 4.925000
v 6.512500 2.187500 5.025000
v 6.512500 1.612500 5.600000
v 6.512500 1.662500 5.600000
v 6.512500 2.237500 4.975000
v 6.512500 2.262500 4.950000
v 6.512500 1.562500 5.625000
v 6.512500 1.537500 5.650000
v 6.512500 1.562500 5.650000
v 6.512500 1.612500 5.625000
v 6.512500 2.137500 5.050000
v 6.512500 2.187500 5.000000
v 6.512500 2.112500 5.075000
v 6.512500 1.487500 5.675000
v 6.512500 1.537500 5.675000
v 6.512500 2.112500 5.050000
v 6.512500 2.062500 5.100000
v 6.512500 2.137500 5.025000
v 6.512500 2.012500 5.125000
v 6.512500 1.437500 5.700000
v 6.512500 1.412500 5.725000
v 6.512500 1.437500 5.725000
v 6.512500 1.487500 5.700000
v 6.512500 2.062500 5.075000
v 6.512500 1.362500 5.750000
v 6.512500 1.412500 5.750000
v 6.512500 1.937500 5.175000
v 6.512500 1.962500 5.150000
v 6.512500 2.012500 5.100000
v 6.512500 1.312500 5.775000
v 6.512500 1.362500 5.775000
v 6.512500 1.962500 5.125000
v 6.512500 1.887500 5.200000
v 6.512500 1.937500 5.150000
v 6.512500 1.262500 5.800000
v 6.512500 1.237500 5.825000
v 6.512500 1.262500 5.825000
v 6.512500 1.312500 5.800000
v 6.512500 1.887500 5.175000
v 6.512500 1.837500 5.225000
v 6.512500 1.762500 5.275000
v 6.512500 1.787500 5.250000
v 6.512500 1.187500 5.850000
v 6.512500 1.237500 5.850000
v 6.512500 1.837500 5.200000
v 6.512500 1.137500 5.875000
v 6.512500 1.187500 5.875000
v 6.512500 1.787500 5.225000
v 6.512500 1.762500 5.250000
v 6.512500 1.712500 5.300000
v 6.512500 1.087500 5.900000
v 6.512500 1.137500 5.900000
v 6.512500 1.062500 5.925000
v 6.512500 1.087500 5.925000
v 6.512500 1.712500 5.275000
v 6.512500 1.662500 5.325000
v 6.512500 1.587500 5.375000
v 6.512500 1.662500 5.300000
v 6.512500 1.612500 5.350000
v 6.512500 1.012500 5.950000
v 6.512500 1.062500 5.950000
v 6.512500 1.537500 5.400000
v 6.512500 0.962500 5.975000
v 6.512500 1.012500 5.975000
v 6.512500 1.612500 5.325000
v 6.512500 1.587500 5.350000
v 6.512500 0.912500 6.000000
v 6.512500 0.887500 6.025000
v 6.512500 0.912500 6.025000
v 6.512500 0.962500 6.000000
v 6.512500 1.537500 5.375000
v 6.512500 1.487500 5.425000
v 6.512500 1.462500 5.450000
v 6.512500 1.412500 5.475000
v 6.512500 0.837500 6.050000
v 6.512500 0.887500 6.050000
v 6.512500 1.487500 5.400000
v 6.512500 1.462500 5.425000
v 6.512500 1.362500 5.500000
v 6.512500 0.787500 6.075000
v 6.512500 0.762500 6.100000
v 6.512500 0.787500 6.100000
v 6.512500 0.837500 6.075000
v 6.512500 1.412500 5.450000
v 6.512500 0.712500 6.125000
v 6.512500 0.762500 6.125000
v 6.512500 1.362500 5.475000
v 6.512500 1.312500 5.525000
v 6.512500 1.287500 5.550000
v 6.512500 0.662500 6.150000
v 6.512500 0.712500 6.150000
v 6.512500 1.237500 5.575000
v 6.512500 1.312500 5.500000
v 6.512500 1.287500 5.525000
v 6.512500 0.612500 6.175000
v 6.512500 0.587500 6.200000
v 6.512500 0.612500 6.200000
v 6.512500 0.662500 6.175000
v 6.512500 1.237500 5.550000
v 6.512500 1.187500 5.600000
v 6.512500 1.112500 5.650000
v 6.512500 1.137500 5.625000
v 6.512500 0.537500 6.225000
v 6.512500 0.587500 6.225000
v 6.512500 1.187500 5.575000
v 6.512500 0.487500 6.250000
v 6.512500 0.537500 6.250000
v 6.512500 1.062500 5.675000
v 6.512500 1.112500 5.625000
v 6.512500 1.137500 5.600000
v 6.512500 0.437500 6.275000
v 6.512500 0.412500 6.300000
v 6.512500 0.437500 6.300000
v 6.512500 0.487500 6.275000
v 6.512500 1.012500 5.700000
v 6.512500 0.987500 5.725000
v 6.512500 1.062500 5.650000
v 6.512500 0.362500 6.325000
v 6.512500 0.412500 6.325000
v 6.512500 0.937500 5.750000
v 6.512500 1.012500 5.675000
v 6.512500 0.987500 5.700000
v 6.512500 0.887500 5.775000
v 6.512500 0.312500 6.350000
v 6.512500 0.362500 6.350000
v 6.512500 0.937500 5.725000
v 6.512500 0.262500 6.375000
v 6.512500 0.237500 6.400000
v 6.512500 0.262500 6.400000
v 6.512500 0.312500 6.375000
v 6.512500 0.812500 5.825000
v 6.512500 0.887500 5.750000
v 6.512500 0.837500 5.800000
v 6.512500 0.187500 6.425000
v 6.512500 0.237500 6.425000
v 6.512500 0.762500 5.850000
v 6.512500 0.837500 5.775000
v 6.512500 0.812500 5.800000
v 6.512500 0.712500 5.875000
v 6.512500 0.137500 6.450000
v 6.512500 0.112500 6.475000
v 6.512500 0.137500 6.475000
v 6.512500 0.187500 6.450000
v 6.512500 0.762500 5.825000
v 6.512500 0.062500 6.500000
v 6.512500 0.112500 6.500000
v 6.512500 0.637500 5.925000
v 6.512500 0.712500 5.850000
v 6.512500 0.662500 5.900000
v 6.512500 0.012500 6.525000
v 6.512500 -0.012500 6.550000
v 6.512500 0.012500 6.550000
v 6.512500 0.062500 6.525000
v 6.512500 0.662500 5.875000
v 6.512500 0.637500 5.900000
v 6.512500 0.587500 5.950000
v 6.512500 -0.012500 6.525000
v 6.512500 0.587500 5.925000
v 6.512500 0.537500 5.975000
v 6.512500 0.462500 6.025000
v 6.512500 0.487500 6.000000
v 6.512500 0.537500 5.950000
v 6.512500 0.487500 5.975000
v 6.512500 0.462500 6.000000
v 6.512500 0.412500 6.050000
v 6.512500 0.412500 6.025000
v 6.512500 0.337500 6.100000
v 6.512500 0.362500 6.075000
v 6.512500 -0.062500 6.500000
v 6.512500 -0.062500 6.525000
v 6.512500 0.287500 6.125000
v 6.512500 0.362500 6.050000
v 6.512500 0.337500 6.075000
v 6.512500 0.237500 6.150000
v 6.512500 0.287500 6.100000
v 6.512500 0.187500 6.175000
v 6.512500 0.237500 6.125000
v 6.512500 0.162500 6.200000
v 6.512500 -0.112500 6.475000
v 6.512500 -0.112500 6.500000
v 6.512500 0.162500 6.175000
v 6.512500 0.112500 6.225000
v 6.512500 0.187500 6.150000
v 6.512500 0.112500 6.200000
v 6.512500 0.062500 6.250000
v 6.512500 -0.137500 6.450000
v 6.512500 -0.137500 6.475000
v 6.512500 0.012500 6.275000
v 6.512500 0.062500 6.225000
v 6.512500 0.012500 6.250000
v 6.512500 -0.037500 6.275000
v 6.512500 -0.187500 6.425000
v 6.512500 -0.187500 6.450000
v 6.512500 -0.062500 6.250000
v 6.512500 -0.037500 6.250000
v 6.512500 -0.237500 6.400000
v 6.512500 -0.237500 6.425000
v 6.512500 -0.112500 6.225000
v 6.512500 -0.062500 6.225000
v 6.512500 -0.287500 6.375000
v 6.512500 -0.287500 6.400000
v 6.512500 -0.162500 6.200000
v 6.512500 -0.112500 6.200000
v 6.512500 -0.312500 6.350000
v 6.512500 -0.312500 6.375000
v 6.512500 -0.212500 6.175000
v 6.512500 -0.162500 6.175000
v 6.512500 -0.362500 6.325000
v 6.512500 -0.362500 6.350000
v 6.512500 -0.237500 6.150000
v 6.512500 -0.212500 6.150000
v 6.512500 -0.412500 6.300000
v 6.512500 -0.412500 6.325000
v 6.512500 -0.287500 6.125000
v 6.512500 -0.237500 6.125000
v 6.512500 -0.462500 6.275000
v 6.512500 -0.462500 6.300000
v 6.512500 -0.337500 6.100000
v 6.512500 -0.287500 6.100000
v 6.512500 -0.487500 6.250000
v 6.512500 -0.487500 6.275000
v 6.512500 -0.362500 6.075000
v 6.512500 -0.337500 6.075000
v 6.512500 -0.537500 6.225000
v 6.512500 -0.537500 6.250000
v 6.512500 -0.412500 6.050000
v 6.512500 -0.362500 6.050000
v 6.512500 -0.587500 6.200000
v 6.512500 -0.587500 6.225000
v 6.512500 -0.462500 6.025000
v 6.512500 -0.412500 6.025000
v 6.512500 -0.637500 6.175000
v 6.512500 -0.637500 6.200000
v 6.512500 -0.512500 6.000000
v 6.512500 -0.462500 6.000000
v 6.512500 -0.662500 6.150000
v 6.512500 -0.662500 6.175000
v 6.512500 -0.537500 5.975000
v 6.512500 -0.512500 5.975000
v 6.512500 -0.712500 6.125000
v 6.512500 -0.712500 6.150000
v 6.512500 -0.587500 5.950000
v 6.512500 -0.537500 5.950000
v 6.512500 -0.762500 6.100000
v 6.512500 -0.762500 6.125000
v 6.512500 -0.637500 5.925000
v 6.512500 -0.587500 5.925000
v 6.512500 -0.787500 6.075000
v 6.512500 -0.787500 6.100000
v 6.512500 -0.662500 5.900000
v 6.512500 -0.637500 5.900000
v 6.512500 -0.687500 5.900000
v 6.512500 -0.837500 6.050000
v 6.512500 -0.837500 6.075000
v 6.512500 -0.712500 5.875000
v 6.512500 -0.687500 5.875000
v 6.512500 -0.887500 6.025000
v 6.512500 -0.887500 6.050000
v 6.512500 -0.762500 5.850000
v 6.512500 -0.712500 5.850000
v 6.512500 -0.937500 6.000000
v 6.512500 -0.937500 6.025000
v 6.512500 -0.812500 5.825000
v 6.512500 -0.762500 5.825000
v 6.512500 -0.962500 5.975000
v 6.512500 -0.962500 6.000000
v 6.512500 -0.862500 5.800000
v 6.512500 -0.812500 5.800000
v 6.512500 -1.012500 5.950000
v 6.512500 -1.012500 5.975000
v 6.512500 -0.887500 5.775000
v 6.512500 -0.862500 5.775000
v 6.512500 -1.062500 5.925000
v 6.512500 -1.062500 5.950000
v 6.512500 -0.937500 5.750000
v 6.512500 -0.887500 5.750000
v 6.512500 -1.112500 5.900000
v 6.512500 -1.112500 5.925000
v 6.512500 -0.987500 5.725000
v 6.512500 -0.937500 5.725000
v 6.512500 -1.137500 5.875000
v 6.512500 -1.137500 5.900000
v 6.512500 -1.012500 5.700000
v 6.512500 -0.987500 5.700000
v 6.512500 -1.187500 5.850000
v 6.512500 -1.187500 5.875000
v 6.512500 -1.062500 5.675000
v 6.512500 -1.012500 5.675000
v 6.512500 -1.237500 5.825000
v 6.512500 -1.237500 5.850000
v 6.512500 -1.112500 5.650000
v 6.512500 -1.062500 5.650000
v 6.512500 -1.287500 5.800000
v 6.512500 -1.287500 5.825000
v 6.512500 -1.162500 5.625000
v 6.512500 -1.112500 5.625000
v 6.512500 -1.312500 5.775000
v 6.512500 -1.312500 5.800000
v 6.512500 -1.187500 5.600000
v 6.512500 -1.162500 5.600000
v 6.512500 -1.362500 5.750000
v 6.512500 -1.362500 5.775000
v 6.512500 -1.237500 5.575000
v 6.512500 -1.187500 5.575000
v 6.512500 -1.412500 5.725000
v 6.512500 -1.412500 5.750000
v 6.512500 -1.287500 5.550000
v 6.512500 -1.237500 5.550000
v 6.512500 -1.437500 5.700000
v 6.512500 -1.437500 5.725000
v 6.512500 -1.337500 5.525000
v 6.512500 -1.287500 5.525000
v 6.512500 -1.487500 5.675000
v 6.512500 -1.487500 5.700000
v 6.512500 -1.362500 5.500000
v 6.512500 -1.337500 5.500000
v 6.512500 -1.537500 5.650000
v 6.512500 -1.537500 5.675000
v 6.512500 -1.412500 5.475000
v 6.512500 -1.362500 5.475000
v 6.512500 -1.587500 5.625000
v 6.512500 -1.587500 5.650000
v 6.512500 -1.612500 5.600000
v 6.512500 -1.612500 5.625000
v 6.512500 -1.462500 5.450000
v 6.512500 -1.412500 5.450000
v 6.512500 -1.487500 5.425000
v 6.512500 -1.462500 5.425000
v 6.512500 -1.662500 5.575000
v 6.512500 -1.662500 5.600000
v 6.512500 -1.537500 5.400000
v 6.512500 -1.487500 5.400000
v 6.512500 -1.712500 5.550000
v 6.512500 -1.712500 5.575000
v 6.512500 -1.587500 5.375000
v 6.512500 -1.537500 5.375000
v 6.512500 -1.762500 5.525000
v 6.512500 -1.762500 5.550000
v 6.512500 -1.787500 5.500000
v 6.512500 -1.787500 5.525000
v 6.512500 -1.637500 5.350000
v 6.512500 -1.587500 5.350000
v 6.512500 -1.662500 5.325000
v 6.512500 -1.637500 5.325000
v 6.512500 -1.837500 5.475000
v 6.512500 -1.837500 5.500000
v 6.512500 -1.712500 5.300000
v 6.512500 -1.662500 5.300000
v 6.512500 -1.887500 5.450000
v 6.512500 -1.887500 5.475000
v 6.512500 -1.762500 5.275000
v 6.512500 -1.712500 5.275000
v 6.512500 -1.912500 5.425000
v 6.512500 -1.912500 5.450000
v 6.512500 -1.962500 5.400000
v 6.512500 -1.962500 5.425000
v 6.512500 -1.812500 5.250000
v 6.512500 -1.762500 5.250000
v 6.512500 -1.837500 5.225000
v 6.512500 -1.812500 5.225000
v 6.512500 -2.012500 5.375000
v 6.512500 -2.012500 5.400000
v 6.512500 -1.887500 5.200000
v 6.512500 -1.837500 5.200000
v 6.512500 -2.062500 5.350000
v 6.512500 -2.062500 5.375000
v 6.512500 -1.937500 5.175000
v 6.512500 -1.887500 5.175000
v 6.512500 -2.087500 5.325000
v 6.512500 -2.087500 5.350000
v 6.512500 -2.137500 5.300000
v 6.512500 -2.137500 5.325000
v 6.512500 -1.987500 5.150000
v 6.512500 -1.937500 5.150000
v 6.512500 -2.012500 5.125000
v 6.512500 -1.987500 5.125000
v 6.512500 -2.187500 5.275000
v 6.512500 -2.187500 5.300000
v 6.512500 -2.062500 5.100000
v 6.512500 -2.012500 5.100000
v 6.512500 -2.237500 5.250000
v 6.512500 -2.237500 5.275000
v 6.512500 -2.112500 5.075000
v 6.512500 -2.062500 5.075000
v 6.512500 -2.262500 5.225000
v 6.512500 -2.262500 5.250000
v 6.512500 -2.137500 5.050000
v 6.512500 -2.112500 5.050000
v 6.512500 -2.312500 5.200000
v 6.512500 -2.312500 5.225000
v 6.512500 -2.187500 5.025000
v 6.512500 -2.137500 5.025000
v 6.512500 -2.362500 5.175000
v 6.512500 -2.362500 5.200000
v 6.512500 -2.237500 5.000000
v 6.512500 -2.187500 5.000000
v 6.512500 -2.412500 5.150000
v 6.512500 -2.412500 5.175000
v 6.512500 -2.437500 5.125000
v 6.512500 -2.437500 5.150000
v 6.512500 -2.287500 4.975000
v 6.512500 -2.237500 4.975000
v 6.512500 -2.312500 4.950000
v 6.512500 -2.287500 4.950000
v 6.512500 -2.487500 5.100000
v 6.512500 -2.487500 5.125000
v 6.512500 -2.362500 4.925000
v 6.512500 -2.312500 4.925000
v 6.512500 -2.537500 5.075000
v 6.512500 -2.537500 5.100000
v 6.512500 -2.412500 4.900000
v 6.512500 -2.362500 4.900000
v 6.512500 -2.562500 5.050000
v 6.512500 -2.562500 5.075000
v 6.512500 -2.612500 5.025000
v 6.512500 -2.612500 5.050000
v 6.512500 -2.462500 4.875000
v 6.512500 -2.412500 4.875000
v 6.512500 -2.487500 4.850000
v 6.512500 -2.462500 4.850000
v 6.512500 -2.662500 5.000000
v 6.512500 -2.662500 5.025000
v 6.512500 -2.537500 4.825000
v 6.512500 -2.487500 4.825000
v 6.512500 -2.712500 4.975000
v 6.512500 -2.712500 5.000000
v 6.512500 -2.587500 4.800000
v 6.512500 -2.537500 4.800000
v 6.512500 -2.737500 4.950000
v 6.512500 -2.737500 4.975000
v 6.512500 -2.787500 4.925000
v 6.512500 -2.787500 4.950000
v 6.512500 -2.637500 4.775000
v 6.512500 -2.587500 4.775000
v 6.512500 -2.662500 4.750000
v 6.512500 -2.637500 4.750000
v 6.512500 -2.837500 4.900000
v 6.512500 -2.837500 4.925000
v 6.512500 -2.712500 4.725000
v 6.512500 -2.662500 4.725000
v 6.512500 -2.887500 4.875000
v 6.512500 -2.887500 4.900000
v 6.512500 -2.762500 4.700000
v 6.512500 -2.712500 4.700000
v 6.512500 -2.912500 4.850000
v 6.512500 -2.912500 4.875000
v 6.512500 -2.787500 4.675000
v 6.512500 -2.762500 4.675000
v 6.512500 -2.962500 4.825000
v 6.512500 -2.962500 4.850000
v 6.512500 -2.837500 4.650000
v 6.512500 -2.787500 4.650000
v 6.512500 -3.012500 4.800000
v 6.512500 -3.012500 4.825000
v 6.512500 -2.887500 4.625000
v 6.512500 -2.837500 4.625000
v 6.512500 -3.062500 4.775000
v 6.512500 -3.062500 4.800000
v 6.512500 -3.087500 4.750000
v 6.512500 -3.087500 4.775000
v 6.512500 -2.937500 4.600000
v 6.512500 -2.887500 4.600000
v 6.512500 -2.962500 4.575000
v 6.512500 -2.937500 4.575000
v 6.512500 -3.137500 4.725000
v 6.512500 -3.137500 4.750000
v 6.512500 -3.012500 4.550000
v 6.512500 -2.962500 4.550000
v 6.512500 -3.187500 4.700000
v 6.512500 -3.187500 4.725000
v 6.512500 -3.212500 4.675000
v 6.512500 -3.212500 4.700000
v 6.512500 -3.062500 4.525000
v 6.512500 -3.012500 4.525000
v 6.512500 -3.262500 4.650000
v 6.512500 -3.262500 4.675000
v 6.512500 -3.112500 4.500000
v 6.512500 -3.062500 4.500000
v 6.512500 -3.137500 4.475000
v 6.512500 -3.112500 4.475000
v 6.512500 -3.312500 4.625000
v 6.512500 -3.312500 4.650000
v 6.512500 -3.187500 4.450000
v 6.512500 -3.137500 4.450000
v 6.512500 -3.362500 4.600000
v 6.512500 -3.362500 4.625000
v 6.512500 -3.237500 4.425000
v 6.512500 -3.187500 4.425000
v 6.512500 -3.387500 4.575000
v 6.512500 -3.387500 4.600000
v 6.512500 -3.287500 4.400000
v 6.512500 -3.237500 4.400000
v 6.512500 -3.437500 4.550000
v 6.512500 -3.437500 4.575000
v 6.512500 -3.312500 4.375000
v 6.512500 -3.287500 4.375000
v 6.512500 -3.487500 4.525000
v 6.512500 -3.487500 4.550000
v 6.512500 -3.362500 4.350000
v 6.512500 -3.312500 4.350000
v 6.512500 -3.537500 4.500000
v 6.512500 -3.537500 4.525000
v 6.512500 -3.412500 4.325000
v 6.512500 -3.362500 4.325000
v 6.512500 -3.562500 4.475000
v 6.512500 -3.562500 4.500000
v 6.512500 -3.437500 4.300000
v 6.512500 -3.412500 4.300000
v 6.512500 -3.612500 4.450000
v 6.512500 -3.612500 4.475000
v 6.512500 -3.487500 4.275000
v 6.512500 -3.437500 4.275000
v 6.512500 -3.662500 4.425000
v 6.512500 -3.662500 4.450000
v 6.512500 -3.537500 4.250000
v 6.512500 -3.487500 4.250000
v 6.512500 -3.712500 4.400000
v 6.512500 -3.712500 4.425000
v 6.512500 -3.737500 4.375000
v 6.512500 -3.737500 4.400000
v 6.512500 -3.587500 4.225000
v 6.512500 -3.537500 4.225000
v 6.512500 -3.612500 4.200000
v 6.512500 -3.587500 4.200000
v 6.512500 -3.787500 4.350000
v 6.512500 -3.787500 4.375000
v 6.512500 -3.662500 4.175000
v 6.512500 -3.612500 4.175000
v 6.512500 -3.837500 4.325000
v 6.512500 -3.837500 4.350000
v 6.512500 -3.862500 4.300000
v 6.512500 -3.862500 4.325000
v 6.512500 -3.712500 4.150000
v 6.512500 -3.662500 4.150000
v 6.512500 -3.912500 4.275000
v 6.512500 -3.912500 4.300000
v 6.512500 -3.762500 4.125000
v 6.512500 -3.712500 4.125000
v 6.512500 -3.787500 4.100000
v 6.512500 -3.762500 4.100000
v 6.512500 -3.962500 4.250000
v 6.512500 -3.962500 4.275000
v 6.512500 -3.837500 4.075000
v 6.512500 -3.787500 4.075000
v 6.512500 -4.012500 4.225000
v 6.512500 -4.012500 4.250000
v 6.512500 -3.887500 4.050000
v 6.512500 -3.837500 4.050000
v 6.512500 -4.037500 4.200000
v 6.512500 -4.037500 4.225000
v 6.512500 -3.912500 4.025000
v 6.512500 -3.887500 4.025000
v 6.512500 -4.087500 4.175000
v 6.512500 -4.087500 4.200000
v 6.512500 -3.962500 4.000000
v 6.512500 -3.912500 4.000000
v 6.512500 -4.137500 4.150000
v 6.512500 -4.137500 4.175000
v 6.512500 -4.012500 3.975000
v 6.512500 -3.962500 3.975000
v 6.512500 -4.187500 4.125000
v 6.512500 -4.187500 4.150000
v 6.512500 -4.212500 4.100000
v 6.512500 -4.212500 4.125000
v 6.512500 -4.062500 3.950000
v 6.512500 -4.012500 3.950000
v 6.512500 -4.087500 3.925000
v 6.512500 -4.062500 3.925000
v 6.512500 -4.262500 4.075000
v 6.512500 -4.262500 4.100000
v 6.512500 -4.137500 3.900000
v 6.512500 -4.087500 3.900000
v 6.512500 -4.312500 4.050000
v 6.512500 -4.312500 4.075000
v 6.512500 -4.337500 4.025000
v 6.512500 -4.337500 4.050000
v 6.512500 -4.187500 3.875000
v 6.512500 -4.137500 3.875000
v 6.512500 -4.387500 4.000000
v 6.512500 -4.387500 4.025000
v 6.512500 -4.237500 3.850000
v 6.512500 -4.187500 3.850000
v 6.512500 -4.262500 3.825000
v 6.512500 -4.237500 3.825000
v 6.512500 -4.437500 3.975000
v 6.512500 -4.437500 4.000000
v 6.512500 -4.312500 3.800000
v 6.512500 -4.262500 3.800000
v 6.512500 -4.487500 3.950000
v 6.512500 -4.487500 3.975000
v 6.512500 -4.512500 3.925000
v 6.512500 -4.512500 3.950000
v 6.512500 -4.362500 3.775000
v 6.512500 -4.312500 3.775000
v 6.512500 -4.562500 3.900000
v 6.512500 -4.562500 3.925000
v 6.512500 -4.412500 3.750000
v 6.512500 -4.362500 3.750000
v 6.512500 -4.437500 3.725000
v 6.512500 -4.412500 3.725000
v 6.512500 -4.612500 3.875000
v 6.512500 -4.612500 3.900000
v 6.512500 -4.487500 3.700000
v 6.512500 -4.437500 3.700000
v 6.512500 -4.662500 3.850000
v 6.512500 -4.662500 3.875000
v 6.512500 -4.537500 3.675000
v 6.512500 -4.487500 3.675000
v 6.512500 -4.687500 3.825000
v 6.512500 -4.687500 3.850000
v 6.512500 -4.562500 3.650000
v 6.512500 -4.537500 3.650000
v 6.512500 -4.737500 3.800000
v 6.512500 -4.737500 3.825000
v 6.512500 -4.612500 3.625000
v 6.512500 -4.562500 3.625000
v 6.512500 -4.787500 3.775000
v 6.512500 -4.787500 3.800000
v 6.512500 -4.662500 3.600000
v 6.512500 -4.612500 3.600000
v 6.512500 -4.837500 3.750000
v 6.512500 -4.837500 3.775000
v 6.512500 -4.712500 3.575000
v 6.512500 -4.662500 3.575000
v 6.512500 -4.862500 3.725000
v 6.512500 -4.862500 3.750000
v 6.512500 -4.737500 3.550000
v 6.512500 -4.712500 3.550000
v 6.512500 -4.912500 3.700000
v 6.512500 -4.912500 3.725000
v 6.512500 -4.787500 3.525000
v 6.512500 -4.737500 3.525000
v 6.512500 -4.962500 3.675000
v 6.512500 -4.962500 3.700000
v 6.512500 -4.987500 3.650000
v 6.512500 -4.987500 3.675000
v 6.512500 -4.837500 3.500000
v 6.512500 -4.787500 3.500000
v 6.512500 -5.037500 3.625000
v 6.512500 -5.037500 3.650000
v 6.512500 -4.887500 3.475000
v 6.512500 -4.912500 3.450000
v 6.512500 -4.887500 3.450000
v 6.512500 -5.087500 3.600000
v 6.512500 -5.087500 3.625000
v 6.512500 -4.962500 3.425000
v 6.512500 -4.912500 3.425000
v 6.512500 -5.137500 3.575000
v 6.512500 -5.137500 3.600000
v 6.512500 -5.162500 3.550000
v 6.512500 -5.162500 3.575000
v 6.512500 -5.012500 3.400000
v 6.512500 -4.962500 3.400000
v 6.512500 -5.212500 3.525000
v 6.512500 -5.212500 3.550000
v 6.512500 -5.062500 3.375000
v 6.512500 -5.012500 3.375000
v 6.512500 -5.087500 3.350000
v 6.512500 -5.062500 3.350000
v 6.512500 -5.262500 3.500000
v 6.512500 -5.262500 3.525000
v 6.512500 -5.137500 3.325000
v 6.512500 -5.087500 3.325000
v 6.512500 -5.312500 3.475000
v 6.512500 -5.312500 3.500000
v 6.512500 -5.337500 3.450000
v 6.512500 -5.337500 3.475000
v 6.512500 -5.187500 3.300000
v 6.512500 -5.137500 3.300000
v 6.512500 -5.212500 3.275000
v 6.512500 -5.187500 3.275000
v 6.512500 -5.387500 3.425000
v 6.512500 -5.387500 3.450000
v 6.512500 -5.262500 3.250000
v 6.512500 -5.212500 3.250000
v 6.512500 -5.437500 3.400000
v 6.512500 -5.437500 3.425000
v 6.512500 -5.312500 3.225000
v 6.512500 -5.262500 3.225000
v 6.512500 -5.487500 3.400000
v 6.512500 -5.362500 3.200000
v 6.512500 -5.312500 3.200000
v 6.512500 -5.387500 3.175000
v 6.512500 -5.362500 3.175000
v 6.512500 -5.437500 3.150000
v 6.512500 -5.387500 3.150000
v 6.512500 -5.487500 3.125000
v 6.512500 -5.437500 3.125000
v 6.512500 -5.512500 3.100000
v 6.512500 -5.487500 3.100000
v 6.512500 -4.712500 3.400000
v 6.512500 4.812500 3.400000
v 6.512500 4.712500 3.400000
v 6.512500 -0.662500 5.875000
v 6.512500 0.062500 6.125000
v 6.512500 -0.062500 6.125000
v -6.012500 5.012500 3.400000
v -6.012500 5.012500 3.375000
v -5.987500 -0.462500 4.025000
v -5.987500 -0.462500 4.050000
v -5.987500 -0.437500 4.050000
v -5.987500 -0.437500 4.025000
v -5.912500 -0.437500 4.025000
v -5.912500 -0.462500 4.025000
v -6.037500 -0.437500 3.950000
v -6.037500 -0.437500 3.925000
v -6.037500 -0.412500 3.925000
v -6.037500 -0.412500 3.975000
v -6.037500 -0.437500 3.975000
v -6.037500 -0.462500 3.950000
v -6.037500 -0.462500 4.000000
v -6.037500 -0.437500 4.025000
v -6.037500 -0.462500 4.025000
v -6.037500 -0.487500 4.000000
v -6.037500 -0.487500 4.100000
v -6.037500 -0.487500 4.075000
v -6.037500 -0.462500 4.100000
v -6.037500 -0.512500 4.075000
v -6.037500 -0.512500 4.125000
v -6.037500 -0.487500 4.125000
v -6.012500 -0.412500 3.975000
v -6.012500 -0.437500 3.975000
v -6.012500 -0.437500 4.000000
v -6.012500 -0.412500 4.000000
v -5.987500 -0.412500 4.000000
v -5.987500 -0.437500 4.000000
v -5.987500 0.412500 3.975000
v -5.987500 0.412500 4.000000
v -5.987500 0.437500 4.000000
v -5.987500 0.437500 3.975000
v -5.912500 0.437500 3.975000
v -5.912500 0.412500 3.975000
v -5.987500 -0.437500 3.975000
v -5.987500 -0.412500 3.975000
v -5.912500 -0.412500 3.975000
v -5.912500 -0.437500 3.975000
v -5.987500 0.362500 3.900000
v -5.987500 0.362500 3.925000
v -5.987500 0.387500 3.925000
v -5.987500 0.387500 3.900000
v -5.912500 0.387500 3.900000
v -5.912500 0.362500 3.900000
v -5.987500 -0.387500 3.900000
v -5.987500 -0.387500 3.925000
v -5.987500 -0.362500 3.925000
v -5.987500 -0.362500 3.900000
v -5.912500 -0.362500 3.900000
v -5.912500 -0.387500 3.900000
v -5.987500 0.337500 3.875000
v -5.987500 0.337500 3.900000
v -5.987500 0.362500 3.875000
v -5.912500 0.362500 3.875000
v -5.912500 0.337500 3.875000
v -5.987500 -0.362500 3.875000
v -5.987500 -0.337500 3.900000
v -5.987500 -0.337500 3.875000
v -5.912500 -0.337500 3.875000
v -5.912500 -0.362500 3.875000
v -5.987500 0.312500 3.850000
v -5.987500 0.312500 3.875000
v -5.987500 0.337500 3.850000
v -5.912500 0.337500 3.850000
v -5.912500 0.312500 3.850000
v -6.037500 -0.312500 3.825000
v -6.037500 -0.287500 3.800000
v -6.037500 -0.287500 3.825000
v -6.037500 -0.337500 3.800000
v -6.037500 -0.337500 3.825000
v -6.037500 -0.337500 3.850000
v -6.037500 -0.312500 3.850000
v -6.037500 -0.362500 3.850000
v -6.037500 -0.362500 3.825000
v -6.037500 -0.362500 3.875000
v -6.037500 -0.337500 3.875000
v -6.037500 -0.387500 3.875000
v -6.037500 -0.387500 3.850000
v -6.037500 -0.387500 3.900000
v -6.037500 -0.362500 3.900000
v -6.037500 -0.412500 3.875000
v -6.037500 -0.387500 3.925000
v -6.012500 -0.287500 3.825000
v -6.012500 -0.312500 3.825000
v -6.012500 -0.312500 3.850000
v -6.012500 -0.287500 3.850000
v -6.012500 -0.337500 3.850000
v -6.012500 -0.337500 3.875000
v -6.012500 -0.312500 3.875000
v -5.987500 -0.287500 3.850000
v -5.987500 -0.312500 3.850000
v -5.987500 -0.337500 3.850000
v -5.987500 -0.312500 3.875000
v -5.912500 -0.312500 3.850000
v -5.912500 -0.337500 3.850000
v -5.987500 -0.312500 3.825000
v -5.987500 -0.287500 3.825000
v -5.912500 -0.287500 3.825000
v -5.912500 -0.312500 3.825000
v -6.037500 0.387500 3.875000
v -6.037500 0.362500 3.850000
v -6.037500 0.387500 3.850000
v -6.037500 0.312500 3.825000
v -6.037500 0.337500 3.800000
v -6.037500 0.337500 3.825000
v -6.037500 0.387500 3.900000
v -6.037500 0.412500 3.875000
v -6.037500 0.412500 3.925000
v -6.037500 0.287500 3.800000
v -6.037500 0.362500 3.875000
v -6.037500 0.337500 3.850000
v -6.037500 0.362500 3.825000
v -6.037500 0.262500 3.800000
v -6.037500 0.262500 3.775000
v -6.037500 0.287500 3.775000
v -6.037500 0.237500 3.775000
v -6.037500 0.262500 3.750000
v -6.037500 0.412500 3.950000
v -6.037500 0.437500 3.925000
v -6.037500 0.362500 3.900000
v -6.037500 0.212500 3.750000
v -6.037500 0.337500 3.875000
v -6.037500 0.312500 3.850000
v -6.037500 0.187500 3.750000
v -6.037500 0.212500 3.725000
v -6.037500 0.237500 3.800000
v -6.037500 0.412500 3.975000
v -6.037500 0.387500 3.950000
v -6.037500 0.262500 3.825000
v -6.037500 0.137500 3.725000
v -6.037500 0.187500 3.775000
v -6.037500 0.112500 3.725000
v -6.037500 0.087500 3.700000
v -6.037500 0.137500 3.700000
v -6.037500 0.087500 3.725000
v -6.037500 0.112500 3.750000
v -6.012500 0.112500 3.725000
v -6.012500 0.087500 3.725000
v -5.987500 -0.112500 3.725000
v -5.987500 -0.112500 3.750000
v -5.987500 -0.062500 3.750000
v -5.987500 -0.062500 3.725000
v -5.912500 -0.112500 3.725000
v -5.987500 0.062500 3.725000
v -6.012500 0.062500 3.725000
v -6.012500 -0.062500 3.725000
v -5.912500 0.112500 3.725000
v -5.987500 0.112500 3.725000
v -6.037500 -0.112500 3.725000
v -6.037500 -0.137500 3.700000
v -6.037500 -0.087500 3.700000
v -6.037500 -0.087500 3.725000
v -6.037500 -0.137500 3.725000
v -6.037500 -0.112500 3.750000
v -6.037500 -0.212500 3.725000
v -6.037500 -0.187500 3.750000
v -6.037500 -0.212500 3.750000
v -6.037500 -0.187500 3.775000
v -6.037500 -0.237500 3.775000
v -6.037500 -0.262500 3.750000
v -6.037500 -0.262500 3.775000
v -6.037500 -0.237500 3.800000
v -6.037500 -0.287500 3.775000
v -6.012500 -0.087500 3.725000
v -6.012500 -0.112500 3.725000
v -6.012500 0.487500 0.225000
v -6.012500 5.012500 0.000000
v -6.012500 5.012500 0.225000
v -6.012500 -5.012500 0.225000
v -6.012500 -5.012500 0.000000
v -6.012500 -0.487500 0.225000
v -6.012500 4.962500 3.400000
v -6.012500 4.912500 3.425000
v -6.012500 4.962500 3.425000
v -6.012500 4.812500 3.400000
v -6.012500 4.862500 3.450000
v -6.012500 4.912500 3.450000
v -6.012500 4.837500 3.475000
v -6.012500 4.862500 3.475000
v -6.012500 4.712500 3.400000
v -6.012500 4.812500 3.500000
v -6.012500 4.837500 3.500000
v -6.012500 3.487500 2.200000
v -6.012500 3.487500 1.025000
v -6.012500 4.687500 3.550000
v -6.012500 4.712500 3.550000
v -6.012500 4.662500 3.575000
v -6.012500 4.687500 3.575000
v -6.012500 4.612500 3.600000
v -6.012500 4.662500 3.600000
v -6.012500 4.562500 3.625000
v -6.012500 4.612500 3.625000
v -6.012500 4.537500 3.650000
v -6.012500 4.562500 3.650000
v -6.012500 4.487500 3.675000
v -6.012500 4.537500 3.675000
v -6.012500 4.437500 3.700000
v -6.012500 4.487500 3.700000
v -6.012500 4.387500 3.725000
v -6.012500 4.437500 3.725000
v -6.012500 4.362500 3.750000
v -6.012500 4.387500 3.750000
v -6.012500 4.312500 3.775000
v -6.012500 4.362500 3.775000
v -6.012500 4.262500 3.800000
v -6.012500 4.312500 3.800000
v -6.012500 4.212500 3.825000
v -6.012500 4.262500 3.825000
v -6.012500 4.187500 3.850000
v -6.012500 4.212500 3.850000
v -6.012500 4.137500 3.875000
v -6.012500 4.187500 3.875000
v -6.012500 1.512500 1.025000
v -6.012500 4.087500 3.900000
v -6.012500 4.137500 3.900000
v -6.012500 4.037500 3.925000
v -6.012500 4.087500 3.925000
v -6.012500 4.012500 3.950000
v -6.012500 4.037500 3.950000
v -6.012500 3.962500 3.975000
v -6.012500 4.012500 3.975000
v -6.012500 3.912500 4.000000
v -6.012500 3.962500 4.000000
v -6.012500 3.887500 4.025000
v -6.012500 3.912500 4.025000
v -6.012500 3.837500 4.050000
v -6.012500 3.887500 4.050000
v -6.012500 3.787500 4.075000
v -6.012500 3.837500 4.075000
v -6.012500 3.737500 4.100000
v -6.012500 3.787500 4.100000
v -6.012500 3.712500 4.125000
v -6.012500 3.737500 4.125000
v -6.012500 3.662500 4.150000
v -6.012500 3.712500 4.150000
v -6.012500 3.612500 4.175000
v -6.012500 3.662500 4.175000
v -6.012500 3.562500 4.200000
v -6.012500 3.612500 4.200000
v -6.012500 3.537500 4.225000
v -6.012500 3.562500 4.225000
v -6.012500 3.487500 4.250000
v -6.012500 3.537500 4.250000
v -6.012500 3.437500 4.275000
v -6.012500 3.487500 4.275000
v -6.012500 3.412500 4.300000
v -6.012500 3.437500 4.300000
v -6.012500 3.362500 4.325000
v -6.012500 3.412500 4.325000
v -6.012500 3.312500 4.350000
v -6.012500 3.362500 4.350000
v -6.012500 3.262500 4.375000
v -6.012500 1.512500 2.200000
v -6.012500 3.312500 4.375000
v -6.012500 3.237500 4.400000
v -6.012500 3.262500 4.400000
v -6.012500 3.187500 4.425000
v -6.012500 3.237500 4.425000
v -6.012500 3.137500 4.450000
v -6.012500 3.187500 4.450000
v -6.012500 3.087500 4.475000
v -6.012500 3.137500 4.475000
v -6.012500 3.062500 4.500000
v -6.012500 3.087500 4.500000
v -6.012500 3.012500 4.525000
v -6.012500 3.062500 4.525000
v -6.012500 2.962500 4.550000
v -6.012500 3.012500 4.550000
v -6.012500 2.912500 4.575000
v -6.012500 2.962500 4.575000
v -6.012500 0.487500 2.200000
v -6.012500 2.887500 4.600000
v -6.012500 2.912500 4.600000
v -6.012500 2.837500 4.625000
v -6.012500 2.887500 4.625000
v -6.012500 2.787500 4.650000
v -6.012500 2.837500 4.650000
v -6.012500 2.762500 4.675000
v -6.012500 2.787500 4.675000
v -6.012500 2.712500 4.700000
v -6.012500 2.762500 4.700000
v -6.012500 2.662500 4.725000
v -6.012500 2.712500 4.725000
v -6.012500 2.612500 4.750000
v -6.012500 2.662500 4.750000
v -6.012500 2.587500 4.775000
v -6.012500 2.612500 4.775000
v -6.012500 2.537500 4.800000
v -6.012500 2.587500 4.800000
v -6.012500 2.487500 4.825000
v -6.012500 2.537500 4.825000
v -6.012500 2.437500 4.850000
v -6.012500 2.487500 4.850000
v -6.012500 2.412500 4.875000
v -6.012500 2.437500 4.875000
v -6.012500 2.362500 4.900000
v -6.012500 2.412500 4.900000
v -6.012500 2.312500 4.925000
v -6.012500 2.362500 4.925000
v -6.012500 2.262500 4.950000
v -6.012500 2.312500 4.950000
v -6.012500 2.237500 4.975000
v -6.012500 2.262500 4.975000
v -6.012500 2.187500 5.000000
v -6.012500 2.237500 5.000000
v -6.012500 2.137500 5.025000
v -6.012500 2.187500 5.025000
v -6.012500 2.112500 5.050000
v -6.012500 2.137500 5.050000
v -6.012500 -1.812500 1.175000
v -6.012500 -0.487500 2.200000
v -6.012500 2.062500 5.075000
v -6.012500 2.112500 5.075000
v -6.012500 2.012500 5.100000
v -6.012500 2.062500 5.100000
v -6.012500 1.962500 5.125000
v -6.012500 2.012500 5.125000
v -6.012500 1.937500 5.150000
v -6.012500 1.962500 5.150000
v -6.012500 1.887500 5.175000
v -6.012500 1.937500 5.175000
v -6.012500 1.837500 5.200000
v -6.012500 1.887500 5.200000
v -6.012500 1.787500 5.225000
v -6.012500 1.837500 5.225000
v -6.012500 0.412500 3.875000
v -6.012500 0.387500 3.850000
v -6.012500 0.337500 3.800000
v -6.012500 0.362500 3.825000
v -6.012500 0.337500 3.825000
v -6.012500 0.262500 3.750000
v -6.012500 1.762500 5.250000
v -6.012500 1.787500 5.250000
v -6.012500 0.437500 3.925000
v -6.012500 0.362500 3.850000
v -6.012500 0.287500 3.775000
v -6.012500 0.387500 3.875000
v -6.012500 0.287500 3.800000
v -6.012500 0.212500 3.725000
v -6.012500 0.462500 3.975000
v -6.012500 0.412500 3.925000
v -6.012500 0.262500 3.775000
v -6.012500 0.437500 3.975000
v -6.012500 0.212500 3.750000
v -6.012500 0.487500 4.025000
v -6.012500 1.712500 5.275000
v -6.012500 1.762500 5.275000
v -6.012500 0.137500 3.700000
v -6.012500 0.512500 4.100000
v -6.012500 0.137500 3.725000
v -6.012500 0.487500 4.100000
v -6.012500 0.087500 3.700000
v -6.012500 0.112500 3.750000
v -6.012500 1.662500 5.300000
v -6.012500 1.712500 5.300000
v -6.012500 0.062500 3.750000
v -6.012500 1.612500 5.325000
v -6.012500 1.662500 5.325000
v -6.012500 1.587500 5.350000
v -6.012500 1.612500 5.350000
v -6.012500 0.512500 4.300000
v -6.012500 -0.087500 3.700000
v -6.012500 -0.062500 3.750000
v -6.012500 -0.137500 3.700000
v -6.012500 0.462500 4.300000
v -6.012500 1.537500 5.375000
v -6.012500 1.587500 5.375000
v -6.012500 -0.112500 3.750000
v -6.012500 1.487500 5.400000
v -6.012500 1.537500 5.400000
v -6.012500 0.487500 4.400000
v -6.012500 -0.212500 3.725000
v -6.012500 -0.137500 3.725000
v -6.012500 1.462500 5.425000
v -6.012500 1.487500 5.425000
v -6.012500 0.462500 4.450000
v -6.012500 0.462500 4.400000
v -6.012500 -0.262500 3.750000
v -6.012500 -0.212500 3.750000
v -6.012500 1.412500 5.450000
v -6.012500 1.462500 5.450000
v -6.012500 -0.287500 3.775000
v -6.012500 -0.262500 3.775000
v -6.012500 0.437500 4.450000
v -6.012500 1.362500 5.475000
v -6.012500 1.412500 5.475000
v -6.012500 0.412500 4.525000
v -6.012500 -0.337500 3.800000
v -6.012500 -0.287500 3.800000
v -6.012500 0.387500 4.550000
v -6.012500 0.387500 4.525000
v -6.012500 -1.812500 2.350000
v -6.012500 -0.362500 3.825000
v -6.012500 -0.337500 3.825000
v -6.012500 0.362500 4.550000
v -6.012500 0.337500 4.525000
v -6.012500 0.362500 4.525000
v -6.012500 1.312500 5.500000
v -6.012500 1.362500 5.500000
v -6.012500 0.337500 4.550000
v -6.012500 -0.387500 3.850000
v -6.012500 -0.362500 3.850000
v -6.012500 1.287500 5.525000
v -6.012500 1.312500 5.525000
v -6.012500 0.337500 4.575000
v -6.012500 0.312500 4.575000
v -6.012500 0.312500 4.550000
v -6.012500 -0.412500 3.875000
v -6.012500 -0.387500 3.875000
v -6.012500 1.237500 5.550000
v -6.012500 1.287500 5.550000
v -6.012500 0.312500 4.625000
v -6.012500 0.287500 4.650000
v -6.012500 0.287500 4.625000
v -6.012500 -0.437500 3.925000
v -6.012500 -0.412500 3.925000
v -6.012500 1.187500 5.575000
v -6.012500 1.237500 5.575000
v -6.012500 -0.462500 3.950000
v -6.012500 -0.437500 3.950000
v -6.012500 0.237500 4.675000
v -6.012500 1.137500 5.600000
v -6.012500 1.187500 5.600000
v -6.012500 -0.487500 4.000000
v -6.012500 -0.462500 4.000000
v -6.012500 1.112500 5.625000
v -6.012500 1.137500 5.625000
v -6.012500 0.187500 4.700000
v -6.012500 0.187500 4.675000
v -6.012500 1.062500 5.650000
v -6.012500 1.112500 5.650000
v -6.012500 -0.512500 4.075000
v -6.012500 -0.487500 4.075000
v -6.012500 0.112500 4.725000
v -6.012500 0.112500 4.700000
v -6.012500 -0.487500 4.125000
v -6.012500 -0.487500 4.100000
v -6.012500 -0.462500 4.100000
v -6.012500 -0.462500 4.150000
v -6.012500 -0.487500 4.150000
v -6.012500 -0.512500 4.125000
v -6.012500 1.012500 5.675000
v -6.012500 1.062500 5.675000
v -6.012500 0.987500 5.700000
v -6.012500 1.012500 5.700000
v -6.012500 -0.487500 4.300000
v -6.012500 -0.487500 4.275000
v -6.012500 -0.462500 4.275000
v -6.012500 -0.462500 4.325000
v -6.012500 0.937500 5.725000
v -6.012500 0.987500 5.725000
v -6.012500 -0.087500 4.725000
v -6.012500 -0.087500 4.675000
v -6.012500 0.087500 4.675000
v -6.012500 0.087500 4.725000
v -6.012500 -0.512500 4.300000
v -6.012500 -0.487500 4.325000
v -6.012500 0.887500 5.750000
v -6.012500 0.937500 5.750000
v -6.012500 -0.112500 4.700000
v -6.012500 -0.112500 4.725000
v -6.012500 -0.487500 4.425000
v -6.012500 -0.287500 4.650000
v -6.012500 0.837500 5.775000
v -6.012500 0.887500 5.775000
v -6.012500 -0.462500 4.475000
v -6.012500 -0.462500 4.425000
v -6.012500 -0.437500 4.475000
v -6.012500 -0.437500 4.500000
v -6.012500 -0.412500 4.550000
v -6.012500 -0.412500 4.500000
v -6.012500 -0.387500 4.575000
v -6.012500 -0.387500 4.550000
v -6.012500 -0.362500 4.600000
v -6.012500 -0.362500 4.575000
v -6.012500 -0.337500 4.625000
v -6.012500 -0.337500 4.600000
v -6.012500 -0.287500 4.625000
v -6.012500 0.812500 5.800000
v -6.012500 0.837500 5.800000
v -6.012500 0.762500 5.825000
v -6.012500 0.812500 5.825000
v -6.012500 0.712500 5.850000
v -6.012500 0.762500 5.850000
v -6.012500 0.662500 5.875000
v -6.012500 0.712500 5.875000
v -6.012500 -3.787500 1.175000
v -6.012500 0.637500 5.900000
v -6.012500 0.662500 5.900000
v -6.012500 0.587500 5.925000
v -6.012500 0.637500 5.925000
v -6.012500 0.537500 5.950000
v -6.012500 0.587500 5.950000
v -6.012500 0.487500 5.975000
v -6.012500 0.537500 5.975000
v -6.012500 0.462500 6.000000
v -6.012500 0.487500 6.000000
v -6.012500 0.412500 6.025000
v -6.012500 0.462500 6.025000
v -6.012500 0.362500 6.050000
v -6.012500 0.412500 6.050000
v -6.012500 0.337500 6.075000
v -6.012500 0.362500 6.075000
v -6.012500 0.287500 6.100000
v -6.012500 0.337500 6.100000
v -6.012500 0.237500 6.125000
v -6.012500 0.287500 6.125000
v -6.012500 0.187500 6.150000
v -6.012500 0.237500 6.150000
v -6.012500 0.162500 6.175000
v -6.012500 0.187500 6.175000
v -6.012500 0.062500 6.125000
v -6.012500 0.112500 6.200000
v -6.012500 0.162500 6.200000
v -6.012500 0.062500 6.150000
v -6.012500 -3.787500 2.350000
v -6.012500 0.062500 6.225000
v -6.012500 0.112500 6.225000
v -6.012500 0.037500 6.150000
v -6.012500 -0.062500 6.125000
v -6.012500 -0.112500 6.200000
v -6.012500 -0.062500 6.225000
v -6.012500 -0.112500 6.225000
v -6.012500 -0.162500 6.175000
v -6.012500 -0.162500 6.200000
v -6.012500 -0.212500 6.150000
v -6.012500 -0.237500 6.125000
v -6.012500 -0.212500 6.175000
v -6.012500 -0.237500 6.150000
v -6.012500 -0.287500 6.100000
v -6.012500 -0.362500 6.050000
v -6.012500 -0.337500 6.075000
v -6.012500 -0.287500 6.125000
v -6.012500 -0.337500 6.100000
v -6.012500 -0.362500 6.075000
v -6.012500 -0.412500 6.025000
v -6.012500 -0.412500 6.050000
v -6.012500 -0.537500 5.950000
v -6.012500 -0.462500 6.000000
v -6.012500 -0.512500 5.975000
v -6.012500 -0.462500 6.025000
v -6.012500 -0.512500 6.000000
v -6.012500 -0.537500 5.975000
v -6.012500 -0.587500 5.925000
v -6.012500 -0.587500 5.950000
v -6.012500 -0.637500 5.925000
v -6.012500 -0.637500 5.900000
v -6.012500 -0.712500 5.850000
v -6.012500 -0.687500 5.875000
v -6.012500 -0.712500 5.875000
v -6.012500 -0.762500 5.825000
v -6.012500 -0.687500 5.900000
v -6.012500 -0.762500 5.850000
v -6.012500 -0.812500 5.825000
v -6.012500 -0.812500 5.800000
v -6.012500 -0.887500 5.750000
v -6.012500 -0.862500 5.775000
v -6.012500 -0.862500 5.800000
v -6.012500 -0.887500 5.775000
v -6.012500 -0.937500 5.750000
v -6.012500 -0.937500 5.725000
v -6.012500 -1.012500 5.675000
v -6.012500 -0.987500 5.700000
v -6.012500 -0.987500 5.725000
v -6.012500 -1.062500 5.650000
v -6.012500 -1.012500 5.700000
v -6.012500 -1.062500 5.675000
v -6.012500 -1.112500 5.650000
v -6.012500 -1.112500 5.625000
v -6.012500 -1.187500 5.575000
v -6.012500 -1.162500 5.600000
v -6.012500 -1.162500 5.625000
v -6.012500 -1.187500 5.600000
v -6.012500 -1.237500 5.550000
v -6.012500 -1.237500 5.575000
v -6.012500 -1.287500 5.550000
v -6.012500 -1.287500 5.525000
v -6.012500 -1.362500 5.475000
v -6.012500 -1.337500 5.500000
v -6.012500 -1.337500 5.525000
v -6.012500 -1.362500 5.500000
v -6.012500 -1.412500 5.475000
v -6.012500 -1.412500 5.450000
v -6.012500 -1.487500 5.400000
v -6.012500 -1.462500 5.425000
v -6.012500 -1.462500 5.450000
v -6.012500 -1.487500 5.425000
v -6.012500 -1.537500 5.375000
v -6.012500 -1.537500 5.400000
v -6.012500 -1.587500 5.375000
v -6.012500 -1.587500 5.350000
v -6.012500 -1.662500 5.300000
v -6.012500 -1.637500 5.325000
v -6.012500 -1.637500 5.350000
v -6.012500 -1.662500 5.325000
v -6.012500 -1.712500 5.275000
v -6.012500 -1.712500 5.300000
v -6.012500 -1.837500 5.200000
v -6.012500 -1.762500 5.250000
v -6.012500 -1.812500 5.225000
v -6.012500 -1.762500 5.275000
v -6.012500 -1.812500 5.250000
v -6.012500 -1.837500 5.225000
v -6.012500 -1.887500 5.175000
v -6.012500 -1.887500 5.200000
v -6.012500 -2.012500 5.100000
v -6.012500 -1.937500 5.150000
v -6.012500 -1.937500 5.175000
v -6.012500 -1.987500 5.125000
v -6.012500 -1.987500 5.150000
v -6.012500 -2.012500 5.125000
v -6.012500 -2.137500 5.025000
v -6.012500 -2.062500 5.075000
v -6.012500 -2.062500 5.100000
v -6.012500 -2.112500 5.050000
v -6.012500 -2.112500 5.075000
v -6.012500 -2.137500 5.050000
v -6.012500 -2.187500 5.000000
v -6.012500 -2.187500 5.025000
v -6.012500 -2.237500 5.000000
v -6.012500 -2.237500 4.975000
v -6.012500 -2.312500 4.925000
v -6.012500 -2.287500 4.950000
v -6.012500 -2.287500 4.975000
v -6.012500 -2.362500 4.900000
v -6.012500 -2.312500 4.950000
v -6.012500 -2.362500 4.925000
v -6.012500 -2.412500 4.900000
v -6.012500 -2.412500 4.875000
v -6.012500 -2.487500 4.825000
v -6.012500 -2.462500 4.850000
v -6.012500 -2.462500 4.875000
v -6.012500 -2.487500 4.850000
v -6.012500 -2.537500 4.800000
v -6.012500 -2.537500 4.825000
v -6.012500 -2.587500 4.800000
v -6.012500 -2.587500 4.775000
v -6.012500 -2.662500 4.725000
v -6.012500 -2.637500 4.750000
v -6.012500 -2.637500 4.775000
v -6.012500 -2.662500 4.750000
v -6.012500 -2.712500 4.725000
v -6.012500 -2.712500 4.700000
v -6.012500 -2.787500 4.650000
v -6.012500 -2.762500 4.675000
v -6.012500 -2.837500 4.625000
v -6.012500 -2.787500 4.675000
v -6.012500 -2.762500 4.700000
v -6.012500 -2.837500 4.650000
v -6.012500 -2.962500 4.550000
v -6.012500 -2.887500 4.600000
v -6.012500 -2.937500 4.575000
v -6.012500 -2.887500 4.625000
v -6.012500 -2.937500 4.600000
v -6.012500 -2.962500 4.575000
v -6.012500 -3.012500 4.525000
v -6.012500 -3.012500 4.550000
v -6.012500 -3.062500 4.525000
v -6.012500 -3.062500 4.500000
v -6.012500 -3.137500 4.450000
v -6.012500 -3.112500 4.475000
v -6.012500 -3.112500 4.500000
v -6.012500 -3.137500 4.475000
v -6.012500 -3.187500 4.425000
v -6.012500 -3.187500 4.450000
v -6.012500 -3.237500 4.425000
v -6.012500 -3.237500 4.400000
v -6.012500 -3.312500 4.350000
v -6.012500 -3.287500 4.375000
v -6.012500 -3.287500 4.400000
v -6.012500 -3.312500 4.375000
v -6.012500 -3.362500 4.350000
v -6.012500 -3.362500 4.325000
v -6.012500 -3.437500 4.275000
v -6.012500 -3.412500 4.300000
v -6.012500 -3.487500 4.250000
v -6.012500 -3.412500 4.325000
v -6.012500 -3.437500 4.300000
v -6.012500 -3.487500 4.275000
v -6.012500 -3.537500 4.250000
v -6.012500 -3.537500 4.225000
v -6.012500 -3.612500 4.175000
v -6.012500 -3.587500 4.200000
v -6.012500 -3.587500 4.225000
v -6.012500 -3.612500 4.200000
v -6.012500 -3.662500 4.150000
v -6.012500 -3.662500 4.175000
v -6.012500 -3.712500 4.150000
v -6.012500 -3.712500 4.125000
v -6.012500 -3.787500 4.075000
v -6.012500 -3.762500 4.100000
v -6.012500 -3.762500 4.125000
v -6.012500 -3.787500 4.100000
v -6.012500 -3.837500 4.075000
v -6.012500 -3.837500 4.050000
v -6.012500 -3.912500 4.000000
v -6.012500 -3.887500 4.025000
v -6.012500 -3.962500 3.975000
v -6.012500 -3.887500 4.050000
v -6.012500 -3.912500 4.025000
v -6.012500 -3.962500 4.000000
v -6.012500 -4.012500 3.975000
v -6.012500 -4.012500 3.950000
v -6.012500 -4.087500 3.900000
v -6.012500 -4.062500 3.925000
v -6.012500 -4.087500 3.925000
v -6.012500 -4.137500 3.875000
v -6.012500 -4.062500 3.950000
v -6.012500 -4.137500 3.900000
v -6.012500 -4.187500 3.875000
v -6.012500 -4.187500 3.850000
v -6.012500 -4.262500 3.800000
v -6.012500 -4.237500 3.825000
v -6.012500 -4.237500 3.850000
v -6.012500 -4.262500 3.825000
v -6.012500 -4.312500 3.775000
v -6.012500 -4.312500 3.800000
v -6.012500 -4.362500 3.775000
v -6.012500 -4.362500 3.750000
v -6.012500 -4.437500 3.700000
v -6.012500 -4.712500 3.400000
v -6.012500 -4.412500 3.725000
v -6.012500 -4.412500 3.750000
v -6.012500 -4.437500 3.725000
v -6.012500 -4.487500 3.675000
v -6.012500 -4.487500 3.700000
v -6.012500 -4.562500 3.625000
v -6.012500 -4.537500 3.650000
v -6.012500 -4.612500 3.600000
v -6.012500 -4.537500 3.675000
v -6.012500 -4.562500 3.650000
v -6.012500 -4.812500 3.400000
v -6.012500 -4.612500 3.625000
v -6.012500 -4.662500 3.575000
v -6.012500 -4.712500 3.550000
v -6.012500 -4.662500 3.600000
v -6.012500 -4.712500 3.575000
v -6.012500 -4.812500 3.500000
v -6.012500 -4.837500 3.475000
v -6.012500 -4.837500 3.500000
v -6.012500 -4.887500 3.450000
v -6.012500 -4.912500 3.425000
v -6.012500 -4.887500 3.475000
v -6.012500 -4.912500 3.450000
v -6.012500 -4.962500 3.400000
v -6.012500 -4.962500 3.425000
v -6.012500 -5.012500 3.375000
v -6.012500 -5.012500 3.400000
v -5.862500 0.487500 0.225000
v -5.862500 -0.487500 0.225000
v -5.862500 -0.487500 2.200000
v -5.862500 0.487500 2.200000
v -5.887500 3.487500 1.025000
v -5.887500 1.512500 1.025000
v -5.887500 1.512500 2.200000
v -5.887500 3.487500 2.200000
v -5.887500 -1.812500 1.175000
v -5.887500 -3.787500 1.175000
v -5.887500 -3.787500 2.350000
v -5.887500 -1.812500 2.350000
v -5.987500 0.062500 3.750000
v -5.987500 0.112500 3.750000
v -5.912500 0.262500 3.825000
v -5.912500 0.237500 3.800000
v -5.912500 0.262500 3.800000
v -5.912500 0.312500 3.825000
v -5.912500 0.387500 3.950000
v -5.912500 0.412500 3.950000
v -5.912500 0.187500 3.775000
v -5.912500 0.237500 3.775000
v -5.912500 0.112500 3.750000
v -5.912500 0.187500 3.750000
v -5.912500 0.462500 4.300000
v -5.912500 0.487500 4.300000
v -5.912500 -0.112500 3.750000
v -5.912500 0.437500 4.375000
v -5.912500 0.462500 4.375000
v -5.912500 -0.187500 3.775000
v -5.912500 -0.187500 3.750000
v -5.912500 0.412500 4.425000
v -5.912500 0.437500 4.425000
v -5.912500 -0.237500 3.800000
v -5.912500 -0.237500 3.775000
v -5.912500 0.412500 4.475000
v -5.912500 -0.287500 3.800000
v -5.912500 0.362500 4.500000
v -5.912500 0.337500 4.550000
v -5.912500 0.362500 4.550000
v -5.912500 0.287500 4.575000
v -5.912500 0.337500 4.575000
v -5.912500 0.262500 4.600000
v -5.912500 0.287500 4.600000
v -5.912500 -0.387500 3.950000
v -5.912500 -0.412500 3.950000
v -5.912500 0.262500 4.625000
v -5.912500 -0.087500 4.675000
v -5.912500 -0.087500 4.700000
v -5.912500 -0.487500 4.325000
v -5.912500 -0.462500 4.325000
v -5.912500 -0.387500 4.475000
v -5.912500 -0.437500 4.400000
v -5.912500 -0.462500 4.400000
v -5.912500 -0.262500 4.600000
v -5.912500 -0.412500 4.450000
v -5.912500 -0.412500 4.475000
v -5.912500 -0.262500 4.625000
v -5.912500 -0.437500 4.450000
v -5.912500 -0.387500 4.525000
v -5.987500 -0.162500 3.750000
v -5.987500 -0.187500 3.750000
v -6.012500 -0.162500 3.750000
v -6.012500 -0.187500 3.750000
v -5.987500 -0.187500 3.775000
v -5.987500 -0.162500 3.775000
v -6.012500 -0.187500 3.775000
v -6.012500 -0.162500 3.775000
v -6.012500 0.162500 3.750000
v -5.987500 0.162500 3.750000
v -6.012500 0.187500 3.750000
v -5.987500 0.187500 3.750000
v -6.012500 0.162500 3.775000
v -6.012500 0.187500 3.775000
v -5.987500 0.162500 3.775000
v -5.987500 0.187500 3.775000
v -5.987500 -0.212500 3.775000
v -5.987500 -0.237500 3.775000
v -6.012500 -0.212500 3.775000
v -6.012500 -0.237500 3.775000
v -5.987500 -0.237500 3.800000
v -5.987500 -0.212500 3.800000
v -6.012500 -0.237500 3.800000
v -6.012500 -0.212500 3.800000
v -6.012500 0.212500 3.775000
v -5.987500 0.212500 3.775000
v -6.012500 0.237500 3.775000
v -5.987500 0.237500 3.775000
v -6.012500 0.212500 3.800000
v -6.012500 0.237500 3.800000
v -5.987500 0.212500 3.800000
v -5.987500 0.237500 3.800000
v -5.987500 -0.262500 3.800000
v -5.987500 -0.287500 3.800000
v -6.012500 -0.262500 3.800000
v -5.987500 -0.262500 3.825000
v -6.012500 -0.262500 3.825000
v -5.987500 0.287500 3.825000
v -6.012500 0.287500 3.825000
v -5.987500 0.312500 3.825000
v -6.012500 0.312500 3.825000
v -6.012500 0.287500 3.850000
v -6.012500 0.312500 3.850000
v -5.987500 0.287500 3.850000
v -0.987500 -5.012500 0.225000
v 6.012500 -5.012500 0.225000
v 6.012500 -5.012500 0.000000
v 0.987500 -5.012500 0.225000
v -0.987500 -5.012500 2.575000
v -0.987500 -4.887500 2.575000
v -0.987500 -4.887500 0.225000
v 0.987500 -4.887500 0.225000
v 0.987500 -5.012500 2.575000
v 0.987500 -4.887500 2.575000
v 5.937500 -0.287500 3.800000
v 5.937500 -0.287500 3.825000
v 5.937500 -0.262500 3.825000
v 5.937500 -0.262500 3.800000
v 5.887500 -0.237500 3.800000
v 5.887500 -0.262500 3.800000
v 5.987500 -0.287500 3.800000
v 5.987500 -0.262500 3.800000
v 5.987500 -0.237500 3.800000
v 6.012500 -0.262500 3.800000
v 6.012500 -0.212500 3.800000
v 5.987500 -0.212500 3.800000
v 5.887500 0.337500 3.875000
v 5.887500 0.362500 3.875000
v 5.887500 0.362500 3.900000
v 5.887500 0.312500 3.850000
v 5.887500 0.337500 3.850000
v 5.887500 0.262500 3.825000
v 5.887500 0.312500 3.825000
v 5.887500 0.237500 3.800000
v 5.887500 0.262500 3.800000
v 5.887500 0.387500 3.950000
v 5.887500 0.387500 3.900000
v 5.887500 0.412500 3.975000
v 5.887500 0.412500 3.950000
v 5.887500 0.437500 4.025000
v 5.887500 0.437500 3.975000
v 5.887500 0.187500 3.775000
v 5.887500 0.237500 3.775000
v 5.887500 0.112500 3.750000
v 5.887500 0.187500 3.750000
v 5.887500 0.462500 4.125000
v 5.887500 0.462500 4.025000
v 5.887500 0.462500 4.300000
v 5.887500 0.487500 4.125000
v 5.887500 0.487500 4.300000
v 5.887500 -0.112500 3.750000
v 5.887500 -0.112500 3.725000
v 5.887500 0.112500 3.725000
v 5.887500 0.437500 4.375000
v 5.887500 0.462500 4.375000
v 5.887500 -0.187500 3.775000
v 5.887500 -0.187500 3.750000
v 5.887500 0.412500 4.425000
v 5.887500 0.437500 4.425000
v 5.887500 -0.237500 3.775000
v 5.887500 0.387500 4.475000
v 5.887500 0.412500 4.475000
v 5.887500 -0.262500 3.825000
v 5.887500 0.362500 4.500000
v 5.887500 0.387500 4.500000
v 5.887500 -0.312500 3.850000
v 5.887500 -0.312500 3.825000
v 5.887500 -0.337500 3.875000
v 5.887500 -0.337500 3.850000
v 5.887500 0.312500 4.550000
v 5.887500 0.362500 4.550000
v 5.887500 -0.362500 3.900000
v 5.887500 -0.362500 3.875000
v 5.887500 0.287500 4.575000
v 5.887500 0.312500 4.575000
v 5.887500 -0.387500 3.925000
v 5.887500 -0.387500 3.900000
v 5.887500 0.262500 4.600000
v 5.887500 0.287500 4.600000
v 5.887500 -0.412500 3.975000
v 5.887500 -0.412500 3.925000
v 5.887500 0.212500 4.625000
v 5.887500 0.262500 4.625000
v 5.887500 -0.437500 4.025000
v 5.887500 -0.437500 3.975000
v 5.887500 0.162500 4.650000
v 5.887500 0.212500 4.650000
v 5.887500 -0.462500 4.100000
v 5.887500 -0.462500 4.025000
v 5.887500 0.087500 4.675000
v 5.887500 0.162500 4.675000
v 5.887500 -0.087500 4.675000
v 5.887500 -0.087500 4.700000
v 5.887500 0.087500 4.700000
v 5.887500 -0.162500 4.650000
v 5.887500 -0.487500 4.325000
v 5.887500 -0.462500 4.325000
v 5.887500 -0.487500 4.100000
v 5.887500 -0.162500 4.675000
v 5.887500 -0.462500 4.400000
v 5.887500 -0.437500 4.400000
v 5.887500 -0.262500 4.600000
v 5.887500 -0.237500 4.625000
v 5.887500 -0.387500 4.475000
v 5.887500 -0.412500 4.450000
v 5.887500 -0.412500 4.475000
v 5.887500 -0.237500 4.650000
v 5.887500 -0.262500 4.625000
v 5.887500 -0.337500 4.550000
v 5.887500 -0.362500 4.525000
v 5.887500 -0.312500 4.575000
v 5.887500 -0.437500 4.450000
v 5.887500 -0.387500 4.525000
v 5.887500 -0.312500 4.600000
v 5.887500 -0.337500 4.575000
v 5.887500 -0.362500 4.550000
v 5.987500 -0.062500 3.725000
v 5.987500 -0.112500 3.725000
v 6.012500 0.062500 3.725000
v 6.012500 -0.062500 3.725000
v 5.987500 0.062500 3.725000
v 5.987500 0.112500 3.725000
v 5.987500 0.062500 3.750000
v 5.987500 0.112500 3.750000
v 5.887500 1.512500 1.025000
v 5.887500 1.512500 2.200000
v 5.887500 3.487500 2.200000
v 5.887500 3.487500 1.025000
v 6.012500 3.487500 1.025000
v 6.012500 1.512500 1.025000
v 5.887500 -3.787500 1.025000
v 5.887500 -3.787500 2.200000
v 5.887500 -1.812500 2.200000
v 5.887500 -1.812500 1.025000
v 6.012500 -1.812500 1.025000
v 6.012500 -3.787500 1.025000
v 6.012500 5.012500 0.225000
v 6.012500 5.012500 0.000000
v 6.012500 4.962500 3.400000
v 6.012500 5.012500 3.400000
v 6.012500 5.012500 3.375000
v 6.012500 4.912500 3.425000
v 6.012500 4.962500 3.425000
v 6.012500 4.812500 3.500000
v 6.012500 4.837500 3.500000
v 6.012500 4.837500 3.475000
v 6.012500 4.862500 3.450000
v 6.012500 4.862500 3.475000
v 6.012500 4.912500 3.450000
v 6.012500 4.687500 3.550000
v 6.012500 4.662500 3.575000
v 6.012500 4.687500 3.575000
v 6.012500 4.812500 3.400000
v 6.012500 4.612500 3.600000
v 6.012500 4.662500 3.600000
v 6.012500 4.562500 3.625000
v 6.012500 4.537500 3.650000
v 6.012500 4.562500 3.650000
v 6.012500 4.612500 3.625000
v 6.012500 4.487500 3.675000
v 6.012500 4.537500 3.675000
v 6.012500 4.437500 3.700000
v 6.012500 4.487500 3.700000
v 6.012500 4.387500 3.725000
v 6.012500 4.362500 3.750000
v 6.012500 4.387500 3.750000
v 6.012500 4.437500 3.725000
v 6.012500 4.712500 3.400000
v 6.012500 4.712500 3.550000
v 6.012500 4.312500 3.775000
v 6.012500 4.362500 3.775000
v 6.012500 4.262500 3.800000
v 6.012500 4.312500 3.800000
v 6.012500 4.212500 3.825000
v 6.012500 4.187500 3.850000
v 6.012500 4.212500 3.850000
v 6.012500 4.262500 3.825000
v 6.012500 4.137500 3.875000
v 6.012500 4.187500 3.875000
v 6.012500 4.087500 3.900000
v 6.012500 4.137500 3.900000
v 6.012500 4.037500 3.925000
v 6.012500 4.012500 3.950000
v 6.012500 4.037500 3.950000
v 6.012500 4.087500 3.925000
v 6.012500 3.962500 3.975000
v 6.012500 4.012500 3.975000
v 6.012500 3.912500 4.000000
v 6.012500 3.887500 4.025000
v 6.012500 3.912500 4.025000
v 6.012500 3.962500 4.000000
v 6.012500 3.837500 4.050000
v 6.012500 3.887500 4.050000
v 6.012500 3.787500 4.075000
v 6.012500 3.837500 4.075000
v 6.012500 3.737500 4.100000
v 6.012500 3.712500 4.125000
v 6.012500 3.737500 4.125000
v 6.012500 3.787500 4.100000
v 6.012500 3.662500 4.150000
v 6.012500 3.712500 4.150000
v 6.012500 3.612500 4.175000
v 6.012500 3.662500 4.175000
v 6.012500 3.562500 4.200000
v 6.012500 3.537500 4.225000
v 6.012500 3.562500 4.225000
v 6.012500 3.612500 4.200000
v 6.012500 3.487500 4.250000
v 6.012500 3.537500 4.250000
v 6.012500 3.437500 4.275000
v 6.012500 3.412500 4.300000
v 6.012500 3.437500 4.300000
v 6.012500 3.487500 4.275000
v 6.012500 3.362500 4.325000
v 6.012500 3.412500 4.325000
v 6.012500 3.312500 4.350000
v 6.012500 3.362500 4.350000
v 6.012500 3.262500 4.375000
v 6.012500 3.312500 4.375000
v 6.012500 3.237500 4.400000
v 6.012500 3.262500 4.400000
v 6.012500 3.187500 4.425000
v 6.012500 3.237500 4.425000
v 6.012500 3.137500 4.450000
v 6.012500 3.187500 4.450000
v 6.012500 3.087500 4.475000
v 6.012500 3.062500 4.500000
v 6.012500 3.087500 4.500000
v 6.012500 3.137500 4.475000
v 6.012500 3.012500 4.525000
v 6.012500 3.062500 4.525000
v 6.012500 2.962500 4.550000
v 6.012500 3.012500 4.550000
v 6.012500 2.912500 4.575000
v 6.012500 2.887500 4.600000
v 6.012500 2.912500 4.600000
v 6.012500 2.962500 4.575000
v 6.012500 2.837500 4.625000
v 6.012500 2.887500 4.625000
v 6.012500 2.787500 4.650000
v 6.012500 2.762500 4.675000
v 6.012500 2.787500 4.675000
v 6.012500 2.837500 4.650000
v 6.012500 2.712500 4.700000
v 6.012500 2.762500 4.700000
v 6.012500 2.662500 4.725000
v 6.012500 2.712500 4.725000
v 6.012500 2.612500 4.750000
v 6.012500 2.662500 4.750000
v 6.012500 2.587500 4.775000
v 6.012500 2.612500 4.775000
v 6.012500 2.537500 4.800000
v 6.012500 2.587500 4.800000
v 6.012500 2.487500 4.825000
v 6.012500 2.537500 4.825000
v 6.012500 2.437500 4.850000
v 6.012500 2.412500 4.875000
v 6.012500 2.437500 4.875000
v 6.012500 2.487500 4.850000
v 6.012500 2.362500 4.900000
v 6.012500 2.412500 4.900000
v 6.012500 2.312500 4.925000
v 6.012500 2.362500 4.925000
v 6.012500 2.262500 4.950000
v 6.012500 2.237500 4.975000
v 6.012500 2.262500 4.975000
v 6.012500 2.312500 4.950000
v 6.012500 2.187500 5.000000
v 6.012500 2.237500 5.000000
v 6.012500 2.137500 5.025000
v 6.012500 2.112500 5.050000
v 6.012500 2.137500 5.050000
v 6.012500 2.187500 5.025000
v 6.012500 2.062500 5.075000
v 6.012500 2.112500 5.075000
v 6.012500 2.012500 5.100000
v 6.012500 2.062500 5.100000
v 6.012500 1.962500 5.125000
v 6.012500 1.937500 5.150000
v 6.012500 1.962500 5.150000
v 6.012500 2.012500 5.125000
v 6.012500 1.887500 5.175000
v 6.012500 1.937500 5.175000
v 6.012500 1.837500 5.200000
v 6.012500 1.887500 5.200000
v 6.012500 1.787500 5.225000
v 6.012500 1.762500 5.250000
v 6.012500 1.787500 5.250000
v 6.012500 1.837500 5.225000
v 6.012500 1.712500 5.275000
v 6.012500 1.762500 5.275000
v 6.012500 1.662500 5.300000
v 6.012500 1.712500 5.300000
v 6.012500 1.612500 5.325000
v 6.012500 1.587500 5.350000
v 6.012500 1.612500 5.350000
v 6.012500 1.662500 5.325000
v 6.012500 1.537500 5.375000
v 6.012500 1.587500 5.375000
v 6.012500 1.487500 5.400000
v 6.012500 1.537500 5.400000
v 6.012500 1.462500 5.425000
v 6.012500 1.487500 5.425000
v 6.012500 1.412500 5.450000
v 6.012500 1.462500 5.450000
v 6.012500 1.362500 5.475000
v 6.012500 1.412500 5.475000
v 6.012500 1.312500 5.500000
v 6.012500 1.287500 5.525000
v 6.012500 1.312500 5.525000
v 6.012500 1.362500 5.500000
v 6.012500 1.237500 5.550000
v 6.012500 1.287500 5.550000
v 6.012500 1.187500 5.575000
v 6.012500 1.237500 5.575000
v 6.012500 1.137500 5.600000
v 6.012500 1.112500 5.625000
v 6.012500 1.137500 5.625000
v 6.012500 1.187500 5.600000
v 6.012500 1.062500 5.650000
v 6.012500 1.112500 5.650000
v 6.012500 1.012500 5.675000
v 6.012500 0.987500 5.700000
v 6.012500 1.012500 5.700000
v 6.012500 1.062500 5.675000
v 6.012500 0.937500 5.725000
v 6.012500 0.987500 5.725000
v 6.012500 0.887500 5.750000
v 6.012500 0.937500 5.750000
v 6.012500 0.837500 5.775000
v 6.012500 0.887500 5.775000
v 6.012500 0.812500 5.800000
v 6.012500 0.837500 5.800000
v 6.012500 0.762500 5.825000
v 6.012500 0.812500 5.825000
v 6.012500 0.712500 5.850000
v 6.012500 0.762500 5.850000
v 6.012500 0.662500 5.875000
v 6.012500 0.712500 5.875000
v 6.012500 0.637500 5.900000
v 6.012500 0.662500 5.900000
v 6.012500 0.587500 5.925000
v 6.012500 0.637500 5.925000
v 6.012500 0.537500 5.950000
v 6.012500 0.587500 5.950000
v 6.012500 0.487500 5.975000
v 6.012500 0.462500 6.000000
v 6.012500 0.487500 6.000000
v 6.012500 0.537500 5.975000
v 6.012500 0.412500 6.025000
v 6.012500 0.462500 6.025000
v 6.012500 0.362500 6.050000
v 6.012500 0.337500 6.075000
v 6.012500 0.362500 6.075000
v 6.012500 0.412500 6.050000
v 6.012500 0.287500 6.100000
v 6.012500 0.337500 6.100000
v 6.012500 0.237500 6.125000
v 6.012500 0.287500 6.125000
v 6.012500 0.187500 6.150000
v 6.012500 0.162500 6.175000
v 6.012500 0.187500 6.175000
v 6.012500 0.237500 6.150000
v 6.012500 0.112500 6.200000
v 6.012500 0.162500 6.200000
v 6.012500 0.062500 6.225000
v 6.012500 0.037500 6.250000
v 6.012500 0.062500 6.250000
v 6.012500 0.112500 6.225000
v 6.012500 0.062500 6.150000
v 6.012500 0.037500 6.150000
v 6.012500 0.062500 6.125000
v 6.012500 -0.112500 6.200000
v 6.012500 -0.112500 6.225000
v 6.012500 -0.062500 6.225000
v 6.012500 -0.062500 6.125000
v 6.012500 -0.162500 6.175000
v 6.012500 -0.162500 6.200000
v 6.012500 -0.212500 6.150000
v 6.012500 -0.212500 6.175000
v 6.012500 -0.237500 6.125000
v 6.012500 -0.237500 6.150000
v 6.012500 -0.287500 6.100000
v 6.012500 -0.287500 6.125000
v 6.012500 -0.337500 6.075000
v 6.012500 -0.337500 6.100000
v 6.012500 -0.362500 6.050000
v 6.012500 -0.362500 6.075000
v 6.012500 3.487500 2.200000
v 6.012500 -0.412500 6.025000
v 6.012500 -0.412500 6.050000
v 6.012500 -0.462500 6.000000
v 6.012500 -0.462500 6.025000
v 6.012500 -0.512500 5.975000
v 6.012500 -0.512500 6.000000
v 6.012500 -0.537500 5.950000
v 6.012500 -0.537500 5.975000
v 6.012500 -0.587500 5.925000
v 6.012500 -0.587500 5.950000
v 6.012500 -0.637500 5.900000
v 6.012500 -0.637500 5.925000
v 6.012500 -0.687500 5.875000
v 6.012500 -0.687500 5.900000
v 6.012500 -0.712500 5.850000
v 6.012500 -0.712500 5.875000
v 6.012500 -0.762500 5.825000
v 6.012500 -0.762500 5.850000
v 6.012500 -0.812500 5.800000
v 6.012500 -0.812500 5.825000
v 6.012500 -0.862500 5.775000
v 6.012500 -0.862500 5.800000
v 6.012500 0.287500 4.600000
v 6.012500 0.387500 4.500000
v 6.012500 0.312500 4.575000
v 6.012500 0.337500 4.550000
v 6.012500 0.362500 4.525000
v 6.012500 0.437500 4.425000
v 6.012500 0.337500 4.525000
v 6.012500 0.312500 4.550000
v 6.012500 0.287500 4.575000
v 6.012500 0.212500 4.650000
v 6.012500 0.412500 4.450000
v 6.012500 0.362500 4.500000
v 6.012500 -0.887500 5.750000
v 6.012500 -0.887500 5.775000
v 6.012500 0.412500 4.425000
v 6.012500 0.212500 4.625000
v 6.012500 0.387500 4.450000
v 6.012500 0.462500 4.350000
v 6.012500 0.437500 4.350000
v 6.012500 -0.937500 5.725000
v 6.012500 -0.937500 5.750000
v 6.012500 -0.987500 5.700000
v 6.012500 -0.987500 5.725000
v 6.012500 -1.012500 5.675000
v 6.012500 -1.012500 5.700000
v 6.012500 -1.062500 5.650000
v 6.012500 -1.062500 5.675000
v 6.012500 -0.137500 4.675000
v 6.012500 0.462500 4.075000
v 6.012500 -1.112500 5.625000
v 6.012500 -1.112500 5.650000
v 6.012500 -0.212500 4.650000
v 6.012500 -0.137500 4.650000
v 6.012500 0.437500 4.000000
v 6.012500 0.437500 4.075000
v 6.012500 -1.162500 5.600000
v 6.012500 -1.162500 5.625000
v 6.012500 -1.187500 5.575000
v 6.012500 -1.187500 5.600000
v 6.012500 0.412500 3.950000
v 6.012500 0.412500 4.000000
v 6.012500 -0.262500 4.625000
v 6.012500 -0.212500 4.625000
v 6.012500 -0.287500 4.600000
v 6.012500 -0.262500 4.600000
v 6.012500 0.387500 3.925000
v 6.012500 0.387500 3.950000
v 6.012500 -1.237500 5.550000
v 6.012500 -1.237500 5.575000
v 6.012500 -0.312500 4.575000
v 6.012500 -0.287500 4.575000
v 6.012500 0.362500 3.900000
v 6.012500 0.362500 3.925000
v 6.012500 -1.287500 5.525000
v 6.012500 -1.287500 5.550000
v 6.012500 -0.337500 4.550000
v 6.012500 -0.312500 4.550000
v 6.012500 0.337500 3.875000
v 6.012500 0.337500 3.900000
v 6.012500 -0.362500 4.525000
v 6.012500 -0.337500 4.525000
v 6.012500 0.312500 3.850000
v 6.012500 0.312500 3.875000
v 6.012500 -1.337500 5.500000
v 6.012500 -1.337500 5.525000
v 6.012500 -0.387500 4.500000
v 6.012500 -0.362500 4.500000
v 6.012500 0.287500 3.825000
v 6.012500 0.287500 3.850000
v 6.012500 -1.362500 5.475000
v 6.012500 -1.362500 5.500000
v 6.012500 -0.412500 4.475000
v 6.012500 -0.387500 4.475000
v 6.012500 0.262500 3.800000
v 6.012500 0.262500 3.825000
v 6.012500 -1.412500 5.450000
v 6.012500 -1.412500 5.475000
v 6.012500 -0.437500 4.425000
v 6.012500 -0.412500 4.425000
v 6.012500 0.212500 3.775000
v 6.012500 0.212500 3.800000
v 6.012500 -1.462500 5.425000
v 6.012500 -1.462500 5.450000
v 6.012500 -0.462500 4.375000
v 6.012500 -0.437500 4.375000
v 6.012500 0.162500 3.750000
v 6.012500 0.162500 3.775000
v 6.012500 -1.487500 5.400000
v 6.012500 -1.487500 5.425000
v 6.012500 -1.537500 5.375000
v 6.012500 -1.537500 5.400000
v 6.012500 -0.487500 4.275000
v 6.012500 -0.462500 4.275000
v 6.012500 0.062500 3.750000
v 6.012500 -1.587500 5.350000
v 6.012500 -1.587500 5.375000
v 6.012500 1.512500 2.200000
v 6.012500 -1.637500 5.325000
v 6.012500 -1.637500 5.350000
v 6.012500 -1.662500 5.300000
v 6.012500 -1.662500 5.325000
v 6.012500 -0.462500 4.050000
v 6.012500 -0.487500 4.150000
v 6.012500 -0.462500 4.150000
v 6.012500 -0.162500 3.750000
v 6.012500 -0.062500 3.750000
v 6.012500 -0.437500 4.000000
v 6.012500 -0.437500 4.050000
v 6.012500 -0.212500 3.775000
v 6.012500 -0.162500 3.775000
v 6.012500 -1.712500 5.275000
v 6.012500 -1.712500 5.300000
v 6.012500 -0.412500 3.950000
v 6.012500 -0.412500 4.000000
v 6.012500 -0.387500 3.925000
v 6.012500 -0.387500 3.950000
v 6.012500 -0.362500 3.900000
v 6.012500 -0.362500 3.925000
v 6.012500 -0.337500 3.875000
v 6.012500 -0.337500 3.900000
v 6.012500 -0.287500 3.825000
v 6.012500 -0.262500 3.825000
v 6.012500 -0.312500 3.850000
v 6.012500 -0.312500 3.875000
v 6.012500 -0.287500 3.850000
v 6.012500 -1.762500 5.250000
v 6.012500 -1.762500 5.275000
v 6.012500 -1.812500 5.225000
v 6.012500 -1.812500 5.250000
v 6.012500 -1.837500 5.200000
v 6.012500 -1.837500 5.225000
v 6.012500 -1.887500 5.175000
v 6.012500 -1.887500 5.200000
v 6.012500 -1.937500 5.150000
v 6.012500 -1.937500 5.175000
v 6.012500 -1.987500 5.125000
v 6.012500 -1.987500 5.150000
v 6.012500 -2.012500 5.100000
v 6.012500 -2.012500 5.125000
v 6.012500 -2.062500 5.075000
v 6.012500 -2.062500 5.100000
v 6.012500 -2.112500 5.050000
v 6.012500 -2.112500 5.075000
v 6.012500 -2.137500 5.025000
v 6.012500 -2.137500 5.050000
v 6.012500 -2.187500 5.000000
v 6.012500 -2.187500 5.025000
v 6.012500 -2.237500 4.975000
v 6.012500 -2.237500 5.000000
v 6.012500 -2.287500 4.950000
v 6.012500 -2.287500 4.975000
v 6.012500 -2.312500 4.925000
v 6.012500 -2.312500 4.950000
v 6.012500 -2.362500 4.900000
v 6.012500 -2.362500 4.925000
v 6.012500 -2.412500 4.875000
v 6.012500 -2.412500 4.900000
v 6.012500 -2.462500 4.850000
v 6.012500 -2.462500 4.875000
v 6.012500 -2.487500 4.825000
v 6.012500 -2.487500 4.850000
v 6.012500 -2.537500 4.800000
v 6.012500 -2.537500 4.825000
v 6.012500 -2.587500 4.775000
v 6.012500 -2.587500 4.800000
v 6.012500 -2.637500 4.750000
v 6.012500 -2.637500 4.775000
v 6.012500 -2.662500 4.725000
v 6.012500 -2.662500 4.750000
v 6.012500 -2.712500 4.700000
v 6.012500 -2.712500 4.725000
v 6.012500 -2.762500 4.675000
v 6.012500 -2.762500 4.700000
v 6.012500 -2.787500 4.650000
v 6.012500 -2.787500 4.675000
v 6.012500 -2.837500 4.625000
v 6.012500 -2.837500 4.650000
v 6.012500 -2.887500 4.600000
v 6.012500 -2.887500 4.625000
v 6.012500 -2.937500 4.575000
v 6.012500 -2.937500 4.600000
v 6.012500 -2.962500 4.550000
v 6.012500 -2.962500 4.575000
v 6.012500 -3.012500 4.525000
v 6.012500 -3.012500 4.550000
v 6.012500 -3.062500 4.500000
v 6.012500 -3.062500 4.525000
v 6.012500 -3.112500 4.475000
v 6.012500 -3.112500 4.500000
v 6.012500 -3.137500 4.450000
v 6.012500 -3.137500 4.475000
v 6.012500 -3.187500 4.425000
v 6.012500 -3.187500 4.450000
v 6.012500 -3.237500 4.400000
v 6.012500 -3.237500 4.425000
v 6.012500 -3.287500 4.375000
v 6.012500 -3.287500 4.400000
v 6.012500 -3.312500 4.350000
v 6.012500 -3.312500 4.375000
v 6.012500 -3.362500 4.325000
v 6.012500 -3.362500 4.350000
v 6.012500 -3.412500 4.300000
v 6.012500 -3.412500 4.325000
v 6.012500 -3.437500 4.275000
v 6.012500 -3.437500 4.300000
v 6.012500 -3.487500 4.250000
v 6.012500 -3.487500 4.275000
v 6.012500 -3.537500 4.225000
v 6.012500 -3.537500 4.250000
v 6.012500 -3.587500 4.200000
v 6.012500 -3.587500 4.225000
v 6.012500 -3.612500 4.175000
v 6.012500 -3.612500 4.200000
v 6.012500 -3.662500 4.150000
v 6.012500 -3.662500 4.175000
v 6.012500 -3.712500 4.125000
v 6.012500 -3.712500 4.150000
v 6.012500 -1.812500 2.200000
v 6.012500 -3.762500 4.100000
v 6.012500 -3.762500 4.125000
v 6.012500 -3.787500 4.075000
v 6.012500 -3.787500 4.100000
v 6.012500 -3.837500 4.050000
v 6.012500 -3.837500 4.075000
v 6.012500 -3.887500 4.025000
v 6.012500 -3.887500 4.050000
v 6.012500 -3.912500 4.000000
v 6.012500 -3.912500 4.025000
v 6.012500 -3.962500 3.975000
v 6.012500 -3.962500 4.000000
v 6.012500 -4.012500 3.950000
v 6.012500 -4.012500 3.975000
v 6.012500 -4.062500 3.925000
v 6.012500 -4.062500 3.950000
v 6.012500 -4.087500 3.900000
v 6.012500 -4.087500 3.925000
v 6.012500 -4.137500 3.875000
v 6.012500 -4.137500 3.900000
v 6.012500 -4.187500 3.850000
v 6.012500 -4.187500 3.875000
v 6.012500 -4.237500 3.825000
v 6.012500 -4.237500 3.850000
v 6.012500 -4.262500 3.800000
v 6.012500 -4.262500 3.825000
v 6.012500 -4.312500 3.775000
v 6.012500 -4.312500 3.800000
v 6.012500 -4.362500 3.750000
v 6.012500 -4.362500 3.775000
v 6.012500 -4.412500 3.725000
v 6.012500 -4.412500 3.750000
v 6.012500 -4.437500 3.700000
v 6.012500 -4.437500 3.725000
v 6.012500 -4.487500 3.675000
v 6.012500 -4.487500 3.700000
v 6.012500 -4.537500 3.650000
v 6.012500 -4.537500 3.675000
v 6.012500 -4.562500 3.625000
v 6.012500 -4.562500 3.650000
v 6.012500 -4.612500 3.600000
v 6.012500 -4.612500 3.625000
v 6.012500 -4.662500 3.575000
v 6.012500 -4.662500 3.600000
v 6.012500 -4.712500 3.550000
v 6.012500 -4.712500 3.575000
v 6.012500 -4.712500 3.400000
v 6.012500 -4.837500 3.475000
v 6.012500 -4.837500 3.500000
v 6.012500 -4.812500 3.500000
v 6.012500 -4.812500 3.400000
v 6.012500 -4.887500 3.450000
v 6.012500 -4.887500 3.475000
v 6.012500 -4.912500 3.425000
v 6.012500 -4.912500 3.450000
v 6.012500 -4.962500 3.400000
v 6.012500 -4.962500 3.425000
v 6.012500 -3.787500 2.200000
v 6.012500 -5.012500 3.375000
v 6.012500 -5.012500 3.400000
v 5.987500 -0.112500 3.750000
v 5.987500 -0.062500 3.750000
v 5.987500 -0.162500 3.750000
v 5.987500 -0.187500 3.750000
v 5.987500 -0.187500 3.775000
v 5.987500 -0.162500 3.775000
v 5.987500 0.162500 3.750000
v 5.987500 0.187500 3.750000
v 5.987500 0.162500 3.775000
v 5.987500 0.187500 3.775000
v 5.987500 -0.212500 3.775000
v 5.987500 -0.237500 3.775000
v 5.987500 0.212500 3.775000
v 5.987500 0.237500 3.775000
v 5.987500 0.212500 3.800000
v 5.987500 0.237500 3.800000
v 5.987500 -0.287500 3.825000
v 5.987500 -0.262500 3.825000
v 5.987500 -0.312500 3.825000
v 5.987500 -0.312500 3.850000
v 5.987500 -0.287500 3.850000
v 5.987500 0.287500 3.825000
v 5.987500 0.312500 3.825000
v 5.987500 0.287500 3.850000
v 5.987500 0.312500 3.850000
v 5.987500 -0.337500 3.850000
v 5.987500 -0.337500 3.875000
v 5.987500 -0.312500 3.875000
v -6.012500 0.337500 3.850000
v -6.012500 0.312500 3.875000
v -6.012500 0.337500 3.875000
v 5.987500 0.337500 3.850000
v 5.987500 0.312500 3.875000
v 5.987500 0.337500 3.875000
v -4.187500 -5.012500 2.350000
v -4.187500 -5.012500 1.175000
v -2.237500 -5.012500 1.175000
v -2.237500 -5.012500 2.350000
v 2.212500 -5.012500 1.025000
v 2.212500 -5.012500 2.200000
v 4.187500 -5.012500 1.025000
v 4.187500 -5.012500 2.200000
v 2.212500 -4.887500 2.200000
v 2.212500 -4.887500 1.025000
v 4.187500 -4.887500 1.025000
v 4.187500 -4.887500 2.200000
v -4.212500 -4.912500 1.975000
v -4.212500 -4.987500 2.350000
v -4.212500 -4.887500 2.350000
v -4.212500 -4.887500 1.975000
v -4.212500 -4.937500 1.800000
v -4.212500 -4.912500 1.800000
v -4.212500 -4.962500 1.625000
v -4.212500 -4.937500 1.625000
v -4.212500 -4.987500 1.450000
v -4.212500 -4.962500 1.450000
v -4.187500 -4.962500 1.450000
v -4.187500 -4.987500 1.450000
v -4.187500 -4.912500 1.800000
v -4.187500 -4.912500 1.975000
v -4.187500 -4.887500 1.975000
v -4.187500 -4.887500 1.775000
v -4.187500 -4.912500 1.775000
v -4.187500 -4.937500 1.800000
v -4.187500 -4.937500 1.600000
v -4.187500 -4.962500 1.625000
v -4.187500 -4.937500 1.625000
v -4.187500 -4.912500 1.600000
v -4.187500 -4.962500 1.425000
v -4.187500 -4.937500 1.425000
v -4.187500 -4.987500 1.250000
v -4.187500 -4.962500 1.250000
v -4.187500 -4.987500 1.175000
v -4.187500 -4.987500 2.350000
v -4.212500 -4.887500 1.175000
v -4.212500 -4.987500 1.175000
v -2.237500 -4.987500 1.175000
v -2.212500 -4.887500 1.175000
v -2.212500 -4.987500 1.175000
v -4.212500 -4.912500 1.600000
v -4.212500 -4.912500 1.775000
v -4.212500 -4.887500 1.775000
v -4.212500 -4.937500 1.425000
v -4.212500 -4.937500 1.600000
v -4.212500 -4.962500 1.250000
v -4.212500 -4.962500 1.425000
v -4.212500 -4.987500 1.250000
v -2.212500 -4.987500 2.350000
v -2.212500 -4.887500 2.350000
v -2.237500 -4.987500 2.350000
v -6.012500 -0.362500 3.875000
v -6.012500 -0.362500 3.900000
v -6.012500 -0.337500 3.900000
v 5.987500 -0.362500 3.875000
v 5.987500 -0.362500 3.900000
v 5.987500 -0.337500 3.900000
v -6.012500 0.362500 3.875000
v -6.012500 0.337500 3.900000
v -6.012500 0.362500 3.900000
v 5.987500 0.362500 3.875000
v 5.987500 0.337500 3.900000
v 5.987500 0.362500 3.900000
v -6.012500 -0.387500 3.900000
v -6.012500 -0.387500 3.925000
v -6.012500 -0.362500 3.925000
v 5.987500 -0.387500 3.900000
v 5.987500 -0.387500 3.925000
v 5.987500 -0.362500 3.925000
v -6.012500 0.387500 3.900000
v -6.012500 0.362500 3.925000
v -6.012500 0.387500 3.925000
v 5.937500 0.387500 3.900000
v 5.937500 0.362500 3.900000
v 5.937500 0.362500 3.925000
v 5.937500 0.387500 3.925000
v -6.012500 -0.412500 3.950000
v -6.012500 -0.387500 3.950000
v 5.937500 -0.387500 3.925000
v 5.937500 -0.412500 3.925000
v 5.937500 -0.412500 3.950000
v 5.937500 -0.387500 3.950000
v -5.987500 -0.387500 3.950000
v -5.987500 -0.412500 3.950000
v -5.987500 -0.412500 3.925000
v -5.962500 -0.387500 3.925000
v -5.962500 -0.412500 3.925000
v -5.962500 -0.412500 3.950000
v -5.962500 -0.387500 3.950000
v -4.937500 5.012500 2.200000
v -4.937500 5.012500 1.025000
v -2.962500 5.012500 2.200000
v -2.962500 5.012500 1.025000
v -1.337500 5.012500 2.200000
v -1.337500 5.012500 1.025000
v 2.812500 5.012500 2.200000
v 0.637500 5.012500 2.200000
v 0.637500 5.012500 1.025000
v 2.812500 5.012500 1.025000
v 4.787500 5.012500 2.200000
v 4.787500 5.012500 1.025000
v 2.812500 4.887500 1.025000
v 2.812500 4.887500 2.200000
v 4.787500 4.887500 1.025000
v 4.787500 4.887500 2.200000
v -4.937500 4.887500 1.025000
v -4.937500 4.887500 2.200000
v -2.962500 4.887500 1.025000
v -2.962500 4.887500 2.200000
v -1.337500 4.887500 1.025000
v -1.337500 4.887500 2.200000
v 0.637500 4.887500 1.025000
v 0.637500 4.887500 2.200000
v 5.987500 -0.412500 3.975000
v 5.987500 -0.437500 3.975000
v 5.987500 -0.437500 4.000000
v 5.987500 -0.412500 4.000000
v -6.012500 0.412500 3.975000
v -6.012500 0.412500 4.000000
v -6.012500 0.437500 4.000000
v 5.987500 0.437500 3.975000
v 5.987500 0.412500 3.975000
v 5.987500 0.412500 4.000000
v 5.987500 0.437500 4.000000
v -6.012500 -0.437500 4.025000
v -6.012500 -0.462500 4.025000
v -6.012500 -0.462500 4.050000
v -6.012500 -0.437500 4.050000
v 5.987500 -0.437500 4.025000
v 5.987500 -0.462500 4.025000
v 5.987500 -0.462500 4.050000
v 5.987500 -0.437500 4.050000
v 5.912500 0.462500 4.025000
v 5.912500 0.437500 4.025000
v 5.912500 0.437500 4.050000
v 5.912500 0.462500 4.050000
v -6.487500 -4.837500 3.475000
v -6.487500 -4.837500 3.400000
v -6.487500 -4.837500 3.500000
v -6.487500 -4.812500 3.500000
v -6.487500 -4.812500 3.400000
v 5.987500 0.462500 4.050000
v 5.987500 0.437500 4.050000
v 5.987500 0.437500 4.075000
v 5.987500 0.462500 4.075000
v 5.987500 -0.462500 4.100000
v 5.987500 -0.487500 4.100000
v 5.987500 -0.487500 4.150000
v 5.987500 -0.462500 4.150000
v 5.987500 0.487500 4.125000
v 5.987500 0.462500 4.125000
v 5.987500 0.462500 4.300000
v 5.987500 0.487500 4.300000
v -6.012500 0.462500 4.350000
v -5.987500 0.462500 4.350000
v -6.012500 0.462500 4.375000
v -5.987500 0.462500 4.375000
v -6.012500 0.437500 4.375000
v -6.012500 0.437500 4.350000
v -5.987500 0.437500 4.350000
v -5.987500 0.437500 4.375000
v 5.987500 0.462500 4.350000
v 5.987500 0.462500 4.375000
v 5.987500 0.437500 4.375000
v 5.987500 0.437500 4.350000
v -5.987500 -0.487500 4.325000
v -5.987500 -0.487500 4.275000
v -5.987500 -0.462500 4.325000
v -5.987500 -0.462500 4.275000
v 5.987500 -0.487500 4.275000
v 5.987500 -0.487500 4.325000
v 5.987500 -0.462500 4.275000
v 5.987500 -0.462500 4.325000
v -6.012500 0.437500 4.425000
v -6.012500 0.412500 4.425000
v -5.987500 0.412500 4.450000
v -5.987500 0.412500 4.475000
v 5.987500 0.412500 4.450000
v 5.987500 0.412500 4.475000
v 5.987500 0.387500 4.475000
v 5.987500 0.387500 4.450000
v 5.937500 0.387500 4.500000
v 5.987500 0.387500 4.500000
v 5.987500 0.387500 4.525000
v 5.937500 0.387500 4.525000
v 5.937500 0.362500 4.500000
v 5.937500 0.362500 4.525000
v 5.987500 0.362500 4.525000
v 5.987500 0.362500 4.500000
v -6.012500 -0.462500 4.375000
v -6.012500 -0.462500 4.400000
v -5.987500 -0.462500 4.400000
v -5.987500 -0.462500 4.375000
v -5.987500 -0.437500 4.400000
v -5.987500 -0.437500 4.375000
v -6.012500 -0.437500 4.375000
v -6.012500 -0.437500 4.400000
v 5.987500 -0.462500 4.375000
v 5.987500 -0.462500 4.400000
v 5.987500 -0.437500 4.375000
v 5.987500 -0.437500 4.400000
v -5.987500 0.362500 4.525000
v -5.987500 0.362500 4.550000
v -5.987500 0.337500 4.525000
v -5.987500 0.337500 4.550000
v 5.937500 0.362500 4.550000
v 5.937500 0.337500 4.550000
v 5.937500 0.337500 4.525000
v 5.987500 0.337500 4.550000
v 5.987500 0.337500 4.575000
v 5.937500 0.337500 4.575000
v 5.937500 0.312500 4.550000
v 5.937500 0.312500 4.575000
v 5.987500 0.312500 4.575000
v 5.987500 0.312500 4.550000
v -5.987500 0.312500 4.575000
v -5.987500 0.312500 4.550000
v -5.987500 0.337500 4.575000
v 5.912500 0.312500 4.575000
v 5.912500 0.312500 4.600000
v 5.937500 0.312500 4.600000
v 5.912500 0.287500 4.575000
v 5.912500 0.287500 4.600000
v 5.937500 0.287500 4.600000
v 5.937500 0.287500 4.575000
v -6.012500 -0.437500 4.425000
v -6.012500 -0.437500 4.450000
v -5.987500 -0.437500 4.425000
v -5.987500 -0.437500 4.450000
v -5.987500 -0.412500 4.450000
v -5.987500 -0.412500 4.425000
v -6.012500 -0.412500 4.425000
v -6.012500 -0.412500 4.450000
v 5.912500 -0.437500 4.425000
v 5.912500 -0.437500 4.450000
v 5.937500 -0.437500 4.425000
v 5.987500 -0.437500 4.425000
v 5.987500 -0.437500 4.450000
v 5.937500 -0.437500 4.450000
v 5.987500 -0.412500 4.425000
v 5.987500 -0.412500 4.450000
v 5.937500 -0.412500 4.450000
v 5.937500 -0.412500 4.425000
v 5.912500 -0.412500 4.425000
v 5.912500 -0.412500 4.450000
v -6.012500 0.262500 4.625000
v -6.012500 0.262500 4.600000
v -6.012500 0.237500 4.600000
v -5.987500 0.237500 4.625000
v -5.987500 0.237500 4.600000
v -5.987500 0.262500 4.625000
v -5.987500 0.262500 4.600000
v -6.012500 -0.387500 4.500000
v -6.012500 -0.387500 4.525000
v -5.987500 -0.387500 4.500000
v -5.987500 -0.387500 4.525000
v -5.987500 -0.362500 4.500000
v -6.012500 -0.362500 4.500000
v -6.012500 -0.362500 4.525000
v 5.987500 -0.387500 4.500000
v 5.987500 -0.387500 4.525000
v 5.987500 -0.362500 4.500000
v 5.987500 -0.362500 4.525000
v 5.987500 0.087500 4.700000
v 5.987500 0.087500 4.675000
v 5.987500 -0.087500 4.700000
v 5.987500 -0.087500 4.675000
v -6.012500 -0.362500 4.550000
v -6.012500 -0.337500 4.525000
v -6.012500 -0.337500 4.550000
v 5.987500 -0.362500 4.550000
v 5.987500 -0.337500 4.525000
v 5.987500 -0.337500 4.550000
v -6.012500 -0.337500 4.575000
v -6.012500 -0.312500 4.550000
v -6.012500 -0.312500 4.575000
v 5.987500 -0.337500 4.575000
v 5.987500 -0.312500 4.550000
v 5.987500 -0.312500 4.575000
v -6.012500 -0.312500 4.600000
v -6.012500 -0.287500 4.575000
v -6.012500 -0.287500 4.600000
v 5.912500 -0.312500 4.575000
v 5.912500 -0.312500 4.600000
v 5.912500 -0.287500 4.575000
v 5.912500 -0.287500 4.600000
v 5.937500 -0.287500 4.575000
v 5.937500 -0.287500 4.600000
v 5.937500 -0.312500 4.575000
v 5.937500 -0.312500 4.600000
v 5.987500 -0.312500 4.600000
v 5.987500 -0.287500 4.575000
v 5.987500 -0.287500 4.600000
v -6.012500 -0.237500 4.625000
v -6.012500 -0.212500 4.625000
v -6.012500 -0.212500 4.650000
v 5.987500 -0.237500 4.625000
v 5.987500 -0.237500 4.650000
v 5.987500 -0.212500 4.625000
v 5.987500 -0.212500 4.650000
v -6.012500 -0.187500 4.650000
v -6.012500 -0.137500 4.650000
v -6.012500 -0.137500 4.675000
v 5.962500 -0.162500 4.650000
v 5.962500 -0.162500 4.675000
v 5.962500 -0.187500 4.650000
v 5.962500 -0.187500 4.675000
v 5.987500 -0.187500 4.650000
v 5.987500 -0.187500 4.675000
v 5.987500 -0.137500 4.650000
v 5.987500 -0.137500 4.675000
v 6.462500 -0.687500 5.875000
v 6.462500 -0.662500 5.875000
v 6.462500 -0.687500 5.900000
v 6.462500 -0.662500 5.900000
v 6.487500 0.062500 6.225000
v 6.487500 0.062500 6.250000
v 6.487500 0.037500 6.250000
v 6.487500 0.037500 6.150000
v 6.487500 0.062500 6.150000
f 1 2 3
f 4 1 5
f 4 2 1
f 6 3 2
f 6 2 7
f 8 9 10
f 8 10 11
f 12 9 8
f 12 13 9
f 14 15 16
f 14 16 17
f 18 15 14
f 18 19 15
f 20 21 22
f 20 22 23
f 24 21 20
f 24 25 21
f 26 27 20
f 26 20 28
f 29 27 26
f 29 30 27
f 31 32 26
f 31 26 33
f 34 32 31
f 34 35 32
f 36 37 38
f 36 38 39
f 40 39 38
f 40 41 39
f 42 43 44
f 45 43 42
f 46 44 43
f 47 46 43
f 48 46 47
f 48 49 46
f 50 51 52
f 50 52 53
f 54 51 50
f 55 54 50
f 56 57 58
f 56 59 57
f 55 57 54
f 59 54 57
f 60 51 54
f 60 61 51
f 62 63 61
f 62 61 60
f 64 63 62
f 64 65 63
f 65 64 66
f 65 66 67
f 68 67 66
f 68 69 67
f 70 71 72
f 70 72 73
f 74 71 70
f 74 75 71
f 76 77 78
f 76 78 46
f 79 77 76
f 79 80 77
f 81 82 83
f 81 83 84
f 85 82 81
f 85 86 82
f 87 88 89
f 87 89 90
f 91 88 87
f 91 92 88
f 93 94 95
f 93 95 96
f 97 94 93
f 98 93 99
f 98 97 93
f 100 97 98
f 101 98 102
f 101 100 98
f 52 103 101
f 52 101 102
f 96 104 105
f 96 105 93
f 106 107 108
f 106 108 109
f 106 110 111
f 112 110 106
f 113 106 107
f 113 112 106
f 114 110 112
f 115 114 112
f 116 117 118
f 116 118 119
f 120 116 119
f 111 116 120
f 110 111 120
f 121 120 122
f 121 123 110
f 121 110 120
f 124 121 125
f 124 123 121
f 119 126 127
f 119 127 120
f 128 129 130
f 131 128 132
f 133 128 131
f 133 129 128
f 77 134 135
f 136 137 138
f 139 136 138
f 140 139 141
f 140 141 142
f 143 142 144
f 143 144 145
f 146 137 136
f 147 148 149
f 147 149 134
f 150 145 151
f 152 136 139
f 152 139 140
f 153 134 77
f 153 147 134
f 154 155 156
f 154 156 148
f 157 155 154
f 157 150 158
f 157 158 155
f 159 145 150
f 160 140 142
f 160 142 143
f 161 148 147
f 161 154 148
f 162 157 154
f 163 159 150
f 163 150 157
f 164 145 159
f 164 143 145
f 132 137 131
f 146 131 137
f 131 165 166
f 131 166 133
f 167 168 169
f 170 168 167
f 171 170 167
f 172 173 171
f 172 171 174
f 118 172 175
f 118 173 172
f 167 174 171
f 169 176 177
f 169 177 167
f 178 179 180
f 178 180 181
f 181 182 183
f 181 183 178
f 184 185 186
f 187 184 188
f 189 184 187
f 189 185 184
f 187 190 191
f 187 191 189
f 192 193 194
f 192 194 195
f 195 196 197
f 195 197 192
f 198 199 200
f 198 200 185
f 185 201 202
f 185 202 198
f 203 202 201
f 203 201 204
f 204 205 206
f 204 206 203
f 207 206 205
f 207 205 208
f 208 209 210
f 208 210 207
f 211 210 209
f 211 209 212
f 212 213 214
f 212 214 211
f 215 216 217
f 218 215 217
f 219 215 218
f 220 216 215
f 220 221 216
f 222 223 224
f 225 226 222
f 227 228 225
f 229 230 227
f 231 222 224
f 231 225 222
f 232 233 229
f 234 225 231
f 234 227 225
f 234 229 227
f 234 232 229
f 235 234 236
f 235 232 234
f 237 238 232
f 239 235 240
f 239 232 235
f 239 237 232
f 241 242 237
f 243 244 241
f 245 239 246
f 245 237 239
f 245 241 237
f 245 243 241
f 247 248 243
f 249 245 250
f 249 243 245
f 249 247 243
f 251 249 252
f 251 247 249
f 253 254 247
f 255 251 256
f 255 247 251
f 255 253 247
f 257 258 253
f 259 260 257
f 261 255 262
f 261 253 255
f 261 257 253
f 261 259 257
f 263 264 259
f 265 263 259
f 265 261 266
f 265 259 261
f 267 265 268
f 267 263 265
f 269 270 263
f 271 263 267
f 271 269 263
f 271 267 272
f 273 274 269
f 275 276 273
f 277 269 271
f 277 273 269
f 277 275 273
f 277 271 278
f 279 275 277
f 279 277 280
f 281 282 283
f 281 283 275
f 284 275 279
f 284 281 275
f 284 279 285
f 286 287 281
f 288 284 289
f 288 281 284
f 288 286 281
f 290 291 292
f 290 292 286
f 293 294 290
f 295 288 296
f 295 286 288
f 295 290 286
f 295 293 290
f 297 295 298
f 297 293 295
f 299 300 293
f 301 297 302
f 301 293 297
f 301 299 293
f 303 304 299
f 305 306 303
f 307 301 308
f 307 299 301
f 307 303 299
f 307 305 303
f 309 310 305
f 311 307 312
f 311 305 307
f 311 309 305
f 313 311 314
f 313 309 311
f 315 316 309
f 317 315 309
f 317 309 313
f 317 313 318
f 319 320 315
f 321 322 319
f 323 315 317
f 323 321 319
f 323 319 315
f 323 317 324
f 325 326 321
f 327 321 323
f 327 325 321
f 327 323 328
f 329 325 327
f 329 327 330
f 331 332 325
f 333 325 329
f 333 331 325
f 333 329 334
f 335 336 331
f 337 338 335
f 339 331 333
f 339 335 331
f 339 337 335
f 339 333 340
f 341 337 339
f 341 339 342
f 343 344 337
f 345 343 337
f 345 337 341
f 345 341 346
f 347 348 343
f 349 343 345
f 349 347 343
f 349 345 350
f 351 352 347
f 353 354 351
f 355 347 349
f 355 349 356
f 355 351 347
f 355 353 351
f 357 355 358
f 357 353 355
f 359 360 353
f 361 357 362
f 361 359 353
f 361 353 357
f 363 364 359
f 365 366 363
f 367 361 368
f 367 359 361
f 367 363 359
f 367 365 363
f 369 370 365
f 371 369 365
f 371 365 367
f 371 367 372
f 373 371 374
f 373 369 371
f 375 376 369
f 377 369 373
f 377 375 369
f 377 373 378
f 379 380 375
f 381 382 379
f 383 375 377
f 383 379 375
f 383 381 379
f 383 377 384
f 385 381 383
f 385 383 386
f 387 388 381
f 389 387 381
f 389 381 385
f 389 385 390
f 391 392 387
f 393 387 389
f 393 391 387
f 393 389 394
f 395 396 391
f 397 398 395
f 399 391 393
f 399 395 391
f 399 397 395
f 399 393 400
f 401 397 399
f 401 399 402
f 403 404 397
f 405 397 401
f 405 403 397
f 405 401 406
f 407 408 403
f 409 410 407
f 411 403 405
f 411 407 403
f 411 409 407
f 411 405 412
f 413 414 409
f 415 409 411
f 415 411 416
f 415 413 409
f 417 413 415
f 417 415 418
f 419 420 413
f 421 417 422
f 421 413 417
f 421 419 413
f 423 424 419
f 425 426 423
f 427 421 428
f 427 419 421
f 427 425 423
f 427 423 419
f 429 430 425
f 431 427 432
f 431 425 427
f 431 429 425
f 433 431 434
f 433 429 431
f 435 436 429
f 437 433 438
f 437 429 433
f 437 435 429
f 439 440 435
f 441 442 439
f 443 437 444
f 443 435 437
f 443 439 435
f 443 441 439
f 445 443 446
f 445 441 443
f 447 448 441
f 449 445 450
f 449 441 445
f 449 447 441
f 451 452 447
f 453 449 454
f 453 447 449
f 453 451 447
f 455 456 451
f 457 458 455
f 459 453 460
f 459 451 453
f 459 455 451
f 459 457 455
f 461 459 462
f 461 457 459
f 463 464 457
f 465 461 466
f 465 457 461
f 465 463 457
f 467 468 463
f 469 463 465
f 469 467 463
f 469 465 470
f 471 467 469
f 471 472 467
f 473 474 471
f 475 471 469
f 475 473 471
f 475 469 476
f 477 473 475
f 477 475 478
f 479 480 473
f 481 473 477
f 481 479 473
f 481 477 482
f 483 484 479
f 485 479 481
f 485 481 486
f 485 483 479
f 487 483 485
f 487 488 483
f 489 485 490
f 489 487 485
f 491 487 489
f 491 492 487
f 493 489 494
f 493 491 489
f 495 496 491
f 497 493 498
f 497 491 493
f 497 495 491
f 499 500 495
f 501 502 499
f 503 497 504
f 503 495 497
f 503 499 495
f 503 501 499
f 505 503 506
f 505 501 503
f 507 508 501
f 509 505 510
f 509 501 505
f 509 507 501
f 511 512 507
f 513 509 514
f 513 507 509
f 513 511 507
f 515 516 511
f 517 515 511
f 517 513 518
f 517 511 513
f 519 520 515
f 519 515 517
f 521 519 517
f 521 517 522
f 523 524 519
f 525 519 521
f 525 521 526
f 525 523 519
f 527 528 523
f 529 523 525
f 529 527 523
f 529 525 530
f 531 527 529
f 531 532 527
f 533 534 531
f 535 531 529
f 535 533 531
f 535 529 536
f 537 533 535
f 537 535 538
f 539 540 533
f 541 533 537
f 541 539 533
f 541 537 542
f 543 544 539
f 545 543 539
f 545 539 541
f 545 541 546
f 547 548 543
f 547 543 545
f 549 550 547
f 551 547 545
f 551 545 552
f 551 549 547
f 553 551 554
f 553 549 551
f 555 556 549
f 557 553 558
f 557 555 549
f 557 549 553
f 559 560 555
f 561 557 562
f 561 555 557
f 561 559 555
f 563 564 559
f 563 559 561
f 565 561 566
f 565 563 561
f 567 568 563
f 569 565 570
f 569 567 563
f 569 563 565
f 571 572 567
f 573 567 569
f 573 569 574
f 573 571 567
f 575 576 571
f 577 578 575
f 579 571 573
f 579 575 571
f 579 577 575
f 579 573 580
f 581 577 579
f 581 579 582
f 583 584 577
f 585 583 577
f 585 577 581
f 585 581 586
f 587 588 583
f 589 583 585
f 589 587 583
f 589 585 590
f 591 592 587
f 591 587 589
f 593 594 591
f 595 591 589
f 595 593 591
f 595 589 596
f 597 593 595
f 597 595 598
f 599 600 593
f 601 593 597
f 601 599 593
f 601 597 602
f 603 604 599
f 605 606 603
f 607 603 599
f 607 599 601
f 607 605 603
f 607 601 608
f 609 605 607
f 609 607 610
f 611 612 605
f 613 611 605
f 613 605 609
f 613 609 614
f 615 616 611
f 617 615 611
f 617 611 613
f 617 613 618
f 619 620 615
f 621 622 619
f 623 617 624
f 623 619 615
f 623 621 619
f 623 615 617
f 625 623 626
f 625 621 623
f 627 628 621
f 629 625 630
f 629 621 625
f 629 627 621
f 631 632 627
f 633 634 631
f 635 629 636
f 635 627 629
f 635 631 627
f 635 633 631
f 637 638 633
f 639 635 640
f 639 633 635
f 639 637 633
f 641 639 642
f 641 637 639
f 643 644 637
f 645 641 646
f 645 637 641
f 645 643 637
f 647 648 643
f 649 645 650
f 649 643 645
f 649 647 643
f 651 647 649
f 651 652 647
f 653 654 651
f 655 649 656
f 655 651 649
f 655 653 651
f 657 655 658
f 657 653 655
f 659 660 653
f 661 657 662
f 661 653 657
f 661 659 653
f 663 664 659
f 665 666 663
f 667 661 668
f 667 663 659
f 667 659 661
f 667 665 663
f 669 665 667
f 669 667 670
f 671 672 665
f 673 665 669
f 673 671 665
f 673 669 674
f 675 676 671
f 677 671 673
f 677 673 678
f 677 675 671
f 679 680 675
f 681 675 677
f 681 679 675
f 681 677 682
f 683 679 681
f 683 684 679
f 685 683 681
f 685 681 686
f 687 688 683
f 689 685 690
f 689 683 685
f 689 687 683
f 691 692 687
f 693 689 694
f 693 687 689
f 693 691 687
f 695 691 693
f 695 696 691
f 697 693 698
f 697 695 693
f 699 695 697
f 699 700 695
f 701 697 702
f 701 699 697
f 703 704 699
f 705 701 706
f 705 699 701
f 705 703 699
f 707 708 703
f 709 705 710
f 709 703 705
f 709 707 703
f 711 712 707
f 711 707 709
f 713 714 711
f 715 709 716
f 715 711 709
f 715 713 711
f 717 715 718
f 717 713 715
f 719 720 713
f 721 713 717
f 721 717 722
f 721 719 713
f 723 724 719
f 725 723 719
f 725 719 721
f 725 721 726
f 727 728 729
f 730 731 727
f 732 725 733
f 732 723 725
f 734 735 730
f 736 737 738
f 736 739 734
f 740 741 737
f 742 743 740
f 744 723 732
f 744 732 745
f 746 747 742
f 748 749 746
f 750 751 748
f 752 744 753
f 754 755 750
f 756 757 754
f 758 759 756
f 760 752 761
f 762 760 761
f 763 723 744
f 763 752 760
f 763 729 723
f 763 744 752
f 764 765 758
f 766 729 763
f 767 729 766
f 768 769 770
f 768 771 764
f 772 763 760
f 773 766 763
f 774 767 766
f 775 729 767
f 775 730 727
f 775 727 729
f 776 777 769
f 778 734 730
f 778 730 775
f 779 775 767
f 780 781 776
f 782 736 734
f 783 778 775
f 784 734 778
f 784 782 734
f 785 786 787
f 785 788 780
f 789 784 778
f 790 782 784
f 791 736 782
f 791 737 736
f 791 740 737
f 792 793 786
f 794 795 792
f 796 791 782
f 797 742 740
f 797 740 791
f 798 799 794
f 800 797 791
f 801 742 797
f 802 742 801
f 802 746 742
f 802 748 746
f 803 804 798
f 805 801 797
f 806 748 802
f 806 750 748
f 807 802 801
f 808 809 803
f 810 754 750
f 810 750 806
f 811 812 808
f 813 806 802
f 814 815 811
f 816 756 754
f 816 758 756
f 817 810 806
f 818 754 810
f 818 816 754
f 819 820 814
f 821 822 819
f 823 818 810
f 824 816 818
f 825 758 816
f 825 764 758
f 826 827 828
f 826 829 821
f 830 825 816
f 831 764 825
f 832 768 764
f 832 764 831
f 833 831 825
f 834 835 827
f 836 832 831
f 837 776 769
f 837 768 832
f 837 769 768
f 838 839 834
f 840 841 838
f 842 837 832
f 843 776 837
f 843 780 776
f 844 845 840
f 846 780 843
f 847 785 780
f 847 780 846
f 848 843 837
f 849 850 844
f 851 847 846
f 852 792 786
f 852 786 785
f 852 785 847
f 853 846 843
f 854 855 856
f 854 857 849
f 858 852 847
f 859 792 852
f 859 794 792
f 860 861 855
f 862 859 852
f 863 794 859
f 864 798 794
f 864 803 798
f 864 794 863
f 865 803 864
f 865 808 803
f 866 867 860
f 868 863 859
f 869 864 863
f 870 871 872
f 870 873 866
f 874 808 865
f 874 811 808
f 875 865 864
f 876 877 871
f 878 811 874
f 879 874 865
f 880 819 814
f 880 811 878
f 880 814 811
f 881 882 876
f 883 878 874
f 884 880 878
f 885 821 819
f 885 819 880
f 886 887 881
f 888 826 821
f 889 890 886
f 891 885 880
f 892 888 821
f 892 821 885
f 893 894 889
f 895 892 885
f 896 888 892
f 897 827 826
f 897 834 827
f 897 826 888
f 898 834 897
f 898 838 834
f 899 900 901
f 899 902 893
f 903 897 888
f 904 905 900
f 906 898 897
f 907 838 898
f 908 844 840
f 908 840 838
f 908 838 907
f 909 844 908
f 909 849 844
f 910 911 904
f 912 907 898
f 913 908 907
f 914 915 916
f 914 917 910
f 918 909 908
f 919 854 849
f 919 849 909
f 920 921 915
f 922 919 909
f 923 854 919
f 924 854 923
f 924 855 854
f 924 860 855
f 925 926 920
f 927 923 919
f 928 924 923
f 929 860 924
f 929 866 860
f 930 931 932
f 930 933 925
f 934 866 929
f 935 929 924
f 936 866 934
f 936 870 866
f 937 938 931
f 939 870 936
f 939 871 870
f 939 876 871
f 940 934 929
f 941 936 934
f 942 943 937
f 944 939 936
f 945 881 876
f 945 876 939
f 946 881 945
f 947 881 946
f 947 886 881
f 948 949 950
f 948 951 942
f 952 945 939
f 953 954 949
f 955 946 945
f 956 947 946
f 957 889 886
f 957 893 889
f 957 886 947
f 958 959 960
f 958 961 953
f 962 957 947
f 963 899 893
f 963 893 957
f 964 900 899
f 964 904 900
f 965 966 959
f 967 963 957
f 968 899 963
f 968 964 899
f 969 904 964
f 969 910 904
f 970 971 965
f 972 968 963
f 973 964 968
f 974 969 964
f 975 910 969
f 975 914 910
f 976 977 978
f 976 979 970
f 980 981 977
f 982 975 969
f 983 915 914
f 983 920 915
f 984 914 975
f 984 983 914
f 985 920 983
f 985 925 920
f 986 984 975
f 987 983 984
f 988 989 980
f 990 925 985
f 991 925 990
f 991 930 925
f 992 993 988
f 994 995 992
f 996 985 983
f 997 990 985
f 998 931 930
f 998 937 931
f 998 930 991
f 999 1000 994
f 1001 991 990
f 1002 1003 999
f 1004 998 991
f 1005 942 937
f 1005 937 998
f 1006 1007 1008
f 1006 1009 1002
f 1010 1005 998
f 1011 942 1005
f 1012 948 942
f 1012 942 1011
f 1013 949 948
f 1013 948 1012
f 1013 953 949
f 1014 1015 1007
f 1016 1011 1005
f 1017 1012 1011
f 1018 1013 1012
f 1019 958 953
f 1019 953 1013
f 1020 1021 1014
f 1020 1022 1023
f 1024 1025 1022
f 1026 1019 1013
f 1027 959 958
f 1027 965 959
f 1028 1027 958
f 1028 958 1019
f 1029 1027 1028
f 1030 965 1027
f 1030 970 965
f 1031 1032 1024
f 1033 1028 1019
f 1034 1035 1036
f 1034 1037 1031
f 1038 1030 1027
f 1039 970 1030
f 1039 976 970
f 1040 1041 1035
f 1042 1039 1030
f 1043 980 977
f 1043 977 976
f 1044 976 1039
f 1044 1043 976
f 1045 1046 1040
f 1047 1044 1039
f 1048 1043 1044
f 1049 988 980
f 1049 980 1043
f 1050 992 988
f 1051 1052 1053
f 1051 1054 1045
f 1055 1049 1043
f 1056 988 1049
f 1056 1050 988
f 1057 1058 1052
f 1059 1050 1056
f 1060 999 994
f 1060 994 992
f 1060 992 1050
f 1061 1056 1049
f 1062 1063 1064
f 1062 1065 1057
f 1066 1060 1050
f 1067 999 1060
f 1067 1002 999
f 1068 1069 1063
f 1070 1067 1060
f 1071 1002 1067
f 1072 1002 1071
f 1072 1006 1002
f 1073 1074 1068
f 1075 1071 1067
f 1076 1072 1071
f 1077 1006 1072
f 1077 1007 1006
f 1077 1014 1007
f 1078 1014 1077
f 1078 1020 1014
f 1079 1080 1081
f 1079 1082 1073
f 1083 1077 1072
f 1084 1085 1080
f 1086 1078 1077
f 1087 1020 1078
f 1088 1024 1022
f 1088 1022 1020
f 1088 1020 1087
f 1089 1087 1078
f 1090 1031 1024
f 1090 1024 1088
f 1091 1092 1084
f 1093 1088 1087
f 1094 1090 1088
f 1095 1031 1090
f 1095 1034 1031
f 1096 1097 1098
f 1096 1099 1091
f 1100 1034 1095
f 1101 1095 1090
f 1102 1103 1097
f 1104 1035 1034
f 1104 1040 1035
f 1104 1034 1100
f 1105 1106 1102
f 1107 1100 1095
f 1108 1104 1100
f 1109 1040 1104
f 1109 1045 1040
f 1110 1045 1109
f 1111 1045 1110
f 1111 1051 1045
f 1112 1113 1114
f 1112 1115 1105
f 1116 1109 1104
f 1117 1118 1113
f 1119 1110 1109
f 1120 1111 1110
f 1121 1052 1051
f 1121 1057 1052
f 1121 1051 1111
f 1122 1123 1124
f 1122 1125 1117
f 1126 1121 1111
f 1127 1057 1121
f 1127 1062 1057
f 1128 1129 1123
f 1130 1127 1121
f 1131 1062 1127
f 1132 1062 1131
f 1132 1063 1062
f 1132 1068 1063
f 1133 1134 1128
f 1135 1073 1068
f 1135 1068 1132
f 1136 1131 1127
f 1137 1132 1131
f 1138 1139 1140
f 1138 1141 1133
f 1142 1079 1073
f 1142 1073 1135
f 1143 1135 1132
f 1144 1145 1139
f 1146 1142 1135
f 1147 1084 1080
f 1147 1080 1079
f 1148 1079 1142
f 1148 1147 1079
f 1149 1150 1144
f 1151 1148 1142
f 1152 1147 1148
f 1153 1084 1147
f 1153 1091 1084
f 1154 1155 1149
f 1156 1096 1091
f 1157 1158 1154
f 1159 1091 1153
f 1159 1156 1091
f 1160 1153 1147
f 1161 1162 1157
f 1163 1156 1159
f 1164 1159 1153
f 1165 1102 1097
f 1165 1096 1156
f 1165 1097 1096
f 1166 1167 1161
f 1168 1165 1156
f 1169 1105 1102
f 1169 1102 1165
f 1170 1112 1105
f 1171 1172 1173
f 1171 1174 1166
f 1175 1170 1105
f 1175 1105 1169
f 1176 1169 1165
f 1177 1178 1172
f 1179 1170 1175
f 1180 1112 1170
f 1180 1113 1112
f 1180 1117 1113
f 1181 1175 1169
f 1182 1183 1184
f 1182 1185 1177
f 1186 1180 1170
f 1187 1117 1180
f 1187 1122 1117
f 1188 1189 1183
f 1190 1187 1180
f 1191 1122 1187
f 1192 1123 1122
f 1192 1122 1191
f 1192 1128 1123
f 1193 1133 1128
f 1193 1128 1192
f 1194 1195 1188
f 1196 1191 1187
f 1197 1192 1191
f 1198 1199 1200
f 1198 1201 1194
f 1202 1193 1192
f 1203 1138 1133
f 1203 1133 1193
f 1204 1205 1199
f 1206 1203 1193
f 1207 1138 1203
f 1208 1144 1139
f 1208 1138 1207
f 1208 1139 1138
f 1209 1210 1211
f 1209 1212 1204
f 1213 1207 1203
f 1214 1208 1207
f 1215 1149 1144
f 1215 1144 1208
f 1216 1149 1215
f 1217 1149 1216
f 1217 1154 1149
f 1218 1215 1208
f 1219 1216 1215
f 1220 1217 1216
f 1221 1161 1157
f 1221 1157 1154
f 1221 1154 1217
f 1222 1166 1161
f 1222 1161 1221
f 1223 1221 1217
f 1224 1222 1221
f 1225 1166 1222
f 1226 1166 1225
f 1226 1171 1166
f 1227 1171 1226
f 1227 1177 1172
f 1227 1172 1171
f 1228 1225 1222
f 1229 1226 1225
f 1230 1227 1226
f 1231 1182 1177
f 1231 1177 1227
f 1232 1183 1182
f 1232 1188 1183
f 1233 1231 1227
f 1234 1182 1231
f 1234 1232 1182
f 1235 1232 1234
f 1236 1194 1188
f 1236 1188 1232
f 1237 1234 1231
f 1238 1236 1232
f 1239 1198 1194
f 1239 1194 1236
f 1240 1239 1236
f 1241 1199 1198
f 1241 1204 1199
f 1241 1198 1239
f 1242 1204 1241
f 1242 1209 1204
f 1242 1210 1209
f 1243 1241 1239
f 1140 1145 1244
f 1139 1145 1140
f 1150 1245 1244
f 1150 1244 1145
f 1155 1245 1150
f 1144 1150 1145
f 1149 1155 1150
f 282 1246 1247
f 282 1247 283
f 287 282 281
f 287 1246 282
f 292 287 286
f 292 1246 287
f 724 1248 1249
f 724 1249 720
f 724 720 719
f 731 1248 724
f 728 731 724
f 727 731 728
f 729 724 723
f 729 728 724
f 1241 1250 1251
f 1241 1251 1242
f 1252 1253 1254
f 1255 1256 1252
f 1257 1258 1255
f 1259 1260 1261
f 1259 1262 1257
f 1263 1264 1260
f 1265 1266 1263
f 1267 1268 1269
f 1267 1270 1265
f 1271 1272 1268
f 1273 1274 1275
f 1273 1276 1271
f 1277 1278 1274
f 1279 1280 1281
f 1282 1280 1279
f 1283 1254 1281
f 1283 1281 1280
f 1284 1285 1277
f 1286 1254 1283
f 1287 1288 1289
f 1287 1290 1284
f 1291 1283 1280
f 1292 1286 1283
f 1293 1252 1254
f 1293 1255 1252
f 1294 1295 1288
f 1296 1293 1254
f 1296 1254 1286
f 1297 1255 1293
f 1297 1257 1255
f 1298 1299 1294
f 1300 1296 1286
f 1301 1293 1296
f 1302 1303 1304
f 1302 1305 1298
f 1306 1297 1293
f 1307 1259 1257
f 1308 1307 1257
f 1308 1257 1297
f 1309 1260 1259
f 1309 1263 1260
f 1309 1259 1307
f 1310 1311 1303
f 1312 1308 1297
f 1313 1307 1308
f 1314 1315 1310
f 1316 1309 1307
f 1317 1263 1309
f 1317 1265 1263
f 1318 1267 1265
f 1319 1320 1321
f 1319 1322 1314
f 1323 1317 1309
f 1324 1265 1317
f 1324 1318 1265
f 1325 1324 1317
f 1326 1327 1320
f 1328 1318 1324
f 1329 1267 1318
f 1329 1268 1267
f 1329 1271 1268
f 1330 1331 1332
f 1330 1333 1326
f 1334 1329 1318
f 1335 1271 1329
f 1335 1273 1271
f 1336 1335 1329
f 1337 1274 1273
f 1337 1277 1274
f 1338 1339 1331
f 1340 1337 1273
f 1340 1273 1335
f 1341 1277 1337
f 1341 1284 1277
f 1342 1343 1338
f 1344 1337 1340
f 1345 1341 1337
f 1346 1340 1335
f 1347 1341 1345
f 1348 1349 1350
f 1348 1351 1342
f 1352 1284 1341
f 1352 1287 1284
f 1353 1354 1349
f 1355 1352 1341
f 1356 1294 1288
f 1356 1288 1287
f 1357 1287 1352
f 1357 1352 1358
f 1357 1356 1287
f 1359 1356 1357
f 1360 1357 1358
f 1361 1298 1294
f 1361 1294 1356
f 1362 1363 1353
f 1364 1361 1356
f 1365 1302 1298
f 1366 1365 1298
f 1366 1298 1361
f 1367 1368 1369
f 1367 1370 1362
f 1371 1365 1366
f 1372 1366 1361
f 1373 1374 1368
f 1375 1302 1365
f 1375 1303 1302
f 1375 1310 1303
f 1376 1375 1365
f 1377 1314 1310
f 1377 1310 1375
f 1378 1379 1380
f 1378 1381 1373
f 1382 1377 1375
f 1383 1384 1379
f 1385 1314 1377
f 1386 1314 1385
f 1386 1319 1314
f 1387 1385 1377
f 1388 1386 1385
f 1389 1319 1386
f 1389 1320 1319
f 1389 1326 1320
f 1390 1391 1383
f 1392 1326 1389
f 1392 1330 1326
f 1393 1389 1386
f 1394 1395 1396
f 1394 1397 1390
f 1398 1392 1389
f 1399 1338 1331
f 1399 1331 1330
f 1400 1401 1395
f 1402 1399 1330
f 1402 1330 1392
f 1403 1342 1338
f 1403 1338 1399
f 1404 1399 1402
f 1405 1402 1392
f 1406 1407 1400
f 1408 1409 1406
f 1410 1403 1399
f 1411 1412 1408
f 1413 1348 1342
f 1413 1342 1403
f 1414 1349 1348
f 1414 1353 1349
f 1415 1413 1403
f 1416 1414 1348
f 1416 1348 1413
f 1417 1418 1411
f 1419 1420 1417
f 1421 1416 1413
f 1422 1353 1414
f 1422 1362 1353
f 1423 1414 1416
f 1424 1425 1419
f 1426 1367 1362
f 1427 1428 1424
f 1429 1422 1414
f 1430 1426 1362
f 1430 1362 1422
f 1431 1432 1427
f 1433 1426 1430
f 1434 1373 1368
f 1434 1368 1367
f 1434 1367 1426
f 1435 1430 1422
f 1436 1437 1438
f 1436 1439 1431
f 1440 1434 1426
f 1441 1378 1373
f 1441 1373 1434
f 1442 1443 1437
f 1444 1383 1379
f 1444 1379 1378
f 1445 1441 1434
f 1446 1378 1441
f 1446 1444 1378
f 1447 1446 1441
f 1448 1449 1442
f 1450 1444 1446
f 1451 1390 1383
f 1451 1383 1444
f 1452 1453 1454
f 1452 1455 1448
f 1456 1451 1444
f 1457 1394 1390
f 1457 1390 1451
f 1458 1457 1451
f 1459 1400 1395
f 1459 1395 1394
f 1460 1461 1453
f 1462 1394 1457
f 1462 1459 1394
f 1463 1464 1460
f 1465 1462 1457
f 1466 1459 1462
f 1467 1406 1400
f 1467 1400 1459
f 1468 1469 1463
f 1470 1471 1468
f 1472 1408 1406
f 1473 1467 1459
f 1474 1472 1406
f 1474 1406 1467
f 1475 1476 1470
f 1477 1474 1467
f 1478 1472 1474
f 1479 1411 1408
f 1479 1417 1411
f 1479 1408 1472
f 1480 1479 1472
f 1481 1482 1475
f 1483 1419 1417
f 1483 1417 1479
f 1484 1483 1479
f 1485 1486 1487
f 1485 1488 1481
f 1489 1419 1483
f 1490 1419 1489
f 1490 1424 1419
f 1491 1492 1486
f 1493 1490 1489
f 1494 1489 1483
f 1495 1427 1424
f 1495 1431 1427
f 1495 1424 1490
f 1496 1431 1495
f 1496 1436 1431
f 1497 1498 1491
f 1499 1500 1497
f 1501 1495 1490
f 1502 1503 1499
f 1504 1496 1495
f 1505 1442 1437
f 1505 1437 1436
f 1506 1436 1496
f 1506 1505 1436
f 1507 1508 1502
f 1509 1506 1496
f 1510 1442 1505
f 1510 1448 1442
f 1511 1505 1506
f 1512 1513 1514
f 1512 1515 1507
f 1516 1452 1448
f 1516 1448 1510
f 1517 1510 1505
f 1518 1453 1452
f 1518 1460 1453
f 1519 1452 1516
f 1519 1518 1452
f 1520 1521 1513
f 1522 1516 1510
f 1523 1524 1520
f 1525 1518 1519
f 1526 1463 1460
f 1526 1460 1518
f 1527 1519 1516
f 1528 1529 1523
f 1530 1531 1528
f 1532 1463 1526
f 1533 1463 1532
f 1533 1468 1463
f 1534 1526 1518
f 1535 1536 1530
f 1537 1533 1532
f 1538 1470 1468
f 1538 1475 1470
f 1538 1468 1533
f 1539 1532 1526
f 1540 1475 1538
f 1540 1481 1475
f 1541 1542 1535
f 1543 1538 1533
f 1544 1545 1546
f 1544 1547 1541
f 1548 1481 1540
f 1549 1481 1548
f 1549 1485 1481
f 1550 1540 1538
f 1551 1552 1545
f 1553 1548 1540
f 1554 1491 1486
f 1554 1485 1549
f 1554 1486 1485
f 1555 1549 1548
f 1556 1557 1551
f 1558 1559 1556
f 1560 1491 1554
f 1560 1497 1491
f 1561 1554 1549
f 1562 1497 1560
f 1563 1564 1558
f 1565 1499 1497
f 1565 1502 1499
f 1565 1497 1562
f 1566 1560 1554
f 1567 1568 1563
f 1569 1565 1562
f 1570 1507 1502
f 1570 1502 1565
f 1571 1562 1560
f 1572 1573 1567
f 1574 1575 1572
f 1576 1570 1565
f 1577 1507 1570
f 1577 1512 1507
f 1578 1513 1512
f 1578 1520 1513
f 1579 1512 1577
f 1579 1578 1512
f 1580 1581 1574
f 1582 1577 1570
f 1583 1520 1578
f 1583 1523 1520
f 1584 1585 1580
f 1586 1578 1579
f 1587 1579 1577
f 1588 1589 1590
f 1588 1591 1584
f 1592 1523 1583
f 1593 1583 1578
f 1594 1523 1592
f 1594 1528 1523
f 1595 1596 1589
f 1597 1594 1592
f 1598 1535 1530
f 1598 1530 1528
f 1598 1528 1594
f 1599 1592 1583
f 1600 1535 1598
f 1600 1541 1535
f 1601 1602 1603
f 1601 1604 1595
f 1605 1598 1594
f 1606 1607 1602
f 1608 1544 1541
f 1609 1541 1600
f 1609 1608 1541
f 1610 1600 1598
f 1611 1612 1606
f 1613 1609 1600
f 1614 1545 1544
f 1614 1544 1608
f 1614 1551 1545
f 1615 1608 1609
f 1616 1617 1618
f 1616 1619 1611
f 1620 1614 1608
f 1621 1556 1551
f 1621 1551 1614
f 1622 1558 1556
f 1622 1563 1558
f 1623 1622 1556
f 1623 1556 1621
f 1624 1625 1617
f 1626 1621 1614
f 1627 1628 1624
f 1629 1623 1621
f 1630 1622 1623
f 1631 1567 1563
f 1631 1563 1622
f 1632 1633 1627
f 1634 1635 1632
f 1636 1631 1622
f 1637 1572 1567
f 1637 1567 1631
f 1638 1574 1572
f 1638 1580 1574
f 1639 1637 1631
f 1640 1572 1637
f 1640 1638 1572
f 1641 1642 1634
f 1643 1580 1638
f 1643 1584 1580
f 1644 1645 1641
f 1646 1640 1637
f 1647 1638 1640
f 1648 1649 1650
f 1648 1651 1644
f 1652 1643 1638
f 1653 1584 1643
f 1654 1584 1653
f 1654 1588 1584
f 1655 1595 1589
f 1655 1588 1654
f 1655 1589 1588
f 1656 1657 1649
f 1658 1653 1643
f 1659 1654 1653
f 1660 1595 1655
f 1660 1601 1595
f 1661 1662 1663
f 1661 1664 1656
f 1665 1655 1654
f 1666 1667 1662
f 1668 1660 1655
f 1669 1601 1660
f 1670 1602 1601
f 1670 1601 1669
f 1670 1606 1602
f 1671 1672 1666
f 1673 1611 1606
f 1673 1606 1670
f 1674 1669 1660
f 1675 1670 1669
f 1676 1677 1678
f 1676 1679 1671
f 1680 1673 1670
f 1681 1616 1611
f 1681 1611 1673
f 1682 1624 1617
f 1682 1617 1616
f 1683 1616 1681
f 1683 1682 1616
f 1684 1685 1677
f 1686 1681 1673
f 1687 1688 1684
f 1689 1624 1682
f 1689 1627 1624
f 1690 1682 1683
f 1691 1683 1681
f 1692 1693 1694
f 1692 1695 1687
f 1696 1627 1689
f 1697 1632 1627
f 1697 1627 1696
f 1698 1689 1682
f 1699 1700 1693
f 1701 1632 1697
f 1701 1641 1634
f 1701 1634 1632
f 1702 1696 1689
f 1703 1697 1696
f 1704 1644 1641
f 1704 1641 1701
f 1705 1706 1699
f 1707 1701 1697
f 1708 1709 1710
f 1708 1711 1705
f 1712 1648 1644
f 1713 1704 1701
f 1714 1644 1704
f 1714 1712 1644
f 1715 1716 1709
f 1717 1649 1648
f 1717 1648 1712
f 1717 1656 1649
f 1718 1714 1704
f 1719 1712 1714
f 1720 1656 1717
f 1720 1661 1656
f 1721 1722 1723
f 1721 1724 1715
f 1725 1717 1712
f 1726 1727 1722
f 1728 1666 1662
f 1728 1662 1661
f 1729 1720 1717
f 1730 1661 1720
f 1730 1728 1661
f 1731 1732 1733
f 1731 1734 1726
f 1735 1730 1720
f 1736 1728 1730
f 1737 1671 1666
f 1737 1666 1728
f 1738 1732 1731
f 1739 1737 1728
f 1740 1671 1737
f 1740 1676 1671
f 1741 1677 1676
f 1741 1684 1677
f 1742 1741 1676
f 1742 1676 1740
f 1743 1740 1737
f 1744 1742 1740
f 1745 1741 1742
f 1746 1687 1684
f 1746 1684 1741
f 1747 1746 1741
f 1748 1692 1687
f 1749 1748 1687
f 1749 1687 1746
f 1750 1751 1738
f 1750 1731 1726
f 1750 1738 1731
f 1752 1692 1748
f 1752 1699 1693
f 1752 1693 1692
f 1753 1749 1746
f 1754 1748 1749
f 1755 1705 1699
f 1755 1699 1752
f 1756 1752 1748
f 1757 1705 1755
f 1758 1755 1752
f 1759 1705 1757
f 1759 1708 1705
f 1760 1761 1750
f 1762 1759 1757
f 1763 1708 1759
f 1763 1709 1708
f 1763 1715 1709
f 1764 1757 1755
f 1765 1763 1759
f 1766 1715 1763
f 1766 1721 1715
f 1767 1768 1760
f 1769 1721 1766
f 1769 1722 1721
f 1769 1726 1722
f 1769 1750 1726
f 1770 1766 1763
f 1771 1769 1766
f 1772 1760 1750
f 1772 1750 1769
f 1772 1767 1760
f 1773 1774 1767
f 1773 1767 1772
f 1775 1773 1772
f 1775 1772 1776
f 1777 1778 1773
f 1779 1773 1775
f 1779 1777 1773
f 1779 1775 1780
f 1781 1782 1777
f 1783 1781 1777
f 1783 1777 1779
f 1783 1779 1784
f 1785 1786 1781
f 1785 1781 1783
f 1787 1783 1788
f 1787 1785 1783
f 1789 1790 1785
f 1789 1785 1787
f 1791 1787 1792
f 1791 1789 1787
f 1793 1794 1789
f 1795 1789 1791
f 1795 1791 1796
f 1795 1793 1789
f 1797 1798 1793
f 1799 1797 1793
f 1799 1795 1800
f 1799 1793 1795
f 1801 1797 1799
f 1801 1802 1797
f 1803 1801 1799
f 1803 1799 1804
f 1805 1806 1801
f 1807 1805 1801
f 1807 1803 1808
f 1807 1801 1803
f 1809 1810 1805
f 1811 1805 1807
f 1811 1809 1805
f 1811 1807 1812
f 1813 1814 1809
f 1815 1809 1811
f 1815 1811 1816
f 1815 1813 1809
f 1817 1813 1815
f 1817 1818 1813
f 1819 1817 1815
f 1819 1815 1820
f 1821 1822 1817
f 1823 1817 1819
f 1823 1821 1817
f 1823 1819 1824
f 1825 1826 1821
f 1827 1821 1823
f 1827 1825 1821
f 1827 1823 1828
f 1829 1825 1827
f 1829 1830 1825
f 1831 1827 1832
f 1833 1829 1827
f 1833 1827 1831
f 1834 1835 1829
f 1834 1829 1833
f 1836 1834 1833
f 1836 1833 1837
f 1838 1839 1834
f 1840 1838 1834
f 1840 1834 1836
f 1840 1836 1841
f 1842 1843 1838
f 1844 1838 1840
f 1844 1842 1838
f 1844 1840 1845
f 1846 1847 1842
f 1846 1842 1844
f 1848 1846 1844
f 1848 1844 1849
f 1850 1851 1846
f 1850 1846 1848
f 1852 1848 1853
f 1852 1850 1848
f 1854 1855 1850
f 1856 1852 1857
f 1856 1854 1850
f 1856 1850 1852
f 1858 1859 1854
f 1860 1856 1861
f 1860 1858 1854
f 1860 1854 1856
f 1862 1863 1858
f 1862 1858 1860
f 1864 1860 1865
f 1864 1862 1860
f 1866 1867 1862
f 1868 1866 1862
f 1868 1864 1869
f 1868 1862 1864
f 1870 1871 1866
f 1872 1868 1873
f 1872 1866 1868
f 1872 1870 1866
f 1874 1875 1870
f 1876 1872 1877
f 1876 1870 1872
f 1876 1874 1870
f 1878 1874 1876
f 1878 1879 1874
f 1880 1876 1881
f 1880 1878 1876
f 1882 1883 1878
f 1884 1880 1885
f 1884 1878 1880
f 1884 1882 1878
f 1886 1887 1882
f 1888 1884 1889
f 1888 1882 1884
f 1888 1886 1882
f 1890 1886 1888
f 1890 1891 1886
f 1892 1888 1893
f 1892 1890 1888
f 1894 1895 1890
f 1894 1890 1892
f 1896 1892 1897
f 1896 1894 1892
f 1898 1899 1894
f 1900 1896 1901
f 1900 1898 1894
f 1900 1894 1896
f 1902 1903 1898
f 1904 1905 1902
f 1906 1902 1898
f 1906 1898 1900
f 1906 1904 1902
f 1906 1900 1907
f 1908 1904 1906
f 1908 1906 1909
f 1910 1911 1904
f 1912 1910 1904
f 1912 1908 1913
f 1912 1904 1908
f 1914 1915 1910
f 1916 1910 1912
f 1916 1914 1910
f 1916 1912 1917
f 1918 1919 1914
f 1920 1921 1918
f 1922 1916 1923
f 1922 1914 1916
f 1922 1918 1914
f 1922 1920 1918
f 1924 1922 1925
f 1924 1920 1922
f 1926 1927 1920
f 1928 1924 1929
f 1928 1920 1924
f 1928 1926 1920
f 1930 1931 1926
f 1932 1928 1933
f 1932 1926 1928
f 1932 1930 1926
f 1934 1935 1930
f 1934 1930 1932
f 1936 1937 1934
f 1938 1932 1939
f 1938 1934 1932
f 1938 1936 1934
f 1940 1938 1941
f 1940 1936 1938
f 1942 1943 1936
f 1944 1940 1945
f 1944 1942 1936
f 1944 1936 1940
f 1946 1947 1942
f 1948 1944 1949
f 1948 1946 1942
f 1948 1942 1944
f 1950 1946 1948
f 1950 1951 1946
f 1952 1953 1950
f 1954 1950 1948
f 1954 1952 1950
f 1954 1948 1955
f 1956 1954 1957
f 1956 1952 1954
f 1958 1959 1952
f 1960 1958 1952
f 1960 1956 1961
f 1960 1952 1956
f 1962 1963 1958
f 1964 1958 1960
f 1964 1962 1958
f 1964 1960 1965
f 1966 1962 1964
f 1966 1967 1962
f 1968 1966 1964
f 1968 1964 1969
f 1970 1971 1966
f 1972 1966 1968
f 1972 1970 1966
f 1972 1968 1973
f 1974 1975 1970
f 1976 1970 1972
f 1976 1974 1970
f 1976 1972 1977
f 1978 1979 1974
f 1980 1981 1978
f 1982 1974 1976
f 1982 1980 1978
f 1982 1978 1974
f 1982 1976 1983
f 1984 1982 1985
f 1984 1980 1982
f 1986 1987 1980
f 1988 1984 1989
f 1988 1980 1984
f 1988 1986 1980
f 1990 1991 1986
f 1992 1986 1988
f 1992 1988 1993
f 1992 1990 1986
f 1994 1995 1990
f 1994 1990 1992
f 1996 1997 1994
f 1998 1992 1999
f 1998 1994 1992
f 1998 1996 1994
f 2000 1998 2001
f 2000 1996 1998
f 2002 2003 1996
f 2004 1996 2000
f 2004 2002 1996
f 2004 2000 2005
f 2006 2007 2002
f 2008 2006 2002
f 2008 2004 2009
f 2008 2002 2004
f 2010 2006 2008
f 2010 2011 2006
f 2012 2013 2010
f 2014 2010 2008
f 2014 2012 2010
f 2014 2008 2015
f 2016 2012 2014
f 2016 2014 2017
f 2018 2019 2012
f 2020 2012 2016
f 2020 2018 2012
f 2020 2016 2021
f 2022 2023 2018
f 2024 2018 2020
f 2024 2020 2025
f 2024 2022 2018
f 2026 2027 2022
f 2026 2022 2024
f 2028 2026 2024
f 2028 2024 2029
f 2030 2031 2026
f 2032 2030 2026
f 2032 2026 2028
f 2032 2028 2033
f 2034 2035 2030
f 2036 2034 2030
f 2036 2030 2032
f 2036 2032 2037
f 2038 2039 2034
f 2040 2041 2038
f 2042 2038 2034
f 2042 2034 2036
f 2042 2040 2038
f 2042 2036 2043
f 2044 2040 2042
f 2044 2042 2045
f 2046 2047 2040
f 2048 2040 2044
f 2048 2046 2040
f 2048 2044 2049
f 2050 2051 2046
f 2052 2053 2050
f 2054 2050 2046
f 2054 2052 2050
f 2054 2046 2048
f 2054 2048 2055
f 2056 2057 2052
f 2058 2054 2059
f 2058 2056 2052
f 2058 2052 2054
f 2060 2058 2061
f 2060 2056 2058
f 2062 2063 2056
f 2064 2060 2065
f 2064 2062 2056
f 2064 2056 2060
f 2066 2067 2062
f 2068 2064 2069
f 2068 2066 2062
f 2068 2062 2064
f 2070 2066 2068
f 2070 2071 2066
f 2072 2068 2073
f 2072 2070 2068
f 2074 2070 2072
f 2074 2075 2070
f 2076 2072 2077
f 2076 2074 2072
f 2078 2079 2074
f 2080 2076 2081
f 2080 2074 2076
f 2080 2078 2074
f 2082 2083 2078
f 2084 2080 2085
f 2084 2078 2080
f 2084 2082 2078
f 2086 2082 2084
f 2086 2087 2082
f 2088 2084 2089
f 2088 2086 2084
f 2090 2091 2086
f 2092 2088 2093
f 2092 2086 2088
f 2092 2090 2086
f 2094 2095 2090
f 2096 2092 2097
f 2096 2090 2092
f 2096 2094 2090
f 2098 2099 2094
f 2100 2101 2098
f 2102 2100 2098
f 2102 2096 2103
f 2102 2094 2096
f 2102 2098 2094
f 2104 2102 2105
f 2104 2100 2102
f 2106 2107 2100
f 2108 2106 2100
f 2108 2104 2109
f 2108 2100 2104
f 2110 2111 2106
f 2112 2113 2110
f 2114 2110 2106
f 2114 2112 2110
f 2114 2108 2115
f 2114 2106 2108
f 2116 2117 2112
f 2118 2112 2114
f 2118 2114 2119
f 2118 2116 2112
f 2120 2118 2121
f 2120 2116 2118
f 2122 2123 2116
f 2124 2120 2125
f 2124 2116 2120
f 2124 2122 2116
f 2126 2127 2122
f 2128 2124 2129
f 2128 2122 2124
f 2128 2126 2122
f 2130 2126 2128
f 2130 2131 2126
f 2132 2128 2133
f 2132 2130 2128
f 2134 2135 2130
f 2136 2132 2137
f 2136 2130 2132
f 2136 2134 2130
f 2138 2139 2134
f 2140 2136 2141
f 2140 2138 2134
f 2140 2134 2136
f 2142 2143 2138
f 2144 2145 2142
f 2146 2140 2147
f 2146 2138 2140
f 2146 2142 2138
f 2146 2144 2142
f 2148 2146 2149
f 2148 2144 2146
f 2150 2151 2144
f 2152 2150 2144
f 2152 2148 2153
f 2152 2144 2148
f 2154 2155 2150
f 2156 2157 2154
f 2158 2154 2150
f 2158 2156 2154
f 2158 2152 2159
f 2158 2150 2152
f 2160 2161 2156
f 2162 2160 2156
f 2162 2158 2163
f 2162 2156 2158
f 2164 2160 2162
f 2164 2162 2165
f 2166 2167 2160
f 2168 2160 2164
f 2168 2166 2160
f 2168 2164 2169
f 2170 2171 2166
f 2172 2173 2170
f 2174 2166 2168
f 2174 2170 2166
f 2174 2172 2170
f 2174 2168 2175
f 2176 2177 2172
f 2178 2172 2174
f 2178 2176 2172
f 2178 2174 2179
f 2180 2176 2178
f 2180 2178 2181
f 2182 2183 2176
f 2184 2182 2176
f 2184 2176 2180
f 2184 2180 2185
f 2186 2187 2182
f 2188 2182 2184
f 2188 2186 2182
f 2188 2184 2189
f 2190 2191 2186
f 2190 2186 2188
f 2192 2188 2193
f 2192 2190 2188
f 2194 2195 2190
f 2196 2192 2197
f 2196 2194 2190
f 2196 2190 2192
f 2198 2199 2194
f 2200 2196 2201
f 2200 2194 2196
f 2200 2198 2194
f 2202 2203 2198
f 2204 2200 2205
f 2204 2198 2200
f 2204 2202 2198
f 2206 2202 2204
f 2206 2207 2202
f 2208 2206 2204
f 2208 2204 2209
f 2210 2211 2206
f 2212 2210 2206
f 2212 2206 2208
f 2212 2208 2213
f 2214 2215 2210
f 2216 2217 2214
f 2218 2214 2210
f 2218 2216 2214
f 2218 2210 2212
f 2218 2212 2219
f 2220 2221 2216
f 2222 2216 2218
f 2222 2220 2216
f 2222 2218 220
f 2223 2220 2222
f 2223 2222 2224
f 2225 2226 2220
f 2227 2225 2220
f 2227 2220 2223
f 2227 2223 2228
f 2229 2230 2225
f 2231 2232 2229
f 2233 2225 2227
f 2233 2229 2225
f 2233 2231 2229
f 2233 2227 2234
f 2235 2236 2231
f 2237 2235 2231
f 2237 2231 2233
f 2237 2233 2238
f 2239 2235 2237
f 2239 2237 2240
f 2241 2242 2235
f 2243 2241 2235
f 2243 2235 2239
f 2243 2239 2244
f 2245 2246 2241
f 2247 2248 2245
f 2249 2241 2243
f 2249 2245 2241
f 2249 2247 2245
f 2249 2243 2250
f 2251 2247 2249
f 2251 2249 2252
f 2253 2254 2247
f 2255 2251 2256
f 2255 2253 2247
f 2255 2247 2251
f 2257 2258 2253
f 2259 2255 2260
f 2259 2257 2253
f 2259 2253 2255
f 1250 2261 2257
f 2262 2259 2263
f 2262 2257 2259
f 2262 1250 2257
f 2264 2262 2265
f 2264 1250 2262
f 2266 1251 1250
f 2266 2264 2267
f 2266 1250 2264
f 2268 2266 2269
f 2268 1251 2266
f 2270 2268 2271
f 2270 1251 2268
f 2213 2208 2209
f 2219 2212 2213
f 2272 2213 2209
f 2272 2219 2213
f 220 2218 2219
f 221 2219 2272
f 221 220 2219
f 1355 1358 1352
f 1355 1341 1347
f 2273 1347 1345
f 2274 1347 2273
f 2274 1355 1347
f 2274 1358 1355
f 1837 1833 1831
f 1837 1831 2275
f 1771 1766 1770
f 1776 1772 1769
f 1776 1769 1771
f 2276 1771 1770
f 1780 1775 1776
f 1780 1776 1771
f 2277 1771 2276
f 2277 1780 1771
f 231 1281 1254
f 231 1254 234
f 1239 2257 2261
f 1239 2261 1243
f 235 1253 1252
f 236 1253 235
f 1236 2253 2258
f 1236 2258 1240
f 240 1256 1255
f 240 1255 239
f 1232 2247 2254
f 1232 2254 1238
f 246 1258 1257
f 246 1257 245
f 1234 2245 2248
f 1234 2248 1235
f 250 1262 1259
f 250 1259 249
f 1231 2241 2246
f 1231 2246 1237
f 251 1261 1260
f 252 1261 251
f 1227 2235 2242
f 1227 2242 1233
f 256 1264 1263
f 256 1263 255
f 1226 2231 2236
f 1226 2236 1230
f 262 1266 1265
f 262 1265 261
f 1225 2229 2232
f 1225 2232 1229
f 266 1270 1267
f 266 1267 265
f 1222 2225 2230
f 1222 2230 1228
f 267 1269 1268
f 268 1269 267
f 1221 2220 2226
f 1221 2226 1224
f 272 1272 1271
f 272 1271 271
f 1217 2216 2221
f 1217 2221 1223
f 278 1276 1273
f 278 1273 277
f 1216 2214 2217
f 1216 2217 1220
f 279 1275 1274
f 280 1275 279
f 1215 2210 2215
f 1215 2215 1219
f 285 1278 1277
f 285 1277 284
f 1208 2206 2211
f 1208 2211 1218
f 289 1285 1284
f 289 1284 288
f 1207 2202 2207
f 1207 2207 1214
f 296 1290 1287
f 296 1287 295
f 1203 2198 2203
f 1203 2203 1213
f 297 1289 1288
f 298 1289 297
f 1193 2194 2199
f 1193 2199 1206
f 302 1295 1294
f 302 1294 301
f 1192 2190 2195
f 1192 2195 1202
f 308 1299 1298
f 308 1298 307
f 1191 2186 2191
f 1191 2191 1197
f 312 1305 1302
f 312 1302 311
f 1187 2182 2187
f 1187 2187 1196
f 313 1304 1303
f 314 1304 313
f 1251 1210 1242
f 1251 2270 1210
f 1280 223 222
f 1280 1282 223
f 1180 2176 2183
f 1180 2183 1190
f 1283 226 225
f 1283 1291 226
f 318 1311 1310
f 318 1310 317
f 1286 228 227
f 1286 1292 228
f 1170 2172 2177
f 1170 2177 1186
f 1296 230 229
f 1296 1300 230
f 324 1315 1314
f 324 1314 323
f 1293 233 232
f 1293 1301 233
f 1175 2170 2173
f 1175 2173 1179
f 1297 238 237
f 1297 1306 238
f 328 1322 1319
f 328 1319 327
f 1308 242 241
f 1308 1312 242
f 1169 2166 2171
f 1169 2171 1181
f 1307 244 243
f 1307 1313 244
f 2271 1209 1211
f 2271 2268 1209
f 329 1321 1320
f 330 1321 329
f 1309 248 247
f 1309 1316 248
f 1279 231 224
f 1279 1281 231
f 1165 2160 2167
f 1165 2167 1176
f 2269 1204 1212
f 2269 2266 1204
f 1317 254 253
f 1317 1323 254
f 334 1327 1326
f 334 1326 333
f 2267 1199 1205
f 2267 2264 1199
f 1324 258 257
f 1324 1325 258
f 1156 2156 2161
f 1156 2161 1168
f 2265 1198 1200
f 2265 2262 1198
f 2261 1241 1243
f 2261 1250 1241
f 2278 260 259
f 2278 2279 260
f 2280 2281 2282
f 2280 2282 2283
f 2283 2284 2285
f 2283 2285 2280
f 2286 2287 2288
f 2289 2286 2288
f 2290 2291 2286
f 2290 2286 2289
f 2292 2290 2293
f 2292 2291 2290
f 2294 2292 2293
f 2295 2292 2294
f 2296 2297 2298
f 2299 2297 2296
f 2300 2296 2301
f 2300 2299 2296
f 2294 2298 2297
f 2294 2297 2295
f 2289 2302 2303
f 2289 2303 2290
f 2304 2303 2302
f 2304 2302 2305
f 2305 2306 2307
f 2305 2307 2304
f 2308 2309 2310
f 2308 2310 2311
f 2311 2312 2313
f 2311 2313 2308
f 2314 2307 2306
f 2314 2306 2315
f 2315 2316 2317
f 2315 2317 2314
f 2318 2319 2320
f 2318 2320 2321
f 2321 2322 2323
f 2321 2323 2318
f 2324 2325 2326
f 2324 2326 2327
f 2327 2328 2329
f 2327 2329 2324
f 2330 2331 2318
f 2330 2318 2332
f 2332 2333 2334
f 2332 2334 2330
f 2335 2327 2336
f 2335 2336 2337
f 2337 2338 2339
f 2337 2339 2335
f 2340 2341 2330
f 2340 2330 2342
f 2342 2343 2344
f 2342 2344 2340
f 2345 2346 2347
f 2348 2346 2345
f 2349 2348 2345
f 2350 2345 2351
f 2350 2349 2345
f 2352 2353 2349
f 2352 2349 2350
f 2354 2350 2355
f 2354 2352 2350
f 2356 2357 2352
f 2356 2352 2354
f 2358 2354 2359
f 2358 2356 2354
f 2360 2356 2358
f 2288 2358 2361
f 2288 2360 2358
f 2347 2362 2363
f 2347 2363 2345
f 2364 2363 2362
f 2364 2362 2365
f 2351 2364 2366
f 2351 2366 2350
f 2367 2366 2364
f 2367 2364 2368
f 2365 2369 2370
f 2365 2370 2364
f 2371 2337 2372
f 2371 2372 2370
f 2370 2373 2374
f 2370 2374 2371
f 2375 2370 2369
f 2375 2369 2376
f 2376 2377 2378
f 2376 2378 2375
f 2379 2380 2381
f 2382 2383 2384
f 2385 2379 2386
f 2385 2386 2387
f 2388 2383 2382
f 2389 2380 2379
f 2390 2384 2391
f 2390 2391 2380
f 2390 2382 2384
f 2392 2393 2394
f 2392 2394 2388
f 2395 2396 2393
f 2397 2387 2398
f 2397 2398 199
f 2399 2379 2385
f 2399 2389 2379
f 2400 2396 2395
f 2401 2390 2380
f 2401 2380 2389
f 2402 2382 2390
f 2403 2404 2400
f 2405 2393 2392
f 2405 2395 2393
f 2406 2397 199
f 2407 2385 2387
f 2407 2387 2397
f 2408 2392 2388
f 2408 2388 2382
f 2409 2404 2403
f 2410 2400 2395
f 2410 2403 2400
f 2411 2412 2413
f 2411 2413 2409
f 2414 2412 2411
f 2415 2411 2409
f 2403 2415 2409
f 2411 2416 2417
f 2411 2417 2414
f 2418 2419 2420
f 2418 2420 2421
f 2422 2421 2418
f 2423 2424 2425
f 2423 2425 2421
f 2426 2427 2423
f 2426 2423 2421
f 2426 2421 2422
f 2428 2429 2430
f 2428 2430 2431
f 2432 2428 2433
f 2432 2429 2428
f 2434 2432 2435
f 2436 2435 2437
f 2436 2434 2435
f 2438 2436 2437
f 2439 2436 2438
f 2440 2438 2441
f 2440 2439 2438
f 2346 2442 2440
f 2346 2440 2441
f 2433 2435 2432
f 2431 2443 2444
f 2431 2444 2428
f 2445 2446 2447
f 2448 2449 2450
f 2449 2446 2445
f 2449 2445 2450
f 2451 2279 2278
f 2452 2451 2453
f 2454 2279 2451
f 2454 2451 2452
f 2455 2452 2456
f 2455 2454 2452
f 2457 2455 2458
f 2457 2454 2455
f 2459 2279 2454
f 2460 2457 2461
f 2460 2454 2457
f 2462 2447 2279
f 2462 2463 2447
f 2462 2279 2459
f 2464 2459 2465
f 2466 2464 2467
f 2468 2466 2469
f 2468 2459 2464
f 2468 2464 2466
f 2470 2468 2471
f 2470 2459 2468
f 2472 2470 2473
f 2474 2472 2475
f 2474 2470 2472
f 2474 2459 2470
f 2476 2474 2477
f 2476 2459 2474
f 2478 2476 2479
f 2478 2462 2459
f 2478 2459 2476
f 2480 2478 2481
f 2482 2480 2483
f 2482 2478 2480
f 2484 2482 2485
f 2484 2462 2478
f 2484 2478 2482
f 2486 2484 2487
f 2486 2462 2484
f 2488 2486 2489
f 2490 2488 2491
f 2490 2486 2488
f 2445 2447 2463
f 2445 2463 2492
f 2493 2490 2494
f 2493 2462 2486
f 2493 2486 2490
f 2495 2462 2493
f 2495 2493 2496
f 2497 2495 2498
f 2499 2495 2497
f 2499 2497 2500
f 2501 2495 2499
f 2501 2499 2502
f 2501 2462 2495
f 2503 2501 2504
f 2505 2501 2503
f 2505 2503 2506
f 2507 2462 2501
f 2507 2501 2505
f 2507 2505 2508
f 2509 2462 2507
f 2509 2507 2510
f 2511 2509 2512
f 2513 2509 2511
f 2513 2511 2514
f 2515 2462 2509
f 2515 2509 2513
f 2515 2513 2516
f 2517 2462 2515
f 2517 2515 2518
f 2519 2517 2520
f 2521 2517 2519
f 2521 2519 2522
f 2523 2462 2517
f 2523 2517 2521
f 2523 2521 2524
f 2525 2523 2526
f 2527 2523 2525
f 2527 2525 2528
f 2529 2462 2523
f 2529 2523 2527
f 2529 2527 2530
f 2531 2462 2529
f 2531 2532 2462
f 2531 2529 2533
f 2534 2531 2535
f 2536 2531 2534
f 2536 2534 2537
f 2538 2531 2536
f 2538 2536 2539
f 2540 2532 2531
f 2540 2531 2538
f 2540 2538 2541
f 2542 2540 2543
f 2544 2540 2542
f 2544 2542 2545
f 2546 2544 2547
f 2546 2540 2544
f 2548 2546 2549
f 2548 2540 2546
f 2548 2532 2540
f 2550 2492 2532
f 2550 2445 2492
f 2551 2548 2552
f 2553 2551 2554
f 2553 2548 2551
f 2555 2553 2556
f 2555 2532 2548
f 2555 2548 2553
f 2557 2555 2558
f 2559 2557 2560
f 2559 2555 2557
f 2561 2559 2562
f 2561 2555 2559
f 2563 2561 2564
f 2563 2532 2555
f 2563 2555 2561
f 2565 2563 2566
f 2567 2565 2568
f 2567 2563 2565
f 2569 2567 2570
f 2569 2563 2567
f 2571 2569 2572
f 2571 2563 2569
f 2573 2571 2574
f 2575 2573 2576
f 2575 2571 2573
f 2577 2575 2578
f 2577 2571 2575
f 2579 2577 2580
f 2581 2579 2582
f 2583 2581 2584
f 2583 2579 2581
f 2585 2583 2586
f 2585 2579 2583
f 2587 2585 2588
f 2589 2450 2590
f 2591 2587 2592
f 2591 2585 2587
f 2593 2591 2594
f 2593 2585 2591
f 2595 2593 2596
f 2597 2595 2598
f 2599 2597 2600
f 2599 2595 2597
f 2601 2595 2599
f 2601 2599 2602
f 2603 2601 2604
f 2605 2606 2532
f 2607 2550 2532
f 2608 2607 2532
f 2608 2532 2606
f 2609 2607 2608
f 2610 2550 2607
f 2611 2603 2612
f 2613 2605 2532
f 2614 2608 2606
f 2615 2610 2607
f 2616 2606 2605
f 2617 2615 2607
f 2618 2550 2610
f 2619 2613 2532
f 2620 2605 2613
f 2621 2610 2615
f 2622 2613 2619
f 2623 2618 2610
f 2624 2532 2563
f 2624 2619 2532
f 2624 2563 2571
f 2625 2603 2611
f 2625 2611 2626
f 2627 2550 2618
f 201 2619 2624
f 2628 2624 2571
f 2628 2571 2577
f 2628 2577 2579
f 2628 2579 2585
f 2629 2627 2618
f 2630 2624 2628
f 2631 2550 2627
f 190 2585 2593
f 190 2593 2595
f 190 2628 2585
f 2632 2417 2416
f 2633 2625 2634
f 2633 2603 2625
f 2424 2631 2417
f 2635 2417 2632
f 2635 2424 2417
f 2636 2633 2637
f 2638 2636 2639
f 2425 2631 2424
f 2640 190 2595
f 2641 2590 2550
f 2641 2550 2631
f 2641 2631 2425
f 2443 2641 2425
f 2642 2443 2425
f 176 2640 2595
f 176 2595 2601
f 176 2601 2603
f 176 2603 2633
f 176 2633 2636
f 2643 2590 2641
f 2644 190 2640
f 2644 191 190
f 2645 2636 2638
f 2645 2638 2646
f 2647 2443 2642
f 2647 2444 2443
f 2648 2645 2649
f 2648 2636 2645
f 2650 176 2636
f 2650 2636 2648
f 2650 177 176
f 2651 2590 2643
f 2651 2643 2652
f 2653 2648 2654
f 2655 2650 2648
f 2655 2656 2650
f 2657 2590 2651
f 2657 2651 2658
f 2659 2648 2653
f 2659 2653 2660
f 2661 2657 2662
f 126 2655 2648
f 126 2663 2655
f 2664 2648 2659
f 2664 126 2648
f 2664 2659 2665
f 2666 127 126
f 2667 2661 2668
f 2667 2590 2657
f 2667 2657 2661
f 2669 2670 2666
f 2671 2590 2667
f 2671 2589 2590
f 2672 2667 2673
f 2672 2671 2667
f 2674 2675 2676
f 2677 126 2664
f 2677 2664 2678
f 2679 2675 2674
f 2680 2672 2681
f 2680 2671 2672
f 2682 2677 2683
f 2684 2674 2669
f 2684 2679 2674
f 104 2684 2669
f 2685 2679 2684
f 2685 2686 2679
f 2687 2671 2680
f 2687 2680 2688
f 2689 2677 2682
f 2689 2682 2690
f 2691 105 104
f 2692 2693 2691
f 2694 2687 2695
f 2696 2677 2689
f 2696 2666 126
f 2696 2689 2697
f 2696 126 2677
f 2698 2687 2694
f 2698 2671 2687
f 2698 2694 2699
f 2700 84 2692
f 2701 104 2669
f 2701 2691 104
f 2701 2692 2691
f 2701 2666 2696
f 2701 2669 2666
f 2701 2696 2702
f 2703 2671 2698
f 2703 2698 2704
f 2705 2701 2706
f 2707 2708 2700
f 2709 2701 2705
f 2709 2705 2710
f 2711 2671 2703
f 2711 2703 2712
f 2713 2714 2707
f 2715 2716 2717
f 2715 2717 2718
f 2719 2715 2718
f 2719 2720 2715
f 2721 2692 2701
f 2721 2701 2709
f 2721 2709 2722
f 2723 2721 2724
f 2725 2726 2727
f 2725 2727 2728
f 2729 2723 2730
f 2729 2721 2723
f 2731 2732 2733
f 2731 2733 2734
f 2735 2726 2725
f 2735 2720 2719
f 2735 2719 2726
f 2736 2725 2728
f 2737 2721 2729
f 2737 2692 2721
f 2737 2729 2738
f 48 2739 2740
f 79 49 48
f 2741 166 165
f 2742 80 79
f 2743 2692 2737
f 2743 2700 2692
f 2743 2707 2700
f 2743 2737 2744
f 2745 2741 2746
f 2745 2747 2748
f 2749 2748 2750
f 2749 2745 2748
f 2751 2749 2752
f 2753 2751 2754
f 2755 2753 2756
f 2755 2757 2742
f 2758 2743 2759
f 2760 2758 2761
f 2760 2743 2758
f 2762 2760 2763
f 2762 2707 2743
f 2762 2743 2760
f 2764 2762 2765
f 2764 2707 2762
f 2764 2713 2707
f 2448 2589 2766
f 2448 2450 2589
f 2767 2764 2768
f 2769 2767 2770
f 2769 2764 2767
f 2771 2769 2772
f 2771 2713 2764
f 2771 2764 2769
f 2773 2771 2774
f 2773 2734 2713
f 2773 2713 2771
f 2775 2773 2776
f 2777 2773 2775
f 2777 2775 2778
f 2779 2734 2773
f 2779 2777 2780
f 2779 2773 2777
f 2781 2779 2782
f 2783 2779 2781
f 2783 2781 2784
f 2785 2783 2786
f 2787 2785 2788
f 2789 2787 2790
f 2791 2783 2785
f 2791 2779 2783
f 2791 2785 2787
f 2791 2787 2789
f 2791 2734 2779
f 2792 2789 2793
f 2794 2791 2789
f 2794 2789 2792
f 2795 2448 2766
f 2796 2792 2797
f 2796 2794 2792
f 2796 2798 2794
f 2799 2731 2734
f 2799 2734 2791
f 7 2796 6
f 7 2798 2796
f 2800 2799 2801
f 2802 2800 2801
f 2803 2799 2800
f 2804 2803 2800
f 2805 2799 2803
f 2805 2806 2799
f 2807 2805 2803
f 2808 2806 2805
f 2809 2799 2806
f 2810 2731 2799
f 2810 2809 2811
f 2810 2799 2809
f 2812 2809 2806
f 2813 2811 2809
f 2814 2810 2811
f 2815 2740 2731
f 2815 2731 2810
f 2816 2815 2810
f 2817 2815 2818
f 2817 2740 2815
f 2817 2818 2819
f 2820 2818 2815
f 2821 2819 2818
f 2822 2817 2819
f 2823 2740 2817
f 2824 2823 2817
f 2825 2826 2823
f 2827 2823 2826
f 2827 2826 2828
f 2827 48 2740
f 2827 2740 2823
f 2829 2827 2828
f 2830 79 48
f 2830 48 2827
f 2831 2828 2826
f 2832 2830 2827
f 2833 2834 2830
f 2835 79 2830
f 2835 2830 2834
f 2835 2834 2836
f 2835 2742 79
f 2835 2755 2742
f 2837 2836 2834
f 2838 2835 2836
f 2839 2840 2835
f 2841 2840 2842
f 2841 2835 2840
f 2841 2755 2835
f 2843 2842 2840
f 2844 2755 2841
f 2845 2841 2842
f 2846 2844 2841
f 2847 2848 2844
f 2849 2755 2844
f 2849 2848 2850
f 2849 2844 2848
f 2849 2749 2751
f 2849 2751 2753
f 2849 2753 2755
f 2851 2850 2848
f 2852 2849 2850
f 2853 2749 2849
f 2854 2853 2849
f 2855 2856 2853
f 2857 2749 2853
f 2857 2853 2856
f 2857 2745 2749
f 2857 2856 2858
f 2859 2858 2856
f 2860 2857 2858
f 2861 2862 2857
f 2863 2741 2745
f 2863 2862 2864
f 2863 2745 2857
f 2863 2857 2862
f 2865 2864 2862
f 2866 2863 2864
f 2867 2741 2863
f 2868 2867 2863
f 2869 2870 2867
f 2871 166 2741
f 2871 2867 2870
f 2871 2741 2867
f 2871 2870 2872
f 2873 2872 2870
f 2874 2871 2872
f 2875 166 2871
f 2876 2875 2871
f 2877 2875 2878
f 2877 2878 2879
f 2877 166 2875
f 2880 2878 2875
f 2881 2879 2878
f 2882 2877 2879
f 2883 166 2877
f 2884 2883 2877
f 2885 2735 166
f 2885 166 2883
f 2885 2883 2886
f 2885 2720 2735
f 2887 2886 2883
f 2888 2885 2886
f 2889 2888 2886
f 2890 2885 2888
f 2891 2885 2892
f 2891 2720 2885
f 2891 2711 2720
f 2893 2892 2885
f 2894 2891 2892
f 2895 2894 2892
f 2896 2891 2894
f 2897 2711 2891
f 2898 2897 2891
f 2899 2900 2897
f 2901 2711 2897
f 2901 2897 2900
f 2901 2900 2902
f 2903 2902 2900
f 2904 2711 2901
f 2905 2901 2902
f 2906 2904 2901
f 2907 2908 2904
f 2909 2711 2904
f 2909 2671 2711
f 2909 2904 2908
f 2909 2908 2910
f 2911 2910 2908
f 2912 2909 2910
f 2913 2671 2909
f 2914 2913 2909
f 2915 2916 2913
f 2917 2671 2913
f 2917 2913 2916
f 2917 2916 2918
f 2919 2918 2916
f 2920 2917 2918
f 2921 2922 2917
f 2923 2671 2917
f 2923 2917 2922
f 2923 2922 2924
f 2925 2671 2923
f 2926 2923 2924
f 2927 2924 2922
f 2928 2925 2923
f 2929 2671 2925
f 2929 2925 2930
f 2929 2930 2931
f 2932 2930 2925
f 2933 2931 2930
f 2934 2929 2931
f 2935 2671 2929
f 2936 2935 2929
f 2937 2938 2935
f 2939 2671 2935
f 2939 2935 2938
f 2939 2938 2940
f 2941 2940 2938
f 2942 2939 2940
f 2943 2671 2939
f 2944 2943 2939
f 2945 2946 2943
f 2947 2671 2943
f 2947 2943 2946
f 2947 2946 2948
f 2949 2948 2946
f 2950 2947 2948
f 2951 2952 2947
f 2953 2671 2947
f 2953 2947 2952
f 2953 2952 2954
f 2953 2795 2671
f 2955 2795 2953
f 2956 2954 2952
f 2957 2953 2954
f 2958 2955 2953
f 2959 2960 2955
f 2961 2795 2955
f 2961 2955 2960
f 2961 2960 2962
f 2963 2962 2960
f 2964 2961 2962
f 2965 2795 2961
f 2966 2965 2961
f 2967 2968 2965
f 2969 2965 2968
f 2969 2795 2965
f 2969 2968 2970
f 2971 2970 2968
f 2972 2969 2970
f 2973 2974 2969
f 2975 2795 2969
f 2975 2969 2974
f 2975 2974 2976
f 2977 2795 2975
f 2978 2976 2974
f 2979 2975 2976
f 2980 2977 2975
f 2981 2982 2977
f 2983 2795 2977
f 2983 2977 2982
f 2984 2983 2982
f 2985 2983 2984
f 2986 2795 2983
f 2987 2984 2982
f 2988 2986 2983
f 2989 2990 2986
f 2991 2795 2986
f 2991 2986 2990
f 2991 2990 2992
f 2993 2992 2990
f 2994 2991 2992
f 2995 2795 2991
f 2996 2995 2991
f 2997 2998 2995
f 2999 2995 2998
f 2999 2795 2995
f 2999 3000 2795
f 2999 2998 3001
f 3002 3001 2998
f 3003 2999 3001
f 3004 3000 2999
f 3005 3004 2999
f 3006 3000 3004
f 3006 3004 3007
f 3008 3000 3006
f 3009 3007 3004
f 3010 3006 3007
f 3011 2795 3000
f 3012 3008 3006
f 3013 3000 3008
f 3014 3000 3013
f 3015 3013 3008
f 3016 3014 3013
f 3017 3018 3011
f 3019 3018 3017
f 3020 3011 3018
f 3021 3011 3020
f 3022 3020 3018
f 3023 3021 3020
f 3024 3011 3021
f 3025 3024 3021
f 3026 3011 3024
f 3026 2448 2795
f 3026 2795 3011
f 3027 3026 3024
f 2445 3028 3029
f 2445 3029 2450
f 3030 3029 3028
f 3030 3028 3031
f 2463 3032 3033
f 2463 3033 2492
f 3034 3033 3032
f 3034 3032 3035
f 2589 3036 3037
f 2589 3037 2766
f 3038 3037 3036
f 3038 3036 3039
f 2423 3040 3041
f 2423 3041 2427
f 2334 2333 2323
f 2344 2343 2334
f 3042 3043 3044
f 3042 3045 2344
f 3042 2344 2334
f 3046 2323 2322
f 3046 2334 2323
f 3046 3042 2334
f 2313 3046 3047
f 3048 3043 3042
f 3048 3049 3043
f 214 3046 2313
f 214 2313 2312
f 214 3042 3046
f 3050 3051 3048
f 3050 3048 3042
f 183 214 213
f 3052 183 182
f 3052 182 3053
f 3054 2422 2426
f 3054 2426 3050
f 3054 3050 3042
f 3055 3052 3056
f 3055 214 183
f 3055 183 3052
f 3057 3058 3054
f 3059 3055 3060
f 3059 214 3055
f 3061 3062 3057
f 115 3059 3063
f 2377 3064 3061
f 3065 3042 214
f 3065 115 114
f 3065 214 3059
f 3065 3059 115
f 2373 2377 3061
f 2373 2378 2377
f 3066 3065 3067
f 2338 2373 3061
f 2338 2374 2373
f 2328 2339 2338
f 3068 3066 3069
f 3068 3065 3066
f 3070 3068 3071
f 3072 3054 3042
f 3072 3057 3054
f 3072 3061 3057
f 3072 3042 3065
f 3072 2329 2328
f 3072 2338 3061
f 3072 2328 2338
f 3072 3065 3068
f 2316 3073 3072
f 86 3068 3070
f 86 3070 3074
f 2284 2316 3072
f 2284 2317 2316
f 69 86 85
f 196 2284 3072
f 196 2285 2284
f 41 69 68
f 3075 86 69
f 3075 69 41
f 3076 3075 41
f 3076 41 40
f 3077 196 3078
f 3077 197 196
f 3079 196 3072
f 3079 3078 196
f 3079 3080 3078
f 3079 3072 3068
f 3081 3078 3080
f 3082 3068 86
f 3082 86 3075
f 3082 3079 3068
f 3082 3075 12
f 3082 12 18
f 3083 3080 3079
f 13 12 3075
f 3084 3083 3079
f 19 18 12
f 3085 3082 18
f 29 3079 3082
f 29 34 3079
f 29 3082 24
f 3086 3080 3083
f 3087 3079 34
f 25 24 3082
f 30 29 24
f 35 34 29
f 3088 3054 3058
f 3088 3058 3089
f 3090 3091 2435
f 2419 3054 3088
f 2647 3088 3090
f 2647 2419 3088
f 2433 3090 2435
f 2433 2647 3090
f 2642 2420 2419
f 2642 2419 2647
f 3089 3092 3093
f 3089 3093 3088
f 3094 3091 3090
f 3094 3090 3095
f 3041 2635 3040
f 3041 2632 2635
f 3096 2415 2632
f 2403 2415 3096
f 3097 2632 3041
f 3097 3096 2632
f 3098 2403 3096
f 3050 3097 3041
f 3051 3099 3097
f 3051 3097 3050
f 3100 3096 3098
f 3100 3098 3101
f 3097 3102 3103
f 3097 3103 3099
f 3104 3057 3062
f 3104 3062 3105
f 3092 3057 3104
f 3106 3107 2438
f 3094 3104 3106
f 3094 3092 3104
f 3095 3093 3092
f 3095 3092 3094
f 2437 3106 2438
f 2437 3094 3106
f 3105 3108 3109
f 3105 3109 3104
f 3110 3107 3106
f 3110 3106 3111
f 3103 3100 3102
f 3103 3101 3100
f 3112 2410 3101
f 2395 2410 3112
f 3113 3101 3103
f 3113 3112 3101
f 3114 2395 3112
f 3048 3113 3103
f 3049 3115 3113
f 3049 3113 3048
f 3116 3112 3114
f 3116 3114 3117
f 3113 3118 3119
f 3113 3119 3115
f 3120 3061 3064
f 3120 3064 3121
f 3122 2668 2346
f 3108 3061 3120
f 3110 3120 3122
f 3110 3108 3120
f 3111 3109 3108
f 3111 3108 3110
f 2441 3122 2346
f 2441 3110 3122
f 3121 2376 3123
f 3121 3123 3120
f 2362 2668 3122
f 2362 3122 3124
f 2392 2405 3117
f 3119 3116 3118
f 3119 3117 3116
f 3119 2392 3117
f 3044 3119 3043
f 3044 2392 3119
f 3124 3123 2376
f 3124 2376 2362
f 3125 3045 3042
f 2408 3125 3042
f 3126 3125 2408
f 3127 3045 3125
f 2382 3128 3126
f 2382 3126 2408
f 3129 3126 3128
f 3129 3128 3130
f 3125 3131 2340
f 3125 2340 3127
f 3132 2449 2448
f 3133 3134 3135
f 3134 2449 3132
f 3134 3132 3135
f 3132 3136 3137
f 3132 3137 3138
f 3138 3139 3135
f 3138 3135 3132
f 3140 3135 3139
f 3140 3139 3141
f 3142 3143 3144
f 3142 3144 3145
f 3145 3146 3147
f 3148 3145 3142
f 3149 3145 3148
f 3150 3149 3151
f 3150 3145 3149
f 3152 3153 3150
f 3152 3150 3151
f 3150 3146 3145
f 3154 3155 3156
f 3157 3158 3154
f 3159 3160 3157
f 3159 3157 3154
f 3161 3162 3159
f 3163 3156 3164
f 3163 3154 3156
f 3163 3159 3154
f 3165 3163 3166
f 3167 3163 3165
f 3167 3165 3168
f 3169 3170 3161
f 3169 3161 3159
f 3171 3172 3169
f 3171 3169 3159
f 3173 3167 3174
f 3173 3163 3167
f 3175 3173 3176
f 3175 3176 3177
f 3178 3179 3180
f 3178 3180 3171
f 3181 3175 3182
f 3181 3173 3175
f 3183 3184 3178
f 3185 3181 3186
f 3185 3163 3173
f 3185 3173 3181
f 3146 3187 3183
f 3188 3185 3189
f 3190 3171 3159
f 3190 3178 3171
f 3190 3183 3178
f 3190 3146 3183
f 3190 3147 3146
f 3191 3188 3192
f 3191 3185 3188
f 3193 3194 3190
f 3195 3193 3190
f 3195 3196 3193
f 3197 3159 3163
f 3197 3191 3198
f 3197 3163 3185
f 3197 3190 3159
f 3197 3185 3191
f 3199 3200 3195
f 3201 3197 3202
f 3203 3204 3199
f 3205 3201 3206
f 3207 3203 3199
f 3207 3208 3203
f 3207 3195 3190
f 3207 3199 3195
f 3209 3205 3210
f 3209 3197 3201
f 3209 3201 3205
f 3211 3212 3207
f 3211 3207 3190
f 3213 3209 3214
f 3215 3211 3190
f 3215 3216 3211
f 3217 3213 3218
f 3219 3213 3217
f 3220 3219 3217
f 3220 3217 3221
f 3222 3197 3209
f 3222 3209 3213
f 3222 3213 3219
f 3223 3215 3224
f 3223 3225 3215
f 3226 3222 3219
f 3227 3224 3228
f 3229 3222 3230
f 3231 3197 3222
f 3231 3224 3215
f 3231 3228 3224
f 3231 3222 3229
f 3231 3190 3197
f 3231 3215 3190
f 3232 3228 3231
f 3233 3232 3231
f 3234 3230 3222
f 3235 3229 3230
f 3236 3231 3229
f 3236 3237 3231
f 3236 3229 3238
f 3239 3228 3232
f 3240 3231 3237
f 3241 3238 3229
f 3242 3236 3238
f 3243 3237 3236
f 3179 3244 3245
f 3246 3247 3244
f 3248 3246 3244
f 3180 3249 3248
f 3180 3244 3179
f 3180 3248 3244
f 3250 3248 3249
f 3250 3249 3251
f 3252 3253 3254
f 3252 3254 3255
f 3255 3256 3257
f 3255 3257 3252
f 3258 3259 3260
f 3258 3260 3261
f 3261 3262 3263
f 3261 3263 3258
f 3134 3133 3264
f 3134 3264 3265
f 3266 3267 3268
f 3269 3270 3266
f 3271 3272 3273
f 3274 3273 3275
f 3274 3276 3269
f 3277 3278 3279
f 3280 3266 3268
f 3280 3271 3273
f 3280 3269 3266
f 3280 3274 3269
f 3280 3273 3274
f 3281 3282 3278
f 3281 3278 3277
f 3283 3284 3285
f 3283 3286 3281
f 3287 3288 3284
f 3287 3284 3283
f 3289 3290 3287
f 3291 3292 3293
f 3291 3294 3289
f 3295 3281 3277
f 3295 3283 3281
f 3295 3289 3287
f 3295 3287 3283
f 3295 3291 3289
f 3295 3277 3296
f 3295 3280 3268
f 3297 3292 3291
f 3297 3298 3292
f 3299 3297 3291
f 3299 3300 3297
f 3301 3302 3303
f 3301 3304 3299
f 3305 3306 3302
f 3305 3302 3301
f 3307 3308 3305
f 3307 3305 3301
f 3309 3310 3311
f 3309 3312 3307
f 3313 3314 3310
f 3313 3310 3309
f 3315 3316 3317
f 3315 3318 3313
f 3315 3313 3309
f 3319 3320 3316
f 3319 3316 3315
f 3321 3322 3319
f 3321 3319 3315
f 3323 3324 3325
f 3323 3326 3321
f 3327 3324 3323
f 3327 3328 3324
f 3329 3327 3323
f 3329 3330 3327
f 3331 3332 3333
f 3331 3334 3329
f 3335 3336 3332
f 3335 3332 3331
f 3337 3335 3331
f 3337 3338 3339
f 3337 3340 3335
f 3341 3338 3337
f 3341 3342 3338
f 3343 3341 3337
f 3343 3344 3341
f 3345 3346 3343
f 3347 3348 3345
f 3349 3347 3345
f 3349 3350 3347
f 3351 3349 3345
f 3351 3352 3349
f 3353 3351 3345
f 3353 3354 3355
f 3353 3356 3351
f 3357 3354 3353
f 3357 3358 3354
f 3359 3357 3353
f 3359 3360 3357
f 3361 3359 3353
f 3361 3362 3363
f 3361 3364 3359
f 3365 3366 3362
f 3365 3362 3361
f 3367 3368 3369
f 3367 3370 3365
f 3367 3365 3361
f 3371 3372 3368
f 3371 3368 3367
f 3373 3374 3371
f 3373 3371 3367
f 3375 3376 3373
f 3375 3373 3367
f 3377 3378 3375
f 3379 3380 3377
f 3379 3377 3375
f 3381 3382 3379
f 3381 3379 3375
f 3383 3381 3375
f 3383 3384 3385
f 3383 3386 3381
f 3387 3384 3383
f 3387 3388 3384
f 3389 3390 3387
f 3389 3387 3383
f 3391 3392 3393
f 3391 3394 3389
f 3395 3392 3391
f 3395 3396 3392
f 3397 3395 3391
f 3397 3398 3399
f 3397 3400 3395
f 3401 3402 3398
f 3401 3398 3397
f 3403 3404 3401
f 3403 3401 3397
f 3405 3406 3407
f 3405 3408 3403
f 3409 3410 3406
f 3409 3406 3405
f 3411 3412 3409
f 3411 3409 3405
f 3413 3414 3415
f 3413 3416 3411
f 3417 3418 3414
f 3417 3414 3413
f 3419 3420 3417
f 3419 3417 3413
f 3421 3422 3423
f 3421 3424 3419
f 3425 3426 3422
f 3425 3422 3421
f 3427 3428 3425
f 3427 3425 3421
f 3427 3429 3430
f 3431 3429 3427
f 3431 3432 3429
f 3433 3431 3427
f 3433 3434 3431
f 3435 3436 3437
f 3435 3438 3433
f 3439 3440 3436
f 3439 3436 3435
f 3441 3442 3439
f 3441 3439 3435
f 3443 3444 3445
f 3443 3446 3441
f 3447 3444 3443
f 3447 3448 3444
f 3449 3447 3443
f 3449 3450 3451
f 3449 3452 3447
f 3453 3450 3449
f 3453 3454 3450
f 3455 3453 3449
f 3455 3456 3453
f 3457 3458 3455
f 3459 3460 3457
f 3461 3459 3457
f 3461 3462 3459
f 3463 3461 3457
f 3463 3464 3461
f 3465 3466 3463
f 3467 3468 3465
f 3469 3467 3465
f 3469 3470 3467
f 3471 3472 3469
f 3471 3469 3465
f 3473 3474 3475
f 3473 3476 3471
f 3477 3478 3474
f 3477 3474 3473
f 3479 3480 3481
f 3479 3482 3477
f 3479 3477 3473
f 3483 3484 3480
f 3483 3480 3479
f 3485 3486 3483
f 3487 3488 3489
f 3487 3490 3485
f 3491 3492 3488
f 3493 3494 3495
f 3493 3496 3491
f 3497 3493 3491
f 3497 3491 3488
f 3498 3494 3493
f 3498 3493 3497
f 3499 3487 3485
f 3499 3497 3488
f 3499 3488 3487
f 3499 3483 3479
f 3499 3485 3483
f 3500 3501 3502
f 3503 3500 3502
f 3504 3500 3503
f 3504 3505 3500
f 3506 3507 3504
f 3506 3504 3503
f 3508 3509 3506
f 3508 3506 3503
f 3510 3511 3508
f 3510 3508 3503
f 3512 3513 3510
f 3514 3515 3512
f 3514 3510 3503
f 3514 3512 3510
f 3516 3337 3331
f 3516 3331 3329
f 3516 3345 3343
f 3516 3299 3291
f 3516 3343 3337
f 3516 3295 3268
f 3516 3301 3299
f 3516 3307 3301
f 3516 3309 3307
f 3516 3315 3309
f 3516 3323 3321
f 3516 3321 3315
f 3516 3329 3323
f 3516 3291 3295
f 3517 3518 3514
f 3519 3520 3517
f 3521 3522 3519
f 3523 3524 3521
f 3523 3519 3517
f 3523 3521 3519
f 3525 3526 3523
f 3527 3528 3525
f 3264 3516 3268
f 3529 3530 3527
f 3531 3527 3525
f 3531 3529 3527
f 3531 3532 3529
f 3533 3534 3531
f 3535 3536 3533
f 3537 3538 3535
f 3539 3449 3443
f 3539 3455 3449
f 3540 3441 3435
f 3540 3443 3441
f 3541 3443 3542
f 3541 3539 3443
f 3543 3443 3540
f 3543 3542 3443
f 3544 3435 3433
f 3544 3540 3435
f 3544 3427 3421
f 3544 3433 3427
f 3545 3542 3543
f 3546 3541 3542
f 3547 3539 3541
f 3548 3455 3539
f 3548 3457 3455
f 3548 3463 3457
f 3548 3465 3463
f 91 3548 3539
f 3549 3540 3544
f 3550 3543 3540
f 3551 3535 3533
f 3551 3537 3535
f 3551 3552 3537
f 3553 3549 3544
f 92 91 3539
f 3554 3548 91
f 3555 3540 3549
f 74 3465 3548
f 74 3499 3479
f 74 3471 3465
f 74 3473 3471
f 74 3479 3473
f 3556 3544 3421
f 3556 3411 3405
f 3556 3413 3411
f 3556 3419 3413
f 3556 3421 3419
f 75 74 3548
f 3557 3544 3556
f 3558 3559 3551
f 3560 3561 3558
f 3562 3558 3551
f 3562 3560 3558
f 3562 3563 3560
f 3564 3565 3562
f 3566 3499 74
f 3566 3503 3499
f 3566 3531 3525
f 3566 3514 3503
f 3566 3517 3514
f 3566 3523 3517
f 3566 3525 3523
f 3567 3391 3389
f 3567 3389 3383
f 3567 3397 3391
f 3567 3405 3403
f 3567 3403 3397
f 3567 3556 3405
f 3568 3569 3564
f 3256 3516 3264
f 3570 3566 3571
f 3570 3531 3566
f 3570 3551 3533
f 3570 3533 3531
f 3572 3567 3383
f 3572 3573 3567
f 3574 3575 3568
f 3576 3568 3564
f 3576 3577 3574
f 3576 3574 3568
f 3578 3579 3572
f 3580 3570 3581
f 3580 3551 3570
f 3580 3562 3551
f 3582 3562 3580
f 3582 3580 3583
f 3582 3564 3562
f 3584 3585 3578
f 3586 3587 3576
f 3588 3564 3582
f 3588 3582 3589
f 3588 3576 3564
f 3590 3591 3584
f 3592 3593 3586
f 3594 3576 3588
f 3594 3588 3595
f 3596 3597 3590
f 3598 3594 3599
f 3598 3576 3594
f 3600 3601 3596
f 3602 3603 3592
f 3604 3576 3598
f 3604 3598 3605
f 3606 3607 3600
f 3608 3592 3586
f 3608 3602 3592
f 3608 3609 3602
f 3610 3586 3576
f 3610 3604 3611
f 3610 3608 3586
f 3610 3576 3604
f 3612 3613 3606
f 3614 3615 3608
f 3616 3610 3617
f 3618 3619 3612
f 3620 3621 3614
f 3622 3616 3623
f 3624 3625 3618
f 3626 3608 3610
f 3626 3627 3620
f 3626 3614 3608
f 3626 3610 3616
f 3626 3620 3614
f 3626 3616 3622
f 3628 3629 3626
f 3628 3626 3622
f 3630 3622 3631
f 3246 3632 3624
f 3633 3634 3628
f 3635 3246 3624
f 3635 3590 3584
f 3635 3596 3590
f 3635 3600 3596
f 3635 3353 3345
f 3635 3345 3516
f 3635 3606 3600
f 3635 3361 3353
f 3635 3367 3361
f 3635 3612 3606
f 3635 3584 3578
f 3635 3618 3612
f 3635 3375 3367
f 3635 3572 3383
f 3635 3624 3618
f 3635 3383 3375
f 3635 3578 3572
f 3636 3637 3633
f 3247 3246 3635
f 3638 3622 3630
f 3638 3633 3628
f 3638 3636 3633
f 3638 3639 3636
f 3638 3628 3622
f 3640 3641 3642
f 3643 3644 3247
f 3645 3640 3646
f 3647 3648 3643
f 3649 3650 3638
f 3649 3638 3630
f 3651 3645 3652
f 3653 3651 3654
f 3655 3653 3656
f 3657 3655 3658
f 3151 3659 3660
f 3151 3152 3647
f 3661 3657 3662
f 3661 3663 3659
f 3664 3665 3649
f 3666 3667 3664
f 3668 3649 3630
f 3668 3669 3666
f 3668 3664 3649
f 3668 3666 3664
f 3670 3671 3668
f 3670 3668 3630
f 3672 3673 3670
f 3674 3675 3672
f 3676 3672 3670
f 3676 3677 3674
f 3676 3630 3641
f 3676 3674 3672
f 3676 3670 3630
f 3678 3679 3676
f 3680 3681 3678
f 3682 3683 3680
f 3682 3676 3641
f 3682 3678 3676
f 3682 3680 3678
f 3684 3682 3641
f 3684 3685 3682
f 3686 3687 3684
f 3688 3689 3686
f 3690 3684 3641
f 3690 3688 3686
f 3690 3686 3684
f 3690 3691 3688
f 3690 3641 3640
f 3257 3256 3264
f 3692 3693 3690
f 3694 3695 3692
f 3696 3697 3694
f 3698 3699 3696
f 3698 3690 3640
f 3698 3692 3690
f 3698 3694 3692
f 3698 3696 3694
f 3700 3701 3698
f 3702 3703 3700
f 3704 3705 3702
f 3706 3707 3704
f 3706 3700 3698
f 3706 3704 3702
f 3706 3702 3700
f 3708 3709 3706
f 3710 3711 3708
f 3712 3713 3710
f 3712 3708 3706
f 3712 3710 3708
f 3714 3715 3712
f 3716 3717 3714
f 3718 3719 3716
f 3720 3714 3712
f 3720 3716 3714
f 3720 3718 3716
f 3720 3721 3718
f 3722 3723 3720
f 3724 3725 3722
f 3726 3727 3724
f 3728 3726 3724
f 3728 3729 3726
f 3728 3724 3722
f 3730 3731 3728
f 3732 3733 3730
f 3734 3735 3732
f 3736 3734 3732
f 3736 3732 3730
f 3736 3737 3734
f 3738 3739 3736
f 3740 3741 3738
f 3742 3738 3736
f 3742 3740 3738
f 3742 3743 3740
f 3744 3745 3742
f 3746 3747 3744
f 3748 3749 3746
f 3750 3746 3744
f 3750 3748 3746
f 3750 3751 3748
f 3752 3753 3750
f 3754 3755 3752
f 3756 3640 3645
f 3756 3728 3722
f 3756 3730 3728
f 3756 3706 3698
f 3756 3736 3730
f 3756 3742 3736
f 3756 3655 3657
f 3756 3645 3651
f 3756 3647 3643
f 3756 3698 3640
f 3756 3643 3247
f 3756 3712 3706
f 3756 3151 3647
f 3756 3651 3653
f 3756 3635 3257
f 3756 3657 3661
f 3756 3659 3151
f 3756 3661 3659
f 3756 3720 3712
f 3756 3722 3720
f 3756 3653 3655
f 3756 3247 3635
f 3757 3758 3754
f 3759 3754 3752
f 3759 3760 3757
f 3759 3757 3754
f 3761 3762 3759
f 3763 3764 3761
f 3765 3766 3763
f 3765 3761 3759
f 3765 3763 3761
f 3767 3768 3765
f 3769 3770 3767
f 3771 3772 3769
f 3773 3774 3771
f 3773 3769 3767
f 3773 3771 3769
f 3775 3776 3773
f 3777 3778 3775
f 3779 3780 3777
f 3781 3779 3777
f 3781 3782 3779
f 3781 3777 3775
f 3783 3784 3781
f 3785 3786 3783
f 3787 3788 3785
f 3789 3785 3783
f 3789 3787 3785
f 3789 3790 3787
f 3262 3756 3257
f 3791 3792 3789
f 3793 3794 3791
f 3795 3796 3793
f 3795 3793 3791
f 3797 3798 3795
f 3799 3800 3797
f 3801 3802 3799
f 3803 3791 3789
f 3803 3795 3791
f 3803 3797 3795
f 3803 3799 3797
f 3803 3801 3799
f 3804 3805 3806
f 3807 3804 3806
f 3808 3809 3804
f 3808 3804 3807
f 3810 3811 3808
f 3810 3808 3807
f 3812 3813 3810
f 3812 3810 3807
f 3814 3781 3775
f 3814 3742 3756
f 3814 3783 3781
f 3814 3807 3803
f 3814 3750 3744
f 3814 3789 3783
f 3814 3752 3750
f 3814 3803 3789
f 3814 3759 3752
f 3814 3765 3759
f 3814 3767 3765
f 3814 3775 3773
f 3814 3773 3767
f 3814 3744 3742
f 3815 3816 3812
f 3815 3807 3814
f 3815 3812 3807
f 3133 3263 3262
f 3133 3814 3263
f 3133 3815 3814
f 3264 3133 3262
f 3264 3262 3257
f 3817 3245 3244
f 3817 3244 3818
f 3817 3643 3819
f 3184 3819 3820
f 3644 3643 3817
f 3818 3644 3817
f 3178 3817 3819
f 3178 3819 3184
f 3821 3820 3819
f 3821 3819 3822
f 3251 3250 3632
f 3823 3172 3171
f 3823 3171 3251
f 3824 3172 3823
f 3624 3823 3251
f 3624 3251 3632
f 3825 3823 3824
f 3825 3824 3826
f 3821 3647 3827
f 3648 3647 3821
f 3822 3648 3821
f 3187 3827 3828
f 3183 3827 3187
f 3183 3821 3827
f 3150 3828 3827
f 3150 3827 3153
f 3826 3825 3625
f 3829 3170 3169
f 3829 3169 3826
f 3830 3170 3829
f 3618 3826 3625
f 3618 3829 3826
f 3831 3829 3830
f 3831 3830 3832
f 3833 3148 3149
f 3833 3149 3834
f 3832 3831 3619
f 3832 3162 3161
f 3612 3162 3832
f 3612 3832 3619
f 3143 3833 3835
f 3194 3143 3835
f 3190 3144 3143
f 3190 3143 3194
f 3836 3835 3833
f 3836 3833 3837
f 3834 3660 3659
f 3834 3659 3833
f 3838 3606 3613
f 3159 3838 3613
f 3160 3839 3838
f 3160 3838 3159
f 3840 3838 3839
f 3840 3839 3841
f 3193 3836 3842
f 3193 3842 3196
f 3843 3842 3836
f 3843 3836 3844
f 3837 3663 3661
f 3837 3661 3836
f 3130 2340 3131
f 3130 3131 3129
f 3841 3600 3607
f 3841 3607 3840
f 2390 3845 3130
f 2390 3130 2402
f 3846 3130 3845
f 3846 3845 3847
f 3158 3848 3841
f 3158 3841 3157
f 3849 3841 3848
f 3849 3848 3850
f 3851 2448 3026
f 3851 3852 2448
f 3132 3852 3853
f 3132 2448 3852
f 3854 3851 3026
f 3136 3853 3854
f 3136 3854 3026
f 3136 3132 3853
f 3140 3855 3135
f 3856 3855 3140
f 3857 3135 3855
f 3133 3135 3857
f 3858 3133 3857
f 3815 3858 3856
f 3815 3856 3140
f 3815 3133 3858
f 3026 3815 3136
f 3136 3815 3140
f 3855 3856 3859
f 3855 3859 3860
f 3855 3861 3857
f 3860 3861 3855
f 3858 3857 3861
f 3858 3861 3862
f 3863 3864 3865
f 3863 3865 3866
f 3867 3863 3868
f 3869 3867 3870
f 3871 3869 3872
f 3871 3864 3869
f 3869 3864 3867
f 3867 3864 3863
f 3872 3873 3874
f 3872 3874 3871
f 3875 3876 3877
f 3875 3877 3878
f 3879 3880 3875
f 3879 3875 3878
f 3881 3882 3883
f 3881 3883 3884
f 3885 3873 3886
f 3874 3873 3885
f 3887 3885 3888
f 3887 3874 3885
f 3852 3887 3889
f 3852 3874 3887
f 3852 3851 3874
f 3890 3874 3851
f 3873 3882 3881
f 3873 3881 3886
f 3883 3880 3884
f 3884 3880 3879
f 3891 3892 3889
f 3893 3852 3853
f 3893 3889 3852
f 3893 3891 3889
f 3894 3893 3895
f 3894 3891 3893
f 3896 3897 3898
f 3899 3900 3896
f 3891 3896 3898
f 3891 3899 3896
f 3901 3902 3899
f 3901 3899 3891
f 3892 3903 3901
f 3892 3901 3891
f 3904 3895 3894
f 3904 3894 3905
f 3854 3853 3893
f 3854 3893 3906
f 3870 3883 3882
f 3870 3882 3869
f 3868 3875 3880
f 3868 3880 3867
f 3866 3877 3876
f 3866 3876 3863
f 3141 3138 3137
f 3141 3139 3138
f 3031 2445 2550
f 3031 3028 2445
f 3862 3860 3859
f 3862 3861 3860
f 3756 3261 3260
f 3756 3262 3261
f 3035 2463 2462
f 3035 3032 2463
f 3516 3255 3254
f 3516 3256 3255
f 3878 3891 3898
f 3865 3877 3866
f 3894 3891 3878
f 3905 3878 3877
f 3905 3894 3878
f 3905 3877 3865
f 3039 2589 2671
f 3039 3036 2589
f 3882 3872 3869
f 3882 3873 3872
f 3880 3870 3867
f 3880 3883 3870
f 2355 2367 3907
f 2355 3907 2354
f 3908 3907 2367
f 3908 2367 3909
f 3876 3868 3863
f 3876 3875 3868
f 3195 3843 3910
f 3195 3910 3200
f 3911 3910 3843
f 3911 3843 3912
f 2368 2372 2337
f 2368 2337 2367
f 3844 3662 3657
f 3844 3657 3843
f 3847 2330 2341
f 3847 2341 3846
f 3850 3596 3601
f 3850 3601 3849
f 2389 3913 3847
f 2389 3847 2401
f 3914 3847 3913
f 3914 3913 3915
f 3155 3916 3850
f 3155 3850 3154
f 3917 3850 3916
f 3917 3916 3918
f 2359 3908 3919
f 2359 3919 2358
f 3920 3919 3908
f 3920 3908 3921
f 3199 3911 3922
f 3199 3922 3204
f 3923 3922 3911
f 3923 3911 3924
f 3909 2336 2327
f 3909 2327 3908
f 3912 3658 3655
f 3912 3655 3911
f 3915 2318 2331
f 3915 2331 3914
f 3918 3590 3597
f 3918 3597 3917
f 2385 3925 3915
f 2385 3915 2399
f 3926 3915 3925
f 3926 3925 3927
f 3164 3928 3929
f 3164 3929 3156
f 3930 3929 3928
f 3930 3928 3931
f 2361 3920 2695
f 2361 2695 2288
f 3932 2695 3920
f 3932 3920 3933
f 3203 3934 3935
f 3203 3935 3208
f 3936 3935 3934
f 3936 3934 3937
f 3921 2326 2325
f 3921 2325 3920
f 3924 3656 3653
f 3924 3653 3923
f 3927 2320 2319
f 3927 2319 3926
f 3931 3584 3591
f 3931 3591 3930
f 3265 2447 2446
f 3265 3264 2447
f 3029 2590 2450
f 3029 3030 2590
f 3933 3938 3939
f 3933 3939 3932
f 3940 3939 3938
f 3940 3938 2325
f 2325 3941 3942
f 2325 3942 3940
f 3943 3942 3941
f 3943 3941 3944
f 3944 3072 3073
f 3944 3073 3943
f 3937 3654 3651
f 3937 3651 3936
f 2397 3047 3046
f 2397 3046 2407
f 3166 3578 3585
f 3166 3585 3163
f 2447 3945 2279
f 3946 3945 2447
f 3947 2279 3945
f 3948 3946 2447
f 3949 2279 3947
f 3950 3947 3948
f 3950 3949 3947
f 3950 3948 2447
f 3951 3952 3953
f 3954 3951 3953
f 3268 3951 3955
f 3268 3952 3951
f 3264 3956 3954
f 3264 3955 3956
f 3264 3268 3955
f 3264 3954 3953
f 2447 3264 3950
f 3950 3264 3953
f 3268 2279 3952
f 3952 2279 3949
f 3957 3958 3951
f 3957 3951 3954
f 3957 3956 3959
f 3954 3956 3957
f 3960 3959 3956
f 3960 3956 3955
f 3961 3962 3945
f 3961 3945 3946
f 3946 3948 3963
f 3946 3963 3961
f 3964 3963 3948
f 3964 3948 3947
f 3965 3966 3949
f 3965 3949 3950
f 3950 3953 3967
f 3950 3967 3965
f 3968 3967 3953
f 3968 3953 3952
f 3263 3259 3258
f 3263 3814 3259
f 3033 2532 2492
f 3033 3034 2532
f 3257 3253 3252
f 3257 3635 3253
f 3963 3962 3961
f 3963 3964 3962
f 3967 3966 3965
f 3967 3968 3966
f 3959 3958 3957
f 3959 3960 3958
f 3889 3903 3892
f 3889 3887 3903
f 3895 3906 3893
f 3895 3904 3906
f 3037 2795 2766
f 3037 3038 2795
f 3888 3902 3901
f 3888 3885 3902
f 3886 3900 3899
f 3886 3881 3900
f 3874 3864 3871
f 3874 3890 3864
f 3884 3897 3896
f 3884 3879 3897
f 3212 3969 3970
f 3207 3969 3212
f 3971 3970 3969
f 3971 3969 3972
f 199 2622 3973
f 199 3973 2406
f 3974 3973 2622
f 3974 2622 3975
f 3165 3976 3977
f 3168 3976 3165
f 3978 3977 3976
f 3978 3976 3979
f 3972 3652 3645
f 3972 3645 3971
f 3975 2310 2309
f 3975 2309 3974
f 3979 3572 3579
f 3979 3579 3978
f 2293 3980 3981
f 2293 3981 2294
f 3982 3981 3980
f 3982 3980 3983
f 3216 3984 3985
f 3211 3984 3216
f 3986 3985 3984
f 3986 3984 3987
f 3174 3988 3989
f 3174 3989 3167
f 3990 3989 3988
f 3990 3988 3991
f 1318 3268 3267
f 1318 1328 3268
f 340 1333 1330
f 340 1330 339
f 2263 1194 1201
f 2263 2259 1194
f 2258 1239 1240
f 2258 2257 1239
f 3992 1245 1155
f 3992 3993 1245
f 3992 3994 3995
f 3996 3992 3995
f 3993 3992 3996
f 3017 3996 3995
f 3017 3011 3996
f 218 3807 3806
f 218 217 3807
f 2465 1246 292
f 2465 2459 1246
f 1358 3295 3296
f 1358 2274 3295
f 2453 264 263
f 2453 2451 264
f 1329 3266 3270
f 1329 1334 3266
f 1163 2154 2157
f 1159 2154 1163
f 3983 2282 2281
f 3983 2281 3982
f 3987 3646 3640
f 3987 3640 3986
f 3990 3997 3998
f 3991 3997 3990
f 3999 3998 3997
f 3999 3997 4000
f 2260 1188 1195
f 2260 2255 1188
f 2254 1236 1238
f 2254 2253 1236
f 2456 270 269
f 2456 2452 270
f 1335 3269 3276
f 1335 1336 3269
f 341 1332 1331
f 342 1332 341
f 2256 1183 1189
f 2256 2251 1183
f 2248 1232 1235
f 2248 2247 1232
f 2458 274 273
f 2458 2455 274
f 1340 3274 3275
f 1340 1346 3274
f 1153 2150 2155
f 1153 2155 1164
f 4000 3567 3573
f 4000 3573 3999
f 2252 1182 1184
f 2252 2249 1182
f 2246 1234 1237
f 2246 2245 1234
f 2461 276 275
f 2461 2457 276
f 1337 3273 3272
f 1337 1344 3273
f 346 1339 1338
f 346 1338 345
f 2250 1177 1185
f 2250 2243 1177
f 2242 1231 1233
f 2242 2241 1231
f 1147 2144 2151
f 1147 2151 1160
f 2298 2717 2716
f 2298 2716 2296
f 3225 4001 4002
f 3215 4001 3225
f 4003 4002 4001
f 4003 4001 4004
f 2244 1172 1178
f 2244 2239 1172
f 2236 1227 1230
f 2236 2235 1227
f 350 1343 1342
f 350 1342 349
f 2240 1171 1173
f 2240 2237 1171
f 3026 1166 1174
f 3026 3027 1166
f 2238 3816 3815
f 2238 2233 3816
f 2232 1226 1229
f 2232 2231 1226
f 2467 291 290
f 2467 2464 291
f 1357 3277 3279
f 1357 1360 3277
f 1152 2142 2145
f 1148 2142 1152
f 2301 2715 2720
f 2301 2720 2300
f 3173 4005 4006
f 3176 4005 3173
f 4007 4006 4005
f 4007 4005 4008
f 1254 236 234
f 1254 1253 236
f 3024 1161 1167
f 3024 3025 1161
f 2234 3813 3812
f 2234 2227 3813
f 3000 1140 1244
f 3000 3014 1140
f 2272 3801 3803
f 2272 2209 3801
f 2454 283 1247
f 2454 2460 283
f 2273 3271 3280
f 2273 1345 3271
f 2230 1225 1228
f 2230 2229 1225
f 2469 294 293
f 2469 2466 294
f 1356 3278 3282
f 1356 1359 3278
f 356 1351 1348
f 356 1348 355
f 1252 240 235
f 1252 1256 240
f 3021 1157 1162
f 3021 3023 1157
f 2228 3811 3810
f 2228 2223 3811
f 2226 1222 1224
f 2226 2225 1222
f 2471 300 299
f 2471 2468 300
f 1361 3281 3286
f 1361 1364 3281
f 1142 2138 2143
f 1142 2143 1151
f 2718 194 193
f 2718 193 2719
f 4004 3642 3641
f 4004 3641 4003
f 1255 246 239
f 1255 1258 246
f 3020 1154 1158
f 3020 3022 1154
f 2224 3809 3808
f 2224 2222 3809
f 2221 1221 1223
f 2221 2220 1221
f 2473 304 303
f 2473 2470 304
f 1366 3283 3285
f 1366 1372 3283
f 357 1350 1349
f 358 1350 357
f 1257 250 245
f 1257 1262 250
f 3018 3994 3992
f 3018 3019 3994
f 215 3805 3804
f 215 219 3805
f 2217 1217 1220
f 2217 2216 1217
f 2475 306 305
f 2475 2472 306
f 1365 3284 3288
f 1365 1371 3284
f 1135 2134 2139
f 1135 2139 1146
f 1259 252 249
f 1259 1261 252
f 2215 1216 1219
f 2215 2214 1216
f 2477 310 309
f 2477 2474 310
f 1375 3287 3290
f 1375 1376 3287
f 1260 256 251
f 1260 1264 256
f 362 1354 1353
f 362 1353 361
f 2211 1215 1218
f 2211 2210 1215
f 2652 2429 2432
f 2652 2643 2429
f 2417 2412 2414
f 2417 2631 2412
f 2479 316 315
f 2479 2476 316
f 1377 3289 3294
f 1377 1382 3289
f 1263 262 255
f 1263 1266 262
f 3014 1138 1140
f 3014 3016 1138
f 2209 3802 3801
f 2209 2204 3802
f 1132 2130 2135
f 1132 2135 1143
f 2207 1208 1214
f 2207 2206 1208
f 2658 2434 2436
f 2658 2651 2434
f 3040 2424 2635
f 3040 2423 2424
f 3632 3248 3250
f 3632 3246 3248
f 2632 2411 2415
f 2632 2416 2411
f 3050 2427 3041
f 3050 2426 2427
f 3251 3180 3171
f 3251 3249 3180
f 2481 320 319
f 2481 2478 320
f 1385 3291 3293
f 1385 1387 3291
f 1265 266 261
f 1265 1270 266
f 3013 1133 1141
f 3013 3015 1133
f 2205 3800 3799
f 2205 2200 3800
f 368 1363 1362
f 368 1362 367
f 2203 1207 1213
f 2203 2202 1207
f 2662 2439 2440
f 2662 2657 2439
f 3102 3096 3100
f 3102 3097 3096
f 3625 3823 3825
f 3625 3624 3823
f 3101 2403 2410
f 3101 3098 2403
f 3048 3099 3103
f 3048 3051 3099
f 3826 3172 3169
f 3826 3824 3172
f 2483 322 321
f 2483 2480 322
f 1386 3292 3298
f 1386 1388 3292
f 1267 268 265
f 1267 1269 268
f 3008 1128 1134
f 3008 3012 1128
f 2201 3798 3797
f 2201 2196 3798
f 2199 1203 1206
f 2199 2198 1203
f 1137 2126 2131
f 1131 2126 1137
f 2668 2442 2346
f 2668 2661 2442
f 3118 3112 3116
f 3118 3113 3112
f 3619 3829 3831
f 3619 3618 3829
f 3117 2395 2405
f 3117 3114 2395
f 3043 3115 3119
f 3043 3049 3115
f 3832 3170 3161
f 3832 3830 3170
f 2485 326 325
f 2485 2482 326
f 1389 3297 3300
f 1389 1393 3297
f 1268 272 267
f 1268 1272 272
f 3006 1123 1129
f 3006 3010 1123
f 2197 3796 3795
f 2197 2192 3796
f 2195 1193 1202
f 2195 2194 1193
f 2673 2348 2349
f 2673 2667 2348
f 3042 2392 2408
f 3042 3044 2392
f 3613 3162 3159
f 3613 3612 3162
f 2487 332 331
f 2487 2484 332
f 1392 3299 3304
f 1392 1398 3299
f 372 1370 1367
f 372 1367 371
f 1271 278 271
f 1271 1276 278
f 3007 1122 1124
f 3007 3009 1122
f 2193 3794 3793
f 2193 2188 3794
f 2191 1192 1197
f 2191 2190 1192
f 2681 2353 2352
f 2681 2672 2353
f 3131 3126 3129
f 3131 3125 3126
f 3607 3838 3840
f 3607 3606 3838
f 3130 2382 2402
f 3130 3128 2382
f 2344 3127 2340
f 2344 3045 3127
f 3841 3160 3157
f 3841 3839 3160
f 2489 336 335
f 2489 2486 336
f 1402 3301 3303
f 1402 1405 3301
f 1127 2122 2127
f 1127 2127 1136
f 1273 280 277
f 1273 1275 280
f 3004 1117 1125
f 3004 3005 1117
f 2189 3792 3791
f 2189 2184 3792
f 373 1369 1368
f 374 1369 373
f 2187 1191 1196
f 2187 2186 1191
f 2688 2357 2356
f 2688 2680 2357
f 2341 3130 3846
f 2341 2340 3130
f 3601 3841 3849
f 3601 3600 3841
f 3847 2390 2401
f 3847 3845 2390
f 2334 2342 2330
f 2334 2343 2342
f 3850 3158 3154
f 3850 3848 3158
f 2491 338 337
f 2491 2488 338
f 1399 3302 3306
f 1399 1404 3302
f 1274 285 279
f 1274 1278 285
f 2999 1113 1118
f 2999 3003 1113
f 2185 3790 3789
f 2185 2180 3790
f 2641 2431 2430
f 2641 2443 2431
f 2627 2409 2413
f 2627 2629 2409
f 2183 1187 1190
f 2183 2182 1187
f 2695 2360 2288
f 2695 2687 2360
f 2331 3847 3914
f 2331 2330 3847
f 3597 3850 3917
f 3597 3596 3850
f 3915 2389 2399
f 3915 3913 2389
f 2323 2332 2318
f 2323 2333 2332
f 3929 3155 3156
f 3916 3155 3929
f 3918 3929 3930
f 3918 3916 3929
f 3591 3590 3918
f 3591 3918 3930
f 2494 344 343
f 2494 2490 344
f 1403 3305 3308
f 1403 1410 3305
f 1121 2116 2123
f 1121 2123 1130
f 1277 289 284
f 1277 1285 289
f 3001 1112 1114
f 3001 3002 1112
f 2181 3788 3787
f 2181 2178 3788
f 2444 2433 2428
f 2444 2647 2433
f 2422 2419 2418
f 2422 3054 2419
f 3245 3178 3179
f 3245 3817 3178
f 2421 2642 2425
f 2421 2420 2642
f 3247 3818 3244
f 3247 3644 3818
f 2618 2400 2404
f 2618 2623 2400
f 2177 1180 1186
f 2177 2176 1180
f 2319 3915 3926
f 2319 2318 3915
f 3927 2385 2407
f 3927 3925 2385
f 2320 3927 2407
f 2322 2321 2320
f 3046 2322 2320
f 3046 2320 2407
f 3931 3164 3163
f 3931 3928 3164
f 3585 3584 3931
f 3585 3931 3163
f 2496 348 347
f 2496 2493 348
f 1413 3307 3312
f 1413 1415 3307
f 378 1374 1373
f 378 1373 377
f 1284 296 288
f 1284 1290 296
f 2998 1105 1115
f 2998 2997 1105
f 2179 3786 3785
f 2179 2174 3786
f 3091 2437 2435
f 3091 3094 2437
f 3058 3092 3089
f 3058 3057 3092
f 3820 3183 3184
f 3820 3821 3183
f 3088 3095 3090
f 3088 3093 3095
f 3643 3822 3819
f 3643 3648 3822
f 2610 2393 2396
f 2610 2621 2393
f 2173 1170 1179
f 2173 2172 1170
f 2699 2287 2286
f 2699 2694 2287
f 2498 352 351
f 2498 2495 352
f 1416 3309 3311
f 1416 1421 3309
f 1111 2112 2117
f 1111 2117 1126
f 1287 298 295
f 1287 1289 298
f 2995 1102 1106
f 2995 2996 1102
f 2175 3784 3783
f 2175 2168 3784
f 3107 2441 2438
f 3107 3110 2441
f 3062 3108 3105
f 3062 3061 3108
f 3828 3146 3187
f 3828 3150 3146
f 3104 3111 3106
f 3104 3109 3111
f 3647 3153 3827
f 3647 3152 3153
f 2615 2388 2394
f 2615 2617 2388
f 2171 1175 1181
f 2171 2170 1175
f 2704 2291 2292
f 2704 2698 2291
f 3973 2397 2406
f 2308 2397 3973
f 2309 3973 3974
f 2309 2308 3973
f 3047 2397 2308
f 2313 3047 2308
f 3977 3166 3165
f 3977 3578 3166
f 3579 3977 3978
f 3579 3578 3977
f 2500 354 353
f 2500 2497 354
f 1414 3310 3314
f 1414 1423 3310
f 384 1381 1378
f 384 1378 383
f 1288 302 297
f 1288 1295 302
f 2991 1097 1103
f 2991 2994 1097
f 2169 3782 3781
f 2169 2164 3782
f 2668 2347 2346
f 2668 2362 2347
f 3064 2376 3121
f 3064 2377 2376
f 3148 3143 3142
f 3148 3833 3143
f 3120 3124 3122
f 3120 3123 3124
f 3145 3190 3147
f 3145 3144 3190
f 3151 3834 3149
f 3151 3660 3834
f 2607 2384 2383
f 2607 2609 2384
f 2167 1169 1176
f 2167 2166 1169
f 3975 199 198
f 3975 2622 199
f 202 3975 198
f 207 2310 3975
f 207 3975 202
f 210 2310 207
f 2312 2311 2310
f 2312 2310 210
f 206 202 203
f 206 207 202
f 214 210 211
f 214 2312 210
f 3989 3168 3167
f 3976 3168 3989
f 3979 3976 3989
f 3998 3989 3990
f 3998 3572 3979
f 3998 3979 3989
f 3573 3998 3999
f 3573 3572 3998
f 2502 360 359
f 2502 2499 360
f 1422 3313 3318
f 1422 1429 3313
f 1120 2110 2113
f 1110 2110 1120
f 1294 308 301
f 1294 1299 308
f 2992 1096 1098
f 2992 2993 1096
f 2165 3780 3779
f 2165 2162 3780
f 2363 2351 2345
f 2363 2364 2351
f 2378 2370 2375
f 2378 2373 2370
f 3835 3193 3194
f 3835 3836 3193
f 2376 2365 2362
f 2376 2369 2365
f 3659 3837 3833
f 3659 3663 3837
f 2608 2380 2391
f 2608 2614 2380
f 2161 1165 1168
f 2161 2160 1165
f 2712 2295 2297
f 2712 2703 2295
f 2504 364 363
f 2504 2501 364
f 1430 3315 3317
f 1430 1435 3315
f 385 1380 1379
f 386 1380 385
f 1298 312 307
f 1298 1305 312
f 2990 1091 1099
f 2990 2989 1091
f 2163 3778 3777
f 2163 2158 3778
f 2366 2355 2350
f 2366 2367 2355
f 2374 2337 2371
f 2374 2338 2337
f 3842 3195 3196
f 3842 3843 3195
f 2370 2368 2364
f 2370 2372 2368
f 3661 3844 3836
f 3661 3662 3844
f 2606 2379 2381
f 2606 2616 2379
f 2157 1156 1163
f 2157 2156 1156
f 204 201 185
f 212 209 208
f 212 208 205
f 189 204 185
f 191 204 189
f 178 205 204
f 178 204 191
f 183 213 212
f 183 212 205
f 183 205 178
f 2644 178 191
f 179 178 2644
f 4009 2644 170
f 4009 179 2644
f 171 4009 170
f 4010 179 4009
f 4011 4009 171
f 3052 179 4010
f 3056 4010 4012
f 3056 3052 4010
f 4013 4014 4009
f 4013 4009 4011
f 4015 4016 4012
f 4015 4012 4010
f 3991 3988 3174
f 3173 3991 3174
f 4000 3997 3991
f 4000 3991 3173
f 4006 3567 4000
f 4006 4000 3173
f 4017 4007 3175
f 4017 3175 3182
f 3556 4007 4017
f 4018 4017 3182
f 3556 3567 4006
f 3556 4006 4007
f 4019 4020 4017
f 4019 4017 4018
f 2506 366 365
f 2506 2503 366
f 1426 3316 3320
f 1426 1433 3316
f 1109 2106 2111
f 1109 2111 1119
f 1302 314 311
f 1302 1304 314
f 2986 1084 1092
f 2986 2988 1084
f 2159 3776 3775
f 2159 2152 3776
f 3907 2359 2354
f 3907 3908 2359
f 2339 2327 2335
f 2339 2328 2327
f 3910 3199 3200
f 3910 3911 3199
f 2337 3909 2367
f 2337 2336 3909
f 3657 3912 3843
f 3657 3658 3912
f 2605 2387 2386
f 2605 2620 2387
f 2155 1159 1164
f 2155 2154 1159
f 2508 370 369
f 2508 2505 370
f 1434 3319 3322
f 1434 1440 3319
f 390 1384 1383
f 390 1383 389
f 1303 318 313
f 1303 1311 318
f 2983 1080 1085
f 2983 2985 1080
f 2153 3774 3773
f 2153 2148 3774
f 3919 2361 2358
f 3919 3920 2361
f 2324 3941 2325
f 3072 3944 3941
f 2329 3941 2324
f 2329 3072 3941
f 3934 3203 3204
f 3923 3654 3937
f 3923 3937 3934
f 3922 3923 3934
f 3922 3934 3204
f 3653 3654 3923
f 2327 3921 3908
f 2327 2326 3921
f 3655 3924 3911
f 3655 3656 3924
f 2151 1153 1160
f 2151 2150 1153
f 2720 2299 2300
f 2720 2711 2299
f 2510 376 375
f 2510 2507 376
f 1441 3321 3326
f 1441 1445 3321
f 1104 2100 2107
f 1104 2107 1116
f 1310 324 317
f 1310 1315 324
f 2984 1079 1081
f 2984 2987 1079
f 2149 3772 3771
f 2149 2146 3772
f 2315 2306 2305
f 2315 2305 2302
f 3932 2289 2288
f 3932 2302 2289
f 3939 2315 2302
f 3939 2302 3932
f 2695 3932 2288
f 3943 2315 3939
f 2316 2315 3943
f 3942 3939 3940
f 3942 3943 3939
f 3073 2316 3943
f 3936 3207 3208
f 3935 3936 3208
f 3969 3652 3972
f 3651 3969 3936
f 3651 3652 3969
f 3969 3207 3936
f 2325 3933 3920
f 2325 3938 3933
f 2613 199 2398
f 2613 2622 199
f 2145 1147 1152
f 2145 2144 1147
f 2512 380 379
f 2512 2509 380
f 1446 3323 3325
f 1446 1447 3323
f 394 1391 1390
f 394 1390 393
f 2143 1148 1151
f 2143 2142 1148
f 3053 181 180
f 3053 182 181
f 4008 3176 3177
f 4008 4005 3176
f 2514 382 381
f 2514 2511 382
f 1314 328 323
f 1314 1322 328
f 1444 3324 3328
f 1444 1450 3324
f 2982 1073 1082
f 2982 2981 1073
f 2147 3770 3769
f 2147 2140 3770
f 1108 2098 2101
f 1100 2098 1108
f 174 2650 2656
f 174 2656 172
f 1319 330 327
f 1319 1321 330
f 2977 1068 1074
f 2977 2980 1068
f 2141 3768 3767
f 2141 2136 3768
f 2283 2282 3983
f 2283 3983 3980
f 2304 2293 2290
f 2304 3980 2293
f 2307 2283 3980
f 2307 3980 2304
f 2303 2304 2290
f 2284 2283 2307
f 2317 2307 2314
f 2317 2284 2307
f 3984 3646 3987
f 3971 3211 3212
f 3971 3984 3211
f 3970 3971 3212
f 3645 3646 3984
f 3645 3984 3971
f 2619 185 200
f 2619 201 185
f 2139 1142 1146
f 2139 2138 1142
f 2516 388 387
f 2516 2513 388
f 1451 3327 3330
f 1451 1456 3327
f 400 1397 1394
f 400 1394 399
f 1320 334 329
f 1320 1327 334
f 2975 1063 1069
f 2975 2979 1063
f 2135 1135 1143
f 2135 2134 1135
f 2137 3766 3765
f 2137 2132 3766
f 2518 392 391
f 2518 2515 392
f 1457 3329 3334
f 1457 1458 3329
f 1095 2094 2099
f 1095 2099 1107
f 136 2746 2741
f 136 2741 146
f 1326 340 333
f 1326 1333 340
f 2976 1062 1064
f 2976 2978 1062
f 2133 3764 3763
f 2133 2128 3764
f 195 194 2718
f 195 2718 2717
f 3982 2717 2298
f 2294 3982 2298
f 2281 195 2717
f 2281 2717 3982
f 3981 3982 2294
f 196 195 2281
f 2285 2281 2280
f 2285 196 2281
f 4001 3642 4004
f 3986 3215 3216
f 3986 4001 3215
f 3640 3642 4001
f 3640 4001 3986
f 3985 3986 3216
f 2624 184 186
f 2624 2630 184
f 2131 1132 1137
f 2131 2130 1132
f 2520 396 395
f 2520 2517 396
f 1462 3331 3333
f 1462 1465 3331
f 401 1396 1395
f 402 1396 401
f 2127 1131 1136
f 2127 2126 1131
f 2522 398 397
f 2522 2519 398
f 1459 3332 3336
f 1459 1466 3332
f 1330 342 339
f 1330 1332 342
f 2974 1057 1065
f 2974 2973 1057
f 2129 3762 3761
f 2129 2124 3762
f 3265 2446 2449
f 3265 2449 3134
f 3888 3901 3903
f 3888 3903 3887
f 3886 3899 3902
f 3886 3902 3885
f 3884 3896 3900
f 3884 3900 3881
f 3878 3898 3897
f 3878 3897 3879
f 3858 3859 3856
f 3862 3859 3858
f 3756 3260 3259
f 3756 3259 3814
f 3031 2550 2590
f 3031 2590 3030
f 3035 2462 2532
f 3035 2532 3034
f 3516 3254 3253
f 3516 3253 3635
f 3947 3945 3962
f 3947 3962 3964
f 3952 3949 3966
f 3952 3966 3968
f 3960 3951 3958
f 3955 3951 3960
f 1090 2090 2095
f 1090 2095 1101
f 3865 3864 3890
f 3906 3890 3851
f 3906 3851 3854
f 3906 3865 3890
f 3905 3906 3904
f 3905 3865 3906
f 175 2655 2663
f 175 2663 118
f 3039 2671 2795
f 3039 2795 3038
f 3141 3137 3136
f 3141 3136 3140
f 2123 1127 1130
f 2123 2122 1127
f 2524 404 403
f 2524 2521 404
f 1467 3335 3340
f 1467 1473 3335
f 1331 346 341
f 1331 1339 346
f 2969 1052 1058
f 2969 2972 1052
f 2125 3760 3759
f 2125 2120 3760
f 406 1401 1400
f 406 1400 405
f 2270 1211 1210
f 2271 1211 2270
f 2117 1121 1126
f 2117 2116 1121
f 2526 408 407
f 2526 2523 408
f 1474 3337 3339
f 1474 1477 3337
f 1338 350 345
f 1338 1343 350
f 2970 1051 1053
f 2970 2971 1051
f 2121 3758 3757
f 2121 2118 3758
f 2716 2301 2296
f 2716 2715 2301
f 3077 4021 4022
f 193 4022 2726
f 193 2726 2719
f 197 193 192
f 197 3077 4022
f 197 4022 193
f 4022 4021 4023
f 4022 4023 4024
f 4025 4026 3223
f 3225 4025 3223
f 4003 4025 3225
f 3641 3630 4025
f 3641 4025 4003
f 4002 4003 3225
f 4026 4025 4027
f 4026 4027 4028
f 2628 187 188
f 2628 190 187
f 1279 224 223
f 1279 223 1282
f 1088 2086 2091
f 1088 2091 1094
f 140 2747 2745
f 140 2745 152
f 2113 1111 1120
f 2113 2112 1111
f 166 129 133
f 166 2735 129
f 2528 410 409
f 2528 2525 410
f 1472 3338 3342
f 1472 1478 3338
f 1342 356 349
f 1342 1351 356
f 2968 1045 1054
f 2968 2967 1045
f 2119 3755 3754
f 2119 2114 3755
f 2269 1212 1209
f 2269 1209 2268
f 412 1407 1406
f 412 1406 411
f 1348 358 355
f 1348 1350 358
f 2111 1110 1119
f 2111 2110 1110
f 2965 1040 1046
f 2965 2966 1040
f 2530 414 413
f 2530 2527 414
f 2115 3753 3752
f 2115 2108 3753
f 1479 3341 3344
f 1479 1480 3341
f 1280 222 226
f 1280 226 1291
f 1093 2082 2087
f 1087 2082 1093
f 143 2750 2748
f 143 2748 160
f 2107 1109 1116
f 2107 2106 1109
f 2741 131 146
f 2741 165 131
f 4029 2663 118
f 173 4029 118
f 4013 4029 173
f 4016 4029 4013
f 3060 4029 4016
f 4015 4013 4014
f 4015 4016 4013
f 3055 3060 4016
f 108 4030 4029
f 108 4029 2663
f 4019 3544 3186
f 4019 3186 3181
f 3557 4019 4020
f 3557 3544 4019
f 2533 420 419
f 2533 2529 420
f 1483 3343 3346
f 1483 1484 3343
f 1349 362 357
f 1349 1354 362
f 2961 1035 1041
f 2961 2964 1035
f 2109 3751 3750
f 2109 2104 3751
f 2267 1205 1204
f 2267 1204 2266
f 416 1409 1408
f 416 1408 415
f 2101 1104 1108
f 2101 2100 1104
f 2535 424 423
f 2535 2531 424
f 1489 3345 3348
f 1489 1494 3345
f 1353 368 361
f 1353 1363 368
f 2962 1034 1036
f 2962 2963 1034
f 2105 3749 3748
f 2105 2102 3749
f 1283 225 228
f 1283 228 1292
f 1078 2078 2083
f 1078 2083 1089
f 122 2666 2670
f 122 2670 121
f 2099 1100 1107
f 2099 2098 1100
f 2537 426 425
f 2537 2534 426
f 1490 3347 3350
f 1490 1493 3347
f 1362 372 367
f 1362 1370 372
f 2960 1031 1037
f 2960 2959 1031
f 2103 3747 3746
f 2103 2096 3747
f 2264 1200 1199
f 2265 1200 2264
f 417 1412 1411
f 418 1412 417
f 2095 1095 1101
f 2095 2094 1095
f 2745 136 152
f 2745 2746 136
f 4031 4030 108
f 3059 4030 4031
f 3063 4031 4032
f 3063 3059 4031
f 113 112 4032
f 113 4032 4031
f 4033 3185 3189
f 4033 3553 3185
f 4034 4033 3189
f 3549 3553 4033
f 4035 4036 4033
f 4035 4033 4034
f 2539 430 429
f 2539 2536 430
f 1495 3349 3352
f 1495 1501 3349
f 1367 374 371
f 1367 1369 374
f 2955 1024 1032
f 2955 2958 1024
f 2097 3745 3744
f 2097 2092 3745
f 1286 227 230
f 1286 230 1300
f 1077 2074 2079
f 1077 2079 1086
f 159 2752 2749
f 159 2749 164
f 125 2669 2674
f 125 2674 124
f 2091 1090 1094
f 2091 2090 1090
f 4037 3192 3188
f 4038 4039 4040
f 4038 4040 4037
f 4035 3540 4038
f 4035 4038 4037
f 3555 4035 4036
f 3555 3540 4035
f 3188 4035 4037
f 4041 4042 4040
f 4041 4040 4037
f 4043 4044 4038
f 4043 4038 4039
f 109 117 116
f 109 108 117
f 2541 436 435
f 2541 2538 436
f 1496 3351 3356
f 1496 1504 3351
f 1368 378 373
f 1368 1374 378
f 2953 1022 1025
f 2953 2957 1022
f 2093 3743 3742
f 2093 2088 3743
f 4045 4046 137
f 132 4045 137
f 2728 4045 132
f 3081 4047 4048
f 4023 4048 4045
f 4023 4045 2728
f 2727 4023 2728
f 4024 4023 2727
f 3078 3081 4048
f 3078 4048 4023
f 4048 4047 4049
f 4048 4049 4050
f 4046 4045 4051
f 4046 4051 4052
f 4053 4054 3227
f 4053 3227 3224
f 4028 3622 4053
f 4028 4053 3224
f 3631 4028 4027
f 3631 3622 4028
f 4054 4053 4055
f 4054 4055 4056
f 2263 1201 1198
f 2263 1198 2262
f 422 1418 1417
f 422 1417 421
f 2087 1088 1093
f 2087 2086 1088
f 2748 140 160
f 2748 2747 140
f 2543 440 439
f 2543 2540 440
f 1506 3353 3355
f 1506 1509 3353
f 1373 384 377
f 1373 1381 384
f 2954 1020 1023
f 2954 2956 1020
f 2089 3741 3740
f 2089 2084 3741
f 2725 128 130
f 2725 2736 128
f 2640 169 168
f 2640 176 169
f 1296 229 233
f 1296 233 1301
f 1072 2070 2075
f 1072 2075 1083
f 157 2754 2751
f 157 2751 163
f 2083 1087 1089
f 2083 2082 1087
f 2749 143 164
f 2749 2750 143
f 124 2676 123
f 4057 123 2676
f 2674 2676 124
f 3065 123 4057
f 3067 4057 4058
f 3067 3065 4057
f 4059 4060 4058
f 4059 4058 4057
f 4042 3191 3198
f 4042 4041 3191
f 4061 4042 3198
f 4062 4063 4042
f 4062 4042 4061
f 3543 4044 4043
f 3543 3550 4044
f 2545 442 441
f 2545 2542 442
f 1505 3354 3358
f 1505 1511 3354
f 1378 386 383
f 1378 1380 386
f 2952 1014 1021
f 2952 2951 1014
f 2085 3739 3738
f 2085 2080 3739
f 177 174 167
f 177 2650 174
f 2260 1195 1194
f 2260 1194 2259
f 428 1420 1419
f 428 1419 427
f 2079 1078 1086
f 2079 2078 1078
f 4060 2675 2679
f 4060 4059 2675
f 4064 4063 4062
f 4064 3545 4063
f 4065 4062 4066
f 4065 4064 4062
f 3542 3545 4064
f 4067 4068 4066
f 4067 4066 4062
f 4069 4070 4064
f 4069 4064 4065
f 2547 448 447
f 2547 2544 448
f 1510 3357 3360
f 1510 1517 3357
f 1379 390 385
f 1379 1384 390
f 2947 1007 1015
f 2947 2950 1007
f 2081 3737 3736
f 2081 2076 3737
f 1293 232 238
f 1293 238 1306
f 1076 2066 2071
f 1071 2066 1076
f 154 2756 2753
f 154 2753 162
f 2075 1077 1083
f 2075 2074 1077
f 2751 159 163
f 2751 2752 159
f 4071 2686 2685
f 4071 4072 2686
f 4072 4071 4073
f 4072 4073 4060
f 4074 3197 3202
f 4074 4067 3197
f 4068 4067 4074
f 4075 4068 4074
f 4076 4068 4075
f 4077 4078 4075
f 4077 4075 4074
f 4079 4080 4068
f 4079 4068 4076
f 3541 4070 4069
f 3541 3546 4070
f 3069 4060 4073
f 3069 3066 4060
f 2549 452 451
f 2549 2546 452
f 1516 3359 3364
f 1516 1522 3359
f 1383 394 389
f 1383 1391 394
f 2948 1006 1008
f 2948 2949 1006
f 2077 3735 3734
f 2077 2072 3735
f 4081 4082 139
f 138 4081 139
f 4052 4081 138
f 4049 4083 4081
f 4049 4081 4052
f 3086 4084 4083
f 4050 4052 4051
f 4050 4049 4052
f 3080 3086 4083
f 3080 4083 4049
f 4083 4084 4085
f 4083 4085 4086
f 4082 4081 4087
f 4082 4087 4088
f 4089 4090 3239
f 3228 4089 3239
f 4091 4089 3228
f 4092 4093 4094
f 4092 4094 4091
f 4056 3616 4092
f 4056 4092 4091
f 3623 4056 4055
f 3623 3616 4056
f 3228 4056 4091
f 4093 4092 4095
f 4093 4095 4096
f 4091 4094 4097
f 4091 4097 4098
f 4090 4089 4099
f 4090 4099 4100
f 2256 1189 1188
f 2256 1188 2255
f 2071 1072 1076
f 2071 2070 1072
f 2753 157 162
f 2753 2754 157
f 3071 94 97
f 3071 3068 94
f 4078 3201 3206
f 4078 4077 3201
f 3539 4080 4079
f 3539 3547 4080
f 432 1425 1424
f 432 1424 431
f 2552 456 455
f 2552 2548 456
f 1519 3361 3363
f 1519 1527 3361
f 1390 400 393
f 1390 1397 400
f 2946 1002 1009
f 2946 2945 1002
f 2073 3733 3732
f 2073 2068 3733
f 2656 175 172
f 2656 2655 175
f 1297 237 242
f 1297 242 1312
f 2067 1071 1075
f 2067 2066 1071
f 2755 154 161
f 2755 2756 154
f 4101 100 101
f 4101 4102 100
f 83 4103 4102
f 83 4102 4101
f 4104 4103 83
f 4104 4105 4103
f 4105 4104 4106
f 4105 4106 4107
f 3074 4107 4106
f 3074 3070 4107
f 90 3205 3210
f 90 89 3205
f 2554 458 457
f 2554 2551 458
f 1518 3362 3366
f 1518 1525 3362
f 1067 2062 2067
f 1067 2067 1075
f 147 2757 2755
f 147 2755 161
f 99 2691 2693
f 99 2693 98
f 1394 402 399
f 1394 1396 402
f 2943 999 1003
f 2943 2944 999
f 2069 3731 3730
f 2069 2064 3731
f 4088 142 141
f 4085 142 4088
f 4086 4088 4087
f 4086 4085 4088
f 3084 142 4085
f 3083 3084 4085
f 4100 3233 3232
f 4097 3233 4100
f 4099 4097 4100
f 4098 4097 4099
f 3610 3233 4097
f 4096 3610 4097
f 3617 4096 4095
f 3617 3610 4096
f 2251 1184 1183
f 2252 1184 2251
f 2063 1067 1070
f 2063 2062 1067
f 2742 147 153
f 2742 2757 147
f 3548 3209 3214
f 3548 3554 3209
f 84 103 52
f 84 83 103
f 2556 464 463
f 2556 2553 464
f 1526 3365 3370
f 1526 1534 3365
f 433 1428 1427
f 434 1428 433
f 1395 406 401
f 1395 1401 406
f 2939 994 1000
f 2939 2942 994
f 2065 3729 3728
f 2065 2060 3729
f 2663 119 118
f 2663 126 119
f 1308 241 244
f 1308 244 1313
f 2057 1060 1066
f 2057 2056 1060
f 73 3213 3218
f 73 72 3213
f 2558 468 467
f 2558 2555 468
f 1532 3367 3369
f 1532 1539 3367
f 1400 412 405
f 1400 1407 412
f 1060 2056 2063
f 1060 2063 1070
f 77 80 2742
f 77 2742 153
f 2940 992 995
f 2940 2941 992
f 102 2692 84
f 102 84 52
f 2061 3727 3726
f 2061 2058 3727
f 4108 145 144
f 4108 4109 145
f 4110 4108 144
f 3087 4111 4110
f 3079 3087 4110
f 3079 4110 144
f 4110 4111 31
f 4110 31 4112
f 4109 4108 4113
f 4109 4113 4114
f 4115 3240 3231
f 4115 4116 3240
f 3611 3604 4115
f 3611 4115 3231
f 4116 4115 4117
f 4116 4117 4118
f 2250 1185 1182
f 2250 1182 2249
f 2053 1050 1059
f 2053 2052 1050
f 2734 59 56
f 2734 2733 59
f 4119 3217 3221
f 4119 4120 3217
f 4121 4122 4120
f 4121 4120 4119
f 2560 472 471
f 2560 2557 472
f 1533 3368 3372
f 1533 1537 3368
f 1406 416 411
f 1406 1409 416
f 2938 988 993
f 2938 2937 988
f 2059 3725 3724
f 2059 2054 3725
f 4112 4114 4113
f 4112 31 4114
f 3605 4118 4117
f 3605 3598 4118
f 127 122 120
f 127 2666 122
f 438 1432 1431
f 438 1431 437
f 1307 243 248
f 1307 248 1316
f 2051 1056 1061
f 2051 2050 1056
f 2740 43 45
f 2740 2739 43
f 2562 474 473
f 2562 2559 474
f 1538 3371 3374
f 1538 1543 3371
f 1408 418 415
f 1408 1412 418
f 2935 980 989
f 2935 2936 980
f 2055 3723 3722
f 2055 2048 3723
f 4114 150 151
f 4114 4123 150
f 4123 4114 4124
f 4123 4124 4125
f 4118 3243 3237
f 4118 4126 3243
f 4126 4118 4127
f 4126 4127 4128
f 33 4125 4124
f 33 26 4125
f 3599 4128 4127
f 3599 3594 4128
f 2670 125 121
f 2670 2669 125
f 1050 2052 2057
f 1050 2057 1066
f 46 49 79
f 46 79 76
f 53 2700 2708
f 53 2708 50
f 2244 1178 1177
f 2244 1177 2243
f 2047 1049 1055
f 2047 2046 1049
f 2564 480 479
f 2564 2561 480
f 1540 3373 3376
f 1540 1550 3373
f 1411 422 417
f 1411 1418 422
f 2929 977 981
f 2929 2934 977
f 2049 3721 3720
f 2049 2044 3721
f 4125 155 158
f 4125 4129 155
f 4129 4125 4130
f 4129 4130 4131
f 4128 3242 3236
f 4128 4132 3242
f 4132 4128 4133
f 4132 4133 4134
f 28 4131 4130
f 28 20 4131
f 3595 4134 4133
f 3595 3588 4134
f 444 1439 1436
f 444 1436 443
f 1309 247 254
f 1309 254 1323
f 2041 1043 1048
f 2041 2040 1043
f 2566 484 483
f 2566 2563 484
f 1548 3375 3378
f 1548 1553 3375
f 1059 2050 2053
f 1056 2050 1059
f 1417 428 421
f 1417 1420 428
f 43 2739 48
f 43 48 47
f 55 2707 2714
f 55 2714 57
f 2931 976 978
f 2931 2933 976
f 2045 3719 3718
f 2045 2042 3719
f 4131 148 156
f 4131 4135 148
f 4135 4131 4136
f 4135 4136 4137
f 4138 3241 3238
f 4138 4139 3241
f 4139 4138 4140
f 4139 4140 4141
f 23 4137 4136
f 23 22 4137
f 4142 4141 4140
f 4142 4143 4141
f 4144 4145 4143
f 4144 4143 4142
f 4134 4145 4144
f 4134 4146 4145
f 4146 4134 4147
f 4146 4147 4148
f 3589 4148 4147
f 3589 3582 4148
f 2684 96 95
f 2684 104 96
f 2039 1044 1047
f 2039 2038 1044
f 2568 488 487
f 2568 2565 488
f 1549 3377 3380
f 1549 1555 3377
f 2239 1173 1172
f 2240 1173 2239
f 1419 432 427
f 1419 1425 432
f 2930 970 979
f 2930 2932 970
f 2043 3717 3716
f 2043 2036 3717
f 3082 134 149
f 3082 3085 134
f 3583 3235 3229
f 3583 3580 3235
f 105 99 93
f 105 2691 99
f 445 1438 1437
f 446 1438 445
f 2035 1039 1042
f 2035 2034 1039
f 2570 492 491
f 2570 2567 492
f 1554 3379 3382
f 1554 1561 3379
f 1317 253 258
f 1317 258 1325
f 1424 434 431
f 1424 1428 434
f 2925 965 971
f 2925 2928 965
f 2037 3715 3714
f 2037 2032 3715
f 4149 77 135
f 4149 80 77
f 80 4149 4150
f 80 4150 4151
f 4152 3234 3230
f 4152 4153 3234
f 4153 4152 4154
f 4153 4154 4155
f 17 4151 4150
f 17 16 4151
f 3581 4155 4154
f 3581 3570 4155
f 2693 102 98
f 2693 2692 102
f 1049 2046 2051
f 1049 2051 1061
f 42 2731 2740
f 42 2740 45
f 58 2713 2734
f 58 2734 56
f 2031 1030 1038
f 2031 2030 1030
f 2572 496 495
f 2572 2569 496
f 1560 3381 3386
f 1560 1566 3381
f 3026 1174 1171
f 2237 3815 3026
f 2237 3026 1171
f 2238 3815 2237
f 1427 438 433
f 1427 1432 438
f 2923 959 966
f 2923 2926 959
f 2033 3713 3712
f 2033 2028 3713
f 4156 46 78
f 4156 49 46
f 49 4156 4157
f 49 4157 4158
f 4159 3226 3222
f 4159 4160 3226
f 4161 4162 4160
f 4161 4160 4159
f 4163 4162 4161
f 4163 4164 4162
f 4164 4163 4165
f 4164 4165 4166
f 11 4158 4157
f 11 10 4158
f 3571 4166 4165
f 3571 3566 4166
f 84 53 52
f 84 2700 53
f 450 1443 1442
f 450 1442 449
f 2027 1027 1029
f 2027 2026 1027
f 2574 500 499
f 2574 2571 500
f 1562 3383 3385
f 1562 1571 3383
f 1431 444 437
f 1431 1439 444
f 2924 958 960
f 2924 2927 958
f 2029 3711 3710
f 2029 2024 3711
f 2279 257 260
f 1324 3268 1328
f 1324 257 2279
f 1324 2279 3268
f 2732 42 44
f 2732 2731 42
f 3075 37 36
f 3075 3076 37
f 4122 3220 3219
f 4122 4121 3220
f 2708 55 50
f 2708 2707 55
f 3024 1167 1166
f 3024 1166 3027
f 2234 3812 3816
f 2234 3816 2233
f 3996 1245 3993
f 1244 1245 3996
f 3000 3996 3011
f 3000 1244 3996
f 217 216 221
f 217 3803 3807
f 2272 3803 217
f 2272 217 221
f 2454 1247 1246
f 2454 1246 2459
f 2273 3280 3295
f 2273 3295 2274
f 2278 259 264
f 2278 264 2451
f 1318 3267 3266
f 1318 3266 1334
f 3021 1162 1161
f 3021 1161 3025
f 2228 3810 3813
f 2228 3813 2227
f 2453 263 270
f 2453 270 2452
f 1329 3270 3269
f 1329 3269 1336
f 3020 1158 1157
f 3020 1157 3023
f 2224 3808 3811
f 2224 3811 2223
f 2456 269 274
f 2456 274 2455
f 1335 3276 3274
f 1335 3274 1346
f 3992 1155 1154
f 3022 3992 1154
f 3018 3992 3022
f 215 3804 3809
f 215 3809 2222
f 220 215 2222
f 2458 273 276
f 2458 276 2457
f 1340 3275 3273
f 1340 3273 1344
f 3017 3995 3994
f 3017 3994 3019
f 218 3806 3805
f 218 3805 219
f 2461 275 283
f 2461 283 2460
f 1337 3272 3271
f 1337 3271 1345
f 2465 292 291
f 2465 291 2464
f 1358 3296 3277
f 1358 3277 1360
f 3013 1141 1138
f 3013 1138 3016
f 2205 3799 3802
f 2205 3802 2204
f 2467 290 294
f 2467 294 2466
f 1357 3279 3278
f 1357 3278 1359
f 3008 1134 1133
f 3008 1133 3015
f 2201 3797 3800
f 2201 3800 2200
f 2469 293 300
f 2469 300 2468
f 1356 3282 3281
f 1356 3281 1364
f 3006 1129 1128
f 3006 1128 3012
f 2197 3795 3798
f 2197 3798 2196
f 1043 2040 2047
f 1043 2047 1055
f 2471 299 304
f 2471 304 2470
f 1361 3286 3283
f 1361 3283 1372
f 3007 1124 1123
f 3007 1123 3010
f 2193 3793 3796
f 2193 3796 2192
f 2473 303 306
f 2473 306 2472
f 1366 3285 3284
f 1366 3284 1371
f 3004 1125 1122
f 3004 1122 3009
f 2189 3791 3794
f 2189 3794 2188
f 2475 305 310
f 2475 310 2474
f 1365 3288 3287
f 1365 3287 1376
f 2999 1118 1117
f 2999 1117 3005
f 2185 3789 3792
f 2185 3792 2184
f 2641 2430 2429
f 2641 2429 2643
f 2627 2413 2412
f 2627 2412 2631
f 2477 309 316
f 2477 316 2476
f 1375 3290 3289
f 1375 3289 1382
f 3001 1114 1113
f 3001 1113 3003
f 2181 3787 3790
f 2181 3790 2180
f 2652 2432 2434
f 2652 2434 2651
f 2618 2404 2409
f 2618 2409 2629
f 2479 315 320
f 2479 320 2478
f 1377 3294 3291
f 1377 3291 1387
f 2998 1115 1112
f 2998 1112 3002
f 2179 3785 3788
f 2179 3788 2178
f 2658 2436 2439
f 2658 2439 2657
f 2610 2396 2400
f 2610 2400 2623
f 2481 319 322
f 2481 322 2480
f 1385 3293 3292
f 1385 3292 1388
f 2995 1106 1105
f 2995 1105 2997
f 2175 3783 3786
f 2175 3786 2174
f 2662 2440 2442
f 2662 2442 2661
f 2615 2394 2393
f 2615 2393 2621
f 2483 321 326
f 2483 326 2482
f 1386 3298 3297
f 1386 3297 1393
f 2991 1103 1102
f 2991 1102 2996
f 2169 3781 3784
f 2169 3784 2168
f 2668 2346 2348
f 2668 2348 2667
f 2607 2383 2388
f 2607 2388 2617
f 2485 325 332
f 2485 332 2484
f 1389 3300 3299
f 1389 3299 1398
f 2992 1098 1097
f 2992 1097 2994
f 2165 3779 3782
f 2165 3782 2164
f 2673 2349 2353
f 2673 2353 2672
f 2608 2391 2384
f 2608 2384 2609
f 2487 331 336
f 2487 336 2486
f 1392 3304 3301
f 1392 3301 1405
f 2990 1099 1096
f 2990 1096 2993
f 2163 3777 3780
f 2163 3780 2162
f 2681 2352 2357
f 2681 2357 2680
f 2606 2381 2380
f 2606 2380 2614
f 2489 335 338
f 2489 338 2488
f 1402 3303 3302
f 1402 3302 1404
f 2986 1092 1091
f 2986 1091 2989
f 2159 3775 3778
f 2159 3778 2158
f 2688 2356 2360
f 2688 2360 2687
f 2605 2386 2379
f 2605 2379 2616
f 2491 337 344
f 2491 344 2490
f 1399 3306 3305
f 1399 3305 1410
f 2983 1085 1084
f 2983 1084 2988
f 2153 3773 3776
f 2153 3776 2152
f 2494 343 348
f 2494 348 2493
f 1403 3308 3307
f 1403 3307 1415
f 2984 1081 1080
f 2984 1080 2985
f 2149 3771 3774
f 2149 3774 2148
f 2695 2288 2287
f 2695 2287 2694
f 2613 2398 2387
f 2613 2387 2620
f 2496 347 352
f 2496 352 2495
f 1413 3312 3309
f 1413 3309 1421
f 2982 1082 1079
f 2982 1079 2987
f 2147 3769 3772
f 2147 3772 2146
f 2699 2286 2291
f 2699 2291 2698
f 2498 351 354
f 2498 354 2497
f 1416 3311 3310
f 1416 3310 1423
f 2977 1074 1073
f 2977 1073 2981
f 2141 3767 3770
f 2141 3770 2140
f 2619 200 199
f 2619 199 2622
f 2500 353 360
f 2500 360 2499
f 1414 3314 3313
f 1414 3313 1429
f 2975 1069 1068
f 2975 1068 2980
f 2137 3765 3768
f 2137 3768 2136
f 2704 2292 2295
f 2704 2295 2703
f 2502 359 364
f 2502 364 2501
f 1422 3318 3315
f 1422 3315 1435
f 2976 1064 1063
f 2976 1063 2979
f 2133 3763 3766
f 2133 3766 2132
f 2624 186 185
f 2624 185 201
f 2504 363 366
f 2504 366 2503
f 1430 3317 3316
f 1430 3316 1433
f 2974 1065 1062
f 2974 1062 2978
f 2129 3761 3764
f 2129 3764 2128
f 2506 365 370
f 2506 370 2505
f 1426 3320 3319
f 1426 3319 1440
f 2969 1058 1057
f 2969 1057 2973
f 2125 3759 3762
f 2125 3762 2124
f 2712 2297 2299
f 2712 2299 2711
f 2508 369 376
f 2508 376 2507
f 1434 3322 3321
f 1434 3321 1445
f 2970 1053 1052
f 2970 1052 2972
f 2121 3757 3760
f 2121 3760 2120
f 2628 188 184
f 2628 184 2630
f 2510 375 380
f 2510 380 2509
f 1441 3326 3323
f 1441 3323 1447
f 2968 1054 1051
f 2968 1051 2971
f 2119 3754 3758
f 2119 3758 2118
f 2512 379 382
f 2512 382 2511
f 1446 3325 3324
f 1446 3324 1450
f 2965 1046 1045
f 2965 1045 2967
f 2115 3752 3755
f 2115 3755 2114
f 2514 381 388
f 2514 388 2513
f 1444 3328 3327
f 1444 3327 1456
f 2961 1041 1040
f 2961 1040 2966
f 2109 3750 3753
f 2109 3753 2108
f 2516 387 392
f 2516 392 2515
f 1451 3330 3329
f 1451 3329 1458
f 2962 1036 1035
f 2962 1035 2964
f 2105 3748 3751
f 2105 3751 2104
f 2518 391 396
f 2518 396 2517
f 1457 3334 3331
f 1457 3331 1465
f 2960 1037 1034
f 2960 1034 2963
f 2103 3746 3749
f 2103 3749 2102
f 2520 395 398
f 2520 398 2519
f 1462 3333 3332
f 1462 3332 1466
f 2955 1032 1031
f 2955 1031 2959
f 2097 3744 3747
f 2097 3747 2096
f 2522 397 404
f 2522 404 2521
f 1459 3336 3335
f 1459 3335 1473
f 2953 1025 1024
f 2953 1024 2958
f 2093 3742 3745
f 2093 3745 2092
f 4024 2727 2726
f 4024 2726 4022
f 3631 4027 4025
f 3631 4025 3630
f 2524 403 408
f 2524 408 2523
f 1467 3340 3337
f 1467 3337 1477
f 2954 1023 1022
f 2954 1022 2957
f 2089 3740 3743
f 2089 3743 2088
f 2725 130 129
f 2725 129 2735
f 2640 168 170
f 2640 170 2644
f 3053 180 179
f 3053 179 3052
f 4007 3177 3175
f 4008 3177 4007
f 2526 407 410
f 2526 410 2525
f 1474 3339 3338
f 1474 3338 1478
f 2952 1021 1020
f 2952 1020 2956
f 2085 3738 3741
f 2085 3741 2084
f 2728 132 128
f 2728 128 2736
f 3078 4023 4021
f 3078 4021 3077
f 4026 3224 3223
f 4028 3224 4026
f 2528 409 414
f 2528 414 2527
f 1472 3342 3341
f 1472 3341 1480
f 2947 1015 1014
f 2947 1014 2951
f 2081 3736 3739
f 2081 3739 2080
f 4010 4009 4014
f 4010 4014 4015
f 3556 4017 4020
f 3556 4020 3557
f 2530 413 420
f 2530 420 2529
f 1479 3344 3343
f 1479 3343 1484
f 2948 1008 1007
f 2948 1007 2950
f 2077 3734 3737
f 2077 3737 2076
f 4050 4051 4045
f 4050 4045 4048
f 3623 4055 4053
f 3623 4053 3622
f 4011 171 173
f 4011 173 4013
f 3056 4012 4016
f 3056 4016 3055
f 4019 3182 3181
f 4018 3182 4019
f 2533 419 424
f 2533 424 2531
f 1483 3346 3345
f 1483 3345 1494
f 2946 1009 1006
f 2946 1006 2949
f 2073 3732 3735
f 2073 3735 2072
f 4052 138 137
f 4052 137 4046
f 3080 4049 4047
f 3080 4047 3081
f 4054 3228 3227
f 4056 3228 4054
f 2535 423 426
f 2535 426 2534
f 1489 3348 3347
f 1489 3347 1493
f 2943 1003 1002
f 2943 1002 2945
f 2069 3730 3733
f 2069 3733 2068
f 4086 4087 4081
f 4086 4081 4083
f 4098 4099 4089
f 4098 4089 4091
f 3617 4095 4092
f 3617 4092 3616
f 3060 4029 4030
f 3060 4030 3059
f 3544 3186 3185
f 3544 3185 3553
f 2537 425 430
f 2537 430 2536
f 1490 3350 3349
f 1490 3349 1501
f 2939 1000 999
f 2939 999 2944
f 2065 3728 3731
f 2065 3731 2064
f 4088 141 139
f 4088 139 4082
f 3083 4085 4084
f 3083 4084 3086
f 4100 3232 3239
f 4100 3239 4090
f 4093 4097 4094
f 4096 4097 4093
f 4031 108 107
f 4031 107 113
f 3549 4033 4036
f 3549 4036 3555
f 2663 118 117
f 2663 117 108
f 2539 429 436
f 2539 436 2538
f 1495 3352 3351
f 1495 3351 1504
f 2940 995 994
f 2940 994 2942
f 2061 3726 3729
f 2061 3729 2060
f 3079 144 142
f 3079 142 3084
f 3611 3231 3233
f 3611 3233 3610
f 109 116 111
f 109 111 106
f 3063 4032 112
f 3063 112 115
f 4035 3189 3188
f 4034 3189 4035
f 2541 435 440
f 2541 440 2540
f 1496 3356 3353
f 1496 3353 1509
f 2938 993 992
f 2938 992 2941
f 2059 3724 3727
f 2059 3727 2058
f 4112 4113 4108
f 4112 4108 4110
f 3605 4117 4115
f 3605 4115 3604
f 114 110 123
f 114 123 3065
f 4037 3192 3191
f 4037 3191 4041
f 3540 4038 4044
f 3540 4044 3550
f 2543 439 442
f 2543 442 2542
f 1506 3355 3354
f 1506 3354 1511
f 2935 989 988
f 2935 988 2937
f 2055 3722 3725
f 2055 3725 2054
f 4114 151 145
f 4114 145 4109
f 34 31 4111
f 34 4111 3087
f 4118 3237 3240
f 4118 3240 4116
f 33 4124 4114
f 33 4114 31
f 3599 4127 4118
f 3599 4118 3598
f 4057 2676 2675
f 4057 2675 4059
f 4043 4042 4063
f 4043 4063 3545
f 3543 4043 3545
f 4039 4040 4042
f 4039 4042 4043
f 2545 441 448
f 2545 448 2544
f 1505 3358 3357
f 1505 3357 1517
f 2929 981 980
f 2929 980 2936
f 2049 3720 3723
f 2049 3723 2048
f 4125 158 150
f 4125 150 4123
f 29 26 32
f 29 32 35
f 4128 3236 3243
f 4128 3243 4126
f 28 4130 4125
f 28 4125 26
f 3595 4133 4128
f 3595 4128 3594
f 4060 2679 2686
f 4060 2686 4072
f 4062 3198 3197
f 4062 3197 4067
f 4061 3198 4062
f 3542 4064 4070
f 3542 4070 3546
f 3067 4058 4060
f 3067 4060 3066
f 2547 447 452
f 2547 452 2546
f 1510 3360 3359
f 1510 3359 1522
f 2931 978 977
f 2931 977 2934
f 2045 3718 3721
f 2045 3721 2044
f 4131 156 155
f 4131 155 4129
f 24 20 27
f 24 27 30
f 4138 3238 3242
f 4144 4138 3242
f 4140 4138 4144
f 4132 4144 3242
f 4142 4140 4144
f 4134 4144 4132
f 23 4136 4131
f 23 4131 20
f 3589 4147 4134
f 3589 4134 3588
f 95 94 2685
f 2684 95 2685
f 4071 2685 94
f 3068 4071 94
f 3069 4073 4071
f 3069 4071 3068
f 4074 3202 3201
f 4074 3201 4077
f 4069 4068 4080
f 3547 4069 4080
f 4065 4066 4068
f 4065 4068 4069
f 3541 4069 3547
f 2549 451 456
f 2549 456 2548
f 1516 3364 3361
f 1516 3361 1527
f 2930 979 976
f 2930 976 2933
f 2043 3716 3719
f 2043 3719 2042
f 4137 148 4135
f 149 148 4137
f 22 149 4137
f 25 22 21
f 3082 22 25
f 3082 149 22
f 4141 3241 4139
f 3229 3241 4141
f 4143 3229 4141
f 4146 4143 4145
f 4148 4143 4146
f 3583 4148 3582
f 3583 4143 4148
f 3583 3229 4143
f 97 100 4102
f 4105 4102 4103
f 4107 97 4102
f 4107 4102 4105
f 3071 4107 3070
f 3071 97 4107
f 4078 3206 3205
f 4079 4078 3205
f 4075 4078 4079
f 4076 4075 4079
f 89 88 92
f 3539 89 92
f 3539 4079 89
f 3205 89 4079
f 2552 455 458
f 2552 458 2551
f 1519 3363 3362
f 1519 3362 1525
f 2925 971 970
f 2925 970 2932
f 2037 3714 3717
f 2037 3717 2036
f 4149 135 134
f 14 4149 134
f 17 4150 4149
f 17 4149 14
f 3085 14 134
f 18 14 3085
f 4152 3230 3235
f 4152 3235 3580
f 3581 4154 4152
f 3581 4152 3580
f 4104 83 82
f 86 4104 82
f 3074 4106 4104
f 3074 4104 86
f 87 3210 3209
f 3554 87 3209
f 91 87 3554
f 90 3210 87
f 4101 101 103
f 4101 103 83
f 2554 457 464
f 2554 464 2553
f 1518 3366 3365
f 1518 3365 1534
f 2923 966 965
f 2923 965 2928
f 2033 3712 3715
f 2033 3715 2032
f 4151 77 80
f 78 77 4151
f 4156 78 4151
f 8 4151 16
f 8 4156 4151
f 19 16 15
f 11 4157 4156
f 11 4156 8
f 12 8 16
f 12 16 19
f 4161 3222 3234
f 4161 3234 4153
f 4155 4161 4153
f 4159 3222 4161
f 4163 4161 4155
f 3570 4163 4155
f 3571 4165 4163
f 3571 4163 3570
f 67 61 63
f 67 63 65
f 81 51 61
f 81 61 67
f 52 51 81
f 84 52 81
f 85 67 69
f 85 81 67
f 72 71 75
f 72 3214 3213
f 3548 3214 72
f 3548 72 75
f 2556 463 468
f 2556 468 2555
f 1526 3370 3367
f 1526 3367 1539
f 2924 960 959
f 2924 959 2926
f 2029 3710 3713
f 2029 3713 2028
f 4158 46 49
f 44 46 4158
f 13 10 9
f 2732 44 4158
f 36 4158 10
f 36 2732 4158
f 3075 10 13
f 3075 36 10
f 39 2733 2732
f 39 2732 36
f 62 59 2733
f 62 2733 39
f 54 59 62
f 60 54 62
f 64 62 39
f 41 64 39
f 68 66 64
f 68 64 41
f 4160 4162 4164
f 3219 3226 4160
f 4166 4160 4164
f 4122 4166 3566
f 4122 3219 4160
f 4122 4160 4166
f 4120 4122 3566
f 70 3218 3217
f 70 3217 4120
f 73 3218 70
f 74 4120 3566
f 74 70 4120
f 2558 467 472
f 2558 472 2557
f 1532 3369 3368
f 1532 3368 1537
f 2922 961 958
f 2922 958 2927
f 2025 3708 3711
f 2025 3711 2024
f 40 38 37
f 40 37 3076
f 4119 3221 3220
f 4119 3220 4121
f 2560 471 474
f 2560 474 2559
f 1533 3372 3371
f 1533 3371 1543
f 2917 954 953
f 2917 953 2921
f 2021 3706 3709
f 2021 3709 2020
f 2562 473 480
f 2562 480 2561
f 1538 3374 3373
f 1538 3373 1550
f 2918 950 949
f 2918 949 2920
f 2017 3704 3707
f 2017 3707 2016
f 2564 479 484
f 2564 484 2563
f 1540 3376 3375
f 1540 3375 1553
f 2916 951 948
f 2916 948 2919
f 2015 3702 3705
f 2015 3705 2014
f 2566 483 488
f 2566 488 2565
f 1548 3378 3377
f 1548 3377 1555
f 2913 943 942
f 2913 942 2915
f 2009 3700 3703
f 2009 3703 2008
f 2568 487 492
f 2568 492 2567
f 1549 3380 3379
f 1549 3379 1561
f 2909 938 937
f 2909 937 2914
f 2005 3698 3701
f 2005 3701 2004
f 2570 491 496
f 2570 496 2569
f 1554 3382 3381
f 1554 3381 1566
f 2910 932 931
f 2910 931 2912
f 2001 3696 3699
f 2001 3699 2000
f 2572 495 500
f 2572 500 2571
f 1560 3386 3383
f 1560 3383 1571
f 2908 933 930
f 2908 930 2911
f 1999 3694 3697
f 1999 3697 1998
f 2574 499 502
f 2574 502 2573
f 1562 3385 3384
f 1562 3384 1569
f 2904 926 925
f 2904 925 2907
f 1993 3692 3695
f 1993 3695 1992
f 2576 501 508
f 2576 508 2575
f 1565 3388 3387
f 1565 3387 1576
f 2901 921 920
f 2901 920 2906
f 1989 3690 3693
f 1989 3693 1988
f 2578 507 512
f 2578 512 2577
f 1570 3390 3389
f 1570 3389 1582
f 2902 916 915
f 2902 915 2905
f 1985 3688 3691
f 1985 3691 1984
f 2580 511 516
f 2580 516 2579
f 1577 3394 3391
f 1577 3391 1587
f 2900 917 914
f 2900 914 2903
f 1983 3686 3689
f 1983 3689 1982
f 2582 515 520
f 2582 520 2581
f 1579 3393 3392
f 1579 3392 1586
f 2897 911 910
f 2897 910 2899
f 1977 3684 3687
f 1977 3687 1976
f 2584 519 524
f 2584 524 2583
f 1578 3396 3395
f 1578 3395 1593
f 2891 905 904
f 2891 904 2898
f 1436 446 443
f 1436 1438 446
f 1973 3682 3685
f 1973 3685 1972
f 2922 953 961
f 2922 2921 953
f 2586 523 528
f 2586 528 2585
f 2025 3709 3708
f 2025 2020 3709
f 2714 58 57
f 2714 2713 58
f 1583 3400 3397
f 1583 3397 1599
f 2894 901 900
f 2894 900 2896
f 1969 3680 3683
f 1969 3683 1968
f 2588 527 532
f 2588 532 2587
f 1592 3399 3398
f 1592 3398 1597
f 2892 902 899
f 2892 899 2895
f 1965 3678 3681
f 1965 3681 1964
f 2592 531 534
f 2592 534 2591
f 1594 3402 3401
f 1594 3401 1605
f 2885 894 893
f 2885 893 2893
f 1961 3676 3679
f 1961 3679 1960
f 2594 533 540
f 2594 540 2593
f 1598 3404 3403
f 1598 3403 1610
f 2888 890 889
f 2888 889 2890
f 1957 3674 3677
f 1957 3677 1956
f 2596 539 544
f 2596 544 2595
f 1600 3408 3405
f 1600 3405 1613
f 2886 887 886
f 2886 886 2889
f 1955 3672 3675
f 1955 3675 1954
f 2598 543 548
f 2598 548 2597
f 1609 3407 3406
f 1609 3406 1615
f 2883 882 881
f 2883 881 2887
f 1949 3670 3673
f 1949 3673 1948
f 2600 547 550
f 2600 550 2599
f 1608 3410 3409
f 1608 3409 1620
f 2877 877 876
f 2877 876 2884
f 1945 3668 3671
f 1945 3671 1944
f 2023 1028 1033
f 2023 2022 1028
f 2602 549 556
f 2602 556 2601
f 1614 3412 3411
f 1614 3411 1626
f 2576 502 501
f 2576 2573 502
f 2879 872 871
f 2879 871 2882
f 1565 3384 3388
f 1565 1569 3384
f 1941 3666 3669
f 1941 3669 1940
f 2604 555 560
f 2604 560 2603
f 1621 3416 3413
f 1621 3413 1629
f 2878 873 870
f 2878 870 2881
f 1939 3664 3667
f 1939 3667 1938
f 2612 559 564
f 2612 564 2611
f 1623 3415 3414
f 1623 3414 1630
f 2875 867 866
f 2875 866 2880
f 1933 3649 3665
f 1933 3665 1932
f 2626 563 568
f 2626 568 2625
f 1622 3418 3417
f 1622 3417 1636
f 2871 861 860
f 2871 860 2876
f 1929 3638 3650
f 1929 3650 1928
f 2634 567 572
f 2634 572 2633
f 1631 3420 3419
f 1631 3419 1639
f 2872 856 855
f 2872 855 2874
f 1925 3636 3639
f 1925 3639 1924
f 2637 571 576
f 2637 576 2636
f 1637 3424 3421
f 1637 3421 1646
f 454 1449 1448
f 454 1448 453
f 2870 857 854
f 2870 854 2873
f 1923 3633 3637
f 1923 3637 1922
f 2639 575 578
f 2639 578 2638
f 1640 3423 3422
f 1640 3422 1647
f 2867 850 849
f 2867 849 2869
f 1917 3628 3634
f 1917 3634 1916
f 2646 577 584
f 2646 584 2645
f 1638 3426 3425
f 1638 3425 1652
f 2863 845 844
f 2863 844 2868
f 1913 3626 3629
f 1913 3629 1912
f 2649 583 588
f 2649 588 2648
f 1643 3428 3427
f 1643 3427 1658
f 2864 841 840
f 2864 840 2866
f 1909 3620 3627
f 1909 3627 1908
f 2654 587 592
f 2654 592 2653
f 1653 3430 3429
f 1653 3429 1659
f 2862 839 838
f 2862 838 2865
f 1907 3614 3621
f 1907 3621 1906
f 2660 591 594
f 2660 594 2659
f 1654 3432 3431
f 1654 3431 1665
f 2857 835 834
f 2857 834 2861
f 1901 3608 3615
f 1901 3615 1900
f 2665 593 600
f 2665 600 2664
f 1655 3434 3433
f 1655 3433 1668
f 2858 828 827
f 2858 827 2860
f 1897 3602 3609
f 1897 3609 1896
f 2678 599 604
f 2678 604 2677
f 1660 3438 3435
f 1660 3435 1674
f 2856 829 826
f 2856 826 2859
f 1893 3592 3603
f 1893 3603 1892
f 2683 603 606
f 2683 606 2682
f 1669 3437 3436
f 1669 3436 1675
f 2853 822 821
f 2853 821 2855
f 1889 3586 3593
f 1889 3593 1888
f 2690 605 612
f 2690 612 2689
f 1670 3440 3439
f 1670 3439 1680
f 2849 820 819
f 2849 819 2854
f 1885 3576 3587
f 1885 3587 1884
f 2697 611 616
f 2697 616 2696
f 1673 3442 3441
f 1673 3441 1686
f 2850 815 814
f 2850 814 2852
f 1881 3574 3577
f 1881 3577 1880
f 2702 615 620
f 2702 620 2701
f 1681 3446 3443
f 1681 3443 1691
f 2848 812 811
f 2848 811 2851
f 1877 3568 3575
f 1877 3575 1876
f 2706 619 622
f 2706 622 2705
f 1683 3445 3444
f 1683 3444 1690
f 2844 809 808
f 2844 808 2847
f 1873 3564 3569
f 1873 3569 1872
f 2710 621 628
f 2710 628 2709
f 1682 3448 3447
f 1682 3447 1698
f 2841 804 803
f 2841 803 2846
f 1869 3562 3565
f 1869 3565 1868
f 2722 627 632
f 2722 632 2721
f 1689 3452 3449
f 1689 3449 1702
f 2842 799 798
f 2842 798 2845
f 1865 3560 3563
f 1865 3563 1864
f 2724 631 634
f 2724 634 2723
f 1696 3451 3450
f 1696 3450 1703
f 2840 795 794
f 2840 794 2843
f 1861 3558 3561
f 1861 3561 1860
f 2730 633 638
f 2730 638 2729
f 1697 3454 3453
f 1697 3453 1707
f 2835 793 792
f 2835 792 2839
f 1857 3551 3559
f 1857 3559 1856
f 2738 637 644
f 2738 644 2737
f 1701 3456 3455
f 1701 3455 1713
f 2836 787 786
f 2836 786 2838
f 1853 3537 3552
f 1853 3552 1852
f 2744 643 648
f 2744 648 2743
f 1704 3458 3457
f 1704 3457 1718
f 2834 788 785
f 2834 785 2837
f 1849 3535 3538
f 1849 3538 1848
f 2759 647 652
f 2759 652 2758
f 1714 3460 3459
f 1714 3459 1719
f 2830 781 780
f 2830 780 2833
f 1845 3533 3536
f 1845 3536 1844
f 2761 651 654
f 2761 654 2760
f 1712 3462 3461
f 1712 3461 1725
f 2827 777 776
f 2827 776 2832
f 1841 3531 3534
f 1841 3534 1840
f 2763 653 660
f 2763 660 2762
f 1717 3464 3463
f 1717 3463 1729
f 2828 770 769
f 2828 769 2829
f 4167 3529 3532
f 1836 4167 3532
f 1837 4167 1836
f 2275 4168 4167
f 2275 4167 1837
f 4169 4167 4168
f 4169 4168 4170
f 2765 659 664
f 2765 664 2764
f 1720 3466 3465
f 1720 3465 1735
f 2826 771 768
f 2826 768 2831
f 4170 3527 3530
f 4170 3530 4169
f 1832 4170 1831
f 1832 3527 4170
f 2768 663 666
f 2768 666 2767
f 1730 3468 3467
f 1730 3467 1736
f 2823 765 764
f 2823 764 2825
f 1828 3525 3528
f 1828 3528 1827
f 2770 665 672
f 2770 672 2769
f 1728 3470 3469
f 1728 3469 1739
f 2817 759 758
f 2817 758 2824
f 1824 3523 3526
f 1824 3526 1823
f 2772 671 676
f 2772 676 2771
f 1737 3472 3471
f 1737 3471 1743
f 2819 757 756
f 2819 756 2822
f 1820 3521 3524
f 1820 3524 1819
f 2774 675 680
f 2774 680 2773
f 1740 3476 3473
f 1740 3473 1744
f 2818 755 754
f 2818 754 2821
f 1816 3519 3522
f 1816 3522 1815
f 2776 679 684
f 2776 684 2775
f 1742 3475 3474
f 1742 3474 1745
f 2815 751 750
f 2815 750 2820
f 1812 3517 3520
f 1812 3520 1811
f 2778 683 688
f 2778 688 2777
f 1741 3478 3477
f 1741 3477 1747
f 2810 749 748
f 2810 748 2816
f 1808 3514 3518
f 1808 3518 1807
f 2780 687 692
f 2780 692 2779
f 1746 3482 3479
f 1746 3479 1753
f 2811 747 746
f 2811 746 2814
f 1804 3512 3515
f 1804 3515 1803
f 2782 691 696
f 2782 696 2781
f 1749 3481 3480
f 1749 3480 1754
f 2809 743 742
f 2809 742 2813
f 1800 3510 3513
f 1800 3513 1799
f 2784 695 700
f 2784 700 2783
f 1748 3484 3483
f 1748 3483 1756
f 2806 741 740
f 2806 740 2812
f 1796 3508 3511
f 1796 3511 1795
f 2791 1249 1248
f 2791 1248 2799
f 2276 3499 3503
f 2276 3503 2277
f 2786 699 704
f 2786 704 2785
f 1752 3486 3485
f 1752 3485 1758
f 2805 738 737
f 2805 737 2808
f 1792 3506 3509
f 1792 3509 1791
f 2788 703 708
f 2788 708 2787
f 1755 3490 3487
f 1755 3487 1764
f 2803 739 736
f 2803 736 2807
f 1788 3504 3507
f 1788 3507 1787
f 2790 707 712
f 2790 712 2789
f 1757 3489 3488
f 1757 3488 1762
f 2800 735 734
f 2800 734 2804
f 1784 3500 3505
f 1784 3505 1783
f 2793 711 714
f 2793 714 2792
f 1759 3492 3491
f 1759 3491 1765
f 2801 731 730
f 2801 730 2802
f 1780 3502 3501
f 1780 3501 1779
f 713 720 1
f 2797 1 2796
f 2797 713 1
f 4171 3496 3493
f 1763 4171 1770
f 1763 3496 4171
f 4172 3495 3494
f 4172 3494 4173
f 4171 4174 4175
f 4173 4171 4172
f 4173 4174 4171
f 1437 450 445
f 1437 1443 450
f 2917 949 954
f 2917 2920 949
f 2021 3707 3706
f 2021 2016 3707
f 2019 1019 1026
f 2019 2018 1019
f 2578 508 507
f 2578 2575 508
f 1570 3387 3390
f 1570 1576 3387
f 1048 2038 2041
f 1044 2038 1048
f 1442 454 449
f 1442 1449 454
f 2918 948 950
f 2918 2919 948
f 2017 3705 3704
f 2017 2014 3705
f 2013 1013 1018
f 2013 2012 1013
f 2580 512 511
f 2580 2577 512
f 1577 3389 3394
f 1577 1582 3389
f 460 1455 1452
f 460 1452 459
f 1448 460 453
f 1448 1455 460
f 2916 942 951
f 2916 2915 942
f 2015 3703 3702
f 2015 2008 3703
f 2011 1012 1017
f 2011 2010 1012
f 2582 516 515
f 2582 2579 516
f 1579 3391 3393
f 1579 1587 3391
f 1039 2034 2039
f 1039 2039 1047
f 1452 462 459
f 1452 1454 462
f 2913 937 943
f 2913 2914 937
f 2009 3701 3700
f 2009 2004 3701
f 2007 1011 1016
f 2007 2006 1011
f 2584 520 519
f 2584 2581 520
f 1578 3392 3396
f 1578 1586 3392
f 461 1454 1453
f 462 1454 461
f 1453 466 461
f 1453 1461 466
f 2909 931 938
f 2909 2912 931
f 2005 3699 3698
f 2005 2000 3699
f 2003 1005 1010
f 2003 2002 1005
f 2586 524 523
f 2586 2583 524
f 1583 3395 3400
f 1583 1593 3395
f 1030 2030 2035
f 1030 2035 1042
f 1460 470 465
f 1460 1464 470
f 2910 930 932
f 2910 2911 930
f 1997 998 1004
f 1997 1996 998
f 2001 3697 3696
f 2001 1998 3697
f 2588 528 527
f 2588 2585 528
f 1592 3397 3399
f 1592 1599 3397
f 466 1461 1460
f 466 1460 465
f 1463 476 469
f 1463 1469 476
f 2908 925 933
f 2908 2907 925
f 1999 3695 3694
f 1999 1992 3695
f 1995 991 1001
f 1995 1994 991
f 2592 532 531
f 2592 2587 532
f 1594 3398 3402
f 1594 1597 3398
f 1027 2026 2031
f 1027 2031 1038
f 1468 478 475
f 1468 1471 478
f 2904 920 926
f 2904 2906 920
f 1993 3693 3692
f 1993 1988 3693
f 1991 990 997
f 1991 1990 990
f 2594 534 533
f 2594 2591 534
f 1598 3401 3404
f 1598 1605 3401
f 470 1464 1463
f 470 1463 469
f 1470 482 477
f 1470 1476 482
f 2901 915 921
f 2901 2905 915
f 1989 3691 3690
f 1989 1984 3691
f 1987 985 996
f 1987 1986 985
f 2596 540 539
f 2596 2593 540
f 1600 3403 3408
f 1600 1610 3403
f 1028 2022 2027
f 1028 2027 1029
f 1475 486 481
f 1475 1482 486
f 2902 914 916
f 2902 2903 914
f 1985 3689 3688
f 1985 1982 3689
f 1981 983 987
f 1981 1980 983
f 2598 544 543
f 2598 2595 544
f 1609 3405 3407
f 1609 1613 3405
f 476 1469 1468
f 476 1468 475
f 1481 490 485
f 1481 1488 490
f 2900 910 917
f 2900 2899 910
f 1983 3687 3686
f 1983 1976 3687
f 1979 984 986
f 1979 1978 984
f 2600 548 547
f 2600 2597 548
f 1608 3406 3410
f 1608 1615 3406
f 1019 2018 2023
f 1019 2023 1033
f 1485 494 489
f 1485 1487 494
f 2897 904 911
f 2897 2898 904
f 1977 3685 3684
f 1977 1972 3685
f 1975 975 982
f 1975 1974 975
f 2602 550 549
f 2602 2599 550
f 1614 3409 3412
f 1614 1620 3409
f 478 1471 1470
f 478 1470 477
f 1486 498 493
f 1486 1492 498
f 2891 900 905
f 2891 2896 900
f 1973 3683 3682
f 1973 1968 3683
f 1971 969 974
f 1971 1970 969
f 2604 556 555
f 2604 2601 556
f 1621 3411 3416
f 1621 1626 3411
f 1013 2012 2019
f 1013 2019 1026
f 1491 504 497
f 1491 1498 504
f 2894 899 901
f 2894 2895 899
f 1969 3681 3680
f 1969 1964 3681
f 1967 964 973
f 1967 1966 964
f 2612 560 559
f 2612 2603 560
f 1623 3413 3415
f 1623 1629 3413
f 482 1476 1475
f 482 1475 481
f 1497 506 503
f 1497 1500 506
f 2892 893 902
f 2892 2893 893
f 1965 3679 3678
f 1965 1960 3679
f 1963 968 972
f 1963 1962 968
f 2626 564 563
f 2626 2611 564
f 1622 3414 3418
f 1622 1630 3414
f 1012 2010 2013
f 1012 2013 1018
f 1499 510 505
f 1499 1503 510
f 2885 889 894
f 2885 2890 889
f 1961 3677 3676
f 1961 1956 3677
f 1959 963 967
f 1959 1958 963
f 2634 568 567
f 2634 2625 568
f 1631 3417 3420
f 1631 1636 3417
f 486 1482 1481
f 486 1481 485
f 1502 514 509
f 1502 1508 514
f 2888 886 890
f 2888 2889 886
f 1957 3675 3674
f 1957 1954 3675
f 1953 957 962
f 1953 1952 957
f 2637 572 571
f 2637 2633 572
f 1637 3419 3424
f 1637 1639 3419
f 1011 2006 2011
f 1011 2011 1017
f 1507 518 513
f 1507 1515 518
f 2886 881 887
f 2886 2887 881
f 1955 3673 3672
f 1955 1948 3673
f 1951 947 956
f 1951 1950 947
f 2639 576 575
f 2639 2636 576
f 1640 3421 3423
f 1640 1646 3421
f 490 1488 1485
f 490 1485 489
f 1512 522 517
f 1512 1514 522
f 2883 876 882
f 2883 2884 876
f 1949 3671 3670
f 1949 1944 3671
f 1947 946 955
f 1947 1946 946
f 2646 578 577
f 2646 2638 578
f 1638 3422 3426
f 1638 1647 3422
f 1005 2002 2007
f 1005 2007 1016
f 1513 526 521
f 1513 1521 526
f 2877 871 877
f 2877 2882 871
f 1945 3669 3668
f 1945 1940 3669
f 1943 945 952
f 1943 1942 945
f 2649 584 583
f 2649 2645 584
f 1643 3425 3428
f 1643 1652 3425
f 494 1487 1486
f 494 1486 493
f 1520 530 525
f 1520 1524 530
f 2879 870 872
f 2879 2881 870
f 1941 3667 3666
f 1941 1938 3667
f 1937 939 944
f 1937 1936 939
f 2654 588 587
f 2654 2648 588
f 1653 3427 3430
f 1653 1658 3427
f 998 1996 2003
f 998 2003 1010
f 1523 536 529
f 1523 1529 536
f 2878 866 873
f 2878 2880 866
f 1939 3665 3664
f 1939 1932 3665
f 1935 936 941
f 1935 1934 936
f 2660 592 591
f 2660 2653 592
f 1654 3429 3432
f 1654 1659 3429
f 498 1492 1491
f 498 1491 497
f 1528 538 535
f 1528 1531 538
f 2875 860 867
f 2875 2876 860
f 1933 3650 3649
f 1933 1928 3650
f 1931 934 940
f 1931 1930 934
f 2665 594 593
f 2665 2659 594
f 1655 3431 3434
f 1655 1665 3431
f 991 1994 1997
f 991 1997 1004
f 1530 542 537
f 1530 1536 542
f 2871 855 861
f 2871 2874 855
f 1929 3639 3638
f 1929 1924 3639
f 1927 929 935
f 1927 1926 929
f 2678 600 599
f 2678 2664 600
f 1660 3433 3438
f 1660 1668 3433
f 504 1498 1497
f 504 1497 503
f 1535 546 541
f 1535 1542 546
f 2872 854 856
f 2872 2873 854
f 1925 3637 3636
f 1925 1922 3637
f 1921 924 928
f 1921 1920 924
f 2683 604 603
f 2683 2677 604
f 1669 3435 3437
f 1669 1674 3435
f 990 1990 1995
f 990 1995 1001
f 1541 552 545
f 1541 1547 552
f 2870 849 857
f 2870 2869 849
f 1923 3634 3633
f 1923 1916 3634
f 1919 923 927
f 1919 1918 923
f 2690 606 605
f 2690 2682 606
f 1670 3436 3440
f 1670 1675 3436
f 506 1500 1499
f 506 1499 505
f 1544 554 551
f 1544 1546 554
f 2867 844 850
f 2867 2868 844
f 1917 3629 3628
f 1917 1912 3629
f 1915 919 922
f 1915 1914 919
f 2697 612 611
f 2697 2689 612
f 1673 3439 3442
f 1673 1680 3439
f 985 1986 1991
f 985 1991 997
f 1545 558 553
f 1545 1552 558
f 2863 840 845
f 2863 2866 840
f 1913 3627 3626
f 1913 1908 3627
f 1911 909 918
f 1911 1910 909
f 2702 616 615
f 2702 2696 616
f 1681 3441 3446
f 1681 1686 3441
f 510 1503 1502
f 510 1502 509
f 1551 562 557
f 1551 1557 562
f 2864 838 841
f 2864 2865 838
f 1909 3621 3620
f 1909 1906 3621
f 1905 908 913
f 1905 1904 908
f 2706 620 619
f 2706 2701 620
f 1683 3443 3445
f 1683 1691 3443
f 983 1980 1987
f 983 1987 996
f 1556 566 561
f 1556 1559 566
f 2862 834 839
f 2862 2861 834
f 1907 3615 3614
f 1907 1900 3615
f 1903 907 912
f 1903 1902 907
f 2710 622 621
f 2710 2705 622
f 1682 3444 3448
f 1682 1690 3444
f 514 1508 1507
f 514 1507 513
f 1558 570 565
f 1558 1564 570
f 2857 827 835
f 2857 2860 827
f 1901 3609 3608
f 1901 1896 3609
f 1899 898 906
f 1899 1898 898
f 2722 628 627
f 2722 2709 628
f 1689 3447 3452
f 1689 1698 3447
f 984 1978 1981
f 984 1981 987
f 1563 574 569
f 1563 1568 574
f 2858 826 828
f 2858 2859 826
f 1897 3603 3602
f 1897 1892 3603
f 1895 897 903
f 1895 1894 897
f 2724 632 631
f 2724 2721 632
f 1696 3449 3451
f 1696 1702 3449
f 518 1515 1512
f 518 1512 517
f 1567 580 573
f 1567 1573 580
f 2856 821 829
f 2856 2855 821
f 1893 3593 3592
f 1893 1888 3593
f 1891 888 896
f 1891 1890 888
f 2730 634 633
f 2730 2723 634
f 1697 3450 3454
f 1697 1703 3450
f 975 1974 1979
f 975 1979 986
f 1572 582 579
f 1572 1575 582
f 2853 819 822
f 2853 2854 819
f 1889 3587 3586
f 1889 1884 3587
f 1887 892 895
f 1887 1886 892
f 2738 638 637
f 2738 2729 638
f 1701 3453 3456
f 1701 1707 3453
f 522 1514 1513
f 522 1513 521
f 1574 586 581
f 1574 1581 586
f 2849 814 820
f 2849 2852 814
f 1885 3577 3576
f 1885 1880 3577
f 1883 885 891
f 1883 1882 885
f 2744 644 643
f 2744 2737 644
f 1704 3455 3458
f 1704 1713 3455
f 1580 590 585
f 1580 1585 590
f 2850 811 815
f 2850 2851 811
f 1881 3575 3574
f 1881 1876 3575
f 969 1970 1975
f 969 1975 982
f 1879 880 884
f 1879 1878 880
f 2759 648 647
f 2759 2743 648
f 1714 3457 3460
f 1714 1718 3457
f 1584 596 589
f 1584 1591 596
f 2848 808 812
f 2848 2847 808
f 1877 3569 3568
f 1877 1872 3569
f 526 1521 1520
f 526 1520 525
f 1875 878 883
f 1875 1874 878
f 2761 652 651
f 2761 2758 652
f 1712 3459 3462
f 1712 1719 3459
f 1588 598 595
f 1588 1590 598
f 2844 803 809
f 2844 2846 803
f 1873 3565 3564
f 1873 1868 3565
f 964 1966 1971
f 964 1971 974
f 1871 874 879
f 1871 1870 874
f 2763 654 653
f 2763 2760 654
f 1717 3461 3464
f 1717 1725 3461
f 1589 602 597
f 1589 1596 602
f 2841 798 804
f 2841 2845 798
f 1869 3563 3562
f 1869 1864 3563
f 530 1524 1523
f 530 1523 529
f 1867 865 875
f 1867 1866 865
f 2765 660 659
f 2765 2762 660
f 1720 3463 3466
f 1720 1729 3463
f 1595 608 601
f 1595 1604 608
f 2842 794 799
f 2842 2843 794
f 1865 3561 3560
f 1865 1860 3561
f 968 1962 1967
f 968 1967 973
f 1863 864 869
f 1863 1862 864
f 2768 664 663
f 2768 2764 664
f 1730 3465 3468
f 1730 1735 3465
f 1601 610 607
f 1601 1603 610
f 2840 792 795
f 2840 2839 792
f 1861 3559 3558
f 1861 1856 3559
f 536 1529 1528
f 536 1528 535
f 1859 863 868
f 1859 1858 863
f 2770 666 665
f 2770 2767 666
f 1728 3467 3470
f 1728 1736 3467
f 1602 614 609
f 1602 1607 614
f 2835 786 793
f 2835 2838 786
f 1857 3552 3551
f 1857 1852 3552
f 963 1958 1963
f 963 1963 972
f 1855 859 862
f 1855 1854 859
f 2772 672 671
f 2772 2769 672
f 1737 3469 3472
f 1737 1739 3469
f 1606 618 613
f 1606 1612 618
f 2836 785 787
f 2836 2837 785
f 1853 3538 3537
f 1853 1848 3538
f 538 1531 1530
f 538 1530 537
f 1851 852 858
f 1851 1850 852
f 2774 676 675
f 2774 2771 676
f 1740 3471 3476
f 1740 1743 3471
f 1611 624 617
f 1611 1619 624
f 2834 780 788
f 2834 2833 780
f 1849 3536 3535
f 1849 1844 3536
f 957 1952 1959
f 957 1959 967
f 1847 847 851
f 1847 1846 847
f 2776 680 679
f 2776 2773 680
f 1742 3473 3475
f 1742 1744 3473
f 1616 626 623
f 1616 1618 626
f 2830 776 781
f 2830 2832 776
f 1845 3534 3533
f 1845 1840 3534
f 1843 846 853
f 1843 1842 846
f 2778 684 683
f 2778 2775 684
f 1741 3474 3478
f 1741 1745 3474
f 542 1536 1535
f 542 1535 541
f 1617 630 625
f 1617 1625 630
f 2827 769 777
f 2827 2829 769
f 1841 3532 3531
f 1841 1836 3532
f 1839 843 848
f 1839 1838 843
f 2780 688 687
f 2780 2777 688
f 1746 3477 3482
f 1746 1747 3477
f 947 1950 1953
f 947 1953 962
f 1624 636 629
f 1624 1628 636
f 2828 768 770
f 2828 2831 768
f 4167 3530 3529
f 4167 4169 3530
f 2275 4170 4168
f 2275 1831 4170
f 1835 837 842
f 1835 1834 837
f 2782 692 691
f 2782 2779 692
f 1749 3479 3481
f 1749 1753 3479
f 546 1542 1541
f 546 1541 545
f 1627 640 635
f 1627 1633 640
f 2826 764 771
f 2826 2825 764
f 1832 3528 3527
f 1832 1827 3528
f 1830 832 836
f 1830 1829 832
f 2784 696 695
f 2784 2781 696
f 1748 3480 3484
f 1748 1754 3480
f 946 1946 1951
f 946 1951 956
f 1632 642 639
f 1632 1635 642
f 2823 758 765
f 2823 2824 758
f 1828 3526 3525
f 1828 1823 3526
f 1826 831 833
f 1826 1825 831
f 2786 700 699
f 2786 2783 700
f 1752 3483 3486
f 1752 1756 3483
f 552 1547 1544
f 552 1544 551
f 1634 646 641
f 1634 1642 646
f 2817 756 759
f 2817 2822 756
f 1824 3524 3523
f 1824 1819 3524
f 1822 825 830
f 1822 1821 825
f 2801 1248 731
f 2801 2799 1248
f 1780 3503 3502
f 1780 2277 3503
f 2788 704 703
f 2788 2785 704
f 1755 3485 3490
f 1755 1758 3485
f 945 1942 1947
f 945 1947 955
f 1641 650 645
f 1641 1645 650
f 2819 754 757
f 2819 2821 754
f 1820 3522 3521
f 1820 1815 3522
f 1818 816 824
f 1818 1817 816
f 2790 708 707
f 2790 2787 708
f 1757 3487 3489
f 1757 1764 3487
f 554 1546 1545
f 554 1545 553
f 1644 656 649
f 1644 1651 656
f 2818 750 755
f 2818 2820 750
f 1816 3520 3519
f 1816 1811 3520
f 1814 818 823
f 1814 1813 818
f 2793 712 711
f 2793 2789 712
f 1759 3488 3492
f 1759 1762 3488
f 939 1936 1943
f 939 1943 952
f 1648 658 655
f 1648 1650 658
f 2815 748 751
f 2815 2816 748
f 1812 3518 3517
f 1812 1807 3518
f 1810 810 817
f 1810 1809 810
f 2797 714 713
f 2797 2792 714
f 1763 3491 3496
f 1763 1765 3491
f 558 1552 1551
f 558 1551 557
f 1649 662 657
f 1649 1657 662
f 2810 746 749
f 2810 2814 746
f 1808 3515 3514
f 1808 1803 3515
f 1806 806 813
f 1806 1805 806
f 6 1 3
f 6 2796 1
f 4172 3493 3495
f 4172 4171 3493
f 936 1934 1937
f 936 1937 944
f 1656 668 661
f 1656 1664 668
f 2811 742 747
f 2811 2813 742
f 1804 3513 3512
f 1804 1799 3513
f 1802 802 807
f 1802 1801 802
f 562 1557 1556
f 562 1556 561
f 1661 670 667
f 1661 1663 670
f 2809 740 743
f 2809 2812 740
f 1800 3511 3510
f 1800 1795 3511
f 1798 801 805
f 1798 1797 801
f 934 1930 1935
f 934 1935 941
f 1662 674 669
f 1662 1667 674
f 2806 737 741
f 2806 2808 737
f 1796 3509 3508
f 1796 1791 3509
f 5 720 1249
f 5 1 720
f 2791 2794 5
f 2791 5 1249
f 4175 3497 3499
f 4175 1770 4171
f 2276 1770 4175
f 2276 4175 3499
f 1794 797 800
f 1794 1793 797
f 566 1559 1558
f 566 1558 565
f 1666 678 673
f 1666 1672 678
f 2805 736 738
f 2805 2807 736
f 1792 3507 3506
f 1792 1787 3507
f 2798 2 4
f 2798 7 2
f 4174 3494 3498
f 4174 4173 3494
f 1790 791 796
f 1790 1789 791
f 929 1926 1931
f 929 1931 940
f 1671 682 677
f 1671 1679 682
f 2803 734 739
f 2803 2804 734
f 1788 3505 3504
f 1788 1783 3505
f 1786 782 790
f 1786 1785 782
f 570 1564 1563
f 570 1563 569
f 1676 686 681
f 1676 1678 686
f 2800 730 735
f 2800 2802 730
f 1784 3501 3500
f 1784 1779 3501
f 1782 784 789
f 1782 1781 784
f 924 1920 1927
f 924 1927 935
f 1677 690 685
f 1677 1685 690
f 1778 778 783
f 1778 1777 778
f 574 1568 1567
f 574 1567 573
f 1684 694 689
f 1684 1688 694
f 1774 775 779
f 1774 1773 775
f 923 1918 1921
f 923 1921 928
f 1687 698 693
f 1687 1695 698
f 1768 767 774
f 1768 1767 767
f 580 1573 1572
f 580 1572 579
f 1692 702 697
f 1692 1694 702
f 1761 766 773
f 1761 1760 766
f 919 1914 1919
f 919 1919 927
f 1693 706 701
f 1693 1700 706
f 1751 763 772
f 1751 1750 763
f 582 1575 1574
f 582 1574 581
f 1699 710 705
f 1699 1706 710
f 1732 760 762
f 1732 1738 760
f 909 1910 1915
f 909 1915 922
f 1705 716 709
f 1705 1711 716
f 586 1581 1580
f 586 1580 585
f 1708 718 715
f 1708 1710 718
f 908 1904 1911
f 908 1911 918
f 1709 722 717
f 1709 1716 722
f 590 1585 1584
f 590 1584 589
f 1715 726 721
f 1715 1724 726
f 1721 733 725
f 1721 1723 733
f 907 1902 1905
f 907 1905 913
f 1722 745 732
f 1722 1727 745
f 596 1591 1588
f 596 1588 595
f 1726 753 744
f 1726 1734 753
f 898 1898 1903
f 898 1903 912
f 1731 761 752
f 1731 1733 761
f 598 1590 1589
f 598 1589 597
f 897 1894 1899
f 897 1899 906
f 602 1596 1595
f 602 1595 601
f 888 1890 1895
f 888 1895 903
f 608 1604 1601
f 608 1601 607
f 892 1886 1891
f 892 1891 896
f 610 1603 1602
f 610 1602 609
f 885 1882 1887
f 885 1887 895
f 614 1607 1606
f 614 1606 613
f 880 1878 1883
f 880 1883 891
f 618 1612 1611
f 618 1611 617
f 878 1874 1879
f 878 1879 884
f 624 1619 1616
f 624 1616 623
f 874 1870 1875
f 874 1875 883
f 626 1618 1617
f 626 1617 625
f 865 1866 1871
f 865 1871 879
f 630 1625 1624
f 630 1624 629
f 864 1862 1867
f 864 1867 875
f 636 1628 1627
f 636 1627 635
f 863 1858 1863
f 863 1863 869
f 640 1633 1632
f 640 1632 639
f 859 1854 1859
f 859 1859 868
f 642 1635 1634
f 642 1634 641
f 852 1850 1855
f 852 1855 862
f 646 1642 1641
f 646 1641 645
f 847 1846 1851
f 847 1851 858
f 650 1645 1644
f 650 1644 649
f 846 1842 1847
f 846 1847 851
f 656 1651 1648
f 656 1648 655
f 843 1838 1843
f 843 1843 853
f 658 1650 1649
f 658 1649 657
f 837 1834 1839
f 837 1839 848
f 662 1657 1656
f 662 1656 661
f 832 1829 1835
f 832 1835 842
f 668 1664 1661
f 668 1661 667
f 831 1825 1830
f 831 1830 836
f 670 1663 1662
f 670 1662 669
f 825 1821 1826
f 825 1826 833
f 674 1667 1666
f 674 1666 673
f 816 1817 1822
f 816 1822 830
f 5 2794 2798
f 5 2798 4
f 3498 4175 4174
f 3497 4175 3498
f 678 1672 1671
f 678 1671 677
f 818 1813 1818
f 818 1818 824
f 682 1679 1676
f 682 1676 681
f 810 1809 1814
f 810 1814 823
f 686 1678 1677
f 686 1677 685
f 806 1805 1810
f 806 1810 817
f 690 1685 1684
f 690 1684 689
f 802 1801 1806
f 802 1806 813
f 694 1688 1687
f 694 1687 693
f 801 1797 1802
f 801 1802 807
f 698 1695 1692
f 698 1692 697
f 797 1793 1798
f 797 1798 805
f 702 1694 1693
f 702 1693 701
f 791 1789 1794
f 791 1794 800
f 706 1700 1699
f 706 1699 705
f 782 1785 1790
f 782 1790 796
f 710 1706 1705
f 710 1705 709
f 784 1781 1786
f 784 1786 790
f 716 1711 1708
f 716 1708 715
f 778 1777 1782
f 778 1782 789
f 718 1710 1709
f 718 1709 717
f 775 1773 1778
f 775 1778 783
f 722 1716 1715
f 722 1715 721
f 767 1767 1774
f 767 1774 779
f 726 1724 1721
f 726 1721 725
f 766 1760 1768
f 766 1768 774
f 733 1723 1722
f 733 1722 732
f 763 1750 1761
f 763 1761 773
f 745 1727 1726
f 745 1726 744
f 760 1738 1751
f 760 1751 772
f 753 1734 1731
f 753 1731 752
f 761 1733 1732
f 761 1732 762
