v -4.050000 -6.550000 10.000000
v -4.050000 -6.450000 10.000000
v -4.050000 -6.450000 10.100000
v -4.050000 -6.350000 10.100000
v -4.050000 -6.250000 10.100000
v -4.050000 -6.250000 10.200000
v -4.050000 -6.150000 10.200000
v -4.050000 -6.050000 10.200000
v -4.050000 -6.050000 10.300000
v -4.050000 -5.850000 10.300000
v -4.050000 -5.750000 10.300000
v -4.050000 -5.750000 10.400000
v -4.050000 -5.650000 10.400000
v -4.050000 -5.550000 10.400000
v -4.050000 -5.550000 10.500000
v -4.050000 -5.350000 10.500000
v -4.050000 -5.250000 10.500000
v -4.050000 -5.250000 10.600000
v -4.050000 -5.150000 10.600000
v -4.050000 -5.050000 10.600000
v -4.050000 -5.050000 10.700000
v -4.050000 -4.950000 10.700000
v -4.050000 -4.850000 10.700000
v -4.050000 -4.850000 10.800000
v -4.050000 -4.650000 10.800000
v -4.050000 -4.550000 10.800000
v -4.050000 -4.550000 10.900000
v -4.050000 -4.450000 10.900000
v -4.050000 -4.350000 10.900000
v -4.050000 -4.350000 11.000000
v -4.050000 -4.150000 11.000000
v -4.050000 -4.050000 11.000000
v -4.050000 -4.050000 11.100000
v -4.050000 -3.750000 11.100000
v -4.050000 -3.650000 11.100000
v -4.050000 -3.650000 11.200000
v -4.050000 -3.450000 11.200000
v -4.050000 -3.350000 11.200000
v -4.050000 -3.350000 11.300000
v -4.050000 -3.050000 11.300000
v -4.050000 -2.950000 11.300000
v -4.050000 -2.950000 11.400000
v -4.050000 -2.650000 11.400000
v -4.050000 -2.550000 11.400000
v -4.050000 -2.550000 11.500000
v -4.050000 -2.350000 11.500000
v -4.050000 -2.250000 11.500000
v -4.050000 -2.250000 11.600000
v -4.050000 -1.850000 11.600000
v -4.050000 -1.750000 11.600000
v -4.050000 -1.750000 11.700000
v -4.050000 -1.050000 11.700000
v -4.050000 -0.950000 11.700000
v -4.050000 -0.950000 11.800000
v -4.050000 -0.350000 11.800000
v -4.050000 -0.250000 11.800000
v -4.050000 -0.250000 11.900000
v -4.050000 3.050000 11.900000
v -4.050000 3.150000 11.900000
v -4.050000 3.150000 11.800000
v -4.050000 3.850000 11.800000
v -4.050000 3.950000 11.800000
v -4.050000 3.950000 11.700000
v -4.050000 4.550000 11.700000
v -4.050000 4.650000 11.700000
v -4.050000 4.650000 11.600000
v -4.050000 5.050000 11.600000
v -4.050000 5.150000 11.600000
v -4.050000 5.150000 11.500000
v -4.050000 5.450000 11.500000
v -4.050000 5.550000 11.500000
v -4.050000 5.550000 11.400000
v -4.050000 5.750000 11.400000
v -4.050000 5.850000 11.400000
v -4.050000 5.850000 11.300000
v -4.050000 6.150000 11.300000
v -4.050000 6.250000 11.300000
v -4.050000 6.250000 11.200000
v -4.050000 6.550000 11.200000
v -4.050000 6.650000 11.200000
v -4.050000 6.650000 11.100000
v -4.050000 6.850000 11.100000
v -4.050000 6.950000 11.100000
v -4.050000 6.950000 11.000000
v -4.050000 7.150000 11.000000
v -4.050000 7.250000 11.000000
v -4.050000 7.250000 10.900000
v -4.050000 7.350000 10.900000
v -4.050000 7.450000 10.900000
v -4.050000 7.450000 10.800000
v -4.050000 7.650000 10.800000
v -4.050000 7.750000 10.800000
v -4.050000 7.750000 10.700000
v -4.050000 7.850000 10.700000
v -4.050000 7.950000 10.700000
v -4.050000 7.950000 10.600000
v -4.050000 8.150000 10.600000
v -4.050000 8.250000 10.600000
v -4.050000 8.250000 10.500000
v -4.050000 8.350000 10.500000
v -4.050000 8.450000 10.500000
v -4.050000 8.450000 10.400000
v -4.050000 8.550000 10.400000
v -4.050000 8.650000 10.400000
v -4.050000 8.650000 10.300000
v -4.050000 8.850000 10.300000
v -4.050000 8.950000 10.300000
v -4.050000 8.950000 10.200000
v -4.050000 9.050000 10.200000
v -4.050000 9.150000 10.200000
v -4.050000 9.150000 10.100000
v -4.050000 9.350000 10.100000
v -4.050000 9.450000 10.100000
v -4.050000 9.450000 10.000000
v -4.050000 9.550000 10.000000
v -4.050000 9.550000 10.500000
v -4.050000 9.550000 10.600000
v -4.050000 9.250000 10.600000
v -4.050000 9.250000 10.700000
v -4.050000 9.050000 10.700000
v -4.050000 9.050000 10.800000
v -4.050000 8.850000 10.800000
v -4.050000 8.850000 10.900000
v -4.050000 8.550000 10.900000
v -4.050000 8.550000 11.000000
v -4.050000 8.350000 11.000000
v -4.050000 8.350000 11.100000
v -4.050000 8.150000 11.100000
v -4.050000 8.150000 11.200000
v -4.050000 7.850000 11.200000
v -4.050000 7.850000 11.300000
v -4.050000 7.650000 11.300000
v -4.050000 7.650000 11.400000
v -4.050000 7.350000 11.400000
v -4.050000 7.350000 11.500000
v -4.050000 7.050000 11.500000
v -4.050000 7.050000 11.600000
v -4.050000 6.650000 11.600000
v -4.050000 6.650000 11.700000
v -4.050000 6.350000 11.700000
v -4.050000 6.350000 11.800000
v -4.050000 5.950000 11.800000
v -4.050000 5.950000 11.900000
v -4.050000 5.550000 11.900000
v -4.050000 5.550000 12.000000
v -4.050000 5.250000 12.000000
v -4.050000 5.250000 12.100000
v -4.050000 4.650000 12.100000
v -4.050000 4.650000 12.200000
v -4.050000 3.850000 12.200000
v -4.050000 3.850000 12.300000
v -4.050000 3.150000 12.300000
v -4.050000 3.150000 12.400000
v -4.050000 -0.250000 12.400000
v -4.050000 -0.250000 12.300000
v -4.050000 -0.950000 12.300000
v -4.050000 -0.950000 12.200000
v -4.050000 -1.750000 12.200000
v -4.050000 -1.750000 12.100000
v -4.050000 -2.250000 12.100000
v -4.050000 -2.250000 12.000000
v -4.050000 -2.650000 12.000000
v -4.050000 -2.650000 11.900000
v -4.050000 -3.050000 11.900000
v -4.050000 -3.050000 11.800000
v -4.050000 -3.350000 11.800000
v -4.050000 -3.350000 11.700000
v -4.050000 -3.750000 11.700000
v -4.050000 -3.750000 11.600000
v -4.050000 -4.150000 11.600000
v -4.050000 -4.150000 11.500000
v -4.050000 -4.450000 11.500000
v -4.050000 -4.450000 11.400000
v -4.050000 -4.750000 11.400000
v -4.050000 -4.750000 11.300000
v -4.050000 -4.950000 11.300000
v -4.050000 -4.950000 11.200000
v -4.050000 -5.150000 11.200000
v -4.050000 -5.150000 11.100000
v -4.050000 -5.450000 11.100000
v -4.050000 -5.450000 11.000000
v -4.050000 -5.650000 11.000000
v -4.050000 -5.650000 10.900000
v -4.050000 -5.850000 10.900000
v -4.050000 -5.850000 10.800000
v -4.050000 -6.150000 10.800000
v -4.050000 -6.150000 10.700000
v -4.050000 -6.350000 10.700000
v -4.050000 -6.350000 10.600000
v -4.050000 -6.550000 10.600000
v -4.050000 -6.550000 10.500000
v 3.950000 -6.550000 10.600000
v 4.050000 -6.550000 10.600000
v 4.050000 -6.550000 10.000000
v 3.950000 -6.550000 10.000000
v 4.050000 -6.350000 10.600000
v 4.050000 -6.350000 10.700000
v 4.050000 -6.150000 10.700000
v 4.050000 -6.150000 10.800000
v 4.050000 -5.850000 10.800000
v 4.050000 -5.850000 10.900000
v 4.050000 -5.650000 10.900000
v 4.050000 -5.650000 11.000000
v 4.050000 -5.450000 11.000000
v 4.050000 -5.450000 11.100000
v 4.050000 -5.150000 11.100000
v 4.050000 -5.150000 11.200000
v 4.050000 -4.950000 11.200000
v 4.050000 -4.950000 11.300000
v 4.050000 -4.750000 11.300000
v 4.050000 -4.750000 11.400000
v 4.050000 -4.450000 11.400000
v 4.050000 -4.450000 11.500000
v 4.050000 -4.150000 11.500000
v 4.050000 -4.150000 11.600000
v 4.050000 -3.750000 11.600000
v 4.050000 -3.750000 11.700000
v 4.050000 -3.350000 11.700000
v 4.050000 -3.350000 11.800000
v 4.050000 -3.050000 11.800000
v 4.050000 -3.050000 11.900000
v 4.050000 -2.650000 11.900000
v 4.050000 -2.650000 12.000000
v 4.050000 -2.250000 12.000000
v 4.050000 -2.250000 12.100000
v 4.050000 -1.750000 12.100000
v 4.050000 -1.750000 12.200000
v 4.050000 -0.950000 12.200000
v 4.050000 -0.950000 12.300000
v 4.050000 -0.250000 12.300000
v 4.050000 -0.250000 12.400000
v 4.050000 3.150000 12.400000
v 4.050000 3.150000 12.300000
v 4.050000 3.850000 12.300000
v 4.050000 3.850000 12.200000
v 4.050000 4.650000 12.200000
v 4.050000 4.650000 12.100000
v 4.050000 5.250000 12.100000
v 4.050000 5.250000 12.000000
v 4.050000 5.550000 12.000000
v 4.050000 5.550000 11.900000
v 4.050000 5.950000 11.900000
v 4.050000 5.950000 11.800000
v 4.050000 6.350000 11.800000
v 4.050000 6.350000 11.700000
v 4.050000 6.650000 11.700000
v 4.050000 6.650000 11.600000
v 4.050000 7.050000 11.600000
v 4.050000 7.050000 11.500000
v 4.050000 7.350000 11.500000
v 4.050000 7.350000 11.400000
v 4.050000 7.650000 11.400000
v 4.050000 7.650000 11.300000
v 4.050000 7.850000 11.300000
v 4.050000 7.850000 11.200000
v 4.050000 8.150000 11.200000
v 4.050000 8.150000 11.100000
v 4.050000 8.350000 11.100000
v 4.050000 8.350000 11.000000
v 4.050000 8.550000 11.000000
v 4.050000 8.550000 10.900000
v 4.050000 8.850000 10.900000
v 4.050000 8.850000 10.800000
v 4.050000 9.050000 10.800000
v 4.050000 9.050000 10.700000
v 4.050000 9.250000 10.700000
v 4.050000 9.250000 10.600000
v 4.050000 9.550000 10.600000
v 4.050000 9.550000 10.000000
v 4.050000 9.450000 10.000000
v 4.050000 9.450000 10.100000
v 4.050000 9.150000 10.100000
v 4.050000 9.150000 10.200000
v 4.050000 8.950000 10.200000
v 4.050000 8.950000 10.300000
v 4.050000 8.650000 10.300000
v 4.050000 8.650000 10.400000
v 4.050000 8.450000 10.400000
v 4.050000 8.450000 10.500000
v 4.050000 8.250000 10.500000
v 4.050000 8.250000 10.600000
v 4.050000 7.950000 10.600000
v 4.050000 7.950000 10.700000
v 4.050000 7.750000 10.700000
v 4.050000 7.750000 10.800000
v 4.050000 7.450000 10.800000
v 4.050000 7.450000 10.900000
v 4.050000 7.250000 10.900000
v 4.050000 7.250000 11.000000
v 4.050000 6.950000 11.000000
v 4.050000 6.950000 11.100000
v 4.050000 6.650000 11.100000
v 4.050000 6.650000 11.200000
v 4.050000 6.250000 11.200000
v 4.050000 6.250000 11.300000
v 4.050000 5.850000 11.300000
v 4.050000 5.850000 11.400000
v 4.050000 5.550000 11.400000
v 4.050000 5.550000 11.500000
v 4.050000 5.150000 11.500000
v 4.050000 5.150000 11.600000
v 4.050000 4.650000 11.600000
v 4.050000 4.650000 11.700000
v 4.050000 3.950000 11.700000
v 4.050000 3.950000 11.800000
v 4.050000 3.150000 11.800000
v 4.050000 3.150000 11.900000
v 4.050000 -0.250000 11.900000
v 4.050000 -0.250000 11.800000
v 4.050000 -0.950000 11.800000
v 4.050000 -0.950000 11.700000
v 4.050000 -1.750000 11.700000
v 4.050000 -1.750000 11.600000
v 4.050000 -2.250000 11.600000
v 4.050000 -2.250000 11.500000
v 4.050000 -2.550000 11.500000
v 4.050000 -2.550000 11.400000
v 4.050000 -2.950000 11.400000
v 4.050000 -2.950000 11.300000
v 4.050000 -3.350000 11.300000
v 4.050000 -3.350000 11.200000
v 4.050000 -3.650000 11.200000
v 4.050000 -3.650000 11.100000
v 4.050000 -4.050000 11.100000
v 4.050000 -4.050000 11.000000
v 4.050000 -4.350000 11.000000
v 4.050000 -4.350000 10.900000
v 4.050000 -4.550000 10.900000
v 4.050000 -4.550000 10.800000
v 4.050000 -4.850000 10.800000
v 4.050000 -4.850000 10.700000
v 4.050000 -5.050000 10.700000
v 4.050000 -5.050000 10.600000
v 4.050000 -5.250000 10.600000
v 4.050000 -5.250000 10.500000
v 4.050000 -5.550000 10.500000
v 4.050000 -5.550000 10.400000
v 4.050000 -5.750000 10.400000
v 4.050000 -5.750000 10.300000
v 4.050000 -6.050000 10.300000
v 4.050000 -6.050000 10.200000
v 4.050000 -6.250000 10.200000
v 4.050000 -6.250000 10.100000
v 4.050000 -6.450000 10.100000
v 4.050000 -6.450000 10.000000
v 3.950000 9.450000 10.000000
v 3.950000 9.150000 10.100000
v 3.950000 8.950000 10.200000
v 3.950000 8.650000 10.300000
v -3.050000 8.450000 10.500000
v -3.050000 8.450000 10.400000
v -3.150000 8.450000 10.400000
v 20.850000 0.050000 7.300000
v 20.850000 0.050000 8.600000
v 20.850000 0.050000 8.700000
v 20.850000 0.750000 8.700000
v 20.850000 0.850000 8.700000
v 20.850000 0.850000 7.300000
v 20.850000 0.750000 7.300000
v 21.050000 0.850000 8.700000
v 21.050000 0.850000 7.300000
v 20.950000 0.850000 7.300000
v 20.850000 0.050000 4.300000
v 20.850000 0.050000 5.600000
v 20.850000 0.050000 5.700000
v 20.850000 0.750000 5.700000
v 20.850000 0.850000 5.700000
v 20.850000 0.850000 4.300000
v 20.850000 0.750000 4.300000
v 21.050000 0.850000 5.700000
v 21.050000 0.850000 4.300000
v 20.950000 0.850000 4.300000
v 20.850000 0.050000 1.300000
v 20.850000 0.050000 2.600000
v 20.850000 0.050000 2.700000
v 20.850000 0.750000 2.700000
v 20.850000 0.850000 2.700000
v 20.850000 0.850000 1.300000
v 20.850000 0.750000 1.300000
v 21.050000 0.850000 2.700000
v 21.050000 0.850000 1.300000
v 20.950000 0.850000 1.300000
v 2.850000 -6.950000 0.500000
v 2.850000 -6.950000 2.300000
v 2.850000 -6.950000 2.400000
v 2.850000 -6.250000 2.400000
v 2.850000 -6.150000 2.400000
v 2.850000 -6.150000 0.500000
v 2.850000 -6.250000 0.500000
v 3.050000 -6.150000 2.400000
v 3.050000 -6.150000 0.500000
v 2.950000 -6.150000 0.500000
v -21.050000 -5.550000 -3.000000
v -21.050000 6.450000 -3.000000
v -21.050000 6.550000 -3.000000
v -21.050000 6.550000 9.300000
v -21.050000 6.550000 9.400000
v -21.050000 6.550000 9.500000
v -21.050000 6.350000 9.500000
v -21.050000 6.350000 9.600000
v -21.050000 6.150000 9.600000
v -21.050000 6.150000 9.700000
v -21.050000 5.950000 9.700000
v -21.050000 5.950000 9.800000
v -21.050000 5.750000 9.800000
v -21.050000 5.750000 9.900000
v -21.050000 5.450000 9.900000
v -21.050000 5.450000 10.000000
v -21.050000 5.250000 10.000000
v -21.050000 5.250000 10.100000
v -21.050000 4.950000 10.100000
v -21.050000 4.950000 10.200000
v -21.050000 4.550000 10.200000
v -21.050000 4.550000 10.300000
v -21.050000 4.250000 10.300000
v -21.050000 4.250000 10.400000
v -21.050000 3.950000 10.400000
v -21.050000 3.950000 10.500000
v -21.050000 3.650000 10.500000
v -21.050000 3.650000 10.600000
v -21.050000 3.150000 10.600000
v -21.050000 3.150000 10.700000
v -21.050000 2.450000 10.700000
v -21.050000 2.450000 10.800000
v -21.050000 1.750000 10.800000
v -21.050000 1.750000 10.900000
v -21.050000 -0.850000 10.900000
v -21.050000 -0.850000 10.800000
v -21.050000 -1.550000 10.800000
v -21.050000 -1.550000 10.700000
v -21.050000 -2.150000 10.700000
v -21.050000 -2.150000 10.600000
v -21.050000 -2.650000 10.600000
v -21.050000 -2.650000 10.500000
v -21.050000 -3.050000 10.500000
v -21.050000 -3.050000 10.400000
v -21.050000 -3.350000 10.400000
v -21.050000 -3.350000 10.300000
v -21.050000 -3.650000 10.300000
v -21.050000 -3.650000 10.200000
v -21.050000 -3.950000 10.200000
v -21.050000 -3.950000 10.100000
v -21.050000 -4.350000 10.100000
v -21.050000 -4.350000 10.000000
v -21.050000 -4.550000 10.000000
v -21.050000 -4.550000 9.900000
v -21.050000 -4.750000 9.900000
v -21.050000 -4.750000 9.800000
v -21.050000 -4.950000 9.800000
v -21.050000 -4.950000 9.700000
v -21.050000 -5.250000 9.700000
v -21.050000 -5.250000 9.600000
v -21.050000 -5.450000 9.600000
v -21.050000 -5.450000 9.500000
v -21.050000 -5.550000 9.500000
v -21.050000 -5.550000 9.400000
v -21.050000 0.050000 7.300000
v -21.050000 0.050000 8.600000
v -21.050000 0.050000 8.700000
v -21.050000 0.750000 8.700000
v -21.050000 0.850000 8.700000
v -21.050000 0.850000 7.300000
v -21.050000 0.750000 7.300000
v -21.050000 0.050000 2.600000
v -21.050000 0.050000 1.300000
v -21.050000 0.050000 2.700000
v -21.050000 0.750000 2.700000
v -21.050000 0.850000 2.700000
v -21.050000 0.850000 1.300000
v -21.050000 0.750000 1.300000
v -21.050000 0.050000 4.300000
v -21.050000 0.050000 5.600000
v -21.050000 0.050000 5.700000
v -21.050000 0.750000 5.700000
v -21.050000 0.850000 5.700000
v -21.050000 0.850000 4.300000
v -21.050000 0.750000 4.300000
v -2.950000 -5.550000 9.500000
v -2.950000 -5.550000 10.000000
v -22.050000 -5.550000 10.000000
v -22.050000 -5.550000 10.100000
v -3.150000 -5.550000 10.100000
v -3.050000 -5.550000 10.100000
v -3.050000 -5.550000 10.400000
v 3.050000 -5.550000 10.400000
v 3.050000 -5.550000 10.100000
v 21.950000 -5.550000 10.100000
v 22.050000 -5.550000 10.100000
v 22.050000 -5.550000 10.000000
v 2.950000 -5.550000 10.000000
v 2.950000 -5.550000 9.500000
v 20.950000 -5.550000 9.500000
v 21.050000 -5.550000 9.500000
v 21.050000 -5.550000 -3.000000
v 20.950000 -5.550000 -3.000000
v 3.050000 -5.550000 0.000000
v -3.050000 -5.550000 0.000000
v 3.050000 -5.550000 3.000000
v 3.550000 -5.550000 3.000000
v 3.550000 -5.550000 3.400000
v -3.550000 -5.550000 3.400000
v -3.550000 -5.550000 3.000000
v -3.050000 -5.550000 3.000000
v -3.050000 -5.550000 2.900000
v 12.250000 -5.550000 -1.700000
v 13.050000 -5.550000 -1.700000
v 13.150000 -5.550000 -1.700000
v 13.150000 -5.550000 -0.400000
v 13.150000 -5.550000 -0.300000
v 12.250000 -5.550000 -0.300000
v 12.250000 -5.550000 -0.400000
v 13.750000 -5.550000 -1.700000
v 14.550000 -5.550000 -1.700000
v 14.650000 -5.550000 -1.700000
v 14.650000 -5.550000 -0.400000
v 14.650000 -5.550000 -0.300000
v 13.750000 -5.550000 -0.300000
v 13.750000 -5.550000 -0.400000
v 15.250000 -5.550000 -1.700000
v 16.050000 -5.550000 -1.700000
v 16.150000 -5.550000 -1.700000
v 16.150000 -5.550000 -0.400000
v 16.150000 -5.550000 -0.300000
v 15.250000 -5.550000 -0.300000
v 15.250000 -5.550000 -0.400000
v 12.250000 -5.550000 1.300000
v 13.050000 -5.550000 1.300000
v 13.150000 -5.550000 1.300000
v 13.150000 -5.550000 2.600000
v 13.150000 -5.550000 2.700000
v 12.250000 -5.550000 2.700000
v 12.250000 -5.550000 2.600000
v 13.750000 -5.550000 1.300000
v 14.550000 -5.550000 1.300000
v 14.650000 -5.550000 1.300000
v 14.650000 -5.550000 2.600000
v 14.650000 -5.550000 2.700000
v 13.750000 -5.550000 2.700000
v 13.750000 -5.550000 2.600000
v 15.250000 -5.550000 1.300000
v 16.050000 -5.550000 1.300000
v 16.150000 -5.550000 1.300000
v 16.150000 -5.550000 2.600000
v 16.150000 -5.550000 2.700000
v 15.250000 -5.550000 2.700000
v 15.250000 -5.550000 2.600000
v 19.650000 -5.550000 -1.700000
v 20.450000 -5.550000 -1.700000
v 20.550000 -5.550000 -1.700000
v 20.550000 -5.550000 -0.400000
v 20.550000 -5.550000 -0.300000
v 19.650000 -5.550000 -0.300000
v 19.650000 -5.550000 -0.400000
v 12.250000 -5.550000 7.300000
v 13.050000 -5.550000 7.300000
v 13.150000 -5.550000 7.300000
v 13.150000 -5.550000 8.600000
v 13.150000 -5.550000 8.700000
v 12.250000 -5.550000 8.700000
v 12.250000 -5.550000 8.600000
v 19.650000 -5.550000 1.300000
v 20.450000 -5.550000 1.300000
v 20.550000 -5.550000 1.300000
v 20.550000 -5.550000 2.600000
v 20.550000 -5.550000 2.700000
v 19.650000 -5.550000 2.700000
v 19.650000 -5.550000 2.600000
v 13.750000 -5.550000 7.300000
v 14.550000 -5.550000 7.300000
v 14.650000 -5.550000 7.300000
v 14.650000 -5.550000 8.600000
v 14.650000 -5.550000 8.700000
v 13.750000 -5.550000 8.700000
v 13.750000 -5.550000 8.600000
v 15.250000 -5.550000 7.300000
v 16.050000 -5.550000 7.300000
v 16.150000 -5.550000 7.300000
v 16.150000 -5.550000 8.600000
v 16.150000 -5.550000 8.700000
v 15.250000 -5.550000 8.700000
v 15.250000 -5.550000 8.600000
v 19.650000 -5.550000 7.300000
v 20.450000 -5.550000 7.300000
v 20.550000 -5.550000 7.300000
v 20.550000 -5.550000 8.600000
v 20.550000 -5.550000 8.700000
v 19.650000 -5.550000 8.700000
v 19.650000 -5.550000 8.600000
v 12.250000 -5.550000 4.300000
v 13.050000 -5.550000 4.300000
v 13.150000 -5.550000 4.300000
v 13.150000 -5.550000 5.600000
v 13.150000 -5.550000 5.700000
v 12.250000 -5.550000 5.700000
v 12.250000 -5.550000 5.600000
v 13.750000 -5.550000 4.300000
v 14.550000 -5.550000 4.300000
v 14.650000 -5.550000 4.300000
v 14.650000 -5.550000 5.600000
v 14.650000 -5.550000 5.700000
v 13.750000 -5.550000 5.700000
v 13.750000 -5.550000 5.600000
v 15.250000 -5.550000 4.300000
v 16.050000 -5.550000 4.300000
v 16.150000 -5.550000 4.300000
v 16.150000 -5.550000 5.600000
v 16.150000 -5.550000 5.700000
v 15.250000 -5.550000 5.700000
v 15.250000 -5.550000 5.600000
v 19.650000 -5.550000 4.300000
v 20.450000 -5.550000 4.300000
v 20.550000 -5.550000 4.300000
v 20.550000 -5.550000 5.600000
v 20.550000 -5.550000 5.700000
v 19.650000 -5.550000 5.700000
v 19.650000 -5.550000 5.600000
v -4.950000 -5.550000 1.300000
v -5.750000 -5.550000 1.300000
v -4.850000 -5.550000 1.300000
v -4.850000 -5.550000 2.600000
v -4.850000 -5.550000 2.700000
v -5.750000 -5.550000 2.700000
v -5.750000 -5.550000 2.600000
v -4.950000 -5.550000 7.300000
v -5.750000 -5.550000 7.300000
v -4.850000 -5.550000 7.300000
v -4.850000 -5.550000 8.600000
v -4.850000 -5.550000 8.700000
v -5.750000 -5.550000 8.700000
v -5.750000 -5.550000 8.600000
v -4.950000 -5.550000 4.300000
v -5.750000 -5.550000 4.300000
v -4.850000 -5.550000 4.300000
v -4.850000 -5.550000 5.600000
v -4.850000 -5.550000 5.700000
v -5.750000 -5.550000 5.700000
v -5.750000 -5.550000 5.600000
v -17.750000 -5.550000 -1.700000
v -16.950000 -5.550000 -1.700000
v -16.850000 -5.550000 -1.700000
v -16.850000 -5.550000 -0.400000
v -16.850000 -5.550000 -0.300000
v -17.750000 -5.550000 -0.300000
v -17.750000 -5.550000 -0.400000
v -16.250000 -5.550000 -1.700000
v -15.450000 -5.550000 -1.700000
v -15.350000 -5.550000 -1.700000
v -15.350000 -5.550000 -0.400000
v -15.350000 -5.550000 -0.300000
v -16.250000 -5.550000 -0.300000
v -16.250000 -5.550000 -0.400000
v -14.750000 -5.550000 -1.700000
v -13.950000 -5.550000 -1.700000
v -13.850000 -5.550000 -1.700000
v -13.850000 -5.550000 -0.400000
v -13.850000 -5.550000 -0.300000
v -14.750000 -5.550000 -0.300000
v -14.750000 -5.550000 -0.400000
v -17.750000 -5.550000 1.300000
v -16.950000 -5.550000 1.300000
v -16.850000 -5.550000 1.300000
v -16.850000 -5.550000 2.600000
v -16.850000 -5.550000 2.700000
v -17.750000 -5.550000 2.700000
v -17.750000 -5.550000 2.600000
v -13.250000 -5.550000 -1.700000
v -12.450000 -5.550000 -1.700000
v -12.350000 -5.550000 -1.700000
v -12.350000 -5.550000 -0.400000
v -12.350000 -5.550000 -0.300000
v -13.250000 -5.550000 -0.300000
v -13.250000 -5.550000 -0.400000
v -16.250000 -5.550000 1.300000
v -15.450000 -5.550000 1.300000
v -15.350000 -5.550000 1.300000
v -15.350000 -5.550000 2.600000
v -15.350000 -5.550000 2.700000
v -16.250000 -5.550000 2.700000
v -16.250000 -5.550000 2.600000
v -14.750000 -5.550000 1.300000
v -13.950000 -5.550000 1.300000
v -13.850000 -5.550000 1.300000
v -13.850000 -5.550000 2.600000
v -13.850000 -5.550000 2.700000
v -14.750000 -5.550000 2.700000
v -14.750000 -5.550000 2.600000
v -13.250000 -5.550000 1.300000
v -12.450000 -5.550000 1.300000
v -12.350000 -5.550000 1.300000
v -12.350000 -5.550000 2.600000
v -12.350000 -5.550000 2.700000
v -13.250000 -5.550000 2.700000
v -13.250000 -5.550000 2.600000
v -17.750000 -5.550000 7.300000
v -16.950000 -5.550000 7.300000
v -16.850000 -5.550000 7.300000
v -16.850000 -5.550000 8.600000
v -16.850000 -5.550000 8.700000
v -17.750000 -5.550000 8.700000
v -17.750000 -5.550000 8.600000
v -16.250000 -5.550000 7.300000
v -15.450000 -5.550000 7.300000
v -15.350000 -5.550000 7.300000
v -15.350000 -5.550000 8.600000
v -15.350000 -5.550000 8.700000
v -16.250000 -5.550000 8.700000
v -16.250000 -5.550000 8.600000
v -14.750000 -5.550000 7.300000
v -13.950000 -5.550000 7.300000
v -13.850000 -5.550000 7.300000
v -13.850000 -5.550000 8.600000
v -13.850000 -5.550000 8.700000
v -14.750000 -5.550000 8.700000
v -14.750000 -5.550000 8.600000
v -13.250000 -5.550000 7.300000
v -12.450000 -5.550000 7.300000
v -12.350000 -5.550000 7.300000
v -12.350000 -5.550000 8.600000
v -12.350000 -5.550000 8.700000
v -13.250000 -5.550000 8.700000
v -13.250000 -5.550000 8.600000
v -20.650000 -5.550000 -1.700000
v -19.850000 -5.550000 -1.700000
v -19.750000 -5.550000 -1.700000
v -19.750000 -5.550000 -0.400000
v -19.750000 -5.550000 -0.300000
v -20.650000 -5.550000 -0.300000
v -20.650000 -5.550000 -0.400000
v -20.650000 -5.550000 1.300000
v -19.850000 -5.550000 1.300000
v -19.750000 -5.550000 1.300000
v -19.750000 -5.550000 2.600000
v -19.750000 -5.550000 2.700000
v -20.650000 -5.550000 2.700000
v -20.650000 -5.550000 2.600000
v -20.650000 -5.550000 7.300000
v -19.850000 -5.550000 7.300000
v -19.750000 -5.550000 7.300000
v -19.750000 -5.550000 8.600000
v -19.750000 -5.550000 8.700000
v -20.650000 -5.550000 8.700000
v -20.650000 -5.550000 8.600000
v -18.450000 -5.550000 -1.700000
v -19.250000 -5.550000 -1.700000
v -18.350000 -5.550000 -1.700000
v -18.350000 -5.550000 -0.400000
v -18.350000 -5.550000 -0.300000
v -19.250000 -5.550000 -0.300000
v -19.250000 -5.550000 -0.400000
v -18.450000 -5.550000 1.300000
v -19.250000 -5.550000 1.300000
v -18.350000 -5.550000 1.300000
v -18.350000 -5.550000 2.600000
v -18.350000 -5.550000 2.700000
v -19.250000 -5.550000 2.700000
v -19.250000 -5.550000 2.600000
v -18.450000 -5.550000 7.300000
v -19.250000 -5.550000 7.300000
v -18.350000 -5.550000 7.300000
v -18.350000 -5.550000 8.600000
v -18.350000 -5.550000 8.700000
v -19.250000 -5.550000 8.700000
v -19.250000 -5.550000 8.600000
v -17.750000 -5.550000 4.300000
v -16.950000 -5.550000 4.300000
v -16.850000 -5.550000 4.300000
v -16.850000 -5.550000 5.600000
v -16.850000 -5.550000 5.700000
v -17.750000 -5.550000 5.700000
v -17.750000 -5.550000 5.600000
v -16.250000 -5.550000 4.300000
v -15.450000 -5.550000 4.300000
v -15.350000 -5.550000 4.300000
v -15.350000 -5.550000 5.600000
v -15.350000 -5.550000 5.700000
v -16.250000 -5.550000 5.700000
v -16.250000 -5.550000 5.600000
v -14.750000 -5.550000 4.300000
v -13.950000 -5.550000 4.300000
v -13.850000 -5.550000 4.300000
v -13.850000 -5.550000 5.600000
v -13.850000 -5.550000 5.700000
v -14.750000 -5.550000 5.700000
v -14.750000 -5.550000 5.600000
v -13.250000 -5.550000 4.300000
v -12.450000 -5.550000 4.300000
v -12.350000 -5.550000 4.300000
v -12.350000 -5.550000 5.600000
v -12.350000 -5.550000 5.700000
v -13.250000 -5.550000 5.700000
v -13.250000 -5.550000 5.600000
v -20.650000 -5.550000 4.300000
v -19.850000 -5.550000 4.300000
v -19.750000 -5.550000 4.300000
v -19.750000 -5.550000 5.600000
v -19.750000 -5.550000 5.700000
v -20.650000 -5.550000 5.700000
v -20.650000 -5.550000 5.600000
v -18.450000 -5.550000 4.300000
v -19.250000 -5.550000 4.300000
v -18.350000 -5.550000 4.300000
v -18.350000 -5.550000 5.600000
v -18.350000 -5.550000 5.700000
v -19.250000 -5.550000 5.700000
v -19.250000 -5.550000 5.600000
v -10.950000 -5.550000 -1.700000
v -11.750000 -5.550000 -1.700000
v -10.850000 -5.550000 -1.700000
v -10.850000 -5.550000 -0.400000
v -10.850000 -5.550000 -0.300000
v -11.750000 -5.550000 -0.300000
v -11.750000 -5.550000 -0.400000
v -9.450000 -5.550000 -1.700000
v -10.250000 -5.550000 -1.700000
v -9.350000 -5.550000 -1.700000
v -9.350000 -5.550000 -0.400000
v -9.350000 -5.550000 -0.300000
v -10.250000 -5.550000 -0.300000
v -10.250000 -5.550000 -0.400000
v -7.950000 -5.550000 -1.700000
v -8.750000 -5.550000 -1.700000
v -7.850000 -5.550000 -1.700000
v -7.850000 -5.550000 -0.400000
v -7.850000 -5.550000 -0.300000
v -8.750000 -5.550000 -0.300000
v -8.750000 -5.550000 -0.400000
v -10.950000 -5.550000 1.300000
v -11.750000 -5.550000 1.300000
v -10.850000 -5.550000 1.300000
v -10.850000 -5.550000 2.600000
v -10.850000 -5.550000 2.700000
v -11.750000 -5.550000 2.700000
v -11.750000 -5.550000 2.600000
v -6.450000 -5.550000 -1.700000
v -7.250000 -5.550000 -1.700000
v -6.350000 -5.550000 -1.700000
v -6.350000 -5.550000 -0.400000
v -6.350000 -5.550000 -0.300000
v -7.250000 -5.550000 -0.300000
v -7.250000 -5.550000 -0.400000
v -9.450000 -5.550000 1.300000
v -10.250000 -5.550000 1.300000
v -9.350000 -5.550000 1.300000
v -9.350000 -5.550000 2.600000
v -9.350000 -5.550000 2.700000
v -10.250000 -5.550000 2.700000
v -10.250000 -5.550000 2.600000
v -7.950000 -5.550000 1.300000
v -8.750000 -5.550000 1.300000
v -7.850000 -5.550000 1.300000
v -7.850000 -5.550000 2.600000
v -7.850000 -5.550000 2.700000
v -8.750000 -5.550000 2.700000
v -8.750000 -5.550000 2.600000
v -6.450000 -5.550000 1.300000
v -7.250000 -5.550000 1.300000
v -6.350000 -5.550000 1.300000
v -6.350000 -5.550000 2.600000
v -6.350000 -5.550000 2.700000
v -7.250000 -5.550000 2.700000
v -7.250000 -5.550000 2.600000
v -10.950000 -5.550000 7.300000
v -11.750000 -5.550000 7.300000
v -10.850000 -5.550000 7.300000
v -10.850000 -5.550000 8.600000
v -10.850000 -5.550000 8.700000
v -11.750000 -5.550000 8.700000
v -11.750000 -5.550000 8.600000
v -3.450000 -5.550000 1.300000
v -4.250000 -5.550000 1.300000
v -3.350000 -5.550000 1.300000
v -3.350000 -5.550000 2.600000
v -3.350000 -5.550000 2.700000
v -4.250000 -5.550000 2.700000
v -4.250000 -5.550000 2.600000
v -9.450000 -5.550000 7.300000
v -10.250000 -5.550000 7.300000
v -9.350000 -5.550000 7.300000
v -9.350000 -5.550000 8.600000
v -9.350000 -5.550000 8.700000
v -10.250000 -5.550000 8.700000
v -10.250000 -5.550000 8.600000
v -7.950000 -5.550000 7.300000
v -8.750000 -5.550000 7.300000
v -7.850000 -5.550000 7.300000
v -7.850000 -5.550000 8.600000
v -7.850000 -5.550000 8.700000
v -8.750000 -5.550000 8.700000
v -8.750000 -5.550000 8.600000
v -6.450000 -5.550000 7.300000
v -7.250000 -5.550000 7.300000
v -6.350000 -5.550000 7.300000
v -6.350000 -5.550000 8.600000
v -6.350000 -5.550000 8.700000
v -7.250000 -5.550000 8.700000
v -7.250000 -5.550000 8.600000
v -3.450000 -5.550000 7.300000
v -4.250000 -5.550000 7.300000
v -3.350000 -5.550000 7.300000
v -3.350000 -5.550000 8.600000
v -3.350000 -5.550000 8.700000
v -4.250000 -5.550000 8.700000
v -4.250000 -5.550000 8.600000
v 7.050000 -5.550000 -1.700000
v 6.250000 -5.550000 -1.700000
v 7.150000 -5.550000 -1.700000
v 7.150000 -5.550000 -0.400000
v 7.150000 -5.550000 -0.300000
v 6.250000 -5.550000 -0.300000
v 6.250000 -5.550000 -0.400000
v 4.050000 -5.550000 1.300000
v 3.250000 -5.550000 1.300000
v 4.150000 -5.550000 1.300000
v 4.150000 -5.550000 2.600000
v 4.150000 -5.550000 2.700000
v 3.250000 -5.550000 2.700000
v 3.250000 -5.550000 2.600000
v -1.950000 -5.550000 7.300000
v -2.750000 -5.550000 7.300000
v -1.850000 -5.550000 7.300000
v -1.850000 -5.550000 8.600000
v -1.850000 -5.550000 8.700000
v -2.750000 -5.550000 8.700000
v -2.750000 -5.550000 8.600000
v 8.550000 -5.550000 -1.700000
v 7.750000 -5.550000 -1.700000
v 8.650000 -5.550000 -1.700000
v 8.650000 -5.550000 -0.400000
v 8.650000 -5.550000 -0.300000
v 7.750000 -5.550000 -0.300000
v 7.750000 -5.550000 -0.400000
v 5.550000 -5.550000 1.300000
v 4.750000 -5.550000 1.300000
v 5.650000 -5.550000 1.300000
v 5.650000 -5.550000 2.600000
v 5.650000 -5.550000 2.700000
v 4.750000 -5.550000 2.700000
v 4.750000 -5.550000 2.600000
v -0.450000 -5.550000 7.300000
v -1.250000 -5.550000 7.300000
v -0.350000 -5.550000 7.300000
v -0.350000 -5.550000 8.600000
v -0.350000 -5.550000 8.700000
v -1.250000 -5.550000 8.700000
v -1.250000 -5.550000 8.600000
v 10.050000 -5.550000 -1.700000
v 9.250000 -5.550000 -1.700000
v 10.150000 -5.550000 -1.700000
v 10.150000 -5.550000 -0.400000
v 10.150000 -5.550000 -0.300000
v 9.250000 -5.550000 -0.300000
v 9.250000 -5.550000 -0.400000
v 7.050000 -5.550000 1.300000
v 6.250000 -5.550000 1.300000
v 7.150000 -5.550000 1.300000
v 7.150000 -5.550000 2.600000
v 7.150000 -5.550000 2.700000
v 6.250000 -5.550000 2.700000
v 6.250000 -5.550000 2.600000
v 1.050000 -5.550000 7.300000
v 0.250000 -5.550000 7.300000
v 1.150000 -5.550000 7.300000
v 1.150000 -5.550000 8.600000
v 1.150000 -5.550000 8.700000
v 0.250000 -5.550000 8.700000
v 0.250000 -5.550000 8.600000
v 8.550000 -5.550000 1.300000
v 7.750000 -5.550000 1.300000
v 8.650000 -5.550000 1.300000
v 8.650000 -5.550000 2.600000
v 8.650000 -5.550000 2.700000
v 7.750000 -5.550000 2.700000
v 7.750000 -5.550000 2.600000
v 2.550000 -5.550000 7.300000
v 1.750000 -5.550000 7.300000
v 2.650000 -5.550000 7.300000
v 2.650000 -5.550000 8.600000
v 2.650000 -5.550000 8.700000
v 1.750000 -5.550000 8.700000
v 1.750000 -5.550000 8.600000
v 10.050000 -5.550000 1.300000
v 9.250000 -5.550000 1.300000
v 10.150000 -5.550000 1.300000
v 10.150000 -5.550000 2.600000
v 10.150000 -5.550000 2.700000
v 9.250000 -5.550000 2.700000
v 9.250000 -5.550000 2.600000
v 4.050000 -5.550000 7.300000
v 3.250000 -5.550000 7.300000
v 4.150000 -5.550000 7.300000
v 4.150000 -5.550000 8.600000
v 4.150000 -5.550000 8.700000
v 3.250000 -5.550000 8.700000
v 3.250000 -5.550000 8.600000
v 5.550000 -5.550000 7.300000
v 4.750000 -5.550000 7.300000
v 5.650000 -5.550000 7.300000
v 5.650000 -5.550000 8.600000
v 5.650000 -5.550000 8.700000
v 4.750000 -5.550000 8.700000
v 4.750000 -5.550000 8.600000
v 7.050000 -5.550000 7.300000
v 6.250000 -5.550000 7.300000
v 7.150000 -5.550000 7.300000
v 7.150000 -5.550000 8.600000
v 7.150000 -5.550000 8.700000
v 6.250000 -5.550000 8.700000
v 6.250000 -5.550000 8.600000
v 16.750000 -5.550000 -1.700000
v 17.550000 -5.550000 -1.700000
v 17.650000 -5.550000 -1.700000
v 17.650000 -5.550000 -0.400000
v 17.650000 -5.550000 -0.300000
v 16.750000 -5.550000 -0.300000
v 16.750000 -5.550000 -0.400000
v 8.550000 -5.550000 7.300000
v 7.750000 -5.550000 7.300000
v 8.650000 -5.550000 7.300000
v 8.650000 -5.550000 8.600000
v 8.650000 -5.550000 8.700000
v 7.750000 -5.550000 8.700000
v 7.750000 -5.550000 8.600000
v 18.250000 -5.550000 -1.700000
v 19.050000 -5.550000 -1.700000
v 19.150000 -5.550000 -1.700000
v 19.150000 -5.550000 -0.400000
v 19.150000 -5.550000 -0.300000
v 18.250000 -5.550000 -0.300000
v 18.250000 -5.550000 -0.400000
v 10.050000 -5.550000 7.300000
v 9.250000 -5.550000 7.300000
v 10.150000 -5.550000 7.300000
v 10.150000 -5.550000 8.600000
v 10.150000 -5.550000 8.700000
v 9.250000 -5.550000 8.700000
v 9.250000 -5.550000 8.600000
v 16.750000 -5.550000 1.300000
v 17.550000 -5.550000 1.300000
v 17.650000 -5.550000 1.300000
v 17.650000 -5.550000 2.600000
v 17.650000 -5.550000 2.700000
v 16.750000 -5.550000 2.700000
v 16.750000 -5.550000 2.600000
v 18.250000 -5.550000 1.300000
v 19.050000 -5.550000 1.300000
v 19.150000 -5.550000 1.300000
v 19.150000 -5.550000 2.600000
v 19.150000 -5.550000 2.700000
v 18.250000 -5.550000 2.700000
v 18.250000 -5.550000 2.600000
v 16.750000 -5.550000 7.300000
v 17.550000 -5.550000 7.300000
v 17.650000 -5.550000 7.300000
v 17.650000 -5.550000 8.600000
v 17.650000 -5.550000 8.700000
v 16.750000 -5.550000 8.700000
v 16.750000 -5.550000 8.600000
v 18.250000 -5.550000 7.300000
v 19.050000 -5.550000 7.300000
v 19.150000 -5.550000 7.300000
v 19.150000 -5.550000 8.600000
v 19.150000 -5.550000 8.700000
v 18.250000 -5.550000 8.700000
v 18.250000 -5.550000 8.600000
v -10.950000 -5.550000 4.300000
v -11.750000 -5.550000 4.300000
v -10.850000 -5.550000 4.300000
v -10.850000 -5.550000 5.600000
v -10.850000 -5.550000 5.700000
v -11.750000 -5.550000 5.700000
v -11.750000 -5.550000 5.600000
v -9.450000 -5.550000 4.300000
v -10.250000 -5.550000 4.300000
v -9.350000 -5.550000 4.300000
v -9.350000 -5.550000 5.600000
v -9.350000 -5.550000 5.700000
v -10.250000 -5.550000 5.700000
v -10.250000 -5.550000 5.600000
v -7.950000 -5.550000 4.300000
v -8.750000 -5.550000 4.300000
v -7.850000 -5.550000 4.300000
v -7.850000 -5.550000 5.600000
v -7.850000 -5.550000 5.700000
v -8.750000 -5.550000 5.700000
v -8.750000 -5.550000 5.600000
v -6.450000 -5.550000 4.300000
v -7.250000 -5.550000 4.300000
v -6.350000 -5.550000 4.300000
v -6.350000 -5.550000 5.600000
v -6.350000 -5.550000 5.700000
v -7.250000 -5.550000 5.700000
v -7.250000 -5.550000 5.600000
v -3.450000 -5.550000 4.300000
v -4.250000 -5.550000 4.300000
v -3.350000 -5.550000 4.300000
v -3.350000 -5.550000 5.600000
v -3.350000 -5.550000 5.700000
v -4.250000 -5.550000 5.700000
v -4.250000 -5.550000 5.600000
v -1.950000 -5.550000 4.300000
v -2.750000 -5.550000 4.300000
v -1.850000 -5.550000 4.300000
v -1.850000 -5.550000 5.600000
v -1.850000 -5.550000 5.700000
v -2.750000 -5.550000 5.700000
v -2.750000 -5.550000 5.600000
v -0.450000 -5.550000 4.300000
v -1.250000 -5.550000 4.300000
v -0.350000 -5.550000 4.300000
v -0.350000 -5.550000 5.600000
v -0.350000 -5.550000 5.700000
v -1.250000 -5.550000 5.700000
v -1.250000 -5.550000 5.600000
v 1.050000 -5.550000 4.300000
v 0.250000 -5.550000 4.300000
v 1.150000 -5.550000 4.300000
v 1.150000 -5.550000 5.600000
v 1.150000 -5.550000 5.700000
v 0.250000 -5.550000 5.700000
v 0.250000 -5.550000 5.600000
v 2.550000 -5.550000 4.300000
v 1.750000 -5.550000 4.300000
v 2.650000 -5.550000 4.300000
v 2.650000 -5.550000 5.600000
v 2.650000 -5.550000 5.700000
v 1.750000 -5.550000 5.700000
v 1.750000 -5.550000 5.600000
v 4.050000 -5.550000 4.300000
v 3.250000 -5.550000 4.300000
v 4.150000 -5.550000 4.300000
v 4.150000 -5.550000 5.600000
v 4.150000 -5.550000 5.700000
v 3.250000 -5.550000 5.700000
v 3.250000 -5.550000 5.600000
v 5.550000 -5.550000 4.300000
v 4.750000 -5.550000 4.300000
v 5.650000 -5.550000 4.300000
v 5.650000 -5.550000 5.600000
v 5.650000 -5.550000 5.700000
v 4.750000 -5.550000 5.700000
v 4.750000 -5.550000 5.600000
v 7.050000 -5.550000 4.300000
v 6.250000 -5.550000 4.300000
v 7.150000 -5.550000 4.300000
v 7.150000 -5.550000 5.600000
v 7.150000 -5.550000 5.700000
v 6.250000 -5.550000 5.700000
v 6.250000 -5.550000 5.600000
v 8.550000 -5.550000 4.300000
v 7.750000 -5.550000 4.300000
v 8.650000 -5.550000 4.300000
v 8.650000 -5.550000 5.600000
v 8.650000 -5.550000 5.700000
v 7.750000 -5.550000 5.700000
v 7.750000 -5.550000 5.600000
v 10.050000 -5.550000 4.300000
v 9.250000 -5.550000 4.300000
v 10.150000 -5.550000 4.300000
v 10.150000 -5.550000 5.600000
v 10.150000 -5.550000 5.700000
v 9.250000 -5.550000 5.700000
v 9.250000 -5.550000 5.600000
v 16.750000 -5.550000 4.300000
v 17.550000 -5.550000 4.300000
v 17.650000 -5.550000 4.300000
v 17.650000 -5.550000 5.600000
v 17.650000 -5.550000 5.700000
v 16.750000 -5.550000 5.700000
v 16.750000 -5.550000 5.600000
v 18.250000 -5.550000 4.300000
v 19.050000 -5.550000 4.300000
v 19.150000 -5.550000 4.300000
v 19.150000 -5.550000 5.600000
v 19.150000 -5.550000 5.700000
v 18.250000 -5.550000 5.700000
v 18.250000 -5.550000 5.600000
v 10.750000 -5.550000 -1.700000
v 11.550000 -5.550000 -1.700000
v 11.650000 -5.550000 -1.700000
v 11.650000 -5.550000 -0.400000
v 11.650000 -5.550000 -0.300000
v 10.750000 -5.550000 -0.300000
v 10.750000 -5.550000 -0.400000
v 10.750000 -5.550000 1.300000
v 11.550000 -5.550000 1.300000
v 11.650000 -5.550000 1.300000
v 11.650000 -5.550000 2.600000
v 11.650000 -5.550000 2.700000
v 10.750000 -5.550000 2.700000
v 10.750000 -5.550000 2.600000
v 10.750000 -5.550000 7.300000
v 11.550000 -5.550000 7.300000
v 11.650000 -5.550000 7.300000
v 11.650000 -5.550000 8.600000
v 11.650000 -5.550000 8.700000
v 10.750000 -5.550000 8.700000
v 10.750000 -5.550000 8.600000
v 10.750000 -5.550000 4.300000
v 11.550000 -5.550000 4.300000
v 11.650000 -5.550000 4.300000
v 11.650000 -5.550000 5.600000
v 11.650000 -5.550000 5.700000
v 10.750000 -5.550000 5.700000
v 10.750000 -5.550000 5.600000
v -2.950000 -6.550000 9.000000
v -2.950000 -6.550000 9.600000
v -2.950000 -6.450000 9.600000
v -2.950000 -6.450000 9.700000
v -2.950000 -6.150000 9.700000
v -2.950000 -6.150000 9.800000
v -2.950000 -5.950000 9.800000
v -2.950000 -5.950000 9.900000
v -2.950000 -5.750000 9.900000
v -2.950000 -5.750000 10.000000
v -2.950000 -5.650000 9.500000
v -2.950000 -5.650000 9.400000
v -2.950000 -5.850000 9.400000
v -2.950000 -5.850000 9.300000
v -2.950000 -6.050000 9.300000
v -2.950000 -6.050000 9.200000
v -2.950000 -6.250000 9.200000
v -2.950000 -6.250000 9.100000
v -2.950000 -6.450000 9.100000
v -2.950000 -6.450000 9.000000
v -22.050000 -6.550000 9.000000
v -22.050000 -6.450000 9.000000
v -22.050000 -6.450000 9.100000
v -22.050000 -6.350000 9.100000
v -22.050000 -6.250000 9.100000
v -22.050000 -6.250000 9.200000
v -22.050000 -6.150000 9.200000
v -22.050000 -6.050000 9.200000
v -22.050000 -6.050000 9.300000
v -22.050000 -5.950000 9.300000
v -22.050000 -5.850000 9.300000
v -22.050000 -5.850000 9.400000
v -22.050000 -5.750000 9.400000
v -22.050000 -5.650000 9.400000
v -22.050000 -5.650000 9.500000
v -22.050000 -5.550000 9.500000
v -22.050000 -5.450000 9.500000
v -22.050000 -5.450000 9.600000
v -22.050000 -5.350000 9.600000
v -22.050000 -5.250000 9.600000
v -22.050000 -5.250000 9.700000
v -22.050000 -5.050000 9.700000
v -22.050000 -4.950000 9.700000
v -22.050000 -4.950000 9.800000
v -22.050000 -4.850000 9.800000
v -22.050000 -4.750000 9.800000
v -22.050000 -4.750000 9.900000
v -22.050000 -4.650000 9.900000
v -22.050000 -4.550000 9.900000
v -22.050000 -4.550000 10.000000
v -22.050000 -4.450000 10.000000
v -22.050000 -4.350000 10.000000
v -22.050000 -4.350000 10.100000
v -22.050000 -4.050000 10.100000
v -22.050000 -3.950000 10.100000
v -22.050000 -3.950000 10.200000
v -22.050000 -3.750000 10.200000
v -22.050000 -3.650000 10.200000
v -22.050000 -3.650000 10.300000
v -22.050000 -3.450000 10.300000
v -22.050000 -3.350000 10.300000
v -22.050000 -3.350000 10.400000
v -22.050000 -3.150000 10.400000
v -22.050000 -3.050000 10.400000
v -22.050000 -3.050000 10.500000
v -22.050000 -2.750000 10.500000
v -22.050000 -2.650000 10.500000
v -22.050000 -2.650000 10.600000
v -22.050000 -2.250000 10.600000
v -22.050000 -2.150000 10.600000
v -22.050000 -2.150000 10.700000
v -22.050000 -1.650000 10.700000
v -22.050000 -1.550000 10.700000
v -22.050000 -1.550000 10.800000
v -22.050000 -0.950000 10.800000
v -22.050000 -0.850000 10.800000
v -22.050000 -0.850000 10.900000
v -22.050000 1.650000 10.900000
v -22.050000 1.750000 10.900000
v -22.050000 1.750000 10.800000
v -22.050000 2.350000 10.800000
v -22.050000 2.450000 10.800000
v -22.050000 2.450000 10.700000
v -22.050000 3.050000 10.700000
v -22.050000 3.150000 10.700000
v -22.050000 3.150000 10.600000
v -22.050000 3.550000 10.600000
v -22.050000 3.650000 10.600000
v -22.050000 3.650000 10.500000
v -22.050000 3.850000 10.500000
v -22.050000 3.950000 10.500000
v -22.050000 3.950000 10.400000
v -22.050000 4.150000 10.400000
v -22.050000 4.250000 10.400000
v -22.050000 4.250000 10.300000
v -22.050000 4.450000 10.300000
v -22.050000 4.550000 10.300000
v -22.050000 4.550000 10.200000
v -22.050000 4.850000 10.200000
v -22.050000 4.950000 10.200000
v -22.050000 4.950000 10.100000
v -22.050000 5.150000 10.100000
v -22.050000 5.250000 10.100000
v -22.050000 5.250000 10.000000
v -22.050000 5.350000 10.000000
v -22.050000 5.450000 10.000000
v -22.050000 5.450000 9.900000
v -22.050000 5.650000 9.900000
v -22.050000 5.750000 9.900000
v -22.050000 5.750000 9.800000
v -22.050000 5.850000 9.800000
v -22.050000 5.950000 9.800000
v -22.050000 5.950000 9.700000
v -22.050000 6.050000 9.700000
v -22.050000 6.150000 9.700000
v -22.050000 6.150000 9.600000
v -22.050000 6.250000 9.600000
v -22.050000 6.350000 9.600000
v -22.050000 6.350000 9.500000
v -22.050000 6.450000 9.500000
v -22.050000 6.550000 9.500000
v -22.050000 6.550000 9.400000
v -22.050000 6.650000 9.400000
v -22.050000 6.750000 9.400000
v -22.050000 6.750000 9.300000
v -22.050000 6.850000 9.300000
v -22.050000 6.950000 9.300000
v -22.050000 6.950000 9.200000
v -22.050000 7.050000 9.200000
v -22.050000 7.150000 9.200000
v -22.050000 7.150000 9.100000
v -22.050000 7.250000 9.100000
v -22.050000 7.350000 9.100000
v -22.050000 7.350000 9.000000
v -22.050000 7.450000 9.000000
v -22.050000 7.550000 9.000000
v -22.050000 7.550000 9.500000
v -22.050000 7.550000 9.600000
v -22.050000 7.350000 9.600000
v -22.050000 7.350000 9.700000
v -22.050000 7.150000 9.700000
v -22.050000 7.150000 9.800000
v -22.050000 6.950000 9.800000
v -22.050000 6.950000 9.900000
v -22.050000 6.650000 9.900000
v -22.050000 6.650000 10.000000
v -22.050000 6.450000 10.000000
v -22.050000 6.450000 10.100000
v -22.050000 6.250000 10.100000
v -22.050000 6.250000 10.200000
v -22.050000 6.050000 10.200000
v -22.050000 6.050000 10.300000
v -22.050000 5.850000 10.300000
v -22.050000 5.850000 10.400000
v -22.050000 5.650000 10.400000
v -22.050000 5.650000 10.500000
v -22.050000 5.350000 10.500000
v -22.050000 5.350000 10.600000
v -22.050000 5.050000 10.600000
v -22.050000 5.050000 10.700000
v -22.050000 4.650000 10.700000
v -22.050000 4.650000 10.800000
v -22.050000 4.350000 10.800000
v -22.050000 4.350000 10.900000
v -22.050000 4.050000 10.900000
v -22.050000 4.050000 11.000000
v -22.050000 3.650000 11.000000
v -22.050000 3.650000 11.100000
v -22.050000 3.050000 11.100000
v -22.050000 3.050000 11.200000
v -22.050000 2.450000 11.200000
v -22.050000 2.450000 11.300000
v -22.050000 1.750000 11.300000
v -22.050000 1.750000 11.400000
v -22.050000 -0.850000 11.400000
v -22.050000 -0.850000 11.300000
v -22.050000 -1.550000 11.300000
v -22.050000 -1.550000 11.200000
v -22.050000 -2.150000 11.200000
v -22.050000 -2.150000 11.100000
v -22.050000 -2.750000 11.100000
v -22.050000 -2.750000 11.000000
v -22.050000 -3.050000 11.000000
v -22.050000 -3.050000 10.900000
v -22.050000 -3.450000 10.900000
v -22.050000 -3.450000 10.800000
v -22.050000 -3.750000 10.800000
v -22.050000 -3.750000 10.700000
v -22.050000 -4.050000 10.700000
v -22.050000 -4.050000 10.600000
v -22.050000 -4.450000 10.600000
v -22.050000 -4.450000 10.500000
v -22.050000 -4.750000 10.500000
v -22.050000 -4.750000 10.400000
v -22.050000 -4.950000 10.400000
v -22.050000 -4.950000 10.300000
v -22.050000 -5.150000 10.300000
v -22.050000 -5.150000 10.200000
v -22.050000 -5.350000 10.200000
v -22.050000 -5.350000 10.100000
v -22.050000 -5.750000 10.000000
v -22.050000 -5.750000 9.900000
v -22.050000 -5.950000 9.900000
v -22.050000 -5.950000 9.800000
v -22.050000 -6.150000 9.800000
v -22.050000 -6.150000 9.700000
v -22.050000 -6.450000 9.700000
v -22.050000 -6.450000 9.600000
v -22.050000 -6.550000 9.600000
v -22.050000 -6.550000 9.500000
v -3.050000 6.550000 -3.000000
v -3.050000 8.550000 -3.000000
v -3.050000 8.550000 10.300000
v -3.050000 8.550000 10.400000
v -3.050000 8.250000 10.500000
v -3.050000 8.250000 10.600000
v -3.050000 7.950000 10.600000
v -3.050000 7.950000 10.700000
v -3.050000 7.750000 10.700000
v -3.050000 7.750000 10.800000
v -3.050000 7.450000 10.800000
v -3.050000 7.450000 10.900000
v -3.050000 7.250000 10.900000
v -3.050000 7.250000 11.000000
v -3.050000 6.950000 11.000000
v -3.050000 6.950000 11.100000
v -3.050000 6.650000 11.100000
v -3.050000 6.650000 11.200000
v -3.050000 6.250000 11.200000
v -3.050000 6.250000 11.300000
v -3.050000 5.850000 11.300000
v -3.050000 5.850000 11.400000
v -3.050000 5.550000 11.400000
v -3.050000 5.550000 11.500000
v -3.050000 5.150000 11.500000
v -3.050000 5.150000 11.600000
v -3.050000 4.650000 11.600000
v -3.050000 4.650000 11.700000
v -3.050000 3.950000 11.700000
v -3.050000 3.950000 11.800000
v -3.050000 3.150000 11.800000
v -3.050000 3.150000 11.900000
v -3.050000 -0.250000 11.900000
v -3.050000 -0.250000 11.800000
v -3.050000 -0.950000 11.800000
v -3.050000 -0.950000 11.700000
v -3.050000 -1.750000 11.700000
v -3.050000 -1.750000 11.600000
v -3.050000 -2.250000 11.600000
v -3.050000 -2.250000 11.500000
v -3.050000 -2.550000 11.500000
v -3.050000 -2.550000 11.400000
v -3.050000 -2.950000 11.400000
v -3.050000 -2.950000 11.300000
v -3.050000 -3.350000 11.300000
v -3.050000 -3.350000 11.200000
v -3.050000 -3.650000 11.200000
v -3.050000 -3.650000 11.100000
v -3.050000 -4.050000 11.100000
v -3.050000 -4.050000 11.000000
v -3.050000 -4.350000 11.000000
v -3.050000 -4.350000 10.900000
v -3.050000 -4.550000 10.900000
v -3.050000 -4.550000 10.800000
v -3.050000 -4.850000 10.800000
v -3.050000 -4.850000 10.700000
v -3.050000 -5.050000 10.700000
v -3.050000 -5.050000 10.600000
v -3.050000 -5.250000 10.600000
v -3.050000 -5.250000 10.500000
v -3.050000 -5.550000 10.500000
v -3.050000 -5.350000 10.100000
v -3.050000 -5.350000 10.200000
v -3.050000 -5.150000 10.200000
v -3.050000 -5.150000 10.300000
v -3.050000 -4.950000 10.300000
v -3.050000 -4.950000 10.400000
v -3.050000 -4.750000 10.400000
v -3.050000 -4.750000 10.500000
v -3.050000 -4.450000 10.500000
v -3.050000 -4.450000 10.600000
v -3.050000 -4.050000 10.600000
v -3.050000 -4.050000 10.700000
v -3.050000 -3.750000 10.700000
v -3.050000 -3.750000 10.800000
v -3.050000 -3.450000 10.800000
v -3.050000 -3.450000 10.900000
v -3.050000 -3.050000 10.900000
v -3.050000 -3.050000 11.000000
v -3.050000 -2.750000 11.000000
v -3.050000 -2.750000 11.100000
v -3.050000 -2.150000 11.100000
v -3.050000 -2.150000 11.200000
v -3.050000 -1.550000 11.200000
v -3.050000 -1.550000 11.300000
v -3.050000 -0.850000 11.300000
v -3.050000 -0.850000 11.400000
v -3.050000 1.750000 11.400000
v -3.050000 1.750000 11.300000
v -3.050000 2.450000 11.300000
v -3.050000 2.450000 11.200000
v -3.050000 3.050000 11.200000
v -3.050000 3.050000 11.100000
v -3.050000 3.650000 11.100000
v -3.050000 3.650000 11.000000
v -3.050000 4.050000 11.000000
v -3.050000 4.050000 10.900000
v -3.050000 4.350000 10.900000
v -3.050000 4.350000 10.800000
v -3.050000 4.650000 10.800000
v -3.050000 4.650000 10.700000
v -3.050000 5.050000 10.700000
v -3.050000 5.050000 10.600000
v -3.050000 5.350000 10.600000
v -3.050000 5.350000 10.500000
v -3.050000 5.650000 10.500000
v -3.050000 5.650000 10.400000
v -3.050000 5.850000 10.400000
v -3.050000 5.850000 10.300000
v -3.050000 6.050000 10.300000
v -3.050000 6.050000 10.200000
v -3.050000 6.250000 10.200000
v -3.050000 6.250000 10.100000
v -3.050000 6.450000 10.100000
v -3.050000 6.450000 10.000000
v -3.050000 6.650000 10.000000
v -3.050000 6.650000 9.900000
v -3.050000 6.950000 9.900000
v -3.050000 6.950000 9.800000
v -3.050000 7.150000 9.800000
v -3.050000 7.150000 9.700000
v -3.050000 7.350000 9.700000
v -3.050000 7.350000 9.600000
v -3.050000 7.550000 9.600000
v -3.050000 7.550000 9.000000
v -3.050000 7.350000 9.000000
v -3.050000 7.350000 9.100000
v -3.050000 7.150000 9.100000
v -3.050000 7.150000 9.200000
v -3.050000 6.950000 9.200000
v -3.050000 6.950000 9.300000
v -3.050000 6.750000 9.300000
v -3.050000 6.750000 9.400000
v -3.050000 6.550000 9.400000
v -3.050000 6.550000 9.300000
v 3.050000 6.550000 -3.000000
v 3.050000 6.550000 9.300000
v 3.050000 6.550000 9.400000
v 3.050000 6.650000 9.400000
v 3.050000 6.750000 9.400000
v 3.050000 6.750000 9.300000
v 3.050000 6.850000 9.300000
v 3.050000 6.950000 9.300000
v 3.050000 6.950000 9.200000
v 3.050000 7.050000 9.200000
v 3.050000 7.150000 9.200000
v 3.050000 7.150000 9.100000
v 3.050000 7.250000 9.100000
v 3.050000 7.350000 9.100000
v 3.050000 7.350000 9.000000
v 3.050000 7.450000 9.000000
v 3.050000 7.550000 9.000000
v 3.050000 7.550000 9.500000
v 3.050000 7.550000 9.600000
v 3.050000 7.350000 9.600000
v 3.050000 7.350000 9.700000
v 3.050000 7.150000 9.700000
v 3.050000 7.150000 9.800000
v 3.050000 6.950000 9.800000
v 3.050000 6.950000 9.900000
v 3.050000 6.650000 9.900000
v 3.050000 6.650000 10.000000
v 3.050000 6.450000 10.000000
v 3.050000 6.450000 10.100000
v 3.050000 6.250000 10.100000
v 3.050000 6.250000 10.200000
v 3.050000 6.050000 10.200000
v 3.050000 6.050000 10.300000
v 3.050000 5.850000 10.300000
v 3.050000 5.850000 10.400000
v 3.050000 5.650000 10.400000
v 3.050000 5.650000 10.500000
v 3.050000 5.350000 10.500000
v 3.050000 5.350000 10.600000
v 3.050000 5.050000 10.600000
v 3.050000 5.050000 10.700000
v 3.050000 4.650000 10.700000
v 3.050000 4.650000 10.800000
v 3.050000 4.350000 10.800000
v 3.050000 4.350000 10.900000
v 3.050000 4.050000 10.900000
v 3.050000 4.050000 11.000000
v 3.050000 3.650000 11.000000
v 3.050000 3.650000 11.100000
v 3.050000 3.050000 11.100000
v 3.050000 3.050000 11.200000
v 3.050000 2.450000 11.200000
v 3.050000 2.450000 11.300000
v 3.050000 1.750000 11.300000
v 3.050000 1.750000 11.400000
v 3.050000 -0.850000 11.400000
v 3.050000 -0.850000 11.300000
v 3.050000 -1.550000 11.300000
v 3.050000 -1.550000 11.200000
v 3.050000 -2.150000 11.200000
v 3.050000 -2.150000 11.100000
v 3.050000 -2.750000 11.100000
v 3.050000 -2.750000 11.000000
v 3.050000 -3.050000 11.000000
v 3.050000 -3.050000 10.900000
v 3.050000 -3.450000 10.900000
v 3.050000 -3.450000 10.800000
v 3.050000 -3.750000 10.800000
v 3.050000 -3.750000 10.700000
v 3.050000 -4.050000 10.700000
v 3.050000 -4.050000 10.600000
v 3.050000 -4.450000 10.600000
v 3.050000 -4.450000 10.500000
v 3.050000 -4.750000 10.500000
v 3.050000 -4.750000 10.400000
v 3.050000 -4.950000 10.400000
v 3.050000 -4.950000 10.300000
v 3.050000 -5.150000 10.300000
v 3.050000 -5.150000 10.200000
v 3.050000 -5.350000 10.200000
v 3.050000 -5.350000 10.100000
v 3.050000 -5.550000 10.500000
v 3.050000 -5.350000 10.500000
v 3.050000 -5.250000 10.500000
v 3.050000 -5.250000 10.600000
v 3.050000 -5.150000 10.600000
v 3.050000 -5.050000 10.600000
v 3.050000 -5.050000 10.700000
v 3.050000 -4.950000 10.700000
v 3.050000 -4.850000 10.700000
v 3.050000 -4.850000 10.800000
v 3.050000 -4.650000 10.800000
v 3.050000 -4.550000 10.800000
v 3.050000 -4.550000 10.900000
v 3.050000 -4.450000 10.900000
v 3.050000 -4.350000 10.900000
v 3.050000 -4.350000 11.000000
v 3.050000 -4.150000 11.000000
v 3.050000 -4.050000 11.000000
v 3.050000 -4.050000 11.100000
v 3.050000 -3.750000 11.100000
v 3.050000 -3.650000 11.100000
v 3.050000 -3.650000 11.200000
v 3.050000 -3.450000 11.200000
v 3.050000 -3.350000 11.200000
v 3.050000 -3.350000 11.300000
v 3.050000 -3.050000 11.300000
v 3.050000 -2.950000 11.300000
v 3.050000 -2.950000 11.400000
v 3.050000 -2.650000 11.400000
v 3.050000 -2.550000 11.400000
v 3.050000 -2.550000 11.500000
v 3.050000 -2.350000 11.500000
v 3.050000 -2.250000 11.500000
v 3.050000 -2.250000 11.600000
v 3.050000 -1.850000 11.600000
v 3.050000 -1.750000 11.600000
v 3.050000 -1.750000 11.700000
v 3.050000 -1.050000 11.700000
v 3.050000 -0.950000 11.700000
v 3.050000 -0.950000 11.800000
v 3.050000 -0.350000 11.800000
v 3.050000 -0.250000 11.800000
v 3.050000 -0.250000 11.900000
v 3.050000 3.050000 11.900000
v 3.050000 3.150000 11.900000
v 3.050000 3.150000 11.800000
v 3.050000 3.850000 11.800000
v 3.050000 3.950000 11.800000
v 3.050000 3.950000 11.700000
v 3.050000 4.550000 11.700000
v 3.050000 4.650000 11.700000
v 3.050000 4.650000 11.600000
v 3.050000 5.050000 11.600000
v 3.050000 5.150000 11.600000
v 3.050000 5.150000 11.500000
v 3.050000 5.450000 11.500000
v 3.050000 5.550000 11.500000
v 3.050000 5.550000 11.400000
v 3.050000 5.750000 11.400000
v 3.050000 5.850000 11.400000
v 3.050000 5.850000 11.300000
v 3.050000 6.150000 11.300000
v 3.050000 6.250000 11.300000
v 3.050000 6.250000 11.200000
v 3.050000 6.550000 11.200000
v 3.050000 6.650000 11.200000
v 3.050000 6.650000 11.100000
v 3.050000 6.850000 11.100000
v 3.050000 6.950000 11.100000
v 3.050000 6.950000 11.000000
v 3.050000 7.150000 11.000000
v 3.050000 7.250000 11.000000
v 3.050000 7.250000 10.900000
v 3.050000 7.350000 10.900000
v 3.050000 7.450000 10.900000
v 3.050000 7.450000 10.800000
v 3.050000 7.650000 10.800000
v 3.050000 7.750000 10.800000
v 3.050000 7.750000 10.700000
v 3.050000 7.850000 10.700000
v 3.050000 7.950000 10.700000
v 3.050000 7.950000 10.600000
v 3.050000 8.150000 10.600000
v 3.050000 8.250000 10.600000
v 3.050000 8.250000 10.500000
v 3.050000 8.350000 10.500000
v 3.050000 8.450000 10.500000
v 3.050000 8.450000 10.400000
v 3.050000 8.550000 10.400000
v 3.050000 8.550000 -3.000000
v 3.050000 8.450000 -3.000000
v 22.050000 -6.550000 9.000000
v 22.050000 -6.550000 9.600000
v 22.050000 -6.450000 9.600000
v 22.050000 -6.450000 9.700000
v 22.050000 -6.150000 9.700000
v 22.050000 -6.150000 9.800000
v 22.050000 -5.950000 9.800000
v 22.050000 -5.950000 9.900000
v 22.050000 -5.750000 9.900000
v 22.050000 -5.750000 10.000000
v 22.050000 -5.350000 10.100000
v 22.050000 -5.350000 10.200000
v 22.050000 -5.150000 10.200000
v 22.050000 -5.150000 10.300000
v 22.050000 -4.950000 10.300000
v 22.050000 -4.950000 10.400000
v 22.050000 -4.750000 10.400000
v 22.050000 -4.750000 10.500000
v 22.050000 -4.450000 10.500000
v 22.050000 -4.450000 10.600000
v 22.050000 -4.050000 10.600000
v 22.050000 -4.050000 10.700000
v 22.050000 -3.750000 10.700000
v 22.050000 -3.750000 10.800000
v 22.050000 -3.450000 10.800000
v 22.050000 -3.450000 10.900000
v 22.050000 -3.050000 10.900000
v 22.050000 -3.050000 11.000000
v 22.050000 -2.750000 11.000000
v 22.050000 -2.750000 11.100000
v 22.050000 -2.150000 11.100000
v 22.050000 -2.150000 11.200000
v 22.050000 -1.550000 11.200000
v 22.050000 -1.550000 11.300000
v 22.050000 -0.850000 11.300000
v 22.050000 -0.850000 11.400000
v 22.050000 1.750000 11.400000
v 22.050000 1.750000 11.300000
v 22.050000 2.450000 11.300000
v 22.050000 2.450000 11.200000
v 22.050000 3.050000 11.200000
v 22.050000 3.050000 11.100000
v 22.050000 3.650000 11.100000
v 22.050000 3.650000 11.000000
v 22.050000 4.050000 11.000000
v 22.050000 4.050000 10.900000
v 22.050000 4.350000 10.900000
v 22.050000 4.350000 10.800000
v 22.050000 4.650000 10.800000
v 22.050000 4.650000 10.700000
v 22.050000 5.050000 10.700000
v 22.050000 5.050000 10.600000
v 22.050000 5.350000 10.600000
v 22.050000 5.350000 10.500000
v 22.050000 5.650000 10.500000
v 22.050000 5.650000 10.400000
v 22.050000 5.850000 10.400000
v 22.050000 5.850000 10.300000
v 22.050000 6.050000 10.300000
v 22.050000 6.050000 10.200000
v 22.050000 6.250000 10.200000
v 22.050000 6.250000 10.100000
v 22.050000 6.450000 10.100000
v 22.050000 6.450000 10.000000
v 22.050000 6.650000 10.000000
v 22.050000 6.650000 9.900000
v 22.050000 6.950000 9.900000
v 22.050000 6.950000 9.800000
v 22.050000 7.150000 9.800000
v 22.050000 7.150000 9.700000
v 22.050000 7.350000 9.700000
v 22.050000 7.350000 9.600000
v 22.050000 7.550000 9.600000
v 22.050000 7.550000 9.000000
v 22.050000 7.350000 9.000000
v 22.050000 7.350000 9.100000
v 22.050000 7.150000 9.100000
v 22.050000 7.150000 9.200000
v 22.050000 6.950000 9.200000
v 22.050000 6.950000 9.300000
v 22.050000 6.750000 9.300000
v 22.050000 6.750000 9.400000
v 22.050000 6.550000 9.400000
v 22.050000 6.550000 9.500000
v 22.050000 6.350000 9.500000
v 22.050000 6.350000 9.600000
v 22.050000 6.150000 9.600000
v 22.050000 6.150000 9.700000
v 22.050000 5.950000 9.700000
v 22.050000 5.950000 9.800000
v 22.050000 5.750000 9.800000
v 22.050000 5.750000 9.900000
v 22.050000 5.450000 9.900000
v 22.050000 5.450000 10.000000
v 22.050000 5.250000 10.000000
v 22.050000 5.250000 10.100000
v 22.050000 4.950000 10.100000
v 22.050000 4.950000 10.200000
v 22.050000 4.550000 10.200000
v 22.050000 4.550000 10.300000
v 22.050000 4.250000 10.300000
v 22.050000 4.250000 10.400000
v 22.050000 3.950000 10.400000
v 22.050000 3.950000 10.500000
v 22.050000 3.650000 10.500000
v 22.050000 3.650000 10.600000
v 22.050000 3.150000 10.600000
v 22.050000 3.150000 10.700000
v 22.050000 2.450000 10.700000
v 22.050000 2.450000 10.800000
v 22.050000 1.750000 10.800000
v 22.050000 1.750000 10.900000
v 22.050000 -0.850000 10.900000
v 22.050000 -0.850000 10.800000
v 22.050000 -1.550000 10.800000
v 22.050000 -1.550000 10.700000
v 22.050000 -2.150000 10.700000
v 22.050000 -2.150000 10.600000
v 22.050000 -2.650000 10.600000
v 22.050000 -2.650000 10.500000
v 22.050000 -3.050000 10.500000
v 22.050000 -3.050000 10.400000
v 22.050000 -3.350000 10.400000
v 22.050000 -3.350000 10.300000
v 22.050000 -3.650000 10.300000
v 22.050000 -3.650000 10.200000
v 22.050000 -3.950000 10.200000
v 22.050000 -3.950000 10.100000
v 22.050000 -4.350000 10.100000
v 22.050000 -4.350000 10.000000
v 22.050000 -4.550000 10.000000
v 22.050000 -4.550000 9.900000
v 22.050000 -4.750000 9.900000
v 22.050000 -4.750000 9.800000
v 22.050000 -4.950000 9.800000
v 22.050000 -4.950000 9.700000
v 22.050000 -5.250000 9.700000
v 22.050000 -5.250000 9.600000
v 22.050000 -5.450000 9.600000
v 22.050000 -5.450000 9.500000
v 22.050000 -5.650000 9.500000
v 22.050000 -5.650000 9.400000
v 22.050000 -5.850000 9.400000
v 22.050000 -5.850000 9.300000
v 22.050000 -6.050000 9.300000
v 22.050000 -6.050000 9.200000
v 22.050000 -6.250000 9.200000
v 22.050000 -6.250000 9.100000
v 22.050000 -6.450000 9.100000
v 22.050000 -6.450000 9.000000
v 2.950000 -6.550000 9.000000
v 2.950000 -6.450000 9.000000
v 2.950000 -6.450000 9.100000
v 2.950000 -6.350000 9.100000
v 2.950000 -6.250000 9.100000
v 2.950000 -6.250000 9.200000
v 2.950000 -6.150000 9.200000
v 2.950000 -6.050000 9.200000
v 2.950000 -6.050000 9.300000
v 2.950000 -5.950000 9.300000
v 2.950000 -5.850000 9.300000
v 2.950000 -5.850000 9.400000
v 2.950000 -5.750000 9.400000
v 2.950000 -5.650000 9.400000
v 2.950000 -5.650000 9.500000
v 2.950000 -5.750000 10.000000
v 2.950000 -5.750000 9.900000
v 2.950000 -5.950000 9.900000
v 2.950000 -5.950000 9.800000
v 2.950000 -6.150000 9.800000
v 2.950000 -6.150000 9.700000
v 2.950000 -6.450000 9.700000
v 2.950000 -6.450000 9.600000
v 2.950000 -6.550000 9.600000
v 2.950000 -6.550000 9.500000
v 21.050000 -5.450000 9.500000
v 21.050000 -5.450000 9.600000
v 21.050000 -5.350000 9.600000
v 21.050000 -5.250000 9.600000
v 21.050000 -5.250000 9.700000
v 21.050000 -5.050000 9.700000
v 21.050000 -4.950000 9.700000
v 21.050000 -4.950000 9.800000
v 21.050000 -4.850000 9.800000
v 21.050000 -4.750000 9.800000
v 21.050000 -4.750000 9.900000
v 21.050000 -4.650000 9.900000
v 21.050000 -4.550000 9.900000
v 21.050000 -4.550000 10.000000
v 21.050000 -4.450000 10.000000
v 21.050000 -4.350000 10.000000
v 21.050000 -4.350000 10.100000
v 21.050000 -4.050000 10.100000
v 21.050000 -3.950000 10.100000
v 21.050000 -3.950000 10.200000
v 21.050000 -3.750000 10.200000
v 21.050000 -3.650000 10.200000
v 21.050000 -3.650000 10.300000
v 21.050000 -3.450000 10.300000
v 21.050000 -3.350000 10.300000
v 21.050000 -3.350000 10.400000
v 21.050000 -3.150000 10.400000
v 21.050000 -3.050000 10.400000
v 21.050000 -3.050000 10.500000
v 21.050000 -2.750000 10.500000
v 21.050000 -2.650000 10.500000
v 21.050000 -2.650000 10.600000
v 21.050000 -2.250000 10.600000
v 21.050000 -2.150000 10.600000
v 21.050000 -2.150000 10.700000
v 21.050000 -1.650000 10.700000
v 21.050000 -1.550000 10.700000
v 21.050000 -1.550000 10.800000
v 21.050000 -0.950000 10.800000
v 21.050000 -0.850000 10.800000
v 21.050000 -0.850000 10.900000
v 21.050000 1.650000 10.900000
v 21.050000 1.750000 10.900000
v 21.050000 1.750000 10.800000
v 21.050000 2.350000 10.800000
v 21.050000 2.450000 10.800000
v 21.050000 2.450000 10.700000
v 21.050000 3.050000 10.700000
v 21.050000 3.150000 10.700000
v 21.050000 3.150000 10.600000
v 21.050000 3.550000 10.600000
v 21.050000 3.650000 10.600000
v 21.050000 3.650000 10.500000
v 21.050000 3.850000 10.500000
v 21.050000 3.950000 10.500000
v 21.050000 3.950000 10.400000
v 21.050000 4.150000 10.400000
v 21.050000 4.250000 10.400000
v 21.050000 4.250000 10.300000
v 21.050000 4.450000 10.300000
v 21.050000 4.550000 10.300000
v 21.050000 4.550000 10.200000
v 21.050000 4.850000 10.200000
v 21.050000 4.950000 10.200000
v 21.050000 4.950000 10.100000
v 21.050000 5.150000 10.100000
v 21.050000 5.250000 10.100000
v 21.050000 5.250000 10.000000
v 21.050000 5.350000 10.000000
v 21.050000 5.450000 10.000000
v 21.050000 5.450000 9.900000
v 21.050000 5.650000 9.900000
v 21.050000 5.750000 9.900000
v 21.050000 5.750000 9.800000
v 21.050000 5.850000 9.800000
v 21.050000 5.950000 9.800000
v 21.050000 5.950000 9.700000
v 21.050000 6.050000 9.700000
v 21.050000 6.150000 9.700000
v 21.050000 6.150000 9.600000
v 21.050000 6.250000 9.600000
v 21.050000 6.350000 9.600000
v 21.050000 6.350000 9.500000
v 21.050000 6.450000 9.500000
v 21.050000 6.550000 9.500000
v 21.050000 6.550000 9.400000
v 21.050000 6.550000 -3.000000
v 21.050000 6.450000 -3.000000
v 21.050000 0.050000 1.300000
v 21.050000 0.050000 2.700000
v 21.050000 0.050000 2.600000
v 21.050000 0.050000 7.300000
v 21.050000 0.050000 8.700000
v 21.050000 0.050000 8.600000
v 21.050000 0.050000 4.300000
v 21.050000 0.050000 5.700000
v 21.050000 0.050000 5.600000
v 3.050000 -9.050000 0.000000
v 3.050000 -9.050000 3.000000
v 3.050000 -8.850000 3.000000
v 3.050000 -8.850000 0.400000
v 3.050000 -7.550000 0.400000
v 3.050000 -7.550000 3.000000
v 3.050000 -5.650000 0.000000
v 3.050000 -6.950000 0.500000
v 3.050000 -6.950000 2.400000
v 3.050000 -6.950000 2.300000
v 3.550000 -9.550000 3.000000
v 3.550000 -9.550000 3.400000
v 3.550000 -5.650000 3.000000
v -3.550000 -9.550000 3.000000
v -3.550000 -5.650000 3.000000
v -3.550000 -9.550000 3.400000
v -3.550000 -9.550000 3.300000
v -3.050000 -9.050000 0.000000
v -3.050000 -5.650000 0.000000
v -3.050000 -7.550000 3.000000
v -3.050000 -7.550000 0.400000
v -3.050000 -8.750000 0.400000
v -3.050000 -8.750000 2.900000
v -3.050000 -8.750000 3.000000
v -3.050000 -9.050000 3.000000
v -3.050000 -9.050000 2.900000
v -3.050000 -6.950000 0.500000
v -3.050000 -6.950000 2.300000
v -3.050000 -6.950000 2.400000
v -3.050000 -6.250000 2.400000
v -3.050000 -6.150000 2.400000
v -3.050000 -6.150000 0.500000
v -3.050000 -6.250000 0.500000
v 13.150000 -5.450000 -1.700000
v 13.150000 -5.450000 -0.300000
v 12.250000 -5.450000 -0.300000
v 12.250000 -5.450000 -1.700000
v 14.650000 -5.450000 -1.700000
v 14.650000 -5.450000 -0.300000
v 13.750000 -5.450000 -0.300000
v 13.750000 -5.450000 -1.700000
v 16.150000 -5.450000 -1.700000
v 16.150000 -5.450000 -0.300000
v 15.250000 -5.450000 -0.300000
v 15.250000 -5.450000 -1.700000
v 13.150000 -5.450000 1.300000
v 13.150000 -5.450000 2.700000
v 12.250000 -5.450000 2.700000
v 12.250000 -5.450000 1.300000
v 14.650000 -5.450000 1.300000
v 14.650000 -5.450000 2.700000
v 13.750000 -5.450000 2.700000
v 13.750000 -5.450000 1.300000
v 16.150000 -5.450000 1.300000
v 16.150000 -5.450000 2.700000
v 15.250000 -5.450000 2.700000
v 15.250000 -5.450000 1.300000
v 20.550000 -5.450000 -1.700000
v 20.550000 -5.450000 -0.300000
v 19.650000 -5.450000 -0.300000
v 19.650000 -5.450000 -1.700000
v 13.150000 -5.450000 7.300000
v 13.150000 -5.450000 8.700000
v 12.250000 -5.450000 8.700000
v 12.250000 -5.450000 7.300000
v 20.550000 -5.450000 1.300000
v 20.550000 -5.450000 2.700000
v 19.650000 -5.450000 2.700000
v 19.650000 -5.450000 1.300000
v 14.650000 -5.450000 7.300000
v 14.650000 -5.450000 8.700000
v 13.750000 -5.450000 8.700000
v 13.750000 -5.450000 7.300000
v 16.150000 -5.450000 7.300000
v 16.150000 -5.450000 8.700000
v 15.250000 -5.450000 8.700000
v 15.250000 -5.450000 7.300000
v 20.550000 -5.450000 7.300000
v 20.550000 -5.450000 8.700000
v 19.650000 -5.450000 8.700000
v 19.650000 -5.450000 7.300000
v 13.150000 -5.450000 4.300000
v 13.150000 -5.450000 5.700000
v 12.250000 -5.450000 5.700000
v 12.250000 -5.450000 4.300000
v 14.650000 -5.450000 4.300000
v 14.650000 -5.450000 5.700000
v 13.750000 -5.450000 5.700000
v 13.750000 -5.450000 4.300000
v 16.150000 -5.450000 4.300000
v 16.150000 -5.450000 5.700000
v 15.250000 -5.450000 5.700000
v 15.250000 -5.450000 4.300000
v 20.550000 -5.450000 4.300000
v 20.550000 -5.450000 5.700000
v 19.650000 -5.450000 5.700000
v 19.650000 -5.450000 4.300000
v -4.850000 -5.450000 1.300000
v -4.850000 -5.450000 2.700000
v -5.750000 -5.450000 2.700000
v -5.750000 -5.450000 1.300000
v -4.850000 -5.450000 7.300000
v -4.850000 -5.450000 8.700000
v -5.750000 -5.450000 8.700000
v -5.750000 -5.450000 7.300000
v -4.850000 -5.450000 4.300000
v -4.850000 -5.450000 5.700000
v -5.750000 -5.450000 5.700000
v -5.750000 -5.450000 4.300000
v -16.850000 -5.450000 -1.700000
v -16.850000 -5.450000 -0.300000
v -17.750000 -5.450000 -0.300000
v -17.750000 -5.450000 -1.700000
v -15.350000 -5.450000 -1.700000
v -15.350000 -5.450000 -0.300000
v -16.250000 -5.450000 -0.300000
v -16.250000 -5.450000 -1.700000
v -13.850000 -5.450000 -1.700000
v -13.850000 -5.450000 -0.300000
v -14.750000 -5.450000 -0.300000
v -14.750000 -5.450000 -1.700000
v -16.850000 -5.450000 1.300000
v -16.850000 -5.450000 2.700000
v -17.750000 -5.450000 2.700000
v -17.750000 -5.450000 1.300000
v -12.350000 -5.450000 -1.700000
v -12.350000 -5.450000 -0.300000
v -13.250000 -5.450000 -0.300000
v -13.250000 -5.450000 -1.700000
v -15.350000 -5.450000 1.300000
v -15.350000 -5.450000 2.700000
v -16.250000 -5.450000 2.700000
v -16.250000 -5.450000 1.300000
v -13.850000 -5.450000 1.300000
v -13.850000 -5.450000 2.700000
v -14.750000 -5.450000 2.700000
v -14.750000 -5.450000 1.300000
v -12.350000 -5.450000 1.300000
v -12.350000 -5.450000 2.700000
v -13.250000 -5.450000 2.700000
v -13.250000 -5.450000 1.300000
v -16.850000 -5.450000 7.300000
v -16.850000 -5.450000 8.700000
v -17.750000 -5.450000 8.700000
v -17.750000 -5.450000 7.300000
v -15.350000 -5.450000 7.300000
v -15.350000 -5.450000 8.700000
v -16.250000 -5.450000 8.700000
v -16.250000 -5.450000 7.300000
v -13.850000 -5.450000 7.300000
v -13.850000 -5.450000 8.700000
v -14.750000 -5.450000 8.700000
v -14.750000 -5.450000 7.300000
v -12.350000 -5.450000 7.300000
v -12.350000 -5.450000 8.700000
v -13.250000 -5.450000 8.700000
v -13.250000 -5.450000 7.300000
v -19.750000 -5.450000 -1.700000
v -19.750000 -5.450000 -0.300000
v -20.650000 -5.450000 -0.300000
v -20.650000 -5.450000 -1.700000
v -19.750000 -5.450000 1.300000
v -19.750000 -5.450000 2.700000
v -20.650000 -5.450000 2.700000
v -20.650000 -5.450000 1.300000
v -19.750000 -5.450000 7.300000
v -19.750000 -5.450000 8.700000
v -20.650000 -5.450000 8.700000
v -20.650000 -5.450000 7.300000
v -18.350000 -5.450000 -1.700000
v -18.350000 -5.450000 -0.300000
v -19.250000 -5.450000 -0.300000
v -19.250000 -5.450000 -1.700000
v -18.350000 -5.450000 1.300000
v -18.350000 -5.450000 2.700000
v -19.250000 -5.450000 2.700000
v -19.250000 -5.450000 1.300000
v -18.350000 -5.450000 7.300000
v -18.350000 -5.450000 8.700000
v -19.250000 -5.450000 8.700000
v -19.250000 -5.450000 7.300000
v -16.850000 -5.450000 4.300000
v -16.850000 -5.450000 5.700000
v -17.750000 -5.450000 5.700000
v -17.750000 -5.450000 4.300000
v -15.350000 -5.450000 4.300000
v -15.350000 -5.450000 5.700000
v -16.250000 -5.450000 5.700000
v -16.250000 -5.450000 4.300000
v -13.850000 -5.450000 4.300000
v -13.850000 -5.450000 5.700000
v -14.750000 -5.450000 5.700000
v -14.750000 -5.450000 4.300000
v -12.350000 -5.450000 4.300000
v -12.350000 -5.450000 5.700000
v -13.250000 -5.450000 5.700000
v -13.250000 -5.450000 4.300000
v -19.750000 -5.450000 4.300000
v -19.750000 -5.450000 5.700000
v -20.650000 -5.450000 5.700000
v -20.650000 -5.450000 4.300000
v -18.350000 -5.450000 4.300000
v -18.350000 -5.450000 5.700000
v -19.250000 -5.450000 5.700000
v -19.250000 -5.450000 4.300000
v -10.850000 -5.450000 -1.700000
v -10.850000 -5.450000 -0.300000
v -11.750000 -5.450000 -0.300000
v -11.750000 -5.450000 -1.700000
v -9.350000 -5.450000 -1.700000
v -9.350000 -5.450000 -0.300000
v -10.250000 -5.450000 -0.300000
v -10.250000 -5.450000 -1.700000
v -7.850000 -5.450000 -1.700000
v -7.850000 -5.450000 -0.300000
v -8.750000 -5.450000 -0.300000
v -8.750000 -5.450000 -1.700000
v -10.850000 -5.450000 1.300000
v -10.850000 -5.450000 2.700000
v -11.750000 -5.450000 2.700000
v -11.750000 -5.450000 1.300000
v -6.350000 -5.450000 -1.700000
v -6.350000 -5.450000 -0.300000
v -7.250000 -5.450000 -0.300000
v -7.250000 -5.450000 -1.700000
v -9.350000 -5.450000 1.300000
v -9.350000 -5.450000 2.700000
v -10.250000 -5.450000 2.700000
v -10.250000 -5.450000 1.300000
v -7.850000 -5.450000 1.300000
v -7.850000 -5.450000 2.700000
v -8.750000 -5.450000 2.700000
v -8.750000 -5.450000 1.300000
v -6.350000 -5.450000 1.300000
v -6.350000 -5.450000 2.700000
v -7.250000 -5.450000 2.700000
v -7.250000 -5.450000 1.300000
v -10.850000 -5.450000 7.300000
v -10.850000 -5.450000 8.700000
v -11.750000 -5.450000 8.700000
v -11.750000 -5.450000 7.300000
v -3.350000 -5.450000 1.300000
v -3.350000 -5.450000 2.700000
v -4.250000 -5.450000 2.700000
v -4.250000 -5.450000 1.300000
v -9.350000 -5.450000 7.300000
v -9.350000 -5.450000 8.700000
v -10.250000 -5.450000 8.700000
v -10.250000 -5.450000 7.300000
v -7.850000 -5.450000 7.300000
v -7.850000 -5.450000 8.700000
v -8.750000 -5.450000 8.700000
v -8.750000 -5.450000 7.300000
v -6.350000 -5.450000 7.300000
v -6.350000 -5.450000 8.700000
v -7.250000 -5.450000 8.700000
v -7.250000 -5.450000 7.300000
v -3.350000 -5.450000 7.300000
v -3.350000 -5.450000 8.700000
v -4.250000 -5.450000 8.700000
v -4.250000 -5.450000 7.300000
v 7.150000 -5.450000 -1.700000
v 7.150000 -5.450000 -0.300000
v 6.250000 -5.450000 -0.300000
v 6.250000 -5.450000 -1.700000
v 4.150000 -5.450000 1.300000
v 4.150000 -5.450000 2.700000
v 3.250000 -5.450000 2.700000
v 3.250000 -5.450000 1.300000
v -1.850000 -5.450000 7.300000
v -1.850000 -5.450000 8.700000
v -2.750000 -5.450000 8.700000
v -2.750000 -5.450000 7.300000
v 8.650000 -5.450000 -1.700000
v 8.650000 -5.450000 -0.300000
v 7.750000 -5.450000 -0.300000
v 7.750000 -5.450000 -1.700000
v 5.650000 -5.450000 1.300000
v 5.650000 -5.450000 2.700000
v 4.750000 -5.450000 2.700000
v 4.750000 -5.450000 1.300000
v -0.350000 -5.450000 7.300000
v -0.350000 -5.450000 8.700000
v -1.250000 -5.450000 8.700000
v -1.250000 -5.450000 7.300000
v 10.150000 -5.450000 -1.700000
v 10.150000 -5.450000 -0.300000
v 9.250000 -5.450000 -0.300000
v 9.250000 -5.450000 -1.700000
v 7.150000 -5.450000 1.300000
v 7.150000 -5.450000 2.700000
v 6.250000 -5.450000 2.700000
v 6.250000 -5.450000 1.300000
v 1.150000 -5.450000 7.300000
v 1.150000 -5.450000 8.700000
v 0.250000 -5.450000 8.700000
v 0.250000 -5.450000 7.300000
v 8.650000 -5.450000 1.300000
v 8.650000 -5.450000 2.700000
v 7.750000 -5.450000 2.700000
v 7.750000 -5.450000 1.300000
v 2.650000 -5.450000 7.300000
v 2.650000 -5.450000 8.700000
v 1.750000 -5.450000 8.700000
v 1.750000 -5.450000 7.300000
v 10.150000 -5.450000 1.300000
v 10.150000 -5.450000 2.700000
v 9.250000 -5.450000 2.700000
v 9.250000 -5.450000 1.300000
v 4.150000 -5.450000 7.300000
v 4.150000 -5.450000 8.700000
v 3.250000 -5.450000 8.700000
v 3.250000 -5.450000 7.300000
v 5.650000 -5.450000 7.300000
v 5.650000 -5.450000 8.700000
v 4.750000 -5.450000 8.700000
v 4.750000 -5.450000 7.300000
v 7.150000 -5.450000 7.300000
v 7.150000 -5.450000 8.700000
v 6.250000 -5.450000 8.700000
v 6.250000 -5.450000 7.300000
v 17.650000 -5.450000 -1.700000
v 17.650000 -5.450000 -0.300000
v 16.750000 -5.450000 -0.300000
v 16.750000 -5.450000 -1.700000
v 8.650000 -5.450000 7.300000
v 8.650000 -5.450000 8.700000
v 7.750000 -5.450000 8.700000
v 7.750000 -5.450000 7.300000
v 19.150000 -5.450000 -1.700000
v 19.150000 -5.450000 -0.300000
v 18.250000 -5.450000 -0.300000
v 18.250000 -5.450000 -1.700000
v 10.150000 -5.450000 7.300000
v 10.150000 -5.450000 8.700000
v 9.250000 -5.450000 8.700000
v 9.250000 -5.450000 7.300000
v 17.650000 -5.450000 1.300000
v 17.650000 -5.450000 2.700000
v 16.750000 -5.450000 2.700000
v 16.750000 -5.450000 1.300000
v 19.150000 -5.450000 1.300000
v 19.150000 -5.450000 2.700000
v 18.250000 -5.450000 2.700000
v 18.250000 -5.450000 1.300000
v 17.650000 -5.450000 7.300000
v 17.650000 -5.450000 8.700000
v 16.750000 -5.450000 8.700000
v 16.750000 -5.450000 7.300000
v 19.150000 -5.450000 7.300000
v 19.150000 -5.450000 8.700000
v 18.250000 -5.450000 8.700000
v 18.250000 -5.450000 7.300000
v -10.850000 -5.450000 4.300000
v -10.850000 -5.450000 5.700000
v -11.750000 -5.450000 5.700000
v -11.750000 -5.450000 4.300000
v -9.350000 -5.450000 4.300000
v -9.350000 -5.450000 5.700000
v -10.250000 -5.450000 5.700000
v -10.250000 -5.450000 4.300000
v -7.850000 -5.450000 4.300000
v -7.850000 -5.450000 5.700000
v -8.750000 -5.450000 5.700000
v -8.750000 -5.450000 4.300000
v -6.350000 -5.450000 4.300000
v -6.350000 -5.450000 5.700000
v -7.250000 -5.450000 5.700000
v -7.250000 -5.450000 4.300000
v -3.350000 -5.450000 4.300000
v -3.350000 -5.450000 5.700000
v -4.250000 -5.450000 5.700000
v -4.250000 -5.450000 4.300000
v -1.850000 -5.450000 4.300000
v -1.850000 -5.450000 5.700000
v -2.750000 -5.450000 5.700000
v -2.750000 -5.450000 4.300000
v -0.350000 -5.450000 4.300000
v -0.350000 -5.450000 5.700000
v -1.250000 -5.450000 5.700000
v -1.250000 -5.450000 4.300000
v 1.150000 -5.450000 4.300000
v 1.150000 -5.450000 5.700000
v 0.250000 -5.450000 5.700000
v 0.250000 -5.450000 4.300000
v 2.650000 -5.450000 4.300000
v 2.650000 -5.450000 5.700000
v 1.750000 -5.450000 5.700000
v 1.750000 -5.450000 4.300000
v 4.150000 -5.450000 4.300000
v 4.150000 -5.450000 5.700000
v 3.250000 -5.450000 5.700000
v 3.250000 -5.450000 4.300000
v 5.650000 -5.450000 4.300000
v 5.650000 -5.450000 5.700000
v 4.750000 -5.450000 5.700000
v 4.750000 -5.450000 4.300000
v 7.150000 -5.450000 4.300000
v 7.150000 -5.450000 5.700000
v 6.250000 -5.450000 5.700000
v 6.250000 -5.450000 4.300000
v 8.650000 -5.450000 4.300000
v 8.650000 -5.450000 5.700000
v 7.750000 -5.450000 5.700000
v 7.750000 -5.450000 4.300000
v 10.150000 -5.450000 4.300000
v 10.150000 -5.450000 5.700000
v 9.250000 -5.450000 5.700000
v 9.250000 -5.450000 4.300000
v 17.650000 -5.450000 4.300000
v 17.650000 -5.450000 5.700000
v 16.750000 -5.450000 5.700000
v 16.750000 -5.450000 4.300000
v 19.150000 -5.450000 4.300000
v 19.150000 -5.450000 5.700000
v 18.250000 -5.450000 5.700000
v 18.250000 -5.450000 4.300000
v 11.650000 -5.450000 -1.700000
v 11.650000 -5.450000 -0.300000
v 10.750000 -5.450000 -0.300000
v 10.750000 -5.450000 -1.700000
v 11.650000 -5.450000 1.300000
v 11.650000 -5.450000 2.700000
v 10.750000 -5.450000 2.700000
v 10.750000 -5.450000 1.300000
v 11.650000 -5.450000 7.300000
v 11.650000 -5.450000 8.700000
v 10.750000 -5.450000 8.700000
v 10.750000 -5.450000 7.300000
v 11.650000 -5.450000 4.300000
v 11.650000 -5.450000 5.700000
v 10.750000 -5.450000 5.700000
v 10.750000 -5.450000 4.300000
v -19.850000 -5.450000 -0.300000
v -19.850000 -5.450000 -1.700000
v -18.450000 -5.450000 -0.300000
v -18.450000 -5.450000 -1.700000
v -16.950000 -5.450000 -0.300000
v -16.950000 -5.450000 -1.700000
v -15.450000 -5.450000 -0.300000
v -15.450000 -5.450000 -1.700000
v -13.950000 -5.450000 -0.300000
v -13.950000 -5.450000 -1.700000
v -12.450000 -5.450000 -0.300000
v -12.450000 -5.450000 -1.700000
v -10.950000 -5.450000 -0.300000
v -10.950000 -5.450000 -1.700000
v -9.450000 -5.450000 -0.300000
v -9.450000 -5.450000 -1.700000
v -7.950000 -5.450000 -0.300000
v -7.950000 -5.450000 -1.700000
v -6.450000 -5.450000 -0.300000
v -6.450000 -5.450000 -1.700000
v 7.050000 -5.450000 -0.300000
v 7.050000 -5.450000 -1.700000
v 8.550000 -5.450000 -0.300000
v 8.550000 -5.450000 -1.700000
v 10.050000 -5.450000 -0.300000
v 10.050000 -5.450000 -1.700000
v 11.550000 -5.450000 -0.300000
v 11.550000 -5.450000 -1.700000
v 13.050000 -5.450000 -0.300000
v 13.050000 -5.450000 -1.700000
v 14.550000 -5.450000 -0.300000
v 14.550000 -5.450000 -1.700000
v 16.050000 -5.450000 -0.300000
v 16.050000 -5.450000 -1.700000
v 17.550000 -5.450000 -0.300000
v 17.550000 -5.450000 -1.700000
v 19.050000 -5.450000 -0.300000
v 19.050000 -5.450000 -1.700000
v 20.450000 -5.450000 -0.300000
v 20.450000 -5.450000 -1.700000
v -2.850000 -9.050000 3.000000
v -2.750000 -9.050000 3.000000
v -2.750000 -9.050000 0.400000
v 2.650000 -9.050000 0.400000
v 2.750000 -9.050000 0.400000
v 2.750000 -9.050000 2.900000
v 2.750000 -9.050000 3.000000
v 2.950000 -9.050000 3.000000
v 2.950000 -9.050000 0.000000
v -2.750000 -8.850000 3.000000
v -2.750000 -8.850000 0.400000
v -2.750000 -8.950000 0.400000
v 2.750000 -8.750000 0.400000
v 2.750000 -8.750000 2.900000
v 2.750000 -8.750000 3.000000
v 1.050000 -7.550000 0.400000
v 1.050000 -7.550000 2.500000
v -1.050000 -7.550000 2.500000
v -1.050000 -7.550000 0.400000
v -1.150000 -7.550000 0.400000
v -2.450000 -7.550000 0.500000
v -1.650000 -7.550000 0.500000
v -1.550000 -7.550000 0.500000
v -1.550000 -7.550000 2.300000
v -1.550000 -7.550000 2.400000
v -2.450000 -7.550000 2.400000
v -2.450000 -7.550000 2.300000
v 1.550000 -7.550000 2.400000
v 1.550000 -7.550000 0.500000
v 2.250000 -7.550000 0.500000
v 2.350000 -7.550000 0.500000
v 2.350000 -7.550000 2.300000
v 2.350000 -7.550000 2.400000
v 2.250000 -7.550000 2.400000
v -1.050000 -8.450000 0.400000
v -1.050000 -8.450000 2.500000
v -1.050000 -8.450000 2.400000
v 0.950000 -8.450000 2.500000
v 1.050000 -8.450000 2.500000
v 1.050000 -8.450000 0.400000
v 0.950000 -8.450000 0.400000
v 1.050000 -7.650000 0.400000
v -1.550000 -7.450000 0.500000
v -1.550000 -7.450000 2.400000
v -2.450000 -7.450000 2.400000
v -2.450000 -7.450000 0.500000
v 1.550000 -7.450000 2.400000
v 1.550000 -7.450000 0.500000
v 2.350000 -7.450000 0.500000
v 2.350000 -7.450000 2.400000
v -1.650000 -7.450000 2.400000
v -1.650000 -7.450000 0.500000
v 2.250000 -7.450000 2.400000
v 2.250000 -7.450000 0.500000
v -2.950000 -6.150000 2.400000
v -2.950000 -6.150000 0.500000
v -2.950000 -6.950000 0.500000
v -2.950000 -6.950000 2.400000
v -2.950000 -6.950000 2.300000
v -19.850000 -5.450000 2.700000
v -19.850000 -5.450000 1.300000
v -18.450000 -5.450000 2.700000
v -18.450000 -5.450000 1.300000
v -16.950000 -5.450000 2.700000
v -16.950000 -5.450000 1.300000
v -15.450000 -5.450000 2.700000
v -15.450000 -5.450000 1.300000
v -13.950000 -5.450000 2.700000
v -13.950000 -5.450000 1.300000
v -12.450000 -5.450000 2.700000
v -12.450000 -5.450000 1.300000
v -10.950000 -5.450000 2.700000
v -10.950000 -5.450000 1.300000
v -9.450000 -5.450000 2.700000
v -9.450000 -5.450000 1.300000
v -7.950000 -5.450000 2.700000
v -7.950000 -5.450000 1.300000
v -6.450000 -5.450000 2.700000
v -6.450000 -5.450000 1.300000
v -4.950000 -5.450000 2.700000
v -4.950000 -5.450000 1.300000
v -3.450000 -5.450000 2.700000
v -3.450000 -5.450000 1.300000
v 4.050000 -5.450000 2.700000
v 4.050000 -5.450000 1.300000
v 5.550000 -5.450000 2.700000
v 5.550000 -5.450000 1.300000
v 7.050000 -5.450000 2.700000
v 7.050000 -5.450000 1.300000
v 8.550000 -5.450000 2.700000
v 8.550000 -5.450000 1.300000
v 10.050000 -5.450000 2.700000
v 10.050000 -5.450000 1.300000
v 11.550000 -5.450000 2.700000
v 11.550000 -5.450000 1.300000
v 13.050000 -5.450000 2.700000
v 13.050000 -5.450000 1.300000
v 14.550000 -5.450000 2.700000
v 14.550000 -5.450000 1.300000
v 16.050000 -5.450000 2.700000
v 16.050000 -5.450000 1.300000
v 17.550000 -5.450000 2.700000
v 17.550000 -5.450000 1.300000
v 19.050000 -5.450000 2.700000
v 19.050000 -5.450000 1.300000
v 20.450000 -5.450000 2.700000
v 20.450000 -5.450000 1.300000
v -20.950000 0.850000 2.700000
v -20.950000 0.850000 1.300000
v -20.950000 0.050000 1.300000
v -20.950000 0.050000 2.700000
v -20.950000 0.050000 2.600000
v 3.450000 -9.550000 3.400000
v 3.450000 -9.550000 3.000000
v -19.850000 -5.450000 5.700000
v -19.850000 -5.450000 4.300000
v -18.450000 -5.450000 5.700000
v -18.450000 -5.450000 4.300000
v -16.950000 -5.450000 5.700000
v -16.950000 -5.450000 4.300000
v -15.450000 -5.450000 5.700000
v -15.450000 -5.450000 4.300000
v -13.950000 -5.450000 5.700000
v -13.950000 -5.450000 4.300000
v -12.450000 -5.450000 5.700000
v -12.450000 -5.450000 4.300000
v -10.950000 -5.450000 5.700000
v -10.950000 -5.450000 4.300000
v -9.450000 -5.450000 5.700000
v -9.450000 -5.450000 4.300000
v -7.950000 -5.450000 5.700000
v -7.950000 -5.450000 4.300000
v -6.450000 -5.450000 5.700000
v -6.450000 -5.450000 4.300000
v -4.950000 -5.450000 5.700000
v -4.950000 -5.450000 4.300000
v -3.450000 -5.450000 5.700000
v -3.450000 -5.450000 4.300000
v -1.950000 -5.450000 5.700000
v -1.950000 -5.450000 4.300000
v -0.450000 -5.450000 5.700000
v -0.450000 -5.450000 4.300000
v 1.050000 -5.450000 5.700000
v 1.050000 -5.450000 4.300000
v 2.550000 -5.450000 5.700000
v 2.550000 -5.450000 4.300000
v 4.050000 -5.450000 5.700000
v 4.050000 -5.450000 4.300000
v 5.550000 -5.450000 5.700000
v 5.550000 -5.450000 4.300000
v 7.050000 -5.450000 5.700000
v 7.050000 -5.450000 4.300000
v 8.550000 -5.450000 5.700000
v 8.550000 -5.450000 4.300000
v 10.050000 -5.450000 5.700000
v 10.050000 -5.450000 4.300000
v 11.550000 -5.450000 5.700000
v 11.550000 -5.450000 4.300000
v 13.050000 -5.450000 5.700000
v 13.050000 -5.450000 4.300000
v 14.550000 -5.450000 5.700000
v 14.550000 -5.450000 4.300000
v 16.050000 -5.450000 5.700000
v 16.050000 -5.450000 4.300000
v 17.550000 -5.450000 5.700000
v 17.550000 -5.450000 4.300000
v 19.050000 -5.450000 5.700000
v 19.050000 -5.450000 4.300000
v 20.450000 -5.450000 5.700000
v 20.450000 -5.450000 4.300000
v -20.950000 0.850000 5.700000
v -20.950000 0.850000 4.300000
v -20.950000 0.050000 4.300000
v -20.950000 0.050000 5.700000
v -20.950000 0.050000 5.600000
v -19.850000 -5.450000 8.700000
v -19.850000 -5.450000 7.300000
v -18.450000 -5.450000 8.700000
v -18.450000 -5.450000 7.300000
v -16.950000 -5.450000 8.700000
v -16.950000 -5.450000 7.300000
v -15.450000 -5.450000 8.700000
v -15.450000 -5.450000 7.300000
v -13.950000 -5.450000 8.700000
v -13.950000 -5.450000 7.300000
v -12.450000 -5.450000 8.700000
v -12.450000 -5.450000 7.300000
v -10.950000 -5.450000 8.700000
v -10.950000 -5.450000 7.300000
v -9.450000 -5.450000 8.700000
v -9.450000 -5.450000 7.300000
v -7.950000 -5.450000 8.700000
v -7.950000 -5.450000 7.300000
v -6.450000 -5.450000 8.700000
v -6.450000 -5.450000 7.300000
v -4.950000 -5.450000 8.700000
v -4.950000 -5.450000 7.300000
v -3.450000 -5.450000 8.700000
v -3.450000 -5.450000 7.300000
v -1.950000 -5.450000 8.700000
v -1.950000 -5.450000 7.300000
v -0.450000 -5.450000 8.700000
v -0.450000 -5.450000 7.300000
v 1.050000 -5.450000 8.700000
v 1.050000 -5.450000 7.300000
v 2.550000 -5.450000 8.700000
v 2.550000 -5.450000 7.300000
v 4.050000 -5.450000 8.700000
v 4.050000 -5.450000 7.300000
v 5.550000 -5.450000 8.700000
v 5.550000 -5.450000 7.300000
v 7.050000 -5.450000 8.700000
v 7.050000 -5.450000 7.300000
v 8.550000 -5.450000 8.700000
v 8.550000 -5.450000 7.300000
v 10.050000 -5.450000 8.700000
v 10.050000 -5.450000 7.300000
v 11.550000 -5.450000 8.700000
v 11.550000 -5.450000 7.300000
v 13.050000 -5.450000 8.700000
v 13.050000 -5.450000 7.300000
v 14.550000 -5.450000 8.700000
v 14.550000 -5.450000 7.300000
v 16.050000 -5.450000 8.700000
v 16.050000 -5.450000 7.300000
v 17.550000 -5.450000 8.700000
v 17.550000 -5.450000 7.300000
v 19.050000 -5.450000 8.700000
v 19.050000 -5.450000 7.300000
v 20.450000 -5.450000 8.700000
v 20.450000 -5.450000 7.300000
v -20.950000 0.850000 8.700000
v -20.950000 0.850000 7.300000
v -20.950000 0.050000 7.300000
v -20.950000 0.050000 8.700000
v -20.950000 0.050000 8.600000
v -3.050000 -6.550000 9.600000
v -3.050000 -6.550000 9.000000
v 21.950000 -6.550000 9.600000
v 21.950000 -6.550000 9.000000
v -3.150000 7.350000 9.000000
v 21.950000 7.350000 9.000000
v -3.150000 7.150000 9.100000
v 21.950000 7.150000 9.100000
v -3.150000 6.950000 9.200000
v 21.950000 6.950000 9.200000
v -3.150000 6.750000 9.300000
v 21.950000 6.750000 9.300000
v -21.150000 6.550000 9.400000
v 21.950000 6.550000 9.400000
v -21.150000 6.350000 9.500000
v 21.950000 6.350000 9.500000
v -3.050000 -6.450000 9.700000
v -3.050000 -6.450000 9.600000
v 21.950000 -6.450000 9.700000
v 21.950000 -6.450000 9.600000
v -21.150000 6.150000 9.600000
v 21.950000 6.150000 9.600000
v -3.050000 -6.150000 9.800000
v -3.050000 -6.150000 9.700000
v 21.950000 -6.150000 9.800000
v 21.950000 -6.150000 9.700000
v -21.150000 5.950000 9.700000
v 21.950000 5.950000 9.700000
v -3.050000 -5.950000 9.900000
v -3.050000 -5.950000 9.800000
v 21.950000 -5.950000 9.900000
v 21.950000 -5.950000 9.800000
v -21.150000 5.750000 9.800000
v 21.950000 5.750000 9.800000
v -3.050000 -5.750000 10.000000
v -3.050000 -5.750000 9.900000
v 21.950000 -5.750000 10.000000
v 21.950000 -5.750000 9.900000
v -21.150000 5.450000 9.900000
v 21.950000 5.450000 9.900000
v -21.150000 5.250000 10.000000
v 21.950000 5.250000 10.000000
v -3.150000 -5.350000 10.200000
v -3.150000 -5.350000 10.100000
v 21.950000 -5.350000 10.200000
v 21.950000 -5.350000 10.100000
v -21.150000 4.950000 10.100000
v 21.950000 4.950000 10.100000
v -3.150000 -5.150000 10.300000
v -3.150000 -5.150000 10.200000
v 21.950000 -5.150000 10.300000
v 21.950000 -5.150000 10.200000
v -21.150000 4.550000 10.200000
v 21.950000 4.550000 10.200000
v -3.150000 -4.950000 10.400000
v -3.150000 -4.950000 10.300000
v 21.950000 -4.950000 10.400000
v 21.950000 -4.950000 10.300000
v -21.150000 4.250000 10.300000
v 21.950000 4.250000 10.300000
v -3.150000 -4.750000 10.500000
v -3.150000 -4.750000 10.400000
v 21.950000 -4.750000 10.500000
v 21.950000 -4.750000 10.400000
v -21.150000 3.950000 10.400000
v 21.950000 3.950000 10.400000
v 3.950000 8.450000 10.400000
v -3.150000 -4.450000 10.600000
v -3.150000 -4.450000 10.500000
v 21.950000 -4.450000 10.600000
v 21.950000 -4.450000 10.500000
v -21.150000 3.650000 10.500000
v 21.950000 3.650000 10.500000
v -3.150000 8.250000 10.500000
v 3.950000 8.250000 10.500000
v 3.950000 -6.350000 10.700000
v 3.950000 -6.350000 10.600000
v -3.150000 -4.050000 10.700000
v -3.150000 -4.050000 10.600000
v 21.950000 -4.050000 10.700000
v 21.950000 -4.050000 10.600000
v -21.150000 3.150000 10.600000
v 21.950000 3.150000 10.600000
v -3.150000 7.950000 10.600000
v 3.950000 7.950000 10.600000
v 3.950000 -6.150000 10.800000
v 3.950000 -6.150000 10.700000
v -3.150000 -3.750000 10.800000
v -3.150000 -3.750000 10.700000
v 21.950000 -3.750000 10.800000
v 21.950000 -3.750000 10.700000
v -21.150000 2.450000 10.700000
v 21.950000 2.450000 10.700000
v -3.150000 7.750000 10.700000
v 3.950000 7.750000 10.700000
v 3.950000 -5.850000 10.900000
v 3.950000 -5.850000 10.800000
v -3.150000 -3.450000 10.900000
v -3.150000 -3.450000 10.800000
v 21.950000 -3.450000 10.900000
v 21.950000 -3.450000 10.800000
v -21.150000 1.750000 10.800000
v 21.950000 1.750000 10.800000
v -3.150000 7.450000 10.800000
v 3.950000 7.450000 10.800000
v 3.950000 -5.650000 11.000000
v 3.950000 -5.650000 10.900000
v -3.150000 -3.050000 11.000000
v -3.150000 -3.050000 10.900000
v 21.950000 -3.050000 11.000000
v 21.950000 -3.050000 10.900000
v -3.150000 7.250000 10.900000
v 3.950000 7.250000 10.900000
v 3.950000 -5.450000 11.100000
v 3.950000 -5.450000 11.000000
v -3.150000 -2.750000 11.100000
v -3.150000 -2.750000 11.000000
v 21.950000 -2.750000 11.100000
v 21.950000 -2.750000 11.000000
v -3.150000 6.950000 11.000000
v 3.950000 6.950000 11.000000
v 3.950000 -5.150000 11.200000
v 3.950000 -5.150000 11.100000
v -3.150000 -2.150000 11.200000
v -3.150000 -2.150000 11.100000
v 21.950000 -2.150000 11.200000
v 21.950000 -2.150000 11.100000
v -3.150000 6.650000 11.100000
v 3.950000 6.650000 11.100000
v 3.950000 -4.950000 11.300000
v 3.950000 -4.950000 11.200000
v -3.150000 -1.550000 11.300000
v -3.150000 -1.550000 11.200000
v 21.950000 -1.550000 11.300000
v 21.950000 -1.550000 11.200000
v -3.150000 6.250000 11.200000
v 3.950000 6.250000 11.200000
v 3.950000 -4.750000 11.400000
v 3.950000 -4.750000 11.300000
v -3.150000 -0.850000 11.400000
v -3.150000 -0.850000 11.300000
v 21.950000 -0.850000 11.400000
v 21.950000 -0.850000 11.300000
v -3.150000 5.850000 11.300000
v 3.950000 5.850000 11.300000
v 3.950000 -4.450000 11.500000
v 3.950000 -4.450000 11.400000
v -3.150000 5.550000 11.400000
v 3.950000 5.550000 11.400000
v 3.950000 -4.150000 11.600000
v 3.950000 -4.150000 11.500000
v -3.150000 5.150000 11.500000
v 3.950000 5.150000 11.500000
v 3.950000 -3.750000 11.700000
v 3.950000 -3.750000 11.600000
v -3.150000 4.650000 11.600000
v 3.950000 4.650000 11.600000
v 3.950000 -3.350000 11.800000
v 3.950000 -3.350000 11.700000
v -3.150000 3.950000 11.700000
v 3.950000 3.950000 11.700000
v 3.950000 -3.050000 11.900000
v 3.950000 -3.050000 11.800000
v -3.150000 3.150000 11.800000
v 3.950000 3.150000 11.800000
v 3.950000 -2.650000 12.000000
v 3.950000 -2.650000 11.900000
v 3.950000 -2.250000 12.100000
v 3.950000 -2.250000 12.000000
v 3.950000 -1.750000 12.200000
v 3.950000 -1.750000 12.100000
v 3.950000 -0.950000 12.300000
v 3.950000 -0.950000 12.200000
v 3.950000 -0.250000 12.400000
v 3.950000 -0.250000 12.300000
v -5.750000 6.550000 -0.300000
v -5.750000 6.550000 -1.700000
v -4.850000 6.550000 -0.300000
v -4.850000 6.550000 -1.700000
v -4.950000 6.550000 -1.700000
v -5.750000 6.550000 8.700000
v -5.750000 6.550000 7.300000
v -4.850000 6.550000 8.700000
v -4.850000 6.550000 7.300000
v -4.950000 6.550000 7.300000
v -5.750000 6.550000 2.700000
v -5.750000 6.550000 1.300000
v -4.850000 6.550000 2.700000
v -4.850000 6.550000 1.300000
v -4.950000 6.550000 1.300000
v -5.750000 6.550000 5.700000
v -5.750000 6.550000 4.300000
v -4.850000 6.550000 5.700000
v -4.850000 6.550000 4.300000
v -4.950000 6.550000 4.300000
v -17.750000 6.550000 8.700000
v -17.750000 6.550000 7.300000
v -16.850000 6.550000 8.700000
v -16.850000 6.550000 7.300000
v -16.950000 6.550000 7.300000
v -16.250000 6.550000 8.700000
v -16.250000 6.550000 7.300000
v -15.350000 6.550000 8.700000
v -15.350000 6.550000 7.300000
v -15.450000 6.550000 7.300000
v -14.750000 6.550000 8.700000
v -14.750000 6.550000 7.300000
v -13.850000 6.550000 8.700000
v -13.850000 6.550000 7.300000
v -13.950000 6.550000 7.300000
v -13.250000 6.550000 8.700000
v -13.250000 6.550000 7.300000
v -12.350000 6.550000 8.700000
v -12.350000 6.550000 7.300000
v -12.450000 6.550000 7.300000
v -17.750000 6.550000 -0.300000
v -17.750000 6.550000 -1.700000
v -16.850000 6.550000 -0.300000
v -16.850000 6.550000 -1.700000
v -16.950000 6.550000 -1.700000
v -16.250000 6.550000 -0.300000
v -16.250000 6.550000 -1.700000
v -15.350000 6.550000 -0.300000
v -15.350000 6.550000 -1.700000
v -15.450000 6.550000 -1.700000
v -14.750000 6.550000 -0.300000
v -14.750000 6.550000 -1.700000
v -13.850000 6.550000 -0.300000
v -13.850000 6.550000 -1.700000
v -13.950000 6.550000 -1.700000
v -13.250000 6.550000 -0.300000
v -13.250000 6.550000 -1.700000
v -12.350000 6.550000 -0.300000
v -12.350000 6.550000 -1.700000
v -12.450000 6.550000 -1.700000
v -20.650000 6.550000 -0.300000
v -20.650000 6.550000 -1.700000
v -19.750000 6.550000 -0.300000
v -19.750000 6.550000 -1.700000
v -19.850000 6.550000 -1.700000
v -20.650000 6.550000 8.700000
v -20.650000 6.550000 7.300000
v -19.750000 6.550000 8.700000
v -19.750000 6.550000 7.300000
v -19.850000 6.550000 7.300000
v -19.250000 6.550000 -0.300000
v -19.250000 6.550000 -1.700000
v -18.350000 6.550000 -0.300000
v -18.350000 6.550000 -1.700000
v -18.450000 6.550000 -1.700000
v -19.250000 6.550000 8.700000
v -19.250000 6.550000 7.300000
v -18.350000 6.550000 8.700000
v -18.350000 6.550000 7.300000
v -18.450000 6.550000 7.300000
v -17.750000 6.550000 2.700000
v -17.750000 6.550000 1.300000
v -16.850000 6.550000 2.700000
v -16.850000 6.550000 1.300000
v -16.950000 6.550000 1.300000
v -16.250000 6.550000 2.700000
v -16.250000 6.550000 1.300000
v -15.350000 6.550000 2.700000
v -15.350000 6.550000 1.300000
v -15.450000 6.550000 1.300000
v -14.750000 6.550000 2.700000
v -14.750000 6.550000 1.300000
v -13.850000 6.550000 2.700000
v -13.850000 6.550000 1.300000
v -13.950000 6.550000 1.300000
v -17.750000 6.550000 5.700000
v -17.750000 6.550000 4.300000
v -16.850000 6.550000 5.700000
v -16.850000 6.550000 4.300000
v -16.950000 6.550000 4.300000
v -13.250000 6.550000 2.700000
v -13.250000 6.550000 1.300000
v -12.350000 6.550000 2.700000
v -12.350000 6.550000 1.300000
v -12.450000 6.550000 1.300000
v -16.250000 6.550000 5.700000
v -16.250000 6.550000 4.300000
v -15.350000 6.550000 5.700000
v -15.350000 6.550000 4.300000
v -15.450000 6.550000 4.300000
v -14.750000 6.550000 5.700000
v -14.750000 6.550000 4.300000
v -13.850000 6.550000 5.700000
v -13.850000 6.550000 4.300000
v -13.950000 6.550000 4.300000
v -13.250000 6.550000 5.700000
v -13.250000 6.550000 4.300000
v -12.350000 6.550000 5.700000
v -12.350000 6.550000 4.300000
v -12.450000 6.550000 4.300000
v -20.650000 6.550000 2.700000
v -20.650000 6.550000 1.300000
v -19.750000 6.550000 2.700000
v -19.750000 6.550000 1.300000
v -19.850000 6.550000 1.300000
v -20.650000 6.550000 5.700000
v -20.650000 6.550000 4.300000
v -19.750000 6.550000 5.700000
v -19.750000 6.550000 4.300000
v -19.850000 6.550000 4.300000
v -19.250000 6.550000 2.700000
v -19.250000 6.550000 1.300000
v -18.350000 6.550000 2.700000
v -18.350000 6.550000 1.300000
v -18.450000 6.550000 1.300000
v -19.250000 6.550000 5.700000
v -19.250000 6.550000 4.300000
v -18.350000 6.550000 5.700000
v -18.350000 6.550000 4.300000
v -18.450000 6.550000 4.300000
v -4.250000 6.550000 -0.300000
v -4.250000 6.550000 -1.700000
v -3.350000 6.550000 -0.300000
v -3.350000 6.550000 -1.700000
v -3.450000 6.550000 -1.700000
v -11.750000 6.550000 8.700000
v -11.750000 6.550000 7.300000
v -10.850000 6.550000 8.700000
v -10.850000 6.550000 7.300000
v -10.950000 6.550000 7.300000
v -10.250000 6.550000 8.700000
v -10.250000 6.550000 7.300000
v -9.350000 6.550000 8.700000
v -9.350000 6.550000 7.300000
v -9.450000 6.550000 7.300000
v -8.750000 6.550000 8.700000
v -8.750000 6.550000 7.300000
v -7.850000 6.550000 8.700000
v -7.850000 6.550000 7.300000
v -7.950000 6.550000 7.300000
v -7.250000 6.550000 8.700000
v -7.250000 6.550000 7.300000
v -6.350000 6.550000 8.700000
v -6.350000 6.550000 7.300000
v -6.450000 6.550000 7.300000
v -11.750000 6.550000 -0.300000
v -11.750000 6.550000 -1.700000
v -10.850000 6.550000 -0.300000
v -10.850000 6.550000 -1.700000
v -10.950000 6.550000 -1.700000
v -10.250000 6.550000 -0.300000
v -10.250000 6.550000 -1.700000
v -9.350000 6.550000 -0.300000
v -9.350000 6.550000 -1.700000
v -9.450000 6.550000 -1.700000
v -8.750000 6.550000 -0.300000
v -8.750000 6.550000 -1.700000
v -7.850000 6.550000 -0.300000
v -7.850000 6.550000 -1.700000
v -7.950000 6.550000 -1.700000
v -7.250000 6.550000 -0.300000
v -7.250000 6.550000 -1.700000
v -6.350000 6.550000 -0.300000
v -6.350000 6.550000 -1.700000
v -6.450000 6.550000 -1.700000
v -4.250000 6.550000 8.700000
v -4.250000 6.550000 7.300000
v -3.350000 6.550000 8.700000
v -3.350000 6.550000 7.300000
v -3.450000 6.550000 7.300000
v -11.750000 6.550000 2.700000
v -11.750000 6.550000 1.300000
v -10.850000 6.550000 2.700000
v -10.850000 6.550000 1.300000
v -10.950000 6.550000 1.300000
v -10.250000 6.550000 2.700000
v -10.250000 6.550000 1.300000
v -9.350000 6.550000 2.700000
v -9.350000 6.550000 1.300000
v -9.450000 6.550000 1.300000
v -8.750000 6.550000 2.700000
v -8.750000 6.550000 1.300000
v -7.850000 6.550000 2.700000
v -7.850000 6.550000 1.300000
v -7.950000 6.550000 1.300000
v -11.750000 6.550000 5.700000
v -11.750000 6.550000 4.300000
v -10.850000 6.550000 5.700000
v -10.850000 6.550000 4.300000
v -10.950000 6.550000 4.300000
v -7.250000 6.550000 2.700000
v -7.250000 6.550000 1.300000
v -6.350000 6.550000 2.700000
v -6.350000 6.550000 1.300000
v -6.450000 6.550000 1.300000
v -10.250000 6.550000 5.700000
v -10.250000 6.550000 4.300000
v -9.350000 6.550000 5.700000
v -9.350000 6.550000 4.300000
v -9.450000 6.550000 4.300000
v -8.750000 6.550000 5.700000
v -8.750000 6.550000 4.300000
v -7.850000 6.550000 5.700000
v -7.850000 6.550000 4.300000
v -7.950000 6.550000 4.300000
v -4.250000 6.550000 2.700000
v -4.250000 6.550000 1.300000
v -3.350000 6.550000 2.700000
v -3.350000 6.550000 1.300000
v -3.450000 6.550000 1.300000
v -7.250000 6.550000 5.700000
v -7.250000 6.550000 4.300000
v -6.350000 6.550000 5.700000
v -6.350000 6.550000 4.300000
v -6.450000 6.550000 4.300000
v -4.250000 6.550000 5.700000
v -4.250000 6.550000 4.300000
v -3.350000 6.550000 5.700000
v -3.350000 6.550000 4.300000
v -3.450000 6.550000 4.300000
v -5.750000 6.350000 -1.700000
v -5.750000 6.350000 -0.400000
v -5.750000 6.350000 -0.300000
v -5.750000 6.450000 -0.300000
v -5.750000 6.450000 -1.700000
v -4.850000 6.350000 -1.700000
v -4.850000 6.350000 -0.300000
v -4.850000 6.350000 -0.400000
v -5.750000 6.350000 7.300000
v -5.750000 6.350000 8.600000
v -5.750000 6.350000 8.700000
v -5.750000 6.450000 8.700000
v -5.750000 6.450000 7.300000
v -4.850000 6.350000 7.300000
v -4.850000 6.350000 8.700000
v -4.850000 6.350000 8.600000
v -5.750000 6.350000 1.300000
v -5.750000 6.350000 2.600000
v -5.750000 6.350000 2.700000
v -5.750000 6.450000 2.700000
v -5.750000 6.450000 1.300000
v -4.850000 6.350000 1.300000
v -4.850000 6.350000 2.700000
v -4.850000 6.350000 2.600000
v -5.750000 6.350000 4.300000
v -5.750000 6.350000 5.600000
v -5.750000 6.350000 5.700000
v -5.750000 6.450000 5.700000
v -5.750000 6.450000 4.300000
v -4.850000 6.350000 4.300000
v -4.850000 6.350000 5.700000
v -4.850000 6.350000 5.600000
v -17.750000 6.350000 7.300000
v -17.750000 6.350000 8.600000
v -17.750000 6.350000 8.700000
v -17.750000 6.450000 8.700000
v -17.750000 6.450000 7.300000
v -16.850000 6.350000 7.300000
v -16.850000 6.350000 8.700000
v -16.850000 6.350000 8.600000
v -16.250000 6.350000 7.300000
v -16.250000 6.350000 8.600000
v -16.250000 6.350000 8.700000
v -16.250000 6.450000 8.700000
v -16.250000 6.450000 7.300000
v -15.350000 6.350000 7.300000
v -15.350000 6.350000 8.700000
v -15.350000 6.350000 8.600000
v -14.750000 6.350000 7.300000
v -14.750000 6.350000 8.600000
v -14.750000 6.350000 8.700000
v -14.750000 6.450000 8.700000
v -14.750000 6.450000 7.300000
v -13.850000 6.350000 7.300000
v -13.850000 6.350000 8.700000
v -13.850000 6.350000 8.600000
v -13.250000 6.350000 7.300000
v -13.250000 6.350000 8.600000
v -13.250000 6.350000 8.700000
v -13.250000 6.450000 8.700000
v -13.250000 6.450000 7.300000
v -12.350000 6.350000 7.300000
v -12.350000 6.350000 8.700000
v -12.350000 6.350000 8.600000
v -17.750000 6.350000 -1.700000
v -17.750000 6.350000 -0.400000
v -17.750000 6.350000 -0.300000
v -17.750000 6.450000 -0.300000
v -17.750000 6.450000 -1.700000
v -16.850000 6.350000 -1.700000
v -16.850000 6.350000 -0.300000
v -16.850000 6.350000 -0.400000
v -16.250000 6.350000 -1.700000
v -16.250000 6.350000 -0.400000
v -16.250000 6.350000 -0.300000
v -16.250000 6.450000 -0.300000
v -16.250000 6.450000 -1.700000
v -15.350000 6.350000 -1.700000
v -15.350000 6.350000 -0.300000
v -15.350000 6.350000 -0.400000
v -14.750000 6.350000 -1.700000
v -14.750000 6.350000 -0.400000
v -14.750000 6.350000 -0.300000
v -14.750000 6.450000 -0.300000
v -14.750000 6.450000 -1.700000
v -13.850000 6.350000 -1.700000
v -13.850000 6.350000 -0.300000
v -13.850000 6.350000 -0.400000
v -13.250000 6.350000 -1.700000
v -13.250000 6.350000 -0.400000
v -13.250000 6.350000 -0.300000
v -13.250000 6.450000 -0.300000
v -13.250000 6.450000 -1.700000
v -12.350000 6.350000 -1.700000
v -12.350000 6.350000 -0.300000
v -12.350000 6.350000 -0.400000
v -20.650000 6.350000 -1.700000
v -20.650000 6.350000 -0.400000
v -20.650000 6.350000 -0.300000
v -20.650000 6.450000 -0.300000
v -20.650000 6.450000 -1.700000
v -19.750000 6.350000 -1.700000
v -19.750000 6.350000 -0.300000
v -19.750000 6.350000 -0.400000
v -20.650000 6.350000 7.300000
v -20.650000 6.350000 8.600000
v -20.650000 6.350000 8.700000
v -20.650000 6.450000 8.700000
v -20.650000 6.450000 7.300000
v -19.750000 6.350000 7.300000
v -19.750000 6.350000 8.700000
v -19.750000 6.350000 8.600000
v -19.250000 6.350000 -1.700000
v -19.250000 6.350000 -0.400000
v -19.250000 6.350000 -0.300000
v -19.250000 6.450000 -0.300000
v -19.250000 6.450000 -1.700000
v -18.350000 6.350000 -1.700000
v -18.350000 6.350000 -0.300000
v -18.350000 6.350000 -0.400000
v -19.250000 6.350000 7.300000
v -19.250000 6.350000 8.600000
v -19.250000 6.350000 8.700000
v -19.250000 6.450000 8.700000
v -19.250000 6.450000 7.300000
v -18.350000 6.350000 7.300000
v -18.350000 6.350000 8.700000
v -18.350000 6.350000 8.600000
v -17.750000 6.350000 1.300000
v -17.750000 6.350000 2.600000
v -17.750000 6.350000 2.700000
v -17.750000 6.450000 2.700000
v -17.750000 6.450000 1.300000
v -16.850000 6.350000 1.300000
v -16.850000 6.350000 2.700000
v -16.850000 6.350000 2.600000
v -16.250000 6.350000 1.300000
v -16.250000 6.350000 2.600000
v -16.250000 6.350000 2.700000
v -16.250000 6.450000 2.700000
v -16.250000 6.450000 1.300000
v -15.350000 6.350000 1.300000
v -15.350000 6.350000 2.700000
v -15.350000 6.350000 2.600000
v -14.750000 6.350000 1.300000
v -14.750000 6.350000 2.600000
v -14.750000 6.350000 2.700000
v -14.750000 6.450000 2.700000
v -14.750000 6.450000 1.300000
v -13.850000 6.350000 1.300000
v -13.850000 6.350000 2.700000
v -13.850000 6.350000 2.600000
v -17.750000 6.350000 4.300000
v -17.750000 6.350000 5.600000
v -17.750000 6.350000 5.700000
v -17.750000 6.450000 5.700000
v -17.750000 6.450000 4.300000
v -16.850000 6.350000 4.300000
v -16.850000 6.350000 5.700000
v -16.850000 6.350000 5.600000
v -13.250000 6.350000 1.300000
v -13.250000 6.350000 2.600000
v -13.250000 6.350000 2.700000
v -13.250000 6.450000 2.700000
v -13.250000 6.450000 1.300000
v -12.350000 6.350000 1.300000
v -12.350000 6.350000 2.700000
v -12.350000 6.350000 2.600000
v -16.250000 6.350000 4.300000
v -16.250000 6.350000 5.600000
v -16.250000 6.350000 5.700000
v -16.250000 6.450000 5.700000
v -16.250000 6.450000 4.300000
v -15.350000 6.350000 4.300000
v -15.350000 6.350000 5.700000
v -15.350000 6.350000 5.600000
v -14.750000 6.350000 4.300000
v -14.750000 6.350000 5.600000
v -14.750000 6.350000 5.700000
v -14.750000 6.450000 5.700000
v -14.750000 6.450000 4.300000
v -13.850000 6.350000 4.300000
v -13.850000 6.350000 5.700000
v -13.850000 6.350000 5.600000
v -13.250000 6.350000 4.300000
v -13.250000 6.350000 5.600000
v -13.250000 6.350000 5.700000
v -13.250000 6.450000 5.700000
v -13.250000 6.450000 4.300000
v -12.350000 6.350000 4.300000
v -12.350000 6.350000 5.700000
v -12.350000 6.350000 5.600000
v -20.650000 6.350000 1.300000
v -20.650000 6.350000 2.600000
v -20.650000 6.350000 2.700000
v -20.650000 6.450000 2.700000
v -20.650000 6.450000 1.300000
v -19.750000 6.350000 1.300000
v -19.750000 6.350000 2.700000
v -19.750000 6.350000 2.600000
v -20.650000 6.350000 4.300000
v -20.650000 6.350000 5.600000
v -20.650000 6.350000 5.700000
v -20.650000 6.450000 5.700000
v -20.650000 6.450000 4.300000
v -19.750000 6.350000 4.300000
v -19.750000 6.350000 5.700000
v -19.750000 6.350000 5.600000
v -19.250000 6.350000 1.300000
v -19.250000 6.350000 2.600000
v -19.250000 6.350000 2.700000
v -19.250000 6.450000 2.700000
v -19.250000 6.450000 1.300000
v -18.350000 6.350000 1.300000
v -18.350000 6.350000 2.700000
v -18.350000 6.350000 2.600000
v -19.250000 6.350000 4.300000
v -19.250000 6.350000 5.600000
v -19.250000 6.350000 5.700000
v -19.250000 6.450000 5.700000
v -19.250000 6.450000 4.300000
v -18.350000 6.350000 4.300000
v -18.350000 6.350000 5.700000
v -18.350000 6.350000 5.600000
v -4.250000 6.350000 -1.700000
v -4.250000 6.350000 -0.400000
v -4.250000 6.350000 -0.300000
v -4.250000 6.450000 -0.300000
v -4.250000 6.450000 -1.700000
v -3.350000 6.350000 -1.700000
v -3.350000 6.350000 -0.300000
v -3.350000 6.350000 -0.400000
v -11.750000 6.350000 7.300000
v -11.750000 6.350000 8.600000
v -11.750000 6.350000 8.700000
v -11.750000 6.450000 8.700000
v -11.750000 6.450000 7.300000
v -10.850000 6.350000 7.300000
v -10.850000 6.350000 8.700000
v -10.850000 6.350000 8.600000
v -10.250000 6.350000 7.300000
v -10.250000 6.350000 8.600000
v -10.250000 6.350000 8.700000
v -10.250000 6.450000 8.700000
v -10.250000 6.450000 7.300000
v -9.350000 6.350000 7.300000
v -9.350000 6.350000 8.700000
v -9.350000 6.350000 8.600000
v -8.750000 6.350000 7.300000
v -8.750000 6.350000 8.600000
v -8.750000 6.350000 8.700000
v -8.750000 6.450000 8.700000
v -8.750000 6.450000 7.300000
v -7.850000 6.350000 7.300000
v -7.850000 6.350000 8.700000
v -7.850000 6.350000 8.600000
v -7.250000 6.350000 7.300000
v -7.250000 6.350000 8.600000
v -7.250000 6.350000 8.700000
v -7.250000 6.450000 8.700000
v -7.250000 6.450000 7.300000
v -6.350000 6.350000 7.300000
v -6.350000 6.350000 8.700000
v -6.350000 6.350000 8.600000
v -11.750000 6.350000 -1.700000
v -11.750000 6.350000 -0.400000
v -11.750000 6.350000 -0.300000
v -11.750000 6.450000 -0.300000
v -11.750000 6.450000 -1.700000
v -10.850000 6.350000 -1.700000
v -10.850000 6.350000 -0.300000
v -10.850000 6.350000 -0.400000
v -10.250000 6.350000 -1.700000
v -10.250000 6.350000 -0.400000
v -10.250000 6.350000 -0.300000
v -10.250000 6.450000 -0.300000
v -10.250000 6.450000 -1.700000
v -9.350000 6.350000 -1.700000
v -9.350000 6.350000 -0.300000
v -9.350000 6.350000 -0.400000
v -8.750000 6.350000 -1.700000
v -8.750000 6.350000 -0.400000
v -8.750000 6.350000 -0.300000
v -8.750000 6.450000 -0.300000
v -8.750000 6.450000 -1.700000
v -7.850000 6.350000 -1.700000
v -7.850000 6.350000 -0.300000
v -7.850000 6.350000 -0.400000
v -7.250000 6.350000 -1.700000
v -7.250000 6.350000 -0.400000
v -7.250000 6.350000 -0.300000
v -7.250000 6.450000 -0.300000
v -7.250000 6.450000 -1.700000
v -6.350000 6.350000 -1.700000
v -6.350000 6.350000 -0.300000
v -6.350000 6.350000 -0.400000
v -4.250000 6.350000 7.300000
v -4.250000 6.350000 8.600000
v -4.250000 6.350000 8.700000
v -4.250000 6.450000 8.700000
v -4.250000 6.450000 7.300000
v -3.350000 6.350000 7.300000
v -3.350000 6.350000 8.700000
v -3.350000 6.350000 8.600000
v -11.750000 6.350000 1.300000
v -11.750000 6.350000 2.600000
v -11.750000 6.350000 2.700000
v -11.750000 6.450000 2.700000
v -11.750000 6.450000 1.300000
v -10.850000 6.350000 1.300000
v -10.850000 6.350000 2.700000
v -10.850000 6.350000 2.600000
v -10.250000 6.350000 1.300000
v -10.250000 6.350000 2.600000
v -10.250000 6.350000 2.700000
v -10.250000 6.450000 2.700000
v -10.250000 6.450000 1.300000
v -9.350000 6.350000 1.300000
v -9.350000 6.350000 2.700000
v -9.350000 6.350000 2.600000
v -8.750000 6.350000 1.300000
v -8.750000 6.350000 2.600000
v -8.750000 6.350000 2.700000
v -8.750000 6.450000 2.700000
v -8.750000 6.450000 1.300000
v -7.850000 6.350000 1.300000
v -7.850000 6.350000 2.700000
v -7.850000 6.350000 2.600000
v -11.750000 6.350000 4.300000
v -11.750000 6.350000 5.600000
v -11.750000 6.350000 5.700000
v -11.750000 6.450000 5.700000
v -11.750000 6.450000 4.300000
v -10.850000 6.350000 4.300000
v -10.850000 6.350000 5.700000
v -10.850000 6.350000 5.600000
v -7.250000 6.350000 1.300000
v -7.250000 6.350000 2.600000
v -7.250000 6.350000 2.700000
v -7.250000 6.450000 2.700000
v -7.250000 6.450000 1.300000
v -6.350000 6.350000 1.300000
v -6.350000 6.350000 2.700000
v -6.350000 6.350000 2.600000
v -10.250000 6.350000 4.300000
v -10.250000 6.350000 5.600000
v -10.250000 6.350000 5.700000
v -10.250000 6.450000 5.700000
v -10.250000 6.450000 4.300000
v -9.350000 6.350000 4.300000
v -9.350000 6.350000 5.700000
v -9.350000 6.350000 5.600000
v -8.750000 6.350000 4.300000
v -8.750000 6.350000 5.600000
v -8.750000 6.350000 5.700000
v -8.750000 6.450000 5.700000
v -8.750000 6.450000 4.300000
v -7.850000 6.350000 4.300000
v -7.850000 6.350000 5.700000
v -7.850000 6.350000 5.600000
v -4.250000 6.350000 1.300000
v -4.250000 6.350000 2.600000
v -4.250000 6.350000 2.700000
v -4.250000 6.450000 2.700000
v -4.250000 6.450000 1.300000
v -3.350000 6.350000 1.300000
v -3.350000 6.350000 2.700000
v -3.350000 6.350000 2.600000
v -7.250000 6.350000 4.300000
v -7.250000 6.350000 5.600000
v -7.250000 6.350000 5.700000
v -7.250000 6.450000 5.700000
v -7.250000 6.450000 4.300000
v -6.350000 6.350000 4.300000
v -6.350000 6.350000 5.700000
v -6.350000 6.350000 5.600000
v -4.250000 6.350000 4.300000
v -4.250000 6.350000 5.600000
v -4.250000 6.350000 5.700000
v -4.250000 6.450000 5.700000
v -4.250000 6.450000 4.300000
v -3.350000 6.350000 4.300000
v -3.350000 6.350000 5.700000
v -3.350000 6.350000 5.600000
v 12.250000 6.550000 -0.300000
v 12.250000 6.550000 -1.700000
v 13.150000 6.550000 -0.300000
v 13.150000 6.550000 -1.700000
v 13.050000 6.550000 -1.700000
v 13.750000 6.550000 -0.300000
v 13.750000 6.550000 -1.700000
v 14.650000 6.550000 -0.300000
v 14.650000 6.550000 -1.700000
v 14.550000 6.550000 -1.700000
v 15.250000 6.550000 -0.300000
v 15.250000 6.550000 -1.700000
v 16.150000 6.550000 -0.300000
v 16.150000 6.550000 -1.700000
v 16.050000 6.550000 -1.700000
v 19.650000 6.550000 -0.300000
v 19.650000 6.550000 -1.700000
v 20.550000 6.550000 -0.300000
v 20.550000 6.550000 -1.700000
v 20.450000 6.550000 -1.700000
v 12.250000 6.550000 8.700000
v 12.250000 6.550000 7.300000
v 13.150000 6.550000 8.700000
v 13.150000 6.550000 7.300000
v 13.050000 6.550000 7.300000
v 13.750000 6.550000 8.700000
v 13.750000 6.550000 7.300000
v 14.650000 6.550000 8.700000
v 14.650000 6.550000 7.300000
v 14.550000 6.550000 7.300000
v 15.250000 6.550000 8.700000
v 15.250000 6.550000 7.300000
v 16.150000 6.550000 8.700000
v 16.150000 6.550000 7.300000
v 16.050000 6.550000 7.300000
v 19.650000 6.550000 8.700000
v 19.650000 6.550000 7.300000
v 20.550000 6.550000 8.700000
v 20.550000 6.550000 7.300000
v 20.450000 6.550000 7.300000
v 12.250000 6.550000 2.700000
v 12.250000 6.550000 1.300000
v 13.150000 6.550000 2.700000
v 13.150000 6.550000 1.300000
v 13.050000 6.550000 1.300000
v 13.750000 6.550000 2.700000
v 13.750000 6.550000 1.300000
v 14.650000 6.550000 2.700000
v 14.650000 6.550000 1.300000
v 14.550000 6.550000 1.300000
v 15.250000 6.550000 2.700000
v 15.250000 6.550000 1.300000
v 16.150000 6.550000 2.700000
v 16.150000 6.550000 1.300000
v 16.050000 6.550000 1.300000
v 19.650000 6.550000 2.700000
v 19.650000 6.550000 1.300000
v 20.550000 6.550000 2.700000
v 20.550000 6.550000 1.300000
v 20.450000 6.550000 1.300000
v 19.650000 6.550000 5.700000
v 19.650000 6.550000 4.300000
v 20.550000 6.550000 5.700000
v 20.550000 6.550000 4.300000
v 20.450000 6.550000 4.300000
v 12.250000 6.550000 5.700000
v 12.250000 6.550000 4.300000
v 13.150000 6.550000 5.700000
v 13.150000 6.550000 4.300000
v 13.050000 6.550000 4.300000
v 13.750000 6.550000 5.700000
v 13.750000 6.550000 4.300000
v 14.650000 6.550000 5.700000
v 14.650000 6.550000 4.300000
v 14.550000 6.550000 4.300000
v 15.250000 6.550000 5.700000
v 15.250000 6.550000 4.300000
v 16.150000 6.550000 5.700000
v 16.150000 6.550000 4.300000
v 16.050000 6.550000 4.300000
v 3.250000 6.550000 -0.300000
v 3.250000 6.550000 -1.700000
v 4.150000 6.550000 -0.300000
v 4.150000 6.550000 -1.700000
v 4.050000 6.550000 -1.700000
v 4.750000 6.550000 -0.300000
v 4.750000 6.550000 -1.700000
v 5.650000 6.550000 -0.300000
v 5.650000 6.550000 -1.700000
v 5.550000 6.550000 -1.700000
v 6.250000 6.550000 -0.300000
v 6.250000 6.550000 -1.700000
v 7.150000 6.550000 -0.300000
v 7.150000 6.550000 -1.700000
v 7.050000 6.550000 -1.700000
v 7.750000 6.550000 -0.300000
v 7.750000 6.550000 -1.700000
v 8.650000 6.550000 -0.300000
v 8.650000 6.550000 -1.700000
v 8.550000 6.550000 -1.700000
v 16.750000 6.550000 -0.300000
v 16.750000 6.550000 -1.700000
v 17.650000 6.550000 -0.300000
v 17.650000 6.550000 -1.700000
v 17.550000 6.550000 -1.700000
v 18.250000 6.550000 -0.300000
v 18.250000 6.550000 -1.700000
v 19.150000 6.550000 -0.300000
v 19.150000 6.550000 -1.700000
v 19.050000 6.550000 -1.700000
v 9.250000 6.550000 8.700000
v 9.250000 6.550000 7.300000
v 10.150000 6.550000 8.700000
v 10.150000 6.550000 7.300000
v 10.050000 6.550000 7.300000
v 9.250000 6.550000 -0.300000
v 9.250000 6.550000 -1.700000
v 10.150000 6.550000 -0.300000
v 10.150000 6.550000 -1.700000
v 10.050000 6.550000 -1.700000
v 3.250000 6.550000 8.700000
v 3.250000 6.550000 7.300000
v 4.150000 6.550000 8.700000
v 4.150000 6.550000 7.300000
v 4.050000 6.550000 7.300000
v 4.750000 6.550000 8.700000
v 4.750000 6.550000 7.300000
v 5.650000 6.550000 8.700000
v 5.650000 6.550000 7.300000
v 5.550000 6.550000 7.300000
v 6.250000 6.550000 8.700000
v 6.250000 6.550000 7.300000
v 7.150000 6.550000 8.700000
v 7.150000 6.550000 7.300000
v 7.050000 6.550000 7.300000
v 7.750000 6.550000 8.700000
v 7.750000 6.550000 7.300000
v 8.650000 6.550000 8.700000
v 8.650000 6.550000 7.300000
v 8.550000 6.550000 7.300000
v 16.750000 6.550000 8.700000
v 16.750000 6.550000 7.300000
v 17.650000 6.550000 8.700000
v 17.650000 6.550000 7.300000
v 17.550000 6.550000 7.300000
v 18.250000 6.550000 8.700000
v 18.250000 6.550000 7.300000
v 19.150000 6.550000 8.700000
v 19.150000 6.550000 7.300000
v 19.050000 6.550000 7.300000
v 3.250000 6.550000 2.700000
v 3.250000 6.550000 1.300000
v 4.150000 6.550000 2.700000
v 4.150000 6.550000 1.300000
v 4.050000 6.550000 1.300000
v 4.750000 6.550000 2.700000
v 4.750000 6.550000 1.300000
v 5.650000 6.550000 2.700000
v 5.650000 6.550000 1.300000
v 5.550000 6.550000 1.300000
v 6.250000 6.550000 2.700000
v 6.250000 6.550000 1.300000
v 7.150000 6.550000 2.700000
v 7.150000 6.550000 1.300000
v 7.050000 6.550000 1.300000
v 3.250000 6.550000 5.700000
v 3.250000 6.550000 4.300000
v 4.150000 6.550000 5.700000
v 4.150000 6.550000 4.300000
v 4.050000 6.550000 4.300000
v 7.750000 6.550000 2.700000
v 7.750000 6.550000 1.300000
v 8.650000 6.550000 2.700000
v 8.650000 6.550000 1.300000
v 8.550000 6.550000 1.300000
v 4.750000 6.550000 5.700000
v 4.750000 6.550000 4.300000
v 5.650000 6.550000 5.700000
v 5.650000 6.550000 4.300000
v 5.550000 6.550000 4.300000
v 9.250000 6.550000 2.700000
v 9.250000 6.550000 1.300000
v 10.150000 6.550000 2.700000
v 10.150000 6.550000 1.300000
v 10.050000 6.550000 1.300000
v 6.250000 6.550000 5.700000
v 6.250000 6.550000 4.300000
v 7.150000 6.550000 5.700000
v 7.150000 6.550000 4.300000
v 7.050000 6.550000 4.300000
v 7.750000 6.550000 5.700000
v 7.750000 6.550000 4.300000
v 8.650000 6.550000 5.700000
v 8.650000 6.550000 4.300000
v 8.550000 6.550000 4.300000
v 9.250000 6.550000 5.700000
v 9.250000 6.550000 4.300000
v 10.150000 6.550000 5.700000
v 10.150000 6.550000 4.300000
v 10.050000 6.550000 4.300000
v 16.750000 6.550000 2.700000
v 16.750000 6.550000 1.300000
v 17.650000 6.550000 2.700000
v 17.650000 6.550000 1.300000
v 17.550000 6.550000 1.300000
v 18.250000 6.550000 2.700000
v 18.250000 6.550000 1.300000
v 19.150000 6.550000 2.700000
v 19.150000 6.550000 1.300000
v 19.050000 6.550000 1.300000
v 16.750000 6.550000 5.700000
v 16.750000 6.550000 4.300000
v 17.650000 6.550000 5.700000
v 17.650000 6.550000 4.300000
v 17.550000 6.550000 4.300000
v 18.250000 6.550000 5.700000
v 18.250000 6.550000 4.300000
v 19.150000 6.550000 5.700000
v 19.150000 6.550000 4.300000
v 19.050000 6.550000 4.300000
v 10.750000 6.550000 -0.300000
v 10.750000 6.550000 -1.700000
v 11.650000 6.550000 -0.300000
v 11.650000 6.550000 -1.700000
v 11.550000 6.550000 -1.700000
v 10.750000 6.550000 8.700000
v 10.750000 6.550000 7.300000
v 11.650000 6.550000 8.700000
v 11.650000 6.550000 7.300000
v 11.550000 6.550000 7.300000
v 10.750000 6.550000 2.700000
v 10.750000 6.550000 1.300000
v 11.650000 6.550000 2.700000
v 11.650000 6.550000 1.300000
v 11.550000 6.550000 1.300000
v 10.750000 6.550000 5.700000
v 10.750000 6.550000 4.300000
v 11.650000 6.550000 5.700000
v 11.650000 6.550000 4.300000
v 11.550000 6.550000 4.300000
v 12.250000 6.350000 -1.700000
v 12.250000 6.350000 -0.400000
v 12.250000 6.350000 -0.300000
v 12.250000 6.450000 -0.300000
v 12.250000 6.450000 -1.700000
v 13.150000 6.350000 -1.700000
v 13.150000 6.350000 -0.300000
v 13.150000 6.350000 -0.400000
v 13.750000 6.350000 -1.700000
v 13.750000 6.350000 -0.400000
v 13.750000 6.350000 -0.300000
v 13.750000 6.450000 -0.300000
v 13.750000 6.450000 -1.700000
v 14.650000 6.350000 -1.700000
v 14.650000 6.350000 -0.300000
v 14.650000 6.350000 -0.400000
v 15.250000 6.350000 -1.700000
v 15.250000 6.350000 -0.400000
v 15.250000 6.350000 -0.300000
v 15.250000 6.450000 -0.300000
v 15.250000 6.450000 -1.700000
v 16.150000 6.350000 -1.700000
v 16.150000 6.350000 -0.300000
v 16.150000 6.350000 -0.400000
v 19.650000 6.350000 -1.700000
v 19.650000 6.350000 -0.400000
v 19.650000 6.350000 -0.300000
v 19.650000 6.450000 -0.300000
v 19.650000 6.450000 -1.700000
v 20.550000 6.350000 -1.700000
v 20.550000 6.350000 -0.300000
v 20.550000 6.350000 -0.400000
v 12.250000 6.350000 7.300000
v 12.250000 6.350000 8.600000
v 12.250000 6.350000 8.700000
v 12.250000 6.450000 8.700000
v 12.250000 6.450000 7.300000
v 13.150000 6.350000 7.300000
v 13.150000 6.350000 8.700000
v 13.150000 6.350000 8.600000
v 13.750000 6.350000 7.300000
v 13.750000 6.350000 8.600000
v 13.750000 6.350000 8.700000
v 13.750000 6.450000 8.700000
v 13.750000 6.450000 7.300000
v 14.650000 6.350000 7.300000
v 14.650000 6.350000 8.700000
v 14.650000 6.350000 8.600000
v 15.250000 6.350000 7.300000
v 15.250000 6.350000 8.600000
v 15.250000 6.350000 8.700000
v 15.250000 6.450000 8.700000
v 15.250000 6.450000 7.300000
v 16.150000 6.350000 7.300000
v 16.150000 6.350000 8.700000
v 16.150000 6.350000 8.600000
v 19.650000 6.350000 7.300000
v 19.650000 6.350000 8.600000
v 19.650000 6.350000 8.700000
v 19.650000 6.450000 8.700000
v 19.650000 6.450000 7.300000
v 20.550000 6.350000 7.300000
v 20.550000 6.350000 8.700000
v 20.550000 6.350000 8.600000
v 12.250000 6.350000 1.300000
v 12.250000 6.350000 2.600000
v 12.250000 6.350000 2.700000
v 12.250000 6.450000 2.700000
v 12.250000 6.450000 1.300000
v 13.150000 6.350000 1.300000
v 13.150000 6.350000 2.700000
v 13.150000 6.350000 2.600000
v 13.750000 6.350000 1.300000
v 13.750000 6.350000 2.600000
v 13.750000 6.350000 2.700000
v 13.750000 6.450000 2.700000
v 13.750000 6.450000 1.300000
v 14.650000 6.350000 1.300000
v 14.650000 6.350000 2.700000
v 14.650000 6.350000 2.600000
v 15.250000 6.350000 1.300000
v 15.250000 6.350000 2.600000
v 15.250000 6.350000 2.700000
v 15.250000 6.450000 2.700000
v 15.250000 6.450000 1.300000
v 16.150000 6.350000 1.300000
v 16.150000 6.350000 2.700000
v 16.150000 6.350000 2.600000
v 19.650000 6.350000 1.300000
v 19.650000 6.350000 2.600000
v 19.650000 6.350000 2.700000
v 19.650000 6.450000 2.700000
v 19.650000 6.450000 1.300000
v 20.550000 6.350000 1.300000
v 20.550000 6.350000 2.700000
v 20.550000 6.350000 2.600000
v 19.650000 6.350000 4.300000
v 19.650000 6.350000 5.600000
v 19.650000 6.350000 5.700000
v 19.650000 6.450000 5.700000
v 19.650000 6.450000 4.300000
v 20.550000 6.350000 4.300000
v 20.550000 6.350000 5.700000
v 20.550000 6.350000 5.600000
v 12.250000 6.350000 4.300000
v 12.250000 6.350000 5.600000
v 12.250000 6.350000 5.700000
v 12.250000 6.450000 5.700000
v 12.250000 6.450000 4.300000
v 13.150000 6.350000 4.300000
v 13.150000 6.350000 5.700000
v 13.150000 6.350000 5.600000
v 13.750000 6.350000 4.300000
v 13.750000 6.350000 5.600000
v 13.750000 6.350000 5.700000
v 13.750000 6.450000 5.700000
v 13.750000 6.450000 4.300000
v 14.650000 6.350000 4.300000
v 14.650000 6.350000 5.700000
v 14.650000 6.350000 5.600000
v 15.250000 6.350000 4.300000
v 15.250000 6.350000 5.600000
v 15.250000 6.350000 5.700000
v 15.250000 6.450000 5.700000
v 15.250000 6.450000 4.300000
v 16.150000 6.350000 4.300000
v 16.150000 6.350000 5.700000
v 16.150000 6.350000 5.600000
v 3.250000 6.350000 -1.700000
v 3.250000 6.350000 -0.400000
v 3.250000 6.350000 -0.300000
v 3.250000 6.450000 -0.300000
v 3.250000 6.450000 -1.700000
v 4.150000 6.350000 -1.700000
v 4.150000 6.350000 -0.300000
v 4.150000 6.350000 -0.400000
v 4.750000 6.350000 -1.700000
v 4.750000 6.350000 -0.400000
v 4.750000 6.350000 -0.300000
v 4.750000 6.450000 -0.300000
v 4.750000 6.450000 -1.700000
v 5.650000 6.350000 -1.700000
v 5.650000 6.350000 -0.300000
v 5.650000 6.350000 -0.400000
v 6.250000 6.350000 -1.700000
v 6.250000 6.350000 -0.400000
v 6.250000 6.350000 -0.300000
v 6.250000 6.450000 -0.300000
v 6.250000 6.450000 -1.700000
v 7.150000 6.350000 -1.700000
v 7.150000 6.350000 -0.300000
v 7.150000 6.350000 -0.400000
v 7.750000 6.350000 -1.700000
v 7.750000 6.350000 -0.400000
v 7.750000 6.350000 -0.300000
v 7.750000 6.450000 -0.300000
v 7.750000 6.450000 -1.700000
v 8.650000 6.350000 -1.700000
v 8.650000 6.350000 -0.300000
v 8.650000 6.350000 -0.400000
v 16.750000 6.350000 -1.700000
v 16.750000 6.350000 -0.400000
v 16.750000 6.350000 -0.300000
v 16.750000 6.450000 -0.300000
v 16.750000 6.450000 -1.700000
v 17.650000 6.350000 -1.700000
v 17.650000 6.350000 -0.300000
v 17.650000 6.350000 -0.400000
v 18.250000 6.350000 -1.700000
v 18.250000 6.350000 -0.400000
v 18.250000 6.350000 -0.300000
v 18.250000 6.450000 -0.300000
v 18.250000 6.450000 -1.700000
v 19.150000 6.350000 -1.700000
v 19.150000 6.350000 -0.300000
v 19.150000 6.350000 -0.400000
v 9.250000 6.350000 7.300000
v 9.250000 6.350000 8.600000
v 9.250000 6.350000 8.700000
v 9.250000 6.450000 8.700000
v 9.250000 6.450000 7.300000
v 10.150000 6.350000 7.300000
v 10.150000 6.350000 8.700000
v 10.150000 6.350000 8.600000
v 9.250000 6.350000 -1.700000
v 9.250000 6.350000 -0.400000
v 9.250000 6.350000 -0.300000
v 9.250000 6.450000 -0.300000
v 9.250000 6.450000 -1.700000
v 10.150000 6.350000 -1.700000
v 10.150000 6.350000 -0.300000
v 10.150000 6.350000 -0.400000
v 3.250000 6.350000 7.300000
v 3.250000 6.350000 8.600000
v 3.250000 6.350000 8.700000
v 3.250000 6.450000 8.700000
v 3.250000 6.450000 7.300000
v 4.150000 6.350000 7.300000
v 4.150000 6.350000 8.700000
v 4.150000 6.350000 8.600000
v 4.750000 6.350000 7.300000
v 4.750000 6.350000 8.600000
v 4.750000 6.350000 8.700000
v 4.750000 6.450000 8.700000
v 4.750000 6.450000 7.300000
v 5.650000 6.350000 7.300000
v 5.650000 6.350000 8.700000
v 5.650000 6.350000 8.600000
v 6.250000 6.350000 7.300000
v 6.250000 6.350000 8.600000
v 6.250000 6.350000 8.700000
v 6.250000 6.450000 8.700000
v 6.250000 6.450000 7.300000
v 7.150000 6.350000 7.300000
v 7.150000 6.350000 8.700000
v 7.150000 6.350000 8.600000
v 7.750000 6.350000 7.300000
v 7.750000 6.350000 8.600000
v 7.750000 6.350000 8.700000
v 7.750000 6.450000 8.700000
v 7.750000 6.450000 7.300000
v 8.650000 6.350000 7.300000
v 8.650000 6.350000 8.700000
v 8.650000 6.350000 8.600000
v 16.750000 6.350000 7.300000
v 16.750000 6.350000 8.600000
v 16.750000 6.350000 8.700000
v 16.750000 6.450000 8.700000
v 16.750000 6.450000 7.300000
v 17.650000 6.350000 7.300000
v 17.650000 6.350000 8.700000
v 17.650000 6.350000 8.600000
v 18.250000 6.350000 7.300000
v 18.250000 6.350000 8.600000
v 18.250000 6.350000 8.700000
v 18.250000 6.450000 8.700000
v 18.250000 6.450000 7.300000
v 19.150000 6.350000 7.300000
v 19.150000 6.350000 8.700000
v 19.150000 6.350000 8.600000
v 3.250000 6.350000 1.300000
v 3.250000 6.350000 2.600000
v 3.250000 6.350000 2.700000
v 3.250000 6.450000 2.700000
v 3.250000 6.450000 1.300000
v 4.150000 6.350000 1.300000
v 4.150000 6.350000 2.700000
v 4.150000 6.350000 2.600000
v 4.750000 6.350000 1.300000
v 4.750000 6.350000 2.600000
v 4.750000 6.350000 2.700000
v 4.750000 6.450000 2.700000
v 4.750000 6.450000 1.300000
v 5.650000 6.350000 1.300000
v 5.650000 6.350000 2.700000
v 5.650000 6.350000 2.600000
v 6.250000 6.350000 1.300000
v 6.250000 6.350000 2.600000
v 6.250000 6.350000 2.700000
v 6.250000 6.450000 2.700000
v 6.250000 6.450000 1.300000
v 7.150000 6.350000 1.300000
v 7.150000 6.350000 2.700000
v 7.150000 6.350000 2.600000
v 3.250000 6.350000 4.300000
v 3.250000 6.350000 5.600000
v 3.250000 6.350000 5.700000
v 3.250000 6.450000 5.700000
v 3.250000 6.450000 4.300000
v 4.150000 6.350000 4.300000
v 4.150000 6.350000 5.700000
v 4.150000 6.350000 5.600000
v 7.750000 6.350000 1.300000
v 7.750000 6.350000 2.600000
v 7.750000 6.350000 2.700000
v 7.750000 6.450000 2.700000
v 7.750000 6.450000 1.300000
v 8.650000 6.350000 1.300000
v 8.650000 6.350000 2.700000
v 8.650000 6.350000 2.600000
v 4.750000 6.350000 4.300000
v 4.750000 6.350000 5.600000
v 4.750000 6.350000 5.700000
v 4.750000 6.450000 5.700000
v 4.750000 6.450000 4.300000
v 5.650000 6.350000 4.300000
v 5.650000 6.350000 5.700000
v 5.650000 6.350000 5.600000
v 9.250000 6.350000 1.300000
v 9.250000 6.350000 2.600000
v 9.250000 6.350000 2.700000
v 9.250000 6.450000 2.700000
v 9.250000 6.450000 1.300000
v 10.150000 6.350000 1.300000
v 10.150000 6.350000 2.700000
v 10.150000 6.350000 2.600000
v 6.250000 6.350000 4.300000
v 6.250000 6.350000 5.600000
v 6.250000 6.350000 5.700000
v 6.250000 6.450000 5.700000
v 6.250000 6.450000 4.300000
v 7.150000 6.350000 4.300000
v 7.150000 6.350000 5.700000
v 7.150000 6.350000 5.600000
v 7.750000 6.350000 4.300000
v 7.750000 6.350000 5.600000
v 7.750000 6.350000 5.700000
v 7.750000 6.450000 5.700000
v 7.750000 6.450000 4.300000
v 8.650000 6.350000 4.300000
v 8.650000 6.350000 5.700000
v 8.650000 6.350000 5.600000
v 9.250000 6.350000 4.300000
v 9.250000 6.350000 5.600000
v 9.250000 6.350000 5.700000
v 9.250000 6.450000 5.700000
v 9.250000 6.450000 4.300000
v 10.150000 6.350000 4.300000
v 10.150000 6.350000 5.700000
v 10.150000 6.350000 5.600000
v 16.750000 6.350000 1.300000
v 16.750000 6.350000 2.600000
v 16.750000 6.350000 2.700000
v 16.750000 6.450000 2.700000
v 16.750000 6.450000 1.300000
v 17.650000 6.350000 1.300000
v 17.650000 6.350000 2.700000
v 17.650000 6.350000 2.600000
v 18.250000 6.350000 1.300000
v 18.250000 6.350000 2.600000
v 18.250000 6.350000 2.700000
v 18.250000 6.450000 2.700000
v 18.250000 6.450000 1.300000
v 19.150000 6.350000 1.300000
v 19.150000 6.350000 2.700000
v 19.150000 6.350000 2.600000
v 16.750000 6.350000 4.300000
v 16.750000 6.350000 5.600000
v 16.750000 6.350000 5.700000
v 16.750000 6.450000 5.700000
v 16.750000 6.450000 4.300000
v 17.650000 6.350000 4.300000
v 17.650000 6.350000 5.700000
v 17.650000 6.350000 5.600000
v 18.250000 6.350000 4.300000
v 18.250000 6.350000 5.600000
v 18.250000 6.350000 5.700000
v 18.250000 6.450000 5.700000
v 18.250000 6.450000 4.300000
v 19.150000 6.350000 4.300000
v 19.150000 6.350000 5.700000
v 19.150000 6.350000 5.600000
v 10.750000 6.350000 -1.700000
v 10.750000 6.350000 -0.400000
v 10.750000 6.350000 -0.300000
v 10.750000 6.450000 -0.300000
v 10.750000 6.450000 -1.700000
v 11.650000 6.350000 -1.700000
v 11.650000 6.350000 -0.300000
v 11.650000 6.350000 -0.400000
v 10.750000 6.350000 7.300000
v 10.750000 6.350000 8.600000
v 10.750000 6.350000 8.700000
v 10.750000 6.450000 8.700000
v 10.750000 6.450000 7.300000
v 11.650000 6.350000 7.300000
v 11.650000 6.350000 8.700000
v 11.650000 6.350000 8.600000
v 10.750000 6.350000 1.300000
v 10.750000 6.350000 2.600000
v 10.750000 6.350000 2.700000
v 10.750000 6.450000 2.700000
v 10.750000 6.450000 1.300000
v 11.650000 6.350000 1.300000
v 11.650000 6.350000 2.700000
v 11.650000 6.350000 2.600000
v 10.750000 6.350000 4.300000
v 10.750000 6.350000 5.600000
v 10.750000 6.350000 5.700000
v 10.750000 6.450000 5.700000
v 10.750000 6.450000 4.300000
v 11.650000 6.350000 4.300000
v 11.650000 6.350000 5.700000
v 11.650000 6.350000 5.600000
v -19.850000 6.350000 -1.700000
v -18.450000 6.350000 -1.700000
v -16.950000 6.350000 -1.700000
v -15.450000 6.350000 -1.700000
v -13.950000 6.350000 -1.700000
v -12.450000 6.350000 -1.700000
v -10.950000 6.350000 -1.700000
v -9.450000 6.350000 -1.700000
v -7.950000 6.350000 -1.700000
v -6.450000 6.350000 -1.700000
v -4.950000 6.350000 -1.700000
v -3.450000 6.350000 -1.700000
v 4.050000 6.350000 -1.700000
v 5.550000 6.350000 -1.700000
v 7.050000 6.350000 -1.700000
v 8.550000 6.350000 -1.700000
v 10.050000 6.350000 -1.700000
v 11.550000 6.350000 -1.700000
v 13.050000 6.350000 -1.700000
v 14.550000 6.350000 -1.700000
v 16.050000 6.350000 -1.700000
v 17.550000 6.350000 -1.700000
v 19.050000 6.350000 -1.700000
v 20.450000 6.350000 -1.700000
v -2.850000 -8.850000 0.400000
v -2.850000 -8.850000 3.000000
v -2.850000 -8.850000 2.900000
v -2.850000 -8.750000 3.000000
v -2.850000 -8.750000 0.400000
v 2.950000 -8.850000 0.400000
v 2.950000 -8.850000 3.000000
v 2.950000 -8.850000 2.900000
v 2.950000 -8.750000 3.000000
v 2.950000 -8.750000 0.400000
v 2.950000 -6.950000 0.500000
v 20.950000 0.050000 1.300000
v -19.850000 6.350000 1.300000
v -18.450000 6.350000 1.300000
v -16.950000 6.350000 1.300000
v -15.450000 6.350000 1.300000
v -13.950000 6.350000 1.300000
v -12.450000 6.350000 1.300000
v -10.950000 6.350000 1.300000
v -9.450000 6.350000 1.300000
v -7.950000 6.350000 1.300000
v -6.450000 6.350000 1.300000
v -4.950000 6.350000 1.300000
v -3.450000 6.350000 1.300000
v 4.050000 6.350000 1.300000
v 5.550000 6.350000 1.300000
v 7.050000 6.350000 1.300000
v 8.550000 6.350000 1.300000
v 10.050000 6.350000 1.300000
v 11.550000 6.350000 1.300000
v 13.050000 6.350000 1.300000
v 14.550000 6.350000 1.300000
v 16.050000 6.350000 1.300000
v 17.550000 6.350000 1.300000
v 19.050000 6.350000 1.300000
v 20.450000 6.350000 1.300000
v 20.950000 0.050000 4.300000
v -19.850000 6.350000 4.300000
v -18.450000 6.350000 4.300000
v -16.950000 6.350000 4.300000
v -15.450000 6.350000 4.300000
v -13.950000 6.350000 4.300000
v -12.450000 6.350000 4.300000
v -10.950000 6.350000 4.300000
v -9.450000 6.350000 4.300000
v -7.950000 6.350000 4.300000
v -6.450000 6.350000 4.300000
v -4.950000 6.350000 4.300000
v -3.450000 6.350000 4.300000
v 4.050000 6.350000 4.300000
v 5.550000 6.350000 4.300000
v 7.050000 6.350000 4.300000
v 8.550000 6.350000 4.300000
v 10.050000 6.350000 4.300000
v 11.550000 6.350000 4.300000
v 13.050000 6.350000 4.300000
v 14.550000 6.350000 4.300000
v 16.050000 6.350000 4.300000
v 17.550000 6.350000 4.300000
v 19.050000 6.350000 4.300000
v 20.450000 6.350000 4.300000
v 20.950000 0.050000 7.300000
v -19.850000 6.350000 7.300000
v -18.450000 6.350000 7.300000
v -16.950000 6.350000 7.300000
v -15.450000 6.350000 7.300000
v -13.950000 6.350000 7.300000
v -12.450000 6.350000 7.300000
v -10.950000 6.350000 7.300000
v -9.450000 6.350000 7.300000
v -7.950000 6.350000 7.300000
v -6.450000 6.350000 7.300000
v -4.950000 6.350000 7.300000
v -3.450000 6.350000 7.300000
v 4.050000 6.350000 7.300000
v 5.550000 6.350000 7.300000
v 7.050000 6.350000 7.300000
v 8.550000 6.350000 7.300000
v 10.050000 6.350000 7.300000
v 11.550000 6.350000 7.300000
v 13.050000 6.350000 7.300000
v 14.550000 6.350000 7.300000
v 16.050000 6.350000 7.300000
v 17.550000 6.350000 7.300000
v 19.050000 6.350000 7.300000
v 20.450000 6.350000 7.300000
v -3.050000 -6.450000 9.000000
v -3.050000 -6.450000 9.100000
v 21.950000 -6.450000 9.000000
v 21.950000 -6.450000 9.100000
v -3.050000 -6.250000 9.200000
v 21.950000 -6.250000 9.200000
v -3.050000 -6.050000 9.300000
v 21.950000 -6.050000 9.300000
v -3.050000 -5.850000 9.400000
v 21.950000 -5.850000 9.400000
v -3.050000 -5.650000 9.500000
v 21.950000 -5.650000 9.500000
v -21.150000 -5.450000 9.600000
v 21.950000 -5.450000 9.600000
v -21.150000 -5.250000 9.700000
v 21.950000 -5.250000 9.700000
v -3.150000 7.350000 9.600000
v -3.150000 7.350000 9.700000
v 21.950000 7.350000 9.600000
v 21.950000 7.350000 9.700000
v -21.150000 -4.950000 9.800000
v 21.950000 -4.950000 9.800000
v -3.150000 7.150000 9.700000
v -3.150000 7.150000 9.800000
v 21.950000 7.150000 9.700000
v 21.950000 7.150000 9.800000
v -21.150000 -4.750000 9.900000
v 21.950000 -4.750000 9.900000
v -3.150000 6.950000 9.800000
v -3.150000 6.950000 9.900000
v 21.950000 6.950000 9.800000
v 21.950000 6.950000 9.900000
v -21.150000 -4.550000 10.000000
v 21.950000 -4.550000 10.000000
v -3.150000 6.650000 9.900000
v -3.150000 6.650000 10.000000
v 21.950000 6.650000 9.900000
v 21.950000 6.650000 10.000000
v 3.950000 -6.450000 10.000000
v 3.950000 -6.450000 10.100000
v -21.150000 -4.350000 10.100000
v 21.950000 -4.350000 10.100000
v -3.150000 6.450000 10.000000
v -3.150000 6.450000 10.100000
v 21.950000 6.450000 10.000000
v 21.950000 6.450000 10.100000
v 3.950000 9.550000 10.000000
v 3.950000 -6.250000 10.200000
v -21.150000 -3.950000 10.200000
v 21.950000 -3.950000 10.200000
v -3.150000 6.250000 10.100000
v -3.150000 6.250000 10.200000
v 21.950000 6.250000 10.100000
v 21.950000 6.250000 10.200000
v 3.950000 -6.050000 10.300000
v -21.150000 -3.650000 10.300000
v 21.950000 -3.650000 10.300000
v -3.150000 6.050000 10.200000
v -3.150000 6.050000 10.300000
v 21.950000 6.050000 10.200000
v 21.950000 6.050000 10.300000
v 3.950000 -5.750000 10.400000
v -21.150000 -3.350000 10.400000
v 21.950000 -3.350000 10.400000
v -3.150000 5.850000 10.300000
v -3.150000 5.850000 10.400000
v 21.950000 5.850000 10.300000
v 21.950000 5.850000 10.400000
v -3.150000 -5.550000 10.500000
v 3.950000 -5.550000 10.500000
v -21.150000 -3.050000 10.500000
v 21.950000 -3.050000 10.500000
v -3.150000 5.650000 10.400000
v -3.150000 5.650000 10.500000
v 21.950000 5.650000 10.400000
v 21.950000 5.650000 10.500000
v -3.150000 -5.250000 10.600000
v 3.950000 -5.250000 10.600000
v -21.150000 -2.650000 10.600000
v 21.950000 -2.650000 10.600000
v -3.150000 5.350000 10.500000
v -3.150000 5.350000 10.600000
v 21.950000 5.350000 10.500000
v 21.950000 5.350000 10.600000
v -3.150000 -5.050000 10.700000
v 3.950000 -5.050000 10.700000
v -21.150000 -2.150000 10.700000
v 21.950000 -2.150000 10.700000
v -3.150000 5.050000 10.600000
v -3.150000 5.050000 10.700000
v 21.950000 5.050000 10.600000
v 21.950000 5.050000 10.700000
v 3.950000 9.250000 10.600000
v 3.950000 9.250000 10.700000
v -3.150000 -4.850000 10.800000
v 3.950000 -4.850000 10.800000
v -21.150000 -1.550000 10.800000
v 21.950000 -1.550000 10.800000
v -3.150000 4.650000 10.700000
v -3.150000 4.650000 10.800000
v 21.950000 4.650000 10.700000
v 21.950000 4.650000 10.800000
v 3.950000 9.050000 10.700000
v 3.950000 9.050000 10.800000
v -3.150000 -4.550000 10.900000
v 3.950000 -4.550000 10.900000
v -21.150000 -0.850000 10.900000
v 21.950000 -0.850000 10.900000
v -3.150000 4.350000 10.800000
v -3.150000 4.350000 10.900000
v 21.950000 4.350000 10.800000
v 21.950000 4.350000 10.900000
v 3.950000 8.850000 10.800000
v 3.950000 8.850000 10.900000
v -3.150000 -4.350000 11.000000
v 3.950000 -4.350000 11.000000
v -3.150000 4.050000 10.900000
v -3.150000 4.050000 11.000000
v 21.950000 4.050000 10.900000
v 21.950000 4.050000 11.000000
v 3.950000 8.550000 10.900000
v 3.950000 8.550000 11.000000
v -3.150000 -4.050000 11.100000
v 3.950000 -4.050000 11.100000
v -3.150000 3.650000 11.000000
v -3.150000 3.650000 11.100000
v 21.950000 3.650000 11.000000
v 21.950000 3.650000 11.100000
v 3.950000 8.350000 11.000000
v 3.950000 8.350000 11.100000
v -3.150000 -3.650000 11.200000
v 3.950000 -3.650000 11.200000
v -3.150000 3.050000 11.100000
v -3.150000 3.050000 11.200000
v 21.950000 3.050000 11.100000
v 21.950000 3.050000 11.200000
v 3.950000 8.150000 11.100000
v 3.950000 8.150000 11.200000
v -3.150000 -3.350000 11.300000
v 3.950000 -3.350000 11.300000
v -3.150000 2.450000 11.200000
v -3.150000 2.450000 11.300000
v 21.950000 2.450000 11.200000
v 21.950000 2.450000 11.300000
v 3.950000 7.850000 11.200000
v 3.950000 7.850000 11.300000
v -3.150000 -2.950000 11.400000
v 3.950000 -2.950000 11.400000
v -3.150000 1.750000 11.300000
v -3.150000 1.750000 11.400000
v 21.950000 1.750000 11.300000
v 21.950000 1.750000 11.400000
v 3.950000 7.650000 11.300000
v 3.950000 7.650000 11.400000
v -3.150000 -2.550000 11.500000
v 3.950000 -2.550000 11.500000
v 3.950000 7.350000 11.400000
v 3.950000 7.350000 11.500000
v -3.150000 -2.250000 11.600000
v 3.950000 -2.250000 11.600000
v 3.950000 7.050000 11.500000
v 3.950000 7.050000 11.600000
v -3.150000 -1.750000 11.700000
v 3.950000 -1.750000 11.700000
v 3.950000 6.650000 11.600000
v 3.950000 6.650000 11.700000
v -3.150000 -0.950000 11.800000
v 3.950000 -0.950000 11.800000
v 3.950000 6.350000 11.700000
v 3.950000 6.350000 11.800000
v -3.150000 -0.250000 11.900000
v 3.950000 -0.250000 11.900000
v 3.950000 5.950000 11.800000
v 3.950000 5.950000 11.900000
v 3.950000 5.550000 11.900000
v 3.950000 5.550000 12.000000
v 3.950000 5.250000 12.000000
v 3.950000 5.250000 12.100000
v 3.950000 4.650000 12.100000
v 3.950000 4.650000 12.200000
v 3.950000 3.850000 12.200000
v 3.950000 3.850000 12.300000
v 3.950000 3.150000 12.300000
v 3.950000 3.150000 12.400000
o Outer Shell
f 191 6 3
f 2 1 3
f 3 1 191
f 6 4 3
f 191 190 189
f 187 189 188
f 186 185 187
f 15 185 183
f 189 187 9
f 191 189 6
f 12 187 185
f 5 4 6
f 7 9 8
f 9 7 6
f 6 189 9
f 10 12 11
f 12 10 9
f 13 15 14
f 15 13 12
f 9 187 12
f 185 15 12
f 185 184 183
f 181 183 182
f 21 18 181
f 181 18 183
f 179 181 180
f 179 21 181
f 18 16 15
f 177 176 175
f 178 177 179
f 173 175 174
f 177 27 24
f 24 179 177
f 18 21 19
f 19 21 20
f 18 17 16
f 21 24 22
f 25 24 27
f 24 21 179
f 173 172 171
f 173 30 175
f 33 173 171
f 170 169 171
f 24 23 22
f 175 27 177
f 18 15 183
f 27 26 25
f 27 175 30
f 28 27 30
f 30 29 28
f 30 33 31
f 173 33 30
f 169 34 171
f 169 168 167
f 33 171 34
f 167 166 165
f 167 39 169
f 33 32 31
f 34 36 35
f 34 169 36
f 37 39 38
f 39 37 36
f 169 39 36
f 167 40 39
f 167 42 40
f 42 167 165
f 45 42 165
f 42 41 40
f 45 43 42
f 165 164 163
f 48 46 45
f 45 44 43
f 45 163 48
f 48 47 46
f 163 162 161
f 45 165 163
f 159 161 160
f 161 48 163
f 161 49 48
f 51 49 161
f 51 161 159
f 158 157 159
f 51 50 49
f 159 157 52
f 51 159 52
f 52 54 53
f 54 52 157
f 157 55 54
f 155 154 58
f 155 55 157
f 55 57 56
f 57 55 155
f 57 155 58
f 155 157 156
f 58 153 152
f 153 58 154
f 150 59 152
f 58 152 59
f 60 59 61
f 150 61 59
f 148 62 150
f 151 150 152
f 63 62 64
f 148 150 149
f 146 148 147
f 64 62 148
f 62 61 150
f 64 148 65
f 66 65 67
f 146 68 67
f 69 68 70
f 65 148 67
f 71 70 144
f 68 144 70
f 73 71 142
f 73 72 71
f 68 146 144
f 146 67 148
f 145 144 146
f 74 73 142
f 142 71 144
f 74 142 76
f 77 76 140
f 143 142 144
f 142 141 140
f 140 139 138
f 138 77 140
f 140 76 142
f 77 138 79
f 78 77 79
f 79 138 80
f 82 81 80
f 80 136 82
f 82 136 83
f 80 138 136
f 83 136 134
f 83 134 85
f 134 136 135
f 85 134 86
f 83 85 84
f 136 138 137
f 76 75 74
f 87 86 88
f 88 86 89
f 90 89 91
f 130 91 89
f 89 86 132
f 132 86 134
f 132 131 130
f 94 93 92
f 92 91 130
f 128 95 92
f 128 92 130
f 89 132 130
f 134 133 132
f 95 94 92
f 96 95 97
f 99 98 100
f 98 97 126
f 101 100 98
f 101 98 124
f 102 101 103
f 104 103 101
f 105 104 106
f 101 122 104
f 126 97 95
f 129 128 130
f 128 127 126
f 124 122 101
f 98 126 124
f 125 124 126
f 104 122 106
f 126 95 128
f 123 122 124
f 121 120 122
f 106 120 107
f 122 120 106
f 118 120 119
f 108 107 109
f 109 107 110
f 111 110 112
f 112 110 116
f 107 118 110
f 118 117 116
f 116 113 112
f 114 113 115
f 115 113 116
f 110 118 116
f 107 120 118
f 191 1 195
f 190 191 192
f 195 194 193
f 193 192 195
f 195 192 191
f 321 320 322
f 323 322 324
f 322 320 216
f 318 222 220
f 221 220 222
f 220 218 318
f 318 218 320
f 316 318 317
f 318 320 319
f 328 327 326
f 210 328 326
f 329 328 330
f 325 324 326
f 324 322 214
f 218 217 216
f 214 322 216
f 218 220 219
f 326 324 212
f 218 216 320
f 228 226 310
f 311 310 312
f 310 308 228
f 230 228 308
f 229 228 230
f 231 230 233
f 308 233 230
f 308 310 309
f 315 314 316
f 314 222 316
f 223 222 224
f 316 222 318
f 222 314 224
f 312 226 224
f 226 312 310
f 226 225 224
f 226 228 227
f 312 224 314
f 313 312 314
f 340 342 341
f 338 337 336
f 340 338 198
f 339 338 340
f 200 336 202
f 200 338 336
f 345 344 194
f 344 343 342
f 342 193 344
f 193 342 196
f 344 193 194
f 340 196 342
f 202 201 200
f 198 197 196
f 199 198 200
f 196 340 198
f 338 200 198
f 336 335 334
f 204 334 332
f 332 334 333
f 331 330 332
f 212 210 326
f 214 213 212
f 210 208 328
f 214 216 215
f 332 330 206
f 324 214 212
f 204 206 205
f 204 202 334
f 204 203 202
f 204 332 206
f 208 210 209
f 208 330 328
f 210 212 211
f 208 207 206
f 206 330 208
f 334 202 336
f 281 283 282
f 277 276 275
f 283 281 259
f 281 280 279
f 279 278 277
f 279 261 281
f 279 277 263
f 257 285 283
f 287 286 285
f 288 287 289
f 289 287 253
f 255 253 287
f 285 284 283
f 254 253 255
f 289 253 251
f 255 287 285
f 285 257 255
f 251 253 252
f 273 272 271
f 275 273 267
f 275 274 273
f 271 269 268
f 269 271 270
f 268 267 271
f 275 267 265
f 271 267 273
f 265 267 266
f 257 283 259
f 258 257 259
f 257 256 255
f 259 261 260
f 281 261 259
f 265 264 263
f 262 261 263
f 261 279 263
f 265 263 277
f 265 277 275
f 301 300 299
f 303 302 301
f 301 239 303
f 297 296 295
f 301 241 239
f 299 298 297
f 299 241 301
f 299 297 243
f 303 239 237
f 307 306 305
f 307 235 233
f 233 232 231
f 307 233 308
f 237 236 235
f 237 235 305
f 235 234 233
f 305 235 307
f 305 304 303
f 303 237 305
f 237 239 238
f 293 292 291
f 295 294 293
f 291 251 249
f 291 290 289
f 250 249 251
f 249 247 293
f 249 293 291
f 289 251 291
f 248 247 249
f 241 299 243
f 297 245 243
f 241 240 239
f 241 243 242
f 245 297 295
f 247 246 245
f 244 243 245
f 247 245 295
f 295 293 247
f 113 114 346
f 346 270 271
f 346 271 113
f 110 111 347
f 347 272 273
f 347 273 110
f 107 108 348
f 348 274 275
f 348 275 107
f 104 105 349
f 349 276 277
f 349 277 104
f 101 102 352
f 352 351 350
f 352 350 101
f 359 358 357
f 353 359 354
f 356 354 359
f 355 354 356
f 356 359 357
f 358 362 357
f 360 357 362
f 360 362 361
f 364 363 369
f 367 369 368
f 366 364 369
f 365 364 366
f 366 369 367
f 368 372 367
f 370 367 372
f 370 372 371
f 374 373 379
f 376 379 378
f 376 374 379
f 375 374 376
f 376 378 377
f 378 382 377
f 380 377 382
f 380 382 381
f 383 389 384
f 389 388 387
f 386 384 389
f 385 384 386
f 386 389 387
f 388 392 387
f 390 387 392
f 390 392 391
f 456 455 454
f 452 454 453
f 456 454 452
f 452 450 456
f 452 451 450
f 448 447 446
f 449 448 450
f 473 456 450
f 448 457 450
f 446 445 444
f 442 444 443
f 446 444 442
f 441 440 442
f 440 439 438
f 457 448 442
f 436 438 437
f 457 442 440
f 442 448 446
f 457 440 438
f 465 393 464
f 464 393 466
f 467 466 477
f 468 467 477
f 456 466 393
f 470 394 393
f 468 394 469
f 394 468 395
f 469 394 470
f 470 393 465
f 395 468 396
f 473 457 474
f 473 450 457
f 435 434 436
f 458 436 434
f 457 436 458
f 472 456 473
f 432 434 433
f 477 476 468
f 471 477 466
f 463 475 474
f 456 472 471
f 396 468 476
f 476 475 396
f 466 456 471
f 438 436 457
f 457 463 474
f 432 431 430
f 428 460 459
f 430 459 432
f 430 428 459
f 432 459 458
f 463 462 475
f 425 461 460
f 417 462 461
f 428 430 429
f 458 434 432
f 428 427 425
f 426 425 427
f 425 423 461
f 423 425 424
f 423 422 421
f 421 419 461
f 420 419 421
f 417 461 419
f 461 423 421
f 460 428 425
f 417 419 418
f 413 462 415
f 415 417 416
f 414 413 415
f 462 413 411
f 409 411 410
f 412 411 413
f 411 409 407
f 408 407 409
f 407 462 411
f 407 396 462
f 406 405 407
f 404 403 405
f 403 402 401
f 403 396 407
f 401 399 396
f 399 401 400
f 396 399 397
f 401 396 403
f 398 397 399
f 403 407 405
f 415 462 417
f 462 396 475
f 816 815 821
f 822 820 393
f 393 813 814
f 393 815 813
f 393 821 815
f 822 835 823
f 393 835 822
f 824 823 840
f 825 824 848
f 821 826 816
f 823 835 840
f 835 393 834
f 817 826 825
f 393 808 806
f 668 667 393
f 807 668 393
f 807 812 668
f 814 808 393
f 809 814 819
f 817 816 826
f 809 818 810
f 818 809 819
f 842 810 818
f 818 817 841
f 809 808 814
f 825 849 817
f 821 393 820
f 393 836 834
f 824 839 850
f 837 497 619
f 824 840 839
f 838 619 617
f 619 838 837
f 838 617 618
f 857 855 838
f 618 857 838
f 857 618 623
f 838 855 839
f 837 836 497
f 839 855 856
f 848 824 850
f 856 850 839
f 850 856 851
f 854 843 849
f 843 817 849
f 856 861 851
f 849 825 848
f 858 623 859
f 1086 860 859
f 852 861 860
f 861 852 851
f 852 860 1081
f 860 1087 1081
f 857 623 858
f 905 836 495
f 817 843 841
f 654 666 672
f 666 654 393
f 653 652 393
f 654 672 655
f 654 653 393
f 669 812 811
f 669 811 670
f 688 671 670
f 828 670 811
f 656 672 671
f 811 827 828
f 812 669 668
f 828 689 670
f 647 646 393
f 647 652 658
f 648 647 658
f 649 648 658
f 658 657 649
f 646 645 393
f 672 656 655
f 670 689 688
f 688 687 671
f 657 656 681
f 656 671 687
f 649 657 680
f 656 687 682
f 828 833 689
f 652 647 393
f 810 842 829
f 827 811 810
f 847 829 842
f 830 829 847
f 827 810 829
f 844 854 853
f 844 853 845
f 845 853 1074
f 853 852 1079
f 1081 1079 852
f 843 854 844
f 1079 1080 853
f 690 689 833
f 831 830 846
f 690 832 691
f 832 690 833
f 1066 691 832
f 832 831 1065
f 1074 1072 845
f 1074 853 1080
f 1074 1080 1075
f 845 1072 846
f 1072 1073 846
f 846 1073 1067
f 1075 1080 1085
f 831 846 1067
f 830 847 846
f 841 842 818
f 622 859 623
f 667 666 393
f 497 871 869
f 872 871 504
f 869 870 497
f 501 1109 1107
f 620 619 870
f 872 504 873
f 504 871 497
f 1108 1102 501
f 873 504 503
f 1102 1100 501
f 496 912 498
f 873 503 502
f 501 1100 1101
f 497 905 496
f 874 873 502
f 875 874 621
f 621 620 875
f 631 622 621
f 621 874 1094
f 875 620 870
f 501 1101 1095
f 502 501 874
f 1095 1093 501
f 1101 1096 1095
f 1093 1094 501
f 1094 874 501
f 1101 1106 1096
f 622 1088 859
f 904 495 906
f 496 911 912
f 910 909 496
f 905 495 904
f 913 496 933
f 913 911 496
f 912 917 498
f 933 496 909
f 500 1114 1115
f 501 1107 1108
f 1104 1103 1112
f 1103 1102 1113
f 1112 1103 1113
f 1113 1102 1108
f 501 500 1115
f 1120 1110 1109
f 1111 1110 1120
f 920 1104 940
f 1112 1111 939
f 1109 1115 1120
f 1109 501 1115
f 1112 940 1104
f 1119 1111 1120
f 905 910 496
f 497 836 905
f 633 631 621
f 1086 859 1088
f 632 1088 622
f 1088 632 637
f 631 632 622
f 1099 634 633
f 635 634 1098
f 625 1090 636
f 1089 1088 637
f 636 635 624
f 633 1094 1099
f 633 621 1094
f 1090 637 636
f 1087 1092 1082
f 1082 1092 1083
f 883 1084 1083
f 1085 1084 1075
f 1092 1091 1083
f 1081 1087 1082
f 1089 637 1090
f 1091 1090 890
f 890 891 1091
f 892 890 1090
f 1090 625 892
f 1091 891 1083
f 891 885 1083
f 1098 634 1099
f 1087 860 1086
f 1096 1105 1097
f 898 1098 897
f 1097 897 1098
f 898 626 635
f 1097 1105 899
f 899 1105 919
f 918 1105 1104
f 897 1097 899
f 924 899 919
f 919 1105 918
f 1104 920 918
f 924 900 899
f 625 636 624
f 624 635 626
f 893 630 629
f 893 892 630
f 893 629 894
f 630 892 625
f 627 626 898
f 901 900 924
f 627 902 628
f 902 627 903
f 478 867 866
f 898 903 627
f 902 478 628
f 924 923 901
f 1098 898 635
f 1106 1105 1096
f 1084 1076 1075
f 916 498 917
f 619 497 870
f 393 806 807
f 638 745 393
f 393 743 744
f 743 393 745
f 724 393 744
f 745 638 644
f 638 393 639
f 640 639 393
f 641 640 651
f 746 644 643
f 746 745 644
f 746 643 747
f 747 643 659
f 393 645 640
f 724 723 393
f 728 727 393
f 722 728 393
f 723 722 393
f 725 744 749
f 748 747 750
f 749 748 725
f 748 726 725
f 731 726 748
f 727 726 730
f 750 747 752
f 725 724 744
f 748 750 751
f 393 727 729
f 651 650 642
f 649 675 674
f 642 650 673
f 650 649 674
f 674 673 650
f 651 642 641
f 649 680 675
f 680 657 681
f 773 677 685
f 676 675 686
f 687 683 682
f 680 686 675
f 640 645 651
f 685 676 686
f 642 661 660
f 661 642 673
f 661 673 662
f 753 752 659
f 747 659 752
f 673 679 662
f 643 660 659
f 677 676 685
f 766 663 678
f 663 662 678
f 772 678 677
f 772 677 773
f 678 662 679
f 643 642 660
f 681 656 682
f 678 772 771
f 731 751 732
f 731 730 726
f 730 729 727
f 751 756 732
f 731 748 751
f 754 753 665
f 754 665 664
f 755 754 799
f 756 755 732
f 754 801 799
f 659 665 753
f 732 755 733
f 734 733 793
f 393 735 734
f 793 792 734
f 794 793 733
f 755 794 733
f 792 456 734
f 795 800 805
f 794 755 800
f 796 795 805
f 797 796 737
f 798 456 792
f 795 794 800
f 755 799 800
f 798 797 456
f 754 664 764
f 734 456 393
f 770 801 764
f 764 664 765
f 770 802 801
f 769 803 802
f 764 801 754
f 767 766 777
f 664 663 765
f 777 766 771
f 757 804 803
f 770 769 802
f 767 776 768
f 766 765 663
f 769 694 803
f 796 804 758
f 796 758 738
f 796 738 737
f 736 742 456
f 736 797 737
f 456 797 736
f 796 805 804
f 740 456 741
f 742 741 456
f 699 698 455
f 740 455 456
f 455 698 706
f 738 758 763
f 758 804 757
f 695 769 768
f 771 766 678
f 393 729 735
f 693 692 684
f 691 787 786
f 684 692 785
f 692 691 786
f 785 692 786
f 693 684 683
f 691 1066 787
f 1067 1073 1078
f 1068 1067 1078
f 1069 1068 1078
f 1066 1071 787
f 1078 1077 1069
f 832 1065 1066
f 687 693 683
f 684 780 779
f 780 684 785
f 781 780 791
f 790 782 781
f 791 780 785
f 778 685 779
f 788 1071 1070
f 788 1070 789
f 715 782 790
f 791 790 781
f 789 1070 717
f 787 1071 788
f 789 716 790
f 862 1070 1069
f 778 773 685
f 1084 884 1076
f 1084 883 884
f 1077 1076 876
f 878 1076 884
f 879 878 884
f 876 1076 878
f 891 896 885
f 883 1083 885
f 885 896 886
f 886 895 887
f 895 886 896
f 629 478 894
f 895 894 478
f 865 864 882
f 877 864 1077
f 876 877 1077
f 882 864 877
f 863 1070 862
f 1070 863 717
f 862 1069 864
f 880 879 889
f 880 889 888
f 888 478 880
f 882 881 865
f 478 888 887
f 884 889 879
f 865 881 866
f 478 887 895
f 1069 1077 864
f 1067 1065 831
f 773 778 774
f 776 775 702
f 696 768 776
f 774 784 775
f 777 776 767
f 775 703 702
f 703 775 783
f 776 702 701
f 768 696 695
f 696 776 701
f 697 696 701
f 701 707 697
f 784 783 775
f 784 774 778
f 769 695 694
f 757 803 759
f 763 739 738
f 763 740 739
f 740 763 762
f 740 762 455
f 700 760 759
f 760 699 761
f 699 760 700
f 706 705 455
f 700 759 694
f 803 694 759
f 762 761 455
f 715 790 716
f 709 708 783
f 783 782 709
f 715 721 710
f 782 715 710
f 718 863 868
f 478 866 881
f 868 867 719
f 719 718 868
f 482 481 480
f 718 717 863
f 717 716 789
f 711 710 721
f 704 703 714
f 703 783 708
f 714 703 708
f 697 706 698
f 697 707 706
f 713 712 455
f 711 720 712
f 455 867 478
f 704 713 705
f 713 704 714
f 720 719 455
f 712 720 455
f 721 720 711
f 705 713 455
f 719 867 455
f 710 709 782
f 455 761 699
f 880 478 881
f 684 779 685
f 629 628 478
f 902 901 478
f 836 393 495
f 514 519 515
f 519 514 495
f 513 512 495
f 519 525 515
f 514 513 495
f 521 520 495
f 1009 521 495
f 521 1009 522
f 525 524 515
f 1009 1015 522
f 519 495 520
f 515 524 516
f 507 506 495
f 1179 1178 495
f 505 1179 495
f 1179 505 511
f 506 505 495
f 518 507 512
f 517 516 534
f 518 517 509
f 509 508 518
f 509 517 533
f 518 508 507
f 1180 1179 511
f 524 540 516
f 512 507 495
f 1025 1024 495
f 1011 1010 495
f 1023 1011 495
f 1011 1023 1029
f 1024 1023 495
f 547 495 548
f 1026 547 553
f 1026 1025 547
f 1044 1013 1028
f 1012 1011 1029
f 549 495 494
f 547 1025 495
f 1010 1009 495
f 1013 1029 1028
f 523 1015 1014
f 523 522 1015
f 524 541 540
f 534 516 535
f 535 516 540
f 535 540 546
f 523 1014 1037
f 523 541 524
f 1038 1037 1014
f 1013 1012 1029
f 1013 1038 1014
f 523 1037 542
f 541 523 542
f 534 533 517
f 1037 1043 542
f 1178 1177 495
f 546 536 535
f 948 1177 949
f 1177 948 495
f 946 947 495
f 1177 1183 949
f 948 946 495
f 1180 510 1181
f 1185 1182 1181
f 950 1183 1182
f 1183 950 949
f 950 1182 983
f 1182 1184 983
f 511 510 1180
f 925 926 495
f 927 925 495
f 931 930 908
f 927 952 928
f 926 931 907
f 929 952 951
f 952 929 928
f 929 951 982
f 981 982 951
f 981 951 950
f 927 947 952
f 930 929 967
f 981 950 983
f 969 929 982
f 1181 510 526
f 947 927 495
f 528 533 529
f 527 509 528
f 527 526 510
f 533 539 529
f 527 510 509
f 536 545 537
f 597 538 537
f 530 539 538
f 539 530 529
f 530 538 596
f 538 597 596
f 509 533 528
f 1185 1184 1182
f 1186 1185 1181
f 1190 984 983
f 1186 532 1187
f 1184 1190 983
f 532 1186 526
f 591 590 530
f 532 531 1188
f 1188 531 589
f 531 530 590
f 1189 1188 1199
f 596 602 591
f 532 1188 1187
f 591 530 596
f 531 590 589
f 603 537 545
f 526 1186 1181
f 545 536 546
f 1189 985 1190
f 495 926 906
f 549 548 495
f 1027 553 552
f 1027 1026 553
f 1027 552 561
f 1045 1028 1027
f 552 551 562
f 563 551 494
f 562 551 563
f 552 562 561
f 1045 1027 1046
f 1046 1027 561
f 567 1046 561
f 550 494 551
f 1045 1044 1028
f 1038 1013 1039
f 543 1043 544
f 543 542 1043
f 544 1043 1042
f 544 604 545
f 1044 1050 1040
f 1050 1049 1041
f 1041 1040 1050
f 1042 1041 1164
f 1049 1170 1041
f 1040 1039 1044
f 1013 1044 1039
f 1163 544 1042
f 567 1047 1046
f 1047 566 1048
f 566 1047 567
f 1048 566 610
f 1048 1171 1049
f 493 565 494
f 494 565 564
f 565 612 611
f 611 566 565
f 610 566 611
f 613 612 493
f 564 563 494
f 1048 610 1172
f 1170 1049 1171
f 1172 1171 1048
f 1164 1041 1165
f 1170 1176 1165
f 610 1173 1172
f 1165 1041 1170
f 1173 610 616
f 615 614 583
f 615 1174 1173
f 1174 615 1060
f 583 614 584
f 493 614 613
f 615 1173 616
f 583 582 615
f 565 493 612
f 549 494 550
f 1163 1042 1164
f 605 1163 606
f 1163 605 544
f 603 545 604
f 1163 1169 606
f 605 604 544
f 1166 1176 1175
f 1166 1175 1167
f 1051 1168 1052
f 1169 1168 606
f 1168 1167 1052
f 1165 1176 1166
f 606 1168 607
f 597 537 598
f 599 598 609
f 569 601 600
f 592 591 602
f 599 609 600
f 609 598 603
f 608 607 576
f 609 608 600
f 577 576 607
f 1051 577 607
f 578 577 1051
f 607 1168 1051
f 600 608 575
f 608 576 575
f 1167 1175 1053
f 598 537 603
f 1059 1175 1174
f 582 1061 1060
f 588 1061 582
f 1059 1174 1060
f 586 585 493
f 584 493 585
f 487 489 488
f 493 492 586
f 490 489 487
f 582 1060 615
f 587 586 492
f 1053 1052 1167
f 1053 1175 1058
f 1054 1053 1058
f 1057 578 1051
f 1058 1064 1054
f 1061 587 1062
f 1062 587 492
f 1054 1063 1055
f 1063 1054 1064
f 1063 1062 492
f 492 1055 1063
f 588 587 1061
f 1055 492 1056
f 579 1056 492
f 1058 1175 1059
f 614 493 584
f 602 601 593
f 1057 1056 578
f 908 953 909
f 907 931 908
f 933 909 932
f 932 909 934
f 954 934 909
f 954 909 953
f 955 953 908
f 935 959 958
f 959 935 954
f 935 958 936
f 954 935 934
f 908 968 955
f 915 499 916
f 915 914 938
f 498 916 499
f 500 499 915
f 500 1123 1121
f 915 1130 500
f 1136 915 937
f 1130 915 1136
f 1129 500 1128
f 1128 500 1130
f 1135 937 936
f 937 915 938
f 914 933 938
f 1123 500 1129
f 936 958 1143
f 500 1116 1114
f 968 930 967
f 968 973 956
f 957 956 973
f 957 1142 958
f 968 908 930
f 970 987 971
f 987 970 969
f 1149 972 971
f 972 1144 957
f 1150 1144 972
f 972 957 973
f 982 987 969
f 957 1144 1142
f 1136 937 1135
f 1135 936 1137
f 1131 1141 1132
f 1131 1130 1141
f 1132 1141 1140
f 1141 1130 1136
f 1143 958 1142
f 1143 1148 1138
f 1139 1138 1148
f 990 1140 996
f 1140 1139 995
f 1138 1137 1143
f 936 1143 1137
f 1132 1140 990
f 1147 1139 1148
f 956 955 968
f 967 929 969
f 1117 1122 1127
f 500 1122 1116
f 1127 1118 1117
f 961 1119 960
f 1116 1122 1117
f 1123 1129 1124
f 1118 1127 1126
f 941 1111 961
f 960 1119 1118
f 1126 975 1118
f 966 941 961
f 1121 1122 500
f 941 939 1111
f 921 940 945
f 940 1112 939
f 922 921 945
f 923 922 478
f 478 922 479
f 920 940 921
f 922 944 479
f 482 480 479
f 479 944 484
f 483 482 479
f 484 483 479
f 484 944 943
f 922 945 944
f 478 901 923
f 961 1111 1119
f 1134 1133 1125
f 974 975 1126
f 976 974 1125
f 975 962 1118
f 1125 1133 976
f 1134 1125 1124
f 989 976 1133
f 988 1133 1132
f 989 994 977
f 989 977 976
f 989 1133 988
f 1129 1134 1124
f 978 994 993
f 960 1118 962
f 966 942 941
f 942 965 943
f 965 942 966
f 484 965 485
f 963 975 980
f 978 977 994
f 963 979 964
f 979 963 980
f 965 964 485
f 979 490 964
f 963 962 975
f 491 979 978
f 484 943 965
f 974 1126 1125
f 988 1132 990
f 491 978 993
f 987 986 971
f 933 914 913
f 1189 1199 1198
f 986 985 1156
f 985 1189 1198
f 1198 1158 985
f 984 1190 985
f 1200 589 595
f 1188 1200 1199
f 1200 595 1201
f 1201 594 1202
f 594 1201 595
f 1202 594 554
f 1156 1157 986
f 1158 1156 985
f 1150 972 1149
f 1149 971 1151
f 1157 1162 1151
f 1157 1151 986
f 1159 1204 1203
f 1204 1159 1158
f 1159 1203 1160
f 1030 1161 1160
f 1162 1152 1151
f 1160 1203 1032
f 1158 1198 1204
f 1161 1153 1162
f 1202 1192 1203
f 1145 1144 1150
f 593 555 594
f 592 602 593
f 601 568 593
f 601 569 568
f 569 600 570
f 593 568 556
f 579 578 1056
f 572 571 581
f 571 570 581
f 572 581 580
f 580 579 492
f 581 570 575
f 554 594 555
f 556 555 593
f 1192 1202 1193
f 560 1193 554
f 560 1194 1193
f 1193 1202 554
f 574 556 568
f 572 492 573
f 574 573 558
f 558 557 574
f 559 558 492
f 492 558 573
f 574 557 556
f 1192 1191 1203
f 572 580 492
f 575 570 600
f 560 559 1195
f 1145 1155 1146
f 1155 1145 1150
f 997 1147 1003
f 1146 1002 1147
f 997 995 1139
f 1146 1155 1154
f 1152 1162 1153
f 1017 1146 1154
f 1002 1003 1147
f 1146 1004 1002
f 1008 997 1003
f 1154 1153 1016
f 1004 1146 1017
f 998 997 1008
f 990 1001 991
f 996 1140 995
f 992 991 1001
f 491 993 992
f 491 992 1000
f 491 490 979
f 990 996 1001
f 1008 999 998
f 999 491 1000
f 1007 491 999
f 486 485 490
f 491 1007 1006
f 1000 992 1001
f 490 485 964
f 1139 1147 997
f 1160 1032 1030
f 1031 1036 1018
f 1031 1018 1153
f 1031 1153 1161
f 1191 1033 1032
f 1031 1161 1030
f 1195 1194 560
f 1033 1196 1034
f 1196 1033 1197
f 491 1196 1195
f 1195 559 491
f 1197 1033 1191
f 1004 1022 1005
f 1017 1154 1016
f 1006 1005 1022
f 491 1006 1021
f 1008 1007 999
f 1004 1017 1022
f 1019 1036 1035
f 1019 1035 1020
f 491 1020 1035
f 1022 1021 1006
f 1035 1034 491
f 1018 1036 1019
f 491 1021 1020
f 1034 1196 491
f 1016 1153 1018
f 1203 1191 1032
f 559 492 491
f 490 487 486
f 986 1151 971
f 589 1200 1188
f 906 926 907
f 1209 1207 1219
f 1219 1221 1220
f 1224 1223 1205
f 1223 1222 1221
f 1223 1221 1207
f 1205 1223 1206
f 1207 1206 1223
f 1207 1221 1219
f 1207 1209 1208
f 1219 1218 1217
f 1217 1216 1215
f 1213 1215 478
f 1217 1215 1211
f 479 1213 478
f 1209 1211 1210
f 1209 1217 1211
f 1213 1212 1211
f 1214 1213 479
f 1215 1213 1211
f 1217 1209 1219
f 1230 1227 1414
f 1414 1227 1225
f 1412 1230 1414
f 1225 1227 1226
f 1228 1227 1230
f 1228 1230 1229
f 1414 1413 1412
f 1410 1412 1411
f 1409 1408 1410
f 1406 1239 1408
f 1233 1412 1410
f 1230 1412 1233
f 1236 1410 1408
f 1233 1232 1231
f 1234 1233 1236
f 1230 1233 1231
f 1236 1235 1234
f 1237 1236 1239
f 1239 1238 1237
f 1242 1240 1239
f 1233 1410 1236
f 1408 1239 1236
f 1408 1407 1406
f 480 1406 1405
f 481 1404 480
f 1404 1403 1402
f 1245 480 1404
f 1406 480 1242
f 1400 1402 1401
f 1399 1398 1400
f 1398 1397 1396
f 1402 1251 1248
f 1404 1402 1248
f 1400 1251 1402
f 1242 1245 1243
f 1242 480 1245
f 1243 1245 1244
f 1245 1248 1246
f 1241 1240 1242
f 1251 1400 1398
f 1248 1245 1404
f 1396 1395 1394
f 1396 1257 1398
f 1394 1393 1392
f 1257 1396 1394
f 1248 1247 1246
f 1242 1239 1406
f 1249 1251 1250
f 1251 1249 1248
f 1252 1254 1253
f 1254 1252 1251
f 1398 1254 1251
f 1263 1394 1392
f 1257 1255 1254
f 1390 1392 1391
f 1257 1256 1255
f 1260 1257 1394
f 1254 1398 1257
f 1258 1260 1259
f 1258 1257 1260
f 1261 1263 1262
f 1263 1261 1260
f 1263 1260 1394
f 1263 1266 1264
f 1263 1392 1266
f 1267 1266 1269
f 1264 1266 1265
f 1269 1268 1267
f 1390 1269 1266
f 1266 1392 1390
f 1390 1389 1388
f 1390 1388 1269
f 1272 1388 1386
f 1269 1388 1270
f 1270 1272 1271
f 1272 1270 1388
f 1388 1387 1386
f 1384 1386 1385
f 1386 1275 1273
f 1275 1386 1384
f 1276 1275 1384
f 1273 1275 1274
f 1384 1383 1382
f 1386 1273 1272
f 1278 1384 1382
f 1382 1381 1380
f 1276 1278 1277
f 1276 1384 1278
f 1278 1382 1279
f 1382 1380 1279
f 1380 1379 1282
f 1279 1380 1281
f 1281 1280 1279
f 1282 1281 1380
f 1379 1378 1282
f 1375 1285 1283
f 1378 1377 1282
f 1377 1375 1283
f 1285 1284 1283
f 1283 1282 1377
f 1373 1286 1375
f 1375 1286 1285
f 1376 1375 1377
f 1289 1288 1373
f 1373 1288 1286
f 1374 1373 1375
f 1372 1371 1373
f 1286 1288 1287
f 1290 1289 1291
f 1292 1291 1371
f 1293 1292 1294
f 1369 1294 1292
f 1291 1289 1371
f 1369 1295 1294
f 1367 1297 1295
f 1296 1295 1297
f 1367 1298 1297
f 1299 1298 1300
f 1371 1369 1292
f 1289 1373 1371
f 1370 1369 1371
f 1298 1367 1365
f 1367 1295 1369
f 1365 1301 1300
f 1303 1302 1301
f 1368 1367 1369
f 1367 1366 1365
f 1365 1364 1363
f 1301 1365 1303
f 1365 1300 1298
f 1363 1303 1365
f 1303 1363 1304
f 1305 1304 1306
f 1361 1307 1306
f 1308 1307 1309
f 1306 1304 1361
f 1307 1361 1359
f 1361 1360 1359
f 1310 1309 1307
f 1307 1359 1310
f 1310 1359 1312
f 1304 1363 1361
f 1362 1361 1363
f 1311 1310 1312
f 1313 1312 1357
f 1315 1314 1313
f 1313 1316 1315
f 1355 1357 1356
f 1312 1359 1357
f 1355 1316 1313
f 1316 1319 1318
f 1353 1319 1316
f 1316 1318 1317
f 1319 1351 1322
f 1355 1313 1357
f 1359 1358 1357
f 1319 1321 1320
f 1321 1319 1322
f 1324 1323 1322
f 1322 1325 1324
f 1325 1328 1327
f 1349 1325 1322
f 1325 1327 1326
f 1330 1329 1328
f 1330 1328 1331
f 1325 1347 1328
f 1355 1353 1316
f 1354 1353 1355
f 1351 1319 1353
f 1349 1351 1350
f 1352 1351 1353
f 1347 1325 1349
f 1349 1322 1351
f 1348 1347 1349
f 1346 1345 1347
f 1345 1344 1343
f 1345 1328 1347
f 1328 1345 1331
f 1331 1334 1333
f 1334 1331 1343
f 1336 1335 1334
f 1334 1337 1336
f 1333 1332 1331
f 1343 1342 1341
f 1341 1337 1334
f 1337 1340 1339
f 1340 1337 1341
f 1337 1339 1338
f 1341 1334 1343
f 1331 1345 1343
f 484 1475 1474
f 1474 1477 484
f 484 1477 483
f 1481 1474 1472
f 1471 1470 1472
f 1473 1472 1474
f 1477 1476 483
f 1479 1478 1477
f 1474 1479 1477
f 1472 1483 1481
f 1481 1479 1474
f 1482 1481 1483
f 1483 1470 1468
f 1481 1480 1479
f 1483 1472 1470
f 1470 1469 1468
f 1485 1468 1466
f 1484 1483 1485
f 1468 1467 1466
f 1485 1483 1468
f 1466 1465 1464
f 1464 1463 1462
f 1485 1466 1487
f 1464 1487 1466
f 1487 1486 1485
f 1489 1488 1487
f 1464 1489 1487
f 1462 1461 1460
f 1489 1464 1462
f 1458 1460 1459
f 1460 1491 1462
f 1489 1462 1491
f 1491 1490 1489
f 1493 1492 1491
f 1460 1493 1491
f 1457 1456 1458
f 1456 1495 1458
f 1455 1454 1456
f 1493 1458 1495
f 1460 1458 1493
f 1495 1494 1493
f 1416 1415 1539
f 1499 1497 1452
f 1496 1495 1456
f 1498 1497 1499
f 1452 1497 1454
f 1456 1497 1496
f 1456 1454 1497
f 1454 1453 1452
f 1499 1450 1501
f 1501 1448 1502
f 1500 1499 1501
f 1452 1451 1450
f 1499 1452 1450
f 1450 1449 1448
f 1448 1447 1502
f 1446 1504 1502
f 1448 1501 1450
f 1503 1502 1504
f 1505 1504 1506
f 1506 1445 1508
f 1445 1506 1504
f 1508 1510 1509
f 1508 1445 1443
f 1508 1507 1506
f 1504 1446 1445
f 1502 1447 1446
f 1512 1510 1441
f 1513 1512 1514
f 1508 1443 1510
f 1441 1443 1442
f 1443 1445 1444
f 1516 1514 1439
f 1514 1512 1441
f 1441 1510 1443
f 1516 1515 1514
f 1517 1516 1518
f 1437 1518 1516
f 1522 1521 1520
f 1523 1522 1524
f 1522 1520 1435
f 1520 1519 1518
f 1518 1435 1520
f 1514 1441 1439
f 1440 1439 1441
f 1437 1435 1518
f 1438 1437 1439
f 1516 1439 1437
f 1436 1435 1437
f 1435 1434 1433
f 1433 1524 1522
f 1435 1433 1522
f 1525 1524 1526
f 1528 1527 1526
f 1524 1431 1526
f 1431 1524 1433
f 1430 1429 1431
f 1528 1431 1429
f 1526 1431 1528
f 1433 1432 1431
f 1428 1427 1429
f 1548 1546 1549
f 1532 1531 1530
f 1532 1530 1427
f 1528 1429 1530
f 1530 1529 1528
f 1547 1546 1548
f 1545 1544 1546
f 1546 1544 1549
f 1543 1542 1544
f 1541 1540 1542
f 1540 1539 1415
f 1540 1549 1542
f 1542 1549 1544
f 1533 1532 1534
f 1549 1540 1415
f 1425 1534 1532
f 1425 1427 1426
f 1534 1536 1535
f 1534 1425 1423
f 1425 1532 1427
f 1424 1423 1425
f 1423 1422 1421
f 1534 1423 1536
f 1421 1536 1423
f 1537 1536 1538
f 1538 1419 1417
f 1538 1536 1421
f 1419 1538 1421
f 350 351 1419
f 351 1418 1417
f 351 1417 1419
f 1421 1420 1419
f 1538 1417 1539
f 1429 1427 1530
f 1539 1417 1416
f 1511 1510 1512
f 1608 1607 1609
f 1607 1665 1609
f 1665 1607 1666
f 1660 1610 1609
f 1666 1607 1668
f 1550 1721 1566
f 1663 1609 1665
f 1613 1612 1611
f 1613 1615 1614
f 1657 1613 1611
f 1656 1613 1657
f 1611 1659 1657
f 1662 1660 1609
f 1664 1663 1665
f 1660 1659 1611
f 1661 1660 1662
f 1657 1659 1658
f 1660 1611 1610
f 1663 1662 1609
f 1600 1599 1598
f 1601 1600 1602
f 1602 1600 1674
f 1597 1596 1598
f 1594 1596 1595
f 1677 1676 1598
f 1676 1675 1674
f 1674 1600 1676
f 1598 1596 1679
f 1676 1600 1598
f 1602 1674 1604
f 1605 1668 1607
f 1667 1666 1668
f 1669 1668 1605
f 1605 1671 1669
f 1607 1606 1605
f 1605 1604 1672
f 1671 1605 1672
f 1604 1603 1602
f 1672 1604 1673
f 1670 1669 1671
f 1604 1674 1673
f 1566 1721 1720
f 1629 1628 1627
f 1632 1629 1627
f 1630 1629 486
f 1626 1625 1627
f 1623 1622 1621
f 1636 1625 1623
f 1623 1625 1624
f 1641 1639 1623
f 1627 1625 1633
f 1639 1641 1640
f 1623 1639 1636
f 1632 485 1629
f 1627 1633 1632
f 485 1632 1631
f 485 486 1629
f 1639 1638 1636
f 1636 1638 1637
f 1635 1634 1633
f 1636 1635 1633
f 1625 1636 1633
f 1641 1623 1621
f 1617 1616 1615
f 1619 1618 1617
f 1648 1619 1617
f 1619 1645 1621
f 1615 1651 1617
f 1655 1654 1656
f 1653 1615 1654
f 1652 1651 1653
f 1651 1615 1653
f 1615 1613 1654
f 1613 1656 1654
f 1650 1617 1651
f 1642 1645 1644
f 1621 1645 1642
f 1643 1642 1644
f 1641 1621 1642
f 1649 1648 1650
f 1619 1648 1647
f 1647 1646 1645
f 1647 1645 1619
f 1617 1650 1648
f 1620 1619 1621
f 1559 1561 1560
f 1551 1564 1561
f 1559 1558 1561
f 1558 1557 1556
f 1562 1561 1564
f 1551 1561 1558
f 1566 1565 1550
f 1562 1564 1563
f 1564 1550 1565
f 1553 1555 1554
f 1555 1551 1558
f 1551 1553 1552
f 1553 1551 1555
f 1555 1558 1556
f 1574 1576 1575
f 1578 1577 1576
f 1564 1551 1550
f 1715 1568 1718
f 1568 1570 1569
f 1568 1712 1570
f 1715 1712 1568
f 1570 1572 1571
f 1568 1567 1718
f 1719 1718 1567
f 1718 1717 1716
f 1715 1714 1713
f 1716 1715 1718
f 1567 1566 1719
f 1713 1712 1715
f 1574 1572 1706
f 1574 1573 1572
f 1706 1705 1704
f 1574 1706 1703
f 1572 1709 1706
f 1576 1574 1703
f 1712 1711 1710
f 1712 1710 1709
f 1709 1708 1707
f 1709 1707 1706
f 1709 1572 1570
f 1570 1712 1709
f 1566 1720 1719
f 1706 1704 1703
f 1586 1588 1587
f 1589 1588 1590
f 1580 1579 1578
f 1581 1580 1582
f 1586 1691 1588
f 1586 1585 1584
f 1584 1583 1582
f 1586 1584 1694
f 1694 1584 1582
f 1588 1688 1590
f 1592 1591 1590
f 1596 1594 1682
f 1594 1593 1592
f 1679 1596 1680
f 1679 1677 1598
f 1594 1592 1682
f 1592 1590 1685
f 1682 1681 1680
f 1596 1682 1680
f 1678 1677 1679
f 1682 1592 1685
f 1582 1580 1697
f 1697 1694 1582
f 1697 1578 1700
f 1695 1694 1697
f 1696 1695 1697
f 1694 1691 1586
f 1701 1703 1702
f 1703 1701 1700
f 1700 1699 1698
f 1700 1698 1697
f 1700 1578 1576
f 1576 1703 1700
f 1688 1686 1685
f 1686 1688 1687
f 1685 1684 1683
f 1683 1682 1685
f 1590 1688 1685
f 1692 1691 1694
f 1693 1692 1694
f 1690 1689 1691
f 1689 1688 1691
f 1691 1688 1588
f 1580 1578 1697
f 1847 1846 1848
f 1849 1848 1850
f 1848 1846 1742
f 1843 1842 1844
f 1846 1844 1744
f 1746 1844 1842
f 1844 1846 1845
f 1842 1748 1746
f 1746 1744 1844
f 1854 1853 1852
f 1738 1854 1852
f 1854 1856 1855
f 1851 1850 1852
f 1743 1742 1744
f 1742 1850 1848
f 1745 1744 1746
f 1744 1742 1846
f 1852 1850 1738
f 1850 1742 1740
f 1837 1836 1838
f 1839 1838 1840
f 1838 1836 1752
f 1834 1754 1836
f 1755 1754 1756
f 1756 1754 1834
f 1759 1757 1756
f 1756 1834 1759
f 1834 1836 1835
f 1752 1836 1754
f 1840 1748 1842
f 1747 1746 1748
f 1750 1749 1748
f 1748 1840 1750
f 1842 1841 1840
f 1754 1753 1752
f 1838 1752 1750
f 1752 1751 1750
f 1750 1840 1838
f 1868 1867 1866
f 1864 1863 1862
f 1864 1862 1728
f 1865 1864 1866
f 1728 1862 1730
f 1866 1864 1726
f 1871 1870 1722
f 1870 1869 1868
f 1870 1724 1723
f 1724 1870 1868
f 1870 1723 1722
f 1866 1724 1868
f 1726 1728 1727
f 1724 1866 1726
f 1729 1728 1730
f 1726 1725 1724
f 1864 1728 1726
f 1862 1861 1860
f 1858 1857 1856
f 489 1860 1858
f 1858 1860 1859
f 1858 1856 1732
f 1742 1741 1740
f 1738 1850 1740
f 1740 1739 1738
f 1856 1854 1736
f 1736 1854 1738
f 489 1732 488
f 489 1858 1732
f 489 1731 1730
f 489 1730 1860
f 1737 1736 1738
f 1734 1733 1732
f 1735 1734 1736
f 1734 1732 1856
f 1736 1734 1856
f 1860 1730 1862
f 1805 1807 1806
f 1801 1800 1799
f 1803 1805 1804
f 1802 1801 1803
f 1789 1805 1803
f 1785 1809 1807
f 1805 1787 1807
f 1813 1812 1811
f 1814 1813 1815
f 1815 1813 1779
f 1809 1811 1810
f 1809 1808 1807
f 1781 1779 1813
f 1783 1781 1811
f 1779 1781 1780
f 1781 1813 1811
f 1783 1811 1809
f 1777 1815 1779
f 1803 1801 1791
f 1796 1795 1797
f 1793 1799 1797
f 1799 1798 1797
f 1797 1795 1794
f 1799 1793 1801
f 1794 1793 1797
f 1792 1791 1793
f 1791 1790 1789
f 1791 1801 1793
f 1791 1789 1803
f 1783 1809 1785
f 1783 1785 1784
f 1783 1782 1781
f 1789 1788 1787
f 1786 1785 1787
f 1787 1805 1789
f 1807 1787 1785
f 1777 1779 1778
f 1827 1826 1825
f 1829 1828 1827
f 1827 1765 1829
f 1823 1822 1821
f 1827 1767 1765
f 1825 1824 1823
f 1825 1767 1827
f 1825 1823 1769
f 1829 1765 1763
f 1833 1832 1831
f 1833 1761 1759
f 1759 1758 1757
f 1759 1834 1833
f 1763 1762 1761
f 1761 1760 1759
f 1761 1831 1763
f 1761 1833 1831
f 1831 1830 1829
f 1829 1763 1831
f 1763 1765 1764
f 1816 1815 1817
f 1819 1818 1817
f 1817 1775 1819
f 1777 1776 1775
f 1773 1775 1774
f 1775 1773 1819
f 1777 1775 1817
f 1815 1777 1817
f 1819 1773 1771
f 1823 1821 1771
f 1820 1819 1821
f 1765 1767 1766
f 1825 1769 1767
f 1771 1821 1819
f 1770 1769 1771
f 1769 1768 1767
f 1769 1823 1771
f 1772 1771 1773
f 1872 1896 1874
f 1877 1874 1896
f 1872 1874 1873
f 1880 1894 1892
f 1895 1894 1896
f 1877 1896 1894
f 1876 1875 1877
f 1878 1877 1880
f 1880 1879 1878
f 1877 1894 1880
f 1875 1874 1877
f 1894 1893 1892
f 1892 1891 1890
f 1883 1892 1890
f 1886 1890 1888
f 490 1888 1887
f 1889 1888 1890
f 491 1888 490
f 1881 1883 1882
f 1881 1880 1883
f 1884 1886 1885
f 1886 1884 1883
f 1886 1888 491
f 1883 1890 1886
f 1883 1880 1892
f 1985 1984 381
f 1984 1985 494
f 1987 494 1985
f 1984 1983 380
f 371 380 1982
f 1984 380 381
f 494 1986 493
f 1991 1986 371
f 1986 494 1987
f 1982 370 371
f 1993 1897 1991
f 370 1988 1992
f 380 371 1986
f 1991 493 1986
f 370 1967 361
f 1992 1897 1993
f 1990 1924 1988
f 361 1988 370
f 1929 1927 1930
f 1931 1930 1932
f 1927 1990 1930
f 1989 1930 1990
f 1921 1924 1923
f 1921 1988 1924
f 1922 1921 1923
f 1927 1926 1924
f 1927 1929 1928
f 1926 1925 1924
f 1990 1927 1924
f 1992 1988 1903
f 1983 1982 380
f 1918 1988 1921
f 1903 1905 1904
f 1905 1903 1906
f 1906 1908 1907
f 1908 1906 1909
f 1988 1906 1903
f 1897 493 1991
f 1898 1897 1899
f 1900 1902 1901
f 1900 1897 1903
f 1900 1899 1897
f 1903 1902 1900
f 1897 1992 1903
f 1915 1918 1917
f 1915 1909 1906
f 1916 1915 1917
f 1920 1919 1918
f 1918 1921 1920
f 1909 1911 1910
f 1911 1909 1912
f 1913 1912 1914
f 1912 1909 1915
f 1915 1914 1912
f 1988 1915 1906
f 1918 1915 1988
f 1964 1967 1965
f 1967 1964 1961
f 1965 1967 1966
f 1968 1967 1970
f 1968 1970 1969
f 1970 1967 1973
f 1958 361 1961
f 1959 1958 1961
f 1958 1957 1956
f 1963 1962 1964
f 1959 1961 1960
f 1961 1964 1962
f 361 1967 1961
f 1977 1979 1978
f 1973 370 1976
f 1980 1979 1982
f 1979 1977 1976
f 1981 1980 1982
f 1973 1971 1970
f 1971 1973 1972
f 1976 1975 1974
f 1976 1974 1973
f 370 1973 1967
f 1976 370 1979
f 1958 1955 361
f 1938 1989 360
f 1940 360 1943
f 1940 1938 360
f 1941 1940 1943
f 1941 1943 1942
f 360 1946 1943
f 1938 1940 1939
f 1932 1930 1933
f 1934 1933 1935
f 1936 1938 1937
f 1935 1989 1936
f 1935 1933 1989
f 1989 1938 1936
f 1933 1930 1989
f 1952 1951 1950
f 1952 1950 1949
f 361 1955 1952
f 1954 1953 1955
f 1955 1953 1952
f 360 1952 1949
f 1944 1943 1946
f 1944 1946 1945
f 1949 1948 1947
f 1947 1946 1949
f 360 1949 1946
f 360 361 1952
f 1958 1956 1955
f 1979 370 1982
f 2001 2000 391
f 1998 2000 2001
f 2003 1998 2001
f 1999 1998 2003
f 1994 1997 1995
f 1997 1994 1998
f 1996 1995 1997
f 2000 1998 1994
f 496 390 391
f 390 496 498
f 1999 2003 2002
f 390 1999 2002
f 498 1999 390
f 2000 496 391
f 2005 2004 2006
f 2006 499 500
f 2006 500 2005
f 2010 2009 2008
f 2007 2010 2008
f 2008 501 502
f 501 2008 2009
f 2019 2018 2016
f 2017 2016 2018
f 2019 2016 2015
f 2011 2015 2014
f 2015 2011 2019
f 2012 2014 2020
f 2011 2014 2012
f 2014 2021 2020
f 2026 2012 2020
f 2022 2021 2013
f 2023 503 2024
f 503 2023 2013
f 2013 2023 2022
f 2012 2025 497
f 2025 2012 2026
f 2024 497 2025
f 2024 504 497
f 2024 503 504
f 2014 2013 2021
f 2027 507 508
f 508 509 2028
f 508 2028 2027
f 505 2030 511
f 511 2029 510
f 2029 511 2030
f 2031 514 515
f 515 516 2032
f 515 2032 2031
f 512 2034 518
f 518 2033 517
f 2033 518 2034
f 2035 521 522
f 522 523 2036
f 522 2036 2035
f 519 2038 525
f 525 2037 524
f 2037 525 2038
f 2039 528 529
f 529 530 2040
f 529 2040 2039
f 526 2042 532
f 532 2041 531
f 2041 532 2042
f 2043 535 536
f 536 537 2044
f 536 2044 2043
f 533 2046 539
f 539 2045 538
f 2045 539 2046
f 2047 542 543
f 543 544 2048
f 543 2048 2047
f 540 2050 546
f 546 2049 545
f 2049 546 2050
f 2051 549 550
f 550 551 2052
f 550 2052 2051
f 547 2054 553
f 553 2053 552
f 2053 553 2054
f 2055 556 557
f 557 558 2056
f 557 2056 2055
f 554 2058 560
f 560 2057 559
f 2057 560 2058
f 2059 563 564
f 564 565 2060
f 564 2060 2059
f 561 2062 567
f 567 2061 566
f 2061 567 2062
f 2063 570 571
f 571 572 2064
f 571 2064 2063
f 568 2066 574
f 574 2065 573
f 2065 574 2066
f 2067 577 578
f 578 579 2068
f 578 2068 2067
f 575 2070 581
f 581 2069 580
f 2069 581 2070
f 2071 584 585
f 585 586 2072
f 585 2072 2071
f 582 2074 588
f 588 2073 587
f 2073 588 2074
f 2075 591 592
f 592 593 2076
f 592 2076 2075
f 589 2078 595
f 595 2077 594
f 2077 595 2078
f 2079 598 599
f 599 600 2080
f 599 2080 2079
f 596 2082 602
f 602 2081 601
f 2081 602 2082
f 2083 605 606
f 606 607 2084
f 606 2084 2083
f 603 2086 609
f 609 2085 608
f 2085 609 2086
f 2087 612 613
f 613 614 2088
f 613 2088 2087
f 610 2090 616
f 616 2089 615
f 2089 616 2090
f 2091 619 620
f 620 621 2092
f 620 2092 2091
f 618 2094 623
f 623 2093 622
f 2093 623 2094
f 2095 626 627
f 627 628 2096
f 627 2096 2095
f 625 2098 630
f 630 2097 629
f 2097 630 2098
f 2099 633 634
f 634 635 2100
f 634 2100 2099
f 632 2102 637
f 637 2101 636
f 2101 637 2102
f 2103 640 641
f 641 642 2104
f 641 2104 2103
f 638 2106 644
f 644 2105 643
f 2105 644 2106
f 2107 647 648
f 648 649 2108
f 648 2108 2107
f 645 2110 651
f 651 2109 650
f 2109 651 2110
f 2111 654 655
f 655 656 2112
f 655 2112 2111
f 652 2114 658
f 658 2113 657
f 2113 658 2114
f 2115 661 662
f 662 663 2116
f 662 2116 2115
f 659 2118 665
f 665 2117 664
f 2117 665 2118
f 2119 668 669
f 669 670 2120
f 669 2120 2119
f 666 2122 672
f 672 2121 671
f 2121 672 2122
f 2123 675 676
f 676 677 2124
f 676 2124 2123
f 673 2126 679
f 679 2125 678
f 2125 679 2126
f 2127 682 683
f 683 684 2128
f 683 2128 2127
f 680 2130 686
f 686 2129 685
f 2129 686 2130
f 2131 689 690
f 690 691 2132
f 690 2132 2131
f 687 2134 693
f 693 2133 692
f 2133 693 2134
f 2135 696 697
f 697 698 2136
f 697 2136 2135
f 694 2138 700
f 700 2137 699
f 2137 700 2138
f 2139 703 704
f 704 705 2140
f 704 2140 2139
f 701 2142 707
f 707 2141 706
f 2141 707 2142
f 2143 710 711
f 711 712 2144
f 711 2144 2143
f 708 2146 714
f 714 2145 713
f 2145 714 2146
f 2147 717 718
f 718 719 2148
f 718 2148 2147
f 715 2150 721
f 721 2149 720
f 2149 721 2150
f 2151 724 725
f 725 726 2152
f 725 2152 2151
f 722 2154 728
f 728 2153 727
f 2153 728 2154
f 2155 731 732
f 732 733 2156
f 732 2156 2155
f 729 2158 735
f 735 2157 734
f 2157 735 2158
f 2159 738 739
f 739 740 2160
f 739 2160 2159
f 736 2162 742
f 742 2161 741
f 2161 742 2162
f 2163 745 746
f 746 747 2164
f 746 2164 2163
f 744 2166 749
f 749 2165 748
f 2165 749 2166
f 2167 752 753
f 753 754 2168
f 753 2168 2167
f 751 2170 756
f 756 2169 755
f 2169 756 2170
f 2171 759 760
f 760 761 2172
f 760 2172 2171
f 758 2174 763
f 763 2173 762
f 2173 763 2174
f 2175 766 767
f 767 768 2176
f 767 2176 2175
f 764 2178 770
f 770 2177 769
f 2177 770 2178
f 2179 773 774
f 774 775 2180
f 774 2180 2179
f 771 2182 777
f 777 2181 776
f 2181 777 2182
f 2183 780 781
f 781 782 2184
f 781 2184 2183
f 778 2186 784
f 784 2185 783
f 2185 784 2186
f 2187 787 788
f 788 789 2188
f 788 2188 2187
f 785 2190 791
f 791 2189 790
f 2189 791 2190
f 2191 794 795
f 795 796 2192
f 795 2192 2191
f 792 2194 798
f 798 2193 797
f 2193 798 2194
f 2195 801 802
f 802 803 2196
f 802 2196 2195
f 800 2198 805
f 805 2197 804
f 2197 805 2198
f 2199 808 809
f 809 810 2200
f 809 2200 2199
f 807 2202 812
f 812 2201 811
f 2201 812 2202
f 2203 815 816
f 816 817 2204
f 816 2204 2203
f 814 2206 819
f 819 2205 818
f 2205 819 2206
f 2207 822 823
f 823 824 2208
f 823 2208 2207
f 821 2210 826
f 826 2209 825
f 2209 826 2210
f 2211 829 830
f 830 831 2212
f 830 2212 2211
f 828 2214 833
f 833 2213 832
f 2213 833 2214
f 2215 836 837
f 837 838 2216
f 837 2216 2215
f 835 2218 840
f 840 2217 839
f 2217 840 2218
f 2219 843 844
f 844 845 2220
f 844 2220 2219
f 842 2222 847
f 847 2221 846
f 2221 847 2222
f 2223 850 851
f 851 852 2224
f 851 2224 2223
f 849 2226 854
f 854 2225 853
f 2225 854 2226
f 2227 857 858
f 858 859 2228
f 858 2228 2227
f 856 2230 861
f 861 2229 860
f 2229 861 2230
f 2231 864 865
f 865 866 2232
f 865 2232 2231
f 863 2234 868
f 868 2233 867
f 2233 868 2234
f 2235 871 872
f 872 873 2236
f 872 2236 2235
f 870 2238 875
f 875 2237 874
f 2237 875 2238
f 2239 878 879
f 879 880 2240
f 879 2240 2239
f 877 2242 882
f 882 2241 881
f 2241 882 2242
f 2243 885 886
f 886 887 2244
f 886 2244 2243
f 884 2246 889
f 889 2245 888
f 2245 889 2246
f 2247 892 893
f 893 894 2248
f 893 2248 2247
f 891 2250 896
f 896 2249 895
f 2249 896 2250
f 2251 899 900
f 900 901 2252
f 900 2252 2251
f 898 2254 903
f 903 2253 902
f 2253 903 2254
f 2255 906 907
f 907 908 2256
f 907 2256 2255
f 905 2258 910
f 910 2257 909
f 2257 910 2258
f 2259 913 914
f 914 915 2260
f 914 2260 2259
f 912 2262 917
f 917 2261 916
f 2261 917 2262
f 2263 920 921
f 921 922 2264
f 921 2264 2263
f 919 2266 924
f 924 2265 923
f 2265 924 2266
f 2267 927 928
f 928 929 2268
f 928 2268 2267
f 926 2270 931
f 931 2269 930
f 2269 931 2270
f 2271 934 935
f 935 936 2272
f 935 2272 2271
f 933 2274 938
f 938 2273 937
f 2273 938 2274
f 2275 941 942
f 942 943 2276
f 942 2276 2275
f 940 2278 945
f 945 2277 944
f 2277 945 2278
f 2279 948 949
f 949 950 2280
f 949 2280 2279
f 947 2282 952
f 952 2281 951
f 2281 952 2282
f 2283 955 956
f 956 957 2284
f 956 2284 2283
f 954 2286 959
f 959 2285 958
f 2285 959 2286
f 2287 962 963
f 963 964 2288
f 963 2288 2287
f 961 2290 966
f 966 2289 965
f 2289 966 2290
f 2291 969 970
f 970 971 2292
f 970 2292 2291
f 968 2294 973
f 973 2293 972
f 2293 973 2294
f 2295 976 977
f 977 978 2296
f 977 2296 2295
f 975 2298 980
f 980 2297 979
f 2297 980 2298
f 2299 983 984
f 984 985 2300
f 984 2300 2299
f 982 2302 987
f 987 2301 986
f 2301 987 2302
f 2303 990 991
f 991 992 2304
f 991 2304 2303
f 989 2306 994
f 994 2305 993
f 2305 994 2306
f 2307 997 998
f 998 999 2308
f 998 2308 2307
f 996 2310 1001
f 1001 2309 1000
f 2309 1001 2310
f 2311 1004 1005
f 1005 1006 2312
f 1005 2312 2311
f 1003 2314 1008
f 1008 2313 1007
f 2313 1008 2314
f 2315 1011 1012
f 1012 1013 2316
f 1012 2316 2315
f 1009 2318 1015
f 1015 2317 1014
f 2317 1015 2318
f 2319 1018 1019
f 1019 1020 2320
f 1019 2320 2319
f 1017 2322 1022
f 1022 2321 1021
f 2321 1022 2322
f 2323 1025 1026
f 1026 1027 2324
f 1026 2324 2323
f 1023 2326 1029
f 1029 2325 1028
f 2325 1029 2326
f 2327 1032 1033
f 1033 1034 2328
f 1033 2328 2327
f 1031 2330 1036
f 1036 2329 1035
f 2329 1036 2330
f 2331 1039 1040
f 1040 1041 2332
f 1040 2332 2331
f 1037 2334 1043
f 1043 2333 1042
f 2333 1043 2334
f 2335 1046 1047
f 1047 1048 2336
f 1047 2336 2335
f 1044 2338 1050
f 1050 2337 1049
f 2337 1050 2338
f 2339 1053 1054
f 1054 1055 2340
f 1054 2340 2339
f 1051 2342 1057
f 1057 2341 1056
f 2341 1057 2342
f 2343 1060 1061
f 1061 1062 2344
f 1061 2344 2343
f 1058 2346 1064
f 1064 2345 1063
f 2345 1064 2346
f 2347 1067 1068
f 1068 1069 2348
f 1068 2348 2347
f 1066 2350 1071
f 1071 2349 1070
f 2349 1071 2350
f 2351 1074 1075
f 1075 1076 2352
f 1075 2352 2351
f 1073 2354 1078
f 1078 2353 1077
f 2353 1078 2354
f 2355 1081 1082
f 1082 1083 2356
f 1082 2356 2355
f 1080 2358 1085
f 1085 2357 1084
f 2357 1085 2358
f 2359 1088 1089
f 1089 1090 2360
f 1089 2360 2359
f 1087 2362 1092
f 1092 2361 1091
f 2361 1092 2362
f 2363 1095 1096
f 1096 1097 2364
f 1096 2364 2363
f 1094 2366 1099
f 1099 2365 1098
f 2365 1099 2366
f 2367 1102 1103
f 1103 1104 2368
f 1103 2368 2367
f 1101 2370 1106
f 1106 2369 1105
f 2369 1106 2370
f 2371 1109 1110
f 1110 1111 2372
f 1110 2372 2371
f 1108 2374 1113
f 1113 2373 1112
f 2373 1113 2374
f 2375 1116 1117
f 1117 1118 2376
f 1117 2376 2375
f 1115 2378 1120
f 1120 2377 1119
f 2377 1120 2378
f 2379 1123 1124
f 1124 1125 2380
f 1124 2380 2379
f 1122 2382 1127
f 1127 2381 1126
f 2381 1127 2382
f 2383 1130 1131
f 1131 1132 2384
f 1131 2384 2383
f 1129 2386 1134
f 1134 2385 1133
f 2385 1134 2386
f 2387 1137 1138
f 1138 1139 2388
f 1138 2388 2387
f 1136 2390 1141
f 1141 2389 1140
f 2389 1141 2390
f 2391 1144 1145
f 1145 1146 2392
f 1145 2392 2391
f 1143 2394 1148
f 1148 2393 1147
f 2393 1148 2394
f 2395 1151 1152
f 1152 1153 2396
f 1152 2396 2395
f 1150 2398 1155
f 1155 2397 1154
f 2397 1155 2398
f 2399 1158 1159
f 1159 1160 2400
f 1159 2400 2399
f 1157 2402 1162
f 1162 2401 1161
f 2401 1162 2402
f 2403 1165 1166
f 1166 1167 2404
f 1166 2404 2403
f 1163 2406 1169
f 1169 2405 1168
f 2405 1169 2406
f 2407 1172 1173
f 1173 1174 2408
f 1173 2408 2407
f 1170 2410 1176
f 1176 2409 1175
f 2409 1176 2410
f 2411 1179 1180
f 1180 1181 2412
f 1180 2412 2411
f 1177 2414 1183
f 1183 2413 1182
f 2413 1183 2414
f 2415 1186 1187
f 1187 1188 2416
f 1187 2416 2415
f 1184 2418 1190
f 1190 2417 1189
f 2417 1190 2418
f 2419 1193 1194
f 1194 1195 2420
f 1194 2420 2419
f 1191 2422 1197
f 1197 2421 1196
f 2421 1197 2422
f 2423 1200 1201
f 1201 1202 2424
f 1201 2424 2423
f 1198 2426 1204
f 1204 2425 1203
f 2425 1204 2426
f 2427 2154 2428
f 2427 2428 2151
f 2427 2153 2154
f 2152 2427 2151
f 2430 2163 2429
f 2166 2430 2165
f 2429 2165 2430
f 2164 2429 2163
f 2431 2106 2432
f 2431 2432 2103
f 2106 2431 2105
f 2431 2103 2104
f 2433 2110 2434
f 2433 2434 2107
f 2433 2109 2110
f 2108 2433 2107
f 2114 2436 2435
f 2436 2111 2112
f 2435 2113 2114
f 2112 2435 2436
f 2122 2438 2437
f 2438 2119 2120
f 2437 2121 2122
f 2120 2437 2438
f 2440 2199 2439
f 2202 2440 2201
f 2439 2201 2440
f 2200 2439 2199
f 2206 2442 2205
f 2442 2203 2441
f 2441 2205 2442
f 2204 2441 2203
f 2444 2207 2208
f 2210 2444 2209
f 2443 2209 2444
f 2208 2443 2444
f 2218 2446 2445
f 2446 2215 2216
f 2445 2217 2218
f 2216 2445 2446
f 2258 2448 2447
f 2448 2255 2256
f 2447 2257 2258
f 2256 2447 2448
f 2270 2450 2449
f 2450 2267 2268
f 2449 2269 2270
f 2268 2449 2450
f 2282 2452 2451
f 2452 2279 2280
f 2451 2281 2282
f 2280 2451 2452
f 2414 2454 2453
f 2454 2411 2412
f 2453 2413 2414
f 2412 2453 2454
f 2030 2456 2455
f 2456 2027 2028
f 2455 2029 2030
f 2028 2455 2456
f 2034 2458 2457
f 2458 2031 2032
f 2457 2033 2034
f 2032 2457 2458
f 2038 2460 2459
f 2460 2035 2036
f 2459 2037 2038
f 2036 2459 2460
f 2318 2462 2461
f 2462 2315 2316
f 2461 2317 2318
f 2316 2461 2462
f 2326 2464 2463
f 2464 2323 2324
f 2463 2325 2326
f 2324 2463 2464
f 2054 2466 2465
f 2466 2051 2052
f 2465 2053 2054
f 2052 2465 2466
f 2469 2011 2470
f 2011 2469 2019
f 2018 2019 2467
f 2468 2467 2019
f 2019 2469 2468
f 2470 2011 2475
f 2471 2470 2475
f 2471 1994 1995
f 2471 2475 1994
f 2473 2472 2474
f 1995 2474 2472
f 2472 2471 1995
f 2469 2478 2468
f 2476 2468 2478
f 2476 2478 2477
f 2479 2471 2480
f 2480 2471 2472
f 2473 2481 2480
f 2473 2480 2472
f 2488 2487 2486
f 2490 2489 2486
f 2486 2489 2488
f 2490 2486 2485
f 2487 2014 2486
f 2013 2014 2493
f 2014 2487 2493
f 2013 2493 2492
f 2492 2491 2013
f 2484 2491 2490
f 2013 2491 2484
f 2490 2485 2484
f 2482 2496 2495
f 2496 2482 1998
f 2494 2482 2495
f 2497 1998 2498
f 1998 2497 2496
f 2498 1998 1999
f 2483 2482 2494
f 2483 2494 1999
f 2484 2483 1999
f 2500 2499 1999
f 1999 2499 2498
f 2500 1999 2494
f 2484 1999 2013
f 2485 2501 2503
f 2503 2502 2484
f 2503 2484 2485
f 2501 2507 2503
f 2503 2507 2504
f 2506 2505 2504
f 2502 2503 2504
f 2504 2507 2506
f 2506 2508 2505
f 2483 2505 2508
f 2483 2508 2482
f 2509 2489 2490
f 2490 2491 2510
f 2490 2510 2509
f 2487 2512 2493
f 2493 2511 2492
f 2511 2493 2512
f 2495 2514 2494
f 2513 2494 2514
f 2515 2497 2498
f 2498 2499 2516
f 2498 2516 2515
f 2512 2518 2517
f 2518 2509 2510
f 2517 2511 2512
f 2510 2517 2518
f 2513 2514 2520
f 2519 2520 2515
f 2519 2513 2520
f 2516 2519 2515
f 2025 2522 2521
f 2521 2024 2025
f 2522 2523 2525
f 2525 2524 2521
f 2525 2521 2522
f 2157 2158 2527
f 2156 2527 2155
f 2527 2526 2157
f 2526 2527 2156
f 2529 2167 2528
f 2170 2529 2169
f 2528 2169 2529
f 2168 2528 2167
f 2531 2115 2116
f 2118 2531 2117
f 2531 2530 2117
f 2530 2531 2116
f 2532 2126 2533
f 2532 2533 2123
f 2532 2125 2126
f 2124 2532 2123
f 2130 2535 2534
f 2535 2127 2128
f 2534 2129 2130
f 2128 2534 2535
f 2134 2537 2536
f 2537 2131 2132
f 2536 2133 2134
f 2132 2536 2537
f 2214 2539 2538
f 2539 2211 2212
f 2538 2213 2214
f 2212 2538 2539
f 2222 2541 2540
f 2541 2219 2220
f 2540 2221 2222
f 2220 2540 2541
f 2226 2543 2542
f 2543 2223 2224
f 2542 2225 2226
f 2224 2542 2543
f 2230 2545 2544
f 2545 2227 2228
f 2544 2229 2230
f 2228 2544 2545
f 2094 2547 2546
f 2547 2091 2092
f 2546 2093 2094
f 2092 2546 2547
f 2238 2549 2548
f 2549 2235 2236
f 2548 2237 2238
f 2236 2548 2549
f 2262 2551 2550
f 2551 2259 2260
f 2550 2261 2262
f 2260 2550 2551
f 2274 2553 2552
f 2553 2271 2272
f 2552 2273 2274
f 2272 2552 2553
f 2286 2555 2554
f 2555 2283 2284
f 2554 2285 2286
f 2284 2554 2555
f 2294 2557 2556
f 2557 2291 2292
f 2556 2293 2294
f 2292 2556 2557
f 2302 2559 2558
f 2559 2299 2300
f 2558 2301 2302
f 2300 2558 2559
f 2418 2561 2560
f 2561 2415 2416
f 2560 2417 2418
f 2416 2560 2561
f 2042 2563 2562
f 2563 2039 2040
f 2562 2041 2042
f 2040 2562 2563
f 2046 2565 2564
f 2565 2043 2044
f 2564 2045 2046
f 2044 2564 2565
f 2050 2567 2566
f 2567 2047 2048
f 2566 2049 2050
f 2048 2566 2567
f 2334 2569 2568
f 2569 2331 2332
f 2568 2333 2334
f 2332 2568 2569
f 2338 2571 2570
f 2571 2335 2336
f 2570 2337 2338
f 2336 2570 2571
f 2062 2573 2572
f 2573 2059 2060
f 2572 2061 2062
f 2060 2572 2573
f 469 2575 2574
f 2574 468 469
f 2575 2576 2578
f 2578 2577 2574
f 2578 2574 2575
f 2010 2007 2580
f 2009 2010 2579
f 2580 2004 2005
f 2005 2579 2580
f 2580 2579 2010
f 2581 2194 2582
f 2581 2582 2191
f 2581 2193 2194
f 2192 2581 2191
f 2197 2198 2584
f 2196 2584 2195
f 2584 2583 2197
f 2583 2584 2196
f 2586 2175 2176
f 2178 2586 2585
f 2585 2177 2178
f 2176 2585 2586
f 2588 2179 2587
f 2182 2588 2587
f 2587 2181 2182
f 2180 2587 2179
f 2589 2186 2590
f 2589 2590 2183
f 2589 2185 2186
f 2184 2589 2183
f 2592 2187 2188
f 2190 2592 2591
f 2591 2189 2190
f 2188 2591 2592
f 2594 2347 2348
f 2350 2594 2349
f 2594 2593 2349
f 2593 2594 2348
f 2354 2596 2595
f 2596 2351 2352
f 2595 2353 2354
f 2352 2595 2596
f 2358 2598 2597
f 2598 2355 2356
f 2597 2357 2358
f 2356 2597 2598
f 2362 2600 2599
f 2600 2359 2360
f 2599 2361 2362
f 2360 2599 2600
f 2102 2602 2601
f 2602 2099 2100
f 2601 2101 2102
f 2100 2601 2602
f 2604 2363 2364
f 2366 2604 2365
f 2604 2603 2365
f 2603 2604 2364
f 2606 2367 2368
f 2370 2606 2605
f 2605 2369 2370
f 2368 2605 2606
f 2607 2374 2608
f 2372 2608 2371
f 2374 2607 2373
f 2607 2608 2372
f 2378 2610 2377
f 2610 2375 2609
f 2609 2377 2610
f 2376 2609 2375
f 2382 2612 2381
f 2612 2379 2611
f 2611 2381 2612
f 2380 2611 2379
f 2386 2614 2385
f 2614 2383 2613
f 2613 2385 2614
f 2384 2613 2383
f 2390 2616 2615
f 2616 2387 2388
f 2615 2389 2390
f 2388 2615 2616
f 2394 2618 2617
f 2618 2391 2392
f 2617 2393 2394
f 2392 2617 2618
f 2398 2620 2619
f 2620 2395 2396
f 2619 2397 2398
f 2396 2619 2620
f 2402 2622 2621
f 2622 2399 2400
f 2621 2401 2402
f 2400 2621 2622
f 2426 2624 2623
f 2624 2423 2424
f 2623 2425 2426
f 2424 2623 2624
f 2078 2626 2625
f 2626 2075 2076
f 2625 2077 2078
f 2076 2625 2626
f 2082 2628 2627
f 2628 2079 2080
f 2627 2081 2082
f 2080 2627 2628
f 2086 2630 2629
f 2630 2083 2084
f 2629 2085 2086
f 2084 2629 2630
f 2406 2632 2631
f 2632 2403 2404
f 2631 2405 2406
f 2404 2631 2632
f 2410 2634 2409
f 2634 2407 2408
f 2634 2633 2409
f 2633 2634 2408
f 2636 2087 2088
f 2090 2636 2089
f 2636 2635 2089
f 2635 2636 2088
f 476 2638 2637
f 2637 475 476
f 2638 2639 2641
f 2641 2640 2637
f 2641 2637 2638
f 2642 2162 2643
f 2642 2643 2159
f 2642 2161 2162
f 2160 2642 2159
f 2644 2174 2645
f 2644 2645 2171
f 2644 2173 2174
f 2172 2644 2171
f 2647 2135 2136
f 2138 2647 2137
f 2647 2646 2137
f 2646 2647 2136
f 2648 2142 2649
f 2648 2649 2139
f 2648 2141 2142
f 2140 2648 2139
f 2651 2143 2144
f 2146 2651 2145
f 2650 2145 2651
f 2144 2650 2651
f 2150 2653 2149
f 2653 2147 2652
f 2652 2149 2653
f 2148 2652 2147
f 2654 2234 2655
f 2654 2655 2231
f 2234 2654 2233
f 2654 2231 2232
f 2242 2657 2656
f 2657 2239 2240
f 2656 2241 2242
f 2240 2656 2657
f 2246 2659 2245
f 2659 2243 2658
f 2658 2245 2659
f 2244 2658 2243
f 2249 2250 2661
f 2248 2661 2247
f 2661 2660 2249
f 2660 2661 2248
f 2097 2098 2663
f 2662 2663 2095
f 2662 2097 2663
f 2096 2662 2095
f 2664 2254 2665
f 2664 2665 2251
f 2664 2253 2254
f 2252 2664 2251
f 2666 2266 2667
f 2264 2667 2263
f 2266 2666 2265
f 2666 2667 2264
f 2669 2275 2668
f 2278 2669 2668
f 2668 2277 2278
f 2276 2668 2275
f 2671 2287 2288
f 2290 2671 2289
f 2670 2289 2671
f 2288 2670 2671
f 2298 2673 2297
f 2673 2295 2672
f 2672 2297 2673
f 2296 2672 2295
f 2674 2306 2675
f 2674 2675 2303
f 2674 2305 2306
f 2304 2674 2303
f 2310 2677 2676
f 2677 2307 2308
f 2676 2309 2310
f 2308 2676 2677
f 2679 2311 2312
f 2314 2679 2678
f 2678 2313 2314
f 2312 2678 2679
f 2681 2319 2320
f 2322 2681 2321
f 2680 2321 2681
f 2320 2680 2681
f 2330 2683 2682
f 2683 2327 2328
f 2682 2329 2330
f 2328 2682 2683
f 2684 2422 2685
f 2420 2685 2419
f 2684 2421 2422
f 2420 2684 2685
f 2686 2058 2687
f 2686 2687 2055
f 2686 2057 2058
f 2056 2686 2055
f 2689 2063 2064
f 2066 2689 2065
f 2688 2065 2689
f 2064 2688 2689
f 2691 2067 2068
f 2070 2691 2069
f 2690 2069 2691
f 2068 2690 2691
f 2692 2342 2693
f 2692 2693 2339
f 2342 2692 2341
f 2692 2339 2340
f 2694 2346 2695
f 2694 2695 2343
f 2346 2694 2345
f 2694 2343 2344
f 2696 2074 2697
f 2696 2697 2071
f 2074 2696 2073
f 2696 2071 2072
f 462 2699 2698
f 2698 461 462
f 2699 2700 2702
f 2702 2701 2698
f 2702 2698 2699
f 1414 1225 2704
f 1413 1414 2703
f 2704 1205 1206
f 1206 2703 2704
f 2704 2703 1414
f 1896 1872 2706
f 1895 1896 2705
f 2706 1722 2705
f 1723 2705 1722
f 2706 2705 1896
f 1337 1338 2707
f 2707 1540 1541
f 2707 1541 1337
f 1563 1564 2708
f 2708 1796 1797
f 2708 1797 1563
f 1334 1335 2709
f 2709 1542 1543
f 2709 1543 1334
f 1560 1561 2710
f 2710 1798 1799
f 2710 1799 1560
f 1331 1332 2711
f 2711 1544 1545
f 2711 1545 1331
f 1557 1558 2712
f 2712 1800 1801
f 2712 1801 1557
f 1328 1329 2713
f 2713 1546 1547
f 2713 1547 1328
f 1554 1555 2714
f 2714 1802 1803
f 2714 1803 1554
f 1325 1326 2715
f 2715 397 398
f 2715 398 1325
f 1981 1982 2716
f 2716 1804 1805
f 2716 1805 1981
f 1322 1323 2717
f 2717 399 400
f 2717 400 1322
f 1978 1979 2718
f 2718 1806 1807
f 2718 1807 1978
f 1411 1412 2719
f 2719 1412 2720
f 1207 1208 2719
f 1207 2719 2720
f 1894 2722 1893
f 1893 2722 2721
f 1725 2721 2722
f 1725 2722 1724
f 1319 1320 2723
f 2723 401 402
f 2723 402 1319
f 1975 1976 2724
f 2724 1808 1809
f 2724 1809 1975
f 1410 2726 1409
f 1409 2726 2725
f 1209 1210 2725
f 1209 2725 2726
f 1892 2728 1891
f 1891 2728 2727
f 1726 1727 2727
f 1726 2727 2728
f 1316 1317 2729
f 2729 403 404
f 2729 404 1316
f 1972 1973 2730
f 2730 1810 1811
f 2730 1811 1972
f 1408 2732 1407
f 1407 2732 2731
f 1212 2731 2732
f 1212 2732 1211
f 1889 1890 2733
f 2733 1890 2734
f 1728 1729 2733
f 1728 2733 2734
f 1313 1314 2735
f 2735 405 406
f 2735 406 1313
f 1969 1970 2736
f 2736 1812 1813
f 2736 1813 1969
f 1406 2738 1405
f 1405 2738 2737
f 1213 1214 2737
f 1213 2737 2738
f 1888 2740 1887
f 1887 2740 2739
f 1730 1731 2739
f 1730 2739 2740
f 1310 1311 2741
f 2741 407 408
f 2741 408 1310
f 1966 1967 2742
f 2742 1814 1815
f 2742 1815 1966
f 1307 1308 2743
f 2743 409 410
f 2743 410 1307
f 1963 1964 2744
f 2744 1816 1817
f 2744 1817 1963
f 1404 2746 1403
f 1403 2746 2745
f 1477 2745 2746
f 1477 2746 1476
f 1629 1630 2747
f 2747 1630 2748
f 1733 2747 2748
f 1733 2748 1732
f 1304 1305 2749
f 2749 411 412
f 2749 412 1304
f 1960 1961 2750
f 2750 1818 1819
f 2750 1819 1960
f 1402 2752 1401
f 1401 2752 2751
f 1479 2751 2752
f 1479 2752 1478
f 1628 2754 1627
f 1627 2754 2753
f 1735 2753 2754
f 1735 2754 1734
f 1301 1302 2755
f 2755 413 414
f 2755 414 1301
f 1957 1958 2756
f 2756 1820 1821
f 2756 1821 1957
f 1400 2758 1399
f 1399 2758 2757
f 1481 2757 2758
f 1481 2758 1480
f 1625 1626 2759
f 2759 1626 2760
f 1737 2759 2760
f 1737 2760 1736
f 1298 1299 2761
f 2761 415 416
f 2761 416 1298
f 1954 1955 2762
f 2762 1822 1823
f 2762 1823 1954
f 1398 2764 1397
f 1397 2764 2763
f 1483 2763 2764
f 1483 2764 1482
f 1624 2766 1623
f 1623 2766 2765
f 1739 2765 2766
f 1739 2766 1738
f 1295 1296 2767
f 2767 417 418
f 2767 418 1295
f 1951 1952 2768
f 2768 1824 1825
f 2768 1825 1951
f 1717 1718 2769
f 2769 278 279
f 2769 279 1717
f 1395 1396 2770
f 2770 1396 2771
f 1484 1485 2770
f 1484 2770 2771
f 1622 2773 1621
f 1621 2773 2772
f 1741 2772 2773
f 1741 2773 1740
f 1292 1293 2774
f 2774 419 420
f 2774 420 1292
f 1948 1949 2775
f 2775 1826 1827
f 2775 1827 1948
f 98 99 2776
f 2776 1419 1420
f 2776 1420 98
f 1714 1715 2777
f 2777 280 281
f 2777 281 1714
f 189 2779 188
f 188 2779 2778
f 196 197 2778
f 196 2778 2779
f 1394 2781 1393
f 1393 2781 2780
f 2781 1487 2780
f 1487 2781 1486
f 1619 1620 2782
f 2782 1620 2783
f 1743 2782 2783
f 1743 2783 1742
f 1289 1290 2784
f 2784 421 422
f 2784 422 1289
f 1945 1946 2785
f 2785 1828 1829
f 2785 1829 1945
f 95 96 2786
f 2786 1421 1422
f 2786 1422 95
f 1711 1712 2787
f 2787 282 283
f 2787 283 1711
f 187 2789 186
f 186 2789 2788
f 198 199 2788
f 198 2788 2789
f 1392 2791 1391
f 1391 2791 2790
f 1488 1489 2790
f 1488 2790 2791
f 1617 1618 2792
f 2792 1618 2793
f 1745 2792 2793
f 1745 2793 1744
f 1286 1287 2794
f 2794 423 424
f 2794 424 1286
f 1942 1943 2795
f 2795 1830 1831
f 2795 1831 1942
f 92 93 2796
f 2796 1423 1424
f 2796 1424 92
f 1708 1709 2797
f 2797 284 285
f 2797 285 1708
f 185 2799 184
f 184 2799 2798
f 201 2798 2799
f 201 2799 200
f 1390 2801 1389
f 1389 2801 2800
f 2801 1491 2800
f 1491 2801 1490
f 1616 2803 1615
f 1615 2803 2802
f 1746 1747 2802
f 1746 2802 2803
f 1283 1284 2804
f 2804 425 426
f 2804 426 1283
f 1939 1940 2805
f 2805 1832 1833
f 2805 1833 1939
f 89 90 2806
f 2806 1425 1426
f 2806 1426 89
f 1705 1706 2807
f 2807 286 287
f 2807 287 1705
f 182 183 2808
f 2808 183 2809
f 202 203 2808
f 202 2808 2809
f 1388 2811 1387
f 1387 2811 2810
f 1492 1493 2810
f 1492 2810 2811
f 1614 2813 1613
f 1613 2813 2812
f 1749 2812 2813
f 1749 2813 1748
f 86 87 2814
f 2814 1427 1428
f 2814 1428 86
f 1702 1703 2815
f 2815 288 289
f 2815 289 1702
f 180 181 2816
f 2816 181 2817
f 204 205 2816
f 204 2816 2817
f 1385 1386 2818
f 2818 1386 2819
f 2818 1494 1495
f 1494 2818 2819
f 1611 1612 2820
f 2820 1612 2821
f 1751 2820 2821
f 1751 2821 1750
f 83 84 2822
f 2822 1429 1430
f 2822 1430 83
f 1699 1700 2823
f 2823 290 291
f 2823 291 1699
f 178 179 2824
f 2824 179 2825
f 206 207 2824
f 206 2824 2825
f 1383 1384 2826
f 2826 1384 2827
f 2826 1496 1497
f 1496 2826 2827
f 1610 2829 1609
f 1609 2829 2828
f 1753 2828 2829
f 1753 2829 1752
f 80 81 2830
f 2830 1431 1432
f 2830 1432 80
f 1696 1697 2831
f 2831 292 293
f 2831 293 1696
f 176 177 2832
f 2832 177 2833
f 208 209 2832
f 208 2832 2833
f 1381 1382 2834
f 2834 1382 2835
f 2834 1498 1499
f 1498 2834 2835
f 1607 1608 2836
f 2836 1608 2837
f 1755 2836 2837
f 1755 2837 1754
f 77 78 2838
f 2838 1433 1434
f 2838 1434 77
f 1693 1694 2839
f 2839 294 295
f 2839 295 1693
f 174 175 2840
f 2840 175 2841
f 210 211 2840
f 210 2840 2841
f 1379 1380 2842
f 2842 1380 2843
f 2842 1500 1501
f 1500 2842 2843
f 1606 2845 1605
f 1605 2845 2844
f 1757 2844 2845
f 1757 2845 1756
f 74 75 2846
f 2846 1435 1436
f 2846 1436 74
f 1690 1691 2847
f 2847 296 297
f 2847 297 1690
f 172 173 2848
f 2848 173 2849
f 212 213 2848
f 212 2848 2849
f 71 72 2850
f 2850 1437 1438
f 2850 1438 71
f 1687 1688 2851
f 2851 298 299
f 2851 299 1687
f 171 2853 170
f 170 2853 2852
f 214 215 2852
f 214 2852 2853
f 68 69 2854
f 2854 1439 1440
f 2854 1440 68
f 1684 1685 2855
f 2855 300 301
f 2855 301 1684
f 169 2857 168
f 168 2857 2856
f 216 217 2856
f 216 2856 2857
f 65 66 2858
f 2858 1441 1442
f 2858 1442 65
f 1681 1682 2859
f 2859 302 303
f 2859 303 1681
f 166 167 2860
f 2860 167 2861
f 219 2860 2861
f 219 2861 218
f 62 63 2862
f 2862 1443 1444
f 2862 1444 62
f 1678 1679 2863
f 2863 304 305
f 2863 305 1678
f 164 165 2864
f 2864 165 2865
f 221 2864 2865
f 221 2865 220
f 59 60 2866
f 2866 1445 1446
f 2866 1446 59
f 1675 1676 2867
f 2867 306 307
f 2867 307 1675
f 162 163 2868
f 2868 163 2869
f 223 2868 2869
f 223 2869 222
f 160 161 2870
f 2870 161 2871
f 225 2870 2871
f 225 2871 224
f 158 159 2872
f 2872 159 2873
f 227 2872 2873
f 227 2873 226
f 156 157 2874
f 2874 157 2875
f 229 2874 2875
f 229 2875 228
f 154 155 2876
f 2876 155 2877
f 231 2876 2877
f 231 2877 230
f 2998 3004 3007
f 396 3004 2998
f 2998 3007 3000
f 2999 3002 2938
f 3006 3008 3000
f 3008 3009 3000
f 3000 3007 3006
f 395 396 2998
f 3006 3005 3014
f 2946 3013 3005
f 3005 3003 2947
f 3014 3005 3013
f 3008 3017 3010
f 3017 3016 3010
f 3016 2973 2974
f 3014 3017 3008
f 3014 3008 3006
f 3004 396 3003
f 2974 3010 3016
f 2938 3002 2940
f 2940 3002 3001
f 2940 3001 3009
f 2950 2948 3012
f 2948 2940 3009
f 3009 3012 2948
f 2948 2949 2940
f 3001 3000 3009
f 395 2999 2938
f 2959 3011 3010
f 2959 3010 2958
f 2958 3010 2974
f 2958 2977 2960
f 2918 2959 2962
f 2964 2961 2963
f 2963 2961 2960
f 3011 2959 2950
f 2963 2960 2984
f 2950 3012 3011
f 2961 2920 2962
f 2977 2958 2974
f 2998 2999 395
f 2943 396 397
f 396 2943 2944
f 2947 2946 3005
f 2954 3013 2946
f 2953 2954 2946
f 3013 2954 2957
f 2943 397 2945
f 396 2944 3003
f 2945 397 2953
f 2955 2898 2899
f 2953 397 2955
f 397 2898 2955
f 2957 3015 3013
f 2899 2902 2973
f 2956 2955 2899
f 2956 2899 3015
f 2953 2946 2945
f 397 2900 2898
f 3015 2957 2956
f 3016 3015 2973
f 2975 2973 2902
f 3015 2899 2973
f 2987 2963 2984
f 2984 2976 2983
f 2987 2965 2963
f 2986 2965 2987
f 2975 2983 2976
f 2977 2976 2960
f 2988 2986 2985
f 2907 2985 2983
f 2901 2904 2983
f 2903 2904 2901
f 2983 2975 2901
f 2988 2985 2909
f 2965 2986 2989
f 2994 2991 2993
f 2986 2988 2989
f 2968 2989 2992
f 2901 2975 2902
f 2984 2960 2976
f 3003 2944 2947
f 2938 2939 395
f 2991 2970 2992
f 395 2942 2941
f 2942 395 2939
f 395 2941 2949
f 2951 395 2952
f 2919 395 2951
f 2919 2951 2918
f 2952 395 2949
f 2941 2940 2949
f 395 2919 2922
f 2950 2918 2951
f 2950 2959 2918
f 2962 2920 2918
f 2961 2964 2923
f 2923 2964 2967
f 2961 2923 2920
f 2925 2967 2966
f 2969 2966 2968
f 2923 2967 2925
f 2925 2966 2969
f 2921 2920 2923
f 2922 2921 395
f 2924 2921 2923
f 2921 2924 395
f 2926 2929 395
f 2932 2931 395
f 2928 2929 2926
f 395 2927 2926
f 2928 2926 2925
f 2927 395 2924
f 2930 2933 2931
f 2979 2933 2930
f 2925 2969 2928
f 2931 2933 2934
f 2937 395 2934
f 395 2936 3044
f 3043 3044 2936
f 2936 395 2937
f 2934 395 2931
f 2928 2972 2930
f 2929 2932 395
f 2969 2972 2928
f 1415 395 3044
f 2992 2970 2968
f 2968 2965 2989
f 2979 2930 2971
f 2933 2982 2935
f 2978 2979 2971
f 2982 2933 2979
f 2978 2971 2970
f 2968 2966 2965
f 2997 2980 2978
f 2980 3084 3068
f 2978 2970 2994
f 3069 2980 3068
f 2935 2982 2981
f 2981 2980 3069
f 3069 3072 3043
f 3045 3072 3071
f 3071 3070 3074
f 2994 2970 2991
f 2935 2981 3069
f 3043 2936 2935
f 3043 3072 3045
f 3069 3043 2935
f 1415 3046 3049
f 3049 3046 3045
f 1415 3052 3051
f 3046 1415 3047
f 3048 3049 3045
f 3044 3047 1415
f 3050 3054 3051
f 3077 3050 3048
f 3050 3076 3053
f 3045 3071 3048
f 3050 3053 3054
f 3051 3054 1415
f 3057 3056 1415
f 3058 3059 3056
f 3054 3057 1415
f 3074 3077 3048
f 3048 3071 3074
f 3052 1415 3049
f 2978 2994 2997
f 2971 2930 2972
f 1415 3056 3059
f 2983 2904 2907
f 397 2905 2903
f 2908 2905 397
f 2993 2991 2990
f 2906 2909 2985
f 2912 2988 2909
f 2908 2909 2906
f 2990 2988 2912
f 2908 2906 2905
f 2903 2901 2900
f 2910 397 2913
f 2908 397 2910
f 2911 2910 2913
f 2914 2993 2990
f 2914 2911 2913
f 2917 2993 2914
f 2911 2914 2990
f 3024 3083 2916
f 2912 2911 2990
f 2903 2900 397
f 2995 2917 2916
f 2993 2917 2995
f 3084 3087 3068
f 2980 2996 3084
f 3087 3070 3068
f 3070 3086 3073
f 2996 2995 3084
f 3084 2995 3083
f 2980 2997 2996
f 3027 3085 3083
f 3085 3026 3093
f 3094 3085 3093
f 3094 3097 3073
f 3094 3086 3085
f 3073 3097 3075
f 3073 3086 3094
f 3086 3070 3087
f 2916 3083 2995
f 3096 3075 3097
f 3073 3074 3070
f 3023 3024 2916
f 1548 3025 3023
f 3028 3025 1548
f 3027 3026 3085
f 3026 3029 3093
f 3029 3026 3025
f 3093 3029 3032
f 3025 3028 3029
f 3023 2916 2915
f 1548 3033 3030
f 3030 3028 1548
f 3034 3030 3033
f 3032 3031 3095
f 3031 3030 3034
f 3038 3035 1548
f 3036 3035 3038
f 3033 1548 3035
f 3098 3031 3034
f 3023 2915 1548
f 3093 3032 3095
f 3095 3031 3098
f 3098 3034 3037
f 3100 3037 3036
f 3036 3038 3039
f 3108 3036 3039
f 3098 3099 3095
f 3108 3100 3036
f 3098 3037 3100
f 3108 3101 3100
f 3039 3042 3108
f 3099 3096 3095
f 3108 3042 3110
f 3041 3040 2884
f 2883 3040 1548
f 2884 3040 2883
f 3064 2885 3063
f 1548 3063 2885
f 2885 2883 1548
f 2893 3041 2884
f 3040 3038 1548
f 3110 3042 3041
f 3096 3099 3078
f 2913 397 2915
f 3083 3024 3027
f 2915 397 1548
f 3063 1548 1549
f 3076 3075 3079
f 3079 3053 3076
f 3053 3082 3055
f 3053 3079 3082
f 3082 3081 3055
f 3055 3081 3089
f 3078 3079 3075
f 3058 3056 3055
f 3088 3081 3080
f 3080 3078 3102
f 3090 3088 3112
f 3080 3109 3088
f 3075 3096 3078
f 3088 3089 3081
f 3055 3089 3058
f 3091 3090 2889
f 3058 3089 3092
f 2889 3090 2888
f 3099 3102 3078
f 3060 3092 3091
f 2878 3060 3091
f 3058 3092 3060
f 2879 3060 2878
f 1415 3061 2879
f 2879 3061 3060
f 2879 2882 1415
f 2881 1415 2882
f 3062 3061 1415
f 3018 3019 2881
f 2891 3018 2880
f 2892 2880 2878
f 2881 2880 3018
f 1415 3019 3022
f 3019 1415 2881
f 3022 3021 1415
f 1415 3021 3020
f 2891 2880 2892
f 2878 2889 2892
f 2889 2878 3091
f 3062 1415 3059
f 3102 3101 3080
f 3050 3077 3076
f 3108 3109 3101
f 3109 3112 3088
f 3111 2888 3090
f 2894 3111 3110
f 2893 2894 3110
f 3111 2894 2888
f 3041 2893 3110
f 3112 3111 3090
f 2887 2886 2895
f 3065 1549 3066
f 2885 3064 2886
f 3113 2895 3064
f 3064 2895 2886
f 3113 3064 3067
f 1549 3115 3066
f 2887 2895 2893
f 2893 2884 2887
f 3066 3115 3067
f 2890 3103 2891
f 2896 3103 2890
f 2890 2888 2897
f 2891 3103 3104
f 3018 3107 3020
f 3018 3104 3107
f 3107 3106 3020
f 3105 1415 3106
f 3018 2891 3104
f 3114 3103 2896
f 2896 3113 3114
f 3115 3113 3067
f 2888 2894 2897
f 3103 3117 3105
f 3103 3114 3117
f 3117 3116 3105
f 3116 3115 1549
f 1549 3105 3116
f 2896 2890 2897
f 3113 2896 2895
f 3105 1549 1415
f 1415 3020 3106
f 3101 3109 3080
f 1549 3065 3063
f 2906 2985 2907
f 3119 3118 3122
f 3119 3122 2879
f 3119 2878 3121
f 2878 3119 2879
f 3121 3120 3119
f 2881 3123 3125
f 3125 3124 2880
f 3125 2880 2881
f 3130 2884 3127
f 3126 3130 3127
f 3127 2883 3129
f 2883 3127 2884
f 3129 3128 3127
f 2886 3131 3133
f 3133 3132 2885
f 3133 2885 2886
f 3134 3138 3135
f 3138 2889 3135
f 3135 2888 3137
f 2888 3135 2889
f 3137 3136 3135
f 2891 3139 3141
f 3141 3140 2890
f 3141 2890 2891
f 3142 3146 3143
f 3146 2894 3143
f 3143 2893 3145
f 2893 3143 2894
f 3145 3144 3143
f 2896 3147 3149
f 3149 3148 2895
f 3149 2895 2896
f 3154 2899 3151
f 3150 3154 3151
f 3151 2898 3153
f 2898 3151 2899
f 3153 3152 3151
f 2901 3155 3157
f 3157 3156 2900
f 3157 2900 2901
f 3159 3158 3162
f 3159 3162 2904
f 2903 3161 3159
f 3160 3159 3161
f 2903 3159 2904
f 2906 3163 3165
f 3165 3164 2905
f 3165 2905 2906
f 3170 2909 3167
f 3166 3170 3167
f 3167 2908 3169
f 2908 3167 2909
f 3169 3168 3167
f 2911 3171 3173
f 3173 3172 2910
f 3173 2910 2911
f 3178 2914 3175
f 3174 3178 3175
f 3175 2913 3177
f 2913 3175 2914
f 3177 3176 3175
f 2916 3179 3181
f 3181 3180 2915
f 3181 2915 2916
f 3182 3186 3183
f 3186 2919 3183
f 3183 2918 3185
f 2918 3183 2919
f 3185 3184 3183
f 2921 3187 3189
f 3189 3188 2920
f 3189 2920 2921
f 3190 3194 3191
f 3194 2924 3191
f 3191 2923 3193
f 2923 3191 2924
f 3193 3192 3191
f 2926 3195 3197
f 3197 3196 2925
f 3197 2925 2926
f 3198 3202 3199
f 3202 2929 3199
f 3199 2928 3201
f 2928 3199 2929
f 3201 3200 3199
f 2931 3203 3205
f 3205 3204 2930
f 3205 2930 2931
f 3206 3210 3207
f 3210 2934 3207
f 3207 2933 3209
f 2933 3207 2934
f 3209 3208 3207
f 2936 3211 3213
f 3213 3212 2935
f 3213 2935 2936
f 3214 3218 3215
f 3218 2939 3215
f 3215 2938 3217
f 2938 3215 2939
f 3217 3216 3215
f 2941 3219 3221
f 3221 3220 2940
f 3221 2940 2941
f 3226 2944 3223
f 3222 3226 3223
f 3223 2943 3225
f 2943 3223 2944
f 3225 3224 3223
f 2946 3227 3229
f 3229 3228 2945
f 3229 2945 2946
f 3230 3234 3231
f 3234 2949 3231
f 3231 2948 3233
f 2948 3231 2949
f 3233 3232 3231
f 2951 3235 3237
f 3237 3236 2950
f 3237 2950 2951
f 3242 2954 3239
f 3238 3242 3239
f 3239 2953 3241
f 2953 3239 2954
f 3241 3240 3239
f 2956 3243 3245
f 3245 3244 2955
f 3245 2955 2956
f 3246 3250 3247
f 3250 2959 3247
f 3247 2958 3249
f 2958 3247 2959
f 3249 3248 3247
f 2961 3251 3253
f 3253 3252 2960
f 3253 2960 2961
f 3255 3254 3258
f 3255 3258 2964
f 3255 2963 3257
f 2963 3255 2964
f 3257 3256 3255
f 2966 3259 3261
f 3261 3260 2965
f 3261 2965 2966
f 3262 3266 3263
f 3266 2969 3263
f 3263 2968 3265
f 2968 3263 2969
f 3265 3264 3263
f 2971 3267 3269
f 3269 3268 2970
f 3269 2970 2971
f 3270 3274 3271
f 3274 2974 3271
f 3271 2973 3273
f 2973 3271 2974
f 3273 3272 3271
f 2976 3275 3277
f 3277 3276 2975
f 3277 2975 2976
f 3278 3282 3279
f 3282 2979 3279
f 3279 2978 3281
f 2978 3279 2979
f 3281 3280 3279
f 2981 3283 3285
f 3285 3284 2980
f 3285 2980 2981
f 3286 3290 3287
f 3290 2984 3287
f 3287 2983 3289
f 2983 3287 2984
f 3289 3288 3287
f 2986 3291 3293
f 3293 3292 2985
f 3293 2985 2986
f 3294 3298 3295
f 3298 2989 3295
f 3295 2988 3297
f 2988 3295 2989
f 3297 3296 3295
f 2991 3299 3301
f 3301 3300 2990
f 3301 2990 2991
f 3302 3306 3303
f 3306 2994 3303
f 3303 2993 3305
f 2993 3303 2994
f 3305 3304 3303
f 2996 3307 3309
f 3309 3308 2995
f 3309 2995 2996
f 3310 3314 3311
f 3314 2999 3311
f 3311 2998 3313
f 2998 3311 2999
f 3313 3312 3311
f 3001 3315 3317
f 3317 3316 3000
f 3317 3000 3001
f 3318 3322 3319
f 3322 3004 3319
f 3319 3003 3321
f 3003 3319 3004
f 3321 3320 3319
f 3006 3323 3325
f 3325 3324 3005
f 3325 3005 3006
f 3326 3330 3327
f 3330 3009 3327
f 3327 3008 3329
f 3008 3327 3009
f 3329 3328 3327
f 3011 3331 3333
f 3333 3332 3010
f 3333 3010 3011
f 3334 3338 3335
f 3338 3014 3335
f 3335 3013 3337
f 3013 3335 3014
f 3337 3336 3335
f 3016 3339 3341
f 3341 3340 3015
f 3341 3015 3016
f 3343 3342 3346
f 3343 3346 3019
f 3343 3018 3345
f 3018 3343 3019
f 3345 3344 3343
f 3021 3347 3349
f 3349 3348 3020
f 3349 3020 3021
f 3354 3024 3351
f 3350 3354 3351
f 3351 3023 3353
f 3023 3351 3024
f 3353 3352 3351
f 3026 3355 3357
f 3357 3356 3025
f 3357 3025 3026
f 3362 3029 3359
f 3358 3362 3359
f 3359 3028 3361
f 3028 3359 3029
f 3361 3360 3359
f 3031 3363 3365
f 3365 3364 3030
f 3365 3030 3031
f 3370 3034 3367
f 3366 3370 3367
f 3367 3033 3369
f 3033 3367 3034
f 3369 3368 3367
f 3036 3371 3373
f 3373 3372 3035
f 3373 3035 3036
f 3378 3039 3375
f 3374 3378 3375
f 3375 3038 3377
f 3038 3375 3039
f 3377 3376 3375
f 3041 3379 3381
f 3381 3380 3040
f 3381 3040 3041
f 3382 3386 3383
f 3386 3044 3383
f 3383 3043 3385
f 3043 3383 3044
f 3385 3384 3383
f 3046 3387 3389
f 3389 3388 3045
f 3389 3045 3046
f 3391 3390 3394
f 3391 3394 3049
f 3391 3048 3393
f 3048 3391 3049
f 3393 3392 3391
f 3051 3395 3397
f 3397 3396 3050
f 3397 3050 3051
f 3399 3398 3402
f 3399 3402 3054
f 3399 3053 3401
f 3053 3399 3054
f 3401 3400 3399
f 3056 3403 3405
f 3405 3404 3055
f 3405 3055 3056
f 3406 3410 3407
f 3410 3059 3407
f 3407 3058 3409
f 3058 3407 3059
f 3409 3408 3407
f 3061 3411 3413
f 3413 3412 3060
f 3413 3060 3061
f 3418 3064 3415
f 3414 3418 3415
f 3415 3063 3417
f 3063 3415 3064
f 3417 3416 3415
f 3066 3419 3421
f 3421 3420 3065
f 3421 3065 3066
f 3422 3426 3423
f 3426 3069 3423
f 3423 3068 3425
f 3068 3423 3069
f 3425 3424 3423
f 3071 3427 3429
f 3429 3428 3070
f 3429 3070 3071
f 3430 3434 3431
f 3434 3074 3431
f 3431 3073 3433
f 3073 3431 3074
f 3433 3432 3431
f 3076 3435 3437
f 3437 3436 3075
f 3437 3075 3076
f 3442 3079 3439
f 3438 3442 3439
f 3078 3441 3439
f 3440 3439 3441
f 3078 3439 3079
f 3081 3443 3445
f 3445 3444 3080
f 3445 3080 3081
f 3447 3446 3450
f 3447 3450 3084
f 3447 3083 3449
f 3083 3447 3084
f 3449 3448 3447
f 3086 3451 3453
f 3453 3452 3085
f 3453 3085 3086
f 3454 3458 3455
f 3458 3089 3455
f 3455 3088 3457
f 3088 3455 3089
f 3457 3456 3455
f 3091 3459 3461
f 3461 3460 3090
f 3461 3090 3091
f 3462 3466 3463
f 3466 3094 3463
f 3463 3093 3465
f 3093 3463 3094
f 3465 3464 3463
f 3096 3467 3469
f 3469 3468 3095
f 3469 3095 3096
f 3470 3474 3471
f 3474 3099 3471
f 3471 3098 3473
f 3098 3471 3099
f 3473 3472 3471
f 3101 3475 3477
f 3477 3476 3100
f 3477 3100 3101
f 3478 3482 3479
f 3482 3104 3479
f 3479 3103 3481
f 3103 3479 3104
f 3481 3480 3479
f 3106 3483 3485
f 3485 3484 3105
f 3485 3105 3106
f 3486 3490 3487
f 3490 3109 3487
f 3487 3108 3489
f 3108 3487 3109
f 3489 3488 3487
f 3111 3491 3493
f 3493 3492 3110
f 3493 3110 3111
f 3494 3498 3495
f 3498 3114 3495
f 3495 3113 3497
f 3113 3495 3114
f 3497 3496 3495
f 3116 3499 3501
f 3501 3500 3115
f 3501 3115 3116
f 3654 3652 3671
f 1551 3668 3652
f 3657 3654 3678
f 3653 3656 3582
f 3658 3655 3657
f 3657 3655 3654
f 3656 3655 3584
f 3671 3652 3668
f 3652 1550 1551
f 3677 3669 3625
f 3667 3626 3669
f 3670 3669 3677
f 3678 3654 3670
f 3670 3677 3678
f 3657 3681 3659
f 3678 3681 3657
f 3688 3662 3680
f 3670 3654 3671
f 3668 1551 3667
f 3680 3659 3681
f 3656 3584 3582
f 3655 3658 3584
f 3584 3658 3587
f 3583 3586 1550
f 3588 3585 3587
f 3587 3585 3584
f 3586 3585 1550
f 3658 3661 3587
f 3653 1550 3652
f 3587 3661 3589
f 3659 3662 3660
f 3662 3659 3680
f 3660 3662 3663
f 3592 3660 3663
f 3690 3672 3664
f 3672 3673 3664
f 3664 3662 3691
f 3589 3661 3660
f 3663 3666 3592
f 3582 1550 3653
f 3624 3622 1551
f 1551 3622 3623
f 3625 3669 3626
f 3628 3677 3625
f 3627 3628 3625
f 3677 3628 3631
f 3624 1551 1552
f 1551 3623 3667
f 3627 3624 1552
f 3629 3632 3630
f 3632 3629 1552
f 3627 1552 3629
f 3677 3631 3679
f 3687 3630 3633
f 3630 3632 3633
f 3679 3631 3630
f 3627 3625 3624
f 1552 3634 3632
f 3687 3633 3636
f 3688 3679 3687
f 3688 3680 3679
f 3687 3636 3689
f 3630 3687 3679
f 3691 3690 3664
f 3693 3696 3672
f 3690 3689 3693
f 3690 3693 3672
f 3693 3689 3692
f 3688 3691 3662
f 3641 3694 3692
f 3638 3692 3689
f 3637 3638 3635
f 3689 3635 3638
f 3697 3694 3640
f 3674 3696 3695
f 3698 3695 3697
f 3695 3694 3697
f 3682 3695 3698
f 3635 3689 3636
f 3672 3696 3674
f 3667 3623 3626
f 3582 3583 1550
f 3698 3701 3682
f 3585 3588 1550
f 1550 3588 3591
f 3591 3590 1550
f 3593 3596 1550
f 3590 3589 3593
f 3590 3593 1550
f 3593 3589 3592
f 1550 3596 3595
f 3592 3666 3594
f 3592 3589 3660
f 3597 3665 3673
f 3664 3673 3665
f 3597 3673 3676
f 3594 3665 3597
f 3599 3676 3675
f 3683 3675 3674
f 3597 3676 3599
f 3598 3594 3597
f 3594 3666 3665
f 3683 3617 3675
f 3594 3598 3595
f 3595 3598 1550
f 3601 3600 1550
f 3618 3621 1550
f 3600 3599 3618
f 3600 3618 1550
f 3618 3599 3617
f 3598 3601 1550
f 3619 3722 3620
f 3685 3722 3619
f 3619 3617 3686
f 3620 3722 3723
f 3723 3726 1550
f 3725 3503 1550
f 3724 3503 3725
f 3726 3725 1550
f 3620 3723 1550
f 3599 3675 3617
f 3621 3620 1550
f 3683 3686 3617
f 1983 1550 3503
f 3674 3695 3682
f 3682 3701 3684
f 3733 3722 3685
f 3736 3724 3722
f 3685 3684 3733
f 3736 3722 3733
f 3733 3684 3732
f 3682 3683 3674
f 3741 3734 3732
f 3700 3738 3732
f 3699 3738 3700
f 3732 3684 3700
f 3542 3734 3740
f 3735 3543 3502
f 3543 3735 3542
f 3735 3734 3542
f 3543 3546 3502
f 3736 3735 3724
f 3502 3503 3724
f 3502 3546 3504
f 3735 3502 3724
f 1983 3506 3505
f 3508 3505 3504
f 1983 3508 3511
f 1983 3505 3508
f 3507 3508 3504
f 1983 3503 3506
f 3509 3513 3510
f 3551 3509 3507
f 3545 3548 3507
f 3544 3548 3545
f 3507 3504 3545
f 3512 3509 3550
f 1983 3510 3513
f 3513 3509 3512
f 1983 3513 3516
f 3551 3507 3548
f 3545 3504 3546
f 1983 3511 3510
f 3738 3741 3732
f 3685 3619 3686
f 3684 3701 3700
f 1983 3516 3515
f 3638 3641 3692
f 3634 1552 3637
f 3640 3694 3641
f 3613 3616 3697
f 3697 3640 3613
f 3616 3699 3697
f 3613 3640 3639
f 3699 3616 3615
f 3699 3737 3738
f 3639 1552 3612
f 3614 3727 3728
f 3614 1552 3727
f 1552 3614 3612
f 3737 3615 3728
f 3728 3615 3614
f 3737 3728 3731
f 3615 3737 3699
f 3523 3567 3730
f 3612 3613 3639
f 1552 3639 3637
f 3739 3731 3730
f 3739 3737 3731
f 3568 3571 3542
f 3542 3740 3568
f 3571 3544 3542
f 3544 3570 3547
f 3740 3739 3568
f 3568 3739 3567
f 3740 3734 3741
f 3528 3572 3569
f 3569 3567 3526
f 3573 3569 3572
f 3570 3573 3547
f 3573 3570 3569
f 3547 3576 3549
f 3573 3576 3547
f 3571 3570 3544
f 3739 3730 3567
f 3575 3549 3576
f 3547 3548 3544
f 3729 3522 3523
f 1982 3524 3522
f 1982 3527 3524
f 3525 3569 3526
f 3528 3569 3525
f 3527 3528 3525
f 3528 3531 3572
f 3525 3524 3527
f 3729 3523 3730
f 1982 3532 3529
f 1982 3529 3527
f 3530 3529 3532
f 3531 3530 3574
f 3530 3532 3533
f 1982 3642 3534
f 3643 3534 3642
f 3534 3532 1982
f 3531 3574 3572
f 3729 1552 3522
f 3533 3574 3530
f 3574 3533 3577
f 3577 3533 3536
f 3579 3536 3535
f 3535 3534 3643
f 3712 3535 3643
f 3577 3578 3574
f 3712 3579 3535
f 3577 3536 3579
f 3712 3713 3579
f 3643 3646 3712
f 3578 3575 3574
f 3712 3646 3714
f 3645 3644 3648
f 3647 3644 1982
f 3648 3644 3647
f 3538 3649 3537
f 1982 3537 3649
f 3649 3647 1982
f 3717 3645 3648
f 3644 3642 1982
f 3714 3646 3645
f 3575 3578 3552
f 3727 1552 3729
f 3567 3523 3526
f 1552 1982 3522
f 3537 1982 3539
f 3550 3549 3553
f 3553 3512 3550
f 3512 3556 3514
f 3512 3553 3556
f 3556 3555 3514
f 3514 3555 3703
f 3552 3553 3549
f 3514 3603 3515
f 3554 3703 3555
f 3554 3552 3581
f 3704 3702 3716
f 3554 3580 3702
f 3554 3702 3703
f 3514 3703 3602
f 3604 3706 3705
f 3708 3705 3704
f 3602 3703 3706
f 3708 3711 3607
f 3575 3552 3549
f 3607 3705 3708
f 3603 3606 1983
f 3604 3602 3706
f 3603 3514 3602
f 3605 3608 1983
f 3608 3605 3604
f 3611 3610 1983
f 3608 3611 1983
f 3607 3608 3604
f 3606 3605 1983
f 3609 3518 3610
f 3711 3609 3607
f 3561 3519 3517
f 3517 3609 3710
f 3609 3517 3518
f 3518 1983 3610
f 1983 3518 3521
f 3521 3520 1983
f 1983 3520 3519
f 3519 3560 1983
f 3604 3705 3607
f 3603 1983 3515
f 3708 3704 3707
f 3551 3550 3509
f 3579 3713 3580
f 3713 3702 3580
f 3715 3704 3716
f 3718 3715 3717
f 3717 3715 3714
f 3715 3707 3704
f 3645 3717 3714
f 3716 3702 3713
f 3651 3650 3719
f 3538 3650 3649
f 3650 3538 3562
f 3719 3650 3562
f 3562 3541 3564
f 3538 3541 3562
f 3564 3541 3540
f 3540 3539 1982
f 3651 3719 3717
f 3651 3717 3648
f 3720 3719 3562
f 3557 3709 3720
f 3707 3721 3709
f 3558 3709 3557
f 3710 3558 3517
f 3558 3710 3709
f 3561 3560 3519
f 3558 3561 3517
f 3711 3710 3609
f 3720 3709 3721
f 3562 3563 3720
f 3563 3557 3720
f 3557 3566 3559
f 3557 3563 3566
f 3566 3565 3559
f 1982 3559 3565
f 1982 3564 3540
f 3721 3707 3718
f 3707 3715 3718
f 3559 1983 3560
f 3564 1982 3565
f 3554 3581 3580
f 3578 3581 3552
f 3559 1982 1983
f 3635 3634 3637
f 3746 3503 3743
f 3742 3746 3743
f 3743 3502 3745
f 3502 3743 3503
f 3745 3744 3743
f 3505 3747 3749
f 3749 3748 3504
f 3749 3504 3505
f 3754 3508 3751
f 3750 3754 3751
f 3751 3507 3753
f 3507 3751 3508
f 3753 3752 3751
f 3510 3755 3757
f 3757 3756 3509
f 3757 3509 3510
f 3758 3762 3759
f 3762 3513 3759
f 3759 3512 3761
f 3512 3759 3513
f 3761 3760 3759
f 3515 3763 3765
f 3765 3764 3514
f 3765 3514 3515
f 3766 3770 3767
f 3770 3518 3767
f 3767 3517 3769
f 3517 3767 3518
f 3769 3768 3767
f 3520 3771 3773
f 3773 3772 3519
f 3773 3519 3520
f 3778 3523 3775
f 3774 3778 3775
f 3775 3522 3777
f 3522 3775 3523
f 3777 3776 3775
f 3525 3779 3781
f 3781 3780 3524
f 3781 3524 3525
f 3783 3782 3786
f 3783 3786 3528
f 3783 3527 3785
f 3527 3783 3528
f 3785 3784 3783
f 3530 3787 3789
f 3789 3788 3529
f 3789 3529 3530
f 3794 3533 3791
f 3790 3794 3791
f 3532 3793 3791
f 3792 3791 3793
f 3532 3791 3533
f 3535 3795 3797
f 3797 3796 3534
f 3797 3534 3535
f 3802 3538 3799
f 3798 3802 3799
f 3799 3537 3801
f 3537 3799 3538
f 3801 3800 3799
f 3540 3803 3805
f 3805 3804 3539
f 3805 3539 3540
f 3810 3543 3807
f 3806 3810 3807
f 3807 3542 3809
f 3542 3807 3543
f 3809 3808 3807
f 3545 3811 3813
f 3813 3812 3544
f 3813 3544 3545
f 3815 3814 3818
f 3815 3818 3548
f 3815 3547 3817
f 3547 3815 3548
f 3817 3816 3815
f 3550 3819 3821
f 3821 3820 3549
f 3821 3549 3550
f 3822 3826 3823
f 3826 3553 3823
f 3823 3552 3825
f 3552 3823 3553
f 3825 3824 3823
f 3555 3827 3829
f 3829 3828 3554
f 3829 3554 3555
f 3834 3558 3831
f 3830 3834 3831
f 3831 3557 3833
f 3557 3831 3558
f 3833 3832 3831
f 3560 3835 3837
f 3837 3836 3559
f 3837 3559 3560
f 3838 3842 3839
f 3842 3563 3839
f 3839 3562 3841
f 3562 3839 3563
f 3841 3840 3839
f 3565 3843 3845
f 3845 3844 3564
f 3845 3564 3565
f 3846 3850 3847
f 3850 3568 3847
f 3847 3567 3849
f 3567 3847 3568
f 3849 3848 3847
f 3570 3851 3853
f 3853 3852 3569
f 3853 3569 3570
f 3854 3858 3855
f 3858 3573 3855
f 3855 3572 3857
f 3572 3855 3573
f 3857 3856 3855
f 3575 3859 3861
f 3861 3860 3574
f 3861 3574 3575
f 3862 3866 3863
f 3866 3578 3863
f 3863 3577 3865
f 3577 3863 3578
f 3865 3864 3863
f 3580 3867 3869
f 3869 3868 3579
f 3869 3579 3580
f 3870 3874 3871
f 3874 3583 3871
f 3871 3582 3873
f 3582 3871 3583
f 3873 3872 3871
f 3585 3875 3877
f 3877 3876 3584
f 3877 3584 3585
f 3878 3882 3879
f 3882 3588 3879
f 3879 3587 3881
f 3587 3879 3588
f 3881 3880 3879
f 3590 3883 3885
f 3885 3884 3589
f 3885 3589 3590
f 3890 3593 3887
f 3886 3890 3887
f 3887 3592 3889
f 3592 3887 3593
f 3889 3888 3887
f 3595 3891 3893
f 3893 3892 3594
f 3893 3594 3595
f 3898 3598 3895
f 3894 3898 3895
f 3895 3597 3897
f 3597 3895 3598
f 3897 3896 3895
f 3600 3899 3901
f 3901 3900 3599
f 3901 3599 3600
f 3906 3603 3903
f 3902 3906 3903
f 3903 3602 3905
f 3602 3903 3603
f 3905 3904 3903
f 3605 3907 3909
f 3909 3908 3604
f 3909 3604 3605
f 3910 3914 3911
f 3914 3608 3911
f 3911 3607 3913
f 3607 3911 3608
f 3913 3912 3911
f 3610 3915 3917
f 3917 3916 3609
f 3917 3609 3610
f 3922 3613 3919
f 3918 3922 3919
f 3919 3612 3921
f 3612 3919 3613
f 3921 3920 3919
f 3615 3923 3925
f 3925 3924 3614
f 3925 3614 3615
f 3926 3930 3927
f 3930 3618 3927
f 3927 3617 3929
f 3617 3927 3618
f 3929 3928 3927
f 3620 3931 3933
f 3933 3932 3619
f 3933 3619 3620
f 3935 3934 3938
f 3935 3938 3623
f 3622 3937 3935
f 3936 3935 3937
f 3622 3935 3623
f 3625 3939 3941
f 3941 3940 3624
f 3941 3624 3625
f 3946 3628 3943
f 3942 3946 3943
f 3943 3627 3945
f 3627 3943 3628
f 3945 3944 3943
f 3630 3947 3949
f 3949 3948 3629
f 3949 3629 3630
f 3954 3633 3951
f 3950 3954 3951
f 3951 3632 3953
f 3632 3951 3633
f 3953 3952 3951
f 3635 3955 3957
f 3957 3956 3634
f 3957 3634 3635
f 3962 3638 3959
f 3958 3962 3959
f 3959 3637 3961
f 3637 3959 3638
f 3961 3960 3959
f 3640 3963 3965
f 3965 3964 3639
f 3965 3639 3640
f 3970 3643 3967
f 3966 3970 3967
f 3642 3969 3967
f 3968 3967 3969
f 3642 3967 3643
f 3645 3971 3973
f 3973 3972 3644
f 3973 3644 3645
f 3978 3648 3975
f 3974 3978 3975
f 3975 3647 3977
f 3647 3975 3648
f 3977 3976 3975
f 3650 3979 3981
f 3981 3980 3649
f 3981 3649 3650
f 3982 3986 3983
f 3986 3653 3983
f 3983 3652 3985
f 3652 3983 3653
f 3985 3984 3983
f 3655 3987 3989
f 3989 3988 3654
f 3989 3654 3655
f 3990 3994 3991
f 3994 3658 3991
f 3991 3657 3993
f 3657 3991 3658
f 3993 3992 3991
f 3660 3995 3997
f 3997 3996 3659
f 3997 3659 3660
f 3998 4002 3999
f 4002 3663 3999
f 3999 3662 4001
f 3662 3999 3663
f 4001 4000 3999
f 3665 4003 4005
f 4005 4004 3664
f 4005 3664 3665
f 4006 4010 4007
f 4010 3668 4007
f 4007 3667 4009
f 3667 4007 3668
f 4009 4008 4007
f 3670 4011 4013
f 4013 4012 3669
f 4013 3669 3670
f 4014 4018 4015
f 4018 3673 4015
f 4015 3672 4017
f 3672 4015 3673
f 4017 4016 4015
f 3675 4019 4021
f 4021 4020 3674
f 4021 3674 3675
f 4022 4026 4023
f 4026 3678 4023
f 4023 3677 4025
f 3677 4023 3678
f 4025 4024 4023
f 3680 4027 4029
f 4029 4028 3679
f 4029 3679 3680
f 4030 4034 4031
f 4034 3683 4031
f 4031 3682 4033
f 3682 4031 3683
f 4033 4032 4031
f 3685 4035 4037
f 4037 4036 3684
f 4037 3684 3685
f 4039 4038 4042
f 4039 4042 3688
f 3687 4041 4039
f 4040 4039 4041
f 3687 4039 3688
f 3690 4043 4045
f 4045 4044 3689
f 4045 3689 3690
f 4046 4050 4047
f 4050 3693 4047
f 4047 3692 4049
f 3692 4047 3693
f 4049 4048 4047
f 3695 4051 4053
f 4053 4052 3694
f 4053 3694 3695
f 4054 4058 4055
f 4058 3698 4055
f 4055 3697 4057
f 3697 4055 3698
f 4057 4056 4055
f 3700 4059 4061
f 4061 4060 3699
f 4061 3699 3700
f 4062 4066 4063
f 4066 3703 4063
f 4063 3702 4065
f 3702 4063 3703
f 4065 4064 4063
f 3705 4067 4069
f 4069 4068 3704
f 4069 3704 3705
f 4070 4074 4071
f 4074 3708 4071
f 4071 3707 4073
f 3707 4071 3708
f 4073 4072 4071
f 3710 4075 4077
f 4077 4076 3709
f 4077 3709 3710
f 4079 4078 4082
f 4079 4082 3713
f 3712 4081 4079
f 4080 4079 4081
f 3712 4079 3713
f 3715 4083 4085
f 4085 4084 3714
f 4085 3714 3715
f 4086 4090 4087
f 4090 3718 4087
f 4087 3717 4089
f 3717 4087 3718
f 4089 4088 4087
f 3720 4091 4093
f 4093 4092 3719
f 4093 3719 3720
f 4094 4098 4095
f 4098 3723 4095
f 4095 3722 4097
f 3722 4095 3723
f 4097 4096 4095
f 3725 4099 4101
f 4101 4100 3724
f 4101 3724 3725
f 4106 3728 4103
f 4102 4106 4103
f 4103 3727 4105
f 3727 4103 3728
f 4105 4104 4103
f 3730 4107 4109
f 4109 4108 3729
f 4109 3729 3730
f 4110 4114 4111
f 4114 3733 4111
f 4111 3732 4113
f 3732 4111 3733
f 4113 4112 4111
f 3735 4115 4117
f 4117 4116 3734
f 4117 3734 3735
f 4118 4122 4119
f 4122 3738 4119
f 4119 3737 4121
f 3737 4119 3738
f 4121 4120 4119
f 3740 4123 4125
f 4125 4124 3739
f 4125 3739 3740
f 1720 1416 1417
f 1417 1418 1719
f 1417 1719 1720
f 4126 3221 3219
f 3215 4126 3214
f 3215 3216 3220
f 3220 3221 3215
f 3215 3221 4126
f 4127 3230 3231
f 3235 4127 3237
f 3231 3232 3236
f 3236 3237 3231
f 3231 3237 4127
f 4128 3189 3187
f 3183 4128 3182
f 3183 3184 3189
f 3188 3189 3184
f 3183 3189 4128
f 4129 3190 3191
f 3195 4129 3197
f 3191 3192 3197
f 3196 3197 3192
f 3191 3197 4129
f 4130 3198 3199
f 3203 4130 3205
f 3199 3200 3204
f 3204 3205 3199
f 3199 3205 4130
f 4131 3206 3207
f 3211 4131 3213
f 3207 3208 3212
f 3212 3213 3207
f 3207 3213 4131
f 4132 3382 3383
f 3387 4132 3389
f 3383 3384 3388
f 3388 3389 3383
f 3383 3389 4132
f 4133 3390 3391
f 3395 4133 3397
f 3391 3392 3396
f 3396 3397 3391
f 3391 3397 4133
f 4134 3398 3399
f 3403 4134 3405
f 3399 3400 3404
f 3404 3405 3399
f 3399 3405 4134
f 4135 3406 3407
f 3411 4135 3413
f 3407 3408 3412
f 3412 3413 3407
f 3407 3413 4135
f 4136 3118 3119
f 3123 4136 3125
f 3119 3120 3124
f 3124 3125 3119
f 3119 3125 4136
f 4137 3342 3343
f 3347 4137 3349
f 3343 3344 3348
f 3348 3349 3343
f 3343 3349 4137
f 4138 3870 3871
f 3875 4138 3877
f 3871 3872 3876
f 3876 3877 3871
f 3871 3877 4138
f 4139 3878 3879
f 3883 4139 3885
f 3879 3880 3884
f 3884 3885 3879
f 3879 3885 4139
f 4140 3886 3887
f 3891 4140 3893
f 3887 3888 3892
f 3892 3893 3887
f 3887 3893 4140
f 4141 3894 3895
f 3899 4141 3901
f 3895 3896 3900
f 3900 3901 3895
f 3895 3901 4141
f 4142 3926 3927
f 3931 4142 3933
f 3927 3928 3932
f 3932 3933 3927
f 3927 3933 4142
f 4143 4094 4095
f 4099 4143 4101
f 4095 4096 4100
f 4100 4101 4095
f 4095 4101 4143
f 4144 3742 3743
f 3747 4144 3749
f 3743 3744 3748
f 3748 3749 3743
f 3743 3749 4144
f 4145 3750 3751
f 3755 4145 3757
f 3751 3752 3756
f 3756 3757 3751
f 3751 3757 4145
f 4146 3758 3759
f 3763 4146 3765
f 3759 3760 3764
f 3764 3765 3759
f 3759 3765 4146
f 4147 3902 3903
f 3907 4147 3909
f 3903 3904 3908
f 3908 3909 3903
f 3903 3909 4147
f 4148 3910 3911
f 3915 4148 3917
f 3911 3912 3916
f 3916 3917 3911
f 3911 3917 4148
f 4149 3766 3767
f 3771 4149 3773
f 3767 3768 3772
f 3772 3773 3767
f 3767 3773 4149
f 2477 4150 4152
f 4152 4151 2476
f 4152 2476 2477
f 4150 4154 4152
f 4152 4153 4151
f 4153 4152 4154
f 1997 4155 4157
f 4157 4156 1996
f 4157 1996 1997
f 4155 4159 4157
f 4157 4158 4156
f 4158 4157 4159
f 4154 2015 2016
f 2016 2017 4153
f 2016 4153 4154
f 4159 2479 2480
f 2480 2481 4158
f 2480 4158 4159
f 2020 2021 2523
f 2523 2021 2525
f 2525 2022 2524
f 2022 2525 2021
f 4160 2003 2001
f 384 4160 383
f 384 385 2002
f 2002 2003 384
f 384 2003 4160
f 465 464 2576
f 2576 464 2578
f 2577 2578 464
f 2577 464 466
f 4161 373 374
f 1985 4161 1987
f 374 375 1986
f 1986 1987 374
f 374 1987 4161
f 4162 3317 3315
f 3311 4162 3310
f 3311 3312 3316
f 3316 3317 3311
f 3311 3317 4162
f 4163 3326 3327
f 3331 4163 3333
f 3327 3328 3333
f 3332 3333 3328
f 3327 3333 4163
f 4164 3253 3251
f 3247 4164 3246
f 3247 3248 3252
f 3252 3253 3247
f 3247 3253 4164
f 4165 3254 3255
f 3259 4165 3261
f 3255 3256 3260
f 3260 3261 3255
f 3255 3261 4165
f 4166 3262 3263
f 3267 4166 3269
f 3263 3264 3269
f 3268 3269 3264
f 3263 3269 4166
f 4167 3278 3279
f 3283 4167 3285
f 3279 3280 3284
f 3284 3285 3279
f 3279 3285 4167
f 4168 3422 3423
f 3427 4168 3429
f 3423 3424 3428
f 3428 3429 3423
f 3423 3429 4168
f 4169 3430 3431
f 3435 4169 3437
f 3431 3432 3436
f 3436 3437 3431
f 3431 3437 4169
f 4170 3438 3439
f 3443 4170 3445
f 3439 3440 3444
f 3444 3445 3439
f 3439 3445 4170
f 4171 3454 3455
f 3459 4171 3461
f 3455 3456 3460
f 3460 3461 3455
f 3455 3461 4171
f 4172 3134 3135
f 3139 4172 3141
f 3135 3136 3140
f 3140 3141 3135
f 3135 3141 4172
f 4173 3478 3479
f 3483 4173 3485
f 3479 3480 3484
f 3484 3485 3479
f 3479 3485 4173
f 4174 3982 3983
f 3987 4174 3989
f 3983 3984 3988
f 3988 3989 3983
f 3983 3989 4174
f 4175 3990 3991
f 3995 4175 3997
f 3991 3992 3996
f 3996 3997 3991
f 3991 3997 4175
f 4176 3998 3999
f 4003 4176 4005
f 3999 4000 4004
f 4004 4005 3999
f 3999 4005 4176
f 4177 4014 4015
f 4019 4177 4021
f 4015 4016 4020
f 4020 4021 4015
f 4015 4021 4177
f 4178 4030 4031
f 4035 4178 4037
f 4031 4032 4036
f 4036 4037 4031
f 4031 4037 4178
f 4179 4110 4111
f 4115 4179 4117
f 4111 4112 4116
f 4116 4117 4111
f 4111 4117 4179
f 4180 3806 3807
f 3811 4180 3813
f 3807 3808 3812
f 3812 3813 3807
f 3807 3813 4180
f 4181 3814 3815
f 3819 4181 3821
f 3815 3816 3820
f 3820 3821 3815
f 3815 3821 4181
f 4182 3822 3823
f 3827 4182 3829
f 3823 3824 3828
f 3828 3829 3823
f 3823 3829 4182
f 4183 4062 4063
f 4067 4183 4069
f 4063 4064 4068
f 4068 4069 4063
f 4063 4069 4183
f 4184 4070 4071
f 4075 4184 4077
f 4071 4072 4076
f 4076 4077 4071
f 4071 4077 4184
f 4185 3830 3831
f 3835 4185 3837
f 3831 3832 3836
f 3836 3837 3831
f 3831 3837 4185
f 2639 471 2641
f 2641 471 472
f 2640 2641 472
f 2640 472 473
f 4186 1993 1991
f 364 4186 363
f 364 365 1992
f 1992 1993 364
f 364 1993 4186
f 4187 3325 3323
f 3319 4187 3318
f 3319 3320 3324
f 3324 3325 3319
f 3319 3325 4187
f 4188 3341 3339
f 3335 4188 3334
f 3335 3336 3341
f 3340 3341 3336
f 3335 3341 4188
f 4189 3270 3271
f 3275 4189 3277
f 3271 3272 3277
f 3276 3277 3272
f 3271 3277 4189
f 4190 3286 3287
f 3291 4190 3293
f 3287 3288 3292
f 3292 3293 3287
f 3287 3293 4190
f 4191 3301 3299
f 3295 4191 3294
f 3295 3296 3300
f 3300 3301 3295
f 3295 3301 4191
f 4192 3302 3303
f 3307 4192 3309
f 3303 3304 3308
f 3308 3309 3303
f 3303 3309 4192
f 4193 3446 3447
f 3451 4193 3453
f 3447 3448 3453
f 3452 3453 3448
f 3447 3453 4193
f 4194 3462 3463
f 3467 4194 3469
f 3463 3464 3468
f 3468 3469 3463
f 3463 3469 4194
f 4195 3470 3471
f 3475 4195 3477
f 3471 3472 3476
f 3476 3477 3471
f 3471 3477 4195
f 4196 3486 3487
f 3491 4196 3493
f 3487 3488 3492
f 3492 3493 3487
f 3487 3493 4196
f 4197 3142 3143
f 3147 4197 3149
f 3143 3144 3148
f 3148 3149 3143
f 3143 3149 4197
f 4198 3494 3495
f 3499 4198 3501
f 3495 3496 3501
f 3500 3501 3496
f 3495 3501 4198
f 4199 4006 4007
f 4011 4199 4013
f 4007 4008 4012
f 4012 4013 4007
f 4007 4013 4199
f 4200 4022 4023
f 4027 4200 4029
f 4023 4024 4028
f 4028 4029 4023
f 4023 4029 4200
f 4201 4038 4039
f 4043 4201 4045
f 4039 4040 4044
f 4044 4045 4039
f 4039 4045 4201
f 4202 4046 4047
f 4051 4202 4053
f 4047 4048 4052
f 4052 4053 4047
f 4047 4053 4202
f 4203 4054 4055
f 4059 4203 4061
f 4055 4056 4060
f 4060 4061 4055
f 4055 4061 4203
f 4204 4118 4119
f 4123 4204 4125
f 4119 4120 4124
f 4124 4125 4119
f 4119 4125 4204
f 4205 3846 3847
f 3851 4205 3853
f 3847 3848 3852
f 3852 3853 3847
f 3847 3853 4205
f 4206 3854 3855
f 3859 4206 3861
f 3855 3856 3860
f 3860 3861 3855
f 3855 3861 4206
f 4207 3862 3863
f 3867 4207 3869
f 3863 3864 3868
f 3868 3869 3863
f 3863 3869 4207
f 4208 4078 4079
f 4083 4208 4085
f 4079 4080 4084
f 4084 4085 4079
f 4079 4085 4208
f 4209 4086 4087
f 4091 4209 4093
f 4087 4088 4092
f 4092 4093 4087
f 4087 4093 4209
f 4210 3838 3839
f 3843 4210 3845
f 3839 3840 3844
f 3844 3845 3839
f 3839 3845 4210
f 457 458 2700
f 2700 458 2702
f 459 2701 2702
f 459 2702 458
f 4211 353 354
f 1988 4211 1990
f 354 355 1989
f 1989 1990 354
f 354 1990 4211
f 4212 3229 3227
f 3223 4212 3222
f 3223 3224 3228
f 3228 3229 3223
f 3223 3229 4212
f 4213 3238 3239
f 3243 4213 3245
f 3239 3240 3245
f 3244 3245 3240
f 3239 3245 4213
f 4214 3150 3151
f 3155 4214 3157
f 3151 3152 3157
f 3156 3157 3152
f 3151 3157 4214
f 4215 3158 3159
f 3163 4215 3165
f 3159 3160 3164
f 3164 3165 3159
f 3159 3165 4215
f 4216 3166 3167
f 3171 4216 3173
f 3167 3168 3173
f 3172 3173 3168
f 3167 3173 4216
f 4217 3174 3175
f 3179 4217 3181
f 3175 3176 3180
f 3180 3181 3175
f 3175 3181 4217
f 4218 3357 3355
f 3351 4218 3350
f 3351 3352 3357
f 3356 3357 3352
f 3351 3357 4218
f 4219 3358 3359
f 3363 4219 3365
f 3359 3360 3364
f 3364 3365 3359
f 3359 3365 4219
f 4220 3366 3367
f 3371 4220 3373
f 3367 3368 3372
f 3372 3373 3367
f 3367 3373 4220
f 4221 3381 3379
f 3375 4221 3374
f 3375 3376 3380
f 3380 3381 3375
f 3375 3381 4221
f 4222 3133 3131
f 3127 4222 3126
f 3127 3128 3133
f 3132 3133 3128
f 3127 3133 4222
f 4223 3421 3419
f 3415 4223 3414
f 3415 3416 3420
f 3420 3421 3415
f 3415 3421 4223
f 4224 3941 3939
f 3935 4224 3934
f 3935 3936 3940
f 3940 3941 3935
f 3935 3941 4224
f 4225 3942 3943
f 3947 4225 3949
f 3943 3944 3948
f 3948 3949 3943
f 3943 3949 4225
f 4226 3950 3951
f 3955 4226 3957
f 3951 3952 3956
f 3956 3957 3951
f 3951 3957 4226
f 4227 3958 3959
f 3963 4227 3965
f 3959 3960 3964
f 3964 3965 3959
f 3959 3965 4227
f 4228 3918 3919
f 3923 4228 3925
f 3919 3920 3924
f 3924 3925 3919
f 3919 3925 4228
f 4229 4109 4107
f 4103 4229 4102
f 4103 4104 4108
f 4108 4109 4103
f 4103 4109 4229
f 4230 3781 3779
f 3775 4230 3774
f 3775 3776 3780
f 3780 3781 3775
f 3775 3781 4230
f 4231 3782 3783
f 3787 4231 3789
f 3783 3784 3788
f 3788 3789 3783
f 3783 3789 4231
f 4232 3790 3791
f 3795 4232 3797
f 3791 3792 3796
f 3796 3797 3791
f 3791 3797 4232
f 4233 3973 3971
f 3967 4233 3966
f 3967 3968 3972
f 3972 3973 3967
f 3967 3973 4233
f 4234 3981 3979
f 3975 4234 3974
f 3975 3976 3980
f 3980 3981 3975
f 3975 3981 4234
f 4235 3805 3803
f 3799 4235 3798
f 3799 3800 3804
f 3804 3805 3799
f 3799 3805 4235
f 4236 1226 4237
f 4237 1226 1227
f 4236 1223 1224
f 1223 4236 4237
f 4238 1873 4239
f 4239 1873 1874
f 1870 1871 4238
f 1870 4238 4239
f 1340 1341 1539
f 1538 1539 1341
f 1538 1341 1342
f 1566 1567 1795
f 1794 1795 1567
f 1794 1567 1568
f 1229 1230 4240
f 1222 4240 1221
f 4240 1222 1229
f 1876 1877 4241
f 4241 1868 1869
f 4241 1869 1876
f 1232 1233 4242
f 4242 1219 1220
f 4242 1220 1232
f 1879 1880 4243
f 4243 1866 1867
f 4243 1867 1879
f 1235 1236 4244
f 1218 4244 1217
f 4244 1218 1235
f 1882 1883 4245
f 4245 1864 1865
f 4245 1865 1882
f 1238 1239 4246
f 4246 1215 1216
f 4246 1216 1238
f 1885 1886 4247
f 4247 1862 1863
f 4247 1863 1885
f 1241 1242 4248
f 454 4248 453
f 4248 454 1241
f 1897 1898 4249
f 4249 1860 1861
f 4249 1861 1897
f 1244 1245 4250
f 4250 451 452
f 4250 452 1244
f 1900 1901 4251
f 4251 1858 1859
f 4251 1859 1900
f 1343 1344 4252
f 4252 1344 4253
f 1536 1537 4252
f 1536 4252 4253
f 1569 1570 4254
f 4254 1570 4255
f 1792 1793 4254
f 1792 4254 4255
f 1247 1248 4256
f 4256 449 450
f 4256 450 1247
f 1903 1904 4257
f 4257 1856 1857
f 4257 1857 1903
f 1345 1346 4258
f 4258 1346 4259
f 1534 1535 4258
f 1534 4258 4259
f 1571 1572 4260
f 4260 1572 4261
f 4261 1790 1791
f 4261 1791 4260
f 1250 1251 4262
f 4262 447 448
f 4262 448 1250
f 1906 1907 4263
f 4263 1854 1855
f 4263 1855 1906
f 4264 1347 4265
f 4265 1347 1348
f 1532 1533 4264
f 1532 4264 4265
f 4266 1573 4267
f 4267 1573 1574
f 4267 1788 1789
f 4267 1789 4266
f 1253 1254 4268
f 4268 445 446
f 4268 446 1253
f 1909 1910 4269
f 4269 1852 1853
f 4269 1853 1909
f 1349 1350 4270
f 4270 1350 4271
f 4271 1530 1531
f 4271 1531 4270
f 1575 1576 4272
f 4272 1576 4273
f 4273 1786 1787
f 4273 1787 4272
f 2 3 4274
f 4274 3 4275
f 4274 344 345
f 344 4274 4275
f 1256 1257 4276
f 4276 443 444
f 4276 444 1256
f 1912 1913 4277
f 4277 1850 1851
f 4277 1851 1912
f 4278 1351 4279
f 4279 1351 1352
f 1528 1529 4278
f 1528 4278 4279
f 4280 1577 4281
f 4281 1577 1578
f 1784 1785 4280
f 1784 4280 4281
f 116 117 4282
f 115 116 4282
f 4282 268 269
f 268 4282 117
f 5 6 4283
f 4283 342 343
f 4283 343 5
f 1259 1260 4284
f 4284 441 442
f 4284 442 1259
f 1915 1916 4285
f 4285 1848 1849
f 4285 1849 1915
f 1353 1354 4286
f 4286 1354 4287
f 1526 1527 4286
f 1526 4286 4287
f 4288 1579 4289
f 4289 1579 1580
f 1782 1783 4288
f 1782 4288 4289
f 8 9 4290
f 4290 340 341
f 4290 341 8
f 1262 1263 4291
f 4291 439 440
f 4291 440 1262
f 1918 1919 4292
f 4292 1846 1847
f 4292 1847 1918
f 1355 1356 4293
f 4293 1356 4294
f 1524 1525 4293
f 1524 4293 4294
f 1581 1582 4295
f 4295 1582 4296
f 1780 1781 4295
f 1780 4295 4296
f 11 12 4297
f 4297 338 339
f 4297 339 11
f 1265 1266 4298
f 4298 437 438
f 4298 438 1265
f 1921 1922 4299
f 4299 1844 1845
f 4299 1845 1921
f 1357 1358 4300
f 4300 1358 4301
f 1522 1523 4300
f 1522 4300 4301
f 4302 1583 4303
f 4303 1583 1584
f 1778 1779 4302
f 1778 4302 4303
f 14 15 4304
f 4304 1475 484
f 4304 484 14
f 485 1631 4305
f 4305 336 337
f 4305 337 485
f 1268 1269 4306
f 4306 435 436
f 4306 436 1268
f 1924 1925 4307
f 4307 1842 1843
f 4307 1843 1924
f 1359 1360 4308
f 4308 1360 4309
f 1520 1521 4308
f 1520 4308 4309
f 1585 1586 4310
f 4310 1586 4311
f 1776 1777 4310
f 1776 4310 4311
f 17 18 4312
f 4312 1473 1474
f 4312 1474 17
f 1633 1634 4313
f 4313 334 335
f 4313 335 1633
f 1271 1272 4314
f 434 4314 433
f 4314 434 1271
f 1927 1928 4315
f 1841 4315 1840
f 4315 1841 1927
f 4316 1361 4317
f 4317 1361 1362
f 4317 1518 1519
f 4317 1519 4316
f 1587 1588 4318
f 4318 1588 4319
f 4318 1774 1775
f 1774 4318 4319
f 20 21 4320
f 4320 1471 1472
f 4320 1472 20
f 1636 1637 4321
f 4321 332 333
f 4321 333 1636
f 1274 1275 4322
f 4322 431 432
f 4322 432 1274
f 1930 1931 4323
f 4323 1838 1839
f 4323 1839 1930
f 1363 1364 4324
f 4324 1364 4325
f 1516 1517 4324
f 1516 4324 4325
f 4326 1589 4327
f 4327 1589 1590
f 1772 1773 4326
f 1772 4326 4327
f 118 119 4328
f 4328 119 4329
f 4329 266 267
f 4329 267 4328
f 23 24 4330
f 4330 1469 1470
f 4330 1470 23
f 1639 1640 4331
f 4331 330 331
f 4331 331 1639
f 1277 1278 4332
f 4332 429 430
f 4332 430 1277
f 1933 1934 4333
f 4333 1836 1837
f 4333 1837 1933
f 1365 1366 4334
f 4334 1366 4335
f 4335 1514 1515
f 4335 1515 4334
f 4336 1591 4337
f 4337 1591 1592
f 1770 1771 4336
f 1770 4336 4337
f 120 121 4338
f 4338 121 4339
f 4339 264 265
f 4339 265 4338
f 26 27 4340
f 4340 1467 1468
f 4340 1468 26
f 1642 1643 4341
f 4341 328 329
f 4341 329 1642
f 1280 1281 4342
f 4342 427 428
f 4342 428 1280
f 1936 1937 4343
f 4343 1834 1835
f 4343 1835 1936
f 1367 1368 4344
f 4344 1368 4345
f 1512 1513 4344
f 1512 4344 4345
f 1593 1594 4346
f 4346 1594 4347
f 4347 1768 1769
f 4347 1769 4346
f 122 123 4348
f 4348 123 4349
f 4349 262 263
f 4349 263 4348
f 29 30 4350
f 4350 1465 1466
f 4350 1466 29
f 1645 1646 4351
f 4351 326 327
f 4351 327 1645
f 1369 1370 4352
f 4352 1370 4353
f 4353 1510 1511
f 4353 1511 4352
f 1595 1596 4354
f 4354 1596 4355
f 1766 1767 4354
f 1766 4354 4355
f 124 125 4356
f 4356 125 4357
f 4357 260 261
f 4357 261 4356
f 32 33 4358
f 4358 1463 1464
f 4358 1464 32
f 1648 1649 4359
f 4359 324 325
f 4359 325 1648
f 4360 1371 4361
f 4361 1371 1372
f 4361 1508 1509
f 4361 1509 4360
f 4362 1597 4363
f 4363 1597 1598
f 1764 1765 4362
f 1764 4362 4363
f 4364 126 4365
f 4365 126 127
f 4365 258 259
f 4365 259 4364
f 35 36 4366
f 4366 1461 1462
f 4366 1462 35
f 1651 1652 4367
f 4367 322 323
f 4367 323 1651
f 4368 1373 4369
f 4369 1373 1374
f 4369 1506 1507
f 4369 1507 4368
f 1599 1600 4370
f 4370 1600 4371
f 1762 1763 4370
f 1762 4370 4371
f 4372 128 4373
f 4373 128 129
f 4373 256 257
f 4373 257 4372
f 38 39 4374
f 4374 1459 1460
f 4374 1460 38
f 1654 1655 4375
f 4375 320 321
f 4375 321 1654
f 4376 1375 4377
f 4377 1375 1376
f 4377 1504 1505
f 4377 1505 4376
f 4378 1601 4379
f 4379 1601 1602
f 1760 1761 4378
f 1760 4378 4379
f 4380 130 4381
f 4381 130 131
f 4381 254 255
f 4381 255 4380
f 41 42 4382
f 4382 1457 1458
f 4382 1458 41
f 1657 1658 4383
f 4383 318 319
f 4383 319 1657
f 4384 1377 4385
f 4385 1377 1378
f 4385 1502 1503
f 4385 1503 4384
f 1603 1604 4386
f 4386 1604 4387
f 1758 1759 4386
f 1758 4386 4387
f 4388 132 4389
f 4389 132 133
f 4389 252 253
f 4389 253 4388
f 44 45 4390
f 4390 1455 1456
f 4390 1456 44
f 1660 1661 4391
f 4391 316 317
f 4391 317 1660
f 4392 134 4393
f 4393 134 135
f 4393 250 251
f 4393 251 4392
f 47 48 4394
f 4394 1453 1454
f 4394 1454 47
f 1663 1664 4395
f 4395 314 315
f 4395 315 1663
f 136 137 4396
f 4396 137 4397
f 4397 248 249
f 4397 249 4396
f 50 51 4398
f 4398 1451 1452
f 4398 1452 50
f 1666 1667 4399
f 4399 312 313
f 4399 313 1666
f 4400 138 4401
f 4401 138 139
f 246 247 4400
f 246 4400 4401
f 53 54 4402
f 4402 1449 1450
f 4402 1450 53
f 1669 1670 4403
f 4403 310 311
f 4403 311 1669
f 4404 140 4405
f 4405 140 141
f 244 245 4404
f 244 4404 4405
f 56 57 4406
f 4406 1447 1448
f 4406 1448 56
f 1672 1673 4407
f 4407 308 309
f 4407 309 1672
f 4408 142 4409
f 4409 142 143
f 242 243 4408
f 242 4408 4409
f 4410 144 4411
f 4411 144 145
f 240 241 4410
f 240 4410 4411
f 4412 146 4413
f 4413 146 147
f 238 239 4412
f 238 4412 4413
f 4414 148 4415
f 4415 148 149
f 236 237 4414
f 236 4414 4415
f 4416 150 4417
f 4417 150 151
f 234 235 4416
f 234 4416 4417
f 4418 152 4419
f 4419 152 153
f 232 233 4418
f 232 4418 4419
f 394 395 1415
f 393 394 1415
f 1550 1415 1721
f 1721 1415 1416
f 393 1415 495
f 495 1415 1550
f 1720 1721 1416
f 1983 1984 1550
f 495 1984 494
f 495 1550 1984
f 727 2153 2427
f 2427 2152 726
f 2427 726 727
f 748 2165 2429
f 2429 2164 747
f 2429 747 748
f 643 2105 2431
f 2431 2104 642
f 2431 642 643
f 650 2109 2433
f 2433 2108 649
f 2433 649 650
f 657 2113 2435
f 2435 2112 656
f 2435 656 657
f 671 2121 2437
f 2437 2120 670
f 2437 670 671
f 811 2201 2439
f 2439 2200 810
f 2439 810 811
f 818 2205 2441
f 2441 2204 817
f 2441 817 818
f 825 2209 2443
f 2443 2208 824
f 2443 824 825
f 839 2217 2445
f 838 2445 2216
f 2445 838 839
f 909 2257 2447
f 2447 2256 908
f 2447 908 909
f 930 2269 2449
f 2449 2268 929
f 2449 929 930
f 951 2281 2451
f 2451 2280 950
f 2451 950 951
f 1182 2413 2453
f 1181 2453 2412
f 2453 1181 1182
f 510 2029 2455
f 509 2455 2028
f 2455 509 510
f 517 2033 2457
f 516 2457 2032
f 2457 516 517
f 524 2037 2459
f 523 2459 2036
f 2459 523 524
f 1014 2317 2461
f 1013 2461 2316
f 2461 1013 1014
f 1028 2325 2463
f 1027 2463 2324
f 2463 1027 1028
f 552 2053 2465
f 2465 2052 551
f 2465 551 552
f 3216 3217 3220
f 2940 3220 3217
f 2940 3217 2938
f 3232 3233 3236
f 2950 3236 3233
f 2950 3233 2948
f 3184 3185 3188
f 2920 3188 3185
f 2920 3185 2918
f 3192 3193 3196
f 2925 3196 3193
f 2925 3193 2923
f 3200 3201 3204
f 2930 3204 3201
f 2930 3201 2928
f 3208 3209 3212
f 2935 3212 3209
f 2935 3209 2933
f 3384 3385 3388
f 3045 3388 3385
f 3045 3385 3043
f 3392 3393 3396
f 3050 3396 3393
f 3050 3393 3048
f 3400 3401 3404
f 3055 3404 3401
f 3055 3401 3053
f 3408 3409 3412
f 3060 3412 3409
f 3060 3409 3058
f 3120 3121 3124
f 2880 3124 3121
f 2880 3121 2878
f 3344 3345 3348
f 3020 3348 3345
f 3020 3345 3018
f 3872 3873 3876
f 3584 3876 3873
f 3584 3873 3582
f 3880 3881 3884
f 3589 3884 3881
f 3589 3881 3587
f 3888 3889 3892
f 3594 3892 3889
f 3594 3889 3592
f 3896 3897 3900
f 3599 3900 3897
f 3599 3897 3597
f 3928 3929 3932
f 3619 3932 3929
f 3619 3929 3617
f 4096 4097 4100
f 3724 4100 4097
f 3724 4097 3722
f 3744 3745 3748
f 3504 3748 3745
f 3504 3745 3502
f 3752 3753 3756
f 3509 3756 3753
f 3509 3753 3507
f 3760 3761 3764
f 3514 3764 3761
f 3514 3761 3512
f 3904 3905 3908
f 3604 3908 3905
f 3604 3905 3602
f 3912 3913 3916
f 3609 3916 3913
f 3609 3913 3607
f 3768 3769 3772
f 3519 3772 3769
f 3519 3769 3517
f 2011 2012 2475
f 2012 497 2000
f 2000 2475 2012
f 1994 2475 2000
f 2000 497 496
f 2492 2511 2517
f 2517 2510 2491
f 2517 2491 2492
f 2494 2513 2500
f 2500 2513 2519
f 2519 2516 2499
f 2519 2499 2500
f 2524 2022 2023
f 2023 2024 2521
f 2023 2521 2524
f 2002 385 386
f 386 387 390
f 386 390 2002
f 734 2157 2526
f 2526 2156 733
f 2526 733 734
f 755 2169 2528
f 2528 2168 754
f 2528 754 755
f 664 2117 2530
f 2530 2116 663
f 2530 663 664
f 678 2125 2532
f 2532 2124 677
f 2532 677 678
f 685 2129 2534
f 2534 2128 684
f 2534 684 685
f 692 2133 2536
f 2536 2132 691
f 2536 691 692
f 832 2213 2538
f 2538 2212 831
f 2538 831 832
f 846 2221 2540
f 2540 2220 845
f 2540 845 846
f 853 2225 2542
f 2542 2224 852
f 2542 852 853
f 860 2229 2544
f 859 2544 2228
f 2544 859 860
f 622 2093 2546
f 2546 2092 621
f 2546 621 622
f 874 2237 2548
f 2548 2236 873
f 2548 873 874
f 916 2261 2550
f 2550 2260 915
f 2550 915 916
f 937 2273 2552
f 2552 2272 936
f 2552 936 937
f 958 2285 2554
f 2554 2284 957
f 2554 957 958
f 972 2293 2556
f 2556 2292 971
f 2556 971 972
f 986 2301 2558
f 2558 2300 985
f 2558 985 986
f 1189 2417 2560
f 1188 2560 2416
f 2560 1188 1189
f 531 2041 2562
f 530 2562 2040
f 2562 530 531
f 538 2045 2564
f 537 2564 2044
f 2564 537 538
f 545 2049 2566
f 544 2566 2048
f 2566 544 545
f 1042 2333 2568
f 1041 2568 2332
f 2568 1041 1042
f 1049 2337 2570
f 1048 2570 2336
f 2570 1048 1049
f 566 2061 2572
f 2572 2060 565
f 2572 565 566
f 2577 466 467
f 467 468 2574
f 467 2574 2577
f 1986 375 376
f 376 377 380
f 376 380 1986
f 3312 3313 3316
f 3000 3316 3313
f 3000 3313 2998
f 3328 3329 3332
f 3010 3332 3329
f 3010 3329 3008
f 3248 3249 3252
f 2960 3252 3249
f 2960 3249 2958
f 3256 3257 3260
f 2965 3260 3257
f 2965 3257 2963
f 3264 3265 3268
f 2970 3268 3265
f 2970 3265 2968
f 3280 3281 3284
f 2980 3284 3281
f 2980 3281 2978
f 3424 3425 3428
f 3070 3428 3425
f 3070 3425 3068
f 3432 3433 3436
f 3075 3436 3433
f 3075 3433 3073
f 3440 3441 3444
f 3080 3444 3441
f 3080 3441 3078
f 3456 3457 3460
f 3090 3460 3457
f 3090 3457 3088
f 3136 3137 3140
f 2890 3140 3137
f 2890 3137 2888
f 3480 3481 3484
f 3105 3484 3481
f 3105 3481 3103
f 3984 3985 3988
f 3654 3988 3985
f 3654 3985 3652
f 3992 3993 3996
f 3659 3996 3993
f 3659 3993 3657
f 4000 4001 4004
f 3664 4004 4001
f 3664 4001 3662
f 4016 4017 4020
f 3674 4020 4017
f 3674 4017 3672
f 4032 4033 4036
f 3684 4036 4033
f 3684 4033 3682
f 4112 4113 4116
f 3734 4116 4113
f 3734 4113 3732
f 3808 3809 3812
f 3544 3812 3809
f 3544 3809 3542
f 3816 3817 3820
f 3549 3820 3817
f 3549 3817 3547
f 3824 3825 3828
f 3554 3828 3825
f 3554 3825 3552
f 4064 4065 4068
f 3704 4068 4065
f 3704 4065 3702
f 4072 4073 4076
f 3709 4076 4073
f 3709 4073 3707
f 3832 3833 3836
f 3559 3836 3833
f 3559 3833 3557
f 2017 2013 4153
f 2008 2013 2007
f 2476 4153 2013
f 2008 502 503
f 2008 503 2013
f 2013 2017 2007
f 2481 2476 2013
f 2007 2018 2467
f 2007 2017 2018
f 2007 2467 2468
f 2476 4151 4153
f 2468 2476 2473
f 2007 2468 2580
f 2481 1999 4158
f 2481 2013 1999
f 1996 4158 1999
f 498 499 2006
f 498 2006 1999
f 2004 1999 2006
f 2473 2474 2580
f 2580 2474 1995
f 2473 2580 2468
f 1996 4156 4158
f 1995 2004 2580
f 2004 1995 1996
f 1996 1999 2004
f 2481 2473 2476
f 797 2193 2581
f 2581 2192 796
f 2581 796 797
f 804 2197 2583
f 2583 2196 803
f 2583 803 804
f 769 2177 2585
f 2585 2176 768
f 2585 768 769
f 776 2181 2587
f 2587 2180 775
f 2587 775 776
f 783 2185 2589
f 2589 2184 782
f 2589 782 783
f 790 2189 2591
f 2591 2188 789
f 2591 789 790
f 1070 2349 2593
f 2593 2348 1069
f 2593 1069 1070
f 1077 2353 2595
f 2595 2352 1076
f 2595 1076 1077
f 1084 2357 2597
f 2597 2356 1083
f 2597 1083 1084
f 1091 2361 2599
f 1090 2599 2360
f 2599 1090 1091
f 636 2101 2601
f 2601 2100 635
f 2601 635 636
f 1098 2365 2603
f 2603 2364 1097
f 2603 1097 1098
f 1105 2369 2605
f 2605 2368 1104
f 2605 1104 1105
f 1112 2373 2607
f 2607 2372 1111
f 2607 1111 1112
f 1119 2377 2609
f 2609 2376 1118
f 2609 1118 1119
f 1126 2381 2611
f 2611 2380 1125
f 2611 1125 1126
f 1133 2385 2613
f 2613 2384 1132
f 2613 1132 1133
f 1140 2389 2615
f 2615 2388 1139
f 2615 1139 1140
f 1147 2393 2617
f 2617 2392 1146
f 2617 1146 1147
f 1154 2397 2619
f 2619 2396 1153
f 2619 1153 1154
f 1161 2401 2621
f 2621 2400 1160
f 2621 1160 1161
f 1203 2425 2623
f 1202 2623 2424
f 2623 1202 1203
f 594 2077 2625
f 593 2625 2076
f 2625 593 594
f 601 2081 2627
f 600 2627 2080
f 2627 600 601
f 608 2085 2629
f 607 2629 2084
f 2629 607 608
f 1168 2405 2631
f 1167 2631 2404
f 2631 1167 1168
f 1175 2409 2633
f 1174 2633 2408
f 2633 1174 1175
f 615 2089 2635
f 2635 2088 614
f 2635 614 615
f 2640 473 474
f 474 475 2637
f 474 2637 2640
f 1992 365 366
f 366 367 370
f 366 370 1992
f 3320 3321 3324
f 3005 3324 3321
f 3005 3321 3003
f 3336 3337 3340
f 3015 3340 3337
f 3015 3337 3013
f 3272 3273 3276
f 2975 3276 3273
f 2975 3273 2973
f 3288 3289 3292
f 2985 3292 3289
f 2985 3289 2983
f 3296 3297 3300
f 2990 3300 3297
f 2990 3297 2988
f 3304 3305 3308
f 2995 3308 3305
f 2995 3305 2993
f 3448 3449 3452
f 3085 3452 3449
f 3085 3449 3083
f 3464 3465 3468
f 3095 3468 3465
f 3095 3465 3093
f 3472 3473 3476
f 3100 3476 3473
f 3100 3473 3098
f 3488 3489 3492
f 3110 3492 3489
f 3110 3489 3108
f 3144 3145 3148
f 2895 3148 3145
f 2895 3145 2893
f 3496 3497 3500
f 3115 3500 3497
f 3115 3497 3113
f 4008 4009 4012
f 3669 4012 4009
f 3669 4009 3667
f 4024 4025 4028
f 3679 4028 4025
f 3679 4025 3677
f 4040 4041 4044
f 3689 4044 4041
f 3689 4041 3687
f 4048 4049 4052
f 3694 4052 4049
f 3694 4049 3692
f 4056 4057 4060
f 3699 4060 4057
f 3699 4057 3697
f 4120 4121 4124
f 3739 4124 4121
f 3739 4121 3737
f 3848 3849 3852
f 3569 3852 3849
f 3569 3849 3567
f 3856 3857 3860
f 3574 3860 3857
f 3574 3857 3572
f 3864 3865 3868
f 3579 3868 3865
f 3579 3865 3577
f 4080 4081 4084
f 3714 4084 4081
f 3714 4081 3712
f 4088 4089 4092
f 3719 4092 4089
f 3719 4089 3717
f 3840 3841 3844
f 3564 3844 3841
f 3564 3841 3562
f 741 2161 2642
f 2642 2160 740
f 2642 740 741
f 762 2173 2644
f 2644 2172 761
f 2644 761 762
f 699 2137 2646
f 2646 2136 698
f 2646 698 699
f 706 2141 2648
f 2648 2140 705
f 2648 705 706
f 713 2145 2650
f 2650 2144 712
f 2650 712 713
f 720 2149 2652
f 2652 2148 719
f 2652 719 720
f 867 2233 2654
f 2654 2232 866
f 2654 866 867
f 881 2241 2656
f 2656 2240 880
f 2656 880 881
f 888 2245 2658
f 2658 2244 887
f 2658 887 888
f 895 2249 2660
f 894 2660 2248
f 2660 894 895
f 629 2097 2662
f 2662 2096 628
f 2662 628 629
f 902 2253 2664
f 2664 2252 901
f 2664 901 902
f 923 2265 2666
f 2666 2264 922
f 2666 922 923
f 944 2277 2668
f 2668 2276 943
f 2668 943 944
f 965 2289 2670
f 2670 2288 964
f 2670 964 965
f 979 2297 2672
f 2672 2296 978
f 2672 978 979
f 993 2305 2674
f 2674 2304 992
f 2674 992 993
f 1000 2309 2676
f 2676 2308 999
f 2676 999 1000
f 1007 2313 2678
f 2678 2312 1006
f 2678 1006 1007
f 1021 2321 2680
f 2680 2320 1020
f 2680 1020 1021
f 1035 2329 2682
f 2682 2328 1034
f 2682 1034 1035
f 1196 2421 2684
f 1195 2684 2420
f 2684 1195 1196
f 559 2057 2686
f 558 2686 2056
f 2686 558 559
f 573 2065 2688
f 572 2688 2064
f 2688 572 573
f 580 2069 2690
f 579 2690 2068
f 2690 579 580
f 1056 2341 2692
f 1055 2692 2340
f 2692 1055 1056
f 1063 2345 2694
f 1062 2694 2344
f 2694 1062 1063
f 587 2073 2696
f 2696 2072 586
f 2696 586 587
f 2701 459 460
f 460 461 2698
f 460 2698 2701
f 1989 355 356
f 356 357 360
f 356 360 1989
f 3224 3225 3228
f 2945 3228 3225
f 2945 3225 2943
f 3240 3241 3244
f 2955 3244 3241
f 2955 3241 2953
f 3152 3153 3156
f 2900 3156 3153
f 2900 3153 2898
f 3160 3161 3164
f 2905 3164 3161
f 2905 3161 2903
f 3168 3169 3172
f 2910 3172 3169
f 2910 3169 2908
f 3176 3177 3180
f 2915 3180 3177
f 2915 3177 2913
f 3352 3353 3356
f 3025 3356 3353
f 3025 3353 3023
f 3360 3361 3364
f 3030 3364 3361
f 3030 3361 3028
f 3368 3369 3372
f 3035 3372 3369
f 3035 3369 3033
f 3376 3377 3380
f 3040 3380 3377
f 3040 3377 3038
f 3128 3129 3132
f 2885 3132 3129
f 2885 3129 2883
f 3416 3417 3420
f 3065 3420 3417
f 3065 3417 3063
f 3936 3937 3940
f 3624 3940 3937
f 3624 3937 3622
f 3944 3945 3948
f 3629 3948 3945
f 3629 3945 3627
f 3952 3953 3956
f 3634 3956 3953
f 3634 3953 3632
f 3960 3961 3964
f 3639 3964 3961
f 3639 3961 3637
f 3920 3921 3924
f 3614 3924 3921
f 3614 3921 3612
f 4104 4105 4108
f 3729 4108 4105
f 3729 4105 3727
f 3776 3777 3780
f 3524 3780 3777
f 3524 3777 3522
f 3784 3785 3788
f 3529 3788 3785
f 3529 3785 3527
f 3792 3793 3796
f 3534 3796 3793
f 3534 3793 3532
f 3968 3969 3972
f 3644 3972 3969
f 3644 3969 3642
f 3976 3977 3980
f 3649 3980 3977
f 3649 3977 3647
f 3800 3801 3804
f 3539 3804 3801
f 3539 3801 3537
f 1225 1226 2704
f 2704 1226 4236
f 2704 1224 1205
f 1224 2704 4236
f 2706 1872 4238
f 4238 1872 1873
f 1871 1722 2706
f 1871 2706 4238
f 1338 1339 2707
f 1339 1340 2707
f 2707 1539 1540
f 1539 2707 1340
f 1565 1566 2708
f 1564 1565 2708
f 2708 1795 1796
f 1795 2708 1566
f 1227 1228 4237
f 1228 1229 4237
f 4237 1222 1223
f 1222 4237 1229
f 1874 1875 4239
f 1875 1876 4239
f 4239 1869 1870
f 1869 4239 1876
f 1335 1336 2709
f 1336 1337 2709
f 2709 1541 1542
f 1541 2709 1337
f 1562 1563 2710
f 1561 1562 2710
f 2710 1797 1798
f 1797 2710 1563
f 1230 1231 4240
f 1231 1232 4240
f 4240 1220 1221
f 1220 4240 1232
f 4241 1877 1878
f 4241 1878 1879
f 4241 1867 1868
f 1867 4241 1879
f 1332 1333 2711
f 1333 1334 2711
f 2711 1543 1544
f 1543 2711 1334
f 1559 1560 2712
f 1558 1559 2712
f 2712 1799 1800
f 1799 2712 1560
f 1233 1234 4242
f 1234 1235 4242
f 4242 1218 1219
f 1218 4242 1235
f 4243 1880 1881
f 4243 1881 1882
f 4243 1865 1866
f 1865 4243 1882
f 1329 1330 2713
f 1330 1331 2713
f 2713 1545 1546
f 1545 2713 1331
f 1556 1557 2714
f 1555 1556 2714
f 2714 1801 1802
f 1801 2714 1557
f 1236 1237 4244
f 1237 1238 4244
f 4244 1216 1217
f 1216 4244 1238
f 4245 1883 1884
f 4245 1884 1885
f 4245 1863 1864
f 1863 4245 1885
f 1326 1327 2715
f 1327 1328 2715
f 2715 1328 397
f 1547 1548 397
f 1328 1547 397
f 1553 1554 1982
f 1552 1553 1982
f 1982 1803 2716
f 1803 1982 1554
f 1804 2716 1803
f 1240 1241 455
f 1239 455 4246
f 455 1239 1240
f 1241 454 455
f 478 4246 455
f 1215 4246 478
f 1886 491 492
f 1886 492 4247
f 4247 492 493
f 1897 1861 4247
f 1862 4247 1861
f 1897 4247 493
f 1323 1324 2717
f 1324 1325 2717
f 2717 398 399
f 398 2717 1325
f 1980 1981 2718
f 1979 1980 2718
f 2718 1805 1806
f 1805 2718 1981
f 1242 1243 4248
f 1243 1244 4248
f 4248 452 453
f 452 4248 1244
f 4249 1898 1899
f 4249 1899 1900
f 4249 1859 1860
f 1859 4249 1900
f 1320 1321 2723
f 1321 1322 2723
f 2723 400 401
f 400 2723 1322
f 1976 1977 2724
f 1977 1978 2724
f 2724 1807 1808
f 1807 2724 1978
f 1245 1246 4250
f 1246 1247 4250
f 4250 450 451
f 450 4250 1247
f 1902 1903 4251
f 1901 1902 4251
f 4251 1857 1858
f 1857 4251 1903
f 1317 1318 2729
f 1318 1319 2729
f 2729 402 403
f 402 2729 1319
f 1973 1974 2730
f 1974 1975 2730
f 2730 1809 1810
f 1809 2730 1975
f 1248 1249 4256
f 1249 1250 4256
f 4256 448 449
f 448 4256 1250
f 1905 1906 4257
f 1904 1905 4257
f 4257 1855 1856
f 1855 4257 1906
f 1314 1315 2735
f 1315 1316 2735
f 2735 404 405
f 404 2735 1316
f 1970 1971 2736
f 1971 1972 2736
f 2736 1811 1812
f 1811 2736 1972
f 1251 1252 4262
f 1252 1253 4262
f 4262 446 447
f 446 4262 1253
f 1907 1908 4263
f 1908 1909 4263
f 4263 1853 1854
f 1853 4263 1909
f 1311 1312 2741
f 1312 1313 2741
f 2741 406 407
f 406 2741 1313
f 2742 1967 1968
f 2742 1968 1969
f 2742 1813 1814
f 1813 2742 1969
f 1 2 195
f 195 2 4274
f 4274 345 194
f 4274 194 195
f 1254 1255 4268
f 1255 1256 4268
f 4268 444 445
f 444 4268 1256
f 1910 1911 4269
f 1911 1912 4269
f 4269 1851 1852
f 1851 4269 1912
f 1308 1309 2743
f 1309 1310 2743
f 2743 408 409
f 408 2743 1310
f 1964 1965 2744
f 1965 1966 2744
f 2744 1815 1816
f 1815 2744 1966
f 346 114 4282
f 4282 114 115
f 4282 269 270
f 4282 270 346
f 3 4 4275
f 4 5 4275
f 4275 343 344
f 343 4275 5
f 1257 1258 4276
f 1258 1259 442
f 4276 442 443
f 442 4276 1258
f 4277 1913 1914
f 1849 1914 1915
f 4277 1849 1850
f 1849 4277 1914
f 1305 1306 2749
f 1306 1307 2749
f 2749 410 411
f 410 2749 1307
f 1962 1963 2750
f 1961 1962 2750
f 2750 1817 1818
f 1817 2750 1963
f 347 111 112
f 347 112 113
f 347 271 272
f 271 347 113
f 6 7 4283
f 7 8 4283
f 4283 341 342
f 341 4283 8
f 1260 1261 4284
f 1261 1262 4284
f 4284 440 441
f 440 4284 1262
f 1917 1918 4285
f 1916 1917 4285
f 4285 1847 1848
f 1847 4285 1918
f 1302 1303 2755
f 1303 1304 412
f 2755 412 413
f 412 2755 1303
f 2756 1958 1959
f 1819 1959 1960
f 2756 1819 1820
f 1819 2756 1959
f 109 110 348
f 108 109 348
f 348 273 274
f 273 348 110
f 9 10 4290
f 10 11 4290
f 4290 339 340
f 339 4290 11
f 1263 1264 4291
f 1264 1265 4291
f 4291 438 439
f 438 4291 1265
f 1919 1920 4292
f 1920 1921 4292
f 4292 1845 1846
f 1845 4292 1921
f 1299 1300 2761
f 1300 1301 2761
f 2761 414 415
f 414 2761 1301
f 1955 1956 2762
f 1956 1957 2762
f 2762 1821 1822
f 1821 2762 1957
f 106 107 349
f 105 106 349
f 349 275 276
f 275 349 107
f 13 14 484
f 12 484 4297
f 484 12 13
f 485 337 4297
f 338 4297 337
f 485 4297 484
f 1266 1267 4298
f 1267 1268 4298
f 4298 436 437
f 436 4298 1268
f 1923 1924 4299
f 1922 1923 4299
f 4299 1843 1844
f 1843 4299 1924
f 1296 1297 2767
f 1297 1298 2767
f 2767 416 417
f 416 2767 1298
f 1952 1953 2768
f 1953 1954 2768
f 2768 1823 1824
f 1823 2768 1954
f 103 104 352
f 103 352 102
f 351 352 1418
f 352 104 1418
f 1418 104 1719
f 1718 1719 2769
f 2769 277 278
f 277 2769 1719
f 104 277 1719
f 15 16 4304
f 16 17 4304
f 4304 1474 1475
f 1474 4304 17
f 1631 1632 4305
f 1632 1633 4305
f 4305 335 336
f 335 4305 1633
f 1270 1271 434
f 1269 1270 4306
f 4306 434 435
f 434 4306 1270
f 1926 1927 1841
f 1925 1926 4307
f 4307 1841 1842
f 1841 4307 1926
f 2774 1293 1294
f 2774 1294 1295
f 2774 418 419
f 418 2774 1295
f 1950 1951 2775
f 1949 1950 2775
f 2775 1825 1826
f 1825 2775 1951
f 2776 99 100
f 2776 100 101
f 2776 350 1419
f 350 2776 101
f 2777 1715 1716
f 2777 1716 1717
f 2777 279 280
f 279 2777 1717
f 4312 18 19
f 4312 19 20
f 4312 1472 1473
f 1472 4312 20
f 1635 1636 4313
f 1634 1635 4313
f 4313 333 334
f 333 4313 1636
f 1272 1273 4314
f 1273 1274 432
f 4314 432 433
f 432 4314 1273
f 4315 1928 1929
f 1839 1929 1930
f 4315 1839 1840
f 1839 4315 1929
f 1290 1291 2784
f 1291 1292 420
f 2784 420 421
f 420 2784 1291
f 1947 1948 1827
f 1946 1947 2785
f 2785 1827 1828
f 1827 2785 1947
f 2786 96 97
f 2786 97 98
f 2786 1420 1421
f 1420 2786 98
f 1713 1714 2787
f 1712 1713 2787
f 2787 281 282
f 281 2787 1714
f 21 22 4320
f 22 23 4320
f 4320 1470 1471
f 1470 4320 23
f 1637 1638 4321
f 1638 1639 4321
f 4321 331 332
f 331 4321 1639
f 1275 1276 4322
f 1276 1277 430
f 4322 430 431
f 430 4322 1276
f 1932 1933 1837
f 1931 1932 4323
f 4323 1837 1838
f 1837 4323 1932
f 1287 1288 2794
f 1288 1289 422
f 2794 422 423
f 422 2794 1288
f 1944 1945 1829
f 1943 1944 2795
f 2795 1829 1830
f 1829 2795 1944
f 93 94 2796
f 94 95 2796
f 2796 1422 1423
f 1422 2796 95
f 1709 1710 2797
f 1710 1711 2797
f 2797 283 284
f 283 2797 1711
f 25 26 4330
f 24 25 4330
f 4330 1468 1469
f 1468 4330 26
f 4331 1640 1641
f 4331 1641 1642
f 4331 329 330
f 329 4331 1642
f 1278 1279 4332
f 1279 1280 428
f 4332 428 429
f 428 4332 1279
f 1934 1935 4333
f 1935 1936 1835
f 4333 1835 1836
f 1835 4333 1935
f 1284 1285 2804
f 1285 1286 424
f 2804 424 425
f 424 2804 1285
f 2805 1940 1941
f 1831 1941 1942
f 2805 1831 1832
f 1831 2805 1941
f 91 92 2806
f 90 91 2806
f 2806 1424 1425
f 1424 2806 92
f 2807 1706 1707
f 2807 1707 1708
f 2807 285 286
f 285 2807 1708
f 27 28 4340
f 28 29 4340
f 4340 1466 1467
f 1466 4340 29
f 1643 1644 4341
f 1644 1645 4341
f 4341 327 328
f 327 4341 1645
f 4342 1281 1282
f 427 4342 426
f 1282 1283 426
f 1282 426 4342
f 4343 1937 1938
f 1834 4343 1833
f 1938 1939 1833
f 1938 1833 4343
f 88 89 2814
f 87 88 2814
f 2814 1426 1427
f 1426 2814 89
f 2815 1703 1704
f 2815 1704 1705
f 2815 287 288
f 287 2815 1705
f 4350 30 31
f 4350 31 32
f 4350 1464 1465
f 1464 4350 32
f 4351 1646 1647
f 4351 1647 1648
f 4351 325 326
f 325 4351 1648
f 85 86 2822
f 84 85 2822
f 2822 1428 1429
f 1428 2822 86
f 2823 1700 1701
f 2823 1701 1702
f 2823 289 290
f 289 2823 1702
f 4358 33 34
f 1462 34 35
f 4358 1462 1463
f 1462 4358 34
f 1650 1651 323
f 1649 1650 4359
f 4359 323 324
f 323 4359 1650
f 2830 81 82
f 2830 82 83
f 2830 1430 1431
f 1430 2830 83
f 1698 1699 2831
f 1697 1698 2831
f 2831 291 292
f 291 2831 1699
f 36 37 4366
f 37 38 4366
f 4366 1460 1461
f 1460 4366 38
f 1652 1653 4367
f 1653 1654 4367
f 4367 321 322
f 321 4367 1654
f 79 80 1432
f 78 79 2838
f 2838 1432 1433
f 1432 2838 79
f 2839 1694 1695
f 293 1695 1696
f 2839 293 294
f 293 2839 1695
f 40 41 1458
f 39 40 4374
f 4374 1458 1459
f 1458 4374 40
f 4375 1655 1656
f 319 1656 1657
f 4375 319 320
f 319 4375 1656
f 76 77 1434
f 75 76 2846
f 2846 1434 1435
f 1434 2846 76
f 2847 1691 1692
f 295 1692 1693
f 2847 295 296
f 295 2847 1692
f 43 44 1456
f 42 43 4382
f 4382 1456 1457
f 1456 4382 43
f 4383 1658 1659
f 317 1659 1660
f 4383 317 318
f 317 4383 1659
f 73 74 2850
f 72 73 2850
f 2850 1436 1437
f 1436 2850 74
f 2851 1688 1689
f 2851 1689 1690
f 2851 297 298
f 297 2851 1690
f 46 47 4390
f 45 46 4390
f 4390 1454 1455
f 1454 4390 47
f 1661 1662 4391
f 1662 1663 4391
f 4391 315 316
f 315 4391 1663
f 69 70 2854
f 70 71 1438
f 2854 1438 1439
f 1438 2854 70
f 1685 1686 2855
f 1686 1687 299
f 2855 299 300
f 299 2855 1686
f 49 50 1452
f 48 49 4394
f 4394 1452 1453
f 1452 4394 49
f 1664 1665 4395
f 1665 1666 313
f 4395 313 314
f 313 4395 1665
f 2858 66 67
f 1440 67 68
f 2858 1440 1441
f 1440 2858 67
f 1683 1684 301
f 1682 1683 2859
f 2859 301 302
f 301 2859 1683
f 4398 51 52
f 1450 52 53
f 4398 1450 1451
f 1450 4398 52
f 1668 1669 311
f 1667 1668 4399
f 4399 311 312
f 311 4399 1668
f 2862 63 64
f 1442 64 65
f 2862 1442 1443
f 1442 2862 64
f 1680 1681 303
f 1679 1680 2863
f 2863 303 304
f 303 2863 1680
f 55 56 1448
f 54 55 4402
f 4402 1448 1449
f 1448 4402 55
f 4403 1670 1671
f 309 1671 1672
f 4403 309 310
f 309 4403 1671
f 61 62 1444
f 60 61 2866
f 2866 1444 1445
f 1444 2866 61
f 2867 1676 1677
f 305 1677 1678
f 2867 305 306
f 305 2867 1677
f 4406 1446 1447
f 58 4406 57
f 58 59 1446
f 58 1446 4406
f 4407 1673 1674
f 308 4407 307
f 1674 1675 307
f 1674 307 4407
f 2154 722 2428
f 2428 722 723
f 724 2151 2428
f 724 2428 723
f 744 743 2166
f 2166 743 2430
f 2163 2430 743
f 2163 743 745
f 2106 638 2432
f 2432 638 639
f 2432 640 2103
f 640 2432 639
f 2110 645 2434
f 2434 645 646
f 2434 647 2107
f 647 2434 646
f 652 653 2114
f 2114 653 2436
f 2111 2436 653
f 2111 653 654
f 666 667 2122
f 2122 667 2438
f 668 2119 2438
f 668 2438 667
f 2202 807 2440
f 2440 807 806
f 808 2199 2440
f 808 2440 806
f 814 813 2206
f 2206 813 2442
f 815 2203 2442
f 815 2442 813
f 821 820 2210
f 2210 820 2444
f 822 2207 2444
f 822 2444 820
f 835 834 2218
f 2218 834 2446
f 836 2215 2446
f 836 2446 834
f 905 904 2258
f 2258 904 2448
f 906 2255 2448
f 906 2448 904
f 926 925 2270
f 2270 925 2450
f 927 2267 2450
f 927 2450 925
f 947 946 2282
f 2282 946 2452
f 2452 948 2279
f 948 2452 946
f 1177 1178 2414
f 2414 1178 2454
f 1179 2411 2454
f 1179 2454 1178
f 505 506 2030
f 2030 506 2456
f 507 2027 2456
f 507 2456 506
f 512 513 2034
f 2034 513 2458
f 514 2031 2458
f 514 2458 513
f 519 520 2038
f 2038 520 2460
f 521 2035 2460
f 521 2460 520
f 1009 1010 2318
f 2318 1010 2462
f 1011 2315 2462
f 1011 2462 1010
f 1023 1024 2326
f 2326 1024 2464
f 2323 2464 1024
f 2323 1024 1025
f 2054 547 2466
f 2466 547 548
f 548 2051 2466
f 2051 548 549
f 3218 3214 4126
f 2939 3218 2942
f 4126 3219 2941
f 2941 2942 4126
f 4126 2942 3218
f 3234 3230 4127
f 2949 3234 2952
f 4127 3235 2951
f 2951 2952 4127
f 4127 2952 3234
f 3186 2922 2919
f 4128 3186 3182
f 4128 3187 2921
f 2921 2922 4128
f 4128 2922 3186
f 3194 3190 4129
f 2924 3194 2927
f 4129 3195 2927
f 2926 2927 3195
f 4129 2927 3194
f 3202 2932 2929
f 4130 3202 3198
f 4130 3203 2932
f 2931 2932 3203
f 4130 2932 3202
f 3210 2937 2934
f 4131 3210 3206
f 4131 3211 2937
f 2936 2937 3211
f 4131 2937 3210
f 3386 3382 4132
f 3044 3386 3047
f 4132 3387 3046
f 3046 3047 4132
f 4132 3047 3386
f 3394 3390 4133
f 3049 3394 3052
f 4133 3395 3052
f 3051 3052 3395
f 4133 3052 3394
f 3402 3398 4134
f 3054 3402 3057
f 4134 3403 3057
f 3056 3057 3403
f 4134 3057 3402
f 3410 3062 3059
f 4135 3410 3406
f 4135 3411 3061
f 3061 3062 4135
f 4135 3062 3410
f 3122 2882 2879
f 4136 3122 3118
f 4136 3123 2881
f 2881 2882 4136
f 4136 2882 3122
f 3346 3022 3019
f 4137 3346 3342
f 4137 3347 3021
f 3021 3022 4137
f 4137 3022 3346
f 3874 3870 4138
f 3583 3874 3586
f 4138 3875 3585
f 3585 3586 4138
f 4138 3586 3874
f 3882 3878 4139
f 3588 3882 3591
f 4139 3883 3591
f 3590 3591 3883
f 4139 3591 3882
f 3890 3886 4140
f 3593 3890 3596
f 4140 3891 3596
f 3595 3596 3891
f 4140 3596 3890
f 3898 3601 3598
f 4141 3898 3894
f 4141 3899 3601
f 3600 3601 3899
f 4141 3601 3898
f 3930 3621 3618
f 4142 3930 3926
f 4142 3931 3620
f 3620 3621 4142
f 4142 3621 3930
f 4098 4094 4143
f 3723 4098 3726
f 4143 4099 3725
f 3725 3726 4143
f 4143 3726 4098
f 3746 3506 3503
f 4144 3746 3742
f 4144 3747 3506
f 3505 3506 3747
f 4144 3506 3746
f 3754 3511 3508
f 4145 3754 3750
f 4145 3755 3510
f 3510 3511 4145
f 4145 3511 3754
f 3762 3516 3513
f 4146 3762 3758
f 4146 3763 3516
f 3515 3516 3763
f 4146 3516 3762
f 3906 3902 4147
f 3603 3906 3606
f 4147 3907 3605
f 3605 3606 4147
f 4147 3606 3906
f 3914 3611 3608
f 4148 3914 3910
f 4148 3915 3610
f 3610 3611 4148
f 4148 3611 3914
f 3770 3766 4149
f 3518 3770 3521
f 4149 3771 3520
f 3520 3521 4149
f 4149 3521 3770
f 2478 2469 2501
f 2501 2485 2486
f 2478 2501 2477
f 2469 2507 2501
f 2477 2501 2486
f 2486 4154 2477
f 4154 2486 2014
f 4154 2014 2015
f 2477 4154 4150
f 2479 2470 2471
f 4155 1997 4159
f 4159 1997 1998
f 2507 2470 2506
f 2508 2506 2479
f 2508 1998 2482
f 1998 2508 2479
f 1998 2479 4159
f 2470 2479 2506
f 2470 2507 2469
f 2512 2487 2518
f 2518 2487 2488
f 2518 2489 2509
f 2489 2518 2488
f 2495 2496 2514
f 2514 2496 2520
f 2497 2515 2520
f 2497 2520 2496
f 2020 2523 2026
f 2026 2522 2025
f 2522 2026 2523
f 383 4160 389
f 4160 2001 389
f 389 391 392
f 391 389 2001
f 392 388 389
f 2158 729 2527
f 2527 729 730
f 731 2155 2527
f 731 2527 730
f 751 750 2170
f 2170 750 2529
f 2167 2529 750
f 2167 750 752
f 2118 659 2531
f 2531 659 660
f 2531 661 2115
f 661 2531 660
f 2126 673 2533
f 2533 673 674
f 2533 675 2123
f 675 2533 674
f 680 681 2130
f 2130 681 2535
f 2127 2535 681
f 2127 681 682
f 687 688 2134
f 2134 688 2537
f 689 2131 2537
f 689 2537 688
f 2214 828 2539
f 2539 828 827
f 829 2211 2539
f 829 2539 827
f 842 841 2222
f 2222 841 2541
f 843 2219 2541
f 843 2541 841
f 849 848 2226
f 2226 848 2543
f 850 2223 2543
f 850 2543 848
f 856 855 2230
f 2230 855 2545
f 857 2227 2545
f 857 2545 855
f 618 617 2094
f 2094 617 2547
f 2547 619 2091
f 619 2547 617
f 870 869 2238
f 2238 869 2549
f 871 2235 2549
f 871 2549 869
f 912 911 2262
f 2262 911 2551
f 913 2259 2551
f 913 2551 911
f 933 932 2274
f 2274 932 2553
f 2553 934 2271
f 934 2553 932
f 954 953 2286
f 2286 953 2555
f 955 2283 2555
f 955 2555 953
f 968 967 2294
f 2294 967 2557
f 969 2291 2557
f 969 2557 967
f 982 981 2302
f 2302 981 2559
f 2559 983 2299
f 983 2559 981
f 1184 1185 2418
f 2418 1185 2561
f 1186 2415 2561
f 1186 2561 1185
f 526 527 2042
f 2042 527 2563
f 528 2039 2563
f 528 2563 527
f 533 534 2046
f 2046 534 2565
f 535 2043 2565
f 535 2565 534
f 540 541 2050
f 2050 541 2567
f 542 2047 2567
f 542 2567 541
f 1037 1038 2334
f 2334 1038 2569
f 1039 2331 2569
f 1039 2569 1038
f 1044 1045 2338
f 2338 1045 2571
f 2335 2571 1045
f 2335 1045 1046
f 2062 561 2573
f 2573 561 562
f 562 2059 2573
f 2059 562 563
f 465 2576 470
f 470 2575 469
f 2575 470 2576
f 379 373 4161
f 379 4161 1985
f 379 381 382
f 381 379 1985
f 382 378 379
f 3314 3310 4162
f 2999 3314 3002
f 4162 3315 3001
f 3001 3002 4162
f 4162 3002 3314
f 3330 3326 4163
f 3009 3330 3012
f 4163 3331 3011
f 3011 3012 4163
f 4163 3012 3330
f 3250 2962 2959
f 4164 3250 3246
f 4164 3251 2961
f 2961 2962 4164
f 4164 2962 3250
f 3258 3254 4165
f 2964 3258 2967
f 4165 3259 2967
f 2966 2967 3259
f 4165 2967 3258
f 3266 2972 2969
f 4166 3266 3262
f 4166 3267 2972
f 2971 2972 3267
f 4166 2972 3266
f 3282 2982 2979
f 4167 3282 3278
f 4167 3283 2982
f 2981 2982 3283
f 4167 2982 3282
f 3426 3422 4168
f 3069 3426 3072
f 4168 3427 3071
f 3071 3072 4168
f 4168 3072 3426
f 3434 3430 4169
f 3074 3434 3077
f 4169 3435 3077
f 3076 3077 3435
f 4169 3077 3434
f 3442 3438 4170
f 3079 3442 3082
f 4170 3443 3082
f 3081 3082 3443
f 4170 3082 3442
f 3458 3092 3089
f 4171 3458 3454
f 4171 3459 3091
f 3091 3092 4171
f 4171 3092 3458
f 3138 2892 2889
f 4172 3138 3134
f 4172 3139 2891
f 2891 2892 4172
f 4172 2892 3138
f 3482 3107 3104
f 4173 3482 3478
f 4173 3483 3106
f 3106 3107 4173
f 4173 3107 3482
f 3986 3982 4174
f 3653 3986 3656
f 4174 3987 3655
f 3655 3656 4174
f 4174 3656 3986
f 3994 3990 4175
f 3658 3994 3661
f 4175 3995 3661
f 3660 3661 3995
f 4175 3661 3994
f 4002 3998 4176
f 3663 4002 3666
f 4176 4003 3666
f 3665 3666 4003
f 4176 3666 4002
f 4018 3676 3673
f 4177 4018 4014
f 4177 4019 3676
f 3675 3676 4019
f 4177 3676 4018
f 4034 3686 3683
f 4178 4034 4030
f 4178 4035 3685
f 3685 3686 4178
f 4178 3686 4034
f 4114 4110 4179
f 3733 4114 3736
f 4179 4115 3735
f 3735 3736 4179
f 4179 3736 4114
f 3810 3546 3543
f 4180 3810 3806
f 4180 3811 3546
f 3545 3546 3811
f 4180 3546 3810
f 3818 3551 3548
f 4181 3818 3814
f 4181 3819 3550
f 3550 3551 4181
f 4181 3551 3818
f 3826 3556 3553
f 4182 3826 3822
f 4182 3827 3556
f 3555 3556 3827
f 4182 3556 3826
f 4066 4062 4183
f 3703 4066 3706
f 4183 4067 3705
f 3705 3706 4183
f 4183 3706 4066
f 4074 3711 3708
f 4184 4074 4070
f 4184 4075 3710
f 3710 3711 4184
f 4184 3711 4074
f 3834 3830 4185
f 3558 3834 3561
f 4185 3835 3560
f 3560 3561 4185
f 4185 3561 3834
f 2484 2502 2504
f 2504 2505 2483
f 2504 2483 2484
f 501 2009 2579
f 2579 2005 500
f 2579 500 501
f 2194 792 2582
f 2582 792 793
f 794 2191 2582
f 794 2582 793
f 800 799 2198
f 2198 799 2584
f 2195 2584 799
f 2195 799 801
f 2178 764 2586
f 2586 764 765
f 2586 766 2175
f 766 2586 765
f 2182 771 2588
f 2588 771 772
f 2588 773 2179
f 773 2588 772
f 778 779 2186
f 2186 779 2590
f 2183 2590 779
f 2183 779 780
f 785 786 2190
f 2190 786 2592
f 787 2187 2592
f 787 2592 786
f 2350 1066 2594
f 2594 1066 1065
f 1067 2347 2594
f 1067 2594 1065
f 1073 1072 2354
f 2354 1072 2596
f 1074 2351 2596
f 1074 2596 1072
f 1080 1079 2358
f 2358 1079 2598
f 1081 2355 2598
f 1081 2598 1079
f 1087 1086 2362
f 2362 1086 2600
f 1088 2359 2600
f 1088 2600 1086
f 632 631 2102
f 2102 631 2602
f 2602 633 2099
f 633 2602 631
f 1094 1093 2366
f 2366 1093 2604
f 1095 2363 2604
f 1095 2604 1093
f 2370 1101 2606
f 2606 1101 1100
f 2606 1102 2367
f 1102 2606 1100
f 1108 1107 2374
f 2374 1107 2608
f 2371 2608 1107
f 2371 1107 1109
f 1115 1114 2378
f 2378 1114 2610
f 1116 2375 2610
f 1116 2610 1114
f 1122 1121 2382
f 2382 1121 2612
f 2612 1123 2379
f 1123 2612 1121
f 1129 1128 2386
f 2386 1128 2614
f 1130 2383 2614
f 1130 2614 1128
f 1136 1135 2390
f 2390 1135 2616
f 2616 1137 2387
f 1137 2616 1135
f 1143 1142 2394
f 2394 1142 2618
f 1144 2391 2618
f 1144 2618 1142
f 1150 1149 2398
f 2398 1149 2620
f 1151 2395 2620
f 1151 2620 1149
f 1157 1156 2402
f 2402 1156 2622
f 2622 1158 2399
f 1158 2622 1156
f 1198 1199 2426
f 2426 1199 2624
f 1200 2423 2624
f 1200 2624 1199
f 589 590 2078
f 2078 590 2626
f 591 2075 2626
f 591 2626 590
f 596 597 2082
f 2082 597 2628
f 598 2079 2628
f 598 2628 597
f 603 604 2086
f 2086 604 2630
f 605 2083 2630
f 605 2630 604
f 1163 1164 2406
f 2406 1164 2632
f 1165 2403 2632
f 1165 2632 1164
f 1170 1171 2410
f 2410 1171 2634
f 2407 2634 1171
f 2407 1171 1172
f 2090 610 2636
f 2636 610 611
f 611 2087 2636
f 2087 611 612
f 471 2639 477
f 477 2638 476
f 2638 477 2639
f 4186 1991 369
f 363 4186 369
f 371 372 369
f 368 369 372
f 371 369 1991
f 3322 3318 4187
f 3004 3322 3007
f 4187 3323 3006
f 3006 3007 4187
f 4187 3007 3322
f 3338 3334 4188
f 3014 3338 3017
f 4188 3339 3016
f 3016 3017 4188
f 4188 3017 3338
f 3274 2977 2974
f 4189 3274 3270
f 4189 3275 2976
f 2976 2977 4189
f 4189 2977 3274
f 3290 3286 4190
f 2984 3290 2987
f 4190 3291 2987
f 2986 2987 3291
f 4190 2987 3290
f 3298 2992 2989
f 4191 3298 3294
f 4191 3299 2992
f 2991 2992 3299
f 4191 2992 3298
f 3306 2997 2994
f 4192 3306 3302
f 4192 3307 2997
f 2996 2997 3307
f 4192 2997 3306
f 3450 3446 4193
f 3084 3450 3087
f 4193 3451 3086
f 3086 3087 4193
f 4193 3087 3450
f 3466 3462 4194
f 3094 3466 3097
f 4194 3467 3097
f 3096 3097 3467
f 4194 3097 3466
f 3474 3470 4195
f 3099 3474 3102
f 4195 3475 3102
f 3101 3102 3475
f 4195 3102 3474
f 3490 3112 3109
f 4196 3490 3486
f 4196 3491 3111
f 3111 3112 4196
f 4196 3112 3490
f 3146 2897 2894
f 4197 3146 3142
f 4197 3147 2896
f 2896 2897 4197
f 4197 2897 3146
f 3498 3117 3114
f 4198 3498 3494
f 4198 3499 3116
f 3116 3117 4198
f 4198 3117 3498
f 4010 4006 4199
f 3668 4010 3671
f 4199 4011 3670
f 3670 3671 4199
f 4199 3671 4010
f 4026 4022 4200
f 3678 4026 3681
f 4200 4027 3681
f 3680 3681 4027
f 4200 3681 4026
f 4042 4038 4201
f 3688 4042 3691
f 4201 4043 3691
f 3690 3691 4043
f 4201 3691 4042
f 4050 3696 3693
f 4202 4050 4046
f 4202 4051 3696
f 3695 3696 4051
f 4202 3696 4050
f 4058 3701 3698
f 4203 4058 4054
f 4203 4059 3700
f 3700 3701 4203
f 4203 3701 4058
f 4122 4118 4204
f 3738 4122 3741
f 4204 4123 3740
f 3740 3741 4204
f 4204 3741 4122
f 3850 3571 3568
f 4205 3850 3846
f 4205 3851 3571
f 3570 3571 3851
f 4205 3571 3850
f 3858 3576 3573
f 4206 3858 3854
f 4206 3859 3575
f 3575 3576 4206
f 4206 3576 3858
f 3866 3581 3578
f 4207 3866 3862
f 4207 3867 3581
f 3580 3581 3867
f 4207 3581 3866
f 4082 4078 4208
f 3713 4082 3716
f 4208 4083 3715
f 3715 3716 4208
f 4208 3716 4082
f 4090 3721 3718
f 4209 4090 4086
f 4209 4091 3720
f 3720 3721 4209
f 4209 3721 4090
f 3842 3838 4210
f 3563 3842 3566
f 4210 3843 3565
f 3565 3566 4210
f 4210 3566 3842
f 2162 736 2643
f 2643 736 737
f 738 2159 2643
f 738 2643 737
f 758 757 2174
f 2174 757 2645
f 2171 2645 757
f 2171 757 759
f 2138 694 2647
f 2647 694 695
f 2647 696 2135
f 696 2647 695
f 2142 701 2649
f 2649 701 702
f 2649 703 2139
f 703 2649 702
f 708 709 2146
f 2146 709 2651
f 2143 2651 709
f 2143 709 710
f 715 716 2150
f 2150 716 2653
f 717 2147 2653
f 717 2653 716
f 2234 863 2655
f 2655 863 862
f 864 2231 2655
f 864 2655 862
f 877 876 2242
f 2242 876 2657
f 878 2239 2657
f 878 2657 876
f 884 883 2246
f 2246 883 2659
f 885 2243 2659
f 885 2659 883
f 891 890 2250
f 2250 890 2661
f 892 2247 2661
f 892 2661 890
f 625 624 2098
f 2098 624 2663
f 2663 626 2095
f 626 2663 624
f 898 897 2254
f 2254 897 2665
f 899 2251 2665
f 899 2665 897
f 2266 919 2667
f 2667 919 918
f 2667 920 2263
f 920 2667 918
f 940 939 2278
f 2278 939 2669
f 2275 2669 939
f 2275 939 941
f 961 960 2290
f 2290 960 2671
f 962 2287 2671
f 962 2671 960
f 975 974 2298
f 2298 974 2673
f 2673 976 2295
f 976 2673 974
f 989 988 2306
f 2306 988 2675
f 990 2303 2675
f 990 2675 988
f 996 995 2310
f 2310 995 2677
f 2677 997 2307
f 997 2677 995
f 1003 1002 2314
f 2314 1002 2679
f 1004 2311 2679
f 1004 2679 1002
f 1017 1016 2322
f 2322 1016 2681
f 1018 2319 2681
f 1018 2681 1016
f 1031 1030 2330
f 2330 1030 2683
f 2683 1032 2327
f 1032 2683 1030
f 1191 1192 2422
f 2422 1192 2685
f 1193 2419 2685
f 1193 2685 1192
f 554 555 2058
f 2058 555 2687
f 556 2055 2687
f 556 2687 555
f 568 569 2066
f 2066 569 2689
f 570 2063 2689
f 570 2689 569
f 575 576 2070
f 2070 576 2691
f 577 2067 2691
f 577 2691 576
f 1051 1052 2342
f 2342 1052 2693
f 1053 2339 2693
f 1053 2693 1052
f 1058 1059 2346
f 2346 1059 2695
f 2343 2695 1059
f 2343 1059 1060
f 2074 582 2697
f 2697 582 583
f 583 2071 2697
f 2071 583 584
f 457 2700 463
f 463 2699 462
f 2699 463 2700
f 359 353 4211
f 359 4211 1988
f 361 362 359
f 358 359 362
f 361 359 1988
f 3226 3222 4212
f 2944 3226 2947
f 4212 3227 2946
f 2946 2947 4212
f 4212 2947 3226
f 3242 3238 4213
f 2954 3242 2957
f 4213 3243 2956
f 2956 2957 4213
f 4213 2957 3242
f 3154 2902 2899
f 4214 3154 3150
f 4214 3155 2901
f 2901 2902 4214
f 4214 2902 3154
f 3162 3158 4215
f 2904 3162 2907
f 4215 3163 2907
f 2906 2907 3163
f 4215 2907 3162
f 3170 2912 2909
f 4216 3170 3166
f 4216 3171 2912
f 2911 2912 3171
f 4216 2912 3170
f 3178 2917 2914
f 4217 3178 3174
f 4217 3179 2917
f 2916 2917 3179
f 4217 2917 3178
f 3354 3350 4218
f 3024 3354 3027
f 4218 3355 3026
f 3026 3027 4218
f 4218 3027 3354
f 3362 3358 4219
f 3029 3362 3032
f 4219 3363 3032
f 3031 3032 3363
f 4219 3032 3362
f 3370 3366 4220
f 3034 3370 3037
f 4220 3371 3037
f 3036 3037 3371
f 4220 3037 3370
f 3378 3042 3039
f 4221 3378 3374
f 4221 3379 3041
f 3041 3042 4221
f 4221 3042 3378
f 3130 2887 2884
f 4222 3130 3126
f 4222 3131 2886
f 2886 2887 4222
f 4222 2887 3130
f 3418 3067 3064
f 4223 3418 3414
f 4223 3419 3066
f 3066 3067 4223
f 4223 3067 3418
f 3938 3934 4224
f 3623 3938 3626
f 4224 3939 3625
f 3625 3626 4224
f 4224 3626 3938
f 3946 3942 4225
f 3628 3946 3631
f 4225 3947 3631
f 3630 3631 3947
f 4225 3631 3946
f 3954 3950 4226
f 3633 3954 3636
f 4226 3955 3636
f 3635 3636 3955
f 4226 3636 3954
f 3962 3641 3638
f 4227 3962 3958
f 4227 3963 3641
f 3640 3641 3963
f 4227 3641 3962
f 3922 3616 3613
f 4228 3922 3918
f 4228 3923 3615
f 3615 3616 4228
f 4228 3616 3922
f 4106 4102 4229
f 3728 4106 3731
f 4229 4107 3730
f 3730 3731 4229
f 4229 3731 4106
f 3778 3526 3523
f 4230 3778 3774
f 4230 3779 3526
f 3525 3526 3779
f 4230 3526 3778
f 3786 3531 3528
f 4231 3786 3782
f 4231 3787 3530
f 3530 3531 4231
f 4231 3531 3786
f 3794 3536 3533
f 4232 3794 3790
f 4232 3795 3536
f 3535 3536 3795
f 4232 3536 3794
f 3970 3966 4233
f 3643 3970 3646
f 4233 3971 3645
f 3645 3646 4233
f 4233 3646 3970
f 3978 3651 3648
f 4234 3978 3974
f 4234 3979 3650
f 3650 3651 4234
f 4234 3651 3978
f 3802 3798 4235
f 3538 3802 3541
f 4235 3803 3540
f 3540 3541 4235
f 4235 3541 3802
f 1413 2703 1412
f 1412 2703 2720
f 1207 2720 2703
f 1207 2703 1206
f 1894 1895 2722
f 2722 1895 2705
f 1724 2722 2705
f 1724 2705 1723
f 1342 1343 4252
f 4252 1537 1538
f 4252 1538 1342
f 1568 1569 4254
f 4254 1793 1794
f 4254 1794 1568
f 1411 2719 1410
f 1410 2719 2726
f 1209 2726 2719
f 1209 2719 1208
f 1893 2721 1892
f 1892 2721 2728
f 1726 2728 2721
f 1726 2721 1725
f 1344 1345 4253
f 4253 1345 4258
f 1535 1536 4253
f 1535 4253 4258
f 1571 4260 1570
f 1570 4260 4255
f 1792 4255 4260
f 1792 4260 1791
f 1409 2725 1408
f 1408 2725 2732
f 1211 2732 2725
f 1211 2725 1210
f 1891 2727 1890
f 1890 2727 2734
f 1728 2734 2727
f 1728 2727 1727
f 1346 1347 4259
f 4259 1347 4264
f 1533 1534 4259
f 1533 4259 4264
f 1573 4266 1572
f 1572 4266 4261
f 1790 4261 4266
f 1790 4266 1789
f 1407 2731 1406
f 1406 2731 2738
f 1213 2738 2731
f 1213 2731 1212
f 1888 1889 2740
f 2740 1889 2733
f 1730 2740 2733
f 1730 2733 1729
f 1348 1349 4265
f 4265 1349 4270
f 1532 4265 4270
f 1532 4270 1531
f 1574 1575 4267
f 4267 1575 4272
f 1787 1788 4267
f 1787 4267 4272
f 480 1405 2737
f 2737 1214 479
f 2737 479 480
f 490 1887 2739
f 2739 1731 489
f 2739 489 490
f 1351 4278 1350
f 1350 4278 4271
f 1530 4271 4278
f 1530 4278 1529
f 1576 1577 4273
f 4273 1577 4280
f 1785 1786 4273
f 1785 4273 4280
f 1404 481 2746
f 2746 481 482
f 1476 2746 482
f 1476 482 483
f 1630 486 2748
f 2748 486 487
f 1732 2748 487
f 1732 487 488
f 1353 4286 1352
f 1352 4286 4279
f 1528 4279 4286
f 1528 4286 1527
f 1578 1579 4281
f 4281 1579 4288
f 1783 1784 4281
f 1783 4281 4288
f 1403 2745 1402
f 1402 2745 2752
f 1478 2752 2745
f 1478 2745 1477
f 1629 2747 1628
f 1628 2747 2754
f 1734 2754 2747
f 1734 2747 1733
f 1355 4293 1354
f 1354 4293 4287
f 1526 4287 4293
f 1526 4293 1525
f 1580 1581 4289
f 4289 1581 4295
f 1781 1782 4289
f 1781 4289 4295
f 1400 1401 2758
f 2758 1401 2751
f 1480 2758 2751
f 1480 2751 1479
f 1626 1627 2760
f 2760 1627 2753
f 1736 2760 2753
f 1736 2753 1735
f 1357 4300 1356
f 1356 4300 4294
f 1524 4294 4300
f 1524 4300 1523
f 1582 1583 4296
f 4296 1583 4302
f 1779 1780 4296
f 1779 4296 4302
f 1399 2757 1398
f 1398 2757 2764
f 1482 2764 2757
f 1482 2757 1481
f 1625 2759 1624
f 1624 2759 2766
f 1738 2766 2759
f 1738 2759 1737
f 1359 4308 1358
f 1358 4308 4301
f 1522 4301 4308
f 1522 4308 1521
f 1585 4310 1584
f 1584 4310 4303
f 1777 1778 4303
f 1777 4303 4310
f 1397 2763 1396
f 1396 2763 2771
f 1483 1484 2771
f 1483 2771 2763
f 1622 1623 2773
f 2773 1623 2765
f 1740 2773 2765
f 1740 2765 1739
f 1361 4316 1360
f 1360 4316 4309
f 1520 4309 4316
f 1520 4316 1519
f 1586 1587 4311
f 4311 1587 4318
f 1776 4311 4318
f 1776 4318 1775
f 190 192 189
f 189 192 2779
f 193 196 2779
f 193 2779 192
f 1394 1395 2781
f 2781 1395 2770
f 1485 1486 2781
f 1485 2781 2770
f 1621 2772 1620
f 1620 2772 2783
f 1741 1742 2783
f 1741 2783 2772
f 1363 4324 1362
f 1362 4324 4317
f 1517 1518 4317
f 1517 4317 4324
f 1589 4326 1588
f 1588 4326 4319
f 1774 4319 4326
f 1774 4326 1773
f 117 118 4328
f 4328 267 268
f 4328 268 117
f 187 188 2789
f 2789 188 2778
f 198 2789 2778
f 198 2778 197
f 1392 1393 2791
f 2791 1393 2780
f 1487 1488 2791
f 1487 2791 2780
f 1618 1619 2793
f 2793 1619 2782
f 1744 2793 2782
f 1744 2782 1743
f 1365 4334 1364
f 1364 4334 4325
f 1516 4325 4334
f 1516 4334 1515
f 1591 4336 1590
f 1590 4336 4327
f 1772 4327 4336
f 1772 4336 1771
f 120 4338 119
f 119 4338 4329
f 265 266 4329
f 265 4329 4338
f 186 2788 185
f 185 2788 2799
f 200 2799 2788
f 200 2788 199
f 1390 1391 2801
f 2801 1391 2790
f 1489 1490 2801
f 1489 2801 2790
f 1616 1617 2803
f 2803 1617 2792
f 1746 2803 2792
f 1746 2792 1745
f 1366 1367 4335
f 4335 1367 4344
f 1514 4335 4344
f 1514 4344 1513
f 1592 1593 4337
f 4337 1593 4346
f 1769 1770 4337
f 1769 4337 4346
f 122 4348 121
f 121 4348 4339
f 263 264 4339
f 263 4339 4348
f 184 2798 183
f 183 2798 2809
f 202 2809 2798
f 202 2798 201
f 1389 2800 1388
f 1388 2800 2811
f 1492 2811 2800
f 1492 2800 1491
f 1615 2802 1614
f 1614 2802 2813
f 1748 2813 2802
f 1748 2802 1747
f 1369 4352 1368
f 1368 4352 4345
f 1511 1512 4345
f 1511 4345 4352
f 1595 4354 1594
f 1594 4354 4347
f 1767 1768 4347
f 1767 4347 4354
f 124 4356 123
f 123 4356 4349
f 262 4349 4356
f 262 4356 261
f 182 2808 181
f 181 2808 2817
f 203 204 2817
f 203 2817 2808
f 1387 2810 1386
f 1386 2810 2819
f 1494 2819 2810
f 1494 2810 1493
f 1612 1613 2821
f 2821 1613 2812
f 1750 2821 2812
f 1750 2812 1749
f 1370 1371 4353
f 4353 1371 4360
f 1509 1510 4353
f 1509 4353 4360
f 1596 1597 4355
f 4355 1597 4362
f 1766 4355 4362
f 1766 4362 1765
f 126 4364 125
f 125 4364 4357
f 260 4357 4364
f 260 4364 259
f 180 2816 179
f 179 2816 2825
f 205 206 2825
f 205 2825 2816
f 1385 2818 1384
f 1384 2818 2827
f 1496 2827 2818
f 1496 2818 1495
f 1611 2820 1610
f 1610 2820 2829
f 1751 1752 2829
f 1751 2829 2820
f 1373 4368 1372
f 1372 4368 4361
f 1507 1508 4361
f 1507 4361 4368
f 1599 4370 1598
f 1598 4370 4363
f 1763 1764 4363
f 1763 4363 4370
f 128 4372 127
f 127 4372 4365
f 257 258 4365
f 257 4365 4372
f 177 178 2833
f 2833 178 2824
f 208 2833 2824
f 208 2824 207
f 1382 1383 2835
f 2835 1383 2826
f 1497 1498 2835
f 1497 2835 2826
f 1609 2828 1608
f 1608 2828 2837
f 1754 2837 2828
f 1754 2828 1753
f 1375 4376 1374
f 1374 4376 4369
f 1505 1506 4369
f 1505 4369 4376
f 1600 1601 4371
f 4371 1601 4378
f 1762 4371 4378
f 1762 4378 1761
f 130 4380 129
f 129 4380 4373
f 255 256 4373
f 255 4373 4380
f 176 2832 175
f 175 2832 2841
f 209 210 2841
f 209 2841 2832
f 1381 2834 1380
f 1380 2834 2843
f 1499 1500 2843
f 1499 2843 2834
f 1606 1607 2845
f 2845 1607 2836
f 1755 1756 2845
f 1755 2845 2836
f 1376 1377 4377
f 4377 1377 4384
f 1503 1504 4377
f 1503 4377 4384
f 1603 4386 1602
f 1602 4386 4379
f 1760 4379 4386
f 1760 4386 1759
f 132 4388 131
f 131 4388 4381
f 253 254 4381
f 253 4381 4388
f 174 2840 173
f 173 2840 2849
f 211 212 2849
f 211 2849 2840
f 1378 1379 4385
f 4385 1379 2842
f 1502 4385 2842
f 1502 2842 1501
f 1604 1605 4387
f 4387 1605 2844
f 1757 1758 4387
f 1757 4387 2844
f 133 134 4389
f 4389 134 4392
f 251 252 4389
f 251 4389 4392
f 172 2848 171
f 171 2848 2853
f 213 214 2853
f 213 2853 2848
f 135 136 4393
f 4393 136 4396
f 249 250 4393
f 249 4393 4396
f 170 2852 169
f 169 2852 2857
f 215 216 2857
f 215 2857 2852
f 138 4400 137
f 137 4400 4397
f 248 4397 4400
f 248 4400 247
f 168 2856 167
f 167 2856 2861
f 218 2861 2856
f 218 2856 217
f 139 140 4401
f 4401 140 4404
f 246 4401 4404
f 246 4404 245
f 166 2860 165
f 165 2860 2865
f 220 2865 2860
f 220 2860 219
f 141 142 4405
f 4405 142 4408
f 243 244 4405
f 243 4405 4408
f 164 2864 163
f 163 2864 2869
f 221 222 2869
f 221 2869 2864
f 143 144 4409
f 4409 144 4410
f 241 242 4409
f 241 4409 4410
f 161 162 2871
f 2871 162 2868
f 223 224 2871
f 223 2871 2868
f 146 4412 145
f 145 4412 4411
f 239 240 4411
f 239 4411 4412
f 159 160 2873
f 2873 160 2870
f 225 226 2873
f 225 2873 2870
f 147 148 4413
f 4413 148 4414
f 237 238 4413
f 237 4413 4414
f 158 2872 157
f 157 2872 2875
f 227 228 2875
f 227 2875 2872
f 149 150 4415
f 4415 150 4416
f 235 236 4415
f 235 4415 4416
f 155 156 2877
f 2877 156 2874
f 229 230 2877
f 229 2877 2874
f 151 152 4417
f 4417 152 4418
f 233 234 4417
f 233 4417 4418
f 154 2876 153
f 153 2876 4419
f 231 232 4419
f 231 4419 2876
