v -21.250000843778253 -2.6875 0.30749988555908203
v -21.250000843778253 -2.6875 3.75
v -21.250000843778253 -2.6875 7.192499876022339
v -21.250000843778253 0.5 0.30749988555908203
v -21.250000843778253 0.5 3.75
v -21.250000843778253 0.5 7.192499876022339
v -21.250000843778253 3.6875 0.30749988555908203
v -21.250000843778253 3.6875 3.75
v -21.250000843778253 3.6875 7.192499876022339
v -21.250000843778253 -5.75 -3.0
v -21.250000843778253 -3.350000023841858 -3.0
v -21.250000843778253 -0.9500000476837158 -3.0
v -21.250000843778253 1.4499998092651367 -3.0
v -21.250000843778253 3.8500003814697266 -3.0
v -21.250000843778253 6.25 -3.0
v -21.250000843778253 6.75 -3.0
v -21.250000843778253 5.28125 0.30749988555908203
v -21.250000843778253 3.6875 -1.4137496948242188
v -21.250000843778253 5.28125 -1.4137496948242188
v -21.250000843778253 6.078125 -1.4137496948242188
v -21.250000843778253 5.28125 -2.2743749618530273
v -21.250000843778253 6.078125 -2.2743749618530273
v -21.250000843778253 6.75 -0.6000003814697266
v -21.250000843778253 6.75 1.8000001907348633
v -21.250000843778253 6.75 4.199999809265137
v -21.250000843778253 6.75 6.599999904632568
v -21.250000843778253 6.75 8.99999988079071
v -21.250000843778253 6.25 8.99999988079071
v -21.250000843778253 3.6875 8.913749933242798
v -21.250000843778253 5.28125 7.192499876022339
v -21.250000843778253 5.28125 8.913749933242798
v -21.250000843778253 6.25 9.49999988079071
v -21.250000843778253 5.75 9.49999988079071
v -21.250000843778253 5.25 9.49999988079071
v -21.250000843778253 3.6875 9.774374902248383
v -21.250000843778253 4.484375 8.913749933242798
v -21.250000843778253 4.484375 9.774374902248383
v -21.250000843778253 0.5 8.913749933242798
v -21.250000843778253 2.09375 7.192499876022339
v -21.250000843778253 2.09375 8.913749933242798
v -21.250000843778253 5.25 9.99999988079071
v -21.250000843778253 4.75 9.99999988079071
v -21.250000843778253 3.75 9.99999988079071
v -21.250000843778253 3.75 10.499999885447323
v -21.250000843778253 3.25 10.499999885447323
v -21.250000843778253 2.09375 9.774374902248383
v -21.250000843778253 2.890625 8.913749933242798
v -21.250000843778253 2.890625 9.774374902248383
v -21.250000843778253 1.0833334922790527 10.499999885447323
v -21.250000843778253 -1.0833332538604736 10.499999885447323
v -21.250000843778253 -3.25 10.499999885447323
v -21.250000843778253 -3.25 9.99999988079071
v -21.250000843778253 -2.6875 8.913749933242798
v -21.250000843778253 -4.28125 7.192499876022339
v -21.250000843778253 -4.28125 8.913749933242798
v -21.250000843778253 -2.6875 9.774374902248383
v -21.250000843778253 -4.28125 9.774374902248383
v -21.250000843778253 -3.484375 8.913749933242798
v -21.250000843778253 -3.484375 9.774374902248383
v -21.250000843778253 -1.09375 7.192499876022339
v -21.250000843778253 -1.09375 8.913749933242798
v -21.250000843778253 -3.75 9.99999988079071
v -21.250000843778253 -4.75 9.99999988079071
v -21.250000843778253 -4.75 9.49999988079071
v -21.250000843778253 -5.25 9.49999988079071
v -21.250000843778253 -5.75 9.49999988079071
v -21.250000843778253 -5.75 8.99999988079071
v -21.250000843778253 -5.75 6.599999904632568
v -21.250000843778253 -5.75 4.199999809265137
v -21.250000843778253 -5.75 1.8000001907348633
v -21.250000843778253 -5.75 -0.6000003814697266
v 4.249998927116394 3.75 11.49999988079071
v 3.249998927116394 3.75 11.49999988079071
v 3.249998927116394 4.75 11.49999988079071
v 3.249998927116394 5.25 11.49999988079071
v 4.249998927116394 5.25 11.49999988079071
v 4.249998927116394 4.5 11.49999988079071
v -3.750001072883606 3.75 11.49999988079071
v -4.250001072883606 3.75 11.49999988079071
v -4.250001072883606 4.75 11.49999988079071
v -4.250001072883606 5.25 11.49999988079071
v -3.250001072883606 5.25 11.49999988079071
v -3.250001072883606 4.75 11.49999988079071
v -3.250001072883606 3.75 11.49999988079071
v 3.749998927116394 5.25 10.99999988079071
v 3.249998927116394 5.25 10.99999988079071
v 3.249998927116394 6.25 10.99999988079071
v 3.249998927116394 6.75 10.99999988079071
v 4.249998927116394 6.75 10.99999988079071
v 4.249998927116394 6.0 10.99999988079071
v 4.249998927116394 5.25 10.99999988079071
v -3.750001072883606 5.25 10.99999988079071
v -4.250001072883606 5.25 10.99999988079071
v -4.250001072883606 6.25 10.99999988079071
v -4.250001072883606 6.75 10.99999988079071
v -3.250001072883606 6.75 10.99999988079071
v -3.250001072883606 6.0 10.99999988079071
v -3.250001072883606 5.25 10.99999988079071
v 3.749998927116394 6.75 10.499999885447323
v 3.249998927116394 6.75 10.499999885447323
v 3.249998927116394 7.75 10.499999885447323
v 3.249998927116394 8.25 10.499999885447323
v 4.249998927116394 8.25 10.499999885447323
v 4.249998927116394 7.5 10.499999885447323
v 4.249998927116394 6.75 10.499999885447323
v -3.750001072883606 6.75 10.499999885447323
v -4.250001072883606 6.75 10.499999885447323
v -4.250001072883606 7.75 10.499999885447323
v -4.250001072883606 8.25 10.499999885447323
v -3.250001072883606 8.25 10.499999885447323
v -3.250001072883606 7.5 10.499999885447323
v -3.250001072883606 6.75 10.499999885447323
v 21.750000834465027 -3.25 10.499999885447323
v 21.250000834465027 -3.25 10.499999885447323
v 21.250000834465027 -1.0833332538604736 10.499999885447323
v 21.250000834465027 1.0833334922790527 10.499999885447323
v 21.250000834465027 3.25 10.499999885447323
v 21.250000834465027 3.75 10.499999885447323
v 22.250000834465027 3.75 10.499999885447323
v 22.250000834465027 1.4166665077209473 10.499999885447323
v 22.250000834465027 -0.9166667461395264 10.499999885447323
v 22.250000834465027 -3.25 10.499999885447323
v -22.005000829696655 2.0349998474121094 10.499999885447323
v -22.005000829696655 0.25 10.499999885447323
v -22.005000829696655 -1.5350000858306885 10.499999885447323
v -21.750000834465027 2.0349998474121094 10.499999885447323
v -21.750000834465027 0.25 10.499999885447323
v -21.750000834465027 -1.5350000858306885 10.499999885447323
v -21.4950008392334 2.0349998474121094 10.499999885447323
v -21.4950008392334 0.25 10.499999885447323
v -21.4950008392334 -1.5350000858306885 10.499999885447323
v -21.750000834465027 -3.25 10.499999885447323
v -22.250000834465027 -3.25 10.499999885447323
v -22.250000834465027 -1.9500000476837158 10.499999885447323
v -22.250000834465027 -0.6500000953674316 10.499999885447323
v -22.250000834465027 0.6500000953674316 10.499999885447323
v -22.250000834465027 1.9499998092651367 10.499999885447323
v -22.250000834465027 3.25 10.499999885447323
v -22.250000834465027 3.75 10.499999885447323
v -21.250000843778253 3.75 10.499999885447323
v -21.250000843778253 3.25 10.499999885447323
v -21.250000843778253 2.75 10.499999885447323
v -21.250000843778253 2.25 10.499999885447323
v -21.250000843778253 1.75 10.499999885447323
v -21.250000843778253 1.25 10.499999885447323
v -21.250000843778253 0.75 10.499999885447323
v -21.250000843778253 0.25 10.499999885447323
v -21.250000843778253 -0.25 10.499999885447323
v -21.250000843778253 -0.75 10.499999885447323
v -21.250000843778253 -1.25 10.499999885447323
v -21.250000843778253 -1.75 10.499999885447323
v -21.250000843778253 -2.25 10.499999885447323
v -21.250000843778253 -2.75 10.499999885447323
v -21.250000843778253 -3.25 10.499999885447323
v -3.750001072883606 8.25 9.99999988079071
v -4.250001072883606 8.25 9.99999988079071
v -1.0728836059570312e-06 9.0 9.99999988079071
v -2.167500615119934 9.0 9.99999988079071
v -4.250001072883606 9.25 9.99999988079071
v -1.0728836059570312e-06 9.382499694824219 9.99999988079071
v -2.167500615119934 9.382499694824219 9.99999988079071
v -4.250001072883606 9.75 9.99999988079071
v -2.167500615119934 9.19124984741211 9.99999988079071
v -3.251250386238098 9.0 9.99999988079071
v -3.251250386238098 9.382499694824219 9.99999988079071
v -3.251250386238098 9.19124984741211 9.99999988079071
v -2.167500615119934 9.573749542236328 9.99999988079071
v -3.251250386238098 9.573749542236328 9.99999988079071
v -1.0728836059570312e-06 9.75 9.99999988079071
v 4.249998927116394 9.75 9.99999988079071
v 4.249998927116394 8.25 9.99999988079071
v 3.749998927116394 8.25 9.99999988079071
v 2.167498469352722 9.0 9.99999988079071
v 3.249998927116394 8.25 9.99999988079071
v 3.249998927116394 8.75 9.99999988079071
v 2.167498469352722 8.80875015258789 9.99999988079071
v 3.2512482404708862 9.0 9.99999988079071
v 3.2512482404708862 8.80875015258789 9.99999988079071
v 2.167498469352722 9.382499694824219 9.99999988079071
v -3.250001072883606 8.75 9.99999988079071
v -3.250001072883606 8.25 9.99999988079071
v -2.167500615119934 8.80875015258789 9.99999988079071
v -3.251250386238098 8.80875015258789 9.99999988079071
v 21.750000834465027 3.75 9.99999988079071
v 21.250000834465027 3.75 9.99999988079071
v 21.250000834465027 4.75 9.99999988079071
v 21.250000834465027 5.25 9.99999988079071
v 22.250000834465027 5.25 9.99999988079071
v 22.250000834465027 4.5 9.99999988079071
v 22.250000834465027 3.75 9.99999988079071
v -21.750000834465027 3.75 9.99999988079071
v -22.250000834465027 3.75 9.99999988079071
v -22.250000834465027 4.75 9.99999988079071
v -22.250000834465027 5.25 9.99999988079071
v -21.250000843778253 5.25 9.99999988079071
v -21.250000843778253 4.75 9.99999988079071
v -21.250000843778253 4.25 9.99999988079071
v -21.250000843778253 3.75 9.99999988079071
v 21.750000834465027 -4.75 9.99999988079071
v 21.250000834465027 -4.75 9.99999988079071
v 21.250000834465027 -3.75 9.99999988079071
v 21.250000834465027 -3.25 9.99999988079071
v 22.250000834465027 -3.25 9.99999988079071
v 22.250000834465027 -4.0 9.99999988079071
v 22.250000834465027 -4.75 9.99999988079071
v -21.750000834465027 -4.75 9.99999988079071
v -22.250000834465027 -4.75 9.99999988079071
v -22.250000834465027 -3.75 9.99999988079071
v -22.250000834465027 -3.25 9.99999988079071
v -21.250000843778253 -3.25 9.99999988079071
v -21.250000843778253 -3.75 9.99999988079071
v -21.250000843778253 -4.25 9.99999988079071
v -21.250000843778253 -4.75 9.99999988079071
v 2.749998927116394 -6.75 9.99999988079071
v -1.0728836059570312e-06 -6.75 9.99999988079071
v -2.750001072883606 -6.75 9.99999988079071
v -2.750001072883606 -6.25 9.99999988079071
v -1.0728836059570312e-06 -6.25 9.99999988079071
v -1.0728836059570312e-06 -6.505000114440918 9.99999988079071
v -1.4025012254714966 -6.25 9.99999988079071
v -1.4025012254714966 -6.505000114440918 9.99999988079071
v -2.750001072883606 -5.75 9.99999988079071
v -1.0728836059570312e-06 -5.995000004768372 9.99999988079071
v -1.4025012254714966 -5.995000004768372 9.99999988079071
v -1.0728836059570312e-06 -5.75 9.99999988079071
v 2.749998927116394 -5.75 9.99999988079071
v 21.750000834465027 5.25 9.49999988079071
v 21.250000834465027 5.25 9.49999988079071
v 21.250000834465027 5.75 9.49999988079071
v 21.250000834465027 6.25 9.49999988079071
v 21.750000834465027 6.25 9.49999988079071
v 22.250000834465027 6.25 9.49999988079071
v 22.250000834465027 5.75 9.49999988079071
v 22.250000834465027 5.25 9.49999988079071
v -21.750000834465027 5.25 9.49999988079071
v -22.250000834465027 5.25 9.49999988079071
v -22.250000834465027 5.75 9.49999988079071
v -22.250000834465027 6.25 9.49999988079071
v -21.750000834465027 6.25 9.49999988079071
v -21.250000843778253 6.25 9.49999988079071
v -21.250000843778253 5.75 9.49999988079071
v -21.250000843778253 5.25 9.49999988079071
v 21.750000834465027 -5.75 9.49999988079071
v 21.250000834465027 -5.75 9.49999988079071
v 21.250000834465027 -5.25 9.49999988079071
v 21.250000834465027 -4.75 9.49999988079071
v 21.750000834465027 -4.75 9.49999988079071
v 22.250000834465027 -4.75 9.49999988079071
v 22.250000834465027 -5.25 9.49999988079071
v 22.250000834465027 -5.75 9.49999988079071
v -21.750000834465027 -5.75 9.49999988079071
v -22.250000834465027 -5.75 9.49999988079071
v -22.250000834465027 -5.25 9.49999988079071
v -22.250000834465027 -4.75 9.49999988079071
v -21.750000834465027 -4.75 9.49999988079071
v -21.250000843778253 -4.75 9.49999988079071
v -21.250000843778253 -5.25 9.49999988079071
v -21.250000843778253 -5.75 9.49999988079071
v 21.250000834465027 6.25 8.99999988079071
v 21.250000834465027 6.75 8.99999988079071
v 16.875000834465027 6.75 8.99999988079071
v 12.500000834465027 6.75 8.99999988079071
v 8.124998927116394 6.75 8.99999988079071
v 3.749998927116394 6.75 8.99999988079071
v 3.249998927116394 6.75 8.99999988079071
v 3.249998927116394 7.75 8.99999988079071
v 7.999998927116394 7.75 8.99999988079071
v 12.750000834465027 7.75 8.99999988079071
v 17.500000834465027 7.75 8.99999988079071
v 22.250000834465027 7.75 8.99999988079071
v 22.250000834465027 6.25 8.99999988079071
v 21.750000834465027 6.25 8.99999988079071
v -21.750000834465027 6.25 8.99999988079071
v -22.250000834465027 6.25 8.99999988079071
v -19.210000872612 7.0 8.99999988079071
v -20.82500085234642 7.0 8.99999988079071
v -22.250000834465027 7.25 8.99999988079071
v -22.250000834465027 7.75 8.99999988079071
v -19.210000872612 7.382499694824219 8.99999988079071
v -20.82500085234642 7.382499694824219 8.99999988079071
v -17.500000834465027 7.75 8.99999988079071
v -12.750001072883606 7.75 8.99999988079071
v -8.000001072883606 7.75 8.99999988079071
v -3.250001072883606 7.75 8.99999988079071
v -3.250001072883606 6.75 8.99999988079071
v -7.750001072883606 6.75 8.99999988079071
v -12.250001072883606 6.75 8.99999988079071
v -16.750001072883606 6.75 8.99999988079071
v -21.250000843778253 6.75 8.99999988079071
v -21.250000843778253 6.25 8.99999988079071
v 22.250000834465027 -6.75 8.99999988079071
v 19.000000834465027 -6.75 8.99999988079071
v 15.750000834465027 -6.75 8.99999988079071
v 12.500000834465027 -6.75 8.99999988079071
v 9.249998927116394 -6.75 8.99999988079071
v 5.999998927116394 -6.75 8.99999988079071
v 2.749998927116394 -6.75 8.99999988079071
v 2.749998927116394 -6.25 8.99999988079071
v 5.04124915599823 -6.25 8.99999988079071
v 5.04124915599823 -6.505000114440918 8.99999988079071
v 3.7981232404708862 -6.25 8.99999988079071
v 3.7981232404708862 -6.505000114440918 8.99999988079071
v 2.749998927116394 -5.75 8.99999988079071
v 5.04124915599823 -5.995000004768372 8.99999988079071
v 3.7981232404708862 -5.995000004768372 8.99999988079071
v 6.349999308586121 -5.75 8.99999988079071
v 9.949999690055847 -5.75 8.99999988079071
v 13.550000071525574 -5.75 8.99999988079071
v 17.149998545646667 -5.75 8.99999988079071
v 20.750000834465027 -5.75 8.99999988079071
v 21.250000834465027 -5.75 8.99999988079071
v 19.958748698234558 -6.25 8.99999988079071
v 21.201874613761902 -6.25 8.99999988079071
v 19.958748698234558 -5.995000004768372 8.99999988079071
v 21.201874613761902 -5.995000004768372 8.99999988079071
v 22.250000834465027 -5.75 8.99999988079071
v 22.250000834465027 -6.25 8.99999988079071
v 19.958748698234558 -6.505000114440918 8.99999988079071
v 21.201874613761902 -6.505000114440918 8.99999988079071
v -3.250001072883606 -6.75 8.99999988079071
v -6.416667103767395 -6.75 8.99999988079071
v -9.5833340883255 -6.75 8.99999988079071
v -12.750001072883606 -6.75 8.99999988079071
v -15.916667580604553 -6.75 8.99999988079071
v -19.0833340883255 -6.75 8.99999988079071
v -22.250000834465027 -6.75 8.99999988079071
v -22.250000834465027 -6.25 8.99999988079071
v -19.95875084400177 -6.25 8.99999988079071
v -19.95875084400177 -6.505000114440918 8.99999988079071
v -21.2018758431077 -6.25 8.99999988079071
v -21.2018758431077 -6.505000114440918 8.99999988079071
v -22.250000834465027 -5.75 8.99999988079071
v -19.95875084400177 -5.995000004768372 8.99999988079071
v -21.2018758431077 -5.995000004768372 8.99999988079071
v -21.250000843778253 -5.75 8.99999988079071
v -17.55000078678131 -5.75 8.99999988079071
v -13.850000977516174 -5.75 8.99999988079071
v -10.15000069141388 -5.75 8.99999988079071
v -6.450000882148743 -5.75 8.99999988079071
v -2.750001072883606 -5.75 8.99999988079071
v -5.041251301765442 -6.25 8.99999988079071
v -3.798125386238098 -6.25 8.99999988079071
v -5.041251301765442 -5.995000004768372 8.99999988079071
v -3.798125386238098 -5.995000004768372 8.99999988079071
v -2.750001072883606 -6.25 8.99999988079071
v -2.750001072883606 -6.75 8.99999988079071
v -5.041251301765442 -6.505000114440918 8.99999988079071
v -3.798125386238098 -6.505000114440918 8.99999988079071
v 19.750000834465027 6.25 8.49999988079071
v 20.250000834465027 6.25 8.49999988079071
v 19.750000834465027 6.75 8.49999988079071
v 20.250000834465027 6.75 8.49999988079071
v 18.250000834465027 6.25 8.49999988079071
v 18.750000834465027 6.25 8.49999988079071
v 18.250000834465027 6.75 8.49999988079071
v 18.750000834465027 6.75 8.49999988079071
v 16.750000834465027 6.25 8.49999988079071
v 17.250000834465027 6.25 8.49999988079071
v 16.750000834465027 6.75 8.49999988079071
v 17.250000834465027 6.75 8.49999988079071
v 15.250000834465027 6.25 8.49999988079071
v 15.750000834465027 6.25 8.49999988079071
v 15.250000834465027 6.75 8.49999988079071
v 15.750000834465027 6.75 8.49999988079071
v 13.750000834465027 6.25 8.49999988079071
v 14.250000834465027 6.25 8.49999988079071
v 13.750000834465027 6.75 8.49999988079071
v 14.250000834465027 6.75 8.49999988079071
v 12.250000834465027 6.25 8.49999988079071
v 12.750000834465027 6.25 8.49999988079071
v 12.250000834465027 6.75 8.49999988079071
v 12.750000834465027 6.75 8.49999988079071
v 10.749998927116394 6.25 8.49999988079071
v 11.250000834465027 6.25 8.49999988079071
v 10.749998927116394 6.75 8.49999988079071
v 11.250000834465027 6.75 8.49999988079071
v 9.249998927116394 6.25 8.49999988079071
v 9.749998927116394 6.25 8.49999988079071
v 9.249998927116394 6.75 8.49999988079071
v 9.749998927116394 6.75 8.49999988079071
v 7.749998927116394 6.25 8.49999988079071
v 8.249998927116394 6.25 8.49999988079071
v 7.749998927116394 6.75 8.49999988079071
v 8.249998927116394 6.75 8.49999988079071
v 6.249998927116394 6.25 8.49999988079071
v 6.749998927116394 6.25 8.49999988079071
v 6.249998927116394 6.75 8.49999988079071
v 6.749998927116394 6.75 8.49999988079071
v 4.749998927116394 6.25 8.49999988079071
v 5.249998927116394 6.25 8.49999988079071
v 4.749998927116394 6.75 8.49999988079071
v 5.249998927116394 6.75 8.49999988079071
v 3.249998927116394 6.25 8.49999988079071
v 3.749998927116394 6.25 8.49999988079071
v 3.249998927116394 6.75 8.49999988079071
v 3.749998927116394 6.75 8.49999988079071
v -4.250001072883606 6.25 8.49999988079071
v -3.750001072883606 6.25 8.49999988079071
v -4.250001072883606 6.75 8.49999988079071
v -3.750001072883606 6.75 8.49999988079071
v -5.750001072883606 6.25 8.49999988079071
v -5.250001072883606 6.25 8.49999988079071
v -5.750001072883606 6.75 8.49999988079071
v -5.250001072883606 6.75 8.49999988079071
v -7.250001072883606 6.25 8.49999988079071
v -6.750001072883606 6.25 8.49999988079071
v -7.250001072883606 6.75 8.49999988079071
v -6.750001072883606 6.75 8.49999988079071
v -8.750001072883606 6.25 8.49999988079071
v -8.250001072883606 6.25 8.49999988079071
v -8.750001072883606 6.75 8.49999988079071
v -8.250001072883606 6.75 8.49999988079071
v -10.250001072883606 6.25 8.49999988079071
v -9.750001072883606 6.25 8.49999988079071
v -10.250001072883606 6.75 8.49999988079071
v -9.750001072883606 6.75 8.49999988079071
v -11.750001072883606 6.25 8.49999988079071
v -11.250001072883606 6.25 8.49999988079071
v -11.750001072883606 6.75 8.49999988079071
v -11.250001072883606 6.75 8.49999988079071
v -13.250001072883606 6.25 8.49999988079071
v -12.750001072883606 6.25 8.49999988079071
v -13.250001072883606 6.75 8.49999988079071
v -12.750001072883606 6.75 8.49999988079071
v -14.750001072883606 6.25 8.49999988079071
v -14.250001072883606 6.25 8.49999988079071
v -14.750001072883606 6.75 8.49999988079071
v -14.250001072883606 6.75 8.49999988079071
v -16.250001072883606 6.25 8.49999988079071
v -15.750001072883606 6.25 8.49999988079071
v -16.250001072883606 6.75 8.49999988079071
v -15.750001072883606 6.75 8.49999988079071
v -17.750000834465027 6.25 8.49999988079071
v -17.250000834465027 6.25 8.49999988079071
v -17.750000834465027 6.75 8.49999988079071
v -17.250000834465027 6.75 8.49999988079071
v -19.250000834465027 6.25 8.49999988079071
v -18.750000834465027 6.25 8.49999988079071
v -19.250000834465027 6.75 8.49999988079071
v -18.750000834465027 6.75 8.49999988079071
v -20.750000834465027 6.25 8.49999988079071
v -20.250000834465027 6.25 8.49999988079071
v -20.750000834465027 6.75 8.49999988079071
v -20.250000834465027 6.75 8.49999988079071
v 19.750000834465027 6.25 5.5
v 20.250000834465027 6.25 5.5
v 19.750000834465027 6.75 5.5
v 20.250000834465027 6.75 5.5
v 18.250000834465027 6.25 5.5
v 18.750000834465027 6.25 5.5
v 18.250000834465027 6.75 5.5
v 18.750000834465027 6.75 5.5
v 16.750000834465027 6.25 5.5
v 17.250000834465027 6.25 5.5
v 16.750000834465027 6.75 5.5
v 17.250000834465027 6.75 5.5
v 15.250000834465027 6.25 5.5
v 15.750000834465027 6.25 5.5
v 15.250000834465027 6.75 5.5
v 15.750000834465027 6.75 5.5
v 13.750000834465027 6.25 5.5
v 14.250000834465027 6.25 5.5
v 13.750000834465027 6.75 5.5
v 14.250000834465027 6.75 5.5
v 12.250000834465027 6.25 5.5
v 12.750000834465027 6.25 5.5
v 12.250000834465027 6.75 5.5
v 12.750000834465027 6.75 5.5
v 10.749998927116394 6.25 5.5
v 11.250000834465027 6.25 5.5
v 10.749998927116394 6.75 5.5
v 11.250000834465027 6.75 5.5
v 9.249998927116394 6.25 5.5
v 9.749998927116394 6.25 5.5
v 9.249998927116394 6.75 5.5
v 9.749998927116394 6.75 5.5
v 7.749998927116394 6.25 5.5
v 8.249998927116394 6.25 5.5
v 7.749998927116394 6.75 5.5
v 8.249998927116394 6.75 5.5
v 6.249998927116394 6.25 5.5
v 6.749998927116394 6.25 5.5
v 6.249998927116394 6.75 5.5
v 6.749998927116394 6.75 5.5
v 4.749998927116394 6.25 5.5
v 5.249998927116394 6.25 5.5
v 4.749998927116394 6.75 5.5
v 5.249998927116394 6.75 5.5
v 3.249998927116394 6.25 5.5
v 3.749998927116394 6.25 5.5
v 3.249998927116394 6.75 5.5
v 3.749998927116394 6.75 5.5
v -4.250001072883606 6.25 5.5
v -3.750001072883606 6.25 5.5
v -4.250001072883606 6.75 5.5
v -3.750001072883606 6.75 5.5
v -5.750001072883606 6.25 5.5
v -5.250001072883606 6.25 5.5
v -5.750001072883606 6.75 5.5
v -5.250001072883606 6.75 5.5
v -7.250001072883606 6.25 5.5
v -6.750001072883606 6.25 5.5
v -7.250001072883606 6.75 5.5
v -6.750001072883606 6.75 5.5
v -8.750001072883606 6.25 5.5
v -8.250001072883606 6.25 5.5
v -8.750001072883606 6.75 5.5
v -8.250001072883606 6.75 5.5
v -10.250001072883606 6.25 5.5
v -9.750001072883606 6.25 5.5
v -10.250001072883606 6.75 5.5
v -9.750001072883606 6.75 5.5
v -11.750001072883606 6.25 5.5
v -11.250001072883606 6.25 5.5
v -11.750001072883606 6.75 5.5
v -11.250001072883606 6.75 5.5
v -13.250001072883606 6.25 5.5
v -12.750001072883606 6.25 5.5
v -13.250001072883606 6.75 5.5
v -12.750001072883606 6.75 5.5
v -14.750001072883606 6.25 5.5
v -14.250001072883606 6.25 5.5
v -14.750001072883606 6.75 5.5
v -14.250001072883606 6.75 5.5
v -16.250001072883606 6.25 5.5
v -15.750001072883606 6.25 5.5
v -16.250001072883606 6.75 5.5
v -15.750001072883606 6.75 5.5
v -17.750000834465027 6.25 5.5
v -17.250000834465027 6.25 5.5
v -17.750000834465027 6.75 5.5
v -17.250000834465027 6.75 5.5
v -19.250000834465027 6.25 5.5
v -18.750000834465027 6.25 5.5
v -19.250000834465027 6.75 5.5
v -18.750000834465027 6.75 5.5
v -20.750000834465027 6.25 5.5
v -20.250000834465027 6.25 5.5
v -20.750000834465027 6.75 5.5
v -20.250000834465027 6.75 5.5
v 3.249998927116394 -9.75 3.0
v -0.25000107288360596 -9.75 3.0
v -3.750001072883606 -9.75 3.0
v -3.750001072883606 -6.25 3.0
v -3.750001072883606 -5.75 3.0
v -3.250001072883606 -5.75 3.0
v -3.250001072883606 -7.75 3.0
v -1.0728836059570312e-06 -7.75 3.0
v 3.249998927116394 -7.75 3.0
v 3.249998927116394 -5.75 3.0
v 3.749998927116394 -5.75 3.0
v 3.749998927116394 -6.25 3.0
v 3.749998927116394 -9.75 3.0
v 1.9124993085861206 -8.769999980926514 3.0
v 1.9124993085861206 -9.28000020980835 3.0
v 2.8687485456466675 -8.769999980926514 3.0
v 2.8687485456466675 -9.28000020980835 3.0
v 19.750000834465027 6.25 2.5
v 20.250000834465027 6.25 2.5
v 19.750000834465027 6.75 2.5
v 20.250000834465027 6.75 2.5
v 18.250000834465027 6.25 2.5
v 18.750000834465027 6.25 2.5
v 18.250000834465027 6.75 2.5
v 18.750000834465027 6.75 2.5
v 16.750000834465027 6.25 2.5
v 17.250000834465027 6.25 2.5
v 16.750000834465027 6.75 2.5
v 17.250000834465027 6.75 2.5
v 15.250000834465027 6.25 2.5
v 15.750000834465027 6.25 2.5
v 15.250000834465027 6.75 2.5
v 15.750000834465027 6.75 2.5
v 13.750000834465027 6.25 2.5
v 14.250000834465027 6.25 2.5
v 13.750000834465027 6.75 2.5
v 14.250000834465027 6.75 2.5
v 12.250000834465027 6.25 2.5
v 12.750000834465027 6.25 2.5
v 12.250000834465027 6.75 2.5
v 12.750000834465027 6.75 2.5
v 10.749998927116394 6.25 2.5
v 11.250000834465027 6.25 2.5
v 10.749998927116394 6.75 2.5
v 11.250000834465027 6.75 2.5
v 9.249998927116394 6.25 2.5
v 9.749998927116394 6.25 2.5
v 9.249998927116394 6.75 2.5
v 9.749998927116394 6.75 2.5
v 7.749998927116394 6.25 2.5
v 8.249998927116394 6.25 2.5
v 7.749998927116394 6.75 2.5
v 8.249998927116394 6.75 2.5
v 6.249998927116394 6.25 2.5
v 6.749998927116394 6.25 2.5
v 6.249998927116394 6.75 2.5
v 6.749998927116394 6.75 2.5
v 4.749998927116394 6.25 2.5
v 5.249998927116394 6.25 2.5
v 4.749998927116394 6.75 2.5
v 5.249998927116394 6.75 2.5
v 3.249998927116394 6.25 2.5
v 3.749998927116394 6.25 2.5
v 3.249998927116394 6.75 2.5
v 3.749998927116394 6.75 2.5
v -4.250001072883606 6.25 2.5
v -3.750001072883606 6.25 2.5
v -4.250001072883606 6.75 2.5
v -3.750001072883606 6.75 2.5
v -5.750001072883606 6.25 2.5
v -5.250001072883606 6.25 2.5
v -5.750001072883606 6.75 2.5
v -5.250001072883606 6.75 2.5
v -7.250001072883606 6.25 2.5
v -6.750001072883606 6.25 2.5
v -7.250001072883606 6.75 2.5
v -6.750001072883606 6.75 2.5
v -8.750001072883606 6.25 2.5
v -8.250001072883606 6.25 2.5
v -8.750001072883606 6.75 2.5
v -8.250001072883606 6.75 2.5
v -10.250001072883606 6.25 2.5
v -9.750001072883606 6.25 2.5
v -10.250001072883606 6.75 2.5
v -9.750001072883606 6.75 2.5
v -11.750001072883606 6.25 2.5
v -11.250001072883606 6.25 2.5
v -11.750001072883606 6.75 2.5
v -11.250001072883606 6.75 2.5
v -13.250001072883606 6.25 2.5
v -12.750001072883606 6.25 2.5
v -13.250001072883606 6.75 2.5
v -12.750001072883606 6.75 2.5
v -14.750001072883606 6.25 2.5
v -14.250001072883606 6.25 2.5
v -14.750001072883606 6.75 2.5
v -14.250001072883606 6.75 2.5
v -16.250001072883606 6.25 2.5
v -15.750001072883606 6.25 2.5
v -16.250001072883606 6.75 2.5
v -15.750001072883606 6.75 2.5
v -17.750000834465027 6.25 2.5
v -17.250000834465027 6.25 2.5
v -17.750000834465027 6.75 2.5
v -17.250000834465027 6.75 2.5
v -19.250000834465027 6.25 2.5
v -18.750000834465027 6.25 2.5
v -19.250000834465027 6.75 2.5
v -18.750000834465027 6.75 2.5
v -20.750000834465027 6.25 2.5
v -20.250000834465027 6.25 2.5
v -20.750000834465027 6.75 2.5
v -20.250000834465027 6.75 2.5
v -3.250001072883606 -6.25 0.0
v -2.750001072883606 -6.25 0.0
v -3.250001072883606 -5.75 0.0
v -2.750001072883606 -5.75 0.0
v 2.749998927116394 -7.25 0.0
v 2.249998927116394 -7.25 0.0
v 2.249998927116394 -6.75 0.0
v 2.249998927116394 -6.25 0.0
v 2.749998927116394 -6.25 0.0
v 2.749998927116394 -6.75 0.0
v -1.750001072883606 -7.25 0.0
v -2.250001072883606 -7.25 0.0
v -2.750001072883606 -7.25 0.0
v -2.750001072883606 -6.75 0.0
v -2.750001072883606 -6.25 0.0
v -2.750001072883606 -5.75 0.0
v -1.916667103767395 -5.75 0.0
v -1.083335041999817 -5.75 0.0
v -0.25000107288360596 -5.75 0.0
v 0.583332896232605 -5.75 0.0
v 1.416664958000183 -5.75 0.0
v 2.249998927116394 -5.75 0.0
v 2.249998927116394 -6.25 0.0
v 2.249998927116394 -6.75 0.0
v 2.249998927116394 -7.25 0.0
v 1.749998927116394 -7.25 0.0
v 1.249998927116394 -7.25 0.0
v 1.249998927116394 -6.75 0.0
v 0.749998927116394 -6.75 0.0
v 0.749998927116394 -6.25 0.0
v 0.08333289623260498 -6.25 0.0
v -0.5833350419998169 -6.25 0.0
v -1.250001072883606 -6.25 0.0
v -1.250001072883606 -6.75 0.0
v -1.250001072883606 -7.25 0.0
v -2.750001072883606 -7.25 0.0
v -3.250001072883606 -7.25 0.0
v -3.250001072883606 -6.75 0.0
v -3.250001072883606 -6.25 0.0
v -2.750001072883606 -6.25 0.0
v -2.750001072883606 -6.75 0.0
v 2.249998927116394 -7.75 0.0
v 2.249998927116394 -7.25 0.0
v 2.749998927116394 -7.25 0.0
v 2.749998927116394 -6.25 0.0
v 2.249998927116394 -6.25 0.0
v 2.249998927116394 -5.75 0.0
v 3.249998927116394 -5.75 0.0
v 3.249998927116394 -6.25 0.0
v 3.249998927116394 -7.75 0.0
v 1.249998927116394 -7.75 0.0
v 1.249998927116394 -7.25 0.0
v 1.749998927116394 -7.25 0.0
v 2.249998927116394 -7.25 0.0
v 2.249998927116394 -7.75 0.0
v 1.749998927116394 -7.75 0.0
v -2.750001072883606 -7.75 0.0
v -2.750001072883606 -7.25 0.0
v -1.750001072883606 -7.25 0.0
v -1.250001072883606 -7.25 0.0
v -1.250001072883606 -7.75 0.0
v -2.000001072883606 -7.75 0.0
v -3.250001072883606 -7.75 0.0
v -2.750001072883606 -7.75 0.0
v -3.250001072883606 -7.25 0.0
v -2.750001072883606 -7.25 0.0
v -0.6374999284744263 -6.862499952316284 0.0
v -0.6374999284744263 -7.5 0.0
v -0.6374999284744263 -8.137500047683716 0.0
v -1.0728836059570312e-06 -6.862499952316284 0.0
v -1.0728836059570312e-06 -7.5 0.0
v -1.0728836059570312e-06 -8.137500047683716 0.0
v 0.6374996900558472 -7.5 0.0
v 0.749998927116394 -8.75 0.0
v 0.3499993085861206 -8.75 0.0
v -0.05000030994415283 -8.75 0.0
v -0.44999992847442627 -8.75 0.0
v -0.8500014543533325 -8.75 0.0
v -1.250001072883606 -8.75 0.0
v -1.250001072883606 -8.416666746139526 0.0
v -1.250001072883606 -8.083333253860474 0.0
v -1.250001072883606 -7.75 0.0
v -1.250001072883606 -7.5 0.0
v -1.250001072883606 -7.25 0.0
v -1.250001072883606 -7.0 0.0
v -1.250001072883606 -6.75 0.0
v -1.250001072883606 -6.5 0.0
v -1.250001072883606 -6.25 0.0
v -0.8500014543533325 -6.25 0.0
v -0.44999992847442627 -6.25 0.0
v -0.05000030994415283 -6.25 0.0
v 0.3499993085861206 -6.25 0.0
v 0.749998927116394 -6.25 0.0
v 0.749998927116394 -6.5 0.0
v 0.749998927116394 -6.75 0.0
v 0.999998927116394 -6.75 0.0
v 1.249998927116394 -6.75 0.0
v 1.249998927116394 -7.0 0.0
v 1.249998927116394 -7.25 0.0
v 1.249998927116394 -7.5 0.0
v 1.249998927116394 -7.75 0.0
v 1.249998927116394 -8.0 0.0
v 1.249998927116394 -8.25 0.0
v 0.999998927116394 -8.25 0.0
v 0.749998927116394 -8.25 0.0
v 0.749998927116394 -8.5 0.0
v 2.749998927116394 -9.25 0.0
v 1.5500000715255737 -9.25 0.0
v 0.3499993085861206 -9.25 0.0
v -0.8500014543533325 -9.25 0.0
v -2.050000309944153 -9.25 0.0
v -3.250001072883606 -9.25 0.0
v -3.250001072883606 -8.25 0.0
v -3.250001072883606 -7.75 0.0
v -2.750001072883606 -7.75 0.0
v -2.000001072883606 -7.75 0.0
v -1.250001072883606 -7.75 0.0
v -1.250001072883606 -8.75 0.0
v -0.25000107288360596 -8.75 0.0
v 0.749998927116394 -8.75 0.0
v 0.749998927116394 -8.25 0.0
v 1.249998927116394 -8.25 0.0
v 1.249998927116394 -7.75 0.0
v 2.249998927116394 -7.75 0.0
v 3.249998927116394 -7.75 0.0
v 3.249998927116394 -8.25 0.0
v 3.249998927116394 -9.25 0.0
v 19.750000834465027 6.25 -0.5
v 20.250000834465027 6.25 -0.5
v 19.750000834465027 6.75 -0.5
v 20.250000834465027 6.75 -0.5
v 18.250000834465027 6.25 -0.5
v 18.750000834465027 6.25 -0.5
v 18.250000834465027 6.75 -0.5
v 18.750000834465027 6.75 -0.5
v 16.750000834465027 6.25 -0.5
v 17.250000834465027 6.25 -0.5
v 16.750000834465027 6.75 -0.5
v 17.250000834465027 6.75 -0.5
v 15.250000834465027 6.25 -0.5
v 15.750000834465027 6.25 -0.5
v 15.250000834465027 6.75 -0.5
v 15.750000834465027 6.75 -0.5
v 13.750000834465027 6.25 -0.5
v 14.250000834465027 6.25 -0.5
v 13.750000834465027 6.75 -0.5
v 14.250000834465027 6.75 -0.5
v 12.250000834465027 6.25 -0.5
v 12.750000834465027 6.25 -0.5
v 12.250000834465027 6.75 -0.5
v 12.750000834465027 6.75 -0.5
v 10.749998927116394 6.25 -0.5
v 11.250000834465027 6.25 -0.5
v 10.749998927116394 6.75 -0.5
v 11.250000834465027 6.75 -0.5
v 9.249998927116394 6.25 -0.5
v 9.749998927116394 6.25 -0.5
v 9.249998927116394 6.75 -0.5
v 9.749998927116394 6.75 -0.5
v 7.749998927116394 6.25 -0.5
v 8.249998927116394 6.25 -0.5
v 7.749998927116394 6.75 -0.5
v 8.249998927116394 6.75 -0.5
v 6.249998927116394 6.25 -0.5
v 6.749998927116394 6.25 -0.5
v 6.249998927116394 6.75 -0.5
v 6.749998927116394 6.75 -0.5
v 4.749998927116394 6.25 -0.5
v 5.249998927116394 6.25 -0.5
v 4.749998927116394 6.75 -0.5
v 5.249998927116394 6.75 -0.5
v 3.249998927116394 6.25 -0.5
v 3.749998927116394 6.25 -0.5
v 3.249998927116394 6.75 -0.5
v 3.749998927116394 6.75 -0.5
v -4.250001072883606 6.25 -0.5
v -3.750001072883606 6.25 -0.5
v -4.250001072883606 6.75 -0.5
v -3.750001072883606 6.75 -0.5
v -5.750001072883606 6.25 -0.5
v -5.250001072883606 6.25 -0.5
v -5.750001072883606 6.75 -0.5
v -5.250001072883606 6.75 -0.5
v -7.250001072883606 6.25 -0.5
v -6.750001072883606 6.25 -0.5
v -7.250001072883606 6.75 -0.5
v -6.750001072883606 6.75 -0.5
v -8.750001072883606 6.25 -0.5
v -8.250001072883606 6.25 -0.5
v -8.750001072883606 6.75 -0.5
v -8.250001072883606 6.75 -0.5
v -10.250001072883606 6.25 -0.5
v -9.750001072883606 6.25 -0.5
v -10.250001072883606 6.75 -0.5
v -9.750001072883606 6.75 -0.5
v -11.750001072883606 6.25 -0.5
v -11.250001072883606 6.25 -0.5
v -11.750001072883606 6.75 -0.5
v -11.250001072883606 6.75 -0.5
v -13.250001072883606 6.25 -0.5
v -12.750001072883606 6.25 -0.5
v -13.250001072883606 6.75 -0.5
v -12.750001072883606 6.75 -0.5
v -14.750001072883606 6.25 -0.5
v -14.250001072883606 6.25 -0.5
v -14.750001072883606 6.75 -0.5
v -14.250001072883606 6.75 -0.5
v -16.250001072883606 6.25 -0.5
v -15.750001072883606 6.25 -0.5
v -16.250001072883606 6.75 -0.5
v -15.750001072883606 6.75 -0.5
v -17.750000834465027 6.25 -0.5
v -17.250000834465027 6.25 -0.5
v -17.750000834465027 6.75 -0.5
v -17.250000834465027 6.75 -0.5
v -19.250000834465027 6.25 -0.5
v -18.750000834465027 6.25 -0.5
v -19.250000834465027 6.75 -0.5
v -18.750000834465027 6.75 -0.5
v -20.750000834465027 6.25 -0.5
v -20.250000834465027 6.25 -0.5
v -20.750000834465027 6.75 -0.5
v -20.250000834465027 6.75 -0.5
v 7.249998927116394 1.75 -3.0
v 6.249998927116394 1.75 -3.0
v 7.249998927116394 3.75 -3.0
v 6.249998927116394 3.5 -3.0
v 6.249998927116394 5.25 -3.0
v 6.249998927116394 5.75 -3.0
v 7.249998927116394 4.770000457763672 -3.0
v 6.739998698234558 3.75 -3.0
v 6.739998698234558 4.770000457763672 -3.0
v 8.249998927116394 5.75 -3.0
v 8.249998927116394 3.75 -3.0
v 8.249998927116394 1.75 -3.0
v 4.249998927116394 1.75 -3.0
v 3.249998927116394 1.75 -3.0
v 4.249998927116394 3.75 -3.0
v 3.249998927116394 3.5 -3.0
v 3.249998927116394 5.25 -3.0
v 3.249998927116394 5.75 -3.0
v 4.249998927116394 4.770000457763672 -3.0
v 3.739998698234558 3.75 -3.0
v 3.739998698234558 4.770000457763672 -3.0
v 5.249998927116394 5.75 -3.0
v 5.249998927116394 3.75 -3.0
v 5.249998927116394 1.75 -3.0
v -5.250001072883606 1.75 -3.0
v -5.750001072883606 1.75 -3.0
v -4.500001072883606 3.75 -3.0
v -4.500001072883606 2.7300000190734863 -3.0
v -5.137499928474426 3.75 -3.0
v -5.137499928474426 2.7300000190734863 -3.0
v -5.750001072883606 3.5 -3.0
v -5.750001072883606 5.25 -3.0
v -5.750001072883606 5.75 -3.0
v -4.500001072883606 4.770000457763672 -3.0
v -5.137499928474426 4.770000457763672 -3.0
v -3.250001072883606 5.75 -3.0
v -3.250001072883606 3.75 -3.0
v -3.250001072883606 1.75 -3.0
v -4.750001072883606 1.75 -3.0
v -7.750001072883606 1.75 -3.0
v -8.750001072883606 1.75 -3.0
v -7.750001072883606 3.75 -3.0
v -8.750001072883606 3.5 -3.0
v -8.750001072883606 5.25 -3.0
v -8.750001072883606 5.75 -3.0
v -7.750001072883606 4.770000457763672 -3.0
v -8.260001301765442 3.75 -3.0
v -8.260001301765442 4.770000457763672 -3.0
v -6.750001072883606 5.75 -3.0
v -6.750001072883606 3.75 -3.0
v -6.750001072883606 1.75 -3.0
v -10.750001072883606 1.75 -3.0
v -11.750001072883606 1.75 -3.0
v -10.750001072883606 3.75 -3.0
v -11.750001072883606 3.5 -3.0
v -11.750001072883606 5.25 -3.0
v -11.750001072883606 5.75 -3.0
v -10.750001072883606 4.770000457763672 -3.0
v -11.260001301765442 3.75 -3.0
v -11.260001301765442 4.770000457763672 -3.0
v -9.750001072883606 5.75 -3.0
v -9.750001072883606 3.75 -3.0
v -9.750001072883606 1.75 -3.0
v -13.750001072883606 1.75 -3.0
v -14.750001072883606 1.75 -3.0
v -13.750001072883606 3.75 -3.0
v -14.750001072883606 3.5 -3.0
v -14.750001072883606 5.25 -3.0
v -14.750001072883606 5.75 -3.0
v -13.750001072883606 4.770000457763672 -3.0
v -14.260000824928284 3.75 -3.0
v -14.260000824928284 4.770000457763672 -3.0
v -12.750001072883606 5.75 -3.0
v -12.750001072883606 3.75 -3.0
v -12.750001072883606 1.75 -3.0
v -16.750001072883606 1.75 -3.0
v -17.750000834465027 1.75 -3.0
v -16.750001072883606 3.75 -3.0
v -17.750000834465027 3.5 -3.0
v -17.750000834465027 5.25 -3.0
v -17.750000834465027 5.75 -3.0
v -16.750001072883606 4.770000457763672 -3.0
v -17.260000824928284 3.75 -3.0
v -17.260000824928284 4.770000457763672 -3.0
v -15.750001072883606 5.75 -3.0
v -15.750001072883606 3.75 -3.0
v -15.750001072883606 1.75 -3.0
v -19.750000834465027 1.75 -3.0
v -20.750000834465027 1.75 -3.0
v -19.750000834465027 3.75 -3.0
v -20.750000834465027 3.5 -3.0
v -20.750000834465027 5.25 -3.0
v -20.750000834465027 5.75 -3.0
v -19.750000834465027 4.770000457763672 -3.0
v -20.260000824928284 3.75 -3.0
v -20.260000824928284 4.770000457763672 -3.0
v -18.750000834465027 5.75 -3.0
v -18.750000834465027 3.75 -3.0
v -18.750000834465027 1.75 -3.0
v 4.249998927116394 1.25 -3.0
v 4.249998927116394 1.75 -3.0
v 5.249998927116394 1.75 -3.0
v 5.749998927116394 1.75 -3.0
v 5.749998927116394 1.25 -3.0
v 4.999998927116394 1.25 -3.0
v -7.750001072883606 1.25 -3.0
v -7.750001072883606 1.75 -3.0
v -6.750001072883606 1.75 -3.0
v -5.750001072883606 1.75 -3.0
v -5.250001072883606 1.75 -3.0
v -4.750001072883606 1.75 -3.0
v -4.750001072883606 1.25 -3.0
v -5.750001072883606 1.25 -3.0
v -6.750001072883606 1.25 -3.0
v -10.750001072883606 1.25 -3.0
v -10.750001072883606 1.75 -3.0
v -9.750001072883606 1.75 -3.0
v -9.250001072883606 1.75 -3.0
v -9.250001072883606 1.25 -3.0
v -10.000001072883606 1.25 -3.0
v -13.750001072883606 1.25 -3.0
v -13.750001072883606 1.75 -3.0
v -12.750001072883606 1.75 -3.0
v -12.250001072883606 1.75 -3.0
v -12.250001072883606 1.25 -3.0
v -13.000001072883606 1.25 -3.0
v -16.750001072883606 1.25 -3.0
v -16.750001072883606 1.75 -3.0
v -15.750001072883606 1.75 -3.0
v -15.250001072883606 1.75 -3.0
v -15.250001072883606 1.25 -3.0
v -16.000001072883606 1.25 -3.0
v -19.750000834465027 1.25 -3.0
v -19.750000834465027 1.75 -3.0
v -18.750000834465027 1.75 -3.0
v -18.250000834465027 1.75 -3.0
v -18.250000834465027 1.25 -3.0
v -19.000000834465027 1.25 -3.0
v 8.749998927116394 -0.75 -3.0
v 8.249998927116394 -0.75 -3.0
v 8.249998927116394 -0.25 -3.0
v 8.249998927116394 0.75 -3.0
v 8.249998927116394 1.25 -3.0
v 7.249998927116394 1.25 -3.0
v 7.249998927116394 1.75 -3.0
v 8.249998927116394 1.75 -3.0
v 8.749998927116394 1.75 -3.0
v 8.749998927116394 0.75 -3.0
v 8.749998927116394 -0.25 -3.0
v 4.097498774528503 0.7600002288818359 -3.0
v 4.097498774528503 0.25 -3.0
v 5.499998927116394 0.7600002288818359 -3.0
v 5.499998927116394 0.25 -3.0
v 6.902499079704285 0.7600002288818359 -3.0
v 6.902499079704285 0.25 -3.0
v 4.749998927116394 -0.75 -3.0
v 4.749998927116394 -0.25 -3.0
v 3.999998927116394 -0.25 -3.0
v 3.249998927116394 -0.25 -3.0
v 2.749998927116394 -0.25 -3.0
v 2.749998927116394 0.75 -3.0
v 3.249998927116394 0.75 -3.0
v 3.249998927116394 1.25 -3.0
v 4.249998927116394 1.25 -3.0
v 4.999998927116394 1.25 -3.0
v 5.749998927116394 1.25 -3.0
v 6.499998927116394 1.25 -3.0
v 7.249998927116394 1.25 -3.0
v 8.249998927116394 1.25 -3.0
v 8.249998927116394 0.75 -3.0
v 8.249998927116394 -0.25 -3.0
v 7.249998927116394 -0.25 -3.0
v 6.249998927116394 -0.25 -3.0
v 5.249998927116394 -0.25 -3.0
v 5.249998927116394 -0.75 -3.0
v 2.749998927116394 -0.75 -3.0
v 2.249998927116394 -0.75 -3.0
v 2.249998927116394 -0.25 -3.0
v 2.249998927116394 0.75 -3.0
v 2.249998927116394 1.25 -3.0
v 2.749998927116394 1.25 -3.0
v 2.749998927116394 0.75 -3.0
v 2.749998927116394 -0.25 -3.0
v 0.24999892711639404 -0.75 -3.0
v 0.24999892711639404 -0.25 -3.0
v -0.25000107288360596 3.5 -3.0
v -0.25000107288360596 1.3324999809265137 -3.0
v 1.0249985456466675 3.5 -3.0
v 1.0249985456466675 1.3324999809265137 -3.0
v 1.0249985456466675 0.2487502098083496 -3.0
v -0.25000107288360596 0.2487502098083496 -3.0
v 0.38749969005584717 1.3324999809265137 -3.0
v 0.38749969005584717 0.2487502098083496 -3.0
v -1.5250006914138794 3.5 -3.0
v -1.5250006914138794 1.3324999809265137 -3.0
v -2.250001072883606 -0.25 -3.0
v -2.750001072883606 -0.25 -3.0
v -1.5250006914138794 0.2487502098083496 -3.0
v -2.1625014543533325 1.3324999809265137 -3.0
v -2.1625014543533325 0.2487502098083496 -3.0
v -2.750001072883606 1.25 -3.0
v -2.750001072883606 7.75 -3.0
v 2.249998927116394 7.75 -3.0
v 2.249998927116394 1.25 -3.0
v 2.249998927116394 0.75 -3.0
v 1.6624993085861206 1.3324999809265137 -3.0
v 1.6624993085861206 0.2487502098083496 -3.0
v 2.249998927116394 -0.25 -3.0
v 0.749998927116394 -0.25 -3.0
v 0.749998927116394 -0.75 -3.0
v -2.750001072883606 -0.75 -3.0
v -3.250001072883606 -0.75 -3.0
v -3.250001072883606 -0.25 -3.0
v -3.250001072883606 0.75 -3.0
v -3.250001072883606 1.25 -3.0
v -2.750001072883606 1.25 -3.0
v -2.750001072883606 -0.25 -3.0
v -18.941667437553406 0.929999828338623 -3.0
v -18.941667437553406 0.5900001525878906 -3.0
v -18.941667437553406 0.25 -3.0
v -18.941667437553406 -0.09000015258789062 -3.0
v -16.9583340883255 0.929999828338623 -3.0
v -16.9583340883255 0.5900001525878906 -3.0
v -16.9583340883255 0.25 -3.0
v -16.9583340883255 -0.09000015258789062 -3.0
v -14.975000977516174 0.929999828338623 -3.0
v -14.975000977516174 0.5900001525878906 -3.0
v -14.975000977516174 0.25 -3.0
v -14.975000977516174 -0.09000015258789062 -3.0
v -12.991667866706848 0.929999828338623 -3.0
v -12.991667866706848 0.5900001525878906 -3.0
v -12.991667866706848 0.25 -3.0
v -12.991667866706848 -0.09000015258789062 -3.0
v -11.008334279060364 0.929999828338623 -3.0
v -11.008334279060364 0.5900001525878906 -3.0
v -11.008334279060364 0.25 -3.0
v -11.008334279060364 -0.09000015258789062 -3.0
v -9.02500069141388 0.929999828338623 -3.0
v -9.02500069141388 0.5900001525878906 -3.0
v -9.02500069141388 0.25 -3.0
v -9.02500069141388 -0.09000015258789062 -3.0
v -7.041667103767395 0.929999828338623 -3.0
v -7.041667103767395 0.5900001525878906 -3.0
v -7.041667103767395 0.25 -3.0
v -7.041667103767395 -0.09000015258789062 -3.0
v -5.058333516120911 0.929999828338623 -3.0
v -5.058333516120911 0.5900001525878906 -3.0
v -5.058333516120911 0.25 -3.0
v -5.058333516120911 -0.09000015258789062 -3.0
v -20.250000834465027 -0.75 -3.0
v -20.750000834465027 -0.75 -3.0
v -20.750000834465027 0.0 -3.0
v -20.750000834465027 0.75 -3.0
v -20.750000834465027 1.25 -3.0
v -19.750000834465027 1.25 -3.0
v -19.000000834465027 1.25 -3.0
v -18.250000834465027 1.25 -3.0
v -17.500000834465027 1.25 -3.0
v -16.750001072883606 1.25 -3.0
v -16.000001072883606 1.25 -3.0
v -15.250001072883606 1.25 -3.0
v -14.500001072883606 1.25 -3.0
v -13.750001072883606 1.25 -3.0
v -13.000001072883606 1.25 -3.0
v -12.250001072883606 1.25 -3.0
v -11.500001072883606 1.25 -3.0
v -10.750001072883606 1.25 -3.0
v -10.000001072883606 1.25 -3.0
v -9.250001072883606 1.25 -3.0
v -8.500001072883606 1.25 -3.0
v -7.750001072883606 1.25 -3.0
v -6.750001072883606 1.25 -3.0
v -5.750001072883606 1.25 -3.0
v -4.750001072883606 1.25 -3.0
v -4.000001072883606 1.25 -3.0
v -3.250001072883606 1.25 -3.0
v -3.250001072883606 0.75 -3.0
v -3.250001072883606 -0.25 -3.0
v -4.500001072883606 -0.25 -3.0
v -5.750001072883606 -0.25 -3.0
v -7.000001072883606 -0.25 -3.0
v -8.250001072883606 -0.25 -3.0
v -8.250001072883606 -0.75 -3.0
v -8.750001072883606 -0.75 -3.0
v -8.750001072883606 -0.25 -3.0
v -10.125001072883606 -0.25 -3.0
v -11.500001072883606 -0.25 -3.0
v -12.875001072883606 -0.25 -3.0
v -14.250001072883606 -0.25 -3.0
v -14.250001072883606 -0.75 -3.0
v -14.750001072883606 -0.75 -3.0
v -14.750001072883606 -0.25 -3.0
v -16.125001072883606 -0.25 -3.0
v -17.500000834465027 -0.25 -3.0
v -18.875000834465027 -0.25 -3.0
v -20.250000834465027 -0.25 -3.0
v 4.249998927116394 -1.25 -3.0
v 4.249998927116394 -0.75 -3.0
v 4.749998927116394 -0.75 -3.0
v 5.249998927116394 -0.75 -3.0
v 5.749998927116394 -0.75 -3.0
v 5.749998927116394 -1.25 -3.0
v 4.999998927116394 -1.25 -3.0
v -0.25000107288360596 -1.25 -3.0
v -0.25000107288360596 -0.75 -3.0
v 0.24999892711639404 -0.75 -3.0
v 0.749998927116394 -0.75 -3.0
v 1.249998927116394 -0.75 -3.0
v 1.249998927116394 -1.25 -3.0
v 0.49999892711639404 -1.25 -3.0
v -9.250001072883606 -1.25 -3.0
v -9.250001072883606 -0.75 -3.0
v -8.750001072883606 -0.75 -3.0
v -8.250001072883606 -0.75 -3.0
v -7.750001072883606 -0.75 -3.0
v -7.750001072883606 -1.25 -3.0
v -8.750001072883606 -1.25 -3.0
v -15.250001072883606 -1.25 -3.0
v -15.250001072883606 -0.75 -3.0
v -14.750001072883606 -0.75 -3.0
v -14.250001072883606 -0.75 -3.0
v -13.750001072883606 -0.75 -3.0
v -13.750001072883606 -1.25 -3.0
v -14.750001072883606 -1.25 -3.0
v -21.250000843778253 -1.25 -3.0
v -21.250000843778253 -0.75 -3.0
v -20.750000834465027 -0.75 -3.0
v -20.250000834465027 -0.75 -3.0
v -19.750000834465027 -0.75 -3.0
v -19.750000834465027 -1.25 -3.0
v -20.750000834465027 -1.25 -3.0
v 20.250000834465027 -5.25 -3.0
v 14.750000834465027 -5.25 -3.0
v 9.249998927116394 -5.25 -3.0
v 9.249998927116394 -0.75 -3.0
v 9.249998927116394 -0.25 -3.0
v 14.500000834465027 0.25 -3.0
v 14.500000834465027 -2.5549999475479126 -3.0
v 11.567498087882996 0.25 -3.0
v 11.567498087882996 -2.5549999475479126 -3.0
v 11.567498087882996 -1.1524999141693115 -3.0
v 10.101248621940613 -2.5549999475479126 -3.0
v 10.101248621940613 0.25 -3.0
v 10.101248621940613 -1.1524999141693115 -3.0
v 14.500000834465027 3.054999828338623 -3.0
v 11.567498087882996 3.054999828338623 -3.0
v 8.749998927116394 -0.25 -3.0
v 8.749998927116394 0.75 -3.0
v 9.249998927116394 0.75 -3.0
v 11.567498087882996 1.6525001525878906 -3.0
v 10.101248621940613 3.054999828338623 -3.0
v 10.101248621940613 1.6525001525878906 -3.0
v 9.249998927116394 5.75 -3.0
v 14.750000834465027 5.75 -3.0
v 20.250000834465027 5.75 -3.0
v 20.250000834465027 0.25 -3.0
v 8.249998927116394 -5.25 -3.0
v 5.749998927116394 -5.25 -3.0
v 3.249998927116394 -5.25 -3.0
v 3.249998927116394 -1.75 -3.0
v 3.249998927116394 -1.25 -3.0
v 5.749998927116394 -3.25 -3.0
v 5.749998927116394 -2.2300000190734863 -3.0
v 4.474999308586121 -3.25 -3.0
v 4.474999308586121 -2.2300000190734863 -3.0
v 4.249998927116394 -1.25 -3.0
v 5.749998927116394 -1.25 -3.0
v 8.249998927116394 -1.25 -3.0
v 8.249998927116394 -3.25 -3.0
v 2.249998927116394 -5.25 -3.0
v -0.25000107288360596 -5.25 -3.0
v -2.750001072883606 -5.25 -3.0
v -2.750001072883606 -1.75 -3.0
v -2.750001072883606 -1.25 -3.0
v -0.25000107288360596 -3.25 -3.0
v -0.25000107288360596 -2.2300000190734863 -3.0
v -1.5250006914138794 -3.25 -3.0
v -1.5250006914138794 -2.2300000190734863 -3.0
v -0.25000107288360596 -1.25 -3.0
v 1.249998927116394 -1.25 -3.0
v 2.249998927116394 -1.25 -3.0
v 2.249998927116394 -3.25 -3.0
v -3.750001072883606 -5.25 -3.0
v -6.250001072883606 -5.25 -3.0
v -8.750001072883606 -5.25 -3.0
v -8.750001072883606 -1.75 -3.0
v -8.750001072883606 -1.25 -3.0
v -6.250001072883606 -3.25 -3.0
v -6.250001072883606 -2.2300000190734863 -3.0
v -7.525000691413879 -3.25 -3.0
v -7.525000691413879 -2.2300000190734863 -3.0
v -7.750001072883606 -1.25 -3.0
v -5.750001072883606 -1.25 -3.0
v -3.750001072883606 -1.25 -3.0
v -3.750001072883606 -3.25 -3.0
v -9.750001072883606 -5.25 -3.0
v -12.250001072883606 -5.25 -3.0
v -14.750001072883606 -5.25 -3.0
v -14.750001072883606 -1.75 -3.0
v -14.750001072883606 -1.25 -3.0
v -12.250001072883606 -3.25 -3.0
v -12.250001072883606 -2.2300000190734863 -3.0
v -13.52500069141388 -3.25 -3.0
v -13.52500069141388 -2.2300000190734863 -3.0
v -13.750001072883606 -1.25 -3.0
v -11.750001072883606 -1.25 -3.0
v -9.750001072883606 -1.25 -3.0
v -9.750001072883606 -3.25 -3.0
v -15.750001072883606 -5.25 -3.0
v -18.250000834465027 -5.25 -3.0
v -20.750000834465027 -5.25 -3.0
v -20.750000834465027 -1.75 -3.0
v -20.750000834465027 -1.25 -3.0
v -18.250000834465027 -3.25 -3.0
v -18.250000834465027 -2.2300000190734863 -3.0
v -19.52500081062317 -3.25 -3.0
v -19.52500081062317 -2.2300000190734863 -3.0
v -19.750000834465027 -1.25 -3.0
v -17.750000834465027 -1.25 -3.0
v -15.750001072883606 -1.25 -3.0
v -15.750001072883606 -3.25 -3.0
v 20.750000834465027 -5.75 -3.0
v 18.279412150382996 -5.75 -3.0
v 15.808823466300964 -5.75 -3.0
v 13.338234782218933 -5.75 -3.0
v 10.867646098136902 -5.75 -3.0
v 8.39705741405487 -5.75 -3.0
v 5.926470637321472 -5.75 -3.0
v 3.455881953239441 -5.75 -3.0
v 0.9852932691574097 -5.75 -3.0
v -1.4852954149246216 -5.75 -3.0
v -3.955884099006653 -5.75 -3.0
v -6.426471829414368 -5.75 -3.0
v -8.897059559822083 -5.75 -3.0
v -11.367648243904114 -5.75 -3.0
v -13.838235974311829 -5.75 -3.0
v -16.3088241815567 -5.75 -3.0
v -18.779412627220154 -5.75 -3.0
v -21.250000843778253 -5.75 -3.0
v -21.250000843778253 -5.25 -3.0
v -21.250000843778253 -4.75 -3.0
v -21.250000843778253 -4.25 -3.0
v -21.250000843778253 -3.75 -3.0
v -21.250000843778253 -3.25 -3.0
v -21.250000843778253 -2.75 -3.0
v -21.250000843778253 -2.25 -3.0
v -21.250000843778253 -1.75 -3.0
v -21.250000843778253 -1.25 -3.0
v -20.750000834465027 -1.25 -3.0
v -20.750000834465027 -1.75 -3.0
v -20.750000834465027 -3.5 -3.0
v -20.750000834465027 -5.25 -3.0
v -18.250000834465027 -5.25 -3.0
v -15.750001072883606 -5.25 -3.0
v -15.750001072883606 -3.25 -3.0
v -15.750001072883606 -1.25 -3.0
v -17.750000834465027 -1.25 -3.0
v -19.750000834465027 -1.25 -3.0
v -19.750000834465027 -0.75 -3.0
v -20.250000834465027 -0.75 -3.0
v -20.250000834465027 -0.25 -3.0
v -18.416667580604553 -0.25 -3.0
v -16.5833340883255 -0.25 -3.0
v -14.750001072883606 -0.25 -3.0
v -14.750001072883606 -0.75 -3.0
v -15.250001072883606 -0.75 -3.0
v -15.250001072883606 -1.25 -3.0
v -14.750001072883606 -1.25 -3.0
v -14.750001072883606 -1.75 -3.0
v -14.750001072883606 -3.5 -3.0
v -14.750001072883606 -5.25 -3.0
v -12.250001072883606 -5.25 -3.0
v -9.750001072883606 -5.25 -3.0
v -9.750001072883606 -3.25 -3.0
v -9.750001072883606 -1.25 -3.0
v -11.750001072883606 -1.25 -3.0
v -13.750001072883606 -1.25 -3.0
v -13.750001072883606 -0.75 -3.0
v -14.250001072883606 -0.75 -3.0
v -14.250001072883606 -0.25 -3.0
v -12.416667103767395 -0.25 -3.0
v -10.5833340883255 -0.25 -3.0
v -8.750001072883606 -0.25 -3.0
v -8.750001072883606 -0.75 -3.0
v -9.250001072883606 -0.75 -3.0
v -9.250001072883606 -1.25 -3.0
v -8.750001072883606 -1.25 -3.0
v -8.750001072883606 -1.75 -3.0
v -8.750001072883606 -3.5 -3.0
v -8.750001072883606 -5.25 -3.0
v -6.250001072883606 -5.25 -3.0
v -3.750001072883606 -5.25 -3.0
v -3.750001072883606 -3.25 -3.0
v -3.750001072883606 -1.25 -3.0
v -5.750001072883606 -1.25 -3.0
v -7.750001072883606 -1.25 -3.0
v -7.750001072883606 -0.75 -3.0
v -8.250001072883606 -0.75 -3.0
v -8.250001072883606 -0.25 -3.0
v -5.750001072883606 -0.25 -3.0
v -3.250001072883606 -0.25 -3.0
v -3.250001072883606 -0.75 -3.0
v -2.750001072883606 -0.75 -3.0
v -2.750001072883606 -0.25 -3.0
v -2.250001072883606 -0.25 -3.0
v 0.24999892711639404 -0.25 -3.0
v 0.24999892711639404 -0.75 -3.0
v -0.25000107288360596 -0.75 -3.0
v -0.25000107288360596 -1.25 -3.0
v -2.750001072883606 -1.25 -3.0
v -2.750001072883606 -1.75 -3.0
v -2.750001072883606 -3.5 -3.0
v -2.750001072883606 -5.25 -3.0
v -0.25000107288360596 -5.25 -3.0
v 2.249998927116394 -5.25 -3.0
v 2.249998927116394 -3.25 -3.0
v 2.249998927116394 -1.25 -3.0
v 1.249998927116394 -1.25 -3.0
v 1.249998927116394 -0.75 -3.0
v 0.749998927116394 -0.75 -3.0
v 0.749998927116394 -0.25 -3.0
v 2.249998927116394 -0.25 -3.0
v 2.249998927116394 -0.75 -3.0
v 2.749998927116394 -0.75 -3.0
v 2.749998927116394 -0.25 -3.0
v 3.249998927116394 -0.25 -3.0
v 4.749998927116394 -0.25 -3.0
v 4.749998927116394 -0.75 -3.0
v 4.249998927116394 -0.75 -3.0
v 4.249998927116394 -1.25 -3.0
v 3.249998927116394 -1.25 -3.0
v 3.249998927116394 -1.75 -3.0
v 3.249998927116394 -3.5 -3.0
v 3.249998927116394 -5.25 -3.0
v 5.749998927116394 -5.25 -3.0
v 8.249998927116394 -5.25 -3.0
v 8.249998927116394 -3.25 -3.0
v 8.249998927116394 -1.25 -3.0
v 5.749998927116394 -1.25 -3.0
v 5.749998927116394 -0.75 -3.0
v 5.249998927116394 -0.75 -3.0
v 5.249998927116394 -0.25 -3.0
v 6.749998927116394 -0.25 -3.0
v 8.249998927116394 -0.25 -3.0
v 8.249998927116394 -0.75 -3.0
v 8.749998927116394 -0.75 -3.0
v 8.749998927116394 -0.25 -3.0
v 9.249998927116394 -0.25 -3.0
v 9.249998927116394 -0.75 -3.0
v 9.249998927116394 -3.0 -3.0
v 9.249998927116394 -5.25 -3.0
v 11.449997782707214 -5.25 -3.0
v 13.649998545646667 -5.25 -3.0
v 15.84999930858612 -5.25 -3.0
v 18.050000071525574 -5.25 -3.0
v 20.250000834465027 -5.25 -3.0
v 20.250000834465027 -3.049999952316284 -3.0
v 20.250000834465027 -0.8499999046325684 -3.0
v 20.250000834465027 1.3499999046325684 -3.0
v 20.250000834465027 3.5500001907348633 -3.0
v 20.250000834465027 5.75 -3.0
v 18.050000071525574 5.75 -3.0
v 15.84999930858612 5.75 -3.0
v 13.649998545646667 5.75 -3.0
v 11.449997782707214 5.75 -3.0
v 9.249998927116394 5.75 -3.0
v 9.249998927116394 3.25 -3.0
v 9.249998927116394 0.75 -3.0
v 8.749998927116394 0.75 -3.0
v 8.749998927116394 1.75 -3.0
v 8.249998927116394 1.75 -3.0
v 8.249998927116394 3.75 -3.0
v 8.249998927116394 5.75 -3.0
v 6.249998927116394 5.75 -3.0
v 6.249998927116394 5.25 -3.0
v 6.249998927116394 3.5 -3.0
v 6.249998927116394 1.75 -3.0
v 7.249998927116394 1.75 -3.0
v 7.249998927116394 1.25 -3.0
v 5.749998927116394 1.25 -3.0
v 5.749998927116394 1.75 -3.0
v 5.249998927116394 1.75 -3.0
v 5.249998927116394 3.75 -3.0
v 5.249998927116394 5.75 -3.0
v 3.249998927116394 5.75 -3.0
v 3.249998927116394 5.25 -3.0
v 3.249998927116394 3.5 -3.0
v 3.249998927116394 1.75 -3.0
v 4.249998927116394 1.75 -3.0
v 4.249998927116394 1.25 -3.0
v 3.249998927116394 1.25 -3.0
v 3.249998927116394 0.75 -3.0
v 2.749998927116394 0.75 -3.0
v 2.749998927116394 1.25 -3.0
v 2.249998927116394 1.25 -3.0
v 2.249998927116394 3.4166665077209473 -3.0
v 2.249998927116394 5.5833330154418945 -3.0
v 2.249998927116394 7.75 -3.0
v -0.25000107288360596 7.75 -3.0
v -2.750001072883606 7.75 -3.0
v -2.750001072883606 5.5833330154418945 -3.0
v -2.750001072883606 3.4166665077209473 -3.0
v -2.750001072883606 1.25 -3.0
v -3.250001072883606 1.25 -3.0
v -4.750001072883606 1.25 -3.0
v -4.750001072883606 1.75 -3.0
v -3.250001072883606 1.75 -3.0
v -3.250001072883606 3.75 -3.0
v -3.250001072883606 5.75 -3.0
v -5.750001072883606 5.75 -3.0
v -5.750001072883606 5.25 -3.0
v -5.750001072883606 3.5 -3.0
v -5.750001072883606 1.75 -3.0
v -6.750001072883606 1.75 -3.0
v -6.750001072883606 3.75 -3.0
v -6.750001072883606 5.75 -3.0
v -8.750001072883606 5.75 -3.0
v -8.750001072883606 5.25 -3.0
v -8.750001072883606 3.5 -3.0
v -8.750001072883606 1.75 -3.0
v -7.750001072883606 1.75 -3.0
v -7.750001072883606 1.25 -3.0
v -9.250001072883606 1.25 -3.0
v -9.250001072883606 1.75 -3.0
v -9.750001072883606 1.75 -3.0
v -9.750001072883606 3.75 -3.0
v -9.750001072883606 5.75 -3.0
v -11.750001072883606 5.75 -3.0
v -11.750001072883606 5.25 -3.0
v -11.750001072883606 3.5 -3.0
v -11.750001072883606 1.75 -3.0
v -10.750001072883606 1.75 -3.0
v -10.750001072883606 1.25 -3.0
v -12.250001072883606 1.25 -3.0
v -12.250001072883606 1.75 -3.0
v -12.750001072883606 1.75 -3.0
v -12.750001072883606 3.75 -3.0
v -12.750001072883606 5.75 -3.0
v -14.750001072883606 5.75 -3.0
v -14.750001072883606 5.25 -3.0
v -14.750001072883606 3.5 -3.0
v -14.750001072883606 1.75 -3.0
v -13.750001072883606 1.75 -3.0
v -13.750001072883606 1.25 -3.0
v -15.250001072883606 1.25 -3.0
v -15.250001072883606 1.75 -3.0
v -15.750001072883606 1.75 -3.0
v -15.750001072883606 3.75 -3.0
v -15.750001072883606 5.75 -3.0
v -17.750000834465027 5.75 -3.0
v -17.750000834465027 5.25 -3.0
v -17.750000834465027 3.5 -3.0
v -17.750000834465027 1.75 -3.0
v -16.750001072883606 1.75 -3.0
v -16.750001072883606 1.25 -3.0
v -18.250000834465027 1.25 -3.0
v -18.250000834465027 1.75 -3.0
v -18.750000834465027 1.75 -3.0
v -18.750000834465027 3.75 -3.0
v -18.750000834465027 5.75 -3.0
v -20.750000834465027 5.75 -3.0
v -20.750000834465027 5.25 -3.0
v -20.750000834465027 3.5 -3.0
v -20.750000834465027 1.75 -3.0
v -19.750000834465027 1.75 -3.0
v -19.750000834465027 1.25 -3.0
v -20.750000834465027 1.25 -3.0
v -20.750000834465027 0.75 -3.0
v -20.750000834465027 -0.75 -3.0
v -21.250000843778253 -0.75 -3.0
v -21.250000843778253 -0.25 -3.0
v -21.250000843778253 0.25 -3.0
v -21.250000843778253 0.75 -3.0
v -21.250000843778253 1.25 -3.0
v -21.250000843778253 1.75 -3.0
v -21.250000843778253 2.25 -3.0
v -21.250000843778253 2.75 -3.0
v -21.250000843778253 3.25 -3.0
v -21.250000843778253 3.75 -3.0
v -21.250000843778253 4.25 -3.0
v -21.250000843778253 4.75 -3.0
v -21.250000843778253 5.25 -3.0
v -21.250000843778253 5.75 -3.0
v -21.250000843778253 6.25 -3.0
v -21.250000843778253 6.75 -3.0
v -19.000000834465027 6.75 -3.0
v -16.750001072883606 6.75 -3.0
v -14.500001072883606 6.75 -3.0
v -12.250001072883606 6.75 -3.0
v -10.000001072883606 6.75 -3.0
v -7.750001072883606 6.75 -3.0
v -5.500001072883606 6.75 -3.0
v -3.250001072883606 6.75 -3.0
v -3.250001072883606 8.75 -3.0
v -1.083335041999817 8.75 -3.0
v 1.083332896232605 8.75 -3.0
v 3.249998927116394 8.75 -3.0
v 3.249998927116394 8.25 -3.0
v 3.249998927116394 6.75 -3.0
v 5.499998927116394 6.75 -3.0
v 7.749998927116394 6.75 -3.0
v 9.999998927116394 6.75 -3.0
v 12.250000834465027 6.75 -3.0
v 14.500000834465027 6.75 -3.0
v 16.750000834465027 6.75 -3.0
v 19.000000834465027 6.75 -3.0
v 21.250000834465027 6.75 -3.0
v 21.250000834465027 6.25 -3.0
v 21.250000834465027 3.8500003814697266 -3.0
v 21.250000834465027 1.4499998092651367 -3.0
v 21.250000834465027 -0.9500000476837158 -3.0
v 21.250000834465027 -3.350000023841858 -3.0
v 21.250000834465027 -5.75 -3.0
v -4.250001072883606 -2.75 12.5
v -4.250001072883606 -2.75 11.99999988079071
v -2.250001072883606 -2.75 11.99999988079071
v -0.25000107288360596 -2.75 11.99999988079071
v 1.749998927116394 -2.75 11.99999988079071
v 3.749998927116394 -2.75 11.99999988079071
v 4.249998927116394 -2.75 11.99999988079071
v 4.249998927116394 -2.75 12.5
v 3.749998927116394 -2.75 12.5
v 1.749998927116394 -2.75 12.5
v -0.25000107288360596 -2.75 12.5
v -2.250001072883606 -2.75 12.5
v -4.250001072883606 -4.75 11.99999988079071
v -4.250001072883606 -4.75 11.49999988079071
v -2.250001072883606 -4.75 11.49999988079071
v -0.25000107288360596 -4.75 11.49999988079071
v 1.749998927116394 -4.75 11.49999988079071
v 3.749998927116394 -4.75 11.49999988079071
v 4.249998927116394 -4.75 11.49999988079071
v 4.249998927116394 -4.75 11.99999988079071
v 3.749998927116394 -4.75 11.99999988079071
v 1.749998927116394 -4.75 11.99999988079071
v -0.25000107288360596 -4.75 11.99999988079071
v -2.250001072883606 -4.75 11.99999988079071
v 3.249998927116394 5.25 11.49999988079071
v 3.249998927116394 5.25 10.99999988079071
v 3.749998927116394 5.25 10.99999988079071
v 4.249998927116394 5.25 10.99999988079071
v 4.249998927116394 5.25 11.49999988079071
v 3.749998927116394 5.25 11.49999988079071
v -4.250001072883606 5.25 11.49999988079071
v -4.250001072883606 5.25 10.99999988079071
v -3.750001072883606 5.25 10.99999988079071
v -3.250001072883606 5.25 10.99999988079071
v -3.250001072883606 5.25 11.49999988079071
v -3.750001072883606 5.25 11.49999988079071
v 4.249998927116394 -3.25 11.49999988079071
v 4.249998927116394 -3.25 10.99999988079071
v 6.194443583488464 -3.25 10.99999988079071
v 8.138888239860535 -3.25 10.99999988079071
v 10.083332896232605 -3.25 10.99999988079071
v 12.027775645256042 -3.25 10.99999988079071
v 13.972222208976746 -3.25 10.99999988079071
v 15.916664958000183 -3.25 10.99999988079071
v 17.861111521720886 -3.25 10.99999988079071
v 19.805554270744324 -3.25 10.99999988079071
v 21.750000834465027 -3.25 10.99999988079071
v 22.250000834465027 -3.25 10.99999988079071
v 22.250000834465027 -3.25 11.49999988079071
v 21.750000834465027 -3.25 11.49999988079071
v 19.805554270744324 -3.25 11.49999988079071
v 17.861111521720886 -3.25 11.49999988079071
v 15.916664958000183 -3.25 11.49999988079071
v 13.972222208976746 -3.25 11.49999988079071
v 12.027775645256042 -3.25 11.49999988079071
v 10.083332896232605 -3.25 11.49999988079071
v 8.138888239860535 -3.25 11.49999988079071
v 6.194443583488464 -3.25 11.49999988079071
v -22.250000834465027 -3.25 11.49999988079071
v -22.250000834465027 -3.25 10.99999988079071
v -20.305556416511536 -3.25 10.99999988079071
v -18.361111998558044 -3.25 10.99999988079071
v -16.416667580604553 -3.25 10.99999988079071
v -14.472222924232483 -3.25 10.99999988079071
v -12.52777874469757 -3.25 10.99999988079071
v -10.5833340883255 -3.25 10.99999988079071
v -8.63888943195343 -3.25 10.99999988079071
v -6.694445729255676 -3.25 10.99999988079071
v -4.750001072883606 -3.25 10.99999988079071
v -4.250001072883606 -3.25 10.99999988079071
v -4.250001072883606 -3.25 11.49999988079071
v -4.750001072883606 -3.25 11.49999988079071
v -6.694445729255676 -3.25 11.49999988079071
v -8.63888943195343 -3.25 11.49999988079071
v -10.5833340883255 -3.25 11.49999988079071
v -12.52777874469757 -3.25 11.49999988079071
v -14.472222924232483 -3.25 11.49999988079071
v -16.416667580604553 -3.25 11.49999988079071
v -18.361111998558044 -3.25 11.49999988079071
v -20.305556416511536 -3.25 11.49999988079071
v -4.250001072883606 -5.75 11.49999988079071
v -4.250001072883606 -5.75 10.99999988079071
v -2.250001072883606 -5.75 10.99999988079071
v -0.25000107288360596 -5.75 10.99999988079071
v 1.749998927116394 -5.75 10.99999988079071
v 3.749998927116394 -5.75 10.99999988079071
v 4.249998927116394 -5.75 10.99999988079071
v 4.249998927116394 -5.75 11.49999988079071
v 3.749998927116394 -5.75 11.49999988079071
v 1.749998927116394 -5.75 11.49999988079071
v -0.25000107288360596 -5.75 11.49999988079071
v -2.250001072883606 -5.75 11.49999988079071
v 3.249998927116394 6.75 10.99999988079071
v 3.249998927116394 6.75 10.499999885447323
v 3.749998927116394 6.75 10.499999885447323
v 4.249998927116394 6.75 10.499999885447323
v 4.249998927116394 6.75 10.99999988079071
v 3.749998927116394 6.75 10.99999988079071
v -4.250001072883606 6.75 10.99999988079071
v -4.250001072883606 6.75 10.499999885447323
v -3.750001072883606 6.75 10.499999885447323
v -3.250001072883606 6.75 10.499999885447323
v -3.250001072883606 6.75 10.99999988079071
v -3.750001072883606 6.75 10.99999988079071
v 4.249998927116394 -4.75 10.99999988079071
v 4.249998927116394 -4.75 10.499999885447323
v 6.194443583488464 -4.75 10.499999885447323
v 8.138888239860535 -4.75 10.499999885447323
v 10.083332896232605 -4.75 10.499999885447323
v 12.027775645256042 -4.75 10.499999885447323
v 13.972222208976746 -4.75 10.499999885447323
v 15.916664958000183 -4.75 10.499999885447323
v 17.861111521720886 -4.75 10.499999885447323
v 19.805554270744324 -4.75 10.499999885447323
v 21.750000834465027 -4.75 10.499999885447323
v 22.250000834465027 -4.75 10.499999885447323
v 22.250000834465027 -4.75 10.99999988079071
v 21.750000834465027 -4.75 10.99999988079071
v 19.805554270744324 -4.75 10.99999988079071
v 17.861111521720886 -4.75 10.99999988079071
v 15.916664958000183 -4.75 10.99999988079071
v 13.972222208976746 -4.75 10.99999988079071
v 12.027775645256042 -4.75 10.99999988079071
v 10.083332896232605 -4.75 10.99999988079071
v 8.138888239860535 -4.75 10.99999988079071
v 6.194443583488464 -4.75 10.99999988079071
v -22.250000834465027 -4.75 10.99999988079071
v -22.250000834465027 -4.75 10.499999885447323
v -20.305556416511536 -4.75 10.499999885447323
v -18.361111998558044 -4.75 10.499999885447323
v -16.416667580604553 -4.75 10.499999885447323
v -14.472222924232483 -4.75 10.499999885447323
v -12.52777874469757 -4.75 10.499999885447323
v -10.5833340883255 -4.75 10.499999885447323
v -8.63888943195343 -4.75 10.499999885447323
v -6.694445729255676 -4.75 10.499999885447323
v -4.750001072883606 -4.75 10.499999885447323
v -4.250001072883606 -4.75 10.499999885447323
v -4.250001072883606 -4.75 10.99999988079071
v -4.750001072883606 -4.75 10.99999988079071
v -6.694445729255676 -4.75 10.99999988079071
v -8.63888943195343 -4.75 10.99999988079071
v -10.5833340883255 -4.75 10.99999988079071
v -12.52777874469757 -4.75 10.99999988079071
v -14.472222924232483 -4.75 10.99999988079071
v -16.416667580604553 -4.75 10.99999988079071
v -18.361111998558044 -4.75 10.99999988079071
v -20.305556416511536 -4.75 10.99999988079071
v 3.249998927116394 8.25 10.499999885447323
v 3.249998927116394 8.25 9.99999988079071
v 3.749998927116394 8.25 9.99999988079071
v 4.249998927116394 8.25 9.99999988079071
v 4.249998927116394 8.25 10.499999885447323
v 3.749998927116394 8.25 10.499999885447323
v -4.250001072883606 8.25 10.499999885447323
v -4.250001072883606 8.25 9.99999988079071
v -3.750001072883606 8.25 9.99999988079071
v -3.250001072883606 8.25 9.99999988079071
v -3.250001072883606 8.25 10.499999885447323
v -3.750001072883606 8.25 10.499999885447323
v 21.250000834465027 3.75 10.499999885447323
v 21.250000834465027 3.75 9.99999988079071
v 21.750000834465027 3.75 9.99999988079071
v 22.250000834465027 3.75 9.99999988079071
v 22.250000834465027 3.75 10.499999885447323
v 21.750000834465027 3.75 10.499999885447323
v -22.250000834465027 3.75 10.499999885447323
v -22.250000834465027 3.75 9.99999988079071
v -21.750000834465027 3.75 9.99999988079071
v -21.250000843778253 3.75 9.99999988079071
v -21.250000843778253 3.75 10.499999885447323
v -21.750000834465027 3.75 10.499999885447323
v 4.249998927116394 -5.75 10.499999885447323
v 4.249998927116394 -5.75 9.99999988079071
v 6.194443583488464 -5.75 9.99999988079071
v 8.138888239860535 -5.75 9.99999988079071
v 10.083332896232605 -5.75 9.99999988079071
v 12.027775645256042 -5.75 9.99999988079071
v 13.972222208976746 -5.75 9.99999988079071
v 15.916664958000183 -5.75 9.99999988079071
v 17.861111521720886 -5.75 9.99999988079071
v 19.805554270744324 -5.75 9.99999988079071
v 21.750000834465027 -5.75 9.99999988079071
v 22.250000834465027 -5.75 9.99999988079071
v 22.250000834465027 -5.75 10.499999885447323
v 21.750000834465027 -5.75 10.499999885447323
v 19.805554270744324 -5.75 10.499999885447323
v 17.861111521720886 -5.75 10.499999885447323
v 15.916664958000183 -5.75 10.499999885447323
v 13.972222208976746 -5.75 10.499999885447323
v 12.027775645256042 -5.75 10.499999885447323
v 10.083332896232605 -5.75 10.499999885447323
v 8.138888239860535 -5.75 10.499999885447323
v 6.194443583488464 -5.75 10.499999885447323
v -22.250000834465027 -5.75 10.499999885447323
v -22.250000834465027 -5.75 9.99999988079071
v -20.305556416511536 -5.75 9.99999988079071
v -18.361111998558044 -5.75 9.99999988079071
v -16.416667580604553 -5.75 9.99999988079071
v -14.472222924232483 -5.75 9.99999988079071
v -12.52777874469757 -5.75 9.99999988079071
v -10.5833340883255 -5.75 9.99999988079071
v -8.63888943195343 -5.75 9.99999988079071
v -6.694445729255676 -5.75 9.99999988079071
v -4.750001072883606 -5.75 9.99999988079071
v -4.250001072883606 -5.75 9.99999988079071
v -4.250001072883606 -5.75 10.499999885447323
v -4.750001072883606 -5.75 10.499999885447323
v -6.694445729255676 -5.75 10.499999885447323
v -8.63888943195343 -5.75 10.499999885447323
v -10.5833340883255 -5.75 10.499999885447323
v -12.52777874469757 -5.75 10.499999885447323
v -14.472222924232483 -5.75 10.499999885447323
v -16.416667580604553 -5.75 10.499999885447323
v -18.361111998558044 -5.75 10.499999885447323
v -20.305556416511536 -5.75 10.499999885447323
v 21.250000834465027 5.25 9.99999988079071
v 21.250000834465027 5.25 9.49999988079071
v 21.750000834465027 5.25 9.49999988079071
v 22.250000834465027 5.25 9.49999988079071
v 22.250000834465027 5.25 9.99999988079071
v 21.750000834465027 5.25 9.99999988079071
v -22.250000834465027 5.25 9.99999988079071
v -22.250000834465027 5.25 9.49999988079071
v -21.750000834465027 5.25 9.49999988079071
v -21.250000843778253 5.25 9.49999988079071
v -21.250000843778253 5.25 9.99999988079071
v -21.750000834465027 5.25 9.99999988079071
v 21.250000834465027 6.25 9.49999988079071
v 21.250000834465027 6.25 8.99999988079071
v 21.750000834465027 6.25 8.99999988079071
v 22.250000834465027 6.25 8.99999988079071
v 22.250000834465027 6.25 9.49999988079071
v 21.750000834465027 6.25 9.49999988079071
v -22.250000834465027 6.25 9.49999988079071
v -22.250000834465027 6.25 8.99999988079071
v -21.750000834465027 6.25 8.99999988079071
v -21.250000843778253 6.25 8.99999988079071
v -21.250000843778253 6.25 9.49999988079071
v -21.750000834465027 6.25 9.49999988079071
v -2.750001072883606 -5.75 9.99999988079071
v -2.750001072883606 -5.75 8.99999988079071
v -1.0728836059570312e-06 -5.75 9.49999988079071
v -0.25000107288360596 -5.75 8.99999988079071
v 2.249998927116394 -5.75 8.99999988079071
v 2.749998927116394 -5.75 8.99999988079071
v 1.4024990797042847 -5.75 9.49999988079071
v -1.0728836059570312e-06 -5.75 9.244999885559082
v 1.4024990797042847 -5.75 9.244999885559082
v 2.749998927116394 -5.75 9.99999988079071
v -1.0728836059570312e-06 -5.75 9.99999988079071
v -2.750001072883606 -6.75 8.99999988079071
v -2.750001072883606 -6.25 8.99999988079071
v -2.750001072883606 -5.75 8.99999988079071
v -2.750001072883606 -5.75 9.49999988079071
v -2.750001072883606 -5.75 9.99999988079071
v -2.750001072883606 -6.25 9.99999988079071
v -2.750001072883606 -6.75 9.99999988079071
v -2.750001072883606 -6.75 9.49999988079071
v 2.749998927116394 -6.75 8.99999988079071
v 2.749998927116394 -6.75 9.49999988079071
v 2.749998927116394 -6.75 9.99999988079071
v 2.749998927116394 -6.25 9.99999988079071
v 2.749998927116394 -5.75 9.99999988079071
v 2.749998927116394 -5.75 9.49999988079071
v 2.749998927116394 -5.75 8.99999988079071
v 2.749998927116394 -6.25 8.99999988079071
v -22.250000834465027 -6.75 9.49999988079071
v -22.250000834465027 -6.75 8.99999988079071
v -19.858125805854797 -6.75 9.489999890327454
v -19.858125805854797 -6.75 9.744999885559082
v -21.276563342660666 -6.75 9.489999890327454
v -21.276563342660666 -6.75 9.744999885559082
v -19.858125805854797 -6.75 9.234999895095825
v -21.276563342660666 -6.75 9.234999895095825
v -18.450000882148743 -6.75 8.99999988079071
v -14.65000069141388 -6.75 8.99999988079071
v -10.850000500679016 -6.75 8.99999988079071
v -7.050001263618469 -6.75 8.99999988079071
v -3.250001072883606 -6.75 8.99999988079071
v -2.750001072883606 -6.75 8.99999988079071
v -5.673750996589661 -6.75 9.489999890327454
v -4.255313038825989 -6.75 9.489999890327454
v -5.673750996589661 -6.75 9.234999895095825
v -4.255313038825989 -6.75 9.234999895095825
v -2.750001072883606 -6.75 9.99999988079071
v -1.0728836059570312e-06 -6.75 9.99999988079071
v 2.749998927116394 -6.75 9.99999988079071
v 2.749998927116394 -6.75 9.49999988079071
v 2.749998927116394 -6.75 8.99999988079071
v 6.6499985456466675 -6.75 8.99999988079071
v 10.550000071525574 -6.75 8.99999988079071
v 14.449997782707214 -6.75 8.99999988079071
v 18.34999930858612 -6.75 8.99999988079071
v 22.250000834465027 -6.75 8.99999988079071
v 19.858124613761902 -6.75 9.489999890327454
v 22.250000834465027 -6.75 9.99999988079071
v 19.858124613761902 -6.75 9.744999885559082
v 21.276562571525574 -6.75 9.489999890327454
v 21.276562571525574 -6.75 9.744999885559082
v 21.750000834465027 -6.75 9.99999988079071
v 18.250000834465027 -6.75 9.99999988079071
v 14.750000834465027 -6.75 9.99999988079071
v 11.250000834465027 -6.75 9.99999988079071
v 7.749998927116394 -6.75 9.99999988079071
v 4.249998927116394 -6.75 9.99999988079071
v 4.249998927116394 -6.75 10.99999988079071
v 3.749998927116394 -6.75 10.99999988079071
v -0.25000107288360596 -6.75 10.99999988079071
v -4.250001072883606 -6.75 10.99999988079071
v -4.250001072883606 -6.75 10.499999885447323
v -4.250001072883606 -6.75 9.99999988079071
v -4.750001072883606 -6.75 9.99999988079071
v -8.250001072883606 -6.75 9.99999988079071
v -11.750001072883606 -6.75 9.99999988079071
v -15.250001072883606 -6.75 9.99999988079071
v -18.750000834465027 -6.75 9.99999988079071
v -22.250000834465027 -6.75 9.99999988079071
v -21.250000843778253 -5.75 8.49999988079071
v -21.250000843778253 -5.75 7.0
v -16.315000653266907 -5.75 8.0
v -14.3333340883255 -5.75 7.0
v -7.416667103767395 -5.75 7.0
v -0.500001072883606 -5.75 7.0
v 6.416664958000183 -5.75 7.0
v 13.333332896232605 -5.75 7.0
v 20.250000834465027 -5.75 7.0
v 20.750000834465027 -5.75 7.0
v 10.459999918937683 -5.75 8.0
v 15.814999461174011 -5.75 8.0
v 18.492497324943542 -5.75 8.0
v 15.814999461174011 -5.75 7.489999771118164
v 18.492497324943542 -5.75 7.489999771118164
v 19.831250071525574 -5.75 7.489999771118164
v 18.492497324943542 -5.75 7.234999895095825
v 19.831250071525574 -5.75 7.234999895095825
v 20.750000834465027 -5.75 8.99999988079071
v 14.750000834465027 -5.75 8.99999988079071
v 8.749998927116394 -5.75 8.99999988079071
v 2.749998927116394 -5.75 8.99999988079071
v 2.249998927116394 -5.75 8.99999988079071
v -0.25000107288360596 -5.75 8.0
v 5.104998469352722 -5.75 8.0
v 5.104998469352722 -5.75 8.509999871253967
v -0.25000107288360596 -5.75 8.509999871253967
v 2.427498698234558 -5.75 8.0
v 2.427498698234558 -5.75 8.509999871253967
v -5.605000615119934 -5.75 8.0
v 5.104998469352722 -5.75 8.764999866485596
v 2.427498698234558 -5.75 8.764999866485596
v 3.7662495374679565 -5.75 8.509999871253967
v 3.7662495374679565 -5.75 8.764999866485596
v 10.459999918937683 -5.75 8.509999871253967
v 7.782498240470886 -5.75 8.0
v 7.782498240470886 -5.75 8.509999871253967
v -0.25000107288360596 -5.75 8.764999866485596
v 1.0887497663497925 -5.75 8.509999871253967
v 1.0887497663497925 -5.75 8.764999866485596
v -5.605000615119934 -5.75 8.509999871253967
v -2.92750084400177 -5.75 8.0
v -2.92750084400177 -5.75 8.509999871253967
v -2.750001072883606 -5.75 8.99999988079071
v -8.916667103767395 -5.75 8.99999988079071
v -15.0833340883255 -5.75 8.99999988079071
v -21.250000843778253 -5.75 8.99999988079071
v -16.315000653266907 -5.75 8.509999871253967
v -18.99250090122223 -5.75 8.0
v -18.99250090122223 -5.75 8.509999871253967
v -18.99250090122223 -5.75 8.764999866485596
v -20.331250846385956 -5.75 8.509999871253967
v -20.331250846385956 -5.75 8.764999866485596
v -18.99250090122223 -5.75 8.254999876022339
v -20.331250846385956 -5.75 8.0
v -20.331250846385956 -5.75 8.254999876022339
v -16.315000653266907 -5.75 7.489999771118164
v -18.99250090122223 -5.75 7.489999771118164
v -21.250000843778253 -5.75 5.5
v -21.250000843778253 -5.75 4.0
v -16.315000653266907 -5.75 5.0
v -14.3333340883255 -5.75 4.0
v -7.416667103767395 -5.75 4.0
v -0.500001072883606 -5.75 4.0
v 6.416664958000183 -5.75 4.0
v 13.333332896232605 -5.75 4.0
v 20.250000834465027 -5.75 4.0
v 20.750000834465027 -5.75 4.0
v 15.814999461174011 -5.75 5.0
v 18.492497324943542 -5.75 5.0
v 15.814999461174011 -5.75 4.489999771118164
v 18.492497324943542 -5.75 4.489999771118164
v 19.831250071525574 -5.75 4.489999771118164
v 18.492497324943542 -5.75 4.234999656677246
v 19.831250071525574 -5.75 4.234999656677246
v 20.750000834465027 -5.75 6.0
v 13.750000834465027 -5.75 6.0
v 6.749998927116394 -5.75 6.0
v -0.25000107288360596 -5.75 6.0
v -7.250001072883606 -5.75 6.0
v -14.250001072883606 -5.75 6.0
v -21.250000843778253 -5.75 6.0
v -16.315000653266907 -5.75 5.509999752044678
v -18.99250090122223 -5.75 5.0
v -18.99250090122223 -5.75 5.509999752044678
v -18.99250090122223 -5.75 5.764999866485596
v -20.331250846385956 -5.75 5.509999752044678
v -20.331250846385956 -5.75 5.764999866485596
v -18.99250090122223 -5.75 5.255000114440918
v -20.331250846385956 -5.75 5.0
v -20.331250846385956 -5.75 5.255000114440918
v -16.315000653266907 -5.75 4.489999771118164
v -18.99250090122223 -5.75 4.489999771118164
v -3.750001072883606 -9.75 3.5
v -3.750001072883606 -9.75 3.0
v -2.000001072883606 -9.75 3.0
v -0.25000107288360596 -9.75 3.0
v 1.499998927116394 -9.75 3.0
v 3.249998927116394 -9.75 3.0
v 3.749998927116394 -9.75 3.0
v 3.749998927116394 -9.75 3.5
v 3.249998927116394 -9.75 3.5
v 1.499998927116394 -9.75 3.5
v -0.25000107288360596 -9.75 3.5
v -2.000001072883606 -9.75 3.5
v 3.249998927116394 -5.75 3.0
v 3.249998927116394 -5.75 1.0
v 7.537499308586121 -5.75 2.0
v 8.916664958000183 -5.75 1.0
v 14.583332896232605 -5.75 1.0
v 20.250000834465027 -5.75 1.0
v 20.750000834465027 -5.75 1.0
v 16.462498545646667 -5.75 2.0
v 18.69374930858612 -5.75 2.0
v 16.462498545646667 -5.75 1.489999771118164
v 18.69374930858612 -5.75 1.489999771118164
v 19.809372782707214 -5.75 1.489999771118164
v 18.69374930858612 -5.75 1.234999656677246
v 19.809372782707214 -5.75 1.234999656677246
v 20.750000834465027 -5.75 3.0
v 15.083332896232605 -5.75 3.0
v 9.416664958000183 -5.75 3.0
v 3.749998927116394 -5.75 3.0
v 7.537499308586121 -5.75 2.5099997520446777
v 5.3062485456466675 -5.75 2.0
v 5.3062485456466675 -5.75 2.5099997520446777
v 5.3062485456466675 -5.75 2.7649998664855957
v 4.190625071525574 -5.75 2.5099997520446777
v 4.190625071525574 -5.75 2.7649998664855957
v -21.250000843778253 -5.75 2.5
v -21.250000843778253 -5.75 1.0
v -16.84000074863434 -5.75 2.0
v -15.416667580604553 -5.75 1.0
v -9.5833340883255 -5.75 1.0
v -3.750001072883606 -5.75 1.0
v -3.250001072883606 -5.75 1.0
v -7.660000920295715 -5.75 2.0
v -5.36500084400177 -5.75 2.0
v -7.660000920295715 -5.75 1.489999771118164
v -5.36500084400177 -5.75 1.489999771118164
v -4.217501759529114 -5.75 1.489999771118164
v -5.36500084400177 -5.75 1.234999656677246
v -4.217501759529114 -5.75 1.234999656677246
v -3.250001072883606 -5.75 3.0
v -3.750001072883606 -5.75 3.0
v -7.660000920295715 -5.75 2.5099997520446777
v -5.36500084400177 -5.75 2.5099997520446777
v -5.36500084400177 -5.75 2.7649998664855957
v -4.217501759529114 -5.75 2.5099997520446777
v -4.217501759529114 -5.75 2.7649998664855957
v -9.5833340883255 -5.75 3.0
v -15.416667580604553 -5.75 3.0
v -21.250000843778253 -5.75 3.0
v -16.84000074863434 -5.75 2.5099997520446777
v -19.135000824928284 -5.75 2.0
v -19.135000824928284 -5.75 2.5099997520446777
v -19.135000824928284 -5.75 2.7649998664855957
v -20.282500863075256 -5.75 2.5099997520446777
v -20.282500863075256 -5.75 2.7649998664855957
v -19.135000824928284 -5.75 2.255000114440918
v -20.282500863075256 -5.75 2.0
v -20.282500863075256 -5.75 2.255000114440918
v -16.84000074863434 -5.75 1.489999771118164
v -19.135000824928284 -5.75 1.489999771118164
v 1.249998927116394 -7.75 2.5
v 1.249998927116394 -7.75 1.5
v 1.249998927116394 -7.75 0.5
v 1.749998927116394 -7.75 0.5
v 2.249998927116394 -7.75 0.5
v 2.249998927116394 -7.75 1.5
v 2.249998927116394 -7.75 2.5
v -2.750001072883606 -7.75 2.5
v -2.750001072883606 -7.75 1.5
v -2.750001072883606 -7.75 0.5
v -1.750001072883606 -7.75 0.5
v -1.250001072883606 -7.75 0.5
v -1.250001072883606 -7.75 1.5
v -1.250001072883606 -7.75 2.5
v -3.250001072883606 -7.75 2.5
v -3.250001072883606 -7.75 0.5
v -2.750001072883606 -7.75 0.5
v -2.750001072883606 -7.75 2.5
v -1.250001072883606 -7.75 2.5
v 1.249998927116394 -7.75 2.5
v 2.249998927116394 -7.75 2.5
v 2.249998927116394 -7.75 0.5
v 3.249998927116394 -7.75 0.5
v 3.249998927116394 -7.75 3.0
v -1.0728836059570312e-06 -7.75 3.0
v -3.250001072883606 -7.75 3.0
v 0.749998927116394 -8.25 2.5
v 1.249998927116394 -8.25 2.5
v 0.749998927116394 -8.25 0.5
v 1.249998927116394 -8.25 0.5
v -1.250001072883606 -8.75 2.0
v -1.250001072883606 -8.75 0.5
v 0.24999892711639404 -8.75 0.5
v 0.749998927116394 -8.75 0.5
v 0.749998927116394 -8.75 1.5
v 0.749998927116394 -8.75 2.5
v 0.24999892711639404 -8.75 2.5
v -1.250001072883606 -8.75 2.5
v -3.250001072883606 -9.25 0.5
v -3.250001072883606 -9.25 0.0
v -1.750001072883606 -9.25 0.0
v -0.25000107288360596 -9.25 0.0
v 1.249998927116394 -9.25 0.0
v 2.749998927116394 -9.25 0.0
v 3.249998927116394 -9.25 0.0
v 3.249998927116394 -9.25 0.5
v 2.749998927116394 -9.25 0.5
v 1.249998927116394 -9.25 0.5
v -0.25000107288360596 -9.25 0.5
v -1.750001072883606 -9.25 0.5
v 5.749998927116394 -5.75 -0.5
v 5.749998927116394 -5.75 -2.0
v 9.425000071525574 -5.75 -1.0
v 10.583332896232605 -5.75 -2.0
v 15.416664958000183 -5.75 -2.0
v 20.250000834465027 -5.75 -2.0
v 20.750000834465027 -5.75 -2.0
v 17.074997782707214 -5.75 -1.0
v 18.987500071525574 -5.75 -1.0
v 17.074997782707214 -5.75 -1.510000228881836
v 18.987500071525574 -5.75 -1.510000228881836
v 20.750000834465027 -5.75 0.0
v 15.750000834465027 -5.75 0.0
v 10.749998927116394 -5.75 0.0
v 5.749998927116394 -5.75 0.0
v 9.425000071525574 -5.75 -0.48999977111816406
v 7.512499690055847 -5.75 -1.0
v 7.512499690055847 -5.75 -0.48999977111816406
v -21.250000843778253 -5.75 -0.5
v -21.250000843778253 -5.75 -2.0
v -17.575000882148743 -5.75 -1.0
v -16.416667580604553 -5.75 -2.0
v -11.5833340883255 -5.75 -2.0
v -6.750001072883606 -5.75 -2.0
v -6.250001072883606 -5.75 -2.0
v -9.92500126361847 -5.75 -1.0
v -8.012500882148743 -5.75 -1.0
v -9.92500126361847 -5.75 -1.510000228881836
v -8.012500882148743 -5.75 -1.510000228881836
v -6.250001072883606 -5.75 0.0
v -11.250001072883606 -5.75 0.0
v -16.250001072883606 -5.75 0.0
v -21.250000843778253 -5.75 0.0
v -17.575000882148743 -5.75 -0.48999977111816406
v -19.48750078678131 -5.75 -1.0
v -19.48750078678131 -5.75 -0.48999977111816406
v -3.750001072883606 -9.75 3.5
v -3.750001072883606 -8.583333492279053 3.5
v -3.750001072883606 -7.416666746139526 3.5
v -3.750001072883606 -6.25 3.5
v -3.750001072883606 -5.75 3.5
v -3.750001072883606 -5.75 3.0
v -3.750001072883606 -6.25 3.0
v -3.750001072883606 -7.416666746139526 3.0
v -3.750001072883606 -8.583333492279053 3.0
v -3.750001072883606 -9.75 3.0
v 3.749998927116394 -9.75 3.0
v 3.749998927116394 -8.583333492279053 3.0
v 3.749998927116394 -7.416666746139526 3.0
v 3.749998927116394 -6.25 3.0
v 3.749998927116394 -5.75 3.0
v 3.749998927116394 -5.75 3.5
v 3.749998927116394 -7.083333253860474 3.5
v 3.749998927116394 -8.416666746139526 3.5
v 3.749998927116394 -9.75 3.5
v -3.750001072883606 -9.75 3.5
v -0.25000107288360596 -9.75 3.5
v 3.249998927116394 -9.75 3.5
v 3.749998927116394 -9.75 3.5
v -1.0728836059570312e-06 -7.75 3.5
v 1.9124993085861206 -7.75 3.5
v -1.0728836059570312e-06 -8.769999980926514 3.5
v 1.9124993085861206 -8.769999980926514 3.5
v 2.8687485456466675 -8.769999980926514 3.5
v 1.9124993085861206 -9.28000020980835 3.5
v 2.8687485456466675 -9.28000020980835 3.5
v 3.749998927116394 -5.75 3.5
v -1.0728836059570312e-06 -5.75 3.5
v -3.750001072883606 -5.75 3.5
v -3.750001072883606 -6.25 3.5
v -1.0728836059570312e-06 -6.730000019073486 3.5
v -1.9125014543533325 -7.75 3.5
v -1.9125014543533325 -6.730000019073486 3.5
v -1.9125014543533325 -6.2200000286102295 3.5
v -2.8687506914138794 -6.730000019073486 3.5
v -2.8687506914138794 -6.2200000286102295 3.5
v -1.250001072883606 -7.75 0.5
v -1.250001072883606 -8.75 0.5
v -1.250001072883606 -8.75 2.0
v -1.250001072883606 -8.75 2.5
v -1.250001072883606 -7.75 2.5
v -1.250001072883606 -7.75 1.5
v -3.250001072883606 -7.25 0.0
v -3.250001072883606 -7.25 1.0
v -3.250001072883606 -7.25 2.0
v -3.250001072883606 -7.25 2.5
v -3.250001072883606 -6.25 2.5
v -3.250001072883606 -6.25 1.25
v -3.250001072883606 -6.25 0.0
v -3.250001072883606 -6.75 0.0
v -3.250001072883606 -7.75 0.0
v -3.250001072883606 -7.75 0.5
v -3.250001072883606 -7.75 2.5
v -3.250001072883606 -7.75 3.0
v -3.250001072883606 -5.75 3.0
v -3.250001072883606 -5.75 1.0
v -3.250001072883606 -5.75 0.0
v -3.250001072883606 -6.25 0.0
v -3.250001072883606 -6.25 1.25
v -3.250001072883606 -6.25 2.5
v -3.250001072883606 -7.25 2.5
v -3.250001072883606 -7.25 2.0
v -3.250001072883606 -7.25 0.0
v -3.250001072883606 -9.25 0.5
v -3.250001072883606 -8.25 0.5
v -3.250001072883606 -7.75 0.5
v -3.250001072883606 -7.75 0.0
v -3.250001072883606 -8.25 0.0
v -3.250001072883606 -9.25 0.0
v 1.249998927116394 -8.25 0.5
v 1.249998927116394 -8.25 2.5
v 1.249998927116394 -7.75 0.5
v 1.249998927116394 -7.75 2.5
v 3.249998927116394 -7.75 0.5
v 3.249998927116394 -7.75 0.0
v 3.249998927116394 -6.25 0.0
v 3.249998927116394 -5.75 0.0
v 3.249998927116394 -5.75 1.0
v 3.249998927116394 -5.75 3.0
v 3.249998927116394 -7.75 3.0
v 3.249998927116394 -7.75 1.75
v 3.249998927116394 -9.25 0.0
v 3.249998927116394 -8.25 0.0
v 3.249998927116394 -7.75 0.0
v 3.249998927116394 -7.75 0.5
v 3.249998927116394 -8.5 0.5
v 3.249998927116394 -9.25 0.5
v -3.250001072883606 -9.25 0.5
v -2.050000309944153 -9.25 0.5
v -0.8500014543533325 -9.25 0.5
v 0.3499993085861206 -9.25 0.5
v 1.5500000715255737 -9.25 0.5
v 2.749998927116394 -9.25 0.5
v 3.249998927116394 -9.25 0.5
v 3.249998927116394 -8.5 0.5
v 3.249998927116394 -7.75 0.5
v 2.249998927116394 -7.75 0.5
v 1.749998927116394 -7.75 0.5
v 1.249998927116394 -7.75 0.5
v 1.249998927116394 -8.25 0.5
v 0.749998927116394 -8.25 0.5
v 0.749998927116394 -8.75 0.5
v 0.24999892711639404 -8.75 0.5
v -0.500001072883606 -8.75 0.5
v -1.250001072883606 -8.75 0.5
v -1.250001072883606 -7.75 0.5
v -1.750001072883606 -7.75 0.5
v -2.750001072883606 -7.75 0.5
v -3.250001072883606 -7.75 0.5
v -3.250001072883606 -8.25 0.5
v 0.749998927116394 -8.75 0.5
v 0.749998927116394 -8.75 2.5
v 0.749998927116394 -8.25 0.5
v 0.749998927116394 -8.25 2.5
v -1.250001072883606 -8.75 2.5
v 0.24999892711639404 -8.75 2.5
v 0.749998927116394 -8.75 2.5
v 0.749998927116394 -8.25 2.5
v 1.249998927116394 -8.25 2.5
v 1.249998927116394 -7.75 2.5
v -1.0728836059570312e-06 -7.75 2.5
v -1.250001072883606 -7.75 2.5
v -3.0964289903640747 -5.75 -1.3714284896850586
v 3.096426844596863 -5.75 -1.3714284896850586
v -21.250000843778253 -5.75 -2.5
v -21.250000843778253 -5.75 -3.0
v -18.578572154045105 -5.75 -2.2457141876220703
v -18.578572154045105 -5.75 -2.6828575134277344
v -20.126786589622498 -5.75 -2.2457141876220703
v -20.126786589622498 -5.75 -2.6828575134277344
v -17.05000078678131 -5.75 -3.0
v -12.850000500679016 -5.75 -3.0
v -8.65000069141388 -5.75 -3.0
v -4.449999928474426 -5.75 -3.0
v -0.25000107288360596 -5.75 -3.0
v 3.949999690055847 -5.75 -3.0
v 8.149998545646667 -5.75 -3.0
v 12.34999930858612 -5.75 -3.0
v 16.550000071525574 -5.75 -3.0
v 20.750000834465027 -5.75 -3.0
v 21.250000834465027 -5.75 -3.0
v 18.578572154045105 -5.75 -2.2457141876220703
v 20.12678611278534 -5.75 -2.2457141876220703
v 18.578572154045105 -5.75 -2.6828575134277344
v 20.12678611278534 -5.75 -2.6828575134277344
v 21.250000834465027 -5.75 1.0
v 21.250000834465027 -5.75 5.0
v 21.250000834465027 -5.75 8.99999988079071
v 20.750000834465027 -5.75 8.99999988079071
v 20.750000834465027 -5.75 7.0
v 20.250000834465027 -5.75 7.0
v 18.578572154045105 -5.75 6.497142791748047
v 18.578572154045105 -5.75 6.934285640716553
v 20.12678611278534 -5.75 6.497142791748047
v 15.638886332511902 -5.75 7.0
v 11.027775645256042 -5.75 7.0
v 6.416664958000183 -5.75 7.0
v 1.8055542707443237 -5.75 7.0
v -2.8055564165115356 -5.75 7.0
v -7.416667103767395 -5.75 7.0
v -12.02777874469757 -5.75 7.0
v -16.63888990879059 -5.75 7.0
v -21.250000843778253 -5.75 7.0
v -21.250000843778253 -5.75 6.5
v -18.578572154045105 -5.75 6.497142791748047
v -18.578572154045105 -5.75 6.934285640716553
v -20.126786589622498 -5.75 6.497142791748047
v -20.126786589622498 -5.75 6.934285640716553
v -21.250000843778253 -5.75 6.0
v -18.578572154045105 -5.75 6.059999942779541
v -20.126786589622498 -5.75 6.059999942779541
v -18.578572154045105 -5.75 3.8742856979370117
v -17.05000078678131 -5.75 6.0
v -12.850000500679016 -5.75 6.0
v -8.65000069141388 -5.75 6.0
v -4.449999928474426 -5.75 6.0
v -0.25000107288360596 -5.75 6.0
v 3.949999690055847 -5.75 6.0
v 8.149998545646667 -5.75 6.0
v 12.34999930858612 -5.75 6.0
v 16.550000071525574 -5.75 6.0
v 20.750000834465027 -5.75 6.0
v 20.750000834465027 -5.75 4.0
v 20.250000834465027 -5.75 4.0
v 15.638886332511902 -5.75 4.0
v 11.027775645256042 -5.75 4.0
v 6.416664958000183 -5.75 4.0
v 1.8055542707443237 -5.75 4.0
v -2.8055564165115356 -5.75 4.0
v -7.416667103767395 -5.75 4.0
v -12.02777874469757 -5.75 4.0
v -16.63888990879059 -5.75 4.0
v -21.250000843778253 -5.75 4.0
v -21.250000843778253 -5.75 3.5
v -20.126786589622498 -5.75 3.8742856979370117
v -18.578572154045105 -5.75 3.437142848968506
v -20.126786589622498 -5.75 3.437142848968506
v -21.250000843778253 -5.75 3.0
v -16.875001072883606 -5.75 3.0
v -12.500001072883606 -5.75 3.0
v -8.125001072883606 -5.75 3.0
v -3.750001072883606 -5.75 3.0
v -3.750001072883606 -5.75 3.5
v -6.19285786151886 -5.75 3.8742856979370117
v -4.644642949104309 -5.75 3.8742856979370117
v -6.19285786151886 -5.75 3.437142848968506
v -4.644642949104309 -5.75 3.437142848968506
v -1.0728836059570312e-06 -5.75 3.5
v 3.749998927116394 -5.75 3.5
v 3.749998927116394 -5.75 3.0
v 6.192856669425964 -5.75 3.437142848968506
v 4.64464271068573 -5.75 3.8742856979370117
v 4.64464271068573 -5.75 3.437142848968506
v 7.999998927116394 -5.75 3.0
v 12.250000834465027 -5.75 3.0
v 16.500000834465027 -5.75 3.0
v 20.750000834465027 -5.75 3.0
v 20.750000834465027 -5.75 1.0
v 20.250000834465027 -5.75 1.0
v 18.578572154045105 -5.75 0.37714290618896484
v 18.578572154045105 -5.75 0.8142852783203125
v 20.12678611278534 -5.75 0.37714290618896484
v 20.12678611278534 -5.75 0.8142852783203125
v 16.000000834465027 -5.75 1.0
v 11.750000834465027 -5.75 1.0
v 7.499998927116394 -5.75 1.0
v 3.249998927116394 -5.75 1.0
v 3.249998927116394 -5.75 0.0
v 3.096426844596863 -5.75 -0.4971427917480469
v 2.249998927116394 -5.75 0.0
v -3.0964289903640747 -5.75 -0.4971427917480469
v -1.0728836059570312e-06 -5.75 -1.3714284896850586
v -1.0728836059570312e-06 -5.75 -0.4971427917480469
v -0.25000107288360596 -5.75 0.0
v -2.750001072883606 -5.75 0.0
v -3.250001072883606 -5.75 0.0
v -1.5482150316238403 -5.75 -0.4971427917480469
v -1.5482150316238403 -5.75 -0.06000041961669922
v -6.19285786151886 -5.75 0.37714290618896484
v -6.19285786151886 -5.75 -1.3714284896850586
v -6.19285786151886 -5.75 -0.4971427917480469
v -4.644642949104309 -5.75 0.37714290618896484
v -4.644642949104309 -5.75 -0.4971427917480469
v -4.644642949104309 -5.75 -0.06000041961669922
v -3.250001072883606 -5.75 1.0
v -3.750001072883606 -5.75 1.0
v -6.19285786151886 -5.75 0.8142852783203125
v -4.644642949104309 -5.75 0.8142852783203125
v -8.125001072883606 -5.75 1.0
v -12.500001072883606 -5.75 1.0
v -16.875001072883606 -5.75 1.0
v -21.250000843778253 -5.75 1.0
v -21.250000843778253 -5.75 0.5
v -18.578572154045105 -5.75 0.37714290618896484
v -18.578572154045105 -5.75 0.8142852783203125
v -20.126786589622498 -5.75 0.37714290618896484
v -20.126786589622498 -5.75 0.8142852783203125
v -21.250000843778253 -5.75 0.0
v -17.500000834465027 -5.75 0.0
v -13.750001072883606 -5.75 0.0
v -10.000001072883606 -5.75 0.0
v -6.250001072883606 -5.75 0.0
v -6.250001072883606 -5.75 -2.0
v -6.750001072883606 -5.75 -2.0
v -3.0964289903640747 -5.75 -2.2457141876220703
v -10.375001072883606 -5.75 -2.0
v -14.000001072883606 -5.75 -2.0
v -17.625000834465027 -5.75 -2.0
v -21.250000843778253 -5.75 -2.0
v 5.749998927116394 -5.75 -2.0
v 5.749998927116394 -5.75 -0.5
v 5.749998927116394 -5.75 0.0
v 4.64464271068573 -5.75 -0.4971427917480469
v 3.096426844596863 -5.75 -0.9342861175537109
v 4.64464271068573 -5.75 -1.3714284896850586
v 4.64464271068573 -5.75 -0.9342861175537109
v 4.64464271068573 -5.75 -0.06000041961669922
v 9.499998927116394 -5.75 0.0
v 13.250000834465027 -5.75 0.0
v 17.000000834465027 -5.75 0.0
v 20.750000834465027 -5.75 0.0
v 20.750000834465027 -5.75 -2.0
v 20.250000834465027 -5.75 -2.0
v 16.625000834465027 -5.75 -2.0
v 13.000000834465027 -5.75 -2.0
v 9.374998927116394 -5.75 -2.0
v -9.289286732673645 -5.75 0.37714290618896484
v -9.289286732673645 -5.75 3.8742856979370117
v 9.289284586906433 -5.75 0.37714290618896484
v -4.250001072883606 5.25 11.99999988079071
v -4.250001072883606 5.25 12.5
v -2.250001072883606 5.25 12.5
v -0.25000107288360596 5.25 12.5
v 1.749998927116394 5.25 12.5
v 3.749998927116394 5.25 12.5
v 4.249998927116394 5.25 12.5
v 4.249998927116394 5.25 11.99999988079071
v 3.749998927116394 5.25 11.99999988079071
v 1.749998927116394 5.25 11.99999988079071
v -0.25000107288360596 5.25 11.99999988079071
v -2.250001072883606 5.25 11.99999988079071
v -4.250001072883606 7.25 11.49999988079071
v -4.250001072883606 7.25 11.99999988079071
v -2.250001072883606 7.25 11.99999988079071
v -0.25000107288360596 7.25 11.99999988079071
v 1.749998927116394 7.25 11.99999988079071
v 3.749998927116394 7.25 11.99999988079071
v 4.249998927116394 7.25 11.99999988079071
v 4.249998927116394 7.25 11.49999988079071
v 3.749998927116394 7.25 11.49999988079071
v 1.749998927116394 7.25 11.49999988079071
v -0.25000107288360596 7.25 11.49999988079071
v -2.250001072883606 7.25 11.49999988079071
v -4.250001072883606 8.25 10.99999988079071
v -4.250001072883606 8.25 11.49999988079071
v -2.250001072883606 8.25 11.49999988079071
v -0.25000107288360596 8.25 11.49999988079071
v 1.749998927116394 8.25 11.49999988079071
v 3.749998927116394 8.25 11.49999988079071
v 4.249998927116394 8.25 11.49999988079071
v 4.249998927116394 8.25 10.99999988079071
v 3.749998927116394 8.25 10.99999988079071
v 1.749998927116394 8.25 10.99999988079071
v -0.25000107288360596 8.25 10.99999988079071
v -2.250001072883606 8.25 10.99999988079071
v 3.249998927116394 3.75 10.99999988079071
v 3.249998927116394 3.75 11.49999988079071
v 4.249998927116394 3.75 11.49999988079071
v 6.194443583488464 3.75 11.49999988079071
v 8.138888239860535 3.75 11.49999988079071
v 10.083332896232605 3.75 11.49999988079071
v 12.027775645256042 3.75 11.49999988079071
v 13.972222208976746 3.75 11.49999988079071
v 15.916664958000183 3.75 11.49999988079071
v 17.861111521720886 3.75 11.49999988079071
v 19.805554270744324 3.75 11.49999988079071
v 21.750000834465027 3.75 11.49999988079071
v 22.250000834465027 3.75 11.49999988079071
v 22.250000834465027 3.75 10.99999988079071
v 21.750000834465027 3.75 10.99999988079071
v 19.694443583488464 3.75 10.99999988079071
v 17.638886332511902 3.75 10.99999988079071
v 15.583332896232605 3.75 10.99999988079071
v 13.527775645256042 3.75 10.99999988079071
v 11.472222208976746 3.75 10.99999988079071
v 9.416664958000183 3.75 10.99999988079071
v 7.361109614372253 3.75 10.99999988079071
v 5.305554270744324 3.75 10.99999988079071
v -22.250000834465027 3.75 10.99999988079071
v -22.250000834465027 3.75 11.49999988079071
v -20.250000834465027 3.75 11.49999988079071
v -18.250000834465027 3.75 11.49999988079071
v -16.250001072883606 3.75 11.49999988079071
v -14.250001072883606 3.75 11.49999988079071
v -12.250001072883606 3.75 11.49999988079071
v -10.250001072883606 3.75 11.49999988079071
v -8.250001072883606 3.75 11.49999988079071
v -6.250001072883606 3.75 11.49999988079071
v -4.250001072883606 3.75 11.49999988079071
v -3.750001072883606 3.75 11.49999988079071
v -3.250001072883606 3.75 11.49999988079071
v -3.250001072883606 3.75 10.99999988079071
v -3.750001072883606 3.75 10.99999988079071
v -5.805556416511536 3.75 10.99999988079071
v -7.861111760139465 3.75 10.99999988079071
v -9.916667103767395 3.75 10.99999988079071
v -11.972223401069641 3.75 10.99999988079071
v -14.02777874469757 3.75 10.99999988079071
v -16.0833340883255 3.75 10.99999988079071
v -18.13888967037201 3.75 10.99999988079071
v -20.194445252418518 3.75 10.99999988079071
v 3.249998927116394 5.25 10.499999885447323
v 5.305554270744324 5.25 10.499999885447323
v 7.361109614372253 5.25 10.499999885447323
v 9.416664958000183 5.25 10.499999885447323
v 11.472222208976746 5.25 10.499999885447323
v 13.527775645256042 5.25 10.499999885447323
v 15.583332896232605 5.25 10.499999885447323
v 17.638886332511902 5.25 10.499999885447323
v 19.694443583488464 5.25 10.499999885447323
v 21.750000834465027 5.25 10.499999885447323
v 22.250000834465027 5.25 10.499999885447323
v 22.250000834465027 5.25 10.99999988079071
v 21.750000834465027 5.25 10.99999988079071
v 19.805554270744324 5.25 10.99999988079071
v 17.861111521720886 5.25 10.99999988079071
v 15.916664958000183 5.25 10.99999988079071
v 13.972222208976746 5.25 10.99999988079071
v 12.027775645256042 5.25 10.99999988079071
v 10.083332896232605 5.25 10.99999988079071
v 8.138888239860535 5.25 10.99999988079071
v 6.194443583488464 5.25 10.99999988079071
v 4.249998927116394 5.25 10.99999988079071
v 3.749998927116394 5.25 10.99999988079071
v 3.249998927116394 5.25 10.99999988079071
v -22.250000834465027 5.25 10.499999885447323
v -20.194445252418518 5.25 10.499999885447323
v -18.13888967037201 5.25 10.499999885447323
v -16.0833340883255 5.25 10.499999885447323
v -14.02777874469757 5.25 10.499999885447323
v -11.972223401069641 5.25 10.499999885447323
v -9.916667103767395 5.25 10.499999885447323
v -7.861111760139465 5.25 10.499999885447323
v -5.805556416511536 5.25 10.499999885447323
v -3.750001072883606 5.25 10.499999885447323
v -3.250001072883606 5.25 10.499999885447323
v -3.250001072883606 5.25 10.99999988079071
v -3.750001072883606 5.25 10.99999988079071
v -4.250001072883606 5.25 10.99999988079071
v -6.250001072883606 5.25 10.99999988079071
v -8.250001072883606 5.25 10.99999988079071
v -10.250001072883606 5.25 10.99999988079071
v -12.250001072883606 5.25 10.99999988079071
v -14.250001072883606 5.25 10.99999988079071
v -16.250001072883606 5.25 10.99999988079071
v -18.250000834465027 5.25 10.99999988079071
v -20.250000834465027 5.25 10.99999988079071
v -22.250000834465027 5.25 10.99999988079071
v -4.250001072883606 9.75 9.99999988079071
v -4.250001072883606 9.75 10.499999885447323
v -2.167500615119934 9.75 10.499999885447323
v -2.167500615119934 9.75 10.244999885559082
v -3.251250386238098 9.75 10.499999885447323
v -3.251250386238098 9.75 10.244999885559082
v -4.250001072883606 9.75 10.99999988079071
v -2.167500615119934 9.75 10.754999876022339
v -3.251250386238098 9.75 10.754999876022339
v -1.416667103767395 9.75 10.99999988079071
v 1.416664958000183 9.75 10.99999988079071
v 4.249998927116394 9.75 10.99999988079071
v 4.249998927116394 9.75 9.99999988079071
v 1.416664958000183 9.75 9.99999988079071
v -1.416667103767395 9.75 9.99999988079071
v 3.249998927116394 6.25 9.99999988079071
v 3.249998927116394 6.25 10.499999885447323
v 5.305554270744324 6.25 10.499999885447323
v 7.361109614372253 6.25 10.499999885447323
v 9.416664958000183 6.25 10.499999885447323
v 11.472222208976746 6.25 10.499999885447323
v 13.527775645256042 6.25 10.499999885447323
v 15.583332896232605 6.25 10.499999885447323
v 17.638886332511902 6.25 10.499999885447323
v 19.694443583488464 6.25 10.499999885447323
v 21.750000834465027 6.25 10.499999885447323
v 22.250000834465027 6.25 10.499999885447323
v 22.250000834465027 6.25 9.99999988079071
v 21.750000834465027 6.25 9.99999988079071
v 19.694443583488464 6.25 9.99999988079071
v 17.638886332511902 6.25 9.99999988079071
v 15.583332896232605 6.25 9.99999988079071
v 13.527775645256042 6.25 9.99999988079071
v 11.472222208976746 6.25 9.99999988079071
v 9.416664958000183 6.25 9.99999988079071
v 7.361109614372253 6.25 9.99999988079071
v 5.305554270744324 6.25 9.99999988079071
v -22.250000834465027 6.25 9.99999988079071
v -22.250000834465027 6.25 10.499999885447323
v -20.194445252418518 6.25 10.499999885447323
v -18.13888967037201 6.25 10.499999885447323
v -16.0833340883255 6.25 10.499999885447323
v -14.02777874469757 6.25 10.499999885447323
v -11.972223401069641 6.25 10.499999885447323
v -9.916667103767395 6.25 10.499999885447323
v -7.861111760139465 6.25 10.499999885447323
v -5.805556416511536 6.25 10.499999885447323
v -3.750001072883606 6.25 10.499999885447323
v -3.250001072883606 6.25 10.499999885447323
v -3.250001072883606 6.25 9.99999988079071
v -3.750001072883606 6.25 9.99999988079071
v -5.805556416511536 6.25 9.99999988079071
v -7.861111760139465 6.25 9.99999988079071
v -9.916667103767395 6.25 9.99999988079071
v -11.972223401069641 6.25 9.99999988079071
v -14.02777874469757 6.25 9.99999988079071
v -16.0833340883255 6.25 9.99999988079071
v -18.13888967037201 6.25 9.99999988079071
v -20.194445252418518 6.25 9.99999988079071
v 21.250000834465027 -3.25 9.99999988079071
v 21.250000834465027 -3.25 10.499999885447323
v 21.750000834465027 -3.25 10.499999885447323
v 22.250000834465027 -3.25 10.499999885447323
v 22.250000834465027 -3.25 9.99999988079071
v 21.750000834465027 -3.25 9.99999988079071
v -22.250000834465027 -3.25 9.99999988079071
v -22.250000834465027 -3.25 10.499999885447323
v -21.750000834465027 -3.25 10.499999885447323
v -21.250000843778253 -3.25 10.499999885447323
v -21.250000843778253 -3.25 9.99999988079071
v -21.750000834465027 -3.25 9.99999988079071
v 21.250000834465027 -4.75 9.49999988079071
v 21.250000834465027 -4.75 9.99999988079071
v 21.750000834465027 -4.75 9.99999988079071
v 22.250000834465027 -4.75 9.99999988079071
v 22.250000834465027 -4.75 9.49999988079071
v 21.750000834465027 -4.75 9.49999988079071
v -22.250000834465027 -4.75 9.49999988079071
v -22.250000834465027 -4.75 9.99999988079071
v -21.750000834465027 -4.75 9.99999988079071
v -21.250000843778253 -4.75 9.99999988079071
v -21.250000843778253 -4.75 9.49999988079071
v -21.750000834465027 -4.75 9.49999988079071
v 3.249998927116394 7.75 8.99999988079071
v 3.249998927116394 7.75 9.49999988079071
v 5.482499003410339 7.75 9.49999988079071
v 5.482499003410339 7.75 9.244999885559082
v 4.271248698234558 7.75 9.49999988079071
v 4.271248698234558 7.75 9.244999885559082
v 3.249998927116394 7.75 9.99999988079071
v 5.482499003410339 7.75 9.754999876022339
v 4.271248698234558 7.75 9.754999876022339
v 6.416664958000183 7.75 9.99999988079071
v 9.583332896232605 7.75 9.99999988079071
v 12.750000834465027 7.75 9.99999988079071
v 15.916664958000183 7.75 9.99999988079071
v 19.083332896232605 7.75 9.99999988079071
v 22.250000834465027 7.75 9.99999988079071
v 22.250000834465027 7.75 8.99999988079071
v 19.083332896232605 7.75 8.99999988079071
v 15.916664958000183 7.75 8.99999988079071
v 12.750000834465027 7.75 8.99999988079071
v 9.583332896232605 7.75 8.99999988079071
v 6.416664958000183 7.75 8.99999988079071
v -22.250000834465027 7.75 8.99999988079071
v -22.250000834465027 7.75 9.49999988079071
v -20.01750087738037 7.75 9.49999988079071
v -20.01750087738037 7.75 9.244999885559082
v -21.228750843554735 7.75 9.49999988079071
v -21.228750843554735 7.75 9.244999885559082
v -22.250000834465027 7.75 9.99999988079071
v -20.01750087738037 7.75 9.754999876022339
v -21.228750843554735 7.75 9.754999876022339
v -19.0833340883255 7.75 9.99999988079071
v -15.916667580604553 7.75 9.99999988079071
v -12.750001072883606 7.75 9.99999988079071
v -9.5833340883255 7.75 9.99999988079071
v -6.416667103767395 7.75 9.99999988079071
v -3.250001072883606 7.75 9.99999988079071
v -3.250001072883606 7.75 8.99999988079071
v -6.416667103767395 7.75 8.99999988079071
v -9.5833340883255 7.75 8.99999988079071
v -12.750001072883606 7.75 8.99999988079071
v -15.916667580604553 7.75 8.99999988079071
v -19.0833340883255 7.75 8.99999988079071
v 21.250000834465027 -5.75 8.99999988079071
v 21.250000834465027 -5.75 9.49999988079071
v 21.750000834465027 -5.75 9.49999988079071
v 22.250000834465027 -5.75 9.49999988079071
v 22.250000834465027 -5.75 8.99999988079071
v 21.750000834465027 -5.75 8.99999988079071
v -22.250000834465027 -5.75 8.99999988079071
v -22.250000834465027 -5.75 9.49999988079071
v -21.750000834465027 -5.75 9.49999988079071
v -21.250000843778253 -5.75 9.49999988079071
v -21.250000843778253 -5.75 8.99999988079071
v -21.750000834465027 -5.75 8.99999988079071
v 20.250000834465027 6.25 7.5
v 19.750000834465027 6.25 7.5
v 19.750000834465027 6.25 8.0
v 19.750000834465027 6.25 8.49999988079071
v 20.250000834465027 6.25 8.49999988079071
v 20.250000834465027 6.25 8.0
v 18.750000834465027 6.25 7.5
v 18.250000834465027 6.25 7.5
v 18.250000834465027 6.25 8.0
v 18.250000834465027 6.25 8.49999988079071
v 18.750000834465027 6.25 8.49999988079071
v 18.750000834465027 6.25 8.0
v 17.250000834465027 6.25 7.5
v 16.750000834465027 6.25 7.5
v 16.750000834465027 6.25 8.0
v 16.750000834465027 6.25 8.49999988079071
v 17.250000834465027 6.25 8.49999988079071
v 17.250000834465027 6.25 8.0
v 15.750000834465027 6.25 7.5
v 15.250000834465027 6.25 7.5
v 15.250000834465027 6.25 8.0
v 15.250000834465027 6.25 8.49999988079071
v 15.750000834465027 6.25 8.49999988079071
v 15.750000834465027 6.25 8.0
v 14.250000834465027 6.25 7.5
v 13.750000834465027 6.25 7.5
v 13.750000834465027 6.25 8.0
v 13.750000834465027 6.25 8.49999988079071
v 14.250000834465027 6.25 8.49999988079071
v 14.250000834465027 6.25 8.0
v 12.750000834465027 6.25 7.5
v 12.250000834465027 6.25 7.5
v 12.250000834465027 6.25 8.0
v 12.250000834465027 6.25 8.49999988079071
v 12.750000834465027 6.25 8.49999988079071
v 12.750000834465027 6.25 8.0
v 11.250000834465027 6.25 7.5
v 10.749998927116394 6.25 7.5
v 10.749998927116394 6.25 8.0
v 10.749998927116394 6.25 8.49999988079071
v 11.250000834465027 6.25 8.49999988079071
v 11.250000834465027 6.25 8.0
v 9.749998927116394 6.25 7.5
v 9.249998927116394 6.25 7.5
v 9.249998927116394 6.25 8.0
v 9.249998927116394 6.25 8.49999988079071
v 9.749998927116394 6.25 8.49999988079071
v 9.749998927116394 6.25 8.0
v 8.249998927116394 6.25 7.5
v 7.749998927116394 6.25 7.5
v 7.749998927116394 6.25 8.0
v 7.749998927116394 6.25 8.49999988079071
v 8.249998927116394 6.25 8.49999988079071
v 8.249998927116394 6.25 8.0
v 6.749998927116394 6.25 7.5
v 6.249998927116394 6.25 7.5
v 6.249998927116394 6.25 8.0
v 6.249998927116394 6.25 8.49999988079071
v 6.749998927116394 6.25 8.49999988079071
v 6.749998927116394 6.25 8.0
v 5.249998927116394 6.25 7.5
v 4.749998927116394 6.25 7.5
v 4.749998927116394 6.25 8.0
v 4.749998927116394 6.25 8.49999988079071
v 5.249998927116394 6.25 8.49999988079071
v 5.249998927116394 6.25 8.0
v 3.749998927116394 6.25 7.5
v 3.249998927116394 6.25 7.5
v 3.249998927116394 6.25 8.0
v 3.249998927116394 6.25 8.49999988079071
v 3.749998927116394 6.25 8.49999988079071
v 3.749998927116394 6.25 8.0
v -3.750001072883606 6.25 7.5
v -4.250001072883606 6.25 7.5
v -4.250001072883606 6.25 8.0
v -4.250001072883606 6.25 8.49999988079071
v -3.750001072883606 6.25 8.49999988079071
v -3.750001072883606 6.25 8.0
v -5.250001072883606 6.25 7.5
v -5.750001072883606 6.25 7.5
v -5.750001072883606 6.25 8.0
v -5.750001072883606 6.25 8.49999988079071
v -5.250001072883606 6.25 8.49999988079071
v -5.250001072883606 6.25 8.0
v -6.750001072883606 6.25 7.5
v -7.250001072883606 6.25 7.5
v -7.250001072883606 6.25 8.0
v -7.250001072883606 6.25 8.49999988079071
v -6.750001072883606 6.25 8.49999988079071
v -6.750001072883606 6.25 8.0
v -8.250001072883606 6.25 7.5
v -8.750001072883606 6.25 7.5
v -8.750001072883606 6.25 8.0
v -8.750001072883606 6.25 8.49999988079071
v -8.250001072883606 6.25 8.49999988079071
v -8.250001072883606 6.25 8.0
v -9.750001072883606 6.25 7.5
v -10.250001072883606 6.25 7.5
v -10.250001072883606 6.25 8.0
v -10.250001072883606 6.25 8.49999988079071
v -9.750001072883606 6.25 8.49999988079071
v -9.750001072883606 6.25 8.0
v -11.250001072883606 6.25 7.5
v -11.750001072883606 6.25 7.5
v -11.750001072883606 6.25 8.0
v -11.750001072883606 6.25 8.49999988079071
v -11.250001072883606 6.25 8.49999988079071
v -11.250001072883606 6.25 8.0
v -12.750001072883606 6.25 7.5
v -13.250001072883606 6.25 7.5
v -13.250001072883606 6.25 8.0
v -13.250001072883606 6.25 8.49999988079071
v -12.750001072883606 6.25 8.49999988079071
v -12.750001072883606 6.25 8.0
v -14.250001072883606 6.25 7.5
v -14.750001072883606 6.25 7.5
v -14.750001072883606 6.25 8.0
v -14.750001072883606 6.25 8.49999988079071
v -14.250001072883606 6.25 8.49999988079071
v -14.250001072883606 6.25 8.0
v -15.750001072883606 6.25 7.5
v -16.250001072883606 6.25 7.5
v -16.250001072883606 6.25 8.0
v -16.250001072883606 6.25 8.49999988079071
v -15.750001072883606 6.25 8.49999988079071
v -15.750001072883606 6.25 8.0
v -17.250000834465027 6.25 7.5
v -17.750000834465027 6.25 7.5
v -17.750000834465027 6.25 8.0
v -17.750000834465027 6.25 8.49999988079071
v -17.250000834465027 6.25 8.49999988079071
v -17.250000834465027 6.25 8.0
v -18.750000834465027 6.25 7.5
v -19.250000834465027 6.25 7.5
v -19.250000834465027 6.25 8.0
v -19.250000834465027 6.25 8.49999988079071
v -18.750000834465027 6.25 8.49999988079071
v -18.750000834465027 6.25 8.0
v -20.250000834465027 6.25 7.5
v -20.750000834465027 6.25 7.5
v -20.750000834465027 6.25 8.0
v -20.750000834465027 6.25 8.49999988079071
v -20.250000834465027 6.25 8.49999988079071
v -20.250000834465027 6.25 8.0
v 20.250000834465027 6.25 4.5
v 19.750000834465027 6.25 4.5
v 19.750000834465027 6.25 5.0
v 19.750000834465027 6.25 5.5
v 20.250000834465027 6.25 5.5
v 20.250000834465027 6.25 5.0
v 18.750000834465027 6.25 4.5
v 18.250000834465027 6.25 4.5
v 18.250000834465027 6.25 5.0
v 18.250000834465027 6.25 5.5
v 18.750000834465027 6.25 5.5
v 18.750000834465027 6.25 5.0
v 17.250000834465027 6.25 4.5
v 16.750000834465027 6.25 4.5
v 16.750000834465027 6.25 5.0
v 16.750000834465027 6.25 5.5
v 17.250000834465027 6.25 5.5
v 17.250000834465027 6.25 5.0
v 15.750000834465027 6.25 4.5
v 15.250000834465027 6.25 4.5
v 15.250000834465027 6.25 5.0
v 15.250000834465027 6.25 5.5
v 15.750000834465027 6.25 5.5
v 15.750000834465027 6.25 5.0
v 14.250000834465027 6.25 4.5
v 13.750000834465027 6.25 4.5
v 13.750000834465027 6.25 5.0
v 13.750000834465027 6.25 5.5
v 14.250000834465027 6.25 5.5
v 14.250000834465027 6.25 5.0
v 12.750000834465027 6.25 4.5
v 12.250000834465027 6.25 4.5
v 12.250000834465027 6.25 5.0
v 12.250000834465027 6.25 5.5
v 12.750000834465027 6.25 5.5
v 12.750000834465027 6.25 5.0
v 11.250000834465027 6.25 4.5
v 10.749998927116394 6.25 4.5
v 10.749998927116394 6.25 5.0
v 10.749998927116394 6.25 5.5
v 11.250000834465027 6.25 5.5
v 11.250000834465027 6.25 5.0
v 9.749998927116394 6.25 4.5
v 9.249998927116394 6.25 4.5
v 9.249998927116394 6.25 5.0
v 9.249998927116394 6.25 5.5
v 9.749998927116394 6.25 5.5
v 9.749998927116394 6.25 5.0
v 8.249998927116394 6.25 4.5
v 7.749998927116394 6.25 4.5
v 7.749998927116394 6.25 5.0
v 7.749998927116394 6.25 5.5
v 8.249998927116394 6.25 5.5
v 8.249998927116394 6.25 5.0
v 6.749998927116394 6.25 4.5
v 6.249998927116394 6.25 4.5
v 6.249998927116394 6.25 5.0
v 6.249998927116394 6.25 5.5
v 6.749998927116394 6.25 5.5
v 6.749998927116394 6.25 5.0
v 5.249998927116394 6.25 4.5
v 4.749998927116394 6.25 4.5
v 4.749998927116394 6.25 5.0
v 4.749998927116394 6.25 5.5
v 5.249998927116394 6.25 5.5
v 5.249998927116394 6.25 5.0
v 3.749998927116394 6.25 4.5
v 3.249998927116394 6.25 4.5
v 3.249998927116394 6.25 5.0
v 3.249998927116394 6.25 5.5
v 3.749998927116394 6.25 5.5
v 3.749998927116394 6.25 5.0
v -3.750001072883606 6.25 4.5
v -4.250001072883606 6.25 4.5
v -4.250001072883606 6.25 5.0
v -4.250001072883606 6.25 5.5
v -3.750001072883606 6.25 5.5
v -3.750001072883606 6.25 5.0
v -5.250001072883606 6.25 4.5
v -5.750001072883606 6.25 4.5
v -5.750001072883606 6.25 5.0
v -5.750001072883606 6.25 5.5
v -5.250001072883606 6.25 5.5
v -5.250001072883606 6.25 5.0
v -6.750001072883606 6.25 4.5
v -7.250001072883606 6.25 4.5
v -7.250001072883606 6.25 5.0
v -7.250001072883606 6.25 5.5
v -6.750001072883606 6.25 5.5
v -6.750001072883606 6.25 5.0
v -8.250001072883606 6.25 4.5
v -8.750001072883606 6.25 4.5
v -8.750001072883606 6.25 5.0
v -8.750001072883606 6.25 5.5
v -8.250001072883606 6.25 5.5
v -8.250001072883606 6.25 5.0
v -9.750001072883606 6.25 4.5
v -10.250001072883606 6.25 4.5
v -10.250001072883606 6.25 5.0
v -10.250001072883606 6.25 5.5
v -9.750001072883606 6.25 5.5
v -9.750001072883606 6.25 5.0
v -11.250001072883606 6.25 4.5
v -11.750001072883606 6.25 4.5
v -11.750001072883606 6.25 5.0
v -11.750001072883606 6.25 5.5
v -11.250001072883606 6.25 5.5
v -11.250001072883606 6.25 5.0
v -12.750001072883606 6.25 4.5
v -13.250001072883606 6.25 4.5
v -13.250001072883606 6.25 5.0
v -13.250001072883606 6.25 5.5
v -12.750001072883606 6.25 5.5
v -12.750001072883606 6.25 5.0
v -14.250001072883606 6.25 4.5
v -14.750001072883606 6.25 4.5
v -14.750001072883606 6.25 5.0
v -14.750001072883606 6.25 5.5
v -14.250001072883606 6.25 5.5
v -14.250001072883606 6.25 5.0
v -15.750001072883606 6.25 4.5
v -16.250001072883606 6.25 4.5
v -16.250001072883606 6.25 5.0
v -16.250001072883606 6.25 5.5
v -15.750001072883606 6.25 5.5
v -15.750001072883606 6.25 5.0
v -17.250000834465027 6.25 4.5
v -17.750000834465027 6.25 4.5
v -17.750000834465027 6.25 5.0
v -17.750000834465027 6.25 5.5
v -17.250000834465027 6.25 5.5
v -17.250000834465027 6.25 5.0
v -18.750000834465027 6.25 4.5
v -19.250000834465027 6.25 4.5
v -19.250000834465027 6.25 5.0
v -19.250000834465027 6.25 5.5
v -18.750000834465027 6.25 5.5
v -18.750000834465027 6.25 5.0
v -20.250000834465027 6.25 4.5
v -20.750000834465027 6.25 4.5
v -20.750000834465027 6.25 5.0
v -20.750000834465027 6.25 5.5
v -20.250000834465027 6.25 5.5
v -20.250000834465027 6.25 5.0
v 20.250000834465027 6.25 1.5
v 19.750000834465027 6.25 1.5
v 19.750000834465027 6.25 2.0
v 19.750000834465027 6.25 2.5
v 20.250000834465027 6.25 2.5
v 20.250000834465027 6.25 2.0
v 18.750000834465027 6.25 1.5
v 18.250000834465027 6.25 1.5
v 18.250000834465027 6.25 2.0
v 18.250000834465027 6.25 2.5
v 18.750000834465027 6.25 2.5
v 18.750000834465027 6.25 2.0
v 17.250000834465027 6.25 1.5
v 16.750000834465027 6.25 1.5
v 16.750000834465027 6.25 2.0
v 16.750000834465027 6.25 2.5
v 17.250000834465027 6.25 2.5
v 17.250000834465027 6.25 2.0
v 15.750000834465027 6.25 1.5
v 15.250000834465027 6.25 1.5
v 15.250000834465027 6.25 2.0
v 15.250000834465027 6.25 2.5
v 15.750000834465027 6.25 2.5
v 15.750000834465027 6.25 2.0
v 14.250000834465027 6.25 1.5
v 13.750000834465027 6.25 1.5
v 13.750000834465027 6.25 2.0
v 13.750000834465027 6.25 2.5
v 14.250000834465027 6.25 2.5
v 14.250000834465027 6.25 2.0
v 12.750000834465027 6.25 1.5
v 12.250000834465027 6.25 1.5
v 12.250000834465027 6.25 2.0
v 12.250000834465027 6.25 2.5
v 12.750000834465027 6.25 2.5
v 12.750000834465027 6.25 2.0
v 11.250000834465027 6.25 1.5
v 10.749998927116394 6.25 1.5
v 10.749998927116394 6.25 2.0
v 10.749998927116394 6.25 2.5
v 11.250000834465027 6.25 2.5
v 11.250000834465027 6.25 2.0
v 9.749998927116394 6.25 1.5
v 9.249998927116394 6.25 1.5
v 9.249998927116394 6.25 2.0
v 9.249998927116394 6.25 2.5
v 9.749998927116394 6.25 2.5
v 9.749998927116394 6.25 2.0
v 8.249998927116394 6.25 1.5
v 7.749998927116394 6.25 1.5
v 7.749998927116394 6.25 2.0
v 7.749998927116394 6.25 2.5
v 8.249998927116394 6.25 2.5
v 8.249998927116394 6.25 2.0
v 6.749998927116394 6.25 1.5
v 6.249998927116394 6.25 1.5
v 6.249998927116394 6.25 2.0
v 6.249998927116394 6.25 2.5
v 6.749998927116394 6.25 2.5
v 6.749998927116394 6.25 2.0
v 5.249998927116394 6.25 1.5
v 4.749998927116394 6.25 1.5
v 4.749998927116394 6.25 2.0
v 4.749998927116394 6.25 2.5
v 5.249998927116394 6.25 2.5
v 5.249998927116394 6.25 2.0
v 3.749998927116394 6.25 1.5
v 3.249998927116394 6.25 1.5
v 3.249998927116394 6.25 2.0
v 3.249998927116394 6.25 2.5
v 3.749998927116394 6.25 2.5
v 3.749998927116394 6.25 2.0
v -3.750001072883606 6.25 1.5
v -4.250001072883606 6.25 1.5
v -4.250001072883606 6.25 2.0
v -4.250001072883606 6.25 2.5
v -3.750001072883606 6.25 2.5
v -3.750001072883606 6.25 2.0
v -5.250001072883606 6.25 1.5
v -5.750001072883606 6.25 1.5
v -5.750001072883606 6.25 2.0
v -5.750001072883606 6.25 2.5
v -5.250001072883606 6.25 2.5
v -5.250001072883606 6.25 2.0
v -6.750001072883606 6.25 1.5
v -7.250001072883606 6.25 1.5
v -7.250001072883606 6.25 2.0
v -7.250001072883606 6.25 2.5
v -6.750001072883606 6.25 2.5
v -6.750001072883606 6.25 2.0
v -8.250001072883606 6.25 1.5
v -8.750001072883606 6.25 1.5
v -8.750001072883606 6.25 2.0
v -8.750001072883606 6.25 2.5
v -8.250001072883606 6.25 2.5
v -8.250001072883606 6.25 2.0
v -9.750001072883606 6.25 1.5
v -10.250001072883606 6.25 1.5
v -10.250001072883606 6.25 2.0
v -10.250001072883606 6.25 2.5
v -9.750001072883606 6.25 2.5
v -9.750001072883606 6.25 2.0
v -11.250001072883606 6.25 1.5
v -11.750001072883606 6.25 1.5
v -11.750001072883606 6.25 2.0
v -11.750001072883606 6.25 2.5
v -11.250001072883606 6.25 2.5
v -11.250001072883606 6.25 2.0
v -12.750001072883606 6.25 1.5
v -13.250001072883606 6.25 1.5
v -13.250001072883606 6.25 2.0
v -13.250001072883606 6.25 2.5
v -12.750001072883606 6.25 2.5
v -12.750001072883606 6.25 2.0
v -14.250001072883606 6.25 1.5
v -14.750001072883606 6.25 1.5
v -14.750001072883606 6.25 2.0
v -14.750001072883606 6.25 2.5
v -14.250001072883606 6.25 2.5
v -14.250001072883606 6.25 2.0
v -15.750001072883606 6.25 1.5
v -16.250001072883606 6.25 1.5
v -16.250001072883606 6.25 2.0
v -16.250001072883606 6.25 2.5
v -15.750001072883606 6.25 2.5
v -15.750001072883606 6.25 2.0
v -17.250000834465027 6.25 1.5
v -17.750000834465027 6.25 1.5
v -17.750000834465027 6.25 2.0
v -17.750000834465027 6.25 2.5
v -17.250000834465027 6.25 2.5
v -17.250000834465027 6.25 2.0
v -18.750000834465027 6.25 1.5
v -19.250000834465027 6.25 1.5
v -19.250000834465027 6.25 2.0
v -19.250000834465027 6.25 2.5
v -18.750000834465027 6.25 2.5
v -18.750000834465027 6.25 2.0
v -20.250000834465027 6.25 1.5
v -20.750000834465027 6.25 1.5
v -20.750000834465027 6.25 2.0
v -20.750000834465027 6.25 2.5
v -20.250000834465027 6.25 2.5
v -20.250000834465027 6.25 2.0
v 20.250000834465027 6.25 -1.5
v 19.750000834465027 6.25 -1.5
v 19.750000834465027 6.25 -1.0
v 19.750000834465027 6.25 -0.5
v 20.250000834465027 6.25 -0.5
v 20.250000834465027 6.25 -1.0
v 18.750000834465027 6.25 -1.5
v 18.250000834465027 6.25 -1.5
v 18.250000834465027 6.25 -1.0
v 18.250000834465027 6.25 -0.5
v 18.750000834465027 6.25 -0.5
v 18.750000834465027 6.25 -1.0
v 17.250000834465027 6.25 -1.5
v 16.750000834465027 6.25 -1.5
v 16.750000834465027 6.25 -1.0
v 16.750000834465027 6.25 -0.5
v 17.250000834465027 6.25 -0.5
v 17.250000834465027 6.25 -1.0
v 15.750000834465027 6.25 -1.5
v 15.250000834465027 6.25 -1.5
v 15.250000834465027 6.25 -1.0
v 15.250000834465027 6.25 -0.5
v 15.750000834465027 6.25 -0.5
v 15.750000834465027 6.25 -1.0
v 14.250000834465027 6.25 -1.5
v 13.750000834465027 6.25 -1.5
v 13.750000834465027 6.25 -1.0
v 13.750000834465027 6.25 -0.5
v 14.250000834465027 6.25 -0.5
v 14.250000834465027 6.25 -1.0
v 12.750000834465027 6.25 -1.5
v 12.250000834465027 6.25 -1.5
v 12.250000834465027 6.25 -1.0
v 12.250000834465027 6.25 -0.5
v 12.750000834465027 6.25 -0.5
v 12.750000834465027 6.25 -1.0
v 11.250000834465027 6.25 -1.5
v 10.749998927116394 6.25 -1.5
v 10.749998927116394 6.25 -1.0
v 10.749998927116394 6.25 -0.5
v 11.250000834465027 6.25 -0.5
v 11.250000834465027 6.25 -1.0
v 9.749998927116394 6.25 -1.5
v 9.249998927116394 6.25 -1.5
v 9.249998927116394 6.25 -1.0
v 9.249998927116394 6.25 -0.5
v 9.749998927116394 6.25 -0.5
v 9.749998927116394 6.25 -1.0
v 8.249998927116394 6.25 -1.5
v 7.749998927116394 6.25 -1.5
v 7.749998927116394 6.25 -1.0
v 7.749998927116394 6.25 -0.5
v 8.249998927116394 6.25 -0.5
v 8.249998927116394 6.25 -1.0
v 6.749998927116394 6.25 -1.5
v 6.249998927116394 6.25 -1.5
v 6.249998927116394 6.25 -1.0
v 6.249998927116394 6.25 -0.5
v 6.749998927116394 6.25 -0.5
v 6.749998927116394 6.25 -1.0
v 5.249998927116394 6.25 -1.5
v 4.749998927116394 6.25 -1.5
v 4.749998927116394 6.25 -1.0
v 4.749998927116394 6.25 -0.5
v 5.249998927116394 6.25 -0.5
v 5.249998927116394 6.25 -1.0
v 3.749998927116394 6.25 -1.5
v 3.249998927116394 6.25 -1.5
v 3.249998927116394 6.25 -1.0
v 3.249998927116394 6.25 -0.5
v 3.749998927116394 6.25 -0.5
v 3.749998927116394 6.25 -1.0
v -3.750001072883606 6.25 -1.5
v -4.250001072883606 6.25 -1.5
v -4.250001072883606 6.25 -1.0
v -4.250001072883606 6.25 -0.5
v -3.750001072883606 6.25 -0.5
v -3.750001072883606 6.25 -1.0
v -5.250001072883606 6.25 -1.5
v -5.750001072883606 6.25 -1.5
v -5.750001072883606 6.25 -1.0
v -5.750001072883606 6.25 -0.5
v -5.250001072883606 6.25 -0.5
v -5.250001072883606 6.25 -1.0
v -6.750001072883606 6.25 -1.5
v -7.250001072883606 6.25 -1.5
v -7.250001072883606 6.25 -1.0
v -7.250001072883606 6.25 -0.5
v -6.750001072883606 6.25 -0.5
v -6.750001072883606 6.25 -1.0
v -8.250001072883606 6.25 -1.5
v -8.750001072883606 6.25 -1.5
v -8.750001072883606 6.25 -1.0
v -8.750001072883606 6.25 -0.5
v -8.250001072883606 6.25 -0.5
v -8.250001072883606 6.25 -1.0
v -9.750001072883606 6.25 -1.5
v -10.250001072883606 6.25 -1.5
v -10.250001072883606 6.25 -1.0
v -10.250001072883606 6.25 -0.5
v -9.750001072883606 6.25 -0.5
v -9.750001072883606 6.25 -1.0
v -11.250001072883606 6.25 -1.5
v -11.750001072883606 6.25 -1.5
v -11.750001072883606 6.25 -1.0
v -11.750001072883606 6.25 -0.5
v -11.250001072883606 6.25 -0.5
v -11.250001072883606 6.25 -1.0
v -12.750001072883606 6.25 -1.5
v -13.250001072883606 6.25 -1.5
v -13.250001072883606 6.25 -1.0
v -13.250001072883606 6.25 -0.5
v -12.750001072883606 6.25 -0.5
v -12.750001072883606 6.25 -1.0
v -14.250001072883606 6.25 -1.5
v -14.750001072883606 6.25 -1.5
v -14.750001072883606 6.25 -1.0
v -14.750001072883606 6.25 -0.5
v -14.250001072883606 6.25 -0.5
v -14.250001072883606 6.25 -1.0
v -15.750001072883606 6.25 -1.5
v -16.250001072883606 6.25 -1.5
v -16.250001072883606 6.25 -1.0
v -16.250001072883606 6.25 -0.5
v -15.750001072883606 6.25 -0.5
v -15.750001072883606 6.25 -1.0
v -17.250000834465027 6.25 -1.5
v -17.750000834465027 6.25 -1.5
v -17.750000834465027 6.25 -1.0
v -17.750000834465027 6.25 -0.5
v -17.250000834465027 6.25 -0.5
v -17.250000834465027 6.25 -1.0
v -18.750000834465027 6.25 -1.5
v -19.250000834465027 6.25 -1.5
v -19.250000834465027 6.25 -1.0
v -19.250000834465027 6.25 -0.5
v -18.750000834465027 6.25 -0.5
v -18.750000834465027 6.25 -1.0
v -20.250000834465027 6.25 -1.5
v -20.750000834465027 6.25 -1.5
v -20.750000834465027 6.25 -1.0
v -20.750000834465027 6.25 -0.5
v -20.250000834465027 6.25 -0.5
v -20.250000834465027 6.25 -1.0
v -3.250001072883606 8.75 -3.0
v -3.250001072883606 8.75 3.25
v -3.250001072883606 8.75 9.49999988079071
v -3.250001072883606 8.75 9.99999988079071
v -1.0728836059570312e-06 8.75 3.5
v -1.0728836059570312e-06 8.75 6.81499981880188
v -1.6575003862380981 8.75 3.5
v -1.6575003862380981 8.75 6.81499981880188
v -1.6575003862380981 8.75 8.47249984741211
v -2.4862509965896606 8.75 6.81499981880188
v -2.4862509965896606 8.75 8.47249984741211
v 3.249998927116394 8.75 9.99999988079071
v 3.249998927116394 8.75 3.5
v 3.249998927116394 8.75 -3.0
v 20.250000834465027 6.75 7.5
v 20.250000834465027 6.25 7.5
v 20.250000834465027 6.25 8.0
v 20.250000834465027 6.25 8.49999988079071
v 20.250000834465027 6.75 8.49999988079071
v 20.250000834465027 6.75 8.0
v 19.750000834465027 6.25 7.5
v 19.750000834465027 6.75 7.5
v 19.750000834465027 6.75 8.0
v 19.750000834465027 6.75 8.49999988079071
v 19.750000834465027 6.25 8.49999988079071
v 19.750000834465027 6.25 8.0
v 19.750000834465027 6.25 7.5
v 19.750000834465027 6.75 7.5
v 20.250000834465027 6.25 7.5
v 20.250000834465027 6.75 7.5
v 18.750000834465027 6.75 7.5
v 18.750000834465027 6.25 7.5
v 18.750000834465027 6.25 8.0
v 18.750000834465027 6.25 8.49999988079071
v 18.750000834465027 6.75 8.49999988079071
v 18.750000834465027 6.75 8.0
v 18.250000834465027 6.25 7.5
v 18.250000834465027 6.75 7.5
v 18.250000834465027 6.75 8.0
v 18.250000834465027 6.75 8.49999988079071
v 18.250000834465027 6.25 8.49999988079071
v 18.250000834465027 6.25 8.0
v 18.250000834465027 6.25 7.5
v 18.250000834465027 6.75 7.5
v 18.750000834465027 6.25 7.5
v 18.750000834465027 6.75 7.5
v 17.250000834465027 6.75 7.5
v 17.250000834465027 6.25 7.5
v 17.250000834465027 6.25 8.0
v 17.250000834465027 6.25 8.49999988079071
v 17.250000834465027 6.75 8.49999988079071
v 17.250000834465027 6.75 8.0
v 16.750000834465027 6.25 7.5
v 16.750000834465027 6.75 7.5
v 16.750000834465027 6.75 8.0
v 16.750000834465027 6.75 8.49999988079071
v 16.750000834465027 6.25 8.49999988079071
v 16.750000834465027 6.25 8.0
v 16.750000834465027 6.25 7.5
v 16.750000834465027 6.75 7.5
v 17.250000834465027 6.25 7.5
v 17.250000834465027 6.75 7.5
v 20.250000834465027 6.75 4.5
v 20.250000834465027 6.25 4.5
v 20.250000834465027 6.25 5.0
v 20.250000834465027 6.25 5.5
v 20.250000834465027 6.75 5.5
v 20.250000834465027 6.75 5.0
v 19.750000834465027 6.25 4.5
v 19.750000834465027 6.75 4.5
v 19.750000834465027 6.75 5.0
v 19.750000834465027 6.75 5.5
v 19.750000834465027 6.25 5.5
v 19.750000834465027 6.25 5.0
v 19.750000834465027 6.25 4.5
v 19.750000834465027 6.75 4.5
v 20.250000834465027 6.25 4.5
v 20.250000834465027 6.75 4.5
v 15.750000834465027 6.75 7.5
v 15.750000834465027 6.25 7.5
v 15.750000834465027 6.25 8.0
v 15.750000834465027 6.25 8.49999988079071
v 15.750000834465027 6.75 8.49999988079071
v 15.750000834465027 6.75 8.0
v 15.250000834465027 6.25 7.5
v 15.250000834465027 6.75 7.5
v 15.250000834465027 6.75 8.0
v 15.250000834465027 6.75 8.49999988079071
v 15.250000834465027 6.25 8.49999988079071
v 15.250000834465027 6.25 8.0
v 15.250000834465027 6.25 7.5
v 15.250000834465027 6.75 7.5
v 15.750000834465027 6.25 7.5
v 15.750000834465027 6.75 7.5
v 18.750000834465027 6.75 4.5
v 18.750000834465027 6.25 4.5
v 18.750000834465027 6.25 5.0
v 18.750000834465027 6.25 5.5
v 18.750000834465027 6.75 5.5
v 18.750000834465027 6.75 5.0
v 18.250000834465027 6.25 4.5
v 18.250000834465027 6.75 4.5
v 18.250000834465027 6.75 5.0
v 18.250000834465027 6.75 5.5
v 18.250000834465027 6.25 5.5
v 18.250000834465027 6.25 5.0
v 18.250000834465027 6.25 4.5
v 18.250000834465027 6.75 4.5
v 18.750000834465027 6.25 4.5
v 18.750000834465027 6.75 4.5
v 14.250000834465027 6.75 7.5
v 14.250000834465027 6.25 7.5
v 14.250000834465027 6.25 8.0
v 14.250000834465027 6.25 8.49999988079071
v 14.250000834465027 6.75 8.49999988079071
v 14.250000834465027 6.75 8.0
v 13.750000834465027 6.25 7.5
v 13.750000834465027 6.75 7.5
v 13.750000834465027 6.75 8.0
v 13.750000834465027 6.75 8.49999988079071
v 13.750000834465027 6.25 8.49999988079071
v 13.750000834465027 6.25 8.0
v 13.750000834465027 6.25 7.5
v 13.750000834465027 6.75 7.5
v 14.250000834465027 6.25 7.5
v 14.250000834465027 6.75 7.5
v 17.250000834465027 6.75 4.5
v 17.250000834465027 6.25 4.5
v 17.250000834465027 6.25 5.0
v 17.250000834465027 6.25 5.5
v 17.250000834465027 6.75 5.5
v 17.250000834465027 6.75 5.0
v 16.750000834465027 6.25 4.5
v 16.750000834465027 6.75 4.5
v 16.750000834465027 6.75 5.0
v 16.750000834465027 6.75 5.5
v 16.750000834465027 6.25 5.5
v 16.750000834465027 6.25 5.0
v 16.750000834465027 6.25 4.5
v 16.750000834465027 6.75 4.5
v 17.250000834465027 6.25 4.5
v 17.250000834465027 6.75 4.5
v 20.250000834465027 6.75 1.5
v 20.250000834465027 6.25 1.5
v 20.250000834465027 6.25 2.0
v 20.250000834465027 6.25 2.5
v 20.250000834465027 6.75 2.5
v 20.250000834465027 6.75 2.0
v 19.750000834465027 6.25 1.5
v 19.750000834465027 6.75 1.5
v 19.750000834465027 6.75 2.0
v 19.750000834465027 6.75 2.5
v 19.750000834465027 6.25 2.5
v 19.750000834465027 6.25 2.0
v 19.750000834465027 6.25 1.5
v 19.750000834465027 6.75 1.5
v 20.250000834465027 6.25 1.5
v 20.250000834465027 6.75 1.5
v 12.750000834465027 6.75 7.5
v 12.750000834465027 6.25 7.5
v 12.750000834465027 6.25 8.0
v 12.750000834465027 6.25 8.49999988079071
v 12.750000834465027 6.75 8.49999988079071
v 12.750000834465027 6.75 8.0
v 12.250000834465027 6.25 7.5
v 12.250000834465027 6.75 7.5
v 12.250000834465027 6.75 8.0
v 12.250000834465027 6.75 8.49999988079071
v 12.250000834465027 6.25 8.49999988079071
v 12.250000834465027 6.25 8.0
v 12.250000834465027 6.25 7.5
v 12.250000834465027 6.75 7.5
v 12.750000834465027 6.25 7.5
v 12.750000834465027 6.75 7.5
v 15.750000834465027 6.75 4.5
v 15.750000834465027 6.25 4.5
v 15.750000834465027 6.25 5.0
v 15.750000834465027 6.25 5.5
v 15.750000834465027 6.75 5.5
v 15.750000834465027 6.75 5.0
v 15.250000834465027 6.25 4.5
v 15.250000834465027 6.75 4.5
v 15.250000834465027 6.75 5.0
v 15.250000834465027 6.75 5.5
v 15.250000834465027 6.25 5.5
v 15.250000834465027 6.25 5.0
v 15.250000834465027 6.25 4.5
v 15.250000834465027 6.75 4.5
v 15.750000834465027 6.25 4.5
v 15.750000834465027 6.75 4.5
v 18.750000834465027 6.75 1.5
v 18.750000834465027 6.25 1.5
v 18.750000834465027 6.25 2.0
v 18.750000834465027 6.25 2.5
v 18.750000834465027 6.75 2.5
v 18.750000834465027 6.75 2.0
v 18.250000834465027 6.25 1.5
v 18.250000834465027 6.75 1.5
v 18.250000834465027 6.75 2.0
v 18.250000834465027 6.75 2.5
v 18.250000834465027 6.25 2.5
v 18.250000834465027 6.25 2.0
v 18.250000834465027 6.25 1.5
v 18.250000834465027 6.75 1.5
v 18.750000834465027 6.25 1.5
v 18.750000834465027 6.75 1.5
v 11.250000834465027 6.75 7.5
v 11.250000834465027 6.25 7.5
v 11.250000834465027 6.25 8.0
v 11.250000834465027 6.25 8.49999988079071
v 11.250000834465027 6.75 8.49999988079071
v 11.250000834465027 6.75 8.0
v 10.749998927116394 6.25 7.5
v 10.749998927116394 6.75 7.5
v 10.749998927116394 6.75 8.0
v 10.749998927116394 6.75 8.49999988079071
v 10.749998927116394 6.25 8.49999988079071
v 10.749998927116394 6.25 8.0
v 10.749998927116394 6.25 7.5
v 10.749998927116394 6.75 7.5
v 11.250000834465027 6.25 7.5
v 11.250000834465027 6.75 7.5
v 14.250000834465027 6.75 4.5
v 14.250000834465027 6.25 4.5
v 14.250000834465027 6.25 5.0
v 14.250000834465027 6.25 5.5
v 14.250000834465027 6.75 5.5
v 14.250000834465027 6.75 5.0
v 13.750000834465027 6.25 4.5
v 13.750000834465027 6.75 4.5
v 13.750000834465027 6.75 5.0
v 13.750000834465027 6.75 5.5
v 13.750000834465027 6.25 5.5
v 13.750000834465027 6.25 5.0
v 13.750000834465027 6.25 4.5
v 13.750000834465027 6.75 4.5
v 14.250000834465027 6.25 4.5
v 14.250000834465027 6.75 4.5
v 17.250000834465027 6.75 1.5
v 17.250000834465027 6.25 1.5
v 17.250000834465027 6.25 2.0
v 17.250000834465027 6.25 2.5
v 17.250000834465027 6.75 2.5
v 17.250000834465027 6.75 2.0
v 16.750000834465027 6.25 1.5
v 16.750000834465027 6.75 1.5
v 16.750000834465027 6.75 2.0
v 16.750000834465027 6.75 2.5
v 16.750000834465027 6.25 2.5
v 16.750000834465027 6.25 2.0
v 16.750000834465027 6.25 1.5
v 16.750000834465027 6.75 1.5
v 17.250000834465027 6.25 1.5
v 17.250000834465027 6.75 1.5
v 20.250000834465027 6.75 -1.5
v 20.250000834465027 6.25 -1.5
v 20.250000834465027 6.25 -1.0
v 20.250000834465027 6.25 -0.5
v 20.250000834465027 6.75 -0.5
v 20.250000834465027 6.75 -1.0
v 19.750000834465027 6.25 -1.5
v 19.750000834465027 6.75 -1.5
v 19.750000834465027 6.75 -1.0
v 19.750000834465027 6.75 -0.5
v 19.750000834465027 6.25 -0.5
v 19.750000834465027 6.25 -1.0
v 19.750000834465027 6.25 -1.5
v 19.750000834465027 6.75 -1.5
v 20.250000834465027 6.25 -1.5
v 20.250000834465027 6.75 -1.5
v 9.749998927116394 6.75 7.5
v 9.749998927116394 6.25 7.5
v 9.749998927116394 6.25 8.0
v 9.749998927116394 6.25 8.49999988079071
v 9.749998927116394 6.75 8.49999988079071
v 9.749998927116394 6.75 8.0
v 9.249998927116394 6.25 7.5
v 9.249998927116394 6.75 7.5
v 9.249998927116394 6.75 8.0
v 9.249998927116394 6.75 8.49999988079071
v 9.249998927116394 6.25 8.49999988079071
v 9.249998927116394 6.25 8.0
v 9.249998927116394 6.25 7.5
v 9.249998927116394 6.75 7.5
v 9.749998927116394 6.25 7.5
v 9.749998927116394 6.75 7.5
v 12.750000834465027 6.75 4.5
v 12.750000834465027 6.25 4.5
v 12.750000834465027 6.25 5.0
v 12.750000834465027 6.25 5.5
v 12.750000834465027 6.75 5.5
v 12.750000834465027 6.75 5.0
v 12.250000834465027 6.25 4.5
v 12.250000834465027 6.75 4.5
v 12.250000834465027 6.75 5.0
v 12.250000834465027 6.75 5.5
v 12.250000834465027 6.25 5.5
v 12.250000834465027 6.25 5.0
v 12.250000834465027 6.25 4.5
v 12.250000834465027 6.75 4.5
v 12.750000834465027 6.25 4.5
v 12.750000834465027 6.75 4.5
v 15.750000834465027 6.75 1.5
v 15.750000834465027 6.25 1.5
v 15.750000834465027 6.25 2.0
v 15.750000834465027 6.25 2.5
v 15.750000834465027 6.75 2.5
v 15.750000834465027 6.75 2.0
v 15.250000834465027 6.25 1.5
v 15.250000834465027 6.75 1.5
v 15.250000834465027 6.75 2.0
v 15.250000834465027 6.75 2.5
v 15.250000834465027 6.25 2.5
v 15.250000834465027 6.25 2.0
v 15.250000834465027 6.25 1.5
v 15.250000834465027 6.75 1.5
v 15.750000834465027 6.25 1.5
v 15.750000834465027 6.75 1.5
v 18.750000834465027 6.75 -1.5
v 18.750000834465027 6.25 -1.5
v 18.750000834465027 6.25 -1.0
v 18.750000834465027 6.25 -0.5
v 18.750000834465027 6.75 -0.5
v 18.750000834465027 6.75 -1.0
v 18.250000834465027 6.25 -1.5
v 18.250000834465027 6.75 -1.5
v 18.250000834465027 6.75 -1.0
v 18.250000834465027 6.75 -0.5
v 18.250000834465027 6.25 -0.5
v 18.250000834465027 6.25 -1.0
v 18.250000834465027 6.25 -1.5
v 18.250000834465027 6.75 -1.5
v 18.750000834465027 6.25 -1.5
v 18.750000834465027 6.75 -1.5
v 8.249998927116394 6.75 7.5
v 8.249998927116394 6.25 7.5
v 8.249998927116394 6.25 8.0
v 8.249998927116394 6.25 8.49999988079071
v 8.249998927116394 6.75 8.49999988079071
v 8.249998927116394 6.75 8.0
v 7.749998927116394 6.25 7.5
v 7.749998927116394 6.75 7.5
v 7.749998927116394 6.75 8.0
v 7.749998927116394 6.75 8.49999988079071
v 7.749998927116394 6.25 8.49999988079071
v 7.749998927116394 6.25 8.0
v 7.749998927116394 6.25 7.5
v 7.749998927116394 6.75 7.5
v 8.249998927116394 6.25 7.5
v 8.249998927116394 6.75 7.5
v 11.250000834465027 6.75 4.5
v 11.250000834465027 6.25 4.5
v 11.250000834465027 6.25 5.0
v 11.250000834465027 6.25 5.5
v 11.250000834465027 6.75 5.5
v 11.250000834465027 6.75 5.0
v 10.749998927116394 6.25 4.5
v 10.749998927116394 6.75 4.5
v 10.749998927116394 6.75 5.0
v 10.749998927116394 6.75 5.5
v 10.749998927116394 6.25 5.5
v 10.749998927116394 6.25 5.0
v 10.749998927116394 6.25 4.5
v 10.749998927116394 6.75 4.5
v 11.250000834465027 6.25 4.5
v 11.250000834465027 6.75 4.5
v 14.250000834465027 6.75 1.5
v 14.250000834465027 6.25 1.5
v 14.250000834465027 6.25 2.0
v 14.250000834465027 6.25 2.5
v 14.250000834465027 6.75 2.5
v 14.250000834465027 6.75 2.0
v 13.750000834465027 6.25 1.5
v 13.750000834465027 6.75 1.5
v 13.750000834465027 6.75 2.0
v 13.750000834465027 6.75 2.5
v 13.750000834465027 6.25 2.5
v 13.750000834465027 6.25 2.0
v 13.750000834465027 6.25 1.5
v 13.750000834465027 6.75 1.5
v 14.250000834465027 6.25 1.5
v 14.250000834465027 6.75 1.5
v 17.250000834465027 6.75 -1.5
v 17.250000834465027 6.25 -1.5
v 17.250000834465027 6.25 -1.0
v 17.250000834465027 6.25 -0.5
v 17.250000834465027 6.75 -0.5
v 17.250000834465027 6.75 -1.0
v 16.750000834465027 6.25 -1.5
v 16.750000834465027 6.75 -1.5
v 16.750000834465027 6.75 -1.0
v 16.750000834465027 6.75 -0.5
v 16.750000834465027 6.25 -0.5
v 16.750000834465027 6.25 -1.0
v 16.750000834465027 6.25 -1.5
v 16.750000834465027 6.75 -1.5
v 17.250000834465027 6.25 -1.5
v 17.250000834465027 6.75 -1.5
v 6.749998927116394 6.75 7.5
v 6.749998927116394 6.25 7.5
v 6.749998927116394 6.25 8.0
v 6.749998927116394 6.25 8.49999988079071
v 6.749998927116394 6.75 8.49999988079071
v 6.749998927116394 6.75 8.0
v 6.249998927116394 6.25 7.5
v 6.249998927116394 6.75 7.5
v 6.249998927116394 6.75 8.0
v 6.249998927116394 6.75 8.49999988079071
v 6.249998927116394 6.25 8.49999988079071
v 6.249998927116394 6.25 8.0
v 6.249998927116394 6.25 7.5
v 6.249998927116394 6.75 7.5
v 6.749998927116394 6.25 7.5
v 6.749998927116394 6.75 7.5
v 9.749998927116394 6.75 4.5
v 9.749998927116394 6.25 4.5
v 9.749998927116394 6.25 5.0
v 9.749998927116394 6.25 5.5
v 9.749998927116394 6.75 5.5
v 9.749998927116394 6.75 5.0
v 9.249998927116394 6.25 4.5
v 9.249998927116394 6.75 4.5
v 9.249998927116394 6.75 5.0
v 9.249998927116394 6.75 5.5
v 9.249998927116394 6.25 5.5
v 9.249998927116394 6.25 5.0
v 9.249998927116394 6.25 4.5
v 9.249998927116394 6.75 4.5
v 9.749998927116394 6.25 4.5
v 9.749998927116394 6.75 4.5
v 12.750000834465027 6.75 1.5
v 12.750000834465027 6.25 1.5
v 12.750000834465027 6.25 2.0
v 12.750000834465027 6.25 2.5
v 12.750000834465027 6.75 2.5
v 12.750000834465027 6.75 2.0
v 12.250000834465027 6.25 1.5
v 12.250000834465027 6.75 1.5
v 12.250000834465027 6.75 2.0
v 12.250000834465027 6.75 2.5
v 12.250000834465027 6.25 2.5
v 12.250000834465027 6.25 2.0
v 12.250000834465027 6.25 1.5
v 12.250000834465027 6.75 1.5
v 12.750000834465027 6.25 1.5
v 12.750000834465027 6.75 1.5
v 15.750000834465027 6.75 -1.5
v 15.750000834465027 6.25 -1.5
v 15.750000834465027 6.25 -1.0
v 15.750000834465027 6.25 -0.5
v 15.750000834465027 6.75 -0.5
v 15.750000834465027 6.75 -1.0
v 15.250000834465027 6.25 -1.5
v 15.250000834465027 6.75 -1.5
v 15.250000834465027 6.75 -1.0
v 15.250000834465027 6.75 -0.5
v 15.250000834465027 6.25 -0.5
v 15.250000834465027 6.25 -1.0
v 15.250000834465027 6.25 -1.5
v 15.250000834465027 6.75 -1.5
v 15.750000834465027 6.25 -1.5
v 15.750000834465027 6.75 -1.5
v 5.249998927116394 6.75 7.5
v 5.249998927116394 6.25 7.5
v 5.249998927116394 6.25 8.0
v 5.249998927116394 6.25 8.49999988079071
v 5.249998927116394 6.75 8.49999988079071
v 5.249998927116394 6.75 8.0
v 4.749998927116394 6.25 7.5
v 4.749998927116394 6.75 7.5
v 4.749998927116394 6.75 8.0
v 4.749998927116394 6.75 8.49999988079071
v 4.749998927116394 6.25 8.49999988079071
v 4.749998927116394 6.25 8.0
v 4.749998927116394 6.25 7.5
v 4.749998927116394 6.75 7.5
v 5.249998927116394 6.25 7.5
v 5.249998927116394 6.75 7.5
v 8.249998927116394 6.75 4.5
v 8.249998927116394 6.25 4.5
v 8.249998927116394 6.25 5.0
v 8.249998927116394 6.25 5.5
v 8.249998927116394 6.75 5.5
v 8.249998927116394 6.75 5.0
v 7.749998927116394 6.25 4.5
v 7.749998927116394 6.75 4.5
v 7.749998927116394 6.75 5.0
v 7.749998927116394 6.75 5.5
v 7.749998927116394 6.25 5.5
v 7.749998927116394 6.25 5.0
v 7.749998927116394 6.25 4.5
v 7.749998927116394 6.75 4.5
v 8.249998927116394 6.25 4.5
v 8.249998927116394 6.75 4.5
v 11.250000834465027 6.75 1.5
v 11.250000834465027 6.25 1.5
v 11.250000834465027 6.25 2.0
v 11.250000834465027 6.25 2.5
v 11.250000834465027 6.75 2.5
v 11.250000834465027 6.75 2.0
v 10.749998927116394 6.25 1.5
v 10.749998927116394 6.75 1.5
v 10.749998927116394 6.75 2.0
v 10.749998927116394 6.75 2.5
v 10.749998927116394 6.25 2.5
v 10.749998927116394 6.25 2.0
v 10.749998927116394 6.25 1.5
v 10.749998927116394 6.75 1.5
v 11.250000834465027 6.25 1.5
v 11.250000834465027 6.75 1.5
v 14.250000834465027 6.75 -1.5
v 14.250000834465027 6.25 -1.5
v 14.250000834465027 6.25 -1.0
v 14.250000834465027 6.25 -0.5
v 14.250000834465027 6.75 -0.5
v 14.250000834465027 6.75 -1.0
v 13.750000834465027 6.25 -1.5
v 13.750000834465027 6.75 -1.5
v 13.750000834465027 6.75 -1.0
v 13.750000834465027 6.75 -0.5
v 13.750000834465027 6.25 -0.5
v 13.750000834465027 6.25 -1.0
v 13.750000834465027 6.25 -1.5
v 13.750000834465027 6.75 -1.5
v 14.250000834465027 6.25 -1.5
v 14.250000834465027 6.75 -1.5
v 6.749998927116394 6.75 4.5
v 6.749998927116394 6.25 4.5
v 6.749998927116394 6.25 5.0
v 6.749998927116394 6.25 5.5
v 6.749998927116394 6.75 5.5
v 6.749998927116394 6.75 5.0
v 6.249998927116394 6.25 4.5
v 6.249998927116394 6.75 4.5
v 6.249998927116394 6.75 5.0
v 6.249998927116394 6.75 5.5
v 6.249998927116394 6.25 5.5
v 6.249998927116394 6.25 5.0
v 6.249998927116394 6.25 4.5
v 6.249998927116394 6.75 4.5
v 6.749998927116394 6.25 4.5
v 6.749998927116394 6.75 4.5
v 9.749998927116394 6.75 1.5
v 9.749998927116394 6.25 1.5
v 9.749998927116394 6.25 2.0
v 9.749998927116394 6.25 2.5
v 9.749998927116394 6.75 2.5
v 9.749998927116394 6.75 2.0
v 9.249998927116394 6.25 1.5
v 9.249998927116394 6.75 1.5
v 9.249998927116394 6.75 2.0
v 9.249998927116394 6.75 2.5
v 9.249998927116394 6.25 2.5
v 9.249998927116394 6.25 2.0
v 9.249998927116394 6.25 1.5
v 9.249998927116394 6.75 1.5
v 9.749998927116394 6.25 1.5
v 9.749998927116394 6.75 1.5
v 12.750000834465027 6.75 -1.5
v 12.750000834465027 6.25 -1.5
v 12.750000834465027 6.25 -1.0
v 12.750000834465027 6.25 -0.5
v 12.750000834465027 6.75 -0.5
v 12.750000834465027 6.75 -1.0
v 12.250000834465027 6.25 -1.5
v 12.250000834465027 6.75 -1.5
v 12.250000834465027 6.75 -1.0
v 12.250000834465027 6.75 -0.5
v 12.250000834465027 6.25 -0.5
v 12.250000834465027 6.25 -1.0
v 12.250000834465027 6.25 -1.5
v 12.250000834465027 6.75 -1.5
v 12.750000834465027 6.25 -1.5
v 12.750000834465027 6.75 -1.5
v 5.249998927116394 6.75 4.5
v 5.249998927116394 6.25 4.5
v 5.249998927116394 6.25 5.0
v 5.249998927116394 6.25 5.5
v 5.249998927116394 6.75 5.5
v 5.249998927116394 6.75 5.0
v 4.749998927116394 6.25 4.5
v 4.749998927116394 6.75 4.5
v 4.749998927116394 6.75 5.0
v 4.749998927116394 6.75 5.5
v 4.749998927116394 6.25 5.5
v 4.749998927116394 6.25 5.0
v 4.749998927116394 6.25 4.5
v 4.749998927116394 6.75 4.5
v 5.249998927116394 6.25 4.5
v 5.249998927116394 6.75 4.5
v 8.249998927116394 6.75 1.5
v 8.249998927116394 6.25 1.5
v 8.249998927116394 6.25 2.0
v 8.249998927116394 6.25 2.5
v 8.249998927116394 6.75 2.5
v 8.249998927116394 6.75 2.0
v 7.749998927116394 6.25 1.5
v 7.749998927116394 6.75 1.5
v 7.749998927116394 6.75 2.0
v 7.749998927116394 6.75 2.5
v 7.749998927116394 6.25 2.5
v 7.749998927116394 6.25 2.0
v 7.749998927116394 6.25 1.5
v 7.749998927116394 6.75 1.5
v 8.249998927116394 6.25 1.5
v 8.249998927116394 6.75 1.5
v 11.250000834465027 6.75 -1.5
v 11.250000834465027 6.25 -1.5
v 11.250000834465027 6.25 -1.0
v 11.250000834465027 6.25 -0.5
v 11.250000834465027 6.75 -0.5
v 11.250000834465027 6.75 -1.0
v 10.749998927116394 6.25 -1.5
v 10.749998927116394 6.75 -1.5
v 10.749998927116394 6.75 -1.0
v 10.749998927116394 6.75 -0.5
v 10.749998927116394 6.25 -0.5
v 10.749998927116394 6.25 -1.0
v 10.749998927116394 6.25 -1.5
v 10.749998927116394 6.75 -1.5
v 11.250000834465027 6.25 -1.5
v 11.250000834465027 6.75 -1.5
v 6.749998927116394 6.75 1.5
v 6.749998927116394 6.25 1.5
v 6.749998927116394 6.25 2.0
v 6.749998927116394 6.25 2.5
v 6.749998927116394 6.75 2.5
v 6.749998927116394 6.75 2.0
v 6.249998927116394 6.25 1.5
v 6.249998927116394 6.75 1.5
v 6.249998927116394 6.75 2.0
v 6.249998927116394 6.75 2.5
v 6.249998927116394 6.25 2.5
v 6.249998927116394 6.25 2.0
v 6.249998927116394 6.25 1.5
v 6.249998927116394 6.75 1.5
v 6.749998927116394 6.25 1.5
v 6.749998927116394 6.75 1.5
v 9.749998927116394 6.75 -1.5
v 9.749998927116394 6.25 -1.5
v 9.749998927116394 6.25 -1.0
v 9.749998927116394 6.25 -0.5
v 9.749998927116394 6.75 -0.5
v 9.749998927116394 6.75 -1.0
v 9.249998927116394 6.25 -1.5
v 9.249998927116394 6.75 -1.5
v 9.249998927116394 6.75 -1.0
v 9.249998927116394 6.75 -0.5
v 9.249998927116394 6.25 -0.5
v 9.249998927116394 6.25 -1.0
v 9.249998927116394 6.25 -1.5
v 9.249998927116394 6.75 -1.5
v 9.749998927116394 6.25 -1.5
v 9.749998927116394 6.75 -1.5
v 5.249998927116394 6.75 1.5
v 5.249998927116394 6.25 1.5
v 5.249998927116394 6.25 2.0
v 5.249998927116394 6.25 2.5
v 5.249998927116394 6.75 2.5
v 5.249998927116394 6.75 2.0
v 4.749998927116394 6.25 1.5
v 4.749998927116394 6.75 1.5
v 4.749998927116394 6.75 2.0
v 4.749998927116394 6.75 2.5
v 4.749998927116394 6.25 2.5
v 4.749998927116394 6.25 2.0
v 4.749998927116394 6.25 1.5
v 4.749998927116394 6.75 1.5
v 5.249998927116394 6.25 1.5
v 5.249998927116394 6.75 1.5
v 8.249998927116394 6.75 -1.5
v 8.249998927116394 6.25 -1.5
v 8.249998927116394 6.25 -1.0
v 8.249998927116394 6.25 -0.5
v 8.249998927116394 6.75 -0.5
v 8.249998927116394 6.75 -1.0
v 7.749998927116394 6.25 -1.5
v 7.749998927116394 6.75 -1.5
v 7.749998927116394 6.75 -1.0
v 7.749998927116394 6.75 -0.5
v 7.749998927116394 6.25 -0.5
v 7.749998927116394 6.25 -1.0
v 7.749998927116394 6.25 -1.5
v 7.749998927116394 6.75 -1.5
v 8.249998927116394 6.25 -1.5
v 8.249998927116394 6.75 -1.5
v 6.749998927116394 6.75 -1.5
v 6.749998927116394 6.25 -1.5
v 6.749998927116394 6.25 -1.0
v 6.749998927116394 6.25 -0.5
v 6.749998927116394 6.75 -0.5
v 6.749998927116394 6.75 -1.0
v 6.249998927116394 6.25 -1.5
v 6.249998927116394 6.75 -1.5
v 6.249998927116394 6.75 -1.0
v 6.249998927116394 6.75 -0.5
v 6.249998927116394 6.25 -0.5
v 6.249998927116394 6.25 -1.0
v 6.249998927116394 6.25 -1.5
v 6.249998927116394 6.75 -1.5
v 6.749998927116394 6.25 -1.5
v 6.749998927116394 6.75 -1.5
v 5.249998927116394 6.75 -1.5
v 5.249998927116394 6.25 -1.5
v 5.249998927116394 6.25 -1.0
v 5.249998927116394 6.25 -0.5
v 5.249998927116394 6.75 -0.5
v 5.249998927116394 6.75 -1.0
v 4.749998927116394 6.25 -1.5
v 4.749998927116394 6.75 -1.5
v 4.749998927116394 6.75 -1.0
v 4.749998927116394 6.75 -0.5
v 4.749998927116394 6.25 -0.5
v 4.749998927116394 6.25 -1.0
v 4.749998927116394 6.25 -1.5
v 4.749998927116394 6.75 -1.5
v 5.249998927116394 6.25 -1.5
v 5.249998927116394 6.75 -1.5
v -4.250001072883606 5.25 12.5
v -4.250001072883606 1.25 12.5
v -4.250001072883606 -2.75 12.5
v -0.25000107288360596 -2.75 12.5
v 3.749998927116394 -2.75 12.5
v 4.249998927116394 -2.75 12.5
v -1.0728836059570312e-06 1.25 12.5
v 2.167498469352722 1.25 12.5
v -1.0728836059570312e-06 -0.7899999618530273 12.5
v 2.167498469352722 -0.7899999618530273 12.5
v 3.2512482404708862 -0.7899999618530273 12.5
v 2.167498469352722 -1.809999942779541 12.5
v 3.2512482404708862 -1.809999942779541 12.5
v 4.249998927116394 1.25 12.5
v 4.249998927116394 5.25 12.5
v 3.749998927116394 5.25 12.5
v -1.0728836059570312e-06 3.2899999618530273 12.5
v 2.167498469352722 3.2899999618530273 12.5
v 2.167498469352722 4.310000419616699 12.5
v 3.2512482404708862 3.2899999618530273 12.5
v 3.2512482404708862 4.310000419616699 12.5
v -0.25000107288360596 5.25 12.5
v -4.250001072883606 7.25 11.99999988079071
v -4.250001072883606 5.25 11.99999988079071
v -1.0728836059570312e-06 6.25 11.99999988079071
v -0.25000107288360596 5.25 11.99999988079071
v 3.749998927116394 5.25 11.99999988079071
v 4.249998927116394 5.25 11.99999988079071
v 2.167498469352722 6.25 11.99999988079071
v -1.0728836059570312e-06 5.739999771118164 11.99999988079071
v 2.167498469352722 5.739999771118164 11.99999988079071
v 3.2512482404708862 5.739999771118164 11.99999988079071
v 2.167498469352722 5.484999656677246 11.99999988079071
v 3.2512482404708862 5.484999656677246 11.99999988079071
v 4.249998927116394 7.25 11.99999988079071
v 3.749998927116394 7.25 11.99999988079071
v -1.0728836059570312e-06 6.760000228881836 11.99999988079071
v 2.167498469352722 6.760000228881836 11.99999988079071
v 2.167498469352722 7.015000343322754 11.99999988079071
v 3.2512482404708862 6.760000228881836 11.99999988079071
v 3.2512482404708862 7.015000343322754 11.99999988079071
v -0.25000107288360596 7.25 11.99999988079071
v -4.250001072883606 -2.75 11.99999988079071
v -4.250001072883606 -4.75 11.99999988079071
v -1.0728836059570312e-06 -3.75 11.99999988079071
v -0.25000107288360596 -4.75 11.99999988079071
v 3.749998927116394 -4.75 11.99999988079071
v 4.249998927116394 -4.75 11.99999988079071
v 2.167498469352722 -3.75 11.99999988079071
v -1.0728836059570312e-06 -4.260000005364418 11.99999988079071
v 2.167498469352722 -4.260000005364418 11.99999988079071
v 3.2512482404708862 -4.260000005364418 11.99999988079071
v 2.167498469352722 -4.5150000005960464 11.99999988079071
v 3.2512482404708862 -4.5150000005960464 11.99999988079071
v 4.249998927116394 -2.75 11.99999988079071
v 3.749998927116394 -2.75 11.99999988079071
v -1.0728836059570312e-06 -3.240000009536743 11.99999988079071
v 2.167498469352722 -3.240000009536743 11.99999988079071
v 2.167498469352722 -2.9850000143051147 11.99999988079071
v 3.2512482404708862 -3.240000009536743 11.99999988079071
v 3.2512482404708862 -2.9850000143051147 11.99999988079071
v -0.25000107288360596 -2.75 11.99999988079071
v -4.250001072883606 8.25 11.49999988079071
v -4.250001072883606 7.25 11.49999988079071
v -1.583335041999817 7.25 11.49999988079071
v 1.083332896232605 7.25 11.49999988079071
v 3.749998927116394 7.25 11.49999988079071
v 4.249998927116394 7.25 11.49999988079071
v 2.167498469352722 7.75 11.49999988079071
v 3.2512482404708862 7.75 11.49999988079071
v 2.167498469352722 7.494999885559082 11.49999988079071
v 3.2512482404708862 7.494999885559082 11.49999988079071
v 4.249998927116394 8.25 11.49999988079071
v 3.749998927116394 8.25 11.49999988079071
v 2.167498469352722 8.005000114440918 11.49999988079071
v 3.2512482404708862 8.005000114440918 11.49999988079071
v 1.083332896232605 8.25 11.49999988079071
v -1.583335041999817 8.25 11.49999988079071
v 4.249998927116394 -3.25 11.49999988079071
v 13.000000834465027 -3.25 11.49999988079071
v 21.750000834465027 -3.25 11.49999988079071
v 22.250000834465027 -3.25 11.49999988079071
v 13.250000834465027 0.25 11.49999988079071
v 17.840000987052917 0.25 11.49999988079071
v 13.250000834465027 -1.5350000858306885 11.49999988079071
v 17.840000987052917 -1.5350000858306885 11.49999988079071
v 20.13499915599823 -1.5350000858306885 11.49999988079071
v 17.840000987052917 -2.427500009536743 11.49999988079071
v 20.13499915599823 -2.427500009536743 11.49999988079071
v 21.282498240470886 -2.427500009536743 11.49999988079071
v 20.13499915599823 -2.8737499713897705 11.49999988079071
v 21.282498240470886 -2.8737499713897705 11.49999988079071
v 22.250000834465027 3.75 11.49999988079071
v 21.750000834465027 3.75 11.49999988079071
v 13.250000834465027 2.0349998474121094 11.49999988079071
v 17.840000987052917 2.0349998474121094 11.49999988079071
v 17.840000987052917 2.927499771118164 11.49999988079071
v 20.13499915599823 2.0349998474121094 11.49999988079071
v 20.13499915599823 2.927499771118164 11.49999988079071
v 20.13499915599823 3.3737502098083496 11.49999988079071
v 21.282498240470886 2.927499771118164 11.49999988079071
v 21.282498240470886 3.3737502098083496 11.49999988079071
v 13.000000834465027 3.75 11.49999988079071
v 4.249998927116394 3.75 11.49999988079071
v -22.250000834465027 3.75 11.49999988079071
v -22.250000834465027 -3.25 11.49999988079071
v -13.500001072883606 -3.25 11.49999988079071
v -4.750001072883606 -3.25 11.49999988079071
v -4.250001072883606 -3.25 11.49999988079071
v -13.250001072883606 0.25 11.49999988079071
v -8.660000920295715 0.25 11.49999988079071
v -13.250001072883606 -1.5350000858306885 11.49999988079071
v -8.660000920295715 -1.5350000858306885 11.49999988079071
v -6.36500084400177 -1.5350000858306885 11.49999988079071
v -8.660000920295715 -2.427500009536743 11.49999988079071
v -6.36500084400177 -2.427500009536743 11.49999988079071
v -5.217501759529114 -2.427500009536743 11.49999988079071
v -6.36500084400177 -2.8737499713897705 11.49999988079071
v -5.217501759529114 -2.8737499713897705 11.49999988079071
v -4.250001072883606 3.75 11.49999988079071
v -13.250001072883606 3.75 11.49999988079071
v -4.250001072883606 -4.75 11.49999988079071
v -4.250001072883606 -5.75 11.49999988079071
v -1.583335041999817 -5.75 11.49999988079071
v 1.083332896232605 -5.75 11.49999988079071
v 3.749998927116394 -5.75 11.49999988079071
v 4.249998927116394 -5.75 11.49999988079071
v 2.167498469352722 -5.25 11.49999988079071
v 3.2512482404708862 -5.25 11.49999988079071
v 2.167498469352722 -5.504999995231628 11.49999988079071
v 3.2512482404708862 -5.504999995231628 11.49999988079071
v 4.249998927116394 -4.75 11.49999988079071
v 3.749998927116394 -4.75 11.49999988079071
v 2.167498469352722 -4.995000004768372 11.49999988079071
v 3.2512482404708862 -4.995000004768372 11.49999988079071
v 1.083332896232605 -4.75 11.49999988079071
v -1.583335041999817 -4.75 11.49999988079071
v -4.250001072883606 9.75 10.99999988079071
v -4.250001072883606 8.25 10.99999988079071
v -1.0728836059570312e-06 9.0 10.99999988079071
v -0.25000107288360596 8.25 10.99999988079071
v 3.749998927116394 8.25 10.99999988079071
v 4.249998927116394 8.25 10.99999988079071
v 2.167498469352722 9.0 10.99999988079071
v -1.0728836059570312e-06 8.617500305175781 10.99999988079071
v 2.167498469352722 8.617500305175781 10.99999988079071
v 3.2512482404708862 8.617500305175781 10.99999988079071
v 2.167498469352722 8.426250457763672 10.99999988079071
v 3.2512482404708862 8.426250457763672 10.99999988079071
v 4.249998927116394 9.75 10.99999988079071
v -1.0728836059570312e-06 9.75 10.99999988079071
v -3.250001072883606 3.75 11.49999988079071
v -3.250001072883606 4.75 11.49999988079071
v -3.250001072883606 5.25 11.49999988079071
v -3.250001072883606 5.25 10.99999988079071
v -3.250001072883606 4.5 10.99999988079071
v -3.250001072883606 3.75 10.99999988079071
v 4.249998927116394 -3.25 10.99999988079071
v 4.249998927116394 -4.75 10.99999988079071
v 10.083332896232605 -4.75 10.99999988079071
v 15.916664958000183 -4.75 10.99999988079071
v 21.750000834465027 -4.75 10.99999988079071
v 22.250000834465027 -4.75 10.99999988079071
v 17.840000987052917 -4.0 10.99999988079071
v 20.13499915599823 -4.0 10.99999988079071
v 17.840000987052917 -4.382500000298023 10.99999988079071
v 20.13499915599823 -4.382500000298023 10.99999988079071
v 21.282498240470886 -4.382500000298023 10.99999988079071
v 20.13499915599823 -4.573750004172325 10.99999988079071
v 21.282498240470886 -4.573750004172325 10.99999988079071
v 22.250000834465027 -3.25 10.99999988079071
v 21.750000834465027 -3.25 10.99999988079071
v 17.840000987052917 -3.6175000071525574 10.99999988079071
v 20.13499915599823 -3.6175000071525574 10.99999988079071
v 20.13499915599823 -3.4262499809265137 10.99999988079071
v 21.282498240470886 -3.6175000071525574 10.99999988079071
v 21.282498240470886 -3.4262499809265137 10.99999988079071
v 15.916664958000183 -3.25 10.99999988079071
v 10.083332896232605 -3.25 10.99999988079071
v 3.749998927116394 6.75 7.5
v 3.749998927116394 6.25 7.5
v 3.749998927116394 6.25 8.0
v 3.749998927116394 6.25 8.49999988079071
v 3.749998927116394 6.75 8.49999988079071
v 3.749998927116394 6.75 8.0
v 3.249998927116394 6.25 10.499999885447323
v 3.249998927116394 5.25 10.499999885447323
v 6.333332896232605 5.25 10.499999885447323
v 9.416664958000183 5.25 10.499999885447323
v 12.500000834465027 5.25 10.499999885447323
v 15.583332896232605 5.25 10.499999885447323
v 18.666664958000183 5.25 10.499999885447323
v 21.750000834465027 5.25 10.499999885447323
v 22.250000834465027 5.25 10.499999885447323
v 20.01749885082245 5.75 10.499999885447323
v 21.22874915599823 5.75 10.499999885447323
v 20.01749885082245 5.494999885559082 10.499999885447323
v 21.22874915599823 5.494999885559082 10.499999885447323
v 22.250000834465027 6.25 10.499999885447323
v 21.750000834465027 6.25 10.499999885447323
v 20.01749885082245 6.005000114440918 10.499999885447323
v 21.22874915599823 6.005000114440918 10.499999885447323
v 18.666664958000183 6.25 10.499999885447323
v 15.583332896232605 6.25 10.499999885447323
v 12.500000834465027 6.25 10.499999885447323
v 9.416664958000183 6.25 10.499999885447323
v 6.333332896232605 6.25 10.499999885447323
v 3.749998927116394 6.75 4.5
v 3.749998927116394 6.25 4.5
v 3.749998927116394 6.25 5.0
v 3.749998927116394 6.25 5.5
v 3.749998927116394 6.75 5.5
v 3.749998927116394 6.75 5.0
v 3.749998927116394 6.75 1.5
v 3.749998927116394 6.25 1.5
v 3.749998927116394 6.25 2.0
v 3.749998927116394 6.25 2.5
v 3.749998927116394 6.75 2.5
v 3.749998927116394 6.75 2.0
v 3.249998927116394 7.75 9.99999988079071
v 3.249998927116394 6.25 9.99999988079071
v 7.874998927116394 6.25 9.99999988079071
v 12.500000834465027 6.25 9.99999988079071
v 17.125000834465027 6.25 9.99999988079071
v 21.750000834465027 6.25 9.99999988079071
v 22.250000834465027 6.25 9.99999988079071
v 19.209999918937683 7.0 9.99999988079071
v 20.824997782707214 7.0 9.99999988079071
v 19.209999918937683 6.617500305175781 9.99999988079071
v 20.824997782707214 6.617500305175781 9.99999988079071
v 22.250000834465027 7.75 9.99999988079071
v 17.500000834465027 7.75 9.99999988079071
v 12.750000834465027 7.75 9.99999988079071
v 7.999998927116394 7.75 9.99999988079071
v 3.749998927116394 6.75 -1.5
v 3.749998927116394 6.25 -1.5
v 3.749998927116394 6.25 -1.0
v 3.749998927116394 6.25 -0.5
v 3.749998927116394 6.75 -0.5
v 3.749998927116394 6.75 -1.0
v 3.249998927116394 6.75 7.5
v 3.749998927116394 6.75 7.5
v 3.249998927116394 6.25 7.5
v 3.749998927116394 6.25 7.5
v 3.249998927116394 6.75 4.5
v 3.749998927116394 6.75 4.5
v 3.249998927116394 6.25 4.5
v 3.749998927116394 6.25 4.5
v 3.249998927116394 6.25 1.5
v 3.249998927116394 6.75 1.5
v 3.749998927116394 6.25 1.5
v 3.749998927116394 6.75 1.5
v 3.249998927116394 7.255000114440918 -1.1000003814697266
v 3.249998927116394 7.255000114440918 0.9399995803833008
v 3.249998927116394 7.255000114440918 2.9800000190734863
v 3.249998927116394 7.255000114440918 5.019999980926514
v 3.249998927116394 7.255000114440918 7.059999942779541
v 3.249998927116394 7.765000343322754 -1.1000003814697266
v 3.249998927116394 7.765000343322754 0.9399995803833008
v 3.249998927116394 7.765000343322754 2.9800000190734863
v 3.249998927116394 7.765000343322754 5.019999980926514
v 3.249998927116394 7.765000343322754 7.059999942779541
v 3.249998927116394 8.274999618530273 -1.1000003814697266
v 3.249998927116394 8.274999618530273 0.9399995803833008
v 3.249998927116394 8.274999618530273 2.9800000190734863
v 3.249998927116394 8.274999618530273 5.019999980926514
v 3.249998927116394 8.274999618530273 7.059999942779541
v 3.249998927116394 8.274999618530273 9.099999904632568
v 3.249998927116394 6.75 -3.0
v 3.249998927116394 8.25 -3.0
v 3.249998927116394 8.75 -3.0
v 3.249998927116394 8.75 -1.5555553436279297
v 3.249998927116394 8.75 -0.11111164093017578
v 3.249998927116394 8.75 1.3333330154418945
v 3.249998927116394 8.75 2.777777671813965
v 3.249998927116394 8.75 4.222222328186035
v 3.249998927116394 8.75 5.666666507720947
v 3.249998927116394 8.75 7.1111109256744385
v 3.249998927116394 8.75 8.55555546283722
v 3.249998927116394 8.75 9.99999988079071
v 3.249998927116394 8.25 9.99999988079071
v 3.249998927116394 8.25 10.499999885447323
v 3.249998927116394 7.75 10.499999885447323
v 3.249998927116394 6.75 10.499999885447323
v 3.249998927116394 6.75 10.99999988079071
v 3.249998927116394 6.25 10.99999988079071
v 3.249998927116394 5.25 10.99999988079071
v 3.249998927116394 5.25 10.499999885447323
v 3.249998927116394 6.25 10.499999885447323
v 3.249998927116394 6.25 9.99999988079071
v 3.249998927116394 7.75 9.99999988079071
v 3.249998927116394 7.75 9.49999988079071
v 3.249998927116394 7.75 8.99999988079071
v 3.249998927116394 6.75 8.99999988079071
v 3.249998927116394 6.75 8.49999988079071
v 3.249998927116394 6.25 8.49999988079071
v 3.249998927116394 6.25 8.0
v 3.249998927116394 6.25 7.5
v 3.249998927116394 6.75 7.5
v 3.249998927116394 6.75 6.5
v 3.249998927116394 6.75 5.5
v 3.249998927116394 6.25 5.5
v 3.249998927116394 6.25 5.0
v 3.249998927116394 6.25 4.5
v 3.249998927116394 6.75 4.5
v 3.249998927116394 6.75 3.5
v 3.249998927116394 6.75 2.5
v 3.249998927116394 6.25 2.5
v 3.249998927116394 6.25 2.0
v 3.249998927116394 6.25 1.5
v 3.249998927116394 6.75 1.5
v 3.249998927116394 6.75 0.5
v 3.249998927116394 6.75 -0.5
v 3.249998927116394 6.25 -0.5
v 3.249998927116394 6.25 -1.0
v 3.249998927116394 6.25 -1.5
v 3.249998927116394 6.75 -1.5
v 3.249998927116394 6.75 -2.0
v 3.249998927116394 6.25 -1.5
v 3.249998927116394 6.75 -1.5
v 3.749998927116394 6.25 -1.5
v 3.749998927116394 6.75 -1.5
v 4.249998927116394 -5.75 10.499999885447323
v 8.624998927116394 -5.75 10.499999885447323
v 13.000000834465027 -5.75 10.499999885447323
v 17.375000834465027 -5.75 10.499999885447323
v 21.750000834465027 -5.75 10.499999885447323
v 22.250000834465027 -5.75 10.499999885447323
v 19.369999766349792 -5.25 10.499999885447323
v 20.899998545646667 -5.25 10.499999885447323
v 19.369999766349792 -5.504999995231628 10.499999885447323
v 20.899998545646667 -5.504999995231628 10.499999885447323
v 22.250000834465027 -4.75 10.499999885447323
v 21.750000834465027 -4.75 10.499999885447323
v 19.369999766349792 -4.995000004768372 10.499999885447323
v 20.899998545646667 -4.995000004768372 10.499999885447323
v 17.375000834465027 -4.75 10.499999885447323
v 13.000000834465027 -4.75 10.499999885447323
v 8.624998927116394 -4.75 10.499999885447323
v 4.249998927116394 -4.75 10.499999885447323
v 22.250000834465027 -2.6692856550216675 10.796428471803665
v 22.250000834465027 -2.6692856550216675 11.160714149475098
v 22.250000834465027 -0.5564286708831787 10.796428471803665
v 22.250000834465027 -0.5564286708831787 11.160714149475098
v 22.250000834465027 1.5564284324645996 10.796428471803665
v 22.250000834465027 1.5564284324645996 11.160714149475098
v 22.250000834465027 3.669285774230957 10.796428471803665
v 22.250000834465027 5.782142639160156 9.703571319580078
v 22.250000834465027 -6.75 8.99999988079071
v 22.250000834465027 -6.25 8.99999988079071
v 22.250000834465027 -5.75 8.99999988079071
v 22.250000834465027 -5.75 9.49999988079071
v 22.250000834465027 -4.75 9.49999988079071
v 22.250000834465027 -4.75 9.99999988079071
v 22.250000834465027 -3.25 9.99999988079071
v 22.250000834465027 -3.25 10.499999885447323
v 22.250000834465027 -2.6692856550216675 10.614285603165627
v 22.250000834465027 -3.7257142663002014 10.796428471803665
v 22.250000834465027 -3.7257142663002014 10.614285603165627
v 22.250000834465027 -1.8499999046325684 10.499999885447323
v 22.250000834465027 -0.4500000476837158 10.499999885447323
v 22.250000834465027 0.9499998092651367 10.499999885447323
v 22.250000834465027 2.3499999046325684 10.499999885447323
v 22.250000834465027 3.75 10.499999885447323
v 22.250000834465027 3.75 9.99999988079071
v 22.250000834465027 4.725714683532715 10.796428471803665
v 22.250000834465027 3.669285774230957 10.614285603165627
v 22.250000834465027 4.725714683532715 10.614285603165627
v 22.250000834465027 5.782142639160156 9.885714173316956
v 22.250000834465027 5.25 9.99999988079071
v 22.250000834465027 5.25 9.49999988079071
v 22.250000834465027 6.25 9.49999988079071
v 22.250000834465027 6.25 8.99999988079071
v 22.250000834465027 6.838571548461914 9.703571319580078
v 22.250000834465027 7.75 8.99999988079071
v 22.250000834465027 7.75 9.99999988079071
v 22.250000834465027 6.25 9.99999988079071
v 22.250000834465027 6.25 10.499999885447323
v 22.250000834465027 6.838571548461914 9.885714173316956
v 22.250000834465027 5.25 10.499999885447323
v 22.250000834465027 5.25 10.99999988079071
v 22.250000834465027 3.75 10.99999988079071
v 22.250000834465027 3.75 11.49999988079071
v 22.250000834465027 2.3499999046325684 11.49999988079071
v 22.250000834465027 0.9499998092651367 11.49999988079071
v 22.250000834465027 -0.4500000476837158 11.49999988079071
v 22.250000834465027 -1.8499999046325684 11.49999988079071
v 22.250000834465027 -3.25 11.49999988079071
v 22.250000834465027 -3.25 10.99999988079071
v 22.250000834465027 -2.6692856550216675 10.978571325540543
v 22.250000834465027 -4.75 10.99999988079071
v 22.250000834465027 -4.75 10.499999885447323
v 22.250000834465027 -5.75 10.499999885447323
v 22.250000834465027 -5.75 9.99999988079071
v 22.250000834465027 -6.75 9.99999988079071
v 4.249998927116394 -6.75 9.99999988079071
v 7.166664958000183 -6.75 9.99999988079071
v 10.083332896232605 -6.75 9.99999988079071
v 13.000000834465027 -6.75 9.99999988079071
v 15.916664958000183 -6.75 9.99999988079071
v 18.833332896232605 -6.75 9.99999988079071
v 21.750000834465027 -6.75 9.99999988079071
v 22.250000834465027 -6.75 9.99999988079071
v 20.13499915599823 -6.25 9.99999988079071
v 21.282498240470886 -6.25 9.99999988079071
v 20.13499915599823 -6.505000114440918 9.99999988079071
v 21.282498240470886 -6.505000114440918 9.99999988079071
v 22.250000834465027 -5.75 9.99999988079071
v 21.750000834465027 -5.75 9.99999988079071
v 20.13499915599823 -5.995000004768372 9.99999988079071
v 21.282498240470886 -5.995000004768372 9.99999988079071
v 18.833332896232605 -5.75 9.99999988079071
v 15.916664958000183 -5.75 9.99999988079071
v 13.000000834465027 -5.75 9.99999988079071
v 10.083332896232605 -5.75 9.99999988079071
v 7.166664958000183 -5.75 9.99999988079071
v 4.249998927116394 -5.75 9.99999988079071
v 4.249998927116394 -6.25 9.99999988079071
v 6.364998698234558 -6.25 9.99999988079071
v 6.364998698234558 -5.995000004768372 9.99999988079071
v 5.217499613761902 -6.25 9.99999988079071
v 5.217499613761902 -5.995000004768372 9.99999988079071
v 6.364998698234558 -6.505000114440918 9.99999988079071
v 5.217499613761902 -6.505000114440918 9.99999988079071
v 4.249998927116394 -4.5107142850756645 11.796428442001343
v 4.249998927116394 -2.106428623199463 11.796428442001343
v 4.249998927116394 -2.106428623199463 12.160714149475098
v 4.249998927116394 0.29785728454589844 11.796428442001343
v 4.249998927116394 0.29785728454589844 12.160714149475098
v 4.249998927116394 2.7021427154541016 11.796428442001343
v 4.249998927116394 2.7021427154541016 12.160714149475098
v 4.249998927116394 5.106428146362305 11.796428442001343
v 4.249998927116394 7.510714530944824 10.703571319580078
v 4.249998927116394 -6.75 9.99999988079071
v 4.249998927116394 -6.25 9.99999988079071
v 4.249998927116394 -5.75 9.99999988079071
v 4.249998927116394 -5.75 10.499999885447323
v 4.249998927116394 -4.75 10.499999885447323
v 4.249998927116394 -4.75 10.99999988079071
v 4.249998927116394 -3.25 10.99999988079071
v 4.249998927116394 -3.25 11.49999988079071
v 4.249998927116394 -2.106428623199463 11.614285588264465
v 4.249998927116394 -3.308571457862854 11.796428442001343
v 4.249998927116394 -4.5107142850756645 11.614285588264465
v 4.249998927116394 -3.308571457862854 11.614285588264465
v 4.249998927116394 -1.5 11.49999988079071
v 4.249998927116394 0.25 11.49999988079071
v 4.249998927116394 2.0 11.49999988079071
v 4.249998927116394 3.75 11.49999988079071
v 4.249998927116394 5.25 11.49999988079071
v 4.249998927116394 5.25 10.99999988079071
v 4.249998927116394 6.308571815490723 11.796428442001343
v 4.249998927116394 5.106428146362305 11.614285588264465
v 4.249998927116394 6.308571815490723 11.614285588264465
v 4.249998927116394 7.510714530944824 10.885714173316956
v 4.249998927116394 6.75 10.99999988079071
v 4.249998927116394 6.75 10.499999885447323
v 4.249998927116394 8.25 10.499999885447323
v 4.249998927116394 8.25 9.99999988079071
v 4.249998927116394 8.712857246398926 10.703571319580078
v 4.249998927116394 9.75 9.99999988079071
v 4.249998927116394 9.75 10.99999988079071
v 4.249998927116394 8.25 10.99999988079071
v 4.249998927116394 8.25 11.49999988079071
v 4.249998927116394 8.712857246398926 10.885714173316956
v 4.249998927116394 7.25 11.49999988079071
v 4.249998927116394 7.25 11.99999988079071
v 4.249998927116394 6.25 11.99999988079071
v 4.249998927116394 5.25 11.99999988079071
v 4.249998927116394 5.25 12.5
v 4.249998927116394 3.6499996185302734 12.5
v 4.249998927116394 2.0500001907348633 12.5
v 4.249998927116394 0.4499998092651367 12.5
v 4.249998927116394 -1.1500000953674316 12.5
v 4.249998927116394 -2.75 12.5
v 4.249998927116394 -2.75 11.99999988079071
v 4.249998927116394 -2.106428623199463 11.97857129573822
v 4.249998927116394 -3.75 11.99999988079071
v 4.249998927116394 -4.75 11.99999988079071
v 4.249998927116394 -4.75 11.49999988079071
v 4.249998927116394 -5.75 11.49999988079071
v 4.249998927116394 -5.75 10.99999988079071
v 4.249998927116394 -6.75 10.99999988079071
v -4.250001072883606 -6.75 10.99999988079071
v -1.583335041999817 -6.75 10.99999988079071
v 1.083332896232605 -6.75 10.99999988079071
v 3.749998927116394 -6.75 10.99999988079071
v 4.249998927116394 -6.75 10.99999988079071
v 2.167498469352722 -6.25 10.99999988079071
v 3.2512482404708862 -6.25 10.99999988079071
v 2.167498469352722 -6.505000114440918 10.99999988079071
v 3.2512482404708862 -6.505000114440918 10.99999988079071
v 4.249998927116394 -5.75 10.99999988079071
v 3.749998927116394 -5.75 10.99999988079071
v 2.167498469352722 -5.995000004768372 10.99999988079071
v 3.2512482404708862 -5.995000004768372 10.99999988079071
v 1.083332896232605 -5.75 10.99999988079071
v -1.583335041999817 -5.75 10.99999988079071
v -4.250001072883606 -5.75 10.99999988079071
v -4.250001072883606 -4.5107142850756645 11.796428442001343
v -4.250001072883606 -2.106428623199463 12.160714149475098
v -4.250001072883606 -2.106428623199463 11.796428442001343
v -4.250001072883606 0.29785728454589844 12.160714149475098
v -4.250001072883606 0.29785728454589844 11.796428442001343
v -4.250001072883606 2.7021427154541016 12.160714149475098
v -4.250001072883606 2.7021427154541016 11.796428442001343
v -4.250001072883606 5.106428146362305 11.796428442001343
v -4.250001072883606 7.510714530944824 10.703571319580078
v -4.250001072883606 -5.75 9.99999988079071
v -4.250001072883606 -6.75 9.99999988079071
v -4.250001072883606 -6.75 10.499999885447323
v -4.250001072883606 -6.75 10.99999988079071
v -4.250001072883606 -5.75 10.99999988079071
v -4.250001072883606 -5.75 11.49999988079071
v -4.250001072883606 -4.5107142850756645 11.614285588264465
v -4.250001072883606 -4.75 11.49999988079071
v -4.250001072883606 -4.75 11.99999988079071
v -4.250001072883606 -3.75 11.99999988079071
v -4.250001072883606 -2.75 11.99999988079071
v -4.250001072883606 -2.75 12.5
v -4.250001072883606 -2.106428623199463 11.97857129573822
v -4.250001072883606 -3.308571457862854 11.796428442001343
v -4.250001072883606 -1.1500000953674316 12.5
v -4.250001072883606 0.4499998092651367 12.5
v -4.250001072883606 2.0500001907348633 12.5
v -4.250001072883606 3.6499996185302734 12.5
v -4.250001072883606 5.25 12.5
v -4.250001072883606 5.25 11.99999988079071
v -4.250001072883606 6.308571815490723 11.796428442001343
v -4.250001072883606 6.25 11.99999988079071
v -4.250001072883606 7.25 11.99999988079071
v -4.250001072883606 7.25 11.49999988079071
v -4.250001072883606 5.106428146362305 11.614285588264465
v -4.250001072883606 6.308571815490723 11.614285588264465
v -4.250001072883606 8.25 11.49999988079071
v -4.250001072883606 8.25 10.99999988079071
v -4.250001072883606 8.712857246398926 10.703571319580078
v -4.250001072883606 7.510714530944824 10.885714173316956
v -4.250001072883606 8.712857246398926 10.885714173316956
v -4.250001072883606 9.75 10.99999988079071
v -4.250001072883606 9.75 10.499999885447323
v -4.250001072883606 9.75 9.99999988079071
v -4.250001072883606 9.25 9.99999988079071
v -4.250001072883606 8.25 9.99999988079071
v -4.250001072883606 8.25 10.499999885447323
v -4.250001072883606 7.75 10.499999885447323
v -4.250001072883606 6.75 10.499999885447323
v -4.250001072883606 6.75 10.99999988079071
v -4.250001072883606 6.25 10.99999988079071
v -4.250001072883606 5.25 10.99999988079071
v -4.250001072883606 5.25 11.49999988079071
v -4.250001072883606 4.75 11.49999988079071
v -4.250001072883606 2.7021427154541016 11.614285588264465
v -4.250001072883606 3.904285430908203 11.796428442001343
v -4.250001072883606 3.904285430908203 11.614285588264465
v -4.250001072883606 3.75 11.49999988079071
v -4.250001072883606 2.0 11.49999988079071
v -4.250001072883606 0.25 11.49999988079071
v -4.250001072883606 -1.5 11.49999988079071
v -4.250001072883606 -3.25 11.49999988079071
v -4.250001072883606 -3.25 10.99999988079071
v -4.250001072883606 -2.106428623199463 11.614285588264465
v -4.250001072883606 -3.308571457862854 11.614285588264465
v -4.250001072883606 -4.75 10.99999988079071
v -4.250001072883606 -4.75 10.499999885447323
v -4.250001072883606 -5.75 10.499999885447323
v -22.250000834465027 5.25 10.99999988079071
v -22.250000834465027 3.75 10.99999988079071
v -17.625000834465027 3.75 10.99999988079071
v -13.000001072883606 3.75 10.99999988079071
v -8.375001072883606 3.75 10.99999988079071
v -3.750001072883606 3.75 10.99999988079071
v -3.250001072883606 3.75 10.99999988079071
v -6.290001034736633 4.5 10.99999988079071
v -4.675000309944153 4.5 10.99999988079071
v -6.290001034736633 4.117500305175781 10.99999988079071
v -4.675000309944153 4.117500305175781 10.99999988079071
v -3.250001072883606 5.25 10.99999988079071
v -3.750001072883606 5.25 10.99999988079071
v -6.290001034736633 4.882499694824219 10.99999988079071
v -4.675000309944153 4.882499694824219 10.99999988079071
v -4.250001072883606 5.25 10.99999988079071
v -8.750001072883606 5.25 10.99999988079071
v -13.250001072883606 5.25 10.99999988079071
v -17.750000834465027 5.25 10.99999988079071
v -3.750001072883606 6.75 7.5
v -3.750001072883606 6.25 7.5
v -3.750001072883606 6.25 8.0
v -3.750001072883606 6.25 8.49999988079071
v -3.750001072883606 6.75 8.49999988079071
v -3.750001072883606 6.75 8.0
v -4.250001072883606 6.25 7.5
v -4.250001072883606 6.75 7.5
v -4.250001072883606 6.75 8.0
v -4.250001072883606 6.75 8.49999988079071
v -4.250001072883606 6.25 8.49999988079071
v -4.250001072883606 6.25 8.0
v -4.250001072883606 6.25 7.5
v -4.250001072883606 6.75 7.5
v -3.750001072883606 6.25 7.5
v -3.750001072883606 6.75 7.5
v -5.250001072883606 6.75 7.5
v -5.250001072883606 6.25 7.5
v -5.250001072883606 6.25 8.0
v -5.250001072883606 6.25 8.49999988079071
v -5.250001072883606 6.75 8.49999988079071
v -5.250001072883606 6.75 8.0
v -5.750001072883606 6.25 7.5
v -5.750001072883606 6.75 7.5
v -5.750001072883606 6.75 8.0
v -5.750001072883606 6.75 8.49999988079071
v -5.750001072883606 6.25 8.49999988079071
v -5.750001072883606 6.25 8.0
v -5.750001072883606 6.25 7.5
v -5.750001072883606 6.75 7.5
v -5.250001072883606 6.25 7.5
v -5.250001072883606 6.75 7.5
v -6.750001072883606 6.75 7.5
v -6.750001072883606 6.25 7.5
v -6.750001072883606 6.25 8.0
v -6.750001072883606 6.25 8.49999988079071
v -6.750001072883606 6.75 8.49999988079071
v -6.750001072883606 6.75 8.0
v -7.250001072883606 6.25 7.5
v -7.250001072883606 6.75 7.5
v -7.250001072883606 6.75 8.0
v -7.250001072883606 6.75 8.49999988079071
v -7.250001072883606 6.25 8.49999988079071
v -7.250001072883606 6.25 8.0
v -7.250001072883606 6.25 7.5
v -7.250001072883606 6.75 7.5
v -6.750001072883606 6.25 7.5
v -6.750001072883606 6.75 7.5
v -3.750001072883606 6.75 4.5
v -3.750001072883606 6.25 4.5
v -3.750001072883606 6.25 5.0
v -3.750001072883606 6.25 5.5
v -3.750001072883606 6.75 5.5
v -3.750001072883606 6.75 5.0
v -4.250001072883606 6.25 4.5
v -4.250001072883606 6.75 4.5
v -4.250001072883606 6.75 5.0
v -4.250001072883606 6.75 5.5
v -4.250001072883606 6.25 5.5
v -4.250001072883606 6.25 5.0
v -4.250001072883606 6.25 4.5
v -4.250001072883606 6.75 4.5
v -3.750001072883606 6.25 4.5
v -3.750001072883606 6.75 4.5
v -8.250001072883606 6.75 7.5
v -8.250001072883606 6.25 7.5
v -8.250001072883606 6.25 8.0
v -8.250001072883606 6.25 8.49999988079071
v -8.250001072883606 6.75 8.49999988079071
v -8.250001072883606 6.75 8.0
v -8.750001072883606 6.25 7.5
v -8.750001072883606 6.75 7.5
v -8.750001072883606 6.75 8.0
v -8.750001072883606 6.75 8.49999988079071
v -8.750001072883606 6.25 8.49999988079071
v -8.750001072883606 6.25 8.0
v -8.750001072883606 6.25 7.5
v -8.750001072883606 6.75 7.5
v -8.250001072883606 6.25 7.5
v -8.250001072883606 6.75 7.5
v -5.250001072883606 6.75 4.5
v -5.250001072883606 6.25 4.5
v -5.250001072883606 6.25 5.0
v -5.250001072883606 6.25 5.5
v -5.250001072883606 6.75 5.5
v -5.250001072883606 6.75 5.0
v -5.750001072883606 6.25 4.5
v -5.750001072883606 6.75 4.5
v -5.750001072883606 6.75 5.0
v -5.750001072883606 6.75 5.5
v -5.750001072883606 6.25 5.5
v -5.750001072883606 6.25 5.0
v -5.750001072883606 6.25 4.5
v -5.750001072883606 6.75 4.5
v -5.250001072883606 6.25 4.5
v -5.250001072883606 6.75 4.5
v -9.750001072883606 6.75 7.5
v -9.750001072883606 6.25 7.5
v -9.750001072883606 6.25 8.0
v -9.750001072883606 6.25 8.49999988079071
v -9.750001072883606 6.75 8.49999988079071
v -9.750001072883606 6.75 8.0
v -10.250001072883606 6.25 7.5
v -10.250001072883606 6.75 7.5
v -10.250001072883606 6.75 8.0
v -10.250001072883606 6.75 8.49999988079071
v -10.250001072883606 6.25 8.49999988079071
v -10.250001072883606 6.25 8.0
v -10.250001072883606 6.25 7.5
v -10.250001072883606 6.75 7.5
v -9.750001072883606 6.25 7.5
v -9.750001072883606 6.75 7.5
v -6.750001072883606 6.75 4.5
v -6.750001072883606 6.25 4.5
v -6.750001072883606 6.25 5.0
v -6.750001072883606 6.25 5.5
v -6.750001072883606 6.75 5.5
v -6.750001072883606 6.75 5.0
v -7.250001072883606 6.25 4.5
v -7.250001072883606 6.75 4.5
v -7.250001072883606 6.75 5.0
v -7.250001072883606 6.75 5.5
v -7.250001072883606 6.25 5.5
v -7.250001072883606 6.25 5.0
v -7.250001072883606 6.25 4.5
v -7.250001072883606 6.75 4.5
v -6.750001072883606 6.25 4.5
v -6.750001072883606 6.75 4.5
v -3.750001072883606 6.75 1.5
v -3.750001072883606 6.25 1.5
v -3.750001072883606 6.25 2.0
v -3.750001072883606 6.25 2.5
v -3.750001072883606 6.75 2.5
v -3.750001072883606 6.75 2.0
v -4.250001072883606 6.25 1.5
v -4.250001072883606 6.75 1.5
v -4.250001072883606 6.75 2.0
v -4.250001072883606 6.75 2.5
v -4.250001072883606 6.25 2.5
v -4.250001072883606 6.25 2.0
v -4.250001072883606 6.25 1.5
v -4.250001072883606 6.75 1.5
v -3.750001072883606 6.25 1.5
v -3.750001072883606 6.75 1.5
v -11.250001072883606 6.75 7.5
v -11.250001072883606 6.25 7.5
v -11.250001072883606 6.25 8.0
v -11.250001072883606 6.25 8.49999988079071
v -11.250001072883606 6.75 8.49999988079071
v -11.250001072883606 6.75 8.0
v -11.750001072883606 6.25 7.5
v -11.750001072883606 6.75 7.5
v -11.750001072883606 6.75 8.0
v -11.750001072883606 6.75 8.49999988079071
v -11.750001072883606 6.25 8.49999988079071
v -11.750001072883606 6.25 8.0
v -11.750001072883606 6.25 7.5
v -11.750001072883606 6.75 7.5
v -11.250001072883606 6.25 7.5
v -11.250001072883606 6.75 7.5
v -8.250001072883606 6.75 4.5
v -8.250001072883606 6.25 4.5
v -8.250001072883606 6.25 5.0
v -8.250001072883606 6.25 5.5
v -8.250001072883606 6.75 5.5
v -8.250001072883606 6.75 5.0
v -8.750001072883606 6.25 4.5
v -8.750001072883606 6.75 4.5
v -8.750001072883606 6.75 5.0
v -8.750001072883606 6.75 5.5
v -8.750001072883606 6.25 5.5
v -8.750001072883606 6.25 5.0
v -8.750001072883606 6.25 4.5
v -8.750001072883606 6.75 4.5
v -8.250001072883606 6.25 4.5
v -8.250001072883606 6.75 4.5
v -5.250001072883606 6.75 1.5
v -5.250001072883606 6.25 1.5
v -5.250001072883606 6.25 2.0
v -5.250001072883606 6.25 2.5
v -5.250001072883606 6.75 2.5
v -5.250001072883606 6.75 2.0
v -5.750001072883606 6.25 1.5
v -5.750001072883606 6.75 1.5
v -5.750001072883606 6.75 2.0
v -5.750001072883606 6.75 2.5
v -5.750001072883606 6.25 2.5
v -5.750001072883606 6.25 2.0
v -5.750001072883606 6.25 1.5
v -5.750001072883606 6.75 1.5
v -5.250001072883606 6.25 1.5
v -5.250001072883606 6.75 1.5
v -12.750001072883606 6.75 7.5
v -12.750001072883606 6.25 7.5
v -12.750001072883606 6.25 8.0
v -12.750001072883606 6.25 8.49999988079071
v -12.750001072883606 6.75 8.49999988079071
v -12.750001072883606 6.75 8.0
v -13.250001072883606 6.25 7.5
v -13.250001072883606 6.75 7.5
v -13.250001072883606 6.75 8.0
v -13.250001072883606 6.75 8.49999988079071
v -13.250001072883606 6.25 8.49999988079071
v -13.250001072883606 6.25 8.0
v -13.250001072883606 6.25 7.5
v -13.250001072883606 6.75 7.5
v -12.750001072883606 6.25 7.5
v -12.750001072883606 6.75 7.5
v -9.750001072883606 6.75 4.5
v -9.750001072883606 6.25 4.5
v -9.750001072883606 6.25 5.0
v -9.750001072883606 6.25 5.5
v -9.750001072883606 6.75 5.5
v -9.750001072883606 6.75 5.0
v -10.250001072883606 6.25 4.5
v -10.250001072883606 6.75 4.5
v -10.250001072883606 6.75 5.0
v -10.250001072883606 6.75 5.5
v -10.250001072883606 6.25 5.5
v -10.250001072883606 6.25 5.0
v -10.250001072883606 6.25 4.5
v -10.250001072883606 6.75 4.5
v -9.750001072883606 6.25 4.5
v -9.750001072883606 6.75 4.5
v -6.750001072883606 6.75 1.5
v -6.750001072883606 6.25 1.5
v -6.750001072883606 6.25 2.0
v -6.750001072883606 6.25 2.5
v -6.750001072883606 6.75 2.5
v -6.750001072883606 6.75 2.0
v -7.250001072883606 6.25 1.5
v -7.250001072883606 6.75 1.5
v -7.250001072883606 6.75 2.0
v -7.250001072883606 6.75 2.5
v -7.250001072883606 6.25 2.5
v -7.250001072883606 6.25 2.0
v -7.250001072883606 6.25 1.5
v -7.250001072883606 6.75 1.5
v -6.750001072883606 6.25 1.5
v -6.750001072883606 6.75 1.5
v -3.750001072883606 6.75 -1.5
v -3.750001072883606 6.25 -1.5
v -3.750001072883606 6.25 -1.0
v -3.750001072883606 6.25 -0.5
v -3.750001072883606 6.75 -0.5
v -3.750001072883606 6.75 -1.0
v -4.250001072883606 6.25 -1.5
v -4.250001072883606 6.75 -1.5
v -4.250001072883606 6.75 -1.0
v -4.250001072883606 6.75 -0.5
v -4.250001072883606 6.25 -0.5
v -4.250001072883606 6.25 -1.0
v -4.250001072883606 6.25 -1.5
v -4.250001072883606 6.75 -1.5
v -3.750001072883606 6.25 -1.5
v -3.750001072883606 6.75 -1.5
v -14.250001072883606 6.75 7.5
v -14.250001072883606 6.25 7.5
v -14.250001072883606 6.25 8.0
v -14.250001072883606 6.25 8.49999988079071
v -14.250001072883606 6.75 8.49999988079071
v -14.250001072883606 6.75 8.0
v -14.750001072883606 6.25 7.5
v -14.750001072883606 6.75 7.5
v -14.750001072883606 6.75 8.0
v -14.750001072883606 6.75 8.49999988079071
v -14.750001072883606 6.25 8.49999988079071
v -14.750001072883606 6.25 8.0
v -14.750001072883606 6.25 7.5
v -14.750001072883606 6.75 7.5
v -14.250001072883606 6.25 7.5
v -14.250001072883606 6.75 7.5
v -11.250001072883606 6.75 4.5
v -11.250001072883606 6.25 4.5
v -11.250001072883606 6.25 5.0
v -11.250001072883606 6.25 5.5
v -11.250001072883606 6.75 5.5
v -11.250001072883606 6.75 5.0
v -11.750001072883606 6.25 4.5
v -11.750001072883606 6.75 4.5
v -11.750001072883606 6.75 5.0
v -11.750001072883606 6.75 5.5
v -11.750001072883606 6.25 5.5
v -11.750001072883606 6.25 5.0
v -11.750001072883606 6.25 4.5
v -11.750001072883606 6.75 4.5
v -11.250001072883606 6.25 4.5
v -11.250001072883606 6.75 4.5
v -8.250001072883606 6.75 1.5
v -8.250001072883606 6.25 1.5
v -8.250001072883606 6.25 2.0
v -8.250001072883606 6.25 2.5
v -8.250001072883606 6.75 2.5
v -8.250001072883606 6.75 2.0
v -8.750001072883606 6.25 1.5
v -8.750001072883606 6.75 1.5
v -8.750001072883606 6.75 2.0
v -8.750001072883606 6.75 2.5
v -8.750001072883606 6.25 2.5
v -8.750001072883606 6.25 2.0
v -8.750001072883606 6.25 1.5
v -8.750001072883606 6.75 1.5
v -8.250001072883606 6.25 1.5
v -8.250001072883606 6.75 1.5
v -5.250001072883606 6.75 -1.5
v -5.250001072883606 6.25 -1.5
v -5.250001072883606 6.25 -1.0
v -5.250001072883606 6.25 -0.5
v -5.250001072883606 6.75 -0.5
v -5.250001072883606 6.75 -1.0
v -5.750001072883606 6.25 -1.5
v -5.750001072883606 6.75 -1.5
v -5.750001072883606 6.75 -1.0
v -5.750001072883606 6.75 -0.5
v -5.750001072883606 6.25 -0.5
v -5.750001072883606 6.25 -1.0
v -5.750001072883606 6.25 -1.5
v -5.750001072883606 6.75 -1.5
v -5.250001072883606 6.25 -1.5
v -5.250001072883606 6.75 -1.5
v -15.750001072883606 6.75 7.5
v -15.750001072883606 6.25 7.5
v -15.750001072883606 6.25 8.0
v -15.750001072883606 6.25 8.49999988079071
v -15.750001072883606 6.75 8.49999988079071
v -15.750001072883606 6.75 8.0
v -16.250001072883606 6.25 7.5
v -16.250001072883606 6.75 7.5
v -16.250001072883606 6.75 8.0
v -16.250001072883606 6.75 8.49999988079071
v -16.250001072883606 6.25 8.49999988079071
v -16.250001072883606 6.25 8.0
v -16.250001072883606 6.25 7.5
v -16.250001072883606 6.75 7.5
v -15.750001072883606 6.25 7.5
v -15.750001072883606 6.75 7.5
v -12.750001072883606 6.75 4.5
v -12.750001072883606 6.25 4.5
v -12.750001072883606 6.25 5.0
v -12.750001072883606 6.25 5.5
v -12.750001072883606 6.75 5.5
v -12.750001072883606 6.75 5.0
v -13.250001072883606 6.25 4.5
v -13.250001072883606 6.75 4.5
v -13.250001072883606 6.75 5.0
v -13.250001072883606 6.75 5.5
v -13.250001072883606 6.25 5.5
v -13.250001072883606 6.25 5.0
v -13.250001072883606 6.25 4.5
v -13.250001072883606 6.75 4.5
v -12.750001072883606 6.25 4.5
v -12.750001072883606 6.75 4.5
v -9.750001072883606 6.75 1.5
v -9.750001072883606 6.25 1.5
v -9.750001072883606 6.25 2.0
v -9.750001072883606 6.25 2.5
v -9.750001072883606 6.75 2.5
v -9.750001072883606 6.75 2.0
v -10.250001072883606 6.25 1.5
v -10.250001072883606 6.75 1.5
v -10.250001072883606 6.75 2.0
v -10.250001072883606 6.75 2.5
v -10.250001072883606 6.25 2.5
v -10.250001072883606 6.25 2.0
v -10.250001072883606 6.25 1.5
v -10.250001072883606 6.75 1.5
v -9.750001072883606 6.25 1.5
v -9.750001072883606 6.75 1.5
v -6.750001072883606 6.75 -1.5
v -6.750001072883606 6.25 -1.5
v -6.750001072883606 6.25 -1.0
v -6.750001072883606 6.25 -0.5
v -6.750001072883606 6.75 -0.5
v -6.750001072883606 6.75 -1.0
v -7.250001072883606 6.25 -1.5
v -7.250001072883606 6.75 -1.5
v -7.250001072883606 6.75 -1.0
v -7.250001072883606 6.75 -0.5
v -7.250001072883606 6.25 -0.5
v -7.250001072883606 6.25 -1.0
v -7.250001072883606 6.25 -1.5
v -7.250001072883606 6.75 -1.5
v -6.750001072883606 6.25 -1.5
v -6.750001072883606 6.75 -1.5
v -17.250000834465027 6.75 7.5
v -17.250000834465027 6.25 7.5
v -17.250000834465027 6.25 8.0
v -17.250000834465027 6.25 8.49999988079071
v -17.250000834465027 6.75 8.49999988079071
v -17.250000834465027 6.75 8.0
v -17.750000834465027 6.25 7.5
v -17.750000834465027 6.75 7.5
v -17.750000834465027 6.75 8.0
v -17.750000834465027 6.75 8.49999988079071
v -17.750000834465027 6.25 8.49999988079071
v -17.750000834465027 6.25 8.0
v -17.750000834465027 6.25 7.5
v -17.750000834465027 6.75 7.5
v -17.250000834465027 6.25 7.5
v -17.250000834465027 6.75 7.5
v -14.250001072883606 6.75 4.5
v -14.250001072883606 6.25 4.5
v -14.250001072883606 6.25 5.0
v -14.250001072883606 6.25 5.5
v -14.250001072883606 6.75 5.5
v -14.250001072883606 6.75 5.0
v -14.750001072883606 6.25 4.5
v -14.750001072883606 6.75 4.5
v -14.750001072883606 6.75 5.0
v -14.750001072883606 6.75 5.5
v -14.750001072883606 6.25 5.5
v -14.750001072883606 6.25 5.0
v -14.750001072883606 6.25 4.5
v -14.750001072883606 6.75 4.5
v -14.250001072883606 6.25 4.5
v -14.250001072883606 6.75 4.5
v -11.250001072883606 6.75 1.5
v -11.250001072883606 6.25 1.5
v -11.250001072883606 6.25 2.0
v -11.250001072883606 6.25 2.5
v -11.250001072883606 6.75 2.5
v -11.250001072883606 6.75 2.0
v -11.750001072883606 6.25 1.5
v -11.750001072883606 6.75 1.5
v -11.750001072883606 6.75 2.0
v -11.750001072883606 6.75 2.5
v -11.750001072883606 6.25 2.5
v -11.750001072883606 6.25 2.0
v -11.750001072883606 6.25 1.5
v -11.750001072883606 6.75 1.5
v -11.250001072883606 6.25 1.5
v -11.250001072883606 6.75 1.5
v -8.250001072883606 6.75 -1.5
v -8.250001072883606 6.25 -1.5
v -8.250001072883606 6.25 -1.0
v -8.250001072883606 6.25 -0.5
v -8.250001072883606 6.75 -0.5
v -8.250001072883606 6.75 -1.0
v -8.750001072883606 6.25 -1.5
v -8.750001072883606 6.75 -1.5
v -8.750001072883606 6.75 -1.0
v -8.750001072883606 6.75 -0.5
v -8.750001072883606 6.25 -0.5
v -8.750001072883606 6.25 -1.0
v -8.750001072883606 6.25 -1.5
v -8.750001072883606 6.75 -1.5
v -8.250001072883606 6.25 -1.5
v -8.250001072883606 6.75 -1.5
v -18.750000834465027 6.75 7.5
v -18.750000834465027 6.25 7.5
v -18.750000834465027 6.25 8.0
v -18.750000834465027 6.25 8.49999988079071
v -18.750000834465027 6.75 8.49999988079071
v -18.750000834465027 6.75 8.0
v -19.250000834465027 6.25 7.5
v -19.250000834465027 6.75 7.5
v -19.250000834465027 6.75 8.0
v -19.250000834465027 6.75 8.49999988079071
v -19.250000834465027 6.25 8.49999988079071
v -19.250000834465027 6.25 8.0
v -19.250000834465027 6.25 7.5
v -19.250000834465027 6.75 7.5
v -18.750000834465027 6.25 7.5
v -18.750000834465027 6.75 7.5
v -15.750001072883606 6.75 4.5
v -15.750001072883606 6.25 4.5
v -15.750001072883606 6.25 5.0
v -15.750001072883606 6.25 5.5
v -15.750001072883606 6.75 5.5
v -15.750001072883606 6.75 5.0
v -16.250001072883606 6.25 4.5
v -16.250001072883606 6.75 4.5
v -16.250001072883606 6.75 5.0
v -16.250001072883606 6.75 5.5
v -16.250001072883606 6.25 5.5
v -16.250001072883606 6.25 5.0
v -16.250001072883606 6.25 4.5
v -16.250001072883606 6.75 4.5
v -15.750001072883606 6.25 4.5
v -15.750001072883606 6.75 4.5
v -12.750001072883606 6.75 1.5
v -12.750001072883606 6.25 1.5
v -12.750001072883606 6.25 2.0
v -12.750001072883606 6.25 2.5
v -12.750001072883606 6.75 2.5
v -12.750001072883606 6.75 2.0
v -13.250001072883606 6.25 1.5
v -13.250001072883606 6.75 1.5
v -13.250001072883606 6.75 2.0
v -13.250001072883606 6.75 2.5
v -13.250001072883606 6.25 2.5
v -13.250001072883606 6.25 2.0
v -13.250001072883606 6.25 1.5
v -13.250001072883606 6.75 1.5
v -12.750001072883606 6.25 1.5
v -12.750001072883606 6.75 1.5
v -9.750001072883606 6.75 -1.5
v -9.750001072883606 6.25 -1.5
v -9.750001072883606 6.25 -1.0
v -9.750001072883606 6.25 -0.5
v -9.750001072883606 6.75 -0.5
v -9.750001072883606 6.75 -1.0
v -10.250001072883606 6.25 -1.5
v -10.250001072883606 6.75 -1.5
v -10.250001072883606 6.75 -1.0
v -10.250001072883606 6.75 -0.5
v -10.250001072883606 6.25 -0.5
v -10.250001072883606 6.25 -1.0
v -10.250001072883606 6.25 -1.5
v -10.250001072883606 6.75 -1.5
v -9.750001072883606 6.25 -1.5
v -9.750001072883606 6.75 -1.5
v -20.250000834465027 6.75 7.5
v -20.250000834465027 6.25 7.5
v -20.250000834465027 6.25 8.0
v -20.250000834465027 6.25 8.49999988079071
v -20.250000834465027 6.75 8.49999988079071
v -20.250000834465027 6.75 8.0
v -20.750000834465027 6.25 7.5
v -20.750000834465027 6.75 7.5
v -20.750000834465027 6.75 8.0
v -20.750000834465027 6.75 8.49999988079071
v -20.750000834465027 6.25 8.49999988079071
v -20.750000834465027 6.25 8.0
v -20.750000834465027 6.25 7.5
v -20.750000834465027 6.75 7.5
v -20.250000834465027 6.25 7.5
v -20.250000834465027 6.75 7.5
v -17.250000834465027 6.75 4.5
v -17.250000834465027 6.25 4.5
v -17.250000834465027 6.25 5.0
v -17.250000834465027 6.25 5.5
v -17.250000834465027 6.75 5.5
v -17.250000834465027 6.75 5.0
v -17.750000834465027 6.25 4.5
v -17.750000834465027 6.75 4.5
v -17.750000834465027 6.75 5.0
v -17.750000834465027 6.75 5.5
v -17.750000834465027 6.25 5.5
v -17.750000834465027 6.25 5.0
v -17.750000834465027 6.25 4.5
v -17.750000834465027 6.75 4.5
v -17.250000834465027 6.25 4.5
v -17.250000834465027 6.75 4.5
v -14.250001072883606 6.75 1.5
v -14.250001072883606 6.25 1.5
v -14.250001072883606 6.25 2.0
v -14.250001072883606 6.25 2.5
v -14.250001072883606 6.75 2.5
v -14.250001072883606 6.75 2.0
v -14.750001072883606 6.25 1.5
v -14.750001072883606 6.75 1.5
v -14.750001072883606 6.75 2.0
v -14.750001072883606 6.75 2.5
v -14.750001072883606 6.25 2.5
v -14.750001072883606 6.25 2.0
v -14.750001072883606 6.25 1.5
v -14.750001072883606 6.75 1.5
v -14.250001072883606 6.25 1.5
v -14.250001072883606 6.75 1.5
v -11.250001072883606 6.75 -1.5
v -11.250001072883606 6.25 -1.5
v -11.250001072883606 6.25 -1.0
v -11.250001072883606 6.25 -0.5
v -11.250001072883606 6.75 -0.5
v -11.250001072883606 6.75 -1.0
v -11.750001072883606 6.25 -1.5
v -11.750001072883606 6.75 -1.5
v -11.750001072883606 6.75 -1.0
v -11.750001072883606 6.75 -0.5
v -11.750001072883606 6.25 -0.5
v -11.750001072883606 6.25 -1.0
v -11.750001072883606 6.25 -1.5
v -11.750001072883606 6.75 -1.5
v -11.250001072883606 6.25 -1.5
v -11.250001072883606 6.75 -1.5
v -18.750000834465027 6.75 4.5
v -18.750000834465027 6.25 4.5
v -18.750000834465027 6.25 5.0
v -18.750000834465027 6.25 5.5
v -18.750000834465027 6.75 5.5
v -18.750000834465027 6.75 5.0
v -19.250000834465027 6.25 4.5
v -19.250000834465027 6.75 4.5
v -19.250000834465027 6.75 5.0
v -19.250000834465027 6.75 5.5
v -19.250000834465027 6.25 5.5
v -19.250000834465027 6.25 5.0
v -19.250000834465027 6.25 4.5
v -19.250000834465027 6.75 4.5
v -18.750000834465027 6.25 4.5
v -18.750000834465027 6.75 4.5
v -15.750001072883606 6.75 1.5
v -15.750001072883606 6.25 1.5
v -15.750001072883606 6.25 2.0
v -15.750001072883606 6.25 2.5
v -15.750001072883606 6.75 2.5
v -15.750001072883606 6.75 2.0
v -16.250001072883606 6.25 1.5
v -16.250001072883606 6.75 1.5
v -16.250001072883606 6.75 2.0
v -16.250001072883606 6.75 2.5
v -16.250001072883606 6.25 2.5
v -16.250001072883606 6.25 2.0
v -16.250001072883606 6.25 1.5
v -16.250001072883606 6.75 1.5
v -15.750001072883606 6.25 1.5
v -15.750001072883606 6.75 1.5
v -12.750001072883606 6.75 -1.5
v -12.750001072883606 6.25 -1.5
v -12.750001072883606 6.25 -1.0
v -12.750001072883606 6.25 -0.5
v -12.750001072883606 6.75 -0.5
v -12.750001072883606 6.75 -1.0
v -13.250001072883606 6.25 -1.5
v -13.250001072883606 6.75 -1.5
v -13.250001072883606 6.75 -1.0
v -13.250001072883606 6.75 -0.5
v -13.250001072883606 6.25 -0.5
v -13.250001072883606 6.25 -1.0
v -13.250001072883606 6.25 -1.5
v -13.250001072883606 6.75 -1.5
v -12.750001072883606 6.25 -1.5
v -12.750001072883606 6.75 -1.5
v -20.250000834465027 6.75 4.5
v -20.250000834465027 6.25 4.5
v -20.250000834465027 6.25 5.0
v -20.250000834465027 6.25 5.5
v -20.250000834465027 6.75 5.5
v -20.250000834465027 6.75 5.0
v -20.750000834465027 6.25 4.5
v -20.750000834465027 6.75 4.5
v -20.750000834465027 6.75 5.0
v -20.750000834465027 6.75 5.5
v -20.750000834465027 6.25 5.5
v -20.750000834465027 6.25 5.0
v -20.750000834465027 6.25 4.5
v -20.750000834465027 6.75 4.5
v -20.250000834465027 6.25 4.5
v -20.250000834465027 6.75 4.5
v -17.250000834465027 6.75 1.5
v -17.250000834465027 6.25 1.5
v -17.250000834465027 6.25 2.0
v -17.250000834465027 6.25 2.5
v -17.250000834465027 6.75 2.5
v -17.250000834465027 6.75 2.0
v -17.750000834465027 6.25 1.5
v -17.750000834465027 6.75 1.5
v -17.750000834465027 6.75 2.0
v -17.750000834465027 6.75 2.5
v -17.750000834465027 6.25 2.5
v -17.750000834465027 6.25 2.0
v -17.750000834465027 6.25 1.5
v -17.750000834465027 6.75 1.5
v -17.250000834465027 6.25 1.5
v -17.250000834465027 6.75 1.5
v -14.250001072883606 6.75 -1.5
v -14.250001072883606 6.25 -1.5
v -14.250001072883606 6.25 -1.0
v -14.250001072883606 6.25 -0.5
v -14.250001072883606 6.75 -0.5
v -14.250001072883606 6.75 -1.0
v -14.750001072883606 6.25 -1.5
v -14.750001072883606 6.75 -1.5
v -14.750001072883606 6.75 -1.0
v -14.750001072883606 6.75 -0.5
v -14.750001072883606 6.25 -0.5
v -14.750001072883606 6.25 -1.0
v -14.750001072883606 6.25 -1.5
v -14.750001072883606 6.75 -1.5
v -14.250001072883606 6.25 -1.5
v -14.250001072883606 6.75 -1.5
v -18.750000834465027 6.75 1.5
v -18.750000834465027 6.25 1.5
v -18.750000834465027 6.25 2.0
v -18.750000834465027 6.25 2.5
v -18.750000834465027 6.75 2.5
v -18.750000834465027 6.75 2.0
v -19.250000834465027 6.25 1.5
v -19.250000834465027 6.75 1.5
v -19.250000834465027 6.75 2.0
v -19.250000834465027 6.75 2.5
v -19.250000834465027 6.25 2.5
v -19.250000834465027 6.25 2.0
v -19.250000834465027 6.25 1.5
v -19.250000834465027 6.75 1.5
v -18.750000834465027 6.25 1.5
v -18.750000834465027 6.75 1.5
v -15.750001072883606 6.75 -1.5
v -15.750001072883606 6.25 -1.5
v -15.750001072883606 6.25 -1.0
v -15.750001072883606 6.25 -0.5
v -15.750001072883606 6.75 -0.5
v -15.750001072883606 6.75 -1.0
v -16.250001072883606 6.25 -1.5
v -16.250001072883606 6.75 -1.5
v -16.250001072883606 6.75 -1.0
v -16.250001072883606 6.75 -0.5
v -16.250001072883606 6.25 -0.5
v -16.250001072883606 6.25 -1.0
v -16.250001072883606 6.25 -1.5
v -16.250001072883606 6.75 -1.5
v -15.750001072883606 6.25 -1.5
v -15.750001072883606 6.75 -1.5
v -20.250000834465027 6.75 1.5
v -20.250000834465027 6.25 1.5
v -20.250000834465027 6.25 2.0
v -20.250000834465027 6.25 2.5
v -20.250000834465027 6.75 2.5
v -20.250000834465027 6.75 2.0
v -20.750000834465027 6.25 1.5
v -20.750000834465027 6.75 1.5
v -20.750000834465027 6.75 2.0
v -20.750000834465027 6.75 2.5
v -20.750000834465027 6.25 2.5
v -20.750000834465027 6.25 2.0
v -20.750000834465027 6.25 1.5
v -20.750000834465027 6.75 1.5
v -20.250000834465027 6.25 1.5
v -20.250000834465027 6.75 1.5
v -17.250000834465027 6.75 -1.5
v -17.250000834465027 6.25 -1.5
v -17.250000834465027 6.25 -1.0
v -17.250000834465027 6.25 -0.5
v -17.250000834465027 6.75 -0.5
v -17.250000834465027 6.75 -1.0
v -17.750000834465027 6.25 -1.5
v -17.750000834465027 6.75 -1.5
v -17.750000834465027 6.75 -1.0
v -17.750000834465027 6.75 -0.5
v -17.750000834465027 6.25 -0.5
v -17.750000834465027 6.25 -1.0
v -17.750000834465027 6.25 -1.5
v -17.750000834465027 6.75 -1.5
v -17.250000834465027 6.25 -1.5
v -17.250000834465027 6.75 -1.5
v -18.750000834465027 6.75 -1.5
v -18.750000834465027 6.25 -1.5
v -18.750000834465027 6.25 -1.0
v -18.750000834465027 6.25 -0.5
v -18.750000834465027 6.75 -0.5
v -18.750000834465027 6.75 -1.0
v -19.250000834465027 6.25 -1.5
v -19.250000834465027 6.75 -1.5
v -19.250000834465027 6.75 -1.0
v -19.250000834465027 6.75 -0.5
v -19.250000834465027 6.25 -0.5
v -19.250000834465027 6.25 -1.0
v -19.250000834465027 6.25 -1.5
v -19.250000834465027 6.75 -1.5
v -18.750000834465027 6.25 -1.5
v -18.750000834465027 6.75 -1.5
v -20.250000834465027 6.75 -1.5
v -20.250000834465027 6.25 -1.5
v -20.250000834465027 6.25 -1.0
v -20.250000834465027 6.25 -0.5
v -20.250000834465027 6.75 -0.5
v -20.250000834465027 6.75 -1.0
v -20.750000834465027 6.25 -1.5
v -20.750000834465027 6.75 -1.5
v -20.750000834465027 6.75 -1.0
v -20.750000834465027 6.75 -0.5
v -20.750000834465027 6.25 -0.5
v -20.750000834465027 6.25 -1.0
v -20.750000834465027 6.25 -1.5
v -20.750000834465027 6.75 -1.5
v -20.250000834465027 6.25 -1.5
v -20.250000834465027 6.75 -1.5
v -21.250000843778253 -5.25 7.0
v -21.250000843778253 -5.75 7.0
v -21.250000843778253 -5.75 8.49999988079071
v -21.250000843778253 -5.75 8.99999988079071
v -21.250000843778253 -5.25 8.99999988079071
v -21.250000843778253 -5.25 8.49999988079071
v -21.250000843778253 -5.25 8.0
v -21.250000843778253 -5.25 7.5
v -21.250000843778253 -5.25 4.0
v -21.250000843778253 -5.75 4.0
v -21.250000843778253 -5.75 5.5
v -21.250000843778253 -5.75 6.0
v -21.250000843778253 -5.25 6.0
v -21.250000843778253 -5.25 5.5
v -21.250000843778253 -5.25 5.0
v -21.250000843778253 -5.25 4.5
v -21.250000843778253 -5.25 1.0
v -21.250000843778253 -5.75 1.0
v -21.250000843778253 -5.75 2.5
v -21.250000843778253 -5.75 3.0
v -21.250000843778253 -5.25 3.0
v -21.250000843778253 -5.25 2.5
v -21.250000843778253 -5.25 2.0
v -21.250000843778253 -5.25 1.5
v -21.250000843778253 -5.25 -2.0
v -21.250000843778253 -5.75 -2.0
v -21.250000843778253 -5.75 -0.5
v -21.250000843778253 -5.75 0.0
v -21.250000843778253 -5.25 0.0
v -21.250000843778253 -5.25 -0.5
v -21.250000843778253 -5.25 -1.0
v -21.250000843778253 -5.25 -1.5
v -21.250000843778253 6.75 -3.0
v -21.250000843778253 6.75 -2.5
v -21.250000843778253 6.75 -2.0
v -21.250000843778253 6.75 -1.5
v -21.250000843778253 6.75 -1.0
v -21.250000843778253 6.75 -0.5
v -21.250000843778253 6.75 0.0
v -21.250000843778253 6.75 0.5
v -21.250000843778253 6.75 1.0
v -21.250000843778253 6.75 1.5
v -21.250000843778253 6.75 2.0
v -21.250000843778253 6.75 2.5
v -21.250000843778253 6.75 3.0
v -21.250000843778253 6.75 3.5
v -21.250000843778253 6.75 4.0
v -21.250000843778253 6.75 4.5
v -21.250000843778253 6.75 5.0
v -21.250000843778253 6.75 5.5
v -21.250000843778253 6.75 6.0
v -21.250000843778253 6.75 6.5
v -21.250000843778253 6.75 7.0
v -21.250000843778253 6.75 7.5
v -21.250000843778253 6.75 8.0
v -21.250000843778253 6.75 8.49999988079071
v -21.250000843778253 6.75 8.99999988079071
v -20.125000834465027 6.75 8.99999988079071
v -19.000000834465027 6.75 8.99999988079071
v -17.875000834465027 6.75 8.99999988079071
v -16.750001072883606 6.75 8.99999988079071
v -15.625001072883606 6.75 8.99999988079071
v -14.500001072883606 6.75 8.99999988079071
v -13.375001072883606 6.75 8.99999988079071
v -12.250001072883606 6.75 8.99999988079071
v -11.125001072883606 6.75 8.99999988079071
v -10.000001072883606 6.75 8.99999988079071
v -8.875001072883606 6.75 8.99999988079071
v -7.750001072883606 6.75 8.99999988079071
v -6.625001072883606 6.75 8.99999988079071
v -5.500001072883606 6.75 8.99999988079071
v -4.375001072883606 6.75 8.99999988079071
v -3.250001072883606 6.75 8.99999988079071
v -3.250001072883606 6.75 8.49999988079071
v -3.250001072883606 6.75 7.454545259475708
v -3.250001072883606 6.75 6.409090995788574
v -3.250001072883606 6.75 5.363636016845703
v -3.250001072883606 6.75 4.31818151473999
v -3.250001072883606 6.75 3.2727270126342773
v -3.250001072883606 6.75 2.2272729873657227
v -3.250001072883606 6.75 1.1818180084228516
v -3.250001072883606 6.75 0.13636398315429688
v -3.250001072883606 6.75 -0.9090909957885742
v -3.250001072883606 6.75 -1.9545459747314453
v -3.250001072883606 6.75 -3.0
v -4.375001072883606 6.75 -3.0
v -5.500001072883606 6.75 -3.0
v -6.625001072883606 6.75 -3.0
v -7.750001072883606 6.75 -3.0
v -8.875001072883606 6.75 -3.0
v -10.000001072883606 6.75 -3.0
v -11.125001072883606 6.75 -3.0
v -12.250001072883606 6.75 -3.0
v -13.375001072883606 6.75 -3.0
v -14.500001072883606 6.75 -3.0
v -15.625001072883606 6.75 -3.0
v -16.750001072883606 6.75 -3.0
v -17.875000834465027 6.75 -3.0
v -19.000000834465027 6.75 -3.0
v -20.125000834465027 6.75 -3.0
v -20.750000834465027 6.75 -1.5
v -20.250000834465027 6.75 -1.5
v -20.250000834465027 6.75 -0.5
v -20.750000834465027 6.75 -0.5
v -19.250000834465027 6.75 -1.5
v -18.750000834465027 6.75 -1.5
v -18.750000834465027 6.75 -0.5
v -19.250000834465027 6.75 -0.5
v -17.750000834465027 6.75 -1.5
v -17.250000834465027 6.75 -1.5
v -17.250000834465027 6.75 -0.5
v -17.750000834465027 6.75 -0.5
v -20.750000834465027 6.75 1.5
v -20.250000834465027 6.75 1.5
v -20.250000834465027 6.75 2.5
v -20.750000834465027 6.75 2.5
v -16.250001072883606 6.75 -1.5
v -15.750001072883606 6.75 -1.5
v -15.750001072883606 6.75 -0.5
v -16.250001072883606 6.75 -0.5
v -19.250000834465027 6.75 1.5
v -18.750000834465027 6.75 1.5
v -18.750000834465027 6.75 2.5
v -19.250000834465027 6.75 2.5
v -14.750001072883606 6.75 -1.5
v -14.250001072883606 6.75 -1.5
v -14.250001072883606 6.75 -0.5
v -14.750001072883606 6.75 -0.5
v -17.750000834465027 6.75 1.5
v -17.250000834465027 6.75 1.5
v -17.250000834465027 6.75 2.5
v -17.750000834465027 6.75 2.5
v -20.750000834465027 6.75 4.5
v -20.250000834465027 6.75 4.5
v -20.250000834465027 6.75 5.5
v -20.750000834465027 6.75 5.5
v -13.250001072883606 6.75 -1.5
v -12.750001072883606 6.75 -1.5
v -12.750001072883606 6.75 -0.5
v -13.250001072883606 6.75 -0.5
v -16.250001072883606 6.75 1.5
v -15.750001072883606 6.75 1.5
v -15.750001072883606 6.75 2.5
v -16.250001072883606 6.75 2.5
v -19.250000834465027 6.75 4.5
v -18.750000834465027 6.75 4.5
v -18.750000834465027 6.75 5.5
v -19.250000834465027 6.75 5.5
v -11.750001072883606 6.75 -1.5
v -11.250001072883606 6.75 -1.5
v -11.250001072883606 6.75 -0.5
v -11.750001072883606 6.75 -0.5
v -14.750001072883606 6.75 1.5
v -14.250001072883606 6.75 1.5
v -14.250001072883606 6.75 2.5
v -14.750001072883606 6.75 2.5
v -17.750000834465027 6.75 4.5
v -17.250000834465027 6.75 4.5
v -17.250000834465027 6.75 5.5
v -17.750000834465027 6.75 5.5
v -20.750000834465027 6.75 7.5
v -20.250000834465027 6.75 7.5
v -20.250000834465027 6.75 8.49999988079071
v -20.750000834465027 6.75 8.49999988079071
v -10.250001072883606 6.75 -1.5
v -9.750001072883606 6.75 -1.5
v -9.750001072883606 6.75 -0.5
v -10.250001072883606 6.75 -0.5
v -13.250001072883606 6.75 1.5
v -12.750001072883606 6.75 1.5
v -12.750001072883606 6.75 2.5
v -13.250001072883606 6.75 2.5
v -16.250001072883606 6.75 4.5
v -15.750001072883606 6.75 4.5
v -15.750001072883606 6.75 5.5
v -16.250001072883606 6.75 5.5
v -19.250000834465027 6.75 7.5
v -18.750000834465027 6.75 7.5
v -18.750000834465027 6.75 8.49999988079071
v -19.250000834465027 6.75 8.49999988079071
v -8.750001072883606 6.75 -1.5
v -8.250001072883606 6.75 -1.5
v -8.250001072883606 6.75 -0.5
v -8.750001072883606 6.75 -0.5
v -11.750001072883606 6.75 1.5
v -11.250001072883606 6.75 1.5
v -11.250001072883606 6.75 2.5
v -11.750001072883606 6.75 2.5
v -14.750001072883606 6.75 4.5
v -14.250001072883606 6.75 4.5
v -14.250001072883606 6.75 5.5
v -14.750001072883606 6.75 5.5
v -17.750000834465027 6.75 7.5
v -17.250000834465027 6.75 7.5
v -17.250000834465027 6.75 8.49999988079071
v -17.750000834465027 6.75 8.49999988079071
v -7.250001072883606 6.75 -1.5
v -6.750001072883606 6.75 -1.5
v -6.750001072883606 6.75 -0.5
v -7.250001072883606 6.75 -0.5
v -10.250001072883606 6.75 1.5
v -9.750001072883606 6.75 1.5
v -9.750001072883606 6.75 2.5
v -10.250001072883606 6.75 2.5
v -13.250001072883606 6.75 4.5
v -12.750001072883606 6.75 4.5
v -12.750001072883606 6.75 5.5
v -13.250001072883606 6.75 5.5
v -16.250001072883606 6.75 7.5
v -15.750001072883606 6.75 7.5
v -15.750001072883606 6.75 8.49999988079071
v -16.250001072883606 6.75 8.49999988079071
v -5.750001072883606 6.75 -1.5
v -5.250001072883606 6.75 -1.5
v -5.250001072883606 6.75 -0.5
v -5.750001072883606 6.75 -0.5
v -8.750001072883606 6.75 1.5
v -8.250001072883606 6.75 1.5
v -8.250001072883606 6.75 2.5
v -8.750001072883606 6.75 2.5
v -11.750001072883606 6.75 4.5
v -11.250001072883606 6.75 4.5
v -11.250001072883606 6.75 5.5
v -11.750001072883606 6.75 5.5
v -14.750001072883606 6.75 7.5
v -14.250001072883606 6.75 7.5
v -14.250001072883606 6.75 8.49999988079071
v -14.750001072883606 6.75 8.49999988079071
v -4.250001072883606 6.75 -1.5
v -3.750001072883606 6.75 -1.5
v -3.750001072883606 6.75 -0.5
v -4.250001072883606 6.75 -0.5
v -7.250001072883606 6.75 1.5
v -6.750001072883606 6.75 1.5
v -6.750001072883606 6.75 2.5
v -7.250001072883606 6.75 2.5
v -10.250001072883606 6.75 4.5
v -9.750001072883606 6.75 4.5
v -9.750001072883606 6.75 5.5
v -10.250001072883606 6.75 5.5
v -13.250001072883606 6.75 7.5
v -12.750001072883606 6.75 7.5
v -12.750001072883606 6.75 8.49999988079071
v -13.250001072883606 6.75 8.49999988079071
v -5.750001072883606 6.75 1.5
v -5.250001072883606 6.75 1.5
v -5.250001072883606 6.75 2.5
v -5.750001072883606 6.75 2.5
v -8.750001072883606 6.75 4.5
v -8.250001072883606 6.75 4.5
v -8.250001072883606 6.75 5.5
v -8.750001072883606 6.75 5.5
v -11.750001072883606 6.75 7.5
v -11.250001072883606 6.75 7.5
v -11.250001072883606 6.75 8.49999988079071
v -11.750001072883606 6.75 8.49999988079071
v -4.250001072883606 6.75 1.5
v -3.750001072883606 6.75 1.5
v -3.750001072883606 6.75 2.5
v -4.250001072883606 6.75 2.5
v -7.250001072883606 6.75 4.5
v -6.750001072883606 6.75 4.5
v -6.750001072883606 6.75 5.5
v -7.250001072883606 6.75 5.5
v -10.250001072883606 6.75 7.5
v -9.750001072883606 6.75 7.5
v -9.750001072883606 6.75 8.49999988079071
v -10.250001072883606 6.75 8.49999988079071
v -5.750001072883606 6.75 4.5
v -5.250001072883606 6.75 4.5
v -5.250001072883606 6.75 5.5
v -5.750001072883606 6.75 5.5
v -8.750001072883606 6.75 7.5
v -8.250001072883606 6.75 7.5
v -8.250001072883606 6.75 8.49999988079071
v -8.750001072883606 6.75 8.49999988079071
v -4.250001072883606 6.75 4.5
v -3.750001072883606 6.75 4.5
v -3.750001072883606 6.75 5.5
v -4.250001072883606 6.75 5.5
v -7.250001072883606 6.75 7.5
v -6.750001072883606 6.75 7.5
v -6.750001072883606 6.75 8.49999988079071
v -7.250001072883606 6.75 8.49999988079071
v -5.750001072883606 6.75 7.5
v -5.250001072883606 6.75 7.5
v -5.250001072883606 6.75 8.49999988079071
v -5.750001072883606 6.75 8.49999988079071
v -4.250001072883606 6.75 7.5
v -3.750001072883606 6.75 7.5
v -3.750001072883606 6.75 8.49999988079071
v -4.250001072883606 6.75 8.49999988079071
v -18.605385422706604 6.75 7.5899999141693115
v -18.605385422706604 6.75 6.059999942779541
v -20.017693161964417 6.75 7.5899999141693115
v -20.017693161964417 6.75 6.059999942779541
v -17.19307768344879 6.75 6.059999942779541
v -18.605385422706604 6.75 4.529999732971191
v -20.017693161964417 6.75 3.0
v -20.017693161964417 6.75 4.529999732971191
v -18.605385422706604 6.75 3.0
v -17.19307768344879 6.75 7.5899999141693115
v -15.780769944190979 6.75 6.059999942779541
v -14.368462204933167 6.75 6.059999942779541
v -12.956154942512512 6.75 6.059999942779541
v -17.19307768344879 6.75 4.529999732971191
v -17.19307768344879 6.75 3.0
v -15.780769944190979 6.75 3.0
v -14.368462204933167 6.75 3.0
v -12.956154942512512 6.75 3.0
v -11.5438472032547 6.75 6.059999942779541
v -20.017693161964417 6.75 -0.06000041961669922
v -20.017693161964417 6.75 1.4700002670288086
v -18.605385422706604 6.75 1.4700002670288086
v -17.19307768344879 6.75 1.4700002670288086
v -18.605385422706604 6.75 -0.06000041961669922
v -17.19307768344879 6.75 -0.06000041961669922
v -20.017693161964417 6.75 -1.5900001525878906
v -18.605385422706604 6.75 -1.5900001525878906
v -17.19307768344879 6.75 -1.5900001525878906
v -15.780769944190979 6.75 1.4700002670288086
v -14.368462204933167 6.75 1.4700002670288086
v -15.780769944190979 6.75 -0.06000041961669922
v -14.368462204933167 6.75 -0.06000041961669922
v -12.956154942512512 6.75 1.4700002670288086
v -12.956154942512512 6.75 -0.06000041961669922
v -15.780769944190979 6.75 -1.5900001525878906
v -14.368462204933167 6.75 -1.5900001525878906
v -12.956154942512512 6.75 -1.5900001525878906
v -11.5438472032547 6.75 1.4700002670288086
v -10.131539463996887 6.75 6.059999942779541
v -8.719231724739075 6.75 6.059999942779541
v -7.306923985481262 6.75 7.5899999141693115
v -7.306923985481262 6.75 6.059999942779541
v -11.5438472032547 6.75 3.0
v -10.131539463996887 6.75 3.0
v -7.306923985481262 6.75 4.529999732971191
v -8.719231724739075 6.75 3.0
v -7.306923985481262 6.75 3.0
v -5.89461624622345 6.75 7.5899999141693115
v -5.89461624622345 6.75 6.059999942779541
v -4.482308506965637 6.75 7.5899999141693115
v -4.482308506965637 6.75 6.059999942779541
v -5.89461624622345 6.75 4.529999732971191
v -5.89461624622345 6.75 3.0
v -4.482308506965637 6.75 4.529999732971191
v -4.482308506965637 6.75 3.0
v -11.5438472032547 6.75 -0.06000041961669922
v -10.131539463996887 6.75 1.4700002670288086
v -10.131539463996887 6.75 -0.06000041961669922
v -8.719231724739075 6.75 1.4700002670288086
v -7.306923985481262 6.75 1.4700002670288086
v -8.719231724739075 6.75 -0.06000041961669922
v -7.306923985481262 6.75 -0.06000041961669922
v -11.5438472032547 6.75 -1.5900001525878906
v -10.131539463996887 6.75 -1.5900001525878906
v -8.719231724739075 6.75 -1.5900001525878906
v -7.306923985481262 6.75 -1.5900001525878906
v -5.89461624622345 6.75 1.4700002670288086
v -5.89461624622345 6.75 -0.06000041961669922
v -4.482308506965637 6.75 1.4700002670288086
v -4.482308506965637 6.75 -0.06000041961669922
v -5.89461624622345 6.75 -1.5900001525878906
v -4.482308506965637 6.75 -1.5900001525878906
v -22.250000834465027 -6.75 9.99999988079071
v -19.33333420753479 -6.75 9.99999988079071
v -16.416667580604553 -6.75 9.99999988079071
v -13.500001072883606 -6.75 9.99999988079071
v -10.5833340883255 -6.75 9.99999988079071
v -7.666667103767395 -6.75 9.99999988079071
v -4.750001072883606 -6.75 9.99999988079071
v -4.250001072883606 -6.75 9.99999988079071
v -6.36500084400177 -6.25 9.99999988079071
v -5.217501759529114 -6.25 9.99999988079071
v -6.36500084400177 -6.505000114440918 9.99999988079071
v -5.217501759529114 -6.505000114440918 9.99999988079071
v -4.250001072883606 -5.75 9.99999988079071
v -4.750001072883606 -5.75 9.99999988079071
v -6.36500084400177 -5.995000004768372 9.99999988079071
v -5.217501759529114 -5.995000004768372 9.99999988079071
v -7.666667103767395 -5.75 9.99999988079071
v -10.5833340883255 -5.75 9.99999988079071
v -13.500001072883606 -5.75 9.99999988079071
v -16.416667580604553 -5.75 9.99999988079071
v -19.33333420753479 -5.75 9.99999988079071
v -22.250000834465027 -5.75 9.99999988079071
v -22.250000834465027 -5.75 10.499999885447323
v -19.33333420753479 -5.75 10.499999885447323
v -16.416667580604553 -5.75 10.499999885447323
v -13.500001072883606 -5.75 10.499999885447323
v -10.5833340883255 -5.75 10.499999885447323
v -7.666667103767395 -5.75 10.499999885447323
v -4.750001072883606 -5.75 10.499999885447323
v -4.250001072883606 -5.75 10.499999885447323
v -6.36500084400177 -5.25 10.499999885447323
v -5.217501759529114 -5.25 10.499999885447323
v -6.36500084400177 -5.504999995231628 10.499999885447323
v -5.217501759529114 -5.504999995231628 10.499999885447323
v -4.250001072883606 -4.75 10.499999885447323
v -4.750001072883606 -4.75 10.499999885447323
v -6.36500084400177 -4.995000004768372 10.499999885447323
v -5.217501759529114 -4.995000004768372 10.499999885447323
v -7.666667103767395 -4.75 10.499999885447323
v -10.5833340883255 -4.75 10.499999885447323
v -13.500001072883606 -4.75 10.499999885447323
v -16.416667580604553 -4.75 10.499999885447323
v -19.33333420753479 -4.75 10.499999885447323
v -22.250000834465027 -4.75 10.499999885447323
v -22.250000834465027 -4.75 10.99999988079071
v -16.416667580604553 -4.75 10.99999988079071
v -10.5833340883255 -4.75 10.99999988079071
v -4.750001072883606 -4.75 10.99999988079071
v -4.250001072883606 -4.75 10.99999988079071
v -8.660000920295715 -4.0 10.99999988079071
v -6.36500084400177 -4.0 10.99999988079071
v -8.660000920295715 -4.382500000298023 10.99999988079071
v -6.36500084400177 -4.382500000298023 10.99999988079071
v -5.217501759529114 -4.382500000298023 10.99999988079071
v -6.36500084400177 -4.573750004172325 10.99999988079071
v -5.217501759529114 -4.573750004172325 10.99999988079071
v -4.250001072883606 -3.25 10.99999988079071
v -4.750001072883606 -3.25 10.99999988079071
v -8.660000920295715 -3.6175000071525574 10.99999988079071
v -6.36500084400177 -3.6175000071525574 10.99999988079071
v -6.36500084400177 -3.4262499809265137 10.99999988079071
v -5.217501759529114 -3.6175000071525574 10.99999988079071
v -5.217501759529114 -3.4262499809265137 10.99999988079071
v -10.5833340883255 -3.25 10.99999988079071
v -16.416667580604553 -3.25 10.99999988079071
v -22.250000834465027 -3.25 10.99999988079071
v -22.250000834465027 -2.6692856550216675 11.160714149475098
v -22.250000834465027 -2.6692856550216675 10.796428471803665
v -22.250000834465027 -0.5564286708831787 11.160714149475098
v -22.250000834465027 -0.5564286708831787 10.796428471803665
v -22.250000834465027 1.5564284324645996 11.160714149475098
v -22.250000834465027 1.5564284324645996 10.796428471803665
v -22.250000834465027 3.669285774230957 10.796428471803665
v -22.250000834465027 5.782142639160156 9.703571319580078
v -22.250000834465027 -6.75 8.99999988079071
v -22.250000834465027 -6.75 9.49999988079071
v -22.250000834465027 -6.75 9.99999988079071
v -22.250000834465027 -5.75 9.99999988079071
v -22.250000834465027 -5.75 10.499999885447323
v -22.250000834465027 -4.75 10.499999885447323
v -22.250000834465027 -4.75 10.99999988079071
v -22.250000834465027 -2.6692856550216675 10.614285603165627
v -22.250000834465027 -3.7257142663002014 10.796428471803665
v -22.250000834465027 -3.7257142663002014 10.614285603165627
v -22.250000834465027 -2.6692856550216675 10.978571325540543
v -22.250000834465027 -3.25 10.99999988079071
v -22.250000834465027 -3.25 11.49999988079071
v -22.250000834465027 -1.8499999046325684 11.49999988079071
v -22.250000834465027 -0.4500000476837158 11.49999988079071
v -22.250000834465027 0.9499998092651367 11.49999988079071
v -22.250000834465027 2.3499999046325684 11.49999988079071
v -22.250000834465027 3.75 11.49999988079071
v -22.250000834465027 3.75 10.99999988079071
v -22.250000834465027 4.725714683532715 10.796428471803665
v -22.250000834465027 4.725714683532715 10.978571325540543
v -22.250000834465027 5.25 10.99999988079071
v -22.250000834465027 5.25 10.499999885447323
v -22.250000834465027 3.669285774230957 10.614285603165627
v -22.250000834465027 4.725714683532715 10.614285603165627
v -22.250000834465027 6.25 10.499999885447323
v -22.250000834465027 6.25 9.99999988079071
v -22.250000834465027 6.838571548461914 9.703571319580078
v -22.250000834465027 5.782142639160156 9.885714173316956
v -22.250000834465027 6.838571548461914 9.885714173316956
v -22.250000834465027 7.75 9.99999988079071
v -22.250000834465027 7.75 9.49999988079071
v -22.250000834465027 7.75 8.99999988079071
v -22.250000834465027 7.25 8.99999988079071
v -22.250000834465027 6.25 8.99999988079071
v -22.250000834465027 6.25 9.49999988079071
v -22.250000834465027 5.75 9.49999988079071
v -22.250000834465027 5.25 9.49999988079071
v -22.250000834465027 5.25 9.99999988079071
v -22.250000834465027 4.75 9.99999988079071
v -22.250000834465027 3.75 9.99999988079071
v -22.250000834465027 3.75 10.499999885447323
v -22.250000834465027 3.25 10.499999885447323
v -22.250000834465027 1.5564284324645996 10.614285603165627
v -22.250000834465027 2.6128573417663574 10.796428471803665
v -22.250000834465027 2.6128573417663574 10.614285603165627
v -22.250000834465027 1.9499998092651367 10.499999885447323
v -22.250000834465027 0.6500000953674316 10.499999885447323
v -22.250000834465027 -0.6500000953674316 10.499999885447323
v -22.250000834465027 -1.9500000476837158 10.499999885447323
v -22.250000834465027 -3.25 10.499999885447323
v -22.250000834465027 -3.25 9.99999988079071
v -22.250000834465027 -3.75 9.99999988079071
v -22.250000834465027 -4.75 9.99999988079071
v -22.250000834465027 -4.75 9.49999988079071
v -22.250000834465027 -5.25 9.49999988079071
v -22.250000834465027 -5.75 9.49999988079071
v -22.250000834465027 -5.75 8.99999988079071
v -22.250000834465027 -6.25 8.99999988079071
v -22.250000834465027 5.25 10.499999885447323
v -19.166667580604553 5.25 10.499999885447323
v -16.0833340883255 5.25 10.499999885447323
v -13.000001072883606 5.25 10.499999885447323
v -9.916667103767395 5.25 10.499999885447323
v -6.8333340883255005 5.25 10.499999885447323
v -3.750001072883606 5.25 10.499999885447323
v -3.250001072883606 5.25 10.499999885447323
v -5.482501149177551 5.75 10.499999885447323
v -4.27125084400177 5.75 10.499999885447323
v -5.482501149177551 5.494999885559082 10.499999885447323
v -4.27125084400177 5.494999885559082 10.499999885447323
v -3.250001072883606 6.25 10.499999885447323
v -3.750001072883606 6.25 10.499999885447323
v -5.482501149177551 6.005000114440918 10.499999885447323
v -4.27125084400177 6.005000114440918 10.499999885447323
v -6.8333340883255005 6.25 10.499999885447323
v -9.916667103767395 6.25 10.499999885447323
v -13.000001072883606 6.25 10.499999885447323
v -16.0833340883255 6.25 10.499999885447323
v -19.166667580604553 6.25 10.499999885447323
v -22.250000834465027 6.25 10.499999885447323
v -3.250001072883606 7.0 7.569999933242798
v -3.250001072883606 7.0 4.0
v -3.250001072883606 7.0 0.43000030517578125
v -3.250001072883606 7.892499923706055 7.569999933242798
v -3.250001072883606 7.892499923706055 4.0
v -3.250001072883606 7.892499923706055 0.43000030517578125
v -3.250001072883606 6.75 -3.0
v -3.250001072883606 6.75 -0.6999998092651367
v -3.250001072883606 6.75 1.5999994277954102
v -3.250001072883606 6.75 3.9000000953674316
v -3.250001072883606 6.75 6.199999809265137
v -3.250001072883606 6.75 8.49999988079071
v -3.250001072883606 6.75 8.99999988079071
v -3.250001072883606 7.75 8.99999988079071
v -3.250001072883606 7.75 9.99999988079071
v -3.250001072883606 6.25 9.99999988079071
v -3.250001072883606 6.25 10.499999885447323
v -3.250001072883606 5.25 10.499999885447323
v -3.250001072883606 5.25 10.99999988079071
v -3.250001072883606 6.75 10.99999988079071
v -3.250001072883606 6.75 10.499999885447323
v -3.250001072883606 8.25 10.499999885447323
v -3.250001072883606 8.25 9.99999988079071
v -3.250001072883606 8.338749885559082 7.569999933242798
v -3.250001072883606 8.338749885559082 9.354999899864197
v -3.250001072883606 8.75 9.99999988079071
v -3.250001072883606 8.75 9.49999988079071
v -3.250001072883606 8.75 7.0
v -3.250001072883606 8.75 4.5
v -3.250001072883606 8.75 2.0
v -3.250001072883606 8.75 -0.5
v -3.250001072883606 8.75 -3.0
v -22.250000834465027 6.25 9.99999988079071
v -17.625000834465027 6.25 9.99999988079071
v -13.000001072883606 6.25 9.99999988079071
v -8.375001072883606 6.25 9.99999988079071
v -3.750001072883606 6.25 9.99999988079071
v -3.250001072883606 6.25 9.99999988079071
v -6.290001034736633 7.0 9.99999988079071
v -4.675000309944153 7.0 9.99999988079071
v -6.290001034736633 6.617500305175781 9.99999988079071
v -4.675000309944153 6.617500305175781 9.99999988079071
v -3.250001072883606 7.75 9.99999988079071
v -8.000001072883606 7.75 9.99999988079071
v -12.750001072883606 7.75 9.99999988079071
v -17.500000834465027 7.75 9.99999988079071
v -22.250000834465027 7.75 9.99999988079071
v 3.249998927116394 4.75 10.99999988079071
v 3.249998927116394 3.75 10.99999988079071
v 6.289999842643738 4.5 10.99999988079071
v 7.874998927116394 3.75 10.99999988079071
v 12.500000834465027 3.75 10.99999988079071
v 17.125000834465027 3.75 10.99999988079071
v 21.750000834465027 3.75 10.99999988079071
v 22.250000834465027 3.75 10.99999988079071
v 19.209999918937683 4.5 10.99999988079071
v 20.824997782707214 4.5 10.99999988079071
v 19.209999918937683 4.117500305175781 10.99999988079071
v 20.824997782707214 4.117500305175781 10.99999988079071
v 22.250000834465027 5.25 10.99999988079071
v 21.750000834465027 5.25 10.99999988079071
v 19.209999918937683 4.882499694824219 10.99999988079071
v 20.824997782707214 4.882499694824219 10.99999988079071
v 17.375000834465027 5.25 10.99999988079071
v 13.000000834465027 5.25 10.99999988079071
v 8.624998927116394 5.25 10.99999988079071
v 4.249998927116394 5.25 10.99999988079071
v 3.749998927116394 5.25 10.99999988079071
v 6.289999842643738 4.882499694824219 10.99999988079071
v 4.675000071525574 4.5 10.99999988079071
v 4.675000071525574 4.882499694824219 10.99999988079071
v 3.249998927116394 5.25 10.99999988079071
v 3.249998927116394 3.75 10.99999988079071
v 3.249998927116394 4.75 10.99999988079071
v 3.249998927116394 5.25 10.99999988079071
v 3.249998927116394 5.25 11.49999988079071
v 3.249998927116394 4.75 11.49999988079071
v 3.249998927116394 3.75 11.49999988079071
v 3.249998927116394 6.75 -3.0
v 3.249998927116394 6.75 -2.0
v 3.249998927116394 6.75 -1.5
v 3.749998927116394 6.75 -1.5
v 3.749998927116394 6.75 -0.5
v 3.249998927116394 6.75 -0.5
v 3.249998927116394 6.75 0.5
v 3.249998927116394 6.75 1.5
v 3.749998927116394 6.75 1.5
v 3.749998927116394 6.75 2.5
v 3.249998927116394 6.75 2.5
v 3.249998927116394 6.75 3.5
v 3.249998927116394 6.75 4.5
v 3.749998927116394 6.75 4.5
v 3.749998927116394 6.75 5.5
v 3.249998927116394 6.75 5.5
v 3.249998927116394 6.75 6.5
v 3.249998927116394 6.75 7.5
v 3.749998927116394 6.75 7.5
v 3.749998927116394 6.75 8.49999988079071
v 3.249998927116394 6.75 8.49999988079071
v 3.249998927116394 6.75 8.99999988079071
v 3.749998927116394 6.75 8.99999988079071
v 4.843748927116394 6.75 8.99999988079071
v 5.937498927116394 6.75 8.99999988079071
v 7.031248927116394 6.75 8.99999988079071
v 8.124998927116394 6.75 8.99999988079071
v 9.218748927116394 6.75 8.99999988079071
v 10.312498927116394 6.75 8.99999988079071
v 11.406250834465027 6.75 8.99999988079071
v 12.500000834465027 6.75 8.99999988079071
v 13.593750834465027 6.75 8.99999988079071
v 14.687500834465027 6.75 8.99999988079071
v 15.781250834465027 6.75 8.99999988079071
v 16.875000834465027 6.75 8.99999988079071
v 17.968750834465027 6.75 8.99999988079071
v 19.062500834465027 6.75 8.99999988079071
v 20.156250834465027 6.75 8.99999988079071
v 21.250000834465027 6.75 8.99999988079071
v 21.250000834465027 6.75 7.909090757369995
v 21.250000834465027 6.75 6.818181753158569
v 21.250000834465027 6.75 5.7272725105285645
v 21.250000834465027 6.75 4.636363506317139
v 21.250000834465027 6.75 3.545454502105713
v 21.250000834465027 6.75 2.454545021057129
v 21.250000834465027 6.75 1.3636360168457031
v 21.250000834465027 6.75 0.27272701263427734
v 21.250000834465027 6.75 -0.8181819915771484
v 21.250000834465027 6.75 -1.9090909957885742
v 21.250000834465027 6.75 -3.0
v 20.125000834465027 6.75 -3.0
v 19.000000834465027 6.75 -3.0
v 17.875000834465027 6.75 -3.0
v 16.750000834465027 6.75 -3.0
v 15.625000834465027 6.75 -3.0
v 14.500000834465027 6.75 -3.0
v 13.375000834465027 6.75 -3.0
v 12.250000834465027 6.75 -3.0
v 11.125000834465027 6.75 -3.0
v 9.999998927116394 6.75 -3.0
v 8.874998927116394 6.75 -3.0
v 7.749998927116394 6.75 -3.0
v 6.624998927116394 6.75 -3.0
v 5.499998927116394 6.75 -3.0
v 4.374998927116394 6.75 -3.0
v 4.749998927116394 6.75 -1.5
v 5.249998927116394 6.75 -1.5
v 5.249998927116394 6.75 -0.5
v 4.749998927116394 6.75 -0.5
v 6.249998927116394 6.75 -1.5
v 6.749998927116394 6.75 -1.5
v 6.749998927116394 6.75 -0.5
v 6.249998927116394 6.75 -0.5
v 7.749998927116394 6.75 -1.5
v 8.249998927116394 6.75 -1.5
v 8.249998927116394 6.75 -0.5
v 7.749998927116394 6.75 -0.5
v 4.749998927116394 6.75 1.5
v 5.249998927116394 6.75 1.5
v 5.249998927116394 6.75 2.5
v 4.749998927116394 6.75 2.5
v 9.249998927116394 6.75 -1.5
v 9.749998927116394 6.75 -1.5
v 9.749998927116394 6.75 -0.5
v 9.249998927116394 6.75 -0.5
v 6.249998927116394 6.75 1.5
v 6.749998927116394 6.75 1.5
v 6.749998927116394 6.75 2.5
v 6.249998927116394 6.75 2.5
v 10.749998927116394 6.75 -1.5
v 11.250000834465027 6.75 -1.5
v 11.250000834465027 6.75 -0.5
v 10.749998927116394 6.75 -0.5
v 7.749998927116394 6.75 1.5
v 8.249998927116394 6.75 1.5
v 8.249998927116394 6.75 2.5
v 7.749998927116394 6.75 2.5
v 4.749998927116394 6.75 4.5
v 5.249998927116394 6.75 4.5
v 5.249998927116394 6.75 5.5
v 4.749998927116394 6.75 5.5
v 12.250000834465027 6.75 -1.5
v 12.750000834465027 6.75 -1.5
v 12.750000834465027 6.75 -0.5
v 12.250000834465027 6.75 -0.5
v 9.249998927116394 6.75 1.5
v 9.749998927116394 6.75 1.5
v 9.749998927116394 6.75 2.5
v 9.249998927116394 6.75 2.5
v 6.249998927116394 6.75 4.5
v 6.749998927116394 6.75 4.5
v 6.749998927116394 6.75 5.5
v 6.249998927116394 6.75 5.5
v 13.750000834465027 6.75 -1.5
v 14.250000834465027 6.75 -1.5
v 14.250000834465027 6.75 -0.5
v 13.750000834465027 6.75 -0.5
v 10.749998927116394 6.75 1.5
v 11.250000834465027 6.75 1.5
v 11.250000834465027 6.75 2.5
v 10.749998927116394 6.75 2.5
v 7.749998927116394 6.75 4.5
v 8.249998927116394 6.75 4.5
v 8.249998927116394 6.75 5.5
v 7.749998927116394 6.75 5.5
v 4.749998927116394 6.75 7.5
v 5.249998927116394 6.75 7.5
v 5.249998927116394 6.75 8.49999988079071
v 4.749998927116394 6.75 8.49999988079071
v 15.250000834465027 6.75 -1.5
v 15.750000834465027 6.75 -1.5
v 15.750000834465027 6.75 -0.5
v 15.250000834465027 6.75 -0.5
v 12.250000834465027 6.75 1.5
v 12.750000834465027 6.75 1.5
v 12.750000834465027 6.75 2.5
v 12.250000834465027 6.75 2.5
v 9.249998927116394 6.75 4.5
v 9.749998927116394 6.75 4.5
v 9.749998927116394 6.75 5.5
v 9.249998927116394 6.75 5.5
v 6.249998927116394 6.75 7.5
v 6.749998927116394 6.75 7.5
v 6.749998927116394 6.75 8.49999988079071
v 6.249998927116394 6.75 8.49999988079071
v 16.750000834465027 6.75 -1.5
v 17.250000834465027 6.75 -1.5
v 17.250000834465027 6.75 -0.5
v 16.750000834465027 6.75 -0.5
v 13.750000834465027 6.75 1.5
v 14.250000834465027 6.75 1.5
v 14.250000834465027 6.75 2.5
v 13.750000834465027 6.75 2.5
v 10.749998927116394 6.75 4.5
v 11.250000834465027 6.75 4.5
v 11.250000834465027 6.75 5.5
v 10.749998927116394 6.75 5.5
v 7.749998927116394 6.75 7.5
v 8.249998927116394 6.75 7.5
v 8.249998927116394 6.75 8.49999988079071
v 7.749998927116394 6.75 8.49999988079071
v 18.250000834465027 6.75 -1.5
v 18.750000834465027 6.75 -1.5
v 18.750000834465027 6.75 -0.5
v 18.250000834465027 6.75 -0.5
v 15.250000834465027 6.75 1.5
v 15.750000834465027 6.75 1.5
v 15.750000834465027 6.75 2.5
v 15.250000834465027 6.75 2.5
v 12.250000834465027 6.75 4.5
v 12.750000834465027 6.75 4.5
v 12.750000834465027 6.75 5.5
v 12.250000834465027 6.75 5.5
v 9.249998927116394 6.75 7.5
v 9.749998927116394 6.75 7.5
v 9.749998927116394 6.75 8.49999988079071
v 9.249998927116394 6.75 8.49999988079071
v 19.750000834465027 6.75 -1.5
v 20.250000834465027 6.75 -1.5
v 20.250000834465027 6.75 -0.5
v 19.750000834465027 6.75 -0.5
v 16.750000834465027 6.75 1.5
v 17.250000834465027 6.75 1.5
v 17.250000834465027 6.75 2.5
v 16.750000834465027 6.75 2.5
v 13.750000834465027 6.75 4.5
v 14.250000834465027 6.75 4.5
v 14.250000834465027 6.75 5.5
v 13.750000834465027 6.75 5.5
v 10.749998927116394 6.75 7.5
v 11.250000834465027 6.75 7.5
v 11.250000834465027 6.75 8.49999988079071
v 10.749998927116394 6.75 8.49999988079071
v 18.250000834465027 6.75 1.5
v 18.750000834465027 6.75 1.5
v 18.750000834465027 6.75 2.5
v 18.250000834465027 6.75 2.5
v 15.250000834465027 6.75 4.5
v 15.750000834465027 6.75 4.5
v 15.750000834465027 6.75 5.5
v 15.250000834465027 6.75 5.5
v 12.250000834465027 6.75 7.5
v 12.750000834465027 6.75 7.5
v 12.750000834465027 6.75 8.49999988079071
v 12.250000834465027 6.75 8.49999988079071
v 19.750000834465027 6.75 1.5
v 20.250000834465027 6.75 1.5
v 20.250000834465027 6.75 2.5
v 19.750000834465027 6.75 2.5
v 16.750000834465027 6.75 4.5
v 17.250000834465027 6.75 4.5
v 17.250000834465027 6.75 5.5
v 16.750000834465027 6.75 5.5
v 13.750000834465027 6.75 7.5
v 14.250000834465027 6.75 7.5
v 14.250000834465027 6.75 8.49999988079071
v 13.750000834465027 6.75 8.49999988079071
v 18.250000834465027 6.75 4.5
v 18.750000834465027 6.75 4.5
v 18.750000834465027 6.75 5.5
v 18.250000834465027 6.75 5.5
v 15.250000834465027 6.75 7.5
v 15.750000834465027 6.75 7.5
v 15.750000834465027 6.75 8.49999988079071
v 15.250000834465027 6.75 8.49999988079071
v 19.750000834465027 6.75 4.5
v 20.250000834465027 6.75 4.5
v 20.250000834465027 6.75 5.5
v 19.750000834465027 6.75 5.5
v 16.750000834465027 6.75 7.5
v 17.250000834465027 6.75 7.5
v 17.250000834465027 6.75 8.49999988079071
v 16.750000834465027 6.75 8.49999988079071
v 18.250000834465027 6.75 7.5
v 18.750000834465027 6.75 7.5
v 18.750000834465027 6.75 8.49999988079071
v 18.250000834465027 6.75 8.49999988079071
v 19.750000834465027 6.75 7.5
v 20.250000834465027 6.75 7.5
v 20.250000834465027 6.75 8.49999988079071
v 19.750000834465027 6.75 8.49999988079071
v 6.129999995231628 6.75 7.759999990463257
v 6.129999995231628 6.75 6.400000095367432
v 4.599999308586121 6.75 7.759999990463257
v 4.599999308586121 6.75 6.400000095367432
v 7.659998774528503 6.75 7.759999990463257
v 7.659998774528503 6.75 6.400000095367432
v 6.129999995231628 6.75 5.039999961853027
v 4.599999308586121 6.75 5.039999961853027
v 4.599999308586121 6.75 3.679999828338623
v 6.129999995231628 6.75 3.679999828338623
v 7.659998774528503 6.75 3.679999828338623
v 7.659998774528503 6.75 5.039999961853027
v 9.189999461174011 6.75 7.759999990463257
v 9.189999461174011 6.75 6.400000095367432
v 10.719998240470886 6.75 7.759999990463257
v 10.719998240470886 6.75 6.400000095367432
v 9.189999461174011 6.75 5.039999961853027
v 9.189999461174011 6.75 3.679999828338623
v 10.719998240470886 6.75 5.039999961853027
v 12.250000834465027 6.75 6.400000095367432
v 10.719998240470886 6.75 3.679999828338623
v 12.250000834465027 6.75 3.679999828338623
v 4.599999308586121 6.75 0.9600000381469727
v 4.599999308586121 6.75 2.3199996948242188
v 4.599999308586121 6.75 -0.40000057220458984
v 6.129999995231628 6.75 0.9600000381469727
v 6.129999995231628 6.75 -0.40000057220458984
v 6.129999995231628 6.75 2.3199996948242188
v 7.659998774528503 6.75 2.3199996948242188
v 7.659998774528503 6.75 0.9600000381469727
v 7.659998774528503 6.75 -0.40000057220458984
v 4.599999308586121 6.75 -1.760000228881836
v 6.129999995231628 6.75 -1.760000228881836
v 7.659998774528503 6.75 -1.760000228881836
v 9.189999461174011 6.75 2.3199996948242188
v 9.189999461174011 6.75 0.9600000381469727
v 9.189999461174011 6.75 -0.40000057220458984
v 10.719998240470886 6.75 0.9600000381469727
v 10.719998240470886 6.75 -0.40000057220458984
v 10.719998240470886 6.75 2.3199996948242188
v 12.250000834465027 6.75 0.9600000381469727
v 12.250000834465027 6.75 -0.40000057220458984
v 9.189999461174011 6.75 -1.760000228881836
v 10.719998240470886 6.75 -1.760000228881836
v 12.250000834465027 6.75 -1.760000228881836
v 13.779999613761902 6.75 6.400000095367432
v 16.840000987052917 6.75 6.400000095367432
v 15.309998393058777 6.75 6.400000095367432
v 13.779999613761902 6.75 3.679999828338623
v 15.309998393058777 6.75 3.679999828338623
v 16.840000987052917 6.75 3.679999828338623
v 18.369999766349792 6.75 6.400000095367432
v 19.899998545646667 6.75 6.400000095367432
v 18.369999766349792 6.75 3.679999828338623
v 19.899998545646667 6.75 3.679999828338623
v 13.779999613761902 6.75 0.9600000381469727
v 13.779999613761902 6.75 -0.40000057220458984
v 15.309998393058777 6.75 0.9600000381469727
v 15.309998393058777 6.75 -0.40000057220458984
v 16.840000987052917 6.75 0.9600000381469727
v 16.840000987052917 6.75 -0.40000057220458984
v 13.779999613761902 6.75 -1.760000228881836
v 15.309998393058777 6.75 -1.760000228881836
v 16.840000987052917 6.75 -1.760000228881836
v 18.369999766349792 6.75 0.9600000381469727
v 18.369999766349792 6.75 -0.40000057220458984
v 19.899998545646667 6.75 0.9600000381469727
v 19.899998545646667 6.75 -0.40000057220458984
v 18.369999766349792 6.75 -1.760000228881836
v 19.899998545646667 6.75 -1.760000228881836
v 21.250000834465027 -2.6875 0.30749988555908203
v 21.250000834465027 -2.6875 3.75
v 21.250000834465027 -2.6875 7.192499876022339
v 21.250000834465027 0.5 0.30749988555908203
v 21.250000834465027 0.5 3.75
v 21.250000834465027 0.5 7.192499876022339
v 21.250000834465027 3.6875 0.30749988555908203
v 21.250000834465027 3.6875 3.75
v 21.250000834465027 3.6875 7.192499876022339
v 21.250000834465027 -5.75 -3.0
v 21.250000834465027 -3.350000023841858 -3.0
v 21.250000834465027 -0.9500000476837158 -3.0
v 21.250000834465027 1.4499998092651367 -3.0
v 21.250000834465027 3.8500003814697266 -3.0
v 21.250000834465027 6.25 -3.0
v 21.250000834465027 6.75 -3.0
v 21.250000834465027 5.28125 0.30749988555908203
v 21.250000834465027 3.6875 -1.4137496948242188
v 21.250000834465027 5.28125 -1.4137496948242188
v 21.250000834465027 6.078125 -1.4137496948242188
v 21.250000834465027 5.28125 -2.2743749618530273
v 21.250000834465027 6.078125 -2.2743749618530273
v 21.250000834465027 6.75 -0.6000003814697266
v 21.250000834465027 6.75 1.8000001907348633
v 21.250000834465027 6.75 4.199999809265137
v 21.250000834465027 6.75 6.599999904632568
v 21.250000834465027 6.75 8.99999988079071
v 21.250000834465027 6.25 8.99999988079071
v 21.250000834465027 3.6875 8.913749933242798
v 21.250000834465027 5.28125 7.192499876022339
v 21.250000834465027 5.28125 8.913749933242798
v 21.250000834465027 6.25 9.49999988079071
v 21.250000834465027 5.75 9.49999988079071
v 21.250000834465027 5.25 9.49999988079071
v 21.250000834465027 3.6875 9.774374902248383
v 21.250000834465027 4.484375 8.913749933242798
v 21.250000834465027 4.484375 9.774374902248383
v 21.250000834465027 0.5 8.913749933242798
v 21.250000834465027 2.09375 7.192499876022339
v 21.250000834465027 2.09375 8.913749933242798
v 21.250000834465027 5.25 9.99999988079071
v 21.250000834465027 4.75 9.99999988079071
v 21.250000834465027 3.75 9.99999988079071
v 21.250000834465027 3.75 10.499999885447323
v 21.250000834465027 3.25 10.499999885447323
v 21.250000834465027 2.09375 9.774374902248383
v 21.250000834465027 2.890625 8.913749933242798
v 21.250000834465027 2.890625 9.774374902248383
v 21.250000834465027 1.0833334922790527 10.499999885447323
v 21.250000834465027 -1.0833332538604736 10.499999885447323
v 21.250000834465027 -3.25 10.499999885447323
v 21.250000834465027 -3.25 9.99999988079071
v 21.250000834465027 -2.6875 8.913749933242798
v 21.250000834465027 -4.28125 7.192499876022339
v 21.250000834465027 -4.28125 8.913749933242798
v 21.250000834465027 -2.6875 9.774374902248383
v 21.250000834465027 -4.28125 9.774374902248383
v 21.250000834465027 -3.484375 8.913749933242798
v 21.250000834465027 -3.484375 9.774374902248383
v 21.250000834465027 -1.09375 7.192499876022339
v 21.250000834465027 -1.09375 8.913749933242798
v 21.250000834465027 -3.75 9.99999988079071
v 21.250000834465027 -4.75 9.99999988079071
v 21.250000834465027 -4.75 9.49999988079071
v 21.250000834465027 -5.25 9.49999988079071
v 21.250000834465027 -5.75 9.49999988079071
v 21.250000834465027 -5.75 8.99999988079071
v 21.250000834465027 -5.75 6.599999904632568
v 21.250000834465027 -5.75 4.199999809265137
v 21.250000834465027 -5.75 1.8000001907348633
v 21.250000834465027 -5.75 -0.6000003814697266
# Rhino

mtllib Institute_05m.mtl
usemtl diffuse_173_216_230_255
vt 0.25 0.25
vt 0.25 0.5
vt 0.25 0.75
vt 0.5 0.25
vt 0.5 0.5
vt 0.5 0.75
vt 0.75 0.25
vt 0.75 0.5
vt 0.75 0.75
vt 0.0098039219155907631 0.0098039219155907631
vt 0.1980392187833786 0.0098039219155907631
vt 0.38627451658248901 0.0098039219155907631
vt 0.57450979948043823 0.0098039219155907631
vt 0.76274508237838745 0.0098039219155907631
vt 0.95098036527633667 0.0098039219155907631
vt 0.99019604921340942 0.0098039219155907631
vt 0.875 0.25
vt 0.75 0.125
vt 0.875 0.125
vt 0.9375 0.125
vt 0.875 0.0625
vt 0.9375 0.0625
vt 0.99019604921340942 0.18409585952758789
vt 0.99019604921340942 0.35838779807090759
vt 0.99019604921340942 0.53267973661422729
vt 0.99019604921340942 0.70697170495986938
vt 0.99019604921340942 0.8812636137008667
vt 0.95098036527633667 0.8812636137008667
vt 0.75 0.875
vt 0.875 0.75
vt 0.875 0.875
vt 0.95098036527633667 0.91757446527481079
vt 0.91176468133926392 0.91757446527481079
vt 0.87254899740219116 0.91757446527481079
vt 0.75 0.9375
vt 0.8125 0.875
vt 0.8125 0.9375
vt 0.5 0.875
vt 0.625 0.75
vt 0.625 0.875
vt 0.87254899740219116 0.95388525724411011
vt 0.83333331346511841 0.95388525724411011
vt 0.7549019455909729 0.95388525724411011
vt 0.7549019455909729 0.99019604921340942
vt 0.71568626165390015 0.99019604921340942
vt 0.625 0.9375
vt 0.6875 0.875
vt 0.6875 0.9375
vt 0.54575163125991821 0.99019604921340942
vt 0.37581700086593628 0.99019604921340942
vt 0.20588235557079315 0.99019604921340942
vt 0.20588235557079315 0.95388525724411011
vt 0.25 0.875
vt 0.125 0.75
vt 0.125 0.875
vt 0.25 0.9375
vt 0.125 0.9375
vt 0.1875 0.875
vt 0.1875 0.9375
vt 0.375 0.75
vt 0.375 0.875
vt 0.1666666716337204 0.95388525724411011
vt 0.088235296308994293 0.95388525724411011
vt 0.088235296308994293 0.91757446527481079
vt 0.049019608646631241 0.91757446527481079
vt 0.0098039219155907631 0.91757446527481079
vt 0.0098039219155907631 0.8812636137008667
vt 0.0098039219155907631 0.70697170495986938
vt 0.0098039219155907631 0.53267973661422729
vt 0.0098039219155907631 0.35838779807090759
vt 0.0098039219155907631 0.18409585952758789
vn 1 0 0
vn 1 0 0
vn 1 0 0
vn 1 0 0
vn 1 0 0
vn 1 0 0
vn 1 0 0
vn 1 0 0
vn 1 0 0
vn 1 0 0
vn 1 0 0
vn 1 0 0
vn 1 0 0
vn 1 0 0
vn 1 0 0
vn 1 0 0
vn 1 0 0
vn 1 0 0
vn 1 0 0
vn 1 0 0
vn 1 0 0
vn 1 0 0
vn 1 0 0
vn 1 0 0
vn 1 0 0
vn 1 0 0
vn 1 0 0
vn 1 0 0
vn 1 0 0
vn 1 0 0
vn 1 0 0
vn 1 0 0
vn 1 0 0
vn 1 0 0
vn 1 0 0
vn 1 0 0
vn 1 0 0
vn 1 0 0
vn 1 0 0
vn 1 0 0
vn 1 0 0
vn 1 0 0
vn 1 0 0
vn 1 0 0
vn 1 0 0
vn 1 0 0
vn 1 0 0
vn 1 0 0
vn 1 0 0
vn 1 0 0
vn 1 0 0
vn 1 0 0
vn 1 0 0
vn 1 0 0
vn 1 0 0
vn 1 0 0
vn 1 0 0
vn 1 0 0
vn 1 0 0
vn 1 0 0
vn 1 0 0
vn 1 0 0
vn 1 0 0
vn 1 0 0
vn 1 0 0
vn 1 0 0
vn 1 0 0
vn 1 0 0
vn 1 0 0
vn 1 0 0
vn 1 0 0
f 59/59/59 57/57/57 55/55/55 58/58/58
f 56/56/56 59/59/59 58/58/58 53/53/53
f 58/58/58 55/55/55 54/54/54
f 3/3/3 53/53/53 58/58/58
f 54/54/54 3/3/3 58/58/58
f 5/5/5 2/2/2 1/1/1 4/4/4
f 60/60/60 3/3/3 2/2/2
f 5/5/5 6/6/6 60/60/60
f 2/2/2 5/5/5 60/60/60
f 61/61/61 53/53/53 3/3/3 60/60/60
f 38/38/38 61/61/61 60/60/60 6/6/6
f 8/8/8 5/5/5 4/4/4 7/7/7
f 39/39/39 6/6/6 5/5/5
f 8/8/8 9/9/9 39/39/39
f 5/5/5 8/8/8 39/39/39
f 48/48/48 46/46/46 40/40/40 47/47/47
f 35/35/35 48/48/48 47/47/47 29/29/29
f 40/40/40 38/38/38 6/6/6 39/39/39
f 47/47/47 40/40/40 39/39/39
f 9/9/9 29/29/29 47/47/47
f 39/39/39 9/9/9 47/47/47
f 17/17/17 7/7/7 18/18/18 19/19/19
f 20/20/20 19/19/19 21/21/21 22/22/22
f 37/37/37 35/35/35 29/29/29 36/36/36
f 36/36/36 29/29/29 9/9/9
f 30/30/30 31/31/31 36/36/36
f 9/9/9 30/30/30 36/36/36
f 11/11/11 71/71/71 10/10/10
f 70/70/70 2/2/2 69/69/69
f 70/70/70 71/71/71 1/1/1
f 54/54/54 68/68/68 69/69/69
f 67/67/67 68/68/68 54/54/54 55/55/55
f 2/2/2 54/54/54 69/69/69
f 71/71/71 11/11/11 1/1/1
f 4/4/4 1/1/1 11/11/11 12/12/12
f 12/12/12 13/13/13 4/4/4
f 54/54/54 2/2/2 3/3/3
f 56/56/56 53/53/53 61/61/61
f 70/70/70 1/1/1 2/2/2
f 65/65/65 66/66/66 67/67/67
f 55/55/55 65/65/65 67/67/67
f 55/55/55 64/64/64 65/65/65
f 62/62/62 63/63/63 57/57/57 59/59/59
f 64/64/64 57/57/57 63/63/63
f 52/52/52 62/62/62 59/59/59
f 57/57/57 64/64/64 55/55/55
f 50/50/50 56/56/56 61/61/61
f 38/38/38 40/40/40 46/46/46
f 46/46/46 49/49/49 38/38/38
f 51/51/51 52/52/52 56/56/56
f 50/50/50 51/51/51 56/56/56
f 49/49/49 50/50/50 61/61/61 38/38/38
f 45/45/45 49/49/49 46/46/46 48/48/48
f 59/59/59 56/56/56 52/52/52
f 18/18/18 4/4/4 13/13/13
f 21/21/21 18/18/18 14/14/14
f 13/13/13 14/14/14 18/18/18
f 18/18/18 21/21/21 19/19/19
f 21/21/21 14/14/14 15/15/15
f 17/17/17 8/8/8 7/7/7
f 17/17/17 24/24/24 8/8/8
f 30/30/30 9/9/9 8/8/8
f 17/17/17 19/19/19 20/20/20
f 16/16/16 20/20/20 22/22/22
f 22/22/22 15/15/15 16/16/16
f 15/15/15 22/22/22 21/21/21
f 23/23/23 20/20/20 16/16/16
f 23/23/23 24/24/24 17/17/17
f 8/8/8 25/25/25 30/30/30
f 24/24/24 25/25/25 8/8/8
f 17/17/17 20/20/20 23/23/23
f 25/25/25 26/26/26 30/30/30
f 45/45/45 48/48/48 35/35/35
f 34/34/34 42/42/42 37/37/37
f 35/35/35 37/37/37 42/42/42 43/43/43
f 44/44/44 45/45/45 43/43/43
f 35/35/35 43/43/43 45/45/45
f 34/34/34 37/37/37 36/36/36
f 36/36/36 31/31/31 34/34/34
f 28/28/28 31/31/31 30/30/30
f 26/26/26 28/28/28 30/30/30
f 28/28/28 26/26/26 27/27/27
f 33/33/33 31/31/31 28/28/28
f 42/42/42 34/34/34 41/41/41
f 28/28/28 32/32/32 33/33/33
f 33/33/33 34/34/34 31/31/31
f 18/18/18 7/7/7 4/4/4
usemtl diffuse_128_128_128_255
vt 0.99019604921340942 0.99019604921340942
vt 0.0098039219155907631 0.99019604921340942
vt 0.0098039219155907631 0.33660131692886353
vt 0.0098039219155907631 0.0098039219155907631
vt 0.99019604921340942 0.0098039219155907631
vt 0.99019604921340942 0.5
vn 0 0 -1
vn 0 0 -1
vn 0 0 -1
vn 0 0 -1
vn 0 0 -1
vn 0 0 -1
f 74/74/74 75/75/75 76/76/76 77/77/77
f 73/73/73 74/74/74 77/77/77 72/72/72
usemtl diffuse_128_128_128_255
vt 0.5 0.99019604921340942
vt 0.0098039219155907631 0.99019604921340942
vt 0.0098039219155907631 0.33660131692886353
vt 0.0098039219155907631 0.0098039219155907631
vt 0.99019604921340942 0.0098039219155907631
vt 0.99019604921340942 0.33660131692886353
vt 0.99019604921340942 0.99019604921340942
vn 0 0 -1
vn 0 0 -1
vn 0 0 -1
vn 0 0 -1
vn 0 0 -1
vn 0 0 -1
vn 0 0 -1
f 80/80/80 81/81/81 82/82/82 83/83/83
f 78/78/78 79/79/79 80/80/80
f 80/80/80 83/83/83 78/78/78
f 83/83/83 84/84/84 78/78/78
usemtl diffuse_128_128_128_255
vt 0.5 0.99019604921340942
vt 0.0098039219155907631 0.99019604921340942
vt 0.0098039219155907631 0.33660131692886353
vt 0.0098039219155907631 0.0098039219155907631
vt 0.99019604921340942 0.0098039219155907631
vt 0.99019604921340942 0.5
vt 0.99019604921340942 0.99019604921340942
vn 0 0 -1
vn 0 0 -1
vn 0 0 -1
vn 0 0 -1
vn 0 0 -1
vn 0 0 -1
vn 0 0 -1
f 87/87/87 88/88/88 89/89/89 90/90/90
f 85/85/85 86/86/86 87/87/87
f 87/87/87 90/90/90 85/85/85
f 90/90/90 91/91/91 85/85/85
usemtl diffuse_128_128_128_255
vt 0.5 0.99019604921340942
vt 0.0098039219155907631 0.99019604921340942
vt 0.0098039219155907631 0.33660131692886353
vt 0.0098039219155907631 0.0098039219155907631
vt 0.99019604921340942 0.0098039219155907631
vt 0.99019604921340942 0.5
vt 0.99019604921340942 0.99019604921340942
vn 0 0 -1
vn 0 0 -1
vn 0 0 -1
vn 0 0 -1
vn 0 0 -1
vn 0 0 -1
vn 0 0 -1
f 94/94/94 95/95/95 96/96/96 97/97/97
f 92/92/92 93/93/93 94/94/94
f 94/94/94 97/97/97 92/92/92
f 97/97/97 98/98/98 92/92/92
usemtl diffuse_128_128_128_255
vt 0.5 0.99019604921340942
vt 0.0098039219155907631 0.99019604921340942
vt 0.0098039219155907631 0.33660131692886353
vt 0.0098039219155907631 0.0098039219155907631
vt 0.99019604921340942 0.0098039219155907631
vt 0.99019604921340942 0.5
vt 0.99019604921340942 0.99019604921340942
vn 0 0 -1
vn 0 0 -1
vn 0 0 -1
vn 0 0 -1
vn 0 0 -1
vn 0 0 -1
vn 0 0 -1
f 101/101/101 102/102/102 103/103/103 104/104/104
f 99/99/99 100/100/100 101/101/101
f 101/101/101 104/104/104 99/99/99
f 104/104/104 105/105/105 99/99/99
usemtl diffuse_128_128_128_255
vt 0.5 0.99019604921340942
vt 0.0098039219155907631 0.99019604921340942
vt 0.0098039219155907631 0.33660131692886353
vt 0.0098039219155907631 0.0098039219155907631
vt 0.99019604921340942 0.0098039219155907631
vt 0.99019604921340942 0.5
vt 0.99019604921340942 0.99019604921340942
vn 0 0 -1
vn 0 0 -1
vn 0 0 -1
vn 0 0 -1
vn 0 0 -1
vn 0 0 -1
vn 0 0 -1
f 108/108/108 109/109/109 110/110/110 111/111/111
f 106/106/106 107/107/107 108/108/108
f 108/108/108 111/111/111 106/106/106
f 111/111/111 112/112/112 106/106/106
usemtl diffuse_128_128_128_255
vt 0.5 0.99019604921340942
vt 0.0098039219155907631 0.99019604921340942
vt 0.0098039219155907631 0.68674135208129883
vt 0.0098039219155907631 0.38328665494918823
vt 0.0098039219155907631 0.079831935465335846
vt 0.0098039219155907631 0.0098039219155907631
vt 0.99019604921340942 0.0098039219155907631
vt 0.99019604921340942 0.33660131692886353
vt 0.99019604921340942 0.66339868307113647
vt 0.99019604921340942 0.99019604921340942
vn 0 0 -1
vn 0 0 -1
vn 0 0 -1
vn 0 0 -1
vn 0 0 -1
vn 0 0 -1
vn 0 0 -1
vn 0 0 -1
vn 0 0 -1
vn 0 0 -1
f 119/119/119 117/117/117 118/118/118
f 115/115/115 116/116/116 120/120/120 121/121/121
f 113/113/113 114/114/114 115/115/115
f 116/116/116 117/117/117 119/119/119 120/120/120
f 122/122/122 113/113/113 121/121/121
f 121/121/121 113/113/113 115/115/115
usemtl diffuse_128_128_128_255
vt 0.25 0.25
vt 0.25 0.5
vt 0.25 0.75
vt 0.5 0.25
vt 0.5 0.5
vt 0.5 0.75
vt 0.75 0.25
vt 0.75 0.5
vt 0.75 0.75
vt 0.5 0.99019604921340942
vt 0.0098039219155907631 0.99019604921340942
vt 0.0098039219155907631 0.80812323093414307
vt 0.0098039219155907631 0.62605041265487671
vt 0.0098039219155907631 0.44397759437561035
vt 0.0098039219155907631 0.26190477609634399
vt 0.0098039219155907631 0.079831935465335846
vt 0.0098039219155907631 0.0098039219155907631
vt 0.99019604921340942 0.0098039219155907631
vt 0.99019604921340942 0.079831935465335846
vt 0.99019604921340942 0.1498599499464035
vt 0.99019604921340942 0.21988795697689056
vt 0.99019604921340942 0.28991597890853882
vt 0.99019604921340942 0.35994398593902588
vt 0.99019604921340942 0.42997199296951294
vt 0.99019604921340942 0.5
vt 0.99019604921340942 0.57002800703048706
vt 0.99019604921340942 0.64005601406097412
vt 0.99019604921340942 0.71008402109146118
vt 0.99019604921340942 0.78011202812194824
vt 0.99019604921340942 0.8501400351524353
vt 0.99019604921340942 0.92016804218292236
vt 0.99019604921340942 0.99019604921340942
vn 0 0 -1
vn 0 0 -1
vn 0 0 -1
vn 0 0 -1
vn 0 0 -1
vn 0 0 -1
vn 0 0 -1
vn 0 0 -1
vn 0 0 -1
vn 0 0 -1
vn 0 0 -1
vn 0 0 -1
vn 0 0 -1
vn 0 0 -1
vn 0 0 -1
vn 0 0 -1
vn 0 0 -1
vn 0 0 -1
vn 0 0 -1
vn 0 0 -1
vn 0 0 -1
vn 0 0 -1
vn 0 0 -1
vn 0 0 -1
vn 0 0 -1
vn 0 0 -1
vn 0 0 -1
vn 0 0 -1
vn 0 0 -1
vn 0 0 -1
vn 0 0 -1
vn 0 0 -1
f 127/127/127 124/124/124 123/123/123 126/126/126
f 128/128/128 125/125/125 124/124/124 127/127/127
f 130/130/130 127/127/127 126/126/126 129/129/129
f 131/131/131 128/128/128 127/127/127 130/130/130
f 123/123/123 138/138/138 139/139/139
f 123/123/123 137/137/137 138/138/138
f 123/123/123 124/124/124 136/136/136 137/137/137
f 139/139/139 126/126/126 123/123/123
f 140/140/140 129/129/129 126/126/126
f 140/140/140 126/126/126 139/139/139
f 125/125/125 134/134/134 135/135/135
f 136/136/136 124/124/124 135/135/135
f 134/134/134 125/125/125 133/133/133
f 124/124/124 125/125/125 135/135/135
f 125/125/125 128/128/128 132/132/132
f 128/128/128 131/131/131 132/132/132
f 133/133/133 125/125/125 132/132/132
f 130/130/130 129/129/129 145/145/145 146/146/146
f 141/141/141 142/142/142 129/129/129
f 143/143/143 144/144/144 129/129/129
f 142/142/142 143/143/143 129/129/129
f 147/147/147 148/148/148 130/130/130
f 146/146/146 147/147/147 130/130/130
f 144/144/144 145/145/145 129/129/129
f 131/131/131 130/130/130 148/148/148 149/149/149
f 151/151/151 131/131/131 150/150/150
f 149/149/149 150/150/150 131/131/131
f 131/131/131 151/151/151 152/152/152
f 131/131/131 153/153/153 154/154/154
f 131/131/131 152/152/152 153/153/153
f 132/132/132 131/131/131 154/154/154
f 140/140/140 141/141/141 129/129/129
usemtl diffuse_128_128_128_255
vt 0.067474044859409332 0.99019604921340942
vt 0.0098039219155907631 0.99019604921340942
vt 0.5 0.5
vt 0.25 0.5
vt 0.0098039219155907631 0.33660131692886353
vt 0.5 0.25
vt 0.25 0.25
vt 0.0098039219155907631 0.0098039219155907631
vt 0.25 0.375
vt 0.125 0.5
vt 0.125 0.25
vt 0.125 0.375
vt 0.25 0.125
vt 0.125 0.125
vt 0.5 0.0098039219155907631
vt 0.99019604921340942 0.0098039219155907631
vt 0.99019604921340942 0.99019604921340942
vt 0.93252593278884888 0.99019604921340942
vt 0.75 0.5
vt 0.87485581636428833 0.99019604921340942
vt 0.87485581636428833 0.66339868307113647
vt 0.75 0.625
vt 0.875 0.5
vt 0.875 0.625
vt 0.75 0.25
vt 0.12514416873455048 0.66339868307113647
vt 0.12514416873455048 0.99019604921340942
vt 0.25 0.625
vt 0.125 0.625
vn 0 0 -1
vn 0 0 -1
vn 0 0 -1
vn 0 0 -1
vn 0 0 -1
vn 0 0 -1
vn 0 0 -1
vn 0 0 -1
vn 0 0 -1
vn 0 0 -1
vn 0 0 -1
vn 0 0 -1
vn 0 0 -1
vn 0 0 -1
vn 0 0 -1
vn 0 0 -1
vn 0 0 -1
vn 0 0 -1
vn 0 0 -1
vn 0 0 -1
vn 0 0 -1
vn 0 0 -1
vn 0 0 -1
vn 0 0 -1
vn 0 0 -1
vn 0 0 -1
vn 0 0 -1
vn 0 0 -1
vn 0 0 -1
f 178/178/178 176/176/176 173/173/173 177/177/177
f 182/182/182 183/183/183 164/164/164 158/158/158
f 163/163/163 161/161/161 160/160/160
f 157/157/157 158/158/158 163/163/163
f 160/160/160 157/157/157 163/163/163
f 158/158/158 164/164/164 166/166/166 163/163/163
f 163/163/163 166/166/166 165/165/165 161/161/161
f 161/161/161 165/165/165 168/168/168 167/167/167
f 173/173/173 157/157/157 160/160/160 179/179/179
f 159/159/159 162/162/162 168/168/168 165/165/165
f 167/167/167 168/168/168 162/162/162
f 161/161/161 167/167/167 160/160/160
f 159/159/159 165/165/165 166/166/166
f 167/167/167 162/162/162 169/169/169
f 164/164/164 159/159/159 166/166/166
f 180/180/180 155/155/155 156/156/156
f 164/164/164 183/183/183 159/159/159
f 180/180/180 159/159/159 183/183/183
f 182/182/182 180/180/180 183/183/183
f 180/180/180 181/181/181 155/155/155
f 175/175/175 180/180/180 182/182/182 176/176/176
f 180/180/180 156/156/156 159/159/159
f 179/179/179 160/160/160 169/169/169
f 182/182/182 158/158/158 157/157/157
f 177/177/177 179/179/179 170/170/170
f 169/169/169 170/170/170 179/179/179
f 179/179/179 177/177/177 173/173/173
f 177/177/177 170/170/170 171/171/171
f 176/176/176 157/157/157 173/173/173
f 157/157/157 176/176/176 182/182/182
f 178/178/178 175/175/175 176/176/176
f 174/174/174 175/175/175 172/172/172
f 171/171/171 175/175/175 178/178/178
f 171/171/171 172/172/172 175/175/175
f 171/171/171 178/178/178 177/177/177
f 169/169/169 160/160/160 167/167/167
usemtl diffuse_128_128_128_255
vt 0.5 0.99019604921340942
vt 0.0098039219155907631 0.99019604921340942
vt 0.0098039219155907631 0.33660131692886353
vt 0.0098039219155907631 0.0098039219155907631
vt 0.99019604921340942 0.0098039219155907631
vt 0.99019604921340942 0.5
vt 0.99019604921340942 0.99019604921340942
vn 0 0 -1
vn 0 0 -1
vn 0 0 -1
vn 0 0 -1
vn 0 0 -1
vn 0 0 -1
vn 0 0 -1
f 186/186/186 187/187/187 188/188/188 189/189/189
f 184/184/184 185/185/185 186/186/186
f 186/186/186 189/189/189 184/184/184
f 189/189/189 190/190/190 184/184/184
usemtl diffuse_128_128_128_255
vt 0.5 0.99019604921340942
vt 0.0098039219155907631 0.99019604921340942
vt 0.0098039219155907631 0.33660131692886353
vt 0.0098039219155907631 0.0098039219155907631
vt 0.99019604921340942 0.0098039219155907631
vt 0.99019604921340942 0.33660131692886353
vt 0.99019604921340942 0.66339868307113647
vt 0.99019604921340942 0.99019604921340942
vn 0 0 -1
vn 0 0 -1
vn 0 0 -1
vn 0 0 -1
vn 0 0 -1
vn 0 0 -1
vn 0 0 -1
vn 0 0 -1
f 196/196/196 191/191/191 193/193/193
f 193/193/193 191/191/191 192/192/192
f 193/193/193 194/194/194 195/195/195 196/196/196
f 191/191/191 197/197/197 198/198/198
f 191/191/191 196/196/196 197/197/197
usemtl diffuse_128_128_128_255
vt 0.5 0.99019604921340942
vt 0.0098039219155907631 0.99019604921340942
vt 0.0098039219155907631 0.33660131692886353
vt 0.0098039219155907631 0.0098039219155907631
vt 0.99019604921340942 0.0098039219155907631
vt 0.99019604921340942 0.5
vt 0.99019604921340942 0.99019604921340942
vn 0 0 -1
vn 0 0 -1
vn 0 0 -1
vn 0 0 -1
vn 0 0 -1
vn 0 0 -1
vn 0 0 -1
f 201/201/201 202/202/202 203/203/203 204/204/204
f 199/199/199 200/200/200 201/201/201
f 201/201/201 204/204/204 199/199/199
f 204/204/204 205/205/205 199/199/199
usemtl diffuse_128_128_128_255
vt 0.5 0.99019604921340942
vt 0.0098039219155907631 0.99019604921340942
vt 0.0098039219155907631 0.33660131692886353
vt 0.0098039219155907631 0.0098039219155907631
vt 0.99019604921340942 0.0098039219155907631
vt 0.99019604921340942 0.33660131692886353
vt 0.99019604921340942 0.66339868307113647
vt 0.99019604921340942 0.99019604921340942
vn 0 0 -1
vn 0 0 -1
vn 0 0 -1
vn 0 0 -1
vn 0 0 -1
vn 0 0 -1
vn 0 0 -1
vn 0 0 -1
f 211/211/211 206/206/206 208/208/208
f 208/208/208 206/206/206 207/207/207
f 208/208/208 209/209/209 210/210/210 211/211/211
f 206/206/206 212/212/212 213/213/213
f 206/206/206 211/211/211 212/212/212
usemtl diffuse_128_128_128_255
vt 0.99019604921340942 0.99019604921340942
vt 0.5 0.99019604921340942
vt 0.0098039219155907631 0.99019604921340942
vt 0.0098039219155907631 0.5
vt 0.5 0.5
vt 0.5 0.75
vt 0.25 0.5
vt 0.25 0.75
vt 0.0098039219155907631 0.0098039219155907631
vt 0.5 0.25
vt 0.25 0.25
vt 0.5 0.0098039219155907631
vt 0.99019604921340942 0.0098039219155907631
vn 0 0 -1
vn 0 0 -1
vn 0 0 -1
vn 0 0 -1
vn 0 0 -1
vn 0 0 -1
vn 0 0 -1
vn 0 0 -1
vn 0 0 -1
vn 0 0 -1
vn 0 0 -1
vn 0 0 -1
vn 0 0 -1
f 219/219/219 221/221/221 220/220/220 218/218/218
f 218/218/218 220/220/220 224/224/224 223/223/223
f 217/217/217 222/222/222 224/224/224 220/220/220
f 222/222/222 225/225/225 223/223/223 224/224/224
f 216/216/216 217/217/217 220/220/220 221/221/221
f 215/215/215 216/216/216 221/221/221 219/219/219
f 223/223/223 225/225/225 226/226/226
f 218/218/218 223/223/223 226/226/226
f 214/214/214 219/219/219 218/218/218
f 219/219/219 214/214/214 215/215/215
f 214/214/214 218/218/218 226/226/226
usemtl diffuse_128_128_128_255
vt 0.5 0.99019604921340942
vt 0.0098039219155907631 0.99019604921340942
vt 0.0098039219155907631 0.5
vt 0.0098039219155907631 0.0098039219155907631
vt 0.5 0.0098039219155907631
vt 0.99019604921340942 0.0098039219155907631
vt 0.99019604921340942 0.5
vt 0.99019604921340942 0.99019604921340942
vn 0 0 -1
vn 0 0 -1
vn 0 0 -1
vn 0 0 -1
vn 0 0 -1
vn 0 0 -1
vn 0 0 -1
vn 0 0 -1
f 229/229/229 230/230/230 231/231/231
f 229/229/229 227/227/227 228/228/228
f 233/233/233 229/229/229 231/231/231
f 229/229/229 233/233/233 227/227/227
f 233/233/233 234/234/234 227/227/227
f 232/232/232 233/233/233 231/231/231
usemtl diffuse_128_128_128_255
vt 0.5 0.99019604921340942
vt 0.0098039219155907631 0.99019604921340942
vt 0.0098039219155907631 0.5
vt 0.0098039219155907631 0.0098039219155907631
vt 0.5 0.0098039219155907631
vt 0.99019604921340942 0.0098039219155907631
vt 0.99019604921340942 0.5
vt 0.99019604921340942 0.99019604921340942
vn 0 0 -1
vn 0 0 -1
vn 0 0 -1
vn 0 0 -1
vn 0 0 -1
vn 0 0 -1
vn 0 0 -1
vn 0 0 -1
f 237/237/237 238/238/238 239/239/239
f 237/237/237 235/235/235 236/236/236
f 241/241/241 237/237/237 239/239/239
f 237/237/237 241/241/241 235/235/235
f 241/241/241 242/242/242 235/235/235
f 240/240/240 241/241/241 239/239/239
usemtl diffuse_128_128_128_255
vt 0.5 0.99019604921340942
vt 0.0098039219155907631 0.99019604921340942
vt 0.0098039219155907631 0.5
vt 0.0098039219155907631 0.0098039219155907631
vt 0.5 0.0098039219155907631
vt 0.99019604921340942 0.0098039219155907631
vt 0.99019604921340942 0.5
vt 0.99019604921340942 0.99019604921340942
vn 0 0 -1
vn 0 0 -1
vn 0 0 -1
vn 0 0 -1
vn 0 0 -1
vn 0 0 -1
vn 0 0 -1
vn 0 0 -1
f 245/245/245 246/246/246 247/247/247
f 245/245/245 243/243/243 244/244/244
f 249/249/249 245/245/245 247/247/247
f 245/245/245 249/249/249 243/243/243
f 249/249/249 250/250/250 243/243/243
f 248/248/248 249/249/249 247/247/247
usemtl diffuse_128_128_128_255
vt 0.5 0.99019604921340942
vt 0.0098039219155907631 0.99019604921340942
vt 0.0098039219155907631 0.5
vt 0.0098039219155907631 0.0098039219155907631
vt 0.5 0.0098039219155907631
vt 0.99019604921340942 0.0098039219155907631
vt 0.99019604921340942 0.5
vt 0.99019604921340942 0.99019604921340942
vn 0 0 -1
vn 0 0 -1
vn 0 0 -1
vn 0 0 -1
vn 0 0 -1
vn 0 0 -1
vn 0 0 -1
vn 0 0 -1
f 253/253/253 254/254/254 255/255/255
f 253/253/253 251/251/251 252/252/252
f 257/257/257 253/253/253 255/255/255
f 253/253/253 257/257/257 251/251/251
f 257/257/257 258/258/258 251/251/251
f 256/256/256 257/257/257 255/255/255
usemtl diffuse_128_128_128_255
vt 0.93859648704528809 0.99019604921340942
vt 0.93859648704528809 0.66339868307113647
vt 0.71284830570220947 0.66339868307113647
vt 0.48710009455680847 0.66339868307113647
vt 0.26135191321372986 0.66339868307113647
vt 0.035603716969490051 0.66339868307113647
vt 0.0098039219155907631 0.66339868307113647
vt 0.0098039219155907631 0.0098039219155907631
vt 0.25490197539329529 0.0098039219155907631
vt 0.5 0.0098039219155907631
vt 0.7450980544090271 0.0098039219155907631
vt 0.99019604921340942 0.0098039219155907631
vt 0.99019604921340942 0.99019604921340942
vt 0.96439629793167114 0.99019604921340942
vn 0 0 -1
vn 0 0 -1
vn 0 0 -1
vn 0 0 -1
vn 0 0 -1
vn 0 0 -1
vn 0 0 -1
vn 0 0 -1
vn 0 0 -1
vn 0 0 -1
vn 0 0 -1
vn 0 0 -1
vn 0 0 -1
vn 0 0 -1
f 266/266/266 267/267/267 263/263/263 264/264/264
f 267/267/267 268/268/268 262/262/262 263/263/263
f 266/266/266 264/264/264 265/265/265
f 261/261/261 262/262/262 268/268/268 269/269/269
f 260/260/260 261/261/261 269/269/269 270/270/270
f 272/272/272 259/259/259 260/260/260
f 260/260/260 271/271/271 272/272/272
f 271/271/271 260/260/260 270/270/270
usemtl diffuse_128_128_128_255
vt 0.035603716969490051 0.99019604921340942
vt 0.0098039219155907631 0.99019604921340942
vt 0.1666666716337204 0.5
vt 0.083333335816860199 0.5
vt 0.0098039219155907631 0.33660131692886353
vt 0.0098039219155907631 0.0098039219155907631
vt 0.1666666716337204 0.25
vt 0.083333335816860199 0.25
vt 0.25490197539329529 0.0098039219155907631
vt 0.5 0.0098039219155907631
vt 0.7450980544090271 0.0098039219155907631
vt 0.99019604921340942 0.0098039219155907631
vt 0.99019604921340942 0.66339868307113647
vt 0.75799793004989624 0.66339868307113647
vt 0.52579981088638306 0.66339868307113647
vt 0.29360166192054749 0.66339868307113647
vt 0.061403509229421616 0.66339868307113647
vt 0.061403509229421616 0.99019604921340942
vn 0 0 -1
vn 0 0 -1
vn 0 0 -1
vn 0 0 -1
vn 0 0 -1
vn 0 0 -1
vn 0 0 -1
vn 0 0 -1
vn 0 0 -1
vn 0 0 -1
vn 0 0 -1
vn 0 0 -1
vn 0 0 -1
vn 0 0 -1
vn 0 0 -1
vn 0 0 -1
vn 0 0 -1
vn 0 0 -1
f 275/275/275 276/276/276 280/280/280 279/279/279
f 280/280/280 277/277/277 278/278/278
f 276/276/276 277/277/277 280/280/280
f 278/278/278 279/279/279 280/280/280
f 279/279/279 278/278/278 281/281/281
f 289/289/289 273/273/273 274/274/274
f 288/288/288 289/289/289 275/275/275
f 277/277/277 289/289/289 274/274/274
f 289/289/289 276/276/276 275/275/275
f 273/273/273 289/289/289 290/290/290
f 289/289/289 277/277/277 276/276/276
f 281/281/281 282/282/282 287/287/287 288/288/288
f 283/283/283 284/284/284 285/285/285 286/286/286
f 282/282/282 283/283/283 286/286/286 287/287/287
f 275/275/275 279/279/279 288/288/288
f 281/281/281 288/288/288 279/279/279
usemtl diffuse_128_128_128_255
vt 0.99019604921340942 0.99019604921340942
vt 0.82679736614227295 0.99019604921340942
vt 0.66339868307113647 0.99019604921340942
vt 0.5 0.99019604921340942
vt 0.33660131692886353 0.99019604921340942
vt 0.17320261895656586 0.99019604921340942
vt 0.0098039219155907631 0.99019604921340942
vt 0.0098039219155907631 0.5
vt 0.125 0.5
vt 0.125 0.75
vt 0.0625 0.5
vt 0.0625 0.75
vt 0.0098039219155907631 0.0098039219155907631
vt 0.125 0.25
vt 0.0625 0.25
vt 0.19079940021038055 0.0098039219155907631
vt 0.37179487943649292 0.0098039219155907631
vt 0.55279034376144409 0.0098039219155907631
vt 0.73378580808639526 0.0098039219155907631
vt 0.91478127241134644 0.0098039219155907631
vt 0.93991953134536743 0.0098039219155907631
vt 0.875 0.5
vt 0.9375 0.5
vt 0.875 0.25
vt 0.9375 0.25
vt 0.99019604921340942 0.0098039219155907631
vt 0.99019604921340942 0.5
vt 0.875 0.75
vt 0.9375 0.75
vn 0 0 -1
vn 0 0 -1
vn 0 0 -1
vn 0 0 -1
vn 0 0 -1
vn 0 0 -1
vn 0 0 -1
vn 0 0 -1
vn 0 0 -1
vn 0 0 -1
vn 0 0 -1
vn 0 0 -1
vn 0 0 -1
vn 0 0 -1
vn 0 0 -1
vn 0 0 -1
vn 0 0 -1
vn 0 0 -1
vn 0 0 -1
vn 0 0 -1
vn 0 0 -1
vn 0 0 -1
vn 0 0 -1
vn 0 0 -1
vn 0 0 -1
vn 0 0 -1
vn 0 0 -1
vn 0 0 -1
vn 0 0 -1
f 300/300/300 302/302/302 301/301/301 299/299/299
f 299/299/299 301/301/301 305/305/305 304/304/304
f 319/319/319 318/318/318 312/312/312 313/313/313
f 313/313/313 312/312/312 314/314/314 315/315/315
f 298/298/298 303/303/303 305/305/305 301/301/301
f 304/304/304 305/305/305 303/303/303
f 299/299/299 304/304/304 306/306/306
f 307/307/307 295/295/295 306/306/306
f 303/303/303 306/306/306 304/304/304
f 302/302/302 298/298/298 301/301/301
f 296/296/296 297/297/297 302/302/302 300/300/300
f 298/298/298 302/302/302 297/297/297
f 296/296/296 300/300/300 299/299/299
f 295/295/295 296/296/296 299/299/299
f 299/299/299 306/306/306 295/295/295
f 294/294/294 295/295/295 307/307/307 308/308/308
f 308/308/308 309/309/309 293/293/293 294/294/294
f 310/310/310 314/314/314 309/309/309
f 314/314/314 312/312/312 309/309/309
f 315/315/315 310/310/310 311/311/311
f 316/316/316 317/317/317 313/313/313 315/315/315
f 311/311/311 316/316/316 315/315/315
f 314/314/314 310/310/310 315/315/315
f 292/292/292 312/312/312 318/318/318
f 312/312/312 292/292/292 293/293/293
f 292/292/292 318/318/318 319/319/319
f 309/309/309 312/312/312 293/293/293
f 319/319/319 313/313/313 317/317/317
f 292/292/292 319/319/319 291/291/291
f 317/317/317 291/291/291 319/319/319
usemtl diffuse_128_128_128_255
vt 0.96505779027938843 0.99019604921340942
vt 0.80584883689880371 0.99019604921340942
vt 0.64663982391357422 0.99019604921340942
vt 0.4874308705329895 0.99019604921340942
vt 0.3282218873500824 0.99019604921340942
vt 0.16901290416717529 0.99019604921340942
vt 0.0098039219155907631 0.99019604921340942
vt 0.0098039219155907631 0.5
vt 0.125 0.5
vt 0.125 0.75
vt 0.0625 0.5
vt 0.0625 0.75
vt 0.0098039219155907631 0.0098039219155907631
vt 0.125 0.25
vt 0.0625 0.25
vt 0.060080442577600479 0.0098039219155907631
vt 0.24610356986522675 0.0098039219155907631
vt 0.43212670087814331 0.0098039219155907631
vt 0.61814981698989868 0.0098039219155907631
vt 0.80417293310165405 0.0098039219155907631
vt 0.99019604921340942 0.0098039219155907631
vt 0.875 0.5
vt 0.9375 0.5
vt 0.875 0.25
vt 0.9375 0.25
vt 0.99019604921340942 0.5
vt 0.99019604921340942 0.99019604921340942
vt 0.875 0.75
vt 0.9375 0.75
vn 0 0 -1
vn 0 0 -1
vn 0 0 -1
vn 0 0 -1
vn 0 0 -1
vn 0 0 -1
vn 0 0 -1
vn 0 0 -1
vn 0 0 -1
vn 0 0 -1
vn 0 0 -1
vn 0 0 -1
vn 0 0 -1
vn 0 0 -1
vn 0 0 -1
vn 0 0 -1
vn 0 0 -1
vn 0 0 -1
vn 0 0 -1
vn 0 0 -1
vn 0 0 -1
vn 0 0 -1
vn 0 0 -1
vn 0 0 -1
vn 0 0 -1
vn 0 0 -1
vn 0 0 -1
vn 0 0 -1
vn 0 0 -1
f 329/329/329 331/331/331 330/330/330 328/328/328
f 328/328/328 330/330/330 334/334/334 333/333/333
f 348/348/348 347/347/347 341/341/341 342/342/342
f 342/342/342 341/341/341 343/343/343 344/344/344
f 327/327/327 332/332/332 334/334/334 330/330/330
f 335/335/335 334/334/334 332/332/332
f 328/328/328 333/333/333 336/336/336
f 333/333/333 334/334/334 335/335/335
f 336/336/336 333/333/333 335/335/335
f 336/336/336 337/337/337 323/323/323 324/324/324
f 326/326/326 327/327/327 330/330/330 331/331/331
f 325/325/325 326/326/326 331/331/331 329/329/329
f 325/325/325 329/329/329 328/328/328
f 328/328/328 324/324/324 325/325/325
f 324/324/324 328/328/328 336/336/336
f 338/338/338 339/339/339 321/321/321 322/322/322
f 339/339/339 340/340/340 344/344/344 343/343/343
f 343/343/343 341/341/341 339/339/339
f 345/345/345 342/342/342 344/344/344
f 345/345/345 344/344/344 340/340/340
f 341/341/341 321/321/321 339/339/339
f 341/341/341 347/347/347 321/321/321
f 322/322/322 323/323/323 337/337/337 338/338/338
f 320/320/320 321/321/321 347/347/347 348/348/348
f 345/345/345 346/346/346 348/348/348 342/342/342
f 348/348/348 346/346/346 320/320/320
usemtl diffuse_128_128_128_255
vt 0 0
vt 0 1
vt 1 0
vt 1 1
vn 0 0 -1
vn 0 0 -1
vn 0 0 -1
vn 0 0 -1
f 352/352/352 350/350/350 349/349/349 351/351/351
usemtl diffuse_128_128_128_255
vt 0 0
vt 0 1
vt 1 0
vt 1 1
vn 0 0 -1
vn 0 0 -1
vn 0 0 -1
vn 0 0 -1
f 356/356/356 354/354/354 353/353/353 355/355/355
usemtl diffuse_128_128_128_255
vt 0 0
vt 0 1
vt 1 0
vt 1 1
vn 0 0 -1
vn 0 0 -1
vn 0 0 -1
vn 0 0 -1
f 360/360/360 358/358/358 357/357/357 359/359/359
usemtl diffuse_128_128_128_255
vt 0 0
vt 0 1
vt 1 0
vt 1 1
vn 0 0 -1
vn 0 0 -1
vn 0 0 -1
vn 0 0 -1
f 364/364/364 362/362/362 361/361/361 363/363/363
usemtl diffuse_128_128_128_255
vt 0 0
vt 0 1
vt 1 0
vt 1 1
vn 0 0 -1
vn 0 0 -1
vn 0 0 -1
vn 0 0 -1
f 368/368/368 366/366/366 365/365/365 367/367/367
usemtl diffuse_128_128_128_255
vt 0 0
vt 0 1
vt 1 0
vt 1 1
vn 0 0 -1
vn 0 0 -1
vn 0 0 -1
vn 0 0 -1
f 372/372/372 370/370/370 369/369/369 371/371/371
usemtl diffuse_128_128_128_255
vt 0 0
vt 0 1
vt 1 0
vt 1 1
vn 0 0 -1
vn 0 0 -1
vn 0 0 -1
vn 0 0 -1
f 376/376/376 374/374/374 373/373/373 375/375/375
usemtl diffuse_128_128_128_255
vt 0 0
vt 0 1
vt 1 0
vt 1 1
vn 0 0 -1
vn 0 0 -1
vn 0 0 -1
vn 0 0 -1
f 380/380/380 378/378/378 377/377/377 379/379/379
usemtl diffuse_128_128_128_255
vt 0 0
vt 0 1
vt 1 0
vt 1 1
vn 0 0 -1
vn 0 0 -1
vn 0 0 -1
vn 0 0 -1
f 384/384/384 382/382/382 381/381/381 383/383/383
usemtl diffuse_128_128_128_255
vt 0 0
vt 0 1
vt 1 0
vt 1 1
vn 0 0 -1
vn 0 0 -1
vn 0 0 -1
vn 0 0 -1
f 388/388/388 386/386/386 385/385/385 387/387/387
usemtl diffuse_128_128_128_255
vt 0 0
vt 0 1
vt 1 0
vt 1 1
vn 0 0 -1
vn 0 0 -1
vn 0 0 -1
vn 0 0 -1
f 392/392/392 390/390/390 389/389/389 391/391/391
usemtl diffuse_128_128_128_255
vt 0 0
vt 0 1
vt 1 0
vt 1 1
vn 0 0 -1
vn 0 0 -1
vn 0 0 -1
vn 0 0 -1
f 396/396/396 394/394/394 393/393/393 395/395/395
usemtl diffuse_128_128_128_255
vt 0 0
vt 0 1
vt 1 0
vt 1 1
vn 0 0 -1
vn 0 0 -1
vn 0 0 -1
vn 0 0 -1
f 400/400/400 398/398/398 397/397/397 399/399/399
usemtl diffuse_128_128_128_255
vt 0 0
vt 0 1
vt 1 0
vt 1 1
vn 0 0 -1
vn 0 0 -1
vn 0 0 -1
vn 0 0 -1
f 404/404/404 402/402/402 401/401/401 403/403/403
usemtl diffuse_128_128_128_255
vt 0 0
vt 0 1
vt 1 0
vt 1 1
vn 0 0 -1
vn 0 0 -1
vn 0 0 -1
vn 0 0 -1
f 408/408/408 406/406/406 405/405/405 407/407/407
usemtl diffuse_128_128_128_255
vt 0 0
vt 0 1
vt 1 0
vt 1 1
vn 0 0 -1
vn 0 0 -1
vn 0 0 -1
vn 0 0 -1
f 412/412/412 410/410/410 409/409/409 411/411/411
usemtl diffuse_128_128_128_255
vt 0 0
vt 0 1
vt 1 0
vt 1 1
vn 0 0 -1
vn 0 0 -1
vn 0 0 -1
vn 0 0 -1
f 416/416/416 414/414/414 413/413/413 415/415/415
usemtl diffuse_128_128_128_255
vt 0 0
vt 0 1
vt 1 0
vt 1 1
vn 0 0 -1
vn 0 0 -1
vn 0 0 -1
vn 0 0 -1
f 420/420/420 418/418/418 417/417/417 419/419/419
usemtl diffuse_128_128_128_255
vt 0 0
vt 0 1
vt 1 0
vt 1 1
vn 0 0 -1
vn 0 0 -1
vn 0 0 -1
vn 0 0 -1
f 424/424/424 422/422/422 421/421/421 423/423/423
usemtl diffuse_128_128_128_255
vt 0 0
vt 0 1
vt 1 0
vt 1 1
vn 0 0 -1
vn 0 0 -1
vn 0 0 -1
vn 0 0 -1
f 428/428/428 426/426/426 425/425/425 427/427/427
usemtl diffuse_128_128_128_255
vt 0 0
vt 0 1
vt 1 0
vt 1 1
vn 0 0 -1
vn 0 0 -1
vn 0 0 -1
vn 0 0 -1
f 432/432/432 430/430/430 429/429/429 431/431/431
usemtl diffuse_128_128_128_255
vt 0 0
vt 0 1
vt 1 0
vt 1 1
vn 0 0 -1
vn 0 0 -1
vn 0 0 -1
vn 0 0 -1
f 436/436/436 434/434/434 433/433/433 435/435/435
usemtl diffuse_128_128_128_255
vt 0 0
vt 0 1
vt 1 0
vt 1 1
vn 0 0 -1
vn 0 0 -1
vn 0 0 -1
vn 0 0 -1
f 440/440/440 438/438/438 437/437/437 439/439/439
usemtl diffuse_128_128_128_255
vt 0 0
vt 0 1
vt 1 0
vt 1 1
vn 0 0 -1
vn 0 0 -1
vn 0 0 -1
vn 0 0 -1
f 444/444/444 442/442/442 441/441/441 443/443/443
usemtl diffuse_128_128_128_255
vt 0 0
vt 0 1
vt 1 0
vt 1 1
vn 0 0 -1
vn 0 0 -1
vn 0 0 -1
vn 0 0 -1
f 448/448/448 446/446/446 445/445/445 447/447/447
usemtl diffuse_128_128_128_255
vt 0 0
vt 0 1
vt 1 0
vt 1 1
vn 0 0 -1
vn 0 0 -1
vn 0 0 -1
vn 0 0 -1
f 452/452/452 450/450/450 449/449/449 451/451/451
usemtl diffuse_128_128_128_255
vt 0 0
vt 0 1
vt 1 0
vt 1 1
vn 0 0 -1
vn 0 0 -1
vn 0 0 -1
vn 0 0 -1
f 456/456/456 454/454/454 453/453/453 455/455/455
usemtl diffuse_128_128_128_255
vt 0 0
vt 0 1
vt 1 0
vt 1 1
vn 0 0 -1
vn 0 0 -1
vn 0 0 -1
vn 0 0 -1
f 460/460/460 458/458/458 457/457/457 459/459/459
usemtl diffuse_128_128_128_255
vt 0 0
vt 0 1
vt 1 0
vt 1 1
vn 0 0 -1
vn 0 0 -1
vn 0 0 -1
vn 0 0 -1
f 464/464/464 462/462/462 461/461/461 463/463/463
usemtl diffuse_128_128_128_255
vt 0 0
vt 0 1
vt 1 0
vt 1 1
vn 0 0 -1
vn 0 0 -1
vn 0 0 -1
vn 0 0 -1
f 468/468/468 466/466/466 465/465/465 467/467/467
usemtl diffuse_128_128_128_255
vt 0 0
vt 0 1
vt 1 0
vt 1 1
vn 0 0 -1
vn 0 0 -1
vn 0 0 -1
vn 0 0 -1
f 472/472/472 470/470/470 469/469/469 471/471/471
usemtl diffuse_128_128_128_255
vt 0 0
vt 0 1
vt 1 0
vt 1 1
vn 0 0 -1
vn 0 0 -1
vn 0 0 -1
vn 0 0 -1
f 476/476/476 474/474/474 473/473/473 475/475/475
usemtl diffuse_128_128_128_255
vt 0 0
vt 0 1
vt 1 0
vt 1 1
vn 0 0 -1
vn 0 0 -1
vn 0 0 -1
vn 0 0 -1
f 480/480/480 478/478/478 477/477/477 479/479/479
usemtl diffuse_128_128_128_255
vt 0 0
vt 0 1
vt 1 0
vt 1 1
vn 0 0 -1
vn 0 0 -1
vn 0 0 -1
vn 0 0 -1
f 484/484/484 482/482/482 481/481/481 483/483/483
usemtl diffuse_128_128_128_255
vt 0 0
vt 0 1
vt 1 0
vt 1 1
vn 0 0 -1
vn 0 0 -1
vn 0 0 -1
vn 0 0 -1
f 488/488/488 486/486/486 485/485/485 487/487/487
usemtl diffuse_128_128_128_255
vt 0 0
vt 0 1
vt 1 0
vt 1 1
vn 0 0 -1
vn 0 0 -1
vn 0 0 -1
vn 0 0 -1
f 492/492/492 490/490/490 489/489/489 491/491/491
usemtl diffuse_128_128_128_255
vt 0 0
vt 0 1
vt 1 0
vt 1 1
vn 0 0 -1
vn 0 0 -1
vn 0 0 -1
vn 0 0 -1
f 496/496/496 494/494/494 493/493/493 495/495/495
usemtl diffuse_128_128_128_255
vt 0 0
vt 0 1
vt 1 0
vt 1 1
vn 0 0 -1
vn 0 0 -1
vn 0 0 -1
vn 0 0 -1
f 500/500/500 498/498/498 497/497/497 499/499/499
usemtl diffuse_128_128_128_255
vt 0 0
vt 0 1
vt 1 0
vt 1 1
vn 0 0 -1
vn 0 0 -1
vn 0 0 -1
vn 0 0 -1
f 504/504/504 502/502/502 501/501/501 503/503/503
usemtl diffuse_128_128_128_255
vt 0 0
vt 0 1
vt 1 0
vt 1 1
vn 0 0 -1
vn 0 0 -1
vn 0 0 -1
vn 0 0 -1
f 508/508/508 506/506/506 505/505/505 507/507/507
usemtl diffuse_128_128_128_255
vt 0 0
vt 0 1
vt 1 0
vt 1 1
vn 0 0 -1
vn 0 0 -1
vn 0 0 -1
vn 0 0 -1
f 512/512/512 510/510/510 509/509/509 511/511/511
usemtl diffuse_128_128_128_255
vt 0 0
vt 0 1
vt 1 0
vt 1 1
vn 0 0 -1
vn 0 0 -1
vn 0 0 -1
vn 0 0 -1
f 516/516/516 514/514/514 513/513/513 515/515/515
usemtl diffuse_128_128_128_255
vt 0 0
vt 0 1
vt 1 0
vt 1 1
vn 0 0 -1
vn 0 0 -1
vn 0 0 -1
vn 0 0 -1
f 520/520/520 518/518/518 517/517/517 519/519/519
usemtl diffuse_128_128_128_255
vt 0 0
vt 0 1
vt 1 0
vt 1 1
vn 0 0 -1
vn 0 0 -1
vn 0 0 -1
vn 0 0 -1
f 524/524/524 522/522/522 521/521/521 523/523/523
usemtl diffuse_128_128_128_255
vt 0 0
vt 0 1
vt 1 0
vt 1 1
vn 0 0 -1
vn 0 0 -1
vn 0 0 -1
vn 0 0 -1
f 528/528/528 526/526/526 525/525/525 527/527/527
usemtl diffuse_128_128_128_255
vt 0 0
vt 0 1
vt 1 0
vt 1 1
vn 0 0 -1
vn 0 0 -1
vn 0 0 -1
vn 0 0 -1
f 532/532/532 530/530/530 529/529/529 531/531/531
usemtl diffuse_128_128_128_255
vt 0 0
vt 0 1
vt 1 0
vt 1 1
vn 0 0 -1
vn 0 0 -1
vn 0 0 -1
vn 0 0 -1
f 536/536/536 534/534/534 533/533/533 535/535/535
usemtl diffuse_128_128_128_255
vt 0 0
vt 0 1
vt 1 0
vt 1 1
vn 0 0 -1
vn 0 0 -1
vn 0 0 -1
vn 0 0 -1
f 540/540/540 538/538/538 537/537/537 539/539/539
usemtl diffuse_128_128_128_255
vt 0.92483657598495483 0.99019604921340942
vt 0.46732026338577271 0.99019604921340942
vt 0.0098039219155907631 0.99019604921340942
vt 0.0098039219155907631 0.13235294818878174
vt 0.0098039219155907631 0.0098039219155907631
vt 0.075163401663303375 0.0098039219155907631
vt 0.075163401663303375 0.5
vt 0.5 0.5
vt 0.92483657598495483 0.5
vt 0.92483657598495483 0.0098039219155907631
vt 0.99019604921340942 0.0098039219155907631
vt 0.99019604921340942 0.13235294818878174
vt 0.99019604921340942 0.99019604921340942
vt 0.75 0.75
vt 0.75 0.875
vt 0.875 0.75
vt 0.875 0.875
vn 0 0 -1
vn 0 0 -1
vn 0 0 -1
vn 0 0 -1
vn 0 0 -1
vn 0 0 -1
vn 0 0 -1
vn 0 0 -1
vn 0 0 -1
vn 0 0 -1
vn 0 0 -1
vn 0 0 -1
vn 0 0 -1
vn 0 0 -1
vn 0 0 -1
vn 0 0 -1
vn 0 0 -1
f 557/557/557 555/555/555 554/554/554 556/556/556
f 546/546/546 544/544/544 545/545/545
f 544/544/544 546/546/546 547/547/547
f 543/543/543 544/544/544 547/547/547
f 542/542/542 543/543/543 547/547/547 548/548/548
f 542/542/542 548/548/548 554/554/554
f 548/548/548 549/549/549 554/554/554
f 555/555/555 542/542/542 554/554/554
f 549/549/549 556/556/556 554/554/554
f 550/550/550 551/551/551 552/552/552
f 553/553/553 549/549/549 552/552/552
f 541/541/541 557/557/557 553/553/553
f 556/556/556 553/553/553 557/557/557
f 555/555/555 557/557/557 541/541/541
f 553/553/553 556/556/556 549/549/549
f 542/542/542 555/555/555 541/541/541
f 549/549/549 550/550/550 552/552/552
usemtl diffuse_128_128_128_255
vt 0 0
vt 0 1
vt 1 0
vt 1 1
vn 0 0 -1
vn 0 0 -1
vn 0 0 -1
vn 0 0 -1
f 561/561/561 559/559/559 558/558/558 560/560/560
usemtl diffuse_128_128_128_255
vt 0 0
vt 0 1
vt 1 0
vt 1 1
vn 0 0 -1
vn 0 0 -1
vn 0 0 -1
vn 0 0 -1
f 565/565/565 563/563/563 562/562/562 564/564/564
usemtl diffuse_128_128_128_255
vt 0 0
vt 0 1
vt 1 0
vt 1 1
vn 0 0 -1
vn 0 0 -1
vn 0 0 -1
vn 0 0 -1
f 569/569/569 567/567/567 566/566/566 568/568/568
usemtl diffuse_128_128_128_255
vt 0 0
vt 0 1
vt 1 0
vt 1 1
vn 0 0 -1
vn 0 0 -1
vn 0 0 -1
vn 0 0 -1
f 573/573/573 571/571/571 570/570/570 572/572/572
usemtl diffuse_128_128_128_255
vt 0 0
vt 0 1
vt 1 0
vt 1 1
vn 0 0 -1
vn 0 0 -1
vn 0 0 -1
vn 0 0 -1
f 577/577/577 575/575/575 574/574/574 576/576/576
usemtl diffuse_128_128_128_255
vt 0 0
vt 0 1
vt 1 0
vt 1 1
vn 0 0 -1
vn 0 0 -1
vn 0 0 -1
vn 0 0 -1
f 581/581/581 579/579/579 578/578/578 580/580/580
usemtl diffuse_128_128_128_255
vt 0 0
vt 0 1
vt 1 0
vt 1 1
vn 0 0 -1
vn 0 0 -1
vn 0 0 -1
vn 0 0 -1
f 585/585/585 583/583/583 582/582/582 584/584/584
usemtl diffuse_128_128_128_255
vt 0 0
vt 0 1
vt 1 0
vt 1 1
vn 0 0 -1
vn 0 0 -1
vn 0 0 -1
vn 0 0 -1
f 589/589/589 587/587/587 586/586/586 588/588/588
usemtl diffuse_128_128_128_255
vt 0 0
vt 0 1
vt 1 0
vt 1 1
vn 0 0 -1
vn 0 0 -1
vn 0 0 -1
vn 0 0 -1
f 593/593/593 591/591/591 590/590/590 592/592/592
usemtl diffuse_128_128_128_255
vt 0 0
vt 0 1
vt 1 0
vt 1 1
vn 0 0 -1
vn 0 0 -1
vn 0 0 -1
vn 0 0 -1
f 597/597/597 595/595/595 594/594/594 596/596/596
usemtl diffuse_128_128_128_255
vt 0 0
vt 0 1
vt 1 0
vt 1 1
vn 0 0 -1
vn 0 0 -1
vn 0 0 -1
vn 0 0 -1
f 601/601/601 599/599/599 598/598/598 600/600/600
usemtl diffuse_128_128_128_255
vt 0 0
vt 0 1
vt 1 0
vt 1 1
vn 0 0 -1
vn 0 0 -1
vn 0 0 -1
vn 0 0 -1
f 605/605/605 603/603/603 602/602/602 604/604/604
usemtl diffuse_128_128_128_255
vt 0 0
vt 0 1
vt 1 0
vt 1 1
vn 0 0 -1
vn 0 0 -1
vn 0 0 -1
vn 0 0 -1
f 609/609/609 607/607/607 606/606/606 608/608/608
usemtl diffuse_128_128_128_255
vt 0 0
vt 0 1
vt 1 0
vt 1 1
vn 0 0 -1
vn 0 0 -1
vn 0 0 -1
vn 0 0 -1
f 613/613/613 611/611/611 610/610/610 612/612/612
usemtl diffuse_128_128_128_255
vt 0 0
vt 0 1
vt 1 0
vt 1 1
vn 0 0 -1
vn 0 0 -1
vn 0 0 -1
vn 0 0 -1
f 617/617/617 615/615/615 614/614/614 616/616/616
usemtl diffuse_128_128_128_255
vt 0 0
vt 0 1
vt 1 0
vt 1 1
vn 0 0 -1
vn 0 0 -1
vn 0 0 -1
vn 0 0 -1
f 621/621/621 619/619/619 618/618/618 620/620/620
usemtl diffuse_128_128_128_255
vt 0 0
vt 0 1
vt 1 0
vt 1 1
vn 0 0 -1
vn 0 0 -1
vn 0 0 -1
vn 0 0 -1
f 625/625/625 623/623/623 622/622/622 624/624/624
usemtl diffuse_128_128_128_255
vt 0 0
vt 0 1
vt 1 0
vt 1 1
vn 0 0 -1
vn 0 0 -1
vn 0 0 -1
vn 0 0 -1
f 629/629/629 627/627/627 626/626/626 628/628/628
usemtl diffuse_128_128_128_255
vt 0 0
vt 0 1
vt 1 0
vt 1 1
vn 0 0 -1
vn 0 0 -1
vn 0 0 -1
vn 0 0 -1
f 633/633/633 631/631/631 630/630/630 632/632/632
usemtl diffuse_128_128_128_255
vt 0 0
vt 0 1
vt 1 0
vt 1 1
vn 0 0 -1
vn 0 0 -1
vn 0 0 -1
vn 0 0 -1
f 637/637/637 635/635/635 634/634/634 636/636/636
usemtl diffuse_128_128_128_255
vt 0 0
vt 0 1
vt 1 0
vt 1 1
vn 0 0 -1
vn 0 0 -1
vn 0 0 -1
vn 0 0 -1
f 641/641/641 639/639/639 638/638/638 640/640/640
usemtl diffuse_128_128_128_255
vt 0 0
vt 0 1
vt 1 0
vt 1 1
vn 0 0 -1
vn 0 0 -1
vn 0 0 -1
vn 0 0 -1
f 645/645/645 643/643/643 642/642/642 644/644/644
usemtl diffuse_128_128_128_255
vt 0 0
vt 0 1
vt 1 0
vt 1 1
vn 0 0 -1
vn 0 0 -1
vn 0 0 -1
vn 0 0 -1
f 649/649/649 647/647/647 646/646/646 648/648/648
usemtl diffuse_128_128_128_255
vt 0 0
vt 0 1
vt 1 0
vt 1 1
vn 0 0 -1
vn 0 0 -1
vn 0 0 -1
vn 0 0 -1
f 653/653/653 651/651/651 650/650/650 652/652/652
usemtl diffuse_128_128_128_255
vt 0 0
vt 0 1
vt 1 0
vt 1 1
vn 0 0 -1
vn 0 0 -1
vn 0 0 -1
vn 0 0 -1
f 657/657/657 655/655/655 654/654/654 656/656/656
usemtl diffuse_128_128_128_255
vt 1 0.99019604921340942
vt 0 0.99019604921340942
vt 0 0.5
vt 0 0.0098039219155907631
vt 1 0.0098039219155907631
vt 1 0.5
vn 0 0 -1
vn 0 0 -1
vn 0 0 -1
vn 0 0 -1
vn 0 0 -1
vn 0 0 -1
f 660/660/660 661/661/661 662/662/662 663/663/663
f 659/659/659 660/660/660 663/663/663 658/658/658
usemtl diffuse_128_128_128_255
vt 0.20588235557079315 0.99019604921340942
vt 0.10784313827753067 0.99019604921340942
vt 0.0098039219155907631 0.99019604921340942
vt 0.0098039219155907631 0.66339868307113647
vt 0.0098039219155907631 0.33660131692886353
vt 0.0098039219155907631 0.0098039219155907631
vt 0.17320261895656586 0.0098039219155907631
vt 0.33660131692886353 0.0098039219155907631
vt 0.5 0.0098039219155907631
vt 0.66339868307113647 0.0098039219155907631
vt 0.82679736614227295 0.0098039219155907631
vt 0.99019604921340942 0.0098039219155907631
vt 0.99019604921340942 0.33660131692886353
vt 0.99019604921340942 0.66339868307113647
vt 0.99019604921340942 0.99019604921340942
vt 0.89215683937072754 0.99019604921340942
vt 0.79411762952804565 0.99019604921340942
vt 0.79411762952804565 0.66339868307113647
vt 0.69607841968536377 0.66339868307113647
vt 0.69607841968536377 0.33660131692886353
vt 0.56535947322845459 0.33660131692886353
vt 0.43464052677154541 0.33660131692886353
vt 0.30392158031463623 0.33660131692886353
vt 0.30392158031463623 0.66339868307113647
vt 0.30392158031463623 0.99019604921340942
vn 0 0 -1
vn 0 0 -1
vn 0 0 -1
vn 0 0 -1
vn 0 0 -1
vn 0 0 -1
vn 0 0 -1
vn 0 0 -1
vn 0 0 -1
vn 0 0 -1
vn 0 0 -1
vn 0 0 -1
vn 0 0 -1
vn 0 0 -1
vn 0 0 -1
vn 0 0 -1
vn 0 0 -1
vn 0 0 -1
vn 0 0 -1
vn 0 0 -1
vn 0 0 -1
vn 0 0 -1
vn 0 0 -1
vn 0 0 -1
vn 0 0 -1
f 668/668/668 669/669/669 670/670/670
f 686/686/686 668/668/668 670/670/670
f 685/685/685 686/686/686 671/671/671 672/672/672
f 670/670/670 671/671/671 686/686/686
f 686/686/686 687/687/687 667/667/667 668/668/668
f 666/666/666 667/667/667 665/665/665
f 667/667/667 687/687/687 664/664/664 665/665/665
f 688/688/688 664/664/664 687/687/687
f 672/672/672 673/673/673 683/683/683 684/684/684
f 685/685/685 672/672/672 684/684/684
f 676/676/676 683/683/683 674/674/674 675/675/675
f 673/673/673 674/674/674 683/683/683
f 681/681/681 682/682/682 683/683/683
f 679/679/679 680/680/680 681/681/681
f 681/681/681 677/677/677 679/679/679
f 677/677/677 678/678/678 679/679/679
f 677/677/677 681/681/681 683/683/683 676/676/676
usemtl diffuse_128_128_128_255
vt 1 0.99019604921340942
vt 0 0.99019604921340942
vt 0 0.5
vt 0 0.0098039219155907631
vt 1 0.0098039219155907631
vt 1 0.5
vn 0 0 -1
vn 0 0 -1
vn 0 0 -1
vn 0 0 -1
vn 0 0 -1
vn 0 0 -1
f 691/691/691 692/692/692 693/693/693 694/694/694
f 690/690/690 691/691/691 694/694/694 689/689/689
usemtl diffuse_128_128_128_255
vt 0.0098039219155907631 0.99019604921340942
vt 0.0098039219155907631 0.7450980544090271
vt 0.5 0.7450980544090271
vt 0.5 0.25490197539329529
vt 0.0098039219155907631 0.25490197539329529
vt 0.0098039219155907631 0.0098039219155907631
vt 0.99019604921340942 0.0098039219155907631
vt 0.99019604921340942 0.25490197539329529
vt 0.99019604921340942 0.99019604921340942
vn 0 0 -1
vn 0 0 -1
vn 0 0 -1
vn 0 0 -1
vn 0 0 -1
vn 0 0 -1
vn 0 0 -1
vn 0 0 -1
vn 0 0 -1
f 698/698/698 699/699/699 700/700/700
f 697/697/697 695/695/695 696/696/696
f 702/702/702 698/698/698 701/701/701
f 700/700/700 701/701/701 698/698/698
f 702/702/702 703/703/703 697/697/697 698/698/698
f 695/695/695 697/697/697 703/703/703
usemtl diffuse_128_128_128_255
vt 0.0098039219155907631 1
vt 0.0098039219155907631 0
vt 0.5 0
vt 0.99019604921340942 0
vt 0.99019604921340942 1
vt 0.5 1
vn 0 0 -1
vn 0 0 -1
vn 0 0 -1
vn 0 0 -1
vn 0 0 -1
vn 0 0 -1
f 704/704/704 705/705/705 706/706/706 709/709/709
f 707/707/707 708/708/708 709/709/709 706/706/706
usemtl diffuse_128_128_128_255
vt 0.0098039219155907631 1
vt 0.0098039219155907631 0
vt 0.66339868307113647 0
vt 0.99019604921340942 0
vt 0.99019604921340942 1
vt 0.5 1
vn 0 0 -1
vn 0 0 -1
vn 0 0 -1
vn 0 0 -1
vn 0 0 -1
vn 0 0 -1
f 715/715/715 710/710/710 711/711/711 712/712/712
f 712/712/712 713/713/713 714/714/714 715/715/715
usemtl diffuse_128_128_128_255
vt 0 0
vt 0 1
vt 1 0
vt 1 1
vn 0 0 -1
vn 0 0 -1
vn 0 0 -1
vn 0 0 -1
f 719/719/719 717/717/717 716/716/716 718/718/718
usemtl diffuse_128_128_128_255
vt 0.25 0.25
vt 0.25 0.5
vt 0.25 0.75
vt 0.5 0.25
vt 0.5 0.5
vt 0.5 0.75
vt 0.75 0.5
vt 0.79411762952804565 0.99019604921340942
vt 0.63725489377975464 0.99019604921340942
vt 0.48039215803146362 0.99019604921340942
vt 0.32352942228317261 0.99019604921340942
vt 0.1666666716337204 0.99019604921340942
vt 0.0098039219155907631 0.99019604921340942
vt 0.0098039219155907631 0.85947710275650024
vt 0.0098039219155907631 0.72875815629959106
vt 0.0098039219155907631 0.59803920984268188
vt 0.0098039219155907631 0.5
vt 0.0098039219155907631 0.40196079015731812
vt 0.0098039219155907631 0.30392158031463623
vt 0.0098039219155907631 0.20588235557079315
vt 0.0098039219155907631 0.10784313827753067
vt 0.0098039219155907631 0.0098039219155907631
vt 0.1666666716337204 0.0098039219155907631
vt 0.32352942228317261 0.0098039219155907631
vt 0.48039215803146362 0.0098039219155907631
vt 0.63725489377975464 0.0098039219155907631
vt 0.79411762952804565 0.0098039219155907631
vt 0.79411762952804565 0.10784313827753067
vt 0.79411762952804565 0.20588235557079315
vt 0.89215683937072754 0.20588235557079315
vt 0.99019604921340942 0.20588235557079315
vt 0.99019604921340942 0.30392158031463623
vt 0.99019604921340942 0.40196079015731812
vt 0.99019604921340942 0.5
vt 0.99019604921340942 0.59803920984268188
vt 0.99019604921340942 0.69607841968536377
vt 0.99019604921340942 0.79411762952804565
vt 0.89215683937072754 0.79411762952804565
vt 0.79411762952804565 0.79411762952804565
vt 0.79411762952804565 0.89215683937072754
vn 0 0 -1
vn 0 0 -1
vn 0 0 -1
vn 0 0 -1
vn 0 0 -1
vn 0 0 -1
vn 0 0 -1
vn 0 0 -1
vn 0 0 -1
vn 0 0 -1
vn 0 0 -1
vn 0 0 -1
vn 0 0 -1
vn 0 0 -1
vn 0 0 -1
vn 0 0 -1
vn 0 0 -1
vn 0 0 -1
vn 0 0 -1
vn 0 0 -1
vn 0 0 -1
vn 0 0 -1
vn 0 0 -1
vn 0 0 -1
vn 0 0 -1
vn 0 0 -1
vn 0 0 -1
vn 0 0 -1
vn 0 0 -1
vn 0 0 -1
vn 0 0 -1
vn 0 0 -1
vn 0 0 -1
vn 0 0 -1
vn 0 0 -1
vn 0 0 -1
vn 0 0 -1
vn 0 0 -1
vn 0 0 -1
vn 0 0 -1
f 724/724/724 721/721/721 720/720/720 723/723/723
f 725/725/725 722/722/722 721/721/721 724/724/724
f 726/726/726 724/724/724 723/723/723
f 725/725/725 724/724/724 726/726/726
f 742/742/742 740/740/740 741/741/741
f 720/720/720 738/738/738 739/739/739
f 739/739/739 740/740/740 720/720/720
f 720/720/720 742/742/742 743/743/743
f 738/738/738 720/720/720 737/737/737
f 723/723/723 720/720/720 743/743/743 744/744/744
f 721/721/721 737/737/737 720/720/720
f 742/742/742 720/720/720 740/740/740
f 721/721/721 735/735/735 736/736/736
f 722/722/722 733/733/733 734/734/734
f 731/731/731 732/732/732 733/733/733
f 734/734/734 735/735/735 722/722/722
f 733/733/733 722/722/722 731/731/731
f 722/722/722 725/725/725 729/729/729 730/730/730
f 722/722/722 730/730/730 731/731/731
f 721/721/721 722/722/722 735/735/735
f 721/721/721 736/736/736 737/737/737
f 747/747/747 745/745/745 746/746/746
f 748/748/748 726/726/726 723/723/723
f 723/723/723 745/745/745 748/748/748
f 745/745/745 747/747/747 748/748/748
f 744/744/744 745/745/745 723/723/723
f 752/752/752 748/748/748 749/749/749
f 749/749/749 750/750/750 751/751/751
f 749/749/749 751/751/751 752/752/752
f 726/726/726 748/748/748 752/752/752
f 753/753/753 726/726/726 752/752/752
f 728/728/728 725/725/725 758/758/758
f 758/758/758 725/725/725 726/726/726
f 727/727/727 728/728/728 759/759/759
f 758/758/758 759/759/759 728/728/728
f 729/729/729 725/725/725 728/728/728
f 758/758/758 754/754/754 757/757/757
f 756/756/756 757/757/757 755/755/755
f 754/754/754 755/755/755 757/757/757
f 754/754/754 758/758/758 726/726/726
f 726/726/726 753/753/753 754/754/754
usemtl diffuse_128_128_128_255
vt 0.91478127241134644 0.99019604921340942
vt 0.73378580808639526 0.99019604921340942
vt 0.55279034376144409 0.99019604921340942
vt 0.37179487943649292 0.99019604921340942
vt 0.19079940021038055 0.99019604921340942
vt 0.0098039219155907631 0.99019604921340942
vt 0.0098039219155907631 0.33660131692886353
vt 0.0098039219155907631 0.0098039219155907631
vt 0.085218705236911774 0.0098039219155907631
vt 0.19834087789058685 0.0098039219155907631
vt 0.31146305799484253 0.0098039219155907631
vt 0.31146305799484253 0.66339868307113647
vt 0.46229261159896851 0.66339868307113647
vt 0.61312216520309448 0.66339868307113647
vt 0.61312216520309448 0.33660131692886353
vt 0.68853694200515747 0.33660131692886353
vt 0.68853694200515747 0.0098039219155907631
vt 0.83936649560928345 0.0098039219155907631
vt 0.99019604921340942 0.0098039219155907631
vt 0.99019604921340942 0.33660131692886353
vt 0.99019604921340942 0.99019604921340942
vn 0 0 -1
vn 0 0 -1
vn 0 0 -1
vn 0 0 -1
vn 0 0 -1
vn 0 0 -1
vn 0 0 -1
vn 0 0 -1
vn 0 0 -1
vn 0 0 -1
vn 0 0 -1
vn 0 0 -1
vn 0 0 -1
vn 0 0 -1
vn 0 0 -1
vn 0 0 -1
vn 0 0 -1
vn 0 0 -1
vn 0 0 -1
vn 0 0 -1
vn 0 0 -1
f 768/768/768 766/766/766 767/767/767
f 766/766/766 768/768/768 769/769/769
f 766/766/766 769/769/769 770/770/770
f 771/771/771 766/766/766 770/770/770
f 771/771/771 764/764/764 765/765/765
f 763/763/763 771/771/771 772/772/772
f 762/762/762 763/763/763 772/772/772
f 764/764/764 771/771/771 763/763/763
f 771/771/771 765/765/765 766/766/766
f 777/777/777 779/779/779 775/775/775
f 776/776/776 777/777/777 775/775/775
f 778/778/778 779/779/779 777/777/777
f 773/773/773 774/774/774 775/775/775
f 761/761/761 762/762/762 773/773/773
f 773/773/773 762/762/762 772/772/772
f 760/760/760 761/761/761 773/773/773
f 780/780/780 760/760/760 779/779/779
f 773/773/773 779/779/779 760/760/760
f 779/779/779 773/773/773 775/775/775
usemtl diffuse_128_128_128_255
vt 0 0
vt 0 1
vt 1 0
vt 1 1
vn 0 0 -1
vn 0 0 -1
vn 0 0 -1
vn 0 0 -1
f 784/784/784 782/782/782 781/781/781 783/783/783
usemtl diffuse_128_128_128_255
vt 0 0
vt 0 1
vt 1 0
vt 1 1
vn 0 0 -1
vn 0 0 -1
vn 0 0 -1
vn 0 0 -1
f 788/788/788 786/786/786 785/785/785 787/787/787
usemtl diffuse_128_128_128_255
vt 0 0
vt 0 1
vt 1 0
vt 1 1
vn 0 0 -1
vn 0 0 -1
vn 0 0 -1
vn 0 0 -1
f 792/792/792 790/790/790 789/789/789 791/791/791
usemtl diffuse_128_128_128_255
vt 0 0
vt 0 1
vt 1 0
vt 1 1
vn 0 0 -1
vn 0 0 -1
vn 0 0 -1
vn 0 0 -1
f 796/796/796 794/794/794 793/793/793 795/795/795
usemtl diffuse_128_128_128_255
vt 0 0
vt 0 1
vt 1 0
vt 1 1
vn 0 0 -1
vn 0 0 -1
vn 0 0 -1
vn 0 0 -1
f 800/800/800 798/798/798 797/797/797 799/799/799
usemtl diffuse_128_128_128_255
vt 0 0
vt 0 1
vt 1 0
vt 1 1
vn 0 0 -1
vn 0 0 -1
vn 0 0 -1
vn 0 0 -1
f 804/804/804 802/802/802 801/801/801 803/803/803
usemtl diffuse_128_128_128_255
vt 0 0
vt 0 1
vt 1 0
vt 1 1
vn 0 0 -1
vn 0 0 -1
vn 0 0 -1
vn 0 0 -1
f 808/808/808 806/806/806 805/805/805 807/807/807
usemtl diffuse_128_128_128_255
vt 0 0
vt 0 1
vt 1 0
vt 1 1
vn 0 0 -1
vn 0 0 -1
vn 0 0 -1
vn 0 0 -1
f 812/812/812 810/810/810 809/809/809 811/811/811
usemtl diffuse_128_128_128_255
vt 0 0
vt 0 1
vt 1 0
vt 1 1
vn 0 0 -1
vn 0 0 -1
vn 0 0 -1
vn 0 0 -1
f 816/816/816 814/814/814 813/813/813 815/815/815
usemtl diffuse_128_128_128_255
vt 0 0
vt 0 1
vt 1 0
vt 1 1
vn 0 0 -1
vn 0 0 -1
vn 0 0 -1
vn 0 0 -1
f 820/820/820 818/818/818 817/817/817 819/819/819
usemtl diffuse_128_128_128_255
vt 0 0
vt 0 1
vt 1 0
vt 1 1
vn 0 0 -1
vn 0 0 -1
vn 0 0 -1
vn 0 0 -1
f 824/824/824 822/822/822 821/821/821 823/823/823
usemtl diffuse_128_128_128_255
vt 0 0
vt 0 1
vt 1 0
vt 1 1
vn 0 0 -1
vn 0 0 -1
vn 0 0 -1
vn 0 0 -1
f 828/828/828 826/826/826 825/825/825 827/827/827
usemtl diffuse_128_128_128_255
vt 0 0
vt 0 1
vt 1 0
vt 1 1
vn 0 0 -1
vn 0 0 -1
vn 0 0 -1
vn 0 0 -1
f 832/832/832 830/830/830 829/829/829 831/831/831
usemtl diffuse_128_128_128_255
vt 0 0
vt 0 1
vt 1 0
vt 1 1
vn 0 0 -1
vn 0 0 -1
vn 0 0 -1
vn 0 0 -1
f 836/836/836 834/834/834 833/833/833 835/835/835
usemtl diffuse_128_128_128_255
vt 0 0
vt 0 1
vt 1 0
vt 1 1
vn 0 0 -1
vn 0 0 -1
vn 0 0 -1
vn 0 0 -1
f 840/840/840 838/838/838 837/837/837 839/839/839
usemtl diffuse_128_128_128_255
vt 0 0
vt 0 1
vt 1 0
vt 1 1
vn 0 0 -1
vn 0 0 -1
vn 0 0 -1
vn 0 0 -1
f 844/844/844 842/842/842 841/841/841 843/843/843
usemtl diffuse_128_128_128_255
vt 0 0
vt 0 1
vt 1 0
vt 1 1
vn 0 0 -1
vn 0 0 -1
vn 0 0 -1
vn 0 0 -1
f 848/848/848 846/846/846 845/845/845 847/847/847
usemtl diffuse_128_128_128_255
vt 0 0
vt 0 1
vt 1 0
vt 1 1
vn 0 0 -1
vn 0 0 -1
vn 0 0 -1
vn 0 0 -1
f 852/852/852 850/850/850 849/849/849 851/851/851
usemtl diffuse_128_128_128_255
vt 0 0
vt 0 1
vt 1 0
vt 1 1
vn 0 0 -1
vn 0 0 -1
vn 0 0 -1
vn 0 0 -1
f 856/856/856 854/854/854 853/853/853 855/855/855
usemtl diffuse_128_128_128_255
vt 0 0
vt 0 1
vt 1 0
vt 1 1
vn 0 0 -1
vn 0 0 -1
vn 0 0 -1
vn 0 0 -1
f 860/860/860 858/858/858 857/857/857 859/859/859
usemtl diffuse_128_128_128_255
vt 0 0
vt 0 1
vt 1 0
vt 1 1
vn 0 0 -1
vn 0 0 -1
vn 0 0 -1
vn 0 0 -1
f 864/864/864 862/862/862 861/861/861 863/863/863
usemtl diffuse_128_128_128_255
vt 0 0
vt 0 1
vt 1 0
vt 1 1
vn 0 0 -1
vn 0 0 -1
vn 0 0 -1
vn 0 0 -1
f 868/868/868 866/866/866 865/865/865 867/867/867
usemtl diffuse_128_128_128_255
vt 0 0
vt 0 1
vt 1 0
vt 1 1
vn 0 0 -1
vn 0 0 -1
vn 0 0 -1
vn 0 0 -1
f 872/872/872 870/870/870 869/869/869 871/871/871
usemtl diffuse_128_128_128_255
vt 0 0
vt 0 1
vt 1 0
vt 1 1
vn 0 0 -1
vn 0 0 -1
vn 0 0 -1
vn 0 0 -1
f 876/876/876 874/874/874 873/873/873 875/875/875
usemtl diffuse_128_128_128_255
vt 0.5 0.99019604921340942
vt 0.0098039219155907631 0.99019604921340942
vt 0.5 0.5
vt 0.0098039219155907631 0.56127452850341797
vt 0.0098039219155907631 0.13235294818878174
vt 0.0098039219155907631 0.0098039219155907631
vt 0.5 0.25
vt 0.25 0.5
vt 0.25 0.25
vt 0.99019604921340942 0.0098039219155907631
vt 0.99019604921340942 0.5
vt 0.99019604921340942 0.99019604921340942
vn 0 0 -1
vn 0 0 -1
vn 0 0 -1
vn 0 0 -1
vn 0 0 -1
vn 0 0 -1
vn 0 0 -1
vn 0 0 -1
vn 0 0 -1
vn 0 0 -1
vn 0 0 -1
vn 0 0 -1
f 879/879/879 884/884/884 885/885/885 883/883/883
f 881/881/881 882/882/882 885/885/885
f 883/883/883 885/885/885 882/882/882
f 880/880/880 881/881/881 885/885/885 884/884/884
f 878/878/878 880/880/880 884/884/884
f 877/877/877 878/878/878 884/884/884 879/879/879
f 887/887/887 879/879/879 883/883/883
f 882/882/882 886/886/886 883/883/883
f 886/886/886 887/887/887 883/883/883
f 887/887/887 888/888/888 877/877/877 879/879/879
usemtl diffuse_128_128_128_255
vt 0.5 0.99019604921340942
vt 0.0098039219155907631 0.99019604921340942
vt 0.5 0.5
vt 0.0098039219155907631 0.56127452850341797
vt 0.0098039219155907631 0.13235294818878174
vt 0.0098039219155907631 0.0098039219155907631
vt 0.5 0.25
vt 0.25 0.5
vt 0.25 0.25
vt 0.99019604921340942 0.0098039219155907631
vt 0.99019604921340942 0.5
vt 0.99019604921340942 0.99019604921340942
vn 0 0 -1
vn 0 0 -1
vn 0 0 -1
vn 0 0 -1
vn 0 0 -1
vn 0 0 -1
vn 0 0 -1
vn 0 0 -1
vn 0 0 -1
vn 0 0 -1
vn 0 0 -1
vn 0 0 -1
f 891/891/891 896/896/896 897/897/897 895/895/895
f 893/893/893 894/894/894 897/897/897
f 895/895/895 897/897/897 894/894/894
f 892/892/892 893/893/893 897/897/897 896/896/896
f 890/890/890 892/892/892 896/896/896
f 889/889/889 890/890/890 896/896/896 891/891/891
f 899/899/899 891/891/891 895/895/895
f 894/894/894 898/898/898 895/895/895
f 898/898/898 899/899/899 895/895/895
f 899/899/899 900/900/900 889/889/889 891/891/891
usemtl diffuse_128_128_128_255
vt 0.20588235557079315 0.99019604921340942
vt 0.0098039219155907631 0.99019604921340942
vt 0.5 0.5
vt 0.5 0.75
vt 0.25 0.5
vt 0.25 0.75
vt 0.0098039219155907631 0.56127452850341797
vt 0.0098039219155907631 0.13235294818878174
vt 0.0098039219155907631 0.0098039219155907631
vt 0.5 0.25
vt 0.25 0.25
vt 0.99019604921340942 0.0098039219155907631
vt 0.99019604921340942 0.5
vt 0.99019604921340942 0.99019604921340942
vt 0.40196079015731812 0.99019604921340942
vn 0 0 -1
vn 0 0 -1
vn 0 0 -1
vn 0 0 -1
vn 0 0 -1
vn 0 0 -1
vn 0 0 -1
vn 0 0 -1
vn 0 0 -1
vn 0 0 -1
vn 0 0 -1
vn 0 0 -1
vn 0 0 -1
vn 0 0 -1
vn 0 0 -1
f 904/904/904 906/906/906 905/905/905 903/903/903
f 903/903/903 905/905/905 911/911/911 910/910/910
f 908/908/908 909/909/909 911/911/911
f 910/910/910 911/911/911 909/909/909
f 907/907/907 908/908/908 911/911/911 905/905/905
f 906/906/906 901/901/901 902/902/902
f 905/905/905 906/906/906 907/907/907
f 906/906/906 902/902/902 907/907/907
f 913/913/913 903/903/903 910/910/910
f 910/910/910 912/912/912 913/913/913
f 912/912/912 910/910/910 909/909/909
f 904/904/904 903/903/903 913/913/913
f 915/915/915 901/901/901 906/906/906 904/904/904
f 915/915/915 904/904/904 914/914/914
f 913/913/913 914/914/914 904/904/904
usemtl diffuse_128_128_128_255
vt 0.5 0.99019604921340942
vt 0.0098039219155907631 0.99019604921340942
vt 0.5 0.5
vt 0.0098039219155907631 0.56127452850341797
vt 0.0098039219155907631 0.13235294818878174
vt 0.0098039219155907631 0.0098039219155907631
vt 0.5 0.25
vt 0.25 0.5
vt 0.25 0.25
vt 0.99019604921340942 0.0098039219155907631
vt 0.99019604921340942 0.5
vt 0.99019604921340942 0.99019604921340942
vn 0 0 -1
vn 0 0 -1
vn 0 0 -1
vn 0 0 -1
vn 0 0 -1
vn 0 0 -1
vn 0 0 -1
vn 0 0 -1
vn 0 0 -1
vn 0 0 -1
vn 0 0 -1
vn 0 0 -1
f 918/918/918 923/923/923 924/924/924 922/922/922
f 920/920/920 921/921/921 924/924/924
f 922/922/922 924/924/924 921/921/921
f 919/919/919 920/920/920 924/924/924 923/923/923
f 917/917/917 919/919/919 923/923/923
f 916/916/916 917/917/917 923/923/923 918/918/918
f 926/926/926 918/918/918 922/922/922
f 921/921/921 925/925/925 922/922/922
f 925/925/925 926/926/926 922/922/922
f 926/926/926 927/927/927 916/916/916 918/918/918
usemtl diffuse_128_128_128_255
vt 0.5 0.99019604921340942
vt 0.0098039219155907631 0.99019604921340942
vt 0.5 0.5
vt 0.0098039219155907631 0.56127452850341797
vt 0.0098039219155907631 0.13235294818878174
vt 0.0098039219155907631 0.0098039219155907631
vt 0.5 0.25
vt 0.25 0.5
vt 0.25 0.25
vt 0.99019604921340942 0.0098039219155907631
vt 0.99019604921340942 0.5
vt 0.99019604921340942 0.99019604921340942
vn 0 0 -1
vn 0 0 -1
vn 0 0 -1
vn 0 0 -1
vn 0 0 -1
vn 0 0 -1
vn 0 0 -1
vn 0 0 -1
vn 0 0 -1
vn 0 0 -1
vn 0 0 -1
vn 0 0 -1
f 930/930/930 935/935/935 936/936/936 934/934/934
f 932/932/932 933/933/933 936/936/936
f 934/934/934 936/936/936 933/933/933
f 931/931/931 932/932/932 936/936/936 935/935/935
f 929/929/929 931/931/931 935/935/935
f 928/928/928 929/929/929 935/935/935 930/930/930
f 938/938/938 930/930/930 934/934/934
f 933/933/933 937/937/937 934/934/934
f 937/937/937 938/938/938 934/934/934
f 938/938/938 939/939/939 928/928/928 930/930/930
usemtl diffuse_128_128_128_255
vt 0.5 0.99019604921340942
vt 0.0098039219155907631 0.99019604921340942
vt 0.5 0.5
vt 0.0098039219155907631 0.56127452850341797
vt 0.0098039219155907631 0.13235294818878174
vt 0.0098039219155907631 0.0098039219155907631
vt 0.5 0.25
vt 0.25 0.5
vt 0.25 0.25
vt 0.99019604921340942 0.0098039219155907631
vt 0.99019604921340942 0.5
vt 0.99019604921340942 0.99019604921340942
vn 0 0 -1
vn 0 0 -1
vn 0 0 -1
vn 0 0 -1
vn 0 0 -1
vn 0 0 -1
vn 0 0 -1
vn 0 0 -1
vn 0 0 -1
vn 0 0 -1
vn 0 0 -1
vn 0 0 -1
f 942/942/942 947/947/947 948/948/948 946/946/946
f 944/944/944 945/945/945 948/948/948
f 946/946/946 948/948/948 945/945/945
f 943/943/943 944/944/944 948/948/948 947/947/947
f 941/941/941 943/943/943 947/947/947
f 940/940/940 941/941/941 947/947/947 942/942/942
f 950/950/950 942/942/942 946/946/946
f 945/945/945 949/949/949 946/946/946
f 949/949/949 950/950/950 946/946/946
f 950/950/950 951/951/951 940/940/940 942/942/942
usemtl diffuse_128_128_128_255
vt 0.5 0.99019604921340942
vt 0.0098039219155907631 0.99019604921340942
vt 0.5 0.5
vt 0.0098039219155907631 0.56127452850341797
vt 0.0098039219155907631 0.13235294818878174
vt 0.0098039219155907631 0.0098039219155907631
vt 0.5 0.25
vt 0.25 0.5
vt 0.25 0.25
vt 0.99019604921340942 0.0098039219155907631
vt 0.99019604921340942 0.5
vt 0.99019604921340942 0.99019604921340942
vn 0 0 -1
vn 0 0 -1
vn 0 0 -1
vn 0 0 -1
vn 0 0 -1
vn 0 0 -1
vn 0 0 -1
vn 0 0 -1
vn 0 0 -1
vn 0 0 -1
vn 0 0 -1
vn 0 0 -1
f 954/954/954 959/959/959 960/960/960 958/958/958
f 956/956/956 957/957/957 960/960/960
f 958/958/958 960/960/960 957/957/957
f 955/955/955 956/956/956 960/960/960 959/959/959
f 953/953/953 955/955/955 959/959/959
f 952/952/952 953/953/953 959/959/959 954/954/954
f 962/962/962 954/954/954 958/958/958
f 957/957/957 961/961/961 958/958/958
f 961/961/961 962/962/962 958/958/958
f 962/962/962 963/963/963 952/952/952 954/954/954
usemtl diffuse_128_128_128_255
vt 0.5 0.99019604921340942
vt 0.0098039219155907631 0.99019604921340942
vt 0.5 0.5
vt 0.0098039219155907631 0.56127452850341797
vt 0.0098039219155907631 0.13235294818878174
vt 0.0098039219155907631 0.0098039219155907631
vt 0.5 0.25
vt 0.25 0.5
vt 0.25 0.25
vt 0.99019604921340942 0.0098039219155907631
vt 0.99019604921340942 0.5
vt 0.99019604921340942 0.99019604921340942
vn 0 0 -1
vn 0 0 -1
vn 0 0 -1
vn 0 0 -1
vn 0 0 -1
vn 0 0 -1
vn 0 0 -1
vn 0 0 -1
vn 0 0 -1
vn 0 0 -1
vn 0 0 -1
vn 0 0 -1
f 966/966/966 971/971/971 972/972/972 970/970/970
f 968/968/968 969/969/969 972/972/972
f 970/970/970 972/972/972 969/969/969
f 967/967/967 968/968/968 972/972/972 971/971/971
f 965/965/965 967/967/967 971/971/971
f 964/964/964 965/965/965 971/971/971 966/966/966
f 974/974/974 966/966/966 970/970/970
f 969/969/969 973/973/973 970/970/970
f 973/973/973 974/974/974 970/970/970
f 975/975/975 964/964/964 966/966/966 974/974/974
usemtl diffuse_128_128_128_255
vt 0.0098039219155907631 1
vt 0.0098039219155907631 0
vt 0.66339868307113647 0
vt 0.99019604921340942 0
vt 0.99019604921340942 1
vt 0.5 1
vn 0 0 -1
vn 0 0 -1
vn 0 0 -1
vn 0 0 -1
vn 0 0 -1
vn 0 0 -1
f 981/981/981 976/976/976 977/977/977 978/978/978
f 978/978/978 979/979/979 980/980/980 981/981/981
usemtl diffuse_128_128_128_255
vt 0.0098039219155907631 1
vt 0.0098039219155907631 0
vt 0.33660131692886353 0
vt 0.66339868307113647 0
vt 0.82679736614227295 0
vt 0.99019604921340942 0
vt 0.99019604921340942 1
vt 0.66339868307113647 1
vt 0.33660131692886353 1
vn 0 0 -1
vn 0 0 -1
vn 0 0 -1
vn 0 0 -1
vn 0 0 -1
vn 0 0 -1
vn 0 0 -1
vn 0 0 -1
vn 0 0 -1
f 983/983/983 984/984/984 990/990/990 982/982/982
f 984/984/984 985/985/985 989/989/989 990/990/990
f 989/989/989 985/985/985 986/986/986
f 988/988/988 989/989/989 986/986/986 987/987/987
usemtl diffuse_128_128_128_255
vt 0.0098039219155907631 1
vt 0.0098039219155907631 0
vt 0.66339868307113647 0
vt 0.99019604921340942 0
vt 0.99019604921340942 1
vt 0.5 1
vn 0 0 -1
vn 0 0 -1
vn 0 0 -1
vn 0 0 -1
vn 0 0 -1
vn 0 0 -1
f 996/996/996 991/991/991 992/992/992 993/993/993
f 993/993/993 994/994/994 995/995/995 996/996/996
usemtl diffuse_128_128_128_255
vt 0.0098039219155907631 1
vt 0.0098039219155907631 0
vt 0.66339868307113647 0
vt 0.99019604921340942 0
vt 0.99019604921340942 1
vt 0.5 1
vn 0 0 -1
vn 0 0 -1
vn 0 0 -1
vn 0 0 -1
vn 0 0 -1
vn 0 0 -1
f 1002/1002/1002 997/997/997 998/998/998 999/999/999
f 999/999/999 1000/1000/1000 1001/1001/1001 1002/1002/1002
usemtl diffuse_128_128_128_255
vt 0.0098039219155907631 1
vt 0.0098039219155907631 0
vt 0.66339868307113647 0
vt 0.99019604921340942 0
vt 0.99019604921340942 1
vt 0.5 1
vn 0 0 -1
vn 0 0 -1
vn 0 0 -1
vn 0 0 -1
vn 0 0 -1
vn 0 0 -1
f 1008/1008/1008 1003/1003/1003 1004/1004/1004 1005/1005/1005
f 1005/1005/1005 1006/1006/1006 1007/1007/1007 1008/1008/1008
usemtl diffuse_128_128_128_255
vt 0.0098039219155907631 1
vt 0.0098039219155907631 0
vt 0.66339868307113647 0
vt 0.99019604921340942 0
vt 0.99019604921340942 1
vt 0.5 1
vn 0 0 -1
vn 0 0 -1
vn 0 0 -1
vn 0 0 -1
vn 0 0 -1
vn 0 0 -1
f 1014/1014/1014 1009/1009/1009 1010/1010/1010 1011/1011/1011
f 1011/1011/1011 1012/1012/1012 1013/1013/1013 1014/1014/1014
usemtl diffuse_128_128_128_255
vt 0.99019604921340942 0.99019604921340942
vt 0.66339868307113647 0.99019604921340942
vt 0.66339868307113647 0.79411762952804565
vt 0.66339868307113647 0.40196079015731812
vt 0.66339868307113647 0.20588235557079315
vt 0.0098039219155907631 0.20588235557079315
vt 0.0098039219155907631 0.0098039219155907631
vt 0.66339868307113647 0.0098039219155907631
vt 0.99019604921340942 0.0098039219155907631
vt 0.99019604921340942 0.40196079015731812
vt 0.99019604921340942 0.79411762952804565
vn 0 0 -1
vn 0 0 -1
vn 0 0 -1
vn 0 0 -1
vn 0 0 -1
vn 0 0 -1
vn 0 0 -1
vn 0 0 -1
vn 0 0 -1
vn 0 0 -1
vn 0 0 -1
f 1022/1022/1022 1019/1019/1019 1020/1020/1020 1021/1021/1021
f 1024/1024/1024 1018/1018/1018 1019/1019/1019
f 1019/1019/1019 1022/1022/1022 1023/1023/1023
f 1017/1017/1017 1018/1018/1018 1024/1024/1024 1025/1025/1025
f 1023/1023/1023 1024/1024/1024 1019/1019/1019
f 1025/1025/1025 1015/1015/1015 1016/1016/1016 1017/1017/1017
usemtl diffuse_128_128_128_255
vt 0.25 0.25
vt 0.25 0.5
vt 0.5 0.25
vt 0.5 0.5
vt 0.75 0.25
vt 0.75 0.5
vt 0.36631014943122864 0.99019604921340942
vt 0.36631014943122864 0.7450980544090271
vt 0.23262031376361847 0.7450980544090271
vt 0.098930478096008301 0.7450980544090271
vt 0.0098039219155907631 0.7450980544090271
vt 0.0098039219155907631 0.25490197539329529
vt 0.098930478096008301 0.25490197539329529
vt 0.098930478096008301 0.0098039219155907631
vt 0.27718359231948853 0.0098039219155907631
vt 0.41087344288825989 0.0098039219155907631
vt 0.54456329345703125 0.0098039219155907631
vt 0.67825311422348022 0.0098039219155907631
vt 0.8119429349899292 0.0098039219155907631
vt 0.99019604921340942 0.0098039219155907631
vt 0.99019604921340942 0.25490197539329529
vt 0.99019604921340942 0.7450980544090271
vt 0.8119429349899292 0.7450980544090271
vt 0.63368982076644897 0.7450980544090271
vt 0.45543670654296875 0.7450980544090271
vt 0.45543670654296875 0.99019604921340942
vn 0 0 -1
vn 0 0 -1
vn 0 0 -1
vn 0 0 -1
vn 0 0 -1
vn 0 0 -1
vn 0 0 -1
vn 0 0 -1
vn 0 0 -1
vn 0 0 -1
vn 0 0 -1
vn 0 0 -1
vn 0 0 -1
vn 0 0 -1
vn 0 0 -1
vn 0 0 -1
vn 0 0 -1
vn 0 0 -1
vn 0 0 -1
vn 0 0 -1
vn 0 0 -1
vn 0 0 -1
vn 0 0 -1
vn 0 0 -1
vn 0 0 -1
vn 0 0 -1
f 1029/1029/1029 1027/1027/1027 1026/1026/1026 1028/1028/1028
f 1031/1031/1031 1029/1029/1029 1028/1028/1028 1030/1030/1030
f 1026/1026/1026 1038/1038/1038 1039/1039/1039
f 1027/1027/1027 1037/1037/1037 1038/1038/1038
f 1041/1041/1041 1026/1026/1026 1040/1040/1040
f 1039/1039/1039 1040/1040/1040 1026/1026/1026
f 1027/1027/1027 1038/1038/1038 1026/1026/1026
f 1027/1027/1027 1035/1035/1035 1036/1036/1036
f 1027/1027/1027 1034/1034/1034 1035/1035/1035
f 1029/1029/1029 1050/1050/1050 1033/1033/1033
f 1050/1050/1050 1051/1051/1051 1032/1032/1032 1033/1033/1033
f 1027/1027/1027 1029/1029/1029 1033/1033/1033
f 1027/1027/1027 1033/1033/1033 1034/1034/1034
f 1027/1027/1027 1036/1036/1036 1037/1037/1037
f 1028/1028/1028 1026/1026/1026 1041/1041/1041
f 1043/1043/1043 1028/1028/1028 1042/1042/1042
f 1041/1041/1041 1042/1042/1042 1028/1028/1028
f 1030/1030/1030 1028/1028/1028 1043/1043/1043
f 1044/1044/1044 1046/1046/1046 1030/1030/1030
f 1043/1043/1043 1044/1044/1044 1030/1030/1030
f 1045/1045/1045 1046/1046/1046 1044/1044/1044
f 1049/1049/1049 1050/1050/1050 1029/1029/1029
f 1031/1031/1031 1049/1049/1049 1029/1029/1029
f 1047/1047/1047 1031/1031/1031 1046/1046/1046
f 1031/1031/1031 1047/1047/1047 1048/1048/1048
f 1049/1049/1049 1031/1031/1031 1048/1048/1048
f 1031/1031/1031 1030/1030/1030 1046/1046/1046
usemtl diffuse_128_128_128_255
vt 1 0.99019604921340942
vt 0 0.99019604921340942
vt 0 0.7450980544090271
vt 0 0.25490197539329529
vt 0 0.0098039219155907631
vt 1 0.0098039219155907631
vt 1 0.25490197539329529
vt 1 0.7450980544090271
vn 0 0 -1
vn 0 0 -1
vn 0 0 -1
vn 0 0 -1
vn 0 0 -1
vn 0 0 -1
vn 0 0 -1
vn 0 0 -1
f 1055/1055/1055 1056/1056/1056 1057/1057/1057 1058/1058/1058
f 1053/1053/1053 1054/1054/1054 1059/1059/1059 1052/1052/1052
f 1054/1054/1054 1055/1055/1055 1058/1058/1058 1059/1059/1059
usemtl diffuse_128_128_128_255
vt 0.59803920984268188 0.99019604921340942
vt 0.59803920984268188 0.93252593278884888
vt 0.5 0.5
vt 0.5 0.75
vt 0.75 0.5
vt 0.75 0.75
vt 0.75 0.875
vt 0.5 0.875
vt 0.625 0.75
vt 0.625 0.875
vt 0.25 0.5
vt 0.25 0.75
vt 0.10784313827753067 0.93252593278884888
vt 0.0098039219155907631 0.93252593278884888
vt 0.25 0.875
vt 0.125 0.75
vt 0.125 0.875
vt 0.0098039219155907631 0.75951558351516724
vt 0.0098039219155907631 0.0098039219155907631
vt 0.99019604921340942 0.0098039219155907631
vt 0.99019604921340942 0.75951558351516724
vt 0.99019604921340942 0.81718569993972778
vt 0.875 0.75
vt 0.875 0.875
vt 0.99019604921340942 0.93252593278884888
vt 0.69607841968536377 0.93252593278884888
vt 0.69607841968536377 0.99019604921340942
vn 0 0 -1
vn 0 0 -1
vn 0 0 -1
vn 0 0 -1
vn 0 0 -1
vn 0 0 -1
vn 0 0 -1
vn 0 0 -1
vn 0 0 -1
vn 0 0 -1
vn 0 0 -1
vn 0 0 -1
vn 0 0 -1
vn 0 0 -1
vn 0 0 -1
vn 0 0 -1
vn 0 0 -1
vn 0 0 -1
vn 0 0 -1
vn 0 0 -1
vn 0 0 -1
vn 0 0 -1
vn 0 0 -1
vn 0 0 -1
vn 0 0 -1
vn 0 0 -1
vn 0 0 -1
f 1083/1083/1083 1066/1066/1066 1065/1065/1065 1082/1082/1082
f 1069/1069/1069 1067/1067/1067 1063/1063/1063 1068/1068/1068
f 1066/1066/1066 1069/1069/1069 1068/1068/1068 1065/1065/1065
f 1068/1068/1068 1063/1063/1063 1062/1062/1062
f 1064/1064/1064 1065/1065/1065 1068/1068/1068
f 1062/1062/1062 1064/1064/1064 1068/1068/1068
f 1074/1074/1074 1076/1076/1076 1075/1075/1075 1071/1071/1071
f 1063/1063/1063 1071/1071/1071 1070/1070/1070 1062/1062/1062
f 1070/1070/1070 1077/1077/1077 1078/1078/1078
f 1062/1062/1062 1070/1070/1070 1078/1078/1078
f 1071/1071/1071 1075/1075/1075 1070/1070/1070
f 1075/1075/1075 1077/1077/1077 1070/1070/1070
f 1063/1063/1063 1067/1067/1067 1074/1074/1074 1071/1071/1071
f 1078/1078/1078 1079/1079/1079 1064/1064/1064 1062/1062/1062
f 1072/1072/1072 1073/1073/1073 1076/1076/1076
f 1073/1073/1073 1077/1077/1077 1075/1075/1075 1076/1076/1076
f 1061/1061/1061 1072/1072/1072 1074/1074/1074 1067/1067/1067
f 1067/1067/1067 1069/1069/1069 1061/1061/1061
f 1076/1076/1076 1074/1074/1074 1072/1072/1072
f 1065/1065/1065 1064/1064/1064 1082/1082/1082
f 1080/1080/1080 1082/1082/1082 1064/1064/1064
f 1064/1064/1064 1079/1079/1079 1080/1080/1080
f 1082/1082/1082 1080/1080/1080 1081/1081/1081
f 1081/1081/1081 1083/1083/1083 1082/1082/1082
f 1060/1060/1060 1061/1061/1061 1085/1085/1085 1086/1086/1086
f 1069/1069/1069 1085/1085/1085 1061/1061/1061
f 1066/1066/1066 1085/1085/1085 1069/1069/1069
f 1084/1084/1084 1085/1085/1085 1066/1066/1066 1083/1083/1083
f 1084/1084/1084 1083/1083/1083 1081/1081/1081
usemtl diffuse_128_128_128_255
vt 1 0.99019604921340942
vt 0 0.99019604921340942
vt 0 0.7450980544090271
vt 0 0.25490197539329529
vt 0 0.0098039219155907631
vt 1 0.0098039219155907631
vt 1 0.7450980544090271
vn 0 0 -1
vn 0 0 -1
vn 0 0 -1
vn 0 0 -1
vn 0 0 -1
vn 0 0 -1
vn 0 0 -1
f 1092/1092/1092 1090/1090/1090 1091/1091/1091
f 1089/1089/1089 1090/1090/1090 1092/1092/1092 1093/1093/1093
f 1088/1088/1088 1089/1089/1089 1093/1093/1093 1087/1087/1087
usemtl diffuse_128_128_128_255
vt 0.1111111119389534 0.1666666716337204
vt 0.1111111119389534 0.3333333432674408
vt 0.1111111119389534 0.5
vt 0.1111111119389534 0.66666668653488159
vt 0.2222222238779068 0.1666666716337204
vt 0.2222222238779068 0.3333333432674408
vt 0.2222222238779068 0.5
vt 0.2222222238779068 0.66666668653488159
vt 0.3333333432674408 0.1666666716337204
vt 0.3333333432674408 0.3333333432674408
vt 0.3333333432674408 0.5
vt 0.3333333432674408 0.66666668653488159
vt 0.4444444477558136 0.1666666716337204
vt 0.4444444477558136 0.3333333432674408
vt 0.4444444477558136 0.5
vt 0.4444444477558136 0.66666668653488159
vt 0.55555558204650879 0.1666666716337204
vt 0.55555558204650879 0.3333333432674408
vt 0.55555558204650879 0.5
vt 0.55555558204650879 0.66666668653488159
vt 0.66666668653488159 0.1666666716337204
vt 0.66666668653488159 0.3333333432674408
vt 0.66666668653488159 0.5
vt 0.66666668653488159 0.66666668653488159
vt 0.77777779102325439 0.1666666716337204
vt 0.77777779102325439 0.3333333432674408
vt 0.77777779102325439 0.5
vt 0.77777779102325439 0.66666668653488159
vt 0.8888888955116272 0.1666666716337204
vt 0.8888888955116272 0.3333333432674408
vt 0.8888888955116272 0.5
vt 0.8888888955116272 0.66666668653488159
vt 0.037815127521753311 0.99019604921340942
vt 0.0098039219155907631 0.99019604921340942
vt 0.0098039219155907631 0.62254899740219116
vt 0.0098039219155907631 0.25490197539329529
vt 0.0098039219155907631 0.0098039219155907631
vt 0.065826334059238434 0.0098039219155907631
vt 0.10784313827753067 0.0098039219155907631
vt 0.1498599499464035 0.0098039219155907631
vt 0.19187675416469574 0.0098039219155907631
vt 0.23389355838298798 0.0098039219155907631
vt 0.27591037750244141 0.0098039219155907631
vt 0.31792718172073364 0.0098039219155907631
vt 0.35994398593902588 0.0098039219155907631
vt 0.40196079015731812 0.0098039219155907631
vt 0.44397759437561035 0.0098039219155907631
vt 0.48599439859390259 0.0098039219155907631
vt 0.52801120281219482 0.0098039219155907631
vt 0.57002800703048706 0.0098039219155907631
vt 0.6120448112487793 0.0098039219155907631
vt 0.65406161546707153 0.0098039219155907631
vt 0.69607841968536377 0.0098039219155907631
vt 0.73809522390365601 0.0098039219155907631
vt 0.79411762952804565 0.0098039219155907631
vt 0.8501400351524353 0.0098039219155907631
vt 0.90616244077682495 0.0098039219155907631
vt 0.94817924499511719 0.0098039219155907631
vt 0.99019604921340942 0.0098039219155907631
vt 0.99019604921340942 0.25490197539329529
vt 0.99019604921340942 0.7450980544090271
vt 0.92016804218292236 0.7450980544090271
vt 0.8501400351524353 0.7450980544090271
vt 0.78011202812194824 0.7450980544090271
vt 0.71008402109146118 0.7450980544090271
vt 0.71008402109146118 0.99019604921340942
vt 0.68207281827926636 0.99019604921340942
vt 0.68207281827926636 0.7450980544090271
vt 0.60504204034805298 0.7450980544090271
vt 0.52801120281219482 0.7450980544090271
vt 0.45098039507865906 0.7450980544090271
vt 0.37394958734512329 0.7450980544090271
vt 0.37394958734512329 0.99019604921340942
vt 0.34593838453292847 0.99019604921340942
vt 0.34593838453292847 0.7450980544090271
vt 0.2689075767993927 0.7450980544090271
vt 0.19187675416469574 0.7450980544090271
vt 0.11484593898057938 0.7450980544090271
vt 0.037815127521753311 0.7450980544090271
vn 0 0 -1
vn 0 0 -1
vn 0 0 -1
vn 0 0 -1
vn 0 0 -1
vn 0 0 -1
vn 0 0 -1
vn 0 0 -1
vn 0 0 -1
vn 0 0 -1
vn 0 0 -1
vn 0 0 -1
vn 0 0 -1
vn 0 0 -1
vn 0 0 -1
vn 0 0 -1
vn 0 0 -1
vn 0 0 -1
vn 0 0 -1
vn 0 0 -1
vn 0 0 -1
vn 0 0 -1
vn 0 0 -1
vn 0 0 -1
vn 0 0 -1
vn 0 0 -1
vn 0 0 -1
vn 0 0 -1
vn 0 0 -1
vn 0 0 -1
vn 0 0 -1
vn 0 0 -1
vn 0 0 -1
vn 0 0 -1
vn 0 0 -1
vn 0 0 -1
vn 0 0 -1
vn 0 0 -1
vn 0 0 -1
vn 0 0 -1
vn 0 0 -1
vn 0 0 -1
vn 0 0 -1
vn 0 0 -1
vn 0 0 -1
vn 0 0 -1
vn 0 0 -1
vn 0 0 -1
vn 0 0 -1
vn 0 0 -1
vn 0 0 -1
vn 0 0 -1
vn 0 0 -1
vn 0 0 -1
vn 0 0 -1
vn 0 0 -1
vn 0 0 -1
vn 0 0 -1
vn 0 0 -1
vn 0 0 -1
vn 0 0 -1
vn 0 0 -1
vn 0 0 -1
vn 0 0 -1
vn 0 0 -1
vn 0 0 -1
vn 0 0 -1
vn 0 0 -1
vn 0 0 -1
vn 0 0 -1
vn 0 0 -1
vn 0 0 -1
vn 0 0 -1
vn 0 0 -1
vn 0 0 -1
vn 0 0 -1
vn 0 0 -1
vn 0 0 -1
vn 0 0 -1
f 1099/1099/1099 1095/1095/1095 1094/1094/1094 1098/1098/1098
f 1100/1100/1100 1096/1096/1096 1095/1095/1095 1099/1099/1099
f 1101/1101/1101 1097/1097/1097 1096/1096/1096 1100/1100/1100
f 1103/1103/1103 1099/1099/1099 1098/1098/1098 1102/1102/1102
f 1104/1104/1104 1100/1100/1100 1099/1099/1099 1103/1103/1103
f 1105/1105/1105 1101/1101/1101 1100/1100/1100 1104/1104/1104
f 1107/1107/1107 1103/1103/1103 1102/1102/1102 1106/1106/1106
f 1108/1108/1108 1104/1104/1104 1103/1103/1103 1107/1107/1107
f 1109/1109/1109 1105/1105/1105 1104/1104/1104 1108/1108/1108
f 1111/1111/1111 1107/1107/1107 1106/1106/1106 1110/1110/1110
f 1112/1112/1112 1108/1108/1108 1107/1107/1107 1111/1111/1111
f 1113/1113/1113 1109/1109/1109 1108/1108/1108 1112/1112/1112
f 1115/1115/1115 1111/1111/1111 1110/1110/1110 1114/1114/1114
f 1116/1116/1116 1112/1112/1112 1111/1111/1111 1115/1115/1115
f 1117/1117/1117 1113/1113/1113 1112/1112/1112 1116/1116/1116
f 1119/1119/1119 1115/1115/1115 1114/1114/1114 1118/1118/1118
f 1120/1120/1120 1116/1116/1116 1115/1115/1115 1119/1119/1119
f 1121/1121/1121 1117/1117/1117 1116/1116/1116 1120/1120/1120
f 1123/1123/1123 1119/1119/1119 1118/1118/1118 1122/1122/1122
f 1124/1124/1124 1120/1120/1120 1119/1119/1119 1123/1123/1123
f 1125/1125/1125 1121/1121/1121 1120/1120/1120 1124/1124/1124
f 1094/1094/1094 1130/1130/1130 1131/1131/1131
f 1094/1094/1094 1132/1132/1132 1133/1133/1133
f 1094/1094/1094 1131/1131/1131 1132/1132/1132
f 1094/1094/1094 1095/1095/1095 1129/1129/1129
f 1094/1094/1094 1129/1129/1129 1130/1130/1130
f 1098/1098/1098 1094/1094/1094 1133/1133/1133 1134/1134/1134
f 1135/1135/1135 1098/1098/1098 1134/1134/1134
f 1102/1102/1102 1098/1098/1098 1136/1136/1136 1137/1137/1137
f 1102/1102/1102 1137/1137/1137 1138/1138/1138
f 1106/1106/1106 1102/1102/1102 1138/1138/1138 1139/1139/1139
f 1139/1139/1139 1140/1140/1140 1106/1106/1106
f 1141/1141/1141 1106/1106/1106 1140/1140/1140
f 1135/1135/1135 1136/1136/1136 1098/1098/1098
f 1128/1128/1128 1129/1129/1129 1095/1095/1095 1096/1096/1096
f 1128/1128/1128 1096/1096/1096 1097/1097/1097
f 1170/1170/1170 1171/1171/1171 1097/1097/1097 1101/1101/1101
f 1172/1172/1172 1128/1128/1128 1097/1097/1097
f 1172/1172/1172 1126/1126/1126 1127/1127/1127 1128/1128/1128
f 1171/1171/1171 1172/1172/1172 1097/1097/1097
f 1101/1101/1101 1169/1169/1169 1170/1170/1170
f 1101/1101/1101 1105/1105/1105 1168/1168/1168 1169/1169/1169
f 1105/1105/1105 1109/1109/1109 1164/1164/1164 1165/1165/1165
f 1165/1165/1165 1166/1166/1166 1167/1167/1167 1168/1168/1168
f 1165/1165/1165 1168/1168/1168 1105/1105/1105
f 1110/1110/1110 1141/1141/1141 1142/1142/1142
f 1110/1110/1110 1143/1143/1143 1144/1144/1144
f 1110/1110/1110 1142/1142/1142 1143/1143/1143
f 1110/1110/1110 1144/1144/1144 1114/1114/1114
f 1145/1145/1145 1114/1114/1114 1144/1144/1144
f 1147/1147/1147 1114/1114/1114 1146/1146/1146
f 1145/1145/1145 1146/1146/1146 1114/1114/1114
f 1118/1118/1118 1147/1147/1147 1148/1148/1148
f 1122/1122/1122 1149/1149/1149 1150/1150/1150
f 1118/1118/1118 1148/1148/1148 1149/1149/1149
f 1122/1122/1122 1118/1118/1118 1149/1149/1149
f 1122/1122/1122 1152/1152/1152 1153/1153/1153
f 1151/1151/1151 1152/1152/1152 1122/1122/1122
f 1122/1122/1122 1150/1150/1150 1151/1151/1151
f 1114/1114/1114 1147/1147/1147 1118/1118/1118
f 1123/1123/1123 1122/1122/1122 1153/1153/1153
f 1163/1163/1163 1164/1164/1164 1109/1109/1109 1113/1113/1113
f 1162/1162/1162 1163/1163/1163 1113/1113/1113
f 1113/1113/1113 1117/1117/1117 1161/1161/1161 1162/1162/1162
f 1158/1158/1158 1159/1159/1159 1160/1160/1160 1161/1161/1161
f 1158/1158/1158 1161/1161/1161 1117/1117/1117
f 1117/1117/1117 1121/1121/1121 1157/1157/1157 1158/1158/1158
f 1154/1154/1154 1125/1125/1125 1124/1124/1124
f 1123/1123/1123 1153/1153/1153 1124/1124/1124
f 1121/1121/1121 1125/1125/1125 1156/1156/1156 1157/1157/1157
f 1125/1125/1125 1155/1155/1155 1156/1156/1156
f 1125/1125/1125 1154/1154/1154 1155/1155/1155
f 1124/1124/1124 1153/1153/1153 1154/1154/1154
f 1141/1141/1141 1110/1110/1110 1106/1106/1106
usemtl diffuse_128_128_128_255
vt 0.0098039219155907631 1
vt 0.0098039219155907631 0
vt 0.33660131692886353 0
vt 0.66339868307113647 0
vt 0.99019604921340942 0
vt 0.99019604921340942 1
vt 0.5 1
vn 0 0 -1
vn 0 0 -1
vn 0 0 -1
vn 0 0 -1
vn 0 0 -1
vn 0 0 -1
vn 0 0 -1
f 1174/1174/1174 1175/1175/1175 1179/1179/1179 1173/1173/1173
f 1176/1176/1176 1177/1177/1177 1178/1178/1178 1179/1179/1179
f 1175/1175/1175 1176/1176/1176 1179/1179/1179
usemtl diffuse_128_128_128_255
vt 0.0098039219155907631 1
vt 0.0098039219155907631 0
vt 0.33660131692886353 0
vt 0.66339868307113647 0
vt 0.99019604921340942 0
vt 0.99019604921340942 1
vt 0.5 1
vn 0 0 -1
vn 0 0 -1
vn 0 0 -1
vn 0 0 -1
vn 0 0 -1
vn 0 0 -1
vn 0 0 -1
f 1181/1181/1181 1182/1182/1182 1186/1186/1186 1180/1180/1180
f 1183/1183/1183 1184/1184/1184 1185/1185/1185 1186/1186/1186
f 1182/1182/1182 1183/1183/1183 1186/1186/1186
usemtl diffuse_128_128_128_255
vt 0.0098039219155907631 1
vt 0.0098039219155907631 0
vt 0.33660131692886353 0
vt 0.66339868307113647 0
vt 0.99019604921340942 0
vt 0.99019604921340942 1
vt 0.33660131692886353 1
vn 0 0 -1
vn 0 0 -1
vn 0 0 -1
vn 0 0 -1
vn 0 0 -1
vn 0 0 -1
vn 0 0 -1
f 1187/1187/1187 1188/1188/1188 1189/1189/1189 1193/1193/1193
f 1192/1192/1192 1190/1190/1190 1191/1191/1191
f 1190/1190/1190 1192/1192/1192 1193/1193/1193
f 1189/1189/1189 1190/1190/1190 1193/1193/1193
usemtl diffuse_128_128_128_255
vt 0.0098039219155907631 1
vt 0.0098039219155907631 0
vt 0.33660131692886353 0
vt 0.66339868307113647 0
vt 0.99019604921340942 0
vt 0.99019604921340942 1
vt 0.33660131692886353 1
vn 0 0 -1
vn 0 0 -1
vn 0 0 -1
vn 0 0 -1
vn 0 0 -1
vn 0 0 -1
vn 0 0 -1
f 1194/1194/1194 1195/1195/1195 1196/1196/1196 1200/1200/1200
f 1199/1199/1199 1197/1197/1197 1198/1198/1198
f 1197/1197/1197 1199/1199/1199 1200/1200/1200
f 1196/1196/1196 1197/1197/1197 1200/1200/1200
usemtl diffuse_128_128_128_255
vt 0.0098039219155907631 1
vt 0.0098039219155907631 0
vt 0.33660131692886353 0
vt 0.66339868307113647 0
vt 0.99019604921340942 0
vt 0.99019604921340942 1
vt 0.33660131692886353 1
vn 0 0 -1
vn 0 0 -1
vn 0 0 -1
vn 0 0 -1
vn 0 0 -1
vn 0 0 -1
vn 0 0 -1
f 1201/1201/1201 1202/1202/1202 1203/1203/1203 1207/1207/1207
f 1206/1206/1206 1204/1204/1204 1205/1205/1205
f 1204/1204/1204 1206/1206/1206 1207/1207/1207
f 1203/1203/1203 1204/1204/1204 1207/1207/1207
usemtl diffuse_128_128_128_255
vt 0.99019604921340942 0.99019604921340942
vt 0.5213128924369812 0.99019604921340942
vt 0.052429668605327606 0.99019604921340942
vt 0.052429668605327606 0.5891265869140625
vt 0.052429668605327606 0.54456329345703125
vt 0.5 0.5
vt 0.5 0.75
vt 0.25 0.5
vt 0.25 0.75
vt 0.25 0.625
vt 0.125 0.75
vt 0.125 0.5
vt 0.125 0.625
vt 0.5 0.25
vt 0.25 0.25
vt 0.0098039219155907631 0.54456329345703125
vt 0.0098039219155907631 0.45543670654296875
vt 0.052429668605327606 0.45543670654296875
vt 0.25 0.375
vt 0.125 0.25
vt 0.125 0.375
vt 0.052429668605327606 0.0098039219155907631
vt 0.5213128924369812 0.0098039219155907631
vt 0.99019604921340942 0.0098039219155907631
vt 0.99019604921340942 0.5
vn 0 0 -1
vn 0 0 -1
vn 0 0 -1
vn 0 0 -1
vn 0 0 -1
vn 0 0 -1
vn 0 0 -1
vn 0 0 -1
vn 0 0 -1
vn 0 0 -1
vn 0 0 -1
vn 0 0 -1
vn 0 0 -1
vn 0 0 -1
vn 0 0 -1
vn 0 0 -1
vn 0 0 -1
vn 0 0 -1
vn 0 0 -1
vn 0 0 -1
vn 0 0 -1
vn 0 0 -1
vn 0 0 -1
vn 0 0 -1
vn 0 0 -1
f 1216/1216/1216 1218/1218/1218 1220/1220/1220 1217/1217/1217
f 1217/1217/1217 1220/1220/1220 1219/1219/1219 1215/1215/1215
f 1217/1217/1217 1215/1215/1215 1213/1213/1213
f 1214/1214/1214 1216/1216/1216 1217/1217/1217
f 1213/1213/1213 1214/1214/1214 1217/1217/1217
f 1226/1226/1226 1222/1222/1222 1221/1221/1221
f 1213/1213/1213 1215/1215/1215 1226/1226/1226
f 1221/1221/1221 1213/1213/1213 1226/1226/1226
f 1215/1215/1215 1219/1219/1219 1228/1228/1228 1226/1226/1226
f 1226/1226/1226 1228/1228/1228 1227/1227/1227 1222/1222/1222
f 1225/1225/1225 1229/1229/1229 1227/1227/1227
f 1228/1228/1228 1225/1225/1225 1227/1227/1227
f 1219/1219/1219 1225/1225/1225 1228/1228/1228
f 1227/1227/1227 1229/1229/1229 1222/1222/1222
f 1225/1225/1225 1212/1212/1212 1223/1223/1223 1224/1224/1224
f 1220/1220/1220 1211/1211/1211 1212/1212/1212
f 1218/1218/1218 1210/1210/1210 1211/1211/1211
f 1219/1219/1219 1220/1220/1220 1212/1212/1212
f 1220/1220/1220 1218/1218/1218 1211/1211/1211
f 1212/1212/1212 1225/1225/1225 1219/1219/1219
f 1230/1230/1230 1221/1221/1221 1222/1222/1222
f 1232/1232/1232 1213/1213/1213 1221/1221/1221
f 1230/1230/1230 1231/1231/1231 1221/1221/1221
f 1231/1231/1231 1232/1232/1232 1221/1221/1221
f 1230/1230/1230 1222/1222/1222 1229/1229/1229
f 1209/1209/1209 1210/1210/1210 1216/1216/1216 1214/1214/1214
f 1209/1209/1209 1214/1214/1214 1208/1208/1208
f 1232/1232/1232 1208/1208/1208 1214/1214/1214 1213/1213/1213
f 1218/1218/1218 1216/1216/1216 1210/1210/1210
usemtl diffuse_128_128_128_255
vt 0.99019604921340942 0.99019604921340942
vt 0.5 0.99019604921340942
vt 0.0098039219155907631 0.99019604921340942
vt 0.0098039219155907631 0.13235294818878174
vt 0.0098039219155907631 0.0098039219155907631
vt 0.5 0.5
vt 0.5 0.25
vt 0.25 0.5
vt 0.25 0.25
vt 0.20588235557079315 0.0098039219155907631
vt 0.5 0.0098039219155907631
vt 0.99019604921340942 0.0098039219155907631
vt 0.99019604921340942 0.5
vn 0 0 -1
vn 0 0 -1
vn 0 0 -1
vn 0 0 -1
vn 0 0 -1
vn 0 0 -1
vn 0 0 -1
vn 0 0 -1
vn 0 0 -1
vn 0 0 -1
vn 0 0 -1
vn 0 0 -1
vn 0 0 -1
f 1238/1238/1238 1240/1240/1240 1241/1241/1241 1239/1239/1239
f 1236/1236/1236 1237/1237/1237 1242/1242/1242
f 1241/1241/1241 1236/1236/1236 1242/1242/1242
f 1235/1235/1235 1236/1236/1236 1240/1240/1240
f 1241/1241/1241 1240/1240/1240 1236/1236/1236
f 1234/1234/1234 1235/1235/1235 1240/1240/1240 1238/1238/1238
f 1242/1242/1242 1243/1243/1243 1239/1239/1239 1241/1241/1241
f 1239/1239/1239 1243/1243/1243 1244/1244/1244
f 1244/1244/1244 1245/1245/1245 1238/1238/1238 1239/1239/1239
f 1234/1234/1234 1238/1238/1238 1245/1245/1245 1233/1233/1233
usemtl diffuse_128_128_128_255
vt 0.99019604921340942 0.99019604921340942
vt 0.5 0.99019604921340942
vt 0.0098039219155907631 0.99019604921340942
vt 0.0098039219155907631 0.13235294818878174
vt 0.0098039219155907631 0.0098039219155907631
vt 0.5 0.5
vt 0.5 0.25
vt 0.25 0.5
vt 0.25 0.25
vt 0.5 0.0098039219155907631
vt 0.79411762952804565 0.0098039219155907631
vt 0.99019604921340942 0.0098039219155907631
vt 0.99019604921340942 0.5
vn 0 0 -1
vn 0 0 -1
vn 0 0 -1
vn 0 0 -1
vn 0 0 -1
vn 0 0 -1
vn 0 0 -1
vn 0 0 -1
vn 0 0 -1
vn 0 0 -1
vn 0 0 -1
vn 0 0 -1
vn 0 0 -1
f 1251/1251/1251 1253/1253/1253 1254/1254/1254 1252/1252/1252
f 1254/1254/1254 1249/1249/1249 1250/1250/1250
f 1250/1250/1250 1255/1255/1255 1252/1252/1252 1254/1254/1254
f 1248/1248/1248 1249/1249/1249 1253/1253/1253
f 1254/1254/1254 1253/1253/1253 1249/1249/1249
f 1247/1247/1247 1248/1248/1248 1253/1253/1253 1251/1251/1251
f 1256/1256/1256 1258/1258/1258 1252/1252/1252
f 1255/1255/1255 1256/1256/1256 1252/1252/1252
f 1257/1257/1257 1258/1258/1258 1256/1256/1256
f 1247/1247/1247 1251/1251/1251 1258/1258/1258 1246/1246/1246
f 1258/1258/1258 1251/1251/1251 1252/1252/1252
usemtl diffuse_128_128_128_255
vt 0.99019604921340942 0.99019604921340942
vt 0.5 0.99019604921340942
vt 0.0098039219155907631 0.99019604921340942
vt 0.0098039219155907631 0.13235294818878174
vt 0.0098039219155907631 0.0098039219155907631
vt 0.5 0.5
vt 0.5 0.25
vt 0.25 0.5
vt 0.25 0.25
vt 0.20588235557079315 0.0098039219155907631
vt 0.59803920984268188 0.0098039219155907631
vt 0.99019604921340942 0.0098039219155907631
vt 0.99019604921340942 0.5
vn 0 0 -1
vn 0 0 -1
vn 0 0 -1
vn 0 0 -1
vn 0 0 -1
vn 0 0 -1
vn 0 0 -1
vn 0 0 -1
vn 0 0 -1
vn 0 0 -1
vn 0 0 -1
vn 0 0 -1
vn 0 0 -1
f 1264/1264/1264 1266/1266/1266 1267/1267/1267 1265/1265/1265
f 1262/1262/1262 1263/1263/1263 1268/1268/1268
f 1267/1267/1267 1262/1262/1262 1268/1268/1268
f 1261/1261/1261 1262/1262/1262 1266/1266/1266
f 1267/1267/1267 1266/1266/1266 1262/1262/1262
f 1260/1260/1260 1261/1261/1261 1266/1266/1266 1264/1264/1264
f 1265/1265/1265 1267/1267/1267 1268/1268/1268 1269/1269/1269
f 1270/1270/1270 1265/1265/1265 1269/1269/1269
f 1270/1270/1270 1271/1271/1271 1264/1264/1264 1265/1265/1265
f 1264/1264/1264 1271/1271/1271 1259/1259/1259 1260/1260/1260
usemtl diffuse_128_128_128_255
vt 0.99019604921340942 0.99019604921340942
vt 0.5 0.99019604921340942
vt 0.0098039219155907631 0.99019604921340942
vt 0.0098039219155907631 0.13235294818878174
vt 0.0098039219155907631 0.0098039219155907631
vt 0.5 0.5
vt 0.5 0.25
vt 0.25 0.5
vt 0.25 0.25
vt 0.20588235557079315 0.0098039219155907631
vt 0.59803920984268188 0.0098039219155907631
vt 0.99019604921340942 0.0098039219155907631
vt 0.99019604921340942 0.5
vn 0 0 -1
vn 0 0 -1
vn 0 0 -1
vn 0 0 -1
vn 0 0 -1
vn 0 0 -1
vn 0 0 -1
vn 0 0 -1
vn 0 0 -1
vn 0 0 -1
vn 0 0 -1
vn 0 0 -1
vn 0 0 -1
f 1277/1277/1277 1279/1279/1279 1280/1280/1280 1278/1278/1278
f 1275/1275/1275 1276/1276/1276 1281/1281/1281
f 1280/1280/1280 1275/1275/1275 1281/1281/1281
f 1274/1274/1274 1275/1275/1275 1279/1279/1279
f 1280/1280/1280 1279/1279/1279 1275/1275/1275
f 1273/1273/1273 1274/1274/1274 1279/1279/1279 1277/1277/1277
f 1278/1278/1278 1280/1280/1280 1281/1281/1281 1282/1282/1282
f 1283/1283/1283 1278/1278/1278 1282/1282/1282
f 1283/1283/1283 1284/1284/1284 1277/1277/1277 1278/1278/1278
f 1273/1273/1273 1277/1277/1277 1284/1284/1284 1272/1272/1272
usemtl diffuse_128_128_128_255
vt 0.99019604921340942 0.99019604921340942
vt 0.5 0.99019604921340942
vt 0.0098039219155907631 0.99019604921340942
vt 0.0098039219155907631 0.13235294818878174
vt 0.0098039219155907631 0.0098039219155907631
vt 0.5 0.5
vt 0.5 0.25
vt 0.25 0.5
vt 0.25 0.25
vt 0.20588235557079315 0.0098039219155907631
vt 0.59803920984268188 0.0098039219155907631
vt 0.99019604921340942 0.0098039219155907631
vt 0.99019604921340942 0.5
vn 0 0 -1
vn 0 0 -1
vn 0 0 -1
vn 0 0 -1
vn 0 0 -1
vn 0 0 -1
vn 0 0 -1
vn 0 0 -1
vn 0 0 -1
vn 0 0 -1
vn 0 0 -1
vn 0 0 -1
vn 0 0 -1
f 1290/1290/1290 1292/1292/1292 1293/1293/1293 1291/1291/1291
f 1288/1288/1288 1289/1289/1289 1294/1294/1294
f 1293/1293/1293 1288/1288/1288 1294/1294/1294
f 1287/1287/1287 1288/1288/1288 1292/1292/1292
f 1293/1293/1293 1292/1292/1292 1288/1288/1288
f 1286/1286/1286 1287/1287/1287 1292/1292/1292 1290/1290/1290
f 1291/1291/1291 1293/1293/1293 1294/1294/1294 1295/1295/1295
f 1296/1296/1296 1291/1291/1291 1295/1295/1295
f 1296/1296/1296 1297/1297/1297 1290/1290/1290 1291/1291/1291
f 1286/1286/1286 1290/1290/1290 1297/1297/1297 1285/1285/1285
usemtl diffuse_128_128_128_255
vt 0.97866207361221313 0.99019604921340942
vt 0.92167037725448608 0.99019604921340942
vt 0.86467874050140381 0.99019604921340942
vt 0.80768710374832153 0.99019604921340942
vt 0.75069540739059448 0.99019604921340942
vt 0.69370377063751221 0.99019604921340942
vt 0.63671213388442993 0.99019604921340942
vt 0.57972049713134766 0.99019604921340942
vt 0.52272880077362061 0.99019604921340942
vt 0.46573716402053833 0.99019604921340942
vt 0.40874549746513367 0.99019604921340942
vt 0.35175386071205139 0.99019604921340942
vt 0.29476219415664673 0.99019604921340942
vt 0.23777054250240326 0.99019604921340942
vt 0.18077889084815979 0.99019604921340942
vt 0.12378723174333572 0.99019604921340942
vt 0.066795572638511658 0.99019604921340942
vt 0.0098039219155907631 0.99019604921340942
vt 0.0098039219155907631 0.95638942718505859
vt 0.0098039219155907631 0.92258280515670776
vt 0.0098039219155907631 0.88877618312835693
vt 0.0098039219155907631 0.8549695611000061
vt 0.0098039219155907631 0.82116293907165527
vt 0.0098039219155907631 0.78735631704330444
vt 0.0098039219155907631 0.75354969501495361
vt 0.0098039219155907631 0.71974307298660278
vt 0.0098039219155907631 0.68593645095825195
vt 0.021337946876883507 0.68593645095825195
vt 0.021337946876883507 0.71974307298660278
vt 0.021337946876883507 0.83806627988815308
vt 0.021337946876883507 0.95638942718505859
vt 0.0790080726146698 0.95638942718505859
vt 0.13667820394039154 0.95638942718505859
vt 0.13667820394039154 0.82116293907165527
vt 0.13667820394039154 0.68593645095825195
vt 0.090542100369930267 0.68593645095825195
vt 0.044405996799468994 0.68593645095825195
vt 0.044405996799468994 0.65212982892990112
vt 0.032871972769498825 0.65212982892990112
vt 0.032871972769498825 0.61832320690155029
vt 0.075163401663303375 0.61832320690155029
vt 0.11745482683181763 0.61832320690155029
vt 0.15974624454975128 0.61832320690155029
vt 0.15974624454975128 0.65212982892990112
vt 0.14821222424507141 0.65212982892990112
vt 0.14821222424507141 0.68593645095825195
vt 0.15974624454975128 0.68593645095825195
vt 0.15974624454975128 0.71974307298660278
vt 0.15974624454975128 0.83806627988815308
vt 0.15974624454975128 0.95638942718505859
vt 0.21741637587547302 0.95638942718505859
vt 0.27508649230003357 0.95638942718505859
vt 0.27508649230003357 0.82116293907165527
vt 0.27508649230003357 0.68593645095825195
vt 0.22895041108131409 0.68593645095825195
vt 0.18281430006027222 0.68593645095825195
vt 0.18281430006027222 0.65212982892990112
vt 0.17128027975559235 0.65212982892990112
vt 0.17128027975559235 0.61832320690155029
vt 0.213571697473526 0.61832320690155029
vt 0.25586313009262085 0.61832320690155029
vt 0.2981545627117157 0.61832320690155029
vt 0.2981545627117157 0.65212982892990112
vt 0.28662052750587463 0.65212982892990112
vt 0.28662052750587463 0.68593645095825195
vt 0.2981545627117157 0.68593645095825195
vt 0.2981545627117157 0.71974307298660278
vt 0.2981545627117157 0.83806627988815308
vt 0.2981545627117157 0.95638942718505859
vt 0.35582467913627625 0.95638942718505859
vt 0.41349479556083679 0.95638942718505859
vt 0.41349479556083679 0.82116293907165527
vt 0.41349479556083679 0.68593645095825195
vt 0.36735871434211731 0.68593645095825195
vt 0.32122260332107544 0.68593645095825195
vt 0.32122260332107544 0.65212982892990112
vt 0.30968856811523438 0.65212982892990112
vt 0.30968856811523438 0.61832320690155029
vt 0.36735871434211731 0.61832320690155029
vt 0.42502883076667786 0.61832320690155029
vt 0.42502883076667786 0.65212982892990112
vt 0.43656286597251892 0.65212982892990112
vt 0.43656286597251892 0.61832320690155029
vt 0.4480968713760376 0.61832320690155029
vt 0.50576698780059814 0.61832320690155029
vt 0.50576698780059814 0.65212982892990112
vt 0.49423298239707947 0.65212982892990112
vt 0.49423298239707947 0.68593645095825195
vt 0.43656286597251892 0.68593645095825195
vt 0.43656286597251892 0.71974307298660278
vt 0.43656286597251892 0.83806627988815308
vt 0.43656286597251892 0.95638942718505859
vt 0.49423298239707947 0.95638942718505859
vt 0.5519031286239624 0.95638942718505859
vt 0.5519031286239624 0.82116293907165527
vt 0.5519031286239624 0.68593645095825195
vt 0.52883505821228027 0.68593645095825195
vt 0.52883505821228027 0.65212982892990112
vt 0.51730102300643921 0.65212982892990112
vt 0.51730102300643921 0.61832320690155029
vt 0.5519031286239624 0.61832320690155029
vt 0.5519031286239624 0.65212982892990112
vt 0.56343716382980347 0.65212982892990112
vt 0.56343716382980347 0.61832320690155029
vt 0.57497113943099976 0.61832320690155029
vt 0.60957324504852295 0.61832320690155029
vt 0.60957324504852295 0.65212982892990112
vt 0.59803920984268188 0.65212982892990112
vt 0.59803920984268188 0.68593645095825195
vt 0.57497113943099976 0.68593645095825195
vt 0.57497113943099976 0.71974307298660278
vt 0.57497113943099976 0.83806627988815308
vt 0.57497113943099976 0.95638942718505859
vt 0.63264131546020508 0.95638942718505859
vt 0.69031143188476562 0.95638942718505859
vt 0.69031143188476562 0.82116293907165527
vt 0.69031143188476562 0.68593645095825195
vt 0.63264131546020508 0.68593645095825195
vt 0.63264131546020508 0.65212982892990112
vt 0.62110728025436401 0.65212982892990112
vt 0.62110728025436401 0.61832320690155029
vt 0.65570932626724243 0.61832320690155029
vt 0.69031143188476562 0.61832320690155029
vt 0.69031143188476562 0.65212982892990112
vt 0.70184546709060669 0.65212982892990112
vt 0.70184546709060669 0.61832320690155029
vt 0.71337944269180298 0.61832320690155029
vt 0.71337944269180298 0.65212982892990112
vt 0.71337944269180298 0.80425965785980225
vt 0.71337944269180298 0.95638942718505859
vt 0.7641291618347168 0.95638942718505859
vt 0.81487888097763062 0.95638942718505859
vt 0.86562860012054443 0.95638942718505859
vt 0.91637831926345825 0.95638942718505859
vt 0.96712803840637207 0.95638942718505859
vt 0.96712803840637207 0.80764031410217285
vt 0.96712803840637207 0.65889114141464233
vt 0.96712803840637207 0.51014196872711182
vt 0.96712803840637207 0.36139282584190369
vt 0.96712803840637207 0.21264368295669556
vt 0.91637831926345825 0.21264368295669556
vt 0.86562860012054443 0.21264368295669556
vt 0.81487888097763062 0.21264368295669556
vt 0.7641291618347168 0.21264368295669556
vt 0.71337944269180298 0.21264368295669556
vt 0.71337944269180298 0.38167682290077209
vt 0.71337944269180298 0.55070996284484863
vt 0.70184546709060669 0.55070996284484863
vt 0.70184546709060669 0.48309668898582458
vt 0.69031143188476562 0.48309668898582458
vt 0.69031143188476562 0.34787017107009888
vt 0.69031143188476562 0.21264368295669556
vt 0.64417529106140137 0.21264368295669556
vt 0.64417529106140137 0.24645030498504639
vt 0.64417529106140137 0.36477348208427429
vt 0.64417529106140137 0.48309668898582458
vt 0.6672433614730835 0.48309668898582458
vt 0.6672433614730835 0.5169033408164978
vt 0.63264131546020508 0.5169033408164978
vt 0.63264131546020508 0.48309668898582458
vt 0.62110728025436401 0.48309668898582458
vt 0.62110728025436401 0.34787017107009888
vt 0.62110728025436401 0.21264368295669556
vt 0.57497113943099976 0.21264368295669556
vt 0.57497113943099976 0.24645030498504639
vt 0.57497113943099976 0.36477348208427429
vt 0.57497113943099976 0.48309668898582458
vt 0.59803920984268188 0.48309668898582458
vt 0.59803920984268188 0.5169033408164978
vt 0.57497113943099976 0.5169033408164978
vt 0.57497113943099976 0.55070996284484863
vt 0.56343716382980347 0.55070996284484863
vt 0.56343716382980347 0.5169033408164978
vt 0.5519031286239624 0.5169033408164978
vt 0.5519031286239624 0.37040793895721436
vt 0.5519031286239624 0.2239125519990921
vt 0.5519031286239624 0.077417172491550446
vt 0.49423298239707947 0.077417172491550446
vt 0.43656286597251892 0.077417172491550446
vt 0.43656286597251892 0.2239125519990921
vt 0.43656286597251892 0.37040793895721436
vt 0.43656286597251892 0.5169033408164978
vt 0.42502883076667786 0.5169033408164978
vt 0.39042675495147705 0.5169033408164978
vt 0.39042675495147705 0.48309668898582458
vt 0.42502883076667786 0.48309668898582458
vt 0.42502883076667786 0.34787017107009888
vt 0.42502883076667786 0.21264368295669556
vt 0.36735871434211731 0.21264368295669556
vt 0.36735871434211731 0.24645030498504639
vt 0.36735871434211731 0.36477348208427429
vt 0.36735871434211731 0.48309668898582458
vt 0.34429064393043518 0.48309668898582458
vt 0.34429064393043518 0.34787017107009888
vt 0.34429064393043518 0.21264368295669556
vt 0.2981545627117157 0.21264368295669556
vt 0.2981545627117157 0.24645030498504639
vt 0.2981545627117157 0.36477348208427429
vt 0.2981545627117157 0.48309668898582458
vt 0.32122260332107544 0.48309668898582458
vt 0.32122260332107544 0.5169033408164978
vt 0.28662052750587463 0.5169033408164978
vt 0.28662052750587463 0.48309668898582458
vt 0.27508649230003357 0.48309668898582458
vt 0.27508649230003357 0.34787017107009888
vt 0.27508649230003357 0.21264368295669556
vt 0.22895041108131409 0.21264368295669556
vt 0.22895041108131409 0.24645030498504639
vt 0.22895041108131409 0.36477348208427429
vt 0.22895041108131409 0.48309668898582458
vt 0.25201845169067383 0.48309668898582458
vt 0.25201845169067383 0.5169033408164978
vt 0.21741637587547302 0.5169033408164978
vt 0.21741637587547302 0.48309668898582458
vt 0.20588235557079315 0.48309668898582458
vt 0.20588235557079315 0.34787017107009888
vt 0.20588235557079315 0.21264368295669556
vt 0.15974624454975128 0.21264368295669556
vt 0.15974624454975128 0.24645030498504639
vt 0.15974624454975128 0.36477348208427429
vt 0.15974624454975128 0.48309668898582458
vt 0.18281430006027222 0.48309668898582458
vt 0.18281430006027222 0.5169033408164978
vt 0.14821222424507141 0.5169033408164978
vt 0.14821222424507141 0.48309668898582458
vt 0.13667820394039154 0.48309668898582458
vt 0.13667820394039154 0.34787017107009888
vt 0.13667820394039154 0.21264368295669556
vt 0.090542100369930267 0.21264368295669556
vt 0.090542100369930267 0.24645030498504639
vt 0.090542100369930267 0.36477348208427429
vt 0.090542100369930267 0.48309668898582458
vt 0.11361014842987061 0.48309668898582458
vt 0.11361014842987061 0.5169033408164978
vt 0.0790080726146698 0.5169033408164978
vt 0.0790080726146698 0.48309668898582458
vt 0.067474044859409332 0.48309668898582458
vt 0.067474044859409332 0.34787017107009888
vt 0.067474044859409332 0.21264368295669556
vt 0.021337946876883507 0.21264368295669556
vt 0.021337946876883507 0.24645030498504639
vt 0.021337946876883507 0.36477348208427429
vt 0.021337946876883507 0.48309668898582458
vt 0.044405996799468994 0.48309668898582458
vt 0.044405996799468994 0.5169033408164978
vt 0.021337946876883507 0.5169033408164978
vt 0.021337946876883507 0.55070996284484863
vt 0.021337946876883507 0.65212982892990112
vt 0.0098039219155907631 0.65212982892990112
vt 0.0098039219155907631 0.61832320690155029
vt 0.0098039219155907631 0.58451658487319946
vt 0.0098039219155907631 0.55070996284484863
vt 0.0098039219155907631 0.5169033408164978
vt 0.0098039219155907631 0.48309668898582458
vt 0.0098039219155907631 0.44929006695747375
vt 0.0098039219155907631 0.41548344492912292
vt 0.0098039219155907631 0.38167682290077209
vt 0.0098039219155907631 0.34787017107009888
vt 0.0098039219155907631 0.31406354904174805
vt 0.0098039219155907631 0.28025692701339722
vt 0.0098039219155907631 0.24645030498504639
vt 0.0098039219155907631 0.21264368295669556
vt 0.0098039219155907631 0.17883704602718353
vt 0.0098039219155907631 0.1450304239988327
vt 0.061707034707069397 0.1450304239988327
vt 0.11361014842987061 0.1450304239988327
vt 0.16551326215267181 0.1450304239988327
vt 0.21741637587547302 0.1450304239988327
vt 0.26931950449943542 0.1450304239988327
vt 0.32122260332107544 0.1450304239988327
vt 0.37312573194503784 0.1450304239988327
vt 0.42502883076667786 0.1450304239988327
vt 0.42502883076667786 0.0098039219155907631
vt 0.47500962018966675 0.0098039219155907631
vt 0.52499037981033325 0.0098039219155907631
vt 0.57497113943099976 0.0098039219155907631
vt 0.57497113943099976 0.043610546737909317
vt 0.57497113943099976 0.1450304239988327
vt 0.62687426805496216 0.1450304239988327
vt 0.67877739667892456 0.1450304239988327
vt 0.73068052530288696 0.1450304239988327
vt 0.78258359432220459 0.1450304239988327
vt 0.83448672294616699 0.1450304239988327
vt 0.88638985157012939 0.1450304239988327
vt 0.9382929801940918 0.1450304239988327
vt 0.99019604921340942 0.1450304239988327
vt 0.99019604921340942 0.17883704602718353
vt 0.99019604921340942 0.34110885858535767
vt 0.99019604921340942 0.50338065624237061
vt 0.99019604921340942 0.66565245389938354
vt 0.99019604921340942 0.82792425155639648
vt 0.99019604921340942 0.99019604921340942
vn 0 0 -1
vn 0 0 -1
vn 0 0 -1
vn 0 0 -1
vn 0 0 -1
vn 0 0 -1
vn 0 0 -1
vn 0 0 -1
vn 0 0 -1
vn 0 0 -1
vn 0 0 -1
vn 0 0 -1
vn 0 0 -1
vn 0 0 -1
vn 0 0 -1
vn 0 0 -1
vn 0 0 -1
vn 0 0 -1
vn 0 0 -1
vn 0 0 -1
vn 0 0 -1
vn 0 0 -1
vn 0 0 -1
vn 0 0 -1
vn 0 0 -1
vn 0 0 -1
vn 0 0 -1
vn 0 0 -1
vn 0 0 -1
vn 0 0 -1
vn 0 0 -1
vn 0 0 -1
vn 0 0 -1
vn 0 0 -1
vn 0 0 -1
vn 0 0 -1
vn 0 0 -1
vn 0 0 -1
vn 0 0 -1
vn 0 0 -1
vn 0 0 -1
vn 0 0 -1
vn 0 0 -1
vn 0 0 -1
vn 0 0 -1
vn 0 0 -1
vn 0 0 -1
vn 0 0 -1
vn 0 0 -1
vn 0 0 -1
vn 0 0 -1
vn 0 0 -1
vn 0 0 -1
vn 0 0 -1
vn 0 0 -1
vn 0 0 -1
vn 0 0 -1
vn 0 0 -1
vn 0 0 -1
vn 0 0 -1
vn 0 0 -1
vn 0 0 -1
vn 0 0 -1
vn 0 0 -1
vn 0 0 -1
vn 0 0 -1
vn 0 0 -1
vn 0 0 -1
vn 0 0 -1
vn 0 0 -1
vn 0 0 -1
vn 0 0 -1
vn 0 0 -1
vn 0 0 -1
vn 0 0 -1
vn 0 0 -1
vn 0 0 -1
vn 0 0 -1
vn 0 0 -1
vn 0 0 -1
vn 0 0 -1
vn 0 0 -1
vn 0 0 -1
vn 0 0 -1
vn 0 0 -1
vn 0 0 -1
vn 0 0 -1
vn 0 0 -1
vn 0 0 -1
vn 0 0 -1
vn 0 0 -1
vn 0 0 -1
vn 0 0 -1
vn 0 0 -1
vn 0 0 -1
vn 0 0 -1
vn 0 0 -1
vn 0 0 -1
vn 0 0 -1
vn 0 0 -1
vn 0 0 -1
vn 0 0 -1
vn 0 0 -1
vn 0 0 -1
vn 0 0 -1
vn 0 0 -1
vn 0 0 -1
vn 0 0 -1
vn 0 0 -1
vn 0 0 -1
vn 0 0 -1
vn 0 0 -1
vn 0 0 -1
vn 0 0 -1
vn 0 0 -1
vn 0 0 -1
vn 0 0 -1
vn 0 0 -1
vn 0 0 -1
vn 0 0 -1
vn 0 0 -1
vn 0 0 -1
vn 0 0 -1
vn 0 0 -1
vn 0 0 -1
vn 0 0 -1
vn 0 0 -1
vn 0 0 -1
vn 0 0 -1
vn 0 0 -1
vn 0 0 -1
vn 0 0 -1
vn 0 0 -1
vn 0 0 -1
vn 0 0 -1
vn 0 0 -1
vn 0 0 -1
vn 0 0 -1
vn 0 0 -1
vn 0 0 -1
vn 0 0 -1
vn 0 0 -1
vn 0 0 -1
vn 0 0 -1
vn 0 0 -1
vn 0 0 -1
vn 0 0 -1
vn 0 0 -1
vn 0 0 -1
vn 0 0 -1
vn 0 0 -1
vn 0 0 -1
vn 0 0 -1
vn 0 0 -1
vn 0 0 -1
vn 0 0 -1
vn 0 0 -1
vn 0 0 -1
vn 0 0 -1
vn 0 0 -1
vn 0 0 -1
vn 0 0 -1
vn 0 0 -1
vn 0 0 -1
vn 0 0 -1
vn 0 0 -1
vn 0 0 -1
vn 0 0 -1
vn 0 0 -1
vn 0 0 -1
vn 0 0 -1
vn 0 0 -1
vn 0 0 -1
vn 0 0 -1
vn 0 0 -1
vn 0 0 -1
vn 0 0 -1
vn 0 0 -1
vn 0 0 -1
vn 0 0 -1
vn 0 0 -1
vn 0 0 -1
vn 0 0 -1
vn 0 0 -1
vn 0 0 -1
vn 0 0 -1
vn 0 0 -1
vn 0 0 -1
vn 0 0 -1
vn 0 0 -1
vn 0 0 -1
vn 0 0 -1
vn 0 0 -1
vn 0 0 -1
vn 0 0 -1
vn 0 0 -1
vn 0 0 -1
vn 0 0 -1
vn 0 0 -1
vn 0 0 -1
vn 0 0 -1
vn 0 0 -1
vn 0 0 -1
vn 0 0 -1
vn 0 0 -1
vn 0 0 -1
vn 0 0 -1
vn 0 0 -1
vn 0 0 -1
vn 0 0 -1
vn 0 0 -1
vn 0 0 -1
vn 0 0 -1
vn 0 0 -1
vn 0 0 -1
vn 0 0 -1
vn 0 0 -1
vn 0 0 -1
vn 0 0 -1
vn 0 0 -1
vn 0 0 -1
vn 0 0 -1
vn 0 0 -1
vn 0 0 -1
vn 0 0 -1
vn 0 0 -1
vn 0 0 -1
vn 0 0 -1
vn 0 0 -1
vn 0 0 -1
vn 0 0 -1
vn 0 0 -1
vn 0 0 -1
vn 0 0 -1
vn 0 0 -1
vn 0 0 -1
vn 0 0 -1
vn 0 0 -1
vn 0 0 -1
vn 0 0 -1
vn 0 0 -1
vn 0 0 -1
vn 0 0 -1
vn 0 0 -1
vn 0 0 -1
vn 0 0 -1
vn 0 0 -1
vn 0 0 -1
vn 0 0 -1
vn 0 0 -1
vn 0 0 -1
vn 0 0 -1
vn 0 0 -1
vn 0 0 -1
vn 0 0 -1
vn 0 0 -1
vn 0 0 -1
vn 0 0 -1
vn 0 0 -1
vn 0 0 -1
vn 0 0 -1
vn 0 0 -1
vn 0 0 -1
vn 0 0 -1
vn 0 0 -1
vn 0 0 -1
vn 0 0 -1
vn 0 0 -1
vn 0 0 -1
vn 0 0 -1
vn 0 0 -1
vn 0 0 -1
vn 0 0 -1
vn 0 0 -1
vn 0 0 -1
vn 0 0 -1
vn 0 0 -1
vn 0 0 -1
vn 0 0 -1
vn 0 0 -1
vn 0 0 -1
vn 0 0 -1
vn 0 0 -1
vn 0 0 -1
vn 0 0 -1
vn 0 0 -1
vn 0 0 -1
vn 0 0 -1
vn 0 0 -1
vn 0 0 -1
vn 0 0 -1
vn 0 0 -1
f 1562/1562/1562 1537/1537/1537 1560/1560/1560
f 1537/1537/1537 1538/1538/1538 1558/1558/1558 1559/1559/1559
f 1560/1560/1560 1537/1537/1537 1559/1559/1559
f 1562/1562/1562 1560/1560/1560 1561/1561/1561
f 1538/1538/1538 1557/1557/1557 1558/1558/1558
f 1539/1539/1539 1555/1555/1555 1556/1556/1556
f 1557/1557/1557 1538/1538/1538 1556/1556/1556
f 1535/1535/1535 1536/1536/1536 1527/1527/1527 1528/1528/1528
f 1526/1526/1526 1536/1536/1536 1562/1562/1562
f 1525/1525/1525 1526/1526/1526 1563/1563/1563
f 1562/1562/1562 1563/1563/1563 1526/1526/1526
f 1527/1527/1527 1536/1536/1536 1526/1526/1526
f 1556/1556/1556 1538/1538/1538 1539/1539/1539
f 1524/1524/1524 1517/1517/1517 1523/1523/1523
f 1563/1563/1563 1564/1564/1564 1515/1515/1515 1525/1525/1525
f 1562/1562/1562 1536/1536/1536 1537/1537/1537
f 1554/1554/1554 1555/1555/1555 1539/1539/1539
f 1540/1540/1540 1551/1551/1551 1552/1552/1552
f 1539/1539/1539 1540/1540/1540 1552/1552/1552 1553/1553/1553
f 1540/1540/1540 1543/1543/1543 1550/1550/1550 1551/1551/1551
f 1541/1541/1541 1542/1542/1542 1543/1543/1543 1540/1540/1540
f 1543/1543/1543 1544/1544/1544 1549/1549/1549 1550/1550/1550
f 1553/1553/1553 1554/1554/1554 1539/1539/1539
f 1528/1528/1528 1533/1533/1533 1534/1534/1534
f 1533/1533/1533 1528/1528/1528 1529/1529/1529
f 1532/1532/1532 1533/1533/1533 1529/1529/1529
f 1531/1531/1531 1532/1532/1532 1529/1529/1529 1530/1530/1530
f 1522/1522/1522 1523/1523/1523 1517/1517/1517
f 1528/1528/1528 1534/1534/1534 1535/1535/1535
f 1524/1524/1524 1525/1525/1525 1516/1516/1516 1517/1517/1517
f 1514/1514/1514 1515/1515/1515 1564/1564/1564 1565/1565/1565
f 1565/1565/1565 1566/1566/1566 1503/1503/1503 1504/1504/1504
f 1513/1513/1513 1514/1514/1514 1505/1505/1505 1506/1506/1506
f 1504/1504/1504 1505/1505/1505 1514/1514/1514
f 1504/1504/1504 1514/1514/1514 1565/1565/1565
f 1494/1494/1494 1503/1503/1503 1493/1493/1493
f 1493/1493/1493 1503/1503/1503 1566/1566/1566
f 1493/1493/1493 1567/1567/1567 1492/1492/1492
f 1568/1568/1568 1486/1486/1486 1492/1492/1492
f 1493/1493/1493 1566/1566/1566 1567/1567/1567
f 1494/1494/1494 1495/1495/1495 1502/1502/1502 1503/1503/1503
f 1491/1491/1491 1492/1492/1492 1487/1487/1487 1488/1488/1488
f 1487/1487/1487 1492/1492/1492 1486/1486/1486
f 1568/1568/1568 1492/1492/1492 1567/1567/1567
f 1522/1522/1522 1518/1518/1518 1521/1521/1521
f 1513/1513/1513 1506/1506/1506 1512/1512/1512
f 1518/1518/1518 1519/1519/1519 1520/1520/1520 1521/1521/1521
f 1506/1506/1506 1511/1511/1511 1512/1512/1512
f 1511/1511/1511 1507/1507/1507 1510/1510/1510
f 1507/1507/1507 1511/1511/1511 1506/1506/1506
f 1518/1518/1518 1522/1522/1522 1517/1517/1517
f 1509/1509/1509 1510/1510/1510 1507/1507/1507 1508/1508/1508
f 1495/1495/1495 1500/1500/1500 1501/1501/1501
f 1490/1490/1490 1491/1491/1491 1488/1488/1488 1489/1489/1489
f 1495/1495/1495 1496/1496/1496 1500/1500/1500
f 1496/1496/1496 1497/1497/1497 1498/1498/1498 1499/1499/1499
f 1496/1496/1496 1499/1499/1499 1500/1500/1500
f 1502/1502/1502 1495/1495/1495 1501/1501/1501
f 1515/1515/1515 1516/1516/1516 1525/1525/1525
f 1544/1544/1544 1548/1548/1548 1549/1549/1549
f 1548/1548/1548 1544/1544/1544 1547/1547/1547
f 1547/1547/1547 1545/1545/1545 1546/1546/1546
f 1547/1547/1547 1544/1544/1544 1545/1545/1545
f 1325/1325/1325 1326/1326/1326 1323/1323/1323 1324/1324/1324
f 1335/1335/1335 1336/1336/1336 1337/1337/1337
f 1338/1338/1338 1335/1335/1335 1337/1337/1337
f 1338/1338/1338 1339/1339/1339 1332/1332/1332 1333/1333/1333
f 1340/1340/1340 1342/1342/1342 1339/1339/1339
f 1333/1333/1333 1334/1334/1334 1335/1335/1335
f 1338/1338/1338 1333/1333/1333 1335/1335/1335
f 1342/1342/1342 1343/1343/1343 1332/1332/1332
f 1339/1339/1339 1342/1342/1342 1332/1332/1332
f 1326/1326/1326 1322/1322/1322 1323/1323/1323
f 1327/1327/1327 1320/1320/1320 1321/1321/1321
f 1321/1321/1321 1322/1322/1322 1326/1326/1326
f 1327/1327/1327 1318/1318/1318 1319/1319/1319
f 1328/1328/1328 1316/1316/1316 1317/1317/1317
f 1328/1328/1328 1315/1315/1315 1316/1316/1316
f 1327/1327/1327 1328/1328/1328 1317/1317/1317 1318/1318/1318
f 1319/1319/1319 1320/1320/1320 1327/1327/1327
f 1326/1326/1326 1327/1327/1327 1321/1321/1321
f 1343/1343/1343 1345/1345/1345 1332/1332/1332
f 1314/1314/1314 1315/1315/1315 1328/1328/1328 1329/1329/1329
f 1329/1329/1329 1330/1330/1330 1313/1313/1313 1314/1314/1314
f 1347/1347/1347 1313/1313/1313 1330/1330/1330
f 1330/1330/1330 1331/1331/1331 1346/1346/1346 1347/1347/1347
f 1331/1331/1331 1332/1332/1332 1345/1345/1345 1346/1346/1346
f 1342/1342/1342 1340/1340/1340 1341/1341/1341
f 1354/1354/1354 1356/1356/1356 1357/1357/1357
f 1357/1357/1357 1352/1352/1352 1354/1354/1354
f 1356/1356/1356 1354/1354/1354 1355/1355/1355
f 1354/1354/1354 1352/1352/1352 1353/1353/1353
f 1357/1357/1357 1358/1358/1358 1351/1351/1351 1352/1352/1352
f 1358/1358/1358 1359/1359/1359 1361/1361/1361
f 1361/1361/1361 1351/1351/1351 1358/1358/1358
f 1360/1360/1360 1361/1361/1361 1359/1359/1359
f 1374/1374/1374 1375/1375/1375 1373/1373/1373
f 1371/1371/1371 1372/1372/1372 1373/1373/1373
f 1376/1376/1376 1373/1373/1373 1375/1375/1375
f 1350/1350/1350 1351/1351/1351 1364/1364/1364 1365/1365/1365
f 1311/1311/1311 1312/1312/1312 1347/1347/1347 1348/1348/1348
f 1348/1348/1348 1349/1349/1349 1310/1310/1310 1311/1311/1311
f 1313/1313/1313 1347/1347/1347 1312/1312/1312
f 1364/1364/1364 1362/1362/1362 1363/1363/1363
f 1349/1349/1349 1350/1350/1350 1365/1365/1365 1366/1366/1366
f 1366/1366/1366 1310/1310/1310 1349/1349/1349
f 1366/1366/1366 1367/1367/1367 1309/1309/1309 1310/1310/1310
f 1308/1308/1308 1309/1309/1309 1367/1367/1367 1368/1368/1368
f 1364/1364/1364 1351/1351/1351 1362/1362/1362
f 1362/1362/1362 1351/1351/1351 1361/1361/1361
f 1376/1376/1376 1371/1371/1371 1373/1373/1373
f 1343/1343/1343 1344/1344/1344 1345/1345/1345
f 1570/1570/1570 1476/1476/1476 1569/1569/1569
f 1570/1570/1570 1571/1571/1571 1475/1475/1475 1476/1476/1476
f 1572/1572/1572 1475/1475/1475 1571/1571/1571
f 1568/1568/1568 1569/1569/1569 1485/1485/1485 1486/1486/1486
f 1484/1484/1484 1485/1485/1485 1477/1477/1477 1478/1478/1478
f 1569/1569/1569 1477/1477/1477 1485/1485/1485
f 1569/1569/1569 1476/1476/1476 1477/1477/1477
f 1483/1483/1483 1484/1484/1484 1478/1478/1478 1479/1479/1479
f 1473/1473/1473 1474/1474/1474 1575/1575/1575 1461/1461/1461
f 1574/1574/1574 1474/1474/1474 1572/1572/1572
f 1572/1572/1572 1573/1573/1573 1574/1574/1574
f 1575/1575/1575 1474/1474/1474 1574/1574/1574
f 1473/1473/1473 1461/1461/1461 1462/1462/1462
f 1472/1472/1472 1473/1473/1473 1462/1462/1462 1463/1463/1463
f 1460/1460/1460 1461/1461/1461 1575/1575/1575 1576/1576/1576
f 1572/1572/1572 1474/1474/1474 1475/1475/1475
f 1481/1481/1481 1482/1482/1482 1483/1483/1483 1480/1480/1480
f 1379/1379/1379 1380/1380/1380 1381/1381/1381
f 1479/1479/1479 1480/1480/1480 1483/1483/1483
f 1377/1377/1377 1378/1378/1378 1376/1376/1376
f 1471/1471/1471 1472/1472/1472 1463/1463/1463 1464/1464/1464
f 1470/1470/1470 1471/1471/1471 1464/1464/1464
f 1465/1465/1465 1466/1466/1466 1467/1467/1467 1464/1464/1464
f 1469/1469/1469 1470/1470/1470 1467/1467/1467 1468/1468/1468
f 1467/1467/1467 1470/1470/1470 1464/1464/1464
f 1576/1576/1576 1577/1577/1577 1449/1449/1449 1450/1450/1450
f 1578/1578/1578 1579/1579/1579 1441/1441/1441 1442/1442/1442
f 1577/1577/1577 1578/1578/1578 1442/1442/1442 1449/1449/1449
f 1451/1451/1451 1460/1460/1460 1450/1450/1450
f 1576/1576/1576 1450/1450/1450 1460/1460/1460
f 1448/1448/1448 1449/1449/1449 1442/1442/1442 1443/1443/1443
f 1440/1440/1440 1441/1441/1441 1579/1579/1579 1580/1580/1580
f 1580/1580/1580 1581/1581/1581 1439/1439/1439 1440/1440/1440
f 1584/1584/1584 1582/1582/1582 1583/1583/1583
f 1581/1581/1581 1582/1582/1582 1438/1438/1438 1439/1439/1439
f 1438/1438/1438 1582/1582/1582 1437/1437/1437
f 1584/1584/1584 1585/1585/1585 1436/1436/1436 1437/1437/1437
f 1584/1584/1584 1437/1437/1437 1582/1582/1582
f 1452/1452/1452 1458/1458/1458 1459/1459/1459
f 1451/1451/1451 1452/1452/1452 1459/1459/1459 1460/1460/1460
f 1457/1457/1457 1458/1458/1458 1452/1452/1452
f 1453/1453/1453 1456/1456/1456 1457/1457/1457
f 1453/1453/1453 1454/1454/1454 1455/1455/1455 1456/1456/1456
f 1453/1453/1453 1457/1457/1457 1452/1452/1452
f 1443/1443/1443 1447/1447/1447 1448/1448/1448
f 1585/1585/1585 1586/1586/1586 1435/1435/1435 1436/1436/1436
f 1446/1446/1446 1447/1447/1447 1443/1443/1443
f 1444/1444/1444 1445/1445/1445 1446/1446/1446
f 1446/1446/1446 1443/1443/1443 1444/1444/1444
f 1434/1434/1434 1435/1435/1435 1586/1586/1586 1587/1587/1587
f 1386/1386/1386 1378/1378/1378 1379/1379/1379
f 1383/1383/1383 1384/1384/1384 1382/1382/1382
f 1384/1384/1384 1379/1379/1379 1381/1381/1381 1382/1382/1382
f 1384/1384/1384 1385/1385/1385 1386/1386/1386 1379/1379/1379
f 1371/1371/1371 1376/1376/1376 1370/1370/1370
f 1378/1378/1378 1386/1386/1386 1370/1370/1370
f 1387/1387/1387 1370/1370/1370 1386/1386/1386
f 1370/1370/1370 1376/1376/1376 1378/1378/1378
f 1397/1397/1397 1398/1398/1398 1399/1399/1399 1395/1395/1395
f 1400/1400/1400 1401/1401/1401 1402/1402/1402
f 1397/1397/1397 1395/1395/1395 1396/1396/1396
f 1399/1399/1399 1393/1393/1393 1394/1394/1394 1395/1395/1395
f 1405/1405/1405 1400/1400/1400 1402/1402/1402 1403/1403/1403
f 1400/1400/1400 1393/1393/1393 1399/1399/1399
f 1400/1400/1400 1405/1405/1405 1406/1406/1406 1407/1407/1407
f 1368/1368/1368 1369/1369/1369 1388/1388/1388 1389/1389/1389
f 1387/1387/1387 1388/1388/1388 1369/1369/1369 1370/1370/1370
f 1307/1307/1307 1308/1308/1308 1389/1389/1389 1390/1390/1390
f 1368/1368/1368 1389/1389/1389 1308/1308/1308
f 1306/1306/1306 1307/1307/1307 1390/1390/1390
f 1390/1390/1390 1391/1391/1391 1305/1305/1305 1306/1306/1306
f 1392/1392/1392 1393/1393/1393 1408/1408/1408 1409/1409/1409
f 1393/1393/1393 1407/1407/1407 1408/1408/1408
f 1407/1407/1407 1393/1393/1393 1400/1400/1400
f 1391/1391/1391 1392/1392/1392 1409/1409/1409 1410/1410/1410
f 1410/1410/1410 1411/1411/1411 1304/1304/1304 1305/1305/1305
f 1391/1391/1391 1410/1410/1410 1305/1305/1305
f 1421/1421/1421 1416/1416/1416 1419/1419/1419 1420/1420/1420
f 1416/1416/1416 1418/1418/1418 1419/1419/1419
f 1418/1418/1418 1416/1416/1416 1417/1417/1417
f 1415/1415/1415 1416/1416/1416 1421/1421/1421 1414/1414/1414
f 1403/1403/1403 1404/1404/1404 1405/1405/1405
f 1424/1424/1424 1425/1425/1425 1422/1422/1422 1423/1423/1423
f 1414/1414/1414 1421/1421/1421 1422/1422/1422
f 1425/1425/1425 1426/1426/1426 1413/1413/1413 1414/1414/1414
f 1422/1422/1422 1425/1425/1425 1414/1414/1414
f 1433/1433/1433 1434/1434/1434 1587/1587/1587 1588/1588/1588
f 1303/1303/1303 1412/1412/1412 1427/1427/1427
f 1412/1412/1412 1413/1413/1413 1426/1426/1426 1427/1427/1427
f 1411/1411/1411 1412/1412/1412 1303/1303/1303 1304/1304/1304
f 1301/1301/1301 1302/1302/1302 1428/1428/1428 1429/1429/1429
f 1302/1302/1302 1303/1303/1303 1427/1427/1427 1428/1428/1428
f 1429/1429/1429 1430/1430/1430 1300/1300/1300 1301/1301/1301
f 1432/1432/1432 1433/1433/1433 1588/1588/1588 1589/1589/1589
f 1430/1430/1430 1431/1431/1431 1299/1299/1299 1300/1300/1300
f 1298/1298/1298 1432/1432/1432 1589/1589/1589
f 1298/1298/1298 1299/1299/1299 1431/1431/1431 1432/1432/1432
usemtl diffuse_255_0_0_255
vt 0.0098039219155907631 1
vt 0.0098039219155907631 0
vt 0.24048443138599396 0
vt 0.47116494178771973 0
vt 0.70184546709060669 0
vt 0.93252593278884888 0
vt 0.99019604921340942 0
vt 0.99019604921340942 1
vt 0.93252593278884888 1
vt 0.70184546709060669 1
vt 0.47116494178771973 1
vt 0.24048443138599396 1
vn 0 -1 0
vn 0 -1 0
vn 0 -1 0
vn 0 -1 0
vn 0 -1 0
vn 0 -1 0
vn 0 -1 0
vn 0 -1 0
vn 0 -1 0
vn 0 -1 0
vn 0 -1 0
vn 0 -1 0
f 1592/1592/1592 1601/1601/1601 1590/1590/1590 1591/1591/1591
f 1593/1593/1593 1600/1600/1600 1601/1601/1601 1592/1592/1592
f 1600/1600/1600 1593/1593/1593 1594/1594/1594 1599/1599/1599
f 1595/1595/1595 1598/1598/1598 1599/1599/1599 1594/1594/1594
f 1596/1596/1596 1597/1597/1597 1598/1598/1598 1595/1595/1595
usemtl diffuse_255_0_0_255
vt 0.0098039219155907631 1
vt 0.0098039219155907631 0
vt 0.24048443138599396 0
vt 0.47116494178771973 0
vt 0.70184546709060669 0
vt 0.93252593278884888 0
vt 0.99019604921340942 0
vt 0.99019604921340942 1
vt 0.93252593278884888 1
vt 0.70184546709060669 1
vt 0.47116494178771973 1
vt 0.24048443138599396 1
vn 0 -1 0
vn 0 -1 0
vn 0 -1 0
vn 0 -1 0
vn 0 -1 0
vn 0 -1 0
vn 0 -1 0
vn 0 -1 0
vn 0 -1 0
vn 0 -1 0
vn 0 -1 0
vn 0 -1 0
f 1604/1604/1604 1613/1613/1613 1602/1602/1602 1603/1603/1603
f 1605/1605/1605 1612/1612/1612 1613/1613/1613 1604/1604/1604
f 1612/1612/1612 1605/1605/1605 1606/1606/1606 1611/1611/1611
f 1607/1607/1607 1610/1610/1610 1611/1611/1611 1606/1606/1606
f 1608/1608/1608 1609/1609/1609 1610/1610/1610 1607/1607/1607
usemtl diffuse_255_0_0_255
vt 0.0098039219155907631 1
vt 0.0098039219155907631 0
vt 0.5 0
vt 0.99019604921340942 0
vt 0.99019604921340942 1
vt 0.5 1
vn 0 -1 0
vn 0 -1 0
vn 0 -1 0
vn 0 -1 0
vn 0 -1 0
vn 0 -1 0
f 1614/1614/1614 1615/1615/1615 1616/1616/1616 1619/1619/1619
f 1617/1617/1617 1618/1618/1618 1619/1619/1619 1616/1616/1616
usemtl diffuse_255_0_0_255
vt 0.0098039219155907631 1
vt 0.0098039219155907631 0
vt 0.5 0
vt 0.99019604921340942 0
vt 0.99019604921340942 1
vt 0.5 1
vn 0 -1 0
vn 0 -1 0
vn 0 -1 0
vn 0 -1 0
vn 0 -1 0
vn 0 -1 0
f 1620/1620/1620 1621/1621/1621 1622/1622/1622 1625/1625/1625
f 1623/1623/1623 1624/1624/1624 1625/1625/1625 1622/1622/1622
usemtl diffuse_255_0_0_255
vt 0.0098039219155907631 1
vt 0.0098039219155907631 0
vt 0.11571048200130463 0
vt 0.22161704301834106 0
vt 0.32752358913421631 0
vt 0.43343016505241394 0
vt 0.53933674097061157 0
vt 0.64524328708648682 0
vt 0.75114983320236206 0
vt 0.8570563793182373 0
vt 0.96296298503875732 0
vt 0.99019604921340942 0
vt 0.99019604921340942 1
vt 0.96296298503875732 1
vt 0.8570563793182373 1
vt 0.75114983320236206 1
vt 0.64524328708648682 1
vt 0.53933674097061157 1
vt 0.43343016505241394 1
vt 0.32752358913421631 1
vt 0.22161704301834106 1
vt 0.11571048200130463 1
vn 0 -1 0
vn 0 -1 0
vn 0 -1 0
vn 0 -1 0
vn 0 -1 0
vn 0 -1 0
vn 0 -1 0
vn 0 -1 0
vn 0 -1 0
vn 0 -1 0
vn 0 -1 0
vn 0 -1 0
vn 0 -1 0
vn 0 -1 0
vn 0 -1 0
vn 0 -1 0
vn 0 -1 0
vn 0 -1 0
vn 0 -1 0
vn 0 -1 0
vn 0 -1 0
vn 0 -1 0
f 1627/1627/1627 1628/1628/1628 1647/1647/1647 1626/1626/1626
f 1629/1629/1629 1630/1630/1630 1645/1645/1645 1646/1646/1646
f 1630/1630/1630 1631/1631/1631 1644/1644/1644 1645/1645/1645
f 1628/1628/1628 1629/1629/1629 1646/1646/1646 1647/1647/1647
f 1643/1643/1643 1644/1644/1644 1631/1631/1631 1632/1632/1632
f 1632/1632/1632 1633/1633/1633 1642/1642/1642 1643/1643/1643
f 1634/1634/1634 1635/1635/1635 1640/1640/1640 1641/1641/1641
f 1636/1636/1636 1639/1639/1639 1640/1640/1640 1635/1635/1635
f 1633/1633/1633 1634/1634/1634 1641/1641/1641 1642/1642/1642
f 1637/1637/1637 1638/1638/1638 1639/1639/1639 1636/1636/1636
usemtl diffuse_255_0_0_255
vt 0.0098039219155907631 1
vt 0.0098039219155907631 0
vt 0.11571048200130463 0
vt 0.22161704301834106 0
vt 0.32752358913421631 0
vt 0.43343016505241394 0
vt 0.53933674097061157 0
vt 0.64524328708648682 0
vt 0.75114983320236206 0
vt 0.8570563793182373 0
vt 0.96296298503875732 0
vt 0.99019604921340942 0
vt 0.99019604921340942 1
vt 0.96296298503875732 1
vt 0.8570563793182373 1
vt 0.75114983320236206 1
vt 0.64524328708648682 1
vt 0.53933674097061157 1
vt 0.43343016505241394 1
vt 0.32752358913421631 1
vt 0.22161704301834106 1
vt 0.11571048200130463 1
vn 0 -1 0
vn 0 -1 0
vn 0 -1 0
vn 0 -1 0
vn 0 -1 0
vn 0 -1 0
vn 0 -1 0
vn 0 -1 0
vn 0 -1 0
vn 0 -1 0
vn 0 -1 0
vn 0 -1 0
vn 0 -1 0
vn 0 -1 0
vn 0 -1 0
vn 0 -1 0
vn 0 -1 0
vn 0 -1 0
vn 0 -1 0
vn 0 -1 0
vn 0 -1 0
vn 0 -1 0
f 1649/1649/1649 1650/1650/1650 1669/1669/1669 1648/1648/1648
f 1651/1651/1651 1652/1652/1652 1667/1667/1667 1668/1668/1668
f 1652/1652/1652 1653/1653/1653 1666/1666/1666 1667/1667/1667
f 1650/1650/1650 1651/1651/1651 1668/1668/1668 1669/1669/1669
f 1654/1654/1654 1665/1665/1665 1666/1666/1666 1653/1653/1653
f 1655/1655/1655 1656/1656/1656 1663/1663/1663 1664/1664/1664
f 1657/1657/1657 1658/1658/1658 1661/1661/1661 1662/1662/1662
f 1659/1659/1659 1660/1660/1660 1661/1661/1661 1658/1658/1658
f 1656/1656/1656 1657/1657/1657 1662/1662/1662 1663/1663/1663
f 1664/1664/1664 1665/1665/1665 1654/1654/1654 1655/1655/1655
usemtl diffuse_255_0_0_255
vt 0.0098039219155907631 1
vt 0.0098039219155907631 0
vt 0.24048443138599396 0
vt 0.47116494178771973 0
vt 0.70184546709060669 0
vt 0.93252593278884888 0
vt 0.99019604921340942 0
vt 0.99019604921340942 1
vt 0.93252593278884888 1
vt 0.70184546709060669 1
vt 0.47116494178771973 1
vt 0.24048443138599396 1
vn 0 -1 0
vn 0 -1 0
vn 0 -1 0
vn 0 -1 0
vn 0 -1 0
vn 0 -1 0
vn 0 -1 0
vn 0 -1 0
vn 0 -1 0
vn 0 -1 0
vn 0 -1 0
vn 0 -1 0
f 1672/1672/1672 1681/1681/1681 1670/1670/1670 1671/1671/1671
f 1673/1673/1673 1680/1680/1680 1681/1681/1681 1672/1672/1672
f 1680/1680/1680 1673/1673/1673 1674/1674/1674 1679/1679/1679
f 1675/1675/1675 1678/1678/1678 1679/1679/1679 1674/1674/1674
f 1676/1676/1676 1677/1677/1677 1678/1678/1678 1675/1675/1675
usemtl diffuse_255_0_0_255
vt 0.0098039219155907631 1
vt 0.0098039219155907631 0
vt 0.5 0
vt 0.99019604921340942 0
vt 0.99019604921340942 1
vt 0.5 1
vn 0 -1 0
vn 0 -1 0
vn 0 -1 0
vn 0 -1 0
vn 0 -1 0
vn 0 -1 0
f 1682/1682/1682 1683/1683/1683 1684/1684/1684 1687/1687/1687
f 1685/1685/1685 1686/1686/1686 1687/1687/1687 1684/1684/1684
usemtl diffuse_255_0_0_255
vt 0.0098039219155907631 1
vt 0.0098039219155907631 0
vt 0.5 0
vt 0.99019604921340942 0
vt 0.99019604921340942 1
vt 0.5 1
vn 0 -1 0
vn 0 -1 0
vn 0 -1 0
vn 0 -1 0
vn 0 -1 0
vn 0 -1 0
f 1688/1688/1688 1689/1689/1689 1690/1690/1690 1693/1693/1693
f 1691/1691/1691 1692/1692/1692 1693/1693/1693 1690/1690/1690
usemtl diffuse_255_0_0_255
vt 0.0098039219155907631 1
vt 0.0098039219155907631 0
vt 0.11571048200130463 0
vt 0.22161704301834106 0
vt 0.32752358913421631 0
vt 0.43343016505241394 0
vt 0.53933674097061157 0
vt 0.64524328708648682 0
vt 0.75114983320236206 0
vt 0.8570563793182373 0
vt 0.96296298503875732 0
vt 0.99019604921340942 0
vt 0.99019604921340942 1
vt 0.96296298503875732 1
vt 0.8570563793182373 1
vt 0.75114983320236206 1
vt 0.64524328708648682 1
vt 0.53933674097061157 1
vt 0.43343016505241394 1
vt 0.32752358913421631 1
vt 0.22161704301834106 1
vt 0.11571048200130463 1
vn 0 -1 0
vn 0 -1 0
vn 0 -1 0
vn 0 -1 0
vn 0 -1 0
vn 0 -1 0
vn 0 -1 0
vn 0 -1 0
vn 0 -1 0
vn 0 -1 0
vn 0 -1 0
vn 0 -1 0
vn 0 -1 0
vn 0 -1 0
vn 0 -1 0
vn 0 -1 0
vn 0 -1 0
vn 0 -1 0
vn 0 -1 0
vn 0 -1 0
vn 0 -1 0
vn 0 -1 0
f 1695/1695/1695 1696/1696/1696 1715/1715/1715 1694/1694/1694
f 1697/1697/1697 1698/1698/1698 1713/1713/1713 1714/1714/1714
f 1698/1698/1698 1699/1699/1699 1712/1712/1712 1713/1713/1713
f 1696/1696/1696 1697/1697/1697 1714/1714/1714 1715/1715/1715
f 1711/1711/1711 1712/1712/1712 1699/1699/1699 1700/1700/1700
f 1700/1700/1700 1701/1701/1701 1710/1710/1710 1711/1711/1711
f 1702/1702/1702 1703/1703/1703 1708/1708/1708 1709/1709/1709
f 1704/1704/1704 1707/1707/1707 1708/1708/1708 1703/1703/1703
f 1701/1701/1701 1702/1702/1702 1709/1709/1709 1710/1710/1710
f 1705/1705/1705 1706/1706/1706 1707/1707/1707 1704/1704/1704
usemtl diffuse_255_0_0_255
vt 0.0098039219155907631 1
vt 0.0098039219155907631 0
vt 0.11571048200130463 0
vt 0.22161704301834106 0
vt 0.32752358913421631 0
vt 0.43343016505241394 0
vt 0.53933674097061157 0
vt 0.64524328708648682 0
vt 0.75114983320236206 0
vt 0.8570563793182373 0
vt 0.96296298503875732 0
vt 0.99019604921340942 0
vt 0.99019604921340942 1
vt 0.96296298503875732 1
vt 0.8570563793182373 1
vt 0.75114983320236206 1
vt 0.64524328708648682 1
vt 0.53933674097061157 1
vt 0.43343016505241394 1
vt 0.32752358913421631 1
vt 0.22161704301834106 1
vt 0.11571048200130463 1
vn 0 -1 0
vn 0 -1 0
vn 0 -1 0
vn 0 -1 0
vn 0 -1 0
vn 0 -1 0
vn 0 -1 0
vn 0 -1 0
vn 0 -1 0
vn 0 -1 0
vn 0 -1 0
vn 0 -1 0
vn 0 -1 0
vn 0 -1 0
vn 0 -1 0
vn 0 -1 0
vn 0 -1 0
vn 0 -1 0
vn 0 -1 0
vn 0 -1 0
vn 0 -1 0
vn 0 -1 0
f 1717/1717/1717 1718/1718/1718 1737/1737/1737 1716/1716/1716
f 1719/1719/1719 1720/1720/1720 1735/1735/1735 1736/1736/1736
f 1720/1720/1720 1721/1721/1721 1734/1734/1734 1735/1735/1735
f 1718/1718/1718 1719/1719/1719 1736/1736/1736 1737/1737/1737
f 1722/1722/1722 1733/1733/1733 1734/1734/1734 1721/1721/1721
f 1723/1723/1723 1724/1724/1724 1731/1731/1731 1732/1732/1732
f 1725/1725/1725 1726/1726/1726 1729/1729/1729 1730/1730/1730
f 1727/1727/1727 1728/1728/1728 1729/1729/1729 1726/1726/1726
f 1724/1724/1724 1725/1725/1725 1730/1730/1730 1731/1731/1731
f 1732/1732/1732 1733/1733/1733 1722/1722/1722 1723/1723/1723
usemtl diffuse_255_0_0_255
vt 0.0098039219155907631 1
vt 0.0098039219155907631 0
vt 0.5 0
vt 0.99019604921340942 0
vt 0.99019604921340942 1
vt 0.5 1
vn 0 -1 0
vn 0 -1 0
vn 0 -1 0
vn 0 -1 0
vn 0 -1 0
vn 0 -1 0
f 1738/1738/1738 1739/1739/1739 1740/1740/1740 1743/1743/1743
f 1741/1741/1741 1742/1742/1742 1743/1743/1743 1740/1740/1740
usemtl diffuse_255_0_0_255
vt 0.0098039219155907631 1
vt 0.0098039219155907631 0
vt 0.5 0
vt 0.99019604921340942 0
vt 0.99019604921340942 1
vt 0.5 1
vn 0 -1 0
vn 0 -1 0
vn 0 -1 0
vn 0 -1 0
vn 0 -1 0
vn 0 -1 0
f 1744/1744/1744 1745/1745/1745 1746/1746/1746 1749/1749/1749
f 1747/1747/1747 1748/1748/1748 1749/1749/1749 1746/1746/1746
usemtl diffuse_255_0_0_255
vt 0.0098039219155907631 1
vt 0.0098039219155907631 0
vt 0.5 0
vt 0.99019604921340942 0
vt 0.99019604921340942 1
vt 0.5 1
vn 0 -1 0
vn 0 -1 0
vn 0 -1 0
vn 0 -1 0
vn 0 -1 0
vn 0 -1 0
f 1750/1750/1750 1751/1751/1751 1752/1752/1752 1755/1755/1755
f 1753/1753/1753 1754/1754/1754 1755/1755/1755 1752/1752/1752
usemtl diffuse_255_0_0_255
vt 0.0098039219155907631 1
vt 0.0098039219155907631 0
vt 0.5 0
vt 0.99019604921340942 0
vt 0.99019604921340942 1
vt 0.5 1
vn 0 -1 0
vn 0 -1 0
vn 0 -1 0
vn 0 -1 0
vn 0 -1 0
vn 0 -1 0
f 1756/1756/1756 1757/1757/1757 1758/1758/1758 1761/1761/1761
f 1759/1759/1759 1760/1760/1760 1761/1761/1761 1758/1758/1758
usemtl diffuse_255_0_0_255
vt 0.0098039219155907631 1
vt 0.0098039219155907631 0
vt 0.11571048200130463 0
vt 0.22161704301834106 0
vt 0.32752358913421631 0
vt 0.43343016505241394 0
vt 0.53933674097061157 0
vt 0.64524328708648682 0
vt 0.75114983320236206 0
vt 0.8570563793182373 0
vt 0.96296298503875732 0
vt 0.99019604921340942 0
vt 0.99019604921340942 1
vt 0.96296298503875732 1
vt 0.8570563793182373 1
vt 0.75114983320236206 1
vt 0.64524328708648682 1
vt 0.53933674097061157 1
vt 0.43343016505241394 1
vt 0.32752358913421631 1
vt 0.22161704301834106 1
vt 0.11571048200130463 1
vn 0 -1 0
vn 0 -1 0
vn 0 -1 0
vn 0 -1 0
vn 0 -1 0
vn 0 -1 0
vn 0 -1 0
vn 0 -1 0
vn 0 -1 0
vn 0 -1 0
vn 0 -1 0
vn 0 -1 0
vn 0 -1 0
vn 0 -1 0
vn 0 -1 0
vn 0 -1 0
vn 0 -1 0
vn 0 -1 0
vn 0 -1 0
vn 0 -1 0
vn 0 -1 0
vn 0 -1 0
f 1763/1763/1763 1764/1764/1764 1783/1783/1783 1762/1762/1762
f 1765/1765/1765 1766/1766/1766 1781/1781/1781 1782/1782/1782
f 1766/1766/1766 1767/1767/1767 1780/1780/1780 1781/1781/1781
f 1764/1764/1764 1765/1765/1765 1782/1782/1782 1783/1783/1783
f 1779/1779/1779 1780/1780/1780 1767/1767/1767 1768/1768/1768
f 1768/1768/1768 1769/1769/1769 1778/1778/1778 1779/1779/1779
f 1770/1770/1770 1771/1771/1771 1776/1776/1776 1777/1777/1777
f 1772/1772/1772 1775/1775/1775 1776/1776/1776 1771/1771/1771
f 1769/1769/1769 1770/1770/1770 1777/1777/1777 1778/1778/1778
f 1773/1773/1773 1774/1774/1774 1775/1775/1775 1772/1772/1772
usemtl diffuse_255_0_0_255
vt 0.0098039219155907631 1
vt 0.0098039219155907631 0
vt 0.11571048200130463 0
vt 0.22161704301834106 0
vt 0.32752358913421631 0
vt 0.43343016505241394 0
vt 0.53933674097061157 0
vt 0.64524328708648682 0
vt 0.75114983320236206 0
vt 0.8570563793182373 0
vt 0.96296298503875732 0
vt 0.99019604921340942 0
vt 0.99019604921340942 1
vt 0.96296298503875732 1
vt 0.8570563793182373 1
vt 0.75114983320236206 1
vt 0.64524328708648682 1
vt 0.53933674097061157 1
vt 0.43343016505241394 1
vt 0.32752358913421631 1
vt 0.22161704301834106 1
vt 0.11571048200130463 1
vn 0 -1 0
vn 0 -1 0
vn 0 -1 0
vn 0 -1 0
vn 0 -1 0
vn 0 -1 0
vn 0 -1 0
vn 0 -1 0
vn 0 -1 0
vn 0 -1 0
vn 0 -1 0
vn 0 -1 0
vn 0 -1 0
vn 0 -1 0
vn 0 -1 0
vn 0 -1 0
vn 0 -1 0
vn 0 -1 0
vn 0 -1 0
vn 0 -1 0
vn 0 -1 0
vn 0 -1 0
f 1785/1785/1785 1786/1786/1786 1805/1805/1805 1784/1784/1784
f 1787/1787/1787 1788/1788/1788 1803/1803/1803 1804/1804/1804
f 1788/1788/1788 1789/1789/1789 1802/1802/1802 1803/1803/1803
f 1786/1786/1786 1787/1787/1787 1804/1804/1804 1805/1805/1805
f 1790/1790/1790 1801/1801/1801 1802/1802/1802 1789/1789/1789
f 1791/1791/1791 1792/1792/1792 1799/1799/1799 1800/1800/1800
f 1793/1793/1793 1794/1794/1794 1797/1797/1797 1798/1798/1798
f 1795/1795/1795 1796/1796/1796 1797/1797/1797 1794/1794/1794
f 1792/1792/1792 1793/1793/1793 1798/1798/1798 1799/1799/1799
f 1800/1800/1800 1801/1801/1801 1790/1790/1790 1791/1791/1791
usemtl diffuse_255_0_0_255
vt 0.0098039219155907631 1
vt 0.0098039219155907631 0
vt 0.5 0
vt 0.99019604921340942 0
vt 0.99019604921340942 1
vt 0.5 1
vn 0 -1 0
vn 0 -1 0
vn 0 -1 0
vn 0 -1 0
vn 0 -1 0
vn 0 -1 0
f 1806/1806/1806 1807/1807/1807 1808/1808/1808 1811/1811/1811
f 1809/1809/1809 1810/1810/1810 1811/1811/1811 1808/1808/1808
usemtl diffuse_255_0_0_255
vt 0.0098039219155907631 1
vt 0.0098039219155907631 0
vt 0.5 0
vt 0.99019604921340942 0
vt 0.99019604921340942 1
vt 0.5 1
vn 0 -1 0
vn 0 -1 0
vn 0 -1 0
vn 0 -1 0
vn 0 -1 0
vn 0 -1 0
f 1812/1812/1812 1813/1813/1813 1814/1814/1814 1817/1817/1817
f 1815/1815/1815 1816/1816/1816 1817/1817/1817 1814/1814/1814
usemtl diffuse_255_0_0_255
vt 0.0098039219155907631 1
vt 0.0098039219155907631 0
vt 0.5 0
vt 0.99019604921340942 0
vt 0.99019604921340942 1
vt 0.5 1
vn 0 -1 0
vn 0 -1 0
vn 0 -1 0
vn 0 -1 0
vn 0 -1 0
vn 0 -1 0
f 1818/1818/1818 1819/1819/1819 1820/1820/1820 1823/1823/1823
f 1821/1821/1821 1822/1822/1822 1823/1823/1823 1820/1820/1820
usemtl diffuse_255_0_0_255
vt 0.0098039219155907631 1
vt 0.0098039219155907631 0
vt 0.5 0
vt 0.99019604921340942 0
vt 0.99019604921340942 1
vt 0.5 1
vn 0 -1 0
vn 0 -1 0
vn 0 -1 0
vn 0 -1 0
vn 0 -1 0
vn 0 -1 0
f 1824/1824/1824 1825/1825/1825 1826/1826/1826 1829/1829/1829
f 1827/1827/1827 1828/1828/1828 1829/1829/1829 1826/1826/1826
usemtl diffuse_173_216_230_255
vt 0.0098039219155907631 0.99019604921340942
vt 0.0098039219155907631 0.0098039219155907631
vt 0.5 0.5
vt 0.45543670654296875 0.0098039219155907631
vt 0.9010695219039917 0.0098039219155907631
vt 0.99019604921340942 0.0098039219155907631
vt 0.75 0.5
vt 0.5 0.25
vt 0.75 0.25
vt 0.99019604921340942 0.99019604921340942
vt 0.5 0.99019604921340942
vn 0 -1 0
vn 0 -1 0
vn 0 -1 0
vn 0 -1 0
vn 0 -1 0
vn 0 -1 0
vn 0 -1 0
vn 0 -1 0
vn 0 -1 0
vn 0 -1 0
vn 0 -1 0
f 1836/1836/1836 1832/1832/1832 1837/1837/1837 1838/1838/1838
f 1837/1837/1837 1831/1831/1831 1833/1833/1833
f 1830/1830/1830 1831/1831/1831 1832/1832/1832
f 1837/1837/1837 1832/1832/1832 1831/1831/1831
f 1840/1840/1840 1830/1830/1830 1832/1832/1832
f 1837/1837/1837 1833/1833/1833 1838/1838/1838
f 1835/1835/1835 1838/1838/1838 1834/1834/1834
f 1833/1833/1833 1834/1834/1834 1838/1838/1838
f 1836/1836/1836 1838/1838/1838 1835/1835/1835
f 1839/1839/1839 1840/1840/1840 1832/1832/1832 1836/1836/1836
f 1835/1835/1835 1839/1839/1839 1836/1836/1836
usemtl diffuse_255_0_0_255
vt 0.0098039219155907631 0.0098039219155907631
vt 0.5 0.0098039219155907631
vt 0.99019604921340942 0.0098039219155907631
vt 0.99019604921340942 0.5
vt 0.99019604921340942 0.99019604921340942
vt 0.5 0.99019604921340942
vt 0.0098039219155907631 0.99019604921340942
vt 0.0098039219155907631 0.5
vn 1 0 0
vn 1 0 0
vn 1 0 0
vn 1 0 0
vn 1 0 0
vn 1 0 0
vn 1 0 0
vn 1 0 0
f 1848/1848/1848 1841/1841/1841 1842/1842/1842
f 1848/1848/1848 1846/1846/1846 1847/1847/1847
f 1844/1844/1844 1848/1848/1848 1842/1842/1842
f 1848/1848/1848 1844/1844/1844 1846/1846/1846
f 1844/1844/1844 1845/1845/1845 1846/1846/1846
f 1843/1843/1843 1844/1844/1844 1842/1842/1842
usemtl diffuse_255_0_0_255
vt 0.0098039219155907631 0.99019604921340942
vt 0.0098039219155907631 0.5
vt 0.0098039219155907631 0.0098039219155907631
vt 0.5 0.0098039219155907631
vt 0.99019604921340942 0.0098039219155907631
vt 0.99019604921340942 0.5
vt 0.99019604921340942 0.99019604921340942
vt 0.5 0.99019604921340942
vn -1 0 0
vn -1 0 0
vn -1 0 0
vn -1 0 0
vn -1 0 0
vn -1 0 0
vn -1 0 0
vn -1 0 0
f 1850/1850/1850 1851/1851/1851 1852/1852/1852
f 1850/1850/1850 1856/1856/1856 1849/1849/1849
f 1854/1854/1854 1850/1850/1850 1852/1852/1852
f 1850/1850/1850 1854/1854/1854 1856/1856/1856
f 1854/1854/1854 1855/1855/1855 1856/1856/1856
f 1853/1853/1853 1854/1854/1854 1852/1852/1852
usemtl diffuse_255_0_0_255
vt 0.0098039219155907631 0.25490197539329529
vt 0.0098039219155907631 0.0098039219155907631
vt 0.0625 0.25
vt 0.0625 0.375
vt 0.03125 0.25
vt 0.03125 0.375
vt 0.0625 0.125
vt 0.03125 0.125
vt 0.093522801995277405 0.0098039219155907631
vt 0.17724168300628662 0.0098039219155907631
vt 0.26096054911613464 0.0098039219155907631
vt 0.34467944502830505 0.0098039219155907631
vt 0.42839831113815308 0.0098039219155907631
vt 0.43941396474838257 0.0098039219155907631
vt 0.375 0.25
vt 0.40625 0.25
vt 0.375 0.125
vt 0.40625 0.125
vt 0.43941396474838257 0.5
vt 0.5 0.5
vt 0.56058603525161743 0.5
vt 0.56058603525161743 0.25490197539329529
vt 0.56058603525161743 0.0098039219155907631
vt 0.64650803804397583 0.0098039219155907631
vt 0.73243004083633423 0.0098039219155907631
vt 0.81835204362869263 0.0098039219155907631
vt 0.90427404642105103 0.0098039219155907631
vt 0.99019604921340942 0.0098039219155907631
vt 0.9375 0.25
vt 0.99019604921340942 0.5
vt 0.9375 0.375
vt 0.96875 0.25
vt 0.96875 0.375
vt 0.97918045520782471 0.5
vt 0.90207093954086304 0.5
vt 0.82496142387390137 0.5
vt 0.74785196781158447 0.5
vt 0.6707424521446228 0.5
vt 0.59363293647766113 0.5
vt 0.59363293647766113 0.99019604921340942
vt 0.58261734247207642 0.99019604921340942
vt 0.49449217319488525 0.99019604921340942
vt 0.40636703372001648 0.99019604921340942
vt 0.40636703372001648 0.7450980544090271
vt 0.40636703372001648 0.5
vt 0.39535140991210938 0.5
vt 0.31824189424514771 0.5
vt 0.24113240838050842 0.5
vt 0.16402290761470795 0.5
vt 0.086913414299488068 0.5
vt 0.0098039219155907631 0.5
vn 0 -1 0
vn 0 -1 0
vn 0 -1 0
vn 0 -1 0
vn 0 -1 0
vn 0 -1 0
vn 0 -1 0
vn 0 -1 0
vn 0 -1 0
vn 0 -1 0
vn 0 -1 0
vn 0 -1 0
vn 0 -1 0
vn 0 -1 0
vn 0 -1 0
vn 0 -1 0
vn 0 -1 0
vn 0 -1 0
vn 0 -1 0
vn 0 -1 0
vn 0 -1 0
vn 0 -1 0
vn 0 -1 0
vn 0 -1 0
vn 0 -1 0
vn 0 -1 0
vn 0 -1 0
vn 0 -1 0
vn 0 -1 0
vn 0 -1 0
vn 0 -1 0
vn 0 -1 0
vn 0 -1 0
vn 0 -1 0
vn 0 -1 0
vn 0 -1 0
vn 0 -1 0
vn 0 -1 0
vn 0 -1 0
vn 0 -1 0
vn 0 -1 0
vn 0 -1 0
vn 0 -1 0
vn 0 -1 0
vn 0 -1 0
vn 0 -1 0
vn 0 -1 0
vn 0 -1 0
vn 0 -1 0
vn 0 -1 0
vn 0 -1 0
f 1860/1860/1860 1862/1862/1862 1861/1861/1861 1859/1859/1859
f 1859/1859/1859 1861/1861/1861 1864/1864/1864 1863/1863/1863
f 1872/1872/1872 1871/1871/1871 1873/1873/1873 1874/1874/1874
f 1889/1889/1889 1887/1887/1887 1885/1885/1885 1888/1888/1888
f 1863/1863/1863 1864/1864/1864 1858/1858/1858
f 1865/1865/1865 1863/1863/1863 1858/1858/1858
f 1857/1857/1857 1858/1858/1858 1864/1864/1864 1861/1861/1861
f 1865/1865/1865 1859/1859/1859 1863/1863/1863
f 1905/1905/1905 1859/1859/1859 1865/1865/1865
f 1866/1866/1866 1867/1867/1867 1904/1904/1904 1905/1905/1905
f 1867/1867/1867 1868/1868/1868 1903/1903/1903 1904/1904/1904
f 1873/1873/1873 1869/1869/1869 1874/1874/1874
f 1868/1868/1868 1873/1873/1873 1871/1871/1871
f 1869/1869/1869 1873/1873/1873 1868/1868/1868
f 1866/1866/1866 1905/1905/1905 1865/1865/1865
f 1903/1903/1903 1868/1868/1868 1871/1871/1871
f 1857/1857/1857 1861/1861/1861 1862/1862/1862
f 1906/1906/1906 1859/1859/1859 1905/1905/1905
f 1907/1907/1907 1862/1862/1862 1860/1860/1860
f 1907/1907/1907 1857/1857/1857 1862/1862/1862
f 1860/1860/1860 1906/1906/1906 1907/1907/1907
f 1859/1859/1859 1906/1906/1906 1860/1860/1860
f 1903/1903/1903 1871/1871/1871 1902/1902/1902
f 1872/1872/1872 1901/1901/1901 1902/1902/1902
f 1898/1898/1898 1899/1899/1899 1900/1900/1900
f 1900/1900/1900 1901/1901/1901 1875/1875/1875
f 1875/1875/1875 1901/1901/1901 1872/1872/1872
f 1902/1902/1902 1871/1871/1871 1872/1872/1872
f 1870/1870/1870 1872/1872/1872 1874/1874/1874
f 1880/1880/1880 1895/1895/1895 1878/1878/1878
f 1879/1879/1879 1880/1880/1880 1878/1878/1878
f 1880/1880/1880 1881/1881/1881 1893/1893/1893 1894/1894/1894
f 1882/1882/1882 1883/1883/1883 1891/1891/1891 1892/1892/1892
f 1883/1883/1883 1884/1884/1884 1888/1888/1888 1885/1885/1885
f 1885/1885/1885 1891/1891/1891 1883/1883/1883
f 1888/1888/1888 1886/1886/1886 1889/1889/1889
f 1890/1890/1890 1887/1887/1887 1889/1889/1889
f 1886/1886/1886 1888/1888/1888 1884/1884/1884
f 1881/1881/1881 1882/1882/1882 1892/1892/1892 1893/1893/1893
f 1891/1891/1891 1885/1885/1885 1887/1887/1887
f 1900/1900/1900 1876/1876/1876 1898/1898/1898
f 1875/1875/1875 1872/1872/1872 1870/1870/1870
f 1876/1876/1876 1877/1877/1877 1897/1897/1897 1898/1898/1898
f 1895/1895/1895 1897/1897/1897 1877/1877/1877
f 1896/1896/1896 1897/1897/1897 1895/1895/1895
f 1895/1895/1895 1877/1877/1877 1878/1878/1878
f 1875/1875/1875 1876/1876/1876 1900/1900/1900
f 1889/1889/1889 1886/1886/1886 1890/1890/1890
f 1890/1890/1890 1891/1891/1891 1887/1887/1887
f 1894/1894/1894 1895/1895/1895 1880/1880/1880
f 1869/1869/1869 1870/1870/1870 1874/1874/1874
usemtl diffuse_128_128_128_255
vt 0.0098039219155907631 0.7450980544090271
vt 0.0098039219155907631 0.0098039219155907631
vt 0.125 0.5
vt 0.1712573915719986 0.0098039219155907631
vt 0.332710862159729 0.0098039219155907631
vt 0.49416431784629822 0.0098039219155907631
vt 0.65561777353286743 0.0098039219155907631
vt 0.81707125902175903 0.0098039219155907631
vt 0.97852474451065063 0.0098039219155907631
vt 0.99019604921340942 0.0098039219155907631
vt 0.75 0.5
vt 0.875 0.5
vt 0.9375 0.5
vt 0.875 0.25
vt 0.9375 0.25
vt 0.96875 0.25
vt 0.9375 0.125
vt 0.96875 0.125
vt 0.99019604921340942 0.99019604921340942
vt 0.8501400351524353 0.99019604921340942
vt 0.71008402109146118 0.99019604921340942
vt 0.57002800703048706 0.99019604921340942
vt 0.55835670232772827 0.99019604921340942
vt 0.5 0.5
vt 0.625 0.5
vt 0.625 0.75
vt 0.5 0.75
vt 0.5625 0.5
vt 0.5625 0.75
vt 0.375 0.5
vt 0.625 0.875
vt 0.5625 0.875
vt 0.59375 0.75
vt 0.59375 0.875
vt 0.75 0.75
vt 0.6875 0.5
vt 0.6875 0.75
vt 0.5 0.875
vt 0.53125 0.75
vt 0.53125 0.875
vt 0.375 0.75
vt 0.4375 0.5
vt 0.4375 0.75
vt 0.44164332747459412 0.99019604921340942
vt 0.29769685864448547 0.99019604921340942
vt 0.15375038981437683 0.99019604921340942
vt 0.0098039219155907631 0.99019604921340942
vt 0.125 0.75
vt 0.0625 0.5
vt 0.0625 0.75
vt 0.0625 0.875
vt 0.03125 0.75
vt 0.03125 0.875
vt 0.0625 0.625
vt 0.03125 0.5
vt 0.03125 0.625
vt 0.125 0.25
vt 0.0625 0.25
vn 0 -1 0
vn 0 -1 0
vn 0 -1 0
vn 0 -1 0
vn 0 -1 0
vn 0 -1 0
vn 0 -1 0
vn 0 -1 0
vn 0 -1 0
vn 0 -1 0
vn 0 -1 0
vn 0 -1 0
vn 0 -1 0
vn 0 -1 0
vn 0 -1 0
vn 0 -1 0
vn 0 -1 0
vn 0 -1 0
vn 0 -1 0
vn 0 -1 0
vn 0 -1 0
vn 0 -1 0
vn 0 -1 0
vn 0 -1 0
vn 0 -1 0
vn 0 -1 0
vn 0 -1 0
vn 0 -1 0
vn 0 -1 0
vn 0 -1 0
vn 0 -1 0
vn 0 -1 0
vn 0 -1 0
vn 0 -1 0
vn 0 -1 0
vn 0 -1 0
vn 0 -1 0
vn 0 -1 0
vn 0 -1 0
vn 0 -1 0
vn 0 -1 0
vn 0 -1 0
vn 0 -1 0
vn 0 -1 0
vn 0 -1 0
vn 0 -1 0
vn 0 -1 0
vn 0 -1 0
vn 0 -1 0
vn 0 -1 0
vn 0 -1 0
vn 0 -1 0
vn 0 -1 0
vn 0 -1 0
vn 0 -1 0
vn 0 -1 0
vn 0 -1 0
vn 0 -1 0
f 1958/1958/1958 1960/1960/1960 1959/1959/1959 1957/1957/1957
f 1957/1957/1957 1959/1959/1959 1963/1963/1963 1961/1961/1961
f 1961/1961/1961 1963/1963/1963 1962/1962/1962 1956/1956/1956
f 1961/1961/1961 1956/1956/1956 1910/1910/1910
f 1955/1955/1955 1957/1957/1957 1961/1961/1961
f 1910/1910/1910 1955/1955/1955 1961/1961/1961
f 1910/1910/1910 1956/1956/1956 1965/1965/1965 1964/1964/1964
f 1950/1950/1950 1948/1948/1948 1937/1937/1937 1949/1949/1949
f 1934/1934/1934 1950/1950/1950 1949/1949/1949 1931/1931/1931
f 1944/1944/1944 1933/1933/1933 1932/1932/1932 1943/1943/1943
f 1942/1942/1942 1944/1944/1944 1943/1943/1943 1918/1918/1918
f 1941/1941/1941 1939/1939/1939 1936/1936/1936 1940/1940/1940
f 1938/1938/1938 1941/1941/1941 1940/1940/1940 1933/1933/1933
f 1947/1947/1947 1945/1945/1945 1934/1934/1934 1946/1946/1946
f 1939/1939/1939 1947/1947/1947 1946/1946/1946 1936/1936/1936
f 1946/1946/1946 1934/1934/1934 1931/1931/1931
f 1935/1935/1935 1936/1936/1936 1946/1946/1946
f 1931/1931/1931 1935/1935/1935 1946/1946/1946
f 1940/1940/1940 1936/1936/1936 1935/1935/1935
f 1932/1932/1932 1933/1933/1933 1940/1940/1940
f 1935/1935/1935 1932/1932/1932 1940/1940/1940
f 1920/1920/1920 1919/1919/1919 1921/1921/1921 1922/1922/1922
f 1923/1923/1923 1922/1922/1922 1924/1924/1924 1925/1925/1925
f 1964/1964/1964 1965/1965/1965 1911/1911/1911
f 1909/1909/1909 1911/1911/1911 1965/1965/1965
f 1962/1962/1962 1909/1909/1909 1965/1965/1965
f 1965/1965/1965 1956/1956/1956 1962/1962/1962
f 1908/1908/1908 1909/1909/1909 1962/1962/1962
f 1963/1963/1963 1908/1908/1908 1962/1962/1962
f 1911/1911/1911 1912/1912/1912 1937/1937/1937 1910/1910/1910
f 1912/1912/1912 1913/1913/1913 1949/1949/1949 1937/1937/1937
f 1913/1913/1913 1931/1931/1931 1949/1949/1949
f 1937/1937/1937 1952/1952/1952 1910/1910/1910
f 1931/1931/1931 1913/1913/1913 1935/1935/1935
f 1964/1964/1964 1911/1911/1911 1910/1910/1910
f 1908/1908/1908 1963/1963/1963 1959/1959/1959
f 1960/1960/1960 1908/1908/1908 1959/1959/1959
f 1958/1958/1958 1954/1954/1954 1960/1960/1960
f 1908/1908/1908 1960/1960/1960 1954/1954/1954
f 1953/1953/1953 1954/1954/1954 1958/1958/1958
f 1958/1958/1958 1957/1957/1957 1955/1955/1955
f 1955/1955/1955 1953/1953/1953 1958/1958/1958
f 1951/1951/1951 1948/1948/1948 1950/1950/1950
f 1952/1952/1952 1937/1937/1937 1948/1948/1948
f 1945/1945/1945 1950/1950/1950 1934/1934/1934
f 1953/1953/1953 1955/1955/1955 1952/1952/1952
f 1930/1930/1930 1951/1951/1951 1945/1945/1945 1947/1947/1947
f 1948/1948/1948 1951/1951/1951 1952/1952/1952
f 1950/1950/1950 1945/1945/1945 1951/1951/1951
f 1952/1952/1952 1955/1955/1955 1910/1910/1910
f 1914/1914/1914 1932/1932/1932 1935/1935/1935
f 1913/1913/1913 1914/1914/1914 1935/1935/1935
f 1914/1914/1914 1915/1915/1915 1918/1918/1918 1943/1943/1943
f 1914/1914/1914 1943/1943/1943 1932/1932/1932
f 1918/1918/1918 1915/1915/1915 1921/1921/1921
f 1916/1916/1916 1925/1925/1925 1924/1924/1924
f 1915/1915/1915 1924/1924/1924 1921/1921/1921
f 1917/1917/1917 1925/1925/1925 1916/1916/1916
f 1919/1919/1919 1918/1918/1918 1921/1921/1921
f 1922/1922/1922 1921/1921/1921 1924/1924/1924
f 1917/1917/1917 1923/1923/1923 1925/1925/1925
f 1923/1923/1923 1917/1917/1917 1926/1926/1926
f 1916/1916/1916 1924/1924/1924 1915/1915/1915
f 1923/1923/1923 1920/1920/1920 1922/1922/1922
f 1930/1930/1930 1947/1947/1947 1939/1939/1939
f 1929/1929/1929 1930/1930/1930 1939/1939/1939
f 1929/1929/1929 1941/1941/1941 1938/1938/1938
f 1929/1929/1929 1939/1939/1939 1941/1941/1941
f 1928/1928/1928 1929/1929/1929 1938/1938/1938
f 1938/1938/1938 1933/1933/1933 1944/1944/1944
f 1920/1920/1920 1927/1927/1927 1919/1919/1919
f 1927/1927/1927 1928/1928/1928 1942/1942/1942
f 1944/1944/1944 1942/1942/1942 1928/1928/1928
f 1919/1919/1919 1927/1927/1927 1942/1942/1942
f 1927/1927/1927 1920/1920/1920 1926/1926/1926
f 1926/1926/1926 1920/1920/1920 1923/1923/1923
f 1938/1938/1938 1944/1944/1944 1928/1928/1928
f 1918/1918/1918 1919/1919/1919 1942/1942/1942
usemtl diffuse_128_128_128_255
vt 0.0098039219155907631 0.7450980544090271
vt 0.0098039219155907631 0.0098039219155907631
vt 0.125 0.5
vt 0.1712573915719986 0.0098039219155907631
vt 0.332710862159729 0.0098039219155907631
vt 0.49416431784629822 0.0098039219155907631
vt 0.65561777353286743 0.0098039219155907631
vt 0.81707125902175903 0.0098039219155907631
vt 0.97852474451065063 0.0098039219155907631
vt 0.99019604921340942 0.0098039219155907631
vt 0.875 0.5
vt 0.9375 0.5
vt 0.875 0.25
vt 0.9375 0.25
vt 0.96875 0.25
vt 0.9375 0.125
vt 0.96875 0.125
vt 0.99019604921340942 0.99019604921340942
vt 0.82679736614227295 0.99019604921340942
vt 0.66339868307113647 0.99019604921340942
vt 0.5 0.99019604921340942
vt 0.33660131692886353 0.99019604921340942
vt 0.17320261895656586 0.99019604921340942
vt 0.0098039219155907631 0.99019604921340942
vt 0.125 0.75
vt 0.0625 0.5
vt 0.0625 0.75
vt 0.0625 0.875
vt 0.03125 0.75
vt 0.03125 0.875
vt 0.0625 0.625
vt 0.03125 0.5
vt 0.03125 0.625
vt 0.125 0.25
vt 0.0625 0.25
vn 0 -1 0
vn 0 -1 0
vn 0 -1 0
vn 0 -1 0
vn 0 -1 0
vn 0 -1 0
vn 0 -1 0
vn 0 -1 0
vn 0 -1 0
vn 0 -1 0
vn 0 -1 0
vn 0 -1 0
vn 0 -1 0
vn 0 -1 0
vn 0 -1 0
vn 0 -1 0
vn 0 -1 0
vn 0 -1 0
vn 0 -1 0
vn 0 -1 0
vn 0 -1 0
vn 0 -1 0
vn 0 -1 0
vn 0 -1 0
vn 0 -1 0
vn 0 -1 0
vn 0 -1 0
vn 0 -1 0
vn 0 -1 0
vn 0 -1 0
vn 0 -1 0
vn 0 -1 0
vn 0 -1 0
vn 0 -1 0
vn 0 -1 0
f 1993/1993/1993 1995/1995/1995 1994/1994/1994 1992/1992/1992
f 1992/1992/1992 1994/1994/1994 1998/1998/1998 1996/1996/1996
f 1996/1996/1996 1998/1998/1998 1997/1997/1997 1991/1991/1991
f 1996/1996/1996 1991/1991/1991 1968/1968/1968
f 1990/1990/1990 1992/1992/1992 1996/1996/1996
f 1968/1968/1968 1990/1990/1990 1996/1996/1996
f 1968/1968/1968 1991/1991/1991 2000/2000/2000 1999/1999/1999
f 1977/1977/1977 1976/1976/1976 1978/1978/1978 1979/1979/1979
f 1980/1980/1980 1979/1979/1979 1981/1981/1981 1982/1982/1982
f 1997/1997/1997 1967/1967/1967 2000/2000/2000
f 1967/1967/1967 1969/1969/1969 1999/1999/1999 2000/2000/2000
f 2000/2000/2000 1991/1991/1991 1997/1997/1997
f 1966/1966/1966 1967/1967/1967 1997/1997/1997
f 1968/1968/1968 1969/1969/1969 1970/1970/1970
f 1969/1969/1969 1968/1968/1968 1999/1999/1999
f 1988/1988/1988 1968/1968/1968 1987/1987/1987
f 1994/1994/1994 1966/1966/1966 1998/1998/1998
f 1997/1997/1997 1998/1998/1998 1966/1966/1966
f 1994/1994/1994 1995/1995/1995 1966/1966/1966
f 1989/1989/1989 1966/1966/1966 1995/1995/1995
f 1993/1993/1993 1992/1992/1992 1990/1990/1990
f 1989/1989/1989 1993/1993/1993 1988/1988/1988
f 1990/1990/1990 1988/1988/1988 1993/1993/1993
f 1995/1995/1995 1993/1993/1993 1989/1989/1989
f 1988/1988/1988 1990/1990/1990 1968/1968/1968
f 1987/1987/1987 1968/1968/1968 1970/1970/1970
f 1971/1971/1971 1972/1972/1972 1985/1985/1985 1986/1986/1986
f 1976/1976/1976 1972/1972/1972 1973/1973/1973
f 1981/1981/1981 1978/1978/1978 1973/1973/1973
f 1973/1973/1973 1978/1978/1978 1976/1976/1976
f 1982/1982/1982 1974/1974/1974 1975/1975/1975
f 1979/1979/1979 1978/1978/1978 1981/1981/1981
f 1974/1974/1974 1982/1982/1982 1981/1981/1981
f 1982/1982/1982 1975/1975/1975 1980/1980/1980
f 1973/1973/1973 1974/1974/1974 1981/1981/1981
f 1986/1986/1986 1987/1987/1987 1970/1970/1970 1971/1971/1971
f 1976/1976/1976 1984/1984/1984 1985/1985/1985
f 1977/1977/1977 1979/1979/1979 1980/1980/1980
f 1983/1983/1983 1984/1984/1984 1976/1976/1976 1977/1977/1977
f 1980/1980/1980 1983/1983/1983 1977/1977/1977
f 1983/1983/1983 1980/1980/1980 1975/1975/1975
f 1976/1976/1976 1985/1985/1985 1972/1972/1972
usemtl diffuse_255_0_0_255
vt 0.0098039219155907631 1
vt 0.0098039219155907631 0
vt 0.23856209218502045 0
vt 0.46732026338577271 0
vt 0.69607841968536377 0
vt 0.92483657598495483 0
vt 0.99019604921340942 0
vt 0.99019604921340942 1
vt 0.92483657598495483 1
vt 0.69607841968536377 1
vt 0.46732026338577271 1
vt 0.23856209218502045 1
vn 0 -1 0
vn 0 -1 0
vn 0 -1 0
vn 0 -1 0
vn 0 -1 0
vn 0 -1 0
vn 0 -1 0
vn 0 -1 0
vn 0 -1 0
vn 0 -1 0
vn 0 -1 0
vn 0 -1 0
f 2003/2003/2003 2012/2012/2012 2001/2001/2001 2002/2002/2002
f 2004/2004/2004 2011/2011/2011 2012/2012/2012 2003/2003/2003
f 2011/2011/2011 2004/2004/2004 2005/2005/2005 2010/2010/2010
f 2006/2006/2006 2009/2009/2009 2010/2010/2010 2005/2005/2005
f 2007/2007/2007 2008/2008/2008 2009/2009/2009 2006/2006/2006
usemtl diffuse_128_128_128_255
vt 0.0098039219155907631 0.99019604921340942
vt 0.0098039219155907631 0.0098039219155907631
vt 0.25 0.5
vt 0.32726424932479858 0.0098039219155907631
vt 0.64472454786300659 0.0098039219155907631
vt 0.9621848464012146 0.0098039219155907631
vt 0.99019604921340942 0.0098039219155907631
vt 0.75 0.5
vt 0.875 0.5
vt 0.75 0.25
vt 0.875 0.25
vt 0.9375 0.25
vt 0.875 0.125
vt 0.9375 0.125
vt 0.99019604921340942 0.99019604921340942
vt 0.67273575067520142 0.99019604921340942
vt 0.35527545213699341 0.99019604921340942
vt 0.037815127521753311 0.99019604921340942
vt 0.25 0.75
vt 0.125 0.5
vt 0.125 0.75
vt 0.125 0.875
vt 0.0625 0.75
vt 0.0625 0.875
vn 0 -1 0
vn 0 -1 0
vn 0 -1 0
vn 0 -1 0
vn 0 -1 0
vn 0 -1 0
vn 0 -1 0
vn 0 -1 0
vn 0 -1 0
vn 0 -1 0
vn 0 -1 0
vn 0 -1 0
vn 0 -1 0
vn 0 -1 0
vn 0 -1 0
vn 0 -1 0
vn 0 -1 0
vn 0 -1 0
vn 0 -1 0
vn 0 -1 0
vn 0 -1 0
vn 0 -1 0
vn 0 -1 0
vn 0 -1 0
f 2034/2034/2034 2036/2036/2036 2035/2035/2035 2033/2033/2033
f 2031/2031/2031 2033/2033/2033 2032/2032/2032 2015/2015/2015
f 2021/2021/2021 2020/2020/2020 2022/2022/2022 2023/2023/2023
f 2024/2024/2024 2023/2023/2023 2025/2025/2025 2026/2026/2026
f 2035/2035/2035 2014/2014/2014 2032/2032/2032
f 2014/2014/2014 2016/2016/2016 2015/2015/2015 2032/2032/2032
f 2033/2033/2033 2035/2035/2035 2032/2032/2032
f 2013/2013/2013 2014/2014/2014 2035/2035/2035
f 2015/2015/2015 2020/2020/2020 2028/2028/2028 2029/2029/2029
f 2030/2030/2030 2013/2013/2013 2036/2036/2036
f 2035/2035/2035 2036/2036/2036 2013/2013/2013
f 2034/2034/2034 2030/2030/2030 2036/2036/2036
f 2029/2029/2029 2034/2034/2034 2031/2031/2031
f 2015/2015/2015 2029/2029/2029 2031/2031/2031
f 2030/2030/2030 2034/2034/2034 2029/2029/2029
f 2034/2034/2034 2033/2033/2033 2031/2031/2031
f 2016/2016/2016 2017/2017/2017 2020/2020/2020 2015/2015/2015
f 2022/2022/2022 2017/2017/2017 2025/2025/2025
f 2018/2018/2018 2025/2025/2025 2017/2017/2017
f 2025/2025/2025 2023/2023/2023 2022/2022/2022
f 2020/2020/2020 2017/2017/2017 2022/2022/2022
f 2019/2019/2019 2026/2026/2026 2018/2018/2018
f 2025/2025/2025 2018/2018/2018 2026/2026/2026
f 2024/2024/2024 2026/2026/2026 2019/2019/2019
f 2020/2020/2020 2021/2021/2021 2028/2028/2028
f 2027/2027/2027 2021/2021/2021 2024/2024/2024
f 2023/2023/2023 2024/2024/2024 2021/2021/2021
f 2019/2019/2019 2027/2027/2027 2024/2024/2024
f 2028/2028/2028 2021/2021/2021 2027/2027/2027
usemtl diffuse_128_128_128_255
vt 0.0098039219155907631 0.7450980544090271
vt 0.0098039219155907631 0.0098039219155907631
vt 0.25 0.5
vt 0.32752358913421631 0.0098039219155907631
vt 0.64524328708648682 0.0098039219155907631
vt 0.96296298503875732 0.0098039219155907631
vt 0.99019604921340942 0.0098039219155907631
vt 0.75 0.5
vt 0.875 0.5
vt 0.75 0.25
vt 0.875 0.25
vt 0.9375 0.25
vt 0.875 0.125
vt 0.9375 0.125
vt 0.99019604921340942 0.99019604921340942
vt 0.96296298503875732 0.99019604921340942
vt 0.75 0.75
vt 0.875 0.75
vt 0.875 0.875
vt 0.9375 0.75
vt 0.9375 0.875
vt 0.64524328708648682 0.99019604921340942
vt 0.32752358913421631 0.99019604921340942
vt 0.0098039219155907631 0.99019604921340942
vt 0.25 0.75
vt 0.125 0.5
vt 0.125 0.75
vt 0.125 0.875
vt 0.0625 0.75
vt 0.0625 0.875
vt 0.125 0.625
vt 0.0625 0.5
vt 0.0625 0.625
vt 0.25 0.25
vt 0.125 0.25
vn 0 -1 0
vn 0 -1 0
vn 0 -1 0
vn 0 -1 0
vn 0 -1 0
vn 0 -1 0
vn 0 -1 0
vn 0 -1 0
vn 0 -1 0
vn 0 -1 0
vn 0 -1 0
vn 0 -1 0
vn 0 -1 0
vn 0 -1 0
vn 0 -1 0
vn 0 -1 0
vn 0 -1 0
vn 0 -1 0
vn 0 -1 0
vn 0 -1 0
vn 0 -1 0
vn 0 -1 0
vn 0 -1 0
vn 0 -1 0
vn 0 -1 0
vn 0 -1 0
vn 0 -1 0
vn 0 -1 0
vn 0 -1 0
vn 0 -1 0
vn 0 -1 0
vn 0 -1 0
vn 0 -1 0
vn 0 -1 0
vn 0 -1 0
f 2064/2064/2064 2066/2066/2066 2065/2065/2065 2063/2063/2063
f 2063/2063/2063 2065/2065/2065 2069/2069/2069 2067/2067/2067
f 2067/2067/2067 2069/2069/2069 2068/2068/2068 2062/2062/2062
f 2067/2067/2067 2062/2062/2062 2039/2039/2039
f 2061/2061/2061 2063/2063/2063 2067/2067/2067
f 2039/2039/2039 2061/2061/2061 2067/2067/2067
f 2039/2039/2039 2062/2062/2062 2071/2071/2071 2070/2070/2070
f 2057/2057/2057 2055/2055/2055 2054/2054/2054 2056/2056/2056
f 2054/2054/2054 2053/2053/2053 2044/2044/2044 2045/2045/2045
f 2045/2045/2045 2044/2044/2044 2046/2046/2046 2047/2047/2047
f 2048/2048/2048 2047/2047/2047 2049/2049/2049 2050/2050/2050
f 2068/2068/2068 2038/2038/2038 2071/2071/2071
f 2038/2038/2038 2040/2040/2040 2070/2070/2070 2071/2071/2071
f 2071/2071/2071 2062/2062/2062 2068/2068/2068
f 2037/2037/2037 2038/2038/2038 2068/2068/2068
f 2040/2040/2040 2041/2041/2041 2044/2044/2044 2039/2039/2039
f 2040/2040/2040 2039/2039/2039 2070/2070/2070
f 2058/2058/2058 2059/2059/2059 2039/2039/2039 2044/2044/2044
f 2065/2065/2065 2037/2037/2037 2069/2069/2069
f 2068/2068/2068 2069/2069/2069 2037/2037/2037
f 2065/2065/2065 2066/2066/2066 2037/2037/2037
f 2060/2060/2060 2037/2037/2037 2066/2066/2066
f 2064/2064/2064 2063/2063/2063 2061/2061/2061
f 2060/2060/2060 2064/2064/2064 2059/2059/2059
f 2061/2061/2061 2059/2059/2059 2064/2064/2064
f 2066/2066/2066 2064/2064/2064 2060/2060/2060
f 2059/2059/2059 2061/2061/2061 2039/2039/2039
f 2047/2047/2047 2046/2046/2046 2049/2049/2049
f 2049/2049/2049 2046/2046/2046 2041/2041/2041
f 2050/2050/2050 2042/2042/2042 2043/2043/2043
f 2043/2043/2043 2048/2048/2048 2050/2050/2050
f 2043/2043/2043 2051/2051/2051 2056/2056/2056 2048/2048/2048
f 2049/2049/2049 2042/2042/2042 2050/2050/2050
f 2049/2049/2049 2041/2041/2041 2042/2042/2042
f 2048/2048/2048 2045/2045/2045 2047/2047/2047
f 2054/2054/2054 2055/2055/2055 2053/2053/2053
f 2058/2058/2058 2053/2053/2053 2055/2055/2055
f 2054/2054/2054 2045/2045/2045 2056/2056/2056
f 2044/2044/2044 2053/2053/2053 2058/2058/2058
f 2052/2052/2052 2057/2057/2057 2051/2051/2051
f 2056/2056/2056 2051/2051/2051 2057/2057/2057
f 2055/2055/2055 2057/2057/2057 2052/2052/2052
f 2058/2058/2058 2055/2055/2055 2052/2052/2052
f 2056/2056/2056 2045/2045/2045 2048/2048/2048
f 2046/2046/2046 2044/2044/2044 2041/2041/2041
usemtl diffuse_128_128_128_255
vt 0.0098039219155907631 0.99019604921340942
vt 0.0098039219155907631 0.5
vt 0.0098039219155907631 0.0098039219155907631
vt 0.5 0.0098039219155907631
vt 0.99019604921340942 0.0098039219155907631
vt 0.99019604921340942 0.5
vt 0.99019604921340942 0.99019604921340942
vn 0 -1 0
vn 0 -1 0
vn 0 -1 0
vn 0 -1 0
vn 0 -1 0
vn 0 -1 0
vn 0 -1 0
f 2075/2075/2075 2073/2073/2073 2074/2074/2074
f 2072/2072/2072 2073/2073/2073 2077/2077/2077 2078/2078/2078
f 2077/2077/2077 2075/2075/2075 2076/2076/2076
f 2075/2075/2075 2077/2077/2077 2073/2073/2073
usemtl diffuse_128_128_128_255
vt 0.0098039219155907631 0.99019604921340942
vt 0.0098039219155907631 0.5
vt 0.0098039219155907631 0.0098039219155907631
vt 0.66339868307113647 0.0098039219155907631
vt 0.99019604921340942 0.0098039219155907631
vt 0.99019604921340942 0.5
vt 0.99019604921340942 0.99019604921340942
vn 0 -1 0
vn 0 -1 0
vn 0 -1 0
vn 0 -1 0
vn 0 -1 0
vn 0 -1 0
vn 0 -1 0
f 2081/2081/2081 2082/2082/2082 2084/2084/2084 2080/2080/2080
f 2079/2079/2079 2080/2080/2080 2084/2084/2084 2085/2085/2085
f 2084/2084/2084 2082/2082/2082 2083/2083/2083
usemtl diffuse_173_216_230_255
vt 0.0098039219155907631 0.79411762952804565
vt 0.0098039219155907631 0.0098039219155907631
vt 0.085218705236911774 0.0098039219155907631
vt 0.085218705236911774 0.79411762952804565
vt 0.31146305799484253 0.79411762952804565
vt 0.68853694200515747 0.79411762952804565
vt 0.83936649560928345 0.79411762952804565
vt 0.83936649560928345 0.0098039219155907631
vt 0.99019604921340942 0.0098039219155907631
vt 0.99019604921340942 0.99019604921340942
vt 0.5 0.99019604921340942
vt 0.0098039219155907631 0.99019604921340942
vn 0 -1 0
vn 0 -1 0
vn 0 -1 0
vn 0 -1 0
vn 0 -1 0
vn 0 -1 0
vn 0 -1 0
vn 0 -1 0
vn 0 -1 0
vn 0 -1 0
vn 0 -1 0
vn 0 -1 0
f 2086/2086/2086 2087/2087/2087 2088/2088/2088 2089/2089/2089
f 2090/2090/2090 2097/2097/2097 2089/2089/2089
f 2086/2086/2086 2089/2089/2089 2097/2097/2097
f 2096/2096/2096 2097/2097/2097 2090/2090/2090
f 2090/2090/2090 2091/2091/2091 2096/2096/2096
f 2092/2092/2092 2093/2093/2093 2094/2094/2094 2095/2095/2095
f 2095/2095/2095 2096/2096/2096 2091/2091/2091 2092/2092/2092
usemtl diffuse_128_128_128_255
vt 0 0
vt 0 1
vt 1 0
vt 1 1
vn 0 -1 0
vn 0 -1 0
vn 0 -1 0
vn 0 -1 0
f 2101/2101/2101 2099/2099/2099 2098/2098/2098 2100/2100/2100
usemtl diffuse_128_128_128_255
vt 0.0098039219155907631 0.7450980544090271
vt 0.0098039219155907631 0.0098039219155907631
vt 0.7450980544090271 0.0098039219155907631
vt 0.99019604921340942 0.0098039219155907631
vt 0.99019604921340942 0.5
vt 0.99019604921340942 0.99019604921340942
vt 0.7450980544090271 0.99019604921340942
vt 0.0098039219155907631 0.99019604921340942
vn 0 -1 0
vn 0 -1 0
vn 0 -1 0
vn 0 -1 0
vn 0 -1 0
vn 0 -1 0
vn 0 -1 0
vn 0 -1 0
f 2102/2102/2102 2103/2103/2103 2104/2104/2104
f 2102/2102/2102 2108/2108/2108 2109/2109/2109
f 2106/2106/2106 2102/2102/2102 2104/2104/2104
f 2102/2102/2102 2106/2106/2106 2108/2108/2108
f 2106/2106/2106 2107/2107/2107 2108/2108/2108
f 2105/2105/2105 2106/2106/2106 2104/2104/2104
usemtl diffuse_128_128_128_255
vt 0.0098039219155907631 1
vt 0.0098039219155907631 0
vt 0.23604826629161835 0
vt 0.46229261159896851 0
vt 0.68853694200515747 0
vt 0.91478127241134644 0
vt 0.99019604921340942 0
vt 0.99019604921340942 1
vt 0.91478127241134644 1
vt 0.68853694200515747 1
vt 0.46229261159896851 1
vt 0.23604826629161835 1
vn 0 -1 0
vn 0 -1 0
vn 0 -1 0
vn 0 -1 0
vn 0 -1 0
vn 0 -1 0
vn 0 -1 0
vn 0 -1 0
vn 0 -1 0
vn 0 -1 0
vn 0 -1 0
vn 0 -1 0
f 2112/2112/2112 2121/2121/2121 2110/2110/2110 2111/2111/2111
f 2113/2113/2113 2120/2120/2120 2121/2121/2121 2112/2112/2112
f 2120/2120/2120 2113/2113/2113 2114/2114/2114 2119/2119/2119
f 2115/2115/2115 2118/2118/2118 2119/2119/2119 2114/2114/2114
f 2116/2116/2116 2117/2117/2117 2118/2118/2118 2115/2115/2115
usemtl diffuse_128_128_128_255
vt 0.0098039219155907631 0.7450980544090271
vt 0.0098039219155907631 0.0098039219155907631
vt 0.25 0.5
vt 0.3257080614566803 0.0098039219155907631
vt 0.64161217212677002 0.0098039219155907631
vt 0.95751631259918213 0.0098039219155907631
vt 0.99019604921340942 0.0098039219155907631
vt 0.75 0.5
vt 0.875 0.5
vt 0.75 0.25
vt 0.875 0.25
vt 0.99019604921340942 0.99019604921340942
vt 0.66339868307113647 0.99019604921340942
vt 0.33660131692886353 0.99019604921340942
vt 0.0098039219155907631 0.99019604921340942
vt 0.25 0.75
vt 0.125 0.5
vt 0.125 0.75
vn 0 -1 0
vn 0 -1 0
vn 0 -1 0
vn 0 -1 0
vn 0 -1 0
vn 0 -1 0
vn 0 -1 0
vn 0 -1 0
vn 0 -1 0
vn 0 -1 0
vn 0 -1 0
vn 0 -1 0
vn 0 -1 0
vn 0 -1 0
vn 0 -1 0
vn 0 -1 0
vn 0 -1 0
vn 0 -1 0
f 2137/2137/2137 2139/2139/2139 2138/2138/2138 2124/2124/2124
f 2130/2130/2130 2129/2129/2129 2131/2131/2131 2132/2132/2132
f 2122/2122/2122 2123/2123/2123 2138/2138/2138
f 2123/2123/2123 2125/2125/2125 2124/2124/2124 2138/2138/2138
f 2124/2124/2124 2129/2129/2129 2134/2134/2134 2135/2135/2135
f 2139/2139/2139 2136/2136/2136 2122/2122/2122
f 2135/2135/2135 2139/2139/2139 2137/2137/2137
f 2138/2138/2138 2139/2139/2139 2122/2122/2122
f 2124/2124/2124 2135/2135/2135 2137/2137/2137
f 2136/2136/2136 2139/2139/2139 2135/2135/2135
f 2125/2125/2125 2126/2126/2126 2129/2129/2129 2124/2124/2124
f 2129/2129/2129 2126/2126/2126 2131/2131/2131
f 2126/2126/2126 2127/2127/2127 2132/2132/2132 2131/2131/2131
f 2128/2128/2128 2132/2132/2132 2127/2127/2127
f 2130/2130/2130 2134/2134/2134 2129/2129/2129
f 2132/2132/2132 2128/2128/2128 2130/2130/2130
f 2133/2133/2133 2130/2130/2130 2128/2128/2128
f 2134/2134/2134 2130/2130/2130 2133/2133/2133
usemtl diffuse_128_128_128_255
vt 0.0098039219155907631 0.7450980544090271
vt 0.0098039219155907631 0.0098039219155907631
vt 0.25 0.5
vt 0.3257080614566803 0.0098039219155907631
vt 0.64161217212677002 0.0098039219155907631
vt 0.95751631259918213 0.0098039219155907631
vt 0.99019604921340942 0.0098039219155907631
vt 0.75 0.5
vt 0.875 0.5
vt 0.75 0.25
vt 0.875 0.25
vt 0.99019604921340942 0.99019604921340942
vt 0.66339868307113647 0.99019604921340942
vt 0.33660131692886353 0.99019604921340942
vt 0.0098039219155907631 0.99019604921340942
vt 0.25 0.75
vt 0.125 0.5
vt 0.125 0.75
vn 0 -1 0
vn 0 -1 0
vn 0 -1 0
vn 0 -1 0
vn 0 -1 0
vn 0 -1 0
vn 0 -1 0
vn 0 -1 0
vn 0 -1 0
vn 0 -1 0
vn 0 -1 0
vn 0 -1 0
vn 0 -1 0
vn 0 -1 0
vn 0 -1 0
vn 0 -1 0
vn 0 -1 0
vn 0 -1 0
f 2155/2155/2155 2157/2157/2157 2156/2156/2156 2142/2142/2142
f 2148/2148/2148 2147/2147/2147 2149/2149/2149 2150/2150/2150
f 2140/2140/2140 2141/2141/2141 2156/2156/2156
f 2141/2141/2141 2143/2143/2143 2142/2142/2142 2156/2156/2156
f 2142/2142/2142 2147/2147/2147 2152/2152/2152 2153/2153/2153
f 2157/2157/2157 2154/2154/2154 2140/2140/2140
f 2153/2153/2153 2157/2157/2157 2155/2155/2155
f 2156/2156/2156 2157/2157/2157 2140/2140/2140
f 2142/2142/2142 2153/2153/2153 2155/2155/2155
f 2154/2154/2154 2157/2157/2157 2153/2153/2153
f 2143/2143/2143 2144/2144/2144 2147/2147/2147 2142/2142/2142
f 2147/2147/2147 2144/2144/2144 2149/2149/2149
f 2144/2144/2144 2145/2145/2145 2150/2150/2150 2149/2149/2149
f 2146/2146/2146 2150/2150/2150 2145/2145/2145
f 2148/2148/2148 2152/2152/2152 2147/2147/2147
f 2150/2150/2150 2146/2146/2146 2148/2148/2148
f 2151/2151/2151 2148/2148/2148 2146/2146/2146
f 2152/2152/2152 2148/2148/2148 2151/2151/2151
usemtl diffuse_255_0_0_255
vt 0.0098039219155907631 0
vt 0.29575163125991821 0
vt 0.58169937133789062 0
vt 0.86764705181121826 0
vt 0.99019604921340942 0
vt 0.99019604921340942 1
vt 0.86764705181121826 1
vt 0.58169937133789062 1
vt 0.29575163125991821 1
vt 0.0098039219155907631 1
vn -1 0 0
vn -1 0 0
vn -1 0 0
vn -1 0 0
vn -1 0 0
vn -1 0 0
vn -1 0 0
vn -1 0 0
vn -1 0 0
vn -1 0 0
f 2158/2158/2158 2159/2159/2159 2166/2166/2166 2167/2167/2167
f 2159/2159/2159 2160/2160/2160 2165/2165/2165 2166/2166/2166
f 2162/2162/2162 2163/2163/2163 2164/2164/2164 2161/2161/2161
f 2161/2161/2161 2164/2164/2164 2165/2165/2165 2160/2160/2160
usemtl diffuse_255_0_0_255
vt 0.0098039219155907631 0
vt 0.29575163125991821 0
vt 0.58169937133789062 0
vt 0.86764705181121826 0
vt 0.99019604921340942 0
vt 0.99019604921340942 1
vt 0.66339868307113647 1
vt 0.33660131692886353 1
vt 0.0098039219155907631 1
vn 1 0 0
vn 1 0 0
vn 1 0 0
vn 1 0 0
vn 1 0 0
vn 1 0 0
vn 1 0 0
vn 1 0 0
vn 1 0 0
f 2168/2168/2168 2169/2169/2169 2175/2175/2175 2176/2176/2176
f 2169/2169/2169 2170/2170/2170 2174/2174/2174 2175/2175/2175
f 2170/2170/2170 2171/2171/2171 2173/2173/2173 2174/2174/2174
f 2172/2172/2172 2173/2173/2173 2171/2171/2171
usemtl diffuse_255_0_0_255
vt 0.0098039219155907631 0.0098039219155907631
vt 0.46732026338577271 0.0098039219155907631
vt 0.92483657598495483 0.0098039219155907631
vt 0.99019604921340942 0.0098039219155907631
vt 0.5 0.5
vt 0.75 0.5
vt 0.5 0.25
vt 0.75 0.25
vt 0.875 0.25
vt 0.75 0.125
vt 0.875 0.125
vt 0.99019604921340942 0.99019604921340942
vt 0.5 0.99019604921340942
vt 0.0098039219155907631 0.99019604921340942
vt 0.0098039219155907631 0.86764705181121826
vt 0.5 0.75
vt 0.25 0.5
vt 0.25 0.75
vt 0.25 0.875
vt 0.125 0.75
vt 0.125 0.875
vn 0 0 1
vn 0 0 1
vn 0 0 1
vn 0 0 1
vn 0 0 1
vn 0 0 1
vn 0 0 1
vn 0 0 1
vn 0 0 1
vn 0 0 1
vn 0 0 1
vn 0 0 1
vn 0 0 1
vn 0 0 1
vn 0 0 1
vn 0 0 1
vn 0 0 1
vn 0 0 1
vn 0 0 1
vn 0 0 1
vn 0 0 1
f 2195/2195/2195 2197/2197/2197 2196/2196/2196 2194/2194/2194
f 2192/2192/2192 2194/2194/2194 2193/2193/2193 2181/2181/2181
f 2182/2182/2182 2181/2181/2181 2183/2183/2183 2184/2184/2184
f 2185/2185/2185 2184/2184/2184 2186/2186/2186 2187/2187/2187
f 2191/2191/2191 2177/2177/2177 2196/2196/2196
f 2193/2193/2193 2196/2196/2196 2177/2177/2177
f 2193/2193/2193 2177/2177/2177 2183/2183/2183
f 2178/2178/2178 2183/2183/2183 2177/2177/2177
f 2186/2186/2186 2183/2183/2183 2178/2178/2178
f 2194/2194/2194 2196/2196/2196 2193/2193/2193
f 2197/2197/2197 2190/2190/2190 2191/2191/2191
f 2196/2196/2196 2197/2197/2197 2191/2191/2191
f 2194/2194/2194 2192/2192/2192 2195/2195/2195
f 2190/2190/2190 2197/2197/2197 2195/2195/2195
f 2189/2189/2189 2190/2190/2190 2195/2195/2195
f 2183/2183/2183 2181/2181/2181 2193/2193/2193
f 2180/2180/2180 2187/2187/2187 2179/2179/2179
f 2186/2186/2186 2179/2179/2179 2187/2187/2187
f 2185/2185/2185 2187/2187/2187 2180/2180/2180
f 2179/2179/2179 2186/2186/2186 2178/2178/2178
f 2182/2182/2182 2192/2192/2192 2181/2181/2181
f 2188/2188/2188 2189/2189/2189 2192/2192/2192
f 2195/2195/2195 2192/2192/2192 2189/2189/2189
f 2188/2188/2188 2182/2182/2182 2185/2185/2185
f 2180/2180/2180 2188/2188/2188 2185/2185/2185
f 2192/2192/2192 2182/2182/2182 2188/2188/2188
f 2182/2182/2182 2184/2184/2184 2185/2185/2185
f 2186/2186/2186 2184/2184/2184 2183/2183/2183
usemtl diffuse_128_128_128_255
vt 0.99019604921340942 0.99019604921340942
vt 0.0098039219155907631 0.99019604921340942
vt 0.0098039219155907631 0.25490197539329529
vt 0.0098039219155907631 0.0098039219155907631
vt 0.99019604921340942 0.0098039219155907631
vt 0.99019604921340942 0.5
vn -1 0 0
vn -1 0 0
vn -1 0 0
vn -1 0 0
vn -1 0 0
vn -1 0 0
f 2202/2202/2202 2200/2200/2200 2201/2201/2201
f 2199/2199/2199 2200/2200/2200 2203/2203/2203 2198/2198/2198
f 2200/2200/2200 2202/2202/2202 2203/2203/2203
usemtl diffuse_128_128_128_255
vt 0.0098039219155907631 0.99019604921340942
vt 0.0098039219155907631 0.59803920984268188
vt 0.0098039219155907631 0.20588235557079315
vt 0.0098039219155907631 0.0098039219155907631
vt 0.99019604921340942 0.0098039219155907631
vt 0.99019604921340942 0.5
vt 0.99019604921340942 0.99019604921340942
vt 0.5 0.99019604921340942
vn -1 0 0
vn -1 0 0
vn -1 0 0
vn -1 0 0
vn -1 0 0
vn -1 0 0
vn -1 0 0
vn -1 0 0
f 2208/2208/2208 2206/2206/2206 2207/2207/2207
f 2211/2211/2211 2204/2204/2204 2205/2205/2205
f 2205/2205/2205 2206/2206/2206 2208/2208/2208 2209/2209/2209
f 2205/2205/2205 2209/2209/2209 2211/2211/2211
f 2209/2209/2209 2210/2210/2210 2211/2211/2211
usemtl diffuse_173_216_230_255
vt 0.0098039219155907631 0.99019604921340942
vt 0.0098039219155907631 0.82679736614227295
vt 0.0098039219155907631 0.17320261895656586
vt 0.0098039219155907631 0.0098039219155907631
vt 0.99019604921340942 0.0098039219155907631
vt 0.99019604921340942 0.66339868307113647
vt 0.99019604921340942 0.99019604921340942
vt 0.7450980544090271 0.99019604921340942
vt 0.7450980544090271 0.58169937133789062
vt 0.7450980544090271 0.17320261895656586
vt 0.25490197539329529 0.17320261895656586
vt 0.25490197539329529 0.33660131692886353
vt 0.25490197539329529 0.99019604921340942
vn -1 0 0
vn -1 0 0
vn -1 0 0
vn -1 0 0
vn -1 0 0
vn -1 0 0
vn -1 0 0
vn -1 0 0
vn -1 0 0
vn -1 0 0
vn -1 0 0
vn -1 0 0
vn -1 0 0
f 2214/2214/2214 2215/2215/2215 2222/2222/2222
f 2215/2215/2215 2216/2216/2216 2221/2221/2221 2222/2222/2222
f 2223/2223/2223 2214/2214/2214 2222/2222/2222
f 2224/2224/2224 2212/2212/2212 2213/2213/2213
f 2213/2213/2213 2214/2214/2214 2223/2223/2223 2224/2224/2224
f 2220/2220/2220 2221/2221/2221 2216/2216/2216 2217/2217/2217
f 2217/2217/2217 2218/2218/2218 2219/2219/2219 2220/2220/2220
usemtl diffuse_128_128_128_255
vt 0.0098039219155907631 0
vt 0.66339868307113647 0
vt 0.99019604921340942 0
vt 0.99019604921340942 1
vt 0.66339868307113647 1
vt 0.0098039219155907631 1
vn -1 0 0
vn -1 0 0
vn -1 0 0
vn -1 0 0
vn -1 0 0
vn -1 0 0
f 2230/2230/2230 2225/2225/2225 2226/2226/2226 2229/2229/2229
f 2227/2227/2227 2228/2228/2228 2229/2229/2229 2226/2226/2226
usemtl diffuse_128_128_128_255
vt 0 0
vt 0 1
vt 1 0
vt 1 1
vn 1 0 0
vn 1 0 0
vn 1 0 0
vn 1 0 0
f 2234/2234/2234 2232/2232/2232 2231/2231/2231 2233/2233/2233
usemtl diffuse_173_216_230_255
vt 0.0098039219155907631 0.17320261895656586
vt 0.0098039219155907631 0.0098039219155907631
vt 0.7450980544090271 0.0098039219155907631
vt 0.99019604921340942 0.0098039219155907631
vt 0.99019604921340942 0.33660131692886353
vt 0.99019604921340942 0.99019604921340942
vt 0.0098039219155907631 0.99019604921340942
vt 0.0098039219155907631 0.58169937133789062
vn 1 0 0
vn 1 0 0
vn 1 0 0
vn 1 0 0
vn 1 0 0
vn 1 0 0
vn 1 0 0
vn 1 0 0
f 2237/2237/2237 2235/2235/2235 2236/2236/2236
f 2240/2240/2240 2241/2241/2241 2242/2242/2242
f 2242/2242/2242 2235/2235/2235 2237/2237/2237
f 2239/2239/2239 2237/2237/2237 2238/2238/2238
f 2239/2239/2239 2240/2240/2240 2242/2242/2242
f 2237/2237/2237 2239/2239/2239 2242/2242/2242
usemtl diffuse_128_128_128_255
vt 0.0098039219155907631 0
vt 0.66339868307113647 0
vt 0.99019604921340942 0
vt 0.99019604921340942 1
vt 0.5 1
vt 0.0098039219155907631 1
vn 1 0 0
vn 1 0 0
vn 1 0 0
vn 1 0 0
vn 1 0 0
vn 1 0 0
f 2247/2247/2247 2248/2248/2248 2243/2243/2243 2244/2244/2244
f 2244/2244/2244 2245/2245/2245 2246/2246/2246 2247/2247/2247
usemtl diffuse_255_0_0_255
vt 0.0098039219155907631 0.0098039219155907631
vt 0.19079940021038055 0.0098039219155907631
vt 0.37179487943649292 0.0098039219155907631
vt 0.55279034376144409 0.0098039219155907631
vt 0.73378580808639526 0.0098039219155907631
vt 0.91478127241134644 0.0098039219155907631
vt 0.99019604921340942 0.0098039219155907631
vt 0.99019604921340942 0.5
vt 0.99019604921340942 0.99019604921340942
vt 0.83936649560928345 0.99019604921340942
vt 0.76395171880722046 0.99019604921340942
vt 0.68853694200515747 0.99019604921340942
vt 0.68853694200515747 0.66339868307113647
vt 0.61312216520309448 0.66339868307113647
vt 0.61312216520309448 0.33660131692886353
vt 0.53770738840103149 0.33660131692886353
vt 0.42458522319793701 0.33660131692886353
vt 0.31146305799484253 0.33660131692886353
vt 0.31146305799484253 0.99019604921340942
vt 0.23604826629161835 0.99019604921340942
vt 0.085218705236911774 0.99019604921340942
vt 0.0098039219155907631 0.99019604921340942
vt 0.0098039219155907631 0.66339868307113647
vn 0 0 1
vn 0 0 1
vn 0 0 1
vn 0 0 1
vn 0 0 1
vn 0 0 1
vn 0 0 1
vn 0 0 1
vn 0 0 1
vn 0 0 1
vn 0 0 1
vn 0 0 1
vn 0 0 1
vn 0 0 1
vn 0 0 1
vn 0 0 1
vn 0 0 1
vn 0 0 1
vn 0 0 1
vn 0 0 1
vn 0 0 1
vn 0 0 1
vn 0 0 1
f 2266/2266/2266 2249/2249/2249 2250/2250/2250
f 2265/2265/2265 2266/2266/2266 2251/2251/2251
f 2250/2250/2250 2251/2251/2251 2266/2266/2266
f 2264/2264/2264 2265/2265/2265 2251/2251/2251 2252/2252/2252
f 2271/2271/2271 2249/2249/2249 2266/2266/2266
f 2270/2270/2270 2271/2271/2271 2269/2269/2269
f 2268/2268/2268 2269/2269/2269 2271/2271/2271
f 2268/2268/2268 2271/2271/2271 2267/2267/2267
f 2267/2267/2267 2271/2271/2271 2266/2266/2266
f 2263/2263/2263 2252/2252/2252 2253/2253/2253
f 2254/2254/2254 2263/2263/2263 2253/2253/2253
f 2256/2256/2256 2254/2254/2254 2255/2255/2255
f 2263/2263/2263 2254/2254/2254 2256/2256/2256
f 2261/2261/2261 2263/2263/2263 2256/2256/2256
f 2263/2263/2263 2261/2261/2261 2262/2262/2262
f 2259/2259/2259 2260/2260/2260 2261/2261/2261
f 2261/2261/2261 2258/2258/2258 2259/2259/2259
f 2261/2261/2261 2257/2257/2257 2258/2258/2258
f 2257/2257/2257 2261/2261/2261 2256/2256/2256
f 2252/2252/2252 2263/2263/2263 2264/2264/2264
usemtl diffuse_128_128_128_255
vt 0 0
vt 0 1
vt 1 0
vt 1 1
vn 1 0 0
vn 1 0 0
vn 1 0 0
vn 1 0 0
f 2275/2275/2275 2273/2273/2273 2272/2272/2272 2274/2274/2274
usemtl diffuse_128_128_128_255
vt 0.0098039219155907631 0.0098039219155907631
vt 0.59803920984268188 0.0098039219155907631
vt 0.79411762952804565 0.0098039219155907631
vt 0.79411762952804565 0.5
vt 0.99019604921340942 0.5
vt 0.99019604921340942 0.99019604921340942
vt 0.5 0.99019604921340942
vt 0.0098039219155907631 0.99019604921340942
vn 0 0 1
vn 0 0 1
vn 0 0 1
vn 0 0 1
vn 0 0 1
vn 0 0 1
vn 0 0 1
vn 0 0 1
f 2276/2276/2276 2279/2279/2279 2283/2283/2283
f 2283/2283/2283 2279/2279/2279 2282/2282/2282
f 2279/2279/2279 2276/2276/2276 2277/2277/2277
f 2277/2277/2277 2278/2278/2278 2279/2279/2279
f 2279/2279/2279 2280/2280/2280 2281/2281/2281
f 2282/2282/2282 2279/2279/2279 2281/2281/2281
usemtl diffuse_173_216_230_255
vt 0.4285714328289032 0.1428571492433548
vt 0.57142859697341919 0.1428571492433548
vt 0.0098039219155907631 0.050653595477342606
vt 0.0098039219155907631 0.0098039219155907631
vt 0.071428574621677399 0.071428574621677399
vt 0.071428574621677399 0.035714287310838699
vt 0.035714287310838699 0.071428574621677399
vt 0.035714287310838699 0.035714287310838699
vt 0.10668973624706268 0.0098039219155907631
vt 0.20357555150985718 0.0098039219155907631
vt 0.30046135187149048 0.0098039219155907631
vt 0.39734718203544617 0.0098039219155907631
vt 0.49423298239707947 0.0098039219155907631
vt 0.59111881256103516 0.0098039219155907631
vt 0.68800461292266846 0.0098039219155907631
vt 0.78489041328430176 0.0098039219155907631
vt 0.88177621364593506 0.0098039219155907631
vt 0.97866207361221313 0.0098039219155907631
vt 0.99019604921340942 0.0098039219155907631
vt 0.92857140302658081 0.071428574621677399
vt 0.96428573131561279 0.071428574621677399
vt 0.92857140302658081 0.035714287310838699
vt 0.96428573131561279 0.035714287310838699
vt 0.99019604921340942 0.33660131692886353
vt 0.99019604921340942 0.66339868307113647
vt 0.99019604921340942 0.99019604921340942
vt 0.97866207361221313 0.99019604921340942
vt 0.97866207361221313 0.82679736614227295
vt 0.96712803840637207 0.82679736614227295
vt 0.92857140302658081 0.78571426868438721
vt 0.92857140302658081 0.82142859697341919
vt 0.96428573131561279 0.78571426868438721
vt 0.86075866222381592 0.82679736614227295
vt 0.75438934564590454 0.82679736614227295
vt 0.64801996946334839 0.82679736614227295
vt 0.54165065288543701 0.82679736614227295
vt 0.43528130650520325 0.82679736614227295
vt 0.32891196012496948 0.82679736614227295
vt 0.22254261374473572 0.82679736614227295
vt 0.11617326736450195 0.82679736614227295
vt 0.0098039219155907631 0.82679736614227295
vt 0.0098039219155907631 0.78594774007797241
vt 0.071428574621677399 0.78571426868438721
vt 0.071428574621677399 0.82142859697341919
vt 0.035714287310838699 0.78571426868438721
vt 0.035714287310838699 0.82142859697341919
vt 0.0098039219155907631 0.7450980544090271
vt 0.071428574621677399 0.75
vt 0.035714287310838699 0.75
vt 0.071428574621677399 0.57142859697341919
vt 0.10668973624706268 0.7450980544090271
vt 0.20357555150985718 0.7450980544090271
vt 0.30046135187149048 0.7450980544090271
vt 0.39734718203544617 0.7450980544090271
vt 0.49423298239707947 0.7450980544090271
vt 0.59111881256103516 0.7450980544090271
vt 0.68800461292266846 0.7450980544090271
vt 0.78489041328430176 0.7450980544090271
vt 0.88177621364593506 0.7450980544090271
vt 0.97866207361221313 0.7450980544090271
vt 0.97866207361221313 0.58169937133789062
vt 0.96712803840637207 0.58169937133789062
vt 0.86075866222381592 0.58169937133789062
vt 0.75438934564590454 0.58169937133789062
vt 0.64801996946334839 0.58169937133789062
vt 0.54165065288543701 0.58169937133789062
vt 0.43528130650520325 0.58169937133789062
vt 0.32891196012496948 0.58169937133789062
vt 0.22254261374473572 0.58169937133789062
vt 0.11617326736450195 0.58169937133789062
vt 0.0098039219155907631 0.58169937133789062
vt 0.0098039219155907631 0.54084968566894531
vt 0.035714287310838699 0.57142859697341919
vt 0.071428574621677399 0.53571426868438721
vt 0.035714287310838699 0.53571426868438721
vt 0.0098039219155907631 0.5
vt 0.11072664707899094 0.5
vt 0.21164935827255249 0.5
vt 0.31257209181785583 0.5
vt 0.41349479556083679 0.5
vt 0.41349479556083679 0.54084968566894531
vt 0.3571428656578064 0.57142859697341919
vt 0.3928571343421936 0.57142859697341919
vt 0.3571428656578064 0.53571426868438721
vt 0.3928571343421936 0.53571426868438721
vt 0.5 0.54084968566894531
vt 0.58650517463684082 0.54084968566894531
vt 0.58650517463684082 0.5
vt 0.6428571343421936 0.53571426868438721
vt 0.6071428656578064 0.57142859697341919
vt 0.6071428656578064 0.53571426868438721
vt 0.68454438447952271 0.5
vt 0.78258359432220459 0.5
vt 0.88062286376953125 0.5
vt 0.97866207361221313 0.5
vt 0.97866207361221313 0.33660131692886353
vt 0.96712803840637207 0.33660131692886353
vt 0.92857140302658081 0.28571429848670959
vt 0.92857140302658081 0.3214285671710968
vt 0.96428573131561279 0.28571429848670959
vt 0.96428573131561279 0.3214285671710968
vt 0.86908882856369019 0.33660131692886353
vt 0.7710496187210083 0.33660131692886353
vt 0.67301040887832642 0.33660131692886353
vt 0.57497113943099976 0.33660131692886353
vt 0.57497113943099976 0.25490197539329529
vt 0.57142859697341919 0.2142857164144516
vt 0.5519031286239624 0.25490197539329529
vt 0.4285714328289032 0.2142857164144516
vt 0.5 0.1428571492433548
vt 0.5 0.2142857164144516
vt 0.49423298239707947 0.25490197539329529
vt 0.43656286597251892 0.25490197539329529
vt 0.42502883076667786 0.25490197539329529
vt 0.46428570151329041 0.2142857164144516
vt 0.46428570151329041 0.25
vt 0.3571428656578064 0.28571429848670959
vt 0.3571428656578064 0.1428571492433548
vt 0.3571428656578064 0.2142857164144516
vt 0.3928571343421936 0.28571429848670959
vt 0.3928571343421936 0.2142857164144516
vt 0.3928571343421936 0.25
vt 0.42502883076667786 0.33660131692886353
vt 0.41349479556083679 0.33660131692886353
vt 0.3571428656578064 0.3214285671710968
vt 0.3928571343421936 0.3214285671710968
vt 0.31257209181785583 0.33660131692886353
vt 0.21164935827255249 0.33660131692886353
vt 0.11072664707899094 0.33660131692886353
vt 0.0098039219155907631 0.33660131692886353
vt 0.0098039219155907631 0.29575163125991821
vt 0.071428574621677399 0.28571429848670959
vt 0.071428574621677399 0.3214285671710968
vt 0.035714287310838699 0.28571429848670959
vt 0.035714287310838699 0.3214285671710968
vt 0.0098039219155907631 0.25490197539329529
vt 0.096309110522270203 0.25490197539329529
vt 0.18281430006027222 0.25490197539329529
vt 0.26931950449943542 0.25490197539329529
vt 0.35582467913627625 0.25490197539329529
vt 0.35582467913627625 0.091503269970417023
vt 0.34429064393043518 0.091503269970417023
vt 0.4285714328289032 0.071428574621677399
vt 0.26066896319389343 0.091503269970417023
vt 0.17704728245735168 0.091503269970417023
vt 0.093425609171390533 0.091503269970417023
vt 0.0098039219155907631 0.091503269970417023
vt 0.63264131546020508 0.091503269970417023
vt 0.63264131546020508 0.21405228972434998
vt 0.63264131546020508 0.25490197539329529
vt 0.6071428656578064 0.2142857164144516
vt 0.57142859697341919 0.1785714328289032
vt 0.6071428656578064 0.1428571492433548
vt 0.6071428656578064 0.1785714328289032
vt 0.6071428656578064 0.25
vt 0.7191464900970459 0.25490197539329529
vt 0.80565166473388672 0.25490197539329529
vt 0.89215683937072754 0.25490197539329529
vt 0.97866207361221313 0.25490197539329529
vt 0.97866207361221313 0.091503269970417023
vt 0.96712803840637207 0.091503269970417023
vt 0.88350635766983032 0.091503269970417023
vt 0.79988467693328857 0.091503269970417023
vt 0.71626299619674683 0.091503269970417023
vt 0.28571429848670959 0.28571429848670959
vt 0.28571429848670959 0.57142859697341919
vt 0.71428573131561279 0.28571429848670959
vn 0 -1 0
vn 0 -1 0
vn 0 -1 0
vn 0 -1 0
vn 0 -1 0
vn 0 -1 0
vn 0 -1 0
vn 0 -1 0
vn 0 -1 0
vn 0 -1 0
vn 0 -1 0
vn 0 -1 0
vn 0 -1 0
vn 0 -1 0
vn 0 -1 0
vn 0 -1 0
vn 0 -1 0
vn 0 -1 0
vn 0 -1 0
vn 0 -1 0
vn 0 -1 0
vn 0 -1 0
vn 0 -1 0
vn 0 -1 0
vn 0 -1 0
vn 0 -1 0
vn 0 -1 0
vn 0 -1 0
vn 0 -1 0
vn 0 -1 0
vn 0 -1 0
vn 0 -1 0
vn 0 -1 0
vn 0 -1 0
vn 0 -1 0
vn 0 -1 0
vn 0 -1 0
vn 0 -1 0
vn 0 -1 0
vn 0 -1 0
vn 0 -1 0
vn 0 -1 0
vn 0 -1 0
vn 0 -1 0
vn 0 -1 0
vn 0 -1 0
vn 0 -1 0
vn 0 -1 0
vn 0 -1 0
vn 0 -1 0
vn 0 -1 0
vn 0 -1 0
vn 0 -1 0
vn 0 -1 0
vn 0 -1 0
vn 0 -1 0
vn 0 -1 0
vn 0 -1 0
vn 0 -1 0
vn 0 -1 0
vn 0 -1 0
vn 0 -1 0
vn 0 -1 0
vn 0 -1 0
vn 0 -1 0
vn 0 -1 0
vn 0 -1 0
vn 0 -1 0
vn 0 -1 0
vn 0 -1 0
vn 0 -1 0
vn 0 -1 0
vn 0 -1 0
vn 0 -1 0
vn 0 -1 0
vn 0 -1 0
vn 0 -1 0
vn 0 -1 0
vn 0 -1 0
vn 0 -1 0
vn 0 -1 0
vn 0 -1 0
vn 0 -1 0
vn 0 -1 0
vn 0 -1 0
vn 0 -1 0
vn 0 -1 0
vn 0 -1 0
vn 0 -1 0
vn 0 -1 0
vn 0 -1 0
vn 0 -1 0
vn 0 -1 0
vn 0 -1 0
vn 0 -1 0
vn 0 -1 0
vn 0 -1 0
vn 0 -1 0
vn 0 -1 0
vn 0 -1 0
vn 0 -1 0
vn 0 -1 0
vn 0 -1 0
vn 0 -1 0
vn 0 -1 0
vn 0 -1 0
vn 0 -1 0
vn 0 -1 0
vn 0 -1 0
vn 0 -1 0
vn 0 -1 0
vn 0 -1 0
vn 0 -1 0
vn 0 -1 0
vn 0 -1 0
vn 0 -1 0
vn 0 -1 0
vn 0 -1 0
vn 0 -1 0
vn 0 -1 0
vn 0 -1 0
vn 0 -1 0
vn 0 -1 0
vn 0 -1 0
vn 0 -1 0
vn 0 -1 0
vn 0 -1 0
vn 0 -1 0
vn 0 -1 0
vn 0 -1 0
vn 0 -1 0
vn 0 -1 0
vn 0 -1 0
vn 0 -1 0
vn 0 -1 0
vn 0 -1 0
vn 0 -1 0
vn 0 -1 0
vn 0 -1 0
vn 0 -1 0
vn 0 -1 0
vn 0 -1 0
vn 0 -1 0
vn 0 -1 0
vn 0 -1 0
vn 0 -1 0
vn 0 -1 0
vn 0 -1 0
vn 0 -1 0
vn 0 -1 0
vn 0 -1 0
vn 0 -1 0
vn 0 -1 0
vn 0 -1 0
vn 0 -1 0
vn 0 -1 0
vn 0 -1 0
vn 0 -1 0
vn 0 -1 0
vn 0 -1 0
vn 0 -1 0
vn 0 -1 0
vn 0 -1 0
vn 0 -1 0
vn 0 -1 0
vn 0 -1 0
vn 0 -1 0
f 2288/2288/2288 2290/2290/2290 2291/2291/2291 2289/2289/2289
f 2416/2416/2416 2418/2418/2418 2417/2417/2417 2415/2415/2415
f 2333/2333/2333 2356/2356/2356 2358/2358/2358 2357/2357/2357
f 2327/2327/2327 2329/2329/2329 2328/2328/2328 2326/2326/2326
f 2326/2326/2326 2328/2328/2328 2332/2332/2332 2331/2331/2331
f 2426/2426/2426 2284/2284/2284 2401/2401/2401
f 2405/2405/2405 2403/2403/2403 2400/2400/2400
f 2402/2402/2402 2404/2404/2404 2405/2405/2405
f 2405/2405/2405 2404/2404/2404 2392/2392/2392
f 2404/2404/2404 2402/2402/2402 2401/2401/2401
f 2284/2284/2284 2392/2392/2392 2404/2404/2404
f 2401/2401/2401 2284/2284/2284 2404/2404/2404
f 2409/2409/2409 2408/2408/2408 2400/2400/2400 2403/2403/2403
f 2366/2366/2366 2365/2365/2365 2367/2367/2367 2368/2368/2368
f 2392/2392/2392 2398/2398/2398 2399/2399/2399
f 2399/2399/2399 2398/2398/2398 2394/2394/2394
f 2398/2398/2398 2392/2392/2392 2284/2284/2284
f 2393/2393/2393 2394/2394/2394 2398/2398/2398
f 2284/2284/2284 2393/2393/2393 2398/2398/2398
f 2435/2435/2435 2390/2390/2390 2394/2394/2394
f 2393/2393/2393 2285/2285/2285 2435/2435/2435
f 2394/2394/2394 2393/2393/2393 2435/2435/2435
f 2390/2390/2390 2434/2434/2434 2438/2438/2438
f 2434/2434/2434 2390/2390/2390 2435/2435/2435 2437/2437/2437
f 2437/2437/2437 2435/2435/2435 2285/2285/2285 2436/2436/2436
f 2373/2373/2373 2374/2374/2374 2372/2372/2372
f 2304/2304/2304 2303/2303/2303 2305/2305/2305 2306/2306/2306
f 2384/2384/2384 2382/2382/2382 2381/2381/2381 2383/2383/2383
f 2314/2314/2314 2313/2313/2313 2315/2315/2315
f 2286/2286/2286 2287/2287/2287 2291/2291/2291
f 2289/2289/2289 2291/2291/2291 2287/2287/2287
f 2430/2430/2430 2286/2286/2286 2291/2291/2291 2290/2290/2290
f 2429/2429/2429 2430/2430/2430 2290/2290/2290 2288/2288/2288
f 2429/2429/2429 2289/2289/2289 2292/2292/2292
f 2287/2287/2287 2292/2292/2292 2289/2289/2289
f 2288/2288/2288 2289/2289/2289 2429/2429/2429
f 2428/2428/2428 2429/2429/2429 2292/2292/2292 2293/2293/2293
f 2414/2414/2414 2419/2419/2419 2417/2417/2417
f 2419/2419/2419 2420/2420/2420 2415/2415/2415 2417/2417/2417
f 2413/2413/2413 2414/2414/2414 2417/2417/2417 2418/2418/2418
f 2416/2416/2416 2413/2413/2413 2418/2418/2418
f 2448/2448/2448 2421/2421/2421 2422/2422/2422
f 2416/2416/2416 2415/2415/2415 2412/2412/2412
f 2421/2421/2421 2415/2415/2415 2420/2420/2420
f 2413/2413/2413 2416/2416/2416 2412/2412/2412
f 2415/2415/2415 2411/2411/2411 2412/2412/2412
f 2293/2293/2293 2294/2294/2294 2427/2427/2427 2428/2428/2428
f 2294/2294/2294 2425/2425/2425 2427/2427/2427
f 2425/2425/2425 2295/2295/2295 2424/2424/2424
f 2423/2423/2423 2424/2424/2424 2401/2401/2401 2402/2402/2402
f 2295/2295/2295 2425/2425/2425 2294/2294/2294
f 2296/2296/2296 2426/2426/2426 2295/2295/2295
f 2401/2401/2401 2424/2424/2424 2426/2426/2426
f 2295/2295/2295 2426/2426/2426 2424/2424/2424
f 2422/2422/2422 2423/2423/2423 2400/2400/2400 2448/2448/2448
f 2411/2411/2411 2448/2448/2448 2410/2410/2410
f 2448/2448/2448 2411/2411/2411 2415/2415/2415
f 2448/2448/2448 2400/2400/2400 2410/2410/2410
f 2423/2423/2423 2405/2405/2405 2400/2400/2400
f 2421/2421/2421 2448/2448/2448 2415/2415/2415
f 2397/2397/2397 2405/2405/2405 2392/2392/2392
f 2402/2402/2402 2405/2405/2405 2423/2423/2423
f 2403/2403/2403 2405/2405/2405 2397/2397/2397
f 2403/2403/2403 2406/2406/2406 2409/2409/2409
f 2400/2400/2400 2408/2408/2408 2410/2410/2410
f 2406/2406/2406 2403/2403/2403 2397/2397/2397
f 2409/2409/2409 2407/2407/2407 2408/2408/2408
f 2392/2392/2392 2396/2396/2396 2397/2397/2397
f 2355/2355/2355 2359/2359/2359 2358/2358/2358
f 2357/2357/2357 2358/2358/2358 2359/2359/2359
f 2354/2354/2354 2355/2355/2355 2358/2358/2358 2356/2356/2356
f 2353/2353/2353 2354/2354/2354 2356/2356/2356 2333/2333/2333
f 2360/2360/2360 2361/2361/2361 2333/2333/2333
f 2359/2359/2359 2360/2360/2360 2357/2357/2357
f 2360/2360/2360 2333/2333/2333 2357/2357/2357
f 2449/2449/2449 2333/2333/2333 2361/2361/2361
f 2332/2332/2332 2328/2328/2328 2325/2325/2325 2330/2330/2330
f 2324/2324/2324 2325/2325/2325 2328/2328/2328 2329/2329/2329
f 2327/2327/2327 2324/2324/2324 2329/2329/2329
f 2326/2326/2326 2331/2331/2331 2334/2334/2334
f 2331/2331/2331 2332/2332/2332 2330/2330/2330
f 2327/2327/2327 2326/2326/2326 2323/2323/2323
f 2334/2334/2334 2323/2323/2323 2326/2326/2326
f 2324/2324/2324 2327/2327/2327 2323/2323/2323
f 2334/2334/2334 2335/2335/2335 2322/2322/2322 2323/2323/2323
f 2330/2330/2330 2334/2334/2334 2331/2331/2331
f 2367/2367/2367 2449/2449/2449 2362/2362/2362
f 2361/2361/2361 2362/2362/2362 2449/2449/2449
f 2362/2362/2362 2363/2363/2363 2368/2368/2368 2367/2367/2367
f 2365/2365/2365 2449/2449/2449 2367/2367/2367
f 2333/2333/2333 2449/2449/2449 2352/2352/2352 2353/2353/2353
f 2409/2409/2409 2406/2406/2406 2407/2407/2407
f 2364/2364/2364 2368/2368/2368 2363/2363/2363
f 2364/2364/2364 2369/2369/2369 2349/2349/2349 2350/2350/2350
f 2407/2407/2407 2410/2410/2410 2408/2408/2408
f 2368/2368/2368 2364/2364/2364 2366/2366/2366
f 2449/2449/2449 2351/2351/2351 2352/2352/2352
f 2335/2335/2335 2336/2336/2336 2321/2321/2321 2322/2322/2322
f 2350/2350/2350 2351/2351/2351 2365/2365/2365 2366/2366/2366
f 2364/2364/2364 2350/2350/2350 2366/2366/2366
f 2320/2320/2320 2321/2321/2321 2336/2336/2336 2337/2337/2337
f 2337/2337/2337 2338/2338/2338 2319/2319/2319 2320/2320/2320
f 2449/2449/2449 2365/2365/2365 2351/2351/2351
f 2393/2393/2393 2284/2284/2284 2426/2426/2426
f 2296/2296/2296 2297/2297/2297 2285/2285/2285 2393/2393/2393
f 2285/2285/2285 2297/2297/2297 2431/2431/2431
f 2297/2297/2297 2298/2298/2298 2447/2447/2447 2431/2431/2431
f 2437/2437/2437 2436/2436/2436 2432/2432/2432
f 2431/2431/2431 2432/2432/2432 2436/2436/2436
f 2285/2285/2285 2431/2431/2431 2436/2436/2436
f 2432/2432/2432 2434/2434/2434 2437/2437/2437
f 2399/2399/2399 2394/2394/2394 2395/2395/2395
f 2399/2399/2399 2396/2396/2396 2392/2392/2392
f 2391/2391/2391 2395/2395/2395 2394/2394/2394 2390/2390/2390
f 2391/2391/2391 2390/2390/2390 2389/2389/2389
f 2390/2390/2390 2438/2438/2438 2389/2389/2389
f 2438/2438/2438 2434/2434/2434 2432/2432/2432 2433/2433/2433
f 2438/2438/2438 2433/2433/2433 2388/2388/2388
f 2389/2389/2389 2438/2438/2438 2388/2388/2388
f 2450/2450/2450 2433/2433/2433 2439/2439/2439
f 2433/2433/2433 2450/2450/2450 2387/2387/2387
f 2296/2296/2296 2393/2393/2393 2426/2426/2426
f 2299/2299/2299 2300/2300/2300 2445/2445/2445 2446/2446/2446
f 2446/2446/2446 2447/2447/2447 2298/2298/2298 2299/2299/2299
f 2300/2300/2300 2305/2305/2305 2445/2445/2445
f 2300/2300/2300 2301/2301/2301 2306/2306/2306 2305/2305/2305
f 2306/2306/2306 2301/2301/2301 2302/2302/2302
f 2302/2302/2302 2304/2304/2304 2306/2306/2306
f 2305/2305/2305 2303/2303/2303 2445/2445/2445
f 2304/2304/2304 2302/2302/2302 2443/2443/2443
f 2304/2304/2304 2444/2444/2444 2303/2303/2303
f 2381/2381/2381 2450/2450/2450 2440/2440/2440 2441/2441/2441
f 2441/2441/2441 2442/2442/2442 2383/2383/2383 2381/2381/2381
f 2450/2450/2450 2381/2381/2381 2385/2385/2385 2386/2386/2386
f 2304/2304/2304 2443/2443/2443 2444/2444/2444
f 2442/2442/2442 2443/2443/2443 2302/2302/2302 2307/2307/2307
f 2383/2383/2383 2307/2307/2307 2384/2384/2384
f 2380/2380/2380 2382/2382/2382 2384/2384/2384
f 2307/2307/2307 2383/2383/2383 2442/2442/2442
f 2444/2444/2444 2445/2445/2445 2303/2303/2303
f 2439/2439/2439 2440/2440/2440 2450/2450/2450
f 2382/2382/2382 2385/2385/2385 2381/2381/2381
f 2372/2372/2372 2374/2374/2374 2371/2371/2371
f 2374/2374/2374 2370/2370/2370 2371/2371/2371
f 2374/2374/2374 2373/2373/2373 2370/2370/2370
f 2349/2349/2349 2369/2369/2369 2370/2370/2370
f 2450/2450/2450 2386/2386/2386 2387/2387/2387
f 2375/2375/2375 2348/2348/2348 2372/2372/2372
f 2375/2375/2375 2372/2372/2372 2371/2371/2371
f 2375/2375/2375 2376/2376/2376 2347/2347/2347 2348/2348/2348
f 2387/2387/2387 2388/2388/2388 2433/2433/2433
f 2349/2349/2349 2373/2373/2373 2348/2348/2348
f 2370/2370/2370 2373/2373/2373 2349/2349/2349
f 2319/2319/2319 2338/2338/2338 2339/2339/2339
f 2318/2318/2318 2319/2319/2319 2339/2339/2339 2340/2340/2340
f 2372/2372/2372 2348/2348/2348 2373/2373/2373
f 2317/2317/2317 2318/2318/2318 2340/2340/2340 2341/2341/2341
f 2346/2346/2346 2347/2347/2347 2376/2376/2376 2377/2377/2377
f 2382/2382/2382 2380/2380/2380 2385/2385/2385
f 2345/2345/2345 2346/2346/2346 2377/2377/2377 2378/2378/2378
f 2378/2378/2378 2379/2379/2379 2307/2307/2307
f 2384/2384/2384 2307/2307/2307 2379/2379/2379
f 2344/2344/2344 2378/2378/2378 2308/2308/2308
f 2307/2307/2307 2308/2308/2308 2378/2378/2378
f 2344/2344/2344 2308/2308/2308 2343/2343/2343
f 2345/2345/2345 2378/2378/2378 2344/2344/2344
f 2379/2379/2379 2380/2380/2380 2384/2384/2384
f 2341/2341/2341 2342/2342/2342 2316/2316/2316 2317/2317/2317
f 2314/2314/2314 2316/2316/2316 2313/2313/2313
f 2342/2342/2342 2313/2313/2313 2316/2316/2316
f 2316/2316/2316 2314/2314/2314 2312/2312/2312
f 2342/2342/2342 2343/2343/2343 2315/2315/2315 2313/2313/2313
f 2311/2311/2311 2312/2312/2312 2315/2315/2315
f 2343/2343/2343 2311/2311/2311 2315/2315/2315
f 2314/2314/2314 2315/2315/2315 2312/2312/2312
f 2310/2310/2310 2311/2311/2311 2309/2309/2309
f 2308/2308/2308 2311/2311/2311 2343/2343/2343
f 2311/2311/2311 2308/2308/2308 2309/2309/2309
f 2399/2399/2399 2395/2395/2395 2396/2396/2396
usemtl diffuse_255_0_0_255
vt 0.0098039219155907631 1
vt 0.0098039219155907631 0
vt 0.24048443138599396 0
vt 0.47116494178771973 0
vt 0.70184546709060669 0
vt 0.93252593278884888 0
vt 0.99019604921340942 0
vt 0.99019604921340942 1
vt 0.93252593278884888 1
vt 0.70184546709060669 1
vt 0.47116494178771973 1
vt 0.24048443138599396 1
vn 0 1 0
vn 0 1 0
vn 0 1 0
vn 0 1 0
vn 0 1 0
vn 0 1 0
vn 0 1 0
vn 0 1 0
vn 0 1 0
vn 0 1 0
vn 0 1 0
vn 0 1 0
f 2453/2453/2453 2462/2462/2462 2451/2451/2451 2452/2452/2452
f 2454/2454/2454 2461/2461/2461 2462/2462/2462 2453/2453/2453
f 2461/2461/2461 2454/2454/2454 2455/2455/2455 2460/2460/2460
f 2456/2456/2456 2459/2459/2459 2460/2460/2460 2455/2455/2455
f 2457/2457/2457 2458/2458/2458 2459/2459/2459 2456/2456/2456
usemtl diffuse_255_0_0_255
vt 0.0098039219155907631 1
vt 0.0098039219155907631 0
vt 0.24048443138599396 0
vt 0.47116494178771973 0
vt 0.70184546709060669 0
vt 0.93252593278884888 0
vt 0.99019604921340942 0
vt 0.99019604921340942 1
vt 0.93252593278884888 1
vt 0.70184546709060669 1
vt 0.47116494178771973 1
vt 0.24048443138599396 1
vn 0 1 0
vn 0 1 0
vn 0 1 0
vn 0 1 0
vn 0 1 0
vn 0 1 0
vn 0 1 0
vn 0 1 0
vn 0 1 0
vn 0 1 0
vn 0 1 0
vn 0 1 0
f 2465/2465/2465 2474/2474/2474 2463/2463/2463 2464/2464/2464
f 2466/2466/2466 2473/2473/2473 2474/2474/2474 2465/2465/2465
f 2473/2473/2473 2466/2466/2466 2467/2467/2467 2472/2472/2472
f 2468/2468/2468 2471/2471/2471 2472/2472/2472 2467/2467/2467
f 2469/2469/2469 2470/2470/2470 2471/2471/2471 2468/2468/2468
usemtl diffuse_255_0_0_255
vt 0.0098039219155907631 1
vt 0.0098039219155907631 0
vt 0.24048443138599396 0
vt 0.47116494178771973 0
vt 0.70184546709060669 0
vt 0.93252593278884888 0
vt 0.99019604921340942 0
vt 0.99019604921340942 1
vt 0.93252593278884888 1
vt 0.70184546709060669 1
vt 0.47116494178771973 1
vt 0.24048443138599396 1
vn 0 1 0
vn 0 1 0
vn 0 1 0
vn 0 1 0
vn 0 1 0
vn 0 1 0
vn 0 1 0
vn 0 1 0
vn 0 1 0
vn 0 1 0
vn 0 1 0
vn 0 1 0
f 2477/2477/2477 2486/2486/2486 2475/2475/2475 2476/2476/2476
f 2478/2478/2478 2485/2485/2485 2486/2486/2486 2477/2477/2477
f 2485/2485/2485 2478/2478/2478 2479/2479/2479 2484/2484/2484
f 2480/2480/2480 2483/2483/2483 2484/2484/2484 2479/2479/2479
f 2481/2481/2481 2482/2482/2482 2483/2483/2483 2480/2480/2480
usemtl diffuse_255_0_0_255
vt 0.0098039219155907631 1
vt 0.0098039219155907631 0
vt 0.061403509229421616 0
vt 0.16173604130744934 0
vt 0.26206856966018677 0
vt 0.36240109801292419 0
vt 0.46273362636566162 0
vt 0.56306618452072144 0
vt 0.66339868307113647 0
vt 0.76373124122619629 0
vt 0.86406373977661133 0
vt 0.96439629793167114 0
vt 0.99019604921340942 0
vt 0.99019604921340942 1
vt 0.96439629793167114 1
vt 0.85833048820495605 1
vt 0.75226461887359619 1
vt 0.6461988091468811 1
vt 0.54013299942016602 1
vt 0.43406718969345093 1
vt 0.32800137996673584 1
vt 0.22193555533885956 1
vt 0.11586973816156387 1
vn 0 1 0
vn 0 1 0
vn 0 1 0
vn 0 1 0
vn 0 1 0
vn 0 1 0
vn 0 1 0
vn 0 1 0
vn 0 1 0
vn 0 1 0
vn 0 1 0
vn 0 1 0
vn 0 1 0
vn 0 1 0
vn 0 1 0
vn 0 1 0
vn 0 1 0
vn 0 1 0
vn 0 1 0
vn 0 1 0
vn 0 1 0
vn 0 1 0
vn 0 1 0
f 2487/2487/2487 2488/2488/2488 2489/2489/2489
f 2490/2490/2490 2491/2491/2491 2508/2508/2508 2509/2509/2509
f 2491/2491/2491 2492/2492/2492 2507/2507/2507 2508/2508/2508
f 2509/2509/2509 2489/2489/2489 2490/2490/2490
f 2509/2509/2509 2487/2487/2487 2489/2489/2489
f 2506/2506/2506 2507/2507/2507 2492/2492/2492 2493/2493/2493
f 2505/2505/2505 2506/2506/2506 2493/2493/2493 2494/2494/2494
f 2494/2494/2494 2495/2495/2495 2504/2504/2504 2505/2505/2505
f 2495/2495/2495 2496/2496/2496 2503/2503/2503 2504/2504/2504
f 2497/2497/2497 2498/2498/2498 2501/2501/2501 2502/2502/2502
f 2499/2499/2499 2500/2500/2500 2501/2501/2501 2498/2498/2498
f 2496/2496/2496 2497/2497/2497 2502/2502/2502 2503/2503/2503
usemtl diffuse_255_0_0_255
vt 0.0098039219155907631 1
vt 0.0098039219155907631 0
vt 0.11300309747457504 0
vt 0.2162022739648819 0
vt 0.31940144300460815 0
vt 0.42260062694549561 0
vt 0.52579981088638306 0
vt 0.62899899482727051 0
vt 0.73219811916351318 0
vt 0.83539730310440063 0
vt 0.93859648704528809 0
vt 0.96439629793167114 0
vt 0.99019604921340942 0
vt 0.99019604921340942 1
vt 0.96439629793167114 1
vt 0.85833048820495605 1
vt 0.75226461887359619 1
vt 0.6461988091468811 1
vt 0.54013299942016602 1
vt 0.43406718969345093 1
vt 0.32800137996673584 1
vt 0.22193555533885956 1
vt 0.11586973816156387 1
vn 0 1 0
vn 0 1 0
vn 0 1 0
vn 0 1 0
vn 0 1 0
vn 0 1 0
vn 0 1 0
vn 0 1 0
vn 0 1 0
vn 0 1 0
vn 0 1 0
vn 0 1 0
vn 0 1 0
vn 0 1 0
vn 0 1 0
vn 0 1 0
vn 0 1 0
vn 0 1 0
vn 0 1 0
vn 0 1 0
vn 0 1 0
vn 0 1 0
vn 0 1 0
f 2511/2511/2511 2512/2512/2512 2532/2532/2532 2510/2510/2510
f 2513/2513/2513 2514/2514/2514 2530/2530/2530 2531/2531/2531
f 2514/2514/2514 2515/2515/2515 2529/2529/2529 2530/2530/2530
f 2512/2512/2512 2513/2513/2513 2531/2531/2531 2532/2532/2532
f 2528/2528/2528 2529/2529/2529 2515/2515/2515 2516/2516/2516
f 2517/2517/2517 2518/2518/2518 2526/2526/2526 2527/2527/2527
f 2518/2518/2518 2519/2519/2519 2525/2525/2525 2526/2526/2526
f 2524/2524/2524 2520/2520/2520 2521/2521/2521
f 2522/2522/2522 2523/2523/2523 2524/2524/2524 2521/2521/2521
f 2519/2519/2519 2520/2520/2520 2524/2524/2524 2525/2525/2525
f 2527/2527/2527 2528/2528/2528 2516/2516/2516 2517/2517/2517
usemtl diffuse_255_0_0_255
vt 0.0098039219155907631 0
vt 0.11586973816156387 0
vt 0.22193555533885956 0
vt 0.32800137996673584 0
vt 0.43406718969345093 0
vt 0.54013299942016602 0
vt 0.6461988091468811 0
vt 0.75226461887359619 0
vt 0.85833048820495605 0
vt 0.96439629793167114 0
vt 0.99019604921340942 0
vt 0.99019604921340942 1
vt 0.96439629793167114 1
vt 0.86406373977661133 1
vt 0.76373124122619629 1
vt 0.66339868307113647 1
vt 0.56306618452072144 1
vt 0.46273362636566162 1
vt 0.36240109801292419 1
vt 0.26206856966018677 1
vt 0.16173604130744934 1
vt 0.061403509229421616 1
vt 0.035603716969490051 1
vt 0.0098039219155907631 1
vn 0 -1 0
vn 0 -1 0
vn 0 -1 0
vn 0 -1 0
vn 0 -1 0
vn 0 -1 0
vn 0 -1 0
vn 0 -1 0
vn 0 -1 0
vn 0 -1 0
vn 0 -1 0
vn 0 -1 0
vn 0 -1 0
vn 0 -1 0
vn 0 -1 0
vn 0 -1 0
vn 0 -1 0
vn 0 -1 0
vn 0 -1 0
vn 0 -1 0
vn 0 -1 0
vn 0 -1 0
vn 0 -1 0
vn 0 -1 0
f 2555/2555/2555 2556/2556/2556 2533/2533/2533
f 2533/2533/2533 2534/2534/2534 2553/2553/2553 2554/2554/2554
f 2534/2534/2534 2535/2535/2535 2552/2552/2552 2553/2553/2553
f 2535/2535/2535 2536/2536/2536 2551/2551/2551 2552/2552/2552
f 2536/2536/2536 2537/2537/2537 2550/2550/2550 2551/2551/2551
f 2533/2533/2533 2554/2554/2554 2555/2555/2555
f 2537/2537/2537 2538/2538/2538 2549/2549/2549 2550/2550/2550
f 2538/2538/2538 2539/2539/2539 2548/2548/2548 2549/2549/2549
f 2539/2539/2539 2540/2540/2540 2547/2547/2547 2548/2548/2548
f 2541/2541/2541 2542/2542/2542 2545/2545/2545 2546/2546/2546
f 2543/2543/2543 2544/2544/2544 2545/2545/2545 2542/2542/2542
f 2540/2540/2540 2541/2541/2541 2546/2546/2546 2547/2547/2547
usemtl diffuse_255_0_0_255
vt 0.0098039219155907631 0
vt 0.11586973816156387 0
vt 0.22193555533885956 0
vt 0.32800137996673584 0
vt 0.43406718969345093 0
vt 0.54013299942016602 0
vt 0.6461988091468811 0
vt 0.75226461887359619 0
vt 0.85833048820495605 0
vt 0.96439629793167114 0
vt 0.99019604921340942 0
vt 0.99019604921340942 1
vt 0.96439629793167114 1
vt 0.93859648704528809 1
vt 0.83539730310440063 1
vt 0.73219811916351318 1
vt 0.62899899482727051 1
vt 0.52579981088638306 1
vt 0.42260062694549561 1
vt 0.31940144300460815 1
vt 0.2162022739648819 1
vt 0.11300309747457504 1
vt 0.0098039219155907631 1
vn 0 -1 0
vn 0 -1 0
vn 0 -1 0
vn 0 -1 0
vn 0 -1 0
vn 0 -1 0
vn 0 -1 0
vn 0 -1 0
vn 0 -1 0
vn 0 -1 0
vn 0 -1 0
vn 0 -1 0
vn 0 -1 0
vn 0 -1 0
vn 0 -1 0
vn 0 -1 0
vn 0 -1 0
vn 0 -1 0
vn 0 -1 0
vn 0 -1 0
vn 0 -1 0
vn 0 -1 0
vn 0 -1 0
f 2557/2557/2557 2558/2558/2558 2578/2578/2578 2579/2579/2579
f 2559/2559/2559 2560/2560/2560 2576/2576/2576 2577/2577/2577
f 2560/2560/2560 2561/2561/2561 2575/2575/2575 2576/2576/2576
f 2558/2558/2558 2559/2559/2559 2577/2577/2577 2578/2578/2578
f 2574/2574/2574 2575/2575/2575 2561/2561/2561 2562/2562/2562
f 2562/2562/2562 2563/2563/2563 2573/2573/2573 2574/2574/2574
f 2563/2563/2563 2564/2564/2564 2572/2572/2572 2573/2573/2573
f 2565/2565/2565 2566/2566/2566 2570/2570/2570 2571/2571/2571
f 2567/2567/2567 2568/2568/2568 2569/2569/2569 2566/2566/2566
f 2564/2564/2564 2565/2565/2565 2571/2571/2571 2572/2572/2572
f 2566/2566/2566 2569/2569/2569 2570/2570/2570
usemtl diffuse_255_0_0_255
vt 0.0098039219155907631 0.99019604921340942
vt 0.0098039219155907631 0.5
vt 0.25 0.5
vt 0.25 0.75
vt 0.125 0.5
vt 0.125 0.75
vt 0.0098039219155907631 0.0098039219155907631
vt 0.25 0.25
vt 0.125 0.25
vt 0.33660131692886353 0.0098039219155907631
vt 0.66339868307113647 0.0098039219155907631
vt 0.99019604921340942 0.0098039219155907631
vt 0.99019604921340942 0.99019604921340942
vt 0.66339868307113647 0.99019604921340942
vt 0.33660131692886353 0.99019604921340942
vn 0 1 0
vn 0 1 0
vn 0 1 0
vn 0 1 0
vn 0 1 0
vn 0 1 0
vn 0 1 0
vn 0 1 0
vn 0 1 0
vn 0 1 0
vn 0 1 0
vn 0 1 0
vn 0 1 0
vn 0 1 0
vn 0 1 0
f 2583/2583/2583 2585/2585/2585 2584/2584/2584 2582/2582/2582
f 2582/2582/2582 2584/2584/2584 2588/2588/2588 2587/2587/2587
f 2587/2587/2587 2588/2588/2588 2589/2589/2589
f 2586/2586/2586 2589/2589/2589 2588/2588/2588
f 2581/2581/2581 2586/2586/2586 2588/2588/2588 2584/2584/2584
f 2580/2580/2580 2581/2581/2581 2584/2584/2584 2585/2585/2585
f 2594/2594/2594 2580/2580/2580 2585/2585/2585 2583/2583/2583
f 2590/2590/2590 2582/2582/2582 2589/2589/2589
f 2587/2587/2587 2589/2589/2589 2582/2582/2582
f 2593/2593/2593 2582/2582/2582 2590/2590/2590
f 2591/2591/2591 2592/2592/2592 2593/2593/2593 2590/2590/2590
f 2594/2594/2594 2583/2583/2583 2582/2582/2582
f 2593/2593/2593 2594/2594/2594 2582/2582/2582
usemtl diffuse_255_0_0_255
vt 0.0098039219155907631 1
vt 0.0098039219155907631 0
vt 0.11586973816156387 0
vt 0.22193555533885956 0
vt 0.32800137996673584 0
vt 0.43406718969345093 0
vt 0.54013299942016602 0
vt 0.6461988091468811 0
vt 0.75226461887359619 0
vt 0.85833048820495605 0
vt 0.96439629793167114 0
vt 0.99019604921340942 0
vt 0.99019604921340942 1
vt 0.96439629793167114 1
vt 0.85833048820495605 1
vt 0.75226461887359619 1
vt 0.6461988091468811 1
vt 0.54013299942016602 1
vt 0.43406718969345093 1
vt 0.32800137996673584 1
vt 0.22193555533885956 1
vt 0.11586973816156387 1
vn 0 1 0
vn 0 1 0
vn 0 1 0
vn 0 1 0
vn 0 1 0
vn 0 1 0
vn 0 1 0
vn 0 1 0
vn 0 1 0
vn 0 1 0
vn 0 1 0
vn 0 1 0
vn 0 1 0
vn 0 1 0
vn 0 1 0
vn 0 1 0
vn 0 1 0
vn 0 1 0
vn 0 1 0
vn 0 1 0
vn 0 1 0
vn 0 1 0
f 2597/2597/2597 2616/2616/2616 2595/2595/2595 2596/2596/2596
f 2598/2598/2598 2599/2599/2599 2614/2614/2614 2615/2615/2615
f 2599/2599/2599 2600/2600/2600 2613/2613/2613 2614/2614/2614
f 2597/2597/2597 2598/2598/2598 2615/2615/2615 2616/2616/2616
f 2601/2601/2601 2612/2612/2612 2613/2613/2613 2600/2600/2600
f 2602/2602/2602 2603/2603/2603 2610/2610/2610 2611/2611/2611
f 2605/2605/2605 2608/2608/2608 2609/2609/2609 2604/2604/2604
f 2606/2606/2606 2607/2607/2607 2608/2608/2608 2605/2605/2605
f 2603/2603/2603 2604/2604/2604 2609/2609/2609 2610/2610/2610
f 2611/2611/2611 2612/2612/2612 2601/2601/2601 2602/2602/2602
usemtl diffuse_255_0_0_255
vt 0.0098039219155907631 1
vt 0.0098039219155907631 0
vt 0.11586973816156387 0
vt 0.22193555533885956 0
vt 0.32800137996673584 0
vt 0.43406718969345093 0
vt 0.54013299942016602 0
vt 0.6461988091468811 0
vt 0.75226461887359619 0
vt 0.85833048820495605 0
vt 0.96439629793167114 0
vt 0.99019604921340942 0
vt 0.99019604921340942 1
vt 0.96439629793167114 1
vt 0.85833048820495605 1
vt 0.75226461887359619 1
vt 0.6461988091468811 1
vt 0.54013299942016602 1
vt 0.43406718969345093 1
vt 0.32800137996673584 1
vt 0.22193555533885956 1
vt 0.11586973816156387 1
vn 0 1 0
vn 0 1 0
vn 0 1 0
vn 0 1 0
vn 0 1 0
vn 0 1 0
vn 0 1 0
vn 0 1 0
vn 0 1 0
vn 0 1 0
vn 0 1 0
vn 0 1 0
vn 0 1 0
vn 0 1 0
vn 0 1 0
vn 0 1 0
vn 0 1 0
vn 0 1 0
vn 0 1 0
vn 0 1 0
vn 0 1 0
vn 0 1 0
f 2618/2618/2618 2619/2619/2619 2638/2638/2638 2617/2617/2617
f 2620/2620/2620 2621/2621/2621 2636/2636/2636 2637/2637/2637
f 2622/2622/2622 2635/2635/2635 2636/2636/2636 2621/2621/2621
f 2619/2619/2619 2620/2620/2620 2637/2637/2637 2638/2638/2638
f 2634/2634/2634 2635/2635/2635 2622/2622/2622 2623/2623/2623
f 2623/2623/2623 2624/2624/2624 2633/2633/2633 2634/2634/2634
f 2625/2625/2625 2626/2626/2626 2631/2631/2631 2632/2632/2632
f 2627/2627/2627 2630/2630/2630 2631/2631/2631 2626/2626/2626
f 2624/2624/2624 2625/2625/2625 2632/2632/2632 2633/2633/2633
f 2628/2628/2628 2629/2629/2629 2630/2630/2630 2627/2627/2627
usemtl diffuse_255_0_0_255
vt 0.0098039219155907631 1
vt 0.0098039219155907631 0
vt 0.5 0
vt 0.99019604921340942 0
vt 0.99019604921340942 1
vt 0.5 1
vn 0 1 0
vn 0 1 0
vn 0 1 0
vn 0 1 0
vn 0 1 0
vn 0 1 0
f 2639/2639/2639 2640/2640/2640 2641/2641/2641 2644/2644/2644
f 2642/2642/2642 2643/2643/2643 2644/2644/2644 2641/2641/2641
usemtl diffuse_255_0_0_255
vt 0.0098039219155907631 1
vt 0.0098039219155907631 0
vt 0.5 0
vt 0.99019604921340942 0
vt 0.99019604921340942 1
vt 0.5 1
vn 0 1 0
vn 0 1 0
vn 0 1 0
vn 0 1 0
vn 0 1 0
vn 0 1 0
f 2645/2645/2645 2646/2646/2646 2647/2647/2647 2650/2650/2650
f 2648/2648/2648 2649/2649/2649 2650/2650/2650 2647/2647/2647
usemtl diffuse_255_0_0_255
vt 0.0098039219155907631 1
vt 0.0098039219155907631 0
vt 0.5 0
vt 0.99019604921340942 0
vt 0.99019604921340942 1
vt 0.5 1
vn 0 1 0
vn 0 1 0
vn 0 1 0
vn 0 1 0
vn 0 1 0
vn 0 1 0
f 2651/2651/2651 2652/2652/2652 2653/2653/2653 2656/2656/2656
f 2654/2654/2654 2655/2655/2655 2656/2656/2656 2653/2653/2653
usemtl diffuse_255_0_0_255
vt 0.0098039219155907631 1
vt 0.0098039219155907631 0
vt 0.5 0
vt 0.99019604921340942 0
vt 0.99019604921340942 1
vt 0.5 1
vn 0 1 0
vn 0 1 0
vn 0 1 0
vn 0 1 0
vn 0 1 0
vn 0 1 0
f 2657/2657/2657 2658/2658/2658 2659/2659/2659 2662/2662/2662
f 2660/2660/2660 2661/2661/2661 2662/2662/2662 2659/2659/2659
usemtl diffuse_255_0_0_255
vt 0.0098039219155907631 0.99019604921340942
vt 0.0098039219155907631 0.5
vt 0.125 0.5
vt 0.125 0.75
vt 0.0625 0.5
vt 0.0625 0.75
vt 0.0098039219155907631 0.0098039219155907631
vt 0.125 0.25
vt 0.0625 0.25
vt 0.17320261895656586 0.0098039219155907631
vt 0.33660131692886353 0.0098039219155907631
vt 0.5 0.0098039219155907631
vt 0.66339868307113647 0.0098039219155907631
vt 0.82679736614227295 0.0098039219155907631
vt 0.99019604921340942 0.0098039219155907631
vt 0.99019604921340942 0.99019604921340942
vt 0.82679736614227295 0.99019604921340942
vt 0.66339868307113647 0.99019604921340942
vt 0.5 0.99019604921340942
vt 0.33660131692886353 0.99019604921340942
vt 0.17320261895656586 0.99019604921340942
vn 0 1 0
vn 0 1 0
vn 0 1 0
vn 0 1 0
vn 0 1 0
vn 0 1 0
vn 0 1 0
vn 0 1 0
vn 0 1 0
vn 0 1 0
vn 0 1 0
vn 0 1 0
vn 0 1 0
vn 0 1 0
vn 0 1 0
vn 0 1 0
vn 0 1 0
vn 0 1 0
vn 0 1 0
vn 0 1 0
vn 0 1 0
f 2666/2666/2666 2668/2668/2668 2667/2667/2667 2665/2665/2665
f 2665/2665/2665 2667/2667/2667 2671/2671/2671 2670/2670/2670
f 2664/2664/2664 2669/2669/2669 2671/2671/2671 2667/2667/2667
f 2670/2670/2670 2671/2671/2671 2672/2672/2672
f 2669/2669/2669 2672/2672/2672 2671/2671/2671
f 2665/2665/2665 2670/2670/2670 2672/2672/2672
f 2663/2663/2663 2664/2664/2664 2667/2667/2667 2668/2668/2668
f 2665/2665/2665 2683/2683/2683 2666/2666/2666
f 2683/2683/2683 2663/2663/2663 2668/2668/2668 2666/2666/2666
f 2673/2673/2673 2665/2665/2665 2672/2672/2672
f 2673/2673/2673 2674/2674/2674 2681/2681/2681 2682/2682/2682
f 2676/2676/2676 2679/2679/2679 2680/2680/2680 2675/2675/2675
f 2677/2677/2677 2678/2678/2678 2679/2679/2679 2676/2676/2676
f 2675/2675/2675 2680/2680/2680 2681/2681/2681 2674/2674/2674
f 2682/2682/2682 2683/2683/2683 2665/2665/2665
f 2673/2673/2673 2682/2682/2682 2665/2665/2665
usemtl diffuse_255_0_0_255
vt 0.0098039219155907631 0.99019604921340942
vt 0.0098039219155907631 0.5
vt 0.125 0.5
vt 0.125 0.75
vt 0.0625 0.5
vt 0.0625 0.75
vt 0.0098039219155907631 0.0098039219155907631
vt 0.125 0.25
vt 0.0625 0.25
vt 0.17320261895656586 0.0098039219155907631
vt 0.33660131692886353 0.0098039219155907631
vt 0.5 0.0098039219155907631
vt 0.66339868307113647 0.0098039219155907631
vt 0.82679736614227295 0.0098039219155907631
vt 0.99019604921340942 0.0098039219155907631
vt 0.99019604921340942 0.99019604921340942
vt 0.82679736614227295 0.99019604921340942
vt 0.66339868307113647 0.99019604921340942
vt 0.5 0.99019604921340942
vt 0.33660131692886353 0.99019604921340942
vt 0.17320261895656586 0.99019604921340942
vn 0 1 0
vn 0 1 0
vn 0 1 0
vn 0 1 0
vn 0 1 0
vn 0 1 0
vn 0 1 0
vn 0 1 0
vn 0 1 0
vn 0 1 0
vn 0 1 0
vn 0 1 0
vn 0 1 0
vn 0 1 0
vn 0 1 0
vn 0 1 0
vn 0 1 0
vn 0 1 0
vn 0 1 0
vn 0 1 0
vn 0 1 0
f 2687/2687/2687 2689/2689/2689 2688/2688/2688 2686/2686/2686
f 2686/2686/2686 2688/2688/2688 2692/2692/2692 2691/2691/2691
f 2685/2685/2685 2690/2690/2690 2692/2692/2692 2688/2688/2688
f 2691/2691/2691 2692/2692/2692 2693/2693/2693
f 2690/2690/2690 2693/2693/2693 2692/2692/2692
f 2686/2686/2686 2691/2691/2691 2693/2693/2693
f 2684/2684/2684 2685/2685/2685 2688/2688/2688 2689/2689/2689
f 2686/2686/2686 2704/2704/2704 2687/2687/2687
f 2704/2704/2704 2684/2684/2684 2689/2689/2689 2687/2687/2687
f 2694/2694/2694 2686/2686/2686 2693/2693/2693
f 2694/2694/2694 2695/2695/2695 2702/2702/2702 2703/2703/2703
f 2697/2697/2697 2700/2700/2700 2701/2701/2701 2696/2696/2696
f 2698/2698/2698 2699/2699/2699 2700/2700/2700 2697/2697/2697
f 2695/2695/2695 2696/2696/2696 2701/2701/2701 2702/2702/2702
f 2703/2703/2703 2704/2704/2704 2686/2686/2686
f 2694/2694/2694 2703/2703/2703 2686/2686/2686
usemtl diffuse_255_0_0_255
vt 0.0098039219155907631 1
vt 0.0098039219155907631 0
vt 0.5 0
vt 0.99019604921340942 0
vt 0.99019604921340942 1
vt 0.5 1
vn 0 1 0
vn 0 1 0
vn 0 1 0
vn 0 1 0
vn 0 1 0
vn 0 1 0
f 2705/2705/2705 2706/2706/2706 2707/2707/2707 2710/2710/2710
f 2708/2708/2708 2709/2709/2709 2710/2710/2710 2707/2707/2707
usemtl diffuse_255_0_0_255
vt 0.0098039219155907631 1
vt 0.0098039219155907631 0
vt 0.5 0
vt 0.99019604921340942 0
vt 0.99019604921340942 1
vt 0.5 1
vn 0 1 0
vn 0 1 0
vn 0 1 0
vn 0 1 0
vn 0 1 0
vn 0 1 0
f 2711/2711/2711 2712/2712/2712 2713/2713/2713 2716/2716/2716
f 2714/2714/2714 2715/2715/2715 2716/2716/2716 2713/2713/2713
usemtl diffuse_128_128_128_255
vt 1 0.99019604921340942
vt 0 0.99019604921340942
vt 0 0.5
vt 0 0.0098039219155907631
vt 1 0.0098039219155907631
vt 1 0.5
vn 0 1 0
vn 0 1 0
vn 0 1 0
vn 0 1 0
vn 0 1 0
vn 0 1 0
f 2719/2719/2719 2720/2720/2720 2721/2721/2721 2722/2722/2722
f 2718/2718/2718 2719/2719/2719 2722/2722/2722 2717/2717/2717
usemtl diffuse_128_128_128_255
vt 1 0.99019604921340942
vt 0 0.99019604921340942
vt 0 0.5
vt 0 0.0098039219155907631
vt 1 0.0098039219155907631
vt 1 0.5
vn 0 1 0
vn 0 1 0
vn 0 1 0
vn 0 1 0
vn 0 1 0
vn 0 1 0
f 2725/2725/2725 2726/2726/2726 2727/2727/2727 2728/2728/2728
f 2724/2724/2724 2725/2725/2725 2728/2728/2728 2723/2723/2723
usemtl diffuse_128_128_128_255
vt 1 0.99019604921340942
vt 0 0.99019604921340942
vt 0 0.5
vt 0 0.0098039219155907631
vt 1 0.0098039219155907631
vt 1 0.5
vn 0 1 0
vn 0 1 0
vn 0 1 0
vn 0 1 0
vn 0 1 0
vn 0 1 0
f 2731/2731/2731 2732/2732/2732 2733/2733/2733 2734/2734/2734
f 2730/2730/2730 2731/2731/2731 2734/2734/2734 2729/2729/2729
usemtl diffuse_128_128_128_255
vt 1 0.99019604921340942
vt 0 0.99019604921340942
vt 0 0.5
vt 0 0.0098039219155907631
vt 1 0.0098039219155907631
vt 1 0.5
vn 0 1 0
vn 0 1 0
vn 0 1 0
vn 0 1 0
vn 0 1 0
vn 0 1 0
f 2737/2737/2737 2738/2738/2738 2739/2739/2739 2740/2740/2740
f 2736/2736/2736 2737/2737/2737 2740/2740/2740 2735/2735/2735
usemtl diffuse_128_128_128_255
vt 1 0.99019604921340942
vt 0 0.99019604921340942
vt 0 0.5
vt 0 0.0098039219155907631
vt 1 0.0098039219155907631
vt 1 0.5
vn 0 1 0
vn 0 1 0
vn 0 1 0
vn 0 1 0
vn 0 1 0
vn 0 1 0
f 2743/2743/2743 2744/2744/2744 2745/2745/2745 2746/2746/2746
f 2742/2742/2742 2743/2743/2743 2746/2746/2746 2741/2741/2741
usemtl diffuse_128_128_128_255
vt 1 0.99019604921340942
vt 0 0.99019604921340942
vt 0 0.5
vt 0 0.0098039219155907631
vt 1 0.0098039219155907631
vt 1 0.5
vn 0 1 0
vn 0 1 0
vn 0 1 0
vn 0 1 0
vn 0 1 0
vn 0 1 0
f 2749/2749/2749 2750/2750/2750 2751/2751/2751 2752/2752/2752
f 2748/2748/2748 2749/2749/2749 2752/2752/2752 2747/2747/2747
usemtl diffuse_128_128_128_255
vt 1 0.99019604921340942
vt 0 0.99019604921340942
vt 0 0.5
vt 0 0.0098039219155907631
vt 1 0.0098039219155907631
vt 1 0.5
vn 0 1 0
vn 0 1 0
vn 0 1 0
vn 0 1 0
vn 0 1 0
vn 0 1 0
f 2755/2755/2755 2756/2756/2756 2757/2757/2757 2758/2758/2758
f 2754/2754/2754 2755/2755/2755 2758/2758/2758 2753/2753/2753
usemtl diffuse_128_128_128_255
vt 1 0.99019604921340942
vt 0 0.99019604921340942
vt 0 0.5
vt 0 0.0098039219155907631
vt 1 0.0098039219155907631
vt 1 0.5
vn 0 1 0
vn 0 1 0
vn 0 1 0
vn 0 1 0
vn 0 1 0
vn 0 1 0
f 2761/2761/2761 2762/2762/2762 2763/2763/2763 2764/2764/2764
f 2760/2760/2760 2761/2761/2761 2764/2764/2764 2759/2759/2759
usemtl diffuse_128_128_128_255
vt 1 0.99019604921340942
vt 0 0.99019604921340942
vt 0 0.5
vt 0 0.0098039219155907631
vt 1 0.0098039219155907631
vt 1 0.5
vn 0 1 0
vn 0 1 0
vn 0 1 0
vn 0 1 0
vn 0 1 0
vn 0 1 0
f 2767/2767/2767 2768/2768/2768 2769/2769/2769 2770/2770/2770
f 2766/2766/2766 2767/2767/2767 2770/2770/2770 2765/2765/2765
usemtl diffuse_128_128_128_255
vt 1 0.99019604921340942
vt 0 0.99019604921340942
vt 0 0.5
vt 0 0.0098039219155907631
vt 1 0.0098039219155907631
vt 1 0.5
vn 0 1 0
vn 0 1 0
vn 0 1 0
vn 0 1 0
vn 0 1 0
vn 0 1 0
f 2773/2773/2773 2774/2774/2774 2775/2775/2775 2776/2776/2776
f 2772/2772/2772 2773/2773/2773 2776/2776/2776 2771/2771/2771
usemtl diffuse_128_128_128_255
vt 1 0.99019604921340942
vt 0 0.99019604921340942
vt 0 0.5
vt 0 0.0098039219155907631
vt 1 0.0098039219155907631
vt 1 0.5
vn 0 1 0
vn 0 1 0
vn 0 1 0
vn 0 1 0
vn 0 1 0
vn 0 1 0
f 2779/2779/2779 2780/2780/2780 2781/2781/2781 2782/2782/2782
f 2778/2778/2778 2779/2779/2779 2782/2782/2782 2777/2777/2777
usemtl diffuse_128_128_128_255
vt 1 0.99019604921340942
vt 0 0.99019604921340942
vt 0 0.5
vt 0 0.0098039219155907631
vt 1 0.0098039219155907631
vt 1 0.5
vn 0 1 0
vn 0 1 0
vn 0 1 0
vn 0 1 0
vn 0 1 0
vn 0 1 0
f 2785/2785/2785 2786/2786/2786 2787/2787/2787 2788/2788/2788
f 2784/2784/2784 2785/2785/2785 2788/2788/2788 2783/2783/2783
usemtl diffuse_128_128_128_255
vt 1 0.99019604921340942
vt 0 0.99019604921340942
vt 0 0.5
vt 0 0.0098039219155907631
vt 1 0.0098039219155907631
vt 1 0.5
vn 0 1 0
vn 0 1 0
vn 0 1 0
vn 0 1 0
vn 0 1 0
vn 0 1 0
f 2791/2791/2791 2792/2792/2792 2793/2793/2793 2794/2794/2794
f 2790/2790/2790 2791/2791/2791 2794/2794/2794 2789/2789/2789
usemtl diffuse_128_128_128_255
vt 1 0.99019604921340942
vt 0 0.99019604921340942
vt 0 0.5
vt 0 0.0098039219155907631
vt 1 0.0098039219155907631
vt 1 0.5
vn 0 1 0
vn 0 1 0
vn 0 1 0
vn 0 1 0
vn 0 1 0
vn 0 1 0
f 2797/2797/2797 2798/2798/2798 2799/2799/2799 2800/2800/2800
f 2796/2796/2796 2797/2797/2797 2800/2800/2800 2795/2795/2795
usemtl diffuse_128_128_128_255
vt 1 0.99019604921340942
vt 0 0.99019604921340942
vt 0 0.5
vt 0 0.0098039219155907631
vt 1 0.0098039219155907631
vt 1 0.5
vn 0 1 0
vn 0 1 0
vn 0 1 0
vn 0 1 0
vn 0 1 0
vn 0 1 0
f 2803/2803/2803 2804/2804/2804 2805/2805/2805 2806/2806/2806
f 2802/2802/2802 2803/2803/2803 2806/2806/2806 2801/2801/2801
usemtl diffuse_128_128_128_255
vt 1 0.99019604921340942
vt 0 0.99019604921340942
vt 0 0.5
vt 0 0.0098039219155907631
vt 1 0.0098039219155907631
vt 1 0.5
vn 0 1 0
vn 0 1 0
vn 0 1 0
vn 0 1 0
vn 0 1 0
vn 0 1 0
f 2809/2809/2809 2810/2810/2810 2811/2811/2811 2812/2812/2812
f 2808/2808/2808 2809/2809/2809 2812/2812/2812 2807/2807/2807
usemtl diffuse_128_128_128_255
vt 1 0.99019604921340942
vt 0 0.99019604921340942
vt 0 0.5
vt 0 0.0098039219155907631
vt 1 0.0098039219155907631
vt 1 0.5
vn 0 1 0
vn 0 1 0
vn 0 1 0
vn 0 1 0
vn 0 1 0
vn 0 1 0
f 2815/2815/2815 2816/2816/2816 2817/2817/2817 2818/2818/2818
f 2814/2814/2814 2815/2815/2815 2818/2818/2818 2813/2813/2813
usemtl diffuse_128_128_128_255
vt 1 0.99019604921340942
vt 0 0.99019604921340942
vt 0 0.5
vt 0 0.0098039219155907631
vt 1 0.0098039219155907631
vt 1 0.5
vn 0 1 0
vn 0 1 0
vn 0 1 0
vn 0 1 0
vn 0 1 0
vn 0 1 0
f 2821/2821/2821 2822/2822/2822 2823/2823/2823 2824/2824/2824
f 2820/2820/2820 2821/2821/2821 2824/2824/2824 2819/2819/2819
usemtl diffuse_128_128_128_255
vt 1 0.99019604921340942
vt 0 0.99019604921340942
vt 0 0.5
vt 0 0.0098039219155907631
vt 1 0.0098039219155907631
vt 1 0.5
vn 0 1 0
vn 0 1 0
vn 0 1 0
vn 0 1 0
vn 0 1 0
vn 0 1 0
f 2827/2827/2827 2828/2828/2828 2829/2829/2829 2830/2830/2830
f 2826/2826/2826 2827/2827/2827 2830/2830/2830 2825/2825/2825
usemtl diffuse_128_128_128_255
vt 1 0.99019604921340942
vt 0 0.99019604921340942
vt 0 0.5
vt 0 0.0098039219155907631
vt 1 0.0098039219155907631
vt 1 0.5
vn 0 1 0
vn 0 1 0
vn 0 1 0
vn 0 1 0
vn 0 1 0
vn 0 1 0
f 2833/2833/2833 2834/2834/2834 2835/2835/2835 2836/2836/2836
f 2832/2832/2832 2833/2833/2833 2836/2836/2836 2831/2831/2831
usemtl diffuse_128_128_128_255
vt 1 0.99019604921340942
vt 0 0.99019604921340942
vt 0 0.5
vt 0 0.0098039219155907631
vt 1 0.0098039219155907631
vt 1 0.5
vn 0 1 0
vn 0 1 0
vn 0 1 0
vn 0 1 0
vn 0 1 0
vn 0 1 0
f 2839/2839/2839 2840/2840/2840 2841/2841/2841 2842/2842/2842
f 2838/2838/2838 2839/2839/2839 2842/2842/2842 2837/2837/2837
usemtl diffuse_128_128_128_255
vt 1 0.99019604921340942
vt 0 0.99019604921340942
vt 0 0.5
vt 0 0.0098039219155907631
vt 1 0.0098039219155907631
vt 1 0.5
vn 0 1 0
vn 0 1 0
vn 0 1 0
vn 0 1 0
vn 0 1 0
vn 0 1 0
f 2845/2845/2845 2846/2846/2846 2847/2847/2847 2848/2848/2848
f 2844/2844/2844 2845/2845/2845 2848/2848/2848 2843/2843/2843
usemtl diffuse_128_128_128_255
vt 1 0.99019604921340942
vt 0 0.99019604921340942
vt 0 0.5
vt 0 0.0098039219155907631
vt 1 0.0098039219155907631
vt 1 0.5
vn 0 1 0
vn 0 1 0
vn 0 1 0
vn 0 1 0
vn 0 1 0
vn 0 1 0
f 2851/2851/2851 2852/2852/2852 2853/2853/2853 2854/2854/2854
f 2850/2850/2850 2851/2851/2851 2854/2854/2854 2849/2849/2849
usemtl diffuse_128_128_128_255
vt 1 0.99019604921340942
vt 0 0.99019604921340942
vt 0 0.5
vt 0 0.0098039219155907631
vt 1 0.0098039219155907631
vt 1 0.5
vn 0 1 0
vn 0 1 0
vn 0 1 0
vn 0 1 0
vn 0 1 0
vn 0 1 0
f 2857/2857/2857 2858/2858/2858 2859/2859/2859 2860/2860/2860
f 2856/2856/2856 2857/2857/2857 2860/2860/2860 2855/2855/2855
usemtl diffuse_128_128_128_255
vt 1 0.99019604921340942
vt 0 0.99019604921340942
vt 0 0.5
vt 0 0.0098039219155907631
vt 1 0.0098039219155907631
vt 1 0.5
vn 0 1 0
vn 0 1 0
vn 0 1 0
vn 0 1 0
vn 0 1 0
vn 0 1 0
f 2863/2863/2863 2864/2864/2864 2865/2865/2865 2866/2866/2866
f 2862/2862/2862 2863/2863/2863 2866/2866/2866 2861/2861/2861
usemtl diffuse_128_128_128_255
vt 1 0.99019604921340942
vt 0 0.99019604921340942
vt 0 0.5
vt 0 0.0098039219155907631
vt 1 0.0098039219155907631
vt 1 0.5
vn 0 1 0
vn 0 1 0
vn 0 1 0
vn 0 1 0
vn 0 1 0
vn 0 1 0
f 2869/2869/2869 2870/2870/2870 2871/2871/2871 2872/2872/2872
f 2868/2868/2868 2869/2869/2869 2872/2872/2872 2867/2867/2867
usemtl diffuse_128_128_128_255
vt 1 0.99019604921340942
vt 0 0.99019604921340942
vt 0 0.5
vt 0 0.0098039219155907631
vt 1 0.0098039219155907631
vt 1 0.5
vn 0 1 0
vn 0 1 0
vn 0 1 0
vn 0 1 0
vn 0 1 0
vn 0 1 0
f 2875/2875/2875 2876/2876/2876 2877/2877/2877 2878/2878/2878
f 2874/2874/2874 2875/2875/2875 2878/2878/2878 2873/2873/2873
usemtl diffuse_128_128_128_255
vt 1 0.99019604921340942
vt 0 0.99019604921340942
vt 0 0.5
vt 0 0.0098039219155907631
vt 1 0.0098039219155907631
vt 1 0.5
vn 0 1 0
vn 0 1 0
vn 0 1 0
vn 0 1 0
vn 0 1 0
vn 0 1 0
f 2881/2881/2881 2882/2882/2882 2883/2883/2883 2884/2884/2884
f 2880/2880/2880 2881/2881/2881 2884/2884/2884 2879/2879/2879
usemtl diffuse_128_128_128_255
vt 1 0.99019604921340942
vt 0 0.99019604921340942
vt 0 0.5
vt 0 0.0098039219155907631
vt 1 0.0098039219155907631
vt 1 0.5
vn 0 1 0
vn 0 1 0
vn 0 1 0
vn 0 1 0
vn 0 1 0
vn 0 1 0
f 2887/2887/2887 2888/2888/2888 2889/2889/2889 2890/2890/2890
f 2886/2886/2886 2887/2887/2887 2890/2890/2890 2885/2885/2885
usemtl diffuse_128_128_128_255
vt 1 0.99019604921340942
vt 0 0.99019604921340942
vt 0 0.5
vt 0 0.0098039219155907631
vt 1 0.0098039219155907631
vt 1 0.5
vn 0 1 0
vn 0 1 0
vn 0 1 0
vn 0 1 0
vn 0 1 0
vn 0 1 0
f 2893/2893/2893 2894/2894/2894 2895/2895/2895 2896/2896/2896
f 2892/2892/2892 2893/2893/2893 2896/2896/2896 2891/2891/2891
usemtl diffuse_128_128_128_255
vt 1 0.99019604921340942
vt 0 0.99019604921340942
vt 0 0.5
vt 0 0.0098039219155907631
vt 1 0.0098039219155907631
vt 1 0.5
vn 0 1 0
vn 0 1 0
vn 0 1 0
vn 0 1 0
vn 0 1 0
vn 0 1 0
f 2899/2899/2899 2900/2900/2900 2901/2901/2901 2902/2902/2902
f 2898/2898/2898 2899/2899/2899 2902/2902/2902 2897/2897/2897
usemtl diffuse_128_128_128_255
vt 1 0.99019604921340942
vt 0 0.99019604921340942
vt 0 0.5
vt 0 0.0098039219155907631
vt 1 0.0098039219155907631
vt 1 0.5
vn 0 1 0
vn 0 1 0
vn 0 1 0
vn 0 1 0
vn 0 1 0
vn 0 1 0
f 2905/2905/2905 2906/2906/2906 2907/2907/2907 2908/2908/2908
f 2904/2904/2904 2905/2905/2905 2908/2908/2908 2903/2903/2903
usemtl diffuse_128_128_128_255
vt 1 0.99019604921340942
vt 0 0.99019604921340942
vt 0 0.5
vt 0 0.0098039219155907631
vt 1 0.0098039219155907631
vt 1 0.5
vn 0 1 0
vn 0 1 0
vn 0 1 0
vn 0 1 0
vn 0 1 0
vn 0 1 0
f 2911/2911/2911 2912/2912/2912 2913/2913/2913 2914/2914/2914
f 2910/2910/2910 2911/2911/2911 2914/2914/2914 2909/2909/2909
usemtl diffuse_128_128_128_255
vt 1 0.99019604921340942
vt 0 0.99019604921340942
vt 0 0.5
vt 0 0.0098039219155907631
vt 1 0.0098039219155907631
vt 1 0.5
vn 0 1 0
vn 0 1 0
vn 0 1 0
vn 0 1 0
vn 0 1 0
vn 0 1 0
f 2917/2917/2917 2918/2918/2918 2919/2919/2919 2920/2920/2920
f 2916/2916/2916 2917/2917/2917 2920/2920/2920 2915/2915/2915
usemtl diffuse_128_128_128_255
vt 1 0.99019604921340942
vt 0 0.99019604921340942
vt 0 0.5
vt 0 0.0098039219155907631
vt 1 0.0098039219155907631
vt 1 0.5
vn 0 1 0
vn 0 1 0
vn 0 1 0
vn 0 1 0
vn 0 1 0
vn 0 1 0
f 2923/2923/2923 2924/2924/2924 2925/2925/2925 2926/2926/2926
f 2922/2922/2922 2923/2923/2923 2926/2926/2926 2921/2921/2921
usemtl diffuse_128_128_128_255
vt 1 0.99019604921340942
vt 0 0.99019604921340942
vt 0 0.5
vt 0 0.0098039219155907631
vt 1 0.0098039219155907631
vt 1 0.5
vn 0 1 0
vn 0 1 0
vn 0 1 0
vn 0 1 0
vn 0 1 0
vn 0 1 0
f 2929/2929/2929 2930/2930/2930 2931/2931/2931 2932/2932/2932
f 2928/2928/2928 2929/2929/2929 2932/2932/2932 2927/2927/2927
usemtl diffuse_128_128_128_255
vt 1 0.99019604921340942
vt 0 0.99019604921340942
vt 0 0.5
vt 0 0.0098039219155907631
vt 1 0.0098039219155907631
vt 1 0.5
vn 0 1 0
vn 0 1 0
vn 0 1 0
vn 0 1 0
vn 0 1 0
vn 0 1 0
f 2935/2935/2935 2936/2936/2936 2937/2937/2937 2938/2938/2938
f 2934/2934/2934 2935/2935/2935 2938/2938/2938 2933/2933/2933
usemtl diffuse_128_128_128_255
vt 1 0.99019604921340942
vt 0 0.99019604921340942
vt 0 0.5
vt 0 0.0098039219155907631
vt 1 0.0098039219155907631
vt 1 0.5
vn 0 1 0
vn 0 1 0
vn 0 1 0
vn 0 1 0
vn 0 1 0
vn 0 1 0
f 2941/2941/2941 2942/2942/2942 2943/2943/2943 2944/2944/2944
f 2940/2940/2940 2941/2941/2941 2944/2944/2944 2939/2939/2939
usemtl diffuse_128_128_128_255
vt 1 0.99019604921340942
vt 0 0.99019604921340942
vt 0 0.5
vt 0 0.0098039219155907631
vt 1 0.0098039219155907631
vt 1 0.5
vn 0 1 0
vn 0 1 0
vn 0 1 0
vn 0 1 0
vn 0 1 0
vn 0 1 0
f 2947/2947/2947 2948/2948/2948 2949/2949/2949 2950/2950/2950
f 2946/2946/2946 2947/2947/2947 2950/2950/2950 2945/2945/2945
usemtl diffuse_128_128_128_255
vt 1 0.99019604921340942
vt 0 0.99019604921340942
vt 0 0.5
vt 0 0.0098039219155907631
vt 1 0.0098039219155907631
vt 1 0.5
vn 0 1 0
vn 0 1 0
vn 0 1 0
vn 0 1 0
vn 0 1 0
vn 0 1 0
f 2953/2953/2953 2954/2954/2954 2955/2955/2955 2956/2956/2956
f 2952/2952/2952 2953/2953/2953 2956/2956/2956 2951/2951/2951
usemtl diffuse_128_128_128_255
vt 1 0.99019604921340942
vt 0 0.99019604921340942
vt 0 0.5
vt 0 0.0098039219155907631
vt 1 0.0098039219155907631
vt 1 0.5
vn 0 1 0
vn 0 1 0
vn 0 1 0
vn 0 1 0
vn 0 1 0
vn 0 1 0
f 2959/2959/2959 2960/2960/2960 2961/2961/2961 2962/2962/2962
f 2958/2958/2958 2959/2959/2959 2962/2962/2962 2957/2957/2957
usemtl diffuse_128_128_128_255
vt 1 0.99019604921340942
vt 0 0.99019604921340942
vt 0 0.5
vt 0 0.0098039219155907631
vt 1 0.0098039219155907631
vt 1 0.5
vn 0 1 0
vn 0 1 0
vn 0 1 0
vn 0 1 0
vn 0 1 0
vn 0 1 0
f 2965/2965/2965 2966/2966/2966 2967/2967/2967 2968/2968/2968
f 2964/2964/2964 2965/2965/2965 2968/2968/2968 2963/2963/2963
usemtl diffuse_128_128_128_255
vt 1 0.99019604921340942
vt 0 0.99019604921340942
vt 0 0.5
vt 0 0.0098039219155907631
vt 1 0.0098039219155907631
vt 1 0.5
vn 0 1 0
vn 0 1 0
vn 0 1 0
vn 0 1 0
vn 0 1 0
vn 0 1 0
f 2971/2971/2971 2972/2972/2972 2973/2973/2973 2974/2974/2974
f 2970/2970/2970 2971/2971/2971 2974/2974/2974 2969/2969/2969
usemtl diffuse_128_128_128_255
vt 1 0.99019604921340942
vt 0 0.99019604921340942
vt 0 0.5
vt 0 0.0098039219155907631
vt 1 0.0098039219155907631
vt 1 0.5
vn 0 1 0
vn 0 1 0
vn 0 1 0
vn 0 1 0
vn 0 1 0
vn 0 1 0
f 2977/2977/2977 2978/2978/2978 2979/2979/2979 2980/2980/2980
f 2976/2976/2976 2977/2977/2977 2980/2980/2980 2975/2975/2975
usemtl diffuse_128_128_128_255
vt 1 0.99019604921340942
vt 0 0.99019604921340942
vt 0 0.5
vt 0 0.0098039219155907631
vt 1 0.0098039219155907631
vt 1 0.5
vn 0 1 0
vn 0 1 0
vn 0 1 0
vn 0 1 0
vn 0 1 0
vn 0 1 0
f 2983/2983/2983 2984/2984/2984 2985/2985/2985 2986/2986/2986
f 2982/2982/2982 2983/2983/2983 2986/2986/2986 2981/2981/2981
usemtl diffuse_128_128_128_255
vt 1 0.99019604921340942
vt 0 0.99019604921340942
vt 0 0.5
vt 0 0.0098039219155907631
vt 1 0.0098039219155907631
vt 1 0.5
vn 0 1 0
vn 0 1 0
vn 0 1 0
vn 0 1 0
vn 0 1 0
vn 0 1 0
f 2989/2989/2989 2990/2990/2990 2991/2991/2991 2992/2992/2992
f 2988/2988/2988 2989/2989/2989 2992/2992/2992 2987/2987/2987
usemtl diffuse_128_128_128_255
vt 1 0.99019604921340942
vt 0 0.99019604921340942
vt 0 0.5
vt 0 0.0098039219155907631
vt 1 0.0098039219155907631
vt 1 0.5
vn 0 1 0
vn 0 1 0
vn 0 1 0
vn 0 1 0
vn 0 1 0
vn 0 1 0
f 2995/2995/2995 2996/2996/2996 2997/2997/2997 2998/2998/2998
f 2994/2994/2994 2995/2995/2995 2998/2998/2998 2993/2993/2993
usemtl diffuse_128_128_128_255
vt 1 0.99019604921340942
vt 0 0.99019604921340942
vt 0 0.5
vt 0 0.0098039219155907631
vt 1 0.0098039219155907631
vt 1 0.5
vn 0 1 0
vn 0 1 0
vn 0 1 0
vn 0 1 0
vn 0 1 0
vn 0 1 0
f 3001/3001/3001 3002/3002/3002 3003/3003/3003 3004/3004/3004
f 3000/3000/3000 3001/3001/3001 3004/3004/3004 2999/2999/2999
usemtl diffuse_128_128_128_255
vt 1 0.99019604921340942
vt 0 0.99019604921340942
vt 0 0.5
vt 0 0.0098039219155907631
vt 1 0.0098039219155907631
vt 1 0.5
vn 0 1 0
vn 0 1 0
vn 0 1 0
vn 0 1 0
vn 0 1 0
vn 0 1 0
f 3007/3007/3007 3008/3008/3008 3009/3009/3009 3010/3010/3010
f 3006/3006/3006 3007/3007/3007 3010/3010/3010 3005/3005/3005
usemtl diffuse_128_128_128_255
vt 1 0.99019604921340942
vt 0 0.99019604921340942
vt 0 0.5
vt 0 0.0098039219155907631
vt 1 0.0098039219155907631
vt 1 0.5
vn 0 1 0
vn 0 1 0
vn 0 1 0
vn 0 1 0
vn 0 1 0
vn 0 1 0
f 3013/3013/3013 3014/3014/3014 3015/3015/3015 3016/3016/3016
f 3012/3012/3012 3013/3013/3013 3016/3016/3016 3011/3011/3011
usemtl diffuse_128_128_128_255
vt 1 0.99019604921340942
vt 0 0.99019604921340942
vt 0 0.5
vt 0 0.0098039219155907631
vt 1 0.0098039219155907631
vt 1 0.5
vn 0 1 0
vn 0 1 0
vn 0 1 0
vn 0 1 0
vn 0 1 0
vn 0 1 0
f 3019/3019/3019 3020/3020/3020 3021/3021/3021 3022/3022/3022
f 3018/3018/3018 3019/3019/3019 3022/3022/3022 3017/3017/3017
usemtl diffuse_128_128_128_255
vt 1 0.99019604921340942
vt 0 0.99019604921340942
vt 0 0.5
vt 0 0.0098039219155907631
vt 1 0.0098039219155907631
vt 1 0.5
vn 0 1 0
vn 0 1 0
vn 0 1 0
vn 0 1 0
vn 0 1 0
vn 0 1 0
f 3025/3025/3025 3026/3026/3026 3027/3027/3027 3028/3028/3028
f 3024/3024/3024 3025/3025/3025 3028/3028/3028 3023/3023/3023
usemtl diffuse_128_128_128_255
vt 1 0.99019604921340942
vt 0 0.99019604921340942
vt 0 0.5
vt 0 0.0098039219155907631
vt 1 0.0098039219155907631
vt 1 0.5
vn 0 1 0
vn 0 1 0
vn 0 1 0
vn 0 1 0
vn 0 1 0
vn 0 1 0
f 3031/3031/3031 3032/3032/3032 3033/3033/3033 3034/3034/3034
f 3030/3030/3030 3031/3031/3031 3034/3034/3034 3029/3029/3029
usemtl diffuse_128_128_128_255
vt 1 0.99019604921340942
vt 0 0.99019604921340942
vt 0 0.5
vt 0 0.0098039219155907631
vt 1 0.0098039219155907631
vt 1 0.5
vn 0 1 0
vn 0 1 0
vn 0 1 0
vn 0 1 0
vn 0 1 0
vn 0 1 0
f 3037/3037/3037 3038/3038/3038 3039/3039/3039 3040/3040/3040
f 3036/3036/3036 3037/3037/3037 3040/3040/3040 3035/3035/3035
usemtl diffuse_128_128_128_255
vt 1 0.99019604921340942
vt 0 0.99019604921340942
vt 0 0.5
vt 0 0.0098039219155907631
vt 1 0.0098039219155907631
vt 1 0.5
vn 0 1 0
vn 0 1 0
vn 0 1 0
vn 0 1 0
vn 0 1 0
vn 0 1 0
f 3043/3043/3043 3044/3044/3044 3045/3045/3045 3046/3046/3046
f 3042/3042/3042 3043/3043/3043 3046/3046/3046 3041/3041/3041
usemtl diffuse_128_128_128_255
vt 1 0.99019604921340942
vt 0 0.99019604921340942
vt 0 0.5
vt 0 0.0098039219155907631
vt 1 0.0098039219155907631
vt 1 0.5
vn 0 1 0
vn 0 1 0
vn 0 1 0
vn 0 1 0
vn 0 1 0
vn 0 1 0
f 3049/3049/3049 3050/3050/3050 3051/3051/3051 3052/3052/3052
f 3048/3048/3048 3049/3049/3049 3052/3052/3052 3047/3047/3047
usemtl diffuse_128_128_128_255
vt 1 0.99019604921340942
vt 0 0.99019604921340942
vt 0 0.5
vt 0 0.0098039219155907631
vt 1 0.0098039219155907631
vt 1 0.5
vn 0 1 0
vn 0 1 0
vn 0 1 0
vn 0 1 0
vn 0 1 0
vn 0 1 0
f 3055/3055/3055 3056/3056/3056 3057/3057/3057 3058/3058/3058
f 3054/3054/3054 3055/3055/3055 3058/3058/3058 3053/3053/3053
usemtl diffuse_128_128_128_255
vt 1 0.99019604921340942
vt 0 0.99019604921340942
vt 0 0.5
vt 0 0.0098039219155907631
vt 1 0.0098039219155907631
vt 1 0.5
vn 0 1 0
vn 0 1 0
vn 0 1 0
vn 0 1 0
vn 0 1 0
vn 0 1 0
f 3061/3061/3061 3062/3062/3062 3063/3063/3063 3064/3064/3064
f 3060/3060/3060 3061/3061/3061 3064/3064/3064 3059/3059/3059
usemtl diffuse_128_128_128_255
vt 1 0.99019604921340942
vt 0 0.99019604921340942
vt 0 0.5
vt 0 0.0098039219155907631
vt 1 0.0098039219155907631
vt 1 0.5
vn 0 1 0
vn 0 1 0
vn 0 1 0
vn 0 1 0
vn 0 1 0
vn 0 1 0
f 3067/3067/3067 3068/3068/3068 3069/3069/3069 3070/3070/3070
f 3066/3066/3066 3067/3067/3067 3070/3070/3070 3065/3065/3065
usemtl diffuse_128_128_128_255
vt 1 0.99019604921340942
vt 0 0.99019604921340942
vt 0 0.5
vt 0 0.0098039219155907631
vt 1 0.0098039219155907631
vt 1 0.5
vn 0 1 0
vn 0 1 0
vn 0 1 0
vn 0 1 0
vn 0 1 0
vn 0 1 0
f 3073/3073/3073 3074/3074/3074 3075/3075/3075 3076/3076/3076
f 3072/3072/3072 3073/3073/3073 3076/3076/3076 3071/3071/3071
usemtl diffuse_128_128_128_255
vt 1 0.99019604921340942
vt 0 0.99019604921340942
vt 0 0.5
vt 0 0.0098039219155907631
vt 1 0.0098039219155907631
vt 1 0.5
vn 0 1 0
vn 0 1 0
vn 0 1 0
vn 0 1 0
vn 0 1 0
vn 0 1 0
f 3079/3079/3079 3080/3080/3080 3081/3081/3081 3082/3082/3082
f 3078/3078/3078 3079/3079/3079 3082/3082/3082 3077/3077/3077
usemtl diffuse_128_128_128_255
vt 1 0.99019604921340942
vt 0 0.99019604921340942
vt 0 0.5
vt 0 0.0098039219155907631
vt 1 0.0098039219155907631
vt 1 0.5
vn 0 1 0
vn 0 1 0
vn 0 1 0
vn 0 1 0
vn 0 1 0
vn 0 1 0
f 3085/3085/3085 3086/3086/3086 3087/3087/3087 3088/3088/3088
f 3084/3084/3084 3085/3085/3085 3088/3088/3088 3083/3083/3083
usemtl diffuse_128_128_128_255
vt 1 0.99019604921340942
vt 0 0.99019604921340942
vt 0 0.5
vt 0 0.0098039219155907631
vt 1 0.0098039219155907631
vt 1 0.5
vn 0 1 0
vn 0 1 0
vn 0 1 0
vn 0 1 0
vn 0 1 0
vn 0 1 0
f 3091/3091/3091 3092/3092/3092 3093/3093/3093 3094/3094/3094
f 3090/3090/3090 3091/3091/3091 3094/3094/3094 3089/3089/3089
usemtl diffuse_128_128_128_255
vt 1 0.99019604921340942
vt 0 0.99019604921340942
vt 0 0.5
vt 0 0.0098039219155907631
vt 1 0.0098039219155907631
vt 1 0.5
vn 0 1 0
vn 0 1 0
vn 0 1 0
vn 0 1 0
vn 0 1 0
vn 0 1 0
f 3097/3097/3097 3098/3098/3098 3099/3099/3099 3100/3100/3100
f 3096/3096/3096 3097/3097/3097 3100/3100/3100 3095/3095/3095
usemtl diffuse_128_128_128_255
vt 1 0.99019604921340942
vt 0 0.99019604921340942
vt 0 0.5
vt 0 0.0098039219155907631
vt 1 0.0098039219155907631
vt 1 0.5
vn 0 1 0
vn 0 1 0
vn 0 1 0
vn 0 1 0
vn 0 1 0
vn 0 1 0
f 3103/3103/3103 3104/3104/3104 3105/3105/3105 3106/3106/3106
f 3102/3102/3102 3103/3103/3103 3106/3106/3106 3101/3101/3101
usemtl diffuse_128_128_128_255
vt 1 0.99019604921340942
vt 0 0.99019604921340942
vt 0 0.5
vt 0 0.0098039219155907631
vt 1 0.0098039219155907631
vt 1 0.5
vn 0 1 0
vn 0 1 0
vn 0 1 0
vn 0 1 0
vn 0 1 0
vn 0 1 0
f 3109/3109/3109 3110/3110/3110 3111/3111/3111 3112/3112/3112
f 3108/3108/3108 3109/3109/3109 3112/3112/3112 3107/3107/3107
usemtl diffuse_128_128_128_255
vt 1 0.99019604921340942
vt 0 0.99019604921340942
vt 0 0.5
vt 0 0.0098039219155907631
vt 1 0.0098039219155907631
vt 1 0.5
vn 0 1 0
vn 0 1 0
vn 0 1 0
vn 0 1 0
vn 0 1 0
vn 0 1 0
f 3115/3115/3115 3116/3116/3116 3117/3117/3117 3118/3118/3118
f 3114/3114/3114 3115/3115/3115 3118/3118/3118 3113/3113/3113
usemtl diffuse_128_128_128_255
vt 1 0.99019604921340942
vt 0 0.99019604921340942
vt 0 0.5
vt 0 0.0098039219155907631
vt 1 0.0098039219155907631
vt 1 0.5
vn 0 1 0
vn 0 1 0
vn 0 1 0
vn 0 1 0
vn 0 1 0
vn 0 1 0
f 3121/3121/3121 3122/3122/3122 3123/3123/3123 3124/3124/3124
f 3120/3120/3120 3121/3121/3121 3124/3124/3124 3119/3119/3119
usemtl diffuse_128_128_128_255
vt 1 0.99019604921340942
vt 0 0.99019604921340942
vt 0 0.5
vt 0 0.0098039219155907631
vt 1 0.0098039219155907631
vt 1 0.5
vn 0 1 0
vn 0 1 0
vn 0 1 0
vn 0 1 0
vn 0 1 0
vn 0 1 0
f 3127/3127/3127 3128/3128/3128 3129/3129/3129 3130/3130/3130
f 3126/3126/3126 3127/3127/3127 3130/3130/3130 3125/3125/3125
usemtl diffuse_128_128_128_255
vt 1 0.99019604921340942
vt 0 0.99019604921340942
vt 0 0.5
vt 0 0.0098039219155907631
vt 1 0.0098039219155907631
vt 1 0.5
vn 0 1 0
vn 0 1 0
vn 0 1 0
vn 0 1 0
vn 0 1 0
vn 0 1 0
f 3133/3133/3133 3134/3134/3134 3135/3135/3135 3136/3136/3136
f 3132/3132/3132 3133/3133/3133 3136/3136/3136 3131/3131/3131
usemtl diffuse_128_128_128_255
vt 1 0.99019604921340942
vt 0 0.99019604921340942
vt 0 0.5
vt 0 0.0098039219155907631
vt 1 0.0098039219155907631
vt 1 0.5
vn 0 1 0
vn 0 1 0
vn 0 1 0
vn 0 1 0
vn 0 1 0
vn 0 1 0
f 3139/3139/3139 3140/3140/3140 3141/3141/3141 3142/3142/3142
f 3138/3138/3138 3139/3139/3139 3142/3142/3142 3137/3137/3137
usemtl diffuse_128_128_128_255
vt 1 0.99019604921340942
vt 0 0.99019604921340942
vt 0 0.5
vt 0 0.0098039219155907631
vt 1 0.0098039219155907631
vt 1 0.5
vn 0 1 0
vn 0 1 0
vn 0 1 0
vn 0 1 0
vn 0 1 0
vn 0 1 0
f 3145/3145/3145 3146/3146/3146 3147/3147/3147 3148/3148/3148
f 3144/3144/3144 3145/3145/3145 3148/3148/3148 3143/3143/3143
usemtl diffuse_128_128_128_255
vt 1 0.99019604921340942
vt 0 0.99019604921340942
vt 0 0.5
vt 0 0.0098039219155907631
vt 1 0.0098039219155907631
vt 1 0.5
vn 0 1 0
vn 0 1 0
vn 0 1 0
vn 0 1 0
vn 0 1 0
vn 0 1 0
f 3151/3151/3151 3152/3152/3152 3153/3153/3153 3154/3154/3154
f 3150/3150/3150 3151/3151/3151 3154/3154/3154 3149/3149/3149
usemtl diffuse_128_128_128_255
vt 1 0.99019604921340942
vt 0 0.99019604921340942
vt 0 0.5
vt 0 0.0098039219155907631
vt 1 0.0098039219155907631
vt 1 0.5
vn 0 1 0
vn 0 1 0
vn 0 1 0
vn 0 1 0
vn 0 1 0
vn 0 1 0
f 3157/3157/3157 3158/3158/3158 3159/3159/3159 3160/3160/3160
f 3156/3156/3156 3157/3157/3157 3160/3160/3160 3155/3155/3155
usemtl diffuse_128_128_128_255
vt 1 0.99019604921340942
vt 0 0.99019604921340942
vt 0 0.5
vt 0 0.0098039219155907631
vt 1 0.0098039219155907631
vt 1 0.5
vn 0 1 0
vn 0 1 0
vn 0 1 0
vn 0 1 0
vn 0 1 0
vn 0 1 0
f 3163/3163/3163 3164/3164/3164 3165/3165/3165 3166/3166/3166
f 3162/3162/3162 3163/3163/3163 3166/3166/3166 3161/3161/3161
usemtl diffuse_128_128_128_255
vt 1 0.99019604921340942
vt 0 0.99019604921340942
vt 0 0.5
vt 0 0.0098039219155907631
vt 1 0.0098039219155907631
vt 1 0.5
vn 0 1 0
vn 0 1 0
vn 0 1 0
vn 0 1 0
vn 0 1 0
vn 0 1 0
f 3169/3169/3169 3170/3170/3170 3171/3171/3171 3172/3172/3172
f 3168/3168/3168 3169/3169/3169 3172/3172/3172 3167/3167/3167
usemtl diffuse_128_128_128_255
vt 1 0.99019604921340942
vt 0 0.99019604921340942
vt 0 0.5
vt 0 0.0098039219155907631
vt 1 0.0098039219155907631
vt 1 0.5
vn 0 1 0
vn 0 1 0
vn 0 1 0
vn 0 1 0
vn 0 1 0
vn 0 1 0
f 3175/3175/3175 3176/3176/3176 3177/3177/3177 3178/3178/3178
f 3174/3174/3174 3175/3175/3175 3178/3178/3178 3173/3173/3173
usemtl diffuse_128_128_128_255
vt 1 0.99019604921340942
vt 0 0.99019604921340942
vt 0 0.5
vt 0 0.0098039219155907631
vt 1 0.0098039219155907631
vt 1 0.5
vn 0 1 0
vn 0 1 0
vn 0 1 0
vn 0 1 0
vn 0 1 0
vn 0 1 0
f 3181/3181/3181 3182/3182/3182 3183/3183/3183 3184/3184/3184
f 3180/3180/3180 3181/3181/3181 3184/3184/3184 3179/3179/3179
usemtl diffuse_128_128_128_255
vt 1 0.99019604921340942
vt 0 0.99019604921340942
vt 0 0.5
vt 0 0.0098039219155907631
vt 1 0.0098039219155907631
vt 1 0.5
vn 0 1 0
vn 0 1 0
vn 0 1 0
vn 0 1 0
vn 0 1 0
vn 0 1 0
f 3187/3187/3187 3188/3188/3188 3189/3189/3189 3190/3190/3190
f 3186/3186/3186 3187/3187/3187 3190/3190/3190 3185/3185/3185
usemtl diffuse_128_128_128_255
vt 1 0.99019604921340942
vt 0 0.99019604921340942
vt 0 0.5
vt 0 0.0098039219155907631
vt 1 0.0098039219155907631
vt 1 0.5
vn 0 1 0
vn 0 1 0
vn 0 1 0
vn 0 1 0
vn 0 1 0
vn 0 1 0
f 3193/3193/3193 3194/3194/3194 3195/3195/3195 3196/3196/3196
f 3192/3192/3192 3193/3193/3193 3196/3196/3196 3191/3191/3191
usemtl diffuse_128_128_128_255
vt 1 0.99019604921340942
vt 0 0.99019604921340942
vt 0 0.5
vt 0 0.0098039219155907631
vt 1 0.0098039219155907631
vt 1 0.5
vn 0 1 0
vn 0 1 0
vn 0 1 0
vn 0 1 0
vn 0 1 0
vn 0 1 0
f 3199/3199/3199 3200/3200/3200 3201/3201/3201 3202/3202/3202
f 3198/3198/3198 3199/3199/3199 3202/3202/3202 3197/3197/3197
usemtl diffuse_128_128_128_255
vt 1 0.99019604921340942
vt 0 0.99019604921340942
vt 0 0.5
vt 0 0.0098039219155907631
vt 1 0.0098039219155907631
vt 1 0.5
vn 0 1 0
vn 0 1 0
vn 0 1 0
vn 0 1 0
vn 0 1 0
vn 0 1 0
f 3205/3205/3205 3206/3206/3206 3207/3207/3207 3208/3208/3208
f 3204/3204/3204 3205/3205/3205 3208/3208/3208 3203/3203/3203
usemtl diffuse_128_128_128_255
vt 1 0.99019604921340942
vt 0 0.99019604921340942
vt 0 0.5
vt 0 0.0098039219155907631
vt 1 0.0098039219155907631
vt 1 0.5
vn 0 1 0
vn 0 1 0
vn 0 1 0
vn 0 1 0
vn 0 1 0
vn 0 1 0
f 3211/3211/3211 3212/3212/3212 3213/3213/3213 3214/3214/3214
f 3210/3210/3210 3211/3211/3211 3214/3214/3214 3209/3209/3209
usemtl diffuse_128_128_128_255
vt 1 0.99019604921340942
vt 0 0.99019604921340942
vt 0 0.5
vt 0 0.0098039219155907631
vt 1 0.0098039219155907631
vt 1 0.5
vn 0 1 0
vn 0 1 0
vn 0 1 0
vn 0 1 0
vn 0 1 0
vn 0 1 0
f 3217/3217/3217 3218/3218/3218 3219/3219/3219 3220/3220/3220
f 3216/3216/3216 3217/3217/3217 3220/3220/3220 3215/3215/3215
usemtl diffuse_128_128_128_255
vt 1 0.99019604921340942
vt 0 0.99019604921340942
vt 0 0.5
vt 0 0.0098039219155907631
vt 1 0.0098039219155907631
vt 1 0.5
vn 0 1 0
vn 0 1 0
vn 0 1 0
vn 0 1 0
vn 0 1 0
vn 0 1 0
f 3223/3223/3223 3224/3224/3224 3225/3225/3225 3226/3226/3226
f 3222/3222/3222 3223/3223/3223 3226/3226/3226 3221/3221/3221
usemtl diffuse_128_128_128_255
vt 1 0.99019604921340942
vt 0 0.99019604921340942
vt 0 0.5
vt 0 0.0098039219155907631
vt 1 0.0098039219155907631
vt 1 0.5
vn 0 1 0
vn 0 1 0
vn 0 1 0
vn 0 1 0
vn 0 1 0
vn 0 1 0
f 3229/3229/3229 3230/3230/3230 3231/3231/3231 3232/3232/3232
f 3228/3228/3228 3229/3229/3229 3232/3232/3232 3227/3227/3227
usemtl diffuse_128_128_128_255
vt 1 0.99019604921340942
vt 0 0.99019604921340942
vt 0 0.5
vt 0 0.0098039219155907631
vt 1 0.0098039219155907631
vt 1 0.5
vn 0 1 0
vn 0 1 0
vn 0 1 0
vn 0 1 0
vn 0 1 0
vn 0 1 0
f 3235/3235/3235 3236/3236/3236 3237/3237/3237 3238/3238/3238
f 3234/3234/3234 3235/3235/3235 3238/3238/3238 3233/3233/3233
usemtl diffuse_128_128_128_255
vt 1 0.99019604921340942
vt 0 0.99019604921340942
vt 0 0.5
vt 0 0.0098039219155907631
vt 1 0.0098039219155907631
vt 1 0.5
vn 0 1 0
vn 0 1 0
vn 0 1 0
vn 0 1 0
vn 0 1 0
vn 0 1 0
f 3241/3241/3241 3242/3242/3242 3243/3243/3243 3244/3244/3244
f 3240/3240/3240 3241/3241/3241 3244/3244/3244 3239/3239/3239
usemtl diffuse_128_128_128_255
vt 1 0.99019604921340942
vt 0 0.99019604921340942
vt 0 0.5
vt 0 0.0098039219155907631
vt 1 0.0098039219155907631
vt 1 0.5
vn 0 1 0
vn 0 1 0
vn 0 1 0
vn 0 1 0
vn 0 1 0
vn 0 1 0
f 3247/3247/3247 3248/3248/3248 3249/3249/3249 3250/3250/3250
f 3246/3246/3246 3247/3247/3247 3250/3250/3250 3245/3245/3245
usemtl diffuse_128_128_128_255
vt 1 0.99019604921340942
vt 0 0.99019604921340942
vt 0 0.5
vt 0 0.0098039219155907631
vt 1 0.0098039219155907631
vt 1 0.5
vn 0 1 0
vn 0 1 0
vn 0 1 0
vn 0 1 0
vn 0 1 0
vn 0 1 0
f 3253/3253/3253 3254/3254/3254 3255/3255/3255 3256/3256/3256
f 3252/3252/3252 3253/3253/3253 3256/3256/3256 3251/3251/3251
usemtl diffuse_128_128_128_255
vt 1 0.99019604921340942
vt 0 0.99019604921340942
vt 0 0.5
vt 0 0.0098039219155907631
vt 1 0.0098039219155907631
vt 1 0.5
vn 0 1 0
vn 0 1 0
vn 0 1 0
vn 0 1 0
vn 0 1 0
vn 0 1 0
f 3259/3259/3259 3260/3260/3260 3261/3261/3261 3262/3262/3262
f 3258/3258/3258 3259/3259/3259 3262/3262/3262 3257/3257/3257
usemtl diffuse_128_128_128_255
vt 1 0.99019604921340942
vt 0 0.99019604921340942
vt 0 0.5
vt 0 0.0098039219155907631
vt 1 0.0098039219155907631
vt 1 0.5
vn 0 1 0
vn 0 1 0
vn 0 1 0
vn 0 1 0
vn 0 1 0
vn 0 1 0
f 3265/3265/3265 3266/3266/3266 3267/3267/3267 3268/3268/3268
f 3264/3264/3264 3265/3265/3265 3268/3268/3268 3263/3263/3263
usemtl diffuse_128_128_128_255
vt 1 0.99019604921340942
vt 0 0.99019604921340942
vt 0 0.5
vt 0 0.0098039219155907631
vt 1 0.0098039219155907631
vt 1 0.5
vn 0 1 0
vn 0 1 0
vn 0 1 0
vn 0 1 0
vn 0 1 0
vn 0 1 0
f 3271/3271/3271 3272/3272/3272 3273/3273/3273 3274/3274/3274
f 3270/3270/3270 3271/3271/3271 3274/3274/3274 3269/3269/3269
usemtl diffuse_128_128_128_255
vt 1 0.99019604921340942
vt 0 0.99019604921340942
vt 0 0.5
vt 0 0.0098039219155907631
vt 1 0.0098039219155907631
vt 1 0.5
vn 0 1 0
vn 0 1 0
vn 0 1 0
vn 0 1 0
vn 0 1 0
vn 0 1 0
f 3277/3277/3277 3278/3278/3278 3279/3279/3279 3280/3280/3280
f 3276/3276/3276 3277/3277/3277 3280/3280/3280 3275/3275/3275
usemtl diffuse_128_128_128_255
vt 1 0.99019604921340942
vt 0 0.99019604921340942
vt 0 0.5
vt 0 0.0098039219155907631
vt 1 0.0098039219155907631
vt 1 0.5
vn 0 1 0
vn 0 1 0
vn 0 1 0
vn 0 1 0
vn 0 1 0
vn 0 1 0
f 3283/3283/3283 3284/3284/3284 3285/3285/3285 3286/3286/3286
f 3282/3282/3282 3283/3283/3283 3286/3286/3286 3281/3281/3281
usemtl diffuse_128_128_128_255
vt 1 0.99019604921340942
vt 0 0.99019604921340942
vt 0 0.5
vt 0 0.0098039219155907631
vt 1 0.0098039219155907631
vt 1 0.5
vn 0 1 0
vn 0 1 0
vn 0 1 0
vn 0 1 0
vn 0 1 0
vn 0 1 0
f 3289/3289/3289 3290/3290/3290 3291/3291/3291 3292/3292/3292
f 3288/3288/3288 3289/3289/3289 3292/3292/3292 3287/3287/3287
usemtl diffuse_173_216_230_255
vt 0.0098039219155907631 0.99019604921340942
vt 0.0098039219155907631 0.51885372400283813
vt 0.0098039219155907631 0.047511313110589981
vt 0.0098039219155907631 0.0098039219155907631
vt 0.5 0.5
vt 0.5 0.25
vt 0.25 0.5
vt 0.25 0.25
vt 0.25 0.125
vt 0.125 0.25
vt 0.125 0.125
vt 0.99019604921340942 0.0098039219155907631
vt 0.99019604921340942 0.5
vt 0.99019604921340942 0.99019604921340942
vn 0 1 0
vn 0 1 0
vn 0 1 0
vn 0 1 0
vn 0 1 0
vn 0 1 0
vn 0 1 0
vn 0 1 0
vn 0 1 0
vn 0 1 0
vn 0 1 0
vn 0 1 0
vn 0 1 0
vn 0 1 0
f 3297/3297/3297 3299/3299/3299 3300/3300/3300 3298/3298/3298
f 3300/3300/3300 3302/3302/3302 3303/3303/3303 3301/3301/3301
f 3295/3295/3295 3296/3296/3296 3303/3303/3303
f 3301/3301/3301 3303/3303/3303 3296/3296/3296
f 3302/3302/3302 3295/3295/3295 3303/3303/3303
f 3294/3294/3294 3299/3299/3299 3293/3293/3293
f 3299/3299/3299 3294/3294/3294 3302/3302/3302
f 3302/3302/3302 3294/3294/3294 3295/3295/3295
f 3301/3301/3301 3296/3296/3296 3304/3304/3304
f 3300/3300/3300 3301/3301/3301 3298/3298/3298
f 3304/3304/3304 3298/3298/3298 3301/3301/3301
f 3304/3304/3304 3305/3305/3305 3297/3297/3297 3298/3298/3298
f 3293/3293/3293 3297/3297/3297 3306/3306/3306
f 3297/3297/3297 3305/3305/3305 3306/3306/3306
f 3299/3299/3299 3297/3297/3297 3293/3293/3293
f 3302/3302/3302 3300/3300/3300 3299/3299/3299
usemtl diffuse_173_216_230_255
vt 1 0.99019604921340942
vt 0 0.99019604921340942
vt 0 0.5
vt 0 0.0098039219155907631
vt 1 0.0098039219155907631
vt 1 0.5
vn -1 0 0
vn -1 0 0
vn -1 0 0
vn -1 0 0
vn -1 0 0
vn -1 0 0
f 3309/3309/3309 3310/3310/3310 3311/3311/3311 3312/3312/3312
f 3308/3308/3308 3309/3309/3309 3312/3312/3312 3307/3307/3307
usemtl diffuse_173_216_230_255
vt 0 0.0098039219155907631
vt 1 0.0098039219155907631
vt 1 0.5
vt 1 0.99019604921340942
vt 0 0.99019604921340942
vt 0 0.5
vn 1 0 0
vn 1 0 0
vn 1 0 0
vn 1 0 0
vn 1 0 0
vn 1 0 0
f 3318/3318/3318 3313/3313/3313 3314/3314/3314 3315/3315/3315
f 3317/3317/3317 3318/3318/3318 3315/3315/3315 3316/3316/3316
usemtl diffuse_255_0_0_255
vt 0 0
vt 0 1
vt 1 0
vt 1 1
vn 0 0 1
vn 0 0 1
vn 0 0 1
vn 0 0 1
f 3322/3322/3322 3320/3320/3320 3319/3319/3319 3321/3321/3321
usemtl diffuse_173_216_230_255
vt 1 0.99019604921340942
vt 0 0.99019604921340942
vt 0 0.5
vt 0 0.0098039219155907631
vt 1 0.0098039219155907631
vt 1 0.5
vn -1 0 0
vn -1 0 0
vn -1 0 0
vn -1 0 0
vn -1 0 0
vn -1 0 0
f 3325/3325/3325 3326/3326/3326 3327/3327/3327 3328/3328/3328
f 3324/3324/3324 3325/3325/3325 3328/3328/3328 3323/3323/3323
usemtl diffuse_173_216_230_255
vt 0 0.0098039219155907631
vt 1 0.0098039219155907631
vt 1 0.5
vt 1 0.99019604921340942
vt 0 0.99019604921340942
vt 0 0.5
vn 1 0 0
vn 1 0 0
vn 1 0 0
vn 1 0 0
vn 1 0 0
vn 1 0 0
f 3334/3334/3334 3329/3329/3329 3330/3330/3330 3331/3331/3331
f 3333/3333/3333 3334/3334/3334 3331/3331/3331 3332/3332/3332
usemtl diffuse_255_0_0_255
vt 0 0
vt 0 1
vt 1 0
vt 1 1
vn 0 0 1
vn 0 0 1
vn 0 0 1
vn 0 0 1
f 3338/3338/3338 3336/3336/3336 3335/3335/3335 3337/3337/3337
usemtl diffuse_173_216_230_255
vt 1 0.99019604921340942
vt 0 0.99019604921340942
vt 0 0.5
vt 0 0.0098039219155907631
vt 1 0.0098039219155907631
vt 1 0.5
vn -1 0 0
vn -1 0 0
vn -1 0 0
vn -1 0 0
vn -1 0 0
vn -1 0 0
f 3341/3341/3341 3342/3342/3342 3343/3343/3343 3344/3344/3344
f 3340/3340/3340 3341/3341/3341 3344/3344/3344 3339/3339/3339
usemtl diffuse_173_216_230_255
vt 0 0.0098039219155907631
vt 1 0.0098039219155907631
vt 1 0.5
vt 1 0.99019604921340942
vt 0 0.99019604921340942
vt 0 0.5
vn 1 0 0
vn 1 0 0
vn 1 0 0
vn 1 0 0
vn 1 0 0
vn 1 0 0
f 3350/3350/3350 3345/3345/3345 3346/3346/3346 3347/3347/3347
f 3349/3349/3349 3350/3350/3350 3347/3347/3347 3348/3348/3348
usemtl diffuse_255_0_0_255
vt 0 0
vt 0 1
vt 1 0
vt 1 1
vn 0 0 1
vn 0 0 1
vn 0 0 1
vn 0 0 1
f 3354/3354/3354 3352/3352/3352 3351/3351/3351 3353/3353/3353
usemtl diffuse_173_216_230_255
vt 1 0.99019604921340942
vt 0 0.99019604921340942
vt 0 0.5
vt 0 0.0098039219155907631
vt 1 0.0098039219155907631
vt 1 0.5
vn -1 0 0
vn -1 0 0
vn -1 0 0
vn -1 0 0
vn -1 0 0
vn -1 0 0
f 3357/3357/3357 3358/3358/3358 3359/3359/3359 3360/3360/3360
f 3356/3356/3356 3357/3357/3357 3360/3360/3360 3355/3355/3355
usemtl diffuse_173_216_230_255
vt 0 0.0098039219155907631
vt 1 0.0098039219155907631
vt 1 0.5
vt 1 0.99019604921340942
vt 0 0.99019604921340942
vt 0 0.5
vn 1 0 0
vn 1 0 0
vn 1 0 0
vn 1 0 0
vn 1 0 0
vn 1 0 0
f 3366/3366/3366 3361/3361/3361 3362/3362/3362 3363/3363/3363
f 3365/3365/3365 3366/3366/3366 3363/3363/3363 3364/3364/3364
usemtl diffuse_255_0_0_255
vt 0 0
vt 0 1
vt 1 0
vt 1 1
vn 0 0 1
vn 0 0 1
vn 0 0 1
vn 0 0 1
f 3370/3370/3370 3368/3368/3368 3367/3367/3367 3369/3369/3369
usemtl diffuse_173_216_230_255
vt 1 0.99019604921340942
vt 0 0.99019604921340942
vt 0 0.5
vt 0 0.0098039219155907631
vt 1 0.0098039219155907631
vt 1 0.5
vn -1 0 0
vn -1 0 0
vn -1 0 0
vn -1 0 0
vn -1 0 0
vn -1 0 0
f 3373/3373/3373 3374/3374/3374 3375/3375/3375 3376/3376/3376
f 3372/3372/3372 3373/3373/3373 3376/3376/3376 3371/3371/3371
usemtl diffuse_173_216_230_255
vt 0 0.0098039219155907631
vt 1 0.0098039219155907631
vt 1 0.5
vt 1 0.99019604921340942
vt 0 0.99019604921340942
vt 0 0.5
vn 1 0 0
vn 1 0 0
vn 1 0 0
vn 1 0 0
vn 1 0 0
vn 1 0 0
f 3382/3382/3382 3377/3377/3377 3378/3378/3378 3379/3379/3379
f 3381/3381/3381 3382/3382/3382 3379/3379/3379 3380/3380/3380
usemtl diffuse_255_0_0_255
vt 0 0
vt 0 1
vt 1 0
vt 1 1
vn 0 0 1
vn 0 0 1
vn 0 0 1
vn 0 0 1
f 3386/3386/3386 3384/3384/3384 3383/3383/3383 3385/3385/3385
usemtl diffuse_173_216_230_255
vt 1 0.99019604921340942
vt 0 0.99019604921340942
vt 0 0.5
vt 0 0.0098039219155907631
vt 1 0.0098039219155907631
vt 1 0.5
vn -1 0 0
vn -1 0 0
vn -1 0 0
vn -1 0 0
vn -1 0 0
vn -1 0 0
f 3389/3389/3389 3390/3390/3390 3391/3391/3391 3392/3392/3392
f 3388/3388/3388 3389/3389/3389 3392/3392/3392 3387/3387/3387
usemtl diffuse_173_216_230_255
vt 0 0.0098039219155907631
vt 1 0.0098039219155907631
vt 1 0.5
vt 1 0.99019604921340942
vt 0 0.99019604921340942
vt 0 0.5
vn 1 0 0
vn 1 0 0
vn 1 0 0
vn 1 0 0
vn 1 0 0
vn 1 0 0
f 3398/3398/3398 3393/3393/3393 3394/3394/3394 3395/3395/3395
f 3397/3397/3397 3398/3398/3398 3395/3395/3395 3396/3396/3396
usemtl diffuse_255_0_0_255
vt 0 0
vt 0 1
vt 1 0
vt 1 1
vn 0 0 1
vn 0 0 1
vn 0 0 1
vn 0 0 1
f 3402/3402/3402 3400/3400/3400 3399/3399/3399 3401/3401/3401
usemtl diffuse_173_216_230_255
vt 1 0.99019604921340942
vt 0 0.99019604921340942
vt 0 0.5
vt 0 0.0098039219155907631
vt 1 0.0098039219155907631
vt 1 0.5
vn -1 0 0
vn -1 0 0
vn -1 0 0
vn -1 0 0
vn -1 0 0
vn -1 0 0
f 3405/3405/3405 3406/3406/3406 3407/3407/3407 3408/3408/3408
f 3404/3404/3404 3405/3405/3405 3408/3408/3408 3403/3403/3403
usemtl diffuse_173_216_230_255
vt 0 0.0098039219155907631
vt 1 0.0098039219155907631
vt 1 0.5
vt 1 0.99019604921340942
vt 0 0.99019604921340942
vt 0 0.5
vn 1 0 0
vn 1 0 0
vn 1 0 0
vn 1 0 0
vn 1 0 0
vn 1 0 0
f 3414/3414/3414 3409/3409/3409 3410/3410/3410 3411/3411/3411
f 3413/3413/3413 3414/3414/3414 3411/3411/3411 3412/3412/3412
usemtl diffuse_255_0_0_255
vt 0 0
vt 0 1
vt 1 0
vt 1 1
vn 0 0 1
vn 0 0 1
vn 0 0 1
vn 0 0 1
f 3418/3418/3418 3416/3416/3416 3415/3415/3415 3417/3417/3417
usemtl diffuse_173_216_230_255
vt 1 0.99019604921340942
vt 0 0.99019604921340942
vt 0 0.5
vt 0 0.0098039219155907631
vt 1 0.0098039219155907631
vt 1 0.5
vn -1 0 0
vn -1 0 0
vn -1 0 0
vn -1 0 0
vn -1 0 0
vn -1 0 0
f 3421/3421/3421 3422/3422/3422 3423/3423/3423 3424/3424/3424
f 3420/3420/3420 3421/3421/3421 3424/3424/3424 3419/3419/3419
usemtl diffuse_173_216_230_255
vt 0 0.0098039219155907631
vt 1 0.0098039219155907631
vt 1 0.5
vt 1 0.99019604921340942
vt 0 0.99019604921340942
vt 0 0.5
vn 1 0 0
vn 1 0 0
vn 1 0 0
vn 1 0 0
vn 1 0 0
vn 1 0 0
f 3430/3430/3430 3425/3425/3425 3426/3426/3426 3427/3427/3427
f 3429/3429/3429 3430/3430/3430 3427/3427/3427 3428/3428/3428
usemtl diffuse_255_0_0_255
vt 0 0
vt 0 1
vt 1 0
vt 1 1
vn 0 0 1
vn 0 0 1
vn 0 0 1
vn 0 0 1
f 3434/3434/3434 3432/3432/3432 3431/3431/3431 3433/3433/3433
usemtl diffuse_173_216_230_255
vt 1 0.99019604921340942
vt 0 0.99019604921340942
vt 0 0.5
vt 0 0.0098039219155907631
vt 1 0.0098039219155907631
vt 1 0.5
vn -1 0 0
vn -1 0 0
vn -1 0 0
vn -1 0 0
vn -1 0 0
vn -1 0 0
f 3437/3437/3437 3438/3438/3438 3439/3439/3439 3440/3440/3440
f 3436/3436/3436 3437/3437/3437 3440/3440/3440 3435/3435/3435
usemtl diffuse_173_216_230_255
vt 0 0.0098039219155907631
vt 1 0.0098039219155907631
vt 1 0.5
vt 1 0.99019604921340942
vt 0 0.99019604921340942
vt 0 0.5
vn 1 0 0
vn 1 0 0
vn 1 0 0
vn 1 0 0
vn 1 0 0
vn 1 0 0
f 3446/3446/3446 3441/3441/3441 3442/3442/3442 3443/3443/3443
f 3445/3445/3445 3446/3446/3446 3443/3443/3443 3444/3444/3444
usemtl diffuse_255_0_0_255
vt 0 0
vt 0 1
vt 1 0
vt 1 1
vn 0 0 1
vn 0 0 1
vn 0 0 1
vn 0 0 1
f 3450/3450/3450 3448/3448/3448 3447/3447/3447 3449/3449/3449
usemtl diffuse_173_216_230_255
vt 1 0.99019604921340942
vt 0 0.99019604921340942
vt 0 0.5
vt 0 0.0098039219155907631
vt 1 0.0098039219155907631
vt 1 0.5
vn -1 0 0
vn -1 0 0
vn -1 0 0
vn -1 0 0
vn -1 0 0
vn -1 0 0
f 3453/3453/3453 3454/3454/3454 3455/3455/3455 3456/3456/3456
f 3452/3452/3452 3453/3453/3453 3456/3456/3456 3451/3451/3451
usemtl diffuse_173_216_230_255
vt 0 0.0098039219155907631
vt 1 0.0098039219155907631
vt 1 0.5
vt 1 0.99019604921340942
vt 0 0.99019604921340942
vt 0 0.5
vn 1 0 0
vn 1 0 0
vn 1 0 0
vn 1 0 0
vn 1 0 0
vn 1 0 0
f 3462/3462/3462 3457/3457/3457 3458/3458/3458 3459/3459/3459
f 3461/3461/3461 3462/3462/3462 3459/3459/3459 3460/3460/3460
usemtl diffuse_255_0_0_255
vt 0 0
vt 0 1
vt 1 0
vt 1 1
vn 0 0 1
vn 0 0 1
vn 0 0 1
vn 0 0 1
f 3466/3466/3466 3464/3464/3464 3463/3463/3463 3465/3465/3465
usemtl diffuse_173_216_230_255
vt 1 0.99019604921340942
vt 0 0.99019604921340942
vt 0 0.5
vt 0 0.0098039219155907631
vt 1 0.0098039219155907631
vt 1 0.5
vn -1 0 0
vn -1 0 0
vn -1 0 0
vn -1 0 0
vn -1 0 0
vn -1 0 0
f 3469/3469/3469 3470/3470/3470 3471/3471/3471 3472/3472/3472
f 3468/3468/3468 3469/3469/3469 3472/3472/3472 3467/3467/3467
usemtl diffuse_173_216_230_255
vt 0 0.0098039219155907631
vt 1 0.0098039219155907631
vt 1 0.5
vt 1 0.99019604921340942
vt 0 0.99019604921340942
vt 0 0.5
vn 1 0 0
vn 1 0 0
vn 1 0 0
vn 1 0 0
vn 1 0 0
vn 1 0 0
f 3478/3478/3478 3473/3473/3473 3474/3474/3474 3475/3475/3475
f 3477/3477/3477 3478/3478/3478 3475/3475/3475 3476/3476/3476
usemtl diffuse_255_0_0_255
vt 0 0
vt 0 1
vt 1 0
vt 1 1
vn 0 0 1
vn 0 0 1
vn 0 0 1
vn 0 0 1
f 3482/3482/3482 3480/3480/3480 3479/3479/3479 3481/3481/3481
usemtl diffuse_173_216_230_255
vt 1 0.99019604921340942
vt 0 0.99019604921340942
vt 0 0.5
vt 0 0.0098039219155907631
vt 1 0.0098039219155907631
vt 1 0.5
vn -1 0 0
vn -1 0 0
vn -1 0 0
vn -1 0 0
vn -1 0 0
vn -1 0 0
f 3485/3485/3485 3486/3486/3486 3487/3487/3487 3488/3488/3488
f 3484/3484/3484 3485/3485/3485 3488/3488/3488 3483/3483/3483
usemtl diffuse_173_216_230_255
vt 0 0.0098039219155907631
vt 1 0.0098039219155907631
vt 1 0.5
vt 1 0.99019604921340942
vt 0 0.99019604921340942
vt 0 0.5
vn 1 0 0
vn 1 0 0
vn 1 0 0
vn 1 0 0
vn 1 0 0
vn 1 0 0
f 3494/3494/3494 3489/3489/3489 3490/3490/3490 3491/3491/3491
f 3493/3493/3493 3494/3494/3494 3491/3491/3491 3492/3492/3492
usemtl diffuse_255_0_0_255
vt 0 0
vt 0 1
vt 1 0
vt 1 1
vn 0 0 1
vn 0 0 1
vn 0 0 1
vn 0 0 1
f 3498/3498/3498 3496/3496/3496 3495/3495/3495 3497/3497/3497
usemtl diffuse_173_216_230_255
vt 1 0.99019604921340942
vt 0 0.99019604921340942
vt 0 0.5
vt 0 0.0098039219155907631
vt 1 0.0098039219155907631
vt 1 0.5
vn -1 0 0
vn -1 0 0
vn -1 0 0
vn -1 0 0
vn -1 0 0
vn -1 0 0
f 3501/3501/3501 3502/3502/3502 3503/3503/3503 3504/3504/3504
f 3500/3500/3500 3501/3501/3501 3504/3504/3504 3499/3499/3499
usemtl diffuse_173_216_230_255
vt 0 0.0098039219155907631
vt 1 0.0098039219155907631
vt 1 0.5
vt 1 0.99019604921340942
vt 0 0.99019604921340942
vt 0 0.5
vn 1 0 0
vn 1 0 0
vn 1 0 0
vn 1 0 0
vn 1 0 0
vn 1 0 0
f 3510/3510/3510 3505/3505/3505 3506/3506/3506 3507/3507/3507
f 3509/3509/3509 3510/3510/3510 3507/3507/3507 3508/3508/3508
usemtl diffuse_255_0_0_255
vt 0 0
vt 0 1
vt 1 0
vt 1 1
vn 0 0 1
vn 0 0 1
vn 0 0 1
vn 0 0 1
f 3514/3514/3514 3512/3512/3512 3511/3511/3511 3513/3513/3513
usemtl diffuse_173_216_230_255
vt 1 0.99019604921340942
vt 0 0.99019604921340942
vt 0 0.5
vt 0 0.0098039219155907631
vt 1 0.0098039219155907631
vt 1 0.5
vn -1 0 0
vn -1 0 0
vn -1 0 0
vn -1 0 0
vn -1 0 0
vn -1 0 0
f 3517/3517/3517 3518/3518/3518 3519/3519/3519 3520/3520/3520
f 3516/3516/3516 3517/3517/3517 3520/3520/3520 3515/3515/3515
usemtl diffuse_173_216_230_255
vt 0 0.0098039219155907631
vt 1 0.0098039219155907631
vt 1 0.5
vt 1 0.99019604921340942
vt 0 0.99019604921340942
vt 0 0.5
vn 1 0 0
vn 1 0 0
vn 1 0 0
vn 1 0 0
vn 1 0 0
vn 1 0 0
f 3526/3526/3526 3521/3521/3521 3522/3522/3522 3523/3523/3523
f 3525/3525/3525 3526/3526/3526 3523/3523/3523 3524/3524/3524
usemtl diffuse_255_0_0_255
vt 0 0
vt 0 1
vt 1 0
vt 1 1
vn 0 0 1
vn 0 0 1
vn 0 0 1
vn 0 0 1
f 3530/3530/3530 3528/3528/3528 3527/3527/3527 3529/3529/3529
usemtl diffuse_173_216_230_255
vt 1 0.99019604921340942
vt 0 0.99019604921340942
vt 0 0.5
vt 0 0.0098039219155907631
vt 1 0.0098039219155907631
vt 1 0.5
vn -1 0 0
vn -1 0 0
vn -1 0 0
vn -1 0 0
vn -1 0 0
vn -1 0 0
f 3533/3533/3533 3534/3534/3534 3535/3535/3535 3536/3536/3536
f 3532/3532/3532 3533/3533/3533 3536/3536/3536 3531/3531/3531
usemtl diffuse_173_216_230_255
vt 0 0.0098039219155907631
vt 1 0.0098039219155907631
vt 1 0.5
vt 1 0.99019604921340942
vt 0 0.99019604921340942
vt 0 0.5
vn 1 0 0
vn 1 0 0
vn 1 0 0
vn 1 0 0
vn 1 0 0
vn 1 0 0
f 3542/3542/3542 3537/3537/3537 3538/3538/3538 3539/3539/3539
f 3541/3541/3541 3542/3542/3542 3539/3539/3539 3540/3540/3540
usemtl diffuse_255_0_0_255
vt 0 0
vt 0 1
vt 1 0
vt 1 1
vn 0 0 1
vn 0 0 1
vn 0 0 1
vn 0 0 1
f 3546/3546/3546 3544/3544/3544 3543/3543/3543 3545/3545/3545
usemtl diffuse_173_216_230_255
vt 1 0.99019604921340942
vt 0 0.99019604921340942
vt 0 0.5
vt 0 0.0098039219155907631
vt 1 0.0098039219155907631
vt 1 0.5
vn -1 0 0
vn -1 0 0
vn -1 0 0
vn -1 0 0
vn -1 0 0
vn -1 0 0
f 3549/3549/3549 3550/3550/3550 3551/3551/3551 3552/3552/3552
f 3548/3548/3548 3549/3549/3549 3552/3552/3552 3547/3547/3547
usemtl diffuse_173_216_230_255
vt 0 0.0098039219155907631
vt 1 0.0098039219155907631
vt 1 0.5
vt 1 0.99019604921340942
vt 0 0.99019604921340942
vt 0 0.5
vn 1 0 0
vn 1 0 0
vn 1 0 0
vn 1 0 0
vn 1 0 0
vn 1 0 0
f 3558/3558/3558 3553/3553/3553 3554/3554/3554 3555/3555/3555
f 3557/3557/3557 3558/3558/3558 3555/3555/3555 3556/3556/3556
usemtl diffuse_255_0_0_255
vt 0 0
vt 0 1
vt 1 0
vt 1 1
vn 0 0 1
vn 0 0 1
vn 0 0 1
vn 0 0 1
f 3562/3562/3562 3560/3560/3560 3559/3559/3559 3561/3561/3561
usemtl diffuse_173_216_230_255
vt 1 0.99019604921340942
vt 0 0.99019604921340942
vt 0 0.5
vt 0 0.0098039219155907631
vt 1 0.0098039219155907631
vt 1 0.5
vn -1 0 0
vn -1 0 0
vn -1 0 0
vn -1 0 0
vn -1 0 0
vn -1 0 0
f 3565/3565/3565 3566/3566/3566 3567/3567/3567 3568/3568/3568
f 3564/3564/3564 3565/3565/3565 3568/3568/3568 3563/3563/3563
usemtl diffuse_173_216_230_255
vt 0 0.0098039219155907631
vt 1 0.0098039219155907631
vt 1 0.5
vt 1 0.99019604921340942
vt 0 0.99019604921340942
vt 0 0.5
vn 1 0 0
vn 1 0 0
vn 1 0 0
vn 1 0 0
vn 1 0 0
vn 1 0 0
f 3574/3574/3574 3569/3569/3569 3570/3570/3570 3571/3571/3571
f 3573/3573/3573 3574/3574/3574 3571/3571/3571 3572/3572/3572
usemtl diffuse_255_0_0_255
vt 0 0
vt 0 1
vt 1 0
vt 1 1
vn 0 0 1
vn 0 0 1
vn 0 0 1
vn 0 0 1
f 3578/3578/3578 3576/3576/3576 3575/3575/3575 3577/3577/3577
usemtl diffuse_173_216_230_255
vt 1 0.99019604921340942
vt 0 0.99019604921340942
vt 0 0.5
vt 0 0.0098039219155907631
vt 1 0.0098039219155907631
vt 1 0.5
vn -1 0 0
vn -1 0 0
vn -1 0 0
vn -1 0 0
vn -1 0 0
vn -1 0 0
f 3581/3581/3581 3582/3582/3582 3583/3583/3583 3584/3584/3584
f 3580/3580/3580 3581/3581/3581 3584/3584/3584 3579/3579/3579
usemtl diffuse_173_216_230_255
vt 0 0.0098039219155907631
vt 1 0.0098039219155907631
vt 1 0.5
vt 1 0.99019604921340942
vt 0 0.99019604921340942
vt 0 0.5
vn 1 0 0
vn 1 0 0
vn 1 0 0
vn 1 0 0
vn 1 0 0
vn 1 0 0
f 3590/3590/3590 3585/3585/3585 3586/3586/3586 3587/3587/3587
f 3589/3589/3589 3590/3590/3590 3587/3587/3587 3588/3588/3588
usemtl diffuse_255_0_0_255
vt 0 0
vt 0 1
vt 1 0
vt 1 1
vn 0 0 1
vn 0 0 1
vn 0 0 1
vn 0 0 1
f 3594/3594/3594 3592/3592/3592 3591/3591/3591 3593/3593/3593
usemtl diffuse_173_216_230_255
vt 1 0.99019604921340942
vt 0 0.99019604921340942
vt 0 0.5
vt 0 0.0098039219155907631
vt 1 0.0098039219155907631
vt 1 0.5
vn -1 0 0
vn -1 0 0
vn -1 0 0
vn -1 0 0
vn -1 0 0
vn -1 0 0
f 3597/3597/3597 3598/3598/3598 3599/3599/3599 3600/3600/3600
f 3596/3596/3596 3597/3597/3597 3600/3600/3600 3595/3595/3595
usemtl diffuse_173_216_230_255
vt 0 0.0098039219155907631
vt 1 0.0098039219155907631
vt 1 0.5
vt 1 0.99019604921340942
vt 0 0.99019604921340942
vt 0 0.5
vn 1 0 0
vn 1 0 0
vn 1 0 0
vn 1 0 0
vn 1 0 0
vn 1 0 0
f 3606/3606/3606 3601/3601/3601 3602/3602/3602 3603/3603/3603
f 3605/3605/3605 3606/3606/3606 3603/3603/3603 3604/3604/3604
usemtl diffuse_255_0_0_255
vt 0 0
vt 0 1
vt 1 0
vt 1 1
vn 0 0 1
vn 0 0 1
vn 0 0 1
vn 0 0 1
f 3610/3610/3610 3608/3608/3608 3607/3607/3607 3609/3609/3609
usemtl diffuse_173_216_230_255
vt 1 0.99019604921340942
vt 0 0.99019604921340942
vt 0 0.5
vt 0 0.0098039219155907631
vt 1 0.0098039219155907631
vt 1 0.5
vn -1 0 0
vn -1 0 0
vn -1 0 0
vn -1 0 0
vn -1 0 0
vn -1 0 0
f 3613/3613/3613 3614/3614/3614 3615/3615/3615 3616/3616/3616
f 3612/3612/3612 3613/3613/3613 3616/3616/3616 3611/3611/3611
usemtl diffuse_173_216_230_255
vt 0 0.0098039219155907631
vt 1 0.0098039219155907631
vt 1 0.5
vt 1 0.99019604921340942
vt 0 0.99019604921340942
vt 0 0.5
vn 1 0 0
vn 1 0 0
vn 1 0 0
vn 1 0 0
vn 1 0 0
vn 1 0 0
f 3622/3622/3622 3617/3617/3617 3618/3618/3618 3619/3619/3619
f 3621/3621/3621 3622/3622/3622 3619/3619/3619 3620/3620/3620
usemtl diffuse_255_0_0_255
vt 0 0
vt 0 1
vt 1 0
vt 1 1
vn 0 0 1
vn 0 0 1
vn 0 0 1
vn 0 0 1
f 3626/3626/3626 3624/3624/3624 3623/3623/3623 3625/3625/3625
usemtl diffuse_173_216_230_255
vt 1 0.99019604921340942
vt 0 0.99019604921340942
vt 0 0.5
vt 0 0.0098039219155907631
vt 1 0.0098039219155907631
vt 1 0.5
vn -1 0 0
vn -1 0 0
vn -1 0 0
vn -1 0 0
vn -1 0 0
vn -1 0 0
f 3629/3629/3629 3630/3630/3630 3631/3631/3631 3632/3632/3632
f 3628/3628/3628 3629/3629/3629 3632/3632/3632 3627/3627/3627
usemtl diffuse_173_216_230_255
vt 0 0.0098039219155907631
vt 1 0.0098039219155907631
vt 1 0.5
vt 1 0.99019604921340942
vt 0 0.99019604921340942
vt 0 0.5
vn 1 0 0
vn 1 0 0
vn 1 0 0
vn 1 0 0
vn 1 0 0
vn 1 0 0
f 3638/3638/3638 3633/3633/3633 3634/3634/3634 3635/3635/3635
f 3637/3637/3637 3638/3638/3638 3635/3635/3635 3636/3636/3636
usemtl diffuse_255_0_0_255
vt 0 0
vt 0 1
vt 1 0
vt 1 1
vn 0 0 1
vn 0 0 1
vn 0 0 1
vn 0 0 1
f 3642/3642/3642 3640/3640/3640 3639/3639/3639 3641/3641/3641
usemtl diffuse_173_216_230_255
vt 1 0.99019604921340942
vt 0 0.99019604921340942
vt 0 0.5
vt 0 0.0098039219155907631
vt 1 0.0098039219155907631
vt 1 0.5
vn -1 0 0
vn -1 0 0
vn -1 0 0
vn -1 0 0
vn -1 0 0
vn -1 0 0
f 3645/3645/3645 3646/3646/3646 3647/3647/3647 3648/3648/3648
f 3644/3644/3644 3645/3645/3645 3648/3648/3648 3643/3643/3643
usemtl diffuse_173_216_230_255
vt 0 0.0098039219155907631
vt 1 0.0098039219155907631
vt 1 0.5
vt 1 0.99019604921340942
vt 0 0.99019604921340942
vt 0 0.5
vn 1 0 0
vn 1 0 0
vn 1 0 0
vn 1 0 0
vn 1 0 0
vn 1 0 0
f 3654/3654/3654 3649/3649/3649 3650/3650/3650 3651/3651/3651
f 3653/3653/3653 3654/3654/3654 3651/3651/3651 3652/3652/3652
usemtl diffuse_255_0_0_255
vt 0 0
vt 0 1
vt 1 0
vt 1 1
vn 0 0 1
vn 0 0 1
vn 0 0 1
vn 0 0 1
f 3658/3658/3658 3656/3656/3656 3655/3655/3655 3657/3657/3657
usemtl diffuse_173_216_230_255
vt 1 0.99019604921340942
vt 0 0.99019604921340942
vt 0 0.5
vt 0 0.0098039219155907631
vt 1 0.0098039219155907631
vt 1 0.5
vn -1 0 0
vn -1 0 0
vn -1 0 0
vn -1 0 0
vn -1 0 0
vn -1 0 0
f 3661/3661/3661 3662/3662/3662 3663/3663/3663 3664/3664/3664
f 3660/3660/3660 3661/3661/3661 3664/3664/3664 3659/3659/3659
usemtl diffuse_173_216_230_255
vt 0 0.0098039219155907631
vt 1 0.0098039219155907631
vt 1 0.5
vt 1 0.99019604921340942
vt 0 0.99019604921340942
vt 0 0.5
vn 1 0 0
vn 1 0 0
vn 1 0 0
vn 1 0 0
vn 1 0 0
vn 1 0 0
f 3670/3670/3670 3665/3665/3665 3666/3666/3666 3667/3667/3667
f 3669/3669/3669 3670/3670/3670 3667/3667/3667 3668/3668/3668
usemtl diffuse_255_0_0_255
vt 0 0
vt 0 1
vt 1 0
vt 1 1
vn 0 0 1
vn 0 0 1
vn 0 0 1
vn 0 0 1
f 3674/3674/3674 3672/3672/3672 3671/3671/3671 3673/3673/3673
usemtl diffuse_173_216_230_255
vt 1 0.99019604921340942
vt 0 0.99019604921340942
vt 0 0.5
vt 0 0.0098039219155907631
vt 1 0.0098039219155907631
vt 1 0.5
vn -1 0 0
vn -1 0 0
vn -1 0 0
vn -1 0 0
vn -1 0 0
vn -1 0 0
f 3677/3677/3677 3678/3678/3678 3679/3679/3679 3680/3680/3680
f 3676/3676/3676 3677/3677/3677 3680/3680/3680 3675/3675/3675
usemtl diffuse_173_216_230_255
vt 0 0.0098039219155907631
vt 1 0.0098039219155907631
vt 1 0.5
vt 1 0.99019604921340942
vt 0 0.99019604921340942
vt 0 0.5
vn 1 0 0
vn 1 0 0
vn 1 0 0
vn 1 0 0
vn 1 0 0
vn 1 0 0
f 3686/3686/3686 3681/3681/3681 3682/3682/3682 3683/3683/3683
f 3685/3685/3685 3686/3686/3686 3683/3683/3683 3684/3684/3684
usemtl diffuse_255_0_0_255
vt 0 0
vt 0 1
vt 1 0
vt 1 1
vn 0 0 1
vn 0 0 1
vn 0 0 1
vn 0 0 1
f 3690/3690/3690 3688/3688/3688 3687/3687/3687 3689/3689/3689
usemtl diffuse_173_216_230_255
vt 1 0.99019604921340942
vt 0 0.99019604921340942
vt 0 0.5
vt 0 0.0098039219155907631
vt 1 0.0098039219155907631
vt 1 0.5
vn -1 0 0
vn -1 0 0
vn -1 0 0
vn -1 0 0
vn -1 0 0
vn -1 0 0
f 3693/3693/3693 3694/3694/3694 3695/3695/3695 3696/3696/3696
f 3692/3692/3692 3693/3693/3693 3696/3696/3696 3691/3691/3691
usemtl diffuse_173_216_230_255
vt 0 0.0098039219155907631
vt 1 0.0098039219155907631
vt 1 0.5
vt 1 0.99019604921340942
vt 0 0.99019604921340942
vt 0 0.5
vn 1 0 0
vn 1 0 0
vn 1 0 0
vn 1 0 0
vn 1 0 0
vn 1 0 0
f 3702/3702/3702 3697/3697/3697 3698/3698/3698 3699/3699/3699
f 3701/3701/3701 3702/3702/3702 3699/3699/3699 3700/3700/3700
usemtl diffuse_255_0_0_255
vt 0 0
vt 0 1
vt 1 0
vt 1 1
vn 0 0 1
vn 0 0 1
vn 0 0 1
vn 0 0 1
f 3706/3706/3706 3704/3704/3704 3703/3703/3703 3705/3705/3705
usemtl diffuse_173_216_230_255
vt 1 0.99019604921340942
vt 0 0.99019604921340942
vt 0 0.5
vt 0 0.0098039219155907631
vt 1 0.0098039219155907631
vt 1 0.5
vn -1 0 0
vn -1 0 0
vn -1 0 0
vn -1 0 0
vn -1 0 0
vn -1 0 0
f 3709/3709/3709 3710/3710/3710 3711/3711/3711 3712/3712/3712
f 3708/3708/3708 3709/3709/3709 3712/3712/3712 3707/3707/3707
usemtl diffuse_173_216_230_255
vt 0 0.0098039219155907631
vt 1 0.0098039219155907631
vt 1 0.5
vt 1 0.99019604921340942
vt 0 0.99019604921340942
vt 0 0.5
vn 1 0 0
vn 1 0 0
vn 1 0 0
vn 1 0 0
vn 1 0 0
vn 1 0 0
f 3718/3718/3718 3713/3713/3713 3714/3714/3714 3715/3715/3715
f 3717/3717/3717 3718/3718/3718 3715/3715/3715 3716/3716/3716
usemtl diffuse_255_0_0_255
vt 0 0
vt 0 1
vt 1 0
vt 1 1
vn 0 0 1
vn 0 0 1
vn 0 0 1
vn 0 0 1
f 3722/3722/3722 3720/3720/3720 3719/3719/3719 3721/3721/3721
usemtl diffuse_173_216_230_255
vt 1 0.99019604921340942
vt 0 0.99019604921340942
vt 0 0.5
vt 0 0.0098039219155907631
vt 1 0.0098039219155907631
vt 1 0.5
vn -1 0 0
vn -1 0 0
vn -1 0 0
vn -1 0 0
vn -1 0 0
vn -1 0 0
f 3725/3725/3725 3726/3726/3726 3727/3727/3727 3728/3728/3728
f 3724/3724/3724 3725/3725/3725 3728/3728/3728 3723/3723/3723
usemtl diffuse_173_216_230_255
vt 0 0.0098039219155907631
vt 1 0.0098039219155907631
vt 1 0.5
vt 1 0.99019604921340942
vt 0 0.99019604921340942
vt 0 0.5
vn 1 0 0
vn 1 0 0
vn 1 0 0
vn 1 0 0
vn 1 0 0
vn 1 0 0
f 3734/3734/3734 3729/3729/3729 3730/3730/3730 3731/3731/3731
f 3733/3733/3733 3734/3734/3734 3731/3731/3731 3732/3732/3732
usemtl diffuse_255_0_0_255
vt 0 0
vt 0 1
vt 1 0
vt 1 1
vn 0 0 1
vn 0 0 1
vn 0 0 1
vn 0 0 1
f 3738/3738/3738 3736/3736/3736 3735/3735/3735 3737/3737/3737
usemtl diffuse_173_216_230_255
vt 1 0.99019604921340942
vt 0 0.99019604921340942
vt 0 0.5
vt 0 0.0098039219155907631
vt 1 0.0098039219155907631
vt 1 0.5
vn -1 0 0
vn -1 0 0
vn -1 0 0
vn -1 0 0
vn -1 0 0
vn -1 0 0
f 3741/3741/3741 3742/3742/3742 3743/3743/3743 3744/3744/3744
f 3740/3740/3740 3741/3741/3741 3744/3744/3744 3739/3739/3739
usemtl diffuse_173_216_230_255
vt 0 0.0098039219155907631
vt 1 0.0098039219155907631
vt 1 0.5
vt 1 0.99019604921340942
vt 0 0.99019604921340942
vt 0 0.5
vn 1 0 0
vn 1 0 0
vn 1 0 0
vn 1 0 0
vn 1 0 0
vn 1 0 0
f 3750/3750/3750 3745/3745/3745 3746/3746/3746 3747/3747/3747
f 3749/3749/3749 3750/3750/3750 3747/3747/3747 3748/3748/3748
usemtl diffuse_255_0_0_255
vt 0 0
vt 0 1
vt 1 0
vt 1 1
vn 0 0 1
vn 0 0 1
vn 0 0 1
vn 0 0 1
f 3754/3754/3754 3752/3752/3752 3751/3751/3751 3753/3753/3753
usemtl diffuse_173_216_230_255
vt 1 0.99019604921340942
vt 0 0.99019604921340942
vt 0 0.5
vt 0 0.0098039219155907631
vt 1 0.0098039219155907631
vt 1 0.5
vn -1 0 0
vn -1 0 0
vn -1 0 0
vn -1 0 0
vn -1 0 0
vn -1 0 0
f 3757/3757/3757 3758/3758/3758 3759/3759/3759 3760/3760/3760
f 3756/3756/3756 3757/3757/3757 3760/3760/3760 3755/3755/3755
usemtl diffuse_173_216_230_255
vt 0 0.0098039219155907631
vt 1 0.0098039219155907631
vt 1 0.5
vt 1 0.99019604921340942
vt 0 0.99019604921340942
vt 0 0.5
vn 1 0 0
vn 1 0 0
vn 1 0 0
vn 1 0 0
vn 1 0 0
vn 1 0 0
f 3766/3766/3766 3761/3761/3761 3762/3762/3762 3763/3763/3763
f 3765/3765/3765 3766/3766/3766 3763/3763/3763 3764/3764/3764
usemtl diffuse_255_0_0_255
vt 0 0
vt 0 1
vt 1 0
vt 1 1
vn 0 0 1
vn 0 0 1
vn 0 0 1
vn 0 0 1
f 3770/3770/3770 3768/3768/3768 3767/3767/3767 3769/3769/3769
usemtl diffuse_173_216_230_255
vt 1 0.99019604921340942
vt 0 0.99019604921340942
vt 0 0.5
vt 0 0.0098039219155907631
vt 1 0.0098039219155907631
vt 1 0.5
vn -1 0 0
vn -1 0 0
vn -1 0 0
vn -1 0 0
vn -1 0 0
vn -1 0 0
f 3773/3773/3773 3774/3774/3774 3775/3775/3775 3776/3776/3776
f 3772/3772/3772 3773/3773/3773 3776/3776/3776 3771/3771/3771
usemtl diffuse_173_216_230_255
vt 0 0.0098039219155907631
vt 1 0.0098039219155907631
vt 1 0.5
vt 1 0.99019604921340942
vt 0 0.99019604921340942
vt 0 0.5
vn 1 0 0
vn 1 0 0
vn 1 0 0
vn 1 0 0
vn 1 0 0
vn 1 0 0
f 3782/3782/3782 3777/3777/3777 3778/3778/3778 3779/3779/3779
f 3781/3781/3781 3782/3782/3782 3779/3779/3779 3780/3780/3780
usemtl diffuse_255_0_0_255
vt 0 0
vt 0 1
vt 1 0
vt 1 1
vn 0 0 1
vn 0 0 1
vn 0 0 1
vn 0 0 1
f 3786/3786/3786 3784/3784/3784 3783/3783/3783 3785/3785/3785
usemtl diffuse_173_216_230_255
vt 1 0.99019604921340942
vt 0 0.99019604921340942
vt 0 0.5
vt 0 0.0098039219155907631
vt 1 0.0098039219155907631
vt 1 0.5
vn -1 0 0
vn -1 0 0
vn -1 0 0
vn -1 0 0
vn -1 0 0
vn -1 0 0
f 3789/3789/3789 3790/3790/3790 3791/3791/3791 3792/3792/3792
f 3788/3788/3788 3789/3789/3789 3792/3792/3792 3787/3787/3787
usemtl diffuse_173_216_230_255
vt 0 0.0098039219155907631
vt 1 0.0098039219155907631
vt 1 0.5
vt 1 0.99019604921340942
vt 0 0.99019604921340942
vt 0 0.5
vn 1 0 0
vn 1 0 0
vn 1 0 0
vn 1 0 0
vn 1 0 0
vn 1 0 0
f 3798/3798/3798 3793/3793/3793 3794/3794/3794 3795/3795/3795
f 3797/3797/3797 3798/3798/3798 3795/3795/3795 3796/3796/3796
usemtl diffuse_255_0_0_255
vt 0 0
vt 0 1
vt 1 0
vt 1 1
vn 0 0 1
vn 0 0 1
vn 0 0 1
vn 0 0 1
f 3802/3802/3802 3800/3800/3800 3799/3799/3799 3801/3801/3801
usemtl diffuse_173_216_230_255
vt 1 0.99019604921340942
vt 0 0.99019604921340942
vt 0 0.5
vt 0 0.0098039219155907631
vt 1 0.0098039219155907631
vt 1 0.5
vn -1 0 0
vn -1 0 0
vn -1 0 0
vn -1 0 0
vn -1 0 0
vn -1 0 0
f 3805/3805/3805 3806/3806/3806 3807/3807/3807 3808/3808/3808
f 3804/3804/3804 3805/3805/3805 3808/3808/3808 3803/3803/3803
usemtl diffuse_173_216_230_255
vt 0 0.0098039219155907631
vt 1 0.0098039219155907631
vt 1 0.5
vt 1 0.99019604921340942
vt 0 0.99019604921340942
vt 0 0.5
vn 1 0 0
vn 1 0 0
vn 1 0 0
vn 1 0 0
vn 1 0 0
vn 1 0 0
f 3814/3814/3814 3809/3809/3809 3810/3810/3810 3811/3811/3811
f 3813/3813/3813 3814/3814/3814 3811/3811/3811 3812/3812/3812
usemtl diffuse_255_0_0_255
vt 0 0
vt 0 1
vt 1 0
vt 1 1
vn 0 0 1
vn 0 0 1
vn 0 0 1
vn 0 0 1
f 3818/3818/3818 3816/3816/3816 3815/3815/3815 3817/3817/3817
usemtl diffuse_173_216_230_255
vt 1 0.99019604921340942
vt 0 0.99019604921340942
vt 0 0.5
vt 0 0.0098039219155907631
vt 1 0.0098039219155907631
vt 1 0.5
vn -1 0 0
vn -1 0 0
vn -1 0 0
vn -1 0 0
vn -1 0 0
vn -1 0 0
f 3821/3821/3821 3822/3822/3822 3823/3823/3823 3824/3824/3824
f 3820/3820/3820 3821/3821/3821 3824/3824/3824 3819/3819/3819
usemtl diffuse_173_216_230_255
vt 0 0.0098039219155907631
vt 1 0.0098039219155907631
vt 1 0.5
vt 1 0.99019604921340942
vt 0 0.99019604921340942
vt 0 0.5
vn 1 0 0
vn 1 0 0
vn 1 0 0
vn 1 0 0
vn 1 0 0
vn 1 0 0
f 3830/3830/3830 3825/3825/3825 3826/3826/3826 3827/3827/3827
f 3829/3829/3829 3830/3830/3830 3827/3827/3827 3828/3828/3828
usemtl diffuse_255_0_0_255
vt 0 0
vt 0 1
vt 1 0
vt 1 1
vn 0 0 1
vn 0 0 1
vn 0 0 1
vn 0 0 1
f 3834/3834/3834 3832/3832/3832 3831/3831/3831 3833/3833/3833
usemtl diffuse_173_216_230_255
vt 1 0.99019604921340942
vt 0 0.99019604921340942
vt 0 0.5
vt 0 0.0098039219155907631
vt 1 0.0098039219155907631
vt 1 0.5
vn -1 0 0
vn -1 0 0
vn -1 0 0
vn -1 0 0
vn -1 0 0
vn -1 0 0
f 3837/3837/3837 3838/3838/3838 3839/3839/3839 3840/3840/3840
f 3836/3836/3836 3837/3837/3837 3840/3840/3840 3835/3835/3835
usemtl diffuse_173_216_230_255
vt 0 0.0098039219155907631
vt 1 0.0098039219155907631
vt 1 0.5
vt 1 0.99019604921340942
vt 0 0.99019604921340942
vt 0 0.5
vn 1 0 0
vn 1 0 0
vn 1 0 0
vn 1 0 0
vn 1 0 0
vn 1 0 0
f 3846/3846/3846 3841/3841/3841 3842/3842/3842 3843/3843/3843
f 3845/3845/3845 3846/3846/3846 3843/3843/3843 3844/3844/3844
usemtl diffuse_255_0_0_255
vt 0 0
vt 0 1
vt 1 0
vt 1 1
vn 0 0 1
vn 0 0 1
vn 0 0 1
vn 0 0 1
f 3850/3850/3850 3848/3848/3848 3847/3847/3847 3849/3849/3849
usemtl diffuse_173_216_230_255
vt 1 0.99019604921340942
vt 0 0.99019604921340942
vt 0 0.5
vt 0 0.0098039219155907631
vt 1 0.0098039219155907631
vt 1 0.5
vn -1 0 0
vn -1 0 0
vn -1 0 0
vn -1 0 0
vn -1 0 0
vn -1 0 0
f 3853/3853/3853 3854/3854/3854 3855/3855/3855 3856/3856/3856
f 3852/3852/3852 3853/3853/3853 3856/3856/3856 3851/3851/3851
usemtl diffuse_173_216_230_255
vt 0 0.0098039219155907631
vt 1 0.0098039219155907631
vt 1 0.5
vt 1 0.99019604921340942
vt 0 0.99019604921340942
vt 0 0.5
vn 1 0 0
vn 1 0 0
vn 1 0 0
vn 1 0 0
vn 1 0 0
vn 1 0 0
f 3862/3862/3862 3857/3857/3857 3858/3858/3858 3859/3859/3859
f 3861/3861/3861 3862/3862/3862 3859/3859/3859 3860/3860/3860
usemtl diffuse_255_0_0_255
vt 0 0
vt 0 1
vt 1 0
vt 1 1
vn 0 0 1
vn 0 0 1
vn 0 0 1
vn 0 0 1
f 3866/3866/3866 3864/3864/3864 3863/3863/3863 3865/3865/3865
usemtl diffuse_173_216_230_255
vt 1 0.99019604921340942
vt 0 0.99019604921340942
vt 0 0.5
vt 0 0.0098039219155907631
vt 1 0.0098039219155907631
vt 1 0.5
vn -1 0 0
vn -1 0 0
vn -1 0 0
vn -1 0 0
vn -1 0 0
vn -1 0 0
f 3869/3869/3869 3870/3870/3870 3871/3871/3871 3872/3872/3872
f 3868/3868/3868 3869/3869/3869 3872/3872/3872 3867/3867/3867
usemtl diffuse_173_216_230_255
vt 0 0.0098039219155907631
vt 1 0.0098039219155907631
vt 1 0.5
vt 1 0.99019604921340942
vt 0 0.99019604921340942
vt 0 0.5
vn 1 0 0
vn 1 0 0
vn 1 0 0
vn 1 0 0
vn 1 0 0
vn 1 0 0
f 3878/3878/3878 3873/3873/3873 3874/3874/3874 3875/3875/3875
f 3877/3877/3877 3878/3878/3878 3875/3875/3875 3876/3876/3876
usemtl diffuse_255_0_0_255
vt 0 0
vt 0 1
vt 1 0
vt 1 1
vn 0 0 1
vn 0 0 1
vn 0 0 1
vn 0 0 1
f 3882/3882/3882 3880/3880/3880 3879/3879/3879 3881/3881/3881
usemtl diffuse_173_216_230_255
vt 1 0.99019604921340942
vt 0 0.99019604921340942
vt 0 0.5
vt 0 0.0098039219155907631
vt 1 0.0098039219155907631
vt 1 0.5
vn -1 0 0
vn -1 0 0
vn -1 0 0
vn -1 0 0
vn -1 0 0
vn -1 0 0
f 3885/3885/3885 3886/3886/3886 3887/3887/3887 3888/3888/3888
f 3884/3884/3884 3885/3885/3885 3888/3888/3888 3883/3883/3883
usemtl diffuse_173_216_230_255
vt 0 0.0098039219155907631
vt 1 0.0098039219155907631
vt 1 0.5
vt 1 0.99019604921340942
vt 0 0.99019604921340942
vt 0 0.5
vn 1 0 0
vn 1 0 0
vn 1 0 0
vn 1 0 0
vn 1 0 0
vn 1 0 0
f 3894/3894/3894 3889/3889/3889 3890/3890/3890 3891/3891/3891
f 3893/3893/3893 3894/3894/3894 3891/3891/3891 3892/3892/3892
usemtl diffuse_255_0_0_255
vt 0 0
vt 0 1
vt 1 0
vt 1 1
vn 0 0 1
vn 0 0 1
vn 0 0 1
vn 0 0 1
f 3898/3898/3898 3896/3896/3896 3895/3895/3895 3897/3897/3897
usemtl diffuse_173_216_230_255
vt 1 0.99019604921340942
vt 0 0.99019604921340942
vt 0 0.5
vt 0 0.0098039219155907631
vt 1 0.0098039219155907631
vt 1 0.5
vn -1 0 0
vn -1 0 0
vn -1 0 0
vn -1 0 0
vn -1 0 0
vn -1 0 0
f 3901/3901/3901 3902/3902/3902 3903/3903/3903 3904/3904/3904
f 3900/3900/3900 3901/3901/3901 3904/3904/3904 3899/3899/3899
usemtl diffuse_173_216_230_255
vt 0 0.0098039219155907631
vt 1 0.0098039219155907631
vt 1 0.5
vt 1 0.99019604921340942
vt 0 0.99019604921340942
vt 0 0.5
vn 1 0 0
vn 1 0 0
vn 1 0 0
vn 1 0 0
vn 1 0 0
vn 1 0 0
f 3910/3910/3910 3905/3905/3905 3906/3906/3906 3907/3907/3907
f 3909/3909/3909 3910/3910/3910 3907/3907/3907 3908/3908/3908
usemtl diffuse_255_0_0_255
vt 0 0
vt 0 1
vt 1 0
vt 1 1
vn 0 0 1
vn 0 0 1
vn 0 0 1
vn 0 0 1
f 3914/3914/3914 3912/3912/3912 3911/3911/3911 3913/3913/3913
usemtl diffuse_173_216_230_255
vt 1 0.99019604921340942
vt 0 0.99019604921340942
vt 0 0.5
vt 0 0.0098039219155907631
vt 1 0.0098039219155907631
vt 1 0.5
vn -1 0 0
vn -1 0 0
vn -1 0 0
vn -1 0 0
vn -1 0 0
vn -1 0 0
f 3917/3917/3917 3918/3918/3918 3919/3919/3919 3920/3920/3920
f 3916/3916/3916 3917/3917/3917 3920/3920/3920 3915/3915/3915
usemtl diffuse_173_216_230_255
vt 0 0.0098039219155907631
vt 1 0.0098039219155907631
vt 1 0.5
vt 1 0.99019604921340942
vt 0 0.99019604921340942
vt 0 0.5
vn 1 0 0
vn 1 0 0
vn 1 0 0
vn 1 0 0
vn 1 0 0
vn 1 0 0
f 3926/3926/3926 3921/3921/3921 3922/3922/3922 3923/3923/3923
f 3925/3925/3925 3926/3926/3926 3923/3923/3923 3924/3924/3924
usemtl diffuse_255_0_0_255
vt 0 0
vt 0 1
vt 1 0
vt 1 1
vn 0 0 1
vn 0 0 1
vn 0 0 1
vn 0 0 1
f 3930/3930/3930 3928/3928/3928 3927/3927/3927 3929/3929/3929
usemtl diffuse_173_216_230_255
vt 1 0.99019604921340942
vt 0 0.99019604921340942
vt 0 0.5
vt 0 0.0098039219155907631
vt 1 0.0098039219155907631
vt 1 0.5
vn -1 0 0
vn -1 0 0
vn -1 0 0
vn -1 0 0
vn -1 0 0
vn -1 0 0
f 3933/3933/3933 3934/3934/3934 3935/3935/3935 3936/3936/3936
f 3932/3932/3932 3933/3933/3933 3936/3936/3936 3931/3931/3931
usemtl diffuse_173_216_230_255
vt 0 0.0098039219155907631
vt 1 0.0098039219155907631
vt 1 0.5
vt 1 0.99019604921340942
vt 0 0.99019604921340942
vt 0 0.5
vn 1 0 0
vn 1 0 0
vn 1 0 0
vn 1 0 0
vn 1 0 0
vn 1 0 0
f 3942/3942/3942 3937/3937/3937 3938/3938/3938 3939/3939/3939
f 3941/3941/3941 3942/3942/3942 3939/3939/3939 3940/3940/3940
usemtl diffuse_255_0_0_255
vt 0 0
vt 0 1
vt 1 0
vt 1 1
vn 0 0 1
vn 0 0 1
vn 0 0 1
vn 0 0 1
f 3946/3946/3946 3944/3944/3944 3943/3943/3943 3945/3945/3945
usemtl diffuse_173_216_230_255
vt 1 0.99019604921340942
vt 0 0.99019604921340942
vt 0 0.5
vt 0 0.0098039219155907631
vt 1 0.0098039219155907631
vt 1 0.5
vn -1 0 0
vn -1 0 0
vn -1 0 0
vn -1 0 0
vn -1 0 0
vn -1 0 0
f 3949/3949/3949 3950/3950/3950 3951/3951/3951 3952/3952/3952
f 3948/3948/3948 3949/3949/3949 3952/3952/3952 3947/3947/3947
usemtl diffuse_173_216_230_255
vt 0 0.0098039219155907631
vt 1 0.0098039219155907631
vt 1 0.5
vt 1 0.99019604921340942
vt 0 0.99019604921340942
vt 0 0.5
vn 1 0 0
vn 1 0 0
vn 1 0 0
vn 1 0 0
vn 1 0 0
vn 1 0 0
f 3958/3958/3958 3953/3953/3953 3954/3954/3954 3955/3955/3955
f 3957/3957/3957 3958/3958/3958 3955/3955/3955 3956/3956/3956
usemtl diffuse_255_0_0_255
vt 0 0
vt 0 1
vt 1 0
vt 1 1
vn 0 0 1
vn 0 0 1
vn 0 0 1
vn 0 0 1
f 3962/3962/3962 3960/3960/3960 3959/3959/3959 3961/3961/3961
usemtl diffuse_173_216_230_255
vt 1 0.99019604921340942
vt 0 0.99019604921340942
vt 0 0.5
vt 0 0.0098039219155907631
vt 1 0.0098039219155907631
vt 1 0.5
vn -1 0 0
vn -1 0 0
vn -1 0 0
vn -1 0 0
vn -1 0 0
vn -1 0 0
f 3965/3965/3965 3966/3966/3966 3967/3967/3967 3968/3968/3968
f 3964/3964/3964 3965/3965/3965 3968/3968/3968 3963/3963/3963
usemtl diffuse_173_216_230_255
vt 0 0.0098039219155907631
vt 1 0.0098039219155907631
vt 1 0.5
vt 1 0.99019604921340942
vt 0 0.99019604921340942
vt 0 0.5
vn 1 0 0
vn 1 0 0
vn 1 0 0
vn 1 0 0
vn 1 0 0
vn 1 0 0
f 3974/3974/3974 3969/3969/3969 3970/3970/3970 3971/3971/3971
f 3973/3973/3973 3974/3974/3974 3971/3971/3971 3972/3972/3972
usemtl diffuse_255_0_0_255
vt 0 0
vt 0 1
vt 1 0
vt 1 1
vn 0 0 1
vn 0 0 1
vn 0 0 1
vn 0 0 1
f 3978/3978/3978 3976/3976/3976 3975/3975/3975 3977/3977/3977
usemtl diffuse_173_216_230_255
vt 1 0.99019604921340942
vt 0 0.99019604921340942
vt 0 0.5
vt 0 0.0098039219155907631
vt 1 0.0098039219155907631
vt 1 0.5
vn -1 0 0
vn -1 0 0
vn -1 0 0
vn -1 0 0
vn -1 0 0
vn -1 0 0
f 3981/3981/3981 3982/3982/3982 3983/3983/3983 3984/3984/3984
f 3980/3980/3980 3981/3981/3981 3984/3984/3984 3979/3979/3979
usemtl diffuse_173_216_230_255
vt 0 0.0098039219155907631
vt 1 0.0098039219155907631
vt 1 0.5
vt 1 0.99019604921340942
vt 0 0.99019604921340942
vt 0 0.5
vn 1 0 0
vn 1 0 0
vn 1 0 0
vn 1 0 0
vn 1 0 0
vn 1 0 0
f 3990/3990/3990 3985/3985/3985 3986/3986/3986 3987/3987/3987
f 3989/3989/3989 3990/3990/3990 3987/3987/3987 3988/3988/3988
usemtl diffuse_255_0_0_255
vt 0 0
vt 0 1
vt 1 0
vt 1 1
vn 0 0 1
vn 0 0 1
vn 0 0 1
vn 0 0 1
f 3994/3994/3994 3992/3992/3992 3991/3991/3991 3993/3993/3993
usemtl diffuse_173_216_230_255
vt 1 0.99019604921340942
vt 0 0.99019604921340942
vt 0 0.5
vt 0 0.0098039219155907631
vt 1 0.0098039219155907631
vt 1 0.5
vn -1 0 0
vn -1 0 0
vn -1 0 0
vn -1 0 0
vn -1 0 0
vn -1 0 0
f 3997/3997/3997 3998/3998/3998 3999/3999/3999 4000/4000/4000
f 3996/3996/3996 3997/3997/3997 4000/4000/4000 3995/3995/3995
usemtl diffuse_173_216_230_255
vt 0 0.0098039219155907631
vt 1 0.0098039219155907631
vt 1 0.5
vt 1 0.99019604921340942
vt 0 0.99019604921340942
vt 0 0.5
vn 1 0 0
vn 1 0 0
vn 1 0 0
vn 1 0 0
vn 1 0 0
vn 1 0 0
f 4006/4006/4006 4001/4001/4001 4002/4002/4002 4003/4003/4003
f 4005/4005/4005 4006/4006/4006 4003/4003/4003 4004/4004/4004
usemtl diffuse_255_0_0_255
vt 0 0
vt 0 1
vt 1 0
vt 1 1
vn 0 0 1
vn 0 0 1
vn 0 0 1
vn 0 0 1
f 4010/4010/4010 4008/4008/4008 4007/4007/4007 4009/4009/4009
usemtl diffuse_255_0_0_255
vt 0.0098039219155907631 0.99019604921340942
vt 0.0098039219155907631 0.5
vt 0.0098039219155907631 0.0098039219155907631
vt 0.47116494178771973 0.0098039219155907631
vt 0.93252593278884888 0.0098039219155907631
vt 0.99019604921340942 0.0098039219155907631
vt 0.5 0.5
vt 0.75 0.5
vt 0.5 0.25
vt 0.75 0.25
vt 0.875 0.25
vt 0.75 0.125
vt 0.875 0.125
vt 0.99019604921340942 0.5
vt 0.99019604921340942 0.99019604921340942
vt 0.93252593278884888 0.99019604921340942
vt 0.5 0.75
vt 0.75 0.75
vt 0.75 0.875
vt 0.875 0.75
vt 0.875 0.875
vt 0.47116494178771973 0.99019604921340942
vn 0 0 1
vn 0 0 1
vn 0 0 1
vn 0 0 1
vn 0 0 1
vn 0 0 1
vn 0 0 1
vn 0 0 1
vn 0 0 1
vn 0 0 1
vn 0 0 1
vn 0 0 1
vn 0 0 1
vn 0 0 1
vn 0 0 1
vn 0 0 1
vn 0 0 1
vn 0 0 1
vn 0 0 1
vn 0 0 1
vn 0 0 1
vn 0 0 1
f 4031/4031/4031 4029/4029/4029 4028/4028/4028 4030/4030/4030
f 4028/4028/4028 4027/4027/4027 4017/4017/4017 4018/4018/4018
f 4018/4018/4018 4017/4017/4017 4019/4019/4019 4020/4020/4020
f 4021/4021/4021 4020/4020/4020 4022/4022/4022 4023/4023/4023
f 4019/4019/4019 4013/4013/4013 4014/4014/4014
f 4020/4020/4020 4019/4019/4019 4022/4022/4022
f 4014/4014/4014 4022/4022/4022 4019/4019/4019
f 4022/4022/4022 4014/4014/4014 4015/4015/4015
f 4012/4012/4012 4013/4013/4013 4019/4019/4019 4017/4017/4017
f 4032/4032/4032 4011/4011/4011 4027/4027/4027
f 4011/4011/4011 4012/4012/4012 4017/4017/4017 4027/4027/4027
f 4029/4029/4029 4032/4032/4032 4027/4027/4027
f 4018/4018/4018 4020/4020/4020 4021/4021/4021
f 4021/4021/4021 4024/4024/4024 4018/4018/4018
f 4016/4016/4016 4021/4021/4021 4023/4023/4023
f 4021/4021/4021 4016/4016/4016 4024/4024/4024
f 4015/4015/4015 4016/4016/4016 4023/4023/4023
f 4015/4015/4015 4023/4023/4023 4022/4022/4022
f 4018/4018/4018 4024/4024/4024 4030/4030/4030 4028/4028/4028
f 4027/4027/4027 4028/4028/4028 4029/4029/4029
f 4026/4026/4026 4031/4031/4031 4025/4025/4025
f 4030/4030/4030 4025/4025/4025 4031/4031/4031
f 4029/4029/4029 4031/4031/4031 4026/4026/4026
f 4025/4025/4025 4030/4030/4030 4024/4024/4024
f 4032/4032/4032 4029/4029/4029 4026/4026/4026
usemtl diffuse_255_0_0_255
vt 0.0098039219155907631 0.99019604921340942
vt 0.0098039219155907631 0.0098039219155907631
vt 0.5 0.5
vt 0.47116494178771973 0.0098039219155907631
vt 0.93252593278884888 0.0098039219155907631
vt 0.99019604921340942 0.0098039219155907631
vt 0.75 0.5
vt 0.5 0.25
vt 0.75 0.25
vt 0.875 0.25
vt 0.75 0.125
vt 0.875 0.125
vt 0.99019604921340942 0.99019604921340942
vt 0.93252593278884888 0.99019604921340942
vt 0.5 0.75
vt 0.75 0.75
vt 0.75 0.875
vt 0.875 0.75
vt 0.875 0.875
vt 0.47116494178771973 0.99019604921340942
vn 0 0 1
vn 0 0 1
vn 0 0 1
vn 0 0 1
vn 0 0 1
vn 0 0 1
vn 0 0 1
vn 0 0 1
vn 0 0 1
vn 0 0 1
vn 0 0 1
vn 0 0 1
vn 0 0 1
vn 0 0 1
vn 0 0 1
vn 0 0 1
vn 0 0 1
vn 0 0 1
vn 0 0 1
vn 0 0 1
f 4051/4051/4051 4049/4049/4049 4048/4048/4048 4050/4050/4050
f 4048/4048/4048 4047/4047/4047 4035/4035/4035 4039/4039/4039
f 4039/4039/4039 4035/4035/4035 4040/4040/4040 4041/4041/4041
f 4042/4042/4042 4041/4041/4041 4043/4043/4043 4044/4044/4044
f 4040/4040/4040 4034/4034/4034 4036/4036/4036
f 4041/4041/4041 4040/4040/4040 4043/4043/4043
f 4036/4036/4036 4043/4043/4043 4040/4040/4040
f 4043/4043/4043 4036/4036/4036 4037/4037/4037
f 4035/4035/4035 4034/4034/4034 4040/4040/4040
f 4047/4047/4047 4052/4052/4052 4033/4033/4033
f 4049/4049/4049 4052/4052/4052 4047/4047/4047
f 4033/4033/4033 4035/4035/4035 4047/4047/4047
f 4035/4035/4035 4033/4033/4033 4034/4034/4034
f 4039/4039/4039 4041/4041/4041 4042/4042/4042
f 4039/4039/4039 4042/4042/4042 4050/4050/4050
f 4042/4042/4042 4044/4044/4044 4038/4038/4038
f 4037/4037/4037 4038/4038/4038 4044/4044/4044
f 4048/4048/4048 4039/4039/4039 4050/4050/4050
f 4037/4037/4037 4044/4044/4044 4043/4043/4043
f 4038/4038/4038 4045/4045/4045 4050/4050/4050 4042/4042/4042
f 4046/4046/4046 4051/4051/4051 4045/4045/4045
f 4050/4050/4050 4045/4045/4045 4051/4051/4051
f 4049/4049/4049 4051/4051/4051 4046/4046/4046
f 4052/4052/4052 4049/4049/4049 4046/4046/4046
f 4047/4047/4047 4048/4048/4048 4049/4049/4049
usemtl diffuse_255_0_0_255
vt 0.0098039219155907631 0.99019604921340942
vt 0.0098039219155907631 0.0098039219155907631
vt 0.5 0.5
vt 0.47116494178771973 0.0098039219155907631
vt 0.93252593278884888 0.0098039219155907631
vt 0.99019604921340942 0.0098039219155907631
vt 0.75 0.5
vt 0.5 0.25
vt 0.75 0.25
vt 0.875 0.25
vt 0.75 0.125
vt 0.875 0.125
vt 0.99019604921340942 0.99019604921340942
vt 0.93252593278884888 0.99019604921340942
vt 0.5 0.75
vt 0.75 0.75
vt 0.75 0.875
vt 0.875 0.75
vt 0.875 0.875
vt 0.47116494178771973 0.99019604921340942
vn 0 0 1
vn 0 0 1
vn 0 0 1
vn 0 0 1
vn 0 0 1
vn 0 0 1
vn 0 0 1
vn 0 0 1
vn 0 0 1
vn 0 0 1
vn 0 0 1
vn 0 0 1
vn 0 0 1
vn 0 0 1
vn 0 0 1
vn 0 0 1
vn 0 0 1
vn 0 0 1
vn 0 0 1
vn 0 0 1
f 4071/4071/4071 4069/4069/4069 4068/4068/4068 4070/4070/4070
f 4068/4068/4068 4067/4067/4067 4055/4055/4055 4059/4059/4059
f 4059/4059/4059 4055/4055/4055 4060/4060/4060 4061/4061/4061
f 4062/4062/4062 4061/4061/4061 4063/4063/4063 4064/4064/4064
f 4060/4060/4060 4054/4054/4054 4056/4056/4056
f 4061/4061/4061 4060/4060/4060 4063/4063/4063
f 4056/4056/4056 4063/4063/4063 4060/4060/4060
f 4063/4063/4063 4056/4056/4056 4057/4057/4057
f 4055/4055/4055 4054/4054/4054 4060/4060/4060
f 4067/4067/4067 4072/4072/4072 4053/4053/4053
f 4069/4069/4069 4072/4072/4072 4067/4067/4067
f 4053/4053/4053 4055/4055/4055 4067/4067/4067
f 4055/4055/4055 4053/4053/4053 4054/4054/4054
f 4059/4059/4059 4061/4061/4061 4062/4062/4062
f 4059/4059/4059 4062/4062/4062 4070/4070/4070
f 4062/4062/4062 4064/4064/4064 4058/4058/4058
f 4057/4057/4057 4058/4058/4058 4064/4064/4064
f 4068/4068/4068 4059/4059/4059 4070/4070/4070
f 4057/4057/4057 4064/4064/4064 4063/4063/4063
f 4058/4058/4058 4065/4065/4065 4070/4070/4070 4062/4062/4062
f 4066/4066/4066 4071/4071/4071 4065/4065/4065
f 4070/4070/4070 4065/4065/4065 4071/4071/4071
f 4069/4069/4069 4071/4071/4071 4066/4066/4066
f 4072/4072/4072 4069/4069/4069 4066/4066/4066
f 4067/4067/4067 4068/4068/4068 4069/4069/4069
usemtl diffuse_255_0_0_255
vt 0.0098039219155907631 0.99019604921340942
vt 0.0098039219155907631 0.0098039219155907631
vt 0.31737792491912842 0.0098039219155907631
vt 0.62495195865631104 0.0098039219155907631
vt 0.93252593278884888 0.0098039219155907631
vt 0.99019604921340942 0.0098039219155907631
vt 0.75 0.5
vt 0.875 0.5
vt 0.75 0.25
vt 0.875 0.25
vt 0.99019604921340942 0.99019604921340942
vt 0.93252593278884888 0.99019604921340942
vt 0.75 0.75
vt 0.875 0.75
vt 0.62495195865631104 0.99019604921340942
vt 0.31737792491912842 0.99019604921340942
vn 0 0 1
vn 0 0 1
vn 0 0 1
vn 0 0 1
vn 0 0 1
vn 0 0 1
vn 0 0 1
vn 0 0 1
vn 0 0 1
vn 0 0 1
vn 0 0 1
vn 0 0 1
vn 0 0 1
vn 0 0 1
vn 0 0 1
vn 0 0 1
f 4086/4086/4086 4085/4085/4085 4079/4079/4079 4080/4080/4080
f 4080/4080/4080 4079/4079/4079 4081/4081/4081 4082/4082/4082
f 4075/4075/4075 4088/4088/4088 4073/4073/4073 4074/4074/4074
f 4079/4079/4079 4075/4075/4075 4076/4076/4076
f 4076/4076/4076 4077/4077/4077 4082/4082/4082 4081/4081/4081
f 4076/4076/4076 4081/4081/4081 4079/4079/4079
f 4085/4085/4085 4087/4087/4087 4079/4079/4079
f 4088/4088/4088 4079/4079/4079 4087/4087/4087
f 4088/4088/4088 4075/4075/4075 4079/4079/4079
f 4078/4078/4078 4080/4080/4080 4082/4082/4082
f 4082/4082/4082 4077/4077/4077 4078/4078/4078
f 4083/4083/4083 4080/4080/4080 4078/4078/4078
f 4084/4084/4084 4085/4085/4085 4086/4086/4086
f 4086/4086/4086 4083/4083/4083 4084/4084/4084
f 4083/4083/4083 4086/4086/4086 4080/4080/4080
f 4087/4087/4087 4085/4085/4085 4084/4084/4084
usemtl diffuse_255_0_0_255
vt 0.0098039219155907631 0.0098039219155907631
vt 0.48638343811035156 0.0098039219155907631
vt 0.96296298503875732 0.0098039219155907631
vt 0.99019604921340942 0.0098039219155907631
vt 0.5 0.5
vt 0.75 0.5
vt 0.5 0.25
vt 0.75 0.25
vt 0.875 0.25
vt 0.75 0.125
vt 0.875 0.125
vt 0.9375 0.125
vt 0.875 0.0625
vt 0.9375 0.0625
vt 0.99019604921340942 0.99019604921340942
vt 0.96296298503875732 0.99019604921340942
vt 0.5 0.75
vt 0.75 0.75
vt 0.75 0.875
vt 0.875 0.75
vt 0.875 0.875
vt 0.875 0.9375
vt 0.9375 0.875
vt 0.9375 0.9375
vt 0.48638343811035156 0.99019604921340942
vt 0.0098039219155907631 0.99019604921340942
vn 0 0 1
vn 0 0 1
vn 0 0 1
vn 0 0 1
vn 0 0 1
vn 0 0 1
vn 0 0 1
vn 0 0 1
vn 0 0 1
vn 0 0 1
vn 0 0 1
vn 0 0 1
vn 0 0 1
vn 0 0 1
vn 0 0 1
vn 0 0 1
vn 0 0 1
vn 0 0 1
vn 0 0 1
vn 0 0 1
vn 0 0 1
vn 0 0 1
vn 0 0 1
vn 0 0 1
vn 0 0 1
vn 0 0 1
f 4112/4112/4112 4110/4110/4110 4109/4109/4109 4111/4111/4111
f 4109/4109/4109 4107/4107/4107 4106/4106/4106 4108/4108/4108
f 4106/4106/4106 4105/4105/4105 4093/4093/4093 4094/4094/4094
f 4094/4094/4094 4093/4093/4093 4095/4095/4095 4096/4096/4096
f 4097/4097/4097 4096/4096/4096 4098/4098/4098 4099/4099/4099
f 4100/4100/4100 4099/4099/4099 4101/4101/4101 4102/4102/4102
f 4095/4095/4095 4089/4089/4089 4090/4090/4090
f 4098/4098/4098 4095/4095/4095 4090/4090/4090
f 4093/4093/4093 4089/4089/4089 4095/4095/4095
f 4090/4090/4090 4101/4101/4101 4098/4098/4098
f 4097/4097/4097 4094/4094/4094 4096/4096/4096
f 4095/4095/4095 4098/4098/4098 4096/4096/4096
f 4101/4101/4101 4090/4090/4090 4091/4091/4091
f 4105/4105/4105 4113/4113/4113 4114/4114/4114
f 4089/4089/4089 4093/4093/4093 4114/4114/4114
f 4093/4093/4093 4105/4105/4105 4114/4114/4114
f 4105/4105/4105 4106/4106/4106 4107/4107/4107
f 4108/4108/4108 4106/4106/4106 4094/4094/4094
f 4113/4113/4113 4105/4105/4105 4107/4107/4107
f 4110/4110/4110 4113/4113/4113 4107/4107/4107
f 4099/4099/4099 4098/4098/4098 4101/4101/4101
f 4100/4100/4100 4097/4097/4097 4099/4099/4099
f 4100/4100/4100 4102/4102/4102 4092/4092/4092
f 4091/4091/4091 4092/4092/4092 4102/4102/4102
f 4111/4111/4111 4100/4100/4100 4092/4092/4092 4103/4103/4103
f 4102/4102/4102 4101/4101/4101 4091/4091/4091
f 4100/4100/4100 4111/4111/4111 4108/4108/4108 4097/4097/4097
f 4111/4111/4111 4109/4109/4109 4108/4108/4108
f 4107/4107/4107 4109/4109/4109 4110/4110/4110
f 4103/4103/4103 4112/4112/4112 4111/4111/4111
f 4112/4112/4112 4103/4103/4103 4104/4104/4104
f 4110/4110/4110 4112/4112/4112 4104/4104/4104
f 4113/4113/4113 4110/4110/4110 4104/4104/4104
f 4094/4094/4094 4097/4097/4097 4108/4108/4108
usemtl diffuse_255_0_0_255
vt 0.0098039219155907631 0.99019604921340942
vt 0.0098039219155907631 0.0098039219155907631
vt 0.48638343811035156 0.0098039219155907631
vt 0.96296298503875732 0.0098039219155907631
vt 0.99019604921340942 0.0098039219155907631
vt 0.5 0.5
vt 0.75 0.5
vt 0.5 0.25
vt 0.75 0.25
vt 0.875 0.25
vt 0.75 0.125
vt 0.875 0.125
vt 0.9375 0.125
vt 0.875 0.0625
vt 0.9375 0.0625
vt 0.99019604921340942 0.99019604921340942
vt 0.5 0.99019604921340942
vn 0 0 1
vn 0 0 1
vn 0 0 1
vn 0 0 1
vn 0 0 1
vn 0 0 1
vn 0 0 1
vn 0 0 1
vn 0 0 1
vn 0 0 1
vn 0 0 1
vn 0 0 1
vn 0 0 1
vn 0 0 1
vn 0 0 1
vn 0 0 1
vn 0 0 1
f 4121/4121/4121 4120/4120/4120 4122/4122/4122 4123/4123/4123
f 4124/4124/4124 4123/4123/4123 4125/4125/4125 4126/4126/4126
f 4127/4127/4127 4126/4126/4126 4128/4128/4128 4129/4129/4129
f 4122/4122/4122 4116/4116/4116 4117/4117/4117
f 4123/4123/4123 4122/4122/4122 4125/4125/4125
f 4117/4117/4117 4125/4125/4125 4122/4122/4122
f 4125/4125/4125 4117/4117/4117 4128/4128/4128
f 4120/4120/4120 4116/4116/4116 4122/4122/4122
f 4131/4131/4131 4115/4115/4115 4120/4120/4120
f 4120/4120/4120 4115/4115/4115 4116/4116/4116
f 4131/4131/4131 4120/4120/4120 4121/4121/4121
f 4118/4118/4118 4129/4129/4129 4128/4128/4128
f 4129/4129/4129 4118/4118/4118 4119/4119/4119
f 4118/4118/4118 4128/4128/4128 4117/4117/4117
f 4127/4127/4127 4129/4129/4129 4119/4119/4119
f 4121/4121/4121 4123/4123/4123 4124/4124/4124
f 4130/4130/4130 4124/4124/4124 4127/4127/4127
f 4126/4126/4126 4127/4127/4127 4124/4124/4124
f 4119/4119/4119 4130/4130/4130 4127/4127/4127
f 4121/4121/4121 4124/4124/4124 4130/4130/4130
f 4131/4131/4131 4121/4121/4121 4130/4130/4130
f 4128/4128/4128 4126/4126/4126 4125/4125/4125
usemtl diffuse_255_0_0_255
vt 0.0098039219155907631 0.99019604921340942
vt 0.0098039219155907631 0.0098039219155907631
vt 0.31737792491912842 0.0098039219155907631
vt 0.62495195865631104 0.0098039219155907631
vt 0.93252593278884888 0.0098039219155907631
vt 0.99019604921340942 0.0098039219155907631
vt 0.75 0.5
vt 0.875 0.5
vt 0.75 0.25
vt 0.875 0.25
vt 0.99019604921340942 0.99019604921340942
vt 0.93252593278884888 0.99019604921340942
vt 0.75 0.75
vt 0.875 0.75
vt 0.62495195865631104 0.99019604921340942
vt 0.31737792491912842 0.99019604921340942
vn 0 0 1
vn 0 0 1
vn 0 0 1
vn 0 0 1
vn 0 0 1
vn 0 0 1
vn 0 0 1
vn 0 0 1
vn 0 0 1
vn 0 0 1
vn 0 0 1
vn 0 0 1
vn 0 0 1
vn 0 0 1
vn 0 0 1
vn 0 0 1
f 4145/4145/4145 4144/4144/4144 4138/4138/4138 4139/4139/4139
f 4139/4139/4139 4138/4138/4138 4140/4140/4140 4141/4141/4141
f 4134/4134/4134 4147/4147/4147 4132/4132/4132 4133/4133/4133
f 4138/4138/4138 4134/4134/4134 4135/4135/4135
f 4135/4135/4135 4136/4136/4136 4141/4141/4141 4140/4140/4140
f 4135/4135/4135 4140/4140/4140 4138/4138/4138
f 4144/4144/4144 4146/4146/4146 4138/4138/4138
f 4147/4147/4147 4138/4138/4138 4146/4146/4146
f 4147/4147/4147 4134/4134/4134 4138/4138/4138
f 4137/4137/4137 4139/4139/4139 4141/4141/4141
f 4141/4141/4141 4136/4136/4136 4137/4137/4137
f 4142/4142/4142 4139/4139/4139 4137/4137/4137
f 4143/4143/4143 4144/4144/4144 4145/4145/4145
f 4145/4145/4145 4142/4142/4142 4143/4143/4143
f 4142/4142/4142 4145/4145/4145 4139/4139/4139
f 4146/4146/4146 4144/4144/4144 4143/4143/4143
usemtl diffuse_255_0_0_255
vt 0.0098039219155907631 0.99019604921340942
vt 0.0098039219155907631 0.0098039219155907631
vt 0.5 0.5
vt 0.47116494178771973 0.0098039219155907631
vt 0.93252593278884888 0.0098039219155907631
vt 0.99019604921340942 0.0098039219155907631
vt 0.75 0.5
vt 0.5 0.25
vt 0.75 0.25
vt 0.875 0.25
vt 0.75 0.125
vt 0.875 0.125
vt 0.99019604921340942 0.99019604921340942
vt 0.5 0.99019604921340942
vn 0 0 1
vn 0 0 1
vn 0 0 1
vn 0 0 1
vn 0 0 1
vn 0 0 1
vn 0 0 1
vn 0 0 1
vn 0 0 1
vn 0 0 1
vn 0 0 1
vn 0 0 1
vn 0 0 1
vn 0 0 1
f 4154/4154/4154 4150/4150/4150 4155/4155/4155 4156/4156/4156
f 4157/4157/4157 4156/4156/4156 4158/4158/4158 4159/4159/4159
f 4151/4151/4151 4155/4155/4155 4149/4149/4149
f 4152/4152/4152 4158/4158/4158 4151/4151/4151
f 4158/4158/4158 4155/4155/4155 4151/4151/4151
f 4148/4148/4148 4149/4149/4149 4150/4150/4150
f 4155/4155/4155 4150/4150/4150 4149/4149/4149
f 4148/4148/4148 4150/4150/4150 4161/4161/4161
f 4150/4150/4150 4154/4154/4154 4161/4161/4161
f 4158/4158/4158 4156/4156/4156 4155/4155/4155
f 4153/4153/4153 4159/4159/4159 4152/4152/4152
f 4157/4157/4157 4159/4159/4159 4153/4153/4153
f 4157/4157/4157 4154/4154/4154 4156/4156/4156
f 4154/4154/4154 4157/4157/4157 4160/4160/4160
f 4153/4153/4153 4160/4160/4160 4157/4157/4157
f 4161/4161/4161 4154/4154/4154 4160/4160/4160
f 4152/4152/4152 4159/4159/4159 4158/4158/4158
usemtl diffuse_173_216_230_255
vt 0.0098039219155907631 0
vt 0.66339868307113647 0
vt 0.99019604921340942 0
vt 0.99019604921340942 1
vt 0.5 1
vt 0.0098039219155907631 1
vn -1 0 0
vn -1 0 0
vn -1 0 0
vn -1 0 0
vn -1 0 0
vn -1 0 0
f 4166/4166/4166 4167/4167/4167 4162/4162/4162 4163/4163/4163
f 4163/4163/4163 4164/4164/4164 4165/4165/4165 4166/4166/4166
usemtl diffuse_255_0_0_255
vt 0.0098039219155907631 0.99019604921340942
vt 0.0098039219155907631 0.0098039219155907631
vt 0.32752358913421631 0.0098039219155907631
vt 0.64524328708648682 0.0098039219155907631
vt 0.96296298503875732 0.0098039219155907631
vt 0.99019604921340942 0.0098039219155907631
vt 0.75 0.5
vt 0.875 0.5
vt 0.75 0.25
vt 0.875 0.25
vt 0.9375 0.25
vt 0.875 0.125
vt 0.9375 0.125
vt 0.99019604921340942 0.99019604921340942
vt 0.96296298503875732 0.99019604921340942
vt 0.75 0.75
vt 0.875 0.75
vt 0.875 0.875
vt 0.9375 0.75
vt 0.9375 0.875
vt 0.64524328708648682 0.99019604921340942
vt 0.32752358913421631 0.99019604921340942
vn 0 0 1
vn 0 0 1
vn 0 0 1
vn 0 0 1
vn 0 0 1
vn 0 0 1
vn 0 0 1
vn 0 0 1
vn 0 0 1
vn 0 0 1
vn 0 0 1
vn 0 0 1
vn 0 0 1
vn 0 0 1
vn 0 0 1
vn 0 0 1
vn 0 0 1
vn 0 0 1
vn 0 0 1
vn 0 0 1
vn 0 0 1
vn 0 0 1
f 4187/4187/4187 4185/4185/4185 4184/4184/4184 4186/4186/4186
f 4184/4184/4184 4183/4183/4183 4174/4174/4174 4175/4175/4175
f 4175/4175/4175 4174/4174/4174 4176/4176/4176 4177/4177/4177
f 4178/4178/4178 4177/4177/4177 4179/4179/4179 4180/4180/4180
f 4169/4169/4169 4170/4170/4170 4189/4189/4189 4168/4168/4168
f 4176/4176/4176 4171/4171/4171 4179/4179/4179
f 4172/4172/4172 4179/4179/4179 4171/4171/4171
f 4177/4177/4177 4176/4176/4176 4179/4179/4179
f 4174/4174/4174 4170/4170/4170 4171/4171/4171
f 4171/4171/4171 4176/4176/4176 4174/4174/4174
f 4174/4174/4174 4188/4188/4188 4189/4189/4189
f 4174/4174/4174 4189/4189/4189 4170/4170/4170
f 4188/4188/4188 4174/4174/4174 4183/4183/4183
f 4185/4185/4185 4188/4188/4188 4183/4183/4183
f 4175/4175/4175 4177/4177/4177 4178/4178/4178
f 4178/4178/4178 4180/4180/4180 4173/4173/4173
f 4172/4172/4172 4173/4173/4173 4180/4180/4180
f 4173/4173/4173 4181/4181/4181 4186/4186/4186 4178/4178/4178
f 4172/4172/4172 4180/4180/4180 4179/4179/4179
f 4178/4178/4178 4186/4186/4186 4184/4184/4184 4175/4175/4175
f 4183/4183/4183 4184/4184/4184 4185/4185/4185
f 4182/4182/4182 4187/4187/4187 4181/4181/4181
f 4186/4186/4186 4181/4181/4181 4187/4187/4187
f 4185/4185/4185 4187/4187/4187 4182/4182/4182
f 4188/4188/4188 4185/4185/4185 4182/4182/4182
usemtl diffuse_173_216_230_255
vt 1 0.99019604921340942
vt 0 0.99019604921340942
vt 0 0.5
vt 0 0.0098039219155907631
vt 1 0.0098039219155907631
vt 1 0.5
vn -1 0 0
vn -1 0 0
vn -1 0 0
vn -1 0 0
vn -1 0 0
vn -1 0 0
f 4192/4192/4192 4193/4193/4193 4194/4194/4194 4195/4195/4195
f 4191/4191/4191 4192/4192/4192 4195/4195/4195 4190/4190/4190
usemtl diffuse_255_0_0_255
vt 0.0098039219155907631 0.99019604921340942
vt 0.0098039219155907631 0.0098039219155907631
vt 0.16890265047550201 0.0098039219155907631
vt 0.32800137996673584 0.0098039219155907631
vt 0.48710009455680847 0.0098039219155907631
vt 0.6461988091468811 0.0098039219155907631
vt 0.80529755353927612 0.0098039219155907631
vt 0.96439629793167114 0.0098039219155907631
vt 0.99019604921340942 0.0098039219155907631
vt 0.875 0.5
vt 0.9375 0.5
vt 0.875 0.25
vt 0.9375 0.25
vt 0.99019604921340942 0.99019604921340942
vt 0.96439629793167114 0.99019604921340942
vt 0.875 0.75
vt 0.9375 0.75
vt 0.80529755353927612 0.99019604921340942
vt 0.6461988091468811 0.99019604921340942
vt 0.48710009455680847 0.99019604921340942
vt 0.32800137996673584 0.99019604921340942
vt 0.16890265047550201 0.99019604921340942
vn 0 0 1
vn 0 0 1
vn 0 0 1
vn 0 0 1
vn 0 0 1
vn 0 0 1
vn 0 0 1
vn 0 0 1
vn 0 0 1
vn 0 0 1
vn 0 0 1
vn 0 0 1
vn 0 0 1
vn 0 0 1
vn 0 0 1
vn 0 0 1
vn 0 0 1
vn 0 0 1
vn 0 0 1
vn 0 0 1
vn 0 0 1
vn 0 0 1
f 4212/4212/4212 4211/4211/4211 4205/4205/4205 4206/4206/4206
f 4206/4206/4206 4205/4205/4205 4207/4207/4207 4208/4208/4208
f 4197/4197/4197 4198/4198/4198 4217/4217/4217 4196/4196/4196
f 4199/4199/4199 4200/4200/4200 4215/4215/4215 4216/4216/4216
f 4200/4200/4200 4201/4201/4201 4214/4214/4214 4215/4215/4215
f 4198/4198/4198 4199/4199/4199 4216/4216/4216 4217/4217/4217
f 4213/4213/4213 4214/4214/4214 4201/4201/4201 4202/4202/4202
f 4205/4205/4205 4202/4202/4202 4207/4207/4207
f 4202/4202/4202 4203/4203/4203 4208/4208/4208 4207/4207/4207
f 4204/4204/4204 4208/4208/4208 4203/4203/4203
f 4206/4206/4206 4208/4208/4208 4204/4204/4204
f 4205/4205/4205 4211/4211/4211 4213/4213/4213
f 4210/4210/4210 4212/4212/4212 4209/4209/4209
f 4206/4206/4206 4209/4209/4209 4212/4212/4212
f 4211/4211/4211 4212/4212/4212 4210/4210/4210
f 4209/4209/4209 4206/4206/4206 4204/4204/4204
f 4213/4213/4213 4211/4211/4211 4210/4210/4210
f 4202/4202/4202 4205/4205/4205 4213/4213/4213
usemtl diffuse_173_216_230_255
vt 1 0.99019604921340942
vt 0 0.99019604921340942
vt 0 0.5
vt 0 0.0098039219155907631
vt 1 0.0098039219155907631
vt 1 0.5
vn -1 0 0
vn -1 0 0
vn -1 0 0
vn -1 0 0
vn -1 0 0
vn -1 0 0
f 4220/4220/4220 4221/4221/4221 4222/4222/4222 4223/4223/4223
f 4219/4219/4219 4220/4220/4220 4223/4223/4223 4218/4218/4218
usemtl diffuse_173_216_230_255
vt 1 0.99019604921340942
vt 0 0.99019604921340942
vt 0 0.5
vt 0 0.0098039219155907631
vt 1 0.0098039219155907631
vt 1 0.5
vn -1 0 0
vn -1 0 0
vn -1 0 0
vn -1 0 0
vn -1 0 0
vn -1 0 0
f 4226/4226/4226 4227/4227/4227 4228/4228/4228 4229/4229/4229
f 4225/4225/4225 4226/4226/4226 4229/4229/4229 4224/4224/4224
usemtl diffuse_255_0_0_255
vt 0.0098039219155907631 0.99019604921340942
vt 0.0098039219155907631 0.0098039219155907631
vt 0.24845200777053833 0.0098039219155907631
vt 0.48710009455680847 0.0098039219155907631
vt 0.72574818134307861 0.0098039219155907631
vt 0.96439629793167114 0.0098039219155907631
vt 0.99019604921340942 0.0098039219155907631
vt 0.83333331346511841 0.5
vt 0.91666668653488159 0.5
vt 0.83333331346511841 0.25
vt 0.91666668653488159 0.25
vt 0.99019604921340942 0.99019604921340942
vt 0.7450980544090271 0.99019604921340942
vt 0.5 0.99019604921340942
vt 0.25490197539329529 0.99019604921340942
vn 0 0 1
vn 0 0 1
vn 0 0 1
vn 0 0 1
vn 0 0 1
vn 0 0 1
vn 0 0 1
vn 0 0 1
vn 0 0 1
vn 0 0 1
vn 0 0 1
vn 0 0 1
vn 0 0 1
vn 0 0 1
vn 0 0 1
f 4238/4238/4238 4237/4237/4237 4239/4239/4239 4240/4240/4240
f 4231/4231/4231 4232/4232/4232 4244/4244/4244 4230/4230/4230
f 4232/4232/4232 4233/4233/4233 4243/4243/4243 4244/4244/4244
f 4242/4242/4242 4243/4243/4243 4233/4233/4233 4234/4234/4234
f 4235/4235/4235 4240/4240/4240 4239/4239/4239
f 4240/4240/4240 4235/4235/4235 4236/4236/4236
f 4235/4235/4235 4239/4239/4239 4234/4234/4234
f 4238/4238/4238 4240/4240/4240 4236/4236/4236
f 4241/4241/4241 4242/4242/4242 4237/4237/4237 4238/4238/4238
f 4237/4237/4237 4242/4242/4242 4234/4234/4234
f 4236/4236/4236 4241/4241/4241 4238/4238/4238
f 4239/4239/4239 4237/4237/4237 4234/4234/4234
usemtl diffuse_173_216_230_255
vt 1 0.99019604921340942
vt 0 0.99019604921340942
vt 0 0.5
vt 0 0.0098039219155907631
vt 1 0.0098039219155907631
vt 1 0.5
vn -1 0 0
vn -1 0 0
vn -1 0 0
vn -1 0 0
vn -1 0 0
vn -1 0 0
f 4247/4247/4247 4248/4248/4248 4249/4249/4249 4250/4250/4250
f 4246/4246/4246 4247/4247/4247 4250/4250/4250 4245/4245/4245
usemtl diffuse_255_0_0_255
vt 0 0
vt 0 1
vt 1 0
vt 1 1
vn 0 0 1
vn 0 0 1
vn 0 0 1
vn 0 0 1
f 4254/4254/4254 4252/4252/4252 4251/4251/4251 4253/4253/4253
usemtl diffuse_255_0_0_255
vt 0 0
vt 0 1
vt 1 0
vt 1 1
vn 0 0 1
vn 0 0 1
vn 0 0 1
vn 0 0 1
f 4258/4258/4258 4256/4256/4256 4255/4255/4255 4257/4257/4257
usemtl diffuse_255_0_0_255
vt 0 0
vt 0 1
vt 1 0
vt 1 1
vn 0 0 1
vn 0 0 1
vn 0 0 1
vn 0 0 1
f 4262/4262/4262 4260/4260/4260 4259/4259/4259 4261/4261/4261
usemtl diffuse_173_216_230_255
vt 0.57142859697341919 0.1428571492433548
vt 0.57142859697341919 0.28571429848670959
vt 0.57142859697341919 0.4285714328289032
vt 0.57142859697341919 0.57142859697341919
vt 0.57142859697341919 0.71428573131561279
vt 0.71428573131561279 0.1428571492433548
vt 0.71428573131561279 0.28571429848670959
vt 0.71428573131561279 0.4285714328289032
vt 0.71428573131561279 0.57142859697341919
vt 0.71428573131561279 0.71428573131561279
vt 0.8571428656578064 0.1428571492433548
vt 0.8571428656578064 0.28571429848670959
vt 0.8571428656578064 0.4285714328289032
vt 0.8571428656578064 0.57142859697341919
vt 0.8571428656578064 0.71428573131561279
vt 0.8571428656578064 0.8571428656578064
vt 0.42997199296951294 0.0098039219155907631
vt 0.8501400351524353 0.0098039219155907631
vt 0.99019604921340942 0.0098039219155907631
vt 0.99019604921340942 0.11095549166202545
vt 0.99019604921340942 0.21210706233978271
vt 0.99019604921340942 0.31325864791870117
vt 0.99019604921340942 0.41441020369529724
vt 0.99019604921340942 0.51556175947189331
vt 0.99019604921340942 0.61671334505081177
vt 0.99019604921340942 0.71786493062973022
vt 0.99019604921340942 0.81901651620864868
vt 0.99019604921340942 0.92016804218292236
vt 0.8501400351524353 0.92016804218292236
vt 0.8501400351524353 0.95518207550048828
vt 0.71008402109146118 0.95518207550048828
vt 0.42997199296951294 0.95518207550048828
vt 0.42997199296951294 0.99019604921340942
vt 0.28991597890853882 0.99019604921340942
vt 0.0098039219155907631 0.99019604921340942
vt 0.0098039219155907631 0.95518207550048828
vt 0.28991597890853882 0.95518207550048828
vt 0.28991597890853882 0.92016804218292236
vt 0.71008402109146118 0.92016804218292236
vt 0.71008402109146118 0.88515406847000122
vt 0.71008402109146118 0.8501400351524353
vt 0.42997199296951294 0.8501400351524353
vt 0.42997199296951294 0.81512606143951416
vt 0.28991597890853882 0.81512606143951416
vt 0.28991597890853882 0.78011202812194824
vt 0.28991597890853882 0.7450980544090271
vt 0.42997199296951294 0.7450980544090271
vt 0.42997199296951294 0.67507004737854004
vt 0.42997199296951294 0.60504204034805298
vt 0.28991597890853882 0.60504204034805298
vt 0.28991597890853882 0.57002800703048706
vt 0.28991597890853882 0.53501403331756592
vt 0.42997199296951294 0.53501403331756592
vt 0.42997199296951294 0.46498599648475647
vt 0.42997199296951294 0.39495798945426941
vt 0.28991597890853882 0.39495798945426941
vt 0.28991597890853882 0.35994398593902588
vt 0.28991597890853882 0.32492998242378235
vt 0.42997199296951294 0.32492998242378235
vt 0.42997199296951294 0.25490197539329529
vt 0.42997199296951294 0.18487395346164703
vt 0.28991597890853882 0.18487395346164703
vt 0.28991597890853882 0.1498599499464035
vt 0.28991597890853882 0.11484593898057938
vt 0.42997199296951294 0.11484593898057938
vt 0.42997199296951294 0.079831935465335846
vn 1 0 0
vn 1 0 0
vn 1 0 0
vn 1 0 0
vn 1 0 0
vn 1 0 0
vn 1 0 0
vn 1 0 0
vn 1 0 0
vn 1 0 0
vn 1 0 0
vn 1 0 0
vn 1 0 0
vn 1 0 0
vn 1 0 0
vn 1 0 0
vn 1 0 0
vn 1 0 0
vn 1 0 0
vn 1 0 0
vn 1 0 0
vn 1 0 0
vn 1 0 0
vn 1 0 0
vn 1 0 0
vn 1 0 0
vn 1 0 0
vn 1 0 0
vn 1 0 0
vn 1 0 0
vn 1 0 0
vn 1 0 0
vn 1 0 0
vn 1 0 0
vn 1 0 0
vn 1 0 0
vn 1 0 0
vn 1 0 0
vn 1 0 0
vn 1 0 0
vn 1 0 0
vn 1 0 0
vn 1 0 0
vn 1 0 0
vn 1 0 0
vn 1 0 0
vn 1 0 0
vn 1 0 0
vn 1 0 0
vn 1 0 0
vn 1 0 0
vn 1 0 0
vn 1 0 0
vn 1 0 0
vn 1 0 0
vn 1 0 0
vn 1 0 0
vn 1 0 0
vn 1 0 0
vn 1 0 0
vn 1 0 0
vn 1 0 0
vn 1 0 0
vn 1 0 0
vn 1 0 0
vn 1 0 0
f 4269/4269/4269 4264/4264/4264 4263/4263/4263 4268/4268/4268
f 4270/4270/4270 4265/4265/4265 4264/4264/4264 4269/4269/4269
f 4271/4271/4271 4266/4266/4266 4265/4265/4265 4270/4270/4270
f 4272/4272/4272 4267/4267/4267 4266/4266/4266 4271/4271/4271
f 4274/4274/4274 4269/4269/4269 4268/4268/4268 4273/4273/4273
f 4275/4275/4275 4270/4270/4270 4269/4269/4269 4274/4274/4274
f 4276/4276/4276 4271/4271/4271 4270/4270/4270 4275/4275/4275
f 4277/4277/4277 4272/4272/4272 4271/4271/4271 4276/4276/4276
f 4272/4272/4272 4277/4277/4277 4278/4278/4278
f 4327/4327/4327 4325/4325/4325 4326/4326/4326
f 4323/4323/4323 4324/4324/4324 4325/4325/4325
f 4321/4321/4321 4319/4319/4319 4320/4320/4320
f 4318/4318/4318 4319/4319/4319 4317/4317/4317
f 4263/4263/4263 4328/4328/4328 4279/4279/4279
f 4325/4325/4325 4327/4327/4327 4323/4323/4323
f 4263/4263/4263 4323/4323/4323 4327/4327/4327
f 4327/4327/4327 4328/4328/4328 4263/4263/4263
f 4264/4264/4264 4321/4321/4321 4322/4322/4322
f 4265/4265/4265 4316/4316/4316 4317/4317/4317
f 4317/4317/4317 4321/4321/4321 4265/4265/4265
f 4319/4319/4319 4321/4321/4321 4317/4317/4317
f 4322/4322/4322 4323/4323/4323 4264/4264/4264
f 4311/4311/4311 4312/4312/4312 4313/4313/4313
f 4309/4309/4309 4307/4307/4307 4308/4308/4308
f 4297/4297/4297 4298/4298/4298 4299/4299/4299 4296/4296/4296
f 4306/4306/4306 4307/4307/4307 4305/4305/4305
f 4266/4266/4266 4311/4311/4311 4315/4315/4315
f 4309/4309/4309 4305/4305/4305 4307/4307/4307
f 4267/4267/4267 4309/4309/4309 4310/4310/4310
f 4310/4310/4310 4311/4311/4311 4266/4266/4266
f 4296/4296/4296 4299/4299/4299 4294/4294/4294 4295/4295/4295
f 4299/4299/4299 4300/4300/4300 4294/4294/4294
f 4267/4267/4267 4304/4304/4304 4305/4305/4305
f 4305/4305/4305 4309/4309/4309 4267/4267/4267
f 4315/4315/4315 4311/4311/4311 4313/4313/4313
f 4315/4315/4315 4313/4313/4313 4314/4314/4314
f 4315/4315/4315 4316/4316/4316 4266/4266/4266
f 4280/4280/4280 4268/4268/4268 4263/4263/4263
f 4268/4268/4268 4280/4280/4280 4273/4273/4273
f 4282/4282/4282 4273/4273/4273 4280/4280/4280
f 4280/4280/4280 4263/4263/4263 4279/4279/4279
f 4265/4265/4265 4266/4266/4266 4316/4316/4316
f 4266/4266/4266 4267/4267/4267 4310/4310/4310
f 4274/4274/4274 4273/4273/4273 4283/4283/4283 4284/4284/4284
f 4264/4264/4264 4265/4265/4265 4321/4321/4321
f 4282/4282/4282 4283/4283/4283 4273/4273/4273
f 4275/4275/4275 4274/4274/4274 4284/4284/4284 4285/4285/4285
f 4276/4276/4276 4275/4275/4275 4285/4285/4285 4286/4286/4286
f 4287/4287/4287 4276/4276/4276 4286/4286/4286
f 4281/4281/4281 4282/4282/4282 4280/4280/4280
f 4272/4272/4272 4303/4303/4303 4267/4267/4267
f 4291/4291/4291 4301/4301/4301 4302/4302/4302
f 4302/4302/4302 4303/4303/4303 4278/4278/4278
f 4294/4294/4294 4301/4301/4301 4293/4293/4293
f 4293/4293/4293 4301/4301/4301 4291/4291/4291 4292/4292/4292
f 4294/4294/4294 4300/4300/4300 4301/4301/4301
f 4304/4304/4304 4267/4267/4267 4303/4303/4303
f 4287/4287/4287 4288/4288/4288 4277/4277/4277 4276/4276/4276
f 4288/4288/4288 4289/4289/4289 4278/4278/4278 4277/4277/4277
f 4291/4291/4291 4278/4278/4278 4290/4290/4290
f 4289/4289/4289 4290/4290/4290 4278/4278/4278
f 4291/4291/4291 4302/4302/4302 4278/4278/4278
f 4278/4278/4278 4303/4303/4303 4272/4272/4272
f 4263/4263/4263 4264/4264/4264 4323/4323/4323
usemtl diffuse_255_0_0_255
vt 0 0
vt 0 1
vt 1 0
vt 1 1
vn 0 0 1
vn 0 0 1
vn 0 0 1
vn 0 0 1
f 4332/4332/4332 4330/4330/4330 4329/4329/4329 4331/4331/4331
usemtl diffuse_255_0_0_255
vt 0.0098039219155907631 0.0098039219155907631
vt 0.24809367954730988 0.0098039219155907631
vt 0.48638343811035156 0.0098039219155907631
vt 0.72467321157455444 0.0098039219155907631
vt 0.96296298503875732 0.0098039219155907631
vt 0.99019604921340942 0.0098039219155907631
vt 0.83333331346511841 0.5
vt 0.91666668653488159 0.5
vt 0.83333331346511841 0.25
vt 0.91666668653488159 0.25
vt 0.99019604921340942 0.99019604921340942
vt 0.96296298503875732 0.99019604921340942
vt 0.83333331346511841 0.75
vt 0.91666668653488159 0.75
vt 0.72467321157455444 0.99019604921340942
vt 0.48638343811035156 0.99019604921340942
vt 0.24809367954730988 0.99019604921340942
vt 0.0098039219155907631 0.99019604921340942
vn 0 0 1
vn 0 0 1
vn 0 0 1
vn 0 0 1
vn 0 0 1
vn 0 0 1
vn 0 0 1
vn 0 0 1
vn 0 0 1
vn 0 0 1
vn 0 0 1
vn 0 0 1
vn 0 0 1
vn 0 0 1
vn 0 0 1
vn 0 0 1
vn 0 0 1
vn 0 0 1
f 4346/4346/4346 4345/4345/4345 4339/4339/4339 4340/4340/4340
f 4340/4340/4340 4339/4339/4339 4341/4341/4341 4342/4342/4342
f 4334/4334/4334 4349/4349/4349 4350/4350/4350 4333/4333/4333
f 4336/4336/4336 4347/4347/4347 4348/4348/4348 4335/4335/4335
f 4335/4335/4335 4348/4348/4348 4349/4349/4349 4334/4334/4334
f 4341/4341/4341 4339/4339/4339 4336/4336/4336
f 4336/4336/4336 4339/4339/4339 4347/4347/4347
f 4336/4336/4336 4337/4337/4337 4342/4342/4342 4341/4341/4341
f 4342/4342/4342 4337/4337/4337 4338/4338/4338
f 4340/4340/4340 4342/4342/4342 4338/4338/4338
f 4344/4344/4344 4346/4346/4346 4343/4343/4343
f 4340/4340/4340 4343/4343/4343 4346/4346/4346
f 4345/4345/4345 4346/4346/4346 4344/4344/4344
f 4343/4343/4343 4340/4340/4340 4338/4338/4338
f 4347/4347/4347 4345/4345/4345 4344/4344/4344
f 4347/4347/4347 4339/4339/4339 4345/4345/4345
usemtl diffuse_255_0_0_255
vt 0.28571429848670959 0.71428573131561279
vt 0.28571429848670959 0.8571428656578064
vt 0.4285714328289032 0.71428573131561279
vt 0.4285714328289032 0.8571428656578064
vt 0.57142859697341919 0.71428573131561279
vt 0.57142859697341919 0.8571428656578064
vt 0.71428573131561279 0.71428573131561279
vt 0.8571428656578064 0.28571429848670959
vt 0.0098039219155907631 0.0098039219155907631
vt 0.043610546737909317 0.0098039219155907631
vt 0.077417172491550446 0.0098039219155907631
vt 0.077417172491550446 0.20588235557079315
vt 0.1450304239988327 0.20588235557079315
vt 0.1450304239988327 0.40196079015731812
vt 0.24645030498504639 0.40196079015731812
vt 0.24645030498504639 0.59803920984268188
vt 0.28571429848670959 0.6428571343421936
vt 0.2142857164144516 0.71428573131561279
vt 0.2142857164144516 0.6428571343421936
vt 0.34110885858535767 0.59803920984268188
vt 0.43576741218566895 0.59803920984268188
vt 0.53042596578598022 0.59803920984268188
vt 0.6250845193862915 0.59803920984268188
vt 0.71974307298660278 0.59803920984268188
vt 0.71974307298660278 0.40196079015731812
vt 0.78571426868438721 0.71428573131561279
vt 0.71428573131561279 0.6428571343421936
vt 0.78571426868438721 0.6428571343421936
vt 0.8571428656578064 0.3571428656578064
vt 0.82116293907165527 0.40196079015731812
vt 0.82116293907165527 0.20588235557079315
vt 0.88877618312835693 0.20588235557079315
vt 0.88877618312835693 0.0098039219155907631
vt 0.92857140302658081 0.28571429848670959
vt 0.99019604921340942 0.0098039219155907631
vt 0.99019604921340942 0.40196079015731812
vt 0.88877618312835693 0.40196079015731812
vt 0.88877618312835693 0.59803920984268188
vt 0.92857140302658081 0.3571428656578064
vt 0.82116293907165527 0.59803920984268188
vt 0.82116293907165527 0.79411762952804565
vt 0.71974307298660278 0.79411762952804565
vt 0.71974307298660278 0.99019604921340942
vt 0.6250845193862915 0.99019604921340942
vt 0.53042596578598022 0.99019604921340942
vt 0.43576741218566895 0.99019604921340942
vt 0.34110885858535767 0.99019604921340942
vt 0.24645030498504639 0.99019604921340942
vt 0.24645030498504639 0.79411762952804565
vt 0.28571429848670959 0.78571426868438721
vt 0.1450304239988327 0.79411762952804565
vt 0.1450304239988327 0.59803920984268188
vt 0.077417172491550446 0.59803920984268188
vt 0.077417172491550446 0.40196079015731812
vt 0.0098039219155907631 0.40196079015731812
vn 1 0 0
vn 1 0 0
vn 1 0 0
vn 1 0 0
vn 1 0 0
vn 1 0 0
vn 1 0 0
vn 1 0 0
vn 1 0 0
vn 1 0 0
vn 1 0 0
vn 1 0 0
vn 1 0 0
vn 1 0 0
vn 1 0 0
vn 1 0 0
vn 1 0 0
vn 1 0 0
vn 1 0 0
vn 1 0 0
vn 1 0 0
vn 1 0 0
vn 1 0 0
vn 1 0 0
vn 1 0 0
vn 1 0 0
vn 1 0 0
vn 1 0 0
vn 1 0 0
vn 1 0 0
vn 1 0 0
vn 1 0 0
vn 1 0 0
vn 1 0 0
vn 1 0 0
vn 1 0 0
vn 1 0 0
vn 1 0 0
vn 1 0 0
vn 1 0 0
vn 1 0 0
vn 1 0 0
vn 1 0 0
vn 1 0 0
vn 1 0 0
vn 1 0 0
vn 1 0 0
vn 1 0 0
vn 1 0 0
vn 1 0 0
vn 1 0 0
vn 1 0 0
vn 1 0 0
vn 1 0 0
vn 1 0 0
f 4351/4351/4351 4368/4368/4368 4369/4369/4369 4367/4367/4367
f 4400/4400/4400 4351/4351/4351 4353/4353/4353
f 4354/4354/4354 4352/4352/4352 4400/4400/4400
f 4353/4353/4353 4354/4354/4354 4400/4400/4400
f 4356/4356/4356 4354/4354/4354 4353/4353/4353 4355/4355/4355
f 4376/4376/4376 4357/4357/4357 4377/4377/4377 4378/4378/4378
f 4389/4389/4389 4379/4379/4379 4358/4358/4358 4384/4384/4384
f 4362/4362/4362 4359/4359/4359 4360/4360/4360
f 4362/4362/4362 4360/4360/4360 4361/4361/4361
f 4404/4404/4404 4405/4405/4405 4362/4362/4362
f 4359/4359/4359 4362/4362/4362 4405/4405/4405
f 4404/4404/4404 4362/4362/4362 4363/4363/4363 4364/4364/4364
f 4365/4365/4365 4366/4366/4366 4402/4402/4402 4364/4364/4364
f 4403/4403/4403 4404/4404/4404 4364/4364/4364 4402/4402/4402
f 4367/4367/4367 4366/4366/4366 4370/4370/4370
f 4369/4369/4369 4402/4402/4402 4366/4366/4366
f 4367/4367/4367 4369/4369/4369 4366/4366/4366
f 4401/4401/4401 4402/4402/4402 4369/4369/4369 4368/4368/4368
f 4399/4399/4399 4401/4401/4401 4368/4368/4368
f 4351/4351/4351 4400/4400/4400 4399/4399/4399
f 4398/4398/4398 4399/4399/4399 4352/4352/4352
f 4399/4399/4399 4368/4368/4368 4351/4351/4351
f 4351/4351/4351 4367/4367/4367 4353/4353/4353
f 4353/4353/4353 4367/4367/4367 4370/4370/4370
f 4398/4398/4398 4352/4352/4352 4397/4397/4397
f 4352/4352/4352 4354/4354/4354 4396/4396/4396 4397/4397/4397
f 4395/4395/4395 4396/4396/4396 4354/4354/4354 4356/4356/4356
f 4371/4371/4371 4372/4372/4372 4355/4355/4355 4353/4353/4353
f 4399/4399/4399 4400/4400/4400 4352/4352/4352
f 4370/4370/4370 4371/4371/4371 4353/4353/4353
f 4380/4380/4380 4381/4381/4381 4358/4358/4358 4379/4379/4379
f 4382/4382/4382 4358/4358/4358 4381/4381/4381
f 4355/4355/4355 4372/4372/4372 4373/4373/4373
f 4380/4380/4380 4390/4390/4390 4374/4374/4374 4375/4375/4375
f 4380/4380/4380 4379/4379/4379 4387/4387/4387
f 4382/4382/4382 4383/4383/4383 4385/4385/4385
f 4384/4384/4384 4382/4382/4382 4385/4385/4385
f 4387/4387/4387 4379/4379/4379 4389/4389/4389
f 4387/4387/4387 4389/4389/4389 4386/4386/4386
f 4384/4384/4384 4386/4386/4386 4389/4389/4389
f 4386/4386/4386 4384/4384/4384 4385/4385/4385
f 4387/4387/4387 4388/4388/4388 4390/4390/4390 4380/4380/4380
f 4382/4382/4382 4384/4384/4384 4358/4358/4358
f 4355/4355/4355 4373/4373/4373 4377/4377/4377
f 4374/4374/4374 4377/4377/4377 4373/4373/4373
f 4357/4357/4357 4355/4355/4355 4377/4377/4377
f 4394/4394/4394 4395/4395/4395 4356/4356/4356
f 4355/4355/4355 4357/4357/4357 4392/4392/4392
f 4394/4394/4394 4356/4356/4356 4393/4393/4393
f 4355/4355/4355 4392/4392/4392 4356/4356/4356
f 4378/4378/4378 4377/4377/4377 4374/4374/4374 4390/4390/4390
f 4378/4378/4378 4390/4390/4390 4376/4376/4376
f 4356/4356/4356 4392/4392/4392 4393/4393/4393
f 4391/4391/4391 4392/4392/4392 4357/4357/4357 4376/4376/4376
f 4391/4391/4391 4376/4376/4376 4390/4390/4390
usemtl diffuse_255_0_0_255
vt 0.0098039219155907631 0.0098039219155907631
vt 0.16866375505924225 0.0098039219155907631
vt 0.32752358913421631 0.0098039219155907631
vt 0.48638343811035156 0.0098039219155907631
vt 0.64524328708648682 0.0098039219155907631
vt 0.80410313606262207 0.0098039219155907631
vt 0.96296298503875732 0.0098039219155907631
vt 0.99019604921340942 0.0098039219155907631
vt 0.875 0.5
vt 0.9375 0.5
vt 0.875 0.25
vt 0.9375 0.25
vt 0.99019604921340942 0.99019604921340942
vt 0.96296298503875732 0.99019604921340942
vt 0.875 0.75
vt 0.9375 0.75
vt 0.80410313606262207 0.99019604921340942
vt 0.64524328708648682 0.99019604921340942
vt 0.48638343811035156 0.99019604921340942
vt 0.32752358913421631 0.99019604921340942
vt 0.16866375505924225 0.99019604921340942
vt 0.0098039219155907631 0.99019604921340942
vt 0.0098039219155907631 0.5
vt 0.125 0.5
vt 0.125 0.75
vt 0.0625 0.5
vt 0.0625 0.75
vt 0.125 0.25
vt 0.0625 0.25
vn 0 0 1
vn 0 0 1
vn 0 0 1
vn 0 0 1
vn 0 0 1
vn 0 0 1
vn 0 0 1
vn 0 0 1
vn 0 0 1
vn 0 0 1
vn 0 0 1
vn 0 0 1
vn 0 0 1
vn 0 0 1
vn 0 0 1
vn 0 0 1
vn 0 0 1
vn 0 0 1
vn 0 0 1
vn 0 0 1
vn 0 0 1
vn 0 0 1
vn 0 0 1
vn 0 0 1
vn 0 0 1
vn 0 0 1
vn 0 0 1
vn 0 0 1
vn 0 0 1
f 4430/4430/4430 4432/4432/4432 4431/4431/4431 4429/4429/4429
f 4429/4429/4429 4431/4431/4431 4434/4434/4434 4433/4433/4433
f 4421/4421/4421 4420/4420/4420 4414/4414/4414 4415/4415/4415
f 4415/4415/4415 4414/4414/4414 4416/4416/4416 4417/4417/4417
f 4428/4428/4428 4406/4406/4406 4434/4434/4434 4431/4431/4431
f 4406/4406/4406 4407/4407/4407 4433/4433/4433 4434/4434/4434
f 4429/4429/4429 4433/4433/4433 4407/4407/4407
f 4429/4429/4429 4407/4407/4407 4408/4408/4408
f 4408/4408/4408 4409/4409/4409 4424/4424/4424 4425/4425/4425
f 4427/4427/4427 4428/4428/4428 4431/4431/4431 4432/4432/4432
f 4426/4426/4426 4427/4427/4427 4432/4432/4432 4430/4430/4430
f 4426/4426/4426 4430/4430/4430 4429/4429/4429
f 4429/4429/4429 4425/4425/4425 4426/4426/4426
f 4425/4425/4425 4429/4429/4429 4408/4408/4408
f 4411/4411/4411 4422/4422/4422 4423/4423/4423 4410/4410/4410
f 4411/4411/4411 4412/4412/4412 4417/4417/4417 4416/4416/4416
f 4416/4416/4416 4414/4414/4414 4411/4411/4411
f 4417/4417/4417 4412/4412/4412 4413/4413/4413
f 4417/4417/4417 4413/4413/4413 4415/4415/4415
f 4414/4414/4414 4422/4422/4422 4411/4411/4411
f 4414/4414/4414 4420/4420/4420 4422/4422/4422
f 4410/4410/4410 4423/4423/4423 4424/4424/4424 4409/4409/4409
f 4419/4419/4419 4422/4422/4422 4420/4420/4420 4421/4421/4421
f 4418/4418/4418 4421/4421/4421 4415/4415/4415
f 4421/4421/4421 4418/4418/4418 4419/4419/4419
f 4418/4418/4418 4415/4415/4415 4413/4413/4413
usemtl diffuse_255_0_0_255
vt 0.1428571492433548 0.71428573131561279
vt 0.28571429848670959 0.71428573131561279
vt 0.28571429848670959 0.8571428656578064
vt 0.4285714328289032 0.71428573131561279
vt 0.4285714328289032 0.8571428656578064
vt 0.57142859697341919 0.71428573131561279
vt 0.57142859697341919 0.8571428656578064
vt 0.71428573131561279 0.71428573131561279
vt 0.8571428656578064 0.28571429848670959
vt 0.0098039219155907631 0.0098039219155907631
vt 0.039512775838375092 0.0098039219155907631
vt 0.069221630692481995 0.0098039219155907631
vt 0.069221630692481995 0.20588235557079315
vt 0.1286393404006958 0.20588235557079315
vt 0.1286393404006958 0.40196079015731812
vt 0.21776589751243591 0.40196079015731812
vt 0.21776589751243591 0.59803920984268188
vt 0.28571429848670959 0.6428571343421936
vt 0.2142857164144516 0.71428573131561279
vt 0.1428571492433548 0.6428571343421936
vt 0.2142857164144516 0.6428571343421936
vt 0.32174688577651978 0.59803920984268188
vt 0.42572787404060364 0.59803920984268188
vt 0.5297088623046875 0.59803920984268188
vt 0.63368982076644897 0.59803920984268188
vt 0.72281640768051147 0.59803920984268188
vt 0.72281640768051147 0.40196079015731812
vt 0.78571426868438721 0.71428573131561279
vt 0.71428573131561279 0.6428571343421936
vt 0.78571426868438721 0.6428571343421936
vt 0.8571428656578064 0.3571428656578064
vt 0.8119429349899292 0.40196079015731812
vt 0.8119429349899292 0.20588235557079315
vt 0.9010695219039917 0.20588235557079315
vt 0.9010695219039917 0.0098039219155907631
vt 0.92857140302658081 0.28571429848670959
vt 0.99019604921340942 0.0098039219155907631
vt 0.99019604921340942 0.40196079015731812
vt 0.9010695219039917 0.40196079015731812
vt 0.9010695219039917 0.59803920984268188
vt 0.92857140302658081 0.3571428656578064
vt 0.8416517972946167 0.59803920984268188
vt 0.8416517972946167 0.79411762952804565
vt 0.78223413228988647 0.79411762952804565
vt 0.72281640768051147 0.79411762952804565
vt 0.72281640768051147 0.99019604921340942
vt 0.62774807214736938 0.99019604921340942
vt 0.53267973661422729 0.99019604921340942
vt 0.43761140108108521 0.99019604921340942
vt 0.34254306554794312 0.99019604921340942
vt 0.24747474491596222 0.99019604921340942
vt 0.24747474491596222 0.79411762952804565
vt 0.28571429848670959 0.78571426868438721
vt 0.18805703520774841 0.79411762952804565
vt 0.1286393404006958 0.79411762952804565
vt 0.1286393404006958 0.59803920984268188
vt 0.069221630692481995 0.59803920984268188
vt 0.069221630692481995 0.40196079015731812
vt 0.0098039219155907631 0.40196079015731812
vn 1 0 0
vn 1 0 0
vn 1 0 0
vn 1 0 0
vn 1 0 0
vn 1 0 0
vn 1 0 0
vn 1 0 0
vn 1 0 0
vn 1 0 0
vn 1 0 0
vn 1 0 0
vn 1 0 0
vn 1 0 0
vn 1 0 0
vn 1 0 0
vn 1 0 0
vn 1 0 0
vn 1 0 0
vn 1 0 0
vn 1 0 0
vn 1 0 0
vn 1 0 0
vn 1 0 0
vn 1 0 0
vn 1 0 0
vn 1 0 0
vn 1 0 0
vn 1 0 0
vn 1 0 0
vn 1 0 0
vn 1 0 0
vn 1 0 0
vn 1 0 0
vn 1 0 0
vn 1 0 0
vn 1 0 0
vn 1 0 0
vn 1 0 0
vn 1 0 0
vn 1 0 0
vn 1 0 0
vn 1 0 0
vn 1 0 0
vn 1 0 0
vn 1 0 0
vn 1 0 0
vn 1 0 0
vn 1 0 0
vn 1 0 0
vn 1 0 0
vn 1 0 0
vn 1 0 0
vn 1 0 0
vn 1 0 0
vn 1 0 0
vn 1 0 0
vn 1 0 0
vn 1 0 0
f 4436/4436/4436 4453/4453/4453 4455/4455/4455 4452/4452/4452
f 4453/4453/4453 4435/4435/4435 4454/4454/4454 4455/4455/4455
f 4487/4487/4487 4436/4436/4436 4438/4438/4438
f 4439/4439/4439 4437/4437/4437 4487/4487/4487
f 4438/4438/4438 4439/4439/4439 4487/4487/4487
f 4441/4441/4441 4439/4439/4439 4438/4438/4438 4440/4440/4440
f 4462/4462/4462 4442/4442/4442 4463/4463/4463 4464/4464/4464
f 4475/4475/4475 4465/4465/4465 4443/4443/4443 4470/4470/4470
f 4447/4447/4447 4444/4444/4444 4445/4445/4445
f 4447/4447/4447 4445/4445/4445 4446/4446/4446
f 4492/4492/4492 4493/4493/4493 4447/4447/4447
f 4444/4444/4444 4447/4447/4447 4493/4493/4493
f 4491/4491/4491 4492/4492/4492 4449/4449/4449 4490/4490/4490
f 4492/4492/4492 4447/4447/4447 4448/4448/4448 4449/4449/4449
f 4450/4450/4450 4451/4451/4451 4490/4490/4490 4449/4449/4449
f 4490/4490/4490 4451/4451/4451 4455/4455/4455 4454/4454/4454
f 4438/4438/4438 4456/4456/4456 4457/4457/4457
f 4451/4451/4451 4456/4456/4456 4452/4452/4452 4455/4455/4455
f 4490/4490/4490 4454/4454/4454 4435/4435/4435
f 4488/4488/4488 4489/4489/4489 4435/4435/4435 4453/4453/4453
f 4488/4488/4488 4453/4453/4453 4486/4486/4486
f 4453/4453/4453 4436/4436/4436 4486/4486/4486
f 4485/4485/4485 4486/4486/4486 4437/4437/4437
f 4489/4489/4489 4490/4490/4490 4435/4435/4435
f 4436/4436/4436 4487/4487/4487 4486/4486/4486
f 4438/4438/4438 4436/4436/4436 4452/4452/4452
f 4438/4438/4438 4452/4452/4452 4456/4456/4456
f 4487/4487/4487 4437/4437/4437 4486/4486/4486
f 4484/4484/4484 4485/4485/4485 4437/4437/4437
f 4483/4483/4483 4484/4484/4484 4439/4439/4439
f 4437/4437/4437 4439/4439/4439 4484/4484/4484
f 4457/4457/4457 4458/4458/4458 4440/4440/4440 4438/4438/4438
f 4466/4466/4466 4467/4467/4467 4443/4443/4443 4465/4465/4465
f 4468/4468/4468 4443/4443/4443 4467/4467/4467
f 4440/4440/4440 4458/4458/4458 4459/4459/4459
f 4476/4476/4476 4460/4460/4460 4461/4461/4461 4466/4466/4466
f 4463/4463/4463 4459/4459/4459 4460/4460/4460
f 4468/4468/4468 4470/4470/4470 4443/4443/4443
f 4471/4471/4471 4468/4468/4468 4469/4469/4469
f 4472/4472/4472 4470/4470/4470 4471/4471/4471
f 4468/4468/4468 4471/4471/4471 4470/4470/4470
f 4466/4466/4466 4465/4465/4465 4473/4473/4473
f 4475/4475/4475 4473/4473/4473 4465/4465/4465
f 4473/4473/4473 4475/4475/4475 4472/4472/4472
f 4470/4470/4470 4472/4472/4472 4475/4475/4475
f 4466/4466/4466 4473/4473/4473 4474/4474/4474 4476/4476/4476
f 4442/4442/4442 4440/4440/4440 4463/4463/4463
f 4459/4459/4459 4463/4463/4463 4440/4440/4440
f 4479/4479/4479 4441/4441/4441 4440/4440/4440
f 4482/4482/4482 4483/4483/4483 4439/4439/4439 4441/4441/4441
f 4482/4482/4482 4441/4441/4441 4481/4481/4481
f 4441/4441/4441 4479/4479/4479 4481/4481/4481
f 4442/4442/4442 4479/4479/4479 4440/4440/4440
f 4442/4442/4442 4462/4462/4462 4478/4478/4478 4479/4479/4479
f 4476/4476/4476 4462/4462/4462 4464/4464/4464
f 4464/4464/4464 4463/4463/4463 4460/4460/4460
f 4462/4462/4462 4476/4476/4476 4477/4477/4477
f 4481/4481/4481 4479/4479/4479 4480/4480/4480
f 4462/4462/4462 4477/4477/4477 4478/4478/4478
f 4464/4464/4464 4460/4460/4460 4476/4476/4476
usemtl diffuse_255_0_0_255
vt 0.0098039219155907631 0.0098039219155907631
vt 0.31737792491912842 0.0098039219155907631
vt 0.62495195865631104 0.0098039219155907631
vt 0.93252593278884888 0.0098039219155907631
vt 0.99019604921340942 0.0098039219155907631
vt 0.75 0.5
vt 0.875 0.5
vt 0.75 0.25
vt 0.875 0.25
vt 0.99019604921340942 0.99019604921340942
vt 0.93252593278884888 0.99019604921340942
vt 0.75 0.75
vt 0.875 0.75
vt 0.62495195865631104 0.99019604921340942
vt 0.31737792491912842 0.99019604921340942
vt 0.0098039219155907631 0.99019604921340942
vn 0 0 1
vn 0 0 1
vn 0 0 1
vn 0 0 1
vn 0 0 1
vn 0 0 1
vn 0 0 1
vn 0 0 1
vn 0 0 1
vn 0 0 1
vn 0 0 1
vn 0 0 1
vn 0 0 1
vn 0 0 1
vn 0 0 1
vn 0 0 1
f 4506/4506/4506 4505/4505/4505 4499/4499/4499 4500/4500/4500
f 4500/4500/4500 4499/4499/4499 4501/4501/4501 4502/4502/4502
f 4495/4495/4495 4508/4508/4508 4509/4509/4509 4494/4494/4494
f 4499/4499/4499 4495/4495/4495 4496/4496/4496
f 4496/4496/4496 4497/4497/4497 4502/4502/4502 4501/4501/4501
f 4496/4496/4496 4501/4501/4501 4499/4499/4499
f 4505/4505/4505 4507/4507/4507 4499/4499/4499
f 4508/4508/4508 4499/4499/4499 4507/4507/4507
f 4508/4508/4508 4495/4495/4495 4499/4499/4499
f 4498/4498/4498 4500/4500/4500 4502/4502/4502
f 4502/4502/4502 4497/4497/4497 4498/4498/4498
f 4503/4503/4503 4500/4500/4500 4498/4498/4498
f 4504/4504/4504 4505/4505/4505 4506/4506/4506
f 4506/4506/4506 4503/4503/4503 4504/4504/4504
f 4503/4503/4503 4506/4506/4506 4500/4500/4500
f 4507/4507/4507 4505/4505/4505 4504/4504/4504
usemtl diffuse_255_0_0_255
vt 0.1428571492433548 0.28571429848670959
vt 0.28571429848670959 0.1428571492433548
vt 0.28571429848670959 0.28571429848670959
vt 0.4285714328289032 0.1428571492433548
vt 0.4285714328289032 0.28571429848670959
vt 0.57142859697341919 0.1428571492433548
vt 0.57142859697341919 0.28571429848670959
vt 0.71428573131561279 0.28571429848670959
vt 0.8571428656578064 0.71428573131561279
vt 0.069221630692481995 0.99019604921340942
vt 0.0098039219155907631 0.99019604921340942
vt 0.0098039219155907631 0.79411762952804565
vt 0.0098039219155907631 0.59803920984268188
vt 0.069221630692481995 0.59803920984268188
vt 0.069221630692481995 0.40196079015731812
vt 0.1428571492433548 0.3571428656578064
vt 0.1286393404006958 0.40196079015731812
vt 0.1286393404006958 0.20588235557079315
vt 0.18805703520774841 0.20588235557079315
vt 0.24747474491596222 0.20588235557079315
vt 0.24747474491596222 0.0098039219155907631
vt 0.28571429848670959 0.2142857164144516
vt 0.2142857164144516 0.28571429848670959
vt 0.34254306554794312 0.0098039219155907631
vt 0.43761140108108521 0.0098039219155907631
vt 0.53267973661422729 0.0098039219155907631
vt 0.62774807214736938 0.0098039219155907631
vt 0.72281640768051147 0.0098039219155907631
vt 0.72281640768051147 0.20588235557079315
vt 0.78571426868438721 0.28571429848670959
vt 0.78223413228988647 0.20588235557079315
vt 0.8416517972946167 0.20588235557079315
vt 0.8416517972946167 0.40196079015731812
vt 0.71428573131561279 0.3571428656578064
vt 0.78571426868438721 0.3571428656578064
vt 0.9010695219039917 0.40196079015731812
vt 0.9010695219039917 0.59803920984268188
vt 0.92857140302658081 0.71428573131561279
vt 0.8571428656578064 0.6428571343421936
vt 0.92857140302658081 0.6428571343421936
vt 0.99019604921340942 0.59803920984268188
vt 0.99019604921340942 0.79411762952804565
vt 0.99019604921340942 0.99019604921340942
vt 0.9604872465133667 0.99019604921340942
vt 0.9010695219039917 0.99019604921340942
vt 0.9010695219039917 0.79411762952804565
vt 0.8713606595993042 0.79411762952804565
vt 0.8119429349899292 0.79411762952804565
vt 0.8119429349899292 0.59803920984268188
vt 0.78223413228988647 0.59803920984268188
vt 0.72281640768051147 0.59803920984268188
vt 0.72281640768051147 0.40196079015731812
vt 0.69310754537582397 0.40196079015731812
vt 0.57142859697341919 0.3571428656578064
vt 0.6428571343421936 0.28571429848670959
vt 0.6428571343421936 0.3571428656578064
vt 0.63368982076644897 0.40196079015731812
vt 0.5297088623046875 0.40196079015731812
vt 0.42572787404060364 0.40196079015731812
vt 0.32174688577651978 0.40196079015731812
vt 0.21776589751243591 0.40196079015731812
vt 0.21776589751243591 0.59803920984268188
vt 0.28571429848670959 0.3571428656578064
vt 0.2142857164144516 0.3571428656578064
vt 0.1286393404006958 0.59803920984268188
vt 0.1286393404006958 0.79411762952804565
vt 0.069221630692481995 0.79411762952804565
vn -1 0 0
vn -1 0 0
vn -1 0 0
vn -1 0 0
vn -1 0 0
vn -1 0 0
vn -1 0 0
vn -1 0 0
vn -1 0 0
vn -1 0 0
vn -1 0 0
vn -1 0 0
vn -1 0 0
vn -1 0 0
vn -1 0 0
vn -1 0 0
vn -1 0 0
vn -1 0 0
vn -1 0 0
vn -1 0 0
vn -1 0 0
vn -1 0 0
vn -1 0 0
vn -1 0 0
vn -1 0 0
vn -1 0 0
vn -1 0 0
vn -1 0 0
vn -1 0 0
vn -1 0 0
vn -1 0 0
vn -1 0 0
vn -1 0 0
vn -1 0 0
vn -1 0 0
vn -1 0 0
vn -1 0 0
vn -1 0 0
vn -1 0 0
vn -1 0 0
vn -1 0 0
vn -1 0 0
vn -1 0 0
vn -1 0 0
vn -1 0 0
vn -1 0 0
vn -1 0 0
vn -1 0 0
vn -1 0 0
vn -1 0 0
vn -1 0 0
vn -1 0 0
vn -1 0 0
vn -1 0 0
vn -1 0 0
vn -1 0 0
vn -1 0 0
vn -1 0 0
vn -1 0 0
vn -1 0 0
vn -1 0 0
vn -1 0 0
vn -1 0 0
vn -1 0 0
vn -1 0 0
vn -1 0 0
vn -1 0 0
f 4573/4573/4573 4525/4525/4525 4510/4510/4510 4532/4532/4532
f 4572/4572/4572 4573/4573/4573 4532/4532/4532 4512/4512/4512
f 4531/4531/4531 4511/4511/4511 4513/4513/4513
f 4514/4514/4514 4512/4512/4512 4531/4531/4531
f 4513/4513/4513 4514/4514/4514 4531/4531/4531
f 4516/4516/4516 4514/4514/4514 4513/4513/4513 4515/4515/4515
f 4565/4565/4565 4563/4563/4563 4516/4516/4516 4564/4564/4564
f 4543/4543/4543 4565/4565/4565 4564/4564/4564 4517/4517/4517
f 4544/4544/4544 4543/4543/4543 4517/4517/4517 4539/4539/4539
f 4547/4547/4547 4518/4518/4518 4548/4548/4548 4549/4549/4549
f 4527/4527/4527 4528/4528/4528 4532/4532/4532 4510/4510/4510
f 4530/4530/4530 4511/4511/4511 4529/4529/4529
f 4533/4533/4533 4511/4511/4511 4530/4530/4530
f 4527/4527/4527 4510/4510/4510 4526/4526/4526
f 4529/4529/4529 4512/4512/4512 4532/4532/4532
f 4532/4532/4532 4528/4528/4528 4529/4529/4529
f 4531/4531/4531 4529/4529/4529 4511/4511/4511
f 4526/4526/4526 4510/4510/4510 4525/4525/4525
f 4534/4534/4534 4513/4513/4513 4533/4533/4533
f 4534/4534/4534 4535/4535/4535 4515/4515/4515 4513/4513/4513
f 4529/4529/4529 4531/4531/4531 4512/4512/4512
f 4563/4563/4563 4567/4567/4567 4514/4514/4514
f 4515/4515/4515 4535/4535/4535 4536/4536/4536
f 4533/4533/4533 4513/4513/4513 4511/4511/4511
f 4514/4514/4514 4572/4572/4572 4512/4512/4512
f 4523/4523/4523 4574/4574/4574 4575/4575/4575 4576/4576/4576
f 4524/4524/4524 4526/4526/4526 4574/4574/4574 4523/4523/4523
f 4522/4522/4522 4523/4523/4523 4576/4576/4576 4521/4521/4521
f 4521/4521/4521 4576/4576/4576 4519/4519/4519 4520/4520/4520
f 4526/4526/4526 4570/4570/4570 4571/4571/4571 4574/4574/4574
f 4572/4572/4572 4570/4570/4570 4573/4573/4573
f 4570/4570/4570 4572/4572/4572 4569/4569/4569
f 4569/4569/4569 4572/4572/4572 4514/4514/4514
f 4568/4568/4568 4569/4569/4569 4514/4514/4514
f 4568/4568/4568 4514/4514/4514 4567/4567/4567
f 4570/4570/4570 4526/4526/4526 4525/4525/4525 4573/4573/4573
f 4564/4564/4564 4516/4516/4516 4515/4515/4515
f 4536/4536/4536 4538/4538/4538 4515/4515/4515
f 4564/4564/4564 4538/4538/4538 4517/4517/4517
f 4564/4564/4564 4515/4515/4515 4538/4538/4538
f 4565/4565/4565 4566/4566/4566 4563/4563/4563
f 4562/4562/4562 4566/4566/4566 4565/4565/4565 4543/4543/4543
f 4514/4514/4514 4516/4516/4516 4563/4563/4563
f 4539/4539/4539 4517/4517/4517 4538/4538/4538 4540/4540/4540
f 4539/4539/4539 4540/4540/4540 4541/4541/4541
f 4562/4562/4562 4543/4543/4543 4561/4561/4561
f 4544/4544/4544 4561/4561/4561 4543/4543/4543
f 4544/4544/4544 4539/4539/4539 4542/4542/4542
f 4541/4541/4541 4542/4542/4542 4539/4539/4539
f 4561/4561/4561 4544/4544/4544 4542/4542/4542
f 4561/4561/4561 4542/4542/4542 4559/4559/4559 4560/4560/4560
f 4537/4537/4537 4538/4538/4538 4536/4536/4536
f 4546/4546/4546 4548/4548/4548 4558/4558/4558
f 4542/4542/4542 4558/4558/4558 4559/4559/4559
f 4542/4542/4542 4545/4545/4545 4546/4546/4546 4558/4558/4558
f 4558/4558/4558 4548/4548/4548 4518/4518/4518
f 4557/4557/4557 4558/4558/4558 4518/4518/4518
f 4557/4557/4557 4518/4518/4518 4556/4556/4556
f 4518/4518/4518 4555/4555/4555 4556/4556/4556
f 4550/4550/4550 4549/4549/4549 4546/4546/4546
f 4550/4550/4550 4551/4551/4551 4547/4547/4547 4549/4549/4549
f 4518/4518/4518 4547/4547/4547 4555/4555/4555
f 4553/4553/4553 4554/4554/4554 4555/4555/4555
f 4552/4552/4552 4553/4553/4553 4551/4551/4551
f 4555/4555/4555 4551/4551/4551 4553/4553/4553
f 4551/4551/4551 4555/4555/4555 4547/4547/4547
f 4549/4549/4549 4548/4548/4548 4546/4546/4546
f 4567/4567/4567 4563/4563/4563 4566/4566/4566
usemtl diffuse_255_0_0_255
vt 0.0098039219155907631 0.99019604921340942
vt 0.0098039219155907631 0.0098039219155907631
vt 0.24845200777053833 0.0098039219155907631
vt 0.48710009455680847 0.0098039219155907631
vt 0.72574818134307861 0.0098039219155907631
vt 0.96439629793167114 0.0098039219155907631
vt 0.99019604921340942 0.0098039219155907631
vt 0.83333331346511841 0.5
vt 0.91666668653488159 0.5
vt 0.83333331346511841 0.25
vt 0.91666668653488159 0.25
vt 0.99019604921340942 0.99019604921340942
vt 0.96439629793167114 0.99019604921340942
vt 0.83333331346511841 0.75
vt 0.91666668653488159 0.75
vt 0.93859648704528809 0.99019604921340942
vt 0.7063983678817749 0.99019604921340942
vt 0.47420021891593933 0.99019604921340942
vt 0.24200206995010376 0.99019604921340942
vn 0 0 1
vn 0 0 1
vn 0 0 1
vn 0 0 1
vn 0 0 1
vn 0 0 1
vn 0 0 1
vn 0 0 1
vn 0 0 1
vn 0 0 1
vn 0 0 1
vn 0 0 1
vn 0 0 1
vn 0 0 1
vn 0 0 1
vn 0 0 1
vn 0 0 1
vn 0 0 1
vn 0 0 1
f 4591/4591/4591 4590/4590/4590 4584/4584/4584 4585/4585/4585
f 4585/4585/4585 4584/4584/4584 4586/4586/4586 4587/4587/4587
f 4578/4578/4578 4579/4579/4579 4595/4595/4595 4577/4577/4577
f 4580/4580/4580 4581/4581/4581 4593/4593/4593 4594/4594/4594
f 4579/4579/4579 4580/4580/4580 4594/4594/4594 4595/4595/4595
f 4586/4586/4586 4584/4584/4584 4581/4581/4581
f 4581/4581/4581 4584/4584/4584 4593/4593/4593
f 4581/4581/4581 4582/4582/4582 4587/4587/4587 4586/4586/4586
f 4585/4585/4585 4587/4587/4587 4583/4583/4583
f 4582/4582/4582 4583/4583/4583 4587/4587/4587
f 4588/4588/4588 4585/4585/4585 4583/4583/4583
f 4592/4592/4592 4590/4590/4590 4591/4591/4591
f 4591/4591/4591 4589/4589/4589 4592/4592/4592
f 4591/4591/4591 4588/4588/4588 4589/4589/4589
f 4588/4588/4588 4591/4591/4591 4585/4585/4585
f 4593/4593/4593 4590/4590/4590 4592/4592/4592
f 4593/4593/4593 4584/4584/4584 4590/4590/4590
usemtl diffuse_173_216_230_255
vt 1 0.99019604921340942
vt 0 0.99019604921340942
vt 0 0.5
vt 0 0.0098039219155907631
vt 1 0.0098039219155907631
vt 1 0.5
vn -1 0 0
vn -1 0 0
vn -1 0 0
vn -1 0 0
vn -1 0 0
vn -1 0 0
f 4598/4598/4598 4599/4599/4599 4600/4600/4600 4601/4601/4601
f 4597/4597/4597 4598/4598/4598 4601/4601/4601 4596/4596/4596
usemtl diffuse_173_216_230_255
vt 0 0.0098039219155907631
vt 1 0.0098039219155907631
vt 1 0.5
vt 1 0.99019604921340942
vt 0 0.99019604921340942
vt 0 0.5
vn 1 0 0
vn 1 0 0
vn 1 0 0
vn 1 0 0
vn 1 0 0
vn 1 0 0
f 4607/4607/4607 4602/4602/4602 4603/4603/4603 4604/4604/4604
f 4606/4606/4606 4607/4607/4607 4604/4604/4604 4605/4605/4605
usemtl diffuse_255_0_0_255
vt 0 0
vt 0 1
vt 1 0
vt 1 1
vn 0 0 1
vn 0 0 1
vn 0 0 1
vn 0 0 1
f 4611/4611/4611 4609/4609/4609 4608/4608/4608 4610/4610/4610
usemtl diffuse_173_216_230_255
vt 1 0.99019604921340942
vt 0 0.99019604921340942
vt 0 0.5
vt 0 0.0098039219155907631
vt 1 0.0098039219155907631
vt 1 0.5
vn -1 0 0
vn -1 0 0
vn -1 0 0
vn -1 0 0
vn -1 0 0
vn -1 0 0
f 4614/4614/4614 4615/4615/4615 4616/4616/4616 4617/4617/4617
f 4613/4613/4613 4614/4614/4614 4617/4617/4617 4612/4612/4612
usemtl diffuse_173_216_230_255
vt 0 0.0098039219155907631
vt 1 0.0098039219155907631
vt 1 0.5
vt 1 0.99019604921340942
vt 0 0.99019604921340942
vt 0 0.5
vn 1 0 0
vn 1 0 0
vn 1 0 0
vn 1 0 0
vn 1 0 0
vn 1 0 0
f 4623/4623/4623 4618/4618/4618 4619/4619/4619 4620/4620/4620
f 4622/4622/4622 4623/4623/4623 4620/4620/4620 4621/4621/4621
usemtl diffuse_255_0_0_255
vt 0 0
vt 0 1
vt 1 0
vt 1 1
vn 0 0 1
vn 0 0 1
vn 0 0 1
vn 0 0 1
f 4627/4627/4627 4625/4625/4625 4624/4624/4624 4626/4626/4626
usemtl diffuse_173_216_230_255
vt 1 0.99019604921340942
vt 0 0.99019604921340942
vt 0 0.5
vt 0 0.0098039219155907631
vt 1 0.0098039219155907631
vt 1 0.5
vn -1 0 0
vn -1 0 0
vn -1 0 0
vn -1 0 0
vn -1 0 0
vn -1 0 0
f 4630/4630/4630 4631/4631/4631 4632/4632/4632 4633/4633/4633
f 4629/4629/4629 4630/4630/4630 4633/4633/4633 4628/4628/4628
usemtl diffuse_173_216_230_255
vt 0 0.0098039219155907631
vt 1 0.0098039219155907631
vt 1 0.5
vt 1 0.99019604921340942
vt 0 0.99019604921340942
vt 0 0.5
vn 1 0 0
vn 1 0 0
vn 1 0 0
vn 1 0 0
vn 1 0 0
vn 1 0 0
f 4639/4639/4639 4634/4634/4634 4635/4635/4635 4636/4636/4636
f 4638/4638/4638 4639/4639/4639 4636/4636/4636 4637/4637/4637
usemtl diffuse_255_0_0_255
vt 0 0
vt 0 1
vt 1 0
vt 1 1
vn 0 0 1
vn 0 0 1
vn 0 0 1
vn 0 0 1
f 4643/4643/4643 4641/4641/4641 4640/4640/4640 4642/4642/4642
usemtl diffuse_173_216_230_255
vt 1 0.99019604921340942
vt 0 0.99019604921340942
vt 0 0.5
vt 0 0.0098039219155907631
vt 1 0.0098039219155907631
vt 1 0.5
vn -1 0 0
vn -1 0 0
vn -1 0 0
vn -1 0 0
vn -1 0 0
vn -1 0 0
f 4646/4646/4646 4647/4647/4647 4648/4648/4648 4649/4649/4649
f 4645/4645/4645 4646/4646/4646 4649/4649/4649 4644/4644/4644
usemtl diffuse_173_216_230_255
vt 0 0.0098039219155907631
vt 1 0.0098039219155907631
vt 1 0.5
vt 1 0.99019604921340942
vt 0 0.99019604921340942
vt 0 0.5
vn 1 0 0
vn 1 0 0
vn 1 0 0
vn 1 0 0
vn 1 0 0
vn 1 0 0
f 4655/4655/4655 4650/4650/4650 4651/4651/4651 4652/4652/4652
f 4654/4654/4654 4655/4655/4655 4652/4652/4652 4653/4653/4653
usemtl diffuse_255_0_0_255
vt 0 0
vt 0 1
vt 1 0
vt 1 1
vn 0 0 1
vn 0 0 1
vn 0 0 1
vn 0 0 1
f 4659/4659/4659 4657/4657/4657 4656/4656/4656 4658/4658/4658
usemtl diffuse_173_216_230_255
vt 1 0.99019604921340942
vt 0 0.99019604921340942
vt 0 0.5
vt 0 0.0098039219155907631
vt 1 0.0098039219155907631
vt 1 0.5
vn -1 0 0
vn -1 0 0
vn -1 0 0
vn -1 0 0
vn -1 0 0
vn -1 0 0
f 4662/4662/4662 4663/4663/4663 4664/4664/4664 4665/4665/4665
f 4661/4661/4661 4662/4662/4662 4665/4665/4665 4660/4660/4660
usemtl diffuse_173_216_230_255
vt 0 0.0098039219155907631
vt 1 0.0098039219155907631
vt 1 0.5
vt 1 0.99019604921340942
vt 0 0.99019604921340942
vt 0 0.5
vn 1 0 0
vn 1 0 0
vn 1 0 0
vn 1 0 0
vn 1 0 0
vn 1 0 0
f 4671/4671/4671 4666/4666/4666 4667/4667/4667 4668/4668/4668
f 4670/4670/4670 4671/4671/4671 4668/4668/4668 4669/4669/4669
usemtl diffuse_255_0_0_255
vt 0 0
vt 0 1
vt 1 0
vt 1 1
vn 0 0 1
vn 0 0 1
vn 0 0 1
vn 0 0 1
f 4675/4675/4675 4673/4673/4673 4672/4672/4672 4674/4674/4674
usemtl diffuse_173_216_230_255
vt 1 0.99019604921340942
vt 0 0.99019604921340942
vt 0 0.5
vt 0 0.0098039219155907631
vt 1 0.0098039219155907631
vt 1 0.5
vn -1 0 0
vn -1 0 0
vn -1 0 0
vn -1 0 0
vn -1 0 0
vn -1 0 0
f 4678/4678/4678 4679/4679/4679 4680/4680/4680 4681/4681/4681
f 4677/4677/4677 4678/4678/4678 4681/4681/4681 4676/4676/4676
usemtl diffuse_173_216_230_255
vt 0 0.0098039219155907631
vt 1 0.0098039219155907631
vt 1 0.5
vt 1 0.99019604921340942
vt 0 0.99019604921340942
vt 0 0.5
vn 1 0 0
vn 1 0 0
vn 1 0 0
vn 1 0 0
vn 1 0 0
vn 1 0 0
f 4687/4687/4687 4682/4682/4682 4683/4683/4683 4684/4684/4684
f 4686/4686/4686 4687/4687/4687 4684/4684/4684 4685/4685/4685
usemtl diffuse_255_0_0_255
vt 0 0
vt 0 1
vt 1 0
vt 1 1
vn 0 0 1
vn 0 0 1
vn 0 0 1
vn 0 0 1
f 4691/4691/4691 4689/4689/4689 4688/4688/4688 4690/4690/4690
usemtl diffuse_173_216_230_255
vt 1 0.99019604921340942
vt 0 0.99019604921340942
vt 0 0.5
vt 0 0.0098039219155907631
vt 1 0.0098039219155907631
vt 1 0.5
vn -1 0 0
vn -1 0 0
vn -1 0 0
vn -1 0 0
vn -1 0 0
vn -1 0 0
f 4694/4694/4694 4695/4695/4695 4696/4696/4696 4697/4697/4697
f 4693/4693/4693 4694/4694/4694 4697/4697/4697 4692/4692/4692
usemtl diffuse_173_216_230_255
vt 0 0.0098039219155907631
vt 1 0.0098039219155907631
vt 1 0.5
vt 1 0.99019604921340942
vt 0 0.99019604921340942
vt 0 0.5
vn 1 0 0
vn 1 0 0
vn 1 0 0
vn 1 0 0
vn 1 0 0
vn 1 0 0
f 4703/4703/4703 4698/4698/4698 4699/4699/4699 4700/4700/4700
f 4702/4702/4702 4703/4703/4703 4700/4700/4700 4701/4701/4701
usemtl diffuse_255_0_0_255
vt 0 0
vt 0 1
vt 1 0
vt 1 1
vn 0 0 1
vn 0 0 1
vn 0 0 1
vn 0 0 1
f 4707/4707/4707 4705/4705/4705 4704/4704/4704 4706/4706/4706
usemtl diffuse_173_216_230_255
vt 1 0.99019604921340942
vt 0 0.99019604921340942
vt 0 0.5
vt 0 0.0098039219155907631
vt 1 0.0098039219155907631
vt 1 0.5
vn -1 0 0
vn -1 0 0
vn -1 0 0
vn -1 0 0
vn -1 0 0
vn -1 0 0
f 4710/4710/4710 4711/4711/4711 4712/4712/4712 4713/4713/4713
f 4709/4709/4709 4710/4710/4710 4713/4713/4713 4708/4708/4708
usemtl diffuse_173_216_230_255
vt 0 0.0098039219155907631
vt 1 0.0098039219155907631
vt 1 0.5
vt 1 0.99019604921340942
vt 0 0.99019604921340942
vt 0 0.5
vn 1 0 0
vn 1 0 0
vn 1 0 0
vn 1 0 0
vn 1 0 0
vn 1 0 0
f 4719/4719/4719 4714/4714/4714 4715/4715/4715 4716/4716/4716
f 4718/4718/4718 4719/4719/4719 4716/4716/4716 4717/4717/4717
usemtl diffuse_255_0_0_255
vt 0 0
vt 0 1
vt 1 0
vt 1 1
vn 0 0 1
vn 0 0 1
vn 0 0 1
vn 0 0 1
f 4723/4723/4723 4721/4721/4721 4720/4720/4720 4722/4722/4722
usemtl diffuse_173_216_230_255
vt 1 0.99019604921340942
vt 0 0.99019604921340942
vt 0 0.5
vt 0 0.0098039219155907631
vt 1 0.0098039219155907631
vt 1 0.5
vn -1 0 0
vn -1 0 0
vn -1 0 0
vn -1 0 0
vn -1 0 0
vn -1 0 0
f 4726/4726/4726 4727/4727/4727 4728/4728/4728 4729/4729/4729
f 4725/4725/4725 4726/4726/4726 4729/4729/4729 4724/4724/4724
usemtl diffuse_173_216_230_255
vt 0 0.0098039219155907631
vt 1 0.0098039219155907631
vt 1 0.5
vt 1 0.99019604921340942
vt 0 0.99019604921340942
vt 0 0.5
vn 1 0 0
vn 1 0 0
vn 1 0 0
vn 1 0 0
vn 1 0 0
vn 1 0 0
f 4735/4735/4735 4730/4730/4730 4731/4731/4731 4732/4732/4732
f 4734/4734/4734 4735/4735/4735 4732/4732/4732 4733/4733/4733
usemtl diffuse_255_0_0_255
vt 0 0
vt 0 1
vt 1 0
vt 1 1
vn 0 0 1
vn 0 0 1
vn 0 0 1
vn 0 0 1
f 4739/4739/4739 4737/4737/4737 4736/4736/4736 4738/4738/4738
usemtl diffuse_173_216_230_255
vt 1 0.99019604921340942
vt 0 0.99019604921340942
vt 0 0.5
vt 0 0.0098039219155907631
vt 1 0.0098039219155907631
vt 1 0.5
vn -1 0 0
vn -1 0 0
vn -1 0 0
vn -1 0 0
vn -1 0 0
vn -1 0 0
f 4742/4742/4742 4743/4743/4743 4744/4744/4744 4745/4745/4745
f 4741/4741/4741 4742/4742/4742 4745/4745/4745 4740/4740/4740
usemtl diffuse_173_216_230_255
vt 0 0.0098039219155907631
vt 1 0.0098039219155907631
vt 1 0.5
vt 1 0.99019604921340942
vt 0 0.99019604921340942
vt 0 0.5
vn 1 0 0
vn 1 0 0
vn 1 0 0
vn 1 0 0
vn 1 0 0
vn 1 0 0
f 4751/4751/4751 4746/4746/4746 4747/4747/4747 4748/4748/4748
f 4750/4750/4750 4751/4751/4751 4748/4748/4748 4749/4749/4749
usemtl diffuse_255_0_0_255
vt 0 0
vt 0 1
vt 1 0
vt 1 1
vn 0 0 1
vn 0 0 1
vn 0 0 1
vn 0 0 1
f 4755/4755/4755 4753/4753/4753 4752/4752/4752 4754/4754/4754
usemtl diffuse_173_216_230_255
vt 1 0.99019604921340942
vt 0 0.99019604921340942
vt 0 0.5
vt 0 0.0098039219155907631
vt 1 0.0098039219155907631
vt 1 0.5
vn -1 0 0
vn -1 0 0
vn -1 0 0
vn -1 0 0
vn -1 0 0
vn -1 0 0
f 4758/4758/4758 4759/4759/4759 4760/4760/4760 4761/4761/4761
f 4757/4757/4757 4758/4758/4758 4761/4761/4761 4756/4756/4756
usemtl diffuse_173_216_230_255
vt 0 0.0098039219155907631
vt 1 0.0098039219155907631
vt 1 0.5
vt 1 0.99019604921340942
vt 0 0.99019604921340942
vt 0 0.5
vn 1 0 0
vn 1 0 0
vn 1 0 0
vn 1 0 0
vn 1 0 0
vn 1 0 0
f 4767/4767/4767 4762/4762/4762 4763/4763/4763 4764/4764/4764
f 4766/4766/4766 4767/4767/4767 4764/4764/4764 4765/4765/4765
usemtl diffuse_255_0_0_255
vt 0 0
vt 0 1
vt 1 0
vt 1 1
vn 0 0 1
vn 0 0 1
vn 0 0 1
vn 0 0 1
f 4771/4771/4771 4769/4769/4769 4768/4768/4768 4770/4770/4770
usemtl diffuse_173_216_230_255
vt 1 0.99019604921340942
vt 0 0.99019604921340942
vt 0 0.5
vt 0 0.0098039219155907631
vt 1 0.0098039219155907631
vt 1 0.5
vn -1 0 0
vn -1 0 0
vn -1 0 0
vn -1 0 0
vn -1 0 0
vn -1 0 0
f 4774/4774/4774 4775/4775/4775 4776/4776/4776 4777/4777/4777
f 4773/4773/4773 4774/4774/4774 4777/4777/4777 4772/4772/4772
usemtl diffuse_173_216_230_255
vt 0 0.0098039219155907631
vt 1 0.0098039219155907631
vt 1 0.5
vt 1 0.99019604921340942
vt 0 0.99019604921340942
vt 0 0.5
vn 1 0 0
vn 1 0 0
vn 1 0 0
vn 1 0 0
vn 1 0 0
vn 1 0 0
f 4783/4783/4783 4778/4778/4778 4779/4779/4779 4780/4780/4780
f 4782/4782/4782 4783/4783/4783 4780/4780/4780 4781/4781/4781
usemtl diffuse_255_0_0_255
vt 0 0
vt 0 1
vt 1 0
vt 1 1
vn 0 0 1
vn 0 0 1
vn 0 0 1
vn 0 0 1
f 4787/4787/4787 4785/4785/4785 4784/4784/4784 4786/4786/4786
usemtl diffuse_173_216_230_255
vt 1 0.99019604921340942
vt 0 0.99019604921340942
vt 0 0.5
vt 0 0.0098039219155907631
vt 1 0.0098039219155907631
vt 1 0.5
vn -1 0 0
vn -1 0 0
vn -1 0 0
vn -1 0 0
vn -1 0 0
vn -1 0 0
f 4790/4790/4790 4791/4791/4791 4792/4792/4792 4793/4793/4793
f 4789/4789/4789 4790/4790/4790 4793/4793/4793 4788/4788/4788
usemtl diffuse_173_216_230_255
vt 0 0.0098039219155907631
vt 1 0.0098039219155907631
vt 1 0.5
vt 1 0.99019604921340942
vt 0 0.99019604921340942
vt 0 0.5
vn 1 0 0
vn 1 0 0
vn 1 0 0
vn 1 0 0
vn 1 0 0
vn 1 0 0
f 4799/4799/4799 4794/4794/4794 4795/4795/4795 4796/4796/4796
f 4798/4798/4798 4799/4799/4799 4796/4796/4796 4797/4797/4797
usemtl diffuse_255_0_0_255
vt 0 0
vt 0 1
vt 1 0
vt 1 1
vn 0 0 1
vn 0 0 1
vn 0 0 1
vn 0 0 1
f 4803/4803/4803 4801/4801/4801 4800/4800/4800 4802/4802/4802
usemtl diffuse_173_216_230_255
vt 1 0.99019604921340942
vt 0 0.99019604921340942
vt 0 0.5
vt 0 0.0098039219155907631
vt 1 0.0098039219155907631
vt 1 0.5
vn -1 0 0
vn -1 0 0
vn -1 0 0
vn -1 0 0
vn -1 0 0
vn -1 0 0
f 4806/4806/4806 4807/4807/4807 4808/4808/4808 4809/4809/4809
f 4805/4805/4805 4806/4806/4806 4809/4809/4809 4804/4804/4804
usemtl diffuse_173_216_230_255
vt 0 0.0098039219155907631
vt 1 0.0098039219155907631
vt 1 0.5
vt 1 0.99019604921340942
vt 0 0.99019604921340942
vt 0 0.5
vn 1 0 0
vn 1 0 0
vn 1 0 0
vn 1 0 0
vn 1 0 0
vn 1 0 0
f 4815/4815/4815 4810/4810/4810 4811/4811/4811 4812/4812/4812
f 4814/4814/4814 4815/4815/4815 4812/4812/4812 4813/4813/4813
usemtl diffuse_255_0_0_255
vt 0 0
vt 0 1
vt 1 0
vt 1 1
vn 0 0 1
vn 0 0 1
vn 0 0 1
vn 0 0 1
f 4819/4819/4819 4817/4817/4817 4816/4816/4816 4818/4818/4818
usemtl diffuse_173_216_230_255
vt 1 0.99019604921340942
vt 0 0.99019604921340942
vt 0 0.5
vt 0 0.0098039219155907631
vt 1 0.0098039219155907631
vt 1 0.5
vn -1 0 0
vn -1 0 0
vn -1 0 0
vn -1 0 0
vn -1 0 0
vn -1 0 0
f 4822/4822/4822 4823/4823/4823 4824/4824/4824 4825/4825/4825
f 4821/4821/4821 4822/4822/4822 4825/4825/4825 4820/4820/4820
usemtl diffuse_173_216_230_255
vt 0 0.0098039219155907631
vt 1 0.0098039219155907631
vt 1 0.5
vt 1 0.99019604921340942
vt 0 0.99019604921340942
vt 0 0.5
vn 1 0 0
vn 1 0 0
vn 1 0 0
vn 1 0 0
vn 1 0 0
vn 1 0 0
f 4831/4831/4831 4826/4826/4826 4827/4827/4827 4828/4828/4828
f 4830/4830/4830 4831/4831/4831 4828/4828/4828 4829/4829/4829
usemtl diffuse_255_0_0_255
vt 0 0
vt 0 1
vt 1 0
vt 1 1
vn 0 0 1
vn 0 0 1
vn 0 0 1
vn 0 0 1
f 4835/4835/4835 4833/4833/4833 4832/4832/4832 4834/4834/4834
usemtl diffuse_173_216_230_255
vt 1 0.99019604921340942
vt 0 0.99019604921340942
vt 0 0.5
vt 0 0.0098039219155907631
vt 1 0.0098039219155907631
vt 1 0.5
vn -1 0 0
vn -1 0 0
vn -1 0 0
vn -1 0 0
vn -1 0 0
vn -1 0 0
f 4838/4838/4838 4839/4839/4839 4840/4840/4840 4841/4841/4841
f 4837/4837/4837 4838/4838/4838 4841/4841/4841 4836/4836/4836
usemtl diffuse_173_216_230_255
vt 0 0.0098039219155907631
vt 1 0.0098039219155907631
vt 1 0.5
vt 1 0.99019604921340942
vt 0 0.99019604921340942
vt 0 0.5
vn 1 0 0
vn 1 0 0
vn 1 0 0
vn 1 0 0
vn 1 0 0
vn 1 0 0
f 4847/4847/4847 4842/4842/4842 4843/4843/4843 4844/4844/4844
f 4846/4846/4846 4847/4847/4847 4844/4844/4844 4845/4845/4845
usemtl diffuse_255_0_0_255
vt 0 0
vt 0 1
vt 1 0
vt 1 1
vn 0 0 1
vn 0 0 1
vn 0 0 1
vn 0 0 1
f 4851/4851/4851 4849/4849/4849 4848/4848/4848 4850/4850/4850
usemtl diffuse_173_216_230_255
vt 1 0.99019604921340942
vt 0 0.99019604921340942
vt 0 0.5
vt 0 0.0098039219155907631
vt 1 0.0098039219155907631
vt 1 0.5
vn -1 0 0
vn -1 0 0
vn -1 0 0
vn -1 0 0
vn -1 0 0
vn -1 0 0
f 4854/4854/4854 4855/4855/4855 4856/4856/4856 4857/4857/4857
f 4853/4853/4853 4854/4854/4854 4857/4857/4857 4852/4852/4852
usemtl diffuse_173_216_230_255
vt 0 0.0098039219155907631
vt 1 0.0098039219155907631
vt 1 0.5
vt 1 0.99019604921340942
vt 0 0.99019604921340942
vt 0 0.5
vn 1 0 0
vn 1 0 0
vn 1 0 0
vn 1 0 0
vn 1 0 0
vn 1 0 0
f 4863/4863/4863 4858/4858/4858 4859/4859/4859 4860/4860/4860
f 4862/4862/4862 4863/4863/4863 4860/4860/4860 4861/4861/4861
usemtl diffuse_255_0_0_255
vt 0 0
vt 0 1
vt 1 0
vt 1 1
vn 0 0 1
vn 0 0 1
vn 0 0 1
vn 0 0 1
f 4867/4867/4867 4865/4865/4865 4864/4864/4864 4866/4866/4866
usemtl diffuse_173_216_230_255
vt 1 0.99019604921340942
vt 0 0.99019604921340942
vt 0 0.5
vt 0 0.0098039219155907631
vt 1 0.0098039219155907631
vt 1 0.5
vn -1 0 0
vn -1 0 0
vn -1 0 0
vn -1 0 0
vn -1 0 0
vn -1 0 0
f 4870/4870/4870 4871/4871/4871 4872/4872/4872 4873/4873/4873
f 4869/4869/4869 4870/4870/4870 4873/4873/4873 4868/4868/4868
usemtl diffuse_173_216_230_255
vt 0 0.0098039219155907631
vt 1 0.0098039219155907631
vt 1 0.5
vt 1 0.99019604921340942
vt 0 0.99019604921340942
vt 0 0.5
vn 1 0 0
vn 1 0 0
vn 1 0 0
vn 1 0 0
vn 1 0 0
vn 1 0 0
f 4879/4879/4879 4874/4874/4874 4875/4875/4875 4876/4876/4876
f 4878/4878/4878 4879/4879/4879 4876/4876/4876 4877/4877/4877
usemtl diffuse_255_0_0_255
vt 0 0
vt 0 1
vt 1 0
vt 1 1
vn 0 0 1
vn 0 0 1
vn 0 0 1
vn 0 0 1
f 4883/4883/4883 4881/4881/4881 4880/4880/4880 4882/4882/4882
usemtl diffuse_173_216_230_255
vt 1 0.99019604921340942
vt 0 0.99019604921340942
vt 0 0.5
vt 0 0.0098039219155907631
vt 1 0.0098039219155907631
vt 1 0.5
vn -1 0 0
vn -1 0 0
vn -1 0 0
vn -1 0 0
vn -1 0 0
vn -1 0 0
f 4886/4886/4886 4887/4887/4887 4888/4888/4888 4889/4889/4889
f 4885/4885/4885 4886/4886/4886 4889/4889/4889 4884/4884/4884
usemtl diffuse_173_216_230_255
vt 0 0.0098039219155907631
vt 1 0.0098039219155907631
vt 1 0.5
vt 1 0.99019604921340942
vt 0 0.99019604921340942
vt 0 0.5
vn 1 0 0
vn 1 0 0
vn 1 0 0
vn 1 0 0
vn 1 0 0
vn 1 0 0
f 4895/4895/4895 4890/4890/4890 4891/4891/4891 4892/4892/4892
f 4894/4894/4894 4895/4895/4895 4892/4892/4892 4893/4893/4893
usemtl diffuse_255_0_0_255
vt 0 0
vt 0 1
vt 1 0
vt 1 1
vn 0 0 1
vn 0 0 1
vn 0 0 1
vn 0 0 1
f 4899/4899/4899 4897/4897/4897 4896/4896/4896 4898/4898/4898
usemtl diffuse_173_216_230_255
vt 1 0.99019604921340942
vt 0 0.99019604921340942
vt 0 0.5
vt 0 0.0098039219155907631
vt 1 0.0098039219155907631
vt 1 0.5
vn -1 0 0
vn -1 0 0
vn -1 0 0
vn -1 0 0
vn -1 0 0
vn -1 0 0
f 4902/4902/4902 4903/4903/4903 4904/4904/4904 4905/4905/4905
f 4901/4901/4901 4902/4902/4902 4905/4905/4905 4900/4900/4900
usemtl diffuse_173_216_230_255
vt 0 0.0098039219155907631
vt 1 0.0098039219155907631
vt 1 0.5
vt 1 0.99019604921340942
vt 0 0.99019604921340942
vt 0 0.5
vn 1 0 0
vn 1 0 0
vn 1 0 0
vn 1 0 0
vn 1 0 0
vn 1 0 0
f 4911/4911/4911 4906/4906/4906 4907/4907/4907 4908/4908/4908
f 4910/4910/4910 4911/4911/4911 4908/4908/4908 4909/4909/4909
usemtl diffuse_255_0_0_255
vt 0 0
vt 0 1
vt 1 0
vt 1 1
vn 0 0 1
vn 0 0 1
vn 0 0 1
vn 0 0 1
f 4915/4915/4915 4913/4913/4913 4912/4912/4912 4914/4914/4914
usemtl diffuse_173_216_230_255
vt 1 0.99019604921340942
vt 0 0.99019604921340942
vt 0 0.5
vt 0 0.0098039219155907631
vt 1 0.0098039219155907631
vt 1 0.5
vn -1 0 0
vn -1 0 0
vn -1 0 0
vn -1 0 0
vn -1 0 0
vn -1 0 0
f 4918/4918/4918 4919/4919/4919 4920/4920/4920 4921/4921/4921
f 4917/4917/4917 4918/4918/4918 4921/4921/4921 4916/4916/4916
usemtl diffuse_173_216_230_255
vt 0 0.0098039219155907631
vt 1 0.0098039219155907631
vt 1 0.5
vt 1 0.99019604921340942
vt 0 0.99019604921340942
vt 0 0.5
vn 1 0 0
vn 1 0 0
vn 1 0 0
vn 1 0 0
vn 1 0 0
vn 1 0 0
f 4927/4927/4927 4922/4922/4922 4923/4923/4923 4924/4924/4924
f 4926/4926/4926 4927/4927/4927 4924/4924/4924 4925/4925/4925
usemtl diffuse_255_0_0_255
vt 0 0
vt 0 1
vt 1 0
vt 1 1
vn 0 0 1
vn 0 0 1
vn 0 0 1
vn 0 0 1
f 4931/4931/4931 4929/4929/4929 4928/4928/4928 4930/4930/4930
usemtl diffuse_173_216_230_255
vt 1 0.99019604921340942
vt 0 0.99019604921340942
vt 0 0.5
vt 0 0.0098039219155907631
vt 1 0.0098039219155907631
vt 1 0.5
vn -1 0 0
vn -1 0 0
vn -1 0 0
vn -1 0 0
vn -1 0 0
vn -1 0 0
f 4934/4934/4934 4935/4935/4935 4936/4936/4936 4937/4937/4937
f 4933/4933/4933 4934/4934/4934 4937/4937/4937 4932/4932/4932
usemtl diffuse_173_216_230_255
vt 0 0.0098039219155907631
vt 1 0.0098039219155907631
vt 1 0.5
vt 1 0.99019604921340942
vt 0 0.99019604921340942
vt 0 0.5
vn 1 0 0
vn 1 0 0
vn 1 0 0
vn 1 0 0
vn 1 0 0
vn 1 0 0
f 4943/4943/4943 4938/4938/4938 4939/4939/4939 4940/4940/4940
f 4942/4942/4942 4943/4943/4943 4940/4940/4940 4941/4941/4941
usemtl diffuse_255_0_0_255
vt 0 0
vt 0 1
vt 1 0
vt 1 1
vn 0 0 1
vn 0 0 1
vn 0 0 1
vn 0 0 1
f 4947/4947/4947 4945/4945/4945 4944/4944/4944 4946/4946/4946
usemtl diffuse_173_216_230_255
vt 1 0.99019604921340942
vt 0 0.99019604921340942
vt 0 0.5
vt 0 0.0098039219155907631
vt 1 0.0098039219155907631
vt 1 0.5
vn -1 0 0
vn -1 0 0
vn -1 0 0
vn -1 0 0
vn -1 0 0
vn -1 0 0
f 4950/4950/4950 4951/4951/4951 4952/4952/4952 4953/4953/4953
f 4949/4949/4949 4950/4950/4950 4953/4953/4953 4948/4948/4948
usemtl diffuse_173_216_230_255
vt 0 0.0098039219155907631
vt 1 0.0098039219155907631
vt 1 0.5
vt 1 0.99019604921340942
vt 0 0.99019604921340942
vt 0 0.5
vn 1 0 0
vn 1 0 0
vn 1 0 0
vn 1 0 0
vn 1 0 0
vn 1 0 0
f 4959/4959/4959 4954/4954/4954 4955/4955/4955 4956/4956/4956
f 4958/4958/4958 4959/4959/4959 4956/4956/4956 4957/4957/4957
usemtl diffuse_255_0_0_255
vt 0 0
vt 0 1
vt 1 0
vt 1 1
vn 0 0 1
vn 0 0 1
vn 0 0 1
vn 0 0 1
f 4963/4963/4963 4961/4961/4961 4960/4960/4960 4962/4962/4962
usemtl diffuse_173_216_230_255
vt 1 0.99019604921340942
vt 0 0.99019604921340942
vt 0 0.5
vt 0 0.0098039219155907631
vt 1 0.0098039219155907631
vt 1 0.5
vn -1 0 0
vn -1 0 0
vn -1 0 0
vn -1 0 0
vn -1 0 0
vn -1 0 0
f 4966/4966/4966 4967/4967/4967 4968/4968/4968 4969/4969/4969
f 4965/4965/4965 4966/4966/4966 4969/4969/4969 4964/4964/4964
usemtl diffuse_173_216_230_255
vt 0 0.0098039219155907631
vt 1 0.0098039219155907631
vt 1 0.5
vt 1 0.99019604921340942
vt 0 0.99019604921340942
vt 0 0.5
vn 1 0 0
vn 1 0 0
vn 1 0 0
vn 1 0 0
vn 1 0 0
vn 1 0 0
f 4975/4975/4975 4970/4970/4970 4971/4971/4971 4972/4972/4972
f 4974/4974/4974 4975/4975/4975 4972/4972/4972 4973/4973/4973
usemtl diffuse_255_0_0_255
vt 0 0
vt 0 1
vt 1 0
vt 1 1
vn 0 0 1
vn 0 0 1
vn 0 0 1
vn 0 0 1
f 4979/4979/4979 4977/4977/4977 4976/4976/4976 4978/4978/4978
usemtl diffuse_173_216_230_255
vt 1 0.99019604921340942
vt 0 0.99019604921340942
vt 0 0.5
vt 0 0.0098039219155907631
vt 1 0.0098039219155907631
vt 1 0.5
vn -1 0 0
vn -1 0 0
vn -1 0 0
vn -1 0 0
vn -1 0 0
vn -1 0 0
f 4982/4982/4982 4983/4983/4983 4984/4984/4984 4985/4985/4985
f 4981/4981/4981 4982/4982/4982 4985/4985/4985 4980/4980/4980
usemtl diffuse_173_216_230_255
vt 0 0.0098039219155907631
vt 1 0.0098039219155907631
vt 1 0.5
vt 1 0.99019604921340942
vt 0 0.99019604921340942
vt 0 0.5
vn 1 0 0
vn 1 0 0
vn 1 0 0
vn 1 0 0
vn 1 0 0
vn 1 0 0
f 4991/4991/4991 4986/4986/4986 4987/4987/4987 4988/4988/4988
f 4990/4990/4990 4991/4991/4991 4988/4988/4988 4989/4989/4989
usemtl diffuse_255_0_0_255
vt 0 0
vt 0 1
vt 1 0
vt 1 1
vn 0 0 1
vn 0 0 1
vn 0 0 1
vn 0 0 1
f 4995/4995/4995 4993/4993/4993 4992/4992/4992 4994/4994/4994
usemtl diffuse_173_216_230_255
vt 1 0.99019604921340942
vt 0 0.99019604921340942
vt 0 0.5
vt 0 0.0098039219155907631
vt 1 0.0098039219155907631
vt 1 0.5
vn -1 0 0
vn -1 0 0
vn -1 0 0
vn -1 0 0
vn -1 0 0
vn -1 0 0
f 4998/4998/4998 4999/4999/4999 5000/5000/5000 5001/5001/5001
f 4997/4997/4997 4998/4998/4998 5001/5001/5001 4996/4996/4996
usemtl diffuse_173_216_230_255
vt 0 0.0098039219155907631
vt 1 0.0098039219155907631
vt 1 0.5
vt 1 0.99019604921340942
vt 0 0.99019604921340942
vt 0 0.5
vn 1 0 0
vn 1 0 0
vn 1 0 0
vn 1 0 0
vn 1 0 0
vn 1 0 0
f 5007/5007/5007 5002/5002/5002 5003/5003/5003 5004/5004/5004
f 5006/5006/5006 5007/5007/5007 5004/5004/5004 5005/5005/5005
usemtl diffuse_255_0_0_255
vt 0 0
vt 0 1
vt 1 0
vt 1 1
vn 0 0 1
vn 0 0 1
vn 0 0 1
vn 0 0 1
f 5011/5011/5011 5009/5009/5009 5008/5008/5008 5010/5010/5010
usemtl diffuse_173_216_230_255
vt 1 0.99019604921340942
vt 0 0.99019604921340942
vt 0 0.5
vt 0 0.0098039219155907631
vt 1 0.0098039219155907631
vt 1 0.5
vn -1 0 0
vn -1 0 0
vn -1 0 0
vn -1 0 0
vn -1 0 0
vn -1 0 0
f 5014/5014/5014 5015/5015/5015 5016/5016/5016 5017/5017/5017
f 5013/5013/5013 5014/5014/5014 5017/5017/5017 5012/5012/5012
usemtl diffuse_173_216_230_255
vt 0 0.0098039219155907631
vt 1 0.0098039219155907631
vt 1 0.5
vt 1 0.99019604921340942
vt 0 0.99019604921340942
vt 0 0.5
vn 1 0 0
vn 1 0 0
vn 1 0 0
vn 1 0 0
vn 1 0 0
vn 1 0 0
f 5023/5023/5023 5018/5018/5018 5019/5019/5019 5020/5020/5020
f 5022/5022/5022 5023/5023/5023 5020/5020/5020 5021/5021/5021
usemtl diffuse_255_0_0_255
vt 0 0
vt 0 1
vt 1 0
vt 1 1
vn 0 0 1
vn 0 0 1
vn 0 0 1
vn 0 0 1
f 5027/5027/5027 5025/5025/5025 5024/5024/5024 5026/5026/5026
usemtl diffuse_173_216_230_255
vt 1 0.99019604921340942
vt 0 0.99019604921340942
vt 0 0.5
vt 0 0.0098039219155907631
vt 1 0.0098039219155907631
vt 1 0.5
vn -1 0 0
vn -1 0 0
vn -1 0 0
vn -1 0 0
vn -1 0 0
vn -1 0 0
f 5030/5030/5030 5031/5031/5031 5032/5032/5032 5033/5033/5033
f 5029/5029/5029 5030/5030/5030 5033/5033/5033 5028/5028/5028
usemtl diffuse_173_216_230_255
vt 0 0.0098039219155907631
vt 1 0.0098039219155907631
vt 1 0.5
vt 1 0.99019604921340942
vt 0 0.99019604921340942
vt 0 0.5
vn 1 0 0
vn 1 0 0
vn 1 0 0
vn 1 0 0
vn 1 0 0
vn 1 0 0
f 5039/5039/5039 5034/5034/5034 5035/5035/5035 5036/5036/5036
f 5038/5038/5038 5039/5039/5039 5036/5036/5036 5037/5037/5037
usemtl diffuse_255_0_0_255
vt 0 0
vt 0 1
vt 1 0
vt 1 1
vn 0 0 1
vn 0 0 1
vn 0 0 1
vn 0 0 1
f 5043/5043/5043 5041/5041/5041 5040/5040/5040 5042/5042/5042
usemtl diffuse_173_216_230_255
vt 1 0.99019604921340942
vt 0 0.99019604921340942
vt 0 0.5
vt 0 0.0098039219155907631
vt 1 0.0098039219155907631
vt 1 0.5
vn -1 0 0
vn -1 0 0
vn -1 0 0
vn -1 0 0
vn -1 0 0
vn -1 0 0
f 5046/5046/5046 5047/5047/5047 5048/5048/5048 5049/5049/5049
f 5045/5045/5045 5046/5046/5046 5049/5049/5049 5044/5044/5044
usemtl diffuse_173_216_230_255
vt 0 0.0098039219155907631
vt 1 0.0098039219155907631
vt 1 0.5
vt 1 0.99019604921340942
vt 0 0.99019604921340942
vt 0 0.5
vn 1 0 0
vn 1 0 0
vn 1 0 0
vn 1 0 0
vn 1 0 0
vn 1 0 0
f 5055/5055/5055 5050/5050/5050 5051/5051/5051 5052/5052/5052
f 5054/5054/5054 5055/5055/5055 5052/5052/5052 5053/5053/5053
usemtl diffuse_255_0_0_255
vt 0 0
vt 0 1
vt 1 0
vt 1 1
vn 0 0 1
vn 0 0 1
vn 0 0 1
vn 0 0 1
f 5059/5059/5059 5057/5057/5057 5056/5056/5056 5058/5058/5058
usemtl diffuse_173_216_230_255
vt 1 0.99019604921340942
vt 0 0.99019604921340942
vt 0 0.5
vt 0 0.0098039219155907631
vt 1 0.0098039219155907631
vt 1 0.5
vn -1 0 0
vn -1 0 0
vn -1 0 0
vn -1 0 0
vn -1 0 0
vn -1 0 0
f 5062/5062/5062 5063/5063/5063 5064/5064/5064 5065/5065/5065
f 5061/5061/5061 5062/5062/5062 5065/5065/5065 5060/5060/5060
usemtl diffuse_173_216_230_255
vt 0 0.0098039219155907631
vt 1 0.0098039219155907631
vt 1 0.5
vt 1 0.99019604921340942
vt 0 0.99019604921340942
vt 0 0.5
vn 1 0 0
vn 1 0 0
vn 1 0 0
vn 1 0 0
vn 1 0 0
vn 1 0 0
f 5071/5071/5071 5066/5066/5066 5067/5067/5067 5068/5068/5068
f 5070/5070/5070 5071/5071/5071 5068/5068/5068 5069/5069/5069
usemtl diffuse_255_0_0_255
vt 0 0
vt 0 1
vt 1 0
vt 1 1
vn 0 0 1
vn 0 0 1
vn 0 0 1
vn 0 0 1
f 5075/5075/5075 5073/5073/5073 5072/5072/5072 5074/5074/5074
usemtl diffuse_173_216_230_255
vt 1 0.99019604921340942
vt 0 0.99019604921340942
vt 0 0.5
vt 0 0.0098039219155907631
vt 1 0.0098039219155907631
vt 1 0.5
vn -1 0 0
vn -1 0 0
vn -1 0 0
vn -1 0 0
vn -1 0 0
vn -1 0 0
f 5078/5078/5078 5079/5079/5079 5080/5080/5080 5081/5081/5081
f 5077/5077/5077 5078/5078/5078 5081/5081/5081 5076/5076/5076
usemtl diffuse_173_216_230_255
vt 0 0.0098039219155907631
vt 1 0.0098039219155907631
vt 1 0.5
vt 1 0.99019604921340942
vt 0 0.99019604921340942
vt 0 0.5
vn 1 0 0
vn 1 0 0
vn 1 0 0
vn 1 0 0
vn 1 0 0
vn 1 0 0
f 5087/5087/5087 5082/5082/5082 5083/5083/5083 5084/5084/5084
f 5086/5086/5086 5087/5087/5087 5084/5084/5084 5085/5085/5085
usemtl diffuse_255_0_0_255
vt 0 0
vt 0 1
vt 1 0
vt 1 1
vn 0 0 1
vn 0 0 1
vn 0 0 1
vn 0 0 1
f 5091/5091/5091 5089/5089/5089 5088/5088/5088 5090/5090/5090
usemtl diffuse_173_216_230_255
vt 1 0.99019604921340942
vt 0 0.99019604921340942
vt 0 0.5
vt 0 0.0098039219155907631
vt 1 0.0098039219155907631
vt 1 0.5
vn -1 0 0
vn -1 0 0
vn -1 0 0
vn -1 0 0
vn -1 0 0
vn -1 0 0
f 5094/5094/5094 5095/5095/5095 5096/5096/5096 5097/5097/5097
f 5093/5093/5093 5094/5094/5094 5097/5097/5097 5092/5092/5092
usemtl diffuse_173_216_230_255
vt 0 0.0098039219155907631
vt 1 0.0098039219155907631
vt 1 0.5
vt 1 0.99019604921340942
vt 0 0.99019604921340942
vt 0 0.5
vn 1 0 0
vn 1 0 0
vn 1 0 0
vn 1 0 0
vn 1 0 0
vn 1 0 0
f 5103/5103/5103 5098/5098/5098 5099/5099/5099 5100/5100/5100
f 5102/5102/5102 5103/5103/5103 5100/5100/5100 5101/5101/5101
usemtl diffuse_255_0_0_255
vt 0 0
vt 0 1
vt 1 0
vt 1 1
vn 0 0 1
vn 0 0 1
vn 0 0 1
vn 0 0 1
f 5107/5107/5107 5105/5105/5105 5104/5104/5104 5106/5106/5106
usemtl diffuse_173_216_230_255
vt 1 0.99019604921340942
vt 0 0.99019604921340942
vt 0 0.5
vt 0 0.0098039219155907631
vt 1 0.0098039219155907631
vt 1 0.5
vn -1 0 0
vn -1 0 0
vn -1 0 0
vn -1 0 0
vn -1 0 0
vn -1 0 0
f 5110/5110/5110 5111/5111/5111 5112/5112/5112 5113/5113/5113
f 5109/5109/5109 5110/5110/5110 5113/5113/5113 5108/5108/5108
usemtl diffuse_173_216_230_255
vt 0 0.0098039219155907631
vt 1 0.0098039219155907631
vt 1 0.5
vt 1 0.99019604921340942
vt 0 0.99019604921340942
vt 0 0.5
vn 1 0 0
vn 1 0 0
vn 1 0 0
vn 1 0 0
vn 1 0 0
vn 1 0 0
f 5119/5119/5119 5114/5114/5114 5115/5115/5115 5116/5116/5116
f 5118/5118/5118 5119/5119/5119 5116/5116/5116 5117/5117/5117
usemtl diffuse_255_0_0_255
vt 0 0
vt 0 1
vt 1 0
vt 1 1
vn 0 0 1
vn 0 0 1
vn 0 0 1
vn 0 0 1
f 5123/5123/5123 5121/5121/5121 5120/5120/5120 5122/5122/5122
usemtl diffuse_173_216_230_255
vt 1 0.99019604921340942
vt 0 0.99019604921340942
vt 0 0.5
vt 0 0.0098039219155907631
vt 1 0.0098039219155907631
vt 1 0.5
vn -1 0 0
vn -1 0 0
vn -1 0 0
vn -1 0 0
vn -1 0 0
vn -1 0 0
f 5126/5126/5126 5127/5127/5127 5128/5128/5128 5129/5129/5129
f 5125/5125/5125 5126/5126/5126 5129/5129/5129 5124/5124/5124
usemtl diffuse_173_216_230_255
vt 0 0.0098039219155907631
vt 1 0.0098039219155907631
vt 1 0.5
vt 1 0.99019604921340942
vt 0 0.99019604921340942
vt 0 0.5
vn 1 0 0
vn 1 0 0
vn 1 0 0
vn 1 0 0
vn 1 0 0
vn 1 0 0
f 5135/5135/5135 5130/5130/5130 5131/5131/5131 5132/5132/5132
f 5134/5134/5134 5135/5135/5135 5132/5132/5132 5133/5133/5133
usemtl diffuse_255_0_0_255
vt 0 0
vt 0 1
vt 1 0
vt 1 1
vn 0 0 1
vn 0 0 1
vn 0 0 1
vn 0 0 1
f 5139/5139/5139 5137/5137/5137 5136/5136/5136 5138/5138/5138
usemtl diffuse_173_216_230_255
vt 1 0.99019604921340942
vt 0 0.99019604921340942
vt 0 0.5
vt 0 0.0098039219155907631
vt 1 0.0098039219155907631
vt 1 0.5
vn -1 0 0
vn -1 0 0
vn -1 0 0
vn -1 0 0
vn -1 0 0
vn -1 0 0
f 5142/5142/5142 5143/5143/5143 5144/5144/5144 5145/5145/5145
f 5141/5141/5141 5142/5142/5142 5145/5145/5145 5140/5140/5140
usemtl diffuse_173_216_230_255
vt 0 0.0098039219155907631
vt 1 0.0098039219155907631
vt 1 0.5
vt 1 0.99019604921340942
vt 0 0.99019604921340942
vt 0 0.5
vn 1 0 0
vn 1 0 0
vn 1 0 0
vn 1 0 0
vn 1 0 0
vn 1 0 0
f 5151/5151/5151 5146/5146/5146 5147/5147/5147 5148/5148/5148
f 5150/5150/5150 5151/5151/5151 5148/5148/5148 5149/5149/5149
usemtl diffuse_255_0_0_255
vt 0 0
vt 0 1
vt 1 0
vt 1 1
vn 0 0 1
vn 0 0 1
vn 0 0 1
vn 0 0 1
f 5155/5155/5155 5153/5153/5153 5152/5152/5152 5154/5154/5154
usemtl diffuse_173_216_230_255
vt 1 0.99019604921340942
vt 0 0.99019604921340942
vt 0 0.5
vt 0 0.0098039219155907631
vt 1 0.0098039219155907631
vt 1 0.5
vn -1 0 0
vn -1 0 0
vn -1 0 0
vn -1 0 0
vn -1 0 0
vn -1 0 0
f 5158/5158/5158 5159/5159/5159 5160/5160/5160 5161/5161/5161
f 5157/5157/5157 5158/5158/5158 5161/5161/5161 5156/5156/5156
usemtl diffuse_173_216_230_255
vt 0 0.0098039219155907631
vt 1 0.0098039219155907631
vt 1 0.5
vt 1 0.99019604921340942
vt 0 0.99019604921340942
vt 0 0.5
vn 1 0 0
vn 1 0 0
vn 1 0 0
vn 1 0 0
vn 1 0 0
vn 1 0 0
f 5167/5167/5167 5162/5162/5162 5163/5163/5163 5164/5164/5164
f 5166/5166/5166 5167/5167/5167 5164/5164/5164 5165/5165/5165
usemtl diffuse_255_0_0_255
vt 0 0
vt 0 1
vt 1 0
vt 1 1
vn 0 0 1
vn 0 0 1
vn 0 0 1
vn 0 0 1
f 5171/5171/5171 5169/5169/5169 5168/5168/5168 5170/5170/5170
usemtl diffuse_173_216_230_255
vt 1 0.99019604921340942
vt 0 0.99019604921340942
vt 0 0.5
vt 0 0.0098039219155907631
vt 1 0.0098039219155907631
vt 1 0.5
vn -1 0 0
vn -1 0 0
vn -1 0 0
vn -1 0 0
vn -1 0 0
vn -1 0 0
f 5174/5174/5174 5175/5175/5175 5176/5176/5176 5177/5177/5177
f 5173/5173/5173 5174/5174/5174 5177/5177/5177 5172/5172/5172
usemtl diffuse_173_216_230_255
vt 0 0.0098039219155907631
vt 1 0.0098039219155907631
vt 1 0.5
vt 1 0.99019604921340942
vt 0 0.99019604921340942
vt 0 0.5
vn 1 0 0
vn 1 0 0
vn 1 0 0
vn 1 0 0
vn 1 0 0
vn 1 0 0
f 5183/5183/5183 5178/5178/5178 5179/5179/5179 5180/5180/5180
f 5182/5182/5182 5183/5183/5183 5180/5180/5180 5181/5181/5181
usemtl diffuse_255_0_0_255
vt 0 0
vt 0 1
vt 1 0
vt 1 1
vn 0 0 1
vn 0 0 1
vn 0 0 1
vn 0 0 1
f 5187/5187/5187 5185/5185/5185 5184/5184/5184 5186/5186/5186
usemtl diffuse_173_216_230_255
vt 1 0.99019604921340942
vt 0 0.99019604921340942
vt 0 0.5
vt 0 0.0098039219155907631
vt 1 0.0098039219155907631
vt 1 0.5
vn -1 0 0
vn -1 0 0
vn -1 0 0
vn -1 0 0
vn -1 0 0
vn -1 0 0
f 5190/5190/5190 5191/5191/5191 5192/5192/5192 5193/5193/5193
f 5189/5189/5189 5190/5190/5190 5193/5193/5193 5188/5188/5188
usemtl diffuse_173_216_230_255
vt 0 0.0098039219155907631
vt 1 0.0098039219155907631
vt 1 0.5
vt 1 0.99019604921340942
vt 0 0.99019604921340942
vt 0 0.5
vn 1 0 0
vn 1 0 0
vn 1 0 0
vn 1 0 0
vn 1 0 0
vn 1 0 0
f 5199/5199/5199 5194/5194/5194 5195/5195/5195 5196/5196/5196
f 5198/5198/5198 5199/5199/5199 5196/5196/5196 5197/5197/5197
usemtl diffuse_255_0_0_255
vt 0 0
vt 0 1
vt 1 0
vt 1 1
vn 0 0 1
vn 0 0 1
vn 0 0 1
vn 0 0 1
f 5203/5203/5203 5201/5201/5201 5200/5200/5200 5202/5202/5202
usemtl diffuse_173_216_230_255
vt 1 0.99019604921340942
vt 0 0.99019604921340942
vt 0 0.5
vt 0 0.0098039219155907631
vt 1 0.0098039219155907631
vt 1 0.5
vn -1 0 0
vn -1 0 0
vn -1 0 0
vn -1 0 0
vn -1 0 0
vn -1 0 0
f 5206/5206/5206 5207/5207/5207 5208/5208/5208 5209/5209/5209
f 5205/5205/5205 5206/5206/5206 5209/5209/5209 5204/5204/5204
usemtl diffuse_173_216_230_255
vt 0 0.0098039219155907631
vt 1 0.0098039219155907631
vt 1 0.5
vt 1 0.99019604921340942
vt 0 0.99019604921340942
vt 0 0.5
vn 1 0 0
vn 1 0 0
vn 1 0 0
vn 1 0 0
vn 1 0 0
vn 1 0 0
f 5215/5215/5215 5210/5210/5210 5211/5211/5211 5212/5212/5212
f 5214/5214/5214 5215/5215/5215 5212/5212/5212 5213/5213/5213
usemtl diffuse_255_0_0_255
vt 0 0
vt 0 1
vt 1 0
vt 1 1
vn 0 0 1
vn 0 0 1
vn 0 0 1
vn 0 0 1
f 5219/5219/5219 5217/5217/5217 5216/5216/5216 5218/5218/5218
usemtl diffuse_173_216_230_255
vt 1 0.99019604921340942
vt 0 0.99019604921340942
vt 0 0.5
vt 0 0.0098039219155907631
vt 1 0.0098039219155907631
vt 1 0.5
vn -1 0 0
vn -1 0 0
vn -1 0 0
vn -1 0 0
vn -1 0 0
vn -1 0 0
f 5222/5222/5222 5223/5223/5223 5224/5224/5224 5225/5225/5225
f 5221/5221/5221 5222/5222/5222 5225/5225/5225 5220/5220/5220
usemtl diffuse_173_216_230_255
vt 0 0.0098039219155907631
vt 1 0.0098039219155907631
vt 1 0.5
vt 1 0.99019604921340942
vt 0 0.99019604921340942
vt 0 0.5
vn 1 0 0
vn 1 0 0
vn 1 0 0
vn 1 0 0
vn 1 0 0
vn 1 0 0
f 5231/5231/5231 5226/5226/5226 5227/5227/5227 5228/5228/5228
f 5230/5230/5230 5231/5231/5231 5228/5228/5228 5229/5229/5229
usemtl diffuse_255_0_0_255
vt 0 0
vt 0 1
vt 1 0
vt 1 1
vn 0 0 1
vn 0 0 1
vn 0 0 1
vn 0 0 1
f 5235/5235/5235 5233/5233/5233 5232/5232/5232 5234/5234/5234
usemtl diffuse_173_216_230_255
vt 1 0.99019604921340942
vt 0 0.99019604921340942
vt 0 0.5
vt 0 0.0098039219155907631
vt 1 0.0098039219155907631
vt 1 0.5
vn -1 0 0
vn -1 0 0
vn -1 0 0
vn -1 0 0
vn -1 0 0
vn -1 0 0
f 5238/5238/5238 5239/5239/5239 5240/5240/5240 5241/5241/5241
f 5237/5237/5237 5238/5238/5238 5241/5241/5241 5236/5236/5236
usemtl diffuse_173_216_230_255
vt 0 0.0098039219155907631
vt 1 0.0098039219155907631
vt 1 0.5
vt 1 0.99019604921340942
vt 0 0.99019604921340942
vt 0 0.5
vn 1 0 0
vn 1 0 0
vn 1 0 0
vn 1 0 0
vn 1 0 0
vn 1 0 0
f 5247/5247/5247 5242/5242/5242 5243/5243/5243 5244/5244/5244
f 5246/5246/5246 5247/5247/5247 5244/5244/5244 5245/5245/5245
usemtl diffuse_255_0_0_255
vt 0 0
vt 0 1
vt 1 0
vt 1 1
vn 0 0 1
vn 0 0 1
vn 0 0 1
vn 0 0 1
f 5251/5251/5251 5249/5249/5249 5248/5248/5248 5250/5250/5250
usemtl diffuse_173_216_230_255
vt 1 0.99019604921340942
vt 0 0.99019604921340942
vt 0 0.5
vt 0 0.0098039219155907631
vt 1 0.0098039219155907631
vt 1 0.5
vn -1 0 0
vn -1 0 0
vn -1 0 0
vn -1 0 0
vn -1 0 0
vn -1 0 0
f 5254/5254/5254 5255/5255/5255 5256/5256/5256 5257/5257/5257
f 5253/5253/5253 5254/5254/5254 5257/5257/5257 5252/5252/5252
usemtl diffuse_173_216_230_255
vt 0 0.0098039219155907631
vt 1 0.0098039219155907631
vt 1 0.5
vt 1 0.99019604921340942
vt 0 0.99019604921340942
vt 0 0.5
vn 1 0 0
vn 1 0 0
vn 1 0 0
vn 1 0 0
vn 1 0 0
vn 1 0 0
f 5263/5263/5263 5258/5258/5258 5259/5259/5259 5260/5260/5260
f 5262/5262/5262 5263/5263/5263 5260/5260/5260 5261/5261/5261
usemtl diffuse_255_0_0_255
vt 0 0
vt 0 1
vt 1 0
vt 1 1
vn 0 0 1
vn 0 0 1
vn 0 0 1
vn 0 0 1
f 5267/5267/5267 5265/5265/5265 5264/5264/5264 5266/5266/5266
usemtl diffuse_173_216_230_255
vt 1 0.99019604921340942
vt 0 0.99019604921340942
vt 0 0.5
vt 0 0.0098039219155907631
vt 1 0.0098039219155907631
vt 1 0.5
vn -1 0 0
vn -1 0 0
vn -1 0 0
vn -1 0 0
vn -1 0 0
vn -1 0 0
f 5270/5270/5270 5271/5271/5271 5272/5272/5272 5273/5273/5273
f 5269/5269/5269 5270/5270/5270 5273/5273/5273 5268/5268/5268
usemtl diffuse_173_216_230_255
vt 0 0.0098039219155907631
vt 1 0.0098039219155907631
vt 1 0.5
vt 1 0.99019604921340942
vt 0 0.99019604921340942
vt 0 0.5
vn 1 0 0
vn 1 0 0
vn 1 0 0
vn 1 0 0
vn 1 0 0
vn 1 0 0
f 5279/5279/5279 5274/5274/5274 5275/5275/5275 5276/5276/5276
f 5278/5278/5278 5279/5279/5279 5276/5276/5276 5277/5277/5277
usemtl diffuse_255_0_0_255
vt 0 0
vt 0 1
vt 1 0
vt 1 1
vn 0 0 1
vn 0 0 1
vn 0 0 1
vn 0 0 1
f 5283/5283/5283 5281/5281/5281 5280/5280/5280 5282/5282/5282
usemtl diffuse_173_216_230_255
vt 1 0.99019604921340942
vt 0 0.99019604921340942
vt 0 0.5
vt 0 0.0098039219155907631
vt 1 0.0098039219155907631
vt 1 0.5
vn -1 0 0
vn -1 0 0
vn -1 0 0
vn -1 0 0
vn -1 0 0
vn -1 0 0
f 5286/5286/5286 5287/5287/5287 5288/5288/5288 5289/5289/5289
f 5285/5285/5285 5286/5286/5286 5289/5289/5289 5284/5284/5284
usemtl diffuse_173_216_230_255
vt 0 0.0098039219155907631
vt 1 0.0098039219155907631
vt 1 0.5
vt 1 0.99019604921340942
vt 0 0.99019604921340942
vt 0 0.5
vn 1 0 0
vn 1 0 0
vn 1 0 0
vn 1 0 0
vn 1 0 0
vn 1 0 0
f 5295/5295/5295 5290/5290/5290 5291/5291/5291 5292/5292/5292
f 5294/5294/5294 5295/5295/5295 5292/5292/5292 5293/5293/5293
usemtl diffuse_255_0_0_255
vt 0 0
vt 0 1
vt 1 0
vt 1 1
vn 0 0 1
vn 0 0 1
vn 0 0 1
vn 0 0 1
f 5299/5299/5299 5297/5297/5297 5296/5296/5296 5298/5298/5298
usemtl diffuse_173_216_230_255
vt 1 0.99019604921340942
vt 0 0.99019604921340942
vt 0 0.5
vt 0 0.0098039219155907631
vt 1 0.0098039219155907631
vt 1 0.5
vn -1 0 0
vn -1 0 0
vn -1 0 0
vn -1 0 0
vn -1 0 0
vn -1 0 0
f 5302/5302/5302 5303/5303/5303 5304/5304/5304 5305/5305/5305
f 5301/5301/5301 5302/5302/5302 5305/5305/5305 5300/5300/5300
usemtl diffuse_173_216_230_255
vt 0 0.0098039219155907631
vt 1 0.0098039219155907631
vt 1 0.5
vt 1 0.99019604921340942
vt 0 0.99019604921340942
vt 0 0.5
vn 1 0 0
vn 1 0 0
vn 1 0 0
vn 1 0 0
vn 1 0 0
vn 1 0 0
f 5311/5311/5311 5306/5306/5306 5307/5307/5307 5308/5308/5308
f 5310/5310/5310 5311/5311/5311 5308/5308/5308 5309/5309/5309
usemtl diffuse_255_0_0_255
vt 0 0
vt 0 1
vt 1 0
vt 1 1
vn 0 0 1
vn 0 0 1
vn 0 0 1
vn 0 0 1
f 5315/5315/5315 5313/5313/5313 5312/5312/5312 5314/5314/5314
usemtl diffuse_173_216_230_255
vt 1 0.99019604921340942
vt 0 0.99019604921340942
vt 0 0.5
vt 0 0.0098039219155907631
vt 1 0.0098039219155907631
vt 1 0.5
vn -1 0 0
vn -1 0 0
vn -1 0 0
vn -1 0 0
vn -1 0 0
vn -1 0 0
f 5318/5318/5318 5319/5319/5319 5320/5320/5320 5321/5321/5321
f 5317/5317/5317 5318/5318/5318 5321/5321/5321 5316/5316/5316
usemtl diffuse_173_216_230_255
vt 0 0.0098039219155907631
vt 1 0.0098039219155907631
vt 1 0.5
vt 1 0.99019604921340942
vt 0 0.99019604921340942
vt 0 0.5
vn 1 0 0
vn 1 0 0
vn 1 0 0
vn 1 0 0
vn 1 0 0
vn 1 0 0
f 5327/5327/5327 5322/5322/5322 5323/5323/5323 5324/5324/5324
f 5326/5326/5326 5327/5327/5327 5324/5324/5324 5325/5325/5325
usemtl diffuse_255_0_0_255
vt 0 0
vt 0 1
vt 1 0
vt 1 1
vn 0 0 1
vn 0 0 1
vn 0 0 1
vn 0 0 1
f 5331/5331/5331 5329/5329/5329 5328/5328/5328 5330/5330/5330
usemtl diffuse_173_216_230_255
vt 1 0.99019604921340942
vt 0 0.99019604921340942
vt 0 0.5
vt 0 0.0098039219155907631
vt 1 0.0098039219155907631
vt 1 0.5
vn -1 0 0
vn -1 0 0
vn -1 0 0
vn -1 0 0
vn -1 0 0
vn -1 0 0
f 5334/5334/5334 5335/5335/5335 5336/5336/5336 5337/5337/5337
f 5333/5333/5333 5334/5334/5334 5337/5337/5337 5332/5332/5332
usemtl diffuse_173_216_230_255
vt 0 0.0098039219155907631
vt 1 0.0098039219155907631
vt 1 0.5
vt 1 0.99019604921340942
vt 0 0.99019604921340942
vt 0 0.5
vn 1 0 0
vn 1 0 0
vn 1 0 0
vn 1 0 0
vn 1 0 0
vn 1 0 0
f 5343/5343/5343 5338/5338/5338 5339/5339/5339 5340/5340/5340
f 5342/5342/5342 5343/5343/5343 5340/5340/5340 5341/5341/5341
usemtl diffuse_255_0_0_255
vt 0 0
vt 0 1
vt 1 0
vt 1 1
vn 0 0 1
vn 0 0 1
vn 0 0 1
vn 0 0 1
f 5347/5347/5347 5345/5345/5345 5344/5344/5344 5346/5346/5346
usemtl diffuse_173_216_230_255
vt 1 0.99019604921340942
vt 0 0.99019604921340942
vt 0 0.5
vt 0 0.0098039219155907631
vt 1 0.0098039219155907631
vt 1 0.5
vn -1 0 0
vn -1 0 0
vn -1 0 0
vn -1 0 0
vn -1 0 0
vn -1 0 0
f 5350/5350/5350 5351/5351/5351 5352/5352/5352 5353/5353/5353
f 5349/5349/5349 5350/5350/5350 5353/5353/5353 5348/5348/5348
usemtl diffuse_173_216_230_255
vt 0 0.0098039219155907631
vt 1 0.0098039219155907631
vt 1 0.5
vt 1 0.99019604921340942
vt 0 0.99019604921340942
vt 0 0.5
vn 1 0 0
vn 1 0 0
vn 1 0 0
vn 1 0 0
vn 1 0 0
vn 1 0 0
f 5359/5359/5359 5354/5354/5354 5355/5355/5355 5356/5356/5356
f 5358/5358/5358 5359/5359/5359 5356/5356/5356 5357/5357/5357
usemtl diffuse_255_0_0_255
vt 0 0
vt 0 1
vt 1 0
vt 1 1
vn 0 0 1
vn 0 0 1
vn 0 0 1
vn 0 0 1
f 5363/5363/5363 5361/5361/5361 5360/5360/5360 5362/5362/5362
usemtl diffuse_128_128_128_255
vt 1 0.99019604921340942
vt 0 0.99019604921340942
vt 0 0.25490197539329529
vt 0 0.0098039219155907631
vt 1 0.0098039219155907631
vt 1 0.25490197539329529
vt 1 0.5
vt 1 0.7450980544090271
vn -1 0 0
vn -1 0 0
vn -1 0 0
vn -1 0 0
vn -1 0 0
vn -1 0 0
vn -1 0 0
vn -1 0 0
f 5366/5366/5366 5367/5367/5367 5368/5368/5368 5369/5369/5369
f 5365/5365/5365 5366/5366/5366 5370/5370/5370 5371/5371/5371
f 5366/5366/5366 5369/5369/5369 5370/5370/5370
f 5365/5365/5365 5371/5371/5371 5364/5364/5364
usemtl diffuse_128_128_128_255
vt 1 0.99019604921340942
vt 0 0.99019604921340942
vt 0 0.25490197539329529
vt 0 0.0098039219155907631
vt 1 0.0098039219155907631
vt 1 0.25490197539329529
vt 1 0.5
vt 1 0.7450980544090271
vn -1 0 0
vn -1 0 0
vn -1 0 0
vn -1 0 0
vn -1 0 0
vn -1 0 0
vn -1 0 0
vn -1 0 0
f 5374/5374/5374 5375/5375/5375 5376/5376/5376 5377/5377/5377
f 5373/5373/5373 5374/5374/5374 5378/5378/5378 5379/5379/5379
f 5374/5374/5374 5377/5377/5377 5378/5378/5378
f 5373/5373/5373 5379/5379/5379 5372/5372/5372
usemtl diffuse_128_128_128_255
vt 1 0.99019604921340942
vt 0 0.99019604921340942
vt 0 0.25490197539329529
vt 0 0.0098039219155907631
vt 1 0.0098039219155907631
vt 1 0.25490197539329529
vt 1 0.5
vt 1 0.7450980544090271
vn -1 0 0
vn -1 0 0
vn -1 0 0
vn -1 0 0
vn -1 0 0
vn -1 0 0
vn -1 0 0
vn -1 0 0
f 5382/5382/5382 5383/5383/5383 5384/5384/5384 5385/5385/5385
f 5381/5381/5381 5382/5382/5382 5386/5386/5386 5387/5387/5387
f 5382/5382/5382 5385/5385/5385 5386/5386/5386
f 5381/5381/5381 5387/5387/5387 5380/5380/5380
usemtl diffuse_128_128_128_255
vt 1 0.99019604921340942
vt 0 0.99019604921340942
vt 0 0.25490197539329529
vt 0 0.0098039219155907631
vt 1 0.0098039219155907631
vt 1 0.25490197539329529
vt 1 0.5
vt 1 0.7450980544090271
vn -1 0 0
vn -1 0 0
vn -1 0 0
vn -1 0 0
vn -1 0 0
vn -1 0 0
vn -1 0 0
vn -1 0 0
f 5390/5390/5390 5391/5391/5391 5392/5392/5392 5393/5393/5393
f 5389/5389/5389 5390/5390/5390 5394/5394/5394 5395/5395/5395
f 5390/5390/5390 5393/5393/5393 5394/5394/5394
f 5389/5389/5389 5395/5395/5395 5388/5388/5388
usemtl diffuse_173_216_230_255
vt 0.0098039219155907631 0.99019604921340942
vt 0.0098039219155907631 0.94934642314910889
vt 0.0098039219155907631 0.90849673748016357
vt 0.0098039219155907631 0.86764705181121826
vt 0.0098039219155907631 0.82679736614227295
vt 0.0098039219155907631 0.78594774007797241
vt 0.0098039219155907631 0.7450980544090271
vt 0.0098039219155907631 0.70424836874008179
vt 0.0098039219155907631 0.66339868307113647
vt 0.0098039219155907631 0.62254899740219116
vt 0.0098039219155907631 0.58169937133789062
vt 0.0098039219155907631 0.54084968566894531
vt 0.0098039219155907631 0.5
vt 0.0098039219155907631 0.45915031433105469
vt 0.0098039219155907631 0.41830065846443176
vt 0.0098039219155907631 0.37745097279548645
vt 0.0098039219155907631 0.33660131692886353
vt 0.0098039219155907631 0.29575163125991821
vt 0.0098039219155907631 0.25490197539329529
vt 0.0098039219155907631 0.21405228972434998
vt 0.0098039219155907631 0.17320261895656586
vt 0.0098039219155907631 0.13235294818878174
vt 0.0098039219155907631 0.091503269970417023
vt 0.0098039219155907631 0.050653595477342606
vt 0.0098039219155907631 0.0098039219155907631
vt 0.071078434586524963 0.0098039219155907631
vt 0.13235294818878174 0.0098039219155907631
vt 0.19362744688987732 0.0098039219155907631
vt 0.25490197539329529 0.0098039219155907631
vt 0.31617647409439087 0.0098039219155907631
vt 0.37745097279548645 0.0098039219155907631
vt 0.43872550129890442 0.0098039219155907631
vt 0.5 0.0098039219155907631
vt 0.56127452850341797 0.0098039219155907631
vt 0.62254899740219116 0.0098039219155907631
vt 0.68382352590560913 0.0098039219155907631
vt 0.7450980544090271 0.0098039219155907631
vt 0.80637252330780029 0.0098039219155907631
vt 0.86764705181121826 0.0098039219155907631
vt 0.92892158031463623 0.0098039219155907631
vt 0.99019604921340942 0.0098039219155907631
vt 0.99019604921340942 0.050653595477342606
vt 0.99019604921340942 0.13606654107570648
vt 0.99019604921340942 0.22147950530052185
vt 0.99019604921340942 0.30689245462417603
vt 0.99019604921340942 0.3923054039478302
vt 0.99019604921340942 0.47771835327148438
vt 0.99019604921340942 0.56313133239746094
vt 0.99019604921340942 0.64854425191879272
vt 0.99019604921340942 0.73395723104476929
vt 0.99019604921340942 0.81937015056610107
vt 0.99019604921340942 0.90478312969207764
vt 0.99019604921340942 0.99019604921340942
vt 0.92892158031463623 0.99019604921340942
vt 0.86764705181121826 0.99019604921340942
vt 0.80637252330780029 0.99019604921340942
vt 0.7450980544090271 0.99019604921340942
vt 0.68382352590560913 0.99019604921340942
vt 0.62254899740219116 0.99019604921340942
vt 0.56127452850341797 0.99019604921340942
vt 0.5 0.99019604921340942
vt 0.43872550129890442 0.99019604921340942
vt 0.37745097279548645 0.99019604921340942
vt 0.31617647409439087 0.99019604921340942
vt 0.25490197539329529 0.99019604921340942
vt 0.19362744688987732 0.99019604921340942
vt 0.13235294818878174 0.99019604921340942
vt 0.071078434586524963 0.99019604921340942
vt 0.037037037312984467 0.86764705181121826
vt 0.064270153641700745 0.86764705181121826
vt 0.064270153641700745 0.78594774007797241
vt 0.037037037312984467 0.78594774007797241
vt 0.1187363862991333 0.86764705181121826
vt 0.14596949517726898 0.86764705181121826
vt 0.14596949517726898 0.78594774007797241
vt 0.1187363862991333 0.78594774007797241
vt 0.20043572783470154 0.86764705181121826
vt 0.22766885161399841 0.86764705181121826
vt 0.22766885161399841 0.78594774007797241
vt 0.20043572783470154 0.78594774007797241
vt 0.037037037312984467 0.62254899740219116
vt 0.064270153641700745 0.62254899740219116
vt 0.064270153641700745 0.54084968566894531
vt 0.037037037312984467 0.54084968566894531
vt 0.28213506937026978 0.86764705181121826
vt 0.30936819314956665 0.86764705181121826
vt 0.30936819314956665 0.78594774007797241
vt 0.28213506937026978 0.78594774007797241
vt 0.1187363862991333 0.62254899740219116
vt 0.14596949517726898 0.62254899740219116
vt 0.14596949517726898 0.54084968566894531
vt 0.1187363862991333 0.54084968566894531
vt 0.36383441090583801 0.86764705181121826
vt 0.39106753468513489 0.86764705181121826
vt 0.39106753468513489 0.78594774007797241
vt 0.36383441090583801 0.78594774007797241
vt 0.20043572783470154 0.62254899740219116
vt 0.22766885161399841 0.62254899740219116
vt 0.22766885161399841 0.54084968566894531
vt 0.20043572783470154 0.54084968566894531
vt 0.037037037312984467 0.37745097279548645
vt 0.064270153641700745 0.37745097279548645
vt 0.064270153641700745 0.29575163125991821
vt 0.037037037312984467 0.29575163125991821
vt 0.44553378224372864 0.86764705181121826
vt 0.47276687622070312 0.86764705181121826
vt 0.47276687622070312 0.78594774007797241
vt 0.44553378224372864 0.78594774007797241
vt 0.28213506937026978 0.62254899740219116
vt 0.30936819314956665 0.62254899740219116
vt 0.30936819314956665 0.54084968566894531
vt 0.28213506937026978 0.54084968566894531
vt 0.1187363862991333 0.37745097279548645
vt 0.14596949517726898 0.37745097279548645
vt 0.14596949517726898 0.29575163125991821
vt 0.1187363862991333 0.29575163125991821
vt 0.52723312377929688 0.86764705181121826
vt 0.55446624755859375 0.86764705181121826
vt 0.55446624755859375 0.78594774007797241
vt 0.52723312377929688 0.78594774007797241
vt 0.36383441090583801 0.62254899740219116
vt 0.39106753468513489 0.62254899740219116
vt 0.39106753468513489 0.54084968566894531
vt 0.36383441090583801 0.54084968566894531
vt 0.20043572783470154 0.37745097279548645
vt 0.22766885161399841 0.37745097279548645
vt 0.22766885161399841 0.29575163125991821
vt 0.20043572783470154 0.29575163125991821
vt 0.037037037312984467 0.13235294818878174
vt 0.064270153641700745 0.13235294818878174
vt 0.064270153641700745 0.050653595477342606
vt 0.037037037312984467 0.050653595477342606
vt 0.60893243551254272 0.86764705181121826
vt 0.6361655592918396 0.86764705181121826
vt 0.6361655592918396 0.78594774007797241
vt 0.60893243551254272 0.78594774007797241
vt 0.44553378224372864 0.62254899740219116
vt 0.47276687622070312 0.62254899740219116
vt 0.47276687622070312 0.54084968566894531
vt 0.44553378224372864 0.54084968566894531
vt 0.28213506937026978 0.37745097279548645
vt 0.30936819314956665 0.37745097279548645
vt 0.30936819314956665 0.29575163125991821
vt 0.28213506937026978 0.29575163125991821
vt 0.1187363862991333 0.13235294818878174
vt 0.14596949517726898 0.13235294818878174
vt 0.14596949517726898 0.050653595477342606
vt 0.1187363862991333 0.050653595477342606
vt 0.69063180685043335 0.86764705181121826
vt 0.71786493062973022 0.86764705181121826
vt 0.71786493062973022 0.78594774007797241
vt 0.69063180685043335 0.78594774007797241
vt 0.52723312377929688 0.62254899740219116
vt 0.55446624755859375 0.62254899740219116
vt 0.55446624755859375 0.54084968566894531
vt 0.52723312377929688 0.54084968566894531
vt 0.36383441090583801 0.37745097279548645
vt 0.39106753468513489 0.37745097279548645
vt 0.39106753468513489 0.29575163125991821
vt 0.36383441090583801 0.29575163125991821
vt 0.20043572783470154 0.13235294818878174
vt 0.22766885161399841 0.13235294818878174
vt 0.22766885161399841 0.050653595477342606
vt 0.20043572783470154 0.050653595477342606
vt 0.77233117818832397 0.86764705181121826
vt 0.79956424236297607 0.86764705181121826
vt 0.79956424236297607 0.78594774007797241
vt 0.77233117818832397 0.78594774007797241
vt 0.60893243551254272 0.62254899740219116
vt 0.6361655592918396 0.62254899740219116
vt 0.6361655592918396 0.54084968566894531
vt 0.60893243551254272 0.54084968566894531
vt 0.44553378224372864 0.37745097279548645
vt 0.47276687622070312 0.37745097279548645
vt 0.47276687622070312 0.29575163125991821
vt 0.44553378224372864 0.29575163125991821
vt 0.28213506937026978 0.13235294818878174
vt 0.30936819314956665 0.13235294818878174
vt 0.30936819314956665 0.050653595477342606
vt 0.28213506937026978 0.050653595477342606
vt 0.85403048992156982 0.86764705181121826
vt 0.8812636137008667 0.86764705181121826
vt 0.8812636137008667 0.78594774007797241
vt 0.85403048992156982 0.78594774007797241
vt 0.69063180685043335 0.62254899740219116
vt 0.71786493062973022 0.62254899740219116
vt 0.71786493062973022 0.54084968566894531
vt 0.69063180685043335 0.54084968566894531
vt 0.52723312377929688 0.37745097279548645
vt 0.55446624755859375 0.37745097279548645
vt 0.55446624755859375 0.29575163125991821
vt 0.52723312377929688 0.29575163125991821
vt 0.36383441090583801 0.13235294818878174
vt 0.39106753468513489 0.13235294818878174
vt 0.39106753468513489 0.050653595477342606
vt 0.36383441090583801 0.050653595477342606
vt 0.93572986125946045 0.86764705181121826
vt 0.96296298503875732 0.86764705181121826
vt 0.96296298503875732 0.78594774007797241
vt 0.93572986125946045 0.78594774007797241
vt 0.77233117818832397 0.62254899740219116
vt 0.79956424236297607 0.62254899740219116
vt 0.79956424236297607 0.54084968566894531
vt 0.77233117818832397 0.54084968566894531
vt 0.60893243551254272 0.37745097279548645
vt 0.6361655592918396 0.37745097279548645
vt 0.6361655592918396 0.29575163125991821
vt 0.60893243551254272 0.29575163125991821
vt 0.44553378224372864 0.13235294818878174
vt 0.47276687622070312 0.13235294818878174
vt 0.47276687622070312 0.050653595477342606
vt 0.44553378224372864 0.050653595477342606
vt 0.85403048992156982 0.62254899740219116
vt 0.8812636137008667 0.62254899740219116
vt 0.8812636137008667 0.54084968566894531
vt 0.85403048992156982 0.54084968566894531
vt 0.69063180685043335 0.37745097279548645
vt 0.71786493062973022 0.37745097279548645
vt 0.71786493062973022 0.29575163125991821
vt 0.69063180685043335 0.29575163125991821
vt 0.52723312377929688 0.13235294818878174
vt 0.55446624755859375 0.13235294818878174
vt 0.55446624755859375 0.050653595477342606
vt 0.52723312377929688 0.050653595477342606
vt 0.93572986125946045 0.62254899740219116
vt 0.96296298503875732 0.62254899740219116
vt 0.96296298503875732 0.54084968566894531
vt 0.93572986125946045 0.54084968566894531
vt 0.77233117818832397 0.37745097279548645
vt 0.79956424236297607 0.37745097279548645
vt 0.79956424236297607 0.29575163125991821
vt 0.77233117818832397 0.29575163125991821
vt 0.60893243551254272 0.13235294818878174
vt 0.6361655592918396 0.13235294818878174
vt 0.6361655592918396 0.050653595477342606
vt 0.60893243551254272 0.050653595477342606
vt 0.85403048992156982 0.37745097279548645
vt 0.8812636137008667 0.37745097279548645
vt 0.8812636137008667 0.29575163125991821
vt 0.85403048992156982 0.29575163125991821
vt 0.69063180685043335 0.13235294818878174
vt 0.71786493062973022 0.13235294818878174
vt 0.71786493062973022 0.050653595477342606
vt 0.69063180685043335 0.050653595477342606
vt 0.93572986125946045 0.37745097279548645
vt 0.96296298503875732 0.37745097279548645
vt 0.96296298503875732 0.29575163125991821
vt 0.93572986125946045 0.29575163125991821
vt 0.77233117818832397 0.13235294818878174
vt 0.79956424236297607 0.13235294818878174
vt 0.79956424236297607 0.050653595477342606
vt 0.77233117818832397 0.050653595477342606
vt 0.85403048992156982 0.13235294818878174
vt 0.8812636137008667 0.13235294818878174
vt 0.8812636137008667 0.050653595477342606
vt 0.85403048992156982 0.050653595477342606
vt 0.93572986125946045 0.13235294818878174
vt 0.96296298503875732 0.13235294818878174
vt 0.96296298503875732 0.050653595477342606
vt 0.93572986125946045 0.050653595477342606
vt 0.15384615957736969 0.125
vt 0.15384615957736969 0.25
vt 0.076923079788684845 0.125
vt 0.076923079788684845 0.25
vt 0.23076923191547394 0.25
vt 0.15384615957736969 0.375
vt 0.076923079788684845 0.5
vt 0.076923079788684845 0.375
vt 0.15384615957736969 0.5
vt 0.23076923191547394 0.125
vt 0.30769231915473938 0.25
vt 0.38461539149284363 0.25
vt 0.46153846383094788 0.25
vt 0.23076923191547394 0.375
vt 0.23076923191547394 0.5
vt 0.30769231915473938 0.5
vt 0.38461539149284363 0.5
vt 0.46153846383094788 0.5
vt 0.53846156597137451 0.25
vt 0.076923079788684845 0.75
vt 0.076923079788684845 0.625
vt 0.15384615957736969 0.625
vt 0.23076923191547394 0.625
vt 0.15384615957736969 0.75
vt 0.23076923191547394 0.75
vt 0.076923079788684845 0.875
vt 0.15384615957736969 0.875
vt 0.23076923191547394 0.875
vt 0.30769231915473938 0.625
vt 0.38461539149284363 0.625
vt 0.30769231915473938 0.75
vt 0.38461539149284363 0.75
vt 0.46153846383094788 0.625
vt 0.46153846383094788 0.75
vt 0.30769231915473938 0.875
vt 0.38461539149284363 0.875
vt 0.46153846383094788 0.875
vt 0.53846156597137451 0.625
vt 0.61538463830947876 0.25
vt 0.69230771064758301 0.25
vt 0.76923078298568726 0.125
vt 0.76923078298568726 0.25
vt 0.53846156597137451 0.5
vt 0.61538463830947876 0.5
vt 0.76923078298568726 0.375
vt 0.69230771064758301 0.5
vt 0.76923078298568726 0.5
vt 0.8461538553237915 0.125
vt 0.8461538553237915 0.25
vt 0.92307692766189575 0.125
vt 0.92307692766189575 0.25
vt 0.8461538553237915 0.375
vt 0.8461538553237915 0.5
vt 0.92307692766189575 0.375
vt 0.92307692766189575 0.5
vt 0.53846156597137451 0.75
vt 0.61538463830947876 0.625
vt 0.61538463830947876 0.75
vt 0.69230771064758301 0.625
vt 0.76923078298568726 0.625
vt 0.69230771064758301 0.75
vt 0.76923078298568726 0.75
vt 0.53846156597137451 0.875
vt 0.61538463830947876 0.875
vt 0.69230771064758301 0.875
vt 0.76923078298568726 0.875
vt 0.8461538553237915 0.625
vt 0.8461538553237915 0.75
vt 0.92307692766189575 0.625
vt 0.92307692766189575 0.75
vt 0.8461538553237915 0.875
vt 0.92307692766189575 0.875
vn 0 1 0
vn 0 1 0
vn 0 1 0
vn 0 1 0
vn 0 1 0
vn 0 1 0
vn 0 1 0
vn 0 1 0
vn 0 1 0
vn 0 1 0
vn 0 1 0
vn 0 1 0
vn 0 1 0
vn 0 1 0
vn 0 1 0
vn 0 1 0
vn 0 1 0
vn 0 1 0
vn 0 1 0
vn 0 1 0
vn 0 1 0
vn 0 1 0
vn 0 1 0
vn 0 1 0
vn 0 1 0
vn 0 1 0
vn 0 1 0
vn 0 1 0
vn 0 1 0
vn 0 1 0
vn 0 1 0
vn 0 1 0
vn 0 1 0
vn 0 1 0
vn 0 1 0
vn 0 1 0
vn 0 1 0
vn 0 1 0
vn 0 1 0
vn 0 1 0
vn 0 1 0
vn 0 1 0
vn 0 1 0
vn 0 1 0
vn 0 1 0
vn 0 1 0
vn 0 1 0
vn 0 1 0
vn 0 1 0
vn 0 1 0
vn 0 1 0
vn 0 1 0
vn 0 1 0
vn 0 1 0
vn 0 1 0
vn 0 1 0
vn 0 1 0
vn 0 1 0
vn 0 1 0
vn 0 1 0
vn 0 1 0
vn 0 1 0
vn 0 1 0
vn 0 1 0
vn 0 1 0
vn 0 1 0
vn 0 1 0
vn 0 1 0
vn 0 1 0
vn 0 1 0
vn 0 1 0
vn 0 1 0
vn 0 1 0
vn 0 1 0
vn 0 1 0
vn 0 1 0
vn 0 1 0
vn 0 1 0
vn 0 1 0
vn 0 1 0
vn 0 1 0
vn 0 1 0
vn 0 1 0
vn 0 1 0
vn 0 1 0
vn 0 1 0
vn 0 1 0
vn 0 1 0
vn 0 1 0
vn 0 1 0
vn 0 1 0
vn 0 1 0
vn 0 1 0
vn 0 1 0
vn 0 1 0
vn 0 1 0
vn 0 1 0
vn 0 1 0
vn 0 1 0
vn 0 1 0
vn 0 1 0
vn 0 1 0
vn 0 1 0
vn 0 1 0
vn 0 1 0
vn 0 1 0
vn 0 1 0
vn 0 1 0
vn 0 1 0
vn 0 1 0
vn 0 1 0
vn 0 1 0
vn 0 1 0
vn 0 1 0
vn 0 1 0
vn 0 1 0
vn 0 1 0
vn 0 1 0
vn 0 1 0
vn 0 1 0
vn 0 1 0
vn 0 1 0
vn 0 1 0
vn 0 1 0
vn 0 1 0
vn 0 1 0
vn 0 1 0
vn 0 1 0
vn 0 1 0
vn 0 1 0
vn 0 1 0
vn 0 1 0
vn 0 1 0
vn 0 1 0
vn 0 1 0
vn 0 1 0
vn 0 1 0
vn 0 1 0
vn 0 1 0
vn 0 1 0
vn 0 1 0
vn 0 1 0
vn 0 1 0
vn 0 1 0
vn 0 1 0
vn 0 1 0
vn 0 1 0
vn 0 1 0
vn 0 1 0
vn 0 1 0
vn 0 1 0
vn 0 1 0
vn 0 1 0
vn 0 1 0
vn 0 1 0
vn 0 1 0
vn 0 1 0
vn 0 1 0
vn 0 1 0
vn 0 1 0
vn 0 1 0
vn 0 1 0
vn 0 1 0
vn 0 1 0
vn 0 1 0
vn 0 1 0
vn 0 1 0
vn 0 1 0
vn 0 1 0
vn 0 1 0
vn 0 1 0
vn 0 1 0
vn 0 1 0
vn 0 1 0
vn 0 1 0
vn 0 1 0
vn 0 1 0
vn 0 1 0
vn 0 1 0
vn 0 1 0
vn 0 1 0
vn 0 1 0
vn 0 1 0
vn 0 1 0
vn 0 1 0
vn 0 1 0
vn 0 1 0
vn 0 1 0
vn 0 1 0
vn 0 1 0
vn 0 1 0
vn 0 1 0
vn 0 1 0
vn 0 1 0
vn 0 1 0
vn 0 1 0
vn 0 1 0
vn 0 1 0
vn 0 1 0
vn 0 1 0
vn 0 1 0
vn 0 1 0
vn 0 1 0
vn 0 1 0
vn 0 1 0
vn 0 1 0
vn 0 1 0
vn 0 1 0
vn 0 1 0
vn 0 1 0
vn 0 1 0
vn 0 1 0
vn 0 1 0
vn 0 1 0
vn 0 1 0
vn 0 1 0
vn 0 1 0
vn 0 1 0
vn 0 1 0
vn 0 1 0
vn 0 1 0
vn 0 1 0
vn 0 1 0
vn 0 1 0
vn 0 1 0
vn 0 1 0
vn 0 1 0
vn 0 1 0
vn 0 1 0
vn 0 1 0
vn 0 1 0
vn 0 1 0
vn 0 1 0
vn 0 1 0
vn 0 1 0
vn 0 1 0
vn 0 1 0
vn 0 1 0
vn 0 1 0
vn 0 1 0
vn 0 1 0
vn 0 1 0
vn 0 1 0
vn 0 1 0
vn 0 1 0
vn 0 1 0
vn 0 1 0
vn 0 1 0
vn 0 1 0
vn 0 1 0
vn 0 1 0
vn 0 1 0
vn 0 1 0
vn 0 1 0
vn 0 1 0
vn 0 1 0
vn 0 1 0
vn 0 1 0
vn 0 1 0
vn 0 1 0
vn 0 1 0
vn 0 1 0
vn 0 1 0
vn 0 1 0
vn 0 1 0
vn 0 1 0
vn 0 1 0
vn 0 1 0
vn 0 1 0
vn 0 1 0
vn 0 1 0
vn 0 1 0
vn 0 1 0
vn 0 1 0
vn 0 1 0
vn 0 1 0
vn 0 1 0
vn 0 1 0
vn 0 1 0
vn 0 1 0
vn 0 1 0
vn 0 1 0
vn 0 1 0
vn 0 1 0
vn 0 1 0
vn 0 1 0
vn 0 1 0
vn 0 1 0
vn 0 1 0
vn 0 1 0
vn 0 1 0
vn 0 1 0
vn 0 1 0
vn 0 1 0
vn 0 1 0
vn 0 1 0
vn 0 1 0
vn 0 1 0
vn 0 1 0
vn 0 1 0
vn 0 1 0
vn 0 1 0
vn 0 1 0
vn 0 1 0
vn 0 1 0
vn 0 1 0
vn 0 1 0
vn 0 1 0
vn 0 1 0
vn 0 1 0
vn 0 1 0
vn 0 1 0
vn 0 1 0
vn 0 1 0
vn 0 1 0
vn 0 1 0
vn 0 1 0
vn 0 1 0
vn 0 1 0
vn 0 1 0
vn 0 1 0
vn 0 1 0
vn 0 1 0
vn 0 1 0
vn 0 1 0
vn 0 1 0
vn 0 1 0
vn 0 1 0
vn 0 1 0
vn 0 1 0
vn 0 1 0
vn 0 1 0
f 5656/5656/5656 5556/5556/5556 5657/5657/5657
f 5527/5527/5527 5419/5419/5419 5420/5420/5420
f 5526/5526/5526 5527/5527/5527 5421/5421/5421
f 5420/5420/5420 5421/5421/5421 5527/5527/5527
f 5658/5658/5658 5525/5525/5525 5526/5526/5526
f 5418/5418/5418 5419/5419/5419 5527/5527/5527
f 5524/5524/5524 5417/5417/5417 5418/5418/5418
f 5524/5524/5524 5415/5415/5415 5416/5416/5416
f 5417/5417/5417 5524/5524/5524 5416/5416/5416
f 5527/5527/5527 5524/5524/5524 5418/5418/5418
f 5524/5524/5524 5525/5525/5525 5659/5659/5659
f 5543/5543/5543 5526/5526/5526 5421/5421/5421 5422/5422/5422
f 5540/5540/5540 5657/5657/5657 5659/5659/5659
f 5542/5542/5542 5543/5543/5543 5422/5422/5422
f 5526/5526/5526 5543/5543/5543 5658/5658/5658
f 5559/5559/5559 5542/5542/5542 5422/5422/5422 5423/5423/5423
f 5558/5558/5558 5559/5559/5559 5423/5423/5423
f 5656/5656/5656 5542/5542/5542 5559/5559/5559
f 5659/5659/5659 5525/5525/5525 5658/5658/5658
f 5540/5540/5540 5658/5658/5658 5543/5543/5543
f 5660/5660/5660 5657/5657/5657 5556/5556/5556
f 5559/5559/5559 5556/5556/5556 5656/5656/5656
f 5541/5541/5541 5656/5656/5656 5657/5657/5657
f 5542/5542/5542 5656/5656/5656 5541/5541/5541
f 5658/5658/5658 5540/5540/5540 5659/5659/5659
f 5657/5657/5657 5661/5661/5661 5509/5509/5509 5510/5510/5510
f 5659/5659/5659 5499/5499/5499 5414/5414/5414
f 5412/5412/5412 5413/5413/5413 5499/5499/5499
f 5414/5414/5414 5499/5499/5499 5413/5413/5413
f 5496/5496/5496 5412/5412/5412 5499/5499/5499
f 5659/5659/5659 5414/5414/5414 5415/5415/5415
f 5496/5496/5496 5410/5410/5410 5411/5411/5411
f 5662/5662/5662 5408/5408/5408 5409/5409/5409
f 5410/5410/5410 5496/5496/5496 5409/5409/5409
f 5496/5496/5496 5497/5497/5497 5409/5409/5409
f 5496/5496/5496 5411/5411/5411 5412/5412/5412
f 5663/5663/5663 5659/5659/5659 5511/5511/5511 5508/5508/5508
f 5499/5499/5499 5659/5659/5659 5498/5498/5498
f 5659/5659/5659 5663/5663/5663 5497/5497/5497 5498/5498/5498
f 5540/5540/5540 5541/5541/5541 5657/5657/5657
f 5657/5657/5657 5511/5511/5511 5659/5659/5659
f 5497/5497/5497 5663/5663/5663 5662/5662/5662
f 5662/5662/5662 5663/5663/5663 5508/5508/5508
f 5664/5664/5664 5662/5662/5662 5508/5508/5508
f 5409/5409/5409 5497/5497/5497 5662/5662/5662
f 5664/5664/5664 5509/5509/5509 5661/5661/5661
f 5661/5661/5661 5520/5520/5520 5664/5664/5664
f 5508/5508/5508 5509/5509/5509 5664/5664/5664
f 5487/5487/5487 5662/5662/5662 5664/5664/5664
f 5657/5657/5657 5510/5510/5510 5511/5511/5511
f 5659/5659/5659 5415/5415/5415 5524/5524/5524
f 5408/5408/5408 5662/5662/5662 5478/5478/5478 5479/5479/5479
f 5661/5661/5661 5657/5657/5657 5523/5523/5523 5520/5520/5520
f 5575/5575/5575 5558/5558/5558 5424/5424/5424
f 5423/5423/5423 5424/5424/5424 5558/5558/5558
f 5574/5574/5574 5575/5575/5575 5425/5425/5425
f 5424/5424/5424 5425/5425/5425 5575/5575/5575
f 5573/5573/5573 5574/5574/5574 5591/5591/5591 5588/5588/5588
f 5665/5665/5665 5558/5558/5558 5575/5575/5575
f 5660/5660/5660 5665/5665/5665 5572/5572/5572
f 5572/5572/5572 5666/5666/5666 5660/5660/5660
f 5665/5665/5665 5660/5660/5660 5557/5557/5557
f 5575/5575/5575 5572/5572/5572 5665/5665/5665
f 5572/5572/5572 5573/5573/5573 5666/5666/5666
f 5660/5660/5660 5523/5523/5523 5657/5657/5657
f 5591/5591/5591 5574/5574/5574 5425/5425/5425 5426/5426/5426
f 5557/5557/5557 5660/5660/5660 5556/5556/5556
f 5590/5590/5590 5591/5591/5591 5426/5426/5426
f 5607/5607/5607 5590/5590/5590 5426/5426/5426 5427/5427/5427
f 5606/5606/5606 5607/5607/5607 5427/5427/5427
f 5607/5607/5607 5604/5604/5604 5589/5589/5589 5590/5590/5590
f 5573/5573/5573 5588/5588/5588 5667/5667/5667 5666/5666/5666
f 5605/5605/5605 5606/5606/5606 5619/5619/5619 5616/5616/5616
f 5589/5589/5589 5604/5604/5604 5668/5668/5668 5667/5667/5667
f 5589/5589/5589 5667/5667/5667 5588/5588/5588
f 5606/5606/5606 5427/5427/5427 5428/5428/5428
f 5605/5605/5605 5668/5668/5668 5604/5604/5604
f 5522/5522/5522 5523/5523/5523 5660/5660/5660
f 5660/5660/5660 5669/5669/5669 5521/5521/5521 5522/5522/5522
f 5669/5669/5669 5660/5660/5660 5539/5539/5539 5536/5536/5536
f 5660/5660/5660 5666/5666/5666 5539/5539/5539
f 5670/5670/5670 5520/5520/5520 5521/5521/5521
f 5671/5671/5671 5670/5670/5670 5536/5536/5536
f 5669/5669/5669 5670/5670/5670 5521/5521/5521
f 5536/5536/5536 5537/5537/5537 5671/5671/5671
f 5507/5507/5507 5670/5670/5670 5671/5671/5671
f 5670/5670/5670 5669/5669/5669 5536/5536/5536
f 5664/5664/5664 5520/5520/5520 5670/5670/5670
f 5666/5666/5666 5538/5538/5538 5539/5539/5539
f 5555/5555/5555 5552/5552/5552 5537/5537/5537 5538/5538/5538
f 5555/5555/5555 5538/5538/5538 5666/5666/5666 5667/5667/5667
f 5571/5571/5571 5554/5554/5554 5667/5667/5667 5668/5668/5668
f 5555/5555/5555 5667/5667/5667 5554/5554/5554
f 5537/5537/5537 5552/5552/5552 5672/5672/5672 5671/5671/5671
f 5668/5668/5668 5570/5570/5570 5571/5571/5571
f 5569/5569/5569 5673/5673/5673 5568/5568/5568
f 5571/5571/5571 5568/5568/5568 5553/5553/5553 5554/5554/5554
f 5553/5553/5553 5672/5672/5672 5552/5552/5552
f 5587/5587/5587 5570/5570/5570 5668/5668/5668 5674/5674/5674
f 5553/5553/5553 5568/5568/5568 5673/5673/5673 5672/5672/5672
f 5605/5605/5605 5616/5616/5616 5674/5674/5674 5668/5668/5668
f 5557/5557/5557 5558/5558/5558 5665/5665/5665
f 5495/5495/5495 5664/5664/5664 5670/5670/5670
f 5479/5479/5479 5406/5406/5406 5407/5407/5407
f 5406/5406/5406 5479/5479/5479 5476/5476/5476
f 5405/5405/5405 5406/5406/5406 5476/5476/5476
f 5407/5407/5407 5408/5408/5408 5479/5479/5479
f 5476/5476/5476 5403/5403/5403 5404/5404/5404
f 5675/5675/5675 5402/5402/5402 5403/5403/5403
f 5476/5476/5476 5477/5477/5477 5403/5403/5403
f 5477/5477/5477 5675/5675/5675 5403/5403/5403
f 5476/5476/5476 5404/5404/5404 5405/5405/5405
f 5477/5477/5477 5478/5478/5478 5662/5662/5662 5676/5676/5676
f 5487/5487/5487 5484/5484/5484 5676/5676/5676 5662/5662/5662
f 5485/5485/5485 5486/5486/5486 5664/5664/5664 5677/5677/5677
f 5677/5677/5677 5664/5664/5664 5495/5495/5495 5492/5492/5492
f 5487/5487/5487 5664/5664/5664 5486/5486/5486
f 5677/5677/5677 5676/5676/5676 5484/5484/5484
f 5477/5477/5477 5676/5676/5676 5675/5675/5675
f 5485/5485/5485 5677/5677/5677 5484/5484/5484
f 5492/5492/5492 5678/5678/5678 5677/5677/5677
f 5677/5677/5677 5679/5679/5679 5675/5675/5675 5676/5676/5676
f 5680/5680/5680 5475/5475/5475 5679/5679/5679
f 5471/5471/5471 5675/5675/5675 5679/5679/5679
f 5467/5467/5467 5402/5402/5402 5675/5675/5675
f 5467/5467/5467 5400/5400/5400 5401/5401/5401
f 5400/5400/5400 5467/5467/5467 5464/5464/5464
f 5399/5399/5399 5400/5400/5400 5464/5464/5464
f 5675/5675/5675 5466/5466/5466 5467/5467/5467
f 5467/5467/5467 5401/5401/5401 5402/5402/5402
f 5464/5464/5464 5397/5397/5397 5398/5398/5398
f 5463/5463/5463 5396/5396/5396 5397/5397/5397
f 5397/5397/5397 5464/5464/5464 5463/5463/5463
f 5464/5464/5464 5465/5465/5465 5463/5463/5463
f 5464/5464/5464 5398/5398/5398 5399/5399/5399
f 5465/5465/5465 5466/5466/5466 5675/5675/5675 5681/5681/5681
f 5471/5471/5471 5468/5468/5468 5681/5681/5681 5675/5675/5675
f 5469/5469/5469 5470/5470/5470 5679/5679/5679 5682/5682/5682
f 5682/5682/5682 5679/5679/5679 5475/5475/5475 5472/5472/5472
f 5470/5470/5470 5471/5471/5471 5679/5679/5679
f 5682/5682/5682 5468/5468/5468 5469/5469/5469
f 5462/5462/5462 5463/5463/5463 5681/5681/5681 5682/5682/5682
f 5465/5465/5465 5681/5681/5681 5463/5463/5463
f 5681/5681/5681 5468/5468/5468 5682/5682/5682
f 5682/5682/5682 5472/5472/5472 5683/5683/5683
f 5682/5682/5682 5683/5683/5683 5461/5461/5461 5462/5462/5462
f 5679/5679/5679 5677/5677/5677 5678/5678/5678 5680/5680/5680
f 5493/5493/5493 5494/5494/5494 5670/5670/5670 5678/5678/5678
f 5506/5506/5506 5507/5507/5507 5671/5671/5671
f 5678/5678/5678 5670/5670/5670 5507/5507/5507 5504/5504/5504
f 5504/5504/5504 5684/5684/5684 5678/5678/5678
f 5685/5685/5685 5684/5684/5684 5505/5505/5505 5516/5516/5516
f 5684/5684/5684 5686/5686/5686 5680/5680/5680 5678/5678/5678
f 5684/5684/5684 5504/5504/5504 5505/5505/5505
f 5483/5483/5483 5680/5680/5680 5686/5686/5686
f 5505/5505/5505 5506/5506/5506 5519/5519/5519 5516/5516/5516
f 5475/5475/5475 5680/5680/5680 5474/5474/5474
f 5518/5518/5518 5519/5519/5519 5672/5672/5672
f 5519/5519/5519 5506/5506/5506 5671/5671/5671 5672/5672/5672
f 5535/5535/5535 5518/5518/5518 5672/5672/5672 5673/5673/5673
f 5535/5535/5535 5532/5532/5532 5517/5517/5517 5518/5518/5518
f 5685/5685/5685 5687/5687/5687 5686/5686/5686 5684/5684/5684
f 5517/5517/5517 5532/5532/5532 5688/5688/5688 5685/5685/5685
f 5687/5687/5687 5685/5685/5685 5688/5688/5688 5689/5689/5689
f 5516/5516/5516 5517/5517/5517 5685/5685/5685
f 5673/5673/5673 5534/5534/5534 5535/5535/5535
f 5494/5494/5494 5495/5495/5495 5670/5670/5670
f 5686/5686/5686 5687/5687/5687 5491/5491/5491 5482/5482/5482
f 5680/5680/5680 5683/5683/5683 5473/5473/5473 5474/5474/5474
f 5482/5482/5482 5483/5483/5483 5686/5686/5686
f 5683/5683/5683 5680/5680/5680 5483/5483/5483 5480/5480/5480
f 5683/5683/5683 5460/5460/5460 5461/5461/5461
f 5480/5480/5480 5690/5690/5690 5683/5683/5683
f 5691/5691/5691 5690/5690/5690 5481/5481/5481 5488/5488/5488
f 5459/5459/5459 5460/5460/5460 5683/5683/5683 5690/5690/5690
f 5690/5690/5690 5480/5480/5480 5481/5481/5481
f 5481/5481/5481 5482/5482/5482 5491/5491/5491 5488/5488/5488
f 5473/5473/5473 5683/5683/5683 5472/5472/5472
f 5503/5503/5503 5490/5490/5490 5687/5687/5687 5689/5689/5689
f 5687/5687/5687 5490/5490/5490 5491/5491/5491
f 5503/5503/5503 5500/5500/5500 5489/5489/5489 5490/5490/5490
f 5457/5457/5457 5458/5458/5458 5691/5691/5691 5692/5692/5692
f 5458/5458/5458 5459/5459/5459 5690/5690/5690 5691/5691/5691
f 5488/5488/5488 5489/5489/5489 5691/5691/5691
f 5489/5489/5489 5500/5500/5500 5692/5692/5692 5691/5691/5691
f 5500/5500/5500 5501/5501/5501 5692/5692/5692
f 5456/5456/5456 5457/5457/5457 5692/5692/5692
f 5689/5689/5689 5502/5502/5502 5503/5503/5503
f 5533/5533/5533 5548/5548/5548 5693/5693/5693 5688/5688/5688
f 5678/5678/5678 5492/5492/5492 5493/5493/5493
f 5428/5428/5428 5429/5429/5429 5618/5618/5618 5619/5619/5619
f 5631/5631/5631 5618/5618/5618 5429/5429/5429 5430/5430/5430
f 5631/5631/5631 5628/5628/5628 5617/5617/5617 5618/5618/5618
f 5617/5617/5617 5674/5674/5674 5616/5616/5616
f 5617/5617/5617 5628/5628/5628 5694/5694/5694 5674/5674/5674
f 5628/5628/5628 5629/5629/5629 5694/5694/5694
f 5674/5674/5674 5694/5694/5694 5603/5603/5603 5586/5586/5586
f 5430/5430/5430 5431/5431/5431 5639/5639/5639 5630/5630/5630
f 5638/5638/5638 5639/5639/5639 5431/5431/5431
f 5432/5432/5432 5638/5638/5638 5431/5431/5431
f 5639/5639/5639 5636/5636/5636 5629/5629/5629 5630/5630/5630
f 5695/5695/5695 5694/5694/5694 5629/5629/5629 5636/5636/5636
f 5637/5637/5637 5638/5638/5638 5696/5696/5696
f 5638/5638/5638 5647/5647/5647 5696/5696/5696
f 5637/5637/5637 5695/5695/5695 5636/5636/5636
f 5647/5647/5647 5638/5638/5638 5432/5432/5432
f 5430/5430/5430 5630/5630/5630 5631/5631/5631
f 5696/5696/5696 5697/5697/5697 5637/5637/5637
f 5587/5587/5587 5584/5584/5584 5569/5569/5569 5570/5570/5570
f 5603/5603/5603 5600/5600/5600 5585/5585/5585 5586/5586/5586
f 5587/5587/5587 5674/5674/5674 5586/5586/5586
f 5698/5698/5698 5673/5673/5673 5569/5569/5569 5584/5584/5584
f 5551/5551/5551 5534/5534/5534 5673/5673/5673 5698/5698/5698
f 5585/5585/5585 5600/5600/5600 5699/5699/5699 5698/5698/5698
f 5600/5600/5600 5601/5601/5601 5699/5699/5699
f 5698/5698/5698 5584/5584/5584 5585/5585/5585
f 5698/5698/5698 5699/5699/5699 5567/5567/5567 5550/5550/5550
f 5615/5615/5615 5612/5612/5612 5601/5601/5601 5602/5602/5602
f 5615/5615/5615 5602/5602/5602 5694/5694/5694 5695/5695/5695
f 5614/5614/5614 5695/5695/5695 5697/5697/5697
f 5637/5637/5637 5697/5697/5697 5695/5695/5695
f 5697/5697/5697 5700/5700/5700 5613/5613/5613 5614/5614/5614
f 5615/5615/5615 5695/5695/5695 5614/5614/5614
f 5602/5602/5602 5603/5603/5603 5694/5694/5694
f 5601/5601/5601 5612/5612/5612 5701/5701/5701 5699/5699/5699
f 5613/5613/5613 5701/5701/5701 5612/5612/5612
f 5702/5702/5702 5613/5613/5613 5700/5700/5700
f 5624/5624/5624 5702/5702/5702 5700/5700/5700
f 5701/5701/5701 5613/5613/5613 5702/5702/5702
f 5699/5699/5699 5701/5701/5701 5583/5583/5583 5566/5566/5566
f 5700/5700/5700 5697/5697/5697 5627/5627/5627 5624/5624/5624
f 5701/5701/5701 5702/5702/5702 5582/5582/5582
f 5697/5697/5697 5696/5696/5696 5644/5644/5644
f 5619/5619/5619 5606/5606/5606 5428/5428/5428
f 5433/5433/5433 5646/5646/5646 5647/5647/5647
f 5433/5433/5433 5434/5434/5434 5651/5651/5651 5646/5646/5646
f 5650/5650/5650 5651/5651/5651 5434/5434/5434
f 5433/5433/5433 5647/5647/5647 5432/5432/5432
f 5703/5703/5703 5646/5646/5646 5651/5651/5651
f 5697/5697/5697 5645/5645/5645 5704/5704/5704
f 5696/5696/5696 5647/5647/5647 5644/5644/5644
f 5703/5703/5703 5651/5651/5651 5648/5648/5648
f 5646/5646/5646 5703/5703/5703 5645/5645/5645
f 5704/5704/5704 5645/5645/5645 5703/5703/5703
f 5703/5703/5703 5648/5648/5648 5704/5704/5704
f 5434/5434/5434 5435/5435/5435 5655/5655/5655 5650/5650/5650
f 5655/5655/5655 5705/5705/5705 5650/5650/5650
f 5654/5654/5654 5655/5655/5655 5435/5435/5435
f 5437/5437/5437 5654/5654/5654 5436/5436/5436
f 5435/5435/5435 5436/5436/5436 5654/5654/5654
f 5653/5653/5653 5654/5654/5654 5437/5437/5437 5438/5438/5438
f 5705/5705/5705 5706/5706/5706 5649/5649/5649
f 5705/5705/5705 5649/5649/5649 5650/5650/5650
f 5652/5652/5652 5705/5705/5705 5655/5655/5655
f 5705/5705/5705 5652/5652/5652 5706/5706/5706
f 5439/5439/5439 5653/5653/5653 5438/5438/5438
f 5706/5706/5706 5652/5652/5652 5653/5653/5653
f 5704/5704/5704 5648/5648/5648 5649/5649/5649
f 5653/5653/5653 5439/5439/5439 5706/5706/5706
f 5627/5627/5627 5697/5697/5697 5626/5626/5626
f 5635/5635/5635 5704/5704/5704 5634/5634/5634
f 5706/5706/5706 5634/5634/5634 5704/5704/5704
f 5707/5707/5707 5704/5704/5704 5635/5635/5635 5632/5632/5632
f 5697/5697/5697 5704/5704/5704 5626/5626/5626
f 5704/5704/5704 5707/5707/5707 5625/5625/5625 5626/5626/5626
f 5702/5702/5702 5625/5625/5625 5708/5708/5708
f 5708/5708/5708 5707/5707/5707 5632/5632/5632
f 5632/5632/5632 5633/5633/5633 5708/5708/5708
f 5625/5625/5625 5707/5707/5707 5708/5708/5708
f 5624/5624/5624 5625/5625/5625 5702/5702/5702
f 5633/5633/5633 5634/5634/5634 5709/5709/5709
f 5634/5634/5634 5706/5706/5706 5709/5709/5709
f 5706/5706/5706 5642/5642/5642 5643/5643/5643
f 5439/5439/5439 5642/5642/5642 5706/5706/5706
f 5709/5709/5709 5643/5643/5643 5640/5640/5640
f 5642/5642/5642 5439/5439/5439 5440/5440/5440
f 5641/5641/5641 5642/5642/5642 5440/5440/5440 5441/5441/5441
f 5633/5633/5633 5709/5709/5709 5710/5710/5710
f 5640/5640/5640 5710/5710/5710 5709/5709/5709
f 5641/5641/5641 5710/5710/5710 5640/5640/5640
f 5708/5708/5708 5633/5633/5633 5710/5710/5710
f 5442/5442/5442 5641/5641/5641 5441/5441/5441
f 5710/5710/5710 5641/5641/5641 5442/5442/5442
f 5622/5622/5622 5710/5710/5710 5442/5442/5442
f 5643/5643/5643 5709/5709/5709 5706/5706/5706
f 5706/5706/5706 5704/5704/5704 5649/5649/5649
f 5708/5708/5708 5598/5598/5598 5702/5702/5702
f 5645/5645/5645 5697/5697/5697 5644/5644/5644
f 5710/5710/5710 5610/5610/5610 5708/5708/5708
f 5551/5551/5551 5548/5548/5548 5533/5533/5533 5534/5534/5534
f 5567/5567/5567 5564/5564/5564 5549/5549/5549 5550/5550/5550
f 5550/5550/5550 5551/5551/5551 5698/5698/5698
f 5689/5689/5689 5688/5688/5688 5693/5693/5693 5711/5711/5711
f 5689/5689/5689 5711/5711/5711 5515/5515/5515 5502/5502/5502
f 5711/5711/5711 5693/5693/5693 5712/5712/5712 5713/5713/5713
f 5549/5549/5549 5564/5564/5564 5712/5712/5712 5693/5693/5693
f 5693/5693/5693 5548/5548/5548 5549/5549/5549
f 5564/5564/5564 5565/5565/5565 5712/5712/5712
f 5565/5565/5565 5566/5566/5566 5583/5583/5583 5580/5580/5580
f 5701/5701/5701 5582/5582/5582 5583/5583/5583
f 5565/5565/5565 5580/5580/5580 5714/5714/5714 5712/5712/5712
f 5581/5581/5581 5715/5715/5715 5714/5714/5714
f 5714/5714/5714 5716/5716/5716 5713/5713/5713 5712/5712/5712
f 5717/5717/5717 5546/5546/5546 5716/5716/5716
f 5714/5714/5714 5580/5580/5580 5581/5581/5581
f 5711/5711/5711 5713/5713/5713 5531/5531/5531 5514/5514/5514
f 5716/5716/5716 5714/5714/5714 5715/5715/5715 5717/5717/5717
f 5566/5566/5566 5567/5567/5567 5699/5699/5699
f 5713/5713/5713 5716/5716/5716 5547/5547/5547 5530/5530/5530
f 5515/5515/5515 5512/5512/5512 5501/5501/5501 5502/5502/5502
f 5531/5531/5531 5528/5528/5528 5513/5513/5513 5514/5514/5514
f 5514/5514/5514 5515/5515/5515 5711/5711/5711
f 5718/5718/5718 5692/5692/5692 5501/5501/5501 5512/5512/5512
f 5455/5455/5455 5456/5456/5456 5718/5718/5718
f 5718/5718/5718 5456/5456/5456 5692/5692/5692
f 5719/5719/5719 5718/5718/5718 5513/5513/5513 5528/5528/5528
f 5718/5718/5718 5719/5719/5719 5454/5454/5454 5455/5455/5455
f 5513/5513/5513 5718/5718/5718 5512/5512/5512
f 5528/5528/5528 5529/5529/5529 5719/5719/5719
f 5529/5529/5529 5530/5530/5530 5547/5547/5547 5544/5544/5544
f 5716/5716/5716 5546/5546/5546 5547/5547/5547
f 5529/5529/5529 5544/5544/5544 5720/5720/5720 5719/5719/5719
f 5453/5453/5453 5454/5454/5454 5719/5719/5719 5720/5720/5720
f 5452/5452/5452 5453/5453/5453 5720/5720/5720 5721/5721/5721
f 5721/5721/5721 5720/5720/5720 5545/5545/5545
f 5720/5720/5720 5544/5544/5544 5545/5545/5545
f 5717/5717/5717 5721/5721/5721 5545/5545/5545 5546/5546/5546
f 5530/5530/5530 5531/5531/5531 5713/5713/5713
f 5581/5581/5581 5582/5582/5582 5702/5702/5702 5715/5715/5715
f 5599/5599/5599 5596/5596/5596 5715/5715/5715 5702/5702/5702
f 5597/5597/5597 5598/5598/5598 5708/5708/5708 5722/5722/5722
f 5722/5722/5722 5708/5708/5708 5611/5611/5611 5608/5608/5608
f 5598/5598/5598 5599/5599/5599 5702/5702/5702
f 5715/5715/5715 5596/5596/5596 5597/5597/5597
f 5597/5597/5597 5722/5722/5722 5715/5715/5715
f 5722/5722/5722 5608/5608/5608 5609/5609/5609
f 5722/5722/5722 5723/5723/5723 5717/5717/5717 5715/5715/5715
f 5609/5609/5609 5724/5724/5724 5722/5722/5722
f 5562/5562/5562 5717/5717/5717 5723/5723/5723
f 5609/5609/5609 5610/5610/5610 5710/5710/5710 5724/5724/5724
f 5710/5710/5710 5622/5622/5622 5623/5623/5623
f 5442/5442/5442 5443/5443/5443 5622/5622/5622
f 5724/5724/5724 5710/5710/5710 5623/5623/5623 5620/5620/5620
f 5621/5621/5621 5622/5622/5622 5443/5443/5443 5444/5444/5444
f 5725/5725/5725 5724/5724/5724 5620/5620/5620
f 5621/5621/5621 5725/5725/5725 5620/5620/5620
f 5724/5724/5724 5725/5725/5725 5723/5723/5723 5722/5722/5722
f 5445/5445/5445 5621/5621/5621 5444/5444/5444
f 5725/5725/5725 5621/5621/5621 5445/5445/5445
f 5594/5594/5594 5725/5725/5725 5445/5445/5445
f 5610/5610/5610 5611/5611/5611 5708/5708/5708
f 5578/5578/5578 5723/5723/5723 5725/5725/5725
f 5561/5561/5561 5562/5562/5562 5723/5723/5723 5726/5726/5726
f 5726/5726/5726 5723/5723/5723 5579/5579/5579 5576/5576/5576
f 5562/5562/5562 5563/5563/5563 5717/5717/5717
f 5721/5721/5721 5560/5560/5560 5561/5561/5561
f 5452/5452/5452 5721/5721/5721 5451/5451/5451
f 5721/5721/5721 5561/5561/5561 5726/5726/5726
f 5727/5727/5727 5726/5726/5726 5577/5577/5577
f 5721/5721/5721 5726/5726/5726 5450/5450/5450 5451/5451/5451
f 5726/5726/5726 5576/5576/5576 5577/5577/5577
f 5721/5721/5721 5717/5717/5717 5563/5563/5563 5560/5560/5560
f 5577/5577/5577 5578/5578/5578 5725/5725/5725 5727/5727/5727
f 5725/5725/5725 5594/5594/5594 5595/5595/5595
f 5445/5445/5445 5446/5446/5446 5594/5594/5594
f 5727/5727/5727 5725/5725/5725 5595/5595/5595 5592/5592/5592
f 5593/5593/5593 5594/5594/5594 5446/5446/5446 5447/5447/5447
f 5449/5449/5449 5727/5727/5727 5592/5592/5592
f 5593/5593/5593 5449/5449/5449 5592/5592/5592
f 5449/5449/5449 5450/5450/5450 5726/5726/5726 5727/5727/5727
f 5449/5449/5449 5447/5447/5447 5448/5448/5448
f 5593/5593/5593 5447/5447/5447 5449/5449/5449
f 5578/5578/5578 5579/5579/5579 5723/5723/5723
f 5532/5532/5532 5533/5533/5533 5688/5688/5688
usemtl diffuse_255_0_0_255
vt 0.0098039219155907631 0.0098039219155907631
vt 0.16866375505924225 0.0098039219155907631
vt 0.32752358913421631 0.0098039219155907631
vt 0.48638343811035156 0.0098039219155907631
vt 0.64524328708648682 0.0098039219155907631
vt 0.80410313606262207 0.0098039219155907631
vt 0.96296298503875732 0.0098039219155907631
vt 0.99019604921340942 0.0098039219155907631
vt 0.875 0.5
vt 0.9375 0.5
vt 0.875 0.25
vt 0.9375 0.25
vt 0.99019604921340942 0.99019604921340942
vt 0.96296298503875732 0.99019604921340942
vt 0.875 0.75
vt 0.9375 0.75
vt 0.80410313606262207 0.99019604921340942
vt 0.64524328708648682 0.99019604921340942
vt 0.48638343811035156 0.99019604921340942
vt 0.32752358913421631 0.99019604921340942
vt 0.16866375505924225 0.99019604921340942
vt 0.0098039219155907631 0.99019604921340942
vn 0 0 1
vn 0 0 1
vn 0 0 1
vn 0 0 1
vn 0 0 1
vn 0 0 1
vn 0 0 1
vn 0 0 1
vn 0 0 1
vn 0 0 1
vn 0 0 1
vn 0 0 1
vn 0 0 1
vn 0 0 1
vn 0 0 1
vn 0 0 1
vn 0 0 1
vn 0 0 1
vn 0 0 1
vn 0 0 1
vn 0 0 1
vn 0 0 1
f 5743/5743/5743 5742/5742/5742 5736/5736/5736 5737/5737/5737
f 5737/5737/5737 5736/5736/5736 5738/5738/5738 5739/5739/5739
f 5728/5728/5728 5729/5729/5729 5748/5748/5748 5749/5749/5749
f 5730/5730/5730 5731/5731/5731 5746/5746/5746 5747/5747/5747
f 5731/5731/5731 5732/5732/5732 5745/5745/5745 5746/5746/5746
f 5729/5729/5729 5730/5730/5730 5747/5747/5747 5748/5748/5748
f 5744/5744/5744 5745/5745/5745 5732/5732/5732 5733/5733/5733
f 5736/5736/5736 5733/5733/5733 5738/5738/5738
f 5733/5733/5733 5734/5734/5734 5739/5739/5739 5738/5738/5738
f 5735/5735/5735 5739/5739/5739 5734/5734/5734
f 5737/5737/5737 5739/5739/5739 5735/5735/5735
f 5736/5736/5736 5742/5742/5742 5744/5744/5744
f 5741/5741/5741 5743/5743/5743 5740/5740/5740
f 5737/5737/5737 5740/5740/5740 5743/5743/5743
f 5742/5742/5742 5743/5743/5743 5741/5741/5741
f 5740/5740/5740 5737/5737/5737 5735/5735/5735
f 5744/5744/5744 5742/5742/5742 5741/5741/5741
f 5733/5733/5733 5736/5736/5736 5744/5744/5744
usemtl diffuse_255_0_0_255
vt 0.0098039219155907631 0.0098039219155907631
vt 0.16866375505924225 0.0098039219155907631
vt 0.32752358913421631 0.0098039219155907631
vt 0.48638343811035156 0.0098039219155907631
vt 0.64524328708648682 0.0098039219155907631
vt 0.80410313606262207 0.0098039219155907631
vt 0.96296298503875732 0.0098039219155907631
vt 0.99019604921340942 0.0098039219155907631
vt 0.875 0.5
vt 0.9375 0.5
vt 0.875 0.25
vt 0.9375 0.25
vt 0.99019604921340942 0.99019604921340942
vt 0.96296298503875732 0.99019604921340942
vt 0.875 0.75
vt 0.9375 0.75
vt 0.80410313606262207 0.99019604921340942
vt 0.64524328708648682 0.99019604921340942
vt 0.48638343811035156 0.99019604921340942
vt 0.32752358913421631 0.99019604921340942
vt 0.16866375505924225 0.99019604921340942
vt 0.0098039219155907631 0.99019604921340942
vn 0 0 1
vn 0 0 1
vn 0 0 1
vn 0 0 1
vn 0 0 1
vn 0 0 1
vn 0 0 1
vn 0 0 1
vn 0 0 1
vn 0 0 1
vn 0 0 1
vn 0 0 1
vn 0 0 1
vn 0 0 1
vn 0 0 1
vn 0 0 1
vn 0 0 1
vn 0 0 1
vn 0 0 1
vn 0 0 1
vn 0 0 1
vn 0 0 1
f 5765/5765/5765 5764/5764/5764 5758/5758/5758 5759/5759/5759
f 5759/5759/5759 5758/5758/5758 5760/5760/5760 5761/5761/5761
f 5750/5750/5750 5751/5751/5751 5770/5770/5770 5771/5771/5771
f 5752/5752/5752 5753/5753/5753 5768/5768/5768 5769/5769/5769
f 5753/5753/5753 5754/5754/5754 5767/5767/5767 5768/5768/5768
f 5751/5751/5751 5752/5752/5752 5769/5769/5769 5770/5770/5770
f 5766/5766/5766 5767/5767/5767 5754/5754/5754 5755/5755/5755
f 5758/5758/5758 5755/5755/5755 5760/5760/5760
f 5755/5755/5755 5756/5756/5756 5761/5761/5761 5760/5760/5760
f 5757/5757/5757 5761/5761/5761 5756/5756/5756
f 5759/5759/5759 5761/5761/5761 5757/5757/5757
f 5758/5758/5758 5764/5764/5764 5766/5766/5766
f 5763/5763/5763 5765/5765/5765 5762/5762/5762
f 5759/5759/5759 5762/5762/5762 5765/5765/5765
f 5764/5764/5764 5765/5765/5765 5763/5763/5763
f 5762/5762/5762 5759/5759/5759 5757/5757/5757
f 5766/5766/5766 5764/5764/5764 5763/5763/5763
f 5755/5755/5755 5758/5758/5758 5766/5766/5766
usemtl diffuse_255_0_0_255
vt 0.0098039219155907631 0.0098039219155907631
vt 0.32752358913421631 0.0098039219155907631
vt 0.64524328708648682 0.0098039219155907631
vt 0.96296298503875732 0.0098039219155907631
vt 0.99019604921340942 0.0098039219155907631
vt 0.75 0.5
vt 0.875 0.5
vt 0.75 0.25
vt 0.875 0.25
vt 0.9375 0.25
vt 0.875 0.125
vt 0.9375 0.125
vt 0.99019604921340942 0.99019604921340942
vt 0.96296298503875732 0.99019604921340942
vt 0.75 0.75
vt 0.875 0.75
vt 0.875 0.875
vt 0.9375 0.75
vt 0.9375 0.875
vt 0.64524328708648682 0.99019604921340942
vt 0.32752358913421631 0.99019604921340942
vt 0.0098039219155907631 0.99019604921340942
vn 0 0 1
vn 0 0 1
vn 0 0 1
vn 0 0 1
vn 0 0 1
vn 0 0 1
vn 0 0 1
vn 0 0 1
vn 0 0 1
vn 0 0 1
vn 0 0 1
vn 0 0 1
vn 0 0 1
vn 0 0 1
vn 0 0 1
vn 0 0 1
vn 0 0 1
vn 0 0 1
vn 0 0 1
vn 0 0 1
vn 0 0 1
vn 0 0 1
f 5790/5790/5790 5788/5788/5788 5787/5787/5787 5789/5789/5789
f 5787/5787/5787 5786/5786/5786 5777/5777/5777 5778/5778/5778
f 5778/5778/5778 5777/5777/5777 5779/5779/5779 5780/5780/5780
f 5781/5781/5781 5780/5780/5780 5782/5782/5782 5783/5783/5783
f 5772/5772/5772 5773/5773/5773 5792/5792/5792 5793/5793/5793
f 5779/5779/5779 5774/5774/5774 5782/5782/5782
f 5775/5775/5775 5782/5782/5782 5774/5774/5774
f 5780/5780/5780 5779/5779/5779 5782/5782/5782
f 5777/5777/5777 5773/5773/5773 5774/5774/5774
f 5774/5774/5774 5779/5779/5779 5777/5777/5777
f 5777/5777/5777 5791/5791/5791 5792/5792/5792
f 5777/5777/5777 5792/5792/5792 5773/5773/5773
f 5791/5791/5791 5777/5777/5777 5786/5786/5786
f 5788/5788/5788 5791/5791/5791 5786/5786/5786
f 5778/5778/5778 5780/5780/5780 5781/5781/5781
f 5781/5781/5781 5783/5783/5783 5776/5776/5776
f 5775/5775/5775 5776/5776/5776 5783/5783/5783
f 5776/5776/5776 5784/5784/5784 5789/5789/5789 5781/5781/5781
f 5775/5775/5775 5783/5783/5783 5782/5782/5782
f 5789/5789/5789 5778/5778/5778 5781/5781/5781
f 5778/5778/5778 5789/5789/5789 5787/5787/5787
f 5786/5786/5786 5787/5787/5787 5788/5788/5788
f 5785/5785/5785 5790/5790/5790 5784/5784/5784
f 5789/5789/5789 5784/5784/5784 5790/5790/5790
f 5788/5788/5788 5790/5790/5790 5785/5785/5785
f 5791/5791/5791 5788/5788/5788 5785/5785/5785
usemtl diffuse_255_0_0_255
vt 0.28571429848670959 0.1428571492433548
vt 0.28571429848670959 0.28571429848670959
vt 0.4285714328289032 0.1428571492433548
vt 0.4285714328289032 0.28571429848670959
vt 0.57142859697341919 0.1428571492433548
vt 0.57142859697341919 0.28571429848670959
vt 0.71428573131561279 0.28571429848670959
vt 0.8571428656578064 0.71428573131561279
vt 0.0098039219155907631 0.99019604921340942
vt 0.0098039219155907631 0.79411762952804565
vt 0.0098039219155907631 0.59803920984268188
vt 0.077417172491550446 0.59803920984268188
vt 0.077417172491550446 0.40196079015731812
vt 0.1450304239988327 0.40196079015731812
vt 0.1450304239988327 0.20588235557079315
vt 0.28571429848670959 0.3571428656578064
vt 0.2142857164144516 0.28571429848670959
vt 0.2142857164144516 0.3571428656578064
vt 0.28571429848670959 0.2142857164144516
vt 0.24645030498504639 0.20588235557079315
vt 0.24645030498504639 0.0098039219155907631
vt 0.34110885858535767 0.0098039219155907631
vt 0.43576741218566895 0.0098039219155907631
vt 0.53042596578598022 0.0098039219155907631
vt 0.6250845193862915 0.0098039219155907631
vt 0.71974307298660278 0.0098039219155907631
vt 0.71974307298660278 0.20588235557079315
vt 0.78571426868438721 0.28571429848670959
vt 0.78571426868438721 0.2142857164144516
vt 0.82116293907165527 0.20588235557079315
vt 0.82116293907165527 0.40196079015731812
vt 0.71428573131561279 0.3571428656578064
vt 0.78571426868438721 0.3571428656578064
vt 0.88877618312835693 0.40196079015731812
vt 0.88877618312835693 0.59803920984268188
vt 0.92857140302658081 0.71428573131561279
vt 0.8571428656578064 0.6428571343421936
vt 0.92857140302658081 0.6428571343421936
vt 0.99019604921340942 0.59803920984268188
vt 0.99019604921340942 0.79411762952804565
vt 0.99019604921340942 0.99019604921340942
vt 0.95638942718505859 0.99019604921340942
vt 0.88877618312835693 0.99019604921340942
vt 0.88877618312835693 0.79411762952804565
vt 0.8549695611000061 0.79411762952804565
vt 0.82116293907165527 0.79411762952804565
vt 0.82116293907165527 0.59803920984268188
vt 0.78735631704330444 0.59803920984268188
vt 0.71974307298660278 0.59803920984268188
vt 0.71974307298660278 0.40196079015731812
vt 0.68593645095825195 0.40196079015731812
vt 0.57142859697341919 0.3571428656578064
vt 0.6428571343421936 0.28571429848670959
vt 0.6428571343421936 0.3571428656578064
vt 0.59803920984268188 0.40196079015731812
vt 0.51014196872711182 0.40196079015731812
vt 0.42224475741386414 0.40196079015731812
vt 0.33434754610061646 0.40196079015731812
vt 0.24645030498504639 0.40196079015731812
vt 0.24645030498504639 0.59803920984268188
vt 0.21264368295669556 0.59803920984268188
vt 0.1450304239988327 0.59803920984268188
vt 0.1450304239988327 0.79411762952804565
vt 0.11122380197048187 0.79411762952804565
vt 0.077417172491550446 0.79411762952804565
vt 0.077417172491550446 0.99019604921340942
vt 0.043610546737909317 0.99019604921340942
vn -1 0 0
vn -1 0 0
vn -1 0 0
vn -1 0 0
vn -1 0 0
vn -1 0 0
vn -1 0 0
vn -1 0 0
vn -1 0 0
vn -1 0 0
vn -1 0 0
vn -1 0 0
vn -1 0 0
vn -1 0 0
vn -1 0 0
vn -1 0 0
vn -1 0 0
vn -1 0 0
vn -1 0 0
vn -1 0 0
vn -1 0 0
vn -1 0 0
vn -1 0 0
vn -1 0 0
vn -1 0 0
vn -1 0 0
vn -1 0 0
vn -1 0 0
vn -1 0 0
vn -1 0 0
vn -1 0 0
vn -1 0 0
vn -1 0 0
vn -1 0 0
vn -1 0 0
vn -1 0 0
vn -1 0 0
vn -1 0 0
vn -1 0 0
vn -1 0 0
vn -1 0 0
vn -1 0 0
vn -1 0 0
vn -1 0 0
vn -1 0 0
vn -1 0 0
vn -1 0 0
vn -1 0 0
vn -1 0 0
vn -1 0 0
vn -1 0 0
vn -1 0 0
vn -1 0 0
vn -1 0 0
vn -1 0 0
vn -1 0 0
vn -1 0 0
vn -1 0 0
vn -1 0 0
vn -1 0 0
vn -1 0 0
vn -1 0 0
vn -1 0 0
vn -1 0 0
vn -1 0 0
vn -1 0 0
vn -1 0 0
f 5809/5809/5809 5811/5811/5811 5810/5810/5810 5795/5795/5795
f 5812/5812/5812 5794/5794/5794 5796/5796/5796
f 5797/5797/5797 5795/5795/5795 5812/5812/5812
f 5796/5796/5796 5797/5797/5797 5812/5812/5812
f 5799/5799/5799 5797/5797/5797 5796/5796/5796 5798/5798/5798
f 5847/5847/5847 5845/5845/5845 5799/5799/5799 5846/5846/5846
f 5825/5825/5825 5847/5847/5847 5846/5846/5846 5800/5800/5800
f 5822/5822/5822 5821/5821/5821 5800/5800/5800
f 5826/5826/5826 5825/5825/5825 5800/5800/5800 5821/5821/5821
f 5829/5829/5829 5801/5801/5801 5830/5830/5830 5831/5831/5831
f 5813/5813/5813 5814/5814/5814 5794/5794/5794
f 5812/5812/5812 5813/5813/5813 5794/5794/5794
f 5794/5794/5794 5814/5814/5814 5815/5815/5815
f 5810/5810/5810 5808/5808/5808 5813/5813/5813
f 5807/5807/5807 5808/5808/5808 5810/5810/5810 5811/5811/5811
f 5813/5813/5813 5812/5812/5812 5795/5795/5795
f 5795/5795/5795 5810/5810/5810 5813/5813/5813
f 5816/5816/5816 5796/5796/5796 5815/5815/5815
f 5816/5816/5816 5817/5817/5817 5798/5798/5798 5796/5796/5796
f 5797/5797/5797 5809/5809/5809 5795/5795/5795
f 5845/5845/5845 5849/5849/5849 5797/5797/5797
f 5851/5851/5851 5809/5809/5809 5797/5797/5797
f 5798/5798/5798 5817/5817/5817 5818/5818/5818
f 5815/5815/5815 5796/5796/5796 5794/5794/5794
f 5809/5809/5809 5852/5852/5852 5811/5811/5811
f 5803/5803/5803 5804/5804/5804 5805/5805/5805 5858/5858/5858
f 5857/5857/5857 5858/5858/5858 5805/5805/5805
f 5860/5860/5860 5803/5803/5803 5858/5858/5858
f 5860/5860/5860 5802/5802/5802 5803/5803/5803
f 5858/5858/5858 5859/5859/5859 5860/5860/5860
f 5857/5857/5857 5805/5805/5805 5855/5855/5855
f 5807/5807/5807 5852/5852/5852 5854/5854/5854 5855/5855/5855
f 5811/5811/5811 5852/5852/5852 5807/5807/5807
f 5797/5797/5797 5850/5850/5850 5851/5851/5851
f 5851/5851/5851 5852/5852/5852 5809/5809/5809
f 5857/5857/5857 5855/5855/5855 5856/5856/5856
f 5854/5854/5854 5852/5852/5852 5853/5853/5853
f 5849/5849/5849 5850/5850/5850 5797/5797/5797
f 5807/5807/5807 5855/5855/5855 5805/5805/5805 5806/5806/5806
f 5846/5846/5846 5799/5799/5799 5798/5798/5798
f 5819/5819/5819 5798/5798/5798 5818/5818/5818
f 5846/5846/5846 5820/5820/5820 5800/5800/5800
f 5846/5846/5846 5798/5798/5798 5820/5820/5820
f 5847/5847/5847 5848/5848/5848 5845/5845/5845
f 5848/5848/5848 5847/5847/5847 5844/5844/5844
f 5847/5847/5847 5825/5825/5825 5844/5844/5844
f 5797/5797/5797 5799/5799/5799 5845/5845/5845
f 5822/5822/5822 5800/5800/5800 5820/5820/5820
f 5821/5821/5821 5822/5822/5822 5823/5823/5823
f 5823/5823/5823 5822/5822/5822 5820/5820/5820
f 5844/5844/5844 5825/5825/5825 5843/5843/5843
f 5825/5825/5825 5826/5826/5826 5824/5824/5824 5843/5843/5843
f 5821/5821/5821 5824/5824/5824 5826/5826/5826
f 5823/5823/5823 5824/5824/5824 5821/5821/5821
f 5843/5843/5843 5824/5824/5824 5841/5841/5841 5842/5842/5842
f 5820/5820/5820 5798/5798/5798 5819/5819/5819
f 5828/5828/5828 5830/5830/5830 5840/5840/5840
f 5824/5824/5824 5840/5840/5840 5841/5841/5841
f 5840/5840/5840 5824/5824/5824 5827/5827/5827 5828/5828/5828
f 5840/5840/5840 5830/5830/5830 5801/5801/5801
f 5801/5801/5801 5838/5838/5838 5839/5839/5839
f 5840/5840/5840 5801/5801/5801 5839/5839/5839
f 5801/5801/5801 5837/5837/5837 5838/5838/5838
f 5832/5832/5832 5831/5831/5831 5828/5828/5828
f 5832/5832/5832 5833/5833/5833 5829/5829/5829 5831/5831/5831
f 5801/5801/5801 5829/5829/5829 5837/5837/5837
f 5835/5835/5835 5836/5836/5836 5837/5837/5837 5833/5833/5833
f 5834/5834/5834 5835/5835/5835 5833/5833/5833
f 5833/5833/5833 5837/5837/5837 5829/5829/5829
f 5831/5831/5831 5830/5830/5830 5828/5828/5828
f 5845/5845/5845 5848/5848/5848 5849/5849/5849
usemtl diffuse_255_0_0_255
vt 0.0098039219155907631 0.0098039219155907631
vt 0.16890265047550201 0.0098039219155907631
vt 0.32800137996673584 0.0098039219155907631
vt 0.48710009455680847 0.0098039219155907631
vt 0.6461988091468811 0.0098039219155907631
vt 0.80529755353927612 0.0098039219155907631
vt 0.96439629793167114 0.0098039219155907631
vt 0.99019604921340942 0.0098039219155907631
vt 0.875 0.5
vt 0.9375 0.5
vt 0.875 0.25
vt 0.9375 0.25
vt 0.99019604921340942 0.99019604921340942
vt 0.96439629793167114 0.99019604921340942
vt 0.875 0.75
vt 0.9375 0.75
vt 0.80529755353927612 0.99019604921340942
vt 0.6461988091468811 0.99019604921340942
vt 0.48710009455680847 0.99019604921340942
vt 0.32800137996673584 0.99019604921340942
vt 0.16890265047550201 0.99019604921340942
vt 0.0098039219155907631 0.99019604921340942
vn 0 0 1
vn 0 0 1
vn 0 0 1
vn 0 0 1
vn 0 0 1
vn 0 0 1
vn 0 0 1
vn 0 0 1
vn 0 0 1
vn 0 0 1
vn 0 0 1
vn 0 0 1
vn 0 0 1
vn 0 0 1
vn 0 0 1
vn 0 0 1
vn 0 0 1
vn 0 0 1
vn 0 0 1
vn 0 0 1
vn 0 0 1
vn 0 0 1
f 5876/5876/5876 5875/5875/5875 5869/5869/5869 5870/5870/5870
f 5870/5870/5870 5869/5869/5869 5871/5871/5871 5872/5872/5872
f 5862/5862/5862 5881/5881/5881 5882/5882/5882 5861/5861/5861
f 5863/5863/5863 5864/5864/5864 5879/5879/5879 5880/5880/5880
f 5864/5864/5864 5865/5865/5865 5878/5878/5878 5879/5879/5879
f 5863/5863/5863 5880/5880/5880 5881/5881/5881 5862/5862/5862
f 5865/5865/5865 5866/5866/5866 5877/5877/5877 5878/5878/5878
f 5866/5866/5866 5869/5869/5869 5877/5877/5877
f 5868/5868/5868 5872/5872/5872 5867/5867/5867
f 5871/5871/5871 5867/5867/5867 5872/5872/5872
f 5870/5870/5870 5872/5872/5872 5868/5868/5868
f 5867/5867/5867 5871/5871/5871 5866/5866/5866
f 5877/5877/5877 5869/5869/5869 5875/5875/5875
f 5874/5874/5874 5877/5877/5877 5875/5875/5875 5876/5876/5876
f 5874/5874/5874 5876/5876/5876 5873/5873/5873
f 5870/5870/5870 5873/5873/5873 5876/5876/5876
f 5873/5873/5873 5870/5870/5870 5868/5868/5868
f 5871/5871/5871 5869/5869/5869 5866/5866/5866
usemtl diffuse_173_216_230_255
vt 0.5 0.25
vt 0.5 0.5
vt 0.5 0.75
vt 0.75 0.25
vt 0.75 0.5
vt 0.75 0.75
vt 0.42997199296951294 0.99019604921340942
vt 0.42997199296951294 0.82913166284561157
vt 0.42997199296951294 0.66806721687316895
vt 0.42997199296951294 0.50700283050537109
vt 0.42997199296951294 0.34593838453292847
vt 0.42997199296951294 0.18487395346164703
vt 0.42997199296951294 0.1498599499464035
vt 0.71008402109146118 0.1498599499464035
vt 0.71008402109146118 0.079831935465335846
vt 0.28991597890853882 0.079831935465335846
vt 0.28991597890853882 0.044817928224802017
vt 0.0098039219155907631 0.044817928224802017
vt 0.0098039219155907631 0.0098039219155907631
vt 0.42997199296951294 0.0098039219155907631
vt 0.42997199296951294 0.044817928224802017
vt 0.8501400351524353 0.044817928224802017
vt 0.8501400351524353 0.079831935465335846
vt 0.875 0.25
vt 0.875 0.125
vt 0.99019604921340942 0.079831935465335846
vt 0.99019604921340942 0.11484593898057938
vt 0.99019604921340942 0.28991597890853882
vt 0.99019604921340942 0.46498599648475647
vt 0.99019604921340942 0.64005601406097412
vt 0.99019604921340942 0.81512606143951416
vt 0.99019604921340942 0.99019604921340942
vn -1 0 0
vn -1 0 0
vn -1 0 0
vn -1 0 0
vn -1 0 0
vn -1 0 0
vn -1 0 0
vn -1 0 0
vn -1 0 0
vn -1 0 0
vn -1 0 0
vn -1 0 0
vn -1 0 0
vn -1 0 0
vn -1 0 0
vn -1 0 0
vn -1 0 0
vn -1 0 0
vn -1 0 0
vn -1 0 0
vn -1 0 0
vn -1 0 0
vn -1 0 0
vn -1 0 0
vn -1 0 0
vn -1 0 0
vn -1 0 0
vn -1 0 0
vn -1 0 0
vn -1 0 0
vn -1 0 0
vn -1 0 0
f 5887/5887/5887 5884/5884/5884 5883/5883/5883 5886/5886/5886
f 5888/5888/5888 5885/5885/5885 5884/5884/5884 5887/5887/5887
f 5907/5907/5907 5906/5906/5906 5886/5886/5886
f 5899/5899/5899 5900/5900/5900 5901/5901/5901
f 5903/5903/5903 5898/5898/5898 5899/5899/5899
f 5899/5899/5899 5901/5901/5901 5902/5902/5902
f 5899/5899/5899 5902/5902/5902 5903/5903/5903
f 5883/5883/5883 5894/5894/5894 5895/5895/5895
f 5895/5895/5895 5896/5896/5896 5886/5886/5886 5883/5883/5883
f 5897/5897/5897 5898/5898/5898 5903/5903/5903 5904/5904/5904
f 5884/5884/5884 5892/5892/5892 5893/5893/5893
f 5885/5885/5885 5890/5890/5890 5891/5891/5891
f 5891/5891/5891 5892/5892/5892 5884/5884/5884
f 5884/5884/5884 5885/5885/5885 5891/5891/5891
f 5888/5888/5888 5889/5889/5889 5885/5885/5885
f 5885/5885/5885 5889/5889/5889 5890/5890/5890
f 5883/5883/5883 5884/5884/5884 5893/5893/5893
f 5883/5883/5883 5893/5893/5893 5894/5894/5894
f 5905/5905/5905 5896/5896/5896 5897/5897/5897
f 5896/5896/5896 5907/5907/5907 5886/5886/5886
f 5904/5904/5904 5905/5905/5905 5897/5897/5897
f 5907/5907/5907 5905/5905/5905 5908/5908/5908
f 5908/5908/5908 5909/5909/5909 5907/5907/5907
f 5896/5896/5896 5905/5905/5905 5907/5907/5907
f 5906/5906/5906 5907/5907/5907 5909/5909/5909 5910/5910/5910
f 5911/5911/5911 5887/5887/5887 5906/5906/5906
f 5888/5888/5888 5887/5887/5887 5911/5911/5911 5912/5912/5912
f 5910/5910/5910 5911/5911/5911 5906/5906/5906
f 5886/5886/5886 5906/5906/5906 5887/5887/5887
f 5888/5888/5888 5913/5913/5913 5914/5914/5914
f 5888/5888/5888 5912/5912/5912 5913/5913/5913
f 5889/5889/5889 5888/5888/5888 5914/5914/5914
usemtl diffuse_255_0_0_255
vt 0.0098039219155907631 0.0098039219155907631
vt 0.24845200777053833 0.0098039219155907631
vt 0.48710009455680847 0.0098039219155907631
vt 0.72574818134307861 0.0098039219155907631
vt 0.96439629793167114 0.0098039219155907631
vt 0.99019604921340942 0.0098039219155907631
vt 0.83333331346511841 0.5
vt 0.91666668653488159 0.5
vt 0.83333331346511841 0.25
vt 0.91666668653488159 0.25
vt 0.99019604921340942 0.99019604921340942
vt 0.7450980544090271 0.99019604921340942
vt 0.5 0.99019604921340942
vt 0.25490197539329529 0.99019604921340942
vt 0.0098039219155907631 0.99019604921340942
vn 0 0 1
vn 0 0 1
vn 0 0 1
vn 0 0 1
vn 0 0 1
vn 0 0 1
vn 0 0 1
vn 0 0 1
vn 0 0 1
vn 0 0 1
vn 0 0 1
vn 0 0 1
vn 0 0 1
vn 0 0 1
vn 0 0 1
f 5922/5922/5922 5921/5921/5921 5923/5923/5923 5924/5924/5924
f 5915/5915/5915 5916/5916/5916 5928/5928/5928 5929/5929/5929
f 5916/5916/5916 5917/5917/5917 5927/5927/5927 5928/5928/5928
f 5926/5926/5926 5927/5927/5927 5917/5917/5917 5918/5918/5918
f 5919/5919/5919 5924/5924/5924 5923/5923/5923
f 5924/5924/5924 5919/5919/5919 5920/5920/5920
f 5919/5919/5919 5923/5923/5923 5918/5918/5918
f 5922/5922/5922 5924/5924/5924 5920/5920/5920
f 5925/5925/5925 5926/5926/5926 5921/5921/5921 5922/5922/5922
f 5921/5921/5921 5926/5926/5926 5918/5918/5918
f 5920/5920/5920 5925/5925/5925 5922/5922/5922
f 5923/5923/5923 5921/5921/5921 5918/5918/5918
usemtl diffuse_255_0_0_255
vt 0.0098039219155907631 0.66339868307113647
vt 0.0098039219155907631 0.0098039219155907631
vt 0.1666666716337204 0.5
vt 0.24845200777053833 0.0098039219155907631
vt 0.48710009455680847 0.0098039219155907631
vt 0.72574818134307861 0.0098039219155907631
vt 0.96439629793167114 0.0098039219155907631
vt 0.99019604921340942 0.0098039219155907631
vt 0.83333331346511841 0.5
vt 0.91666668653488159 0.5
vt 0.83333331346511841 0.25
vt 0.91666668653488159 0.25
vt 0.99019604921340942 0.99019604921340942
vt 0.96439629793167114 0.99019604921340942
vt 0.83333331346511841 0.75
vt 0.91666668653488159 0.75
vt 0.73864811658859253 0.99019604921340942
vt 0.51289987564086914 0.99019604921340942
vt 0.28715169429779053 0.99019604921340942
vt 0.061403509229421616 0.99019604921340942
vt 0.035603716969490051 0.99019604921340942
vt 0.1666666716337204 0.75
vt 0.083333335816860199 0.5
vt 0.083333335816860199 0.75
vt 0.0098039219155907631 0.99019604921340942
vn 0 0 1
vn 0 0 1
vn 0 0 1
vn 0 0 1
vn 0 0 1
vn 0 0 1
vn 0 0 1
vn 0 0 1
vn 0 0 1
vn 0 0 1
vn 0 0 1
vn 0 0 1
vn 0 0 1
vn 0 0 1
vn 0 0 1
vn 0 0 1
vn 0 0 1
vn 0 0 1
vn 0 0 1
vn 0 0 1
vn 0 0 1
vn 0 0 1
vn 0 0 1
vn 0 0 1
vn 0 0 1
f 5951/5951/5951 5953/5953/5953 5952/5952/5952 5932/5932/5932
f 5945/5945/5945 5944/5944/5944 5938/5938/5938 5939/5939/5939
f 5939/5939/5939 5938/5938/5938 5940/5940/5940 5941/5941/5941
f 5930/5930/5930 5931/5931/5931 5952/5952/5952
f 5932/5932/5932 5952/5952/5952 5931/5931/5931
f 5952/5952/5952 5953/5953/5953 5930/5930/5930
f 5933/5933/5933 5948/5948/5948 5932/5932/5932
f 5931/5931/5931 5933/5933/5933 5932/5932/5932
f 5933/5933/5933 5934/5934/5934 5947/5947/5947 5948/5948/5948
f 5950/5950/5950 5954/5954/5954 5930/5930/5930
f 5953/5953/5953 5949/5949/5949 5950/5950/5950
f 5949/5949/5949 5951/5951/5951 5948/5948/5948
f 5932/5932/5932 5948/5948/5948 5951/5951/5951
f 5953/5953/5953 5951/5951/5951 5949/5949/5949
f 5950/5950/5950 5930/5930/5930 5953/5953/5953
f 5938/5938/5938 5935/5935/5935 5940/5940/5940
f 5935/5935/5935 5936/5936/5936 5941/5941/5941 5940/5940/5940
f 5946/5946/5946 5935/5935/5935 5938/5938/5938
f 5937/5937/5937 5941/5941/5941 5936/5936/5936
f 5939/5939/5939 5941/5941/5941 5937/5937/5937
f 5946/5946/5946 5947/5947/5947 5934/5934/5934 5935/5935/5935
f 5946/5946/5946 5938/5938/5938 5944/5944/5944
f 5943/5943/5943 5946/5946/5946 5944/5944/5944 5945/5945/5945
f 5942/5942/5942 5945/5945/5945 5939/5939/5939
f 5945/5945/5945 5942/5942/5942 5943/5943/5943
f 5942/5942/5942 5939/5939/5939 5937/5937/5937
usemtl diffuse_173_216_230_255
vt 0.0098039219155907631 0
vt 0.66339868307113647 0
vt 0.99019604921340942 0
vt 0.99019604921340942 1
vt 0.66339868307113647 1
vt 0.0098039219155907631 1
vn 1 0 0
vn 1 0 0
vn 1 0 0
vn 1 0 0
vn 1 0 0
vn 1 0 0
f 5960/5960/5960 5955/5955/5955 5956/5956/5956 5959/5959/5959
f 5957/5957/5957 5958/5958/5958 5959/5959/5959 5956/5956/5956
usemtl diffuse_173_216_230_255
vt 0.0098039219155907631 0.99019604921340942
vt 0.0098039219155907631 0.90849673748016357
vt 0.0098039219155907631 0.86764705181121826
vt 0.037037037312984467 0.86764705181121826
vt 0.037037037312984467 0.78594774007797241
vt 0.0098039219155907631 0.78594774007797241
vt 0.0098039219155907631 0.70424836874008179
vt 0.0098039219155907631 0.62254899740219116
vt 0.037037037312984467 0.62254899740219116
vt 0.037037037312984467 0.54084968566894531
vt 0.0098039219155907631 0.54084968566894531
vt 0.0098039219155907631 0.45915031433105469
vt 0.0098039219155907631 0.37745097279548645
vt 0.037037037312984467 0.37745097279548645
vt 0.037037037312984467 0.29575163125991821
vt 0.0098039219155907631 0.29575163125991821
vt 0.0098039219155907631 0.21405228972434998
vt 0.0098039219155907631 0.13235294818878174
vt 0.037037037312984467 0.13235294818878174
vt 0.037037037312984467 0.050653595477342606
vt 0.0098039219155907631 0.050653595477342606
vt 0.0098039219155907631 0.0098039219155907631
vt 0.037037037312984467 0.0098039219155907631
vt 0.096609480679035187 0.0098039219155907631
vt 0.15618191659450531 0.0098039219155907631
vt 0.21575435996055603 0.0098039219155907631
vt 0.27532678842544556 0.0098039219155907631
vt 0.33489924669265747 0.0098039219155907631
vt 0.394471675157547 0.0098039219155907631
vt 0.45404410362243652 0.0098039219155907631
vt 0.51361656188964844 0.0098039219155907631
vt 0.57318902015686035 0.0098039219155907631
vt 0.63276141881942749 0.0098039219155907631
vt 0.6923338770866394 0.0098039219155907631
vt 0.75190633535385132 0.0098039219155907631
vt 0.81147873401641846 0.0098039219155907631
vt 0.87105119228363037 0.0098039219155907631
vt 0.93062365055084229 0.0098039219155907631
vt 0.99019604921340942 0.0098039219155907631
vt 0.99019604921340942 0.098930478096008301
vt 0.99019604921340942 0.18805703520774841
vt 0.99019604921340942 0.27718359231948853
vt 0.99019604921340942 0.36631014943122864
vt 0.99019604921340942 0.45543670654296875
vt 0.99019604921340942 0.54456329345703125
vt 0.99019604921340942 0.63368982076644897
vt 0.99019604921340942 0.72281640768051147
vt 0.99019604921340942 0.8119429349899292
vt 0.99019604921340942 0.9010695219039917
vt 0.99019604921340942 0.99019604921340942
vt 0.92892158031463623 0.99019604921340942
vt 0.86764705181121826 0.99019604921340942
vt 0.80637252330780029 0.99019604921340942
vt 0.7450980544090271 0.99019604921340942
vt 0.68382352590560913 0.99019604921340942
vt 0.62254899740219116 0.99019604921340942
vt 0.56127452850341797 0.99019604921340942
vt 0.5 0.99019604921340942
vt 0.43872550129890442 0.99019604921340942
vt 0.37745097279548645 0.99019604921340942
vt 0.31617647409439087 0.99019604921340942
vt 0.25490197539329529 0.99019604921340942
vt 0.19362744688987732 0.99019604921340942
vt 0.13235294818878174 0.99019604921340942
vt 0.071078434586524963 0.99019604921340942
vt 0.091503269970417023 0.86764705181121826
vt 0.1187363862991333 0.86764705181121826
vt 0.1187363862991333 0.78594774007797241
vt 0.091503269970417023 0.78594774007797241
vt 0.17320261895656586 0.86764705181121826
vt 0.20043572783470154 0.86764705181121826
vt 0.20043572783470154 0.78594774007797241
vt 0.17320261895656586 0.78594774007797241
vt 0.25490197539329529 0.86764705181121826
vt 0.28213506937026978 0.86764705181121826
vt 0.28213506937026978 0.78594774007797241
vt 0.25490197539329529 0.78594774007797241
vt 0.091503269970417023 0.62254899740219116
vt 0.1187363862991333 0.62254899740219116
vt 0.1187363862991333 0.54084968566894531
vt 0.091503269970417023 0.54084968566894531
vt 0.33660131692886353 0.86764705181121826
vt 0.36383441090583801 0.86764705181121826
vt 0.36383441090583801 0.78594774007797241
vt 0.33660131692886353 0.78594774007797241
vt 0.17320261895656586 0.62254899740219116
vt 0.20043572783470154 0.62254899740219116
vt 0.20043572783470154 0.54084968566894531
vt 0.17320261895656586 0.54084968566894531
vt 0.41830065846443176 0.86764705181121826
vt 0.44553378224372864 0.86764705181121826
vt 0.44553378224372864 0.78594774007797241
vt 0.41830065846443176 0.78594774007797241
vt 0.25490197539329529 0.62254899740219116
vt 0.28213506937026978 0.62254899740219116
vt 0.28213506937026978 0.54084968566894531
vt 0.25490197539329529 0.54084968566894531
vt 0.091503269970417023 0.37745097279548645
vt 0.1187363862991333 0.37745097279548645
vt 0.1187363862991333 0.29575163125991821
vt 0.091503269970417023 0.29575163125991821
vt 0.5 0.86764705181121826
vt 0.52723312377929688 0.86764705181121826
vt 0.52723312377929688 0.78594774007797241
vt 0.5 0.78594774007797241
vt 0.33660131692886353 0.62254899740219116
vt 0.36383441090583801 0.62254899740219116
vt 0.36383441090583801 0.54084968566894531
vt 0.33660131692886353 0.54084968566894531
vt 0.17320261895656586 0.37745097279548645
vt 0.20043572783470154 0.37745097279548645
vt 0.20043572783470154 0.29575163125991821
vt 0.17320261895656586 0.29575163125991821
vt 0.58169937133789062 0.86764705181121826
vt 0.60893243551254272 0.86764705181121826
vt 0.60893243551254272 0.78594774007797241
vt 0.58169937133789062 0.78594774007797241
vt 0.41830065846443176 0.62254899740219116
vt 0.44553378224372864 0.62254899740219116
vt 0.44553378224372864 0.54084968566894531
vt 0.41830065846443176 0.54084968566894531
vt 0.25490197539329529 0.37745097279548645
vt 0.28213506937026978 0.37745097279548645
vt 0.28213506937026978 0.29575163125991821
vt 0.25490197539329529 0.29575163125991821
vt 0.091503269970417023 0.13235294818878174
vt 0.1187363862991333 0.13235294818878174
vt 0.1187363862991333 0.050653595477342606
vt 0.091503269970417023 0.050653595477342606
vt 0.66339868307113647 0.86764705181121826
vt 0.69063180685043335 0.86764705181121826
vt 0.69063180685043335 0.78594774007797241
vt 0.66339868307113647 0.78594774007797241
vt 0.5 0.62254899740219116
vt 0.52723312377929688 0.62254899740219116
vt 0.52723312377929688 0.54084968566894531
vt 0.5 0.54084968566894531
vt 0.33660131692886353 0.37745097279548645
vt 0.36383441090583801 0.37745097279548645
vt 0.36383441090583801 0.29575163125991821
vt 0.33660131692886353 0.29575163125991821
vt 0.17320261895656586 0.13235294818878174
vt 0.20043572783470154 0.13235294818878174
vt 0.20043572783470154 0.050653595477342606
vt 0.17320261895656586 0.050653595477342606
vt 0.7450980544090271 0.86764705181121826
vt 0.77233117818832397 0.86764705181121826
vt 0.77233117818832397 0.78594774007797241
vt 0.7450980544090271 0.78594774007797241
vt 0.58169937133789062 0.62254899740219116
vt 0.60893243551254272 0.62254899740219116
vt 0.60893243551254272 0.54084968566894531
vt 0.58169937133789062 0.54084968566894531
vt 0.41830065846443176 0.37745097279548645
vt 0.44553378224372864 0.37745097279548645
vt 0.44553378224372864 0.29575163125991821
vt 0.41830065846443176 0.29575163125991821
vt 0.25490197539329529 0.13235294818878174
vt 0.28213506937026978 0.13235294818878174
vt 0.28213506937026978 0.050653595477342606
vt 0.25490197539329529 0.050653595477342606
vt 0.82679736614227295 0.86764705181121826
vt 0.85403048992156982 0.86764705181121826
vt 0.85403048992156982 0.78594774007797241
vt 0.82679736614227295 0.78594774007797241
vt 0.66339868307113647 0.62254899740219116
vt 0.69063180685043335 0.62254899740219116
vt 0.69063180685043335 0.54084968566894531
vt 0.66339868307113647 0.54084968566894531
vt 0.5 0.37745097279548645
vt 0.52723312377929688 0.37745097279548645
vt 0.52723312377929688 0.29575163125991821
vt 0.5 0.29575163125991821
vt 0.33660131692886353 0.13235294818878174
vt 0.36383441090583801 0.13235294818878174
vt 0.36383441090583801 0.050653595477342606
vt 0.33660131692886353 0.050653595477342606
vt 0.90849673748016357 0.86764705181121826
vt 0.93572986125946045 0.86764705181121826
vt 0.93572986125946045 0.78594774007797241
vt 0.90849673748016357 0.78594774007797241
vt 0.7450980544090271 0.62254899740219116
vt 0.77233117818832397 0.62254899740219116
vt 0.77233117818832397 0.54084968566894531
vt 0.7450980544090271 0.54084968566894531
vt 0.58169937133789062 0.37745097279548645
vt 0.60893243551254272 0.37745097279548645
vt 0.60893243551254272 0.29575163125991821
vt 0.58169937133789062 0.29575163125991821
vt 0.41830065846443176 0.13235294818878174
vt 0.44553378224372864 0.13235294818878174
vt 0.44553378224372864 0.050653595477342606
vt 0.41830065846443176 0.050653595477342606
vt 0.82679736614227295 0.62254899740219116
vt 0.85403048992156982 0.62254899740219116
vt 0.85403048992156982 0.54084968566894531
vt 0.82679736614227295 0.54084968566894531
vt 0.66339868307113647 0.37745097279548645
vt 0.69063180685043335 0.37745097279548645
vt 0.69063180685043335 0.29575163125991821
vt 0.66339868307113647 0.29575163125991821
vt 0.5 0.13235294818878174
vt 0.52723312377929688 0.13235294818878174
vt 0.52723312377929688 0.050653595477342606
vt 0.5 0.050653595477342606
vt 0.90849673748016357 0.62254899740219116
vt 0.93572986125946045 0.62254899740219116
vt 0.93572986125946045 0.54084968566894531
vt 0.90849673748016357 0.54084968566894531
vt 0.7450980544090271 0.37745097279548645
vt 0.77233117818832397 0.37745097279548645
vt 0.77233117818832397 0.29575163125991821
vt 0.7450980544090271 0.29575163125991821
vt 0.58169937133789062 0.13235294818878174
vt 0.60893243551254272 0.13235294818878174
vt 0.60893243551254272 0.050653595477342606
vt 0.58169937133789062 0.050653595477342606
vt 0.82679736614227295 0.37745097279548645
vt 0.85403048992156982 0.37745097279548645
vt 0.85403048992156982 0.29575163125991821
vt 0.82679736614227295 0.29575163125991821
vt 0.66339868307113647 0.13235294818878174
vt 0.69063180685043335 0.13235294818878174
vt 0.69063180685043335 0.050653595477342606
vt 0.66339868307113647 0.050653595477342606
vt 0.90849673748016357 0.37745097279548645
vt 0.93572986125946045 0.37745097279548645
vt 0.93572986125946045 0.29575163125991821
vt 0.90849673748016357 0.29575163125991821
vt 0.7450980544090271 0.13235294818878174
vt 0.77233117818832397 0.13235294818878174
vt 0.77233117818832397 0.050653595477342606
vt 0.7450980544090271 0.050653595477342606
vt 0.82679736614227295 0.13235294818878174
vt 0.85403048992156982 0.13235294818878174
vt 0.85403048992156982 0.050653595477342606
vt 0.82679736614227295 0.050653595477342606
vt 0.90849673748016357 0.13235294818878174
vt 0.93572986125946045 0.13235294818878174
vt 0.93572986125946045 0.050653595477342606
vt 0.90849673748016357 0.050653595477342606
vt 0.1666666716337204 0.1111111119389534
vt 0.1666666716337204 0.2222222238779068
vt 0.083333335816860199 0.1111111119389534
vt 0.083333335816860199 0.2222222238779068
vt 0.25 0.1111111119389534
vt 0.25 0.2222222238779068
vt 0.1666666716337204 0.3333333432674408
vt 0.083333335816860199 0.3333333432674408
vt 0.083333335816860199 0.4444444477558136
vt 0.1666666716337204 0.4444444477558136
vt 0.25 0.4444444477558136
vt 0.25 0.3333333432674408
vt 0.3333333432674408 0.1111111119389534
vt 0.3333333432674408 0.2222222238779068
vt 0.4166666567325592 0.1111111119389534
vt 0.4166666567325592 0.2222222238779068
vt 0.3333333432674408 0.3333333432674408
vt 0.3333333432674408 0.4444444477558136
vt 0.4166666567325592 0.3333333432674408
vt 0.5 0.2222222238779068
vt 0.4166666567325592 0.4444444477558136
vt 0.5 0.4444444477558136
vt 0.083333335816860199 0.66666668653488159
vt 0.083333335816860199 0.55555558204650879
vt 0.083333335816860199 0.77777779102325439
vt 0.1666666716337204 0.66666668653488159
vt 0.1666666716337204 0.77777779102325439
vt 0.1666666716337204 0.55555558204650879
vt 0.25 0.55555558204650879
vt 0.25 0.66666668653488159
vt 0.25 0.77777779102325439
vt 0.083333335816860199 0.8888888955116272
vt 0.1666666716337204 0.8888888955116272
vt 0.25 0.8888888955116272
vt 0.3333333432674408 0.55555558204650879
vt 0.3333333432674408 0.66666668653488159
vt 0.3333333432674408 0.77777779102325439
vt 0.4166666567325592 0.66666668653488159
vt 0.4166666567325592 0.77777779102325439
vt 0.4166666567325592 0.55555558204650879
vt 0.5 0.66666668653488159
vt 0.5 0.77777779102325439
vt 0.3333333432674408 0.8888888955116272
vt 0.4166666567325592 0.8888888955116272
vt 0.5 0.8888888955116272
vt 0.58333331346511841 0.2222222238779068
vt 0.75 0.2222222238779068
vt 0.66666668653488159 0.2222222238779068
vt 0.58333331346511841 0.4444444477558136
vt 0.66666668653488159 0.4444444477558136
vt 0.75 0.4444444477558136
vt 0.83333331346511841 0.2222222238779068
vt 0.91666668653488159 0.2222222238779068
vt 0.83333331346511841 0.4444444477558136
vt 0.91666668653488159 0.4444444477558136
vt 0.58333331346511841 0.66666668653488159
vt 0.58333331346511841 0.77777779102325439
vt 0.66666668653488159 0.66666668653488159
vt 0.66666668653488159 0.77777779102325439
vt 0.75 0.66666668653488159
vt 0.75 0.77777779102325439
vt 0.58333331346511841 0.8888888955116272
vt 0.66666668653488159 0.8888888955116272
vt 0.75 0.8888888955116272
vt 0.83333331346511841 0.66666668653488159
vt 0.83333331346511841 0.77777779102325439
vt 0.91666668653488159 0.66666668653488159
vt 0.91666668653488159 0.77777779102325439
vt 0.83333331346511841 0.8888888955116272
vt 0.91666668653488159 0.8888888955116272
vn 0 1 0
vn 0 1 0
vn 0 1 0
vn 0 1 0
vn 0 1 0
vn 0 1 0
vn 0 1 0
vn 0 1 0
vn 0 1 0
vn 0 1 0
vn 0 1 0
vn 0 1 0
vn 0 1 0
vn 0 1 0
vn 0 1 0
vn 0 1 0
vn 0 1 0
vn 0 1 0
vn 0 1 0
vn 0 1 0
vn 0 1 0
vn 0 1 0
vn 0 1 0
vn 0 1 0
vn 0 1 0
vn 0 1 0
vn 0 1 0
vn 0 1 0
vn 0 1 0
vn 0 1 0
vn 0 1 0
vn 0 1 0
vn 0 1 0
vn 0 1 0
vn 0 1 0
vn 0 1 0
vn 0 1 0
vn 0 1 0
vn 0 1 0
vn 0 1 0
vn 0 1 0
vn 0 1 0
vn 0 1 0
vn 0 1 0
vn 0 1 0
vn 0 1 0
vn 0 1 0
vn 0 1 0
vn 0 1 0
vn 0 1 0
vn 0 1 0
vn 0 1 0
vn 0 1 0
vn 0 1 0
vn 0 1 0
vn 0 1 0
vn 0 1 0
vn 0 1 0
vn 0 1 0
vn 0 1 0
vn 0 1 0
vn 0 1 0
vn 0 1 0
vn 0 1 0
vn 0 1 0
vn 0 1 0
vn 0 1 0
vn 0 1 0
vn 0 1 0
vn 0 1 0
vn 0 1 0
vn 0 1 0
vn 0 1 0
vn 0 1 0
vn 0 1 0
vn 0 1 0
vn 0 1 0
vn 0 1 0
vn 0 1 0
vn 0 1 0
vn 0 1 0
vn 0 1 0
vn 0 1 0
vn 0 1 0
vn 0 1 0
vn 0 1 0
vn 0 1 0
vn 0 1 0
vn 0 1 0
vn 0 1 0
vn 0 1 0
vn 0 1 0
vn 0 1 0
vn 0 1 0
vn 0 1 0
vn 0 1 0
vn 0 1 0
vn 0 1 0
vn 0 1 0
vn 0 1 0
vn 0 1 0
vn 0 1 0
vn 0 1 0
vn 0 1 0
vn 0 1 0
vn 0 1 0
vn 0 1 0
vn 0 1 0
vn 0 1 0
vn 0 1 0
vn 0 1 0
vn 0 1 0
vn 0 1 0
vn 0 1 0
vn 0 1 0
vn 0 1 0
vn 0 1 0
vn 0 1 0
vn 0 1 0
vn 0 1 0
vn 0 1 0
vn 0 1 0
vn 0 1 0
vn 0 1 0
vn 0 1 0
vn 0 1 0
vn 0 1 0
vn 0 1 0
vn 0 1 0
vn 0 1 0
vn 0 1 0
vn 0 1 0
vn 0 1 0
vn 0 1 0
vn 0 1 0
vn 0 1 0
vn 0 1 0
vn 0 1 0
vn 0 1 0
vn 0 1 0
vn 0 1 0
vn 0 1 0
vn 0 1 0
vn 0 1 0
vn 0 1 0
vn 0 1 0
vn 0 1 0
vn 0 1 0
vn 0 1 0
vn 0 1 0
vn 0 1 0
vn 0 1 0
vn 0 1 0
vn 0 1 0
vn 0 1 0
vn 0 1 0
vn 0 1 0
vn 0 1 0
vn 0 1 0
vn 0 1 0
vn 0 1 0
vn 0 1 0
vn 0 1 0
vn 0 1 0
vn 0 1 0
vn 0 1 0
vn 0 1 0
vn 0 1 0
vn 0 1 0
vn 0 1 0
vn 0 1 0
vn 0 1 0
vn 0 1 0
vn 0 1 0
vn 0 1 0
vn 0 1 0
vn 0 1 0
vn 0 1 0
vn 0 1 0
vn 0 1 0
vn 0 1 0
vn 0 1 0
vn 0 1 0
vn 0 1 0
vn 0 1 0
vn 0 1 0
vn 0 1 0
vn 0 1 0
vn 0 1 0
vn 0 1 0
vn 0 1 0
vn 0 1 0
vn 0 1 0
vn 0 1 0
vn 0 1 0
vn 0 1 0
vn 0 1 0
vn 0 1 0
vn 0 1 0
vn 0 1 0
vn 0 1 0
vn 0 1 0
vn 0 1 0
vn 0 1 0
vn 0 1 0
vn 0 1 0
vn 0 1 0
vn 0 1 0
vn 0 1 0
vn 0 1 0
vn 0 1 0
vn 0 1 0
vn 0 1 0
vn 0 1 0
vn 0 1 0
vn 0 1 0
vn 0 1 0
vn 0 1 0
vn 0 1 0
vn 0 1 0
vn 0 1 0
vn 0 1 0
vn 0 1 0
vn 0 1 0
vn 0 1 0
vn 0 1 0
vn 0 1 0
vn 0 1 0
vn 0 1 0
vn 0 1 0
vn 0 1 0
vn 0 1 0
vn 0 1 0
vn 0 1 0
vn 0 1 0
vn 0 1 0
vn 0 1 0
vn 0 1 0
vn 0 1 0
vn 0 1 0
vn 0 1 0
vn 0 1 0
vn 0 1 0
vn 0 1 0
vn 0 1 0
vn 0 1 0
vn 0 1 0
vn 0 1 0
vn 0 1 0
vn 0 1 0
vn 0 1 0
vn 0 1 0
vn 0 1 0
vn 0 1 0
vn 0 1 0
vn 0 1 0
vn 0 1 0
vn 0 1 0
vn 0 1 0
vn 0 1 0
vn 0 1 0
vn 0 1 0
vn 0 1 0
vn 0 1 0
vn 0 1 0
vn 0 1 0
vn 0 1 0
vn 0 1 0
vn 0 1 0
vn 0 1 0
vn 0 1 0
vn 0 1 0
vn 0 1 0
vn 0 1 0
vn 0 1 0
vn 0 1 0
vn 0 1 0
vn 0 1 0
vn 0 1 0
vn 0 1 0
vn 0 1 0
vn 0 1 0
vn 0 1 0
vn 0 1 0
vn 0 1 0
vn 0 1 0
vn 0 1 0
vn 0 1 0
vn 0 1 0
vn 0 1 0
vn 0 1 0
vn 0 1 0
vn 0 1 0
vn 0 1 0
vn 0 1 0
vn 0 1 0
vn 0 1 0
vn 0 1 0
vn 0 1 0
vn 0 1 0
vn 0 1 0
vn 0 1 0
vn 0 1 0
vn 0 1 0
vn 0 1 0
vn 0 1 0
vn 0 1 0
vn 0 1 0
vn 0 1 0
vn 0 1 0
vn 0 1 0
f 6202/6202/6202 6102/6102/6102 6203/6203/6203
f 5981/5981/5981 5982/5982/5982 5983/5983/5983 5980/5980/5980
f 6089/6089/6089 5980/5980/5980 5983/5983/5983 5984/5984/5984
f 5977/5977/5977 5978/5978/5978 5979/5979/5979
f 6086/6086/6086 6204/6204/6204 6089/6089/6089
f 5980/5980/5980 6204/6204/6204 5979/5979/5979
f 6204/6204/6204 6086/6086/6086 6205/6205/6205
f 5980/5980/5980 6089/6089/6089 6204/6204/6204
f 5979/5979/5979 6204/6204/6204 6205/6205/6205
f 6205/6205/6205 6087/6087/6087 6203/6203/6203
f 5984/5984/5984 5985/5985/5985 6105/6105/6105 6088/6088/6088
f 5985/5985/5985 5986/5986/5986 6104/6104/6104 6105/6105/6105
f 6202/6202/6202 6088/6088/6088 6105/6105/6105
f 6203/6203/6203 6102/6102/6102 6103/6103/6103
f 6202/6202/6202 6087/6087/6087 6088/6088/6088
f 6202/6202/6202 6105/6105/6105 6102/6102/6102
f 6104/6104/6104 6206/6206/6206 6103/6103/6103
f 6103/6103/6103 6207/6207/6207 6203/6203/6203
f 6203/6203/6203 6208/6208/6208 6060/6060/6060
f 6203/6203/6203 6207/6207/6207 6072/6072/6072
f 5984/5984/5984 6088/6088/6088 6089/6089/6089
f 6205/6205/6205 6086/6086/6086 6087/6087/6087
f 5975/5975/5975 5976/5976/5976 5977/5977/5977
f 6209/6209/6209 5975/5975/5975 6205/6205/6205
f 5977/5977/5977 6205/6205/6205 5975/5975/5975
f 6205/6205/6205 5977/5977/5977 5979/5979/5979
f 5974/5974/5974 5972/5972/5972 5973/5973/5973
f 6210/6210/6210 5974/5974/5974 6209/6209/6209
f 6058/6058/6058 6210/6210/6210 6209/6209/6209
f 5972/5972/5972 5974/5974/5974 6210/6210/6210
f 5974/5974/5974 5975/5975/5975 6209/6209/6209
f 6210/6210/6210 5970/5970/5970 5972/5972/5972
f 6209/6209/6209 6205/6205/6205 6061/6061/6061
f 6205/6205/6205 6060/6060/6060 6061/6061/6061
f 6060/6060/6060 6205/6205/6205 6203/6203/6203
f 6203/6203/6203 6073/6073/6073 6208/6208/6208
f 6202/6202/6202 6203/6203/6203 6087/6087/6087
f 6208/6208/6208 6059/6059/6059 6060/6060/6060
f 6210/6210/6210 6059/6059/6059 6211/6211/6211
f 6058/6058/6058 6209/6209/6209 6061/6061/6061
f 6071/6071/6071 6211/6211/6211 6070/6070/6070
f 6208/6208/6208 6211/6211/6211 6059/6059/6059
f 6073/6073/6073 6070/6070/6070 6208/6208/6208
f 6212/6212/6212 6211/6211/6211 6071/6071/6071
f 6211/6211/6211 6208/6208/6208 6070/6070/6070
f 6058/6058/6058 6059/6059/6059 6210/6210/6210
f 6213/6213/6213 6071/6071/6071 6072/6072/6072
f 6203/6203/6203 6072/6072/6072 6073/6073/6073
f 6210/6210/6210 6211/6211/6211 6040/6040/6040
f 6121/6121/6121 6104/6104/6104 5986/5986/5986 5987/5987/5987
f 6120/6120/6120 6121/6121/6121 5987/5987/5987
f 6137/6137/6137 6214/6214/6214 6120/6120/6120
f 5987/5987/5987 5988/5988/5988 6137/6137/6137 6120/6120/6120
f 6118/6118/6118 6207/6207/6207 6206/6206/6206
f 6103/6103/6103 6206/6206/6206 6207/6207/6207
f 6206/6206/6206 6121/6121/6121 6118/6118/6118
f 6119/6119/6119 6215/6215/6215 6207/6207/6207
f 6207/6207/6207 6118/6118/6118 6119/6119/6119
f 6119/6119/6119 6120/6120/6120 6214/6214/6214
f 6134/6134/6134 6215/6215/6215 6214/6214/6214
f 6104/6104/6104 6121/6121/6121 6206/6206/6206
f 6136/6136/6136 6137/6137/6137 5988/5988/5988
f 6152/6152/6152 6153/6153/6153 5990/5990/5990
f 5989/5989/5989 5990/5990/5990 6153/6153/6153
f 6136/6136/6136 5989/5989/5989 6153/6153/6153
f 6136/6136/6136 5988/5988/5988 5989/5989/5989
f 6216/6216/6216 6136/6136/6136 6153/6153/6153
f 6215/6215/6215 6119/6119/6119 6214/6214/6214
f 6214/6214/6214 6137/6137/6137 6134/6134/6134
f 6216/6216/6216 6153/6153/6153 6150/6150/6150
f 6217/6217/6217 6135/6135/6135 6216/6216/6216
f 6216/6216/6216 6150/6150/6150 6217/6217/6217
f 6135/6135/6135 6136/6136/6136 6216/6216/6216
f 6135/6135/6135 6215/6215/6215 6134/6134/6134
f 6151/6151/6151 6152/6152/6152 6165/6165/6165 6162/6162/6162
f 6151/6151/6151 6217/6217/6217 6150/6150/6150
f 6213/6213/6213 6072/6072/6072 6207/6207/6207
f 6218/6218/6218 6215/6215/6215 6101/6101/6101
f 6207/6207/6207 6084/6084/6084 6085/6085/6085
f 6100/6100/6100 6101/6101/6101 6215/6215/6215
f 6084/6084/6084 6207/6207/6207 6215/6215/6215
f 6218/6218/6218 6084/6084/6084 6215/6215/6215
f 6083/6083/6083 6212/6212/6212 6082/6082/6082
f 6212/6212/6212 6071/6071/6071 6213/6213/6213
f 6219/6219/6219 6083/6083/6083 6218/6218/6218
f 6085/6085/6085 6082/6082/6082 6213/6213/6213
f 6218/6218/6218 6098/6098/6098 6219/6219/6219
f 6212/6212/6212 6083/6083/6083 6219/6219/6219
f 6083/6083/6083 6084/6084/6084 6218/6218/6218
f 6212/6212/6212 6048/6048/6048 6211/6211/6211
f 6082/6082/6082 6212/6212/6212 6213/6213/6213
f 6220/6220/6220 6217/6217/6217 6117/6117/6117
f 6215/6215/6215 6217/6217/6217 6100/6100/6100
f 6217/6217/6217 6220/6220/6220 6100/6100/6100
f 6217/6217/6217 6116/6116/6116 6117/6117/6117
f 6217/6217/6217 6221/6221/6221 6133/6133/6133 6116/6116/6116
f 6099/6099/6099 6100/6100/6100 6220/6220/6220
f 6219/6219/6219 6099/6099/6099 6222/6222/6222
f 6098/6098/6098 6218/6218/6218 6101/6101/6101
f 6115/6115/6115 6222/6222/6222 6114/6114/6114
f 6220/6220/6220 6222/6222/6222 6099/6099/6099
f 6117/6117/6117 6114/6114/6114 6220/6220/6220
f 6222/6222/6222 6223/6223/6223 6097/6097/6097 6080/6080/6080
f 6222/6222/6222 6220/6220/6220 6114/6114/6114
f 6098/6098/6098 6099/6099/6099 6219/6219/6219
f 6115/6115/6115 6116/6116/6116 6133/6133/6133 6130/6130/6130
f 6217/6217/6217 6215/6215/6215 6135/6135/6135
f 6219/6219/6219 6056/6056/6056 6212/6212/6212
f 6221/6221/6221 6217/6217/6217 6151/6151/6151 6162/6162/6162
f 6085/6085/6085 6213/6213/6213 6207/6207/6207
f 6222/6222/6222 6068/6068/6068 6219/6219/6219
f 5972/5972/5972 5970/5970/5970 5971/5971/5971
f 6224/6224/6224 6225/6225/6225 6041/6041/6041 6038/6038/6038
f 6210/6210/6210 6225/6225/6225 5970/5970/5970
f 6225/6225/6225 6210/6210/6210 6041/6041/6041
f 6225/6225/6225 5969/5969/5969 5970/5970/5970
f 5969/5969/5969 5967/5967/5967 5968/5968/5968
f 5967/5967/5967 6224/6224/6224 6226/6226/6226
f 6225/6225/6225 6224/6224/6224 5969/5969/5969
f 6226/6226/6226 6224/6224/6224 6227/6227/6227 6228/6228/6228
f 5969/5969/5969 6224/6224/6224 5967/5967/5967
f 5965/5965/5965 5967/5967/5967 6226/6226/6226
f 6039/6039/6039 6040/6040/6040 6229/6229/6229
f 6229/6229/6229 6040/6040/6040 6211/6211/6211
f 6211/6211/6211 6048/6048/6048 6049/6049/6049
f 6230/6230/6230 6048/6048/6048 6212/6212/6212
f 6229/6229/6229 6211/6211/6211 6049/6049/6049
f 6230/6230/6230 6047/6047/6047 6048/6048/6048
f 6224/6224/6224 6039/6039/6039 6227/6227/6227
f 6047/6047/6047 6227/6227/6227 6046/6046/6046
f 6229/6229/6229 6227/6227/6227 6039/6039/6039
f 6049/6049/6049 6046/6046/6046 6229/6229/6229
f 6227/6227/6227 6229/6229/6229 6046/6046/6046
f 6038/6038/6038 6039/6039/6039 6224/6224/6224
f 6231/6231/6231 6227/6227/6227 6047/6047/6047
f 6040/6040/6040 6041/6041/6041 6210/6210/6210
f 6231/6231/6231 6232/6232/6232 6228/6228/6228 6227/6227/6227
f 5964/5964/5964 5965/5965/5965 6226/6226/6226 6233/6233/6233
f 6029/6029/6029 6026/6026/6026 6233/6233/6233 6226/6226/6226
f 5966/5966/5966 5967/5967/5967 5965/5965/5965
f 5962/5962/5962 5963/5963/5963 5964/5964/5964
f 6025/6025/6025 5961/5961/5961 5962/5962/5962
f 6233/6233/6233 6024/6024/6024 6025/6025/6025
f 5962/5962/5962 6233/6233/6233 6025/6025/6025
f 5964/5964/5964 6233/6233/6233 5962/5962/5962
f 6026/6026/6026 6027/6027/6027 6233/6233/6233
f 6027/6027/6027 6028/6028/6028 6228/6228/6228 6234/6234/6234
f 6033/6033/6033 6228/6228/6228 6032/6032/6032
f 6234/6234/6234 6228/6228/6228 6033/6033/6033 6030/6030/6030
f 6028/6028/6028 6029/6029/6029 6226/6226/6226
f 6023/6023/6023 6024/6024/6024 6234/6234/6234
f 6024/6024/6024 6233/6233/6233 6234/6234/6234
f 6031/6031/6031 6235/6235/6235 6234/6234/6234
f 6234/6234/6234 6235/6235/6235 6022/6022/6022 6023/6023/6023
f 6030/6030/6030 6031/6031/6031 6234/6234/6234
f 6031/6031/6031 6032/6032/6032 6232/6232/6232 6235/6235/6235
f 6027/6027/6027 6234/6234/6234 6233/6233/6233
f 6028/6028/6028 6226/6226/6226 6228/6228/6228
f 6231/6231/6231 6230/6230/6230 6057/6057/6057 6054/6054/6054
f 6230/6230/6230 6231/6231/6231 6047/6047/6047
f 6236/6236/6236 6056/6056/6056 6219/6219/6219
f 6056/6056/6056 6057/6057/6057 6212/6212/6212
f 6236/6236/6236 6055/6055/6055 6056/6056/6056
f 6228/6228/6228 6232/6232/6232 6032/6032/6032
f 6232/6232/6232 6231/6231/6231 6237/6237/6237 6238/6238/6238
f 6236/6236/6236 6237/6237/6237 6055/6055/6055
f 6238/6238/6238 6237/6237/6237 6239/6239/6239 6240/6240/6240
f 6055/6055/6055 6237/6237/6237 6231/6231/6231
f 6055/6055/6055 6231/6231/6231 6054/6054/6054
f 6036/6036/6036 6232/6232/6232 6238/6238/6238
f 6237/6237/6237 6236/6236/6236 6069/6069/6069 6066/6066/6066
f 6219/6219/6219 6068/6068/6068 6069/6069/6069
f 6222/6222/6222 6241/6241/6241 6068/6068/6068
f 6222/6222/6222 6080/6080/6080 6081/6081/6081
f 6241/6241/6241 6222/6222/6222 6081/6081/6081
f 6241/6241/6241 6067/6067/6067 6068/6068/6068
f 6237/6237/6237 6067/6067/6067 6239/6239/6239
f 6079/6079/6079 6239/6239/6239 6078/6078/6078
f 6241/6241/6241 6239/6239/6239 6067/6067/6067
f 6081/6081/6081 6078/6078/6078 6241/6241/6241
f 6242/6242/6242 6243/6243/6243 6240/6240/6240 6239/6239/6239
f 6239/6239/6239 6241/6241/6241 6078/6078/6078
f 6066/6066/6066 6067/6067/6067 6237/6237/6237
f 6079/6079/6079 6080/6080/6080 6097/6097/6097 6094/6094/6094
f 6236/6236/6236 6219/6219/6219 6069/6069/6069
f 6035/6035/6035 6036/6036/6036 6238/6238/6238 6244/6244/6244
f 6045/6045/6045 6042/6042/6042 6244/6244/6244 6238/6238/6238
f 6037/6037/6037 6232/6232/6232 6036/6036/6036
f 6235/6235/6235 6034/6034/6034 6035/6035/6035
f 6021/6021/6021 6022/6022/6022 6235/6235/6235 6244/6244/6244
f 6035/6035/6035 6244/6244/6244 6235/6235/6235
f 6043/6043/6043 6244/6244/6244 6042/6042/6042
f 6020/6020/6020 6021/6021/6021 6244/6244/6244
f 6235/6235/6235 6232/6232/6232 6037/6037/6037 6034/6034/6034
f 6043/6043/6043 6044/6044/6044 6240/6240/6240 6245/6245/6245
f 6053/6053/6053 6240/6240/6240 6052/6052/6052
f 6245/6245/6245 6240/6240/6240 6053/6053/6053 6050/6050/6050
f 6044/6044/6044 6045/6045/6045 6238/6238/6238
f 6019/6019/6019 6020/6020/6020 6245/6245/6245
f 6020/6020/6020 6244/6244/6244 6245/6245/6245
f 6246/6246/6246 6245/6245/6245 6051/6051/6051 6062/6062/6062
f 6245/6245/6245 6246/6246/6246 6018/6018/6018 6019/6019/6019
f 6050/6050/6050 6051/6051/6051 6245/6245/6245
f 6051/6051/6051 6052/6052/6052 6065/6065/6065 6062/6062/6062
f 6043/6043/6043 6245/6245/6245 6244/6244/6244
f 6044/6044/6044 6238/6238/6238 6240/6240/6240
f 6242/6242/6242 6239/6239/6239 6079/6079/6079 6094/6094/6094
f 6230/6230/6230 6212/6212/6212 6057/6057/6057
f 6223/6223/6223 6222/6222/6222 6115/6115/6115 6130/6130/6130
f 5990/5990/5990 5991/5991/5991 6165/6165/6165 6152/6152/6152
f 6164/6164/6164 6165/6165/6165 5991/5991/5991
f 5991/5991/5991 5992/5992/5992 6177/6177/6177 6164/6164/6164
f 6163/6163/6163 6221/6221/6221 6162/6162/6162
f 6163/6163/6163 6164/6164/6164 6177/6177/6177 6174/6174/6174
f 6247/6247/6247 6221/6221/6221 6163/6163/6163 6174/6174/6174
f 6177/6177/6177 5992/5992/5992 6176/6176/6176
f 6185/6185/6185 6176/6176/6176 5993/5993/5993
f 5992/5992/5992 5993/5993/5993 6176/6176/6176
f 6184/6184/6184 6185/6185/6185 5994/5994/5994
f 5993/5993/5993 5994/5994/5994 6185/6185/6185
f 6193/6193/6193 6184/6184/6184 5994/5994/5994 5995/5995/5995
f 6185/6185/6185 6182/6182/6182 6175/6175/6175 6176/6176/6176
f 6248/6248/6248 6249/6249/6249 6183/6183/6183 6190/6190/6190
f 6175/6175/6175 6182/6182/6182 6249/6249/6249 6247/6247/6247
f 6183/6183/6183 6184/6184/6184 6193/6193/6193 6190/6190/6190
f 6175/6175/6175 6247/6247/6247 6174/6174/6174
f 6183/6183/6183 6249/6249/6249 6182/6182/6182
f 6149/6149/6149 6132/6132/6132 6221/6221/6221 6247/6247/6247
f 6133/6133/6133 6221/6221/6221 6132/6132/6132
f 6149/6149/6149 6146/6146/6146 6131/6131/6131 6132/6132/6132
f 6096/6096/6096 6097/6097/6097 6223/6223/6223
f 6223/6223/6223 6250/6250/6250 6113/6113/6113 6096/6096/6096
f 6131/6131/6131 6146/6146/6146 6250/6250/6250 6223/6223/6223
f 6131/6131/6131 6223/6223/6223 6130/6130/6130
f 6247/6247/6247 6249/6249/6249 6161/6161/6161 6148/6148/6148
f 6160/6160/6160 6161/6161/6161 6249/6249/6249
f 6249/6249/6249 6248/6248/6248 6173/6173/6173 6160/6160/6160
f 6161/6161/6161 6158/6158/6158 6147/6147/6147 6148/6148/6148
f 6251/6251/6251 6250/6250/6250 6147/6147/6147 6158/6158/6158
f 6147/6147/6147 6250/6250/6250 6146/6146/6146
f 6251/6251/6251 6158/6158/6158 6159/6159/6159
f 6252/6252/6252 6251/6251/6251 6159/6159/6159 6170/6170/6170
f 6159/6159/6159 6160/6160/6160 6173/6173/6173 6170/6170/6170
f 6247/6247/6247 6148/6148/6148 6149/6149/6149
f 6250/6250/6250 6251/6251/6251 6129/6129/6129 6112/6112/6112
f 5995/5995/5995 5996/5996/5996 6197/6197/6197 6192/6192/6192
f 6196/6196/6196 6197/6197/6197 5996/5996/5996
f 6197/6197/6197 6194/6194/6194 6191/6191/6191 6192/6192/6192
f 6191/6191/6191 6248/6248/6248 6190/6190/6190
f 6253/6253/6253 6248/6248/6248 6191/6191/6191 6194/6194/6194
f 6196/6196/6196 5996/5996/5996 5997/5997/5997
f 5995/5995/5995 6192/6192/6192 6193/6193/6193
f 6195/6195/6195 6196/6196/6196 6201/6201/6201 6198/6198/6198
f 5997/5997/5997 5998/5998/5998 6201/6201/6201 6196/6196/6196
f 6200/6200/6200 5998/5998/5998 5999/5999/5999
f 5999/5999/5999 6000/6000/6000 6199/6199/6199 6200/6200/6200
f 6201/6201/6201 5998/5998/5998 6200/6200/6200
f 6195/6195/6195 6198/6198/6198 6254/6254/6254 6253/6253/6253
f 6001/6001/6001 6199/6199/6199 6000/6000/6000
f 6254/6254/6254 6198/6198/6198 6199/6199/6199
f 6195/6195/6195 6253/6253/6253 6194/6194/6194
f 6254/6254/6254 6199/6199/6199 6001/6001/6001
f 6172/6172/6172 6173/6173/6173 6248/6248/6248
f 6180/6180/6180 6181/6181/6181 6253/6253/6253
f 6181/6181/6181 6172/6172/6172 6248/6248/6248 6253/6253/6253
f 6253/6253/6253 6254/6254/6254 6189/6189/6189 6180/6180/6180
f 6181/6181/6181 6178/6178/6178 6171/6171/6171 6172/6172/6172
f 6171/6171/6171 6252/6252/6252 6170/6170/6170
f 6171/6171/6171 6178/6178/6178 6255/6255/6255 6252/6252/6252
f 6178/6178/6178 6179/6179/6179 6255/6255/6255
f 6252/6252/6252 6255/6255/6255 6157/6157/6157 6144/6144/6144
f 6188/6188/6188 6189/6189/6189 6254/6254/6254
f 6179/6179/6179 6180/6180/6180 6189/6189/6189 6186/6186/6186
f 6002/6002/6002 6003/6003/6003 6187/6187/6187 6188/6188/6188
f 6254/6254/6254 6002/6002/6002 6188/6188/6188
f 6002/6002/6002 6254/6254/6254 6001/6001/6001
f 6179/6179/6179 6186/6186/6186 6256/6256/6256 6255/6255/6255
f 6004/6004/6004 6256/6256/6256 6187/6187/6187
f 6186/6186/6186 6187/6187/6187 6256/6256/6256
f 6003/6003/6003 6004/6004/6004 6187/6187/6187
f 6255/6255/6255 6256/6256/6256 6169/6169/6169 6156/6156/6156
f 6251/6251/6251 6252/6252/6252 6145/6145/6145 6128/6128/6128
f 6256/6256/6256 6004/6004/6004 6168/6168/6168
f 6242/6242/6242 6094/6094/6094 6095/6095/6095
f 6113/6113/6113 6110/6110/6110 6095/6095/6095 6096/6096/6096
f 6111/6111/6111 6257/6257/6257 6110/6110/6110
f 6095/6095/6095 6110/6110/6110 6257/6257/6257 6242/6242/6242
f 6240/6240/6240 6243/6243/6243 6065/6065/6065 6052/6052/6052
f 6243/6243/6243 6242/6242/6242 6257/6257/6257 6258/6258/6258
f 6064/6064/6064 6065/6065/6065 6243/6243/6243
f 6258/6258/6258 6257/6257/6257 6259/6259/6259 6260/6260/6260
f 6243/6243/6243 6258/6258/6258 6077/6077/6077 6064/6064/6064
f 6111/6111/6111 6112/6112/6112 6129/6129/6129 6126/6126/6126
f 6251/6251/6251 6128/6128/6128 6129/6129/6129
f 6145/6145/6145 6142/6142/6142 6127/6127/6127 6128/6128/6128
f 6127/6127/6127 6259/6259/6259 6126/6126/6126
f 6260/6260/6260 6259/6259/6259 6261/6261/6261 6262/6262/6262
f 6261/6261/6261 6259/6259/6259 6127/6127/6127 6142/6142/6142
f 6111/6111/6111 6126/6126/6126 6259/6259/6259 6257/6257/6257
f 6112/6112/6112 6113/6113/6113 6250/6250/6250
f 6258/6258/6258 6260/6260/6260 6093/6093/6093 6076/6076/6076
f 6077/6077/6077 6074/6074/6074 6063/6063/6063 6064/6064/6064
f 6258/6258/6258 6076/6076/6076 6077/6077/6077
f 6246/6246/6246 6062/6062/6062 6063/6063/6063
f 6017/6017/6017 6018/6018/6018 6246/6246/6246 6263/6263/6263
f 6263/6263/6263 6246/6246/6246 6063/6063/6063 6074/6074/6074
f 6074/6074/6074 6075/6075/6075 6263/6263/6263
f 6263/6263/6263 6016/6016/6016 6017/6017/6017
f 6093/6093/6093 6090/6090/6090 6075/6075/6075 6076/6076/6076
f 6109/6109/6109 6092/6092/6092 6260/6260/6260 6262/6262/6262
f 6109/6109/6109 6106/6106/6106 6091/6091/6091 6092/6092/6092
f 6092/6092/6092 6093/6093/6093 6260/6260/6260
f 6075/6075/6075 6090/6090/6090 6264/6264/6264 6263/6263/6263
f 6015/6015/6015 6016/6016/6016 6264/6264/6264
f 6264/6264/6264 6016/6016/6016 6263/6263/6263
f 6264/6264/6264 6265/6265/6265 6014/6014/6014 6015/6015/6015
f 6265/6265/6265 6264/6264/6264 6091/6091/6091 6106/6106/6106
f 6091/6091/6091 6264/6264/6264 6090/6090/6090
f 6142/6142/6142 6143/6143/6143 6261/6261/6261
f 6143/6143/6143 6144/6144/6144 6157/6157/6157 6154/6154/6154
f 6255/6255/6255 6156/6156/6156 6157/6157/6157
f 6109/6109/6109 6262/6262/6262 6108/6108/6108
f 6262/6262/6262 6261/6261/6261 6266/6266/6266 6267/6267/6267
f 6154/6154/6154 6155/6155/6155 6266/6266/6266
f 6267/6267/6267 6266/6266/6266 6268/6268/6268 6269/6269/6269
f 6266/6266/6266 6261/6261/6261 6143/6143/6143 6154/6154/6154
f 6262/6262/6262 6267/6267/6267 6125/6125/6125 6108/6108/6108
f 6169/6169/6169 6166/6166/6166 6155/6155/6155 6156/6156/6156
f 6004/6004/6004 6005/6005/6005 6168/6168/6168
f 6167/6167/6167 6168/6168/6168 6005/6005/6005 6006/6006/6006
f 6168/6168/6168 6169/6169/6169 6256/6256/6256
f 6155/6155/6155 6166/6166/6166 6268/6268/6268 6266/6266/6266
f 6268/6268/6268 6140/6140/6140 6269/6269/6269
f 6268/6268/6268 6006/6006/6006 6007/6007/6007
f 6167/6167/6167 6006/6006/6006 6268/6268/6268
f 6167/6167/6167 6268/6268/6268 6166/6166/6166
f 6007/6007/6007 6140/6140/6140 6268/6268/6268
f 6267/6267/6267 6269/6269/6269 6141/6141/6141 6124/6124/6124
f 6107/6107/6107 6265/6265/6265 6106/6106/6106
f 6107/6107/6107 6108/6108/6108 6125/6125/6125 6122/6122/6122
f 6267/6267/6267 6124/6124/6124 6125/6125/6125
f 6107/6107/6107 6122/6122/6122 6270/6270/6270 6265/6265/6265
f 6013/6013/6013 6014/6014/6014 6265/6265/6265 6270/6270/6270
f 6270/6270/6270 6012/6012/6012 6013/6013/6013
f 6271/6271/6271 6270/6270/6270 6123/6123/6123 6138/6138/6138
f 6270/6270/6270 6122/6122/6122 6123/6123/6123
f 6123/6123/6123 6124/6124/6124 6141/6141/6141 6138/6138/6138
f 6139/6139/6139 6140/6140/6140 6008/6008/6008 6009/6009/6009
f 6007/6007/6007 6008/6008/6008 6140/6140/6140
f 6140/6140/6140 6141/6141/6141 6269/6269/6269
f 6271/6271/6271 6138/6138/6138 6139/6139/6139
f 6011/6011/6011 6012/6012/6012 6271/6271/6271
f 6012/6012/6012 6270/6270/6270 6271/6271/6271
f 6010/6010/6010 6011/6011/6011 6009/6009/6009
f 6271/6271/6271 6009/6009/6009 6011/6011/6011
f 6009/6009/6009 6271/6271/6271 6139/6139/6139
f 6144/6144/6144 6145/6145/6145 6252/6252/6252
usemtl diffuse_173_216_230_255
vt 0.25 0.25
vt 0.25 0.5
vt 0.25 0.75
vt 0.5 0.25
vt 0.5 0.5
vt 0.5 0.75
vt 0.75 0.25
vt 0.75 0.5
vt 0.75 0.75
vt 0.0098039219155907631 0.0098039219155907631
vt 0.1980392187833786 0.0098039219155907631
vt 0.38627451658248901 0.0098039219155907631
vt 0.57450979948043823 0.0098039219155907631
vt 0.76274508237838745 0.0098039219155907631
vt 0.95098036527633667 0.0098039219155907631
vt 0.99019604921340942 0.0098039219155907631
vt 0.875 0.25
vt 0.75 0.125
vt 0.875 0.125
vt 0.9375 0.125
vt 0.875 0.0625
vt 0.9375 0.0625
vt 0.99019604921340942 0.18409585952758789
vt 0.99019604921340942 0.35838779807090759
vt 0.99019604921340942 0.53267973661422729
vt 0.99019604921340942 0.70697170495986938
vt 0.99019604921340942 0.8812636137008667
vt 0.95098036527633667 0.8812636137008667
vt 0.75 0.875
vt 0.875 0.75
vt 0.875 0.875
vt 0.95098036527633667 0.91757446527481079
vt 0.91176468133926392 0.91757446527481079
vt 0.87254899740219116 0.91757446527481079
vt 0.75 0.9375
vt 0.8125 0.875
vt 0.8125 0.9375
vt 0.5 0.875
vt 0.625 0.75
vt 0.625 0.875
vt 0.87254899740219116 0.95388525724411011
vt 0.83333331346511841 0.95388525724411011
vt 0.7549019455909729 0.95388525724411011
vt 0.7549019455909729 0.99019604921340942
vt 0.71568626165390015 0.99019604921340942
vt 0.625 0.9375
vt 0.6875 0.875
vt 0.6875 0.9375
vt 0.54575163125991821 0.99019604921340942
vt 0.37581700086593628 0.99019604921340942
vt 0.20588235557079315 0.99019604921340942
vt 0.20588235557079315 0.95388525724411011
vt 0.25 0.875
vt 0.125 0.75
vt 0.125 0.875
vt 0.25 0.9375
vt 0.125 0.9375
vt 0.1875 0.875
vt 0.1875 0.9375
vt 0.375 0.75
vt 0.375 0.875
vt 0.1666666716337204 0.95388525724411011
vt 0.088235296308994293 0.95388525724411011
vt 0.088235296308994293 0.91757446527481079
vt 0.049019608646631241 0.91757446527481079
vt 0.0098039219155907631 0.91757446527481079
vt 0.0098039219155907631 0.8812636137008667
vt 0.0098039219155907631 0.70697170495986938
vt 0.0098039219155907631 0.53267973661422729
vt 0.0098039219155907631 0.35838779807090759
vt 0.0098039219155907631 0.18409585952758789
vn 1 0 0
vn 1 0 0
vn 1 0 0
vn 1 0 0
vn 1 0 0
vn 1 0 0
vn 1 0 0
vn 1 0 0
vn 1 0 0
vn 1 0 0
vn 1 0 0
vn 1 0 0
vn 1 0 0
vn 1 0 0
vn 1 0 0
vn 1 0 0
vn 1 0 0
vn 1 0 0
vn 1 0 0
vn 1 0 0
vn 1 0 0
vn 1 0 0
vn 1 0 0
vn 1 0 0
vn 1 0 0
vn 1 0 0
vn 1 0 0
vn 1 0 0
vn 1 0 0
vn 1 0 0
vn 1 0 0
vn 1 0 0
vn 1 0 0
vn 1 0 0
vn 1 0 0
vn 1 0 0
vn 1 0 0
vn 1 0 0
vn 1 0 0
vn 1 0 0
vn 1 0 0
vn 1 0 0
vn 1 0 0
vn 1 0 0
vn 1 0 0
vn 1 0 0
vn 1 0 0
vn 1 0 0
vn 1 0 0
vn 1 0 0
vn 1 0 0
vn 1 0 0
vn 1 0 0
vn 1 0 0
vn 1 0 0
vn 1 0 0
vn 1 0 0
vn 1 0 0
vn 1 0 0
vn 1 0 0
vn 1 0 0
vn 1 0 0
vn 1 0 0
vn 1 0 0
vn 1 0 0
vn 1 0 0
vn 1 0 0
vn 1 0 0
vn 1 0 0
vn 1 0 0
vn 1 0 0
f 6330/6330/6330 6328/6328/6328 6326/6326/6326 6329/6329/6329
f 6327/6327/6327 6330/6330/6330 6329/6329/6329 6324/6324/6324
f 6329/6329/6329 6326/6326/6326 6325/6325/6325
f 6274/6274/6274 6324/6324/6324 6329/6329/6329
f 6325/6325/6325 6274/6274/6274 6329/6329/6329
f 6276/6276/6276 6273/6273/6273 6272/6272/6272 6275/6275/6275
f 6331/6331/6331 6274/6274/6274 6273/6273/6273
f 6276/6276/6276 6277/6277/6277 6331/6331/6331
f 6273/6273/6273 6276/6276/6276 6331/6331/6331
f 6332/6332/6332 6324/6324/6324 6274/6274/6274 6331/6331/6331
f 6309/6309/6309 6332/6332/6332 6331/6331/6331 6277/6277/6277
f 6279/6279/6279 6276/6276/6276 6275/6275/6275 6278/6278/6278
f 6310/6310/6310 6277/6277/6277 6276/6276/6276
f 6279/6279/6279 6280/6280/6280 6310/6310/6310
f 6276/6276/6276 6279/6279/6279 6310/6310/6310
f 6319/6319/6319 6317/6317/6317 6311/6311/6311 6318/6318/6318
f 6306/6306/6306 6319/6319/6319 6318/6318/6318 6300/6300/6300
f 6311/6311/6311 6309/6309/6309 6277/6277/6277 6310/6310/6310
f 6318/6318/6318 6311/6311/6311 6310/6310/6310
f 6280/6280/6280 6300/6300/6300 6318/6318/6318
f 6310/6310/6310 6280/6280/6280 6318/6318/6318
f 6288/6288/6288 6278/6278/6278 6289/6289/6289 6290/6290/6290
f 6291/6291/6291 6290/6290/6290 6292/6292/6292 6293/6293/6293
f 6308/6308/6308 6306/6306/6306 6300/6300/6300 6307/6307/6307
f 6307/6307/6307 6300/6300/6300 6280/6280/6280
f 6301/6301/6301 6302/6302/6302 6307/6307/6307
f 6280/6280/6280 6301/6301/6301 6307/6307/6307
f 6282/6282/6282 6342/6342/6342 6281/6281/6281
f 6341/6341/6341 6273/6273/6273 6340/6340/6340
f 6341/6341/6341 6342/6342/6342 6272/6272/6272
f 6325/6325/6325 6339/6339/6339 6340/6340/6340
f 6338/6338/6338 6339/6339/6339 6325/6325/6325 6326/6326/6326
f 6273/6273/6273 6325/6325/6325 6340/6340/6340
f 6342/6342/6342 6282/6282/6282 6272/6272/6272
f 6275/6275/6275 6272/6272/6272 6282/6282/6282 6283/6283/6283
f 6283/6283/6283 6284/6284/6284 6275/6275/6275
f 6325/6325/6325 6273/6273/6273 6274/6274/6274
f 6327/6327/6327 6324/6324/6324 6332/6332/6332
f 6341/6341/6341 6272/6272/6272 6273/6273/6273
f 6336/6336/6336 6337/6337/6337 6338/6338/6338
f 6326/6326/6326 6336/6336/6336 6338/6338/6338
f 6326/6326/6326 6335/6335/6335 6336/6336/6336
f 6333/6333/6333 6334/6334/6334 6328/6328/6328 6330/6330/6330
f 6335/6335/6335 6328/6328/6328 6334/6334/6334
f 6323/6323/6323 6333/6333/6333 6330/6330/6330
f 6328/6328/6328 6335/6335/6335 6326/6326/6326
f 6321/6321/6321 6327/6327/6327 6332/6332/6332
f 6309/6309/6309 6311/6311/6311 6317/6317/6317
f 6317/6317/6317 6320/6320/6320 6309/6309/6309
f 6322/6322/6322 6323/6323/6323 6327/6327/6327
f 6321/6321/6321 6322/6322/6322 6327/6327/6327
f 6320/6320/6320 6321/6321/6321 6332/6332/6332 6309/6309/6309
f 6316/6316/6316 6320/6320/6320 6317/6317/6317 6319/6319/6319
f 6330/6330/6330 6327/6327/6327 6323/6323/6323
f 6289/6289/6289 6275/6275/6275 6284/6284/6284
f 6292/6292/6292 6289/6289/6289 6285/6285/6285
f 6284/6284/6284 6285/6285/6285 6289/6289/6289
f 6289/6289/6289 6292/6292/6292 6290/6290/6290
f 6292/6292/6292 6285/6285/6285 6286/6286/6286
f 6288/6288/6288 6279/6279/6279 6278/6278/6278
f 6288/6288/6288 6295/6295/6295 6279/6279/6279
f 6301/6301/6301 6280/6280/6280 6279/6279/6279
f 6288/6288/6288 6290/6290/6290 6291/6291/6291
f 6287/6287/6287 6291/6291/6291 6293/6293/6293
f 6293/6293/6293 6286/6286/6286 6287/6287/6287
f 6286/6286/6286 6293/6293/6293 6292/6292/6292
f 6294/6294/6294 6291/6291/6291 6287/6287/6287
f 6294/6294/6294 6295/6295/6295 6288/6288/6288
f 6279/6279/6279 6296/6296/6296 6301/6301/6301
f 6295/6295/6295 6296/6296/6296 6279/6279/6279
f 6288/6288/6288 6291/6291/6291 6294/6294/6294
f 6296/6296/6296 6297/6297/6297 6301/6301/6301
f 6316/6316/6316 6319/6319/6319 6306/6306/6306
f 6305/6305/6305 6313/6313/6313 6308/6308/6308
f 6306/6306/6306 6308/6308/6308 6313/6313/6313 6314/6314/6314
f 6315/6315/6315 6316/6316/6316 6314/6314/6314
f 6306/6306/6306 6314/6314/6314 6316/6316/6316
f 6305/6305/6305 6308/6308/6308 6307/6307/6307
f 6307/6307/6307 6302/6302/6302 6305/6305/6305
f 6299/6299/6299 6302/6302/6302 6301/6301/6301
f 6297/6297/6297 6299/6299/6299 6301/6301/6301
f 6299/6299/6299 6297/6297/6297 6298/6298/6298
f 6304/6304/6304 6302/6302/6302 6299/6299/6299
f 6313/6313/6313 6305/6305/6305 6312/6312/6312
f 6299/6299/6299 6303/6303/6303 6304/6304/6304
f 6304/6304/6304 6305/6305/6305 6302/6302/6302
f 6289/6289/6289 6278/6278/6278 6275/6275/6275
