v -3.1250000000000036 -2.625 11.5
v -3.1250000000000036 -2.625 11.25
v -3.1250000000000036 -1.375 11.25
v -3.1250000000000036 -1.375 11.5
v -3.1250000000000036 -1.625 11.5
v -4.1250000000000036 -2.625 11.5
v -3.3750000000000036 -2.625 11.5
v -3.3750000000000036 -1.375 11.5
v -4.1250000000000036 -1.375 11.5
v -4.1250000000000036 -1.625 11.5
v -3.1250000000000036 -3.625 11.25
v -3.1250000000000036 -3.625 11.0
v -3.1250000000000036 -2.875 11.0
v -3.1250000000000036 -2.875 11.25
v -3.1250000000000036 -3.125 11.25
v -4.1250000000000036 -3.625 11.25
v -3.3750000000000036 -3.625 11.25
v -4.1250000000000036 -2.875 11.25
v -4.1250000000000036 -3.125 11.25
v 4.1249999999999964 -6.625 10.0
v 4.1249999999999964 -6.625 10.75
v 4.1249999999999964 -6.125 10.75
v 4.1249999999999964 -6.125 11.0
v 4.1249999999999964 -5.625 11.0
v 4.1249999999999964 -5.625 11.25
v 4.1249999999999964 -4.875 11.25
v 4.1249999999999964 -4.875 11.5
v 4.1249999999999964 -4.375 11.5
v 4.1249999999999964 -4.375 11.75
v 4.1249999999999964 -3.375 11.75
v 4.1249999999999964 -3.375 12.0
v 4.1249999999999964 -2.375 12.0
v 4.1249999999999964 -2.375 12.25
v 4.1249999999999964 -0.625 12.25
v 4.1249999999999964 -0.625 12.5
v 4.1249999999999964 3.625 12.5
v 4.1249999999999964 3.625 12.25
v 4.1249999999999964 5.125 12.25
v 4.1249999999999964 5.125 12.0
v 4.1249999999999964 6.125 12.0
v 4.1249999999999964 6.125 11.75
v 4.1249999999999964 7.125 11.75
v 4.1249999999999964 7.125 11.5
v 4.1249999999999964 7.625 11.5
v 4.1249999999999964 7.625 11.25
v 4.1249999999999964 8.375 11.25
v 4.1249999999999964 8.375 11.0
v 4.1249999999999964 8.875 11.0
v 4.1249999999999964 8.875 10.75
v 4.1249999999999964 9.625 10.75
v 4.1249999999999964 9.625 10.0
v 4.1249999999999964 8.875 10.0
v 4.1249999999999964 8.875 10.25
v 4.1249999999999964 8.375 10.25
v 4.1249999999999964 8.375 10.5
v 4.1249999999999964 7.625 10.5
v 4.1249999999999964 7.625 10.75
v 4.1249999999999964 7.125 10.75
v 4.1249999999999964 7.125 11.0
v 4.1249999999999964 6.375 11.0
v 4.1249999999999964 6.375 11.25
v 4.1249999999999964 5.375 11.25
v 4.1249999999999964 5.375 11.5
v 4.1249999999999964 4.125 11.5
v 4.1249999999999964 4.125 11.75
v 4.1249999999999964 -1.375 11.75
v 4.1249999999999964 -1.375 11.5
v 4.1249999999999964 -2.625 11.5
v 4.1249999999999964 -2.625 11.25
v 4.1249999999999964 -2.875 11.25
v 4.1249999999999964 -3.625 11.25
v 4.1249999999999964 -3.625 11.0
v 4.1249999999999964 -4.375 11.0
v 4.1249999999999964 -4.375 10.75
v 4.1249999999999964 -4.625 10.75
v 4.1249999999999964 -4.875 10.75
v 4.1249999999999964 -4.875 10.5
v 4.1249999999999964 -5.125 10.5
v 4.1249999999999964 -5.625 10.5
v 4.1249999999999964 -5.625 10.25
v 4.1249999999999964 -6.125 10.25
v 4.1249999999999964 -6.125 10.0
v 4.1249999999999964 -6.375 10.0
v 21.875 -5.125 10.5
v 22.125 -5.125 10.5
v 22.125 -4.625 10.5
v 21.875 -4.625 10.5
v 3.1249999999999964 -4.625 10.5
v 3.1249999999999964 -4.875 10.5
v 3.1249999999999964 -4.875 10.75
v 3.1249999999999964 -4.625 10.75
v 3.1249999999999964 -5.625 10.25
v 3.1249999999999964 -5.625 10.5
v 3.1249999999999964 -5.375 10.5
v 3.1249999999999964 -5.125 10.5
v 3.1249999999999964 -5.125 10.25
v 3.1249999999999964 -5.375 10.25
v 21.875 -5.625 10.25
v 22.125 -5.625 10.25
v 22.125 -5.125 10.25
v 21.875 -5.125 10.25
v -2.8750000000000036 -6.625 9.0
v -2.8750000000000036 -6.625 9.75
v -2.8750000000000036 -6.125 9.75
v -2.8750000000000036 -6.125 10.0
v -2.8750000000000036 -5.625 10.0
v -2.8750000000000036 -5.625 9.25
v -2.8750000000000036 -6.125 9.25
v -2.8750000000000036 -6.125 9.0
v -2.8750000000000036 -6.375 9.0
v -22.125000000000004 -6.625 9.75
v -22.125000000000004 -6.125 9.75
v -3.1250000000000036 -6.125 9.75
v -3.1250000000000036 -6.625 9.75
v -22.125000000000004 -6.625 9.0
v -22.125000000000004 -6.375 9.0
v -22.125000000000004 -6.125 9.0
v -22.125000000000004 -6.125 9.25
v -22.125000000000004 -5.875 9.25
v -22.125000000000004 -5.625 9.25
v -22.125000000000004 -5.625 9.5
v -22.125000000000004 -5.375 9.5
v -22.125000000000004 -5.125 9.5
v -22.125000000000004 -5.125 9.75
v -22.125000000000004 -4.875 9.75
v -22.125000000000004 -4.625 9.75
v -22.125000000000004 -4.625 10.0
v -22.125000000000004 -4.125 10.0
v -22.125000000000004 -3.875 10.0
v -22.125000000000004 -3.875 10.25
v -22.125000000000004 -3.375 10.25
v -22.125000000000004 -3.125 10.25
v -22.125000000000004 -3.125 10.5
v -22.125000000000004 -2.125 10.5
v -22.125000000000004 -1.875 10.5
v -22.125000000000004 -1.875 10.75
v -22.125000000000004 2.375 10.75
v -22.125000000000004 2.625 10.75
v -22.125000000000004 2.625 10.5
v -22.125000000000004 3.625 10.5
v -22.125000000000004 3.875 10.5
v -22.125000000000004 3.875 10.25
v -22.125000000000004 4.375 10.25
v -22.125000000000004 4.625 10.25
v -22.125000000000004 4.625 10.0
v -22.125000000000004 5.125 10.0
v -22.125000000000004 5.375 10.0
v -22.125000000000004 5.375 9.75
v -22.125000000000004 5.625 9.75
v -22.125000000000004 5.875 9.75
v -22.125000000000004 5.875 9.5
v -22.125000000000004 6.125 9.5
v -22.125000000000004 6.375 9.5
v -22.125000000000004 6.375 9.25
v -22.125000000000004 6.625 9.25
v -22.125000000000004 6.875 9.25
v -22.125000000000004 6.875 9.0
v -22.125000000000004 7.375 9.0
v -22.125000000000004 7.625 9.0
v -22.125000000000004 7.625 9.5
v -22.125000000000004 7.625 9.75
v -22.125000000000004 7.125 9.75
v -22.125000000000004 7.125 10.0
v -22.125000000000004 6.375 10.0
v -22.125000000000004 6.375 10.25
v -22.125000000000004 5.875 10.25
v -22.125000000000004 5.875 10.5
v -22.125000000000004 5.375 10.5
v -22.125000000000004 5.375 10.75
v -22.125000000000004 4.625 10.75
v -22.125000000000004 4.625 11.0
v -22.125000000000004 3.625 11.0
v -22.125000000000004 3.625 11.25
v -22.125000000000004 2.125 11.25
v -22.125000000000004 2.125 11.5
v -22.125000000000004 -1.375 11.5
v -22.125000000000004 -1.375 11.25
v -22.125000000000004 -2.875 11.25
v -22.125000000000004 -2.875 11.0
v -22.125000000000004 -3.625 11.0
v -22.125000000000004 -3.625 10.75
v -22.125000000000004 -4.625 10.75
v -22.125000000000004 -4.625 10.5
v -22.125000000000004 -5.125 10.5
v -22.125000000000004 -5.125 10.25
v -22.125000000000004 -5.625 10.25
v -22.125000000000004 -5.625 10.0
v -22.125000000000004 -6.125 10.0
v -22.125000000000004 -6.625 9.5
v -3.3750000000000036 7.125 9.75
v -3.1250000000000036 7.125 9.75
v -3.1250000000000036 7.625 9.75
v -21.125000000000004 -5.625 -2.75
v -21.125000000000004 -5.625 -3.0
v -21.125000000000004 6.375 -3.0
v -21.125000000000004 6.625 -3.0
v -21.125000000000004 6.625 -2.75
v -21.125000000000004 6.375 -2.75
v -21.125000000000004 -5.625 9.25
v -21.125000000000004 -5.625 9.5
v -21.125000000000004 -5.125 9.5
v -21.125000000000004 -5.125 9.75
v -21.125000000000004 -4.625 9.75
v -21.125000000000004 -4.625 10.0
v -21.125000000000004 -3.875 10.0
v -21.125000000000004 -3.875 10.25
v -21.125000000000004 -3.125 10.25
v -21.125000000000004 -3.125 10.5
v -21.125000000000004 -1.875 10.5
v -21.125000000000004 -1.875 10.75
v -21.125000000000004 2.625 10.75
v -21.125000000000004 2.625 10.5
v -21.125000000000004 3.875 10.5
v -21.125000000000004 3.875 10.25
v -21.125000000000004 4.625 10.25
v -21.125000000000004 4.625 10.0
v -21.125000000000004 5.375 10.0
v -21.125000000000004 5.375 9.75
v -21.125000000000004 5.875 9.75
v -21.125000000000004 5.875 9.5
v -21.125000000000004 6.375 9.5
v -21.125000000000004 6.375 9.25
v -21.125000000000004 6.625 9.25
v -21.125000000000004 6.625 9.0
v -21.125000000000004 -0.125 1.0
v -21.125000000000004 0.625 1.0
v -21.125000000000004 0.875 1.0
v -21.125000000000004 0.875 2.75
v -21.125000000000004 -0.125 2.75
v -21.125000000000004 -0.125 2.5
v -21.125000000000004 -0.125 4.0
v -21.125000000000004 0.625 4.0
v -21.125000000000004 0.875 4.0
v -21.125000000000004 0.875 5.75
v -21.125000000000004 -0.125 5.75
v -21.125000000000004 -0.125 5.5
v -21.125000000000004 -0.125 7.0
v -21.125000000000004 0.625 7.0
v -21.125000000000004 0.875 7.0
v -21.125000000000004 0.875 8.75
v -21.125000000000004 -0.125 8.75
v -21.125000000000004 -0.125 8.5
v -3.3750000000000036 6.625 -2.75
v -3.1250000000000036 6.625 -2.75
v -3.1250000000000036 6.625 -3.0
v -3.1250000000000036 8.625 -3.0
v -3.1250000000000036 8.625 -2.75
v -3.1250000000000036 8.375 -2.75
v -3.1250000000000036 6.625 9.0
v -3.1250000000000036 6.625 9.25
v -3.1250000000000036 6.875 9.25
v -3.1250000000000036 6.875 9.0
v -3.1250000000000036 7.625 9.0
v -3.1250000000000036 7.125 10.0
v -3.1250000000000036 6.375 10.0
v -3.1250000000000036 6.375 10.25
v -3.1250000000000036 5.875 10.25
v -3.1250000000000036 5.875 10.5
v -3.1250000000000036 5.375 10.5
v -3.1250000000000036 5.375 10.75
v -3.1250000000000036 4.625 10.75
v -3.1250000000000036 4.625 11.0
v -3.1250000000000036 3.625 11.0
v -3.1250000000000036 3.625 11.25
v -3.1250000000000036 2.125 11.25
v -3.1250000000000036 2.125 11.5
v -3.1250000000000036 -1.375 11.75
v -3.1250000000000036 4.125 11.75
v -3.1250000000000036 4.125 11.5
v -3.1250000000000036 5.375 11.5
v -3.1250000000000036 5.375 11.25
v -3.1250000000000036 6.375 11.25
v -3.1250000000000036 6.375 11.0
v -3.1250000000000036 7.125 11.0
v -3.1250000000000036 7.125 10.75
v -3.1250000000000036 7.625 10.75
v -3.1250000000000036 7.625 10.5
v -3.1250000000000036 8.375 10.5
v -3.1250000000000036 8.375 10.25
v -3.1250000000000036 8.625 10.25
v -3.1250000000000036 8.625 10.0
v 2.8749999999999964 8.625 -2.75
v 3.1249999999999964 8.625 -2.75
v 3.1249999999999964 8.625 -3.0
v 3.1249999999999964 6.625 -3.0
v 3.1249999999999964 6.625 -2.75
v 3.1249999999999964 8.375 -2.75
v 3.1249999999999964 8.375 -3.0
v 3.1249999999999964 6.625 9.0
v 3.1249999999999964 6.625 9.25
v 3.1249999999999964 6.875 9.25
v 3.1249999999999964 6.875 9.0
v 3.1249999999999964 7.375 9.0
v 3.1249999999999964 7.625 9.0
v 3.1249999999999964 7.625 9.5
v 3.1249999999999964 7.625 9.75
v 3.1249999999999964 7.125 9.75
v 3.1249999999999964 7.125 10.0
v 3.1249999999999964 6.375 10.0
v 3.1249999999999964 6.375 10.25
v 3.1249999999999964 5.875 10.25
v 3.1249999999999964 5.875 10.5
v 3.1249999999999964 5.375 10.5
v 3.1249999999999964 5.375 10.75
v 3.1249999999999964 4.625 10.75
v 3.1249999999999964 4.625 11.0
v 3.1249999999999964 3.625 11.0
v 3.1249999999999964 3.625 11.25
v 3.1249999999999964 2.125 11.25
v 3.1249999999999964 2.125 11.5
v 3.1249999999999964 -1.375 11.5
v 3.1249999999999964 -1.375 11.75
v 3.1249999999999964 3.875 11.75
v 3.1249999999999964 4.125 11.75
v 3.1249999999999964 4.125 11.5
v 3.1249999999999964 5.125 11.5
v 3.1249999999999964 5.375 11.5
v 3.1249999999999964 5.375 11.25
v 3.1249999999999964 6.125 11.25
v 3.1249999999999964 6.375 11.25
v 3.1249999999999964 6.375 11.0
v 3.1249999999999964 6.875 11.0
v 3.1249999999999964 7.125 11.0
v 3.1249999999999964 7.125 10.75
v 3.1249999999999964 7.375 10.75
v 3.1249999999999964 7.625 10.75
v 3.1249999999999964 7.625 10.5
v 3.1249999999999964 8.125 10.5
v 3.1249999999999964 8.375 10.5
v 3.1249999999999964 8.375 10.25
v 3.1249999999999964 8.625 10.25
v 20.875 6.625 -2.75
v 21.125 6.625 -2.75
v 21.125 6.625 -3.0
v 21.125 -5.625 -3.0
v 21.125 -5.625 -2.75
v 21.125 6.375 -2.75
v 21.125 6.375 -3.0
v 21.125 -5.625 9.25
v 21.125 -5.625 9.5
v 21.125 -5.375 9.5
v 21.125 -5.125 9.5
v 21.125 -5.125 9.75
v 21.125 -4.875 9.75
v 21.125 -4.625 9.75
v 21.125 -4.625 10.0
v 21.125 -4.125 10.0
v 21.125 -3.875 10.0
v 21.125 -3.875 10.25
v 21.125 -3.375 10.25
v 21.125 -3.125 10.25
v 21.125 -3.125 10.5
v 21.125 -2.125 10.5
v 21.125 -1.875 10.5
v 21.125 -1.875 10.75
v 21.125 2.375 10.75
v 21.125 2.625 10.75
v 21.125 2.625 10.5
v 21.125 3.625 10.5
v 21.125 3.875 10.5
v 21.125 3.875 10.25
v 21.125 4.375 10.25
v 21.125 4.625 10.25
v 21.125 4.625 10.0
v 21.125 5.125 10.0
v 21.125 5.375 10.0
v 21.125 5.375 9.75
v 21.125 5.625 9.75
v 21.125 5.875 9.75
v 21.125 5.875 9.5
v 21.125 6.125 9.5
v 21.125 6.375 9.5
v 21.125 6.375 9.25
v 21.125 6.625 9.25
v 21.125 0.125 1.25
v 21.125 0.625 1.25
v 21.125 0.625 2.5
v 21.125 0.125 2.5
v 21.125 0.125 2.25
v 21.125 0.125 4.25
v 21.125 0.625 4.25
v 21.125 0.625 5.5
v 21.125 0.125 5.5
v 21.125 0.125 5.25
v 21.125 0.125 7.25
v 21.125 0.625 7.25
v 21.125 0.625 8.5
v 21.125 0.125 8.5
v 21.125 0.125 8.25
v 20.875 0.125 1.25
v 20.875 0.375 1.25
v 20.875 0.625 1.25
v 20.875 0.125 2.25
v 20.875 0.125 2.5
v 20.875 0.375 2.5
v 20.875 0.625 2.5
v 20.875 0.125 4.25
v 20.875 0.375 4.25
v 20.875 0.625 4.25
v 20.875 0.125 5.25
v 20.875 0.125 5.5
v 20.875 0.375 5.5
v 20.875 0.625 5.5
v 20.875 0.125 7.25
v 20.875 0.375 7.25
v 20.875 0.625 7.25
v 20.875 0.125 8.25
v 20.875 0.125 8.5
v 20.875 0.375 8.5
v 20.875 0.625 8.5
v 21.875 7.125 9.75
v 22.125 7.125 9.75
v 22.125 7.625 9.75
v 22.125 -6.625 9.0
v 22.125 -6.625 9.75
v 22.125 -6.125 9.75
v 22.125 -6.125 10.0
v 22.125 -5.625 10.0
v 22.125 -4.625 10.75
v 22.125 -3.625 10.75
v 22.125 -3.625 11.0
v 22.125 -2.875 11.0
v 22.125 -2.875 11.25
v 22.125 -1.375 11.25
v 22.125 -1.375 11.5
v 22.125 2.125 11.5
v 22.125 2.125 11.25
v 22.125 3.625 11.25
v 22.125 3.625 11.0
v 22.125 4.625 11.0
v 22.125 4.625 10.75
v 22.125 5.375 10.75
v 22.125 5.375 10.5
v 22.125 5.875 10.5
v 22.125 5.875 10.25
v 22.125 6.375 10.25
v 22.125 6.375 10.0
v 22.125 7.125 10.0
v 22.125 7.625 9.0
v 22.125 6.875 9.0
v 22.125 6.875 9.25
v 22.125 6.375 9.25
v 22.125 6.375 9.5
v 22.125 5.875 9.5
v 22.125 5.875 9.75
v 22.125 5.375 9.75
v 22.125 5.375 10.0
v 22.125 4.625 10.0
v 22.125 4.625 10.25
v 22.125 3.875 10.25
v 22.125 3.875 10.5
v 22.125 2.625 10.5
v 22.125 2.625 10.75
v 22.125 -1.875 10.75
v 22.125 -1.875 10.5
v 22.125 -3.125 10.5
v 22.125 -3.125 10.25
v 22.125 -3.875 10.25
v 22.125 -3.875 10.0
v 22.125 -4.625 10.0
v 22.125 -4.625 9.75
v 22.125 -5.125 9.75
v 22.125 -5.125 9.5
v 22.125 -5.625 9.5
v 22.125 -5.625 9.25
v 22.125 -6.125 9.25
v 22.125 -6.125 9.0
v 22.125 -6.375 9.0
v 2.8749999999999964 -6.625 9.75
v 2.8749999999999964 -6.125 9.75
v 21.875 -6.125 9.75
v 21.875 -6.625 9.75
v 2.8749999999999964 -6.625 9.0
v 2.8749999999999964 -6.375 9.0
v 2.8749999999999964 -6.125 9.0
v 2.8749999999999964 -6.125 9.25
v 2.8749999999999964 -5.875 9.25
v 2.8749999999999964 -5.625 9.25
v 2.8749999999999964 -5.625 10.0
v 2.8749999999999964 -6.125 10.0
v 2.8749999999999964 -6.625 9.5
v -4.1250000000000036 -6.125 10.0
v -3.1250000000000036 -6.125 10.0
v -3.1250000000000036 -5.625 10.0
v -3.3750000000000036 -5.625 10.0
v 21.875 -6.125 10.0
v 21.875 -5.625 10.0
v 3.1249999999999964 -5.625 10.0
v 20.875 -5.625 -3.0
v 20.875 -5.625 -2.75
v -3.3750000000000036 6.375 10.0
v -3.3750000000000036 7.125 10.0
v 21.875 6.375 10.0
v 21.875 7.125 10.0
v -4.1250000000000036 -5.625 10.25
v -3.3750000000000036 -5.625 10.25
v -3.1250000000000036 -5.625 10.25
v -3.1250000000000036 -5.125 10.25
v -3.3750000000000036 -5.125 10.25
v -3.1250000000000036 -5.625 10.5
v -3.1250000000000036 -5.125 10.5
v -3.1250000000000036 -5.375 10.5
v -3.1250000000000036 -6.625 9.0
v 21.875 -6.625 9.0
v -3.3750000000000036 5.875 10.25
v -3.3750000000000036 6.375 10.25
v -3.3750000000000036 6.875 9.0
v 21.875 5.875 10.25
v 21.875 6.375 10.25
v 21.875 6.875 9.0
v -20.625000000000004 6.625 -0.5
v -20.625000000000004 6.625 -1.75
v -20.125000000000004 6.625 -1.75
v -19.875000000000004 6.625 -1.75
v -19.875000000000004 6.625 -0.5
v -20.125000000000004 6.625 -0.5
v -19.125000000000004 6.625 -0.5
v -19.125000000000004 6.625 -1.75
v -18.625 6.625 -1.75
v -18.375 6.625 -1.75
v -18.375 6.625 -0.5
v -18.625 6.625 -0.5
v -17.625 6.625 -0.5
v -17.625 6.625 -1.75
v -17.125 6.625 -1.75
v -16.875 6.625 -1.75
v -16.875 6.625 -0.5
v -17.125 6.625 -0.5
v -20.625000000000004 6.625 2.5
v -20.625000000000004 6.625 1.25
v -20.125000000000004 6.625 1.25
v -19.875000000000004 6.625 1.25
v -19.875000000000004 6.625 2.5
v -20.125000000000004 6.625 2.5
v -16.125 6.625 -0.5
v -16.125 6.625 -1.75
v -15.625000000000002 6.625 -1.75
v -15.375000000000002 6.625 -1.75
v -15.375000000000002 6.625 -0.5
v -15.625000000000002 6.625 -0.5
v -19.125000000000004 6.625 2.5
v -19.125000000000004 6.625 1.25
v -18.625 6.625 1.25
v -18.375 6.625 1.25
v -18.375 6.625 2.5
v -18.625 6.625 2.5
v -14.625000000000002 6.625 -0.5
v -14.625000000000002 6.625 -1.75
v -14.125000000000002 6.625 -1.75
v -13.875000000000002 6.625 -1.75
v -13.875000000000002 6.625 -0.5
v -14.125000000000002 6.625 -0.5
v -17.625 6.625 2.5
v -17.625 6.625 1.25
v -17.125 6.625 1.25
v -16.875 6.625 1.25
v -16.875 6.625 2.5
v -17.125 6.625 2.5
v -20.625000000000004 6.625 5.5
v -20.625000000000004 6.625 4.25
v -20.125000000000004 6.625 4.25
v -19.875000000000004 6.625 4.25
v -19.875000000000004 6.625 5.5
v -20.125000000000004 6.625 5.5
v -13.125000000000002 6.625 -0.5
v -13.125000000000002 6.625 -1.75
v -12.625000000000002 6.625 -1.75
v -12.375000000000002 6.625 -1.75
v -12.375000000000002 6.625 -0.5
v -12.625000000000002 6.625 -0.5
v -16.125 6.625 2.5
v -16.125 6.625 1.25
v -15.625000000000002 6.625 1.25
v -15.375000000000002 6.625 1.25
v -15.375000000000002 6.625 2.5
v -15.625000000000002 6.625 2.5
v -19.125000000000004 6.625 5.5
v -19.125000000000004 6.625 4.25
v -18.625 6.625 4.25
v -18.375 6.625 4.25
v -18.375 6.625 5.5
v -18.625 6.625 5.5
v -11.625000000000002 6.625 -0.5
v -11.625000000000002 6.625 -1.75
v -11.125000000000002 6.625 -1.75
v -10.875000000000002 6.625 -1.75
v -10.875000000000002 6.625 -0.5
v -11.125000000000002 6.625 -0.5
v -14.625000000000002 6.625 2.5
v -14.625000000000002 6.625 1.25
v -14.125000000000002 6.625 1.25
v -13.875000000000002 6.625 1.25
v -13.875000000000002 6.625 2.5
v -14.125000000000002 6.625 2.5
v -17.625 6.625 5.5
v -17.625 6.625 4.25
v -17.125 6.625 4.25
v -16.875 6.625 4.25
v -16.875 6.625 5.5
v -17.125 6.625 5.5
v -20.625000000000004 6.625 8.5
v -20.625000000000004 6.625 7.25
v -20.125000000000004 6.625 7.25
v -19.875000000000004 6.625 7.25
v -19.875000000000004 6.625 8.5
v -20.125000000000004 6.625 8.5
v -10.125000000000002 6.625 -0.5
v -10.125000000000002 6.625 -1.75
v -9.625000000000002 6.625 -1.75
v -9.375000000000002 6.625 -1.75
v -9.375000000000002 6.625 -0.5
v -9.625000000000002 6.625 -0.5
v -13.125000000000002 6.625 2.5
v -13.125000000000002 6.625 1.25
v -12.625000000000002 6.625 1.25
v -12.375000000000002 6.625 1.25
v -12.375000000000002 6.625 2.5
v -12.625000000000002 6.625 2.5
v -16.125 6.625 5.5
v -16.125 6.625 4.25
v -15.625000000000002 6.625 4.25
v -15.375000000000002 6.625 4.25
v -15.375000000000002 6.625 5.5
v -15.625000000000002 6.625 5.5
v -19.125000000000004 6.625 8.5
v -19.125000000000004 6.625 7.25
v -18.625 6.625 7.25
v -18.375 6.625 7.25
v -18.375 6.625 8.5
v -18.625 6.625 8.5
v -8.625000000000002 6.625 -0.5
v -8.625000000000002 6.625 -1.75
v -8.125000000000002 6.625 -1.75
v -7.875000000000002 6.625 -1.75
v -7.875000000000002 6.625 -0.5
v -8.125000000000002 6.625 -0.5
v -11.625000000000002 6.625 2.5
v -11.625000000000002 6.625 1.25
v -11.125000000000002 6.625 1.25
v -10.875000000000002 6.625 1.25
v -10.875000000000002 6.625 2.5
v -11.125000000000002 6.625 2.5
v -14.625000000000002 6.625 5.5
v -14.625000000000002 6.625 4.25
v -14.125000000000002 6.625 4.25
v -13.875000000000002 6.625 4.25
v -13.875000000000002 6.625 5.5
v -14.125000000000002 6.625 5.5
v -17.625 6.625 8.5
v -17.625 6.625 7.25
v -17.125 6.625 7.25
v -16.875 6.625 7.25
v -16.875 6.625 8.5
v -17.125 6.625 8.5
v -7.125000000000002 6.625 -0.5
v -7.125000000000002 6.625 -1.75
v -6.625000000000002 6.625 -1.75
v -6.375000000000002 6.625 -1.75
v -6.375000000000002 6.625 -0.5
v -6.625000000000002 6.625 -0.5
v -10.125000000000002 6.625 2.5
v -10.125000000000002 6.625 1.25
v -9.625000000000002 6.625 1.25
v -9.375000000000002 6.625 1.25
v -9.375000000000002 6.625 2.5
v -9.625000000000002 6.625 2.5
v -13.125000000000002 6.625 5.5
v -13.125000000000002 6.625 4.25
v -12.625000000000002 6.625 4.25
v -12.375000000000002 6.625 4.25
v -12.375000000000002 6.625 5.5
v -12.625000000000002 6.625 5.5
v -16.125 6.625 8.5
v -16.125 6.625 7.25
v -15.625000000000002 6.625 7.25
v -15.375000000000002 6.625 7.25
v -15.375000000000002 6.625 8.5
v -15.625000000000002 6.625 8.5
v -5.625000000000002 6.625 -0.5
v -5.625000000000002 6.625 -1.75
v -5.125000000000002 6.625 -1.75
v -4.8750000000000036 6.625 -1.75
v -4.8750000000000036 6.625 -0.5
v -5.125000000000002 6.625 -0.5
v -8.625000000000002 6.625 2.5
v -8.625000000000002 6.625 1.25
v -8.125000000000002 6.625 1.25
v -7.875000000000002 6.625 1.25
v -7.875000000000002 6.625 2.5
v -8.125000000000002 6.625 2.5
v -11.625000000000002 6.625 5.5
v -11.625000000000002 6.625 4.25
v -11.125000000000002 6.625 4.25
v -10.875000000000002 6.625 4.25
v -10.875000000000002 6.625 5.5
v -11.125000000000002 6.625 5.5
v -14.625000000000002 6.625 8.5
v -14.625000000000002 6.625 7.25
v -14.125000000000002 6.625 7.25
v -13.875000000000002 6.625 7.25
v -13.875000000000002 6.625 8.5
v -14.125000000000002 6.625 8.5
v -4.1250000000000036 6.625 -0.5
v -4.1250000000000036 6.625 -1.75
v -3.6250000000000036 6.625 -1.75
v -3.3750000000000036 6.625 -1.75
v -3.3750000000000036 6.625 -0.5
v -3.6250000000000036 6.625 -0.5
v -7.125000000000002 6.625 2.5
v -7.125000000000002 6.625 1.25
v -6.625000000000002 6.625 1.25
v -6.375000000000002 6.625 1.25
v -6.375000000000002 6.625 2.5
v -6.625000000000002 6.625 2.5
v -10.125000000000002 6.625 5.5
v -10.125000000000002 6.625 4.25
v -9.625000000000002 6.625 4.25
v -9.375000000000002 6.625 4.25
v -9.375000000000002 6.625 5.5
v -9.625000000000002 6.625 5.5
v -13.125000000000002 6.625 8.5
v -13.125000000000002 6.625 7.25
v -12.625000000000002 6.625 7.25
v -12.375000000000002 6.625 7.25
v -12.375000000000002 6.625 8.5
v -12.625000000000002 6.625 8.5
v -5.625000000000002 6.625 2.5
v -5.625000000000002 6.625 1.25
v -5.125000000000002 6.625 1.25
v -4.8750000000000036 6.625 1.25
v -4.8750000000000036 6.625 2.5
v -5.125000000000002 6.625 2.5
v -8.625000000000002 6.625 5.5
v -8.625000000000002 6.625 4.25
v -8.125000000000002 6.625 4.25
v -7.875000000000002 6.625 4.25
v -7.875000000000002 6.625 5.5
v -8.125000000000002 6.625 5.5
v -11.625000000000002 6.625 8.5
v -11.625000000000002 6.625 7.25
v -11.125000000000002 6.625 7.25
v -10.875000000000002 6.625 7.25
v -10.875000000000002 6.625 8.5
v -11.125000000000002 6.625 8.5
v -4.1250000000000036 6.625 2.5
v -4.1250000000000036 6.625 1.25
v -3.6250000000000036 6.625 1.25
v -3.3750000000000036 6.625 1.25
v -3.3750000000000036 6.625 2.5
v -3.6250000000000036 6.625 2.5
v -7.125000000000002 6.625 5.5
v -7.125000000000002 6.625 4.25
v -6.625000000000002 6.625 4.25
v -6.375000000000002 6.625 4.25
v -6.375000000000002 6.625 5.5
v -6.625000000000002 6.625 5.5
v -10.125000000000002 6.625 8.5
v -10.125000000000002 6.625 7.25
v -9.625000000000002 6.625 7.25
v -9.375000000000002 6.625 7.25
v -9.375000000000002 6.625 8.5
v -9.625000000000002 6.625 8.5
v -5.625000000000002 6.625 5.5
v -5.625000000000002 6.625 4.25
v -5.125000000000002 6.625 4.25
v -4.8750000000000036 6.625 4.25
v -4.8750000000000036 6.625 5.5
v -5.125000000000002 6.625 5.5
v -8.625000000000002 6.625 8.5
v -8.625000000000002 6.625 7.25
v -8.125000000000002 6.625 7.25
v -7.875000000000002 6.625 7.25
v -7.875000000000002 6.625 8.5
v -8.125000000000002 6.625 8.5
v -4.1250000000000036 6.625 5.5
v -4.1250000000000036 6.625 4.25
v -3.6250000000000036 6.625 4.25
v -3.3750000000000036 6.625 4.25
v -3.3750000000000036 6.625 5.5
v -3.6250000000000036 6.625 5.5
v -7.125000000000002 6.625 8.5
v -7.125000000000002 6.625 7.25
v -6.625000000000002 6.625 7.25
v -6.375000000000002 6.625 7.25
v -6.375000000000002 6.625 8.5
v -6.625000000000002 6.625 8.5
v -5.625000000000002 6.625 8.5
v -5.625000000000002 6.625 7.25
v -5.125000000000002 6.625 7.25
v -4.8750000000000036 6.625 7.25
v -4.8750000000000036 6.625 8.5
v -5.125000000000002 6.625 8.5
v -4.1250000000000036 6.625 8.5
v -4.1250000000000036 6.625 7.25
v -3.6250000000000036 6.625 7.25
v -3.3750000000000036 6.625 7.25
v -3.3750000000000036 6.625 8.5
v -3.6250000000000036 6.625 8.5
v -20.625000000000004 6.375 -1.75
v -19.875000000000004 6.375 -1.75
v -20.125000000000004 6.375 -1.75
v -20.625000000000004 6.375 -0.75
v -20.625000000000004 6.375 -0.5
v -19.875000000000004 6.375 -0.75
v -19.875000000000004 6.375 -0.5
v -19.125000000000004 6.375 -1.75
v -18.375 6.375 -1.75
v -18.625 6.375 -1.75
v -19.125000000000004 6.375 -0.75
v -19.125000000000004 6.375 -0.5
v -18.375 6.375 -0.75
v -18.375 6.375 -0.5
v -17.625 6.375 -1.75
v -16.875 6.375 -1.75
v -17.125 6.375 -1.75
v -17.625 6.375 -0.75
v -17.625 6.375 -0.5
v -16.875 6.375 -0.75
v -16.875 6.375 -0.5
v -20.625000000000004 6.375 1.25
v -19.875000000000004 6.375 1.25
v -20.125000000000004 6.375 1.25
v -20.625000000000004 6.375 2.25
v -20.625000000000004 6.375 2.5
v -19.875000000000004 6.375 2.25
v -19.875000000000004 6.375 2.5
v -16.125 6.375 -1.75
v -15.375000000000002 6.375 -1.75
v -15.625000000000002 6.375 -1.75
v -16.125 6.375 -0.75
v -16.125 6.375 -0.5
v -15.375000000000002 6.375 -0.75
v -15.375000000000002 6.375 -0.5
v -19.125000000000004 6.375 1.25
v -18.375 6.375 1.25
v -18.625 6.375 1.25
v -19.125000000000004 6.375 2.25
v -19.125000000000004 6.375 2.5
v -18.375 6.375 2.25
v -18.375 6.375 2.5
v -14.625000000000002 6.375 -1.75
v -13.875000000000002 6.375 -1.75
v -14.125000000000002 6.375 -1.75
v -14.625000000000002 6.375 -0.75
v -14.625000000000002 6.375 -0.5
v -13.875000000000002 6.375 -0.75
v -13.875000000000002 6.375 -0.5
v -17.625 6.375 1.25
v -16.875 6.375 1.25
v -17.125 6.375 1.25
v -17.625 6.375 2.25
v -17.625 6.375 2.5
v -16.875 6.375 2.25
v -16.875 6.375 2.5
v -20.625000000000004 6.375 4.25
v -19.875000000000004 6.375 4.25
v -20.125000000000004 6.375 4.25
v -20.625000000000004 6.375 5.25
v -20.625000000000004 6.375 5.5
v -19.875000000000004 6.375 5.25
v -19.875000000000004 6.375 5.5
v -13.125000000000002 6.375 -1.75
v -12.375000000000002 6.375 -1.75
v -12.625000000000002 6.375 -1.75
v -13.125000000000002 6.375 -0.75
v -13.125000000000002 6.375 -0.5
v -12.375000000000002 6.375 -0.75
v -12.375000000000002 6.375 -0.5
v -16.125 6.375 1.25
v -15.375000000000002 6.375 1.25
v -15.625000000000002 6.375 1.25
v -16.125 6.375 2.25
v -16.125 6.375 2.5
v -15.375000000000002 6.375 2.25
v -15.375000000000002 6.375 2.5
v -19.125000000000004 6.375 4.25
v -18.375 6.375 4.25
v -18.625 6.375 4.25
v -19.125000000000004 6.375 5.25
v -19.125000000000004 6.375 5.5
v -18.375 6.375 5.25
v -18.375 6.375 5.5
v -11.625000000000002 6.375 -1.75
v -10.875000000000002 6.375 -1.75
v -11.125000000000002 6.375 -1.75
v -11.625000000000002 6.375 -0.75
v -11.625000000000002 6.375 -0.5
v -10.875000000000002 6.375 -0.75
v -10.875000000000002 6.375 -0.5
v -14.625000000000002 6.375 1.25
v -13.875000000000002 6.375 1.25
v -14.125000000000002 6.375 1.25
v -14.625000000000002 6.375 2.25
v -14.625000000000002 6.375 2.5
v -13.875000000000002 6.375 2.25
v -13.875000000000002 6.375 2.5
v -17.625 6.375 4.25
v -16.875 6.375 4.25
v -17.125 6.375 4.25
v -17.625 6.375 5.25
v -17.625 6.375 5.5
v -16.875 6.375 5.25
v -16.875 6.375 5.5
v -20.625000000000004 6.375 7.25
v -19.875000000000004 6.375 7.25
v -20.125000000000004 6.375 7.25
v -20.625000000000004 6.375 8.25
v -20.625000000000004 6.375 8.5
v -19.875000000000004 6.375 8.25
v -19.875000000000004 6.375 8.5
v -10.125000000000002 6.375 -1.75
v -9.375000000000002 6.375 -1.75
v -9.625000000000002 6.375 -1.75
v -10.125000000000002 6.375 -0.75
v -10.125000000000002 6.375 -0.5
v -9.375000000000002 6.375 -0.75
v -9.375000000000002 6.375 -0.5
v -13.125000000000002 6.375 1.25
v -12.375000000000002 6.375 1.25
v -12.625000000000002 6.375 1.25
v -13.125000000000002 6.375 2.25
v -13.125000000000002 6.375 2.5
v -12.375000000000002 6.375 2.25
v -12.375000000000002 6.375 2.5
v -16.125 6.375 4.25
v -15.375000000000002 6.375 4.25
v -15.625000000000002 6.375 4.25
v -16.125 6.375 5.25
v -16.125 6.375 5.5
v -15.375000000000002 6.375 5.25
v -15.375000000000002 6.375 5.5
v -19.125000000000004 6.375 7.25
v -18.375 6.375 7.25
v -18.625 6.375 7.25
v -19.125000000000004 6.375 8.25
v -19.125000000000004 6.375 8.5
v -18.375 6.375 8.25
v -18.375 6.375 8.5
v -8.625000000000002 6.375 -1.75
v -7.875000000000002 6.375 -1.75
v -8.125000000000002 6.375 -1.75
v -8.625000000000002 6.375 -0.75
v -8.625000000000002 6.375 -0.5
v -7.875000000000002 6.375 -0.75
v -7.875000000000002 6.375 -0.5
v -11.625000000000002 6.375 1.25
v -10.875000000000002 6.375 1.25
v -11.125000000000002 6.375 1.25
v -11.625000000000002 6.375 2.25
v -11.625000000000002 6.375 2.5
v -10.875000000000002 6.375 2.25
v -10.875000000000002 6.375 2.5
v -14.625000000000002 6.375 4.25
v -13.875000000000002 6.375 4.25
v -14.125000000000002 6.375 4.25
v -14.625000000000002 6.375 5.25
v -14.625000000000002 6.375 5.5
v -13.875000000000002 6.375 5.25
v -13.875000000000002 6.375 5.5
v -17.625 6.375 7.25
v -16.875 6.375 7.25
v -17.125 6.375 7.25
v -17.625 6.375 8.25
v -17.625 6.375 8.5
v -16.875 6.375 8.25
v -16.875 6.375 8.5
v -7.125000000000002 6.375 -1.75
v -6.375000000000002 6.375 -1.75
v -6.625000000000002 6.375 -1.75
v -7.125000000000002 6.375 -0.75
v -7.125000000000002 6.375 -0.5
v -6.375000000000002 6.375 -0.75
v -6.375000000000002 6.375 -0.5
v -10.125000000000002 6.375 1.25
v -9.375000000000002 6.375 1.25
v -9.625000000000002 6.375 1.25
v -10.125000000000002 6.375 2.25
v -10.125000000000002 6.375 2.5
v -9.375000000000002 6.375 2.25
v -9.375000000000002 6.375 2.5
v -13.125000000000002 6.375 4.25
v -12.375000000000002 6.375 4.25
v -12.625000000000002 6.375 4.25
v -13.125000000000002 6.375 5.25
v -13.125000000000002 6.375 5.5
v -12.375000000000002 6.375 5.25
v -12.375000000000002 6.375 5.5
v -16.125 6.375 7.25
v -15.375000000000002 6.375 7.25
v -15.625000000000002 6.375 7.25
v -16.125 6.375 8.25
v -16.125 6.375 8.5
v -15.375000000000002 6.375 8.25
v -15.375000000000002 6.375 8.5
v -5.625000000000002 6.375 -1.75
v -4.8750000000000036 6.375 -1.75
v -5.125000000000002 6.375 -1.75
v -5.625000000000002 6.375 -0.75
v -5.625000000000002 6.375 -0.5
v -4.8750000000000036 6.375 -0.75
v -4.8750000000000036 6.375 -0.5
v -8.625000000000002 6.375 1.25
v -7.875000000000002 6.375 1.25
v -8.125000000000002 6.375 1.25
v -8.625000000000002 6.375 2.25
v -8.625000000000002 6.375 2.5
v -7.875000000000002 6.375 2.25
v -7.875000000000002 6.375 2.5
v -11.625000000000002 6.375 4.25
v -10.875000000000002 6.375 4.25
v -11.125000000000002 6.375 4.25
v -11.625000000000002 6.375 5.25
v -11.625000000000002 6.375 5.5
v -10.875000000000002 6.375 5.25
v -10.875000000000002 6.375 5.5
v -14.625000000000002 6.375 7.25
v -13.875000000000002 6.375 7.25
v -14.125000000000002 6.375 7.25
v -14.625000000000002 6.375 8.25
v -14.625000000000002 6.375 8.5
v -13.875000000000002 6.375 8.25
v -13.875000000000002 6.375 8.5
v -4.1250000000000036 6.375 -1.75
v -3.3750000000000036 6.375 -1.75
v -3.6250000000000036 6.375 -1.75
v -4.1250000000000036 6.375 -0.75
v -4.1250000000000036 6.375 -0.5
v -3.3750000000000036 6.375 -0.75
v -3.3750000000000036 6.375 -0.5
v -7.125000000000002 6.375 1.25
v -6.375000000000002 6.375 1.25
v -6.625000000000002 6.375 1.25
v -7.125000000000002 6.375 2.25
v -7.125000000000002 6.375 2.5
v -6.375000000000002 6.375 2.25
v -6.375000000000002 6.375 2.5
v -10.125000000000002 6.375 4.25
v -9.375000000000002 6.375 4.25
v -9.625000000000002 6.375 4.25
v -10.125000000000002 6.375 5.25
v -10.125000000000002 6.375 5.5
v -9.375000000000002 6.375 5.25
v -9.375000000000002 6.375 5.5
v -13.125000000000002 6.375 7.25
v -12.375000000000002 6.375 7.25
v -12.625000000000002 6.375 7.25
v -13.125000000000002 6.375 8.25
v -13.125000000000002 6.375 8.5
v -12.375000000000002 6.375 8.25
v -12.375000000000002 6.375 8.5
v -5.625000000000002 6.375 1.25
v -4.8750000000000036 6.375 1.25
v -5.125000000000002 6.375 1.25
v -5.625000000000002 6.375 2.25
v -5.625000000000002 6.375 2.5
v -4.8750000000000036 6.375 2.25
v -4.8750000000000036 6.375 2.5
v -8.625000000000002 6.375 4.25
v -7.875000000000002 6.375 4.25
v -8.125000000000002 6.375 4.25
v -8.625000000000002 6.375 5.25
v -8.625000000000002 6.375 5.5
v -7.875000000000002 6.375 5.25
v -7.875000000000002 6.375 5.5
v -11.625000000000002 6.375 7.25
v -10.875000000000002 6.375 7.25
v -11.125000000000002 6.375 7.25
v -11.625000000000002 6.375 8.25
v -11.625000000000002 6.375 8.5
v -10.875000000000002 6.375 8.25
v -10.875000000000002 6.375 8.5
v -4.1250000000000036 6.375 1.25
v -3.3750000000000036 6.375 1.25
v -3.6250000000000036 6.375 1.25
v -4.1250000000000036 6.375 2.25
v -4.1250000000000036 6.375 2.5
v -3.3750000000000036 6.375 2.25
v -3.3750000000000036 6.375 2.5
v -7.125000000000002 6.375 4.25
v -6.375000000000002 6.375 4.25
v -6.625000000000002 6.375 4.25
v -7.125000000000002 6.375 5.25
v -7.125000000000002 6.375 5.5
v -6.375000000000002 6.375 5.25
v -6.375000000000002 6.375 5.5
v -10.125000000000002 6.375 7.25
v -9.375000000000002 6.375 7.25
v -9.625000000000002 6.375 7.25
v -10.125000000000002 6.375 8.25
v -10.125000000000002 6.375 8.5
v -9.375000000000002 6.375 8.25
v -9.375000000000002 6.375 8.5
v -5.625000000000002 6.375 4.25
v -4.8750000000000036 6.375 4.25
v -5.125000000000002 6.375 4.25
v -5.625000000000002 6.375 5.25
v -5.625000000000002 6.375 5.5
v -4.8750000000000036 6.375 5.25
v -4.8750000000000036 6.375 5.5
v -8.625000000000002 6.375 7.25
v -7.875000000000002 6.375 7.25
v -8.125000000000002 6.375 7.25
v -8.625000000000002 6.375 8.25
v -8.625000000000002 6.375 8.5
v -7.875000000000002 6.375 8.25
v -7.875000000000002 6.375 8.5
v -4.1250000000000036 6.375 4.25
v -3.3750000000000036 6.375 4.25
v -3.6250000000000036 6.375 4.25
v -4.1250000000000036 6.375 5.25
v -4.1250000000000036 6.375 5.5
v -3.3750000000000036 6.375 5.25
v -3.3750000000000036 6.375 5.5
v -7.125000000000002 6.375 7.25
v -6.375000000000002 6.375 7.25
v -6.625000000000002 6.375 7.25
v -7.125000000000002 6.375 8.25
v -7.125000000000002 6.375 8.5
v -6.375000000000002 6.375 8.25
v -6.375000000000002 6.375 8.5
v -5.625000000000002 6.375 7.25
v -4.8750000000000036 6.375 7.25
v -5.125000000000002 6.375 7.25
v -5.625000000000002 6.375 8.25
v -5.625000000000002 6.375 8.5
v -4.8750000000000036 6.375 8.25
v -4.8750000000000036 6.375 8.5
v -4.1250000000000036 6.375 7.25
v -3.3750000000000036 6.375 7.25
v -3.6250000000000036 6.375 7.25
v -4.1250000000000036 6.375 8.25
v -4.1250000000000036 6.375 8.5
v -3.3750000000000036 6.375 8.25
v -3.3750000000000036 6.375 8.5
v -4.3750000000000036 -5.125 10.5
v -4.1250000000000036 -5.125 10.5
v -4.1250000000000036 -4.875 10.5
v -3.1250000000000036 -4.875 10.5
v -3.1250000000000036 -4.625 10.5
v -3.3750000000000036 -4.625 10.5
v -3.1250000000000036 -4.875 10.75
v -3.1250000000000036 -4.625 10.75
v -4.1250000000000036 -6.625 10.0
v -4.1250000000000036 -6.375 10.0
v -4.1250000000000036 -6.125 10.25
v -4.1250000000000036 -5.875 10.25
v -4.1250000000000036 -5.625 10.5
v -4.1250000000000036 -5.375 10.5
v -4.1250000000000036 -4.875 10.75
v -4.1250000000000036 -4.625 10.75
v -4.1250000000000036 -4.375 10.75
v -4.1250000000000036 -4.375 11.0
v -4.1250000000000036 -3.875 11.0
v -4.1250000000000036 -3.625 11.0
v -4.1250000000000036 -2.625 11.25
v -4.1250000000000036 -1.375 11.75
v -4.1250000000000036 3.875 11.75
v -4.1250000000000036 4.125 11.75
v -4.1250000000000036 4.125 11.5
v -4.1250000000000036 5.125 11.5
v -4.1250000000000036 5.375 11.5
v -4.1250000000000036 5.375 11.25
v -4.1250000000000036 6.125 11.25
v -4.1250000000000036 6.375 11.25
v -4.1250000000000036 6.375 11.0
v -4.1250000000000036 6.875 11.0
v -4.1250000000000036 7.125 11.0
v -4.1250000000000036 7.125 10.75
v -4.1250000000000036 7.375 10.75
v -4.1250000000000036 7.625 10.75
v -4.1250000000000036 7.625 10.5
v -4.1250000000000036 8.125 10.5
v -4.1250000000000036 8.375 10.5
v -4.1250000000000036 8.375 10.25
v -4.1250000000000036 8.625 10.25
v -4.1250000000000036 8.875 10.25
v -4.1250000000000036 8.875 10.0
v -4.1250000000000036 9.375 10.0
v -4.1250000000000036 9.625 10.0
v -4.1250000000000036 9.625 10.5
v -4.1250000000000036 9.625 10.75
v -4.1250000000000036 8.875 10.75
v -4.1250000000000036 8.875 11.0
v -4.1250000000000036 8.375 11.0
v -4.1250000000000036 8.375 11.25
v -4.1250000000000036 7.625 11.25
v -4.1250000000000036 7.625 11.5
v -4.1250000000000036 7.125 11.5
v -4.1250000000000036 7.125 11.75
v -4.1250000000000036 6.125 11.75
v -4.1250000000000036 6.125 12.0
v -4.1250000000000036 5.125 12.0
v -4.1250000000000036 5.125 12.25
v -4.1250000000000036 3.625 12.25
v -4.1250000000000036 3.625 12.5
v -4.1250000000000036 -0.625 12.5
v -4.1250000000000036 -0.625 12.25
v -4.1250000000000036 -2.375 12.25
v -4.1250000000000036 -2.375 12.0
v -4.1250000000000036 -3.375 12.0
v -4.1250000000000036 -3.375 11.75
v -4.1250000000000036 -4.375 11.75
v -4.1250000000000036 -4.375 11.5
v -4.1250000000000036 -4.875 11.5
v -4.1250000000000036 -4.875 11.25
v -4.1250000000000036 -5.625 11.25
v -4.1250000000000036 -5.625 11.0
v -4.1250000000000036 -6.125 11.0
v -4.1250000000000036 -6.125 10.75
v -4.1250000000000036 -6.625 10.75
v -4.1250000000000036 -6.625 10.5
v -3.1250000000000036 -6.125 9.25
v 21.875 -6.125 9.25
v -3.3750000000000036 5.375 10.5
v -3.3750000000000036 5.875 10.5
v -21.375000000000004 6.375 9.25
v 21.875 5.375 10.5
v 21.875 5.875 10.5
v 3.8749999999999964 -6.625 10.75
v 3.8749999999999964 -6.125 10.75
v 3.3749999999999964 6.625 9.25
v 21.875 6.375 9.25
v -21.375000000000004 -5.625 9.5
v 21.875 -5.625 9.5
v -21.375000000000004 5.875 9.5
v 21.875 5.875 9.5
v -21.375000000000004 -5.125 9.75
v 21.875 -5.125 9.75
v -21.375000000000004 5.375 9.75
v 21.875 5.375 9.75
v 3.8749999999999964 -6.625 10.0
v -21.375000000000004 -4.625 10.0
v 21.875 -4.625 10.0
v -21.375000000000004 4.625 10.0
v -4.3750000000000036 -4.625 10.75
v -3.1250000000000036 -4.375 10.75
v -3.1250000000000036 -3.625 10.75
v -3.3750000000000036 -3.625 10.75
v -3.1250000000000036 -4.375 11.0
v -3.1250000000000036 -3.875 11.0
v 21.875 4.625 10.0
v 3.8749999999999964 8.875 10.0
v 3.8749999999999964 -6.125 10.25
v -21.375000000000004 -3.875 10.25
v 21.875 -3.875 10.25
v -21.375000000000004 3.875 10.25
v 21.875 3.875 10.25
v 21.875 -4.625 10.75
v 21.875 -3.625 10.75
v 3.1249999999999964 -3.625 10.75
v 3.1249999999999964 -3.875 10.75
v 3.1249999999999964 -4.375 10.75
v 3.1249999999999964 -4.375 11.0
v 3.1249999999999964 -3.875 11.0
v 3.1249999999999964 -3.625 11.0
v -3.3750000000000036 8.375 10.25
v 3.8749999999999964 8.375 10.25
v -3.3750000000000036 -5.625 10.5
v 3.8749999999999964 -5.625 10.5
v -21.375000000000004 -3.125 10.5
v 21.875 -3.125 10.5
v -21.375000000000004 2.625 10.5
v 21.875 2.625 10.5
v -3.3750000000000036 7.625 10.5
v 3.8749999999999964 7.625 10.5
v -3.3750000000000036 -4.625 10.75
v -3.3750000000000036 -4.875 10.75
v 3.8749999999999964 -4.625 10.75
v 3.8749999999999964 -4.875 10.75
v -21.375000000000004 -1.875 10.75
v 21.875 -1.875 10.75
v -3.3750000000000036 7.125 10.75
v 3.8749999999999964 7.125 10.75
v -3.3750000000000036 -4.375 11.0
v -3.3750000000000036 -3.625 11.0
v 3.8749999999999964 -4.375 11.0
v -3.3750000000000036 6.375 11.0
v 3.8749999999999964 6.375 11.0
v 3.1249999999999964 -3.625 11.25
v 3.8749999999999964 -3.625 11.25
v 3.1249999999999964 -2.875 11.25
v 3.1249999999999964 -3.125 11.25
v 3.1249999999999964 -2.875 11.0
v 3.1249999999999964 -3.125 11.0
v -3.3750000000000036 5.375 11.25
v 3.8749999999999964 5.375 11.25
v 3.1249999999999964 -2.625 11.5
v 3.8749999999999964 -2.625 11.5
v 3.1249999999999964 -1.625 11.5
v 3.1249999999999964 -2.625 11.25
v 3.1249999999999964 -1.375 11.25
v 3.1249999999999964 -1.625 11.25
v -3.3750000000000036 4.125 11.5
v 3.8749999999999964 4.125 11.5
v -3.3750000000000036 -1.375 11.75
v -3.3750000000000036 4.625 10.75
v -3.3750000000000036 5.375 10.75
v 3.8749999999999964 -1.375 11.75
v 21.875 4.625 10.75
v 21.875 5.375 10.75
v 3.8749999999999964 8.875 10.75
v 3.8749999999999964 -6.125 11.0
v 3.8749999999999964 -5.625 11.0
v 3.3749999999999964 6.625 -0.5
v 3.3749999999999964 6.625 -1.75
v 3.8749999999999964 6.625 -1.75
v 4.1249999999999964 6.625 -1.75
v 4.1249999999999964 6.625 -0.5
v 3.8749999999999964 6.625 -0.5
v 4.8749999999999964 6.625 -0.5
v 4.8749999999999964 6.625 -1.75
v 5.3749999999999964 6.625 -1.75
v 5.6249999999999964 6.625 -1.75
v 5.6249999999999964 6.625 -0.5
v 5.3749999999999964 6.625 -0.5
v 6.3749999999999964 6.625 -0.5
v 6.3749999999999964 6.625 -1.75
v 6.8749999999999964 6.625 -1.75
v 7.1249999999999964 6.625 -1.75
v 7.1249999999999964 6.625 -0.5
v 6.8749999999999964 6.625 -0.5
v 3.3749999999999964 6.625 2.5
v 3.3749999999999964 6.625 1.25
v 3.8749999999999964 6.625 1.25
v 4.1249999999999964 6.625 1.25
v 4.1249999999999964 6.625 2.5
v 3.8749999999999964 6.625 2.5
v 7.8749999999999964 6.625 -0.5
v 7.8749999999999964 6.625 -1.75
v 8.374999999999996 6.625 -1.75
v 8.624999999999996 6.625 -1.75
v 8.624999999999996 6.625 -0.5
v 8.374999999999996 6.625 -0.5
v 4.8749999999999964 6.625 2.5
v 4.8749999999999964 6.625 1.25
v 5.3749999999999964 6.625 1.25
v 5.6249999999999964 6.625 1.25
v 5.6249999999999964 6.625 2.5
v 5.3749999999999964 6.625 2.5
v 9.374999999999996 6.625 -0.5
v 9.374999999999996 6.625 -1.75
v 9.874999999999996 6.625 -1.75
v 10.124999999999996 6.625 -1.75
v 10.124999999999996 6.625 -0.5
v 9.874999999999996 6.625 -0.5
v 6.3749999999999964 6.625 2.5
v 6.3749999999999964 6.625 1.25
v 6.8749999999999964 6.625 1.25
v 7.1249999999999964 6.625 1.25
v 7.1249999999999964 6.625 2.5
v 6.8749999999999964 6.625 2.5
v 3.3749999999999964 6.625 5.5
v 3.3749999999999964 6.625 4.25
v 3.8749999999999964 6.625 4.25
v 4.1249999999999964 6.625 4.25
v 4.1249999999999964 6.625 5.5
v 3.8749999999999964 6.625 5.5
v 10.874999999999996 6.625 -0.5
v 10.874999999999996 6.625 -1.75
v 11.375 6.625 -1.75
v 11.625 6.625 -1.75
v 11.625 6.625 -0.5
v 11.375 6.625 -0.5
v 7.8749999999999964 6.625 2.5
v 7.8749999999999964 6.625 1.25
v 8.374999999999996 6.625 1.25
v 8.624999999999996 6.625 1.25
v 8.624999999999996 6.625 2.5
v 8.374999999999996 6.625 2.5
v 4.8749999999999964 6.625 5.5
v 4.8749999999999964 6.625 4.25
v 5.3749999999999964 6.625 4.25
v 5.6249999999999964 6.625 4.25
v 5.6249999999999964 6.625 5.5
v 5.3749999999999964 6.625 5.5
v 12.375 6.625 -0.5
v 12.375 6.625 -1.75
v 12.875 6.625 -1.75
v 13.125 6.625 -1.75
v 13.125 6.625 -0.5
v 12.875 6.625 -0.5
v 9.374999999999996 6.625 2.5
v 9.374999999999996 6.625 1.25
v 9.874999999999996 6.625 1.25
v 10.124999999999996 6.625 1.25
v 10.124999999999996 6.625 2.5
v 9.874999999999996 6.625 2.5
v 6.3749999999999964 6.625 5.5
v 6.3749999999999964 6.625 4.25
v 6.8749999999999964 6.625 4.25
v 7.1249999999999964 6.625 4.25
v 7.1249999999999964 6.625 5.5
v 6.8749999999999964 6.625 5.5
v 3.3749999999999964 6.625 8.5
v 3.3749999999999964 6.625 7.25
v 3.8749999999999964 6.625 7.25
v 4.1249999999999964 6.625 7.25
v 4.1249999999999964 6.625 8.5
v 3.8749999999999964 6.625 8.5
v 13.875 6.625 -0.5
v 13.875 6.625 -1.75
v 14.375 6.625 -1.75
v 14.625 6.625 -1.75
v 14.625 6.625 -0.5
v 14.375 6.625 -0.5
v 10.874999999999996 6.625 2.5
v 10.874999999999996 6.625 1.25
v 11.375 6.625 1.25
v 11.625 6.625 1.25
v 11.625 6.625 2.5
v 11.375 6.625 2.5
v 7.8749999999999964 6.625 5.5
v 7.8749999999999964 6.625 4.25
v 8.374999999999996 6.625 4.25
v 8.624999999999996 6.625 4.25
v 8.624999999999996 6.625 5.5
v 8.374999999999996 6.625 5.5
v 4.8749999999999964 6.625 8.5
v 4.8749999999999964 6.625 7.25
v 5.3749999999999964 6.625 7.25
v 5.6249999999999964 6.625 7.25
v 5.6249999999999964 6.625 8.5
v 5.3749999999999964 6.625 8.5
v 15.375 6.625 -0.5
v 15.375 6.625 -1.75
v 15.875 6.625 -1.75
v 16.125 6.625 -1.75
v 16.125 6.625 -0.5
v 15.875 6.625 -0.5
v 12.375 6.625 2.5
v 12.375 6.625 1.25
v 12.875 6.625 1.25
v 13.125 6.625 1.25
v 13.125 6.625 2.5
v 12.875 6.625 2.5
v 9.374999999999996 6.625 5.5
v 9.374999999999996 6.625 4.25
v 9.874999999999996 6.625 4.25
v 10.124999999999996 6.625 4.25
v 10.124999999999996 6.625 5.5
v 9.874999999999996 6.625 5.5
v 6.3749999999999964 6.625 8.5
v 6.3749999999999964 6.625 7.25
v 6.8749999999999964 6.625 7.25
v 7.1249999999999964 6.625 7.25
v 7.1249999999999964 6.625 8.5
v 6.8749999999999964 6.625 8.5
v 16.875 6.625 -0.5
v 16.875 6.625 -1.75
v 17.375 6.625 -1.75
v 17.625 6.625 -1.75
v 17.625 6.625 -0.5
v 17.375 6.625 -0.5
v 13.875 6.625 2.5
v 13.875 6.625 1.25
v 14.375 6.625 1.25
v 14.625 6.625 1.25
v 14.625 6.625 2.5
v 14.375 6.625 2.5
v 10.874999999999996 6.625 5.5
v 10.874999999999996 6.625 4.25
v 11.375 6.625 4.25
v 11.625 6.625 4.25
v 11.625 6.625 5.5
v 11.375 6.625 5.5
v 7.8749999999999964 6.625 8.5
v 7.8749999999999964 6.625 7.25
v 8.374999999999996 6.625 7.25
v 8.624999999999996 6.625 7.25
v 8.624999999999996 6.625 8.5
v 8.374999999999996 6.625 8.5
v 18.375 6.625 -0.5
v 18.375 6.625 -1.75
v 18.875 6.625 -1.75
v 19.125 6.625 -1.75
v 19.125 6.625 -0.5
v 18.875 6.625 -0.5
v 15.375 6.625 2.5
v 15.375 6.625 1.25
v 15.875 6.625 1.25
v 16.125 6.625 1.25
v 16.125 6.625 2.5
v 15.875 6.625 2.5
v 12.375 6.625 5.5
v 12.375 6.625 4.25
v 12.875 6.625 4.25
v 13.125 6.625 4.25
v 13.125 6.625 5.5
v 12.875 6.625 5.5
v 9.374999999999996 6.625 8.5
v 9.374999999999996 6.625 7.25
v 9.874999999999996 6.625 7.25
v 10.124999999999996 6.625 7.25
v 10.124999999999996 6.625 8.5
v 9.874999999999996 6.625 8.5
v 19.625 6.625 -0.5
v 19.625 6.625 -1.75
v 20.125 6.625 -1.75
v 20.375 6.625 -1.75
v 20.375 6.625 -0.5
v 20.125 6.625 -0.5
v 16.875 6.625 2.5
v 16.875 6.625 1.25
v 17.375 6.625 1.25
v 17.625 6.625 1.25
v 17.625 6.625 2.5
v 17.375 6.625 2.5
v 13.875 6.625 5.5
v 13.875 6.625 4.25
v 14.375 6.625 4.25
v 14.625 6.625 4.25
v 14.625 6.625 5.5
v 14.375 6.625 5.5
v 10.874999999999996 6.625 8.5
v 10.874999999999996 6.625 7.25
v 11.375 6.625 7.25
v 11.625 6.625 7.25
v 11.625 6.625 8.5
v 11.375 6.625 8.5
v 18.375 6.625 2.5
v 18.375 6.625 1.25
v 18.875 6.625 1.25
v 19.125 6.625 1.25
v 19.125 6.625 2.5
v 18.875 6.625 2.5
v 15.375 6.625 5.5
v 15.375 6.625 4.25
v 15.875 6.625 4.25
v 16.125 6.625 4.25
v 16.125 6.625 5.5
v 15.875 6.625 5.5
v 12.375 6.625 8.5
v 12.375 6.625 7.25
v 12.875 6.625 7.25
v 13.125 6.625 7.25
v 13.125 6.625 8.5
v 12.875 6.625 8.5
v 19.625 6.625 2.5
v 19.625 6.625 1.25
v 20.125 6.625 1.25
v 20.375 6.625 1.25
v 20.375 6.625 2.5
v 20.125 6.625 2.5
v 16.875 6.625 5.5
v 16.875 6.625 4.25
v 17.375 6.625 4.25
v 17.625 6.625 4.25
v 17.625 6.625 5.5
v 17.375 6.625 5.5
v 13.875 6.625 8.5
v 13.875 6.625 7.25
v 14.375 6.625 7.25
v 14.625 6.625 7.25
v 14.625 6.625 8.5
v 14.375 6.625 8.5
v 18.375 6.625 5.5
v 18.375 6.625 4.25
v 18.875 6.625 4.25
v 19.125 6.625 4.25
v 19.125 6.625 5.5
v 18.875 6.625 5.5
v 15.375 6.625 8.5
v 15.375 6.625 7.25
v 15.875 6.625 7.25
v 16.125 6.625 7.25
v 16.125 6.625 8.5
v 15.875 6.625 8.5
v 19.625 6.625 5.5
v 19.625 6.625 4.25
v 20.125 6.625 4.25
v 20.375 6.625 4.25
v 20.375 6.625 5.5
v 20.125 6.625 5.5
v 16.875 6.625 8.5
v 16.875 6.625 7.25
v 17.375 6.625 7.25
v 17.625 6.625 7.25
v 17.625 6.625 8.5
v 17.375 6.625 8.5
v 18.375 6.625 8.5
v 18.375 6.625 7.25
v 18.875 6.625 7.25
v 19.125 6.625 7.25
v 19.125 6.625 8.5
v 18.875 6.625 8.5
v 19.625 6.625 8.5
v 19.625 6.625 7.25
v 20.125 6.625 7.25
v 20.375 6.625 7.25
v 20.375 6.625 8.5
v 20.125 6.625 8.5
v 3.3749999999999964 6.375 -1.75
v 4.1249999999999964 6.375 -1.75
v 3.8749999999999964 6.375 -1.75
v 3.3749999999999964 6.375 -0.75
v 3.3749999999999964 6.375 -0.5
v 4.1249999999999964 6.375 -0.75
v 4.1249999999999964 6.375 -0.5
v 4.8749999999999964 6.375 -1.75
v 5.6249999999999964 6.375 -1.75
v 5.3749999999999964 6.375 -1.75
v 4.8749999999999964 6.375 -0.75
v 4.8749999999999964 6.375 -0.5
v 5.6249999999999964 6.375 -0.75
v 5.6249999999999964 6.375 -0.5
v 6.3749999999999964 6.375 -1.75
v 7.1249999999999964 6.375 -1.75
v 6.8749999999999964 6.375 -1.75
v 6.3749999999999964 6.375 -0.75
v 6.3749999999999964 6.375 -0.5
v 7.1249999999999964 6.375 -0.75
v 7.1249999999999964 6.375 -0.5
v 3.3749999999999964 6.375 1.25
v 4.1249999999999964 6.375 1.25
v 3.8749999999999964 6.375 1.25
v 3.3749999999999964 6.375 2.25
v 3.3749999999999964 6.375 2.5
v 4.1249999999999964 6.375 2.25
v 4.1249999999999964 6.375 2.5
v 7.8749999999999964 6.375 -1.75
v 8.624999999999996 6.375 -1.75
v 8.374999999999996 6.375 -1.75
v 7.8749999999999964 6.375 -0.75
v 7.8749999999999964 6.375 -0.5
v 8.624999999999996 6.375 -0.75
v 8.624999999999996 6.375 -0.5
v 4.8749999999999964 6.375 1.25
v 5.6249999999999964 6.375 1.25
v 5.3749999999999964 6.375 1.25
v 4.8749999999999964 6.375 2.25
v 4.8749999999999964 6.375 2.5
v 5.6249999999999964 6.375 2.25
v 5.6249999999999964 6.375 2.5
v 9.374999999999996 6.375 -1.75
v 10.124999999999996 6.375 -1.75
v 9.874999999999996 6.375 -1.75
v 9.374999999999996 6.375 -0.75
v 9.374999999999996 6.375 -0.5
v 10.124999999999996 6.375 -0.75
v 10.124999999999996 6.375 -0.5
v 6.3749999999999964 6.375 1.25
v 7.1249999999999964 6.375 1.25
v 6.8749999999999964 6.375 1.25
v 6.3749999999999964 6.375 2.25
v 6.3749999999999964 6.375 2.5
v 7.1249999999999964 6.375 2.25
v 7.1249999999999964 6.375 2.5
v 3.3749999999999964 6.375 4.25
v 4.1249999999999964 6.375 4.25
v 3.8749999999999964 6.375 4.25
v 3.3749999999999964 6.375 5.25
v 3.3749999999999964 6.375 5.5
v 4.1249999999999964 6.375 5.25
v 4.1249999999999964 6.375 5.5
v 10.874999999999996 6.375 -1.75
v 11.625 6.375 -1.75
v 11.375 6.375 -1.75
v 10.874999999999996 6.375 -0.75
v 10.874999999999996 6.375 -0.5
v 11.625 6.375 -0.75
v 11.625 6.375 -0.5
v 7.8749999999999964 6.375 1.25
v 8.624999999999996 6.375 1.25
v 8.374999999999996 6.375 1.25
v 7.8749999999999964 6.375 2.25
v 7.8749999999999964 6.375 2.5
v 8.624999999999996 6.375 2.25
v 8.624999999999996 6.375 2.5
v 4.8749999999999964 6.375 4.25
v 5.6249999999999964 6.375 4.25
v 5.3749999999999964 6.375 4.25
v 4.8749999999999964 6.375 5.25
v 4.8749999999999964 6.375 5.5
v 5.6249999999999964 6.375 5.25
v 5.6249999999999964 6.375 5.5
v 12.375 6.375 -1.75
v 13.125 6.375 -1.75
v 12.875 6.375 -1.75
v 12.375 6.375 -0.75
v 12.375 6.375 -0.5
v 13.125 6.375 -0.75
v 13.125 6.375 -0.5
v 9.374999999999996 6.375 1.25
v 10.124999999999996 6.375 1.25
v 9.874999999999996 6.375 1.25
v 9.374999999999996 6.375 2.25
v 9.374999999999996 6.375 2.5
v 10.124999999999996 6.375 2.25
v 10.124999999999996 6.375 2.5
v 6.3749999999999964 6.375 4.25
v 7.1249999999999964 6.375 4.25
v 6.8749999999999964 6.375 4.25
v 6.3749999999999964 6.375 5.25
v 6.3749999999999964 6.375 5.5
v 7.1249999999999964 6.375 5.25
v 7.1249999999999964 6.375 5.5
v 3.3749999999999964 6.375 7.25
v 4.1249999999999964 6.375 7.25
v 3.8749999999999964 6.375 7.25
v 3.3749999999999964 6.375 8.25
v 3.3749999999999964 6.375 8.5
v 4.1249999999999964 6.375 8.25
v 4.1249999999999964 6.375 8.5
v 13.875 6.375 -1.75
v 14.625 6.375 -1.75
v 14.375 6.375 -1.75
v 13.875 6.375 -0.75
v 13.875 6.375 -0.5
v 14.625 6.375 -0.75
v 14.625 6.375 -0.5
v 10.874999999999996 6.375 1.25
v 11.625 6.375 1.25
v 11.375 6.375 1.25
v 10.874999999999996 6.375 2.25
v 10.874999999999996 6.375 2.5
v 11.625 6.375 2.25
v 11.625 6.375 2.5
v 7.8749999999999964 6.375 4.25
v 8.624999999999996 6.375 4.25
v 8.374999999999996 6.375 4.25
v 7.8749999999999964 6.375 5.25
v 7.8749999999999964 6.375 5.5
v 8.624999999999996 6.375 5.25
v 8.624999999999996 6.375 5.5
v 4.8749999999999964 6.375 7.25
v 5.6249999999999964 6.375 7.25
v 5.3749999999999964 6.375 7.25
v 4.8749999999999964 6.375 8.25
v 4.8749999999999964 6.375 8.5
v 5.6249999999999964 6.375 8.25
v 5.6249999999999964 6.375 8.5
v 15.375 6.375 -1.75
v 16.125 6.375 -1.75
v 15.875 6.375 -1.75
v 15.375 6.375 -0.75
v 15.375 6.375 -0.5
v 16.125 6.375 -0.75
v 16.125 6.375 -0.5
v 12.375 6.375 1.25
v 13.125 6.375 1.25
v 12.875 6.375 1.25
v 12.375 6.375 2.25
v 12.375 6.375 2.5
v 13.125 6.375 2.25
v 13.125 6.375 2.5
v 9.374999999999996 6.375 4.25
v 10.124999999999996 6.375 4.25
v 9.874999999999996 6.375 4.25
v 9.374999999999996 6.375 5.25
v 9.374999999999996 6.375 5.5
v 10.124999999999996 6.375 5.25
v 10.124999999999996 6.375 5.5
v 6.3749999999999964 6.375 7.25
v 7.1249999999999964 6.375 7.25
v 6.8749999999999964 6.375 7.25
v 6.3749999999999964 6.375 8.25
v 6.3749999999999964 6.375 8.5
v 7.1249999999999964 6.375 8.25
v 7.1249999999999964 6.375 8.5
v 16.875 6.375 -1.75
v 17.625 6.375 -1.75
v 17.375 6.375 -1.75
v 16.875 6.375 -0.75
v 16.875 6.375 -0.5
v 17.625 6.375 -0.75
v 17.625 6.375 -0.5
v 13.875 6.375 1.25
v 14.625 6.375 1.25
v 14.375 6.375 1.25
v 13.875 6.375 2.25
v 13.875 6.375 2.5
v 14.625 6.375 2.25
v 14.625 6.375 2.5
v 10.874999999999996 6.375 4.25
v 11.625 6.375 4.25
v 11.375 6.375 4.25
v 10.874999999999996 6.375 5.25
v 10.874999999999996 6.375 5.5
v 11.625 6.375 5.25
v 11.625 6.375 5.5
v 7.8749999999999964 6.375 7.25
v 8.624999999999996 6.375 7.25
v 8.374999999999996 6.375 7.25
v 7.8749999999999964 6.375 8.25
v 7.8749999999999964 6.375 8.5
v 8.624999999999996 6.375 8.25
v 8.624999999999996 6.375 8.5
v 18.375 6.375 -1.75
v 19.125 6.375 -1.75
v 18.875 6.375 -1.75
v 18.375 6.375 -0.75
v 18.375 6.375 -0.5
v 19.125 6.375 -0.75
v 19.125 6.375 -0.5
v 15.375 6.375 1.25
v 16.125 6.375 1.25
v 15.875 6.375 1.25
v 15.375 6.375 2.25
v 15.375 6.375 2.5
v 16.125 6.375 2.25
v 16.125 6.375 2.5
v 12.375 6.375 4.25
v 13.125 6.375 4.25
v 12.875 6.375 4.25
v 12.375 6.375 5.25
v 12.375 6.375 5.5
v 13.125 6.375 5.25
v 13.125 6.375 5.5
v 9.374999999999996 6.375 7.25
v 10.124999999999996 6.375 7.25
v 9.874999999999996 6.375 7.25
v 9.374999999999996 6.375 8.25
v 9.374999999999996 6.375 8.5
v 10.124999999999996 6.375 8.25
v 10.124999999999996 6.375 8.5
v 19.625 6.375 -1.75
v 20.375 6.375 -1.75
v 20.125 6.375 -1.75
v 19.625 6.375 -0.75
v 19.625 6.375 -0.5
v 20.375 6.375 -0.75
v 20.375 6.375 -0.5
v 16.875 6.375 1.25
v 17.625 6.375 1.25
v 17.375 6.375 1.25
v 16.875 6.375 2.25
v 16.875 6.375 2.5
v 17.625 6.375 2.25
v 17.625 6.375 2.5
v 13.875 6.375 4.25
v 14.625 6.375 4.25
v 14.375 6.375 4.25
v 13.875 6.375 5.25
v 13.875 6.375 5.5
v 14.625 6.375 5.25
v 14.625 6.375 5.5
v 10.874999999999996 6.375 7.25
v 11.625 6.375 7.25
v 11.375 6.375 7.25
v 10.874999999999996 6.375 8.25
v 10.874999999999996 6.375 8.5
v 11.625 6.375 8.25
v 11.625 6.375 8.5
v 18.375 6.375 1.25
v 19.125 6.375 1.25
v 18.875 6.375 1.25
v 18.375 6.375 2.25
v 18.375 6.375 2.5
v 19.125 6.375 2.25
v 19.125 6.375 2.5
v 15.375 6.375 4.25
v 16.125 6.375 4.25
v 15.875 6.375 4.25
v 15.375 6.375 5.25
v 15.375 6.375 5.5
v 16.125 6.375 5.25
v 16.125 6.375 5.5
v 12.375 6.375 7.25
v 13.125 6.375 7.25
v 12.875 6.375 7.25
v 12.375 6.375 8.25
v 12.375 6.375 8.5
v 13.125 6.375 8.25
v 13.125 6.375 8.5
v 19.625 6.375 1.25
v 20.375 6.375 1.25
v 20.125 6.375 1.25
v 19.625 6.375 2.25
v 19.625 6.375 2.5
v 20.375 6.375 2.25
v 20.375 6.375 2.5
v 16.875 6.375 4.25
v 17.625 6.375 4.25
v 17.375 6.375 4.25
v 16.875 6.375 5.25
v 16.875 6.375 5.5
v 17.625 6.375 5.25
v 17.625 6.375 5.5
v 13.875 6.375 7.25
v 14.625 6.375 7.25
v 14.375 6.375 7.25
v 13.875 6.375 8.25
v 13.875 6.375 8.5
v 14.625 6.375 8.25
v 14.625 6.375 8.5
v 18.375 6.375 4.25
v 19.125 6.375 4.25
v 18.875 6.375 4.25
v 18.375 6.375 5.25
v 18.375 6.375 5.5
v 19.125 6.375 5.25
v 19.125 6.375 5.5
v 15.375 6.375 7.25
v 16.125 6.375 7.25
v 15.875 6.375 7.25
v 15.375 6.375 8.25
v 15.375 6.375 8.5
v 16.125 6.375 8.25
v 16.125 6.375 8.5
v 19.625 6.375 4.25
v 20.375 6.375 4.25
v 20.125 6.375 4.25
v 19.625 6.375 5.25
v 19.625 6.375 5.5
v 20.375 6.375 5.25
v 20.375 6.375 5.5
v 16.875 6.375 7.25
v 17.625 6.375 7.25
v 17.375 6.375 7.25
v 16.875 6.375 8.25
v 16.875 6.375 8.5
v 17.625 6.375 8.25
v 17.625 6.375 8.5
v 18.375 6.375 7.25
v 19.125 6.375 7.25
v 18.875 6.375 7.25
v 18.375 6.375 8.25
v 18.375 6.375 8.5
v 19.125 6.375 8.25
v 19.125 6.375 8.5
v 19.625 6.375 7.25
v 20.375 6.375 7.25
v 20.125 6.375 7.25
v 19.625 6.375 8.25
v 19.625 6.375 8.5
v 20.375 6.375 8.25
v 20.375 6.375 8.5
v -3.3750000000000036 -2.875 11.0
v 21.875 -3.625 11.0
v 21.875 -2.875 11.0
v -3.3750000000000036 3.625 11.0
v -3.3750000000000036 4.625 11.0
v 21.875 3.625 11.0
v 21.875 4.625 11.0
v 3.8749999999999964 8.375 11.0
v 3.8749999999999964 8.875 11.0
v 3.8749999999999964 -5.625 11.25
v 3.8749999999999964 -4.875 11.25
v -4.3750000000000036 -2.875 11.25
v -3.3750000000000036 -1.375 11.25
v 21.875 -2.875 11.25
v 21.875 -1.375 11.25
v -3.3750000000000036 2.125 11.25
v -3.3750000000000036 3.625 11.25
v 21.875 2.125 11.25
v 21.875 3.625 11.25
v 3.8749999999999964 7.625 11.25
v 3.8749999999999964 8.375 11.25
v 3.8749999999999964 -4.875 11.5
v 3.8749999999999964 -4.375 11.5
v -3.3750000000000036 2.125 11.5
v 21.875 -1.375 11.5
v 21.875 2.125 11.5
v 3.8749999999999964 7.125 11.5
v 3.8749999999999964 7.625 11.5
v 3.8749999999999964 -4.375 11.75
v 3.8749999999999964 -3.375 11.75
v 3.8749999999999964 6.125 11.75
v 3.8749999999999964 7.125 11.75
v 3.8749999999999964 -3.375 12.0
v 3.8749999999999964 -2.375 12.0
v 3.8749999999999964 5.125 12.0
v 3.8749999999999964 6.125 12.0
v 3.8749999999999964 -2.375 12.25
v 3.8749999999999964 -0.625 12.25
v 3.8749999999999964 3.625 12.25
v 3.8749999999999964 5.125 12.25
v 3.8749999999999964 -0.625 12.5
v 3.8749999999999964 3.625 12.5
v -4.3750000000000036 -5.625 1.0
v -4.3750000000000036 -5.625 2.5
v -4.3750000000000036 -5.625 2.75
v -3.1250000000000036 -5.625 2.75
v -3.1250000000000036 -5.625 3.0
v -3.6250000000000036 -5.625 3.0
v -3.6250000000000036 -5.625 3.5
v 3.6249999999999964 -5.625 3.5
v 3.6249999999999964 -5.625 3.0
v 3.1249999999999964 -5.625 3.0
v 3.1249999999999964 -5.625 2.75
v 4.3749999999999964 -5.625 2.75
v 4.3749999999999964 -5.625 1.0
v 4.1249999999999964 -5.625 1.0
v 3.1249999999999964 -5.625 1.0
v 3.1249999999999964 -5.625 0.25
v 3.1249999999999964 -5.625 0.0
v -3.1250000000000036 -5.625 0.0
v -3.1250000000000036 -5.625 0.25
v -3.1250000000000036 -5.625 1.0
v -3.3750000000000036 -5.625 1.0
v 18.125 -5.625 -2.0
v 18.125 -5.625 -0.5
v 18.125 -5.625 -0.25
v 20.625 -5.625 -0.25
v 20.625 -5.625 -2.0
v 20.375 -5.625 -2.0
v 18.125 -5.625 1.0
v 18.125 -5.625 2.5
v 18.125 -5.625 2.75
v 20.625 -5.625 2.75
v 20.625 -5.625 1.0
v 20.375 -5.625 1.0
v 18.125 -5.625 4.0
v 18.125 -5.625 5.5
v 18.125 -5.625 5.75
v 20.625 -5.625 5.75
v 20.625 -5.625 4.0
v 20.375 -5.625 4.0
v 18.125 -5.625 7.0
v 18.125 -5.625 8.5
v 18.125 -5.625 8.75
v 20.625 -5.625 8.75
v 20.625 -5.625 7.0
v 20.375 -5.625 7.0
v -13.375000000000002 -5.625 -2.0
v -13.375000000000002 -5.625 -0.5
v -13.375000000000002 -5.625 -0.25
v -12.125000000000002 -5.625 -0.25
v -12.125000000000002 -5.625 -2.0
v -12.375000000000002 -5.625 -2.0
v -13.375000000000002 -5.625 1.0
v -13.375000000000002 -5.625 2.5
v -13.375000000000002 -5.625 2.75
v -12.125000000000002 -5.625 2.75
v -12.125000000000002 -5.625 1.0
v -12.375000000000002 -5.625 1.0
v -13.375000000000002 -5.625 4.0
v -13.375000000000002 -5.625 5.5
v -13.375000000000002 -5.625 5.75
v -12.125000000000002 -5.625 5.75
v -12.125000000000002 -5.625 4.0
v -12.375000000000002 -5.625 4.0
v -13.375000000000002 -5.625 7.0
v -13.375000000000002 -5.625 8.5
v -13.375000000000002 -5.625 8.75
v -12.125000000000002 -5.625 8.75
v -12.125000000000002 -5.625 7.0
v -12.375000000000002 -5.625 7.0
v -20.875000000000004 -5.625 -2.0
v -20.875000000000004 -5.625 -0.5
v -20.875000000000004 -5.625 -0.25
v -19.625000000000004 -5.625 -0.25
v -19.625000000000004 -5.625 -2.0
v -19.875000000000004 -5.625 -2.0
v -19.375000000000004 -5.625 -2.0
v -19.375000000000004 -5.625 -0.5
v -19.375000000000004 -5.625 -0.25
v -18.125 -5.625 -0.25
v -18.125 -5.625 -2.0
v -18.375 -5.625 -2.0
v -17.875 -5.625 -2.0
v -17.875 -5.625 -0.5
v -17.875 -5.625 -0.25
v -16.625 -5.625 -0.25
v -16.625 -5.625 -2.0
v -16.875 -5.625 -2.0
v -20.875000000000004 -5.625 1.0
v -20.875000000000004 -5.625 2.5
v -20.875000000000004 -5.625 2.75
v -19.625000000000004 -5.625 2.75
v -19.625000000000004 -5.625 1.0
v -19.875000000000004 -5.625 1.0
v -16.375 -5.625 -2.0
v -16.375 -5.625 -0.5
v -16.375 -5.625 -0.25
v -15.125000000000002 -5.625 -0.25
v -15.125000000000002 -5.625 -2.0
v -15.375000000000002 -5.625 -2.0
v -19.375000000000004 -5.625 1.0
v -19.375000000000004 -5.625 2.5
v -19.375000000000004 -5.625 2.75
v -18.125 -5.625 2.75
v -18.125 -5.625 1.0
v -18.375 -5.625 1.0
v -14.875000000000002 -5.625 -2.0
v -14.875000000000002 -5.625 -0.5
v -14.875000000000002 -5.625 -0.25
v -13.625000000000002 -5.625 -0.25
v -13.625000000000002 -5.625 -2.0
v -13.875000000000002 -5.625 -2.0
v -17.875 -5.625 1.0
v -17.875 -5.625 2.5
v -17.875 -5.625 2.75
v -16.625 -5.625 2.75
v -16.625 -5.625 1.0
v -16.875 -5.625 1.0
v -20.875000000000004 -5.625 4.0
v -20.875000000000004 -5.625 5.5
v -20.875000000000004 -5.625 5.75
v -19.625000000000004 -5.625 5.75
v -19.625000000000004 -5.625 4.0
v -19.875000000000004 -5.625 4.0
v -16.375 -5.625 1.0
v -16.375 -5.625 2.5
v -16.375 -5.625 2.75
v -15.125000000000002 -5.625 2.75
v -15.125000000000002 -5.625 1.0
v -15.375000000000002 -5.625 1.0
v -19.375000000000004 -5.625 4.0
v -19.375000000000004 -5.625 5.5
v -19.375000000000004 -5.625 5.75
v -18.125 -5.625 5.75
v -18.125 -5.625 4.0
v -18.375 -5.625 4.0
v -11.875000000000002 -5.625 -2.0
v -11.875000000000002 -5.625 -0.5
v -11.875000000000002 -5.625 -0.25
v -10.625000000000002 -5.625 -0.25
v -10.625000000000002 -5.625 -2.0
v -10.875000000000002 -5.625 -2.0
v -14.875000000000002 -5.625 1.0
v -14.875000000000002 -5.625 2.5
v -14.875000000000002 -5.625 2.75
v -13.625000000000002 -5.625 2.75
v -13.625000000000002 -5.625 1.0
v -13.875000000000002 -5.625 1.0
v -17.875 -5.625 4.0
v -17.875 -5.625 5.5
v -17.875 -5.625 5.75
v -16.625 -5.625 5.75
v -16.625 -5.625 4.0
v -16.875 -5.625 4.0
v -20.875000000000004 -5.625 7.0
v -20.875000000000004 -5.625 8.5
v -20.875000000000004 -5.625 8.75
v -19.625000000000004 -5.625 8.75
v -19.625000000000004 -5.625 7.0
v -19.875000000000004 -5.625 7.0
v -10.375000000000002 -5.625 -2.0
v -10.375000000000002 -5.625 -0.5
v -10.375000000000002 -5.625 -0.25
v -9.125000000000002 -5.625 -0.25
v -9.125000000000002 -5.625 -2.0
v -9.375000000000002 -5.625 -2.0
v -16.375 -5.625 4.0
v -16.375 -5.625 5.5
v -16.375 -5.625 5.75
v -15.125000000000002 -5.625 5.75
v -15.125000000000002 -5.625 4.0
v -15.375000000000002 -5.625 4.0
v -19.375000000000004 -5.625 7.0
v -19.375000000000004 -5.625 8.5
v -19.375000000000004 -5.625 8.75
v -18.125 -5.625 8.75
v -18.125 -5.625 7.0
v -18.375 -5.625 7.0
v -8.875000000000002 -5.625 -2.0
v -8.875000000000002 -5.625 -0.5
v -8.875000000000002 -5.625 -0.25
v -7.625000000000002 -5.625 -0.25
v -7.625000000000002 -5.625 -2.0
v -7.875000000000002 -5.625 -2.0
v -11.875000000000002 -5.625 1.0
v -11.875000000000002 -5.625 2.5
v -11.875000000000002 -5.625 2.75
v -10.625000000000002 -5.625 2.75
v -10.625000000000002 -5.625 1.0
v -10.875000000000002 -5.625 1.0
v -14.875000000000002 -5.625 4.0
v -14.875000000000002 -5.625 5.5
v -14.875000000000002 -5.625 5.75
v -13.625000000000002 -5.625 5.75
v -13.625000000000002 -5.625 4.0
v -13.875000000000002 -5.625 4.0
v -17.875 -5.625 7.0
v -17.875 -5.625 8.5
v -17.875 -5.625 8.75
v -16.625 -5.625 8.75
v -16.625 -5.625 7.0
v -16.875 -5.625 7.0
v -7.375000000000002 -5.625 -2.0
v -7.375000000000002 -5.625 -0.5
v -7.375000000000002 -5.625 -0.25
v -6.125000000000002 -5.625 -0.25
v -6.125000000000002 -5.625 -2.0
v -6.375000000000002 -5.625 -2.0
v -10.375000000000002 -5.625 1.0
v -10.375000000000002 -5.625 2.5
v -10.375000000000002 -5.625 2.75
v -9.125000000000002 -5.625 2.75
v -9.125000000000002 -5.625 1.0
v -9.375000000000002 -5.625 1.0
v -16.375 -5.625 7.0
v -16.375 -5.625 8.5
v -16.375 -5.625 8.75
v -15.125000000000002 -5.625 8.75
v -15.125000000000002 -5.625 7.0
v -15.375000000000002 -5.625 7.0
v -8.875000000000002 -5.625 1.0
v -8.875000000000002 -5.625 2.5
v -8.875000000000002 -5.625 2.75
v -7.625000000000002 -5.625 2.75
v -7.625000000000002 -5.625 1.0
v -7.875000000000002 -5.625 1.0
v -11.875000000000002 -5.625 4.0
v -11.875000000000002 -5.625 5.5
v -11.875000000000002 -5.625 5.75
v -10.625000000000002 -5.625 5.75
v -10.625000000000002 -5.625 4.0
v -10.875000000000002 -5.625 4.0
v -14.875000000000002 -5.625 7.0
v -14.875000000000002 -5.625 8.5
v -14.875000000000002 -5.625 8.75
v -13.625000000000002 -5.625 8.75
v -13.625000000000002 -5.625 7.0
v -13.875000000000002 -5.625 7.0
v -7.375000000000002 -5.625 1.0
v -7.375000000000002 -5.625 2.5
v -7.375000000000002 -5.625 2.75
v -6.125000000000002 -5.625 2.75
v -6.125000000000002 -5.625 1.0
v -6.375000000000002 -5.625 1.0
v -10.375000000000002 -5.625 4.0
v -10.375000000000002 -5.625 5.5
v -10.375000000000002 -5.625 5.75
v -9.125000000000002 -5.625 5.75
v -9.125000000000002 -5.625 4.0
v -9.375000000000002 -5.625 4.0
v -5.875000000000002 -5.625 1.0
v -5.875000000000002 -5.625 2.5
v -5.875000000000002 -5.625 2.75
v -4.6250000000000036 -5.625 2.75
v -4.6250000000000036 -5.625 1.0
v -4.8750000000000036 -5.625 1.0
v -8.875000000000002 -5.625 4.0
v -8.875000000000002 -5.625 5.5
v -8.875000000000002 -5.625 5.75
v -7.625000000000002 -5.625 5.75
v -7.625000000000002 -5.625 4.0
v -7.875000000000002 -5.625 4.0
v -11.875000000000002 -5.625 7.0
v -11.875000000000002 -5.625 8.5
v -11.875000000000002 -5.625 8.75
v -10.625000000000002 -5.625 8.75
v -10.625000000000002 -5.625 7.0
v -10.875000000000002 -5.625 7.0
v -7.375000000000002 -5.625 4.0
v -7.375000000000002 -5.625 5.5
v -7.375000000000002 -5.625 5.75
v -6.125000000000002 -5.625 5.75
v -6.125000000000002 -5.625 4.0
v -6.375000000000002 -5.625 4.0
v -10.375000000000002 -5.625 7.0
v -10.375000000000002 -5.625 8.5
v -10.375000000000002 -5.625 8.75
v -9.125000000000002 -5.625 8.75
v -9.125000000000002 -5.625 7.0
v -9.375000000000002 -5.625 7.0
v -5.875000000000002 -5.625 4.0
v -5.875000000000002 -5.625 5.5
v -5.875000000000002 -5.625 5.75
v -4.6250000000000036 -5.625 5.75
v -4.6250000000000036 -5.625 4.0
v -4.8750000000000036 -5.625 4.0
v -8.875000000000002 -5.625 7.0
v -8.875000000000002 -5.625 8.5
v -8.875000000000002 -5.625 8.75
v -7.625000000000002 -5.625 8.75
v -7.625000000000002 -5.625 7.0
v -7.875000000000002 -5.625 7.0
v -4.3750000000000036 -5.625 4.0
v -4.3750000000000036 -5.625 5.5
v -4.3750000000000036 -5.625 5.75
v -3.1250000000000036 -5.625 5.75
v -3.1250000000000036 -5.625 4.0
v -3.3750000000000036 -5.625 4.0
v -7.375000000000002 -5.625 7.0
v -7.375000000000002 -5.625 8.5
v -7.375000000000002 -5.625 8.75
v -6.125000000000002 -5.625 8.75
v -6.125000000000002 -5.625 7.0
v -6.375000000000002 -5.625 7.0
v -2.8750000000000036 -5.625 4.0
v -2.8750000000000036 -5.625 5.5
v -2.8750000000000036 -5.625 5.75
v -1.6250000000000036 -5.625 5.75
v -1.6250000000000036 -5.625 4.0
v -1.8750000000000036 -5.625 4.0
v -5.875000000000002 -5.625 7.0
v -5.875000000000002 -5.625 8.5
v -5.875000000000002 -5.625 8.75
v -4.6250000000000036 -5.625 8.75
v -4.6250000000000036 -5.625 7.0
v -4.8750000000000036 -5.625 7.0
v -1.3750000000000036 -5.625 4.0
v -1.3750000000000036 -5.625 5.5
v -1.3750000000000036 -5.625 5.75
v -0.12500000000000355 -5.625 5.75
v -0.12500000000000355 -5.625 4.0
v -0.37500000000000355 -5.625 4.0
v -4.3750000000000036 -5.625 7.0
v -4.3750000000000036 -5.625 8.5
v -4.3750000000000036 -5.625 8.75
v -3.1250000000000036 -5.625 8.75
v -3.1250000000000036 -5.625 7.0
v -3.3750000000000036 -5.625 7.0
v 6.1249999999999964 -5.625 -2.0
v 6.1249999999999964 -5.625 -0.5
v 6.1249999999999964 -5.625 -0.25
v 7.3749999999999964 -5.625 -0.25
v 7.3749999999999964 -5.625 -2.0
v 7.1249999999999964 -5.625 -2.0
v 0.12499999999999645 -5.625 4.0
v 0.12499999999999645 -5.625 5.5
v 0.12499999999999645 -5.625 5.75
v 1.3749999999999964 -5.625 5.75
v 1.3749999999999964 -5.625 4.0
v 1.1249999999999964 -5.625 4.0
v -2.8750000000000036 -5.625 7.0
v -2.8750000000000036 -5.625 8.5
v -2.8750000000000036 -5.625 8.75
v -1.6250000000000036 -5.625 8.75
v -1.6250000000000036 -5.625 7.0
v -1.8750000000000036 -5.625 7.0
v 7.6249999999999964 -5.625 -2.0
v 7.6249999999999964 -5.625 -0.5
v 7.6249999999999964 -5.625 -0.25
v 8.874999999999996 -5.625 -0.25
v 8.874999999999996 -5.625 -2.0
v 8.624999999999996 -5.625 -2.0
v 4.6249999999999964 -5.625 1.0
v 4.6249999999999964 -5.625 2.5
v 4.6249999999999964 -5.625 2.75
v 5.8749999999999964 -5.625 2.75
v 5.8749999999999964 -5.625 1.0
v 5.6249999999999964 -5.625 1.0
v 1.6249999999999964 -5.625 4.0
v 1.6249999999999964 -5.625 5.5
v 1.6249999999999964 -5.625 5.75
v 2.8749999999999964 -5.625 5.75
v 2.8749999999999964 -5.625 4.0
v 2.6249999999999964 -5.625 4.0
v -1.3750000000000036 -5.625 7.0
v -1.3750000000000036 -5.625 8.5
v -1.3750000000000036 -5.625 8.75
v -0.12500000000000355 -5.625 8.75
v -0.12500000000000355 -5.625 7.0
v -0.37500000000000355 -5.625 7.0
v 9.124999999999996 -5.625 -2.0
v 9.124999999999996 -5.625 -0.5
v 9.124999999999996 -5.625 -0.25
v 10.374999999999996 -5.625 -0.25
v 10.374999999999996 -5.625 -2.0
v 10.124999999999996 -5.625 -2.0
v 6.1249999999999964 -5.625 1.0
v 6.1249999999999964 -5.625 2.5
v 6.1249999999999964 -5.625 2.75
v 7.3749999999999964 -5.625 2.75
v 7.3749999999999964 -5.625 1.0
v 7.1249999999999964 -5.625 1.0
v 3.1249999999999964 -5.625 4.0
v 3.1249999999999964 -5.625 5.5
v 3.1249999999999964 -5.625 5.75
v 4.3749999999999964 -5.625 5.75
v 4.3749999999999964 -5.625 4.0
v 4.1249999999999964 -5.625 4.0
v 0.12499999999999645 -5.625 7.0
v 0.12499999999999645 -5.625 8.5
v 0.12499999999999645 -5.625 8.75
v 1.3749999999999964 -5.625 8.75
v 1.3749999999999964 -5.625 7.0
v 1.1249999999999964 -5.625 7.0
v 10.624999999999996 -5.625 -2.0
v 10.624999999999996 -5.625 -0.5
v 10.624999999999996 -5.625 -0.25
v 11.875 -5.625 -0.25
v 11.875 -5.625 -2.0
v 11.625 -5.625 -2.0
v 7.6249999999999964 -5.625 1.0
v 7.6249999999999964 -5.625 2.5
v 7.6249999999999964 -5.625 2.75
v 8.874999999999996 -5.625 2.75
v 8.874999999999996 -5.625 1.0
v 8.624999999999996 -5.625 1.0
v 4.6249999999999964 -5.625 4.0
v 4.6249999999999964 -5.625 5.5
v 4.6249999999999964 -5.625 5.75
v 5.8749999999999964 -5.625 5.75
v 5.8749999999999964 -5.625 4.0
v 5.6249999999999964 -5.625 4.0
v 1.6249999999999964 -5.625 7.0
v 1.6249999999999964 -5.625 8.5
v 1.6249999999999964 -5.625 8.75
v 2.8749999999999964 -5.625 8.75
v 2.8749999999999964 -5.625 7.0
v 2.6249999999999964 -5.625 7.0
v 12.125 -5.625 -2.0
v 12.125 -5.625 -0.5
v 12.125 -5.625 -0.25
v 13.375 -5.625 -0.25
v 13.375 -5.625 -2.0
v 13.125 -5.625 -2.0
v 9.124999999999996 -5.625 1.0
v 9.124999999999996 -5.625 2.5
v 9.124999999999996 -5.625 2.75
v 10.374999999999996 -5.625 2.75
v 10.374999999999996 -5.625 1.0
v 10.124999999999996 -5.625 1.0
v 6.1249999999999964 -5.625 4.0
v 6.1249999999999964 -5.625 5.5
v 6.1249999999999964 -5.625 5.75
v 7.3749999999999964 -5.625 5.75
v 7.3749999999999964 -5.625 4.0
v 7.1249999999999964 -5.625 4.0
v 3.1249999999999964 -5.625 7.0
v 3.1249999999999964 -5.625 8.5
v 3.1249999999999964 -5.625 8.75
v 4.3749999999999964 -5.625 8.75
v 4.3749999999999964 -5.625 7.0
v 4.1249999999999964 -5.625 7.0
v 13.625 -5.625 -2.0
v 13.625 -5.625 -0.5
v 13.625 -5.625 -0.25
v 14.875 -5.625 -0.25
v 14.875 -5.625 -2.0
v 14.625 -5.625 -2.0
v 10.624999999999996 -5.625 1.0
v 10.624999999999996 -5.625 2.5
v 10.624999999999996 -5.625 2.75
v 11.875 -5.625 2.75
v 11.875 -5.625 1.0
v 11.625 -5.625 1.0
v 7.6249999999999964 -5.625 4.0
v 7.6249999999999964 -5.625 5.5
v 7.6249999999999964 -5.625 5.75
v 8.874999999999996 -5.625 5.75
v 8.874999999999996 -5.625 4.0
v 8.624999999999996 -5.625 4.0
v 4.6249999999999964 -5.625 7.0
v 4.6249999999999964 -5.625 8.5
v 4.6249999999999964 -5.625 8.75
v 5.8749999999999964 -5.625 8.75
v 5.8749999999999964 -5.625 7.0
v 5.6249999999999964 -5.625 7.0
v 15.125 -5.625 -2.0
v 15.125 -5.625 -0.5
v 15.125 -5.625 -0.25
v 16.375 -5.625 -0.25
v 16.375 -5.625 -2.0
v 16.125 -5.625 -2.0
v 12.125 -5.625 1.0
v 12.125 -5.625 2.5
v 12.125 -5.625 2.75
v 13.375 -5.625 2.75
v 13.375 -5.625 1.0
v 13.125 -5.625 1.0
v 9.124999999999996 -5.625 4.0
v 9.124999999999996 -5.625 5.5
v 9.124999999999996 -5.625 5.75
v 10.374999999999996 -5.625 5.75
v 10.374999999999996 -5.625 4.0
v 10.124999999999996 -5.625 4.0
v 6.1249999999999964 -5.625 7.0
v 6.1249999999999964 -5.625 8.5
v 6.1249999999999964 -5.625 8.75
v 7.3749999999999964 -5.625 8.75
v 7.3749999999999964 -5.625 7.0
v 7.1249999999999964 -5.625 7.0
v 16.625 -5.625 -2.0
v 16.625 -5.625 -0.5
v 16.625 -5.625 -0.25
v 17.875 -5.625 -0.25
v 17.875 -5.625 -2.0
v 17.625 -5.625 -2.0
v 13.625 -5.625 1.0
v 13.625 -5.625 2.5
v 13.625 -5.625 2.75
v 14.875 -5.625 2.75
v 14.875 -5.625 1.0
v 14.625 -5.625 1.0
v 10.624999999999996 -5.625 4.0
v 10.624999999999996 -5.625 5.5
v 10.624999999999996 -5.625 5.75
v 11.875 -5.625 5.75
v 11.875 -5.625 4.0
v 11.625 -5.625 4.0
v 7.6249999999999964 -5.625 7.0
v 7.6249999999999964 -5.625 8.5
v 7.6249999999999964 -5.625 8.75
v 8.874999999999996 -5.625 8.75
v 8.874999999999996 -5.625 7.0
v 8.624999999999996 -5.625 7.0
v 15.125 -5.625 1.0
v 15.125 -5.625 2.5
v 15.125 -5.625 2.75
v 16.375 -5.625 2.75
v 16.375 -5.625 1.0
v 16.125 -5.625 1.0
v 12.125 -5.625 4.0
v 12.125 -5.625 5.5
v 12.125 -5.625 5.75
v 13.375 -5.625 5.75
v 13.375 -5.625 4.0
v 13.125 -5.625 4.0
v 9.124999999999996 -5.625 7.0
v 9.124999999999996 -5.625 8.5
v 9.124999999999996 -5.625 8.75
v 10.374999999999996 -5.625 8.75
v 10.374999999999996 -5.625 7.0
v 10.124999999999996 -5.625 7.0
v 16.625 -5.625 1.0
v 16.625 -5.625 2.5
v 16.625 -5.625 2.75
v 17.875 -5.625 2.75
v 17.875 -5.625 1.0
v 17.625 -5.625 1.0
v 13.625 -5.625 4.0
v 13.625 -5.625 5.5
v 13.625 -5.625 5.75
v 14.875 -5.625 5.75
v 14.875 -5.625 4.0
v 14.625 -5.625 4.0
v 10.624999999999996 -5.625 7.0
v 10.624999999999996 -5.625 8.5
v 10.624999999999996 -5.625 8.75
v 11.875 -5.625 8.75
v 11.875 -5.625 7.0
v 11.625 -5.625 7.0
v 15.125 -5.625 4.0
v 15.125 -5.625 5.5
v 15.125 -5.625 5.75
v 16.375 -5.625 5.75
v 16.375 -5.625 4.0
v 16.125 -5.625 4.0
v 12.125 -5.625 7.0
v 12.125 -5.625 8.5
v 12.125 -5.625 8.75
v 13.375 -5.625 8.75
v 13.375 -5.625 7.0
v 13.125 -5.625 7.0
v 16.625 -5.625 4.0
v 16.625 -5.625 5.5
v 16.625 -5.625 5.75
v 17.875 -5.625 5.75
v 17.875 -5.625 4.0
v 17.625 -5.625 4.0
v 13.625 -5.625 7.0
v 13.625 -5.625 8.5
v 13.625 -5.625 8.75
v 14.875 -5.625 8.75
v 14.875 -5.625 7.0
v 14.625 -5.625 7.0
v 15.125 -5.625 7.0
v 15.125 -5.625 8.5
v 15.125 -5.625 8.75
v 16.375 -5.625 8.75
v 16.375 -5.625 7.0
v 16.125 -5.625 7.0
v 16.625 -5.625 7.0
v 16.625 -5.625 8.5
v 16.625 -5.625 8.75
v 17.875 -5.625 8.75
v 17.875 -5.625 7.0
v 17.625 -5.625 7.0
v -3.6250000000000036 -9.625 3.5
v 3.6249999999999964 -9.625 3.5
v 3.3749999999999964 -9.625 3.5
v 3.6249999999999964 -9.625 3.0
v 3.6249999999999964 -5.875 3.0
v -3.6250000000000036 -9.625 3.0
v -3.6250000000000036 -5.875 3.0
v -3.6250000000000036 -9.625 3.25
v 3.3749999999999964 -9.625 3.0
v 3.1249999999999964 -7.625 3.0
v -3.1250000000000036 -7.625 3.0
v -3.1250000000000036 -9.125 0.25
v -3.1250000000000036 -9.125 0.0
v -3.1250000000000036 -5.875 0.0
v -3.1250000000000036 -5.875 0.25
v -3.1250000000000036 -6.125 0.25
v -3.1250000000000036 -7.125 0.25
v -3.1250000000000036 -7.625 0.25
v -3.1250000000000036 -9.125 0.5
v -3.1250000000000036 -7.625 0.5
v -3.1250000000000036 -7.875 0.5
v -0.8750000000000036 -8.625 2.5
v -0.8750000000000036 -8.375 2.5
v -1.1250000000000036 -8.375 2.5
v -1.1250000000000036 -7.625 2.5
v 1.1249999999999964 -7.625 2.5
v 1.1249999999999964 -8.125 2.5
v 0.8749999999999964 -8.125 2.5
v 0.8749999999999964 -8.375 2.5
v 0.6249999999999964 -8.375 2.5
v 0.6249999999999964 -8.625 2.5
v 0.37499999999999645 -8.625 2.5
v 0.6249999999999964 -8.625 0.5
v 0.6249999999999964 -8.375 0.5
v -2.8750000000000036 -7.625 0.5
v -2.6250000000000036 -7.625 0.5
v -1.6250000000000036 -7.625 0.5
v -1.3750000000000036 -7.625 0.5
v -1.1250000000000036 -7.625 0.5
v -1.1250000000000036 -8.375 0.5
v -0.8750000000000036 -8.375 0.5
v -0.8750000000000036 -8.625 0.5
v 0.37499999999999645 -8.625 0.5
v 0.8749999999999964 -8.375 0.5
v 0.8749999999999964 -8.125 0.5
v 1.1249999999999964 -8.125 0.5
v 1.1249999999999964 -7.875 0.5
v 1.1249999999999964 -7.625 0.5
v 1.3749999999999964 -7.625 0.5
v 2.1249999999999964 -7.625 0.5
v 2.3749999999999964 -7.625 0.5
v 3.1249999999999964 -7.625 0.5
v 3.1249999999999964 -9.125 0.5
v 2.8749999999999964 -9.125 0.5
v 3.1249999999999964 -9.125 0.25
v 3.1249999999999964 -7.625 0.25
v 3.1249999999999964 -7.875 0.25
v 3.1249999999999964 -9.125 0.0
v 3.1249999999999964 -5.875 0.25
v 3.1249999999999964 -5.875 0.0
v 3.1249999999999964 -6.375 0.5
v 3.1249999999999964 -6.875 0.5
v 3.1249999999999964 -6.875 2.0
v 3.1249999999999964 -6.875 2.25
v 3.1249999999999964 -6.375 2.25
v 2.8749999999999964 -6.875 0.5
v 2.8749999999999964 -6.625 0.5
v 2.8749999999999964 -6.375 0.5
v 2.8749999999999964 -6.875 2.0
v 2.8749999999999964 -6.875 2.25
v 2.8749999999999964 -6.625 2.25
v 2.8749999999999964 -6.375 2.25
v -3.1250000000000036 -7.625 2.75
v -3.1250000000000036 -6.125 2.5
v -3.1250000000000036 -7.125 2.5
v -3.1250000000000036 -7.125 2.25
v -0.8750000000000036 -8.625 2.25
v -1.1250000000000036 -8.375 2.25
v 2.8749999999999964 -9.125 0.0
v 2.8749999999999964 -9.125 0.25
v -2.6250000000000036 -7.625 2.5
v -1.3750000000000036 -7.625 2.5
v 1.3749999999999964 -7.625 2.5
v 2.3749999999999964 -7.625 2.5
o Outer Shell
f 2 1 5
f 3 5 4
f 5 3 2
f 6 10 7
f 5 1 7
f 7 10 5
f 8 5 10
f 4 5 8
f 8 10 9
f 12 11 15
f 15 14 13
f 15 13 12
f 16 19 17
f 17 19 15
f 18 14 15
f 11 17 15
f 15 19 18
f 71 70 30
f 73 72 71
f 77 76 78
f 76 75 26
f 73 75 74
f 73 26 75
f 73 71 28
f 68 30 70
f 68 67 32
f 32 67 66
f 29 71 30
f 30 68 31
f 33 32 66
f 68 32 31
f 34 33 66
f 68 70 69
f 83 82 81
f 22 81 79
f 83 81 21
f 20 83 21
f 24 23 22
f 81 22 21
f 79 81 80
f 24 79 78
f 26 28 27
f 24 76 26
f 73 28 26
f 78 76 24
f 24 26 25
f 28 71 29
f 79 24 22
f 54 53 55
f 56 55 57
f 59 58 57
f 57 45 59
f 47 45 57
f 43 59 45
f 57 55 47
f 49 47 55
f 49 53 50
f 51 50 53
f 53 52 51
f 45 47 46
f 47 49 48
f 55 53 49
f 43 45 44
f 37 34 65
f 39 65 64
f 63 62 41
f 35 34 36
f 37 36 34
f 37 65 38
f 65 34 66
f 39 64 63
f 61 41 62
f 60 59 61
f 43 42 61
f 59 43 61
f 61 42 41
f 39 38 65
f 40 39 63
f 41 40 63
f 77 78 84
f 88 89 77
f 77 87 88
f 84 85 86
f 86 87 84
f 84 87 77
f 90 89 91
f 88 91 89
f 92 97 93
f 93 97 94
f 95 94 97
f 95 97 96
f 97 96 80
f 80 92 97
f 96 101 80
f 101 100 98
f 99 98 100
f 101 98 80
f 110 109 108
f 102 108 103
f 108 102 110
f 107 106 104
f 103 108 104
f 105 104 106
f 104 108 107
f 111 114 112
f 112 114 113
f 104 113 114
f 104 114 103
f 116 115 189
f 111 112 189
f 118 189 112
f 117 116 118
f 119 118 112
f 121 120 119
f 116 189 118
f 119 112 121
f 187 121 112
f 185 184 183
f 186 185 187
f 187 185 124
f 121 187 122
f 124 185 125
f 122 187 124
f 183 182 130
f 127 185 183
f 122 124 123
f 187 112 188
f 127 126 125
f 185 127 125
f 129 128 130
f 130 181 131
f 128 127 183
f 131 181 133
f 182 181 130
f 183 130 128
f 131 133 132
f 181 180 179
f 179 133 181
f 179 178 136
f 134 133 179
f 135 134 136
f 178 177 136
f 136 134 179
f 177 176 174
f 177 137 136
f 137 174 138
f 174 137 177
f 172 138 173
f 174 176 175
f 139 138 140
f 141 140 172
f 141 172 171
f 142 141 143
f 138 172 140
f 174 173 138
f 141 170 143
f 143 170 144
f 141 171 170
f 144 170 168
f 145 144 146
f 146 168 147
f 144 168 146
f 147 168 166
f 170 169 168
f 150 149 166
f 151 150 152
f 153 152 164
f 148 147 149
f 154 153 155
f 162 156 155
f 157 156 158
f 155 153 162
f 152 150 164
f 149 147 166
f 165 164 166
f 164 163 162
f 162 153 164
f 159 158 160
f 162 161 160
f 162 160 158
f 156 162 158
f 164 150 166
f 168 167 166
f 161 162 190
f 190 191 192
f 190 192 161
f 195 194 198
f 198 194 193
f 198 197 196
f 198 196 195
f 199 200 201
f 201 202 203
f 235 201 237
f 199 201 235
f 205 237 203
f 201 203 237
f 236 199 235
f 238 234 235
f 205 206 207
f 203 204 205
f 199 236 231
f 193 229 230
f 193 199 229
f 193 230 225
f 225 226 193
f 193 226 198
f 198 226 227
f 232 228 229
f 232 233 228
f 228 197 198
f 224 197 228
f 228 198 227
f 224 228 233
f 232 229 231
f 199 231 229
f 233 234 224
f 209 242 207
f 209 207 208
f 242 209 241
f 242 237 207
f 237 238 235
f 207 237 205
f 241 210 240
f 240 210 211
f 214 240 212
f 212 240 211
f 210 241 209
f 213 214 212
f 216 239 214
f 214 239 240
f 216 214 215
f 216 217 218
f 216 218 239
f 239 218 220
f 219 220 218
f 220 221 222
f 222 223 224
f 222 224 220
f 224 234 220
f 220 234 239
f 238 239 234
f 226 225 230
f 227 226 228
f 230 229 228
f 230 228 226
f 232 231 236
f 233 232 234
f 236 235 234
f 236 234 232
f 238 240 239
f 242 238 237
f 242 241 240
f 242 240 238
f 196 197 243
f 243 244 245
f 243 245 196
f 245 244 248
f 248 247 246
f 248 246 245
f 4 267 266
f 265 266 264
f 267 268 266
f 264 268 269
f 268 264 266
f 263 269 262
f 269 263 264
f 262 271 260
f 244 253 248
f 248 253 247
f 252 244 249
f 251 252 249
f 252 253 244
f 251 249 250
f 259 260 258
f 261 262 260
f 269 270 262
f 256 258 273
f 256 257 258
f 254 255 256
f 258 271 273
f 258 260 271
f 272 273 271
f 273 274 275
f 273 275 256
f 271 262 270
f 254 256 275
f 254 277 192
f 254 275 277
f 192 191 254
f 253 192 281
f 277 279 192
f 278 279 277
f 279 280 281
f 281 192 279
f 275 276 277
f 253 281 247
f 246 247 282
f 284 282 283
f 282 284 246
f 285 288 286
f 286 288 287
f 284 283 287
f 284 287 288
f 293 286 287
f 286 292 289
f 293 292 286
f 289 292 291
f 293 287 294
f 289 291 290
f 304 303 302
f 287 283 294
f 308 307 315
f 309 308 310
f 311 310 312
f 312 310 313
f 308 313 310
f 305 304 306
f 316 315 306
f 306 315 307
f 315 314 313
f 313 308 315
f 318 306 304
f 296 295 330
f 297 296 298
f 298 296 327
f 298 300 299
f 295 294 331
f 331 330 295
f 330 329 328
f 327 296 328
f 298 327 325
f 328 296 330
f 294 283 331
f 325 327 326
f 302 300 321
f 302 301 300
f 321 300 322
f 304 319 318
f 318 317 316
f 316 306 318
f 319 302 321
f 304 302 319
f 324 300 298
f 324 323 322
f 321 320 319
f 322 300 324
f 298 325 324
f 285 286 332
f 332 333 334
f 332 334 285
f 336 335 337
f 337 335 338
f 334 333 337
f 334 337 338
f 376 375 336
f 377 376 337
f 336 379 378
f 379 336 375
f 339 336 378
f 377 381 378
f 376 336 337
f 377 373 381
f 382 381 373
f 381 380 378
f 339 378 380
f 342 383 385
f 339 380 384
f 374 377 333
f 377 337 333
f 339 384 383
f 342 345 344
f 345 342 385
f 342 344 343
f 340 339 341
f 339 342 341
f 339 383 342
f 351 350 348
f 353 352 351
f 347 346 345
f 349 348 350
f 347 345 348
f 345 385 348
f 348 385 351
f 386 383 382
f 365 367 366
f 386 370 367
f 368 367 370
f 367 365 364
f 364 363 362
f 364 362 361
f 370 386 382
f 370 382 373
f 373 372 371
f 369 368 370
f 371 370 373
f 386 367 364
f 386 385 383
f 389 353 351
f 353 389 354
f 354 356 355
f 356 354 388
f 389 388 354
f 389 351 385
f 361 360 359
f 361 359 358
f 387 356 388
f 356 387 358
f 358 357 356
f 387 361 358
f 361 387 386
f 386 364 361
f 373 377 374
f 390 375 391
f 391 376 392
f 376 391 375
f 391 392 393
f 390 391 393
f 393 396 395
f 396 393 392
f 395 394 393
f 397 380 398
f 398 381 399
f 381 398 380
f 398 399 400
f 397 398 400
f 400 403 402
f 403 400 399
f 402 401 400
f 404 385 405
f 405 386 406
f 386 405 385
f 407 404 405
f 407 405 406
f 407 410 409
f 410 407 406
f 409 408 407
f 296 297 411
f 411 412 413
f 411 413 296
f 458 457 420
f 459 458 460
f 461 460 462
f 460 458 86
f 422 456 455
f 422 455 454
f 423 454 424
f 458 420 419
f 421 420 422
f 423 422 454
f 420 456 422
f 456 420 457
f 466 468 467
f 465 464 466
f 414 466 415
f 466 414 468
f 416 415 466
f 466 464 416
f 464 418 416
f 462 100 418
f 462 460 100
f 100 86 85
f 419 86 458
f 460 86 100
f 417 416 418
f 99 418 100
f 418 464 462
f 463 462 464
f 441 440 439
f 442 441 443
f 445 443 437
f 443 445 444
f 447 446 445
f 441 412 443
f 412 437 443
f 412 439 413
f 412 438 437
f 435 437 436
f 435 445 437
f 447 445 435
f 441 439 412
f 433 435 434
f 450 449 451
f 453 452 429
f 427 425 424
f 454 453 427
f 427 426 425
f 427 453 428
f 429 452 451
f 454 427 424
f 449 447 433
f 447 449 448
f 449 433 431
f 447 435 433
f 431 433 432
f 429 428 453
f 430 429 451
f 431 430 451
f 431 451 449
f 472 469 471
f 471 469 470
f 472 416 415
f 416 472 471
f 476 474 481
f 474 473 481
f 476 475 474
f 481 469 470
f 470 480 479
f 470 479 478
f 470 477 476
f 477 470 478
f 470 476 481
f 187 482 485
f 187 188 482
f 482 483 485
f 105 106 484
f 485 483 484
f 484 483 105
f 480 82 488
f 488 479 480
f 82 487 488
f 486 417 418
f 418 487 486
f 486 487 82
f 195 196 245
f 194 195 245
f 285 245 288
f 288 245 246
f 194 245 489
f 489 245 285
f 284 288 246
f 334 338 285
f 489 338 335
f 489 285 338
f 193 194 490
f 490 194 489
f 335 336 490
f 335 490 489
f 394 395 378
f 395 377 378
f 377 395 396
f 163 164 492
f 492 164 491
f 254 492 491
f 254 491 255
f 401 402 383
f 402 382 383
f 382 402 403
f 408 409 388
f 409 387 388
f 387 409 410
f 299 493 298
f 298 493 494
f 437 438 494
f 437 494 493
f 186 495 185
f 185 495 499
f 496 497 498
f 498 499 496
f 496 499 495
f 497 500 502
f 502 501 498
f 502 498 497
f 115 116 503
f 116 117 503
f 503 109 110
f 109 503 117
f 110 102 503
f 474 475 504
f 473 474 504
f 467 468 504
f 414 504 468
f 467 504 475
f 166 505 165
f 165 505 506
f 257 256 506
f 257 506 505
f 157 158 507
f 158 159 507
f 507 253 252
f 253 507 159
f 300 301 509
f 509 301 508
f 435 436 509
f 435 509 508
f 293 294 510
f 292 293 510
f 510 439 440
f 439 510 294
f 534 529 561
f 560 561 529
f 224 560 529
f 534 561 533
f 530 531 511
f 533 578 541
f 546 541 579
f 542 533 541
f 562 533 561
f 560 224 559
f 564 559 602
f 577 563 604
f 564 603 563
f 224 602 559
f 578 579 541
f 578 562 577
f 596 545 580
f 579 580 546
f 562 563 577
f 578 533 562
f 197 529 530
f 546 580 545
f 511 531 516
f 531 515 516
f 532 533 542
f 532 515 531
f 517 532 542
f 197 512 513
f 512 197 511
f 517 515 532
f 517 514 515
f 197 513 514
f 542 543 517
f 511 197 530
f 543 544 521
f 544 545 554
f 596 553 545
f 554 545 553
f 544 554 523
f 597 558 553
f 620 571 557
f 571 556 557
f 558 597 557
f 543 522 517
f 554 555 528
f 602 603 564
f 529 197 224
f 601 224 223
f 223 606 601
f 606 223 605
f 604 626 577
f 604 605 626
f 626 605 625
f 626 582 577
f 582 626 627
f 223 625 605
f 601 602 224
f 630 625 223
f 629 649 650
f 629 630 223
f 223 649 629
f 627 628 582
f 650 628 629
f 628 650 581
f 628 581 582
f 649 223 654
f 223 653 654
f 595 650 651
f 595 596 580
f 595 651 600
f 599 600 652
f 581 650 595
f 598 557 597
f 598 619 620
f 621 571 620
f 620 557 598
f 571 621 576
f 619 598 599
f 580 581 595
f 624 619 674
f 623 624 676
f 674 619 652
f 653 674 652
f 643 623 676
f 619 599 652
f 589 622 644
f 622 623 644
f 699 648 643
f 623 643 644
f 622 575 621
f 624 674 675
f 652 600 651
f 597 553 596
f 563 603 604
f 644 645 589
f 514 518 197
f 514 517 518
f 523 521 544
f 520 524 197
f 523 524 520
f 528 523 554
f 521 523 520
f 197 524 525
f 522 543 521
f 197 519 520
f 556 572 535
f 556 571 572
f 576 621 575
f 527 556 535
f 574 575 590
f 540 573 574
f 535 573 540
f 572 573 535
f 547 574 590
f 547 590 591
f 556 527 528
f 528 555 556
f 536 527 535
f 526 197 525
f 527 536 526
f 540 574 539
f 537 197 536
f 548 549 197
f 197 538 548
f 539 548 538
f 197 537 538
f 548 539 547
f 197 526 536
f 591 552 547
f 551 552 591
f 551 565 550
f 592 565 551
f 550 565 566
f 566 567 197
f 584 568 583
f 568 243 197
f 568 197 567
f 565 614 570
f 550 566 197
f 574 547 539
f 549 550 197
f 590 575 589
f 197 518 519
f 589 645 594
f 593 613 614
f 613 593 646
f 594 646 593
f 614 565 592
f 615 569 570
f 615 616 569
f 592 593 614
f 615 570 614
f 617 638 616
f 670 617 618
f 668 618 613
f 667 668 646
f 613 646 668
f 637 617 670
f 616 638 569
f 693 642 637
f 662 640 641
f 638 617 637
f 639 640 587
f 618 668 669
f 575 622 589
f 588 638 639
f 583 638 588
f 588 639 587
f 569 638 583
f 584 585 243
f 586 608 243
f 608 609 243
f 586 587 608
f 585 586 243
f 607 608 587
f 568 569 583
f 612 607 662
f 631 611 664
f 612 663 611
f 636 631 686
f 611 631 632
f 607 587 662
f 611 632 610
f 610 632 243
f 656 634 635
f 633 634 243
f 632 633 243
f 612 662 663
f 587 640 662
f 609 610 243
f 551 591 592
f 645 646 594
f 584 243 568
f 243 634 656
f 673 223 678
f 677 223 697
f 653 223 673
f 676 698 643
f 624 675 676
f 699 647 648
f 643 698 699
f 677 698 676
f 647 699 700
f 698 677 697
f 674 653 673
f 702 223 701
f 701 223 721
f 702 697 223
f 722 701 721
f 700 722 667
f 700 701 722
f 740 724 739
f 722 723 672
f 700 667 647
f 223 726 721
f 677 678 223
f 671 723 724
f 671 672 723
f 667 722 672
f 692 693 637
f 637 670 692
f 661 641 694
f 641 642 693
f 694 641 693
f 670 671 692
f 692 671 691
f 670 618 669
f 696 691 740
f 715 695 742
f 696 741 695
f 691 671 740
f 694 695 715
f 716 666 661
f 716 694 715
f 734 718 719
f 666 717 718
f 716 717 666
f 716 661 694
f 696 740 741
f 740 671 724
f 734 665 718
f 667 646 647
f 744 739 250
f 250 743 744
f 250 739 725
f 758 715 742
f 758 759 720
f 759 760 719
f 742 743 758
f 758 720 715
f 757 758 743
f 742 695 741
f 250 762 757
f 761 769 770
f 250 769 761
f 761 762 250
f 761 770 760
f 770 771 738
f 250 773 774
f 250 781 773
f 782 773 781
f 774 769 250
f 757 743 250
f 760 770 733
f 733 734 719
f 720 759 719
f 760 733 719
f 772 773 782
f 771 772 738
f 751 772 782
f 737 738 772
f 751 737 772
f 770 738 733
f 751 752 737
f 782 783 751
f 755 783 784
f 785 787 784
f 250 785 786
f 792 787 250
f 784 787 788
f 755 784 788
f 250 791 792
f 250 793 791
f 794 791 793
f 250 787 785
f 783 756 751
f 789 768 788
f 250 786 781
f 724 725 739
f 726 223 725
f 685 734 735
f 665 734 685
f 718 665 666
f 686 665 685
f 686 687 636
f 631 664 686
f 687 635 636
f 687 688 635
f 664 665 686
f 635 688 710
f 655 656 635
f 689 710 688
f 689 690 736
f 714 709 753
f 689 736 709
f 689 709 710
f 635 710 655
f 712 713 728
f 659 711 712
f 660 710 711
f 714 753 713
f 735 690 685
f 679 712 728
f 655 710 660
f 659 679 680
f 659 712 679
f 711 659 660
f 657 658 243
f 680 681 243
f 681 682 243
f 658 659 680
f 658 680 243
f 683 704 682
f 683 684 729
f 708 703 746
f 683 730 703
f 729 730 683
f 684 679 729
f 683 703 704
f 243 704 705
f 243 682 704
f 243 706 244
f 706 243 705
f 707 244 706
f 679 728 729
f 657 243 656
f 728 713 727
f 611 663 664
f 752 753 709
f 736 737 752
f 756 783 755
f 754 764 713
f 763 764 754
f 763 788 768
f 755 763 754
f 713 764 727
f 788 763 755
f 753 754 713
f 790 791 794
f 250 249 798
f 768 789 790
f 797 798 249
f 775 767 794
f 794 767 790
f 796 797 249
f 780 794 795
f 249 779 796
f 790 767 768
f 690 735 736
f 796 779 795
f 727 764 732
f 731 745 746
f 745 731 766
f 732 765 731
f 746 747 708
f 703 730 746
f 747 707 708
f 747 748 707
f 730 731 746
f 749 244 748
f 776 745 766
f 766 775 776
f 780 775 794
f 779 780 795
f 767 775 766
f 749 750 777
f 776 777 750
f 777 778 749
f 745 776 750
f 749 778 249
f 779 249 778
f 766 731 765
f 764 765 732
f 749 249 244
f 244 707 748
f 736 752 709
f 793 250 798
f 725 223 250
f 661 662 641
f 799 801 512
f 512 801 513
f 800 514 513
f 800 513 801
f 799 512 802
f 802 511 803
f 511 802 512
f 514 800 804
f 804 805 515
f 804 515 514
f 803 511 516
f 516 515 805
f 516 805 803
f 518 806 519
f 519 806 808
f 807 520 519
f 807 519 808
f 806 518 809
f 809 517 810
f 517 809 518
f 520 807 811
f 811 812 521
f 811 521 520
f 810 517 522
f 522 521 812
f 522 812 810
f 813 815 524
f 524 815 525
f 814 526 525
f 814 525 815
f 813 524 816
f 816 523 817
f 523 816 524
f 526 814 818
f 818 819 527
f 818 527 526
f 817 523 528
f 528 527 819
f 528 819 817
f 820 822 530
f 530 822 531
f 821 532 531
f 821 531 822
f 820 530 823
f 823 529 824
f 529 823 530
f 532 821 825
f 825 826 533
f 825 533 532
f 824 529 534
f 534 533 826
f 534 826 824
f 827 829 536
f 536 829 537
f 538 537 829
f 538 829 828
f 827 536 830
f 830 535 831
f 535 830 536
f 538 828 832
f 832 833 539
f 832 539 538
f 831 535 540
f 540 539 833
f 540 833 831
f 542 834 543
f 543 834 836
f 835 544 543
f 835 543 836
f 834 542 837
f 837 541 838
f 541 837 542
f 544 835 839
f 839 840 545
f 839 545 544
f 838 541 546
f 546 545 840
f 546 840 838
f 841 843 548
f 548 843 549
f 550 549 843
f 550 843 842
f 841 548 844
f 844 547 845
f 547 844 548
f 550 842 846
f 846 847 551
f 846 551 550
f 845 547 552
f 552 551 847
f 552 847 845
f 848 850 554
f 554 850 555
f 849 556 555
f 849 555 850
f 848 554 851
f 851 553 852
f 553 851 554
f 556 849 853
f 853 854 557
f 853 557 556
f 852 553 558
f 558 557 854
f 558 854 852
f 855 857 560
f 560 857 561
f 856 562 561
f 856 561 857
f 855 560 858
f 858 559 859
f 559 858 560
f 562 856 860
f 860 861 563
f 860 563 562
f 859 559 564
f 564 563 861
f 564 861 859
f 862 864 566
f 566 864 567
f 568 567 864
f 568 864 863
f 862 566 865
f 865 565 866
f 565 865 566
f 568 863 867
f 867 868 569
f 867 569 568
f 866 565 570
f 570 569 868
f 570 868 866
f 869 871 572
f 572 871 573
f 574 573 871
f 574 871 870
f 869 572 872
f 872 571 873
f 571 872 572
f 574 870 874
f 874 875 575
f 874 575 574
f 873 571 576
f 576 575 875
f 576 875 873
f 578 876 579
f 579 876 878
f 877 580 579
f 877 579 878
f 876 578 879
f 879 577 880
f 577 879 578
f 580 877 881
f 881 882 581
f 881 581 580
f 880 577 582
f 582 581 882
f 582 882 880
f 584 883 585
f 585 883 885
f 586 585 885
f 586 885 884
f 883 584 886
f 886 583 887
f 583 886 584
f 586 884 888
f 888 889 587
f 888 587 586
f 887 583 588
f 588 587 889
f 588 889 887
f 890 892 590
f 590 892 591
f 592 591 892
f 592 892 891
f 890 590 893
f 893 589 894
f 589 893 590
f 592 891 895
f 895 896 593
f 895 593 592
f 894 589 594
f 594 593 896
f 594 896 894
f 897 899 596
f 596 899 597
f 898 598 597
f 898 597 899
f 897 596 900
f 900 595 901
f 595 900 596
f 598 898 902
f 902 903 599
f 902 599 598
f 901 595 600
f 600 599 903
f 600 903 901
f 904 906 602
f 602 906 603
f 905 604 603
f 905 603 906
f 904 602 907
f 907 601 908
f 601 907 602
f 604 905 909
f 909 910 605
f 909 605 604
f 908 601 606
f 606 605 910
f 606 910 908
f 608 911 609
f 609 911 913
f 912 610 609
f 912 609 913
f 911 608 914
f 914 607 915
f 607 914 608
f 610 912 916
f 916 917 611
f 916 611 610
f 915 607 612
f 612 611 917
f 612 917 915
f 918 920 614
f 614 920 615
f 616 615 920
f 616 920 919
f 918 614 921
f 921 613 922
f 613 921 614
f 616 919 923
f 923 924 617
f 923 617 616
f 922 613 618
f 618 617 924
f 618 924 922
f 925 927 620
f 620 927 621
f 622 621 927
f 622 927 926
f 925 620 928
f 928 619 929
f 619 928 620
f 622 926 930
f 930 931 623
f 930 623 622
f 929 619 624
f 624 623 931
f 624 931 929
f 626 932 627
f 627 932 934
f 933 628 627
f 933 627 934
f 932 626 935
f 935 625 936
f 625 935 626
f 628 933 937
f 937 938 629
f 937 629 628
f 936 625 630
f 630 629 938
f 630 938 936
f 939 941 632
f 632 941 633
f 940 634 633
f 940 633 941
f 939 632 942
f 942 631 943
f 631 942 632
f 634 940 944
f 944 945 635
f 944 635 634
f 943 631 636
f 636 635 945
f 636 945 943
f 638 946 639
f 639 946 948
f 640 639 948
f 640 948 947
f 946 638 949
f 949 637 950
f 637 949 638
f 640 947 951
f 951 952 641
f 951 641 640
f 950 637 642
f 642 641 952
f 642 952 950
f 953 955 644
f 644 955 645
f 646 645 955
f 646 955 954
f 953 644 956
f 956 643 957
f 643 956 644
f 646 954 958
f 958 959 647
f 958 647 646
f 957 643 648
f 648 647 959
f 648 959 957
f 960 962 650
f 650 962 651
f 961 652 651
f 961 651 962
f 960 650 963
f 963 649 964
f 649 963 650
f 652 961 965
f 965 966 653
f 965 653 652
f 964 649 654
f 654 653 966
f 654 966 964
f 967 969 656
f 656 969 657
f 658 657 969
f 658 969 968
f 967 656 970
f 970 655 971
f 655 970 656
f 658 968 972
f 972 973 659
f 972 659 658
f 971 655 660
f 660 659 973
f 660 973 971
f 662 974 663
f 663 974 976
f 975 664 663
f 975 663 976
f 974 662 977
f 977 661 978
f 661 977 662
f 664 975 979
f 979 980 665
f 979 665 664
f 978 661 666
f 666 665 980
f 666 980 978
f 981 983 668
f 668 983 669
f 670 669 983
f 670 983 982
f 981 668 984
f 984 667 985
f 667 984 668
f 670 982 986
f 986 987 671
f 986 671 670
f 985 667 672
f 672 671 987
f 672 987 985
f 988 990 674
f 674 990 675
f 676 675 990
f 676 990 989
f 988 674 991
f 991 673 992
f 673 991 674
f 676 989 993
f 993 994 677
f 993 677 676
f 992 673 678
f 678 677 994
f 678 994 992
f 680 995 681
f 681 995 997
f 997 682 681
f 682 997 996
f 995 680 998
f 998 679 999
f 679 998 680
f 682 996 1000
f 1000 1001 683
f 1000 683 682
f 999 679 684
f 684 683 1001
f 684 1001 999
f 1002 1004 686
f 686 1004 687
f 1003 688 687
f 1003 687 1004
f 1002 686 1005
f 1005 685 1006
f 685 1005 686
f 688 1003 1007
f 1007 1008 689
f 1007 689 688
f 1006 685 690
f 690 689 1008
f 690 1008 1006
f 692 1009 693
f 693 1009 1011
f 694 693 1011
f 694 1011 1010
f 1009 692 1012
f 1012 691 1013
f 691 1012 692
f 694 1010 1014
f 1014 1015 695
f 1014 695 694
f 1013 691 696
f 696 695 1015
f 696 1015 1013
f 1016 1018 698
f 698 1018 699
f 700 699 1018
f 700 1018 1017
f 1016 698 1019
f 1019 697 1020
f 697 1019 698
f 700 1017 1021
f 1021 1022 701
f 1021 701 700
f 1020 697 702
f 702 701 1022
f 702 1022 1020
f 1023 1025 704
f 704 1025 705
f 1025 706 705
f 706 1025 1024
f 1023 704 1026
f 1026 703 1027
f 703 1026 704
f 706 1024 1028
f 1028 1029 707
f 1028 707 706
f 1027 703 708
f 708 707 1029
f 708 1029 1027
f 1030 1032 710
f 710 1032 711
f 712 711 1032
f 712 1032 1031
f 1030 710 1033
f 1033 709 1034
f 709 1033 710
f 712 1031 1035
f 1035 1036 713
f 1035 713 712
f 1034 709 714
f 714 713 1036
f 714 1036 1034
f 716 1037 717
f 717 1037 1039
f 1038 718 717
f 1038 717 1039
f 1037 716 1040
f 1040 715 1041
f 715 1040 716
f 718 1038 1042
f 1042 1043 719
f 1042 719 718
f 1041 715 720
f 720 719 1043
f 720 1043 1041
f 1044 1046 722
f 722 1046 723
f 724 723 1046
f 724 1046 1045
f 1044 722 1047
f 1047 721 1048
f 721 1047 722
f 724 1045 1049
f 1049 1050 725
f 1049 725 724
f 1048 721 726
f 726 725 1050
f 726 1050 1048
f 728 1051 729
f 729 1051 1053
f 1053 730 729
f 730 1053 1052
f 1051 728 1054
f 1054 727 1055
f 727 1054 728
f 730 1052 1056
f 1056 1057 731
f 1056 731 730
f 1055 727 732
f 732 731 1057
f 732 1057 1055
f 1058 1060 734
f 734 1060 735
f 1059 736 735
f 1059 735 1060
f 1058 734 1061
f 1061 733 1062
f 733 1061 734
f 736 1059 1063
f 1063 1064 737
f 1063 737 736
f 1062 733 738
f 738 737 1064
f 738 1064 1062
f 740 1065 741
f 741 1065 1067
f 742 741 1067
f 742 1067 1066
f 1065 740 1068
f 1068 739 1069
f 739 1068 740
f 742 1066 1070
f 1070 1071 743
f 1070 743 742
f 1069 739 744
f 744 743 1071
f 744 1071 1069
f 1072 1074 746
f 746 1074 747
f 1074 748 747
f 748 1074 1073
f 1072 746 1075
f 1075 745 1076
f 745 1075 746
f 748 1073 1077
f 1077 1078 749
f 1077 749 748
f 1076 745 750
f 750 749 1078
f 750 1078 1076
f 1079 1081 752
f 752 1081 753
f 754 753 1081
f 754 1081 1080
f 1079 752 1082
f 1082 751 1083
f 751 1082 752
f 754 1080 1084
f 1084 1085 755
f 1084 755 754
f 1083 751 756
f 756 755 1085
f 756 1085 1083
f 758 1086 759
f 759 1086 1088
f 1087 760 759
f 1087 759 1088
f 1086 758 1089
f 1089 757 1090
f 757 1089 758
f 760 1087 1091
f 1091 1092 761
f 1091 761 760
f 1090 757 762
f 762 761 1092
f 762 1092 1090
f 764 1093 765
f 765 1093 1095
f 1095 766 765
f 766 1095 1094
f 1093 764 1096
f 1096 763 1097
f 763 1096 764
f 766 1094 1098
f 1098 1099 767
f 1098 767 766
f 1097 763 768
f 768 767 1099
f 768 1099 1097
f 1100 1102 770
f 770 1102 771
f 1101 772 771
f 1101 771 1102
f 1100 770 1103
f 1103 769 1104
f 769 1103 770
f 772 1101 1105
f 1105 1106 773
f 1105 773 772
f 1104 769 774
f 774 773 1106
f 774 1106 1104
f 1107 1109 776
f 776 1109 777
f 1109 778 777
f 778 1109 1108
f 1107 776 1110
f 1110 775 1111
f 775 1110 776
f 778 1108 1112
f 1112 1113 779
f 1112 779 778
f 1111 775 780
f 780 779 1113
f 780 1113 1111
f 1114 1116 782
f 782 1116 783
f 784 783 1116
f 784 1116 1115
f 1114 782 1117
f 1117 781 1118
f 781 1117 782
f 784 1115 1119
f 1119 1120 785
f 1119 785 784
f 1118 781 786
f 786 785 1120
f 786 1120 1118
f 788 1121 789
f 789 1121 1123
f 1123 790 789
f 790 1123 1122
f 1121 788 1124
f 1124 787 1125
f 787 1124 788
f 790 1122 1126
f 1126 1127 791
f 1126 791 790
f 1125 787 792
f 792 791 1127
f 792 1127 1125
f 1128 1130 794
f 794 1130 795
f 1130 796 795
f 796 1130 1129
f 1128 794 1131
f 1131 793 1132
f 793 1131 794
f 796 1129 1133
f 1133 1134 797
f 1133 797 796
f 1132 793 798
f 798 797 1134
f 798 1134 1132
f 183 1135 1137
f 183 184 1135
f 1135 1136 1137
f 1138 1139 1140
f 1137 1140 183
f 1137 1138 1140
f 1138 1141 1142
f 1142 1139 1138
f 1144 1143 1211
f 1210 1209 1211
f 1145 1211 1209
f 482 1144 1145
f 1146 1145 1209
f 1147 495 1146
f 1144 1211 1145
f 1146 1209 1147
f 1207 1209 1208
f 1209 1207 1147
f 1205 1207 1206
f 1147 1207 1148
f 1148 1207 1149
f 1204 1203 1205
f 1203 1202 16
f 1149 1205 1150
f 1207 1205 1149
f 1152 1205 1203
f 1136 1148 1149
f 1136 1149 1137
f 1150 1152 1151
f 1201 16 1202
f 1154 1153 16
f 16 1201 19
f 1153 1152 1203
f 19 1201 6
f 16 1153 1203
f 1205 1152 1150
f 19 6 18
f 6 1201 1200
f 1200 1199 6
f 1199 1198 1156
f 6 1199 10
f 18 6 1155
f 1156 1197 1157
f 1156 9 10
f 10 1199 1156
f 1198 1197 1156
f 1197 1194 1157
f 1194 1197 1195
f 1192 1158 1193
f 1194 1158 1157
f 1159 1158 1160
f 1161 1160 1192
f 1161 1192 1191
f 1162 1161 1163
f 1158 1192 1160
f 1194 1193 1158
f 1161 1190 1163
f 1189 1164 1190
f 1190 1164 1163
f 1190 1161 1191
f 1165 1164 1166
f 1166 1164 1188
f 1166 1188 1167
f 1164 1189 1188
f 1186 1188 1187
f 1168 1167 1169
f 1169 1186 1170
f 1186 1169 1167
f 1172 1170 1184
f 1167 1188 1186
f 1172 1171 1170
f 1174 1173 1175
f 1182 1175 1173
f 1173 1172 1184
f 1186 1184 1170
f 1175 1182 1176
f 1183 1182 1184
f 1184 1186 1185
f 1176 1182 1180
f 1177 1176 1178
f 1180 1179 1178
f 1178 1176 1180
f 1182 1181 1180
f 1173 1184 1182
f 1195 1197 1196
f 118 119 199
f 119 120 199
f 199 107 1212
f 108 1212 107
f 199 1212 118
f 476 477 339
f 477 478 339
f 339 465 1213
f 466 1213 465
f 339 1213 476
f 167 168 1215
f 1215 168 1214
f 258 1215 1214
f 258 1214 259
f 155 156 1216
f 1216 154 155
f 156 223 1216
f 223 222 1216
f 251 250 223
f 223 156 251
f 303 1217 302
f 302 1217 1218
f 434 1218 1217
f 434 1217 433
f 1209 1210 1220
f 1220 1210 1219
f 22 1220 1219
f 22 1219 21
f 290 291 1221
f 1221 291 374
f 374 441 1222
f 441 374 291
f 442 1222 441
f 374 1222 373
f 121 122 1223
f 122 123 1223
f 1223 201 200
f 201 1223 123
f 341 342 1224
f 340 341 1224
f 1224 463 464
f 463 1224 342
f 151 152 1225
f 152 153 1225
f 1225 221 220
f 221 1225 153
f 370 371 1226
f 371 372 1226
f 1226 443 444
f 443 1226 372
f 124 125 1227
f 125 126 1227
f 1227 203 202
f 203 1227 126
f 344 345 1228
f 343 344 1228
f 1228 461 462
f 461 1228 345
f 148 149 1229
f 149 150 1229
f 1229 219 218
f 219 1229 150
f 1230 367 368
f 1230 368 369
f 1230 445 446
f 445 1230 369
f 1144 482 483
f 1143 483 105
f 483 1143 1144
f 1143 105 1231
f 480 82 1231
f 1231 83 20
f 83 1231 82
f 480 1231 105
f 127 128 1232
f 128 129 205
f 1232 205 204
f 205 1232 128
f 1233 346 347
f 459 347 348
f 1233 459 460
f 459 1233 347
f 145 146 1234
f 146 147 217
f 1234 217 216
f 217 1234 146
f 181 1235 1151
f 181 182 1235
f 1235 1150 1151
f 1236 1237 1238
f 1151 1238 181
f 1238 1151 1236
f 1236 1239 1240
f 1240 12 1237
f 1240 1237 1236
f 1241 364 365
f 447 365 366
f 1241 447 448
f 447 1241 365
f 1178 1179 1242
f 1177 1178 1242
f 1242 51 52
f 51 1242 1179
f 1146 495 496
f 1145 496 497
f 496 1145 1146
f 497 92 1243
f 1243 80 81
f 80 1243 92
f 497 1243 1145
f 130 131 1244
f 1244 131 207
f 207 206 1244
f 207 131 132
f 1245 349 350
f 457 350 351
f 1245 457 458
f 457 1245 350
f 142 143 1246
f 143 144 215
f 1246 215 214
f 215 1246 143
f 361 362 1247
f 362 363 449
f 1247 449 450
f 449 1247 362
f 1251 1252 74
f 74 1250 1251
f 1248 419 1249
f 1248 1249 74
f 1249 419 420
f 74 1249 1250
f 1248 74 75
f 1252 1251 1253
f 1253 1251 1254
f 1255 1254 1251
f 1255 1251 1250
f 1175 1176 1256
f 1175 1256 1174
f 279 1256 280
f 1256 1176 280
f 331 280 53
f 330 331 1257
f 1257 53 54
f 53 1257 331
f 280 1176 53
f 1147 1148 1258
f 1148 1136 1258
f 501 502 1258
f 500 1258 502
f 501 1258 1136
f 1259 93 94
f 1259 94 95
f 1259 78 79
f 78 1259 95
f 133 134 1260
f 1260 134 209
f 1260 209 208
f 209 134 135
f 1261 352 353
f 456 1261 455
f 353 354 455
f 353 455 1261
f 139 140 1262
f 1262 140 213
f 1262 213 212
f 213 140 141
f 358 359 1263
f 1263 359 451
f 1263 451 452
f 451 359 360
f 1172 1173 278
f 1171 1172 1264
f 1264 278 277
f 278 1264 1172
f 328 329 55
f 327 328 1265
f 1265 55 56
f 55 1265 328
f 1149 1150 1267
f 1267 1150 1266
f 1142 1141 1267
f 1142 1267 1266
f 90 91 1269
f 1269 91 1268
f 1268 75 76
f 1268 76 1269
f 1270 136 137
f 210 1270 137
f 137 138 211
f 137 211 210
f 1271 355 356
f 454 1271 356
f 356 357 453
f 356 453 454
f 1168 1169 1272
f 1169 1170 1272
f 1272 276 275
f 276 1272 1170
f 324 325 1273
f 325 326 1273
f 1273 57 58
f 57 1273 326
f 1274 1153 1275
f 1274 1152 1153
f 1153 1154 1275
f 1275 12 1240
f 1239 1274 1240
f 1240 1274 1275
f 1254 1255 72
f 1253 1254 1276
f 1276 72 73
f 72 1276 1254
f 1166 1167 274
f 1165 1166 1277
f 1277 274 273
f 274 1277 1166
f 322 323 59
f 321 322 1278
f 1278 59 60
f 59 1278 322
f 1282 1281 70
f 1279 1282 1280
f 1280 70 71
f 70 1280 1282
f 1279 1255 1282
f 1282 1255 1284
f 1281 1282 1284
f 1281 1284 1283
f 1162 1163 1285
f 1285 1163 272
f 272 271 1285
f 272 1163 1164
f 318 319 1286
f 1286 319 61
f 61 62 1286
f 61 319 320
f 1287 1289 1288
f 1288 1289 67
f 1288 67 68
f 67 1289 311
f 1290 1292 1287
f 1287 1292 1289
f 311 1289 1292
f 311 1292 1291
f 1159 1160 1293
f 1293 1160 270
f 1293 270 269
f 270 1160 1161
f 315 316 1294
f 1294 316 63
f 1294 63 64
f 63 316 317
f 1295 1156 1157
f 267 1295 1157
f 1157 1158 268
f 1157 268 267
f 170 1296 169
f 169 1296 1297
f 260 1297 1296
f 260 1296 261
f 1298 312 313
f 66 1298 313
f 313 314 65
f 313 65 66
f 304 305 1300
f 1300 305 1299
f 432 1300 1299
f 432 1299 431
f 1181 1182 1301
f 1301 49 50
f 1301 50 1181
f 1208 1302 1207
f 1207 1302 1303
f 23 24 1303
f 23 1303 1302
f 1322 1353 1354
f 1353 1322 289
f 1322 1354 1327
f 1326 1354 1355
f 1323 1324 1309
f 1326 1327 1354
f 1334 1326 1355
f 1334 1335 1326
f 1355 1371 1334
f 289 1322 286
f 1357 1352 1395
f 1370 1356 1397
f 1357 1396 1356
f 1352 289 1395
f 1356 1371 1355
f 1371 1372 1334
f 1389 1373 1374
f 1338 1372 1373
f 1371 1356 1370
f 1334 1372 1339
f 1395 1396 1357
f 1353 289 1352
f 1389 1346 1373
f 1304 1323 1309
f 1309 1324 1325
f 1310 1325 1335
f 1326 1335 1325
f 1310 1335 1336
f 1305 1306 286
f 1308 1309 1325
f 1310 1308 1325
f 1310 1311 1308
f 1310 1336 1315
f 286 1323 1304
f 1338 1346 1337
f 1346 1338 1373
f 1339 1372 1338
f 1337 1346 1347
f 1316 1337 1347
f 1390 1350 1351
f 1391 1364 1350
f 1364 1365 1350
f 1346 1389 1351
f 1314 1336 1337
f 1347 1348 1321
f 1390 1351 1389
f 286 1322 1323
f 1394 289 1221
f 290 1221 289
f 1394 1221 1399
f 1419 1370 1397
f 1397 1398 1419
f 1398 1399 1221
f 1419 1398 1418
f 1419 1375 1370
f 1221 1418 1398
f 1394 1395 289
f 1423 1418 1221
f 1422 1442 1443
f 1442 1422 1221
f 1423 1221 1422
f 1420 1421 1374
f 1443 1421 1422
f 1443 1444 1393
f 1421 1443 1388
f 1442 1221 1447
f 1221 1446 1447
f 1419 1420 1375
f 1388 1389 1374
f 1375 1420 1374
f 1388 1443 1393
f 1421 1388 1374
f 1390 1391 1350
f 1392 1413 1391
f 1412 1413 1392
f 1413 1414 1364
f 1391 1413 1364
f 1393 1445 1392
f 1417 1412 1467
f 1416 1417 1468
f 1467 1412 1445
f 1446 1467 1445
f 1436 1416 1469
f 1412 1392 1445
f 1368 1414 1415
f 1437 1415 1436
f 1491 1441 1436
f 1415 1416 1436
f 1382 1415 1437
f 1417 1467 1468
f 1393 1444 1445
f 1364 1414 1369
f 1397 1356 1396
f 1304 1305 286
f 1437 1438 1387
f 1311 286 1307
f 286 1306 1307
f 1308 1311 1307
f 1315 1336 1314
f 1311 1312 286
f 1313 1316 1317
f 1313 1317 286
f 1316 1313 1314
f 1312 1313 286
f 1337 1316 1314
f 286 1317 1318
f 1349 1365 1328
f 1349 1350 1365
f 1365 1366 1328
f 1321 1349 1320
f 1367 1332 1366
f 1328 1320 1349
f 1368 1383 1367
f 1340 1367 1383
f 1366 1333 1328
f 1383 1384 1345
f 1321 1316 1347
f 1348 1349 1321
f 1329 1320 1328
f 1318 1319 286
f 1320 1329 1319
f 1332 1333 1366
f 1329 1330 286
f 1331 1341 286
f 1341 1331 1332
f 1341 1342 286
f 1330 1331 286
f 1341 1332 1340
f 1319 1329 286
f 1384 1344 1345
f 1385 1358 1344
f 1344 1358 1343
f 1340 1383 1345
f 1343 1358 1359
f 1359 1360 286
f 1377 1361 1362
f 1361 1377 286
f 1360 1361 286
f 1363 1358 1407
f 1343 1359 286
f 1332 1367 1340
f 1342 1343 286
f 332 286 1377
f 1368 1415 1382
f 1386 1387 1439
f 1437 1387 1382
f 1407 1358 1385
f 1408 1362 1363
f 1408 1409 1362
f 1385 1386 1407
f 1408 1363 1407
f 1406 1407 1386
f 1382 1383 1368
f 1411 1406 1461
f 1439 1461 1406
f 1440 1461 1439
f 1406 1386 1439
f 1410 1411 1462
f 1431 1410 1430
f 1431 1409 1410
f 1455 1433 1434
f 1432 1433 1380
f 1430 1410 1463
f 1431 1432 1381
f 1369 1414 1368
f 1409 1431 1376
f 1362 1409 1376
f 1381 1432 1380
f 1431 1381 1376
f 332 1377 1378
f 332 1379 1401
f 332 1401 1402
f 1379 1380 1401
f 332 1378 1379
f 1400 1401 1380
f 1376 1377 1362
f 1405 1400 1455
f 1424 1404 1457
f 1405 1456 1404
f 1429 1424 1479
f 1404 1424 1425
f 1400 1380 1455
f 1404 1425 1403
f 332 1403 1425
f 1449 1427 1428
f 332 1426 1427
f 332 1425 1426
f 1411 1461 1462
f 1380 1433 1455
f 332 1402 1403
f 1455 1456 1405
f 1385 1344 1384
f 1387 1438 1439
f 332 1427 1449
f 1471 1466 1221
f 1490 1470 1221
f 1471 1221 1470
f 1461 1440 1460
f 1469 1491 1436
f 1492 1441 1491
f 1491 1469 1470
f 1492 1440 1441
f 1440 1492 1493
f 1491 1470 1490
f 1416 1468 1469
f 1494 1495 1221
f 1494 1514 1515
f 1519 1514 1221
f 1494 1221 1514
f 1493 1515 1440
f 1515 1493 1494
f 1465 1515 1516
f 1518 1533 1517
f 1464 1516 1517
f 1440 1515 1460
f 1490 1221 1495
f 1484 1517 1533
f 1464 1465 1516
f 1460 1515 1465
f 1454 1455 1434
f 1486 1434 1435
f 1434 1487 1454
f 1485 1463 1464
f 1435 1485 1486
f 1435 1430 1485
f 1463 1485 1430
f 1485 1464 1484
f 1410 1462 1463
f 1534 1488 1489
f 1535 1508 1488
f 1484 1533 1489
f 1509 1488 1508
f 1487 1509 1454
f 1509 1487 1488
f 1454 1510 1459
f 1512 1527 1511
f 1458 1510 1511
f 1509 1510 1454
f 1486 1487 1434
f 1464 1517 1484
f 1527 1478 1511
f 1533 1534 1489
f 1467 1446 1466
f 1532 1533 1518
f 1532 1518 1221
f 374 1536 1537
f 1537 1532 374
f 1551 1508 1535
f 1536 1551 1535
f 1550 1551 1536
f 1551 1552 1513
f 1551 1513 1508
f 1550 1536 374
f 1535 1488 1534
f 374 1554 1555
f 1567 1562 374
f 374 1562 1554
f 1562 1553 1554
f 1553 1563 1526
f 1553 1562 1563
f 1566 374 1574
f 1567 374 1566
f 1575 1566 1574
f 374 1555 1550
f 1518 1519 1221
f 1552 1553 1512
f 1526 1527 1512
f 1513 1552 1512
f 1553 1526 1512
f 1564 1526 1563
f 1530 1564 1565
f 1530 1531 1564
f 1575 1544 1530
f 1526 1564 1531
f 1544 1545 1530
f 1530 1565 1575
f 1549 1575 1576
f 1578 1579 374
f 1580 1578 374
f 1565 1566 1575
f 1581 1578 1580
f 1576 1577 1548
f 1577 1578 1581
f 374 1584 1585
f 1586 1584 374
f 1548 1577 1581
f 1580 374 1585
f 1549 1544 1575
f 1584 1586 1587
f 1574 374 1579
f 1446 1221 1466
f 1483 1527 1528
f 1458 1511 1478
f 1510 1458 1459
f 1479 1458 1478
f 1479 1480 1429
f 1424 1457 1479
f 1480 1428 1429
f 1480 1481 1428
f 1457 1458 1479
f 1428 1481 1503
f 1404 1456 1457
f 1482 1503 1481
f 1482 1483 1529
f 1507 1502 1545
f 1482 1529 1502
f 1482 1502 1503
f 1428 1503 1448
f 1505 1506 1521
f 1522 1477 1521
f 1452 1504 1505
f 1453 1503 1504
f 1507 1546 1506
f 1527 1483 1478
f 1472 1505 1521
f 1453 1448 1503
f 1452 1472 1473
f 1472 1452 1505
f 1453 1504 1452
f 1450 1451 332
f 1473 1474 332
f 1474 1475 332
f 1451 1452 1473
f 1451 1473 332
f 1476 1497 1475
f 1522 1476 1477
f 1539 1501 1496
f 1540 1500 1501
f 1496 1476 1523
f 1476 1496 1497
f 1497 332 1475
f 332 1497 1498
f 1499 333 332
f 333 1499 1500
f 1499 332 1498
f 1500 1541 333
f 1472 1521 1477
f 1450 332 1449
f 1521 1506 1520
f 1449 1428 1448
f 1546 1507 1545
f 1529 1530 1545
f 1549 1576 1548
f 1547 1520 1506
f 1556 1557 1547
f 1561 1556 1581
f 1548 1556 1547
f 1547 1557 1520
f 1548 1581 1556
f 1547 1506 1546
f 1583 1560 1561
f 1584 1587 1583
f 1590 1591 374
f 1568 1560 1587
f 1587 1560 1583
f 1589 374 1572
f 1573 1587 1588
f 374 1589 1590
f 1591 1586 374
f 1583 1561 1582
f 1483 1528 1529
f 1589 1572 1588
f 1525 1520 1558
f 1524 1538 1539
f 1538 1524 1569
f 1525 1558 1524
f 1522 1523 1476
f 1539 1540 1501
f 1540 1541 1500
f 1523 1524 1539
f 1523 1539 1496
f 1569 1524 1559
f 1587 1573 1568
f 1573 1588 1572
f 1559 1568 1569
f 1560 1568 1559
f 1542 1543 1570
f 1570 1571 1542
f 1570 1543 1538
f 1569 1570 1538
f 1542 1571 374
f 1572 374 1571
f 1559 1524 1558
f 1520 1557 1558
f 1542 374 333
f 333 1541 1542
f 1502 1529 1545
f 1582 1561 1581
f 1221 374 1532
f 1592 1594 1305
f 1305 1594 1306
f 1594 1307 1306
f 1307 1594 1593
f 1592 1305 1595
f 1595 1304 1596
f 1304 1595 1305
f 1307 1593 1597
f 1597 1598 1308
f 1597 1308 1307
f 1596 1304 1309
f 1309 1308 1598
f 1309 1598 1596
f 1599 1601 1311
f 1311 1601 1312
f 1313 1312 1601
f 1313 1601 1600
f 1599 1311 1602
f 1602 1310 1603
f 1310 1602 1311
f 1313 1600 1604
f 1604 1605 1314
f 1604 1314 1313
f 1603 1310 1315
f 1605 1315 1314
f 1315 1605 1603
f 1317 1606 1318
f 1318 1606 1608
f 1607 1319 1318
f 1607 1318 1608
f 1606 1317 1609
f 1609 1316 1610
f 1316 1609 1317
f 1319 1607 1611
f 1611 1612 1320
f 1611 1320 1319
f 1610 1316 1321
f 1321 1320 1612
f 1321 1612 1610
f 1613 1615 1323
f 1323 1615 1324
f 1615 1325 1324
f 1325 1615 1614
f 1613 1323 1616
f 1616 1322 1617
f 1322 1616 1323
f 1325 1614 1618
f 1618 1619 1326
f 1618 1326 1325
f 1617 1322 1327
f 1327 1326 1619
f 1327 1619 1617
f 1329 1620 1330
f 1330 1620 1622
f 1621 1331 1330
f 1621 1330 1622
f 1620 1329 1623
f 1623 1328 1624
f 1328 1623 1329
f 1331 1621 1625
f 1625 1626 1332
f 1625 1332 1331
f 1624 1328 1333
f 1333 1332 1626
f 1333 1626 1624
f 1627 1629 1335
f 1335 1629 1336
f 1337 1336 1629
f 1337 1629 1628
f 1627 1335 1630
f 1630 1334 1631
f 1334 1630 1335
f 1337 1628 1632
f 1632 1633 1338
f 1632 1338 1337
f 1631 1334 1339
f 1633 1339 1338
f 1339 1633 1631
f 1341 1634 1342
f 1342 1634 1636
f 1635 1343 1342
f 1635 1342 1636
f 1634 1341 1637
f 1637 1340 1638
f 1340 1637 1341
f 1343 1635 1639
f 1639 1640 1344
f 1639 1344 1343
f 1638 1340 1345
f 1345 1344 1640
f 1345 1640 1638
f 1347 1641 1348
f 1348 1641 1643
f 1642 1349 1348
f 1642 1348 1643
f 1641 1347 1644
f 1644 1346 1645
f 1346 1644 1347
f 1349 1642 1646
f 1646 1647 1350
f 1646 1350 1349
f 1645 1346 1351
f 1351 1350 1647
f 1351 1647 1645
f 1648 1650 1353
f 1353 1650 1354
f 1650 1355 1354
f 1355 1650 1649
f 1648 1353 1651
f 1651 1352 1652
f 1352 1651 1353
f 1355 1649 1653
f 1653 1654 1356
f 1653 1356 1355
f 1652 1352 1357
f 1357 1356 1654
f 1357 1654 1652
f 1359 1655 1360
f 1360 1655 1657
f 1361 1360 1657
f 1361 1657 1656
f 1655 1359 1658
f 1658 1358 1659
f 1358 1658 1359
f 1361 1656 1660
f 1660 1661 1362
f 1660 1362 1361
f 1659 1358 1363
f 1363 1362 1661
f 1363 1661 1659
f 1365 1662 1366
f 1366 1662 1664
f 1663 1367 1366
f 1663 1366 1664
f 1662 1365 1665
f 1665 1364 1666
f 1364 1665 1365
f 1367 1663 1667
f 1667 1668 1368
f 1667 1368 1367
f 1666 1364 1369
f 1369 1368 1668
f 1369 1668 1666
f 1669 1671 1371
f 1371 1671 1372
f 1373 1372 1671
f 1373 1671 1670
f 1669 1371 1672
f 1672 1370 1673
f 1370 1672 1371
f 1373 1670 1674
f 1674 1675 1374
f 1674 1374 1373
f 1673 1370 1375
f 1675 1375 1374
f 1375 1675 1673
f 1377 1676 1378
f 1378 1676 1678
f 1677 1379 1378
f 1677 1378 1678
f 1676 1377 1679
f 1679 1376 1680
f 1376 1679 1377
f 1379 1677 1681
f 1681 1682 1380
f 1681 1380 1379
f 1680 1376 1381
f 1381 1380 1682
f 1381 1682 1680
f 1383 1683 1384
f 1384 1683 1685
f 1684 1385 1384
f 1684 1384 1685
f 1683 1383 1686
f 1686 1382 1687
f 1382 1686 1383
f 1385 1684 1688
f 1688 1689 1386
f 1688 1386 1385
f 1687 1382 1387
f 1387 1386 1689
f 1387 1689 1687
f 1389 1690 1390
f 1390 1690 1692
f 1691 1391 1390
f 1691 1390 1692
f 1690 1389 1693
f 1693 1388 1694
f 1388 1693 1389
f 1391 1691 1695
f 1695 1696 1392
f 1695 1392 1391
f 1694 1388 1393
f 1393 1392 1696
f 1393 1696 1694
f 1697 1699 1395
f 1395 1699 1396
f 1699 1397 1396
f 1397 1699 1698
f 1697 1395 1700
f 1700 1394 1701
f 1394 1700 1395
f 1397 1698 1702
f 1702 1703 1398
f 1702 1398 1397
f 1701 1394 1399
f 1399 1398 1703
f 1399 1703 1701
f 1401 1704 1402
f 1402 1704 1706
f 1705 1403 1402
f 1705 1402 1706
f 1704 1401 1707
f 1707 1400 1708
f 1400 1707 1401
f 1403 1705 1709
f 1709 1710 1404
f 1709 1404 1403
f 1708 1400 1405
f 1405 1404 1710
f 1405 1710 1708
f 1407 1711 1408
f 1408 1711 1713
f 1409 1408 1713
f 1409 1713 1712
f 1711 1407 1714
f 1714 1406 1715
f 1406 1714 1407
f 1409 1712 1716
f 1716 1717 1410
f 1716 1410 1409
f 1715 1406 1411
f 1411 1410 1717
f 1411 1717 1715
f 1413 1718 1414
f 1414 1718 1720
f 1719 1415 1414
f 1719 1414 1720
f 1718 1413 1721
f 1721 1412 1722
f 1412 1721 1413
f 1415 1719 1723
f 1723 1724 1416
f 1723 1416 1415
f 1722 1412 1417
f 1417 1416 1724
f 1417 1724 1722
f 1725 1727 1419
f 1419 1727 1420
f 1421 1420 1727
f 1421 1727 1726
f 1725 1419 1728
f 1728 1418 1729
f 1418 1728 1419
f 1421 1726 1730
f 1730 1731 1422
f 1730 1422 1421
f 1729 1418 1423
f 1731 1423 1422
f 1423 1731 1729
f 1425 1732 1426
f 1426 1732 1734
f 1734 1427 1426
f 1427 1734 1733
f 1732 1425 1735
f 1735 1424 1736
f 1424 1735 1425
f 1427 1733 1737
f 1737 1738 1428
f 1737 1428 1427
f 1736 1424 1429
f 1429 1428 1738
f 1429 1738 1736
f 1431 1739 1432
f 1432 1739 1741
f 1740 1433 1432
f 1740 1432 1741
f 1739 1431 1742
f 1742 1430 1743
f 1430 1742 1431
f 1433 1740 1744
f 1744 1745 1434
f 1744 1434 1433
f 1743 1430 1435
f 1435 1434 1745
f 1435 1745 1743
f 1437 1746 1438
f 1438 1746 1748
f 1747 1439 1438
f 1747 1438 1748
f 1746 1437 1749
f 1749 1436 1750
f 1436 1749 1437
f 1439 1747 1751
f 1751 1752 1440
f 1751 1440 1439
f 1750 1436 1441
f 1441 1440 1752
f 1441 1752 1750
f 1443 1753 1444
f 1444 1753 1755
f 1754 1445 1444
f 1754 1444 1755
f 1753 1443 1756
f 1756 1442 1757
f 1442 1756 1443
f 1445 1754 1758
f 1758 1759 1446
f 1758 1446 1445
f 1757 1442 1447
f 1447 1446 1759
f 1447 1759 1757
f 1760 1762 1449
f 1449 1762 1450
f 1761 1451 1450
f 1761 1450 1762
f 1760 1449 1763
f 1763 1448 1764
f 1448 1763 1449
f 1451 1761 1765
f 1765 1766 1452
f 1765 1452 1451
f 1764 1448 1453
f 1453 1452 1766
f 1453 1766 1764
f 1455 1767 1456
f 1456 1767 1769
f 1768 1457 1456
f 1768 1456 1769
f 1767 1455 1770
f 1770 1454 1771
f 1454 1770 1455
f 1457 1768 1772
f 1772 1773 1458
f 1772 1458 1457
f 1771 1454 1459
f 1459 1458 1773
f 1459 1773 1771
f 1461 1774 1462
f 1462 1774 1776
f 1463 1462 1776
f 1463 1776 1775
f 1774 1461 1777
f 1777 1460 1778
f 1460 1777 1461
f 1463 1775 1779
f 1779 1780 1464
f 1779 1464 1463
f 1778 1460 1465
f 1465 1464 1780
f 1465 1780 1778
f 1467 1781 1468
f 1468 1781 1783
f 1782 1469 1468
f 1782 1468 1783
f 1781 1467 1784
f 1784 1466 1785
f 1466 1784 1467
f 1469 1782 1786
f 1786 1787 1470
f 1786 1470 1469
f 1785 1466 1471
f 1471 1470 1787
f 1471 1787 1785
f 1473 1788 1474
f 1474 1788 1790
f 1475 1474 1790
f 1475 1790 1789
f 1788 1473 1791
f 1791 1472 1792
f 1472 1791 1473
f 1475 1789 1793
f 1793 1794 1476
f 1793 1476 1475
f 1792 1472 1477
f 1477 1476 1794
f 1477 1794 1792
f 1479 1795 1480
f 1480 1795 1797
f 1797 1481 1480
f 1481 1797 1796
f 1795 1479 1798
f 1798 1478 1799
f 1478 1798 1479
f 1481 1796 1800
f 1800 1801 1482
f 1800 1482 1481
f 1799 1478 1483
f 1483 1482 1801
f 1483 1801 1799
f 1485 1802 1486
f 1486 1802 1804
f 1803 1487 1486
f 1803 1486 1804
f 1802 1485 1805
f 1805 1484 1806
f 1484 1805 1485
f 1487 1803 1807
f 1807 1808 1488
f 1807 1488 1487
f 1806 1484 1489
f 1489 1488 1808
f 1489 1808 1806
f 1491 1809 1492
f 1492 1809 1811
f 1810 1493 1492
f 1810 1492 1811
f 1809 1491 1812
f 1812 1490 1813
f 1490 1812 1491
f 1493 1810 1814
f 1814 1815 1494
f 1814 1494 1493
f 1813 1490 1495
f 1495 1494 1815
f 1495 1815 1813
f 1816 1818 1497
f 1497 1818 1498
f 1499 1498 1818
f 1499 1818 1817
f 1816 1497 1819
f 1819 1496 1820
f 1496 1819 1497
f 1499 1817 1821
f 1821 1822 1500
f 1821 1500 1499
f 1820 1496 1501
f 1822 1501 1500
f 1501 1822 1820
f 1823 1825 1503
f 1503 1825 1504
f 1824 1505 1504
f 1824 1504 1825
f 1823 1503 1826
f 1826 1502 1827
f 1502 1826 1503
f 1505 1824 1828
f 1828 1829 1506
f 1828 1506 1505
f 1827 1502 1507
f 1507 1506 1829
f 1507 1829 1827
f 1509 1830 1510
f 1510 1830 1832
f 1831 1511 1510
f 1831 1510 1832
f 1830 1509 1833
f 1833 1508 1834
f 1508 1833 1509
f 1511 1831 1835
f 1835 1836 1512
f 1835 1512 1511
f 1834 1508 1513
f 1513 1512 1836
f 1513 1836 1834
f 1515 1837 1516
f 1516 1837 1839
f 1517 1516 1839
f 1517 1839 1838
f 1837 1515 1840
f 1840 1514 1841
f 1514 1840 1515
f 1517 1838 1842
f 1842 1843 1518
f 1842 1518 1517
f 1841 1514 1519
f 1519 1518 1843
f 1519 1843 1841
f 1521 1844 1522
f 1522 1844 1846
f 1523 1522 1846
f 1523 1846 1845
f 1844 1521 1847
f 1847 1520 1848
f 1520 1847 1521
f 1523 1845 1849
f 1849 1850 1524
f 1849 1524 1523
f 1848 1520 1525
f 1525 1524 1850
f 1525 1850 1848
f 1527 1851 1528
f 1528 1851 1853
f 1853 1529 1528
f 1529 1853 1852
f 1851 1527 1854
f 1854 1526 1855
f 1526 1854 1527
f 1529 1852 1856
f 1856 1857 1530
f 1856 1530 1529
f 1855 1526 1531
f 1531 1530 1857
f 1531 1857 1855
f 1533 1858 1534
f 1534 1858 1860
f 1859 1535 1534
f 1859 1534 1860
f 1858 1533 1861
f 1861 1532 1862
f 1532 1861 1533
f 1535 1859 1863
f 1863 1864 1536
f 1863 1536 1535
f 1862 1532 1537
f 1537 1536 1864
f 1537 1864 1862
f 1865 1867 1539
f 1539 1867 1540
f 1541 1540 1867
f 1541 1867 1866
f 1865 1539 1868
f 1868 1538 1869
f 1538 1868 1539
f 1541 1866 1870
f 1870 1871 1542
f 1870 1542 1541
f 1869 1538 1543
f 1871 1543 1542
f 1543 1871 1869
f 1872 1874 1545
f 1545 1874 1546
f 1873 1547 1546
f 1873 1546 1874
f 1872 1545 1875
f 1875 1544 1876
f 1544 1875 1545
f 1547 1873 1877
f 1877 1878 1548
f 1877 1548 1547
f 1876 1544 1549
f 1549 1548 1878
f 1549 1878 1876
f 1551 1879 1552
f 1552 1879 1881
f 1880 1553 1552
f 1880 1552 1881
f 1879 1551 1882
f 1882 1550 1883
f 1550 1882 1551
f 1553 1880 1884
f 1884 1885 1554
f 1884 1554 1553
f 1883 1550 1555
f 1555 1554 1885
f 1555 1885 1883
f 1557 1886 1558
f 1558 1886 1888
f 1559 1558 1888
f 1559 1888 1887
f 1886 1557 1889
f 1889 1556 1890
f 1556 1889 1557
f 1559 1887 1891
f 1891 1892 1560
f 1891 1560 1559
f 1890 1556 1561
f 1561 1560 1892
f 1561 1892 1890
f 1563 1893 1564
f 1564 1893 1895
f 1895 1565 1564
f 1565 1895 1894
f 1893 1563 1896
f 1896 1562 1897
f 1562 1896 1563
f 1565 1894 1898
f 1898 1899 1566
f 1898 1566 1565
f 1897 1562 1567
f 1567 1566 1899
f 1567 1899 1897
f 1900 1902 1569
f 1569 1902 1570
f 1571 1570 1902
f 1571 1902 1901
f 1900 1569 1903
f 1903 1568 1904
f 1568 1903 1569
f 1571 1901 1905
f 1905 1906 1572
f 1905 1572 1571
f 1904 1568 1573
f 1906 1573 1572
f 1573 1906 1904
f 1907 1909 1575
f 1575 1909 1576
f 1908 1577 1576
f 1908 1576 1909
f 1907 1575 1910
f 1910 1574 1911
f 1574 1910 1575
f 1577 1908 1912
f 1912 1913 1578
f 1912 1578 1577
f 1911 1574 1579
f 1579 1578 1913
f 1579 1913 1911
f 1581 1914 1582
f 1582 1914 1916
f 1583 1582 1916
f 1583 1916 1915
f 1914 1581 1917
f 1917 1580 1918
f 1580 1917 1581
f 1583 1915 1919
f 1919 1920 1584
f 1919 1584 1583
f 1918 1580 1585
f 1585 1584 1920
f 1585 1920 1918
f 1921 1923 1587
f 1587 1923 1588
f 1589 1588 1923
f 1589 1923 1922
f 1921 1587 1924
f 1924 1586 1925
f 1586 1924 1587
f 1589 1922 1926
f 1926 1927 1590
f 1926 1590 1589
f 1925 1586 1591
f 1927 1591 1590
f 1591 1927 1925
f 180 1154 179
f 179 1154 1928
f 1275 12 1928
f 13 1928 12
f 1275 1928 1154
f 282 247 281
f 283 282 331
f 281 280 331
f 281 331 282
f 801 804 800
f 802 801 799
f 802 803 805
f 805 804 802
f 802 804 801
f 808 811 807
f 809 808 806
f 809 810 812
f 812 811 809
f 809 811 808
f 815 813 816
f 814 815 818
f 816 817 819
f 819 818 816
f 816 818 815
f 829 832 828
f 830 829 827
f 830 831 833
f 833 832 830
f 830 832 829
f 843 846 842
f 844 843 841
f 844 845 847
f 847 846 844
f 844 846 843
f 864 867 863
f 865 864 862
f 865 866 867
f 868 867 866
f 865 867 864
f 885 883 886
f 884 885 888
f 886 887 888
f 889 888 887
f 886 888 885
f 913 911 914
f 912 913 916
f 914 915 917
f 917 916 914
f 914 916 913
f 941 939 942
f 940 941 944
f 942 943 945
f 945 944 942
f 942 944 941
f 969 967 970
f 968 969 972
f 970 971 973
f 973 972 970
f 970 972 969
f 997 995 998
f 996 997 1000
f 998 999 1000
f 1001 1000 999
f 998 1000 997
f 1025 1023 1026
f 1024 1025 1028
f 1026 1027 1029
f 1029 1028 1026
f 1026 1028 1025
f 1594 1592 1595
f 1593 1594 1597
f 1595 1596 1598
f 1598 1597 1595
f 1595 1597 1594
f 1601 1599 1602
f 1600 1601 1604
f 1602 1603 1605
f 1605 1604 1602
f 1602 1604 1601
f 1608 1606 1609
f 1607 1608 1611
f 1609 1610 1612
f 1612 1611 1609
f 1609 1611 1608
f 1622 1620 1623
f 1621 1622 1625
f 1623 1624 1626
f 1626 1625 1623
f 1623 1625 1622
f 1636 1634 1637
f 1635 1636 1639
f 1637 1638 1640
f 1640 1639 1637
f 1637 1639 1636
f 1657 1655 1658
f 1656 1657 1660
f 1658 1659 1661
f 1661 1660 1658
f 1658 1660 1657
f 1678 1676 1679
f 1677 1678 1681
f 1679 1680 1682
f 1682 1681 1679
f 1679 1681 1678
f 1706 1704 1707
f 1705 1706 1709
f 1707 1708 1710
f 1710 1709 1707
f 1707 1709 1706
f 1734 1732 1735
f 1733 1734 1737
f 1735 1736 1738
f 1738 1737 1735
f 1735 1737 1734
f 1762 1760 1763
f 1761 1762 1765
f 1763 1764 1766
f 1766 1765 1763
f 1763 1765 1762
f 1790 1788 1791
f 1789 1790 1793
f 1791 1792 1794
f 1794 1793 1791
f 1791 1793 1790
f 1818 1816 1819
f 1817 1818 1821
f 1819 1820 1822
f 1822 1821 1819
f 1819 1821 1818
f 390 393 375
f 375 393 379
f 394 378 379
f 394 379 393
f 822 825 821
f 823 822 820
f 823 824 826
f 826 825 823
f 823 825 822
f 836 834 837
f 835 836 839
f 837 838 840
f 840 839 837
f 837 839 836
f 850 853 849
f 851 850 848
f 851 852 854
f 854 853 851
f 851 853 850
f 871 869 872
f 870 871 874
f 872 873 875
f 875 874 872
f 872 874 871
f 892 890 893
f 891 892 895
f 893 894 896
f 896 895 893
f 893 895 892
f 920 918 921
f 919 920 923
f 921 922 924
f 924 923 921
f 921 923 920
f 948 951 947
f 949 948 946
f 949 950 951
f 952 951 950
f 949 951 948
f 976 974 977
f 975 976 979
f 977 978 980
f 980 979 977
f 977 979 976
f 1004 1002 1005
f 1003 1004 1007
f 1005 1006 1008
f 1008 1007 1005
f 1005 1007 1004
f 1255 72 1284
f 1283 1284 72
f 72 1930 1283
f 1929 421 1930
f 422 1930 421
f 1929 1930 72
f 1032 1030 1033
f 1031 1032 1035
f 1033 1034 1036
f 1036 1035 1033
f 1033 1035 1032
f 1053 1051 1054
f 1052 1053 1056
f 1054 1055 1057
f 1057 1056 1054
f 1054 1056 1053
f 1074 1072 1075
f 1073 1074 1077
f 1075 1076 1078
f 1078 1077 1075
f 1075 1077 1074
f 1615 1613 1616
f 1614 1615 1618
f 1616 1617 1619
f 1619 1618 1616
f 1616 1618 1615
f 1629 1627 1630
f 1628 1629 1632
f 1630 1631 1633
f 1633 1632 1630
f 1630 1632 1629
f 1643 1641 1644
f 1642 1643 1646
f 1644 1645 1647
f 1647 1646 1644
f 1644 1646 1643
f 1664 1662 1665
f 1663 1664 1667
f 1665 1666 1668
f 1668 1667 1665
f 1665 1667 1664
f 1685 1683 1686
f 1684 1685 1688
f 1686 1687 1689
f 1689 1688 1686
f 1686 1688 1685
f 1713 1711 1714
f 1712 1713 1716
f 1714 1715 1717
f 1717 1716 1714
f 1714 1716 1713
f 1741 1739 1742
f 1740 1741 1744
f 1742 1743 1745
f 1745 1744 1742
f 1742 1744 1741
f 1769 1767 1770
f 1768 1769 1772
f 1770 1771 1773
f 1773 1772 1770
f 1770 1772 1769
f 1797 1795 1798
f 1796 1797 1800
f 1798 1799 1801
f 1801 1800 1798
f 1798 1800 1797
f 1825 1823 1826
f 1824 1825 1828
f 1826 1827 1829
f 1829 1828 1826
f 1826 1828 1825
f 1846 1844 1847
f 1845 1846 1849
f 1847 1848 1850
f 1850 1849 1847
f 1847 1849 1846
f 1867 1865 1868
f 1866 1867 1870
f 1868 1869 1871
f 1871 1870 1868
f 1868 1870 1867
f 397 400 380
f 380 400 384
f 383 384 400
f 383 400 401
f 857 860 856
f 858 857 855
f 858 859 861
f 861 860 858
f 858 860 857
f 878 881 877
f 879 878 876
f 879 880 881
f 882 881 880
f 879 881 878
f 899 902 898
f 900 899 897
f 900 901 902
f 903 902 901
f 900 902 899
f 927 925 928
f 926 927 930
f 928 929 931
f 931 930 928
f 928 930 927
f 955 958 954
f 956 955 953
f 956 957 958
f 959 958 957
f 956 958 955
f 983 981 984
f 982 983 986
f 984 985 987
f 987 986 984
f 984 986 983
f 1011 1014 1010
f 1012 1011 1009
f 1012 1013 1014
f 1015 1014 1013
f 1012 1014 1011
f 1039 1037 1040
f 1038 1039 1042
f 1040 1041 1042
f 1043 1042 1041
f 1040 1042 1039
f 1060 1058 1061
f 1059 1060 1063
f 1061 1062 1064
f 1064 1063 1061
f 1061 1063 1060
f 1081 1084 1080
f 1082 1081 1079
f 1082 1083 1084
f 1085 1084 1083
f 1082 1084 1081
f 1095 1093 1096
f 1094 1095 1098
f 1096 1097 1099
f 1099 1098 1096
f 1096 1098 1095
f 1109 1107 1110
f 1108 1109 1112
f 1110 1111 1113
f 1113 1112 1110
f 1110 1112 1109
f 1650 1648 1651
f 1649 1650 1653
f 1651 1652 1654
f 1654 1653 1651
f 1651 1653 1650
f 1671 1669 1672
f 1670 1671 1674
f 1672 1673 1675
f 1675 1674 1672
f 1672 1674 1671
f 1692 1690 1693
f 1691 1692 1695
f 1693 1694 1696
f 1696 1695 1693
f 1693 1695 1692
f 1720 1718 1721
f 1719 1720 1723
f 1721 1722 1724
f 1724 1723 1721
f 1721 1723 1720
f 1748 1746 1749
f 1747 1748 1751
f 1749 1750 1752
f 1752 1751 1749
f 1749 1751 1748
f 1776 1774 1777
f 1775 1776 1779
f 1777 1778 1780
f 1780 1779 1777
f 1777 1779 1776
f 1804 1802 1805
f 1803 1804 1807
f 1805 1806 1808
f 1808 1807 1805
f 1805 1807 1804
f 1832 1830 1833
f 1831 1832 1835
f 1833 1834 1836
f 1836 1835 1833
f 1833 1835 1832
f 1853 1851 1854
f 1852 1853 1856
f 1854 1855 1857
f 1857 1856 1854
f 1854 1856 1853
f 1874 1872 1875
f 1873 1874 1877
f 1875 1876 1878
f 1878 1877 1875
f 1875 1877 1874
f 1888 1886 1889
f 1887 1888 1891
f 1889 1890 1892
f 1892 1891 1889
f 1889 1891 1888
f 1902 1905 1901
f 1903 1902 1900
f 1903 1904 1906
f 1906 1905 1903
f 1903 1905 1902
f 404 407 385
f 385 407 389
f 408 388 389
f 408 389 407
f 906 904 907
f 905 906 909
f 907 908 910
f 910 909 907
f 907 909 906
f 934 932 935
f 933 934 937
f 935 936 938
f 938 937 935
f 935 937 934
f 962 960 963
f 961 962 965
f 963 964 966
f 966 965 963
f 963 965 962
f 171 172 1932
f 1932 172 1931
f 263 262 1932
f 263 1932 1931
f 990 988 991
f 989 990 993
f 991 992 994
f 994 993 991
f 991 993 990
f 1018 1021 1017
f 1019 1018 1016
f 1019 1020 1021
f 1022 1021 1020
f 1019 1021 1018
f 1046 1044 1047
f 1045 1046 1049
f 1047 1048 1049
f 1050 1049 1048
f 1047 1049 1046
f 1067 1065 1068
f 1066 1067 1070
f 1068 1069 1071
f 1071 1070 1068
f 1068 1070 1067
f 1088 1086 1089
f 1087 1088 1091
f 1089 1090 1092
f 1092 1091 1089
f 1089 1091 1088
f 1102 1100 1103
f 1101 1102 1105
f 1103 1104 1106
f 1106 1105 1103
f 1103 1105 1102
f 1116 1114 1117
f 1115 1116 1119
f 1117 1118 1120
f 1120 1119 1117
f 1117 1119 1116
f 1123 1121 1124
f 1122 1123 1126
f 1124 1125 1127
f 1127 1126 1124
f 1124 1126 1123
f 1130 1128 1131
f 1129 1130 1133
f 1131 1132 1134
f 1134 1133 1131
f 1131 1133 1130
f 1699 1697 1700
f 1698 1699 1702
f 1700 1701 1703
f 1703 1702 1700
f 1700 1702 1699
f 1727 1725 1728
f 1726 1727 1730
f 1728 1729 1731
f 1731 1730 1728
f 1728 1730 1727
f 1755 1753 1756
f 1754 1755 1758
f 1756 1757 1758
f 1759 1758 1757
f 1756 1758 1755
f 1783 1781 1784
f 1782 1783 1786
f 1784 1785 1786
f 1787 1786 1785
f 1784 1786 1783
f 1811 1809 1812
f 1810 1811 1814
f 1812 1813 1815
f 1815 1814 1812
f 1812 1814 1811
f 1839 1837 1840
f 1838 1839 1842
f 1840 1841 1842
f 1843 1842 1841
f 1840 1842 1839
f 1860 1858 1861
f 1859 1860 1863
f 1861 1862 1863
f 1864 1863 1862
f 1861 1863 1860
f 1881 1879 1882
f 1880 1881 1884
f 1882 1883 1885
f 1885 1884 1882
f 1882 1884 1881
f 1895 1893 1896
f 1894 1895 1898
f 1896 1897 1899
f 1899 1898 1896
f 1896 1898 1895
f 1909 1907 1910
f 1908 1909 1912
f 1910 1911 1912
f 1913 1912 1911
f 1910 1912 1909
f 1916 1914 1917
f 1915 1916 1919
f 1917 1918 1919
f 1920 1919 1918
f 1917 1919 1916
f 1923 1926 1922
f 1924 1923 1921
f 1924 1925 1927
f 1927 1926 1924
f 1924 1926 1923
f 307 1933 306
f 306 1933 1934
f 430 1934 1933
f 430 1933 429
f 1183 1184 1936
f 1936 1184 1935
f 47 48 1936
f 47 1936 1935
f 117 118 1212
f 1212 108 109
f 1212 109 117
f 1205 1206 1938
f 1938 1206 1937
f 26 1938 1937
f 26 1937 25
f 475 476 1213
f 1213 466 467
f 1213 467 475
f 177 1939 1940
f 177 178 1939
f 1939 18 1155
f 1155 2 1940
f 3 1940 2
f 1155 1940 1939
f 159 160 253
f 192 253 160
f 192 160 161
f 69 70 1941
f 1292 1290 69
f 69 1291 1292
f 1941 423 424
f 1291 69 1942
f 424 1942 1941
f 1942 69 1941
f 294 295 439
f 413 439 295
f 413 295 296
f 120 121 1223
f 1223 200 199
f 1223 199 120
f 339 340 1224
f 465 1224 464
f 1224 465 339
f 123 124 1227
f 1227 202 201
f 1227 201 123
f 342 343 1228
f 1228 462 463
f 1228 463 342
f 126 127 1232
f 1232 204 203
f 1232 203 126
f 345 346 1233
f 1233 460 461
f 1233 461 345
f 174 1943 173
f 173 1943 1944
f 265 264 1944
f 265 1944 1943
f 162 163 190
f 190 163 492
f 254 191 190
f 254 190 492
f 297 298 411
f 411 298 494
f 494 438 412
f 494 412 411
f 482 1145 483
f 105 483 1145
f 1145 1243 105
f 480 1243 82
f 1243 480 105
f 81 82 1243
f 129 130 1244
f 1244 206 205
f 1244 205 129
f 348 349 1245
f 1245 458 459
f 1245 459 348
f 308 309 1946
f 1946 309 1945
f 428 1946 1945
f 428 1945 427
f 1185 1186 1948
f 1948 1186 1947
f 46 1948 1947
f 46 1947 45
f 1204 1949 1203
f 1203 1949 1950
f 27 28 1950
f 27 1950 1949
f 491 164 506
f 506 164 165
f 256 255 491
f 256 491 506
f 176 9 175
f 175 9 1951
f 8 4 266
f 266 1951 8
f 8 1951 9
f 299 300 493
f 493 300 509
f 509 436 437
f 509 437 493
f 1179 1180 51
f 50 51 1180
f 50 1180 1181
f 495 1147 496
f 496 1147 1258
f 500 497 496
f 500 496 1258
f 92 93 1259
f 1259 79 80
f 1259 80 92
f 132 133 1260
f 1260 208 207
f 1260 207 132
f 351 352 1261
f 1261 456 457
f 1261 457 351
f 166 167 505
f 505 167 1215
f 258 257 505
f 258 505 1215
f 311 310 67
f 67 310 1953
f 1953 426 1952
f 425 1952 426
f 1953 1952 67
f 1187 1188 1955
f 1955 1188 1954
f 43 44 1955
f 43 1955 1954
f 1201 1202 1957
f 1957 1202 1956
f 30 1957 1956
f 30 1956 29
f 1189 1190 1959
f 1959 1190 1958
f 42 1959 1958
f 42 1958 41
f 301 302 508
f 508 302 1218
f 434 435 508
f 434 508 1218
f 1137 1149 1267
f 1267 1141 1138
f 1267 1138 1137
f 89 90 1269
f 1269 76 77
f 1269 77 89
f 135 136 1270
f 1270 210 209
f 1270 209 135
f 354 355 1271
f 455 1271 454
f 1271 455 354
f 1200 1960 1199
f 1199 1960 1961
f 31 32 1961
f 31 1961 1960
f 1192 1962 1191
f 1191 1962 1963
f 40 1963 1962
f 40 1962 39
f 1198 1964 1197
f 1197 1964 1965
f 34 1965 1964
f 34 1964 33
f 1194 1966 1193
f 1193 1966 1967
f 37 38 1967
f 37 1967 1966
f 1214 168 1297
f 1297 168 169
f 260 259 1214
f 260 1214 1297
f 1195 1196 1969
f 1969 1196 1968
f 35 36 1969
f 35 1969 1968
f 303 304 1217
f 1217 304 1300
f 1217 432 433
f 432 1217 1300
f 1151 1152 1274
f 1274 1239 1236
f 1274 1236 1151
f 1252 1253 1276
f 1276 73 74
f 1276 74 1252
f 170 171 1296
f 1296 171 1932
f 1932 262 261
f 1932 261 1296
f 305 306 1299
f 1299 306 1934
f 1299 430 431
f 430 1299 1934
f 1182 1183 1301
f 1301 1183 1936
f 1936 48 49
f 1936 49 1301
f 1154 16 1275
f 1275 16 17
f 11 12 1275
f 11 1275 17
f 1255 1279 1280
f 1280 71 72
f 1280 72 1255
f 172 173 1931
f 1931 173 1944
f 264 263 1931
f 264 1931 1944
f 1933 307 1946
f 1946 307 308
f 428 429 1933
f 428 1933 1946
f 1184 1185 1935
f 1935 1185 1948
f 1948 46 47
f 1948 47 1935
f 1155 6 7
f 7 1 2
f 7 2 1155
f 1290 1287 1288
f 1288 68 69
f 1288 69 1290
f 1943 174 1951
f 1951 174 175
f 266 265 1943
f 266 1943 1951
f 309 310 1945
f 1945 310 1953
f 1953 426 427
f 1953 427 1945
f 1947 1186 1955
f 1955 1186 1187
f 44 45 1947
f 44 1947 1955
f 9 1156 8
f 8 1156 1295
f 1295 267 4
f 1295 4 8
f 311 312 1298
f 1298 66 67
f 1298 67 311
f 1188 1189 1954
f 1954 1189 1959
f 42 43 1954
f 42 1954 1959
f 1958 1190 1963
f 1963 1190 1191
f 1963 40 41
f 1963 41 1958
f 1962 1192 1967
f 1967 1192 1193
f 1967 38 39
f 1967 39 1962
f 1194 1195 1966
f 1966 1195 1969
f 1969 36 37
f 1969 37 1966
f 2133 2148 2132
f 193 2147 2133
f 2130 2109 2129
f 193 2134 2129
f 193 2133 2134
f 2150 2151 2172
f 193 2171 2151
f 193 2152 2147
f 2147 2148 2133
f 2151 2171 2172
f 193 2151 2152
f 193 2129 2109
f 2019 2105 2106
f 193 2110 2105
f 2019 2106 2018
f 2105 2019 193
f 2110 193 2109
f 2108 2109 2130
f 2108 2130 2131
f 2177 2108 2131
f 2132 2182 2131
f 2148 2149 2132
f 193 2019 2020
f 193 2175 2176
f 2150 2172 2173
f 2174 2219 2211
f 2224 2219 2174
f 2174 2212 2173
f 2212 2174 2211
f 2150 2173 2207
f 2211 2220 2210
f 2174 2175 1987
f 2207 2173 2212
f 2149 2194 2189
f 2149 2150 2194
f 2180 2181 2190
f 2182 2132 2181
f 2189 2181 2149
f 2190 2181 2189
f 2181 2132 2149
f 2193 2207 2208
f 2194 2150 2193
f 2208 2209 2192
f 2230 2191 2192
f 2192 2193 2208
f 2150 2207 2193
f 2182 2177 2131
f 2220 2211 2219
f 2176 2171 193
f 2079 2016 2078
f 2079 2080 193
f 2076 2067 2075
f 193 2075 2067
f 2080 2075 193
f 2106 2107 2018
f 2021 2017 2026
f 2017 2018 2026
f 2015 2016 2079
f 2079 193 2015
f 2078 2016 2017
f 193 2068 2063
f 2054 2055 2064
f 2063 2055 193
f 2055 2063 2064
f 2067 2068 193
f 2066 2067 2076
f 2077 2078 2116
f 2115 2078 2021
f 2022 2115 2021
f 2077 2066 2076
f 2078 2017 2021
f 2116 2078 2115
f 2018 2107 2153
f 2015 193 2020
f 2157 2177 2178
f 2158 2108 2157
f 2158 2153 2107
f 2178 2156 2157
f 2158 2107 2108
f 2190 2191 2180
f 2225 2180 2191
f 2191 2230 2225
f 2225 2217 2180
f 2025 2154 2024
f 2025 2026 2018
f 2154 2025 2153
f 2200 2155 2156
f 2180 2218 2179
f 2218 2180 2217
f 2214 2199 2213
f 2213 2199 2179
f 2218 2213 2179
f 2226 2216 2217
f 2179 2199 2156
f 2178 2179 2156
f 2024 2154 2155
f 2225 2226 2217
f 2153 2025 2018
f 2177 2157 2108
f 2156 2199 2200
f 2192 2209 2229
f 2056 193 2055
f 1970 1987 1988
f 1987 1970 2223
f 2222 2223 1971
f 2224 2174 2223
f 2223 1970 1971
f 2223 2174 1987
f 1988 1989 1990
f 1988 1990 1970
f 1973 1975 1972
f 2222 1971 1972
f 2220 2221 2210
f 2222 2254 2221
f 1972 1976 2261
f 2262 2252 2253
f 2254 2222 2253
f 2261 2253 1972
f 2261 2262 2253
f 1976 2266 2261
f 2253 2222 1972
f 1975 1976 1972
f 2221 2254 2249
f 1975 1973 1974
f 1976 2290 2285
f 1983 1985 1986
f 2277 2285 2286
f 2277 1976 2285
f 2278 1976 2277
f 2303 2304 2289
f 1976 2289 2290
f 2303 2289 1976
f 2288 2289 2304
f 1976 1977 2303
f 1983 1984 1985
f 2278 2273 1976
f 2265 2266 1976
f 1976 2273 2265
f 2274 2265 2273
f 2265 2274 2264
f 2286 2287 2276
f 2309 2275 2314
f 2275 2276 2314
f 2277 2286 2276
f 2297 2298 1986
f 1986 1987 2297
f 1987 2175 2297
f 2274 2275 2264
f 2237 2229 2209
f 2209 2242 2237
f 2238 2228 2229
f 2230 2192 2229
f 2238 2229 2237
f 2242 2209 2210
f 2241 2249 2250
f 2241 2242 2210
f 2240 2241 2250
f 2241 2210 2249
f 2221 2249 2210
f 2250 2251 2240
f 2228 2238 2239
f 2226 2227 2216
f 2255 2216 2227
f 2228 2260 2227
f 2267 2239 2272
f 2258 2259 2268
f 2260 2228 2259
f 2267 2259 2239
f 2268 2259 2267
f 2272 2239 2240
f 2259 2228 2239
f 2255 2227 2260
f 2240 2251 2271
f 2262 2263 2252
f 2252 2283 2284
f 2283 2252 2263
f 2263 2291 2283
f 2252 2284 2251
f 2275 2295 2264
f 2295 2275 2309
f 2291 2263 2296
f 2295 2296 2264
f 2294 2295 2310
f 2296 2263 2264
f 2283 2291 2292
f 2271 2251 2279
f 2271 2280 2270
f 2240 2271 2272
f 2280 2271 2279
f 2284 2279 2251
f 2292 2293 2282
f 107 2269 2270
f 2270 2280 2281
f 107 2270 2281
f 2282 107 2281
f 2283 2292 2282
f 2309 2310 2295
f 2333 2276 2287
f 2297 2175 490
f 193 2049 2050
f 2042 2043 2046
f 2045 2043 193
f 2043 2045 2046
f 2045 193 2050
f 2052 2049 2051
f 2048 2049 2052
f 2053 2081 2073
f 2051 2049 193
f 193 2043 2044
f 2053 2048 2052
f 193 2039 2040
f 193 2044 2039
f 193 2040 2041
f 2047 2048 2074
f 2042 2047 2069
f 2074 2048 2073
f 2073 2082 2072
f 2048 2053 2073
f 2047 2042 2046
f 2047 2074 2069
f 2051 193 2056
f 2093 2065 2098
f 2054 2093 2085
f 2093 2054 2065
f 2065 2066 2098
f 2065 2054 2064
f 2111 2066 2077
f 2097 2112 2096
f 2097 2098 2066
f 2112 2097 2111
f 2111 2097 2066
f 2077 2116 2111
f 2085 2094 2084
f 2085 2086 2054
f 2081 2082 2073
f 2093 2094 2085
f 2081 2053 2086
f 2140 2096 2139
f 2135 2084 2095
f 2095 2084 2094
f 2140 2095 2096
f 2159 2096 2113
f 2112 2113 2096
f 2140 2135 2095
f 2086 2053 2054
f 2042 2062 2041
f 2042 2061 2062
f 2062 2057 2041
f 2061 2070 2060
f 2057 2058 193
f 2082 2083 2072
f 2104 2071 2072
f 2104 2072 2103
f 2070 2061 2069
f 2042 2069 2061
f 2060 2070 2071
f 2059 2092 2087
f 2092 2059 2060
f 2059 199 193
f 2060 2091 2092
f 2087 199 2059
f 2099 2100 2091
f 2091 2060 2071
f 2091 2100 2090
f 2087 2088 199
f 2071 2099 2091
f 2071 2104 2099
f 2089 199 2088
f 2072 2083 2103
f 2058 2059 193
f 2118 2103 2117
f 2117 2083 2122
f 2117 2103 2083
f 2120 2121 2136
f 2122 2084 2121
f 2118 2119 2102
f 2146 2102 2145
f 2136 2121 2135
f 2084 2122 2083
f 2127 2090 2141
f 2101 2090 2100
f 2123 2089 2128
f 2127 2128 2090
f 2090 2101 2141
f 2089 2090 2128
f 2141 2142 2127
f 2146 2141 2101
f 2124 2125 199
f 2126 199 2125
f 2124 199 2123
f 2127 2142 2126
f 2101 2102 2146
f 2123 199 2089
f 2102 2119 2145
f 2118 2102 2103
f 2135 2121 2084
f 2057 193 2041
f 2114 2115 2022
f 2027 2114 2023
f 2023 2114 2022
f 2024 2032 2023
f 2113 2114 2164
f 2031 2024 2155
f 2031 2196 2030
f 2031 2032 2024
f 2196 2031 2195
f 2027 2023 2032
f 2155 2195 2031
f 2155 2200 2195
f 2164 2114 2163
f 2159 2160 2139
f 2096 2159 2139
f 2162 2163 2028
f 2113 2164 2159
f 2030 2196 2197
f 2038 2029 2030
f 2197 2231 2030
f 2028 2163 2027
f 2163 2114 2027
f 2029 2162 2028
f 2214 2215 2198
f 2215 2216 2248
f 2243 2215 2248
f 2215 2243 2198
f 2197 2198 2236
f 2255 2247 2216
f 2247 2255 2256
f 2258 2268 2269
f 2257 2258 107
f 2247 2256 2246
f 2248 2216 2247
f 2199 2214 2198
f 2235 2243 2244
f 2236 2198 2235
f 2231 2232 2037
f 2037 2030 2231
f 2197 2236 2231
f 2244 2234 2235
f 2235 2198 2243
f 2256 2257 2246
f 2246 107 2245
f 2257 107 2246
f 2234 2244 2245
f 2234 2245 107
f 2038 2030 2037
f 2120 2137 2183
f 2137 2120 2136
f 2138 2188 2137
f 2119 2120 2170
f 2138 2161 2187
f 2188 2183 2137
f 2138 2187 2188
f 2183 2184 2169
f 2161 2201 2187
f 2161 2138 2160
f 2120 2183 2169
f 2119 2165 2145
f 2142 2143 2126
f 2144 199 2143
f 2166 2145 2165
f 2145 2166 2144
f 2169 2170 2120
f 2166 2167 2144
f 2184 2168 2169
f 2167 199 2144
f 2170 2165 2119
f 2143 199 2126
f 2187 2202 2186
f 2162 2033 2205
f 2162 2029 2033
f 2204 2205 2034
f 2205 2206 2162
f 2205 2033 2034
f 2206 2201 2161
f 2232 2036 2037
f 2036 2232 2233
f 2036 2233 107
f 2233 2234 107
f 2029 2038 2033
f 2184 2185 2168
f 2185 2186 199
f 2203 199 2186
f 2202 2187 2201
f 2034 2035 2204
f 199 2203 2204
f 2202 2203 2186
f 2204 2035 199
f 199 2036 107
f 199 2035 2036
f 2206 2161 2162
f 199 2168 2185
f 199 2167 2168
f 2139 2160 2138
f 107 2258 2269
f 2293 107 2282
f 490 2175 193
f 2392 2387 490
f 2366 2367 2388
f 2367 2368 490
f 2367 2387 2388
f 2387 2367 490
f 2415 2416 490
f 2391 2411 2412
f 2411 2391 490
f 2412 2390 2391
f 2415 2436 2414
f 2416 2411 490
f 2392 490 2391
f 2343 2363 2364
f 2363 2343 490
f 2344 2339 490
f 2364 2342 2343
f 2343 2344 490
f 2366 2388 2389
f 2441 2366 2389
f 2390 2446 2389
f 2412 2413 2390
f 2368 2363 490
f 2439 2459 2460
f 2459 2439 490
f 2440 2435 490
f 2460 2438 2439
f 2439 2440 490
f 2462 2463 1992
f 1991 2463 490
f 2461 2438 2460
f 1992 2463 1991
f 2463 2464 490
f 2459 490 2464
f 2414 2436 2437
f 2445 2446 2390
f 2465 2445 2413
f 2445 2466 2444
f 2445 2390 2413
f 2413 2414 2470
f 2437 2483 2469
f 2488 2483 2437
f 2465 2413 2470
f 2470 2414 2469
f 2469 2484 2468
f 2414 2437 2469
f 2445 2465 2466
f 2437 2438 2488
f 2436 2415 2435
f 2415 490 2435
f 2446 2441 2389
f 2320 2315 490
f 2300 2301 2316
f 2301 2302 490
f 2301 2315 2316
f 2315 2301 490
f 2364 2365 2342
f 2340 2319 2339
f 2393 2341 2398
f 2341 2342 2398
f 2318 2319 2340
f 2320 490 2319
f 2340 2341 2318
f 2316 2317 2300
f 2317 2369 2300
f 2318 2393 2373
f 2393 2318 2341
f 2369 2317 2374
f 2373 2374 2318
f 2373 2394 2372
f 2393 2394 2373
f 2374 2317 2318
f 2349 2300 2369
f 2342 2365 2417
f 1986 2298 2321
f 2421 2442 2420
f 2422 2365 2366
f 2418 2397 2417
f 2417 2397 2342
f 2422 2417 2365
f 2489 2443 2494
f 2443 2444 2494
f 2441 2442 2421
f 2366 2421 2422
f 2420 2442 2443
f 2397 2418 2396
f 2396 2418 2419
f 2396 2419 2471
f 2420 2489 2475
f 2489 2420 2443
f 2471 2419 2476
f 2475 2476 2420
f 2474 2475 2490
f 2475 2489 2490
f 2476 2419 2420
f 2451 2396 2471
f 2444 2466 2467
f 2397 2398 2342
f 2441 2421 2366
f 2469 2483 2484
f 2339 2319 490
f 1992 1993 2462
f 2506 2461 2462
f 1993 1997 2462
f 490 336 1995
f 1995 1996 490
f 2002 1997 1993
f 336 1994 1995
f 490 1996 1991
f 2505 2462 1997
f 2486 2487 2502
f 2501 2487 2461
f 2487 2501 2502
f 2488 2438 2487
f 2505 2506 2462
f 2486 2502 2503
f 2524 2485 2486
f 2504 2505 1998
f 2501 2461 2506
f 2484 2485 2468
f 2505 1997 1998
f 2003 2504 1999
f 1999 2504 1998
f 2001 2002 1994
f 2000 2007 2008
f 339 2007 2000
f 2008 1999 2000
f 2001 336 2000
f 1994 336 2001
f 2003 1999 2008
f 2504 2536 2503
f 2504 2535 2536
f 2532 2523 2531
f 2531 2523 2503
f 2536 2531 2503
f 2004 2534 2535
f 2503 2523 2486
f 2535 2504 2003
f 2014 2006 2013
f 2005 2006 2014
f 2013 2006 339
f 2003 2004 2535
f 2006 2007 339
f 1993 1994 2002
f 336 339 2000
f 2524 2486 2523
f 2467 2468 2512
f 2512 2507 2467
f 2468 2511 2512
f 2467 2507 2493
f 2519 2468 2485
f 2519 2520 2511
f 2520 2510 2511
f 2532 2522 2523
f 2519 2511 2468
f 2524 2519 2485
f 2493 2508 2492
f 2494 2444 2493
f 2492 2508 2509
f 2492 2509 2537
f 2507 2508 2493
f 2510 2521 2541
f 2537 2509 2542
f 2541 2542 2510
f 2540 2541 2544
f 2541 2521 2543
f 2542 2509 2510
f 2520 2521 2510
f 2493 2444 2467
f 2534 2005 2009
f 2547 2522 2533
f 2522 2532 2533
f 2534 2554 2533
f 2534 2553 2554
f 2553 2534 2009
f 2010 2553 2009
f 2552 2553 2010
f 2012 339 2011
f 2009 2005 2014
f 2013 339 2012
f 2549 2533 2554
f 2547 2549 2550
f 2549 2547 2533
f 2543 2521 2548
f 2546 2547 2550
f 2547 2548 2522
f 2010 2011 2552
f 2551 2552 339
f 2546 2550 2551
f 2552 2011 339
f 2546 2551 339
f 2541 2543 2544
f 339 2545 2546
f 2548 2521 2522
f 2005 2534 2004
f 2438 2461 2487
f 2302 2297 490
f 2529 2492 2537
f 2321 2299 2326
f 1982 1986 2321
f 1982 2322 1981
f 1986 1982 1983
f 2321 2322 1982
f 2298 2299 2321
f 2324 2325 2346
f 2345 2325 2299
f 2346 2325 2345
f 2325 2326 2299
f 2299 2350 2345
f 1981 2322 2323
f 1979 1980 1978
f 1977 2327 2307
f 2327 1977 2332
f 1978 1981 1977
f 1981 1978 1980
f 2332 1977 2331
f 2351 2331 1977
f 2356 2351 1977
f 2331 2351 2352
f 1977 1981 2355
f 2331 2352 2330
f 2375 1981 2323
f 2307 2308 1977
f 2350 2299 2300
f 2324 2346 2347
f 2349 2370 2348
f 2324 2380 2323
f 2370 2371 2348
f 2347 2348 2404
f 2403 2404 2348
f 2324 2347 2399
f 2348 2371 2423
f 2369 2370 2349
f 2399 2347 2404
f 2376 2355 2375
f 2375 2323 2380
f 2356 1977 2355
f 2376 2354 2355
f 2355 1981 2375
f 2378 2379 2400
f 2399 2379 2324
f 2376 2377 2354
f 2410 2353 2354
f 2399 2400 2379
f 2380 2324 2379
f 2429 2354 2377
f 2349 2350 2300
f 1977 2308 2303
f 2288 2304 2305
f 2288 2338 2287
f 2357 2305 2362
f 2338 2288 2337
f 2337 2288 2357
f 2336 2337 2358
f 2305 2306 2362
f 2288 2305 2357
f 2307 2328 2306
f 2338 2333 2287
f 2312 2313 2334
f 2314 2276 2313
f 2294 2310 2311
f 2313 2333 2334
f 2276 2333 2313
f 2312 2334 2335
f 107 2311 2312
f 107 2294 2311
f 107 2312 106
f 107 2293 2294
f 2337 2357 2358
f 2307 2327 2328
f 2361 2306 2329
f 2381 2361 2329
f 2329 2330 2386
f 2306 2361 2362
f 2353 2405 2385
f 2410 2405 2353
f 2381 2329 2386
f 2386 2330 2385
f 2381 2382 2361
f 2330 2353 2385
f 2384 2385 2406
f 106 2335 2336
f 106 2312 2335
f 479 497 106
f 106 497 484
f 2382 2383 2360
f 2359 2336 2358
f 479 106 2359
f 2336 2359 106
f 2359 2360 479
f 2361 2382 2360
f 479 2360 2383
f 2405 2406 2385
f 2328 2329 2306
f 2352 2353 2330
f 2372 2395 2427
f 2426 2427 2448
f 2427 2428 2372
f 2395 2447 2427
f 2428 2423 2371
f 2451 2472 2450
f 2452 2395 2396
f 2447 2448 2427
f 2471 2472 2451
f 2452 2447 2395
f 2451 2452 2396
f 2473 2450 2472
f 2403 2423 2424
f 2403 2348 2423
f 2449 2500 2495
f 2500 2449 2450
f 2449 2495 2426
f 2500 2450 2499
f 2448 2449 2426
f 2481 2426 2495
f 2450 2473 2513
f 2371 2372 2428
f 2490 2491 2474
f 2474 2525 2517
f 2525 2474 2491
f 2491 2530 2525
f 2473 2474 2518
f 2529 2537 2538
f 2492 2529 2530
f 2529 2538 2528
f 2540 2544 2545
f 2545 339 2540
f 2530 2491 2492
f 2517 2526 2516
f 2517 2518 2474
f 2513 2514 2499
f 2499 2450 2513
f 2525 2526 2517
f 2513 2473 2518
f 2538 2539 2528
f 2527 2516 2526
f 2528 339 2527
f 339 478 2527
f 339 2528 2539
f 2499 2514 2498
f 339 2539 2540
f 2394 2395 2372
f 2400 2401 2378
f 2429 2409 2354
f 2429 2377 2434
f 2378 2401 2433
f 2378 2434 2377
f 2458 2401 2402
f 2434 2378 2433
f 2433 2401 2453
f 2432 2433 2454
f 2433 2453 2454
f 2453 2401 2458
f 2424 2425 2402
f 2410 2354 2409
f 2406 2407 2384
f 2384 2407 478
f 2408 2409 2430
f 2408 2430 2431
f 2408 478 2407
f 2408 2431 478
f 479 488 92
f 478 479 2383
f 2409 2429 2430
f 2384 478 2383
f 2402 2425 2477
f 2481 2496 2480
f 2482 2477 2425
f 2477 2478 2457
f 2457 2458 2402
f 2425 2426 2482
f 2514 2515 2498
f 2515 478 2498
f 478 2515 2516
f 2496 2481 2495
f 2426 2481 2482
f 2480 2496 2497
f 478 2432 2455
f 2456 478 2455
f 2431 2432 478
f 2454 2455 2432
f 2456 2457 2478
f 478 2479 2480
f 2479 2456 2478
f 2456 2479 478
f 2480 2497 478
f 2498 478 2497
f 478 2516 2527
f 2457 2402 2477
f 479 92 497
f 2403 2424 2402
f 1976 2555 2557
f 2557 2556 1977
f 2557 1977 1976
f 2556 2558 2559
f 2559 1978 1977
f 2559 1977 2556
f 2560 2562 2561
f 2562 2555 2561
f 2561 1976 1975
f 1976 2561 2555
f 2561 1975 1974
f 2561 2565 2560
f 2565 2561 1974
f 2560 2565 2563
f 1979 1978 2559
f 1979 2559 2564
f 2563 2564 2558
f 2564 2563 2565
f 2558 2564 2559
f 2567 2566 2572
f 2567 2572 2568
f 2568 2572 2571
f 2570 2569 2568
f 2568 1988 1987
f 1988 2568 2569
f 2570 2568 2571
f 2566 2573 2575
f 2575 2574 2572
f 2575 2572 2566
f 2576 2586 2577
f 2578 2577 2579
f 2584 2579 2577
f 2577 2586 2584
f 2582 2580 2579
f 2582 2584 2583
f 2580 2582 2581
f 2582 2579 2584
f 2585 2584 2586
f 2587 2588 2585
f 2584 2585 2588
f 2594 2596 2595
f 2596 2594 2573
f 2594 2593 2592
f 2596 2573 2597
f 2594 2592 2591
f 2575 2573 2590
f 2574 2575 2589
f 2590 2589 2575
f 2590 2573 2594
f 2594 2591 2590
f 2597 2573 2608
f 2604 2600 2608
f 2608 2600 2598
f 2606 2608 2607
f 2605 2604 2608
f 2606 2605 2608
f 2600 2604 2603
f 2587 2598 2588
f 2598 2587 2608
f 2599 2598 2600
f 2603 2602 2601
f 2600 2603 2601
f 2608 2587 2597
f 2607 2609 2611
f 2611 2610 2606
f 2611 2606 2607
f 2610 2611 2612
f 2609 2612 2611
f 2610 2612 2614
f 1986 1985 2613
f 2614 2613 2610
f 2613 2614 1986
f 1984 2615 2613
f 2613 2615 2616
f 1984 2613 1985
f 2610 2616 2606
f 2616 2610 2613
f 2617 2606 2616
f 1984 1980 2619
f 2619 1980 1979
f 2617 2564 2606
f 2564 2617 2618
f 2618 1979 2564
f 2619 1979 2618
f 2619 2615 1984
f 2620 2616 2621
f 2621 2615 2622
f 2615 2621 2616
f 2598 2599 2582
f 2582 2583 2598
f 2600 2601 2581
f 2580 2581 2601
f 2580 2601 2602
f 2620 2621 2623
f 2621 2622 2623
f 2623 2626 2625
f 2626 2623 2622
f 2625 2624 2623
f 2571 2572 2574
f 2630 2571 2574
f 1989 2569 2570
f 2569 1989 1988
f 2574 2627 2630
f 2627 2629 2630
f 2629 2627 2565
f 2629 2565 2628
f 1989 2628 1973
f 1989 2570 2628
f 1974 1973 2628
f 2628 2565 1974
f 2570 2571 2630
f 2630 2629 2628
f 2630 2628 2570
f 2595 2596 2631
f 2631 2576 2577
f 2631 2577 2595
f 2593 2594 2632
f 2632 2578 2579
f 2632 2579 2593
f 2633 2567 2568
f 2614 2568 1987
f 2614 2633 2568
f 2612 2633 2614
f 2614 1987 1986
f 2624 2625 2618
f 2625 2619 2618
f 2619 2625 2626
f 2620 2623 2616
f 2616 2623 2617
f 2617 2624 2618
f 2624 2617 2623
f 2040 2039 2044
f 2042 2044 2043
f 2040 2042 2041
f 2042 2040 2044
f 2050 2049 2048
f 2045 2050 2046
f 2046 2048 2047
f 2048 2046 2050
f 2052 2051 2056
f 2054 2056 2055
f 2052 2054 2053
f 2054 2052 2056
f 2063 2068 2064
f 2068 2067 2066
f 2064 2066 2065
f 2066 2064 2068
f 2075 2080 2076
f 2080 2079 2078
f 2076 2078 2077
f 2078 2076 2080
f 2016 2015 2020
f 2018 2020 2019
f 2016 2018 2017
f 2018 2016 2020
f 2110 2109 2108
f 2105 2110 2106
f 2106 2108 2107
f 2108 2106 2110
f 2129 2134 2130
f 2134 2133 2132
f 2130 2132 2131
f 2132 2130 2134
f 2148 2147 2152
f 2150 2152 2151
f 2148 2150 2149
f 2150 2148 2152
f 2176 2175 2174
f 2171 2176 2172
f 2172 2174 2173
f 2174 2172 2176
f 2297 2302 2298
f 2302 2301 2300
f 2298 2300 2299
f 2300 2298 2302
f 2315 2320 2316
f 2320 2319 2318
f 2316 2318 2317
f 2318 2316 2320
f 2339 2344 2340
f 2344 2343 2342
f 2340 2342 2341
f 2342 2340 2344
f 2363 2368 2364
f 2368 2367 2366
f 2364 2366 2365
f 2366 2364 2368
f 2387 2392 2388
f 2392 2391 2390
f 2388 2390 2389
f 2390 2388 2392
f 2411 2416 2412
f 2416 2415 2414
f 2412 2414 2413
f 2414 2412 2416
f 2435 2440 2436
f 2440 2439 2438
f 2436 2438 2437
f 2438 2436 2440
f 2459 2464 2460
f 2464 2463 2462
f 2460 2462 2461
f 2462 2460 2464
f 1992 1991 1996
f 1993 1992 1994
f 1996 1995 1994
f 1996 1994 1992
f 2567 2633 2566
f 2566 2633 2634
f 2612 2609 2634
f 2612 2634 2633
f 2566 2634 2573
f 2573 2634 2608
f 2609 2607 2608
f 2609 2608 2634
f 2596 2597 2631
f 2597 2587 2586
f 2586 2631 2597
f 2576 2631 2586
f 2586 2587 2585
f 2594 2595 2632
f 2632 2577 2578
f 2577 2632 2595
f 2588 2598 2584
f 2583 2584 2598
f 2599 2600 2582
f 2581 2582 2600
f 2589 2590 2635
f 2592 2593 2636
f 2627 2574 2635
f 2635 2636 2565
f 2635 2574 2589
f 2565 2636 2579
f 2635 2565 2627
f 2593 2579 2636
f 2637 2602 2603
f 2605 2606 2638
f 2579 2580 2564
f 2637 2638 2564
f 2564 2638 2606
f 2637 2564 2580
f 2580 2602 2637
f 2579 2564 2565
f 2590 2591 2635
f 2636 2635 2591
f 2636 2591 2592
f 2603 2604 2637
f 2638 2637 2604
f 2638 2604 2605
f 2622 2615 2619
f 2619 2626 2622
f 2058 2057 2062
f 2060 2062 2061
f 2058 2060 2059
f 2060 2058 2062
f 2069 2074 2070
f 2074 2073 2072
f 2070 2072 2071
f 2072 2070 2074
f 2082 2081 2086
f 2084 2086 2085
f 2082 2084 2083
f 2084 2082 2086
f 2093 2098 2094
f 2098 2097 2096
f 2094 2096 2095
f 2096 2094 2098
f 2111 2116 2112
f 2116 2115 2114
f 2112 2114 2113
f 2114 2112 2116
f 2021 2026 2022
f 2026 2025 2024
f 2022 2024 2023
f 2024 2022 2026
f 2153 2158 2154
f 2158 2157 2156
f 2154 2156 2155
f 2156 2154 2158
f 2177 2182 2178
f 2182 2181 2180
f 2178 2180 2179
f 2180 2178 2182
f 2189 2194 2190
f 2194 2193 2192
f 2190 2192 2191
f 2192 2190 2194
f 2207 2212 2208
f 2212 2211 2210
f 2208 2210 2209
f 2210 2208 2212
f 2219 2224 2220
f 2224 2223 2222
f 2220 2222 2221
f 2222 2220 2224
f 1970 1990 1971
f 1990 1989 1973
f 1971 1973 1972
f 1973 1971 1990
f 1984 1983 1980
f 1981 1980 1983
f 1981 1983 1982
f 2321 2326 2322
f 2326 2325 2324
f 2322 2324 2323
f 2324 2322 2326
f 2345 2350 2346
f 2350 2349 2348
f 2346 2348 2347
f 2348 2346 2350
f 2369 2374 2370
f 2374 2373 2372
f 2370 2372 2371
f 2372 2370 2374
f 2393 2398 2394
f 2398 2397 2396
f 2394 2396 2395
f 2396 2394 2398
f 2417 2422 2418
f 2422 2421 2420
f 2418 2420 2419
f 2420 2418 2422
f 2441 2446 2442
f 2446 2445 2444
f 2442 2444 2443
f 2444 2442 2446
f 2465 2470 2466
f 2470 2469 2468
f 2466 2468 2467
f 2468 2466 2470
f 2483 2488 2484
f 2488 2487 2486
f 2484 2486 2485
f 2486 2484 2488
f 2501 2506 2502
f 2506 2505 2504
f 2502 2504 2503
f 2504 2502 2506
f 1998 1997 2002
f 1999 1998 2000
f 2002 2001 2000
f 2002 2000 1998
f 392 376 377
f 377 396 392
f 2562 2560 2563
f 2555 2562 2557
f 2563 2558 2556
f 2556 2557 2563
f 2563 2557 2562
f 2092 2091 2090
f 2087 2092 2088
f 2088 2090 2089
f 2090 2088 2092
f 2100 2099 2104
f 2102 2104 2103
f 2100 2102 2101
f 2102 2100 2104
f 2122 2121 2120
f 2117 2122 2118
f 2118 2120 2119
f 2120 2118 2122
f 2135 2140 2136
f 2140 2139 2138
f 2136 2138 2137
f 2138 2136 2140
f 2160 2159 2164
f 2162 2164 2163
f 2160 2162 2161
f 2162 2160 2164
f 2032 2031 2030
f 2027 2032 2028
f 2028 2030 2029
f 2030 2028 2032
f 2196 2195 2200
f 2198 2200 2199
f 2196 2198 2197
f 2198 2196 2200
f 2213 2218 2214
f 2218 2217 2216
f 2214 2216 2215
f 2216 2214 2218
f 2230 2229 2228
f 2225 2230 2226
f 2226 2228 2227
f 2228 2226 2230
f 2238 2237 2242
f 2240 2242 2241
f 2238 2240 2239
f 2240 2238 2242
f 2249 2254 2250
f 2254 2253 2252
f 2250 2252 2251
f 2252 2250 2254
f 2262 2261 2266
f 2264 2266 2265
f 2262 2264 2263
f 2264 2262 2266
f 2278 2277 2276
f 2273 2278 2274
f 2274 2276 2275
f 2276 2274 2278
f 2286 2285 2290
f 2288 2290 2289
f 2286 2288 2287
f 2288 2286 2290
f 2303 2308 2304
f 2308 2307 2306
f 2304 2306 2305
f 2306 2304 2308
f 2327 2332 2328
f 2332 2331 2330
f 2328 2330 2329
f 2330 2328 2332
f 2351 2356 2352
f 2356 2355 2354
f 2352 2354 2353
f 2354 2352 2356
f 2375 2380 2376
f 2380 2379 2378
f 2376 2378 2377
f 2378 2376 2380
f 2399 2404 2400
f 2404 2403 2402
f 2400 2402 2401
f 2402 2400 2404
f 2423 2428 2424
f 2428 2427 2426
f 2424 2426 2425
f 2426 2424 2428
f 2447 2452 2448
f 2452 2451 2450
f 2448 2450 2449
f 2450 2448 2452
f 2471 2476 2472
f 2476 2475 2474
f 2472 2474 2473
f 2474 2472 2476
f 2489 2494 2490
f 2494 2493 2492
f 2490 2492 2491
f 2492 2490 2494
f 2507 2512 2508
f 2512 2511 2510
f 2508 2510 2509
f 2510 2508 2512
f 2519 2524 2520
f 2524 2523 2522
f 2520 2522 2521
f 2522 2520 2524
f 2531 2536 2532
f 2536 2535 2534
f 2532 2534 2533
f 2534 2532 2536
f 2004 2003 2008
f 2005 2004 2006
f 2008 2007 2006
f 2008 2006 2004
f 399 381 382
f 382 403 399
f 2123 2128 2124
f 2128 2127 2126
f 2124 2126 2125
f 2126 2124 2128
f 2146 2145 2144
f 2141 2146 2142
f 2142 2144 2143
f 2144 2142 2146
f 2166 2165 2170
f 2168 2170 2169
f 2166 2168 2167
f 2168 2166 2170
f 2188 2187 2186
f 2183 2188 2184
f 2184 2186 2185
f 2186 2184 2188
f 2202 2201 2206
f 2204 2206 2205
f 2202 2204 2203
f 2204 2202 2206
f 2033 2038 2034
f 2038 2037 2036
f 2034 2036 2035
f 2036 2034 2038
f 2236 2235 2234
f 2231 2236 2232
f 2232 2234 2233
f 2234 2232 2236
f 2243 2248 2244
f 2248 2247 2246
f 2244 2246 2245
f 2246 2244 2248
f 2255 2260 2256
f 2260 2259 2258
f 2256 2258 2257
f 2258 2256 2260
f 2267 2272 2268
f 2272 2271 2270
f 2268 2270 2269
f 2270 2268 2272
f 2280 2279 2284
f 2282 2284 2283
f 2280 2282 2281
f 2282 2280 2284
f 2292 2291 2296
f 2294 2296 2295
f 2292 2294 2293
f 2294 2292 2296
f 2310 2309 2314
f 2312 2314 2313
f 2310 2312 2311
f 2312 2310 2314
f 2338 2337 2336
f 2333 2338 2334
f 2334 2336 2335
f 2336 2334 2338
f 2362 2361 2360
f 2357 2362 2358
f 2358 2360 2359
f 2360 2358 2362
f 2381 2386 2382
f 2386 2385 2384
f 2382 2384 2383
f 2384 2382 2386
f 2406 2405 2410
f 2408 2410 2409
f 2406 2408 2407
f 2408 2406 2410
f 2429 2434 2430
f 2434 2433 2432
f 2430 2432 2431
f 2432 2430 2434
f 2454 2453 2458
f 2456 2458 2457
f 2454 2456 2455
f 2456 2454 2458
f 2482 2481 2480
f 2477 2482 2478
f 2478 2480 2479
f 2480 2478 2482
f 2496 2495 2500
f 2498 2500 2499
f 2496 2498 2497
f 2498 2496 2500
f 2513 2518 2514
f 2518 2517 2516
f 2514 2516 2515
f 2516 2514 2518
f 2530 2529 2528
f 2525 2530 2526
f 2526 2528 2527
f 2528 2526 2530
f 2537 2542 2538
f 2542 2541 2540
f 2538 2540 2539
f 2540 2538 2542
f 2543 2548 2544
f 2548 2547 2546
f 2544 2546 2545
f 2546 2544 2548
f 2550 2549 2554
f 2552 2554 2553
f 2550 2552 2551
f 2552 2550 2554
f 2010 2012 2011
f 2014 2010 2009
f 2014 2013 2012
f 2014 2012 2010
f 406 386 387
f 387 410 406
f 189 115 503
f 111 189 114
f 503 102 103
f 103 114 503
f 503 114 189
f 481 473 504
f 469 481 472
f 504 414 472
f 415 472 414
f 504 472 481
f 156 157 507
f 507 252 251
f 507 251 156
f 291 292 510
f 510 440 441
f 510 441 291
f 153 154 1216
f 1216 222 221
f 1216 221 153
f 372 373 1222
f 1222 442 443
f 1222 443 372
f 150 151 1225
f 1225 220 219
f 1225 219 150
f 369 370 1226
f 1226 444 445
f 1226 445 369
f 112 188 482
f 112 482 113
f 113 483 105
f 483 113 482
f 105 104 113
f 470 480 82
f 470 82 471
f 486 417 416
f 416 471 486
f 486 471 82
f 147 148 1229
f 1229 218 217
f 1229 217 147
f 366 367 1230
f 1230 446 447
f 1230 447 366
f 1211 1143 1231
f 1210 1211 1219
f 1231 20 21
f 21 1219 1231
f 1231 1219 1211
f 187 186 495
f 187 495 485
f 496 497 485
f 484 485 497
f 496 485 495
f 488 80 92
f 80 488 487
f 487 418 98
f 99 98 418
f 487 98 80
f 144 145 1234
f 1234 216 215
f 1234 215 144
f 363 364 1241
f 1241 448 449
f 1241 449 363
f 1176 1177 1242
f 1242 52 53
f 1242 53 1176
f 185 1135 184
f 1135 185 499
f 499 498 501
f 501 1136 499
f 499 1136 1135
f 96 78 95
f 78 96 101
f 101 100 85
f 85 84 101
f 101 84 78
f 141 142 1246
f 1246 214 213
f 1246 213 141
f 360 361 1247
f 1247 450 451
f 1247 451 360
f 1173 1174 1256
f 1256 279 278
f 1256 278 1173
f 329 330 1257
f 1257 54 55
f 1257 55 329
f 1140 1150 1235
f 182 183 1235
f 1140 1235 183
f 1140 1139 1142
f 1142 1266 1140
f 1140 1266 1150
f 75 1268 88
f 91 88 1268
f 75 88 87
f 87 86 419
f 419 1248 87
f 87 1248 75
f 138 139 1262
f 1262 212 211
f 1262 211 138
f 357 358 1263
f 1263 452 453
f 1263 453 357
f 1170 1171 1264
f 1264 277 276
f 1264 276 1170
f 326 327 1265
f 1265 56 57
f 1265 57 326
f 1209 1220 1208
f 1208 1220 1302
f 22 23 1302
f 22 1302 1220
f 181 180 1154
f 181 1154 1238
f 1275 12 1237
f 1237 1238 1275
f 1275 1238 1154
f 1250 1255 72
f 1250 72 1249
f 1929 421 1249
f 420 1249 421
f 1929 1249 72
f 1167 1168 1272
f 1272 275 274
f 1272 274 1167
f 323 324 1273
f 1273 58 59
f 1273 59 323
f 1207 1303 1206
f 1206 1303 1937
f 24 25 1937
f 24 1937 1303
f 179 1939 178
f 1939 179 1928
f 1928 13 14
f 14 18 1928
f 1928 18 1939
f 1283 70 1281
f 70 1283 1930
f 1930 422 423
f 423 1941 1930
f 1930 1941 70
f 1164 1165 1277
f 1277 273 272
f 1277 272 1164
f 320 321 1278
f 1278 60 61
f 1278 61 320
f 1204 1205 1949
f 1949 1205 1938
f 1938 27 1949
f 27 1938 26
f 177 176 9
f 177 9 1940
f 8 4 1940
f 3 1940 4
f 8 1940 9
f 1291 67 311
f 67 1291 1942
f 1942 424 1952
f 425 1952 424
f 1942 1952 67
f 1161 1162 1285
f 1285 271 270
f 1285 270 1161
f 317 318 1286
f 1286 62 63
f 1286 63 317
f 1203 1950 1202
f 1202 1950 1956
f 1950 29 1956
f 29 1950 28
f 1158 1159 1293
f 1293 269 268
f 1293 268 1158
f 314 315 1294
f 1294 64 65
f 1294 65 314
f 1200 1201 1960
f 1960 1201 1957
f 30 31 1960
f 30 1960 1957
f 1198 1199 1964
f 1964 1199 1961
f 32 33 1964
f 32 1964 1961
f 1197 1965 1196
f 1196 1965 1968
f 34 35 1968
f 34 1968 1965
