v -19.65 -5.385 4.199999999999999
v -20.65 -5.385 4.199999999999999
v -20.65 -5.385 5.699999999999999
v -19.65 -5.385 5.699999999999999
v -14.75 6.385 1.2000000000000002
v -13.75 6.385 1.2000000000000002
v -13.75 6.385 2.6999999999999993
v -14.75 6.385 2.6999999999999993
v -16.75 -5.385 4.199999999999999
v -17.75 -5.385 4.199999999999999
v -17.75 -5.385 5.699999999999999
v -16.75 -5.385 5.699999999999999
v -8.75 6.385 1.2000000000000002
v -7.75 6.385 1.2000000000000002
v -7.75 6.385 2.6999999999999993
v -8.75 6.385 2.6999999999999993
v 3.0 8.5 10.508
v -3.0 8.5 10.508
v -3.0 8.5 -3.0
v 3.0 8.5 -3.0
v 3.0 8.5 -2.7
v -6.25 -5.385 7.199999999999999
v -7.25 -5.385 7.199999999999999
v -7.25 -5.385 8.7
v -6.25 -5.385 8.7
v 10.75 -5.385 2.6999999999999993
v 11.75 -5.385 2.6999999999999993
v 11.75 -5.5 2.6999999999999993
v 10.75 -5.5 2.6999999999999993
v -18.25 -5.385 1.2000000000000002
v -19.25 -5.385 1.2000000000000002
v -19.25 -5.385 2.6999999999999993
v -18.25 -5.385 2.6999999999999993
v -21.0 -5.5 -3.0
v 21.0 -5.5 -3.0
v 21.0 -5.5 9.556000000000001
v 3.0 -5.5 9.556000000000001
v 3.0 -5.5 10.508
v -3.0 -5.5 10.508
v -3.0 -5.5 9.556000000000001
v -21.0 -5.5 9.556000000000001
v -21.0 -5.5 9.3
v -3.0 -5.5 0.0
v -3.0 -5.5 3.0
v -3.5 -5.5 3.0
v -3.5 -5.5 3.3
v 3.5 -5.5 3.3
v 3.5 -5.5 3.0
v 3.0 -5.5 3.0
v 3.0 -5.5 0.0
v -19.65 -5.5 1.2000000000000002
v -20.65 -5.5 1.2000000000000002
v -20.65 -5.5 2.6999999999999993
v -19.65 -5.5 2.6999999999999993
v -18.25 -5.5 1.2000000000000002
v -19.25 -5.5 1.2000000000000002
v -19.25 -5.5 2.6999999999999993
v -18.25 -5.5 2.6999999999999993
v -16.75 -5.5 1.2000000000000002
v -17.75 -5.5 1.2000000000000002
v -17.75 -5.5 2.6999999999999993
v -16.75 -5.5 2.6999999999999993
v -15.25 -5.5 1.2000000000000002
v -16.25 -5.5 1.2000000000000002
v -16.25 -5.5 2.6999999999999993
v -15.25 -5.5 2.6999999999999993
v -13.75 -5.5 1.2000000000000002
v -14.75 -5.5 1.2000000000000002
v -14.75 -5.5 2.6999999999999993
v -13.75 -5.5 2.6999999999999993
v -12.25 -5.5 1.2000000000000002
v -13.25 -5.5 1.2000000000000002
v -13.25 -5.5 2.6999999999999993
v -12.25 -5.5 2.6999999999999993
v -10.75 -5.5 1.2000000000000002
v -11.75 -5.5 1.2000000000000002
v -11.75 -5.5 2.6999999999999993
v -10.75 -5.5 2.6999999999999993
v -9.25 -5.5 1.2000000000000002
v -10.25 -5.5 1.2000000000000002
v -10.25 -5.5 2.6999999999999993
v -9.25 -5.5 2.6999999999999993
v -7.75 -5.5 1.2000000000000002
v -8.75 -5.5 1.2000000000000002
v -8.75 -5.5 2.6999999999999993
v -7.75 -5.5 2.6999999999999993
v -6.25 -5.5 1.2000000000000002
v -7.25 -5.5 1.2000000000000002
v -7.25 -5.5 2.6999999999999993
v -6.25 -5.5 2.6999999999999993
v -4.75 -5.5 1.2000000000000002
v -5.75 -5.5 1.2000000000000002
v -5.75 -5.5 2.6999999999999993
v -4.75 -5.5 2.6999999999999993
v -3.25 -5.5 1.2000000000000002
v -4.25 -5.5 1.2000000000000002
v -4.25 -5.5 2.6999999999999993
v -3.25 -5.5 2.6999999999999993
v 4.25 -5.5 1.2000000000000002
v 3.25 -5.5 1.2000000000000002
v 3.25 -5.5 2.6999999999999993
v 4.25 -5.5 2.6999999999999993
v 5.75 -5.5 1.2000000000000002
v 4.75 -5.5 1.2000000000000002
v 4.75 -5.5 2.6999999999999993
v 5.75 -5.5 2.6999999999999993
v 7.25 -5.5 1.2000000000000002
v 6.25 -5.5 1.2000000000000002
v 6.25 -5.5 2.6999999999999993
v 7.25 -5.5 2.6999999999999993
v 8.75 -5.5 1.2000000000000002
v 7.75 -5.5 1.2000000000000002
v 7.75 -5.5 2.6999999999999993
v 8.75 -5.5 2.6999999999999993
v 10.25 -5.5 1.2000000000000002
v 9.25 -5.5 1.2000000000000002
v 9.25 -5.5 2.6999999999999993
v 10.25 -5.5 2.6999999999999993
v 11.75 -5.5 1.2000000000000002
v 10.75 -5.5 1.2000000000000002
v 13.25 -5.5 1.2000000000000002
v 12.25 -5.5 1.2000000000000002
v 12.25 -5.5 2.6999999999999993
v 13.25 -5.5 2.6999999999999993
v 14.75 -5.5 1.2000000000000002
v 13.75 -5.5 1.2000000000000002
v 13.75 -5.5 2.6999999999999993
v 14.75 -5.5 2.6999999999999993
v 16.25 -5.5 1.2000000000000002
v 15.25 -5.5 1.2000000000000002
v 15.25 -5.5 2.6999999999999993
v 16.25 -5.5 2.6999999999999993
v 17.75 -5.5 1.2000000000000002
v 16.75 -5.5 1.2000000000000002
v 16.75 -5.5 2.6999999999999993
v 17.75 -5.5 2.6999999999999993
v 19.25 -5.5 1.2000000000000002
v 18.25 -5.5 1.2000000000000002
v 18.25 -5.5 2.6999999999999993
v 19.25 -5.5 2.6999999999999993
v 20.65 -5.5 1.2000000000000002
v 19.65 -5.5 1.2000000000000002
v 19.65 -5.5 2.6999999999999993
v 20.65 -5.5 2.6999999999999993
v -19.65 -5.5 4.199999999999999
v -20.65 -5.5 4.199999999999999
v -20.65 -5.5 5.699999999999999
v -19.65 -5.5 5.699999999999999
v -18.25 -5.5 4.199999999999999
v -19.25 -5.5 4.199999999999999
v -19.25 -5.5 5.699999999999999
v -18.25 -5.5 5.699999999999999
v -16.75 -5.5 4.199999999999999
v -17.75 -5.5 4.199999999999999
v -17.75 -5.5 5.699999999999999
v -16.75 -5.5 5.699999999999999
v -15.25 -5.5 4.199999999999999
v -16.25 -5.5 4.199999999999999
v -16.25 -5.5 5.699999999999999
v -15.25 -5.5 5.699999999999999
v -13.75 -5.5 4.199999999999999
v -14.75 -5.5 4.199999999999999
v -14.75 -5.5 5.699999999999999
v -13.75 -5.5 5.699999999999999
v -12.25 -5.5 4.199999999999999
v -13.25 -5.5 4.199999999999999
v -13.25 -5.5 5.699999999999999
v -12.25 -5.5 5.699999999999999
v -10.75 -5.5 4.199999999999999
v -11.75 -5.5 4.199999999999999
v -11.75 -5.5 5.699999999999999
v -10.75 -5.5 5.699999999999999
v -9.25 -5.5 4.199999999999999
v -10.25 -5.5 4.199999999999999
v -10.25 -5.5 5.699999999999999
v -9.25 -5.5 5.699999999999999
v -7.75 -5.5 4.199999999999999
v -8.75 -5.5 4.199999999999999
v -8.75 -5.5 5.699999999999999
v -7.75 -5.5 5.699999999999999
v -6.25 -5.5 4.199999999999999
v -7.25 -5.5 4.199999999999999
v -7.25 -5.5 5.699999999999999
v -6.25 -5.5 5.699999999999999
v -4.75 -5.5 4.199999999999999
v -5.75 -5.5 4.199999999999999
v -5.75 -5.5 5.699999999999999
v -4.75 -5.5 5.699999999999999
v -3.25 -5.5 4.199999999999999
v -4.25 -5.5 4.199999999999999
v -4.25 -5.5 5.699999999999999
v -3.25 -5.5 5.699999999999999
v -1.75 -5.5 4.199999999999999
v -2.75 -5.5 4.199999999999999
v -2.75 -5.5 5.699999999999999
v -1.75 -5.5 5.699999999999999
v -0.25 -5.5 4.199999999999999
v -1.25 -5.5 4.199999999999999
v -1.25 -5.5 5.699999999999999
v -0.25 -5.5 5.699999999999999
v 1.25 -5.5 4.199999999999999
v 0.25 -5.5 4.199999999999999
v 0.25 -5.5 5.699999999999999
v 1.25 -5.5 5.699999999999999
v 2.75 -5.5 4.199999999999999
v 1.75 -5.5 4.199999999999999
v 1.75 -5.5 5.699999999999999
v 2.75 -5.5 5.699999999999999
v 4.25 -5.5 4.199999999999999
v 3.25 -5.5 4.199999999999999
v 3.25 -5.5 5.699999999999999
v 4.25 -5.5 5.699999999999999
v 5.75 -5.5 4.199999999999999
v 4.75 -5.5 4.199999999999999
v 4.75 -5.5 5.699999999999999
v 5.75 -5.5 5.699999999999999
v 7.25 -5.5 4.199999999999999
v 6.25 -5.5 4.199999999999999
v 6.25 -5.5 5.699999999999999
v 7.25 -5.5 5.699999999999999
v 8.75 -5.5 4.199999999999999
v 7.75 -5.5 4.199999999999999
v 7.75 -5.5 5.699999999999999
v 8.75 -5.5 5.699999999999999
v 10.25 -5.5 4.199999999999999
v 9.25 -5.5 4.199999999999999
v 9.25 -5.5 5.699999999999999
v 10.25 -5.5 5.699999999999999
v 11.75 -5.5 4.199999999999999
v 10.75 -5.5 4.199999999999999
v 10.75 -5.5 5.699999999999999
v 11.75 -5.5 5.699999999999999
v 13.25 -5.5 4.199999999999999
v 12.25 -5.5 4.199999999999999
v 12.25 -5.5 5.699999999999999
v 13.25 -5.5 5.699999999999999
v 14.75 -5.5 4.199999999999999
v 13.75 -5.5 4.199999999999999
v 13.75 -5.5 5.699999999999999
v 14.75 -5.5 5.699999999999999
v 16.25 -5.5 4.199999999999999
v 15.25 -5.5 4.199999999999999
v 15.25 -5.5 5.699999999999999
v 16.25 -5.5 5.699999999999999
v 17.75 -5.5 4.199999999999999
v 16.75 -5.5 4.199999999999999
v 16.75 -5.5 5.699999999999999
v 17.75 -5.5 5.699999999999999
v 19.25 -5.5 4.199999999999999
v 18.25 -5.5 4.199999999999999
v 18.25 -5.5 5.699999999999999
v 19.25 -5.5 5.699999999999999
v 20.65 -5.5 4.199999999999999
v 19.65 -5.5 4.199999999999999
v 19.65 -5.5 5.699999999999999
v 20.65 -5.5 5.699999999999999
v -19.65 -5.5 7.199999999999999
v -20.65 -5.5 7.199999999999999
v -20.65 -5.5 8.7
v -19.65 -5.5 8.7
v -18.25 -5.5 7.199999999999999
v -19.25 -5.5 7.199999999999999
v -19.25 -5.5 8.7
v -18.25 -5.5 8.7
v -16.75 -5.5 7.199999999999999
v -17.75 -5.5 7.199999999999999
v -17.75 -5.5 8.7
v -16.75 -5.5 8.7
v -15.25 -5.5 7.199999999999999
v -16.25 -5.5 7.199999999999999
v -16.25 -5.5 8.7
v -15.25 -5.5 8.7
v -13.75 -5.5 7.199999999999999
v -14.75 -5.5 7.199999999999999
v -14.75 -5.5 8.7
v -13.75 -5.5 8.7
v -12.25 -5.5 7.199999999999999
v -13.25 -5.5 7.199999999999999
v -13.25 -5.5 8.7
v -12.25 -5.5 8.7
v -10.75 -5.5 7.199999999999999
v -11.75 -5.5 7.199999999999999
v -11.75 -5.5 8.7
v -10.75 -5.5 8.7
v -9.25 -5.5 7.199999999999999
v -10.25 -5.5 7.199999999999999
v -10.25 -5.5 8.7
v -9.25 -5.5 8.7
v -7.75 -5.5 7.199999999999999
v -8.75 -5.5 7.199999999999999
v -8.75 -5.5 8.7
v -7.75 -5.5 8.7
v -6.25 -5.5 7.199999999999999
v -7.25 -5.5 7.199999999999999
v -7.25 -5.5 8.7
v -6.25 -5.5 8.7
v -4.75 -5.5 7.199999999999999
v -5.75 -5.5 7.199999999999999
v -5.75 -5.5 8.7
v -4.75 -5.5 8.7
v -3.25 -5.5 7.199999999999999
v -4.25 -5.5 7.199999999999999
v -4.25 -5.5 8.7
v -3.25 -5.5 8.7
v -1.75 -5.5 7.199999999999999
v -2.75 -5.5 7.199999999999999
v -2.75 -5.5 8.7
v -1.75 -5.5 8.7
v -0.25 -5.5 7.199999999999999
v -1.25 -5.5 7.199999999999999
v -1.25 -5.5 8.7
v -0.25 -5.5 8.7
v 1.25 -5.5 7.199999999999999
v 0.25 -5.5 7.199999999999999
v 0.25 -5.5 8.7
v 1.25 -5.5 8.7
v 2.75 -5.5 7.199999999999999
v 1.75 -5.5 7.199999999999999
v 1.75 -5.5 8.7
v 2.75 -5.5 8.7
v 4.25 -5.5 7.199999999999999
v 3.25 -5.5 7.199999999999999
v 3.25 -5.5 8.7
v 4.25 -5.5 8.7
v 5.75 -5.5 7.199999999999999
v 4.75 -5.5 7.199999999999999
v 4.75 -5.5 8.7
v 5.75 -5.5 8.7
v 7.25 -5.5 7.199999999999999
v 6.25 -5.5 7.199999999999999
v 6.25 -5.5 8.7
v 7.25 -5.5 8.7
v 8.75 -5.5 7.199999999999999
v 7.75 -5.5 7.199999999999999
v 7.75 -5.5 8.7
v 8.75 -5.5 8.7
v 10.25 -5.5 7.199999999999999
v 9.25 -5.5 7.199999999999999
v 9.25 -5.5 8.7
v 10.25 -5.5 8.7
v 11.75 -5.5 7.199999999999999
v 10.75 -5.5 7.199999999999999
v 10.75 -5.5 8.7
v 11.75 -5.5 8.7
v 13.25 -5.5 7.199999999999999
v 12.25 -5.5 7.199999999999999
v 12.25 -5.5 8.7
v 13.25 -5.5 8.7
v 14.75 -5.5 7.199999999999999
v 13.75 -5.5 7.199999999999999
v 13.75 -5.5 8.7
v 14.75 -5.5 8.7
v 16.25 -5.5 7.199999999999999
v 15.25 -5.5 7.199999999999999
v 15.25 -5.5 8.7
v 16.25 -5.5 8.7
v 17.75 -5.5 7.199999999999999
v 16.75 -5.5 7.199999999999999
v 16.75 -5.5 8.7
v 17.75 -5.5 8.7
v 19.25 -5.5 7.199999999999999
v 18.25 -5.5 7.199999999999999
v 18.25 -5.5 8.7
v 19.25 -5.5 8.7
v 20.65 -5.5 7.199999999999999
v 19.65 -5.5 7.199999999999999
v 19.65 -5.5 8.7
v 20.65 -5.5 8.7
v -19.65 -5.5 -1.8000000000000003
v -20.65 -5.5 -1.8000000000000003
v -20.65 -5.5 -0.30000000000000027
v -19.65 -5.5 -0.30000000000000027
v -18.25 -5.5 -1.8000000000000003
v -19.25 -5.5 -1.8000000000000003
v -19.25 -5.5 -0.30000000000000027
v -18.25 -5.5 -0.30000000000000027
v -16.75 -5.5 -1.8000000000000003
v -17.75 -5.5 -1.8000000000000003
v -17.75 -5.5 -0.30000000000000027
v -16.75 -5.5 -0.30000000000000027
v -15.25 -5.5 -1.8000000000000003
v -16.25 -5.5 -1.8000000000000003
v -16.25 -5.5 -0.30000000000000027
v -15.25 -5.5 -0.30000000000000027
v -13.75 -5.5 -1.8000000000000003
v -14.75 -5.5 -1.8000000000000003
v -14.75 -5.5 -0.30000000000000027
v -13.75 -5.5 -0.30000000000000027
v -12.25 -5.5 -1.8000000000000003
v -13.25 -5.5 -1.8000000000000003
v -13.25 -5.5 -0.30000000000000027
v -12.25 -5.5 -0.30000000000000027
v -10.75 -5.5 -1.8000000000000003
v -11.75 -5.5 -1.8000000000000003
v -11.75 -5.5 -0.30000000000000027
v -10.75 -5.5 -0.30000000000000027
v -9.25 -5.5 -1.8000000000000003
v -10.25 -5.5 -1.8000000000000003
v -10.25 -5.5 -0.30000000000000027
v -9.25 -5.5 -0.30000000000000027
v -7.75 -5.5 -1.8000000000000003
v -8.75 -5.5 -1.8000000000000003
v -8.75 -5.5 -0.30000000000000027
v -7.75 -5.5 -0.30000000000000027
v -6.25 -5.5 -1.8000000000000003
v -7.25 -5.5 -1.8000000000000003
v -7.25 -5.5 -0.30000000000000027
v -6.25 -5.5 -0.30000000000000027
v 7.25 -5.5 -1.8000000000000003
v 6.25 -5.5 -1.8000000000000003
v 6.25 -5.5 -0.30000000000000027
v 7.25 -5.5 -0.30000000000000027
v 8.75 -5.5 -1.8000000000000003
v 7.75 -5.5 -1.8000000000000003
v 7.75 -5.5 -0.30000000000000027
v 8.75 -5.5 -0.30000000000000027
v 10.25 -5.5 -1.8000000000000003
v 9.25 -5.5 -1.8000000000000003
v 9.25 -5.5 -0.30000000000000027
v 10.25 -5.5 -0.30000000000000027
v 11.75 -5.5 -1.8000000000000003
v 10.75 -5.5 -1.8000000000000003
v 10.75 -5.5 -0.30000000000000027
v 11.75 -5.5 -0.30000000000000027
v 13.25 -5.5 -1.8000000000000003
v 12.25 -5.5 -1.8000000000000003
v 12.25 -5.5 -0.30000000000000027
v 13.25 -5.5 -0.30000000000000027
v 14.75 -5.5 -1.8000000000000003
v 13.75 -5.5 -1.8000000000000003
v 13.75 -5.5 -0.30000000000000027
v 14.75 -5.5 -0.30000000000000027
v 16.25 -5.5 -1.8000000000000003
v 15.25 -5.5 -1.8000000000000003
v 15.25 -5.5 -0.30000000000000027
v 16.25 -5.5 -0.30000000000000027
v 17.75 -5.5 -1.8000000000000003
v 16.75 -5.5 -1.8000000000000003
v 16.75 -5.5 -0.30000000000000027
v 17.75 -5.5 -0.30000000000000027
v 19.25 -5.5 -1.8000000000000003
v 18.25 -5.5 -1.8000000000000003
v 18.25 -5.5 -0.30000000000000027
v 19.25 -5.5 -0.30000000000000027
v 20.65 -5.5 -1.8000000000000003
v 19.65 -5.5 -1.8000000000000003
v 19.65 -5.5 -0.30000000000000027
v 20.65 -5.5 -0.30000000000000027
v 7.75 6.385 4.199999999999999
v 8.75 6.385 4.199999999999999
v 8.75 6.385 5.699999999999999
v 7.75 6.385 5.699999999999999
v -1.75 -5.385 7.199999999999999
v -2.75 -5.385 7.199999999999999
v -2.75 -5.385 8.7
v -1.75 -5.385 8.7
v -4.0 0.31599999999999984 12.349
v -4.0 -2.031 12.036999999999999
v -4.0 -4.317 11.416
v -4.0 -6.5 10.5
v -4.0 -6.5 10.088000000000001
v -4.0 -4.193 11.056000000000001
v -4.0 -1.956 11.663
v -4.0 0.3410000000000002 11.969000000000001
v -4.0 2.6590000000000007 11.969000000000001
v -4.0 4.9559999999999995 11.663
v -4.0 7.193 11.056000000000001
v -4.0 9.5 10.088000000000001
v -4.0 9.5 10.5
v -4.0 7.317 11.416
v -4.0 5.031000000000001 12.036999999999999
v -4.0 2.6839999999999993 12.349
v 4.75 6.385 1.2000000000000002
v 5.75 6.385 1.2000000000000002
v 5.75 6.5 1.2000000000000002
v 4.75 6.5 1.2000000000000002
v 16.75 6.385 2.6999999999999993
v 16.75 6.385 1.2000000000000002
v 16.75 6.5 1.2000000000000002
v 16.75 6.5 2.6999999999999993
v 2.75 -5.385 7.199999999999999
v 1.75 -5.385 7.199999999999999
v 1.75 -5.385 8.7
v 2.75 -5.385 8.7
v 17.75 6.385 1.2000000000000002
v 17.75 6.385 2.6999999999999993
v -12.25 6.385 -1.8000000000000003
v -12.25 6.385 -0.30000000000000027
v -12.25 6.5 -0.30000000000000027
v -12.25 6.5 -1.8000000000000003
v -6.25 -5.385 -1.8000000000000003
v -7.25 -5.385 -1.8000000000000003
v -7.25 -5.385 -0.30000000000000027
v -6.25 -5.385 -0.30000000000000027
v 12.25 6.385 4.199999999999999
v 13.25 6.385 4.199999999999999
v 13.25 6.385 5.699999999999999
v 12.25 6.385 5.699999999999999
v -15.25 -5.385 2.6999999999999993
v -15.25 -5.385 1.2000000000000002
v 10.75 -5.385 1.2000000000000002
v 7.25 -5.385 7.199999999999999
v 6.25 -5.385 7.199999999999999
v 6.25 -5.385 8.7
v 7.25 -5.385 8.7
v -9.25 -5.385 1.2000000000000002
v -10.25 -5.385 1.2000000000000002
v -10.25 -5.385 2.6999999999999993
v -9.25 -5.385 2.6999999999999993
v -13.25 6.385 -1.8000000000000003
v -13.25 6.5 -1.8000000000000003
v 4.75 6.385 2.6999999999999993
v 4.75 6.5 2.6999999999999993
v 4.25 -5.385 1.2000000000000002
v 3.25 -5.385 1.2000000000000002
v 3.25 -5.385 2.6999999999999993
v 4.25 -5.385 2.6999999999999993
v -5.75 -5.385 2.6999999999999993
v -4.75 -5.385 2.6999999999999993
v 19.25 6.385 2.6999999999999993
v 18.25 6.385 2.6999999999999993
v 18.25 6.5 2.6999999999999993
v 19.25 6.5 2.6999999999999993
v 11.75 -5.385 1.2000000000000002
v -2.8850000000000016 -6.95 0.3999999999999999
v -2.8850000000000016 -6.05 0.3999999999999999
v -2.8850000000000016 -6.05 2.4000000000000004
v -2.8850000000000016 -6.95 2.4000000000000004
v -20.885 0.04999999999999982 7.199999999999999
v -20.885 0.9500000000000002 7.199999999999999
v -20.885 0.9500000000000002 8.7
v -20.885 0.04999999999999982 8.7
v 13.25 -5.385 4.199999999999999
v 12.25 -5.385 4.199999999999999
v 12.25 -5.385 5.699999999999999
v 13.25 -5.385 5.699999999999999
v -17.75 -5.385 2.6999999999999993
v -16.75 -5.385 2.6999999999999993
v -22.0 -4.6129999999999995 10.399999999999999
v -3.0 -4.6129999999999995 10.399999999999999
v -3.0 -6.5 9.5
v -22.0 -6.5 9.5
v -13.25 6.385 -0.30000000000000027
v -13.25 6.5 -0.30000000000000027
v 8.75 -5.385 7.199999999999999
v 7.75 -5.385 7.199999999999999
v 7.75 -5.385 8.7
v 8.75 -5.385 8.7
v 20.884999999999998 0.9500000000000002 7.199999999999999
v 20.884999999999998 0.04999999999999982 7.199999999999999
v 20.884999999999998 0.04999999999999982 8.7
v 20.884999999999998 0.9500000000000002 8.7
v 19.25 6.385 1.2000000000000002
v 19.25 6.5 1.2000000000000002
v 7.25 6.385 2.6999999999999993
v 6.25 6.385 2.6999999999999993
v 6.25 6.5 2.6999999999999993
v 7.25 6.5 2.6999999999999993
v 13.75 -5.385 8.7
v 14.75 -5.385 8.7
v -4.25 6.385 -0.30000000000000027
v -4.25 6.385 -1.8000000000000003
v -4.25 6.5 -1.8000000000000003
v -4.25 6.5 -0.30000000000000027
v 2.8850000000000016 -6.05 0.3999999999999999
v 2.8850000000000016 -6.95 0.3999999999999999
v 2.8850000000000016 -6.95 2.4000000000000004
v 2.8850000000000016 -6.05 2.4000000000000004
v 3.0 6.5 9.556000000000001
v 3.0 7.5 9.079
v 3.0 7.5 9.5
v 3.0 5.6129999999999995 10.399999999999999
v 3.0 3.6129999999999995 11.011
v 3.0 1.545 11.32
v 3.0 -0.5449999999999999 11.32
v 3.0 -2.613 11.011
v 3.0 -4.6129999999999995 10.399999999999999
v 3.0 -5.5 9.977
v 3.0 -4.193 11.056000000000001
v 3.0 -1.956 11.663
v 3.0 0.3410000000000002 11.969000000000001
v 3.0 2.6590000000000007 11.969000000000001
v 3.0 4.9559999999999995 11.663
v 3.0 7.193 11.056000000000001
v 3.0 6.5 -3.0
v 3.0 6.5 -2.7
v -17.75 -5.385 1.2000000000000002
v 21.0 -4.475 10.044999999999998
v 21.0 -2.529 10.64
v 21.0 -0.5170000000000003 10.940000000000001
v 21.0 1.5170000000000003 10.940000000000001
v 21.0 3.529 10.64
v 21.0 5.475 10.044999999999998
v 21.0 6.5 9.556000000000001
v 21.0 6.5 -3.0
v 21.0 -5.5 -2.7
v 21.0 0.9500000000000002 8.7
v 21.0 0.04999999999999982 8.7
v 21.0 0.04999999999999982 7.199999999999999
v 21.0 0.9500000000000002 7.199999999999999
v 21.0 0.9500000000000002 5.699999999999999
v 21.0 0.04999999999999982 5.699999999999999
v 21.0 0.04999999999999982 4.199999999999999
v 21.0 0.9500000000000002 4.199999999999999
v 21.0 0.9500000000000002 2.6999999999999993
v 21.0 0.04999999999999982 2.6999999999999993
v 21.0 0.04999999999999982 1.2000000000000002
v 21.0 0.9500000000000002 1.2000000000000002
v -14.75 6.385 4.199999999999999
v -13.75 6.385 4.199999999999999
v -13.75 6.385 5.699999999999999
v -14.75 6.385 5.699999999999999
v 7.75 6.385 1.2000000000000002
v 8.75 6.385 1.2000000000000002
v 8.75 6.385 2.6999999999999993
v 7.75 6.385 2.6999999999999993
v -5.75 -5.385 7.199999999999999
v -5.75 -5.385 8.7
v -10.75 6.385 -0.30000000000000027
v -11.75 6.385 -0.30000000000000027
v -11.75 6.5 -0.30000000000000027
v -10.75 6.5 -0.30000000000000027
v 3.25 -5.385 7.199999999999999
v 3.25 -5.385 8.7
v 4.75 -5.385 5.699999999999999
v 5.75 -5.385 5.699999999999999
v 14.75 -5.385 -1.8000000000000003
v 13.75 -5.385 -1.8000000000000003
v 13.75 -5.385 -0.30000000000000027
v 14.75 -5.385 -0.30000000000000027
v 18.25 6.385 1.2000000000000002
v 18.25 6.5 1.2000000000000002
v -4.75 -5.385 4.199999999999999
v -5.75 -5.385 4.199999999999999
v -5.75 -5.385 5.699999999999999
v -4.75 -5.385 5.699999999999999
v 9.25 -5.385 2.6999999999999993
v 10.25 -5.385 2.6999999999999993
v 14.75 -5.385 4.199999999999999
v 13.75 -5.385 4.199999999999999
v 13.75 -5.385 5.699999999999999
v 14.75 -5.385 5.699999999999999
v 3.0 -6.5 9.5
v 22.0 -6.5 9.5
v 22.0 -6.5 9.079
v 3.0 -6.5 9.079
v -5.75 -5.385 1.2000000000000002
v 7.25 6.385 1.2000000000000002
v 7.25 6.5 1.2000000000000002
v -16.75 -5.385 1.2000000000000002
v -22.0 7.5 9.5
v -3.0 7.5 9.5
v -3.0 5.6129999999999995 10.399999999999999
v -22.0 5.6129999999999995 10.399999999999999
v 4.0 2.6839999999999993 12.349
v 4.0 5.031000000000001 12.036999999999999
v 4.0 7.317 11.416
v 4.0 9.5 10.5
v 4.0 9.5 10.088000000000001
v 4.0 7.193 11.056000000000001
v 4.0 4.9559999999999995 11.663
v 4.0 2.6590000000000007 11.969000000000001
v 4.0 0.3410000000000002 11.969000000000001
v 4.0 -1.956 11.663
v 4.0 -4.193 11.056000000000001
v 4.0 -6.5 10.088000000000001
v 4.0 -6.5 10.5
v 4.0 -4.317 11.416
v 4.0 -2.031 12.036999999999999
v 4.0 0.31599999999999984 12.349
v -16.75 -5.385 -1.8000000000000003
v -17.75 -5.385 -1.8000000000000003
v -17.75 -5.385 -0.30000000000000027
v -16.75 -5.385 -0.30000000000000027
v -20.65 6.385 7.199999999999999
v -19.65 6.385 7.199999999999999
v -19.65 6.385 8.7
v -20.65 6.385 8.7
v 7.25 -5.385 -1.8000000000000003
v 6.25 -5.385 -1.8000000000000003
v 6.25 -5.385 -0.30000000000000027
v 7.25 -5.385 -0.30000000000000027
v -21.0 6.5 9.556000000000001
v -21.0 5.475 10.044999999999998
v -21.0 3.529 10.64
v -21.0 1.5170000000000003 10.940000000000001
v -21.0 -0.5170000000000003 10.940000000000001
v -21.0 -2.529 10.64
v -21.0 -4.475 10.044999999999998
v -21.0 6.5 -3.0
v -21.0 6.5 -2.7
v -21.0 0.04999999999999982 4.199999999999999
v -21.0 0.04999999999999982 5.699999999999999
v -21.0 0.9500000000000002 5.699999999999999
v -21.0 0.9500000000000002 4.199999999999999
v -21.0 0.04999999999999982 1.2000000000000002
v -21.0 0.04999999999999982 2.6999999999999993
v -21.0 0.9500000000000002 2.6999999999999993
v -21.0 0.9500000000000002 1.2000000000000002
v -21.0 0.04999999999999982 7.199999999999999
v -21.0 0.04999999999999982 8.7
v -21.0 0.9500000000000002 8.7
v -21.0 0.9500000000000002 7.199999999999999
v -6.25 -5.385 5.699999999999999
v -6.25 -5.385 4.199999999999999
v 9.25 -5.385 1.2000000000000002
v -4.75 -5.385 1.2000000000000002
v -10.75 -5.385 4.199999999999999
v -11.75 -5.385 4.199999999999999
v -11.75 -5.385 5.699999999999999
v -10.75 -5.385 5.699999999999999
v -3.0 6.5 -3.0
v 18.25 6.385 -1.8000000000000003
v 19.25 6.385 -1.8000000000000003
v 19.25 6.385 -0.30000000000000027
v 18.25 6.385 -0.30000000000000027
v -18.25 -5.385 4.199999999999999
v -19.25 -5.385 4.199999999999999
v 6.25 6.385 1.2000000000000002
v 6.25 6.5 1.2000000000000002
v -7.75 -5.385 1.2000000000000002
v -8.75 -5.385 1.2000000000000002
v -8.75 -5.385 2.6999999999999993
v -7.75 -5.385 2.6999999999999993
v -22.0 3.6129999999999995 11.011
v -3.0 3.6129999999999995 11.011
v -3.0 1.545 11.32
v -22.0 1.545 11.32
v -7.25 6.385 1.2000000000000002
v -6.25 6.385 1.2000000000000002
v -6.25 6.385 2.6999999999999993
v -7.25 6.385 2.6999999999999993
v -10.75 6.385 -1.8000000000000003
v -10.75 6.5 -1.8000000000000003
v -0.25 -5.385 4.199999999999999
v -1.25 -5.385 4.199999999999999
v -13.75 -5.385 -1.8000000000000003
v -14.75 -5.385 -1.8000000000000003
v -14.75 -5.385 -0.30000000000000027
v -13.75 -5.385 -0.30000000000000027
v 10.25 -5.385 1.2000000000000002
v 4.75 -5.385 4.199999999999999
v -4.75 -5.385 7.199999999999999
v 4.25 -5.385 7.199999999999999
v -20.885 0.9500000000000002 2.6999999999999993
v -20.885 0.04999999999999982 2.6999999999999993
v 22.0 -4.475 10.044999999999998
v 22.0 -2.529 10.64
v 22.0 -0.5170000000000003 10.940000000000001
v 22.0 1.5170000000000003 10.940000000000001
v 22.0 3.529 10.64
v 22.0 5.475 10.044999999999998
v 22.0 7.5 9.079
v 22.0 7.5 9.5
v 22.0 5.6129999999999995 10.399999999999999
v 22.0 3.6129999999999995 11.011
v 22.0 1.545 11.32
v 22.0 -0.5449999999999999 11.32
v 22.0 -2.613 11.011
v 22.0 -4.6129999999999995 10.399999999999999
v -11.75 6.385 -1.8000000000000003
v -11.75 6.5 -1.8000000000000003
v 3.25 6.385 -0.30000000000000027
v 3.25 6.385 -1.8000000000000003
v 3.25 6.5 -1.8000000000000003
v 3.25 6.5 -0.30000000000000027
v -20.885 0.9500000000000002 1.2000000000000002
v 16.75 6.385 -1.8000000000000003
v 17.75 6.385 -1.8000000000000003
v 17.75 6.5 -1.8000000000000003
v 16.75 6.5 -1.8000000000000003
v -0.25 -5.385 7.199999999999999
v -1.25 -5.385 7.199999999999999
v -1.25 -5.385 8.7
v -0.25 -5.385 8.7
v -20.885 0.04999999999999982 1.2000000000000002
v -7.25 -5.385 2.6999999999999993
v -6.25 -5.385 2.6999999999999993
v 20.65 6.385 2.6999999999999993
v 19.65 6.385 2.6999999999999993
v 19.65 6.5 2.6999999999999993
v 20.65 6.5 2.6999999999999993
v -16.25 6.385 4.199999999999999
v -15.25 6.385 4.199999999999999
v -15.25 6.5 4.199999999999999
v -16.25 6.5 4.199999999999999
v -8.75 -5.385 5.699999999999999
v -7.75 -5.385 5.699999999999999
v -19.25 6.385 7.199999999999999
v -18.25 6.385 7.199999999999999
v -18.25 6.385 8.7
v -19.25 6.385 8.7
v 14.75 -5.385 7.199999999999999
v 13.75 -5.385 7.199999999999999
v -13.25 6.385 1.2000000000000002
v -12.25 6.385 1.2000000000000002
v -12.25 6.385 2.6999999999999993
v -13.25 6.385 2.6999999999999993
v -10.25 6.385 4.199999999999999
v -9.25 6.385 4.199999999999999
v -9.25 6.5 4.199999999999999
v -10.25 6.5 4.199999999999999
v 7.75 -5.385 2.6999999999999993
v 8.75 -5.385 2.6999999999999993
v -4.75 -5.385 8.7
v -6.25 -5.385 1.2000000000000002
v -7.25 -5.385 1.2000000000000002
v 4.25 -5.385 8.7
v -11.75 -5.385 -0.30000000000000027
v -10.75 -5.385 -0.30000000000000027
v 7.75 6.5 2.6999999999999993
v 8.75 6.5 2.6999999999999993
v 2.75 -5.385 4.199999999999999
v 1.75 -5.385 4.199999999999999
v 1.75 -5.385 5.699999999999999
v 2.75 -5.385 5.699999999999999
v 20.65 6.385 1.2000000000000002
v 20.65 6.5 1.2000000000000002
v -18.25 -5.385 5.699999999999999
v -10.75 -5.385 -1.8000000000000003
v -11.75 -5.385 -1.8000000000000003
v 7.75 -5.385 1.2000000000000002
v -3.25 -5.385 4.199999999999999
v -4.25 -5.385 4.199999999999999
v -4.25 -5.385 5.699999999999999
v -3.25 -5.385 5.699999999999999
v -22.0 -0.5449999999999999 11.32
v -22.0 -2.613 11.011
v -22.0 -6.5 9.079
v -22.0 -4.475 10.044999999999998
v -22.0 -2.529 10.64
v -22.0 -0.5170000000000003 10.940000000000001
v -22.0 1.5170000000000003 10.940000000000001
v -22.0 3.529 10.64
v -22.0 5.475 10.044999999999998
v -22.0 7.5 9.079
v 16.75 6.385 -0.30000000000000027
v 16.75 6.5 -0.30000000000000027
v -9.25 6.385 -0.30000000000000027
v -10.25 6.385 -0.30000000000000027
v -10.25 6.5 -0.30000000000000027
v -9.25 6.5 -0.30000000000000027
v 5.75 6.385 -0.30000000000000027
v 4.75 6.385 -0.30000000000000027
v 4.75 6.5 -0.30000000000000027
v 5.75 6.5 -0.30000000000000027
v 16.75 6.385 4.199999999999999
v 17.75 6.385 4.199999999999999
v 17.75 6.385 5.699999999999999
v 16.75 6.385 5.699999999999999
v -8.75 -5.385 4.199999999999999
v 16.25 -5.385 -1.8000000000000003
v 15.25 -5.385 -1.8000000000000003
v 15.25 -5.385 -0.30000000000000027
v 16.25 -5.385 -0.30000000000000027
v 8.75 -5.385 1.2000000000000002
v -20.65 -5.385 2.6999999999999993
v -19.65 -5.385 2.6999999999999993
v 13.75 6.385 4.199999999999999
v 14.75 6.385 4.199999999999999
v 14.75 6.385 5.699999999999999
v 13.75 6.385 5.699999999999999
v 7.25 6.385 7.199999999999999
v 7.25 6.385 8.7
v 7.25 6.5 8.7
v 7.25 6.5 7.199999999999999
v 20.65 6.385 8.7
v 19.65 6.385 8.7
v 19.65 6.5 8.7
v 20.65 6.5 8.7
v -5.75 6.385 1.2000000000000002
v -4.75 6.385 1.2000000000000002
v -4.75 6.385 2.6999999999999993
v -5.75 6.385 2.6999999999999993
v 9.25 6.385 -1.8000000000000003
v 10.25 6.385 -1.8000000000000003
v 10.25 6.385 -0.30000000000000027
v 9.25 6.385 -0.30000000000000027
v 19.65 6.385 1.2000000000000002
v 19.65 6.5 1.2000000000000002
v -0.25 -5.385 5.699999999999999
v -3.0 -6.5 9.079
v 18.25 6.5 -0.30000000000000027
v 19.25 6.5 -0.30000000000000027
v 4.25 -5.385 4.199999999999999
v 3.25 -5.385 4.199999999999999
v 3.25 -5.385 5.699999999999999
v 4.25 -5.385 5.699999999999999
v -20.65 -5.385 1.2000000000000002
v 5.75 6.385 -1.8000000000000003
v 5.75 6.5 -1.8000000000000003
v 8.75 6.5 1.2000000000000002
v -9.25 6.385 -1.8000000000000003
v -9.25 6.5 -1.8000000000000003
v 19.65 6.385 -1.8000000000000003
v 20.65 6.385 -1.8000000000000003
v 20.65 6.385 -0.30000000000000027
v 19.65 6.385 -0.30000000000000027
v -13.25 6.385 4.199999999999999
v -12.25 6.385 4.199999999999999
v -12.25 6.385 5.699999999999999
v -13.25 6.385 5.699999999999999
v 21.0 6.5 9.3
v 19.65 6.5 -1.8000000000000003
v 20.65 6.5 -1.8000000000000003
v 20.65 6.5 -0.30000000000000027
v 19.65 6.5 -0.30000000000000027
v 18.25 6.5 -1.8000000000000003
v 19.25 6.5 -1.8000000000000003
v 17.75 6.5 -0.30000000000000027
v 15.25 6.5 -1.8000000000000003
v 16.25 6.5 -1.8000000000000003
v 16.25 6.5 -0.30000000000000027
v 15.25 6.5 -0.30000000000000027
v 13.75 6.5 -1.8000000000000003
v 14.75 6.5 -1.8000000000000003
v 14.75 6.5 -0.30000000000000027
v 13.75 6.5 -0.30000000000000027
v 12.25 6.5 -1.8000000000000003
v 13.25 6.5 -1.8000000000000003
v 13.25 6.5 -0.30000000000000027
v 12.25 6.5 -0.30000000000000027
v 10.75 6.5 -1.8000000000000003
v 11.75 6.5 -1.8000000000000003
v 11.75 6.5 -0.30000000000000027
v 10.75 6.5 -0.30000000000000027
v 9.25 6.5 -1.8000000000000003
v 10.25 6.5 -1.8000000000000003
v 10.25 6.5 -0.30000000000000027
v 9.25 6.5 -0.30000000000000027
v 7.75 6.5 -1.8000000000000003
v 8.75 6.5 -1.8000000000000003
v 8.75 6.5 -0.30000000000000027
v 7.75 6.5 -0.30000000000000027
v 6.25 6.5 -1.8000000000000003
v 7.25 6.5 -1.8000000000000003
v 7.25 6.5 -0.30000000000000027
v 6.25 6.5 -0.30000000000000027
v 4.75 6.5 -1.8000000000000003
v 4.25 6.5 -1.8000000000000003
v 4.25 6.5 -0.30000000000000027
v 17.75 6.5 1.2000000000000002
v 17.75 6.5 2.6999999999999993
v 15.25 6.5 1.2000000000000002
v 16.25 6.5 1.2000000000000002
v 16.25 6.5 2.6999999999999993
v 15.25 6.5 2.6999999999999993
v 13.75 6.5 1.2000000000000002
v 14.75 6.5 1.2000000000000002
v 14.75 6.5 2.6999999999999993
v 13.75 6.5 2.6999999999999993
v 12.25 6.5 1.2000000000000002
v 13.25 6.5 1.2000000000000002
v 13.25 6.5 2.6999999999999993
v 12.25 6.5 2.6999999999999993
v 10.75 6.5 1.2000000000000002
v 11.75 6.5 1.2000000000000002
v 11.75 6.5 2.6999999999999993
v 10.75 6.5 2.6999999999999993
v 9.25 6.5 1.2000000000000002
v 10.25 6.5 1.2000000000000002
v 10.25 6.5 2.6999999999999993
v 9.25 6.5 2.6999999999999993
v 7.75 6.5 1.2000000000000002
v 5.75 6.5 2.6999999999999993
v 3.25 6.5 1.2000000000000002
v 4.25 6.5 1.2000000000000002
v 4.25 6.5 2.6999999999999993
v 3.25 6.5 2.6999999999999993
v 19.65 6.5 4.199999999999999
v 20.65 6.5 4.199999999999999
v 20.65 6.5 5.699999999999999
v 19.65 6.5 5.699999999999999
v 18.25 6.5 4.199999999999999
v 19.25 6.5 4.199999999999999
v 19.25 6.5 5.699999999999999
v 18.25 6.5 5.699999999999999
v 16.75 6.5 4.199999999999999
v 17.75 6.5 4.199999999999999
v 17.75 6.5 5.699999999999999
v 16.75 6.5 5.699999999999999
v 15.25 6.5 4.199999999999999
v 16.25 6.5 4.199999999999999
v 16.25 6.5 5.699999999999999
v 15.25 6.5 5.699999999999999
v 13.75 6.5 4.199999999999999
v 14.75 6.5 4.199999999999999
v 14.75 6.5 5.699999999999999
v 13.75 6.5 5.699999999999999
v 12.25 6.5 4.199999999999999
v 13.25 6.5 4.199999999999999
v 13.25 6.5 5.699999999999999
v 12.25 6.5 5.699999999999999
v 10.75 6.5 4.199999999999999
v 11.75 6.5 4.199999999999999
v 11.75 6.5 5.699999999999999
v 10.75 6.5 5.699999999999999
v 9.25 6.5 4.199999999999999
v 10.25 6.5 4.199999999999999
v 10.25 6.5 5.699999999999999
v 9.25 6.5 5.699999999999999
v 7.75 6.5 4.199999999999999
v 8.75 6.5 4.199999999999999
v 8.75 6.5 5.699999999999999
v 7.75 6.5 5.699999999999999
v 6.25 6.5 4.199999999999999
v 7.25 6.5 4.199999999999999
v 7.25 6.5 5.699999999999999
v 6.25 6.5 5.699999999999999
v 4.75 6.5 4.199999999999999
v 5.75 6.5 4.199999999999999
v 5.75 6.5 5.699999999999999
v 4.75 6.5 5.699999999999999
v 3.25 6.5 4.199999999999999
v 4.25 6.5 4.199999999999999
v 4.25 6.5 5.699999999999999
v 3.25 6.5 5.699999999999999
v 19.65 6.5 7.199999999999999
v 20.65 6.5 7.199999999999999
v 18.25 6.5 7.199999999999999
v 19.25 6.5 7.199999999999999
v 19.25 6.5 8.7
v 18.25 6.5 8.7
v 16.75 6.5 7.199999999999999
v 17.75 6.5 7.199999999999999
v 17.75 6.5 8.7
v 16.75 6.5 8.7
v 15.25 6.5 7.199999999999999
v 16.25 6.5 7.199999999999999
v 16.25 6.5 8.7
v 15.25 6.5 8.7
v 13.75 6.5 7.199999999999999
v 14.75 6.5 7.199999999999999
v 14.75 6.5 8.7
v 13.75 6.5 8.7
v 12.25 6.5 7.199999999999999
v 13.25 6.5 7.199999999999999
v 13.25 6.5 8.7
v 12.25 6.5 8.7
v 10.75 6.5 7.199999999999999
v 11.75 6.5 7.199999999999999
v 11.75 6.5 8.7
v 10.75 6.5 8.7
v 9.25 6.5 7.199999999999999
v 10.25 6.5 7.199999999999999
v 10.25 6.5 8.7
v 9.25 6.5 8.7
v 7.75 6.5 7.199999999999999
v 8.75 6.5 7.199999999999999
v 8.75 6.5 8.7
v 7.75 6.5 8.7
v 6.25 6.5 7.199999999999999
v 6.25 6.5 8.7
v 4.75 6.5 7.199999999999999
v 5.75 6.5 7.199999999999999
v 5.75 6.5 8.7
v 4.75 6.5 8.7
v 3.25 6.5 7.199999999999999
v 4.25 6.5 7.199999999999999
v 4.25 6.5 8.7
v 3.25 6.5 8.7
v 18.25 6.385 4.199999999999999
v 19.25 6.385 4.199999999999999
v 19.25 6.385 5.699999999999999
v 18.25 6.385 5.699999999999999
v 5.75 -5.385 4.199999999999999
v -19.65 -5.385 1.2000000000000002
v 6.25 6.385 7.199999999999999
v -3.0 -7.5 3.0
v -3.0 -7.5 0.2999999999999998
v -3.0 -9.0 0.2999999999999998
v -3.0 -9.0 0.0
v -3.0 -6.95 0.3999999999999999
v -3.0 -6.95 2.4000000000000004
v -3.0 -6.05 2.4000000000000004
v -3.0 -6.05 0.3999999999999999
v 1.25 -5.385 7.199999999999999
v 0.25 -5.385 7.199999999999999
v 0.25 -5.385 8.7
v 1.25 -5.385 8.7
v -10.25 6.385 -1.8000000000000003
v -10.25 6.5 -1.8000000000000003
v -7.75 -5.385 4.199999999999999
v -3.0 7.193 11.056000000000001
v -3.0 4.9559999999999995 11.663
v -3.0 2.6590000000000007 11.969000000000001
v -3.0 0.3410000000000002 11.969000000000001
v -3.0 -1.956 11.663
v -3.0 -4.193 11.056000000000001
v -3.0 -5.5 9.977
v -3.0 -2.613 11.011
v -3.0 -0.5449999999999999 11.32
v -3.0 7.5 9.079
v -3.0 6.5 9.556000000000001
v -3.0 8.5 -2.7
v 20.65 6.385 7.199999999999999
v -16.75 -5.385 8.7
v -16.75 -5.385 7.199999999999999
v -16.25 6.385 5.699999999999999
v -16.25 6.5 5.699999999999999
v 13.25 -5.385 1.2000000000000002
v 12.25 -5.385 1.2000000000000002
v 12.25 -5.385 2.6999999999999993
v 13.25 -5.385 2.6999999999999993
v -10.25 6.385 5.699999999999999
v -10.25 6.5 5.699999999999999
v -1.75 -5.385 4.199999999999999
v -2.75 -5.385 4.199999999999999
v -2.75 -5.385 5.699999999999999
v -1.75 -5.385 5.699999999999999
v -4.25 6.385 1.2000000000000002
v -3.25 6.385 1.2000000000000002
v -3.25 6.385 2.6999999999999993
v -4.25 6.385 2.6999999999999993
v -3.0 6.5 -2.7
v -4.25 6.5 5.699999999999999
v -3.25 6.5 5.699999999999999
v -3.25 6.5 4.199999999999999
v -4.25 6.5 4.199999999999999
v -5.75 6.5 5.699999999999999
v -4.75 6.5 5.699999999999999
v -4.75 6.5 4.199999999999999
v -5.75 6.5 4.199999999999999
v -7.25 6.5 5.699999999999999
v -6.25 6.5 5.699999999999999
v -6.25 6.5 4.199999999999999
v -7.25 6.5 4.199999999999999
v -8.75 6.5 5.699999999999999
v -7.75 6.5 5.699999999999999
v -7.75 6.5 4.199999999999999
v -8.75 6.5 4.199999999999999
v -9.25 6.5 5.699999999999999
v -11.75 6.5 5.699999999999999
v -10.75 6.5 5.699999999999999
v -10.75 6.5 4.199999999999999
v -11.75 6.5 4.199999999999999
v -13.25 6.5 5.699999999999999
v -12.25 6.5 5.699999999999999
v -12.25 6.5 4.199999999999999
v -13.25 6.5 4.199999999999999
v -14.75 6.5 5.699999999999999
v -13.75 6.5 5.699999999999999
v -13.75 6.5 4.199999999999999
v -14.75 6.5 4.199999999999999
v -15.25 6.5 5.699999999999999
v -17.75 6.5 5.699999999999999
v -16.75 6.5 5.699999999999999
v -16.75 6.5 4.199999999999999
v -17.75 6.5 4.199999999999999
v -19.25 6.5 5.699999999999999
v -18.25 6.5 5.699999999999999
v -18.25 6.5 4.199999999999999
v -19.25 6.5 4.199999999999999
v -20.65 6.5 5.699999999999999
v -19.65 6.5 5.699999999999999
v -19.65 6.5 4.199999999999999
v -20.65 6.5 4.199999999999999
v -4.25 6.5 8.7
v -3.25 6.5 8.7
v -3.25 6.5 7.199999999999999
v -4.25 6.5 7.199999999999999
v -5.75 6.5 8.7
v -4.75 6.5 8.7
v -4.75 6.5 7.199999999999999
v -5.75 6.5 7.199999999999999
v -7.25 6.5 8.7
v -6.25 6.5 8.7
v -6.25 6.5 7.199999999999999
v -7.25 6.5 7.199999999999999
v -8.75 6.5 8.7
v -7.75 6.5 8.7
v -7.75 6.5 7.199999999999999
v -8.75 6.5 7.199999999999999
v -10.25 6.5 8.7
v -9.25 6.5 8.7
v -9.25 6.5 7.199999999999999
v -10.25 6.5 7.199999999999999
v -11.75 6.5 8.7
v -10.75 6.5 8.7
v -10.75 6.5 7.199999999999999
v -11.75 6.5 7.199999999999999
v -13.25 6.5 8.7
v -12.25 6.5 8.7
v -12.25 6.5 7.199999999999999
v -13.25 6.5 7.199999999999999
v -14.75 6.5 8.7
v -13.75 6.5 8.7
v -13.75 6.5 7.199999999999999
v -14.75 6.5 7.199999999999999
v -16.25 6.5 8.7
v -15.25 6.5 8.7
v -15.25 6.5 7.199999999999999
v -16.25 6.5 7.199999999999999
v -17.75 6.5 8.7
v -16.75 6.5 8.7
v -16.75 6.5 7.199999999999999
v -17.75 6.5 7.199999999999999
v -19.25 6.5 8.7
v -18.25 6.5 8.7
v -18.25 6.5 7.199999999999999
v -19.25 6.5 7.199999999999999
v -20.65 6.5 8.7
v -19.65 6.5 8.7
v -19.65 6.5 7.199999999999999
v -20.65 6.5 7.199999999999999
v -4.25 6.5 2.6999999999999993
v -3.25 6.5 2.6999999999999993
v -3.25 6.5 1.2000000000000002
v -4.25 6.5 1.2000000000000002
v -5.75 6.5 2.6999999999999993
v -4.75 6.5 2.6999999999999993
v -4.75 6.5 1.2000000000000002
v -5.75 6.5 1.2000000000000002
v -7.25 6.5 2.6999999999999993
v -6.25 6.5 2.6999999999999993
v -6.25 6.5 1.2000000000000002
v -7.25 6.5 1.2000000000000002
v -8.75 6.5 2.6999999999999993
v -7.75 6.5 2.6999999999999993
v -7.75 6.5 1.2000000000000002
v -8.75 6.5 1.2000000000000002
v -10.25 6.5 2.6999999999999993
v -9.25 6.5 2.6999999999999993
v -9.25 6.5 1.2000000000000002
v -10.25 6.5 1.2000000000000002
v -11.75 6.5 2.6999999999999993
v -10.75 6.5 2.6999999999999993
v -10.75 6.5 1.2000000000000002
v -11.75 6.5 1.2000000000000002
v -13.25 6.5 2.6999999999999993
v -12.25 6.5 2.6999999999999993
v -12.25 6.5 1.2000000000000002
v -13.25 6.5 1.2000000000000002
v -14.75 6.5 2.6999999999999993
v -13.75 6.5 2.6999999999999993
v -13.75 6.5 1.2000000000000002
v -14.75 6.5 1.2000000000000002
v -16.25 6.5 2.6999999999999993
v -15.25 6.5 2.6999999999999993
v -15.25 6.5 1.2000000000000002
v -16.25 6.5 1.2000000000000002
v -17.75 6.5 2.6999999999999993
v -16.75 6.5 2.6999999999999993
v -16.75 6.5 1.2000000000000002
v -17.75 6.5 1.2000000000000002
v -19.25 6.5 2.6999999999999993
v -18.25 6.5 2.6999999999999993
v -18.25 6.5 1.2000000000000002
v -19.25 6.5 1.2000000000000002
v -20.65 6.5 2.6999999999999993
v -19.65 6.5 2.6999999999999993
v -19.65 6.5 1.2000000000000002
v -20.65 6.5 1.2000000000000002
v -3.25 6.5 -0.30000000000000027
v -3.25 6.5 -1.8000000000000003
v -5.75 6.5 -0.30000000000000027
v -4.75 6.5 -0.30000000000000027
v -4.75 6.5 -1.8000000000000003
v -5.75 6.5 -1.8000000000000003
v -7.25 6.5 -0.30000000000000027
v -6.25 6.5 -0.30000000000000027
v -6.25 6.5 -1.8000000000000003
v -7.25 6.5 -1.8000000000000003
v -8.75 6.5 -0.30000000000000027
v -7.75 6.5 -0.30000000000000027
v -7.75 6.5 -1.8000000000000003
v -8.75 6.5 -1.8000000000000003
v -14.75 6.5 -0.30000000000000027
v -13.75 6.5 -0.30000000000000027
v -13.75 6.5 -1.8000000000000003
v -14.75 6.5 -1.8000000000000003
v -16.25 6.5 -0.30000000000000027
v -15.25 6.5 -0.30000000000000027
v -15.25 6.5 -1.8000000000000003
v -16.25 6.5 -1.8000000000000003
v -17.75 6.5 -0.30000000000000027
v -16.75 6.5 -0.30000000000000027
v -16.75 6.5 -1.8000000000000003
v -17.75 6.5 -1.8000000000000003
v -19.25 6.5 -0.30000000000000027
v -18.25 6.5 -0.30000000000000027
v -18.25 6.5 -1.8000000000000003
v -19.25 6.5 -1.8000000000000003
v -20.65 6.5 -0.30000000000000027
v -19.65 6.5 -0.30000000000000027
v -19.65 6.5 -1.8000000000000003
v -20.65 6.5 -1.8000000000000003
v 4.75 6.385 -1.8000000000000003
v 6.25 -5.385 2.6999999999999993
v 7.25 -5.385 2.6999999999999993
v -17.75 6.385 7.199999999999999
v -16.75 6.385 7.199999999999999
v -16.75 6.385 8.7
v -17.75 6.385 8.7
v -7.25 6.385 7.199999999999999
v -6.25 6.385 7.199999999999999
v -6.25 6.385 8.7
v -7.25 6.385 8.7
v 6.25 6.385 8.7
v -9.25 -5.385 -1.8000000000000003
v -10.25 -5.385 -1.8000000000000003
v -10.25 -5.385 -0.30000000000000027
v -9.25 -5.385 -0.30000000000000027
v 19.65 6.385 7.199999999999999
v -3.5 -9.5 3.3
v -3.5 -9.5 3.0
v -11.75 6.385 1.2000000000000002
v -10.75 6.385 1.2000000000000002
v -10.75 6.385 2.6999999999999993
v -11.75 6.385 2.6999999999999993
v -19.25 6.385 1.2000000000000002
v -18.25 6.385 1.2000000000000002
v -18.25 6.385 2.6999999999999993
v -19.25 6.385 2.6999999999999993
v -7.75 6.385 5.699999999999999
v -8.75 6.385 5.699999999999999
v -19.25 -5.385 8.7
v -18.25 -5.385 8.7
v 6.25 -5.385 1.2000000000000002
v 19.65 6.385 4.199999999999999
v 20.65 6.385 4.199999999999999
v 20.65 6.385 5.699999999999999
v 19.65 6.385 5.699999999999999
v -7.75 6.385 8.7
v -8.75 6.385 8.7
v 13.25 -5.385 7.199999999999999
v 12.25 -5.385 7.199999999999999
v 12.25 -5.385 8.7
v 13.25 -5.385 8.7
v -12.25 -5.385 -1.8000000000000003
v -13.25 -5.385 -1.8000000000000003
v -13.25 -5.385 -0.30000000000000027
v -12.25 -5.385 -0.30000000000000027
v -1.25 -5.385 5.699999999999999
v -7.75 6.385 -0.30000000000000027
v -8.75 6.385 -0.30000000000000027
v 20.884999999999998 0.9500000000000002 1.2000000000000002
v 20.884999999999998 0.04999999999999982 1.2000000000000002
v 20.884999999999998 0.04999999999999982 2.6999999999999993
v 20.884999999999998 0.9500000000000002 2.6999999999999993
v 12.25 -5.385 -0.30000000000000027
v 13.25 -5.385 -0.30000000000000027
v -7.25 6.385 4.199999999999999
v -6.25 6.385 4.199999999999999
v -6.25 6.385 5.699999999999999
v -7.25 6.385 5.699999999999999
v -9.25 -5.385 7.199999999999999
v -10.25 -5.385 7.199999999999999
v -10.25 -5.385 8.7
v -9.25 -5.385 8.7
v 20.65 -5.385 4.199999999999999
v 19.65 -5.385 4.199999999999999
v 19.65 -5.385 5.699999999999999
v 20.65 -5.385 5.699999999999999
v 7.25 -5.385 4.199999999999999
v 6.25 -5.385 4.199999999999999
v 6.25 -5.385 5.699999999999999
v 7.25 -5.385 5.699999999999999
v 10.25 6.385 2.6999999999999993
v 9.25 6.385 2.6999999999999993
v -7.75 6.385 -1.8000000000000003
v 8.75 6.385 8.7
v 7.75 6.385 8.7
v -7.75 6.385 7.199999999999999
v 3.25 6.385 1.2000000000000002
v 4.25 6.385 1.2000000000000002
v 4.25 6.385 2.6999999999999993
v 3.25 6.385 2.6999999999999993
v 12.25 6.385 7.199999999999999
v 13.25 6.385 7.199999999999999
v 13.25 6.385 8.7
v 12.25 6.385 8.7
v 7.25 -5.385 1.2000000000000002
v -19.25 -5.385 7.199999999999999
v -20.885 0.04999999999999982 4.199999999999999
v -20.885 0.9500000000000002 4.199999999999999
v -20.885 0.9500000000000002 5.699999999999999
v -20.885 0.04999999999999982 5.699999999999999
v 5.75 -5.385 1.2000000000000002
v 4.75 -5.385 1.2000000000000002
v 4.75 -5.385 2.6999999999999993
v 5.75 -5.385 2.6999999999999993
v 6.25 6.385 4.199999999999999
v 7.25 6.385 4.199999999999999
v 7.25 6.385 5.699999999999999
v 6.25 6.385 5.699999999999999
v 12.25 -5.385 -1.8000000000000003
v 7.25 6.385 -0.30000000000000027
v 6.25 6.385 -0.30000000000000027
v 8.75 -5.385 4.199999999999999
v 7.75 -5.385 4.199999999999999
v 7.75 -5.385 5.699999999999999
v 8.75 -5.385 5.699999999999999
v -8.75 6.385 7.199999999999999
v 8.75 6.385 7.199999999999999
v -10.25 -5.385 5.699999999999999
v -9.25 -5.385 5.699999999999999
v 6.25 6.385 -1.8000000000000003
v 7.25 6.385 -1.8000000000000003
v 10.75 -5.385 5.699999999999999
v 11.75 -5.385 5.699999999999999
v 10.25 6.385 1.2000000000000002
v 13.75 6.385 -1.8000000000000003
v 14.75 6.385 -1.8000000000000003
v 14.75 6.385 -0.30000000000000027
v 13.75 6.385 -0.30000000000000027
v -11.75 6.385 4.199999999999999
v -10.75 6.385 4.199999999999999
v -10.75 6.385 5.699999999999999
v -11.75 6.385 5.699999999999999
v 13.75 6.385 7.199999999999999
v 14.75 6.385 7.199999999999999
v 14.75 6.385 8.7
v 13.75 6.385 8.7
v -8.75 -5.385 8.7
v -7.75 -5.385 8.7
v -15.25 -5.385 4.199999999999999
v -16.25 -5.385 4.199999999999999
v -16.25 -5.385 5.699999999999999
v -15.25 -5.385 5.699999999999999
v -8.75 6.385 -1.8000000000000003
v 13.25 -5.385 -1.8000000000000003
v -7.75 6.385 4.199999999999999
v -9.25 -5.385 4.199999999999999
v -10.25 -5.385 4.199999999999999
v 15.25 6.385 7.199999999999999
v 16.25 6.385 7.199999999999999
v 16.25 6.385 8.7
v 15.25 6.385 8.7
v 9.25 6.385 1.2000000000000002
v -18.25 -5.385 7.199999999999999
v 10.75 -5.385 4.199999999999999
v 7.75 6.385 7.199999999999999
v -5.75 6.385 4.199999999999999
v -4.75 6.385 4.199999999999999
v -4.75 6.385 5.699999999999999
v -5.75 6.385 5.699999999999999
v 16.75 6.385 7.199999999999999
v 17.75 6.385 7.199999999999999
v 17.75 6.385 8.7
v 16.75 6.385 8.7
v -2.5 -7.385 2.4000000000000004
v -1.5 -7.385 2.4000000000000004
v -1.5 -7.5 2.4000000000000004
v -2.5 -7.5 2.4000000000000004
v -8.75 -5.385 7.199999999999999
v -3.25 6.385 -1.8000000000000003
v -3.25 6.385 -0.30000000000000027
v -12.25 -5.385 7.199999999999999
v -13.25 -5.385 7.199999999999999
v -13.25 -5.385 8.7
v -12.25 -5.385 8.7
v -6.25 6.385 -0.30000000000000027
v -7.25 6.385 -0.30000000000000027
v -11.75 -5.385 2.6999999999999993
v -10.75 -5.385 2.6999999999999993
v 20.65 -5.385 -1.8000000000000003
v 19.65 -5.385 -1.8000000000000003
v 19.65 -5.385 -0.30000000000000027
v 20.65 -5.385 -0.30000000000000027
v -6.25 6.385 -1.8000000000000003
v -11.75 -5.385 1.2000000000000002
v 10.75 -5.385 -0.30000000000000027
v 11.75 -5.385 -0.30000000000000027
v -11.75 6.385 7.199999999999999
v -10.75 6.385 7.199999999999999
v -10.75 6.385 8.7
v -11.75 6.385 8.7
v -1.5 -7.385 0.3999999999999999
v -1.5 -7.5 0.3999999999999999
v 7.75 6.385 -1.8000000000000003
v 8.75 6.385 -1.8000000000000003
v 8.75 6.385 -0.30000000000000027
v 7.75 6.385 -0.30000000000000027
v 3.25 6.385 7.199999999999999
v 4.25 6.385 7.199999999999999
v 4.25 6.385 8.7
v 3.25 6.385 8.7
v -7.75 -5.385 7.199999999999999
v -7.25 6.385 -1.8000000000000003
v -19.25 6.385 4.199999999999999
v -18.25 6.385 4.199999999999999
v -18.25 6.385 5.699999999999999
v -19.25 6.385 5.699999999999999
v 11.75 6.385 2.6999999999999993
v 10.75 6.385 2.6999999999999993
v -10.75 -5.385 1.2000000000000002
v -4.25 6.385 4.199999999999999
v -3.25 6.385 4.199999999999999
v -3.25 6.385 5.699999999999999
v -4.25 6.385 5.699999999999999
v 16.25 6.385 5.699999999999999
v 15.25 6.385 5.699999999999999
v -20.65 -5.385 8.7
v -19.65 -5.385 8.7
v 10.25 6.385 8.7
v 9.25 6.385 8.7
v 3.25 6.385 4.199999999999999
v 4.25 6.385 4.199999999999999
v 4.25 6.385 5.699999999999999
v 3.25 6.385 5.699999999999999
v -2.5 -7.385 0.3999999999999999
v -2.5 -7.5 0.3999999999999999
v 15.25 6.385 4.199999999999999
v 16.25 6.385 4.199999999999999
v 16.25 -5.385 7.199999999999999
v 15.25 -5.385 7.199999999999999
v 15.25 -5.385 8.7
v 16.25 -5.385 8.7
v 19.25 -5.385 4.199999999999999
v 18.25 -5.385 4.199999999999999
v 18.25 -5.385 5.699999999999999
v 19.25 -5.385 5.699999999999999
v -19.25 -5.385 5.699999999999999
v 10.75 -5.385 -1.8000000000000003
v 4.75 6.385 7.199999999999999
v 5.75 6.385 7.199999999999999
v 5.75 6.385 8.7
v 4.75 6.385 8.7
v -7.75 -5.385 -1.8000000000000003
v -8.75 -5.385 -1.8000000000000003
v -8.75 -5.385 -0.30000000000000027
v -7.75 -5.385 -0.30000000000000027
v -16.25 -5.385 1.2000000000000002
v -16.25 -5.385 2.6999999999999993
v -20.65 6.385 -1.8000000000000003
v -19.65 6.385 -1.8000000000000003
v -19.65 6.385 -0.30000000000000027
v -20.65 6.385 -0.30000000000000027
v 11.75 -5.385 -1.8000000000000003
v -20.65 6.385 1.2000000000000002
v -19.65 6.385 1.2000000000000002
v -19.65 6.385 2.6999999999999993
v -20.65 6.385 2.6999999999999993
v 10.25 6.385 7.199999999999999
v -4.75 6.385 8.7
v -5.75 6.385 8.7
v 5.75 6.385 2.6999999999999993
v -5.75 6.385 -1.8000000000000003
v -4.75 6.385 -1.8000000000000003
v -4.75 6.385 -0.30000000000000027
v -5.75 6.385 -0.30000000000000027
v 13.75 6.385 1.2000000000000002
v 14.75 6.385 1.2000000000000002
v 14.75 6.385 2.6999999999999993
v 13.75 6.385 2.6999999999999993
v -8.75 6.385 4.199999999999999
v 11.75 6.385 1.2000000000000002
v -20.65 -5.385 7.199999999999999
v -10.25 6.385 7.199999999999999
v -9.25 6.385 7.199999999999999
v -9.25 6.385 8.7
v -10.25 6.385 8.7
v -13.25 -5.385 2.6999999999999993
v -12.25 -5.385 2.6999999999999993
v 9.25 6.385 7.199999999999999
v -4.75 6.385 7.199999999999999
v 10.25 -5.385 4.199999999999999
v 9.25 -5.385 4.199999999999999
v 9.25 -5.385 5.699999999999999
v 10.25 -5.385 5.699999999999999
v 17.75 -5.385 1.2000000000000002
v 16.75 -5.385 1.2000000000000002
v 16.75 -5.385 2.6999999999999993
v 17.75 -5.385 2.6999999999999993
v -17.75 6.385 4.199999999999999
v -16.75 6.385 4.199999999999999
v -16.75 6.385 5.699999999999999
v -17.75 6.385 5.699999999999999
v 1.5500000000000007 -7.385 2.4000000000000004
v 2.4499999999999993 -7.385 2.4000000000000004
v 2.4499999999999993 -7.5 2.4000000000000004
v 1.5500000000000007 -7.5 2.4000000000000004
v -19.25 6.385 -1.8000000000000003
v -18.25 6.385 -1.8000000000000003
v -18.25 6.385 -0.30000000000000027
v -19.25 6.385 -0.30000000000000027
v 10.75 6.385 1.2000000000000002
v 5.75 -5.385 7.199999999999999
v 4.75 -5.385 7.199999999999999
v 4.75 -5.385 8.7
v 5.75 -5.385 8.7
v -5.75 6.385 7.199999999999999
v 4.75 6.385 4.199999999999999
v 5.75 6.385 4.199999999999999
v 5.75 6.385 5.699999999999999
v 4.75 6.385 5.699999999999999
v 11.75 -5.385 4.199999999999999
v -13.75 -5.385 1.2000000000000002
v -14.75 -5.385 1.2000000000000002
v -14.75 -5.385 2.6999999999999993
v -13.75 -5.385 2.6999999999999993
v -13.25 -5.385 1.2000000000000002
v -19.65 -5.385 7.199999999999999
v 20.884999999999998 0.9500000000000002 4.199999999999999
v 20.884999999999998 0.04999999999999982 4.199999999999999
v 20.884999999999998 0.04999999999999982 5.699999999999999
v 20.884999999999998 0.9500000000000002 5.699999999999999
v 2.4499999999999993 -7.385 0.3999999999999999
v 2.4499999999999993 -7.5 0.3999999999999999
v -16.25 -5.385 -0.30000000000000027
v -15.25 -5.385 -0.30000000000000027
v 10.25 -5.385 -1.8000000000000003
v 9.25 -5.385 -1.8000000000000003
v 9.25 -5.385 -0.30000000000000027
v 10.25 -5.385 -0.30000000000000027
v 17.75 -5.385 7.199999999999999
v 16.75 -5.385 7.199999999999999
v 16.75 -5.385 8.7
v 17.75 -5.385 8.7
v -12.25 -5.385 1.2000000000000002
v -16.25 6.385 1.2000000000000002
v -15.25 6.385 1.2000000000000002
v -15.25 6.385 2.6999999999999993
v -16.25 6.385 2.6999999999999993
v 1.5500000000000007 -7.385 0.3999999999999999
v 1.5500000000000007 -7.5 0.3999999999999999
v 11.75 6.385 8.7
v 10.75 6.385 8.7
v 10.75 6.385 4.199999999999999
v 11.75 6.385 4.199999999999999
v 11.75 6.385 5.699999999999999
v 10.75 6.385 5.699999999999999
v -16.25 -5.385 -1.8000000000000003
v -3.25 6.385 8.7
v -4.25 6.385 8.7
v 13.25 6.385 2.6999999999999993
v 12.25 6.385 2.6999999999999993
v 15.25 6.385 1.2000000000000002
v 16.25 6.385 1.2000000000000002
v 16.25 6.385 2.6999999999999993
v 15.25 6.385 2.6999999999999993
v -14.75 6.385 7.199999999999999
v -13.75 6.385 7.199999999999999
v -13.75 6.385 8.7
v -14.75 6.385 8.7
v 19.25 -5.385 7.199999999999999
v 18.25 -5.385 7.199999999999999
v 18.25 -5.385 8.7
v 19.25 -5.385 8.7
v 13.25 6.385 1.2000000000000002
v -15.25 6.385 5.699999999999999
v 19.25 -5.385 -1.8000000000000003
v 18.25 -5.385 -1.8000000000000003
v 18.25 -5.385 -0.30000000000000027
v 19.25 -5.385 -0.30000000000000027
v 17.75 -5.385 4.199999999999999
v 16.75 -5.385 4.199999999999999
v 16.75 -5.385 5.699999999999999
v 17.75 -5.385 5.699999999999999
v 11.75 6.385 7.199999999999999
v -15.25 -5.385 -1.8000000000000003
v -19.65 -5.385 -1.8000000000000003
v -20.65 -5.385 -1.8000000000000003
v -20.65 -5.385 -0.30000000000000027
v -19.65 -5.385 -0.30000000000000027
v -3.25 6.385 7.199999999999999
v 12.25 6.385 1.2000000000000002
v -13.25 -5.385 5.699999999999999
v -12.25 -5.385 5.699999999999999
v 8.75 -5.385 -1.8000000000000003
v 7.75 -5.385 -1.8000000000000003
v 7.75 -5.385 -0.30000000000000027
v 8.75 -5.385 -0.30000000000000027
v 10.75 6.385 7.199999999999999
v -4.25 6.385 7.199999999999999
v -10.25 6.385 1.2000000000000002
v -9.25 6.385 1.2000000000000002
v -9.25 6.385 2.6999999999999993
v -10.25 6.385 2.6999999999999993
v 15.25 6.385 -1.8000000000000003
v 16.25 6.385 -1.8000000000000003
v 16.25 6.385 -0.30000000000000027
v 15.25 6.385 -0.30000000000000027
v 20.65 -5.385 7.199999999999999
v 19.65 -5.385 7.199999999999999
v 19.65 -5.385 8.7
v 20.65 -5.385 8.7
v 11.75 -5.385 7.199999999999999
v 10.75 -5.385 7.199999999999999
v 10.75 -5.385 8.7
v 11.75 -5.385 8.7
v -3.25 -5.385 7.199999999999999
v -4.25 -5.385 7.199999999999999
v -4.25 -5.385 8.7
v -3.25 -5.385 8.7
v -13.25 -5.385 4.199999999999999
v -11.75 -5.385 8.7
v -10.75 -5.385 8.7
v -20.65 6.385 4.199999999999999
v -19.65 6.385 4.199999999999999
v -19.65 6.385 5.699999999999999
v -20.65 6.385 5.699999999999999
v 18.25 6.385 7.199999999999999
v 19.25 6.385 7.199999999999999
v 19.25 6.385 8.7
v 18.25 6.385 8.7
v -17.75 6.385 -1.8000000000000003
v -16.75 6.385 -1.8000000000000003
v -16.75 6.385 -0.30000000000000027
v -17.75 6.385 -0.30000000000000027
v -12.25 -5.385 4.199999999999999
v -11.75 -5.385 7.199999999999999
v 11.75 6.385 -0.30000000000000027
v 10.75 6.385 -0.30000000000000027
v 19.65 -5.385 2.6999999999999993
v 20.65 -5.385 2.6999999999999993
v 19.25 -5.385 1.2000000000000002
v 18.25 -5.385 1.2000000000000002
v 18.25 -5.385 2.6999999999999993
v 19.25 -5.385 2.6999999999999993
v 14.75 -5.385 1.2000000000000002
v 13.75 -5.385 1.2000000000000002
v 13.75 -5.385 2.6999999999999993
v 14.75 -5.385 2.6999999999999993
v 16.25 -5.385 4.199999999999999
v 15.25 -5.385 4.199999999999999
v 15.25 -5.385 5.699999999999999
v 16.25 -5.385 5.699999999999999
v 3.0 -9.0 0.2999999999999998
v 3.0 -7.5 0.2999999999999998
v 3.0 -7.5 3.0
v 3.0 -9.0 0.0
v 3.0 -6.05 0.3999999999999999
v 3.0 -6.05 2.4000000000000004
v 3.0 -6.95 2.4000000000000004
v 3.0 -6.95 0.3999999999999999
v -18.25 -5.385 -1.8000000000000003
v -19.25 -5.385 -1.8000000000000003
v -19.25 -5.385 -0.30000000000000027
v -18.25 -5.385 -0.30000000000000027
v -10.75 -5.385 7.199999999999999
v 19.65 -5.385 1.2000000000000002
v 11.75 6.385 -1.8000000000000003
v -13.75 -5.385 4.199999999999999
v -14.75 -5.385 4.199999999999999
v -14.75 -5.385 5.699999999999999
v -13.75 -5.385 5.699999999999999
v 17.75 -5.385 -1.8000000000000003
v 16.75 -5.385 -1.8000000000000003
v 16.75 -5.385 -0.30000000000000027
v 17.75 -5.385 -0.30000000000000027
v 20.65 -5.385 1.2000000000000002
v 3.5 -9.5 3.3
v 3.5 -9.5 3.0
v 10.75 6.385 -1.8000000000000003
v -7.25 -5.385 4.199999999999999
v -7.25 -5.385 5.699999999999999
v -16.25 6.385 -1.8000000000000003
v -15.25 6.385 -1.8000000000000003
v -15.25 6.385 -0.30000000000000027
v -16.25 6.385 -0.30000000000000027
v 13.25 6.385 -0.30000000000000027
v 12.25 6.385 -0.30000000000000027
v 16.25 -5.385 1.2000000000000002
v 15.25 -5.385 1.2000000000000002
v 15.25 -5.385 2.6999999999999993
v 16.25 -5.385 2.6999999999999993
v -13.25 6.385 7.199999999999999
v -12.25 6.385 7.199999999999999
v -12.25 6.385 8.7
v -13.25 6.385 8.7
v -14.75 6.385 -1.8000000000000003
v -13.75 6.385 -1.8000000000000003
v -13.75 6.385 -0.30000000000000027
v -14.75 6.385 -0.30000000000000027
v 17.75 6.385 -0.30000000000000027
v 9.25 6.385 4.199999999999999
v 10.25 6.385 4.199999999999999
v 10.25 6.385 5.699999999999999
v 9.25 6.385 5.699999999999999
v 13.25 6.385 -1.8000000000000003
v 12.25 6.385 -1.8000000000000003
v 9.25 -5.385 8.7
v 10.25 -5.385 8.7
v -17.75 6.385 1.2000000000000002
v -16.75 6.385 1.2000000000000002
v -16.75 6.385 2.6999999999999993
v -17.75 6.385 2.6999999999999993
v -14.75 -5.385 8.7
v -13.75 -5.385 8.7
v -14.75 -5.385 7.199999999999999
v 9.25 -5.385 7.199999999999999
v 4.25 6.385 -1.8000000000000003
v 4.25 6.385 -0.30000000000000027
v -13.75 -5.385 7.199999999999999
v -15.25 6.385 8.7
v -16.25 6.385 8.7
v 10.25 -5.385 7.199999999999999
v -15.25 6.385 7.199999999999999
v -16.25 6.385 7.199999999999999
v -16.25 -5.385 8.7
v -15.25 -5.385 8.7
v 0.25 -5.385 5.699999999999999
v 1.25 -5.385 5.699999999999999
v -16.25 -5.385 7.199999999999999
v -15.25 -5.385 7.199999999999999
v 0.25 -5.385 4.199999999999999
v -4.25 -5.385 2.6999999999999993
v -3.25 -5.385 2.6999999999999993
v -17.75 -5.385 8.7
v 1.25 -5.385 4.199999999999999
v -4.25 -5.385 1.2000000000000002
v -17.75 -5.385 7.199999999999999
v -3.25 -5.385 1.2000000000000002
v -9.25 6.385 5.699999999999999
v -1.2940000000000005 -7.5 2.4000000000000004
v 0.0 -8.794 2.4000000000000004
v 1.2940000000000005 -7.5 2.4000000000000004
v 1.0 -7.5 2.4000000000000004
v -1.0 -7.5 2.4000000000000004
v 0.0 -8.794 0.2999999999999998
v -1.2940000000000005 -7.5 0.2999999999999998
v 1.2940000000000005 -7.5 0.2999999999999998
v -3.0 6.199999999999999 11.326
v -3.0 6.5 11.244
v 3.0 6.5 11.244
v 3.0 6.199999999999999 11.326
v 3.0 -5.2 10.634
v -3.0 -5.2 10.634
v -3.0 7.037000000000001 9.3
v 3.0 7.037000000000001 9.3
o Outer Shell
f 2 1 4
f 4 3 2
f 6 5 7
f 8 7 5
f 10 9 12
f 12 11 10
f 14 13 16
f 16 15 14
f 20 19 21
f 21 18 17
f 18 21 19
f 23 22 25
f 25 24 23
f 29 26 27
f 27 28 29
f 31 30 32
f 33 32 30
f 397 398 34
f 402 397 34
f 397 402 403
f 406 401 34
f 405 406 34
f 407 401 406
f 402 34 401
f 394 34 393
f 34 394 389
f 392 389 394
f 400 403 84
f 399 393 398
f 399 75 396
f 399 396 393
f 80 399 400
f 397 403 400
f 398 393 34
f 88 404 407
f 407 404 401
f 407 408 87
f 87 92 90
f 92 87 408
f 91 92 408
f 90 92 93
f 91 408 43
f 88 407 87
f 85 79 84
f 79 400 84
f 83 84 404
f 86 89 177
f 89 86 88
f 89 182 177
f 88 86 83
f 83 404 88
f 84 403 404
f 408 405 43
f 79 80 400
f 385 34 390
f 386 34 385
f 385 390 391
f 391 392 72
f 72 392 71
f 394 395 392
f 388 385 391
f 382 34 381
f 381 34 386
f 380 377 382
f 67 387 388
f 387 381 386
f 67 391 72
f 387 63 384
f 67 388 391
f 387 384 381
f 392 395 76
f 377 34 382
f 396 76 395
f 396 75 76
f 81 75 80
f 178 82 85
f 177 85 86
f 79 85 82
f 177 178 85
f 76 77 71
f 169 77 78
f 82 173 81
f 173 82 178
f 173 174 81
f 178 179 173
f 81 174 78
f 75 81 78
f 71 77 74
f 76 71 392
f 399 80 75
f 78 174 169
f 89 90 181
f 389 390 34
f 96 43 95
f 43 96 91
f 95 43 44
f 98 44 45
f 44 98 95
f 193 194 46
f 97 98 45
f 185 93 94
f 97 94 96
f 94 97 190
f 46 194 189
f 50 100 49
f 189 190 46
f 189 194 192
f 46 190 97
f 97 45 46
f 185 94 190
f 197 198 46
f 94 91 96
f 100 50 99
f 50 43 405
f 104 99 50
f 50 410 411
f 409 410 35
f 202 197 47
f 193 46 198
f 193 198 199
f 203 200 202
f 305 196 199
f 196 193 199
f 305 199 310
f 197 202 200
f 47 197 46
f 405 410 50
f 182 89 181
f 186 181 93
f 181 186 187
f 188 185 191
f 293 187 298
f 186 93 185
f 184 181 187
f 182 183 180
f 180 183 294
f 179 180 289
f 293 294 183
f 293 184 187
f 294 292 289
f 289 180 294
f 183 184 293
f 176 173 179
f 187 188 298
f 180 177 182
f 301 191 192
f 191 185 190
f 306 192 195
f 307 304 301
f 306 301 192
f 305 306 195
f 306 307 301
f 195 196 305
f 191 301 302
f 298 188 297
f 297 188 302
f 300 297 302
f 40 299 300
f 40 296 299
f 300 303 40
f 303 300 302
f 293 298 296
f 188 191 302
f 194 195 192
f 298 299 296
f 309 199 200
f 181 90 93
f 410 405 35
f 179 289 290
f 374 34 373
f 34 374 369
f 375 369 374
f 55 379 60
f 373 378 376
f 373 34 378
f 378 379 376
f 34 370 371
f 34 369 370
f 34 371 52
f 375 376 55
f 372 369 375
f 371 372 51
f 375 56 372
f 376 379 55
f 375 55 56
f 379 380 60
f 378 34 377
f 384 63 383
f 387 68 63
f 66 63 68
f 64 383 63
f 67 72 70
f 162 66 69
f 382 383 380
f 69 66 68
f 59 60 380
f 380 64 59
f 59 64 62
f 65 66 158
f 65 62 64
f 153 61 62
f 62 65 153
f 55 60 58
f 66 157 158
f 380 383 64
f 67 68 387
f 61 58 60
f 51 52 371
f 56 51 372
f 51 56 57
f 150 54 57
f 57 54 51
f 149 57 58
f 53 145 146
f 53 54 145
f 42 53 146
f 148 150 151
f 145 54 150
f 147 148 257
f 148 145 150
f 57 149 150
f 53 42 34
f 61 149 58
f 147 42 146
f 149 61 154
f 152 149 154
f 154 155 152
f 261 155 266
f 151 152 261
f 61 153 154
f 261 152 155
f 258 147 257
f 257 151 262
f 260 42 259
f 257 262 263
f 260 41 42
f 259 42 258
f 151 261 262
f 258 42 147
f 158 159 153
f 257 148 151
f 158 153 65
f 53 34 52
f 162 69 70
f 73 74 165
f 70 72 73
f 74 77 165
f 73 165 166
f 165 77 170
f 169 174 172
f 165 170 168
f 77 169 170
f 161 162 70
f 70 166 161
f 161 166 167
f 277 168 282
f 164 161 167
f 277 167 168
f 282 168 171
f 170 171 168
f 278 167 277
f 171 172 282
f 162 157 66
f 285 175 176
f 172 174 175
f 176 179 290
f 290 285 176
f 294 295 292
f 292 295 40
f 292 40 291
f 281 282 172
f 172 286 281
f 281 286 287
f 290 288 285
f 288 290 291
f 287 40 284
f 40 287 288
f 286 175 285
f 277 282 283
f 40 288 291
f 172 175 286
f 287 284 281
f 159 156 153
f 270 156 159
f 162 160 157
f 162 163 160
f 274 160 163
f 159 160 270
f 160 269 270
f 257 263 260
f 266 264 261
f 263 264 41
f 265 266 156
f 267 41 264
f 264 266 267
f 271 265 270
f 156 270 265
f 41 260 263
f 273 163 164
f 266 155 156
f 273 274 163
f 273 164 167
f 278 276 273
f 280 283 40
f 280 277 283
f 41 280 40
f 167 278 273
f 271 268 265
f 271 272 41
f 41 276 279
f 276 41 275
f 275 272 269
f 41 279 280
f 275 269 274
f 278 279 276
f 41 268 271
f 284 40 283
f 274 269 160
f 268 41 267
f 272 275 41
f 73 166 70
f 40 295 296
f 303 304 40
f 34 35 405
f 425 430 431
f 430 425 35
f 429 430 35
f 432 434 435
f 433 434 35
f 438 433 35
f 429 35 434
f 429 434 432
f 421 422 35
f 426 421 35
f 427 421 426
f 431 432 126
f 428 425 431
f 126 428 431
f 126 432 125
f 121 428 126
f 439 433 438
f 425 426 35
f 437 442 443
f 442 437 35
f 441 442 35
f 437 443 440
f 447 441 446
f 134 440 133
f 441 35 446
f 125 435 130
f 129 435 436
f 435 125 432
f 439 134 129
f 134 439 440
f 130 435 129
f 129 436 439
f 433 439 436
f 125 130 131
f 129 134 135
f 438 35 437
f 419 413 418
f 418 413 35
f 417 418 35
f 115 423 120
f 423 417 422
f 119 423 424
f 421 427 424
f 423 420 417
f 111 415 416
f 414 415 412
f 419 420 115
f 416 413 419
f 115 116 419
f 420 423 115
f 419 116 416
f 116 111 416
f 424 427 122
f 413 414 35
f 123 119 122
f 122 119 424
f 121 122 427
f 233 127 238
f 127 121 126
f 237 127 128
f 427 428 121
f 127 124 121
f 229 29 28
f 120 29 115
f 123 124 233
f 28 119 123
f 233 234 123
f 124 127 233
f 123 234 28
f 118 115 29
f 128 131 242
f 119 120 423
f 131 128 125
f 28 234 229
f 138 440 443
f 422 417 35
f 445 35 448
f 441 447 444
f 138 443 444
f 447 448 142
f 142 448 141
f 447 142 444
f 35 141 448
f 444 142 137
f 129 135 132
f 133 440 138
f 139 133 138
f 139 136 133
f 135 136 245
f 139 250 136
f 138 444 137
f 246 132 135
f 137 142 143
f 242 131 132
f 143 140 137
f 140 143 254
f 250 139 140
f 144 253 254
f 253 144 36
f 144 254 143
f 35 144 141
f 140 254 249
f 251 245 250
f 245 136 250
f 249 250 140
f 255 256 365
f 255 249 254
f 255 366 252
f 365 256 36
f 255 252 249
f 246 135 245
f 36 256 253
f 35 36 144
f 255 365 366
f 241 242 132
f 246 241 132
f 241 246 247
f 244 247 353
f 247 244 241
f 353 247 358
f 238 127 237
f 238 239 233
f 240 243 354
f 243 240 237
f 353 354 243
f 237 242 243
f 239 240 349
f 244 353 243
f 354 349 240
f 247 248 357
f 237 128 242
f 251 361 362
f 251 252 361
f 251 362 357
f 36 368 365
f 366 367 361
f 252 366 361
f 367 368 36
f 358 247 357
f 353 358 356
f 364 367 36
f 362 363 360
f 363 36 360
f 357 362 360
f 364 36 363
f 361 367 364
f 360 36 359
f 36 356 359
f 357 248 251
f 245 251 248
f 236 233 239
f 35 445 446
f 414 409 35
f 356 358 359
f 103 104 411
f 104 50 411
f 107 411 412
f 108 103 411
f 107 108 411
f 109 103 108
f 412 112 107
f 101 48 49
f 48 101 102
f 202 47 201
f 47 102 209
f 105 102 104
f 205 206 47
f 209 210 47
f 105 209 102
f 102 47 48
f 205 47 210
f 49 100 101
f 112 412 415
f 109 106 103
f 110 113 217
f 113 110 112
f 217 113 222
f 111 117 114
f 109 110 217
f 214 209 105
f 214 106 213
f 212 209 214
f 214 105 106
f 216 218 219
f 218 106 109
f 216 213 218
f 218 213 106
f 109 217 218
f 113 114 221
f 107 112 110
f 415 111 112
f 201 207 204
f 203 204 314
f 206 207 201
f 204 313 314
f 314 315 309
f 206 201 47
f 203 314 309
f 307 308 40
f 307 40 304
f 305 310 308
f 311 308 310
f 308 39 40
f 39 308 311
f 39 311 312
f 199 309 310
f 318 204 207
f 200 203 309
f 208 211 322
f 211 208 205
f 211 205 210
f 211 212 321
f 321 322 211
f 326 321 215
f 320 317 322
f 321 212 215
f 208 322 317
f 309 315 312
f 313 204 318
f 316 313 318
f 319 316 318
f 38 315 316
f 38 312 315
f 318 208 317
f 312 38 39
f 318 207 208
f 214 215 212
f 38 316 319
f 215 216 325
f 99 104 102
f 117 118 225
f 117 111 116
f 225 118 230
f 117 225 226
f 230 118 29
f 229 234 235
f 225 230 231
f 229 230 29
f 235 232 229
f 222 113 221
f 226 221 117
f 221 226 227
f 231 232 341
f 228 225 231
f 337 227 228
f 231 342 228
f 224 221 227
f 235 346 232
f 217 222 220
f 236 350 345
f 236 239 350
f 351 345 350
f 236 345 346
f 354 355 349
f 350 239 349
f 352 355 36
f 355 352 349
f 342 231 341
f 341 232 346
f 341 346 347
f 351 36 348
f 348 345 351
f 348 36 347
f 351 352 36
f 344 341 347
f 356 36 355
f 235 236 346
f 337 228 342
f 325 219 330
f 330 219 220
f 325 326 215
f 334 220 223
f 331 325 330
f 220 329 330
f 220 222 223
f 322 323 320
f 327 321 326
f 320 323 37
f 37 327 328
f 324 321 327
f 38 319 37
f 324 327 37
f 331 37 328
f 324 37 323
f 37 319 320
f 224 333 223
f 219 325 216
f 333 334 223
f 338 333 224
f 336 333 338
f 343 340 342
f 343 344 37
f 340 337 342
f 37 344 36
f 224 227 338
f 331 328 325
f 37 332 335
f 339 340 37
f 336 339 37
f 335 332 329
f 37 335 336
f 335 329 334
f 338 339 336
f 332 37 331
f 343 37 340
f 334 329 220
f 227 337 338
f 344 347 36
f 114 117 221
f 409 414 412
f 450 449 452
f 452 451 450
f 454 453 456
f 456 455 454
f 461 460 462
f 462 459 463
f 459 462 460
f 463 458 464
f 458 463 459
f 464 457 465
f 457 464 458
f 465 472 471
f 472 465 457
f 466 471 470
f 471 466 465
f 467 470 469
f 470 467 466
f 469 468 467
f 476 473 475
f 474 475 473
f 478 479 480
f 480 477 478
f 482 481 484
f 484 483 482
f 485 478 477
f 477 486 485
f 490 487 488
f 488 489 490
f 492 491 494
f 494 493 492
f 496 495 498
f 498 497 496
f 500 63 499
f 66 499 63
f 120 501 26
f 26 29 120
f 503 502 505
f 505 504 503
f 507 506 509
f 509 508 507
f 511 510 490
f 487 490 510
f 473 476 513
f 513 512 473
f 515 514 517
f 517 516 515
f 93 518 519
f 519 94 93
f 521 522 523
f 523 520 521
f 501 120 119
f 119 524 501
f 526 525 527
f 528 527 525
f 530 529 532
f 532 531 530
f 534 533 536
f 536 535 534
f 61 537 538
f 538 62 61
f 539 542 540
f 541 540 542
f 510 511 544
f 544 543 510
f 546 545 548
f 548 547 546
f 550 549 551
f 552 551 549
f 524 119 27
f 28 27 119
f 554 553 520
f 520 523 554
f 556 557 555
f 558 555 557
f 351 559 560
f 560 352 351
f 562 563 564
f 564 561 562
f 566 565 568
f 568 567 566
f 586 585 20
f 570 586 20
f 580 575 581
f 580 576 575
f 38 578 577
f 577 576 579
f 579 576 580
f 577 579 38
f 571 17 584
f 17 571 570
f 584 572 571
f 570 20 17
f 582 581 574
f 574 581 575
f 582 574 573
f 573 583 582
f 583 573 572
f 583 572 584
f 569 586 570
f 60 587 537
f 537 61 60
f 596 35 607
f 607 35 608
f 608 595 605
f 595 608 35
f 604 605 594
f 596 606 36
f 606 596 607
f 36 606 603
f 602 36 603
f 604 603 606
f 36 599 588
f 606 605 604
f 605 595 594
f 602 601 600
f 600 601 594
f 602 600 599
f 600 593 592
f 593 600 594
f 601 604 594
f 600 592 597
f 599 598 589
f 589 598 590
f 589 588 599
f 597 591 590
f 591 597 592
f 597 590 598
f 599 36 602
f 610 609 612
f 612 611 610
f 614 613 616
f 616 615 614
f 298 617 618
f 618 299 298
f 620 621 622
f 622 619 620
f 322 623 624
f 624 323 322
f 215 625 626
f 626 216 215
f 628 627 630
f 630 629 628
f 632 631 554
f 553 554 631
f 634 633 635
f 636 635 633
f 117 637 638
f 638 118 117
f 640 639 642
f 642 641 640
f 643 646 645
f 645 644 643
f 92 647 518
f 518 93 92
f 649 648 555
f 555 558 649
f 587 60 650
f 59 650 60
f 651 654 652
f 653 652 654
f 664 669 668
f 669 664 663
f 663 670 669
f 670 663 655
f 667 666 665
f 665 668 667
f 668 665 664
f 660 657 661
f 657 660 658
f 659 658 660
f 662 655 663
f 655 662 656
f 661 656 662
f 656 661 657
f 672 671 673
f 674 673 671
f 676 675 678
f 678 677 676
f 680 679 682
f 682 681 680
f 697 41 692
f 41 697 34
f 41 693 692
f 689 700 41
f 692 695 697
f 697 695 698
f 34 696 699
f 34 697 696
f 34 699 690
f 699 691 690
f 691 699 698
f 683 691 698
f 698 695 683
f 700 688 701
f 700 693 41
f 701 688 687
f 702 687 686
f 687 702 701
f 702 686 685
f 693 703 694
f 703 693 700
f 694 703 683
f 684 683 703
f 684 703 685
f 703 702 685
f 694 683 695
f 700 689 688
f 705 181 184
f 184 704 705
f 116 706 637
f 637 117 116
f 647 92 91
f 91 707 647
f 709 708 711
f 711 710 709
f 34 690 712
f 712 19 585
f 34 712 585
f 20 585 19
f 595 35 585
f 585 35 34
f 714 713 716
f 716 715 714
f 650 59 538
f 62 538 59
f 718 150 717
f 149 717 150
f 720 719 648
f 648 649 720
f 722 721 724
f 724 723 722
f 631 632 522
f 522 521 631
f 725 728 727
f 727 726 725
f 730 729 732
f 732 731 730
f 734 733 619
f 619 622 734
f 553 631 521
f 521 520 553
f 736 198 735
f 197 735 198
f 738 737 739
f 740 739 737
f 707 91 519
f 94 519 91
f 57 32 33
f 33 58 57
f 706 116 115
f 115 741 706
f 214 742 215
f 625 215 742
f 617 298 297
f 297 743 617
f 700 529 530
f 530 703 700
f 623 322 744
f 321 744 322
f 746 697 698
f 698 745 746
f 748 759 747
f 759 748 749
f 749 758 759
f 758 749 757
f 644 645 747
f 747 760 644
f 760 747 759
f 752 755 756
f 755 752 754
f 753 754 752
f 750 757 749
f 757 750 756
f 751 756 750
f 756 751 752
f 762 761 734
f 733 734 761
f 764 765 766
f 766 763 764
f 699 767 698
f 745 698 767
f 771 768 769
f 769 770 771
f 773 772 775
f 775 774 773
f 741 115 638
f 118 638 115
f 56 31 32
f 32 57 56
f 719 720 557
f 557 556 719
f 696 776 767
f 767 699 696
f 89 777 778
f 778 90 89
f 780 781 779
f 782 779 781
f 786 783 785
f 784 785 783
f 179 787 788
f 788 180 179
f 472 457 670
f 670 655 472
f 571 572 755
f 755 754 571
f 790 789 791
f 792 791 789
f 794 793 560
f 560 559 794
f 796 795 798
f 798 797 796
f 776 696 697
f 697 746 776
f 802 799 800
f 800 801 802
f 31 56 30
f 55 30 56
f 113 803 804
f 804 114 113
f 743 297 805
f 300 805 297
f 807 806 778
f 778 777 807
f 761 762 621
f 621 620 761
f 744 321 808
f 324 808 321
f 395 809 810
f 810 396 395
f 572 573 756
f 756 755 572
f 616 811 615
f 812 615 811
f 814 813 816
f 816 815 814
f 818 817 779
f 779 782 818
f 717 149 152
f 152 819 717
f 654 725 653
f 726 653 725
f 469 470 658
f 657 658 470
f 821 820 810
f 810 809 821
f 112 822 803
f 803 113 112
f 88 807 777
f 777 89 88
f 824 823 826
f 826 825 824
f 30 55 33
f 58 33 55
f 829 542 830
f 830 539 828
f 539 830 542
f 831 828 832
f 828 831 830
f 832 827 728
f 827 832 828
f 833 728 725
f 728 833 832
f 834 725 835
f 725 834 833
f 835 654 651
f 654 835 725
f 651 836 835
f 768 771 838
f 838 837 768
f 394 821 809
f 809 395 394
f 840 841 839
f 842 839 841
f 844 845 846
f 846 843 844
f 848 847 850
f 850 849 848
f 178 851 179
f 787 179 851
f 853 852 855
f 855 854 853
f 822 112 111
f 111 856 822
f 807 88 87
f 87 806 807
f 529 700 701
f 701 532 529
f 350 794 559
f 559 351 350
f 53 857 858
f 858 54 53
f 860 859 862
f 862 861 860
f 295 24 25
f 25 296 295
f 866 863 865
f 864 865 863
f 868 869 867
f 870 867 869
f 872 871 874
f 874 873 872
f 319 483 484
f 484 320 319
f 876 875 878
f 878 877 876
f 880 879 817
f 817 818 880
f 806 87 778
f 90 778 87
f 735 197 200
f 200 881 735
f 542 829 882
f 882 541 542
f 716 883 884
f 884 715 716
f 856 111 804
f 114 804 111
f 628 430 429
f 429 627 628
f 886 885 888
f 888 887 886
f 52 889 857
f 857 53 52
f 891 890 843
f 843 846 891
f 892 614 615
f 615 812 892
f 894 893 839
f 839 842 894
f 896 895 898
f 898 897 896
f 900 899 902
f 902 901 900
f 969 1014 968
f 569 1017 1014
f 513 968 1015
f 967 968 513
f 476 967 513
f 966 967 941
f 968 1014 1015
f 969 966 585
f 1016 1017 1058
f 1013 1016 1059
f 1016 1013 1010
f 1010 1011 513
f 1010 1015 1016
f 1010 513 1015
f 557 1011 1006
f 569 1014 969
f 965 513 1011
f 766 966 941
f 845 941 476
f 941 845 940
f 585 765 940
f 765 585 766
f 585 940 939
f 940 845 939
f 766 585 966
f 941 967 476
f 557 965 1011
f 720 965 557
f 965 720 475
f 845 475 846
f 558 557 1006
f 476 475 845
f 475 720 938
f 585 569 969
f 1061 569 1060
f 569 1061 1058
f 1060 569 1057
f 1054 1013 1059
f 1057 1054 1059
f 1054 1012 1013
f 1059 1060 1057
f 569 1058 1017
f 1056 1057 569
f 1053 1056 569
f 1055 1056 1053
f 1055 1052 1009
f 1052 1055 1053
f 1052 866 1008
f 866 1051 1048
f 569 865 1053
f 1054 1055 1012
f 1006 1012 1009
f 1006 1011 1012
f 1012 1055 1009
f 811 1007 1002
f 811 558 1007
f 1008 1002 1007
f 811 1002 1003
f 1007 558 1006
f 1008 1048 1005
f 1008 1009 1052
f 1005 1048 1004
f 811 1003 812
f 998 1003 1004
f 1004 1001 998
f 1049 1001 1004
f 1005 1002 1008
f 1048 1008 866
f 811 964 558
f 1016 1058 1059
f 998 963 1003
f 846 475 938
f 935 846 938
f 846 935 891
f 891 935 585
f 938 649 937
f 939 891 585
f 558 964 649
f 649 964 934
f 933 934 892
f 892 934 964
f 960 892 812
f 930 892 960
f 929 960 961
f 649 934 937
f 720 649 938
f 931 937 934
f 937 931 936
f 936 931 585
f 932 927 585
f 927 932 933
f 927 928 585
f 927 933 930
f 931 932 585
f 929 923 928
f 929 930 960
f 961 926 929
f 929 926 923
f 923 924 585
f 925 919 924
f 585 924 595
f 933 892 930
f 928 923 585
f 963 960 812
f 935 936 585
f 962 963 999
f 961 962 956
f 925 956 957
f 925 926 956
f 925 957 952
f 956 962 959
f 956 926 961
f 959 999 994
f 999 959 962
f 1000 994 999
f 959 994 958
f 952 958 955
f 952 957 958
f 995 955 958
f 812 1003 963
f 925 952 922
f 921 922 953
f 918 921 953
f 921 918 915
f 595 919 920
f 915 920 921
f 595 920 915
f 948 917 918
f 954 948 953
f 914 917 949
f 917 911 916
f 595 916 911
f 912 913 771
f 911 917 914
f 595 911 912
f 949 917 948
f 918 953 948
f 922 952 953
f 595 915 916
f 995 958 994
f 922 919 925
f 998 999 963
f 595 924 919
f 1049 1004 1048
f 595 912 771
f 1050 1051 569
f 1050 569 1047
f 1044 1000 1001
f 1044 1049 1050
f 1045 1000 1044
f 1001 1049 1044
f 1044 1050 1047
f 997 994 1000
f 1046 569 1043
f 1045 1046 1040
f 1000 1040 997
f 1039 1036 1041
f 996 1040 1041
f 1043 1040 1046
f 1045 1040 1000
f 865 569 1051
f 993 1041 1036
f 996 997 1040
f 995 996 990
f 951 954 991
f 954 955 990
f 990 991 954
f 990 996 993
f 990 955 995
f 992 993 1036
f 1037 989 992
f 992 989 986
f 991 986 951
f 986 991 992
f 986 987 951
f 996 1041 993
f 950 951 987
f 992 1036 1037
f 954 951 948
f 1042 1039 1041
f 1043 569 1042
f 1038 1039 594
f 1032 988 989
f 1035 1032 1037
f 1032 1033 988
f 989 1037 1032
f 1035 594 1034
f 594 1031 1034
f 1038 1035 1037
f 1030 594 1027
f 1031 594 1030
f 1033 1031 1028
f 594 1035 1038
f 1034 1031 1033
f 1039 1042 594
f 1024 1030 1027
f 988 1028 985
f 1028 988 1033
f 985 1028 984
f 988 985 982
f 1029 981 984
f 978 984 981
f 984 1028 1029
f 982 987 988
f 1030 1024 1029
f 1024 1025 981
f 1023 1020 1026
f 1026 1020 1025
f 869 1022 594
f 1023 594 1022
f 981 1025 980
f 1023 1026 594
f 1024 981 1029
f 869 1018 1022
f 1026 1027 594
f 1047 569 1046
f 947 987 982
f 949 950 944
f 944 913 914
f 913 945 838
f 945 913 944
f 838 945 479
f 944 950 947
f 838 771 913
f 947 983 946
f 947 950 987
f 946 983 480
f 946 479 945
f 480 479 946
f 943 632 942
f 479 942 838
f 983 947 982
f 838 942 910
f 770 910 883
f 883 910 632
f 770 883 908
f 908 909 595
f 884 904 909
f 909 904 595
f 770 908 595
f 884 632 554
f 904 884 907
f 884 554 907
f 595 905 906
f 904 905 595
f 880 906 907
f 595 906 818
f 907 554 880
f 884 883 632
f 910 942 632
f 770 595 771
f 480 983 978
f 914 949 944
f 984 978 983
f 1025 977 980
f 974 979 977
f 977 979 980
f 976 977 1020
f 1020 1021 976
f 978 979 943
f 869 903 870
f 870 903 1019
f 976 1018 973
f 1021 1022 1018
f 1018 976 1021
f 903 972 1019
f 594 903 869
f 973 1018 1019
f 522 943 974
f 523 522 974
f 523 880 554
f 781 880 523
f 880 818 906
f 523 970 781
f 522 632 943
f 975 976 973
f 972 973 1019
f 781 970 782
f 523 975 970
f 970 971 782
f 970 975 973
f 971 972 903
f 782 971 903
f 975 523 974
f 943 979 974
f 903 595 782
f 595 818 782
f 978 943 480
f 977 1025 1020
f 1042 569 594
f 865 1051 866
f 821 394 820
f 393 820 394
f 1063 1062 1065
f 1065 1064 1063
f 742 214 213
f 213 1066 742
f 879 880 781
f 781 780 879
f 889 52 1067
f 51 1067 52
f 147 3 4
f 4 148 147
f 1052 1068 863
f 863 866 1052
f 1072 1071 1070
f 43 1070 1073
f 1074 1073 1070
f 1072 1070 43
f 1076 43 1073
f 1074 1069 1075
f 43 1075 44
f 43 1076 1075
f 44 1075 1069
f 1070 1069 1074
f 85 723 724
f 724 86 85
f 1078 1077 1079
f 1080 1079 1077
f 742 1066 626
f 626 625 742
f 1082 1081 893
f 893 894 1082
f 294 23 24
f 24 295 294
f 817 879 780
f 780 779 817
f 851 178 177
f 177 1083 851
f 1090 39 540
f 540 1089 1091
f 1089 540 39
f 1091 1089 1088
f 19 712 1095
f 1095 712 1093
f 1092 1088 1087
f 1091 1088 1092
f 1087 727 1092
f 727 1087 1086
f 726 1086 1085
f 1086 726 727
f 726 1085 653
f 652 653 1084
f 1093 712 1094
f 652 1084 18
f 652 18 1093
f 653 1085 1084
f 1093 18 1095
f 964 613 614
f 614 892 964
f 1067 51 858
f 54 858 51
f 627 429 432
f 432 630 627
f 1019 1096 870
f 867 870 1096
f 1098 265 1097
f 268 1097 265
f 84 722 723
f 723 85 84
f 783 786 1099
f 1100 1099 786
f 1102 1101 1104
f 1104 1103 1102
f 528 1074 1075
f 1075 527 528
f 799 802 1105
f 1106 1105 802
f 909 714 715
f 715 884 909
f 1108 1107 1110
f 1110 1109 1108
f 1112 1111 1114
f 1114 1113 1112
f 1251 1250 1156
f 683 1154 1157
f 1246 1251 1153
f 1246 1252 1251
f 1152 1247 1246
f 1157 1156 1250
f 1250 683 1157
f 1155 1204 1150
f 1205 1155 1154
f 1155 1150 1153
f 1153 1152 1246
f 1153 1156 1155
f 1153 1251 1156
f 1149 1242 1152
f 1250 1253 690
f 1247 1152 1242
f 1284 1252 1285
f 1252 1284 1253
f 1285 1252 1280
f 1286 690 1287
f 1287 690 1284
f 1285 1280 1283
f 1252 1249 1280
f 1284 690 1253
f 1249 1252 1246
f 1247 1245 1248
f 1249 1248 1280
f 1148 1243 1242
f 1248 1245 1276
f 1243 1148 1238
f 1280 1248 1281
f 1245 1247 1242
f 1243 1238 1241
f 690 683 1250
f 1205 683 1202
f 683 1205 1154
f 1201 1200 1150
f 1150 1204 1201
f 1198 1201 1204
f 1150 1200 1151
f 1202 683 1203
f 1151 1149 1152
f 683 1198 1203
f 683 1199 1198
f 1199 1197 1200
f 1197 1199 1194
f 1200 1197 1151
f 683 1194 1199
f 1198 1204 1203
f 683 1195 1194
f 1151 1197 1146
f 1146 1149 1151
f 1146 1197 1147
f 1238 786 1239
f 1100 786 1148
f 785 1239 786
f 1100 1148 1147
f 1149 1148 1242
f 1147 1193 1100
f 1193 1147 1196
f 1190 1193 1196
f 1100 1193 1145
f 1144 1145 1141
f 1144 785 1145
f 1140 1143 1137
f 1141 1145 1189
f 1239 785 1144
f 1192 1145 1193
f 1197 1196 1147
f 786 1238 1148
f 1155 1205 1204
f 1144 1143 1235
f 1285 1283 1286
f 1283 1282 690
f 1281 1279 1282
f 1279 1281 1276
f 1279 1278 690
f 1248 1276 1281
f 1283 690 1286
f 1277 1244 1241
f 1277 1276 1245
f 1277 1241 1272
f 1273 1272 1240
f 1240 1272 1241
f 1239 1237 1240
f 1268 1240 1237
f 1244 1243 1241
f 1244 1277 1245
f 1275 1277 1272
f 1277 1275 1278
f 1274 690 1275
f 1274 1268 1271
f 1270 511 690
f 1271 690 1274
f 1268 1274 1273
f 690 1271 1270
f 544 1270 1269
f 1236 1269 1268
f 1236 544 1269
f 544 511 1270
f 762 490 489
f 712 490 762
f 511 490 690
f 1273 1240 1268
f 1278 1275 690
f 1237 1236 1268
f 1282 1279 690
f 1239 1144 1234
f 1234 1144 1235
f 544 1233 489
f 1233 1236 1235
f 1232 489 1233
f 1233 1235 1230
f 1234 1237 1239
f 1231 1230 1139
f 1140 1230 1235
f 1226 1231 1139
f 1226 1232 1231
f 1229 1232 1226
f 1225 1228 1227
f 1229 1228 622
f 1139 1230 1140
f 1140 1235 1143
f 489 1232 1229
f 1229 622 621
f 621 489 1229
f 712 762 734
f 841 1082 734
f 712 734 1082
f 841 734 622
f 762 489 621
f 841 1225 842
f 841 622 1228
f 1264 842 1224
f 842 1267 894
f 712 894 1267
f 1266 1265 1263
f 1267 842 1264
f 712 1267 1266
f 842 1225 1224
f 841 1228 1225
f 712 1082 894
f 544 1236 1233
f 490 712 690
f 712 1266 1263
f 1190 683 1191
f 1189 1192 1186
f 1190 1196 1195
f 1141 1188 1142
f 1141 1189 1188
f 1137 1142 1188
f 1189 1145 1192
f 683 1182 1187
f 683 1187 1186
f 1187 1185 1188
f 1182 1185 1187
f 1181 1184 1178
f 1137 1188 1185
f 683 1183 1182
f 1186 1192 1191
f 1195 683 1190
f 1137 1185 1184
f 1136 1139 1138
f 1135 1226 1136
f 1227 1135 1222
f 1227 1226 1135
f 1222 1135 802
f 1136 1226 1139
f 1138 1181 1133
f 1138 1137 1184
f 1133 1181 1134
f 802 1135 1134
f 1134 1106 802
f 802 801 1222
f 1134 1181 1180
f 1133 1136 1138
f 1184 1181 1138
f 1223 1222 801
f 1137 1143 1142
f 1179 1178 1094
f 1177 1180 1174
f 1177 1134 1180
f 1106 1177 1176
f 1106 1134 1177
f 1132 1106 1176
f 1184 1183 1178
f 1179 1174 1180
f 1094 1175 1174
f 1094 1170 1175
f 1173 1175 1170
f 1094 1166 1171
f 1094 1167 1166
f 1171 1170 1094
f 1176 1175 1173
f 1178 1183 1094
f 1166 1169 1171
f 1128 1132 1173
f 1173 1132 1176
f 1128 1173 1172
f 1129 1128 1172
f 1169 1124 1129
f 1128 1131 801
f 1129 1172 1169
f 1128 801 1132
f 1169 1172 1171
f 1094 1162 1167
f 1165 1167 1162
f 1168 1125 1124
f 1168 1167 1165
f 1094 1158 1163
f 1161 1163 1158
f 1163 1162 1094
f 1168 1124 1169
f 1124 1127 1129
f 1174 1179 1094
f 1191 683 1186
f 1165 1120 1168
f 1224 1223 1218
f 1218 1223 1131
f 1224 1218 1221
f 1265 1221 1220
f 1265 1264 1221
f 1265 1220 1217
f 1260 1263 1265
f 1219 1131 1130
f 1219 1217 1220
f 1219 1130 1214
f 1214 1217 1219
f 1215 1213 1216
f 1265 1217 1260
f 1219 1218 1131
f 1223 801 1131
f 1261 1217 1216
f 1260 1217 1261
f 1262 1261 1259
f 1259 1258 712
f 1257 563 1258
f 1258 563 712
f 1256 1259 1261
f 1262 1259 712
f 1256 1213 1257
f 1213 1256 1261
f 564 1257 1212
f 564 563 1257
f 712 563 1115
f 563 1255 1115
f 1115 1255 1254
f 1212 1257 1213
f 1216 1213 1261
f 1262 712 1263
f 1127 1214 1130
f 1264 1224 1221
f 1127 1130 1129
f 1120 1165 1121
f 1126 1125 1120
f 1120 1123 1126
f 1126 1123 1210
f 1125 1168 1120
f 1127 1126 1215
f 1159 1094 1160
f 1163 1161 1164
f 1116 1161 1160
f 1116 1121 1161
f 1116 1160 1117
f 1094 1117 1160
f 1161 1121 1164
f 1165 1164 1121
f 1119 1121 1116
f 1215 1126 1210
f 1211 1210 1122
f 1209 1254 564
f 1209 1212 1211
f 1208 1254 1209
f 1209 564 1212
f 1209 1211 1206
f 1210 1213 1215
f 1121 1119 1122
f 1122 1119 1206
f 1118 1094 1207
f 1207 1206 1119
f 1119 1118 1207
f 1115 1207 1094
f 1117 1094 1118
f 1122 1206 1211
f 1123 1122 1210
f 1115 1208 1207
f 1115 1254 1208
f 1127 1215 1214
f 1094 1159 1158
f 1183 683 1094
f 1222 1225 1227
f 318 482 483
f 483 319 318
f 1081 1082 841
f 841 840 1081
f 939 1288 891
f 890 891 1288
f 820 393 396
f 396 810 820
f 534 234 233
f 233 533 534
f 109 1289 1290
f 1290 110 109
f 1292 1291 1293
f 1294 1293 1291
f 1296 1295 1297
f 1298 1297 1295
f 647 707 519
f 519 518 647
f 722 84 83
f 83 721 722
f 146 2 147
f 3 147 2
f 1068 1052 1053
f 1053 1299 1068
f 1301 1300 1302
f 1303 1302 1300
f 1076 526 527
f 527 1075 1076
f 1018 1304 1096
f 1096 1019 1018
f 1306 1305 45
f 46 45 1305
f 1308 1307 1310
f 1310 1309 1308
f 908 713 909
f 714 909 713
f 1312 1311 1314
f 1314 1313 1312
f 1316 1128 1315
f 1129 1315 1128
f 263 1317 1318
f 1318 264 263
f 1083 177 180
f 180 788 1083
f 613 964 811
f 811 616 613
f 108 1319 1289
f 1289 109 108
f 1321 1320 1323
f 1323 1322 1321
f 23 294 293
f 293 22 23
f 1325 1170 1324
f 1171 1324 1170
f 1327 1326 1328
f 1329 1328 1326
f 1288 939 845
f 845 844 1288
f 1331 1330 1333
f 1333 1332 1331
f 1073 525 526
f 526 1076 1073
f 623 744 624
f 808 624 744
f 736 735 1334
f 881 1334 735
f 1336 1264 1335
f 1265 1335 1264
f 482 318 481
f 317 481 318
f 391 1332 1333
f 1333 392 391
f 1338 1337 1340
f 1340 1339 1338
f 427 1341 1342
f 1342 428 427
f 533 233 236
f 236 536 533
f 721 83 724
f 86 724 83
f 1344 1343 1345
f 1346 1345 1343
f 713 908 883
f 883 716 713
f 1348 1347 1349
f 1350 1349 1347
f 2 146 1
f 145 1 146
f 1352 1351 1353
f 1354 1353 1351
f 1356 1355 1358
f 1358 1357 1356
f 1360 963 1359
f 962 1359 963
f 890 1288 844
f 844 843 890
f 1266 1361 1335
f 1335 1265 1266
f 1066 213 216
f 216 626 1066
f 1363 1051 1362
f 1050 1362 1051
f 81 508 509
f 509 82 81
f 525 1073 1074
f 1074 528 525
f 1172 1364 1171
f 1324 1171 1364
f 574 575 758
f 758 757 574
f 1304 1018 869
f 869 868 1304
f 22 293 25
f 296 25 293
f 617 743 805
f 805 618 617
f 1366 1365 1368
f 1368 1367 1366
f 1370 1369 1372
f 1372 1371 1370
f 898 907 897
f 906 897 907
f 1319 108 107
f 107 1373 1319
f 262 1374 1317
f 1317 263 262
f 495 990 498
f 993 498 990
f 1376 1375 1378
f 1378 1377 1376
f 390 1331 1332
f 1332 391 390
f 481 317 484
f 320 484 317
f 1380 1379 1382
f 1382 1381 1380
f 1384 1383 1386
f 1386 1385 1384
f 794 350 349
f 349 793 794
f 80 507 508
f 508 81 80
f 426 1387 1341
f 1341 427 426
f 1389 938 1388
f 937 1388 938
f 612 1141 1142
f 1142 611 612
f 1391 1390 1393
f 1393 1392 1391
f 1173 1394 1364
f 1364 1172 1173
f 1049 1395 1050
f 1362 1050 1395
f 175 1396 1397
f 1397 176 175
f 195 1109 196
f 1110 196 1109
f 606 1339 1340
f 1340 605 606
f 1 145 148
f 148 4 1
f 1399 1398 1389
f 1389 1388 1399
f 231 1400 1401
f 1401 232 231
f 961 1402 1359
f 1359 962 961
f 1404 1403 1406
f 1406 1405 1404
f 862 989 861
f 988 861 989
f 1373 107 1290
f 110 1290 107
f 1408 1407 1409
f 1410 1409 1407
f 1331 390 1330
f 389 1330 390
f 1394 1173 1170
f 1170 1325 1394
f 607 1338 1339
f 1339 606 607
f 1412 1411 1414
f 1414 1413 1412
f 291 1415 1416
f 1416 292 291
f 507 80 79
f 79 506 507
f 1418 1417 1420
f 1420 1419 1418
f 1267 1421 1361
f 1361 1266 1267
f 828 539 1091
f 540 1091 539
f 1387 426 425
f 425 1422 1387
f 905 896 897
f 897 906 905
f 1130 1423 1315
f 1315 1129 1130
f 1338 607 608
f 608 1337 1338
f 1425 1424 1396
f 1397 1396 1424
f 1427 1426 1429
f 1429 1428 1427
f 174 1425 175
f 1396 175 1425
f 960 1430 1402
f 1402 961 960
f 1374 262 1431
f 261 1431 262
f 987 860 861
f 861 988 987
f 1143 610 611
f 611 1142 1143
f 230 1432 231
f 1400 231 1432
f 506 79 509
f 82 509 79
f 1421 1267 1264
f 1264 1336 1421
f 315 1079 1080
f 1080 316 315
f 936 1399 1388
f 1388 937 936
f 105 1381 1382
f 1382 106 105
f 1330 389 392
f 392 1333 1330
f 1048 1433 1395
f 1395 1049 1048
f 1422 425 428
f 428 1342 1422
f 1298 1166 1167
f 1167 1297 1298
f 1337 608 1340
f 605 1340 608
f 1435 1434 1437
f 1437 1436 1435
f 1439 1438 1440
f 1441 1440 1438
f 1445 1442 1443
f 1443 1444 1445
f 587 650 538
f 538 537 587
f 290 1446 1415
f 1415 291 290
f 904 895 896
f 896 905 904
f 986 859 860
f 860 987 986
f 1447 562 561
f 561 1448 1447
f 1450 1449 1452
f 1452 1451 1450
f 822 856 804
f 804 803 822
f 459 460 668
f 667 668 460
f 1168 1296 1167
f 1297 1167 1296
f 1454 1260 1261
f 1261 1453 1454
f 77 1455 1456
f 1456 78 77
f 1433 1048 1051
f 1051 1363 1433
f 935 1398 1399
f 1399 936 935
f 1431 261 1318
f 264 1318 261
f 314 1078 1079
f 1079 315 314
f 895 904 907
f 907 898 895
f 1458 1457 1460
f 1460 1459 1458
f 1425 174 173
f 173 1424 1425
f 1430 960 963
f 963 1360 1430
f 194 1108 195
f 1109 195 1108
f 793 349 560
f 352 560 349
f 104 1380 1381
f 1381 105 104
f 1262 1461 1453
f 1453 1261 1262
f 211 887 888
f 888 212 211
f 1169 1295 1168
f 1296 1168 1295
f 859 986 862
f 989 862 986
f 76 1462 1455
f 1455 77 76
f 387 739 388
f 740 388 739
f 423 1463 1464
f 1464 424 423
f 1466 1465 1468
f 1468 1467 1466
f 1469 1470 1443
f 1444 1443 1470
f 1472 1471 1474
f 1474 1473 1472
f 1476 1475 1478
f 1478 1477 1476
f 576 577 759
f 760 759 577
f 1446 290 289
f 289 1479 1446
f 1263 1480 1262
f 1461 1262 1480
f 487 510 543
f 543 488 487
f 1482 1481 1483
f 1484 1483 1481
f 1486 959 958
f 958 1485 1486
f 1380 104 103
f 103 1379 1380
f 1462 76 1487
f 75 1487 76
f 1489 1488 1490
f 1491 1490 1488
f 1493 985 1492
f 984 1492 985
f 1424 173 176
f 176 1397 1424
f 259 1494 1495
f 1495 260 259
f 1144 609 1143
f 610 1143 609
f 1398 935 938
f 938 1389 1398
f 1497 1047 1496
f 1046 1496 1047
f 1499 1498 1500
f 1501 1500 1498
f 1461 1480 1454
f 1454 1453 1461
f 1502 1503 1470
f 1470 1469 1502
f 1505 1504 1493
f 1493 1492 1505
f 386 738 739
f 739 387 386
f 457 458 670
f 669 670 458
f 1507 1506 1509
f 1509 1508 1507
f 1295 1169 1166
f 1166 1298 1295
f 1511 1510 1513
f 1513 1512 1511
f 718 717 819
f 819 1514 718
f 422 1515 1463
f 1463 423 422
f 706 741 638
f 638 637 706
f 1479 289 1416
f 292 1416 289
f 347 1328 1329
f 1329 348 347
f 1480 1263 1260
f 1260 1454 1480
f 1379 103 1382
f 106 1382 103
f 1474 934 1473
f 933 1473 934
f 1517 1516 1519
f 1519 1518 1517
f 1521 1520 1523
f 1523 1522 1521
f 1108 194 193
f 193 1107 1108
f 738 386 385
f 385 737 738
f 1524 500 499
f 499 1525 1524
f 1503 1502 1442
f 1442 1445 1503
f 1487 75 1456
f 78 1456 75
f 983 1505 1492
f 1492 984 983
f 1527 1526 1529
f 1529 1528 1527
f 171 710 711
f 711 172 171
f 1515 422 421
f 421 1530 1515
f 1532 1531 1534
f 1534 1533 1532
f 1045 1535 1046
f 1496 1046 1535
f 1537 1162 1163
f 1163 1536 1537
f 468 469 659
f 658 659 469
f 474 473 512
f 512 1538 474
f 1540 1539 1542
f 1542 1541 1540
f 932 1472 1473
f 1473 933 932
f 1544 1543 1546
f 1546 1545 1544
f 1131 1547 1423
f 1423 1130 1131
f 957 1548 1485
f 1485 958 957
f 1542 1256 1257
f 1257 1541 1542
f 258 1549 1494
f 1494 259 258
f 1551 1550 1553
f 1553 1552 1551
f 73 1554 1555
f 1555 74 73
f 982 1504 1505
f 1505 983 982
f 101 516 517
f 517 102 101
f 210 886 211
f 887 211 886
f 287 1349 1350
f 1350 288 287
f 1044 1556 1535
f 1535 1045 1044
f 1164 1557 1163
f 1536 1163 1557
f 1559 1558 1561
f 1561 1560 1559
f 737 385 388
f 388 740 737
f 1563 1562 1565
f 1565 1564 1563
f 1567 1566 1568
f 1569 1568 1566
f 1573 1570 1571
f 1571 1572 1573
f 170 709 171
f 710 171 709
f 1515 1530 1464
f 1464 1463 1515
f 1575 1574 1576
f 1577 1576 1574
f 956 1578 957
f 1548 957 1578
f 1258 1540 1541
f 1541 1257 1258
f 346 1327 1328
f 1328 347 346
f 1504 982 1493
f 985 1493 982
f 100 515 516
f 516 101 100
f 460 461 666
f 666 667 460
f 1580 1579 1581
f 1582 1581 1579
f 1165 1583 1164
f 1557 1164 1583
f 1530 421 424
f 424 1464 1530
f 931 1471 1472
f 1472 932 931
f 1585 1584 1587
f 1587 1586 1585
f 1432 1588 1401
f 1401 1400 1432
f 1556 1044 1047
f 1047 1497 1556
f 1590 1589 1592
f 1592 1591 1590
f 72 1593 1554
f 1554 73 72
f 1549 258 1594
f 257 1594 258
f 1596 1595 1597
f 1598 1597 1595
f 1599 1600 1571
f 1572 1571 1600
f 286 1348 1349
f 1349 287 286
f 850 981 849
f 980 849 981
f 1107 193 196
f 196 1110 1107
f 1578 956 959
f 959 1486 1578
f 383 1601 1602
f 1602 384 383
f 709 170 708
f 169 708 170
f 648 719 556
f 556 555 648
f 886 210 885
f 209 885 210
f 1604 1603 1606
f 1606 1605 1604
f 1608 1607 1610
f 1610 1609 1608
f 515 100 514
f 99 514 100
f 1593 72 1611
f 71 1611 72
f 1471 931 934
f 934 1474 1471
f 1583 1165 1162
f 1162 1537 1583
f 1613 1612 1614
f 1615 1614 1612
f 1616 1617 1599
f 1600 1599 1617
f 419 1605 1606
f 1606 420 419
f 1259 1539 1258
f 1540 1258 1539
f 1547 1131 1316
f 1128 1316 1131
f 1593 1611 1555
f 1555 1554 1593
f 1327 346 345
f 345 1326 1327
f 1594 257 1495
f 260 1495 257
f 1611 71 1555
f 74 1555 71
f 979 848 849
f 849 980 979
f 1348 286 285
f 285 1347 1348
f 1619 1043 1042
f 1042 1618 1619
f 1621 1620 1623
f 1623 1622 1621
f 382 1624 1601
f 1601 383 382
f 708 169 172
f 172 711 708
f 1626 1158 1159
f 1159 1625 1626
f 1628 955 954
f 954 1627 1628
f 418 1604 1605
f 1605 419 418
f 1630 1629 1632
f 1632 1631 1630
f 609 1144 612
f 1141 612 1144
f 1539 1259 1256
f 1256 1542 1539
f 514 99 517
f 102 517 99
f 1634 1633 1635
f 1636 1635 1633
f 878 930 877
f 929 877 930
f 1402 1430 1360
f 1360 1359 1402
f 69 1591 70
f 1592 70 1591
f 978 847 848
f 848 979 978
f 836 651 1093
f 652 1093 651
f 1617 1616 1570
f 1570 1573 1617
f 575 576 758
f 759 758 576
f 1346 1124 1125
f 1125 1345 1346
f 1638 1637 1640
f 1640 1639 1638
f 953 1641 1627
f 1627 954 953
f 784 783 1642
f 1099 1642 783
f 1644 1643 1646
f 1646 1645 1644
f 902 1137 1138
f 1138 901 902
f 1648 1647 1650
f 1650 1649 1648
f 1326 345 1329
f 348 1329 345
f 1041 1651 1042
f 1618 1042 1651
f 1624 382 381
f 381 1652 1624
f 928 876 877
f 877 929 928
f 847 978 850
f 981 850 978
f 1654 1653 1655
f 1656 1655 1653
f 1160 1657 1159
f 1625 1159 1657
f 561 564 1254
f 1254 1448 561
f 1604 418 417
f 417 1603 1604
f 1378 693 694
f 694 1377 1378
f 1347 285 1350
f 288 1350 285
f 1641 1658 1628
f 1628 1627 1641
f 1462 1487 1455
f 1456 1455 1487
f 68 1590 1591
f 1591 69 68
f 1387 1422 1342
f 1342 1341 1387
f 167 1659 1660
f 1660 168 167
f 1662 1661 1664
f 1664 1663 1662
f 1040 1665 1041
f 1651 1041 1665
f 927 875 876
f 876 928 927
f 695 1376 694
f 1377 694 1376
f 1161 1666 1160
f 1657 1160 1666
f 952 1658 953
f 1641 953 1658
f 191 825 826
f 826 192 191
f 1668 1667 1670
f 1670 1669 1668
f 1672 1671 1674
f 1674 1673 1672
f 1676 1675 1678
f 1678 1677 1676
f 1590 68 67
f 67 1589 1590
f 1652 381 384
f 384 1602 1652
f 1065 977 976
f 976 1064 1065
f 1680 1679 1682
f 1682 1681 1680
f 692 1375 1376
f 1376 695 692
f 1603 417 420
f 420 1606 1603
f 570 571 753
f 754 753 571
f 885 209 212
f 212 888 885
f 1684 1683 1685
f 1686 1685 1683
f 851 1083 787
f 788 787 1083
f 166 1687 167
f 1659 167 1687
f 1665 1040 1043
f 1043 1619 1665
f 283 1688 1689
f 1689 284 283
f 975 1063 1064
f 1064 976 975
f 1589 67 1592
f 70 1592 67
f 379 673 674
f 674 380 379
f 728 827 727
f 1092 727 827
f 1666 1161 1158
f 1158 1626 1666
f 1126 1344 1345
f 1345 1125 1126
f 1375 692 693
f 693 1378 1375
f 733 761 619
f 620 619 761
f 343 1681 1682
f 1682 344 343
f 1658 952 955
f 955 1628 1658
f 875 927 930
f 930 878 875
f 1624 1652 1601
f 1602 1601 1652
f 1691 1690 1692
f 1693 1692 1690
f 1695 1694 1697
f 1697 1696 1695
f 470 471 656
f 656 657 470
f 415 1663 1664
f 1664 416 415
f 1699 1698 1701
f 1701 1700 1699
f 1687 166 1702
f 165 1702 166
f 974 1062 975
f 1063 975 1062
f 282 1703 1688
f 1688 283 282
f 1139 900 901
f 901 1138 1139
f 1546 951 1545
f 950 1545 951
f 378 672 673
f 673 379 378
f 1557 1583 1536
f 1537 1536 1583
f 1705 926 925
f 925 1704 1705
f 1078 314 1077
f 313 1077 314
f 501 524 27
f 27 26 501
f 65 1525 499
f 499 66 65
f 1372 1039 1038
f 1038 1371 1372
f 1364 1394 1324
f 1325 1324 1394
f 143 1706 144
f 1707 144 1706
f 1709 1708 1711
f 1711 1710 1709
f 1713 1712 1715
f 1715 1714 1713
f 893 1081 840
f 840 839 893
f 414 1662 1663
f 1663 415 414
f 64 1524 1525
f 1525 65 64
f 1062 974 1065
f 977 1065 974
f 1702 165 168
f 168 1660 1702
f 1717 1716 1719
f 1719 1718 1717
f 1037 1370 1038
f 1371 1038 1370
f 50 1724 1727
f 1723 1721 1720
f 50 1727 1721
f 1722 1721 1726
f 1721 1727 1726
f 50 1721 1723
f 1725 50 49
f 1725 1722 1726
f 1722 1725 49
f 1724 50 1725
f 1729 1728 1731
f 1731 1730 1729
f 342 1680 1681
f 1681 343 342
f 190 824 191
f 825 191 824
f 672 378 671
f 377 671 378
f 949 1544 1545
f 1545 950 949
f 1524 64 63
f 63 500 1524
f 1323 973 1322
f 972 1322 973
f 1703 282 1732
f 281 1732 282
f 207 815 816
f 816 208 207
f 573 574 757
f 757 756 573
f 142 1733 1706
f 1706 143 142
f 1077 313 1080
f 316 1080 313
f 1726 567 568
f 568 1725 1726
f 924 1734 1704
f 1704 925 924
f 1662 414 413
f 413 1661 1662
f 1036 1369 1037
f 1370 1037 1369
f 971 1321 1322
f 1322 972 971
f 1736 1735 1737
f 1738 1737 1735
f 1740 1739 1742
f 1742 1741 1740
f 163 1737 164
f 1738 164 1737
f 1733 142 141
f 141 1743 1733
f 948 1543 1544
f 1544 949 948
f 1305 1306 1744
f 1745 1744 1306
f 1727 566 567
f 567 1726 1727
f 671 377 380
f 380 674 671
f 923 1746 924
f 1734 924 1746
f 577 643 760
f 644 760 643
f 598 551 552
f 552 597 598
f 1732 281 1689
f 284 1689 281
f 1446 1479 1416
f 1416 1415 1446
f 566 1727 565
f 1724 565 1727
f 970 1320 1321
f 1321 971 970
f 1661 413 416
f 416 1664 1661
f 1743 141 1707
f 144 1707 141
f 827 828 1092
f 1091 1092 828
f 824 190 823
f 189 823 190
f 602 1597 1598
f 1598 601 602
f 599 550 598
f 551 598 550
f 1543 948 951
f 951 1546 1543
f 1320 970 1323
f 973 1323 970
f 139 1710 140
f 1711 140 1710
f 375 1730 1731
f 1731 376 375
f 206 814 207
f 815 207 814
f 603 1596 1597
f 1597 602 603
f 1369 1036 1039
f 1039 1372 1369
f 550 599 600
f 600 549 550
f 162 1736 163
f 1737 163 1736
f 565 1724 1725
f 1725 568 565
f 279 1451 1452
f 1452 280 279
f 138 1709 1710
f 1710 139 138
f 1596 603 604
f 604 1595 1596
f 1680 342 341
f 341 1679 1680
f 411 681 682
f 682 412 411
f 1127 1343 1126
f 1344 1126 1343
f 1746 923 926
f 926 1705 1746
f 1096 1304 867
f 868 867 1304
f 549 600 597
f 597 552 549
f 1595 604 1598
f 601 1598 604
f 1502 1469 1443
f 1443 1442 1502
f 374 1729 1730
f 1730 375 374
f 1747 705 704
f 704 1748 1747
f 1414 1035 1413
f 1034 1413 1035
f 1709 138 137
f 137 1708 1709
f 410 680 681
f 681 411 410
f 1632 947 1631
f 946 1631 947
f 1736 162 161
f 161 1735 1736
f 1140 899 1139
f 900 1139 899
f 1750 1749 1752
f 1752 1751 1750
f 458 459 669
f 668 669 459
f 278 1450 1451
f 1451 279 278
f 1657 1666 1626
f 1626 1625 1657
f 1708 137 1711
f 140 1711 137
f 311 774 775
f 775 312 311
f 1754 922 921
f 921 1753 1754
f 1756 1755 1758
f 1758 1757 1756
f 678 1202 1203
f 1203 677 678
f 1734 1746 1705
f 1705 1704 1734
f 1729 374 1728
f 373 1728 374
f 1616 1599 1571
f 1571 1570 1616
f 1760 1759 1761
f 1762 1761 1759
f 945 1630 1631
f 1631 946 945
f 1204 676 1203
f 677 1203 676
f 1764 1763 1766
f 1766 1765 1764
f 135 1564 1565
f 1565 136 135
f 1687 1702 1659
f 1660 1659 1702
f 1033 1412 1034
f 1413 1034 1412
f 1205 675 676
f 676 1204 1205
f 1679 341 1682
f 344 1682 341
f 769 768 837
f 837 1767 769
f 680 410 409
f 409 679 680
f 471 472 655
f 655 656 471
f 134 1563 1564
f 1564 135 134
f 1735 161 164
f 164 1738 1735
f 944 1629 1630
f 1630 945 944
f 823 189 192
f 192 826 823
f 1769 1768 1771
f 1771 1770 1769
f 1728 373 376
f 376 1731 1728
f 310 773 774
f 774 311 310
f 1450 278 1449
f 277 1449 278
f 920 1772 1753
f 1753 921 920
f 1563 134 133
f 133 1562 1563
f 675 1205 1202
f 1202 678 675
f 1032 1411 1412
f 1412 1033 1032
f 679 409 412
f 412 682 679
f 792 1198 1199
f 1199 791 792
f 814 206 813
f 205 813 206
f 1562 133 1565
f 136 1565 133
f 371 1655 1656
f 1656 372 371
f 159 1419 1420
f 1420 160 159
f 1703 1732 1688
f 1689 1688 1732
f 1501 1017 1016
f 1016 1500 1501
f 1529 1284 1285
f 1285 1528 1529
f 919 1773 920
f 1772 920 1773
f 131 1757 1758
f 1758 132 131
f 1449 277 1452
f 280 1452 277
f 1744 1745 48
f 48 47 1744
f 1200 790 1199
f 791 1199 790
f 1629 944 947
f 947 1632 1629
f 339 1774 1775
f 1775 340 339
f 370 1654 1655
f 1655 371 370
f 407 493 494
f 494 408 407
f 1343 1127 1346
f 1124 1346 1127
f 1015 1499 1500
f 1500 1016 1015
f 1777 1776 1778
f 1779 1778 1776
f 899 1140 902
f 1137 902 1140
f 1772 1773 1754
f 1754 1753 1772
f 1201 789 790
f 790 1200 1201
f 1432 230 229
f 229 1588 1432
f 130 1756 1757
f 1757 131 130
f 1286 1527 1528
f 1528 1285 1286
f 1411 1032 1035
f 1035 1414 1411
f 1014 1498 1015
f 1499 1015 1498
f 406 492 493
f 493 407 406
f 1693 1154 1155
f 1155 1692 1693
f 1548 1578 1486
f 1486 1485 1548
f 158 1418 159
f 1419 159 1418
f 1756 130 129
f 129 1755 1756
f 275 1780 276
f 1781 276 1780
f 789 1201 1198
f 1198 792 789
f 1654 370 1653
f 369 1653 370
f 1498 1014 1501
f 1017 1501 1014
f 1437 1120 1121
f 1121 1436 1437
f 1287 1526 1527
f 1527 1286 1287
f 1071 1072 1723
f 1723 1720 1071
f 1294 1194 1293
f 1195 1293 1194
f 1755 129 1758
f 132 1758 129
f 1773 919 922
f 922 1754 1773
f 477 480 486
f 943 486 480
f 1429 1031 1428
f 1030 1428 1031
f 1587 1013 1012
f 1012 1586 1587
f 1410 1133 1134
f 1134 1409 1410
f 1196 1292 1195
f 1293 1195 1292
f 492 406 405
f 405 491 492
f 1588 229 232
f 232 1401 1588
f 1653 369 372
f 372 1656 1653
f 1418 158 157
f 157 1417 1418
f 274 1782 1780
f 1780 275 274
f 127 1714 1715
f 1715 128 127
f 773 310 772
f 309 772 310
f 1406 918 1405
f 917 1405 918
f 1526 1287 1284
f 1284 1529 1526
f 1535 1556 1496
f 1497 1496 1556
f 338 1783 1774
f 1774 339 338
f 942 485 486
f 486 943 942
f 1011 1585 1586
f 1586 1012 1011
f 1029 1427 1030
f 1428 1030 1427
f 1197 1291 1292
f 1292 1196 1197
f 1784 764 763
f 763 1785 1784
f 126 1713 1714
f 1714 127 126
f 187 635 636
f 636 188 187
f 1577 1280 1281
f 1281 1576 1577
f 227 1560 1561
f 1561 228 227
f 1010 1584 1011
f 1585 1011 1584
f 491 405 408
f 408 494 491
f 1291 1197 1194
f 1194 1294 1291
f 1782 274 273
f 273 1786 1782
f 1651 1665 1619
f 1619 1618 1651
f 1417 157 160
f 160 1420 1417
f 772 309 775
f 312 775 309
f 1713 126 125
f 125 1712 1713
f 1733 1743 1707
f 1707 1706 1733
f 479 478 485
f 485 942 479
f 1282 1575 1576
f 1576 1281 1282
f 1156 1691 1692
f 1692 1155 1156
f 1788 1190 1191
f 1191 1787 1788
f 813 205 208
f 208 816 813
f 1584 1010 1587
f 1013 1587 1010
f 767 776 746
f 746 745 767
f 403 1522 1523
f 1523 404 403
f 1712 125 1715
f 128 1715 125
f 916 1404 1405
f 1405 917 916
f 1386 1009 1385
f 1008 1385 1009
f 1157 1690 1691
f 1691 1156 1157
f 1783 1789 1775
f 1775 1774 1783
f 1192 1790 1191
f 1787 1191 1790
f 1283 1574 1575
f 1575 1282 1283
f 1028 1426 1427
f 1427 1029 1028
f 1783 338 337
f 337 1789 1783
f 155 11 12
f 12 156 155
f 1786 273 1781
f 276 1781 273
f 1135 1408 1409
f 1409 1134 1135
f 1193 1791 1192
f 1790 1192 1791
f 1007 1384 1385
f 1385 1008 1007
f 402 1521 1522
f 1522 403 402
f 1574 1283 1280
f 1280 1577 1574
f 123 1103 1104
f 1104 124 123
f 915 1403 1404
f 1404 916 915
f 226 1559 227
f 1560 227 1559
f 307 455 308
f 456 308 455
f 1426 1028 1031
f 1031 1429 1426
f 1006 1383 1384
f 1384 1007 1006
f 1122 1435 1436
f 1436 1121 1122
f 122 1102 1103
f 1103 123 122
f 1791 1193 1190
f 1190 1788 1791
f 154 10 155
f 11 155 10
f 271 1792 1793
f 1793 272 271
f 1701 1276 1700
f 1277 1700 1276
f 1690 1157 1693
f 1154 1693 1157
f 1521 402 401
f 401 1520 1521
f 1383 1006 1386
f 1009 1386 1006
f 889 1067 857
f 858 857 1067
f 1102 122 121
f 121 1101 1102
f 1636 1186 1187
f 1187 1635 1636
f 1403 915 918
f 918 1406 1403
f 1789 337 1775
f 340 1775 337
f 1441 1027 1440
f 1026 1440 1027
f 1520 401 404
f 404 1523 1520
f 203 1794 1795
f 1795 204 203
f 452 1005 451
f 1004 451 1005
f 10 154 9
f 153 9 154
f 1101 121 1104
f 124 1104 121
f 1188 1634 1187
f 1635 1187 1634
f 186 634 187
f 635 187 634
f 270 1796 1792
f 1792 271 270
f 1559 226 225
f 225 1558 1559
f 1278 1699 1700
f 1700 1277 1278
f 1674 914 1673
f 913 1673 914
f 1025 1439 1026
f 1440 1026 1439
f 1189 1633 1188
f 1634 1188 1633
f 1003 450 451
f 451 1004 1003
f 1279 1698 1699
f 1699 1278 1279
f 1484 1150 1151
f 1151 1483 1484
f 399 1302 1303
f 1303 400 399
f 306 454 455
f 455 307 306
f 1123 1434 1122
f 1435 1122 1434
f 1633 1189 1186
f 1186 1636 1633
f 1002 449 450
f 450 1003 1002
f 335 547 548
f 548 336 335
f 1395 1433 1362
f 1363 1362 1433
f 1796 270 269
f 269 1797 1796
f 1024 1438 1439
f 1439 1025 1024
f 1534 1250 1251
f 1251 1533 1534
f 449 1002 452
f 1005 452 1002
f 1762 1182 1183
f 1183 1761 1762
f 1698 1279 1276
f 1276 1701 1698
f 912 1672 1673
f 1673 913 912
f 1790 1791 1788
f 1788 1787 1790
f 1558 225 228
f 228 1561 1558
f 202 1798 203
f 1794 203 1798
f 1184 1760 1183
f 1761 1183 1760
f 398 1301 1302
f 1302 399 398
f 1152 1482 1483
f 1483 1151 1152
f 1752 1272 1273
f 1273 1751 1752
f 1771 1001 1770
f 1000 1770 1001
f 1252 1532 1533
f 1533 1251 1252
f 1797 269 1793
f 272 1793 269
f 911 1671 1672
f 1672 912 911
f 1185 1759 1184
f 1760 1184 1759
f 1438 1024 1027
f 1027 1441 1438
f 999 1769 1770
f 1770 1000 999
f 1301 398 397
f 397 1300 1301
f 634 186 185
f 185 633 634
f 1274 1750 1751
f 1751 1273 1274
f 1759 1185 1182
f 1182 1762 1759
f 223 1392 1393
f 1393 224 223
f 97 1799 1800
f 1800 98 97
f 1671 911 914
f 914 1674 1671
f 998 1768 1769
f 1769 999 998
f 334 546 547
f 547 335 334
f 9 153 156
f 156 12 9
f 267 1801 1097
f 1097 268 267
f 1798 202 1802
f 201 1802 202
f 1697 1023 1022
f 1022 1696 1697
f 1798 1802 1795
f 1795 1794 1798
f 1300 397 400
f 400 1303 1300
f 1468 1178 1179
f 1179 1467 1468
f 1275 1749 1274
f 1750 1274 1749
f 1153 1481 1482
f 1482 1152 1153
f 1768 998 1771
f 1001 1771 998
f 1434 1123 1437
f 1120 1437 1123
f 96 1803 1799
f 1799 97 96
f 1253 1531 1532
f 1532 1252 1253
f 532 701 702
f 702 531 532
f 1319 1373 1290
f 1290 1289 1319
f 1180 1466 1179
f 1467 1179 1466
f 1749 1275 1272
f 1272 1752 1749
f 266 1804 1801
f 1801 267 266
f 1623 997 996
f 996 1622 1623
f 1803 96 1805
f 95 1805 96
f 1136 1407 1135
f 1408 1135 1407
f 800 799 1105
f 1105 1806 800
f 454 306 305
f 305 453 454
f 151 1514 819
f 819 152 151
f 1478 1061 1060
f 1060 1477 1478
f 1021 1695 1022
f 1696 1022 1695
f 1766 1268 1269
f 1269 1765 1766
f 837 838 1767
f 910 1767 838
f 1531 1253 1250
f 1250 1534 1531
f 1181 1465 1180
f 1466 1180 1465
f 222 1391 223
f 1392 223 1391
f 995 1621 1622
f 1622 996 995
f 763 766 941
f 941 1785 763
f 1255 1447 1448
f 1448 1254 1255
f 703 530 531
f 531 702 703
f 1059 1476 1060
f 1477 1060 1476
f 994 1620 995
f 1621 995 1620
f 1270 1764 1765
f 1765 1269 1270
f 1804 266 1098
f 265 1098 266
f 1465 1181 1178
f 1178 1468 1465
f 453 305 456
f 308 456 305
f 1481 1153 1484
f 1150 1484 1153
f 940 1784 1785
f 1785 941 940
f 1020 1694 1021
f 1695 1021 1694
f 1805 95 1800
f 98 1800 95
f 1058 1475 1059
f 1476 1059 1475
f 770 769 1767
f 1767 910 770
f 1271 1763 1270
f 1764 1270 1763
f 1553 1174 1552
f 1175 1552 1174
f 633 185 188
f 188 636 633
f 1620 994 1623
f 997 1623 994
f 563 562 1255
f 1447 1255 562
f 150 718 151
f 1514 151 718
f 765 764 940
f 1784 940 764
f 1314 1246 1247
f 1247 1313 1314
f 303 1685 1686
f 1686 304 303
f 1391 222 221
f 221 1390 1391
f 1763 1271 1268
f 1268 1766 1763
f 1361 1421 1336
f 1336 1335 1361
f 1475 1058 1061
f 1061 1478 1475
f 1176 1551 1175
f 1552 1175 1551
f 498 993 992
f 992 497 498
f 1491 1116 1117
f 1117 1490 1491
f 1802 201 204
f 204 1795 1802
f 543 544 489
f 489 488 543
f 302 1684 1685
f 1685 303 302
f 1519 1057 1056
f 1056 1518 1519
f 1177 1550 1551
f 1551 1176 1177
f 1569 1146 1568
f 1147 1568 1146
f 1694 1020 1023
f 1023 1697 1694
f 991 496 497
f 497 992 991
f 1248 1312 1313
f 1313 1247 1248
f 1550 1177 1174
f 1174 1553 1550
f 1055 1517 1056
f 1518 1056 1517
f 1684 302 1683
f 301 1683 302
f 990 495 991
f 496 991 495
f 1390 221 224
f 224 1393 1390
f 1407 1136 1410
f 1133 1410 1136
f 183 1748 704
f 704 184 183
f 1054 1516 1055
f 1517 1055 1516
f 1148 1567 1568
f 1568 1147 1148
f 1249 1311 1312
f 1312 1248 1249
f 1683 301 1686
f 304 1686 301
f 1516 1054 1057
f 1057 1519 1516
f 1118 1489 1490
f 1490 1117 1118
f 1105 1106 1806
f 1132 1806 1106
f 1299 1053 864
f 865 864 1053
f 299 618 805
f 805 300 299
f 1311 1249 1246
f 1246 1314 1311
f 219 1357 1358
f 1358 220 219
f 182 1747 183
f 1748 183 1747
f 1779 1242 1778
f 1243 1778 1242
f 199 1334 881
f 881 200 199
f 1149 1566 1567
f 1567 1148 1149
f 1119 1488 1118
f 1489 1118 1488
f 801 800 1806
f 1806 1132 801
f 1244 1777 1778
f 1778 1243 1244
f 1368 969 968
f 968 1367 1368
f 218 1356 219
f 1357 219 1356
f 1245 1776 1777
f 1777 1244 1245
f 967 1366 1367
f 1367 968 967
f 1747 182 181
f 181 705 1747
f 198 736 199
f 1334 199 736
f 1776 1245 1242
f 1242 1779 1776
f 966 1365 967
f 1366 967 1365
f 546 334 333
f 333 545 546
f 1488 1119 1491
f 1116 1491 1119
f 1356 218 217
f 217 1355 1356
f 1615 1238 1239
f 1239 1614 1615
f 1365 966 969
f 969 1368 1365
f 1566 1149 1569
f 1146 1569 1149
f 545 333 548
f 336 548 333
f 1240 1613 1614
f 1614 1239 1240
f 512 513 965
f 965 1538 512
f 1241 1612 1240
f 1613 1240 1612
f 475 474 1538
f 1538 965 475
f 1355 217 220
f 220 1358 1355
f 331 504 505
f 505 332 331
f 1612 1241 1238
f 1238 1615 1612
f 1099 1100 1145
f 1145 1642 1099
f 1423 1547 1316
f 1316 1315 1423
f 8 1234 1235
f 1235 7 8
f 330 503 504
f 504 331 330
f 785 784 1642
f 1642 1145 785
f 1236 6 7
f 7 1235 1236
f 1237 5 1236
f 6 1236 5
f 503 330 329
f 329 502 503
f 5 1237 1234
f 1234 8 5
f 502 329 505
f 332 505 329
f 798 1230 1231
f 1231 797 798
f 1232 796 797
f 797 1231 1232
f 1233 795 1232
f 796 1232 795
f 327 1581 1582
f 1582 328 327
f 795 1233 1230
f 1230 798 795
f 1310 1226 1227
f 1227 1309 1310
f 326 1580 1581
f 1581 327 326
f 1228 1308 1309
f 1309 1227 1228
f 1229 1307 1228
f 1308 1228 1307
f 1580 326 325
f 325 1579 1580
f 1307 1229 1226
f 1226 1310 1307
f 1670 1222 1669
f 1223 1669 1222
f 1224 1668 1669
f 1669 1223 1224
f 1579 325 1582
f 328 1582 325
f 1225 1667 1668
f 1668 1224 1225
f 323 624 808
f 808 324 323
f 1667 1225 1222
f 1222 1670 1667
f 16 1218 15
f 1219 15 1218
f 1220 14 15
f 15 1219 1220
f 1221 13 14
f 14 1220 1221
f 13 1221 1218
f 1218 16 13
f 732 1214 1215
f 1215 731 732
f 1216 730 731
f 731 1215 1216
f 1217 729 1216
f 730 1216 729
f 729 1217 1214
f 1214 732 729
f 874 1210 1211
f 1211 873 874
f 1212 872 873
f 873 1211 1212
f 447 1459 448
f 1460 448 1459
f 1213 871 1212
f 872 1212 871
f 446 1458 1459
f 1459 447 446
f 871 1213 1210
f 1210 874 871
f 1458 446 445
f 445 1457 1458
f 1114 1206 1207
f 1207 1113 1114
f 863 1068 864
f 1299 864 1068
f 1208 1112 1113
f 1113 1207 1208
f 1457 445 448
f 448 1460 1457
f 1209 1111 1208
f 1112 1208 1111
f 1111 1209 1206
f 1206 1114 1111
f 443 1645 444
f 1646 444 1645
f 1549 1594 1495
f 1495 1494 1549
f 1374 1431 1318
f 1318 1317 1374
f 1804 1098 1097
f 1097 1801 1804
f 442 1644 1645
f 1645 443 442
f 1796 1797 1792
f 1793 1792 1797
f 1782 1786 1781
f 1781 1780 1782
f 1644 442 441
f 441 1643 1644
f 1643 441 444
f 444 1646 1643
f 439 1741 1742
f 1742 440 439
f 438 1740 1741
f 1741 439 438
f 1740 438 437
f 437 1739 1740
f 1739 437 440
f 440 1742 1739
f 435 854 855
f 855 436 435
f 434 853 854
f 854 435 434
f 853 434 433
f 433 852 853
f 852 433 436
f 436 855 852
f 431 629 630
f 630 432 431
f 430 628 629
f 629 431 430
f 255 1353 256
f 1354 256 1353
f 254 1352 255
f 1353 255 1352
f 1352 254 253
f 253 1351 1352
f 1351 253 256
f 256 1354 1351
f 251 1512 252
f 1513 252 1512
f 250 1511 251
f 1512 251 1511
f 1511 250 249
f 249 1510 1511
f 1510 249 252
f 252 1513 1510
f 367 1677 368
f 1678 368 1677
f 247 1649 1650
f 1650 248 247
f 366 1676 1677
f 1677 367 366
f 246 1648 247
f 1649 247 1648
f 1676 366 365
f 365 1675 1676
f 1648 246 245
f 245 1647 1648
f 1675 365 1678
f 368 1678 365
f 1647 245 248
f 248 1650 1647
f 363 1639 364
f 1640 364 1639
f 243 1718 1719
f 1719 244 243
f 362 1638 1639
f 1639 363 362
f 242 1717 243
f 1718 243 1717
f 1638 362 361
f 361 1637 1638
f 1717 242 241
f 241 1716 1717
f 1637 361 1640
f 364 1640 361
f 1716 241 244
f 244 1719 1716
f 359 1609 1610
f 1610 360 359
f 1803 1805 1800
f 1800 1799 1803
f 239 641 642
f 642 240 239
f 358 1608 1609
f 1609 359 358
f 238 640 239
f 641 239 640
f 1608 358 357
f 357 1607 1608
f 640 238 237
f 237 639 640
f 1607 357 1610
f 360 1610 357
f 639 237 240
f 240 642 639
f 355 1508 1509
f 1509 356 355
f 235 535 536
f 536 236 235
f 354 1507 1508
f 1508 355 354
f 234 534 235
f 535 235 534
f 1507 354 353
f 353 1506 1507
f 1506 353 1509
f 356 1509 353
f 751 592 752
f 593 752 592
f 646 643 37
f 578 37 643
f 1086 465 466
f 466 1085 1086
f 662 582 661
f 583 661 582
f 1807 1808 1811
f 1808 1810 1811
f 1810 1808 1809
f 747 588 589
f 589 748 747
f 1813 1812 1808
f 1808 1807 1813
f 689 830 831
f 831 688 689
f 1087 464 465
f 465 1086 1087
f 663 581 662
f 582 662 581
f 645 646 36
f 36 646 37
f 36 588 747
f 36 747 645
f 1808 1812 1814
f 1814 1809 1808
f 541 882 40
f 40 1090 541
f 1085 466 1815
f 1815 466 467
f 1816 1815 467
f 1084 1816 467
f 583 1818 661
f 661 1818 660
f 1817 584 660
f 1817 660 1818
f 749 590 750
f 591 750 590
f 688 831 832
f 832 687 688
f 686 833 685
f 834 685 833
f 1072 43 1723
f 50 1723 43
f 462 1089 1820
f 461 1820 39
f 1820 461 462
f 461 39 38
f 1819 579 665
f 38 1819 666
f 38 666 461
f 666 1819 665
f 46 1305 1744
f 1744 47 46
f 1070 1503 1445
f 1503 1070 1813
f 1813 1470 1503
f 1445 1069 1070
f 1069 1445 1444
f 1470 1807 1444
f 1807 1811 1069
f 1444 1807 1069
f 1807 1470 1813
f 1069 1811 1810
f 1617 1809 1814
f 1617 1814 1600
f 1600 1721 1572
f 1721 1600 1814
f 1810 1809 1722
f 1573 1572 1722
f 1722 1572 1721
f 1573 1722 1809
f 1809 1617 1573
f 1810 1722 1069
f 1089 462 1088
f 463 1088 462
f 665 579 664
f 580 664 579
f 684 835 683
f 683 835 836
f 683 1093 1821
f 1093 683 836
f 1821 1094 683
f 685 834 684
f 835 684 834
f 468 18 467
f 18 468 659
f 1084 467 18
f 17 659 660
f 659 17 18
f 660 584 17
f 829 830 41
f 41 830 689
f 829 41 882
f 40 882 41
f 594 569 1822
f 594 1822 570
f 594 753 752
f 753 594 570
f 752 593 594
f 750 591 592
f 592 751 750
f 1088 463 1087
f 464 1087 463
f 664 580 581
f 581 663 664
f 748 589 749
f 590 749 589
f 1070 1071 1813
f 1812 1071 1720
f 1813 1071 1812
f 1720 1721 1814
f 1814 1812 1720
f 687 832 686
f 833 686 832
f 45 44 1069
f 1306 1069 1722
f 1069 1306 45
f 49 48 1722
f 1745 1722 48
f 1722 1745 1306
