v 3.987500 -3.612500 11.650000
v 3.987500 -3.612500 11.625000
v 3.987500 -3.587500 11.625000
v 3.987500 -3.587500 11.650000
v 4.012500 -3.612500 11.650000
v 4.012500 -3.612500 11.625000
v 3.987500 -5.062500 11.150000
v 3.987500 -5.062500 11.125000
v 3.987500 -5.037500 11.125000
v 3.987500 -5.037500 11.150000
v 4.012500 -5.062500 11.150000
v 4.012500 -5.062500 11.125000
v 21.987500 -3.037500 10.925000
v 21.987500 -3.037500 10.900000
v 21.987500 -3.012500 10.900000
v 21.987500 -3.012500 10.925000
v 22.012500 -3.037500 10.925000
v 22.012500 -3.037500 10.900000
v -3.987500 -2.412500 11.525000
v -3.987500 -2.412500 11.550000
v -3.987500 -2.387500 11.550000
v -3.987500 -2.387500 11.525000
v -3.012500 -2.412500 11.525000
v -3.012500 -2.412500 11.550000
v -6.387500 1.912500 11.275000
v -6.387500 1.912500 11.300000
v -6.387500 1.937500 11.300000
v -6.387500 1.937500 11.275000
v -3.012500 1.912500 11.275000
v -3.012500 1.912500 11.300000
v -21.987500 -0.687500 10.900000
v -21.987500 -0.687500 10.925000
v -21.987500 -0.662500 10.925000
v -21.987500 -0.662500 10.900000
v -21.012500 -0.687500 10.900000
v -21.012500 -0.687500 10.925000
v -4.012500 9.487500 10.100000
v -4.012500 9.487500 10.075000
v -4.012500 9.512500 10.075000
v -4.012500 9.412500 10.125000
v -4.012500 9.412500 10.100000
v -4.012500 9.362500 10.150000
v -4.012500 9.362500 10.125000
v -4.012500 9.312500 10.175000
v -4.012500 9.312500 10.150000
v -4.012500 9.237500 10.200000
v -4.012500 9.237500 10.175000
v -4.012500 9.512500 10.525000
v -4.012500 9.187500 10.225000
v -4.012500 9.187500 10.200000
v -4.012500 9.462500 10.525000
v -4.012500 9.112500 10.250000
v -4.012500 9.112500 10.225000
v -4.012500 9.412500 10.550000
v -4.012500 9.462500 10.550000
v -4.012500 9.062500 10.275000
v -4.012500 9.062500 10.250000
v -4.012500 9.362500 10.575000
v -4.012500 9.412500 10.575000
v -4.012500 9.012500 10.300000
v -4.012500 9.012500 10.275000
v -4.012500 9.287500 10.600000
v -4.012500 9.362500 10.600000
v -4.012500 8.937500 10.325000
v -4.012500 8.937500 10.300000
v -4.012500 9.237500 10.625000
v -4.012500 9.287500 10.625000
v -4.012500 8.887500 10.350000
v -4.012500 8.887500 10.325000
v -4.012500 9.187500 10.650000
v -4.012500 9.237500 10.650000
v -4.012500 8.812500 10.375000
v -4.012500 8.812500 10.350000
v -4.012500 9.112500 10.675000
v -4.012500 9.187500 10.675000
v -4.012500 8.762500 10.400000
v -4.012500 8.762500 10.375000
v -4.012500 9.062500 10.700000
v -4.012500 9.112500 10.700000
v -4.012500 8.712500 10.425000
v -4.012500 8.712500 10.400000
v -4.012500 8.987500 10.725000
v -4.012500 9.062500 10.725000
v -4.012500 8.637500 10.450000
v -4.012500 8.637500 10.425000
v -4.012500 8.937500 10.750000
v -4.012500 8.987500 10.750000
v -4.012500 8.587500 10.475000
v -4.012500 8.587500 10.450000
v -4.012500 8.887500 10.775000
v -4.012500 8.937500 10.775000
v -4.012500 8.537500 10.500000
v -4.012500 8.537500 10.475000
v -4.012500 8.812500 10.800000
v -4.012500 8.887500 10.800000
v -4.012500 8.462500 10.525000
v -4.012500 8.462500 10.500000
v -4.012500 8.762500 10.825000
v -4.012500 8.812500 10.825000
v -4.012500 8.412500 10.550000
v -4.012500 8.412500 10.525000
v -4.012500 8.712500 10.850000
v -4.012500 8.762500 10.850000
v -4.012500 8.337500 10.575000
v -4.012500 8.337500 10.550000
v -4.012500 8.637500 10.875000
v -4.012500 8.712500 10.875000
v -4.012500 8.287500 10.600000
v -4.012500 8.287500 10.575000
v -4.012500 8.587500 10.900000
v -4.012500 8.637500 10.900000
v -4.012500 8.237500 10.625000
v -4.012500 8.237500 10.600000
v -4.012500 8.512500 10.925000
v -4.012500 8.587500 10.925000
v -4.012500 8.162500 10.650000
v -4.012500 8.162500 10.625000
v -4.012500 8.462500 10.950000
v -4.012500 8.512500 10.950000
v -4.012500 8.112500 10.675000
v -4.012500 8.112500 10.650000
v -4.012500 8.412500 10.975000
v -4.012500 8.462500 10.975000
v -4.012500 8.062500 10.700000
v -4.012500 8.062500 10.675000
v -4.012500 8.337500 11.000000
v -4.012500 8.412500 11.000000
v -4.012500 7.987500 10.725000
v -4.012500 7.987500 10.700000
v -4.012500 8.287500 11.025000
v -4.012500 8.337500 11.025000
v -4.012500 7.937500 10.750000
v -4.012500 7.937500 10.725000
v -4.012500 8.212500 11.050000
v -4.012500 8.287500 11.050000
v -4.012500 7.862500 10.775000
v -4.012500 7.862500 10.750000
v -4.012500 8.162500 11.075000
v -4.012500 8.212500 11.075000
v -4.012500 7.812500 10.800000
v -4.012500 7.812500 10.775000
v -4.012500 8.112500 11.100000
v -4.012500 8.162500 11.100000
v -4.012500 7.762500 10.825000
v -4.012500 7.762500 10.800000
v -4.012500 8.037500 11.125000
v -4.012500 8.112500 11.125000
v -4.012500 7.687500 10.850000
v -4.012500 7.687500 10.825000
v -4.012500 7.987500 11.150000
v -4.012500 8.037500 11.150000
v -4.012500 7.637500 10.875000
v -4.012500 7.637500 10.850000
v -4.012500 7.937500 11.175000
v -4.012500 7.987500 11.175000
v -4.012500 7.562500 10.900000
v -4.012500 7.562500 10.875000
v -4.012500 7.862500 11.200000
v -4.012500 7.937500 11.200000
v -4.012500 7.512500 10.925000
v -4.012500 7.512500 10.900000
v -4.012500 7.812500 11.225000
v -4.012500 7.862500 11.225000
v -4.012500 7.462500 10.950000
v -4.012500 7.462500 10.925000
v -4.012500 7.737500 11.250000
v -4.012500 7.812500 11.250000
v -4.012500 7.387500 10.975000
v -4.012500 7.387500 10.950000
v -4.012500 7.687500 11.275000
v -4.012500 7.737500 11.275000
v -4.012500 7.337500 11.000000
v -4.012500 7.337500 10.975000
v -4.012500 7.637500 11.300000
v -4.012500 7.687500 11.300000
v -4.012500 7.287500 11.025000
v -4.012500 7.287500 11.000000
v -4.012500 7.562500 11.325000
v -4.012500 7.637500 11.325000
v -4.012500 7.212500 11.050000
v -4.012500 7.212500 11.025000
v -4.012500 7.512500 11.350000
v -4.012500 7.562500 11.350000
v -4.012500 7.137500 11.075000
v -4.012500 7.137500 11.050000
v -4.012500 7.437500 11.375000
v -4.012500 7.512500 11.375000
v -4.012500 7.387500 11.400000
v -4.012500 7.437500 11.400000
v -4.012500 7.062500 11.100000
v -4.012500 7.062500 11.075000
v -4.012500 7.337500 11.425000
v -4.012500 7.387500 11.425000
v -4.012500 6.962500 11.125000
v -4.012500 6.962500 11.100000
v -4.012500 7.237500 11.450000
v -4.012500 7.337500 11.450000
v -4.012500 6.862500 11.150000
v -4.012500 6.862500 11.125000
v -4.012500 7.137500 11.475000
v -4.012500 7.237500 11.475000
v -4.012500 6.787500 11.175000
v -4.012500 6.787500 11.150000
v -4.012500 7.062500 11.500000
v -4.012500 7.137500 11.500000
v -4.012500 6.687500 11.200000
v -4.012500 6.687500 11.175000
v -4.012500 6.962500 11.525000
v -4.012500 7.062500 11.525000
v -4.012500 6.587500 11.225000
v -4.012500 6.587500 11.200000
v -4.012500 6.862500 11.550000
v -4.012500 6.962500 11.550000
v -4.012500 6.512500 11.250000
v -4.012500 6.512500 11.225000
v -4.012500 6.787500 11.575000
v -4.012500 6.862500 11.575000
v -4.012500 6.412500 11.275000
v -4.012500 6.412500 11.250000
v -4.012500 6.687500 11.600000
v -4.012500 6.787500 11.600000
v -4.012500 6.312500 11.300000
v -4.012500 6.312500 11.275000
v -4.012500 6.587500 11.625000
v -4.012500 6.687500 11.625000
v -4.012500 6.212500 11.325000
v -4.012500 6.212500 11.300000
v -4.012500 6.512500 11.650000
v -4.012500 6.587500 11.650000
v -4.012500 6.137500 11.350000
v -4.012500 6.137500 11.325000
v -4.012500 6.412500 11.675000
v -4.012500 6.512500 11.675000
v -4.012500 6.037500 11.375000
v -4.012500 6.037500 11.350000
v -4.012500 6.312500 11.700000
v -4.012500 6.412500 11.700000
v -4.012500 5.937500 11.400000
v -4.012500 5.937500 11.375000
v -4.012500 6.237500 11.725000
v -4.012500 6.312500 11.725000
v -4.012500 5.862500 11.425000
v -4.012500 5.862500 11.400000
v -4.012500 6.137500 11.750000
v -4.012500 6.237500 11.750000
v -4.012500 5.762500 11.450000
v -4.012500 5.762500 11.425000
v -4.012500 6.037500 11.775000
v -4.012500 6.137500 11.775000
v -4.012500 5.662500 11.475000
v -4.012500 5.662500 11.450000
v -4.012500 5.962500 11.800000
v -4.012500 6.037500 11.800000
v -4.012500 5.587500 11.500000
v -4.012500 5.587500 11.475000
v -4.012500 5.862500 11.825000
v -4.012500 5.962500 11.825000
v -4.012500 5.487500 11.525000
v -4.012500 5.487500 11.500000
v -4.012500 5.762500 11.850000
v -4.012500 5.862500 11.850000
v -4.012500 5.387500 11.550000
v -4.012500 5.387500 11.525000
v -4.012500 5.662500 11.875000
v -4.012500 5.762500 11.875000
v -4.012500 5.312500 11.575000
v -4.012500 5.312500 11.550000
v -4.012500 5.587500 11.900000
v -4.012500 5.662500 11.900000
v -4.012500 5.212500 11.600000
v -4.012500 5.212500 11.575000
v -4.012500 5.487500 11.925000
v -4.012500 5.587500 11.925000
v -4.012500 5.112500 11.625000
v -4.012500 5.112500 11.600000
v -4.012500 5.387500 11.950000
v -4.012500 5.487500 11.950000
v -4.012500 5.037500 11.650000
v -4.012500 5.037500 11.625000
v -4.012500 5.312500 11.975000
v -4.012500 5.387500 11.975000
v -4.012500 4.937500 11.675000
v -4.012500 4.937500 11.650000
v -4.012500 5.212500 12.000000
v -4.012500 5.312500 12.000000
v -4.012500 5.112500 12.025000
v -4.012500 5.212500 12.025000
v -4.012500 4.737500 11.700000
v -4.012500 4.737500 11.675000
v -4.012500 5.012500 12.050000
v -4.012500 5.112500 12.050000
v -4.012500 4.562500 11.725000
v -4.012500 4.562500 11.700000
v -4.012500 4.837500 12.075000
v -4.012500 5.012500 12.075000
v -4.012500 4.362500 11.750000
v -4.012500 4.362500 11.725000
v -4.012500 4.637500 12.100000
v -4.012500 4.837500 12.100000
v -4.012500 4.187500 11.775000
v -4.012500 4.187500 11.750000
v -4.012500 4.462500 12.125000
v -4.012500 4.637500 12.125000
v -4.012500 3.987500 11.800000
v -4.012500 3.987500 11.775000
v -4.012500 4.262500 12.150000
v -4.012500 4.462500 12.150000
v -4.012500 3.812500 11.825000
v -4.012500 3.812500 11.800000
v -4.012500 4.087500 12.175000
v -4.012500 4.262500 12.175000
v -4.012500 3.612500 11.850000
v -4.012500 3.612500 11.825000
v -4.012500 3.887500 12.200000
v -4.012500 4.087500 12.200000
v -4.012500 3.437500 11.875000
v -4.012500 3.437500 11.850000
v -4.012500 3.712500 12.225000
v -4.012500 3.887500 12.225000
v -4.012500 3.237500 11.900000
v -4.012500 3.237500 11.875000
v -4.012500 3.512500 12.250000
v -4.012500 3.712500 12.250000
v -4.012500 3.062500 11.925000
v -4.012500 3.062500 11.900000
v -4.012500 3.337500 12.275000
v -4.012500 3.512500 12.275000
v -4.012500 2.862500 11.950000
v -4.012500 2.862500 11.925000
v -4.012500 3.137500 12.300000
v -4.012500 3.337500 12.300000
v -4.012500 2.687500 11.975000
v -4.012500 2.687500 11.950000
v -4.012500 2.962500 12.325000
v -4.012500 3.137500 12.325000
v -4.012500 2.762500 12.350000
v -4.012500 2.962500 12.350000
v -4.012500 2.762500 12.375000
v -4.012500 0.312500 11.975000
v -4.012500 0.137500 11.950000
v -4.012500 0.312500 11.950000
v -4.012500 -0.062500 11.925000
v -4.012500 0.137500 11.925000
v -4.012500 0.237500 12.350000
v -4.012500 -0.237500 11.900000
v -4.012500 -0.062500 11.900000
v -4.012500 0.237500 12.375000
v -4.012500 0.037500 12.325000
v -4.012500 0.037500 12.350000
v -4.012500 -0.437500 11.875000
v -4.012500 -0.237500 11.875000
v -4.012500 -0.137500 12.300000
v -4.012500 -0.612500 11.850000
v -4.012500 -0.437500 11.850000
v -4.012500 -0.137500 12.325000
v -4.012500 -0.337500 12.275000
v -4.012500 -0.812500 11.825000
v -4.012500 -0.612500 11.825000
v -4.012500 -0.337500 12.300000
v -4.012500 -0.512500 12.250000
v -4.012500 -0.512500 12.275000
v -4.012500 -0.987500 11.800000
v -4.012500 -0.812500 11.800000
v -4.012500 -0.712500 12.225000
v -4.012500 -1.187500 11.775000
v -4.012500 -0.987500 11.775000
v -4.012500 -0.712500 12.250000
v -4.012500 -0.887500 12.200000
v -4.012500 -0.887500 12.225000
v -4.012500 -1.362500 11.750000
v -4.012500 -1.187500 11.750000
v -4.012500 -1.087500 12.175000
v -4.012500 -1.562500 11.725000
v -4.012500 -1.362500 11.725000
v -4.012500 -1.087500 12.200000
v -4.012500 -1.262500 12.150000
v -4.012500 -1.737500 11.700000
v -4.012500 -1.562500 11.700000
v -4.012500 -1.262500 12.175000
v -4.012500 -1.462500 12.125000
v -4.012500 -1.462500 12.150000
v -4.012500 -1.937500 11.675000
v -4.012500 -1.737500 11.675000
v -4.012500 -2.037500 11.650000
v -4.012500 -1.937500 11.650000
v -4.012500 -1.637500 12.100000
v -4.012500 -2.112500 11.625000
v -4.012500 -2.037500 11.625000
v -4.012500 -1.637500 12.125000
v -4.012500 -2.212500 11.600000
v -4.012500 -2.112500 11.600000
v -4.012500 -2.312500 11.575000
v -4.012500 -2.212500 11.575000
v -4.012500 -1.837500 12.075000
v -4.012500 -1.837500 12.100000
v -4.012500 -2.387500 11.550000
v -4.012500 -2.312500 11.550000
v -4.012500 -2.487500 11.525000
v -4.012500 -2.387500 11.525000
v -4.012500 -2.012500 12.050000
v -4.012500 -2.587500 11.500000
v -4.012500 -2.487500 11.500000
v -4.012500 -2.012500 12.075000
v -4.012500 -2.687500 11.475000
v -4.012500 -2.587500 11.475000
v -4.012500 -2.137500 12.025000
v -4.012500 -2.137500 12.050000
v -4.012500 -2.762500 11.450000
v -4.012500 -2.687500 11.450000
v -4.012500 -2.212500 12.000000
v -4.012500 -2.212500 12.025000
v -4.012500 -2.312500 11.975000
v -4.012500 -2.862500 11.425000
v -4.012500 -2.762500 11.425000
v -4.012500 -2.312500 12.000000
v -4.012500 -2.962500 11.400000
v -4.012500 -2.862500 11.400000
v -4.012500 -2.412500 11.950000
v -4.012500 -2.412500 11.975000
v -4.012500 -3.037500 11.375000
v -4.012500 -2.962500 11.375000
v -4.012500 -2.487500 11.925000
v -4.012500 -2.487500 11.950000
v -4.012500 -3.137500 11.350000
v -4.012500 -3.037500 11.350000
v -4.012500 -2.587500 11.900000
v -4.012500 -2.587500 11.925000
v -4.012500 -2.687500 11.875000
v -4.012500 -3.237500 11.325000
v -4.012500 -3.137500 11.325000
v -4.012500 -2.687500 11.900000
v -4.012500 -2.762500 11.850000
v -4.012500 -3.312500 11.300000
v -4.012500 -3.237500 11.300000
v -4.012500 -2.762500 11.875000
v -4.012500 -3.412500 11.275000
v -4.012500 -3.312500 11.275000
v -4.012500 -2.862500 11.825000
v -4.012500 -2.862500 11.850000
v -4.012500 -3.512500 11.250000
v -4.012500 -3.412500 11.250000
v -4.012500 -2.962500 11.800000
v -4.012500 -2.962500 11.825000
v -4.012500 -3.587500 11.225000
v -4.012500 -3.512500 11.225000
v -4.012500 -3.037500 11.775000
v -4.012500 -3.037500 11.800000
v -4.012500 -3.687500 11.200000
v -4.012500 -3.587500 11.200000
v -4.012500 -3.137500 11.750000
v -4.012500 -3.137500 11.775000
v -4.012500 -3.237500 11.725000
v -4.012500 -3.787500 11.175000
v -4.012500 -3.687500 11.175000
v -4.012500 -3.237500 11.750000
v -4.012500 -3.862500 11.150000
v -4.012500 -3.787500 11.150000
v -4.012500 -3.312500 11.700000
v -4.012500 -3.312500 11.725000
v -4.012500 -3.962500 11.125000
v -4.012500 -3.862500 11.125000
v -4.012500 -3.412500 11.675000
v -4.012500 -3.412500 11.700000
v -4.012500 -4.062500 11.100000
v -4.012500 -3.962500 11.100000
v -4.012500 -3.512500 11.650000
v -4.012500 -3.512500 11.675000
v -4.012500 -3.612500 11.625000
v -4.012500 -4.162500 11.075000
v -4.012500 -4.062500 11.075000
v -4.012500 -3.612500 11.650000
v -4.012500 -4.212500 11.050000
v -4.012500 -4.162500 11.050000
v -4.012500 -3.687500 11.600000
v -4.012500 -3.687500 11.625000
v -4.012500 -4.287500 11.025000
v -4.012500 -4.212500 11.025000
v -4.012500 -4.337500 11.000000
v -4.012500 -4.287500 11.000000
v -4.012500 -3.787500 11.575000
v -4.012500 -3.787500 11.600000
v -4.012500 -4.412500 10.975000
v -4.012500 -4.337500 10.975000
v -4.012500 -4.462500 10.950000
v -4.012500 -4.412500 10.950000
v -4.012500 -3.887500 11.550000
v -4.012500 -4.512500 10.925000
v -4.012500 -4.462500 10.925000
v -4.012500 -3.887500 11.575000
v -4.012500 -3.962500 11.525000
v -4.012500 -4.587500 10.900000
v -4.012500 -4.512500 10.900000
v -4.012500 -3.962500 11.550000
v -4.012500 -4.637500 10.875000
v -4.012500 -4.587500 10.875000
v -4.012500 -4.687500 10.850000
v -4.012500 -4.637500 10.850000
v -4.012500 -4.062500 11.500000
v -4.012500 -4.062500 11.525000
v -4.012500 -4.762500 10.825000
v -4.012500 -4.687500 10.825000
v -4.012500 -4.812500 10.800000
v -4.012500 -4.762500 10.800000
v -4.012500 -4.162500 11.475000
v -4.012500 -4.162500 11.500000
v -4.012500 -4.887500 10.775000
v -4.012500 -4.812500 10.775000
v -4.012500 -4.237500 11.450000
v -4.012500 -4.937500 10.750000
v -4.012500 -4.887500 10.750000
v -4.012500 -4.237500 11.475000
v -4.012500 -4.987500 10.725000
v -4.012500 -4.937500 10.725000
v -4.012500 -4.337500 11.425000
v -4.012500 -5.062500 10.700000
v -4.012500 -4.987500 10.700000
v -4.012500 -4.337500 11.450000
v -4.012500 -4.387500 11.400000
v -4.012500 -5.112500 10.675000
v -4.012500 -5.062500 10.675000
v -4.012500 -4.387500 11.425000
v -4.012500 -5.162500 10.650000
v -4.012500 -5.112500 10.650000
v -4.012500 -4.462500 11.375000
v -4.012500 -4.462500 11.400000
v -4.012500 -4.512500 11.350000
v -4.012500 -5.237500 10.625000
v -4.012500 -5.162500 10.625000
v -4.012500 -4.512500 11.375000
v -4.012500 -5.287500 10.600000
v -4.012500 -5.237500 10.600000
v -4.012500 -4.562500 11.325000
v -4.012500 -4.562500 11.350000
v -4.012500 -5.362500 10.575000
v -4.012500 -5.287500 10.575000
v -4.012500 -4.637500 11.300000
v -4.012500 -4.637500 11.325000
v -4.012500 -4.687500 11.275000
v -4.012500 -5.412500 10.550000
v -4.012500 -5.362500 10.550000
v -4.012500 -5.462500 10.525000
v -4.012500 -5.412500 10.525000
v -4.012500 -4.687500 11.300000
v -4.012500 -4.762500 11.250000
v -4.012500 -4.762500 11.275000
v -4.012500 -4.812500 11.225000
v -4.012500 -5.537500 10.500000
v -4.012500 -5.462500 10.500000
v -4.012500 -4.812500 11.250000
v -4.012500 -4.862500 11.200000
v -4.012500 -5.587500 10.475000
v -4.012500 -5.537500 10.475000
v -4.012500 -4.862500 11.225000
v -4.012500 -5.662500 10.450000
v -4.012500 -5.587500 10.450000
v -4.012500 -4.937500 11.175000
v -4.012500 -4.987500 11.150000
v -4.012500 -4.937500 11.200000
v -4.012500 -5.712500 10.425000
v -4.012500 -5.662500 10.425000
v -4.012500 -4.987500 11.175000
v -4.012500 -5.762500 10.400000
v -4.012500 -5.712500 10.400000
v -4.012500 -5.062500 11.125000
v -4.012500 -5.112500 11.100000
v -4.012500 -5.062500 11.150000
v -4.012500 -5.837500 10.375000
v -4.012500 -5.762500 10.375000
v -4.012500 -5.112500 11.125000
v -4.012500 -5.887500 10.350000
v -4.012500 -5.837500 10.350000
v -4.012500 -5.162500 11.075000
v -4.012500 -5.162500 11.100000
v -4.012500 -5.937500 10.325000
v -4.012500 -5.887500 10.325000
v -4.012500 -5.237500 11.050000
v -4.012500 -5.237500 11.075000
v -4.012500 -5.287500 11.025000
v -4.012500 -6.012500 10.300000
v -4.012500 -5.937500 10.300000
v -4.012500 -5.287500 11.050000
v -4.012500 -5.337500 11.000000
v -4.012500 -6.062500 10.275000
v -4.012500 -6.012500 10.275000
v -4.012500 -5.337500 11.025000
v -4.012500 -5.412500 10.975000
v -4.012500 -6.137500 10.250000
v -4.012500 -6.062500 10.250000
v -4.012500 -5.412500 11.000000
v -4.012500 -5.462500 10.950000
v -4.012500 -6.187500 10.225000
v -4.012500 -6.137500 10.225000
v -4.012500 -5.462500 10.975000
v -4.012500 -6.237500 10.200000
v -4.012500 -6.187500 10.200000
v -4.012500 -5.537500 10.925000
v -4.012500 -5.587500 10.900000
v -4.012500 -5.537500 10.950000
v -4.012500 -6.312500 10.175000
v -4.012500 -6.237500 10.175000
v -4.012500 -6.362500 10.150000
v -4.012500 -6.312500 10.150000
v -4.012500 -5.587500 10.925000
v -4.012500 -5.637500 10.875000
v -4.012500 -5.637500 10.900000
v -4.012500 -5.712500 10.850000
v -4.012500 -6.437500 10.125000
v -4.012500 -6.362500 10.125000
v -4.012500 -5.712500 10.875000
v -4.012500 -6.487500 10.100000
v -4.012500 -6.437500 10.100000
v -4.012500 -5.762500 10.825000
v -4.012500 -6.512500 10.075000
v -4.012500 -6.487500 10.075000
v -4.012500 -5.762500 10.850000
v -4.012500 -5.812500 10.800000
v -4.012500 -5.812500 10.825000
v -4.012500 -5.887500 10.775000
v -4.012500 -5.887500 10.800000
v -4.012500 -5.937500 10.750000
v -4.012500 -5.937500 10.775000
v -4.012500 -6.012500 10.725000
v -4.012500 -6.012500 10.750000
v -4.012500 -6.062500 10.700000
v -4.012500 -6.062500 10.725000
v -4.012500 -6.112500 10.675000
v -4.012500 -6.112500 10.700000
v -4.012500 -6.187500 10.650000
v -4.012500 -6.187500 10.675000
v -4.012500 -6.237500 10.625000
v -4.012500 -6.237500 10.650000
v -4.012500 -6.312500 10.600000
v -4.012500 -6.312500 10.625000
v -4.012500 -6.362500 10.575000
v -4.012500 -6.362500 10.600000
v -4.012500 -6.412500 10.550000
v -4.012500 -6.412500 10.575000
v -4.012500 -6.487500 10.525000
v -4.012500 -6.512500 10.525000
v -4.012500 -6.487500 10.550000
v 4.012500 -6.487500 10.100000
v 4.012500 -6.487500 10.075000
v 4.012500 9.412500 10.550000
v 4.012500 9.462500 10.550000
v 4.012500 9.462500 10.525000
v 4.012500 9.362500 10.575000
v 4.012500 9.412500 10.575000
v 4.012500 9.287500 10.600000
v 4.012500 9.362500 10.600000
v 4.012500 9.237500 10.625000
v 4.012500 9.287500 10.625000
v 4.012500 9.187500 10.650000
v 4.012500 9.237500 10.650000
v 4.012500 9.112500 10.675000
v 4.012500 9.187500 10.675000
v 4.012500 9.062500 10.700000
v 4.012500 9.112500 10.700000
v 4.012500 8.987500 10.725000
v 4.012500 9.062500 10.725000
v 4.012500 8.937500 10.750000
v 4.012500 8.987500 10.750000
v 4.012500 8.887500 10.775000
v 4.012500 8.937500 10.775000
v 4.012500 8.812500 10.800000
v 4.012500 8.887500 10.800000
v 4.012500 9.487500 10.100000
v 4.012500 9.512500 10.525000
v 4.012500 9.512500 10.075000
v 4.012500 8.762500 10.825000
v 4.012500 8.812500 10.825000
v 4.012500 9.487500 10.075000
v 4.012500 8.712500 10.850000
v 4.012500 8.762500 10.850000
v 4.012500 9.412500 10.125000
v 4.012500 9.412500 10.100000
v 4.012500 9.362500 10.150000
v 4.012500 8.637500 10.875000
v 4.012500 8.712500 10.875000
v 4.012500 9.362500 10.125000
v 4.012500 9.312500 10.175000
v 4.012500 8.587500 10.900000
v 4.012500 8.637500 10.900000
v 4.012500 9.312500 10.150000
v 4.012500 8.512500 10.925000
v 4.012500 8.587500 10.925000
v 4.012500 9.237500 10.200000
v 4.012500 9.237500 10.175000
v 4.012500 8.462500 10.950000
v 4.012500 8.512500 10.950000
v 4.012500 9.187500 10.225000
v 4.012500 9.187500 10.200000
v 4.012500 8.412500 10.975000
v 4.012500 8.462500 10.975000
v 4.012500 9.112500 10.250000
v 4.012500 8.337500 11.000000
v 4.012500 8.412500 11.000000
v 4.012500 9.112500 10.225000
v 4.012500 9.062500 10.275000
v 4.012500 9.062500 10.250000
v 4.012500 9.012500 10.300000
v 4.012500 8.287500 11.025000
v 4.012500 8.337500 11.025000
v 4.012500 9.012500 10.275000
v 4.012500 8.212500 11.050000
v 4.012500 8.287500 11.050000
v 4.012500 8.937500 10.325000
v 4.012500 8.937500 10.300000
v 4.012500 8.162500 11.075000
v 4.012500 8.212500 11.075000
v 4.012500 8.887500 10.350000
v 4.012500 8.112500 11.100000
v 4.012500 8.162500 11.100000
v 4.012500 8.887500 10.325000
v 4.012500 8.812500 10.375000
v 4.012500 8.037500 11.125000
v 4.012500 8.112500 11.125000
v 4.012500 8.812500 10.350000
v 4.012500 8.762500 10.400000
v 4.012500 8.712500 10.425000
v 4.012500 7.987500 11.150000
v 4.012500 8.037500 11.150000
v 4.012500 8.762500 10.375000
v 4.012500 8.712500 10.400000
v 4.012500 7.937500 11.175000
v 4.012500 7.987500 11.175000
v 4.012500 8.637500 10.450000
v 4.012500 7.862500 11.200000
v 4.012500 7.937500 11.200000
v 4.012500 8.637500 10.425000
v 4.012500 8.587500 10.475000
v 4.012500 8.587500 10.450000
v 4.012500 8.537500 10.500000
v 4.012500 7.812500 11.225000
v 4.012500 7.862500 11.225000
v 4.012500 8.537500 10.475000
v 4.012500 7.737500 11.250000
v 4.012500 7.812500 11.250000
v 4.012500 8.462500 10.525000
v 4.012500 8.462500 10.500000
v 4.012500 8.412500 10.550000
v 4.012500 7.687500 11.275000
v 4.012500 7.737500 11.275000
v 4.012500 8.412500 10.525000
v 4.012500 7.637500 11.300000
v 4.012500 7.687500 11.300000
v 4.012500 8.337500 10.575000
v 4.012500 8.337500 10.550000
v 4.012500 7.562500 11.325000
v 4.012500 7.637500 11.325000
v 4.012500 8.287500 10.600000
v 4.012500 8.287500 10.575000
v 4.012500 8.237500 10.625000
v 4.012500 7.512500 11.350000
v 4.012500 7.562500 11.350000
v 4.012500 8.237500 10.600000
v 4.012500 7.437500 11.375000
v 4.012500 7.512500 11.375000
v 4.012500 8.162500 10.650000
v 4.012500 8.162500 10.625000
v 4.012500 8.112500 10.675000
v 4.012500 7.387500 11.400000
v 4.012500 7.437500 11.400000
v 4.012500 7.337500 11.425000
v 4.012500 7.387500 11.425000
v 4.012500 8.112500 10.650000
v 4.012500 8.062500 10.700000
v 4.012500 8.062500 10.675000
v 4.012500 7.987500 10.725000
v 4.012500 7.237500 11.450000
v 4.012500 7.337500 11.450000
v 4.012500 7.937500 10.750000
v 4.012500 7.987500 10.700000
v 4.012500 7.937500 10.725000
v 4.012500 7.862500 10.775000
v 4.012500 7.812500 10.800000
v 4.012500 7.862500 10.750000
v 4.012500 7.137500 11.475000
v 4.012500 7.237500 11.475000
v 4.012500 7.812500 10.775000
v 4.012500 7.762500 10.825000
v 4.012500 7.062500 11.500000
v 4.012500 7.137500 11.500000
v 4.012500 7.762500 10.800000
v 4.012500 7.687500 10.850000
v 4.012500 7.687500 10.825000
v 4.012500 7.637500 10.875000
v 4.012500 6.962500 11.525000
v 4.012500 7.062500 11.525000
v 4.012500 7.637500 10.850000
v 4.012500 7.562500 10.900000
v 4.012500 7.562500 10.875000
v 4.012500 7.512500 10.925000
v 4.012500 6.862500 11.550000
v 4.012500 6.962500 11.550000
v 4.012500 7.512500 10.900000
v 4.012500 7.462500 10.950000
v 4.012500 7.462500 10.925000
v 4.012500 6.787500 11.575000
v 4.012500 6.862500 11.575000
v 4.012500 7.387500 10.975000
v 4.012500 7.337500 11.000000
v 4.012500 7.387500 10.950000
v 4.012500 7.337500 10.975000
v 4.012500 7.287500 11.025000
v 4.012500 7.287500 11.000000
v 4.012500 6.687500 11.600000
v 4.012500 6.787500 11.600000
v 4.012500 7.212500 11.050000
v 4.012500 7.212500 11.025000
v 4.012500 6.587500 11.625000
v 4.012500 6.687500 11.625000
v 4.012500 7.137500 11.075000
v 4.012500 7.137500 11.050000
v 4.012500 6.512500 11.650000
v 4.012500 6.587500 11.650000
v 4.012500 7.062500 11.100000
v 4.012500 7.062500 11.075000
v 4.012500 6.412500 11.675000
v 4.012500 6.512500 11.675000
v 4.012500 6.962500 11.125000
v 4.012500 6.962500 11.100000
v 4.012500 6.312500 11.700000
v 4.012500 6.412500 11.700000
v 4.012500 6.862500 11.150000
v 4.012500 6.862500 11.125000
v 4.012500 6.787500 11.175000
v 4.012500 6.237500 11.725000
v 4.012500 6.312500 11.725000
v 4.012500 6.787500 11.150000
v 4.012500 6.137500 11.750000
v 4.012500 6.237500 11.750000
v 4.012500 6.687500 11.200000
v 4.012500 6.687500 11.175000
v 4.012500 6.037500 11.775000
v 4.012500 6.137500 11.775000
v 4.012500 6.587500 11.225000
v 4.012500 6.587500 11.200000
v 4.012500 5.962500 11.800000
v 4.012500 6.037500 11.800000
v 4.012500 6.512500 11.250000
v 4.012500 6.512500 11.225000
v 4.012500 6.412500 11.275000
v 4.012500 5.862500 11.825000
v 4.012500 5.962500 11.825000
v 4.012500 6.412500 11.250000
v 4.012500 6.312500 11.300000
v 4.012500 5.762500 11.850000
v 4.012500 5.862500 11.850000
v 4.012500 6.312500 11.275000
v 4.012500 5.662500 11.875000
v 4.012500 5.762500 11.875000
v 4.012500 6.212500 11.325000
v 4.012500 6.212500 11.300000
v 4.012500 5.587500 11.900000
v 4.012500 5.662500 11.900000
v 4.012500 6.137500 11.350000
v 4.012500 6.137500 11.325000
v 4.012500 5.487500 11.925000
v 4.012500 5.587500 11.925000
v 4.012500 6.037500 11.375000
v 4.012500 6.037500 11.350000
v 4.012500 5.387500 11.950000
v 4.012500 5.487500 11.950000
v 4.012500 5.937500 11.400000
v 4.012500 5.937500 11.375000
v 4.012500 5.862500 11.425000
v 4.012500 5.312500 11.975000
v 4.012500 5.387500 11.975000
v 4.012500 5.862500 11.400000
v 4.012500 5.212500 12.000000
v 4.012500 5.312500 12.000000
v 4.012500 5.762500 11.450000
v 4.012500 5.762500 11.425000
v 4.012500 5.112500 12.025000
v 4.012500 5.212500 12.025000
v 4.012500 5.662500 11.475000
v 4.012500 5.662500 11.450000
v 4.012500 5.587500 11.500000
v 4.012500 5.012500 12.050000
v 4.012500 5.112500 12.050000
v 4.012500 5.587500 11.475000
v 4.012500 5.487500 11.525000
v 4.012500 5.487500 11.500000
v 4.012500 5.387500 11.550000
v 4.012500 5.387500 11.525000
v 4.012500 4.837500 12.075000
v 4.012500 5.012500 12.075000
v 4.012500 5.312500 11.575000
v 4.012500 5.312500 11.550000
v 4.012500 5.212500 11.600000
v 4.012500 5.212500 11.575000
v 4.012500 5.112500 11.625000
v 4.012500 4.637500 12.100000
v 4.012500 4.837500 12.100000
v 4.012500 5.112500 11.600000
v 4.012500 5.037500 11.650000
v 4.012500 5.037500 11.625000
v 4.012500 4.937500 11.675000
v 4.012500 4.937500 11.650000
v 4.012500 4.462500 12.125000
v 4.012500 4.637500 12.125000
v 4.012500 4.737500 11.700000
v 4.012500 4.737500 11.675000
v 4.012500 4.262500 12.150000
v 4.012500 4.462500 12.150000
v 4.012500 4.562500 11.725000
v 4.012500 4.087500 12.175000
v 4.012500 4.262500 12.175000
v 4.012500 4.562500 11.700000
v 4.012500 4.362500 11.750000
v 4.012500 4.362500 11.725000
v 4.012500 3.887500 12.200000
v 4.012500 4.087500 12.200000
v 4.012500 4.187500 11.775000
v 4.012500 4.187500 11.750000
v 4.012500 3.712500 12.225000
v 4.012500 3.887500 12.225000
v 4.012500 3.987500 11.800000
v 4.012500 3.987500 11.775000
v 4.012500 3.512500 12.250000
v 4.012500 3.712500 12.250000
v 4.012500 3.812500 11.825000
v 4.012500 3.812500 11.800000
v 4.012500 3.337500 12.275000
v 4.012500 3.512500 12.275000
v 4.012500 3.612500 11.850000
v 4.012500 3.137500 12.300000
v 4.012500 3.337500 12.300000
v 4.012500 3.612500 11.825000
v 4.012500 3.437500 11.875000
v 4.012500 3.437500 11.850000
v 4.012500 2.962500 12.325000
v 4.012500 3.137500 12.325000
v 4.012500 3.237500 11.900000
v 4.012500 3.237500 11.875000
v 4.012500 2.762500 12.350000
v 4.012500 2.962500 12.350000
v 4.012500 3.062500 11.925000
v 4.012500 3.062500 11.900000
v 4.012500 2.862500 11.950000
v 4.012500 2.862500 11.925000
v 4.012500 2.687500 11.975000
v 4.012500 2.762500 12.375000
v 4.012500 2.687500 11.950000
v 4.012500 0.037500 12.325000
v 4.012500 0.037500 12.350000
v 4.012500 0.237500 12.350000
v 4.012500 0.312500 11.975000
v 4.012500 0.237500 12.375000
v 4.012500 -0.137500 12.300000
v 4.012500 -0.137500 12.325000
v 4.012500 0.137500 11.950000
v 4.012500 0.312500 11.950000
v 4.012500 -0.337500 12.275000
v 4.012500 -0.337500 12.300000
v 4.012500 -0.062500 11.925000
v 4.012500 0.137500 11.925000
v 4.012500 -0.512500 12.250000
v 4.012500 -0.512500 12.275000
v 4.012500 -0.237500 11.900000
v 4.012500 -0.062500 11.900000
v 4.012500 -0.712500 12.225000
v 4.012500 -0.712500 12.250000
v 4.012500 -0.437500 11.875000
v 4.012500 -0.237500 11.875000
v 4.012500 -0.887500 12.200000
v 4.012500 -0.887500 12.225000
v 4.012500 -0.612500 11.850000
v 4.012500 -0.437500 11.850000
v 4.012500 -1.087500 12.175000
v 4.012500 -1.087500 12.200000
v 4.012500 -0.812500 11.825000
v 4.012500 -0.612500 11.825000
v 4.012500 -1.262500 12.150000
v 4.012500 -1.262500 12.175000
v 4.012500 -0.987500 11.800000
v 4.012500 -0.812500 11.800000
v 4.012500 -1.462500 12.125000
v 4.012500 -1.462500 12.150000
v 4.012500 -1.187500 11.775000
v 4.012500 -0.987500 11.775000
v 4.012500 -1.637500 12.100000
v 4.012500 -1.637500 12.125000
v 4.012500 -1.362500 11.750000
v 4.012500 -1.187500 11.750000
v 4.012500 -1.837500 12.075000
v 4.012500 -1.837500 12.100000
v 4.012500 -1.562500 11.725000
v 4.012500 -1.362500 11.725000
v 4.012500 -2.012500 12.050000
v 4.012500 -2.012500 12.075000
v 4.012500 -1.737500 11.700000
v 4.012500 -1.562500 11.700000
v 4.012500 -2.137500 12.025000
v 4.012500 -2.137500 12.050000
v 4.012500 -2.212500 12.000000
v 4.012500 -2.212500 12.025000
v 4.012500 -1.937500 11.675000
v 4.012500 -1.737500 11.675000
v 4.012500 -2.312500 11.975000
v 4.012500 -2.312500 12.000000
v 4.012500 -2.037500 11.650000
v 4.012500 -1.937500 11.650000
v 4.012500 -2.412500 11.950000
v 4.012500 -2.412500 11.975000
v 4.012500 -2.112500 11.625000
v 4.012500 -2.037500 11.625000
v 4.012500 -2.487500 11.925000
v 4.012500 -2.487500 11.950000
v 4.012500 -2.212500 11.600000
v 4.012500 -2.112500 11.600000
v 4.012500 -2.587500 11.900000
v 4.012500 -2.587500 11.925000
v 4.012500 -2.312500 11.575000
v 4.012500 -2.212500 11.575000
v 4.012500 -2.687500 11.875000
v 4.012500 -2.687500 11.900000
v 4.012500 -2.387500 11.550000
v 4.012500 -2.312500 11.550000
v 4.012500 -2.762500 11.850000
v 4.012500 -2.762500 11.875000
v 4.012500 -2.487500 11.525000
v 4.012500 -2.387500 11.525000
v 4.012500 -2.862500 11.825000
v 4.012500 -2.862500 11.850000
v 4.012500 -2.587500 11.500000
v 4.012500 -2.487500 11.500000
v 4.012500 -2.962500 11.800000
v 4.012500 -2.962500 11.825000
v 4.012500 -2.687500 11.475000
v 4.012500 -2.587500 11.475000
v 4.012500 -3.037500 11.775000
v 4.012500 -3.037500 11.800000
v 4.012500 -2.762500 11.450000
v 4.012500 -2.687500 11.450000
v 4.012500 -3.137500 11.750000
v 4.012500 -3.137500 11.775000
v 4.012500 -2.862500 11.425000
v 4.012500 -2.762500 11.425000
v 4.012500 -3.237500 11.725000
v 4.012500 -3.237500 11.750000
v 4.012500 -2.962500 11.400000
v 4.012500 -2.862500 11.400000
v 4.012500 -3.312500 11.700000
v 4.012500 -3.312500 11.725000
v 4.012500 -3.037500 11.375000
v 4.012500 -2.962500 11.375000
v 4.012500 -3.412500 11.675000
v 4.012500 -3.412500 11.700000
v 4.012500 -3.137500 11.350000
v 4.012500 -3.037500 11.350000
v 4.012500 -3.512500 11.650000
v 4.012500 -3.512500 11.675000
v 4.012500 -3.237500 11.325000
v 4.012500 -3.137500 11.325000
v 4.012500 -3.312500 11.300000
v 4.012500 -3.237500 11.300000
v 4.012500 -3.687500 11.600000
v 4.012500 -3.687500 11.625000
v 4.012500 -3.412500 11.275000
v 4.012500 -3.312500 11.275000
v 4.012500 -3.787500 11.575000
v 4.012500 -3.787500 11.600000
v 4.012500 -3.512500 11.250000
v 4.012500 -3.412500 11.250000
v 4.012500 -3.887500 11.550000
v 4.012500 -3.887500 11.575000
v 4.012500 -3.587500 11.225000
v 4.012500 -3.512500 11.225000
v 4.012500 -3.962500 11.525000
v 4.012500 -3.962500 11.550000
v 4.012500 -3.687500 11.200000
v 4.012500 -3.587500 11.200000
v 4.012500 -4.062500 11.500000
v 4.012500 -4.062500 11.525000
v 4.012500 -3.787500 11.175000
v 4.012500 -3.687500 11.175000
v 4.012500 -4.162500 11.475000
v 4.012500 -4.162500 11.500000
v 4.012500 -3.862500 11.150000
v 4.012500 -3.787500 11.150000
v 4.012500 -4.237500 11.450000
v 4.012500 -4.237500 11.475000
v 4.012500 -3.962500 11.125000
v 4.012500 -3.862500 11.125000
v 4.012500 -4.337500 11.425000
v 4.012500 -4.337500 11.450000
v 4.012500 -4.062500 11.100000
v 4.012500 -3.962500 11.100000
v 4.012500 -4.387500 11.400000
v 4.012500 -4.387500 11.425000
v 4.012500 -4.462500 11.375000
v 4.012500 -4.462500 11.400000
v 4.012500 -4.162500 11.075000
v 4.012500 -4.062500 11.075000
v 4.012500 -4.212500 11.050000
v 4.012500 -4.162500 11.050000
v 4.012500 -4.512500 11.350000
v 4.012500 -4.512500 11.375000
v 4.012500 -4.562500 11.325000
v 4.012500 -4.562500 11.350000
v 4.012500 -4.287500 11.025000
v 4.012500 -4.212500 11.025000
v 4.012500 -4.637500 11.300000
v 4.012500 -4.637500 11.325000
v 4.012500 -4.337500 11.000000
v 4.012500 -4.287500 11.000000
v 4.012500 -4.687500 11.275000
v 4.012500 -4.687500 11.300000
v 4.012500 -4.412500 10.975000
v 4.012500 -4.337500 10.975000
v 4.012500 -4.462500 10.950000
v 4.012500 -4.412500 10.950000
v 4.012500 -4.762500 11.250000
v 4.012500 -4.762500 11.275000
v 4.012500 -4.512500 10.925000
v 4.012500 -4.462500 10.925000
v 4.012500 -4.812500 11.225000
v 4.012500 -4.812500 11.250000
v 4.012500 -4.862500 11.200000
v 4.012500 -4.862500 11.225000
v 4.012500 -4.587500 10.900000
v 4.012500 -4.512500 10.900000
v 4.012500 -4.937500 11.175000
v 4.012500 -4.937500 11.200000
v 4.012500 -4.637500 10.875000
v 4.012500 -4.587500 10.875000
v 4.012500 -4.987500 11.150000
v 4.012500 -4.987500 11.175000
v 4.012500 -4.687500 10.850000
v 4.012500 -4.637500 10.850000
v 4.012500 -4.762500 10.825000
v 4.012500 -4.687500 10.825000
v 4.012500 -5.112500 11.100000
v 4.012500 -5.112500 11.125000
v 4.012500 -4.812500 10.800000
v 4.012500 -4.762500 10.800000
v 4.012500 -5.162500 11.075000
v 4.012500 -5.162500 11.100000
v 4.012500 -4.887500 10.775000
v 4.012500 -4.812500 10.775000
v 4.012500 -5.237500 11.050000
v 4.012500 -5.237500 11.075000
v 4.012500 -4.937500 10.750000
v 4.012500 -4.887500 10.750000
v 4.012500 -5.287500 11.025000
v 4.012500 -5.287500 11.050000
v 4.012500 -4.987500 10.725000
v 4.012500 -4.937500 10.725000
v 4.012500 -5.337500 11.000000
v 4.012500 -5.337500 11.025000
v 4.012500 -5.062500 10.700000
v 4.012500 -4.987500 10.700000
v 4.012500 -5.112500 10.675000
v 4.012500 -5.062500 10.675000
v 4.012500 -5.412500 10.975000
v 4.012500 -5.412500 11.000000
v 4.012500 -5.462500 10.950000
v 4.012500 -5.462500 10.975000
v 4.012500 -5.162500 10.650000
v 4.012500 -5.112500 10.650000
v 4.012500 -5.537500 10.925000
v 4.012500 -5.537500 10.950000
v 4.012500 -5.237500 10.625000
v 4.012500 -5.162500 10.625000
v 4.012500 -5.587500 10.900000
v 4.012500 -5.587500 10.925000
v 4.012500 -5.287500 10.600000
v 4.012500 -5.237500 10.600000
v 4.012500 -5.637500 10.875000
v 4.012500 -5.637500 10.900000
v 4.012500 -5.362500 10.575000
v 4.012500 -5.287500 10.575000
v 4.012500 -5.412500 10.550000
v 4.012500 -5.362500 10.550000
v 4.012500 -5.712500 10.850000
v 4.012500 -5.712500 10.875000
v 4.012500 -5.462500 10.525000
v 4.012500 -5.412500 10.525000
v 4.012500 -5.762500 10.825000
v 4.012500 -5.762500 10.850000
v 4.012500 -5.812500 10.800000
v 4.012500 -5.812500 10.825000
v 4.012500 -5.537500 10.500000
v 4.012500 -5.462500 10.500000
v 4.012500 -5.587500 10.475000
v 4.012500 -5.537500 10.475000
v 4.012500 -5.887500 10.775000
v 4.012500 -5.887500 10.800000
v 4.012500 -5.937500 10.750000
v 4.012500 -5.937500 10.775000
v 4.012500 -5.662500 10.450000
v 4.012500 -5.587500 10.450000
v 4.012500 -5.712500 10.425000
v 4.012500 -5.662500 10.425000
v 4.012500 -6.012500 10.725000
v 4.012500 -6.012500 10.750000
v 4.012500 -6.062500 10.700000
v 4.012500 -6.062500 10.725000
v 4.012500 -5.762500 10.400000
v 4.012500 -5.712500 10.400000
v 4.012500 -6.112500 10.675000
v 4.012500 -6.112500 10.700000
v 4.012500 -5.837500 10.375000
v 4.012500 -5.762500 10.375000
v 4.012500 -6.187500 10.650000
v 4.012500 -6.187500 10.675000
v 4.012500 -5.887500 10.350000
v 4.012500 -5.837500 10.350000
v 4.012500 -5.937500 10.325000
v 4.012500 -5.887500 10.325000
v 4.012500 -6.237500 10.625000
v 4.012500 -6.237500 10.650000
v 4.012500 -6.012500 10.300000
v 4.012500 -5.937500 10.300000
v 4.012500 -6.312500 10.600000
v 4.012500 -6.312500 10.625000
v 4.012500 -6.362500 10.575000
v 4.012500 -6.362500 10.600000
v 4.012500 -6.062500 10.275000
v 4.012500 -6.012500 10.275000
v 4.012500 -6.412500 10.550000
v 4.012500 -6.412500 10.575000
v 4.012500 -6.137500 10.250000
v 4.012500 -6.062500 10.250000
v 4.012500 -6.187500 10.225000
v 4.012500 -6.137500 10.225000
v 4.012500 -6.487500 10.525000
v 4.012500 -6.487500 10.550000
v 4.012500 -6.237500 10.200000
v 4.012500 -6.187500 10.200000
v 4.012500 -6.312500 10.175000
v 4.012500 -6.237500 10.175000
v 4.012500 -6.362500 10.150000
v 4.012500 -6.312500 10.150000
v 4.012500 -6.437500 10.125000
v 4.012500 -6.512500 10.525000
v 4.012500 -6.362500 10.125000
v 4.012500 -6.437500 10.100000
v 4.012500 -6.512500 10.075000
v -3.012500 -5.462500 10.500000
v -3.012500 -5.462500 10.525000
v -22.012500 7.462500 9.100000
v -22.012500 7.462500 9.075000
v -22.012500 7.512500 9.075000
v -22.012500 7.412500 9.125000
v -22.012500 7.412500 9.100000
v -22.012500 7.362500 9.150000
v -22.012500 7.362500 9.125000
v -22.012500 7.312500 9.175000
v -22.012500 7.312500 9.150000
v -22.012500 7.262500 9.200000
v -22.012500 7.262500 9.175000
v -22.012500 7.512500 9.525000
v -22.012500 7.187500 9.225000
v -22.012500 7.187500 9.200000
v -22.012500 7.487500 9.525000
v -22.012500 7.137500 9.250000
v -22.012500 7.137500 9.225000
v -22.012500 7.437500 9.550000
v -22.012500 7.487500 9.550000
v -22.012500 7.087500 9.275000
v -22.012500 7.087500 9.250000
v -22.012500 7.362500 9.575000
v -22.012500 7.437500 9.575000
v -22.012500 7.037500 9.300000
v -22.012500 7.037500 9.275000
v -22.012500 7.312500 9.600000
v -22.012500 7.362500 9.600000
v -22.012500 6.987500 9.325000
v -22.012500 6.987500 9.300000
v -22.012500 7.262500 9.625000
v -22.012500 7.312500 9.625000
v -22.012500 6.937500 9.350000
v -22.012500 6.937500 9.325000
v -22.012500 7.212500 9.650000
v -22.012500 7.262500 9.650000
v -22.012500 6.887500 9.375000
v -22.012500 6.887500 9.350000
v -22.012500 7.162500 9.675000
v -22.012500 7.212500 9.675000
v -22.012500 6.837500 9.400000
v -22.012500 6.837500 9.375000
v -22.012500 7.112500 9.700000
v -22.012500 7.162500 9.700000
v -22.012500 6.787500 9.425000
v -22.012500 6.787500 9.400000
v -22.012500 7.062500 9.725000
v -22.012500 7.112500 9.725000
v -22.012500 6.737500 9.450000
v -22.012500 6.737500 9.425000
v -22.012500 7.012500 9.750000
v -22.012500 7.062500 9.750000
v -22.012500 6.687500 9.475000
v -22.012500 6.687500 9.450000
v -22.012500 6.962500 9.775000
v -22.012500 7.012500 9.775000
v -22.012500 6.612500 9.500000
v -22.012500 6.612500 9.475000
v -22.012500 6.912500 9.800000
v -22.012500 6.962500 9.800000
v -22.012500 6.562500 9.525000
v -22.012500 6.562500 9.500000
v -22.012500 6.837500 9.825000
v -22.012500 6.912500 9.825000
v -22.012500 6.512500 9.550000
v -22.012500 6.512500 9.525000
v -22.012500 6.787500 9.850000
v -22.012500 6.837500 9.850000
v -22.012500 6.462500 9.575000
v -22.012500 6.462500 9.550000
v -22.012500 6.737500 9.875000
v -22.012500 6.787500 9.875000
v -22.012500 6.412500 9.600000
v -22.012500 6.412500 9.575000
v -22.012500 6.687500 9.900000
v -22.012500 6.737500 9.900000
v -22.012500 6.362500 9.625000
v -22.012500 6.362500 9.600000
v -22.012500 6.637500 9.925000
v -22.012500 6.687500 9.925000
v -22.012500 6.312500 9.650000
v -22.012500 6.312500 9.625000
v -22.012500 6.587500 9.950000
v -22.012500 6.637500 9.950000
v -22.012500 6.262500 9.675000
v -22.012500 6.262500 9.650000
v -22.012500 6.537500 9.975000
v -22.012500 6.587500 9.975000
v -22.012500 6.212500 9.700000
v -22.012500 6.212500 9.675000
v -22.012500 6.487500 10.000000
v -22.012500 6.537500 10.000000
v -22.012500 6.162500 9.725000
v -22.012500 6.162500 9.700000
v -22.012500 6.437500 10.025000
v -22.012500 6.487500 10.025000
v -22.012500 6.087500 9.750000
v -22.012500 6.087500 9.725000
v -22.012500 6.387500 10.050000
v -22.012500 6.437500 10.050000
v -22.012500 6.037500 9.775000
v -22.012500 6.037500 9.750000
v -22.012500 6.337500 10.075000
v -22.012500 6.387500 10.075000
v -22.012500 5.987500 9.800000
v -22.012500 5.987500 9.775000
v -22.012500 6.262500 10.100000
v -22.012500 6.337500 10.100000
v -22.012500 5.937500 9.825000
v -22.012500 5.937500 9.800000
v -22.012500 6.212500 10.125000
v -22.012500 6.262500 10.125000
v -22.012500 5.887500 9.850000
v -22.012500 5.887500 9.825000
v -22.012500 6.162500 10.150000
v -22.012500 6.212500 10.150000
v -22.012500 5.837500 9.875000
v -22.012500 5.837500 9.850000
v -22.012500 6.112500 10.175000
v -22.012500 6.162500 10.175000
v -22.012500 5.787500 9.900000
v -22.012500 5.787500 9.875000
v -22.012500 6.062500 10.200000
v -22.012500 6.112500 10.200000
v -22.012500 5.737500 9.925000
v -22.012500 5.737500 9.900000
v -22.012500 6.012500 10.225000
v -22.012500 6.062500 10.225000
v -22.012500 5.687500 9.950000
v -22.012500 5.687500 9.925000
v -22.012500 5.962500 10.250000
v -22.012500 6.012500 10.250000
v -22.012500 5.637500 9.975000
v -22.012500 5.637500 9.950000
v -22.012500 5.912500 10.275000
v -22.012500 5.962500 10.275000
v -22.012500 5.562500 10.000000
v -22.012500 5.562500 9.975000
v -22.012500 5.862500 10.300000
v -22.012500 5.912500 10.300000
v -22.012500 5.512500 10.025000
v -22.012500 5.512500 10.000000
v -22.012500 5.812500 10.325000
v -22.012500 5.862500 10.325000
v -22.012500 5.462500 10.050000
v -22.012500 5.462500 10.025000
v -22.012500 5.737500 10.350000
v -22.012500 5.812500 10.350000
v -22.012500 5.387500 10.075000
v -22.012500 5.387500 10.050000
v -22.012500 5.687500 10.375000
v -22.012500 5.737500 10.375000
v -22.012500 5.637500 10.400000
v -22.012500 5.687500 10.400000
v -22.012500 5.312500 10.100000
v -22.012500 5.312500 10.075000
v -22.012500 5.562500 10.425000
v -22.012500 5.637500 10.425000
v -22.012500 5.237500 10.125000
v -22.012500 5.237500 10.100000
v -22.012500 5.487500 10.450000
v -22.012500 5.562500 10.450000
v -22.012500 5.137500 10.150000
v -22.012500 5.137500 10.125000
v -22.012500 5.412500 10.475000
v -22.012500 5.487500 10.475000
v -22.012500 5.062500 10.175000
v -22.012500 5.062500 10.150000
v -22.012500 5.337500 10.500000
v -22.012500 5.412500 10.500000
v -22.012500 4.987500 10.200000
v -22.012500 4.987500 10.175000
v -22.012500 5.237500 10.525000
v -22.012500 5.337500 10.525000
v -22.012500 4.912500 10.225000
v -22.012500 4.912500 10.200000
v -22.012500 5.162500 10.550000
v -22.012500 5.237500 10.550000
v -22.012500 4.812500 10.250000
v -22.012500 4.812500 10.225000
v -22.012500 5.087500 10.575000
v -22.012500 5.162500 10.575000
v -22.012500 4.737500 10.275000
v -22.012500 4.737500 10.250000
v -22.012500 5.012500 10.600000
v -22.012500 5.087500 10.600000
v -22.012500 4.662500 10.300000
v -22.012500 4.662500 10.275000
v -22.012500 4.912500 10.625000
v -22.012500 5.012500 10.625000
v -22.012500 4.587500 10.325000
v -22.012500 4.587500 10.300000
v -22.012500 4.837500 10.650000
v -22.012500 4.912500 10.650000
v -22.012500 4.487500 10.350000
v -22.012500 4.487500 10.325000
v -22.012500 4.762500 10.675000
v -22.012500 4.837500 10.675000
v -22.012500 4.412500 10.375000
v -22.012500 4.412500 10.350000
v -22.012500 4.662500 10.700000
v -22.012500 4.762500 10.700000
v -22.012500 4.337500 10.400000
v -22.012500 4.337500 10.375000
v -22.012500 4.587500 10.725000
v -22.012500 4.662500 10.725000
v -22.012500 4.237500 10.425000
v -22.012500 4.237500 10.400000
v -22.012500 4.512500 10.750000
v -22.012500 4.587500 10.750000
v -22.012500 4.162500 10.450000
v -22.012500 4.162500 10.425000
v -22.012500 4.437500 10.775000
v -22.012500 4.512500 10.775000
v -22.012500 4.087500 10.475000
v -22.012500 4.087500 10.450000
v -22.012500 4.337500 10.800000
v -22.012500 4.437500 10.800000
v -22.012500 4.012500 10.500000
v -22.012500 4.012500 10.475000
v -22.012500 4.262500 10.825000
v -22.012500 4.337500 10.825000
v -22.012500 3.912500 10.525000
v -22.012500 3.912500 10.500000
v -22.012500 4.187500 10.850000
v -22.012500 4.262500 10.850000
v -22.012500 3.837500 10.550000
v -22.012500 3.837500 10.525000
v -22.012500 4.112500 10.875000
v -22.012500 4.187500 10.875000
v -22.012500 3.762500 10.575000
v -22.012500 3.762500 10.550000
v -22.012500 4.012500 10.900000
v -22.012500 4.112500 10.900000
v -22.012500 3.687500 10.600000
v -22.012500 3.687500 10.575000
v -22.012500 3.937500 10.925000
v -22.012500 4.012500 10.925000
v -22.012500 3.587500 10.625000
v -22.012500 3.587500 10.600000
v -22.012500 3.862500 10.950000
v -22.012500 3.937500 10.950000
v -22.012500 3.512500 10.650000
v -22.012500 3.512500 10.625000
v -22.012500 3.762500 10.975000
v -22.012500 3.862500 10.975000
v -22.012500 3.687500 11.000000
v -22.012500 3.762500 11.000000
v -22.012500 3.337500 10.675000
v -22.012500 3.337500 10.650000
v -22.012500 3.587500 11.025000
v -22.012500 3.687500 11.025000
v -22.012500 3.187500 10.700000
v -22.012500 3.187500 10.675000
v -22.012500 3.437500 11.050000
v -22.012500 3.587500 11.050000
v -22.012500 3.012500 10.725000
v -22.012500 3.012500 10.700000
v -22.012500 3.262500 11.075000
v -22.012500 3.437500 11.075000
v -22.012500 2.837500 10.750000
v -22.012500 2.837500 10.725000
v -22.012500 3.087500 11.100000
v -22.012500 3.262500 11.100000
v -22.012500 2.662500 10.775000
v -22.012500 2.662500 10.750000
v -22.012500 2.937500 11.125000
v -22.012500 3.087500 11.125000
v -22.012500 2.512500 10.800000
v -22.012500 2.512500 10.775000
v -22.012500 2.762500 11.150000
v -22.012500 2.937500 11.150000
v -22.012500 2.337500 10.825000
v -22.012500 2.337500 10.800000
v -22.012500 2.587500 11.175000
v -22.012500 2.762500 11.175000
v -22.012500 2.162500 10.850000
v -22.012500 2.162500 10.825000
v -22.012500 2.437500 11.200000
v -22.012500 2.587500 11.200000
v -22.012500 2.012500 10.875000
v -22.012500 2.012500 10.850000
v -22.012500 2.262500 11.225000
v -22.012500 2.437500 11.225000
v -22.012500 1.837500 10.900000
v -22.012500 1.837500 10.875000
v -22.012500 2.087500 11.250000
v -22.012500 2.262500 11.250000
v -22.012500 1.662500 10.925000
v -22.012500 1.662500 10.900000
v -22.012500 1.937500 11.275000
v -22.012500 2.087500 11.275000
v -22.012500 1.512500 10.950000
v -22.012500 1.512500 10.925000
v -22.012500 1.762500 11.300000
v -22.012500 1.937500 11.300000
v -22.012500 1.587500 11.325000
v -22.012500 1.762500 11.325000
v -22.012500 1.587500 11.350000
v -22.012500 -0.512500 10.950000
v -22.012500 -0.662500 10.925000
v -22.012500 -0.512500 10.925000
v -22.012500 -0.837500 10.900000
v -22.012500 -0.662500 10.900000
v -22.012500 -1.012500 10.875000
v -22.012500 -0.837500 10.875000
v -22.012500 -0.587500 11.325000
v -22.012500 -0.587500 11.350000
v -22.012500 -1.187500 10.850000
v -22.012500 -1.012500 10.850000
v -22.012500 -0.762500 11.300000
v -22.012500 -0.762500 11.325000
v -22.012500 -1.337500 10.825000
v -22.012500 -1.187500 10.825000
v -22.012500 -0.937500 11.275000
v -22.012500 -0.937500 11.300000
v -22.012500 -1.512500 10.800000
v -22.012500 -1.337500 10.800000
v -22.012500 -1.087500 11.250000
v -22.012500 -1.087500 11.275000
v -22.012500 -1.687500 10.775000
v -22.012500 -1.512500 10.775000
v -22.012500 -1.262500 11.225000
v -22.012500 -1.262500 11.250000
v -22.012500 -1.837500 10.750000
v -22.012500 -1.687500 10.750000
v -22.012500 -1.437500 11.200000
v -22.012500 -1.437500 11.225000
v -22.012500 -2.012500 10.725000
v -22.012500 -1.837500 10.725000
v -22.012500 -1.587500 11.175000
v -22.012500 -1.587500 11.200000
v -22.012500 -2.187500 10.700000
v -22.012500 -2.012500 10.700000
v -22.012500 -1.762500 11.150000
v -22.012500 -1.762500 11.175000
v -22.012500 -2.337500 10.675000
v -22.012500 -2.187500 10.675000
v -22.012500 -1.937500 11.125000
v -22.012500 -1.937500 11.150000
v -22.012500 -2.512500 10.650000
v -22.012500 -2.337500 10.650000
v -22.012500 -2.587500 10.625000
v -22.012500 -2.512500 10.625000
v -22.012500 -2.112500 11.100000
v -22.012500 -2.112500 11.125000
v -22.012500 -2.687500 10.600000
v -22.012500 -2.587500 10.600000
v -22.012500 -2.762500 10.575000
v -22.012500 -2.687500 10.575000
v -22.012500 -2.262500 11.075000
v -22.012500 -2.262500 11.100000
v -22.012500 -2.837500 10.550000
v -22.012500 -2.762500 10.550000
v -22.012500 -2.937500 10.525000
v -22.012500 -2.837500 10.525000
v -22.012500 -2.437500 11.050000
v -22.012500 -3.012500 10.500000
v -22.012500 -2.937500 10.500000
v -22.012500 -2.437500 11.075000
v -22.012500 -3.087500 10.475000
v -22.012500 -3.012500 10.475000
v -22.012500 -3.162500 10.450000
v -22.012500 -3.087500 10.450000
v -22.012500 -2.612500 11.025000
v -22.012500 -2.612500 11.050000
v -22.012500 -2.687500 11.000000
v -22.012500 -3.262500 10.425000
v -22.012500 -3.162500 10.425000
v -22.012500 -2.687500 11.025000
v -22.012500 -3.337500 10.400000
v -22.012500 -3.262500 10.400000
v -22.012500 -2.787500 10.975000
v -22.012500 -2.787500 11.000000
v -22.012500 -3.412500 10.375000
v -22.012500 -3.337500 10.375000
v -22.012500 -2.862500 10.950000
v -22.012500 -3.487500 10.350000
v -22.012500 -3.412500 10.350000
v -22.012500 -2.862500 10.975000
v -22.012500 -2.937500 10.925000
v -22.012500 -2.937500 10.950000
v -22.012500 -3.587500 10.325000
v -22.012500 -3.487500 10.325000
v -22.012500 -3.037500 10.900000
v -22.012500 -3.037500 10.925000
v -22.012500 -3.662500 10.300000
v -22.012500 -3.587500 10.300000
v -22.012500 -3.112500 10.875000
v -22.012500 -3.737500 10.275000
v -22.012500 -3.662500 10.275000
v -22.012500 -3.112500 10.900000
v -22.012500 -3.187500 10.850000
v -22.012500 -3.187500 10.875000
v -22.012500 -3.837500 10.250000
v -22.012500 -3.737500 10.250000
v -22.012500 -3.262500 10.825000
v -22.012500 -3.262500 10.850000
v -22.012500 -3.912500 10.225000
v -22.012500 -3.837500 10.225000
v -22.012500 -3.362500 10.800000
v -22.012500 -3.987500 10.200000
v -22.012500 -3.912500 10.200000
v -22.012500 -3.362500 10.825000
v -22.012500 -3.437500 10.775000
v -22.012500 -3.437500 10.800000
v -22.012500 -4.062500 10.175000
v -22.012500 -3.987500 10.175000
v -22.012500 -3.512500 10.750000
v -22.012500 -3.512500 10.775000
v -22.012500 -3.587500 10.725000
v -22.012500 -4.162500 10.150000
v -22.012500 -4.062500 10.150000
v -22.012500 -3.587500 10.750000
v -22.012500 -4.237500 10.125000
v -22.012500 -4.162500 10.125000
v -22.012500 -3.687500 10.700000
v -22.012500 -4.312500 10.100000
v -22.012500 -4.237500 10.100000
v -22.012500 -3.687500 10.725000
v -22.012500 -3.762500 10.675000
v -22.012500 -4.387500 10.075000
v -22.012500 -4.312500 10.075000
v -22.012500 -3.762500 10.700000
v -22.012500 -3.837500 10.650000
v -22.012500 -3.837500 10.675000
v -22.012500 -4.462500 10.050000
v -22.012500 -4.387500 10.050000
v -22.012500 -3.912500 10.625000
v -22.012500 -4.537500 10.025000
v -22.012500 -4.462500 10.025000
v -22.012500 -3.912500 10.650000
v -22.012500 -4.587500 10.000000
v -22.012500 -4.537500 10.000000
v -22.012500 -4.637500 9.975000
v -22.012500 -4.587500 9.975000
v -22.012500 -4.012500 10.600000
v -22.012500 -4.012500 10.625000
v -22.012500 -4.687500 9.950000
v -22.012500 -4.637500 9.950000
v -22.012500 -4.087500 10.575000
v -22.012500 -4.737500 9.925000
v -22.012500 -4.687500 9.925000
v -22.012500 -4.087500 10.600000
v -22.012500 -4.787500 9.900000
v -22.012500 -4.737500 9.900000
v -22.012500 -4.837500 9.875000
v -22.012500 -4.787500 9.875000
v -22.012500 -4.162500 10.550000
v -22.012500 -4.887500 9.850000
v -22.012500 -4.837500 9.850000
v -22.012500 -4.162500 10.575000
v -22.012500 -4.937500 9.825000
v -22.012500 -4.887500 9.825000
v -22.012500 -4.262500 10.525000
v -22.012500 -4.987500 9.800000
v -22.012500 -4.937500 9.800000
v -22.012500 -4.262500 10.550000
v -22.012500 -4.337500 10.500000
v -22.012500 -5.062500 9.775000
v -22.012500 -4.987500 9.775000
v -22.012500 -4.337500 10.525000
v -22.012500 -5.112500 9.750000
v -22.012500 -5.062500 9.750000
v -22.012500 -4.412500 10.475000
v -22.012500 -5.162500 9.725000
v -22.012500 -5.112500 9.725000
v -22.012500 -4.412500 10.500000
v -22.012500 -5.212500 9.700000
v -22.012500 -5.162500 9.700000
v -22.012500 -4.487500 10.450000
v -22.012500 -5.262500 9.675000
v -22.012500 -5.212500 9.675000
v -22.012500 -4.487500 10.475000
v -22.012500 -5.312500 9.650000
v -22.012500 -5.262500 9.650000
v -22.012500 -5.362500 9.625000
v -22.012500 -5.312500 9.625000
v -22.012500 -5.412500 9.600000
v -22.012500 -5.362500 9.600000
v -22.012500 -4.587500 10.425000
v -22.012500 -4.587500 10.450000
v -22.012500 -4.637500 10.400000
v -22.012500 -5.462500 9.575000
v -22.012500 -5.412500 9.575000
v -22.012500 -4.637500 10.425000
v -22.012500 -5.512500 9.550000
v -22.012500 -5.462500 9.550000
v -22.012500 -4.712500 10.375000
v -22.012500 -4.712500 10.400000
v -22.012500 -4.762500 10.350000
v -22.012500 -5.587500 9.525000
v -22.012500 -5.512500 9.525000
v -22.012500 -4.762500 10.375000
v -22.012500 -4.812500 10.325000
v -22.012500 -5.637500 9.500000
v -22.012500 -5.587500 9.500000
v -22.012500 -4.812500 10.350000
v -22.012500 -5.687500 9.475000
v -22.012500 -5.637500 9.475000
v -22.012500 -4.862500 10.300000
v -22.012500 -5.737500 9.450000
v -22.012500 -5.687500 9.450000
v -22.012500 -4.862500 10.325000
v -22.012500 -4.912500 10.275000
v -22.012500 -4.912500 10.300000
v -22.012500 -4.962500 10.250000
v -22.012500 -5.787500 9.425000
v -22.012500 -5.737500 9.425000
v -22.012500 -4.962500 10.275000
v -22.012500 -5.012500 10.225000
v -22.012500 -5.837500 9.400000
v -22.012500 -5.787500 9.400000
v -22.012500 -5.012500 10.250000
v -22.012500 -5.062500 10.200000
v -22.012500 -5.887500 9.375000
v -22.012500 -5.837500 9.375000
v -22.012500 -5.062500 10.225000
v -22.012500 -5.112500 10.175000
v -22.012500 -5.937500 9.350000
v -22.012500 -5.887500 9.350000
v -22.012500 -5.112500 10.200000
v -22.012500 -5.162500 10.150000
v -22.012500 -5.987500 9.325000
v -22.012500 -5.937500 9.325000
v -22.012500 -5.162500 10.175000
v -22.012500 -6.037500 9.300000
v -22.012500 -5.987500 9.300000
v -22.012500 -5.237500 10.125000
v -22.012500 -6.087500 9.275000
v -22.012500 -6.037500 9.275000
v -22.012500 -5.237500 10.150000
v -22.012500 -5.287500 10.100000
v -22.012500 -5.287500 10.125000
v -22.012500 -5.337500 10.075000
v -22.012500 -6.162500 9.250000
v -22.012500 -6.087500 9.250000
v -22.012500 -5.337500 10.100000
v -22.012500 -6.212500 9.225000
v -22.012500 -6.162500 9.225000
v -22.012500 -5.387500 10.050000
v -22.012500 -5.387500 10.075000
v -22.012500 -5.437500 10.025000
v -22.012500 -6.262500 9.200000
v -22.012500 -6.212500 9.200000
v -22.012500 -5.437500 10.050000
v -22.012500 -5.487500 10.000000
v -22.012500 -6.312500 9.175000
v -22.012500 -6.262500 9.175000
v -22.012500 -5.487500 10.025000
v -22.012500 -5.537500 9.975000
v -22.012500 -6.362500 9.150000
v -22.012500 -6.312500 9.150000
v -22.012500 -5.537500 10.000000
v -22.012500 -5.587500 9.950000
v -22.012500 -6.412500 9.125000
v -22.012500 -6.362500 9.125000
v -22.012500 -5.587500 9.975000
v -22.012500 -6.462500 9.100000
v -22.012500 -6.412500 9.100000
v -22.012500 -5.637500 9.925000
v -22.012500 -6.512500 9.075000
v -22.012500 -6.462500 9.075000
v -22.012500 -5.637500 9.950000
v -22.012500 -5.687500 9.900000
v -22.012500 -5.687500 9.925000
v -22.012500 -5.737500 9.875000
v -22.012500 -5.737500 9.900000
v -22.012500 -5.812500 9.850000
v -22.012500 -5.812500 9.875000
v -22.012500 -5.862500 9.825000
v -22.012500 -5.862500 9.850000
v -22.012500 -5.912500 9.800000
v -22.012500 -5.962500 9.775000
v -22.012500 -5.912500 9.825000
v -22.012500 -5.962500 9.800000
v -22.012500 -6.012500 9.750000
v -22.012500 -6.012500 9.775000
v -22.012500 -6.062500 9.725000
v -22.012500 -6.062500 9.750000
v -22.012500 -6.112500 9.700000
v -22.012500 -6.112500 9.725000
v -22.012500 -6.162500 9.675000
v -22.012500 -6.212500 9.650000
v -22.012500 -6.162500 9.700000
v -22.012500 -6.212500 9.675000
v -22.012500 -6.262500 9.625000
v -22.012500 -6.262500 9.650000
v -22.012500 -6.337500 9.600000
v -22.012500 -6.337500 9.625000
v -22.012500 -6.387500 9.575000
v -22.012500 -6.387500 9.600000
v -22.012500 -6.437500 9.550000
v -22.012500 -6.487500 9.525000
v -22.012500 -6.437500 9.575000
v -22.012500 -6.512500 9.525000
v -22.012500 -6.487500 9.550000
v -2.987500 -6.462500 9.075000
v -2.987500 -6.462500 9.100000
v -2.987500 -5.537500 9.975000
v -2.987500 -5.537500 10.000000
v -2.987500 -5.512500 10.000000
v -2.987500 -5.587500 9.950000
v -2.987500 -5.587500 9.975000
v -2.987500 -5.637500 9.925000
v -2.987500 -5.637500 9.950000
v -2.987500 -5.687500 9.900000
v -2.987500 -5.687500 9.925000
v -2.987500 -5.737500 9.875000
v -2.987500 -5.737500 9.900000
v -2.987500 -5.812500 9.850000
v -2.987500 -5.812500 9.875000
v -2.987500 -5.512500 9.525000
v -2.987500 -5.862500 9.825000
v -2.987500 -5.862500 9.850000
v -2.987500 -5.587500 9.525000
v -2.987500 -5.912500 9.800000
v -2.987500 -5.912500 9.825000
v -2.987500 -5.637500 9.500000
v -2.987500 -5.587500 9.500000
v -2.987500 -5.962500 9.775000
v -2.987500 -5.962500 9.800000
v -2.987500 -5.687500 9.475000
v -2.987500 -5.637500 9.475000
v -2.987500 -6.012500 9.750000
v -2.987500 -6.012500 9.775000
v -2.987500 -5.737500 9.450000
v -2.987500 -5.687500 9.450000
v -2.987500 -6.062500 9.725000
v -2.987500 -6.062500 9.750000
v -2.987500 -5.787500 9.425000
v -2.987500 -5.737500 9.425000
v -2.987500 -6.112500 9.700000
v -2.987500 -6.112500 9.725000
v -2.987500 -5.837500 9.400000
v -2.987500 -5.787500 9.400000
v -2.987500 -6.162500 9.675000
v -2.987500 -6.162500 9.700000
v -2.987500 -5.887500 9.375000
v -2.987500 -5.837500 9.375000
v -2.987500 -6.212500 9.650000
v -2.987500 -6.212500 9.675000
v -2.987500 -5.937500 9.350000
v -2.987500 -5.887500 9.350000
v -2.987500 -6.262500 9.625000
v -2.987500 -6.262500 9.650000
v -2.987500 -5.987500 9.325000
v -2.987500 -5.937500 9.325000
v -2.987500 -6.337500 9.600000
v -2.987500 -6.337500 9.625000
v -2.987500 -6.037500 9.300000
v -2.987500 -5.987500 9.300000
v -2.987500 -6.387500 9.575000
v -2.987500 -6.387500 9.600000
v -2.987500 -6.087500 9.275000
v -2.987500 -6.037500 9.275000
v -2.987500 -6.437500 9.550000
v -2.987500 -6.437500 9.575000
v -2.987500 -6.162500 9.250000
v -2.987500 -6.087500 9.250000
v -2.987500 -6.487500 9.525000
v -2.987500 -6.487500 9.550000
v -2.987500 -6.212500 9.225000
v -2.987500 -6.162500 9.225000
v -2.987500 -6.262500 9.200000
v -2.987500 -6.212500 9.200000
v -2.987500 -6.312500 9.175000
v -2.987500 -6.262500 9.175000
v -2.987500 -6.362500 9.150000
v -2.987500 -6.312500 9.150000
v -2.987500 -6.412500 9.125000
v -2.987500 -6.512500 9.525000
v -2.987500 -6.362500 9.125000
v -2.987500 -6.412500 9.100000
v -2.987500 -6.512500 9.075000
v -3.012500 7.512500 9.300000
v -3.012500 7.512500 9.525000
v -3.012500 7.512500 9.075000
v 20.887500 0.062500 7.225000
v 20.887500 0.062500 8.700000
v 20.887500 0.937500 8.700000
v 20.887500 0.937500 7.225000
v 21.012500 0.062500 8.700000
v 21.012500 0.062500 7.225000
v 20.887500 0.062500 4.225000
v 20.887500 0.062500 5.700000
v 20.887500 0.937500 5.700000
v 20.887500 0.937500 4.225000
v 21.012500 0.062500 5.700000
v 21.012500 0.062500 4.225000
v 20.887500 0.062500 1.225000
v 20.887500 0.062500 2.700000
v 20.887500 0.937500 2.700000
v 20.887500 0.937500 1.225000
v 21.012500 0.062500 1.225000
v 21.012500 0.062500 2.700000
v -21.012500 -5.512500 -2.700000
v -21.012500 -5.512500 -3.000000
v -21.012500 6.512500 -3.000000
v -21.012500 6.512500 -2.700000
v -21.012500 -5.512500 0.025000
v -21.012500 6.512500 0.025000
v -21.012500 -5.512500 0.300000
v -21.012500 6.512500 0.300000
v -21.012500 0.937500 1.225000
v -21.012500 6.512500 3.025000
v -21.012500 0.937500 2.700000
v -21.012500 -5.512500 3.025000
v -21.012500 0.062500 1.225000
v -21.012500 0.062500 2.700000
v -21.012500 -5.512500 3.300000
v -21.012500 6.512500 3.300000
v -21.012500 0.937500 4.225000
v -21.012500 6.512500 6.025000
v -21.012500 0.937500 5.700000
v -21.012500 -5.512500 6.025000
v -21.012500 0.062500 4.225000
v -21.012500 0.062500 5.700000
v -21.012500 -5.512500 6.300000
v -21.012500 6.512500 6.300000
v -21.012500 0.937500 7.225000
v -21.012500 6.512500 9.025000
v -21.012500 0.937500 8.700000
v -21.012500 -5.512500 9.025000
v -21.012500 0.062500 7.225000
v -21.012500 0.062500 8.700000
v -21.012500 -5.512500 9.300000
v -21.012500 6.512500 9.300000
v -21.012500 6.462500 9.550000
v -21.012500 6.512500 9.525000
v -21.012500 6.512500 9.550000
v -21.012500 6.412500 9.575000
v -21.012500 6.462500 9.575000
v -21.012500 6.362500 9.600000
v -21.012500 6.412500 9.600000
v -21.012500 6.312500 9.625000
v -21.012500 6.362500 9.625000
v -21.012500 6.262500 9.650000
v -21.012500 6.312500 9.650000
v -21.012500 6.212500 9.675000
v -21.012500 6.262500 9.675000
v -21.012500 6.162500 9.700000
v -21.012500 6.212500 9.700000
v -21.012500 6.087500 9.725000
v -21.012500 6.162500 9.725000
v -21.012500 6.037500 9.750000
v -21.012500 6.087500 9.750000
v -21.012500 5.987500 9.775000
v -21.012500 6.037500 9.775000
v -21.012500 5.937500 9.800000
v -21.012500 5.987500 9.800000
v -21.012500 5.887500 9.825000
v -21.012500 5.937500 9.825000
v -21.012500 5.837500 9.850000
v -21.012500 5.887500 9.850000
v -21.012500 5.787500 9.875000
v -21.012500 5.837500 9.875000
v -21.012500 5.737500 9.900000
v -21.012500 5.787500 9.900000
v -21.012500 5.687500 9.925000
v -21.012500 5.737500 9.925000
v -21.012500 5.637500 9.950000
v -21.012500 5.687500 9.950000
v -21.012500 5.562500 9.975000
v -21.012500 5.637500 9.975000
v -21.012500 5.512500 10.000000
v -21.012500 5.562500 10.000000
v -21.012500 5.462500 10.025000
v -21.012500 5.512500 10.025000
v -21.012500 5.387500 10.050000
v -21.012500 5.462500 10.050000
v -21.012500 5.312500 10.075000
v -21.012500 5.387500 10.075000
v -21.012500 5.237500 10.100000
v -21.012500 5.312500 10.100000
v -21.012500 5.137500 10.125000
v -21.012500 5.237500 10.125000
v -21.012500 5.062500 10.150000
v -21.012500 5.137500 10.150000
v -21.012500 4.987500 10.175000
v -21.012500 5.062500 10.175000
v -21.012500 4.912500 10.200000
v -21.012500 4.987500 10.200000
v -21.012500 4.812500 10.225000
v -21.012500 4.912500 10.225000
v -21.012500 4.737500 10.250000
v -21.012500 4.812500 10.250000
v -21.012500 4.662500 10.275000
v -21.012500 4.737500 10.275000
v -21.012500 4.587500 10.300000
v -21.012500 4.662500 10.300000
v -21.012500 4.487500 10.325000
v -21.012500 4.587500 10.325000
v -21.012500 4.412500 10.350000
v -21.012500 4.487500 10.350000
v -21.012500 4.337500 10.375000
v -21.012500 4.412500 10.375000
v -21.012500 4.237500 10.400000
v -21.012500 4.337500 10.400000
v -21.012500 4.162500 10.425000
v -21.012500 4.237500 10.425000
v -21.012500 4.087500 10.450000
v -21.012500 4.162500 10.450000
v -21.012500 4.012500 10.475000
v -21.012500 4.087500 10.475000
v -21.012500 3.912500 10.500000
v -21.012500 4.012500 10.500000
v -21.012500 3.837500 10.525000
v -21.012500 3.912500 10.525000
v -21.012500 3.762500 10.550000
v -21.012500 3.837500 10.550000
v -21.012500 3.687500 10.575000
v -21.012500 3.762500 10.575000
v -21.012500 3.587500 10.600000
v -21.012500 3.687500 10.600000
v -21.012500 3.512500 10.625000
v -21.012500 3.587500 10.625000
v -21.012500 3.337500 10.650000
v -21.012500 3.512500 10.650000
v -21.012500 3.187500 10.675000
v -21.012500 3.337500 10.675000
v -21.012500 3.012500 10.700000
v -21.012500 3.187500 10.700000
v -21.012500 2.837500 10.725000
v -21.012500 3.012500 10.725000
v -21.012500 2.662500 10.750000
v -21.012500 2.837500 10.750000
v -21.012500 2.512500 10.775000
v -21.012500 2.662500 10.775000
v -21.012500 2.337500 10.800000
v -21.012500 2.512500 10.800000
v -21.012500 2.162500 10.825000
v -21.012500 2.337500 10.825000
v -21.012500 2.012500 10.850000
v -21.012500 2.162500 10.850000
v -21.012500 1.837500 10.875000
v -21.012500 2.012500 10.875000
v -21.012500 1.662500 10.900000
v -21.012500 1.837500 10.900000
v -21.012500 1.512500 10.925000
v -21.012500 1.662500 10.925000
v -21.012500 -0.512500 10.925000
v -21.012500 -0.512500 10.950000
v -21.012500 1.512500 10.950000
v -21.012500 -0.837500 10.875000
v -21.012500 -0.837500 10.900000
v -21.012500 -1.012500 10.875000
v -21.012500 -1.012500 10.850000
v -21.012500 -1.187500 10.850000
v -21.012500 -1.187500 10.825000
v -21.012500 -1.337500 10.800000
v -21.012500 -1.337500 10.825000
v -21.012500 -1.512500 10.800000
v -21.012500 -1.512500 10.775000
v -21.012500 -1.687500 10.775000
v -21.012500 -1.687500 10.750000
v -21.012500 -1.837500 10.725000
v -21.012500 -1.837500 10.750000
v -21.012500 -2.012500 10.725000
v -21.012500 -2.012500 10.700000
v -21.012500 -2.187500 10.700000
v -21.012500 -2.187500 10.675000
v -21.012500 -2.337500 10.675000
v -21.012500 -2.337500 10.650000
v -21.012500 -2.512500 10.650000
v -21.012500 -2.512500 10.625000
v -21.012500 -2.587500 10.600000
v -21.012500 -2.587500 10.625000
v -21.012500 -2.687500 10.600000
v -21.012500 -2.687500 10.575000
v -21.012500 -2.762500 10.550000
v -21.012500 -2.762500 10.575000
v -21.012500 -2.837500 10.525000
v -21.012500 -2.837500 10.550000
v -21.012500 -2.937500 10.525000
v -21.012500 -2.937500 10.500000
v -21.012500 -3.012500 10.475000
v -21.012500 -3.012500 10.500000
v -21.012500 -3.087500 10.450000
v -21.012500 -3.087500 10.475000
v -21.012500 -3.162500 10.425000
v -21.012500 -3.162500 10.450000
v -21.012500 -3.262500 10.425000
v -21.012500 -3.262500 10.400000
v -21.012500 -3.337500 10.375000
v -21.012500 -3.337500 10.400000
v -21.012500 -3.412500 10.350000
v -21.012500 -3.412500 10.375000
v -21.012500 -3.487500 10.325000
v -21.012500 -3.487500 10.350000
v -21.012500 -3.587500 10.325000
v -21.012500 -3.587500 10.300000
v -21.012500 -3.662500 10.275000
v -21.012500 -3.662500 10.300000
v -21.012500 -3.737500 10.250000
v -21.012500 -3.737500 10.275000
v -21.012500 -3.837500 10.250000
v -21.012500 -3.837500 10.225000
v -21.012500 -3.912500 10.200000
v -21.012500 -3.912500 10.225000
v -21.012500 -3.987500 10.175000
v -21.012500 -3.987500 10.200000
v -21.012500 -4.062500 10.175000
v -21.012500 -4.062500 10.150000
v -21.012500 -4.162500 10.150000
v -21.012500 -4.162500 10.125000
v -21.012500 -4.237500 10.100000
v -21.012500 -4.237500 10.125000
v -21.012500 -4.312500 10.075000
v -21.012500 -4.312500 10.100000
v -21.012500 -4.387500 10.075000
v -21.012500 -4.387500 10.050000
v -21.012500 -4.462500 10.050000
v -21.012500 -4.462500 10.025000
v -21.012500 -4.537500 10.025000
v -21.012500 -4.537500 10.000000
v -21.012500 -4.587500 9.975000
v -21.012500 -4.587500 10.000000
v -21.012500 -4.637500 9.950000
v -21.012500 -4.637500 9.975000
v -21.012500 -4.687500 9.925000
v -21.012500 -4.687500 9.950000
v -21.012500 -4.737500 9.925000
v -21.012500 -4.737500 9.900000
v -21.012500 -4.787500 9.900000
v -21.012500 -4.787500 9.875000
v -21.012500 -4.837500 9.875000
v -21.012500 -4.837500 9.850000
v -21.012500 -4.887500 9.850000
v -21.012500 -4.887500 9.825000
v -21.012500 -4.937500 9.825000
v -21.012500 -4.937500 9.800000
v -21.012500 -4.987500 9.800000
v -21.012500 -4.987500 9.775000
v -21.012500 -5.112500 9.725000
v -21.012500 -5.062500 9.750000
v -21.012500 -5.062500 9.775000
v -21.012500 -5.112500 9.750000
v -21.012500 -5.162500 9.700000
v -21.012500 -5.162500 9.725000
v -21.012500 -5.212500 9.675000
v -21.012500 -5.212500 9.700000
v -21.012500 -5.262500 9.650000
v -21.012500 -5.262500 9.675000
v -21.012500 -5.312500 9.625000
v -21.012500 -5.362500 9.600000
v -21.012500 -5.312500 9.650000
v -21.012500 -5.362500 9.625000
v -21.012500 -5.412500 9.575000
v -21.012500 -5.412500 9.600000
v -21.012500 -5.462500 9.550000
v -21.012500 -5.462500 9.575000
v -21.012500 -5.512500 9.525000
v -21.012500 -5.512500 9.550000
v -3.012500 6.512500 -3.000000
v -3.012500 6.512500 -2.700000
v -3.012500 8.512500 -3.000000
v -3.012500 8.512500 -2.700000
v -3.012500 6.512500 0.025000
v -3.012500 8.512500 0.025000
v -3.012500 6.512500 0.300000
v -3.012500 8.512500 0.300000
v -3.012500 6.512500 3.025000
v -3.012500 8.512500 3.025000
v -3.012500 6.512500 3.300000
v -3.012500 8.512500 3.300000
v -3.012500 6.512500 6.025000
v -3.012500 8.512500 6.025000
v -3.012500 6.512500 6.300000
v -3.012500 8.512500 6.300000
v -3.012500 6.512500 9.025000
v -3.012500 8.512500 9.025000
v -3.012500 8.512500 9.300000
v -3.012500 7.412500 9.100000
v -3.012500 7.462500 9.075000
v -3.012500 7.462500 9.100000
v -3.012500 7.362500 9.125000
v -3.012500 7.412500 9.125000
v -3.012500 7.312500 9.150000
v -3.012500 7.362500 9.150000
v -3.012500 7.262500 9.175000
v -3.012500 7.312500 9.175000
v -3.012500 7.187500 9.200000
v -3.012500 7.262500 9.200000
v -3.012500 7.137500 9.225000
v -3.012500 7.187500 9.225000
v -3.012500 7.087500 9.250000
v -3.012500 7.137500 9.250000
v -3.012500 7.037500 9.275000
v -3.012500 7.087500 9.275000
v -3.012500 6.987500 9.300000
v -3.012500 7.037500 9.300000
v -3.012500 6.512500 9.300000
v -3.012500 6.937500 9.325000
v -3.012500 6.987500 9.325000
v -3.012500 6.887500 9.350000
v -3.012500 6.937500 9.350000
v -3.012500 6.837500 9.375000
v -3.012500 6.887500 9.375000
v -3.012500 6.787500 9.400000
v -3.012500 6.837500 9.400000
v -3.012500 6.737500 9.425000
v -3.012500 6.787500 9.425000
v -3.012500 6.687500 9.450000
v -3.012500 6.737500 9.450000
v -3.012500 6.612500 9.475000
v -3.012500 6.687500 9.475000
v -3.012500 6.562500 9.500000
v -3.012500 6.612500 9.500000
v -3.012500 6.512500 9.525000
v -3.012500 6.562500 9.525000
v -3.012500 8.462500 10.500000
v -3.012500 8.512500 10.500000
v -3.012500 7.487500 9.550000
v -3.012500 7.487500 9.525000
v -3.012500 8.412500 10.525000
v -3.012500 8.462500 10.525000
v -3.012500 7.437500 9.575000
v -3.012500 7.437500 9.550000
v -3.012500 8.337500 10.550000
v -3.012500 8.412500 10.550000
v -3.012500 7.362500 9.600000
v -3.012500 7.362500 9.575000
v -3.012500 8.287500 10.575000
v -3.012500 8.337500 10.575000
v -3.012500 7.312500 9.625000
v -3.012500 7.312500 9.600000
v -3.012500 8.237500 10.600000
v -3.012500 8.287500 10.600000
v -3.012500 7.262500 9.650000
v -3.012500 7.262500 9.625000
v -3.012500 7.212500 9.675000
v -3.012500 7.212500 9.650000
v -3.012500 8.162500 10.625000
v -3.012500 8.237500 10.625000
v -3.012500 7.162500 9.700000
v -3.012500 7.162500 9.675000
v -3.012500 8.112500 10.650000
v -3.012500 8.162500 10.650000
v -3.012500 7.112500 9.725000
v -3.012500 7.112500 9.700000
v -3.012500 8.062500 10.675000
v -3.012500 8.112500 10.675000
v -3.012500 7.062500 9.750000
v -3.012500 7.062500 9.725000
v -3.012500 7.987500 10.700000
v -3.012500 8.062500 10.700000
v -3.012500 7.012500 9.775000
v -3.012500 7.012500 9.750000
v -3.012500 7.937500 10.725000
v -3.012500 7.987500 10.725000
v -3.012500 6.962500 9.800000
v -3.012500 6.962500 9.775000
v -3.012500 7.862500 10.750000
v -3.012500 7.937500 10.750000
v -3.012500 6.912500 9.825000
v -3.012500 6.912500 9.800000
v -3.012500 7.812500 10.775000
v -3.012500 7.862500 10.775000
v -3.012500 6.837500 9.850000
v -3.012500 6.837500 9.825000
v -3.012500 7.762500 10.800000
v -3.012500 7.812500 10.800000
v -3.012500 6.787500 9.875000
v -3.012500 6.787500 9.850000
v -3.012500 7.687500 10.825000
v -3.012500 7.762500 10.825000
v -3.012500 6.737500 9.900000
v -3.012500 6.737500 9.875000
v -3.012500 7.637500 10.850000
v -3.012500 7.687500 10.850000
v -3.012500 6.687500 9.925000
v -3.012500 6.687500 9.900000
v -3.012500 6.637500 9.950000
v -3.012500 6.637500 9.925000
v -3.012500 7.562500 10.875000
v -3.012500 7.637500 10.875000
v -3.012500 6.587500 9.975000
v -3.012500 6.587500 9.950000
v -3.012500 7.512500 10.900000
v -3.012500 7.562500 10.900000
v -3.012500 6.537500 10.000000
v -3.012500 6.537500 9.975000
v -3.012500 7.462500 10.925000
v -3.012500 7.512500 10.925000
v -3.012500 6.487500 10.025000
v -3.012500 6.487500 10.000000
v -3.012500 7.387500 10.950000
v -3.012500 7.462500 10.950000
v -3.012500 6.437500 10.050000
v -3.012500 6.437500 10.025000
v -3.012500 7.337500 10.975000
v -3.012500 7.387500 10.975000
v -3.012500 6.387500 10.075000
v -3.012500 6.387500 10.050000
v -3.012500 7.287500 11.000000
v -3.012500 7.337500 11.000000
v -3.012500 6.337500 10.100000
v -3.012500 6.337500 10.075000
v -3.012500 7.212500 11.025000
v -3.012500 7.287500 11.025000
v -3.012500 6.262500 10.125000
v -3.012500 6.262500 10.100000
v -3.012500 7.137500 11.050000
v -3.012500 7.212500 11.050000
v -3.012500 6.212500 10.150000
v -3.012500 6.212500 10.125000
v -3.012500 6.162500 10.175000
v -3.012500 6.162500 10.150000
v -3.012500 7.062500 11.075000
v -3.012500 7.137500 11.075000
v -3.012500 6.112500 10.200000
v -3.012500 6.112500 10.175000
v -3.012500 6.962500 11.100000
v -3.012500 7.062500 11.100000
v -3.012500 6.062500 10.225000
v -3.012500 6.062500 10.200000
v -3.012500 6.012500 10.250000
v -3.012500 6.012500 10.225000
v -3.012500 6.862500 11.125000
v -3.012500 6.962500 11.125000
v -3.012500 5.962500 10.275000
v -3.012500 5.962500 10.250000
v -3.012500 6.787500 11.150000
v -3.012500 6.862500 11.150000
v -3.012500 5.912500 10.300000
v -3.012500 5.912500 10.275000
v -3.012500 5.862500 10.325000
v -3.012500 5.862500 10.300000
v -3.012500 6.687500 11.175000
v -3.012500 6.787500 11.175000
v -3.012500 5.812500 10.350000
v -3.012500 5.812500 10.325000
v -3.012500 6.587500 11.200000
v -3.012500 6.687500 11.200000
v -3.012500 5.737500 10.375000
v -3.012500 5.737500 10.350000
v -3.012500 5.687500 10.400000
v -3.012500 5.687500 10.375000
v -3.012500 6.512500 11.225000
v -3.012500 6.587500 11.225000
v -3.012500 5.637500 10.425000
v -3.012500 5.637500 10.400000
v -3.012500 6.412500 11.250000
v -3.012500 6.512500 11.250000
v -3.012500 5.562500 10.450000
v -3.012500 5.562500 10.425000
v -3.012500 6.312500 11.275000
v -3.012500 6.412500 11.275000
v -3.012500 5.487500 10.475000
v -3.012500 5.487500 10.450000
v -3.012500 5.412500 10.500000
v -3.012500 5.412500 10.475000
v -3.012500 6.212500 11.300000
v -3.012500 6.312500 11.300000
v -3.012500 5.337500 10.525000
v -3.012500 5.337500 10.500000
v -3.012500 6.137500 11.325000
v -3.012500 6.212500 11.325000
v -3.012500 5.237500 10.550000
v -3.012500 5.237500 10.525000
v -3.012500 6.037500 11.350000
v -3.012500 6.137500 11.350000
v -3.012500 5.162500 10.575000
v -3.012500 5.162500 10.550000
v -3.012500 5.937500 11.375000
v -3.012500 6.037500 11.375000
v -3.012500 5.087500 10.600000
v -3.012500 5.087500 10.575000
v -3.012500 5.862500 11.400000
v -3.012500 5.937500 11.400000
v -3.012500 5.012500 10.625000
v -3.012500 5.012500 10.600000
v -3.012500 5.762500 11.425000
v -3.012500 5.862500 11.425000
v -3.012500 4.912500 10.650000
v -3.012500 4.912500 10.625000
v -3.012500 5.662500 11.450000
v -3.012500 5.762500 11.450000
v -3.012500 4.837500 10.675000
v -3.012500 4.837500 10.650000
v -3.012500 5.587500 11.475000
v -3.012500 5.662500 11.475000
v -3.012500 4.762500 10.700000
v -3.012500 4.762500 10.675000
v -3.012500 5.487500 11.500000
v -3.012500 5.587500 11.500000
v -3.012500 4.662500 10.725000
v -3.012500 4.662500 10.700000
v -3.012500 5.387500 11.525000
v -3.012500 5.487500 11.525000
v -3.012500 4.587500 10.750000
v -3.012500 4.587500 10.725000
v -3.012500 5.312500 11.550000
v -3.012500 5.387500 11.550000
v -3.012500 4.512500 10.775000
v -3.012500 4.512500 10.750000
v -3.012500 4.437500 10.800000
v -3.012500 4.437500 10.775000
v -3.012500 5.212500 11.575000
v -3.012500 5.312500 11.575000
v -3.012500 4.337500 10.825000
v -3.012500 4.337500 10.800000
v -3.012500 5.112500 11.600000
v -3.012500 5.212500 11.600000
v -3.012500 4.262500 10.850000
v -3.012500 4.262500 10.825000
v -3.012500 5.037500 11.625000
v -3.012500 5.112500 11.625000
v -3.012500 4.187500 10.875000
v -3.012500 4.187500 10.850000
v -3.012500 4.937500 11.650000
v -3.012500 5.037500 11.650000
v -3.012500 4.112500 10.900000
v -3.012500 4.112500 10.875000
v -3.012500 4.012500 10.925000
v -3.012500 4.012500 10.900000
v -3.012500 4.737500 11.675000
v -3.012500 4.937500 11.675000
v -3.012500 3.937500 10.950000
v -3.012500 3.937500 10.925000
v -3.012500 3.862500 10.975000
v -3.012500 3.862500 10.950000
v -3.012500 4.562500 11.700000
v -3.012500 4.737500 11.700000
v -3.012500 3.762500 11.000000
v -3.012500 3.762500 10.975000
v -3.012500 3.687500 11.025000
v -3.012500 3.687500 11.000000
v -3.012500 4.362500 11.725000
v -3.012500 4.562500 11.725000
v -3.012500 3.587500 11.050000
v -3.012500 3.587500 11.025000
v -3.012500 4.187500 11.750000
v -3.012500 4.362500 11.750000
v -3.012500 3.437500 11.075000
v -3.012500 3.437500 11.050000
v -3.012500 3.987500 11.775000
v -3.012500 4.187500 11.775000
v -3.012500 3.262500 11.100000
v -3.012500 3.262500 11.075000
v -3.012500 3.812500 11.800000
v -3.012500 3.987500 11.800000
v -3.012500 3.087500 11.125000
v -3.012500 3.087500 11.100000
v -3.012500 2.937500 11.150000
v -3.012500 2.937500 11.125000
v -3.012500 3.612500 11.825000
v -3.012500 3.812500 11.825000
v -3.012500 2.762500 11.175000
v -3.012500 2.762500 11.150000
v -3.012500 3.437500 11.850000
v -3.012500 3.612500 11.850000
v -3.012500 2.587500 11.200000
v -3.012500 2.587500 11.175000
v -3.012500 3.237500 11.875000
v -3.012500 3.437500 11.875000
v -3.012500 2.437500 11.225000
v -3.012500 2.437500 11.200000
v -3.012500 3.062500 11.900000
v -3.012500 3.237500 11.900000
v -3.012500 2.262500 11.250000
v -3.012500 2.262500 11.225000
v -3.012500 2.862500 11.925000
v -3.012500 3.062500 11.925000
v -3.012500 2.087500 11.275000
v -3.012500 2.087500 11.250000
v -3.012500 2.687500 11.950000
v -3.012500 2.862500 11.950000
v -3.012500 2.687500 11.975000
v -3.012500 1.762500 11.325000
v -3.012500 1.762500 11.300000
v -3.012500 1.587500 11.350000
v -3.012500 1.587500 11.325000
v -3.012500 0.312500 11.975000
v -3.012500 0.312500 11.950000
v -3.012500 0.137500 11.950000
v -3.012500 0.137500 11.925000
v -3.012500 -0.062500 11.925000
v -3.012500 -0.062500 11.900000
v -3.012500 -0.762500 11.325000
v -3.012500 -0.587500 11.325000
v -3.012500 -0.587500 11.350000
v -3.012500 -0.237500 11.875000
v -3.012500 -0.237500 11.900000
v -3.012500 -0.937500 11.300000
v -3.012500 -0.762500 11.300000
v -3.012500 -0.437500 11.850000
v -3.012500 -0.437500 11.875000
v -3.012500 -1.087500 11.275000
v -3.012500 -0.937500 11.275000
v -3.012500 -0.612500 11.825000
v -3.012500 -0.612500 11.850000
v -3.012500 -1.262500 11.250000
v -3.012500 -1.087500 11.250000
v -3.012500 -0.812500 11.800000
v -3.012500 -0.812500 11.825000
v -3.012500 -1.437500 11.225000
v -3.012500 -1.262500 11.225000
v -3.012500 -0.987500 11.775000
v -3.012500 -1.587500 11.200000
v -3.012500 -1.437500 11.200000
v -3.012500 -0.987500 11.800000
v -3.012500 -1.762500 11.175000
v -3.012500 -1.587500 11.175000
v -3.012500 -1.187500 11.750000
v -3.012500 -1.187500 11.775000
v -3.012500 -1.362500 11.725000
v -3.012500 -1.937500 11.150000
v -3.012500 -1.762500 11.150000
v -3.012500 -1.362500 11.750000
v -3.012500 -2.112500 11.125000
v -3.012500 -1.937500 11.125000
v -3.012500 -1.562500 11.700000
v -3.012500 -1.562500 11.725000
v -3.012500 -2.262500 11.100000
v -3.012500 -2.112500 11.100000
v -3.012500 -1.737500 11.675000
v -3.012500 -1.737500 11.700000
v -3.012500 -2.437500 11.075000
v -3.012500 -2.262500 11.075000
v -3.012500 -1.937500 11.650000
v -3.012500 -1.937500 11.675000
v -3.012500 -2.037500 11.625000
v -3.012500 -2.612500 11.050000
v -3.012500 -2.437500 11.050000
v -3.012500 -2.037500 11.650000
v -3.012500 -2.112500 11.600000
v -3.012500 -2.687500 11.025000
v -3.012500 -2.612500 11.025000
v -3.012500 -2.112500 11.625000
v -3.012500 -2.212500 11.575000
v -3.012500 -2.787500 11.000000
v -3.012500 -2.687500 11.000000
v -3.012500 -2.212500 11.600000
v -3.012500 -2.862500 10.975000
v -3.012500 -2.787500 10.975000
v -3.012500 -2.312500 11.550000
v -3.012500 -2.312500 11.575000
v -3.012500 -2.937500 10.950000
v -3.012500 -2.862500 10.950000
v -3.012500 -3.012500 10.925000
v -3.012500 -2.937500 10.925000
v -3.012500 -2.487500 11.500000
v -3.012500 -3.112500 10.900000
v -3.012500 -3.012500 10.900000
v -3.012500 -2.487500 11.525000
v -3.012500 -2.587500 11.475000
v -3.012500 -3.187500 10.875000
v -3.012500 -3.112500 10.875000
v -3.012500 -2.587500 11.500000
v -3.012500 -3.262500 10.850000
v -3.012500 -3.187500 10.850000
v -3.012500 -2.687500 11.450000
v -3.012500 -2.687500 11.475000
v -3.012500 -3.362500 10.825000
v -3.012500 -3.262500 10.825000
v -3.012500 -2.762500 11.425000
v -3.012500 -2.762500 11.450000
v -3.012500 -3.437500 10.800000
v -3.012500 -3.362500 10.800000
v -3.012500 -2.862500 11.400000
v -3.012500 -3.512500 10.775000
v -3.012500 -3.437500 10.775000
v -3.012500 -2.862500 11.425000
v -3.012500 -2.962500 11.375000
v -3.012500 -3.587500 10.750000
v -3.012500 -3.512500 10.750000
v -3.012500 -2.962500 11.400000
v -3.012500 -3.037500 11.350000
v -3.012500 -3.687500 10.725000
v -3.012500 -3.587500 10.725000
v -3.012500 -3.037500 11.375000
v -3.012500 -3.762500 10.700000
v -3.012500 -3.687500 10.700000
v -3.012500 -3.137500 11.325000
v -3.012500 -3.137500 11.350000
v -3.012500 -3.837500 10.675000
v -3.012500 -3.762500 10.675000
v -3.012500 -3.237500 11.300000
v -3.012500 -3.912500 10.650000
v -3.012500 -3.837500 10.650000
v -3.012500 -3.237500 11.325000
v -3.012500 -3.312500 11.275000
v -3.012500 -3.312500 11.300000
v -3.012500 -4.012500 10.625000
v -3.012500 -3.912500 10.625000
v -3.012500 -3.412500 11.250000
v -3.012500 -4.087500 10.600000
v -3.012500 -4.012500 10.600000
v -3.012500 -3.412500 11.275000
v -3.012500 -4.162500 10.575000
v -3.012500 -4.087500 10.575000
v -3.012500 -3.512500 11.225000
v -3.012500 -3.512500 11.250000
v -3.012500 -3.587500 11.200000
v -3.012500 -3.587500 11.225000
v -3.012500 -4.262500 10.550000
v -3.012500 -4.162500 10.550000
v -3.012500 -4.337500 10.525000
v -3.012500 -4.262500 10.525000
v -3.012500 -3.687500 11.175000
v -3.012500 -3.687500 11.200000
v -3.012500 -4.412500 10.500000
v -3.012500 -4.337500 10.500000
v -3.012500 -3.787500 11.150000
v -3.012500 -4.487500 10.475000
v -3.012500 -4.412500 10.475000
v -3.012500 -3.787500 11.175000
v -3.012500 -3.862500 11.125000
v -3.012500 -3.862500 11.150000
v -3.012500 -4.587500 10.450000
v -3.012500 -4.487500 10.450000
v -3.012500 -3.962500 11.100000
v -3.012500 -4.637500 10.425000
v -3.012500 -4.587500 10.425000
v -3.012500 -3.962500 11.125000
v -3.012500 -4.712500 10.400000
v -3.012500 -4.637500 10.400000
v -3.012500 -4.762500 10.375000
v -3.012500 -4.712500 10.375000
v -3.012500 -4.062500 11.075000
v -3.012500 -4.812500 10.350000
v -3.012500 -4.762500 10.350000
v -3.012500 -4.062500 11.100000
v -3.012500 -4.862500 10.325000
v -3.012500 -4.812500 10.325000
v -3.012500 -4.912500 10.300000
v -3.012500 -4.862500 10.300000
v -3.012500 -4.162500 11.050000
v -3.012500 -4.962500 10.275000
v -3.012500 -4.912500 10.275000
v -3.012500 -4.162500 11.075000
v -3.012500 -4.212500 11.025000
v -3.012500 -4.212500 11.050000
v -3.012500 -5.012500 10.250000
v -3.012500 -4.962500 10.250000
v -3.012500 -5.062500 10.225000
v -3.012500 -5.012500 10.225000
v -3.012500 -4.287500 11.000000
v -3.012500 -4.287500 11.025000
v -3.012500 -4.337500 10.975000
v -3.012500 -5.112500 10.200000
v -3.012500 -5.062500 10.200000
v -3.012500 -4.337500 11.000000
v -3.012500 -5.162500 10.175000
v -3.012500 -5.112500 10.175000
v -3.012500 -4.412500 10.950000
v -3.012500 -4.412500 10.975000
v -3.012500 -5.237500 10.150000
v -3.012500 -5.162500 10.150000
v -3.012500 -4.462500 10.925000
v -3.012500 -4.462500 10.950000
v -3.012500 -4.512500 10.900000
v -3.012500 -5.287500 10.125000
v -3.012500 -5.237500 10.125000
v -3.012500 -4.512500 10.925000
v -3.012500 -5.337500 10.100000
v -3.012500 -5.287500 10.100000
v -3.012500 -5.387500 10.075000
v -3.012500 -5.337500 10.075000
v -3.012500 -4.587500 10.875000
v -3.012500 -4.587500 10.900000
v -3.012500 -4.637500 10.850000
v -3.012500 -5.437500 10.050000
v -3.012500 -5.387500 10.050000
v -3.012500 -4.637500 10.875000
v -3.012500 -4.687500 10.825000
v -3.012500 -5.487500 10.025000
v -3.012500 -5.512500 10.000000
v -3.012500 -5.487500 10.000000
v -3.012500 -5.437500 10.025000
v -3.012500 -4.687500 10.850000
v -3.012500 -4.762500 10.800000
v -3.012500 -4.762500 10.825000
v -3.012500 -4.812500 10.775000
v -3.012500 -4.812500 10.800000
v -3.012500 -4.887500 10.750000
v -3.012500 -4.887500 10.775000
v -3.012500 -4.937500 10.725000
v -3.012500 -4.937500 10.750000
v -3.012500 -4.987500 10.700000
v -3.012500 -4.987500 10.725000
v -3.012500 -5.062500 10.675000
v -3.012500 -5.062500 10.700000
v -3.012500 -5.112500 10.650000
v -3.012500 -5.162500 10.625000
v -3.012500 -5.112500 10.675000
v -3.012500 -5.162500 10.650000
v -3.012500 -5.237500 10.600000
v -3.012500 -5.237500 10.625000
v -3.012500 -5.287500 10.575000
v -3.012500 -5.287500 10.600000
v -3.012500 -5.362500 10.550000
v -3.012500 -5.412500 10.525000
v -3.012500 -5.362500 10.575000
v -3.012500 -5.412500 10.550000
v -3.012500 -5.512500 10.500000
v 3.012500 8.512500 -3.000000
v 3.012500 8.512500 -2.700000
v 3.012500 6.512500 -3.000000
v 3.012500 6.512500 -2.700000
v 3.012500 6.512500 0.025000
v 3.012500 8.512500 0.025000
v 3.012500 6.512500 0.300000
v 3.012500 8.512500 0.300000
v 3.012500 6.512500 3.025000
v 3.012500 8.512500 3.025000
v 3.012500 6.512500 3.300000
v 3.012500 8.512500 3.300000
v 3.012500 6.512500 6.025000
v 3.012500 8.512500 6.025000
v 3.012500 6.512500 6.300000
v 3.012500 8.512500 6.300000
v 3.012500 6.512500 9.025000
v 3.012500 8.512500 9.025000
v 3.012500 7.512500 9.075000
v 3.012500 7.512500 9.300000
v 3.012500 8.512500 9.300000
v 3.012500 7.412500 9.100000
v 3.012500 7.462500 9.100000
v 3.012500 7.462500 9.075000
v 3.012500 7.362500 9.125000
v 3.012500 7.412500 9.125000
v 3.012500 7.312500 9.150000
v 3.012500 7.362500 9.150000
v 3.012500 7.262500 9.175000
v 3.012500 7.312500 9.175000
v 3.012500 7.187500 9.200000
v 3.012500 7.262500 9.200000
v 3.012500 7.137500 9.225000
v 3.012500 7.187500 9.225000
v 3.012500 7.087500 9.250000
v 3.012500 7.137500 9.250000
v 3.012500 7.037500 9.275000
v 3.012500 7.087500 9.275000
v 3.012500 6.987500 9.300000
v 3.012500 7.037500 9.300000
v 3.012500 6.512500 9.300000
v 3.012500 6.937500 9.325000
v 3.012500 6.987500 9.325000
v 3.012500 6.887500 9.350000
v 3.012500 6.937500 9.350000
v 3.012500 6.837500 9.375000
v 3.012500 6.887500 9.375000
v 3.012500 6.787500 9.400000
v 3.012500 6.837500 9.400000
v 3.012500 6.737500 9.425000
v 3.012500 6.787500 9.425000
v 3.012500 6.687500 9.450000
v 3.012500 6.737500 9.450000
v 3.012500 6.612500 9.475000
v 3.012500 6.687500 9.475000
v 3.012500 6.562500 9.500000
v 3.012500 6.612500 9.500000
v 3.012500 6.512500 9.525000
v 3.012500 6.562500 9.525000
v 3.012500 7.512500 9.525000
v 3.012500 8.462500 10.500000
v 3.012500 8.512500 10.500000
v 3.012500 7.487500 9.550000
v 3.012500 7.487500 9.525000
v 3.012500 8.412500 10.525000
v 3.012500 8.462500 10.525000
v 3.012500 7.437500 9.575000
v 3.012500 7.437500 9.550000
v 3.012500 8.337500 10.550000
v 3.012500 8.412500 10.550000
v 3.012500 7.362500 9.600000
v 3.012500 7.362500 9.575000
v 3.012500 8.287500 10.575000
v 3.012500 8.337500 10.575000
v 3.012500 7.312500 9.625000
v 3.012500 7.312500 9.600000
v 3.012500 8.237500 10.600000
v 3.012500 8.287500 10.600000
v 3.012500 7.262500 9.650000
v 3.012500 7.262500 9.625000
v 3.012500 7.212500 9.675000
v 3.012500 7.212500 9.650000
v 3.012500 8.162500 10.625000
v 3.012500 8.237500 10.625000
v 3.012500 7.162500 9.700000
v 3.012500 7.162500 9.675000
v 3.012500 8.112500 10.650000
v 3.012500 8.162500 10.650000
v 3.012500 7.112500 9.725000
v 3.012500 7.112500 9.700000
v 3.012500 8.062500 10.675000
v 3.012500 8.112500 10.675000
v 3.012500 7.062500 9.750000
v 3.012500 7.062500 9.725000
v 3.012500 7.987500 10.700000
v 3.012500 8.062500 10.700000
v 3.012500 7.012500 9.775000
v 3.012500 7.012500 9.750000
v 3.012500 7.937500 10.725000
v 3.012500 7.987500 10.725000
v 3.012500 6.962500 9.800000
v 3.012500 6.962500 9.775000
v 3.012500 7.862500 10.750000
v 3.012500 7.937500 10.750000
v 3.012500 6.912500 9.825000
v 3.012500 6.912500 9.800000
v 3.012500 7.812500 10.775000
v 3.012500 7.862500 10.775000
v 3.012500 6.837500 9.850000
v 3.012500 6.837500 9.825000
v 3.012500 7.762500 10.800000
v 3.012500 7.812500 10.800000
v 3.012500 6.787500 9.875000
v 3.012500 6.787500 9.850000
v 3.012500 7.687500 10.825000
v 3.012500 7.762500 10.825000
v 3.012500 6.737500 9.900000
v 3.012500 6.737500 9.875000
v 3.012500 7.637500 10.850000
v 3.012500 7.687500 10.850000
v 3.012500 6.687500 9.925000
v 3.012500 6.687500 9.900000
v 3.012500 6.637500 9.950000
v 3.012500 6.637500 9.925000
v 3.012500 7.562500 10.875000
v 3.012500 7.637500 10.875000
v 3.012500 6.587500 9.975000
v 3.012500 6.587500 9.950000
v 3.012500 7.512500 10.900000
v 3.012500 7.562500 10.900000
v 3.012500 6.537500 10.000000
v 3.012500 6.537500 9.975000
v 3.012500 7.462500 10.925000
v 3.012500 7.512500 10.925000
v 3.012500 6.487500 10.025000
v 3.012500 6.487500 10.000000
v 3.012500 7.387500 10.950000
v 3.012500 7.462500 10.950000
v 3.012500 6.437500 10.050000
v 3.012500 6.437500 10.025000
v 3.012500 7.337500 10.975000
v 3.012500 7.387500 10.975000
v 3.012500 6.387500 10.075000
v 3.012500 6.387500 10.050000
v 3.012500 7.287500 11.000000
v 3.012500 7.337500 11.000000
v 3.012500 6.337500 10.100000
v 3.012500 6.337500 10.075000
v 3.012500 7.212500 11.025000
v 3.012500 7.287500 11.025000
v 3.012500 6.262500 10.125000
v 3.012500 6.262500 10.100000
v 3.012500 7.137500 11.050000
v 3.012500 7.212500 11.050000
v 3.012500 6.212500 10.150000
v 3.012500 6.212500 10.125000
v 3.012500 6.162500 10.175000
v 3.012500 6.162500 10.150000
v 3.012500 7.062500 11.075000
v 3.012500 7.137500 11.075000
v 3.012500 6.112500 10.200000
v 3.012500 6.112500 10.175000
v 3.012500 6.962500 11.100000
v 3.012500 7.062500 11.100000
v 3.012500 6.062500 10.225000
v 3.012500 6.062500 10.200000
v 3.012500 6.012500 10.250000
v 3.012500 6.012500 10.225000
v 3.012500 6.862500 11.125000
v 3.012500 6.962500 11.125000
v 3.012500 5.962500 10.275000
v 3.012500 5.962500 10.250000
v 3.012500 6.787500 11.150000
v 3.012500 6.862500 11.150000
v 3.012500 5.912500 10.300000
v 3.012500 5.912500 10.275000
v 3.012500 5.862500 10.325000
v 3.012500 5.862500 10.300000
v 3.012500 6.687500 11.175000
v 3.012500 6.787500 11.175000
v 3.012500 5.812500 10.350000
v 3.012500 5.812500 10.325000
v 3.012500 6.587500 11.200000
v 3.012500 6.687500 11.200000
v 3.012500 5.737500 10.375000
v 3.012500 5.737500 10.350000
v 3.012500 5.687500 10.400000
v 3.012500 5.687500 10.375000
v 3.012500 6.512500 11.225000
v 3.012500 6.587500 11.225000
v 3.012500 5.637500 10.425000
v 3.012500 5.637500 10.400000
v 3.012500 6.412500 11.250000
v 3.012500 6.512500 11.250000
v 3.012500 5.562500 10.450000
v 3.012500 5.562500 10.425000
v 3.012500 6.312500 11.275000
v 3.012500 6.412500 11.275000
v 3.012500 5.487500 10.475000
v 3.012500 5.487500 10.450000
v 3.012500 5.412500 10.500000
v 3.012500 5.412500 10.475000
v 3.012500 6.212500 11.300000
v 3.012500 6.312500 11.300000
v 3.012500 5.337500 10.525000
v 3.012500 5.337500 10.500000
v 3.012500 6.137500 11.325000
v 3.012500 6.212500 11.325000
v 3.012500 5.237500 10.550000
v 3.012500 5.237500 10.525000
v 3.012500 6.037500 11.350000
v 3.012500 6.137500 11.350000
v 3.012500 5.162500 10.575000
v 3.012500 5.162500 10.550000
v 3.012500 5.937500 11.375000
v 3.012500 6.037500 11.375000
v 3.012500 5.087500 10.600000
v 3.012500 5.087500 10.575000
v 3.012500 5.862500 11.400000
v 3.012500 5.937500 11.400000
v 3.012500 5.012500 10.625000
v 3.012500 5.012500 10.600000
v 3.012500 5.762500 11.425000
v 3.012500 5.862500 11.425000
v 3.012500 4.912500 10.650000
v 3.012500 4.912500 10.625000
v 3.012500 5.662500 11.450000
v 3.012500 5.762500 11.450000
v 3.012500 4.837500 10.675000
v 3.012500 4.837500 10.650000
v 3.012500 5.587500 11.475000
v 3.012500 5.662500 11.475000
v 3.012500 4.762500 10.700000
v 3.012500 4.762500 10.675000
v 3.012500 5.487500 11.500000
v 3.012500 5.587500 11.500000
v 3.012500 4.662500 10.725000
v 3.012500 4.662500 10.700000
v 3.012500 5.387500 11.525000
v 3.012500 5.487500 11.525000
v 3.012500 4.587500 10.750000
v 3.012500 4.587500 10.725000
v 3.012500 5.312500 11.550000
v 3.012500 5.387500 11.550000
v 3.012500 4.512500 10.775000
v 3.012500 4.512500 10.750000
v 3.012500 4.437500 10.800000
v 3.012500 4.437500 10.775000
v 3.012500 5.212500 11.575000
v 3.012500 5.312500 11.575000
v 3.012500 4.337500 10.825000
v 3.012500 4.337500 10.800000
v 3.012500 5.112500 11.600000
v 3.012500 5.212500 11.600000
v 3.012500 4.262500 10.850000
v 3.012500 4.262500 10.825000
v 3.012500 5.037500 11.625000
v 3.012500 5.112500 11.625000
v 3.012500 4.187500 10.875000
v 3.012500 4.187500 10.850000
v 3.012500 4.937500 11.650000
v 3.012500 5.037500 11.650000
v 3.012500 4.112500 10.900000
v 3.012500 4.112500 10.875000
v 3.012500 4.012500 10.925000
v 3.012500 4.012500 10.900000
v 3.012500 4.737500 11.675000
v 3.012500 4.937500 11.675000
v 3.012500 3.937500 10.950000
v 3.012500 3.937500 10.925000
v 3.012500 3.862500 10.975000
v 3.012500 3.862500 10.950000
v 3.012500 4.562500 11.700000
v 3.012500 4.737500 11.700000
v 3.012500 3.762500 11.000000
v 3.012500 3.762500 10.975000
v 3.012500 3.687500 11.025000
v 3.012500 3.687500 11.000000
v 3.012500 4.362500 11.725000
v 3.012500 4.562500 11.725000
v 3.012500 3.587500 11.050000
v 3.012500 3.587500 11.025000
v 3.012500 4.187500 11.750000
v 3.012500 4.362500 11.750000
v 3.012500 3.437500 11.075000
v 3.012500 3.437500 11.050000
v 3.012500 3.987500 11.775000
v 3.012500 4.187500 11.775000
v 3.012500 3.262500 11.100000
v 3.012500 3.262500 11.075000
v 3.012500 3.812500 11.800000
v 3.012500 3.987500 11.800000
v 3.012500 3.087500 11.125000
v 3.012500 3.087500 11.100000
v 3.012500 2.937500 11.150000
v 3.012500 2.937500 11.125000
v 3.012500 3.612500 11.825000
v 3.012500 3.812500 11.825000
v 3.012500 2.762500 11.175000
v 3.012500 2.762500 11.150000
v 3.012500 3.437500 11.850000
v 3.012500 3.612500 11.850000
v 3.012500 2.587500 11.200000
v 3.012500 2.587500 11.175000
v 3.012500 3.237500 11.875000
v 3.012500 3.437500 11.875000
v 3.012500 2.437500 11.225000
v 3.012500 2.437500 11.200000
v 3.012500 3.062500 11.900000
v 3.012500 3.237500 11.900000
v 3.012500 2.262500 11.250000
v 3.012500 2.262500 11.225000
v 3.012500 2.862500 11.925000
v 3.012500 3.062500 11.925000
v 3.012500 2.087500 11.275000
v 3.012500 2.087500 11.250000
v 3.012500 2.687500 11.950000
v 3.012500 2.862500 11.950000
v 3.012500 1.912500 11.300000
v 3.012500 2.687500 11.975000
v 3.012500 1.912500 11.275000
v 3.012500 1.762500 11.325000
v 3.012500 1.762500 11.300000
v 3.012500 1.587500 11.350000
v 3.012500 1.587500 11.325000
v 3.012500 0.312500 11.975000
v 3.012500 0.312500 11.950000
v 3.012500 0.137500 11.950000
v 3.012500 0.137500 11.925000
v 3.012500 -0.062500 11.925000
v 3.012500 -0.062500 11.900000
v 3.012500 -0.762500 11.325000
v 3.012500 -0.587500 11.325000
v 3.012500 -0.587500 11.350000
v 3.012500 -0.237500 11.875000
v 3.012500 -0.237500 11.900000
v 3.012500 -0.937500 11.300000
v 3.012500 -0.762500 11.300000
v 3.012500 -0.437500 11.850000
v 3.012500 -0.437500 11.875000
v 3.012500 -1.087500 11.275000
v 3.012500 -0.937500 11.275000
v 3.012500 -0.612500 11.825000
v 3.012500 -0.612500 11.850000
v 3.012500 -1.262500 11.250000
v 3.012500 -1.087500 11.250000
v 3.012500 -0.812500 11.800000
v 3.012500 -0.812500 11.825000
v 3.012500 -1.437500 11.225000
v 3.012500 -1.262500 11.225000
v 3.012500 -0.987500 11.775000
v 3.012500 -0.987500 11.800000
v 3.012500 -1.587500 11.200000
v 3.012500 -1.437500 11.200000
v 3.012500 -1.187500 11.750000
v 3.012500 -1.762500 11.175000
v 3.012500 -1.587500 11.175000
v 3.012500 -1.187500 11.775000
v 3.012500 -1.362500 11.725000
v 3.012500 -1.937500 11.150000
v 3.012500 -1.762500 11.150000
v 3.012500 -1.362500 11.750000
v 3.012500 -2.112500 11.125000
v 3.012500 -1.937500 11.125000
v 3.012500 -1.562500 11.700000
v 3.012500 -1.562500 11.725000
v 3.012500 -2.262500 11.100000
v 3.012500 -2.112500 11.100000
v 3.012500 -1.737500 11.675000
v 3.012500 -1.737500 11.700000
v 3.012500 -2.437500 11.075000
v 3.012500 -2.262500 11.075000
v 3.012500 -1.937500 11.650000
v 3.012500 -1.937500 11.675000
v 3.012500 -2.037500 11.625000
v 3.012500 -2.612500 11.050000
v 3.012500 -2.437500 11.050000
v 3.012500 -2.037500 11.650000
v 3.012500 -2.112500 11.600000
v 3.012500 -2.687500 11.025000
v 3.012500 -2.612500 11.025000
v 3.012500 -2.112500 11.625000
v 3.012500 -2.212500 11.575000
v 3.012500 -2.787500 11.000000
v 3.012500 -2.687500 11.000000
v 3.012500 -2.212500 11.600000
v 3.012500 -2.862500 10.975000
v 3.012500 -2.787500 10.975000
v 3.012500 -2.312500 11.550000
v 3.012500 -2.312500 11.575000
v 3.012500 -2.937500 10.950000
v 3.012500 -2.862500 10.950000
v 3.012500 -2.412500 11.525000
v 3.012500 -3.012500 10.925000
v 3.012500 -2.937500 10.925000
v 3.012500 -2.412500 11.550000
v 3.012500 -2.487500 11.500000
v 3.012500 -3.112500 10.900000
v 3.012500 -3.012500 10.900000
v 3.012500 -2.487500 11.525000
v 3.012500 -2.587500 11.475000
v 3.012500 -3.187500 10.875000
v 3.012500 -3.112500 10.875000
v 3.012500 -2.587500 11.500000
v 3.012500 -3.262500 10.850000
v 3.012500 -3.187500 10.850000
v 3.012500 -2.687500 11.450000
v 3.012500 -2.687500 11.475000
v 3.012500 -3.362500 10.825000
v 3.012500 -3.262500 10.825000
v 3.012500 -2.762500 11.425000
v 3.012500 -2.762500 11.450000
v 3.012500 -3.437500 10.800000
v 3.012500 -3.362500 10.800000
v 3.012500 -2.862500 11.400000
v 3.012500 -3.512500 10.775000
v 3.012500 -3.437500 10.775000
v 3.012500 -2.862500 11.425000
v 3.012500 -3.587500 10.750000
v 3.012500 -3.512500 10.750000
v 3.012500 -2.962500 11.375000
v 3.012500 -2.962500 11.400000
v 3.012500 -3.037500 11.350000
v 3.012500 -3.687500 10.725000
v 3.012500 -3.587500 10.725000
v 3.012500 -3.037500 11.375000
v 3.012500 -3.762500 10.700000
v 3.012500 -3.687500 10.700000
v 3.012500 -3.137500 11.325000
v 3.012500 -3.137500 11.350000
v 3.012500 -3.837500 10.675000
v 3.012500 -3.762500 10.675000
v 3.012500 -3.237500 11.300000
v 3.012500 -3.912500 10.650000
v 3.012500 -3.837500 10.650000
v 3.012500 -3.237500 11.325000
v 3.012500 -3.312500 11.275000
v 3.012500 -3.312500 11.300000
v 3.012500 -4.012500 10.625000
v 3.012500 -3.912500 10.625000
v 3.012500 -3.412500 11.250000
v 3.012500 -4.087500 10.600000
v 3.012500 -4.012500 10.600000
v 3.012500 -3.412500 11.275000
v 3.012500 -4.162500 10.575000
v 3.012500 -4.087500 10.575000
v 3.012500 -3.512500 11.225000
v 3.012500 -3.512500 11.250000
v 3.012500 -3.587500 11.200000
v 3.012500 -3.587500 11.225000
v 3.012500 -4.262500 10.550000
v 3.012500 -4.162500 10.550000
v 3.012500 -4.337500 10.525000
v 3.012500 -4.262500 10.525000
v 3.012500 -3.687500 11.175000
v 3.012500 -3.687500 11.200000
v 3.012500 -4.412500 10.500000
v 3.012500 -4.337500 10.500000
v 3.012500 -3.787500 11.150000
v 3.012500 -4.487500 10.475000
v 3.012500 -4.412500 10.475000
v 3.012500 -3.787500 11.175000
v 3.012500 -3.862500 11.125000
v 3.012500 -3.862500 11.150000
v 3.012500 -4.587500 10.450000
v 3.012500 -4.487500 10.450000
v 3.012500 -3.962500 11.100000
v 3.012500 -4.637500 10.425000
v 3.012500 -4.587500 10.425000
v 3.012500 -3.962500 11.125000
v 3.012500 -4.712500 10.400000
v 3.012500 -4.637500 10.400000
v 3.012500 -4.762500 10.375000
v 3.012500 -4.712500 10.375000
v 3.012500 -4.062500 11.075000
v 3.012500 -4.812500 10.350000
v 3.012500 -4.762500 10.350000
v 3.012500 -4.062500 11.100000
v 3.012500 -4.862500 10.325000
v 3.012500 -4.812500 10.325000
v 3.012500 -4.912500 10.300000
v 3.012500 -4.862500 10.300000
v 3.012500 -4.162500 11.050000
v 3.012500 -4.962500 10.275000
v 3.012500 -4.912500 10.275000
v 3.012500 -4.162500 11.075000
v 3.012500 -4.212500 11.025000
v 3.012500 -4.212500 11.050000
v 3.012500 -5.012500 10.250000
v 3.012500 -4.962500 10.250000
v 3.012500 -5.062500 10.225000
v 3.012500 -5.012500 10.225000
v 3.012500 -4.287500 11.000000
v 3.012500 -4.287500 11.025000
v 3.012500 -4.337500 10.975000
v 3.012500 -5.112500 10.200000
v 3.012500 -5.062500 10.200000
v 3.012500 -4.337500 11.000000
v 3.012500 -5.162500 10.175000
v 3.012500 -5.112500 10.175000
v 3.012500 -4.412500 10.950000
v 3.012500 -4.412500 10.975000
v 3.012500 -5.237500 10.150000
v 3.012500 -5.162500 10.150000
v 3.012500 -4.462500 10.925000
v 3.012500 -4.462500 10.950000
v 3.012500 -4.512500 10.900000
v 3.012500 -5.287500 10.125000
v 3.012500 -5.237500 10.125000
v 3.012500 -5.337500 10.100000
v 3.012500 -5.287500 10.100000
v 3.012500 -4.512500 10.925000
v 3.012500 -4.587500 10.875000
v 3.012500 -5.387500 10.075000
v 3.012500 -5.337500 10.075000
v 3.012500 -4.587500 10.900000
v 3.012500 -4.637500 10.850000
v 3.012500 -5.437500 10.050000
v 3.012500 -5.387500 10.050000
v 3.012500 -4.637500 10.875000
v 3.012500 -4.687500 10.825000
v 3.012500 -5.487500 10.025000
v 3.012500 -5.437500 10.025000
v 3.012500 -5.512500 10.000000
v 3.012500 -5.487500 10.000000
v 3.012500 -4.687500 10.850000
v 3.012500 -4.762500 10.800000
v 3.012500 -4.812500 10.775000
v 3.012500 -4.762500 10.825000
v 3.012500 -4.812500 10.800000
v 3.012500 -4.887500 10.750000
v 3.012500 -4.887500 10.775000
v 3.012500 -4.937500 10.725000
v 3.012500 -4.937500 10.750000
v 3.012500 -4.987500 10.700000
v 3.012500 -4.987500 10.725000
v 3.012500 -5.062500 10.675000
v 3.012500 -5.062500 10.700000
v 3.012500 -5.112500 10.650000
v 3.012500 -5.112500 10.675000
v 3.012500 -5.162500 10.625000
v 3.012500 -5.162500 10.650000
v 3.012500 -5.237500 10.600000
v 3.012500 -5.237500 10.625000
v 3.012500 -5.287500 10.575000
v 3.012500 -5.287500 10.600000
v 3.012500 -5.362500 10.550000
v 3.012500 -5.412500 10.525000
v 3.012500 -5.362500 10.575000
v 3.012500 -5.412500 10.550000
v 3.012500 -5.462500 10.500000
v 3.012500 -5.462500 10.525000
v 3.012500 -5.512500 10.500000
v 21.012500 6.512500 -3.000000
v 21.012500 6.512500 -2.700000
v 21.012500 -5.512500 -3.000000
v 21.012500 -5.512500 -2.700000
v 21.012500 -5.512500 0.025000
v 21.012500 6.512500 0.025000
v 21.012500 -5.512500 0.300000
v 21.012500 6.512500 0.300000
v 21.012500 0.937500 1.225000
v 21.012500 6.512500 3.025000
v 21.012500 0.937500 2.700000
v 21.012500 -5.512500 3.025000
v 21.012500 -5.512500 3.300000
v 21.012500 6.512500 3.300000
v 21.012500 0.937500 4.225000
v 21.012500 6.512500 6.025000
v 21.012500 0.937500 5.700000
v 21.012500 -5.512500 6.025000
v 21.012500 -5.512500 6.300000
v 21.012500 6.512500 6.300000
v 21.012500 0.937500 7.225000
v 21.012500 6.512500 9.025000
v 21.012500 0.937500 8.700000
v 21.012500 -5.512500 9.025000
v 21.012500 -5.512500 9.300000
v 21.012500 6.512500 9.300000
v 21.012500 6.462500 9.550000
v 21.012500 6.512500 9.550000
v 21.012500 6.512500 9.525000
v 21.012500 6.412500 9.575000
v 21.012500 6.462500 9.575000
v 21.012500 6.362500 9.600000
v 21.012500 6.412500 9.600000
v 21.012500 6.312500 9.625000
v 21.012500 6.362500 9.625000
v 21.012500 6.262500 9.650000
v 21.012500 6.312500 9.650000
v 21.012500 6.212500 9.675000
v 21.012500 6.262500 9.675000
v 21.012500 6.162500 9.700000
v 21.012500 6.212500 9.700000
v 21.012500 6.087500 9.725000
v 21.012500 6.162500 9.725000
v 21.012500 6.037500 9.750000
v 21.012500 6.087500 9.750000
v 21.012500 5.987500 9.775000
v 21.012500 6.037500 9.775000
v 21.012500 5.937500 9.800000
v 21.012500 5.987500 9.800000
v 21.012500 5.887500 9.825000
v 21.012500 5.937500 9.825000
v 21.012500 5.837500 9.850000
v 21.012500 5.887500 9.850000
v 21.012500 5.787500 9.875000
v 21.012500 5.837500 9.875000
v 21.012500 5.737500 9.900000
v 21.012500 5.787500 9.900000
v 21.012500 5.687500 9.925000
v 21.012500 5.737500 9.925000
v 21.012500 5.637500 9.950000
v 21.012500 5.687500 9.950000
v 21.012500 5.562500 9.975000
v 21.012500 5.637500 9.975000
v 21.012500 5.512500 10.000000
v 21.012500 5.562500 10.000000
v 21.012500 5.462500 10.025000
v 21.012500 5.512500 10.025000
v 21.012500 5.387500 10.050000
v 21.012500 5.462500 10.050000
v 21.012500 5.312500 10.075000
v 21.012500 5.387500 10.075000
v 21.012500 5.237500 10.100000
v 21.012500 5.312500 10.100000
v 21.012500 5.137500 10.125000
v 21.012500 5.237500 10.125000
v 21.012500 5.062500 10.150000
v 21.012500 5.137500 10.150000
v 21.012500 4.987500 10.175000
v 21.012500 5.062500 10.175000
v 21.012500 4.912500 10.200000
v 21.012500 4.987500 10.200000
v 21.012500 4.812500 10.225000
v 21.012500 4.912500 10.225000
v 21.012500 4.737500 10.250000
v 21.012500 4.812500 10.250000
v 21.012500 4.662500 10.275000
v 21.012500 4.737500 10.275000
v 21.012500 4.587500 10.300000
v 21.012500 4.662500 10.300000
v 21.012500 4.487500 10.325000
v 21.012500 4.587500 10.325000
v 21.012500 4.412500 10.350000
v 21.012500 4.487500 10.350000
v 21.012500 4.337500 10.375000
v 21.012500 4.412500 10.375000
v 21.012500 4.237500 10.400000
v 21.012500 4.337500 10.400000
v 21.012500 4.162500 10.425000
v 21.012500 4.237500 10.425000
v 21.012500 4.087500 10.450000
v 21.012500 4.162500 10.450000
v 21.012500 4.012500 10.475000
v 21.012500 4.087500 10.475000
v 21.012500 3.912500 10.500000
v 21.012500 4.012500 10.500000
v 21.012500 3.837500 10.525000
v 21.012500 3.912500 10.525000
v 21.012500 3.762500 10.550000
v 21.012500 3.837500 10.550000
v 21.012500 3.687500 10.575000
v 21.012500 3.762500 10.575000
v 21.012500 3.587500 10.600000
v 21.012500 3.687500 10.600000
v 21.012500 3.512500 10.625000
v 21.012500 3.587500 10.625000
v 21.012500 3.337500 10.650000
v 21.012500 3.512500 10.650000
v 21.012500 3.187500 10.675000
v 21.012500 3.337500 10.675000
v 21.012500 3.012500 10.700000
v 21.012500 3.187500 10.700000
v 21.012500 2.837500 10.725000
v 21.012500 3.012500 10.725000
v 21.012500 2.662500 10.750000
v 21.012500 2.837500 10.750000
v 21.012500 2.512500 10.775000
v 21.012500 2.662500 10.775000
v 21.012500 2.337500 10.800000
v 21.012500 2.512500 10.800000
v 21.012500 2.162500 10.825000
v 21.012500 2.337500 10.825000
v 21.012500 2.012500 10.850000
v 21.012500 2.162500 10.850000
v 21.012500 1.837500 10.875000
v 21.012500 2.012500 10.875000
v 21.012500 1.662500 10.900000
v 21.012500 1.837500 10.900000
v 21.012500 1.512500 10.925000
v 21.012500 1.662500 10.925000
v 21.012500 -0.512500 10.925000
v 21.012500 -0.512500 10.950000
v 21.012500 1.512500 10.950000
v 21.012500 -0.687500 10.900000
v 21.012500 -0.687500 10.925000
v 21.012500 -0.837500 10.875000
v 21.012500 -0.837500 10.900000
v 21.012500 -1.012500 10.850000
v 21.012500 -1.012500 10.875000
v 21.012500 -1.187500 10.825000
v 21.012500 -1.187500 10.850000
v 21.012500 -1.337500 10.800000
v 21.012500 -1.337500 10.825000
v 21.012500 -1.512500 10.775000
v 21.012500 -1.512500 10.800000
v 21.012500 -1.687500 10.750000
v 21.012500 -1.687500 10.775000
v 21.012500 -1.837500 10.725000
v 21.012500 -1.837500 10.750000
v 21.012500 -2.012500 10.700000
v 21.012500 -2.012500 10.725000
v 21.012500 -2.187500 10.675000
v 21.012500 -2.187500 10.700000
v 21.012500 -2.337500 10.650000
v 21.012500 -2.337500 10.675000
v 21.012500 -2.512500 10.625000
v 21.012500 -2.512500 10.650000
v 21.012500 -2.587500 10.600000
v 21.012500 -2.587500 10.625000
v 21.012500 -2.687500 10.575000
v 21.012500 -2.687500 10.600000
v 21.012500 -2.762500 10.550000
v 21.012500 -2.762500 10.575000
v 21.012500 -2.837500 10.525000
v 21.012500 -2.837500 10.550000
v 21.012500 -2.937500 10.500000
v 21.012500 -2.937500 10.525000
v 21.012500 -3.012500 10.475000
v 21.012500 -3.012500 10.500000
v 21.012500 -3.087500 10.450000
v 21.012500 -3.087500 10.475000
v 21.012500 -3.162500 10.425000
v 21.012500 -3.162500 10.450000
v 21.012500 -3.262500 10.400000
v 21.012500 -3.262500 10.425000
v 21.012500 -3.337500 10.375000
v 21.012500 -3.337500 10.400000
v 21.012500 -3.412500 10.350000
v 21.012500 -3.412500 10.375000
v 21.012500 -3.487500 10.325000
v 21.012500 -3.487500 10.350000
v 21.012500 -3.587500 10.300000
v 21.012500 -3.587500 10.325000
v 21.012500 -3.662500 10.275000
v 21.012500 -3.662500 10.300000
v 21.012500 -3.737500 10.250000
v 21.012500 -3.737500 10.275000
v 21.012500 -3.837500 10.225000
v 21.012500 -3.837500 10.250000
v 21.012500 -3.912500 10.200000
v 21.012500 -3.912500 10.225000
v 21.012500 -3.987500 10.175000
v 21.012500 -3.987500 10.200000
v 21.012500 -4.062500 10.150000
v 21.012500 -4.062500 10.175000
v 21.012500 -4.162500 10.125000
v 21.012500 -4.162500 10.150000
v 21.012500 -4.237500 10.100000
v 21.012500 -4.237500 10.125000
v 21.012500 -4.312500 10.075000
v 21.012500 -4.312500 10.100000
v 21.012500 -4.387500 10.050000
v 21.012500 -4.387500 10.075000
v 21.012500 -4.462500 10.025000
v 21.012500 -4.462500 10.050000
v 21.012500 -4.537500 10.000000
v 21.012500 -4.537500 10.025000
v 21.012500 -4.587500 9.975000
v 21.012500 -4.587500 10.000000
v 21.012500 -4.637500 9.950000
v 21.012500 -4.637500 9.975000
v 21.012500 -4.687500 9.925000
v 21.012500 -4.687500 9.950000
v 21.012500 -4.737500 9.900000
v 21.012500 -4.737500 9.925000
v 21.012500 -4.787500 9.875000
v 21.012500 -4.787500 9.900000
v 21.012500 -4.837500 9.850000
v 21.012500 -4.837500 9.875000
v 21.012500 -4.887500 9.825000
v 21.012500 -4.887500 9.850000
v 21.012500 -4.937500 9.800000
v 21.012500 -4.937500 9.825000
v 21.012500 -4.987500 9.775000
v 21.012500 -4.987500 9.800000
v 21.012500 -5.062500 9.750000
v 21.012500 -5.062500 9.775000
v 21.012500 -5.112500 9.725000
v 21.012500 -5.112500 9.750000
v 21.012500 -5.162500 9.700000
v 21.012500 -5.162500 9.725000
v 21.012500 -5.212500 9.675000
v 21.012500 -5.212500 9.700000
v 21.012500 -5.262500 9.650000
v 21.012500 -5.262500 9.675000
v 21.012500 -5.312500 9.625000
v 21.012500 -5.312500 9.650000
v 21.012500 -5.362500 9.600000
v 21.012500 -5.362500 9.625000
v 21.012500 -5.412500 9.575000
v 21.012500 -5.412500 9.600000
v 21.012500 -5.462500 9.550000
v 21.012500 -5.462500 9.575000
v 21.012500 -5.512500 9.525000
v 21.012500 -5.512500 9.550000
v -19.662500 6.512500 -0.300000
v -20.637500 6.512500 -0.300000
v -19.237500 6.512500 -0.300000
v -20.637500 6.512500 -1.775000
v -18.262500 6.512500 -0.300000
v -19.662500 6.512500 -1.775000
v -19.237500 6.512500 -1.775000
v -18.262500 6.512500 -1.775000
v -17.737500 6.512500 -1.775000
v -17.737500 6.512500 -0.300000
v -16.762500 6.512500 -1.775000
v -16.237500 6.512500 -1.775000
v -16.762500 6.512500 -0.300000
v -16.237500 6.512500 -0.300000
v -15.262500 6.512500 -1.775000
v -14.737500 6.512500 -0.300000
v -15.262500 6.512500 -0.300000
v -14.737500 6.512500 -1.775000
v -13.762500 6.512500 -1.775000
v -13.237500 6.512500 -0.300000
v -13.762500 6.512500 -0.300000
v -13.237500 6.512500 -1.775000
v -12.262500 6.512500 -1.775000
v -11.737500 6.512500 -0.300000
v -12.262500 6.512500 -0.300000
v -11.737500 6.512500 -1.775000
v -10.762500 6.512500 -1.775000
v -10.237500 6.512500 -0.300000
v -10.762500 6.512500 -0.300000
v -10.237500 6.512500 -1.775000
v -8.737500 6.512500 -1.775000
v -9.262500 6.512500 -0.300000
v -9.262500 6.512500 -1.775000
v -8.737500 6.512500 -0.300000
v -7.237500 6.512500 -1.775000
v -7.762500 6.512500 -0.300000
v -7.762500 6.512500 -1.775000
v -7.237500 6.512500 -0.300000
v -5.737500 6.512500 -1.775000
v -6.262500 6.512500 -0.300000
v -6.262500 6.512500 -1.775000
v -5.737500 6.512500 -0.300000
v -4.762500 6.512500 -0.300000
v -4.237500 6.512500 -0.300000
v -3.262500 6.512500 -0.300000
v -4.237500 6.512500 -1.775000
v -4.762500 6.512500 -1.775000
v -3.262500 6.512500 -1.775000
v -11.737500 6.387500 -1.775000
v -11.737500 6.387500 -0.300000
v -10.762500 6.387500 -0.300000
v -10.762500 6.387500 -1.775000
v -10.237500 6.387500 -1.775000
v -10.237500 6.387500 -0.300000
v -9.262500 6.387500 -0.300000
v -9.262500 6.387500 -1.775000
v -8.737500 6.387500 -1.775000
v -8.737500 6.387500 -0.300000
v -7.762500 6.387500 -0.300000
v -7.762500 6.387500 -1.775000
v -7.237500 6.387500 -1.775000
v -7.237500 6.387500 -0.300000
v -6.262500 6.387500 -0.300000
v -6.262500 6.387500 -1.775000
v -5.737500 6.387500 -1.775000
v -5.737500 6.387500 -0.300000
v -4.762500 6.387500 -0.300000
v -4.762500 6.387500 -1.775000
v -4.237500 6.387500 -1.775000
v -4.237500 6.387500 -0.300000
v -3.262500 6.387500 -0.300000
v -3.262500 6.387500 -1.775000
v -17.737500 6.387500 -1.775000
v -17.737500 6.387500 -0.300000
v -16.762500 6.387500 -0.300000
v -16.762500 6.387500 -1.775000
v -20.637500 6.387500 -1.775000
v -20.637500 6.387500 -0.300000
v -19.662500 6.387500 -0.300000
v -19.662500 6.387500 -1.775000
v -19.237500 6.387500 -1.775000
v -19.237500 6.387500 -0.300000
v -18.262500 6.387500 -0.300000
v -18.262500 6.387500 -1.775000
v -13.237500 6.387500 -1.775000
v -13.237500 6.387500 -0.300000
v -12.262500 6.387500 -0.300000
v -12.262500 6.387500 -1.775000
v -16.237500 6.387500 -1.775000
v -16.237500 6.387500 -0.300000
v -15.262500 6.387500 -0.300000
v -15.262500 6.387500 -1.775000
v -14.737500 6.387500 -1.775000
v -14.737500 6.387500 -0.300000
v -13.762500 6.387500 -0.300000
v -13.762500 6.387500 -1.775000
v 4.237500 6.512500 -0.300000
v 3.262500 6.512500 -0.300000
v 3.262500 6.512500 -1.775000
v 4.762500 6.512500 -0.300000
v 4.237500 6.512500 -1.775000
v 5.737500 6.512500 -0.300000
v 4.762500 6.512500 -1.775000
v 5.737500 6.512500 -1.775000
v 6.262500 6.512500 -1.775000
v 6.262500 6.512500 -0.300000
v 7.237500 6.512500 -1.775000
v 7.762500 6.512500 -1.775000
v 7.237500 6.512500 -0.300000
v 7.762500 6.512500 -0.300000
v 8.737500 6.512500 -1.775000
v 9.262500 6.512500 -0.300000
v 8.737500 6.512500 -0.300000
v 9.262500 6.512500 -1.775000
v 10.237500 6.512500 -1.775000
v 10.762500 6.512500 -0.300000
v 10.237500 6.512500 -0.300000
v 10.762500 6.512500 -1.775000
v 12.262500 6.512500 -1.775000
v 12.262500 6.512500 -0.300000
v 11.737500 6.512500 -0.300000
v 11.737500 6.512500 -1.775000
v 13.237500 6.512500 -1.775000
v 13.762500 6.512500 -0.300000
v 13.237500 6.512500 -0.300000
v 13.762500 6.512500 -1.775000
v 14.737500 6.512500 -1.775000
v 15.262500 6.512500 -0.300000
v 14.737500 6.512500 -0.300000
v 15.262500 6.512500 -1.775000
v 16.237500 6.512500 -1.775000
v 16.762500 6.512500 -0.300000
v 16.237500 6.512500 -0.300000
v 16.762500 6.512500 -1.775000
v 18.262500 6.512500 -1.775000
v 17.737500 6.512500 -0.300000
v 17.737500 6.512500 -1.775000
v 18.262500 6.512500 -0.300000
v 19.237500 6.512500 -0.300000
v 19.662500 6.512500 -0.300000
v 20.637500 6.512500 -0.300000
v 19.662500 6.512500 -1.775000
v 19.237500 6.512500 -1.775000
v 20.637500 6.512500 -1.775000
v 16.762500 6.387500 -1.775000
v 16.762500 6.387500 -0.300000
v 17.737500 6.387500 -0.300000
v 17.737500 6.387500 -1.775000
v 18.262500 6.387500 -1.775000
v 18.262500 6.387500 -0.300000
v 19.237500 6.387500 -0.300000
v 19.237500 6.387500 -1.775000
v 3.262500 6.387500 -1.775000
v 3.262500 6.387500 -0.300000
v 4.237500 6.387500 -0.300000
v 4.237500 6.387500 -1.775000
v 4.762500 6.387500 -1.775000
v 4.762500 6.387500 -0.300000
v 5.737500 6.387500 -0.300000
v 5.737500 6.387500 -1.775000
v 6.262500 6.387500 -1.775000
v 6.262500 6.387500 -0.300000
v 7.237500 6.387500 -0.300000
v 7.237500 6.387500 -1.775000
v 7.762500 6.387500 -1.775000
v 7.762500 6.387500 -0.300000
v 8.737500 6.387500 -0.300000
v 8.737500 6.387500 -1.775000
v 9.262500 6.387500 -1.775000
v 9.262500 6.387500 -0.300000
v 10.237500 6.387500 -0.300000
v 10.237500 6.387500 -1.775000
v 12.262500 6.387500 -1.775000
v 12.262500 6.387500 -0.300000
v 13.237500 6.387500 -0.300000
v 13.237500 6.387500 -1.775000
v 13.762500 6.387500 -1.775000
v 13.762500 6.387500 -0.300000
v 14.737500 6.387500 -0.300000
v 14.737500 6.387500 -1.775000
v 15.262500 6.387500 -1.775000
v 15.262500 6.387500 -0.300000
v 16.237500 6.387500 -0.300000
v 16.237500 6.387500 -1.775000
v 10.762500 6.387500 -1.775000
v 10.762500 6.387500 -0.300000
v 11.737500 6.387500 -0.300000
v 11.737500 6.387500 -1.775000
v 19.662500 6.387500 -1.775000
v 19.662500 6.387500 -0.300000
v 20.637500 6.387500 -0.300000
v 20.637500 6.387500 -1.775000
v -19.662500 6.512500 2.700000
v -20.637500 6.512500 2.700000
v -19.237500 6.512500 2.700000
v -20.637500 6.512500 1.225000
v -18.262500 6.512500 2.700000
v -19.662500 6.512500 1.225000
v -19.237500 6.512500 1.225000
v -18.262500 6.512500 1.225000
v -17.737500 6.512500 2.700000
v -17.737500 6.512500 1.225000
v -16.762500 6.512500 1.225000
v -16.237500 6.512500 2.700000
v -16.762500 6.512500 2.700000
v -16.237500 6.512500 1.225000
v -15.262500 6.512500 1.225000
v -14.737500 6.512500 2.700000
v -15.262500 6.512500 2.700000
v -14.737500 6.512500 1.225000
v -13.237500 6.512500 1.225000
v -13.237500 6.512500 2.700000
v -13.762500 6.512500 2.700000
v -13.762500 6.512500 1.225000
v -11.737500 6.512500 1.225000
v -11.737500 6.512500 2.700000
v -12.262500 6.512500 2.700000
v -12.262500 6.512500 1.225000
v -10.237500 6.512500 1.225000
v -10.762500 6.512500 2.700000
v -10.762500 6.512500 1.225000
v -10.237500 6.512500 2.700000
v -8.737500 6.512500 1.225000
v -9.262500 6.512500 2.700000
v -9.262500 6.512500 1.225000
v -8.737500 6.512500 2.700000
v -7.237500 6.512500 1.225000
v -7.762500 6.512500 2.700000
v -7.762500 6.512500 1.225000
v -7.237500 6.512500 2.700000
v -5.737500 6.512500 1.225000
v -6.262500 6.512500 2.700000
v -6.262500 6.512500 1.225000
v -5.737500 6.512500 2.700000
v -4.762500 6.512500 2.700000
v -4.237500 6.512500 2.700000
v -3.262500 6.512500 2.700000
v -4.237500 6.512500 1.225000
v -4.762500 6.512500 1.225000
v -3.262500 6.512500 1.225000
v -11.737500 6.387500 1.225000
v -11.737500 6.387500 2.700000
v -10.762500 6.387500 2.700000
v -10.762500 6.387500 1.225000
v -10.237500 6.387500 1.225000
v -10.237500 6.387500 2.700000
v -9.262500 6.387500 2.700000
v -9.262500 6.387500 1.225000
v -8.737500 6.387500 1.225000
v -8.737500 6.387500 2.700000
v -7.762500 6.387500 2.700000
v -7.762500 6.387500 1.225000
v -7.237500 6.387500 1.225000
v -7.237500 6.387500 2.700000
v -6.262500 6.387500 2.700000
v -6.262500 6.387500 1.225000
v -5.737500 6.387500 1.225000
v -5.737500 6.387500 2.700000
v -4.762500 6.387500 2.700000
v -4.762500 6.387500 1.225000
v -4.237500 6.387500 1.225000
v -4.237500 6.387500 2.700000
v -3.262500 6.387500 2.700000
v -3.262500 6.387500 1.225000
v -17.737500 6.387500 1.225000
v -17.737500 6.387500 2.700000
v -16.762500 6.387500 2.700000
v -16.762500 6.387500 1.225000
v -19.237500 6.387500 1.225000
v -19.237500 6.387500 2.700000
v -18.262500 6.387500 2.700000
v -18.262500 6.387500 1.225000
v -20.637500 6.387500 1.225000
v -20.637500 6.387500 2.700000
v -19.662500 6.387500 2.700000
v -19.662500 6.387500 1.225000
v -16.237500 6.387500 1.225000
v -16.237500 6.387500 2.700000
v -15.262500 6.387500 2.700000
v -15.262500 6.387500 1.225000
v -14.737500 6.387500 1.225000
v -14.737500 6.387500 2.700000
v -13.762500 6.387500 2.700000
v -13.762500 6.387500 1.225000
v -13.237500 6.387500 1.225000
v -13.237500 6.387500 2.700000
v -12.262500 6.387500 2.700000
v -12.262500 6.387500 1.225000
v 4.237500 6.512500 2.700000
v 3.262500 6.512500 2.700000
v 3.262500 6.512500 1.225000
v 4.762500 6.512500 2.700000
v 4.237500 6.512500 1.225000
v 5.737500 6.512500 2.700000
v 4.762500 6.512500 1.225000
v 5.737500 6.512500 1.225000
v 6.262500 6.512500 1.225000
v 6.262500 6.512500 2.700000
v 7.237500 6.512500 1.225000
v 7.762500 6.512500 1.225000
v 7.237500 6.512500 2.700000
v 7.762500 6.512500 2.700000
v 8.737500 6.512500 1.225000
v 9.262500 6.512500 2.700000
v 8.737500 6.512500 2.700000
v 9.262500 6.512500 1.225000
v 10.762500 6.512500 1.225000
v 10.762500 6.512500 2.700000
v 10.237500 6.512500 2.700000
v 10.237500 6.512500 1.225000
v 11.737500 6.512500 1.225000
v 12.262500 6.512500 2.700000
v 11.737500 6.512500 2.700000
v 12.262500 6.512500 1.225000
v 13.762500 6.512500 1.225000
v 13.762500 6.512500 2.700000
v 13.237500 6.512500 2.700000
v 13.237500 6.512500 1.225000
v 14.737500 6.512500 1.225000
v 15.262500 6.512500 2.700000
v 14.737500 6.512500 2.700000
v 15.262500 6.512500 1.225000
v 16.237500 6.512500 1.225000
v 16.762500 6.512500 2.700000
v 16.237500 6.512500 2.700000
v 16.762500 6.512500 1.225000
v 18.262500 6.512500 1.225000
v 17.737500 6.512500 2.700000
v 17.737500 6.512500 1.225000
v 18.262500 6.512500 2.700000
v 19.237500 6.512500 2.700000
v 19.662500 6.512500 2.700000
v 20.637500 6.512500 2.700000
v 19.662500 6.512500 1.225000
v 19.237500 6.512500 1.225000
v 20.637500 6.512500 1.225000
v 16.762500 6.387500 1.225000
v 16.762500 6.387500 2.700000
v 17.737500 6.387500 2.700000
v 17.737500 6.387500 1.225000
v 18.262500 6.387500 1.225000
v 18.262500 6.387500 2.700000
v 19.237500 6.387500 2.700000
v 19.237500 6.387500 1.225000
v 3.262500 6.387500 1.225000
v 3.262500 6.387500 2.700000
v 4.237500 6.387500 2.700000
v 4.237500 6.387500 1.225000
v 4.762500 6.387500 1.225000
v 4.762500 6.387500 2.700000
v 5.737500 6.387500 2.700000
v 5.737500 6.387500 1.225000
v 12.262500 6.387500 1.225000
v 12.262500 6.387500 2.700000
v 13.237500 6.387500 2.700000
v 13.237500 6.387500 1.225000
v 13.762500 6.387500 1.225000
v 13.762500 6.387500 2.700000
v 14.737500 6.387500 2.700000
v 14.737500 6.387500 1.225000
v 15.262500 6.387500 1.225000
v 15.262500 6.387500 2.700000
v 16.237500 6.387500 2.700000
v 16.237500 6.387500 1.225000
v 6.262500 6.387500 1.225000
v 6.262500 6.387500 2.700000
v 7.237500 6.387500 2.700000
v 7.237500 6.387500 1.225000
v 7.762500 6.387500 1.225000
v 7.762500 6.387500 2.700000
v 8.737500 6.387500 2.700000
v 8.737500 6.387500 1.225000
v 9.262500 6.387500 1.225000
v 9.262500 6.387500 2.700000
v 10.237500 6.387500 2.700000
v 10.237500 6.387500 1.225000
v 10.762500 6.387500 1.225000
v 10.762500 6.387500 2.700000
v 11.737500 6.387500 2.700000
v 11.737500 6.387500 1.225000
v 19.662500 6.387500 1.225000
v 19.662500 6.387500 2.700000
v 20.637500 6.387500 2.700000
v 20.637500 6.387500 1.225000
v -20.912500 0.062500 1.225000
v -20.912500 0.062500 2.700000
v -20.887500 0.062500 1.225000
v -20.887500 0.062500 2.700000
v -20.887500 0.937500 1.225000
v -20.887500 0.937500 2.700000
v -19.662500 6.512500 5.700000
v -20.637500 6.512500 5.700000
v -19.237500 6.512500 5.700000
v -20.637500 6.512500 4.225000
v -18.262500 6.512500 5.700000
v -19.662500 6.512500 4.225000
v -19.237500 6.512500 4.225000
v -18.262500 6.512500 4.225000
v -17.737500 6.512500 4.225000
v -17.737500 6.512500 5.700000
v -16.762500 6.512500 4.225000
v -16.237500 6.512500 5.700000
v -16.762500 6.512500 5.700000
v -16.237500 6.512500 4.225000
v -14.737500 6.512500 4.225000
v -15.262500 6.512500 5.700000
v -15.262500 6.512500 4.225000
v -14.737500 6.512500 5.700000
v -13.237500 6.512500 4.225000
v -13.237500 6.512500 5.700000
v -13.762500 6.512500 5.700000
v -13.762500 6.512500 4.225000
v -12.262500 6.512500 4.225000
v -11.737500 6.512500 5.700000
v -12.262500 6.512500 5.700000
v -11.737500 6.512500 4.225000
v -10.237500 6.512500 4.225000
v -10.762500 6.512500 5.700000
v -10.762500 6.512500 4.225000
v -10.237500 6.512500 5.700000
v -8.737500 6.512500 4.225000
v -9.262500 6.512500 5.700000
v -9.262500 6.512500 4.225000
v -8.737500 6.512500 5.700000
v -7.762500 6.512500 4.225000
v -7.237500 6.512500 5.700000
v -7.762500 6.512500 5.700000
v -7.237500 6.512500 4.225000
v -5.737500 6.512500 4.225000
v -6.262500 6.512500 5.700000
v -6.262500 6.512500 4.225000
v -5.737500 6.512500 5.700000
v -4.762500 6.512500 5.700000
v -4.237500 6.512500 5.700000
v -3.262500 6.512500 5.700000
v -4.237500 6.512500 4.225000
v -4.762500 6.512500 4.225000
v -3.262500 6.512500 4.225000
v -11.737500 6.387500 5.700000
v -11.737500 6.387500 4.225000
v -10.762500 6.387500 4.225000
v -10.762500 6.387500 5.700000
v -10.237500 6.387500 5.700000
v -10.237500 6.387500 4.225000
v -9.262500 6.387500 4.225000
v -9.262500 6.387500 5.700000
v -8.737500 6.387500 5.700000
v -8.737500 6.387500 4.225000
v -7.762500 6.387500 4.225000
v -7.762500 6.387500 5.700000
v -7.237500 6.387500 5.700000
v -7.237500 6.387500 4.225000
v -6.262500 6.387500 4.225000
v -6.262500 6.387500 5.700000
v -5.737500 6.387500 5.700000
v -5.737500 6.387500 4.225000
v -4.762500 6.387500 4.225000
v -4.762500 6.387500 5.700000
v -4.237500 6.387500 5.700000
v -4.237500 6.387500 4.225000
v -3.262500 6.387500 4.225000
v -3.262500 6.387500 5.700000
v -17.737500 6.387500 5.700000
v -17.737500 6.387500 4.225000
v -16.762500 6.387500 4.225000
v -16.762500 6.387500 5.700000
v -19.237500 6.387500 5.700000
v -19.237500 6.387500 4.225000
v -18.262500 6.387500 4.225000
v -18.262500 6.387500 5.700000
v -20.637500 6.387500 5.700000
v -20.637500 6.387500 4.225000
v -19.662500 6.387500 4.225000
v -19.662500 6.387500 5.700000
v -16.237500 6.387500 5.700000
v -16.237500 6.387500 4.225000
v -15.262500 6.387500 4.225000
v -15.262500 6.387500 5.700000
v -14.737500 6.387500 5.700000
v -14.737500 6.387500 4.225000
v -13.762500 6.387500 4.225000
v -13.762500 6.387500 5.700000
v -13.237500 6.387500 5.700000
v -13.237500 6.387500 4.225000
v -12.262500 6.387500 4.225000
v -12.262500 6.387500 5.700000
v 4.237500 6.512500 5.700000
v 3.262500 6.512500 5.700000
v 3.262500 6.512500 4.225000
v 4.762500 6.512500 5.700000
v 4.237500 6.512500 4.225000
v 5.737500 6.512500 5.700000
v 4.762500 6.512500 4.225000
v 5.737500 6.512500 4.225000
v 6.262500 6.512500 4.225000
v 6.262500 6.512500 5.700000
v 7.237500 6.512500 4.225000
v 7.762500 6.512500 4.225000
v 7.237500 6.512500 5.700000
v 7.762500 6.512500 5.700000
v 8.737500 6.512500 4.225000
v 9.262500 6.512500 5.700000
v 8.737500 6.512500 5.700000
v 9.262500 6.512500 4.225000
v 10.762500 6.512500 4.225000
v 10.762500 6.512500 5.700000
v 10.237500 6.512500 5.700000
v 10.237500 6.512500 4.225000
v 12.262500 6.512500 4.225000
v 12.262500 6.512500 5.700000
v 11.737500 6.512500 5.700000
v 11.737500 6.512500 4.225000
v 13.762500 6.512500 4.225000
v 13.762500 6.512500 5.700000
v 13.237500 6.512500 5.700000
v 13.237500 6.512500 4.225000
v 14.737500 6.512500 4.225000
v 15.262500 6.512500 5.700000
v 14.737500 6.512500 5.700000
v 15.262500 6.512500 4.225000
v 16.237500 6.512500 4.225000
v 16.762500 6.512500 5.700000
v 16.237500 6.512500 5.700000
v 16.762500 6.512500 4.225000
v 18.262500 6.512500 4.225000
v 17.737500 6.512500 5.700000
v 17.737500 6.512500 4.225000
v 18.262500 6.512500 5.700000
v 19.237500 6.512500 5.700000
v 19.662500 6.512500 5.700000
v 20.637500 6.512500 5.700000
v 19.662500 6.512500 4.225000
v 19.237500 6.512500 4.225000
v 20.637500 6.512500 4.225000
v 16.762500 6.387500 5.700000
v 16.762500 6.387500 4.225000
v 17.737500 6.387500 4.225000
v 17.737500 6.387500 5.700000
v 18.262500 6.387500 5.700000
v 18.262500 6.387500 4.225000
v 19.237500 6.387500 4.225000
v 19.237500 6.387500 5.700000
v 3.262500 6.387500 5.700000
v 3.262500 6.387500 4.225000
v 4.237500 6.387500 4.225000
v 4.237500 6.387500 5.700000
v 4.762500 6.387500 5.700000
v 4.762500 6.387500 4.225000
v 5.737500 6.387500 4.225000
v 5.737500 6.387500 5.700000
v 6.262500 6.387500 5.700000
v 6.262500 6.387500 4.225000
v 7.237500 6.387500 4.225000
v 7.237500 6.387500 5.700000
v 7.762500 6.387500 5.700000
v 7.762500 6.387500 4.225000
v 8.737500 6.387500 4.225000
v 8.737500 6.387500 5.700000
v 9.262500 6.387500 5.700000
v 9.262500 6.387500 4.225000
v 10.237500 6.387500 4.225000
v 10.237500 6.387500 5.700000
v 12.262500 6.387500 5.700000
v 12.262500 6.387500 4.225000
v 13.237500 6.387500 4.225000
v 13.237500 6.387500 5.700000
v 13.762500 6.387500 5.700000
v 13.762500 6.387500 4.225000
v 14.737500 6.387500 4.225000
v 14.737500 6.387500 5.700000
v 15.262500 6.387500 5.700000
v 15.262500 6.387500 4.225000
v 16.237500 6.387500 4.225000
v 16.237500 6.387500 5.700000
v 10.762500 6.387500 5.700000
v 10.762500 6.387500 4.225000
v 11.737500 6.387500 4.225000
v 11.737500 6.387500 5.700000
v 19.662500 6.387500 5.700000
v 19.662500 6.387500 4.225000
v 20.637500 6.387500 4.225000
v 20.637500 6.387500 5.700000
v -20.912500 0.062500 4.225000
v -20.912500 0.062500 5.700000
v -20.887500 0.062500 4.225000
v -20.887500 0.062500 5.700000
v -20.887500 0.937500 4.225000
v -20.887500 0.937500 5.700000
v -19.662500 6.512500 8.700000
v -20.637500 6.512500 8.700000
v -19.237500 6.512500 8.700000
v -20.637500 6.512500 7.225000
v -18.262500 6.512500 8.700000
v -19.662500 6.512500 7.225000
v -19.237500 6.512500 7.225000
v -18.262500 6.512500 7.225000
v -17.737500 6.512500 7.225000
v -17.737500 6.512500 8.700000
v -16.762500 6.512500 7.225000
v -16.237500 6.512500 7.225000
v -16.762500 6.512500 8.700000
v -16.237500 6.512500 8.700000
v -14.737500 6.512500 7.225000
v -15.262500 6.512500 8.700000
v -15.262500 6.512500 7.225000
v -14.737500 6.512500 8.700000
v -13.237500 6.512500 7.225000
v -13.237500 6.512500 8.700000
v -13.762500 6.512500 8.700000
v -13.762500 6.512500 7.225000
v -11.737500 6.512500 7.225000
v -11.737500 6.512500 8.700000
v -12.262500 6.512500 8.700000
v -12.262500 6.512500 7.225000
v -10.762500 6.512500 7.225000
v -10.237500 6.512500 8.700000
v -10.762500 6.512500 8.700000
v -10.237500 6.512500 7.225000
v -8.737500 6.512500 7.225000
v -9.262500 6.512500 8.700000
v -9.262500 6.512500 7.225000
v -8.737500 6.512500 8.700000
v -7.237500 6.512500 7.225000
v -7.762500 6.512500 8.700000
v -7.762500 6.512500 7.225000
v -7.237500 6.512500 8.700000
v -5.737500 6.512500 7.225000
v -6.262500 6.512500 8.700000
v -6.262500 6.512500 7.225000
v -5.737500 6.512500 8.700000
v -4.762500 6.512500 8.700000
v -4.237500 6.512500 8.700000
v -3.262500 6.512500 8.700000
v -4.237500 6.512500 7.225000
v -4.762500 6.512500 7.225000
v -3.262500 6.512500 7.225000
v -11.737500 6.387500 8.700000
v -11.737500 6.387500 7.225000
v -10.762500 6.387500 7.225000
v -10.762500 6.387500 8.700000
v -10.237500 6.387500 8.700000
v -10.237500 6.387500 7.225000
v -9.262500 6.387500 7.225000
v -9.262500 6.387500 8.700000
v -8.737500 6.387500 8.700000
v -8.737500 6.387500 7.225000
v -7.762500 6.387500 7.225000
v -7.762500 6.387500 8.700000
v -7.237500 6.387500 8.700000
v -7.237500 6.387500 7.225000
v -6.262500 6.387500 7.225000
v -6.262500 6.387500 8.700000
v -5.737500 6.387500 8.700000
v -5.737500 6.387500 7.225000
v -4.762500 6.387500 7.225000
v -4.762500 6.387500 8.700000
v -4.237500 6.387500 8.700000
v -4.237500 6.387500 7.225000
v -3.262500 6.387500 7.225000
v -3.262500 6.387500 8.700000
v -17.737500 6.387500 8.700000
v -17.737500 6.387500 7.225000
v -16.762500 6.387500 7.225000
v -16.762500 6.387500 8.700000
v -19.237500 6.387500 8.700000
v -19.237500 6.387500 7.225000
v -18.262500 6.387500 7.225000
v -18.262500 6.387500 8.700000
v -20.637500 6.387500 8.700000
v -20.637500 6.387500 7.225000
v -19.662500 6.387500 7.225000
v -19.662500 6.387500 8.700000
v -16.237500 6.387500 8.700000
v -16.237500 6.387500 7.225000
v -15.262500 6.387500 7.225000
v -15.262500 6.387500 8.700000
v -14.737500 6.387500 8.700000
v -14.737500 6.387500 7.225000
v -13.762500 6.387500 7.225000
v -13.762500 6.387500 8.700000
v -13.237500 6.387500 8.700000
v -13.237500 6.387500 7.225000
v -12.262500 6.387500 7.225000
v -12.262500 6.387500 8.700000
v 4.237500 6.512500 8.700000
v 3.262500 6.512500 8.700000
v 3.262500 6.512500 7.225000
v 4.762500 6.512500 8.700000
v 4.237500 6.512500 7.225000
v 5.737500 6.512500 8.700000
v 4.762500 6.512500 7.225000
v 5.737500 6.512500 7.225000
v 6.262500 6.512500 7.225000
v 6.262500 6.512500 8.700000
v 7.237500 6.512500 7.225000
v 7.762500 6.512500 7.225000
v 7.237500 6.512500 8.700000
v 7.762500 6.512500 8.700000
v 9.262500 6.512500 7.225000
v 8.737500 6.512500 8.700000
v 8.737500 6.512500 7.225000
v 9.262500 6.512500 8.700000
v 10.762500 6.512500 7.225000
v 10.762500 6.512500 8.700000
v 10.237500 6.512500 8.700000
v 10.237500 6.512500 7.225000
v 12.262500 6.512500 7.225000
v 12.262500 6.512500 8.700000
v 11.737500 6.512500 8.700000
v 11.737500 6.512500 7.225000
v 13.762500 6.512500 7.225000
v 13.762500 6.512500 8.700000
v 13.237500 6.512500 8.700000
v 13.237500 6.512500 7.225000
v 14.737500 6.512500 7.225000
v 15.262500 6.512500 8.700000
v 14.737500 6.512500 8.700000
v 15.262500 6.512500 7.225000
v 16.762500 6.512500 7.225000
v 16.762500 6.512500 8.700000
v 16.237500 6.512500 8.700000
v 16.237500 6.512500 7.225000
v 17.737500 6.512500 7.225000
v 18.262500 6.512500 8.700000
v 17.737500 6.512500 8.700000
v 18.262500 6.512500 7.225000
v 19.237500 6.512500 8.700000
v 19.662500 6.512500 8.700000
v 20.637500 6.512500 8.700000
v 19.662500 6.512500 7.225000
v 19.237500 6.512500 7.225000
v 20.637500 6.512500 7.225000
v 16.762500 6.387500 8.700000
v 16.762500 6.387500 7.225000
v 17.737500 6.387500 7.225000
v 17.737500 6.387500 8.700000
v 18.262500 6.387500 8.700000
v 18.262500 6.387500 7.225000
v 19.237500 6.387500 7.225000
v 19.237500 6.387500 8.700000
v 3.262500 6.387500 8.700000
v 3.262500 6.387500 7.225000
v 4.237500 6.387500 7.225000
v 4.237500 6.387500 8.700000
v 4.762500 6.387500 8.700000
v 4.762500 6.387500 7.225000
v 5.737500 6.387500 7.225000
v 5.737500 6.387500 8.700000
v 6.262500 6.387500 8.700000
v 6.262500 6.387500 7.225000
v 7.237500 6.387500 7.225000
v 7.237500 6.387500 8.700000
v 7.762500 6.387500 8.700000
v 7.762500 6.387500 7.225000
v 8.737500 6.387500 7.225000
v 8.737500 6.387500 8.700000
v 9.262500 6.387500 8.700000
v 9.262500 6.387500 7.225000
v 10.237500 6.387500 7.225000
v 10.237500 6.387500 8.700000
v 12.262500 6.387500 8.700000
v 12.262500 6.387500 7.225000
v 13.237500 6.387500 7.225000
v 13.237500 6.387500 8.700000
v 13.762500 6.387500 8.700000
v 13.762500 6.387500 7.225000
v 14.737500 6.387500 7.225000
v 14.737500 6.387500 8.700000
v 15.262500 6.387500 8.700000
v 15.262500 6.387500 7.225000
v 16.237500 6.387500 7.225000
v 16.237500 6.387500 8.700000
v 10.762500 6.387500 8.700000
v 10.762500 6.387500 7.225000
v 11.737500 6.387500 7.225000
v 11.737500 6.387500 8.700000
v 19.662500 6.387500 8.700000
v 19.662500 6.387500 7.225000
v 20.637500 6.387500 7.225000
v 20.637500 6.387500 8.700000
v -20.912500 0.062500 7.225000
v -20.912500 0.062500 8.700000
v -20.887500 0.062500 7.225000
v -20.887500 0.062500 8.700000
v -20.887500 0.937500 7.225000
v -20.887500 0.937500 8.700000
v 22.012500 7.512500 9.525000
v 22.012500 7.512500 9.075000
v 2.987500 -5.637500 9.500000
v 2.987500 -5.587500 9.500000
v 2.987500 -5.587500 9.525000
v 2.987500 -5.687500 9.475000
v 2.987500 -5.637500 9.475000
v 2.987500 -5.737500 9.450000
v 2.987500 -5.687500 9.450000
v 2.987500 -5.787500 9.425000
v 2.987500 -5.737500 9.425000
v 2.987500 -5.837500 9.400000
v 2.987500 -5.787500 9.400000
v 2.987500 -5.887500 9.375000
v 2.987500 -5.837500 9.375000
v 2.987500 -5.937500 9.350000
v 2.987500 -5.887500 9.350000
v 2.987500 -5.987500 9.325000
v 2.987500 -5.937500 9.325000
v 2.987500 -6.037500 9.300000
v 2.987500 -5.987500 9.300000
v 2.987500 -6.087500 9.275000
v 2.987500 -6.037500 9.275000
v 2.987500 -6.162500 9.250000
v 2.987500 -6.087500 9.250000
v 2.987500 -6.212500 9.225000
v 2.987500 -6.162500 9.225000
v 2.987500 -6.262500 9.200000
v 2.987500 -6.212500 9.200000
v 2.987500 -6.312500 9.175000
v 2.987500 -6.262500 9.175000
v 2.987500 -5.512500 10.000000
v 2.987500 -5.537500 9.975000
v 2.987500 -5.512500 9.525000
v 2.987500 -6.362500 9.150000
v 2.987500 -6.312500 9.150000
v 2.987500 -5.537500 10.000000
v 2.987500 -5.587500 9.950000
v 2.987500 -6.412500 9.125000
v 2.987500 -6.362500 9.125000
v 2.987500 -5.587500 9.975000
v 2.987500 -6.462500 9.100000
v 2.987500 -6.412500 9.100000
v 2.987500 -5.637500 9.925000
v 2.987500 -5.687500 9.900000
v 2.987500 -5.637500 9.950000
v 2.987500 -6.512500 9.075000
v 2.987500 -6.462500 9.075000
v 2.987500 -5.687500 9.925000
v 2.987500 -5.737500 9.875000
v 2.987500 -5.737500 9.900000
v 2.987500 -5.812500 9.850000
v 2.987500 -5.812500 9.875000
v 2.987500 -5.862500 9.825000
v 2.987500 -5.862500 9.850000
v 2.987500 -5.912500 9.800000
v 2.987500 -5.962500 9.775000
v 2.987500 -5.912500 9.825000
v 2.987500 -5.962500 9.800000
v 2.987500 -6.012500 9.750000
v 2.987500 -6.062500 9.725000
v 2.987500 -6.012500 9.775000
v 2.987500 -6.062500 9.750000
v 2.987500 -6.112500 9.700000
v 2.987500 -6.112500 9.725000
v 2.987500 -6.162500 9.675000
v 2.987500 -6.212500 9.650000
v 2.987500 -6.162500 9.700000
v 2.987500 -6.212500 9.675000
v 2.987500 -6.262500 9.625000
v 2.987500 -6.262500 9.650000
v 2.987500 -6.337500 9.600000
v 2.987500 -6.337500 9.625000
v 2.987500 -6.387500 9.575000
v 2.987500 -6.387500 9.600000
v 2.987500 -6.437500 9.550000
v 2.987500 -6.487500 9.525000
v 2.987500 -6.437500 9.575000
v 2.987500 -6.512500 9.525000
v 2.987500 -6.487500 9.550000
v 22.012500 -6.462500 9.075000
v 22.012500 -6.462500 9.100000
v 22.012500 7.437500 9.550000
v 22.012500 7.487500 9.550000
v 22.012500 7.487500 9.525000
v 22.012500 7.362500 9.575000
v 22.012500 7.437500 9.575000
v 22.012500 7.312500 9.600000
v 22.012500 7.362500 9.600000
v 22.012500 7.262500 9.625000
v 22.012500 7.312500 9.625000
v 22.012500 7.212500 9.650000
v 22.012500 7.262500 9.650000
v 22.012500 7.162500 9.675000
v 22.012500 7.212500 9.675000
v 22.012500 7.112500 9.700000
v 22.012500 7.162500 9.700000
v 22.012500 7.062500 9.725000
v 22.012500 7.112500 9.725000
v 22.012500 7.012500 9.750000
v 22.012500 7.062500 9.750000
v 22.012500 6.962500 9.775000
v 22.012500 7.012500 9.775000
v 22.012500 6.912500 9.800000
v 22.012500 6.962500 9.800000
v 22.012500 6.837500 9.825000
v 22.012500 6.912500 9.825000
v 22.012500 6.787500 9.850000
v 22.012500 6.837500 9.850000
v 22.012500 6.737500 9.875000
v 22.012500 6.787500 9.875000
v 22.012500 6.687500 9.900000
v 22.012500 6.737500 9.900000
v 22.012500 6.637500 9.925000
v 22.012500 6.687500 9.925000
v 22.012500 7.462500 9.100000
v 22.012500 7.462500 9.075000
v 22.012500 6.587500 9.950000
v 22.012500 6.637500 9.950000
v 22.012500 7.412500 9.125000
v 22.012500 7.412500 9.100000
v 22.012500 7.362500 9.150000
v 22.012500 6.537500 9.975000
v 22.012500 6.587500 9.975000
v 22.012500 6.487500 10.000000
v 22.012500 6.537500 10.000000
v 22.012500 7.362500 9.125000
v 22.012500 7.312500 9.175000
v 22.012500 7.312500 9.150000
v 22.012500 6.437500 10.025000
v 22.012500 6.487500 10.025000
v 22.012500 7.262500 9.200000
v 22.012500 6.387500 10.050000
v 22.012500 6.437500 10.050000
v 22.012500 7.262500 9.175000
v 22.012500 6.337500 10.075000
v 22.012500 6.387500 10.075000
v 22.012500 7.187500 9.225000
v 22.012500 7.137500 9.250000
v 22.012500 7.187500 9.200000
v 22.012500 7.137500 9.225000
v 22.012500 7.087500 9.275000
v 22.012500 6.262500 10.100000
v 22.012500 6.337500 10.100000
v 22.012500 7.087500 9.250000
v 22.012500 7.037500 9.300000
v 22.012500 6.212500 10.125000
v 22.012500 6.262500 10.125000
v 22.012500 7.037500 9.275000
v 22.012500 6.162500 10.150000
v 22.012500 6.212500 10.150000
v 22.012500 6.987500 9.325000
v 22.012500 6.112500 10.175000
v 22.012500 6.162500 10.175000
v 22.012500 6.987500 9.300000
v 22.012500 6.937500 9.350000
v 22.012500 6.062500 10.200000
v 22.012500 6.112500 10.200000
v 22.012500 6.937500 9.325000
v 22.012500 6.887500 9.375000
v 22.012500 6.837500 9.400000
v 22.012500 6.887500 9.350000
v 22.012500 6.012500 10.225000
v 22.012500 6.062500 10.225000
v 22.012500 6.837500 9.375000
v 22.012500 6.787500 9.425000
v 22.012500 5.962500 10.250000
v 22.012500 6.012500 10.250000
v 22.012500 6.787500 9.400000
v 22.012500 5.912500 10.275000
v 22.012500 5.962500 10.275000
v 22.012500 6.737500 9.450000
v 22.012500 5.862500 10.300000
v 22.012500 5.912500 10.300000
v 22.012500 6.737500 9.425000
v 22.012500 6.687500 9.475000
v 22.012500 5.812500 10.325000
v 22.012500 5.862500 10.325000
v 22.012500 6.687500 9.450000
v 22.012500 6.612500 9.500000
v 22.012500 6.612500 9.475000
v 22.012500 5.737500 10.350000
v 22.012500 5.812500 10.350000
v 22.012500 6.562500 9.525000
v 22.012500 5.687500 10.375000
v 22.012500 5.737500 10.375000
v 22.012500 6.512500 9.550000
v 22.012500 6.562500 9.500000
v 22.012500 6.462500 9.575000
v 22.012500 6.512500 9.525000
v 22.012500 5.637500 10.400000
v 22.012500 5.687500 10.400000
v 22.012500 6.462500 9.550000
v 22.012500 6.412500 9.600000
v 22.012500 5.562500 10.425000
v 22.012500 5.637500 10.425000
v 22.012500 6.412500 9.575000
v 22.012500 6.362500 9.625000
v 22.012500 6.362500 9.600000
v 22.012500 6.312500 9.650000
v 22.012500 5.487500 10.450000
v 22.012500 5.562500 10.450000
v 22.012500 6.262500 9.675000
v 22.012500 6.312500 9.625000
v 22.012500 6.262500 9.650000
v 22.012500 6.212500 9.700000
v 22.012500 6.212500 9.675000
v 22.012500 5.412500 10.475000
v 22.012500 5.487500 10.475000
v 22.012500 6.162500 9.725000
v 22.012500 6.162500 9.700000
v 22.012500 5.337500 10.500000
v 22.012500 5.412500 10.500000
v 22.012500 6.087500 9.750000
v 22.012500 6.087500 9.725000
v 22.012500 6.037500 9.775000
v 22.012500 6.037500 9.750000
v 22.012500 5.987500 9.800000
v 22.012500 5.987500 9.775000
v 22.012500 5.237500 10.525000
v 22.012500 5.337500 10.525000
v 22.012500 5.937500 9.825000
v 22.012500 5.937500 9.800000
v 22.012500 5.887500 9.850000
v 22.012500 5.162500 10.550000
v 22.012500 5.237500 10.550000
v 22.012500 5.887500 9.825000
v 22.012500 5.837500 9.875000
v 22.012500 5.837500 9.850000
v 22.012500 5.787500 9.900000
v 22.012500 5.787500 9.875000
v 22.012500 5.737500 9.925000
v 22.012500 5.087500 10.575000
v 22.012500 5.162500 10.575000
v 22.012500 5.737500 9.900000
v 22.012500 5.687500 9.950000
v 22.012500 5.687500 9.925000
v 22.012500 5.012500 10.600000
v 22.012500 5.087500 10.600000
v 22.012500 5.637500 9.975000
v 22.012500 5.637500 9.950000
v 22.012500 5.562500 10.000000
v 22.012500 4.912500 10.625000
v 22.012500 5.012500 10.625000
v 22.012500 5.562500 9.975000
v 22.012500 5.512500 10.025000
v 22.012500 5.512500 10.000000
v 22.012500 5.462500 10.050000
v 22.012500 5.462500 10.025000
v 22.012500 4.837500 10.650000
v 22.012500 4.912500 10.650000
v 22.012500 5.387500 10.075000
v 22.012500 5.387500 10.050000
v 22.012500 4.762500 10.675000
v 22.012500 4.837500 10.675000
v 22.012500 5.312500 10.100000
v 22.012500 5.312500 10.075000
v 22.012500 4.662500 10.700000
v 22.012500 4.762500 10.700000
v 22.012500 5.237500 10.125000
v 22.012500 5.237500 10.100000
v 22.012500 4.587500 10.725000
v 22.012500 4.662500 10.725000
v 22.012500 5.137500 10.150000
v 22.012500 5.137500 10.125000
v 22.012500 4.512500 10.750000
v 22.012500 4.587500 10.750000
v 22.012500 5.062500 10.175000
v 22.012500 5.062500 10.150000
v 22.012500 4.437500 10.775000
v 22.012500 4.512500 10.775000
v 22.012500 4.987500 10.200000
v 22.012500 4.987500 10.175000
v 22.012500 4.337500 10.800000
v 22.012500 4.437500 10.800000
v 22.012500 4.912500 10.225000
v 22.012500 4.912500 10.200000
v 22.012500 4.262500 10.825000
v 22.012500 4.337500 10.825000
v 22.012500 4.812500 10.250000
v 22.012500 4.812500 10.225000
v 22.012500 4.187500 10.850000
v 22.012500 4.262500 10.850000
v 22.012500 4.737500 10.275000
v 22.012500 4.112500 10.875000
v 22.012500 4.187500 10.875000
v 22.012500 4.737500 10.250000
v 22.012500 4.662500 10.300000
v 22.012500 4.662500 10.275000
v 22.012500 4.012500 10.900000
v 22.012500 4.112500 10.900000
v 22.012500 4.587500 10.325000
v 22.012500 4.587500 10.300000
v 22.012500 3.937500 10.925000
v 22.012500 4.012500 10.925000
v 22.012500 4.487500 10.350000
v 22.012500 3.862500 10.950000
v 22.012500 3.937500 10.950000
v 22.012500 4.487500 10.325000
v 22.012500 4.412500 10.375000
v 22.012500 4.412500 10.350000
v 22.012500 3.762500 10.975000
v 22.012500 3.862500 10.975000
v 22.012500 4.337500 10.400000
v 22.012500 4.337500 10.375000
v 22.012500 3.687500 11.000000
v 22.012500 3.762500 11.000000
v 22.012500 4.237500 10.425000
v 22.012500 4.237500 10.400000
v 22.012500 4.162500 10.450000
v 22.012500 3.587500 11.025000
v 22.012500 3.687500 11.025000
v 22.012500 4.162500 10.425000
v 22.012500 4.087500 10.475000
v 22.012500 4.087500 10.450000
v 22.012500 4.012500 10.500000
v 22.012500 3.437500 11.050000
v 22.012500 3.587500 11.050000
v 22.012500 4.012500 10.475000
v 22.012500 3.912500 10.525000
v 22.012500 3.912500 10.500000
v 22.012500 3.837500 10.550000
v 22.012500 3.837500 10.525000
v 22.012500 3.262500 11.075000
v 22.012500 3.437500 11.075000
v 22.012500 3.762500 10.575000
v 22.012500 3.762500 10.550000
v 22.012500 3.687500 10.600000
v 22.012500 3.687500 10.575000
v 22.012500 3.587500 10.625000
v 22.012500 3.587500 10.600000
v 22.012500 3.087500 11.100000
v 22.012500 3.262500 11.100000
v 22.012500 3.512500 10.650000
v 22.012500 3.512500 10.625000
v 22.012500 2.937500 11.125000
v 22.012500 3.087500 11.125000
v 22.012500 3.337500 10.675000
v 22.012500 3.337500 10.650000
v 22.012500 2.762500 11.150000
v 22.012500 2.937500 11.150000
v 22.012500 3.187500 10.700000
v 22.012500 3.187500 10.675000
v 22.012500 2.587500 11.175000
v 22.012500 2.762500 11.175000
v 22.012500 3.012500 10.725000
v 22.012500 3.012500 10.700000
v 22.012500 2.437500 11.200000
v 22.012500 2.587500 11.200000
v 22.012500 2.837500 10.750000
v 22.012500 2.837500 10.725000
v 22.012500 2.262500 11.225000
v 22.012500 2.437500 11.225000
v 22.012500 2.662500 10.775000
v 22.012500 2.662500 10.750000
v 22.012500 2.087500 11.250000
v 22.012500 2.262500 11.250000
v 22.012500 2.512500 10.800000
v 22.012500 2.512500 10.775000
v 22.012500 1.937500 11.275000
v 22.012500 2.087500 11.275000
v 22.012500 2.337500 10.825000
v 22.012500 2.337500 10.800000
v 22.012500 1.762500 11.300000
v 22.012500 1.937500 11.300000
v 22.012500 2.162500 10.850000
v 22.012500 2.162500 10.825000
v 22.012500 1.587500 11.325000
v 22.012500 1.762500 11.325000
v 22.012500 2.012500 10.875000
v 22.012500 2.012500 10.850000
v 22.012500 1.837500 10.900000
v 22.012500 1.837500 10.875000
v 22.012500 1.662500 10.925000
v 22.012500 1.662500 10.900000
v 22.012500 1.512500 10.950000
v 22.012500 1.587500 11.350000
v 22.012500 1.512500 10.925000
v 22.012500 -0.762500 11.300000
v 22.012500 -0.762500 11.325000
v 22.012500 -0.587500 11.325000
v 22.012500 -0.512500 10.950000
v 22.012500 -0.587500 11.350000
v 22.012500 -0.937500 11.275000
v 22.012500 -0.937500 11.300000
v 22.012500 -0.662500 10.925000
v 22.012500 -0.512500 10.925000
v 22.012500 -1.087500 11.250000
v 22.012500 -1.087500 11.275000
v 22.012500 -0.837500 10.900000
v 22.012500 -0.662500 10.900000
v 22.012500 -1.262500 11.225000
v 22.012500 -1.262500 11.250000
v 22.012500 -1.012500 10.875000
v 22.012500 -0.837500 10.875000
v 22.012500 -1.437500 11.200000
v 22.012500 -1.437500 11.225000
v 22.012500 -1.187500 10.850000
v 22.012500 -1.012500 10.850000
v 22.012500 -1.587500 11.175000
v 22.012500 -1.587500 11.200000
v 22.012500 -1.337500 10.825000
v 22.012500 -1.187500 10.825000
v 22.012500 -1.762500 11.150000
v 22.012500 -1.762500 11.175000
v 22.012500 -1.512500 10.800000
v 22.012500 -1.337500 10.800000
v 22.012500 -1.937500 11.125000
v 22.012500 -1.937500 11.150000
v 22.012500 -1.687500 10.775000
v 22.012500 -1.512500 10.775000
v 22.012500 -2.112500 11.100000
v 22.012500 -2.112500 11.125000
v 22.012500 -1.837500 10.750000
v 22.012500 -1.687500 10.750000
v 22.012500 -2.262500 11.075000
v 22.012500 -2.262500 11.100000
v 22.012500 -2.012500 10.725000
v 22.012500 -1.837500 10.725000
v 22.012500 -2.437500 11.050000
v 22.012500 -2.437500 11.075000
v 22.012500 -2.187500 10.700000
v 22.012500 -2.012500 10.700000
v 22.012500 -2.612500 11.025000
v 22.012500 -2.612500 11.050000
v 22.012500 -2.337500 10.675000
v 22.012500 -2.187500 10.675000
v 22.012500 -2.687500 11.000000
v 22.012500 -2.687500 11.025000
v 22.012500 -2.787500 10.975000
v 22.012500 -2.787500 11.000000
v 22.012500 -2.512500 10.650000
v 22.012500 -2.337500 10.650000
v 22.012500 -2.862500 10.950000
v 22.012500 -2.862500 10.975000
v 22.012500 -2.587500 10.625000
v 22.012500 -2.512500 10.625000
v 22.012500 -2.937500 10.925000
v 22.012500 -2.937500 10.950000
v 22.012500 -2.687500 10.600000
v 22.012500 -2.587500 10.600000
v 22.012500 -2.762500 10.575000
v 22.012500 -2.687500 10.575000
v 22.012500 -3.112500 10.875000
v 22.012500 -3.112500 10.900000
v 22.012500 -2.837500 10.550000
v 22.012500 -2.762500 10.550000
v 22.012500 -3.187500 10.850000
v 22.012500 -3.187500 10.875000
v 22.012500 -2.937500 10.525000
v 22.012500 -2.837500 10.525000
v 22.012500 -3.262500 10.825000
v 22.012500 -3.262500 10.850000
v 22.012500 -3.012500 10.500000
v 22.012500 -2.937500 10.500000
v 22.012500 -3.362500 10.800000
v 22.012500 -3.362500 10.825000
v 22.012500 -3.087500 10.475000
v 22.012500 -3.012500 10.475000
v 22.012500 -3.437500 10.775000
v 22.012500 -3.437500 10.800000
v 22.012500 -3.162500 10.450000
v 22.012500 -3.087500 10.450000
v 22.012500 -3.512500 10.750000
v 22.012500 -3.512500 10.775000
v 22.012500 -3.262500 10.425000
v 22.012500 -3.162500 10.425000
v 22.012500 -3.587500 10.725000
v 22.012500 -3.587500 10.750000
v 22.012500 -3.337500 10.400000
v 22.012500 -3.262500 10.400000
v 22.012500 -3.687500 10.700000
v 22.012500 -3.687500 10.725000
v 22.012500 -3.412500 10.375000
v 22.012500 -3.337500 10.375000
v 22.012500 -3.762500 10.675000
v 22.012500 -3.762500 10.700000
v 22.012500 -3.487500 10.350000
v 22.012500 -3.412500 10.350000
v 22.012500 -3.837500 10.650000
v 22.012500 -3.837500 10.675000
v 22.012500 -3.587500 10.325000
v 22.012500 -3.487500 10.325000
v 22.012500 -3.912500 10.625000
v 22.012500 -3.912500 10.650000
v 22.012500 -3.662500 10.300000
v 22.012500 -3.587500 10.300000
v 22.012500 -4.012500 10.600000
v 22.012500 -4.012500 10.625000
v 22.012500 -3.737500 10.275000
v 22.012500 -3.662500 10.275000
v 22.012500 -4.087500 10.575000
v 22.012500 -4.087500 10.600000
v 22.012500 -3.837500 10.250000
v 22.012500 -3.737500 10.250000
v 22.012500 -4.162500 10.550000
v 22.012500 -4.162500 10.575000
v 22.012500 -3.912500 10.225000
v 22.012500 -3.837500 10.225000
v 22.012500 -4.262500 10.525000
v 22.012500 -4.262500 10.550000
v 22.012500 -3.987500 10.200000
v 22.012500 -3.912500 10.200000
v 22.012500 -4.337500 10.500000
v 22.012500 -4.337500 10.525000
v 22.012500 -4.062500 10.175000
v 22.012500 -3.987500 10.175000
v 22.012500 -4.412500 10.475000
v 22.012500 -4.412500 10.500000
v 22.012500 -4.162500 10.150000
v 22.012500 -4.062500 10.150000
v 22.012500 -4.487500 10.450000
v 22.012500 -4.487500 10.475000
v 22.012500 -4.237500 10.125000
v 22.012500 -4.162500 10.125000
v 22.012500 -4.587500 10.425000
v 22.012500 -4.587500 10.450000
v 22.012500 -4.312500 10.100000
v 22.012500 -4.237500 10.100000
v 22.012500 -4.637500 10.400000
v 22.012500 -4.637500 10.425000
v 22.012500 -4.387500 10.075000
v 22.012500 -4.312500 10.075000
v 22.012500 -4.712500 10.375000
v 22.012500 -4.712500 10.400000
v 22.012500 -4.462500 10.050000
v 22.012500 -4.387500 10.050000
v 22.012500 -4.762500 10.350000
v 22.012500 -4.762500 10.375000
v 22.012500 -4.812500 10.325000
v 22.012500 -4.812500 10.350000
v 22.012500 -4.537500 10.025000
v 22.012500 -4.462500 10.025000
v 22.012500 -4.862500 10.300000
v 22.012500 -4.862500 10.325000
v 22.012500 -4.587500 10.000000
v 22.012500 -4.537500 10.000000
v 22.012500 -4.912500 10.275000
v 22.012500 -4.912500 10.300000
v 22.012500 -4.637500 9.975000
v 22.012500 -4.587500 9.975000
v 22.012500 -4.962500 10.250000
v 22.012500 -4.962500 10.275000
v 22.012500 -4.687500 9.950000
v 22.012500 -4.637500 9.950000
v 22.012500 -5.012500 10.225000
v 22.012500 -5.012500 10.250000
v 22.012500 -4.737500 9.925000
v 22.012500 -4.687500 9.925000
v 22.012500 -5.062500 10.200000
v 22.012500 -5.062500 10.225000
v 22.012500 -4.787500 9.900000
v 22.012500 -4.737500 9.900000
v 22.012500 -5.112500 10.175000
v 22.012500 -5.112500 10.200000
v 22.012500 -4.837500 9.875000
v 22.012500 -4.787500 9.875000
v 22.012500 -5.162500 10.150000
v 22.012500 -5.162500 10.175000
v 22.012500 -4.887500 9.850000
v 22.012500 -4.837500 9.850000
v 22.012500 -5.237500 10.125000
v 22.012500 -5.237500 10.150000
v 22.012500 -4.937500 9.825000
v 22.012500 -4.887500 9.825000
v 22.012500 -5.287500 10.100000
v 22.012500 -5.287500 10.125000
v 22.012500 -4.987500 9.800000
v 22.012500 -4.937500 9.800000
v 22.012500 -5.337500 10.075000
v 22.012500 -5.337500 10.100000
v 22.012500 -5.062500 9.775000
v 22.012500 -4.987500 9.775000
v 22.012500 -5.387500 10.050000
v 22.012500 -5.387500 10.075000
v 22.012500 -5.112500 9.750000
v 22.012500 -5.062500 9.750000
v 22.012500 -5.437500 10.025000
v 22.012500 -5.437500 10.050000
v 22.012500 -5.162500 9.725000
v 22.012500 -5.112500 9.725000
v 22.012500 -5.487500 10.000000
v 22.012500 -5.487500 10.025000
v 22.012500 -5.212500 9.700000
v 22.012500 -5.162500 9.700000
v 22.012500 -5.537500 9.975000
v 22.012500 -5.537500 10.000000
v 22.012500 -5.262500 9.675000
v 22.012500 -5.212500 9.675000
v 22.012500 -5.587500 9.950000
v 22.012500 -5.587500 9.975000
v 22.012500 -5.312500 9.650000
v 22.012500 -5.262500 9.650000
v 22.012500 -5.637500 9.925000
v 22.012500 -5.637500 9.950000
v 22.012500 -5.362500 9.625000
v 22.012500 -5.312500 9.625000
v 22.012500 -5.687500 9.900000
v 22.012500 -5.687500 9.925000
v 22.012500 -5.412500 9.600000
v 22.012500 -5.362500 9.600000
v 22.012500 -5.737500 9.875000
v 22.012500 -5.737500 9.900000
v 22.012500 -5.462500 9.575000
v 22.012500 -5.412500 9.575000
v 22.012500 -5.512500 9.550000
v 22.012500 -5.462500 9.550000
v 22.012500 -5.812500 9.850000
v 22.012500 -5.812500 9.875000
v 22.012500 -5.862500 9.825000
v 22.012500 -5.862500 9.850000
v 22.012500 -5.587500 9.525000
v 22.012500 -5.512500 9.525000
v 22.012500 -5.912500 9.800000
v 22.012500 -5.912500 9.825000
v 22.012500 -5.637500 9.500000
v 22.012500 -5.587500 9.500000
v 22.012500 -5.962500 9.775000
v 22.012500 -5.962500 9.800000
v 22.012500 -5.687500 9.475000
v 22.012500 -5.637500 9.475000
v 22.012500 -6.012500 9.750000
v 22.012500 -6.012500 9.775000
v 22.012500 -5.737500 9.450000
v 22.012500 -5.687500 9.450000
v 22.012500 -6.062500 9.725000
v 22.012500 -6.062500 9.750000
v 22.012500 -5.787500 9.425000
v 22.012500 -5.737500 9.425000
v 22.012500 -6.112500 9.700000
v 22.012500 -6.112500 9.725000
v 22.012500 -5.837500 9.400000
v 22.012500 -5.787500 9.400000
v 22.012500 -6.162500 9.675000
v 22.012500 -6.162500 9.700000
v 22.012500 -5.887500 9.375000
v 22.012500 -5.837500 9.375000
v 22.012500 -6.212500 9.650000
v 22.012500 -6.212500 9.675000
v 22.012500 -5.937500 9.350000
v 22.012500 -5.887500 9.350000
v 22.012500 -6.262500 9.625000
v 22.012500 -6.262500 9.650000
v 22.012500 -5.987500 9.325000
v 22.012500 -5.937500 9.325000
v 22.012500 -6.337500 9.600000
v 22.012500 -6.337500 9.625000
v 22.012500 -6.037500 9.300000
v 22.012500 -5.987500 9.300000
v 22.012500 -6.087500 9.275000
v 22.012500 -6.037500 9.275000
v 22.012500 -6.387500 9.575000
v 22.012500 -6.387500 9.600000
v 22.012500 -6.437500 9.550000
v 22.012500 -6.437500 9.575000
v 22.012500 -6.162500 9.250000
v 22.012500 -6.087500 9.250000
v 22.012500 -6.487500 9.525000
v 22.012500 -6.487500 9.550000
v 22.012500 -6.212500 9.225000
v 22.012500 -6.162500 9.225000
v 22.012500 -6.262500 9.200000
v 22.012500 -6.212500 9.200000
v 22.012500 -6.312500 9.175000
v 22.012500 -6.262500 9.175000
v 22.012500 -6.362500 9.150000
v 22.012500 -6.312500 9.150000
v 22.012500 -6.412500 9.125000
v 22.012500 -6.512500 9.525000
v 22.012500 -6.362500 9.125000
v 22.012500 -6.412500 9.100000
v 22.012500 -6.512500 9.075000
v -3.987500 8.712500 10.850000
v -3.987500 8.712500 10.875000
v -3.987500 8.687500 10.850000
v -3.987500 8.687500 10.875000
v -1.037500 8.687500 10.850000
v -1.037500 8.687500 10.875000
v -1.037500 8.712500 10.850000
v -1.037500 8.712500 10.875000
v -1.012500 8.712500 10.850000
v -1.012500 8.712500 10.875000
v -1.012500 8.687500 10.850000
v -1.012500 8.687500 10.875000
v 3.987500 8.687500 10.850000
v 3.987500 8.687500 10.875000
v 3.987500 8.712500 10.850000
v 3.987500 8.712500 10.875000
v 21.987500 -0.687500 10.900000
v 21.987500 -0.687500 10.925000
v 21.987500 -0.662500 10.900000
v 21.987500 -0.662500 10.925000
v 18.587500 1.912500 11.275000
v 18.587500 1.912500 11.300000
v 18.587500 1.937500 11.275000
v 18.587500 1.937500 11.300000
v -21.987500 1.937500 11.275000
v -21.987500 1.937500 11.300000
v -21.987500 1.912500 11.275000
v -21.987500 1.912500 11.300000
v -6.412500 1.912500 11.300000
v -6.412500 1.912500 11.275000
v -6.412500 1.937500 11.275000
v -6.412500 1.937500 11.300000
v 18.612500 1.937500 11.275000
v 18.612500 1.937500 11.300000
v 18.612500 1.912500 11.275000
v 18.612500 1.912500 11.300000
v 21.987500 1.912500 11.275000
v 21.987500 1.912500 11.300000
v 21.987500 1.937500 11.275000
v 21.987500 1.937500 11.300000
v 3.987500 -2.412500 11.525000
v 3.987500 -2.412500 11.550000
v 3.987500 -2.387500 11.525000
v 3.987500 -2.387500 11.550000
v -3.987500 5.962500 11.800000
v -3.987500 5.962500 11.825000
v -3.987500 5.937500 11.800000
v -3.987500 5.937500 11.825000
v 0.812500 5.937500 11.800000
v 0.812500 5.937500 11.825000
v 0.812500 5.962500 11.800000
v 0.812500 5.962500 11.825000
v 0.837500 5.962500 11.800000
v 0.837500 5.962500 11.825000
v 0.837500 5.937500 11.800000
v 0.837500 5.937500 11.825000
v 3.987500 5.937500 11.800000
v 3.987500 5.937500 11.825000
v 3.987500 5.962500 11.800000
v 3.987500 5.962500 11.825000
v -19.662500 -5.512500 -1.775000
v -20.637500 -5.512500 -1.775000
v -19.237500 -5.512500 -1.775000
v -20.637500 -5.512500 -0.300000
v -18.262500 -5.512500 -1.775000
v -19.662500 -5.512500 -0.300000
v -19.237500 -5.512500 -0.300000
v -17.737500 -5.512500 -1.775000
v -18.262500 -5.512500 -0.300000
v -16.762500 -5.512500 -1.775000
v -17.737500 -5.512500 -0.300000
v -16.237500 -5.512500 -1.775000
v -16.762500 -5.512500 -0.300000
v -15.262500 -5.512500 -1.775000
v -16.237500 -5.512500 -0.300000
v -14.737500 -5.512500 -1.775000
v -14.737500 -5.512500 -0.300000
v -15.262500 -5.512500 -0.300000
v -13.237500 -5.512500 -0.300000
v -13.237500 -5.512500 -1.775000
v -13.762500 -5.512500 -1.775000
v -13.762500 -5.512500 -0.300000
v -12.262500 -5.512500 -0.300000
v -11.737500 -5.512500 -1.775000
v -12.262500 -5.512500 -1.775000
v -11.737500 -5.512500 -0.300000
v -10.237500 -5.512500 -0.300000
v -10.762500 -5.512500 -1.775000
v -10.762500 -5.512500 -0.300000
v -10.237500 -5.512500 -1.775000
v -8.737500 -5.512500 -0.300000
v -9.262500 -5.512500 -1.775000
v -9.262500 -5.512500 -0.300000
v -8.737500 -5.512500 -1.775000
v -7.237500 -5.512500 -0.300000
v -7.762500 -5.512500 -1.775000
v -7.762500 -5.512500 -0.300000
v -7.237500 -5.512500 -1.775000
v -3.012500 -5.512500 0.000000
v -6.262500 -5.512500 -1.775000
v -6.262500 -5.512500 -0.300000
v -3.012500 -5.512500 0.025000
v 3.012500 -5.512500 0.000000
v 6.262500 -5.512500 -1.775000
v 6.262500 -5.512500 -0.300000
v 3.012500 -5.512500 0.025000
v 7.237500 -5.512500 -0.300000
v 7.762500 -5.512500 -0.300000
v 7.237500 -5.512500 -1.775000
v 7.762500 -5.512500 -1.775000
v 9.262500 -5.512500 -0.300000
v 8.737500 -5.512500 -1.775000
v 8.737500 -5.512500 -0.300000
v 9.262500 -5.512500 -1.775000
v 10.762500 -5.512500 -0.300000
v 10.762500 -5.512500 -1.775000
v 10.237500 -5.512500 -1.775000
v 10.237500 -5.512500 -0.300000
v 12.262500 -5.512500 -0.300000
v 12.262500 -5.512500 -1.775000
v 11.737500 -5.512500 -1.775000
v 11.737500 -5.512500 -0.300000
v 13.762500 -5.512500 -0.300000
v 13.762500 -5.512500 -1.775000
v 13.237500 -5.512500 -1.775000
v 13.237500 -5.512500 -0.300000
v 15.262500 -5.512500 -0.300000
v 15.262500 -5.512500 -1.775000
v 14.737500 -5.512500 -1.775000
v 14.737500 -5.512500 -0.300000
v 16.762500 -5.512500 -0.300000
v 16.762500 -5.512500 -1.775000
v 16.237500 -5.512500 -1.775000
v 16.237500 -5.512500 -0.300000
v 18.262500 -5.512500 -0.300000
v 17.737500 -5.512500 -1.775000
v 17.737500 -5.512500 -0.300000
v 18.262500 -5.512500 -1.775000
v 19.237500 -5.512500 -1.775000
v 19.662500 -5.512500 -1.775000
v 20.637500 -5.512500 -1.775000
v 19.662500 -5.512500 -0.300000
v 19.237500 -5.512500 -0.300000
v 20.637500 -5.512500 -0.300000
v -3.012500 -7.512500 0.300000
v -3.012500 -5.512500 0.300000
v -3.012500 -9.012500 0.325000
v -3.012500 -7.512500 0.325000
v -3.012500 -9.012500 0.000000
v -3.012500 -6.937500 0.425000
v -3.012500 -6.062500 0.425000
v -3.012500 -6.062500 2.400000
v -3.012500 -5.512500 3.000000
v -3.012500 -6.937500 2.400000
v -3.012500 -7.512500 3.000000
v -2.912500 -6.937500 0.425000
v -2.912500 -6.937500 2.400000
v -2.887500 -6.937500 0.425000
v -2.887500 -6.937500 2.400000
v -2.887500 -6.062500 0.425000
v -2.887500 -6.062500 2.400000
v 2.887500 -6.937500 0.425000
v 2.887500 -6.937500 2.400000
v 2.887500 -6.062500 2.400000
v 2.887500 -6.062500 0.425000
v 3.012500 -6.937500 0.425000
v 3.012500 -6.937500 2.400000
v 3.012500 -7.512500 0.300000
v 3.012500 -5.512500 0.300000
v 3.012500 -9.012500 0.325000
v 3.012500 -7.512500 0.325000
v 3.012500 -9.012500 0.000000
v 3.012500 -7.512500 3.000000
v 3.012500 -5.512500 3.000000
v 3.012500 -6.062500 2.400000
v 3.012500 -6.062500 0.425000
v 17.737500 -5.412500 -1.775000
v 17.737500 -5.412500 -0.300000
v 17.737500 -5.387500 -1.775000
v 17.737500 -5.387500 -0.300000
v 16.762500 -5.412500 -0.300000
v 16.762500 -5.412500 -1.775000
v 16.762500 -5.387500 -0.300000
v 16.762500 -5.387500 -1.775000
v 19.237500 -5.412500 -1.775000
v 19.237500 -5.412500 -0.300000
v 19.237500 -5.387500 -1.775000
v 19.237500 -5.387500 -0.300000
v 18.262500 -5.412500 -0.300000
v 18.262500 -5.412500 -1.775000
v 18.262500 -5.387500 -0.300000
v 18.262500 -5.387500 -1.775000
v -10.762500 -5.412500 -1.775000
v -10.762500 -5.412500 -0.300000
v -10.762500 -5.387500 -1.775000
v -10.762500 -5.387500 -0.300000
v -11.737500 -5.412500 -0.300000
v -11.737500 -5.412500 -1.775000
v -11.737500 -5.387500 -0.300000
v -11.737500 -5.387500 -1.775000
v -9.262500 -5.412500 -1.775000
v -9.262500 -5.412500 -0.300000
v -9.262500 -5.387500 -1.775000
v -9.262500 -5.387500 -0.300000
v -10.237500 -5.412500 -0.300000
v -10.237500 -5.412500 -1.775000
v -10.237500 -5.387500 -0.300000
v -10.237500 -5.387500 -1.775000
v -7.762500 -5.412500 -1.775000
v -7.762500 -5.412500 -0.300000
v -7.762500 -5.387500 -1.775000
v -7.762500 -5.387500 -0.300000
v -8.737500 -5.412500 -0.300000
v -8.737500 -5.412500 -1.775000
v -8.737500 -5.387500 -0.300000
v -8.737500 -5.387500 -1.775000
v -6.262500 -5.412500 -1.775000
v -6.262500 -5.412500 -0.300000
v -6.262500 -5.387500 -1.775000
v -6.262500 -5.387500 -0.300000
v -7.237500 -5.412500 -0.300000
v -7.237500 -5.412500 -1.775000
v -7.237500 -5.387500 -0.300000
v -7.237500 -5.387500 -1.775000
v 7.237500 -5.412500 -1.775000
v 7.237500 -5.412500 -0.300000
v 7.237500 -5.387500 -1.775000
v 7.237500 -5.387500 -0.300000
v 6.262500 -5.412500 -0.300000
v 6.262500 -5.412500 -1.775000
v 6.262500 -5.387500 -0.300000
v 6.262500 -5.387500 -1.775000
v 8.737500 -5.412500 -1.775000
v 8.737500 -5.412500 -0.300000
v 8.737500 -5.387500 -1.775000
v 8.737500 -5.387500 -0.300000
v 7.762500 -5.412500 -0.300000
v 7.762500 -5.412500 -1.775000
v 7.762500 -5.387500 -0.300000
v 7.762500 -5.387500 -1.775000
v 10.237500 -5.412500 -1.775000
v 10.237500 -5.412500 -0.300000
v 10.237500 -5.387500 -1.775000
v 10.237500 -5.387500 -0.300000
v 9.262500 -5.412500 -0.300000
v 9.262500 -5.412500 -1.775000
v 9.262500 -5.387500 -0.300000
v 9.262500 -5.387500 -1.775000
v 13.237500 -5.412500 -1.775000
v 13.237500 -5.412500 -0.300000
v 13.237500 -5.387500 -1.775000
v 13.237500 -5.387500 -0.300000
v 12.262500 -5.412500 -0.300000
v 12.262500 -5.412500 -1.775000
v 12.262500 -5.387500 -0.300000
v 12.262500 -5.387500 -1.775000
v 14.737500 -5.412500 -1.775000
v 14.737500 -5.412500 -0.300000
v 14.737500 -5.387500 -1.775000
v 14.737500 -5.387500 -0.300000
v 13.762500 -5.412500 -0.300000
v 13.762500 -5.412500 -1.775000
v 13.762500 -5.387500 -0.300000
v 13.762500 -5.387500 -1.775000
v 16.237500 -5.412500 -1.775000
v 16.237500 -5.412500 -0.300000
v 16.237500 -5.387500 -1.775000
v 16.237500 -5.387500 -0.300000
v 15.262500 -5.412500 -0.300000
v 15.262500 -5.412500 -1.775000
v 15.262500 -5.387500 -0.300000
v 15.262500 -5.387500 -1.775000
v -16.762500 -5.412500 -1.775000
v -16.762500 -5.412500 -0.300000
v -16.762500 -5.387500 -1.775000
v -16.762500 -5.387500 -0.300000
v -17.737500 -5.412500 -0.300000
v -17.737500 -5.412500 -1.775000
v -17.737500 -5.387500 -0.300000
v -17.737500 -5.387500 -1.775000
v -19.662500 -5.412500 -1.775000
v -19.662500 -5.412500 -0.300000
v -19.662500 -5.387500 -1.775000
v -19.662500 -5.387500 -0.300000
v -20.637500 -5.412500 -0.300000
v -20.637500 -5.412500 -1.775000
v -20.637500 -5.387500 -0.300000
v -20.637500 -5.387500 -1.775000
v -18.262500 -5.412500 -1.775000
v -18.262500 -5.412500 -0.300000
v -18.262500 -5.387500 -1.775000
v -18.262500 -5.387500 -0.300000
v -19.237500 -5.412500 -0.300000
v -19.237500 -5.412500 -1.775000
v -19.237500 -5.387500 -0.300000
v -19.237500 -5.387500 -1.775000
v -12.262500 -5.412500 -1.775000
v -12.262500 -5.412500 -0.300000
v -12.262500 -5.387500 -1.775000
v -12.262500 -5.387500 -0.300000
v -13.237500 -5.412500 -0.300000
v -13.237500 -5.412500 -1.775000
v -13.237500 -5.387500 -0.300000
v -13.237500 -5.387500 -1.775000
v -15.262500 -5.412500 -1.775000
v -15.262500 -5.412500 -0.300000
v -15.262500 -5.387500 -1.775000
v -15.262500 -5.387500 -0.300000
v -16.237500 -5.412500 -0.300000
v -16.237500 -5.412500 -1.775000
v -16.237500 -5.387500 -0.300000
v -16.237500 -5.387500 -1.775000
v -13.762500 -5.412500 -1.775000
v -13.762500 -5.412500 -0.300000
v -13.762500 -5.387500 -1.775000
v -13.762500 -5.387500 -0.300000
v -14.737500 -5.412500 -0.300000
v -14.737500 -5.412500 -1.775000
v -14.737500 -5.387500 -0.300000
v -14.737500 -5.387500 -1.775000
v 11.737500 -5.412500 -1.775000
v 11.737500 -5.412500 -0.300000
v 11.737500 -5.387500 -1.775000
v 11.737500 -5.387500 -0.300000
v 10.762500 -5.412500 -0.300000
v 10.762500 -5.412500 -1.775000
v 10.762500 -5.387500 -0.300000
v 10.762500 -5.387500 -1.775000
v 20.637500 -5.412500 -1.775000
v 20.637500 -5.412500 -0.300000
v 20.637500 -5.387500 -1.775000
v 20.637500 -5.387500 -0.300000
v 19.662500 -5.412500 -0.300000
v 19.662500 -5.412500 -1.775000
v 19.662500 -5.387500 -0.300000
v 19.662500 -5.387500 -1.775000
v -19.662500 -5.512500 1.225000
v -20.637500 -5.512500 1.225000
v -19.237500 -5.512500 1.225000
v -20.637500 -5.512500 2.700000
v -18.262500 -5.512500 1.225000
v -19.662500 -5.512500 2.700000
v -19.237500 -5.512500 2.700000
v -17.737500 -5.512500 1.225000
v -18.262500 -5.512500 2.700000
v -16.762500 -5.512500 1.225000
v -17.737500 -5.512500 2.700000
v -16.237500 -5.512500 1.225000
v -16.237500 -5.512500 2.700000
v -16.762500 -5.512500 2.700000
v -14.737500 -5.512500 2.700000
v -15.262500 -5.512500 1.225000
v -15.262500 -5.512500 2.700000
v -14.737500 -5.512500 1.225000
v -13.237500 -5.512500 2.700000
v -13.237500 -5.512500 1.225000
v -13.762500 -5.512500 1.225000
v -13.762500 -5.512500 2.700000
v -11.737500 -5.512500 2.700000
v -11.737500 -5.512500 1.225000
v -12.262500 -5.512500 1.225000
v -12.262500 -5.512500 2.700000
v -10.237500 -5.512500 2.700000
v -10.762500 -5.512500 1.225000
v -10.762500 -5.512500 2.700000
v -10.237500 -5.512500 1.225000
v -8.737500 -5.512500 2.700000
v -9.262500 -5.512500 1.225000
v -9.262500 -5.512500 2.700000
v -8.737500 -5.512500 1.225000
v -7.237500 -5.512500 2.700000
v -7.762500 -5.512500 1.225000
v -7.762500 -5.512500 2.700000
v -7.237500 -5.512500 1.225000
v -5.737500 -5.512500 2.700000
v -6.262500 -5.512500 1.225000
v -6.262500 -5.512500 2.700000
v -5.737500 -5.512500 1.225000
v -4.762500 -5.512500 1.225000
v -4.237500 -5.512500 1.225000
v -3.262500 -5.512500 1.225000
v -4.237500 -5.512500 2.700000
v -4.762500 -5.512500 2.700000
v -3.512500 -5.512500 3.000000
v -3.262500 -5.512500 2.700000
v -3.512500 -5.512500 3.025000
v -3.512500 -9.512500 3.000000
v -3.512500 -9.512500 3.325000
v -3.512500 -5.512500 3.300000
v -3.512500 -5.512500 3.325000
v -10.762500 -5.412500 1.225000
v -10.762500 -5.412500 2.700000
v -10.762500 -5.387500 1.225000
v -10.762500 -5.387500 2.700000
v -11.737500 -5.412500 2.700000
v -11.737500 -5.412500 1.225000
v -11.737500 -5.387500 2.700000
v -11.737500 -5.387500 1.225000
v -9.262500 -5.412500 1.225000
v -9.262500 -5.412500 2.700000
v -9.262500 -5.387500 1.225000
v -9.262500 -5.387500 2.700000
v -10.237500 -5.412500 2.700000
v -10.237500 -5.412500 1.225000
v -10.237500 -5.387500 2.700000
v -10.237500 -5.387500 1.225000
v -7.762500 -5.412500 1.225000
v -7.762500 -5.412500 2.700000
v -7.762500 -5.387500 1.225000
v -7.762500 -5.387500 2.700000
v -8.737500 -5.412500 2.700000
v -8.737500 -5.412500 1.225000
v -8.737500 -5.387500 2.700000
v -8.737500 -5.387500 1.225000
v -6.262500 -5.412500 1.225000
v -6.262500 -5.412500 2.700000
v -6.262500 -5.387500 1.225000
v -6.262500 -5.387500 2.700000
v -7.237500 -5.412500 2.700000
v -7.237500 -5.412500 1.225000
v -7.237500 -5.387500 2.700000
v -7.237500 -5.387500 1.225000
v -4.762500 -5.412500 1.225000
v -4.762500 -5.412500 2.700000
v -4.762500 -5.387500 1.225000
v -4.762500 -5.387500 2.700000
v -5.737500 -5.412500 2.700000
v -5.737500 -5.412500 1.225000
v -5.737500 -5.387500 2.700000
v -5.737500 -5.387500 1.225000
v -3.262500 -5.412500 1.225000
v -3.262500 -5.412500 2.700000
v -3.262500 -5.387500 1.225000
v -3.262500 -5.387500 2.700000
v -4.237500 -5.412500 2.700000
v -4.237500 -5.412500 1.225000
v -4.237500 -5.387500 2.700000
v -4.237500 -5.387500 1.225000
v -16.762500 -5.412500 1.225000
v -16.762500 -5.412500 2.700000
v -16.762500 -5.387500 1.225000
v -16.762500 -5.387500 2.700000
v -17.737500 -5.412500 2.700000
v -17.737500 -5.412500 1.225000
v -17.737500 -5.387500 2.700000
v -17.737500 -5.387500 1.225000
v -18.262500 -5.412500 1.225000
v -18.262500 -5.412500 2.700000
v -18.262500 -5.387500 1.225000
v -18.262500 -5.387500 2.700000
v -19.237500 -5.412500 2.700000
v -19.237500 -5.412500 1.225000
v -19.237500 -5.387500 2.700000
v -19.237500 -5.387500 1.225000
v -19.662500 -5.412500 1.225000
v -19.662500 -5.412500 2.700000
v -19.662500 -5.387500 1.225000
v -19.662500 -5.387500 2.700000
v -20.637500 -5.412500 2.700000
v -20.637500 -5.412500 1.225000
v -20.637500 -5.387500 2.700000
v -20.637500 -5.387500 1.225000
v -15.262500 -5.412500 1.225000
v -15.262500 -5.412500 2.700000
v -15.262500 -5.387500 1.225000
v -15.262500 -5.387500 2.700000
v -16.237500 -5.412500 2.700000
v -16.237500 -5.412500 1.225000
v -16.237500 -5.387500 2.700000
v -16.237500 -5.387500 1.225000
v -13.762500 -5.412500 1.225000
v -13.762500 -5.412500 2.700000
v -13.762500 -5.387500 1.225000
v -13.762500 -5.387500 2.700000
v -14.737500 -5.412500 2.700000
v -14.737500 -5.412500 1.225000
v -14.737500 -5.387500 2.700000
v -14.737500 -5.387500 1.225000
v -12.262500 -5.412500 1.225000
v -12.262500 -5.412500 2.700000
v -12.262500 -5.387500 1.225000
v -12.262500 -5.387500 2.700000
v -13.237500 -5.412500 2.700000
v -13.237500 -5.412500 1.225000
v -13.237500 -5.387500 2.700000
v -13.237500 -5.387500 1.225000
v 4.237500 -5.512500 1.225000
v 3.262500 -5.512500 1.225000
v 4.762500 -5.512500 1.225000
v 3.262500 -5.512500 2.700000
v 3.512500 -5.512500 3.000000
v 4.237500 -5.512500 2.700000
v 3.512500 -5.512500 3.025000
v 5.737500 -5.512500 1.225000
v 4.762500 -5.512500 2.700000
v 6.262500 -5.512500 1.225000
v 5.737500 -5.512500 2.700000
v 7.237500 -5.512500 1.225000
v 6.262500 -5.512500 2.700000
v 7.762500 -5.512500 1.225000
v 7.237500 -5.512500 2.700000
v 7.762500 -5.512500 2.700000
v 9.262500 -5.512500 2.700000
v 8.737500 -5.512500 1.225000
v 8.737500 -5.512500 2.700000
v 9.262500 -5.512500 1.225000
v 10.762500 -5.512500 2.700000
v 10.762500 -5.512500 1.225000
v 10.237500 -5.512500 1.225000
v 10.237500 -5.512500 2.700000
v 12.262500 -5.512500 2.700000
v 12.262500 -5.512500 1.225000
v 11.737500 -5.512500 1.225000
v 11.737500 -5.512500 2.700000
v 13.762500 -5.512500 2.700000
v 13.762500 -5.512500 1.225000
v 13.237500 -5.512500 1.225000
v 13.237500 -5.512500 2.700000
v 14.737500 -5.512500 2.700000
v 15.262500 -5.512500 1.225000
v 14.737500 -5.512500 1.225000
v 15.262500 -5.512500 2.700000
v 16.762500 -5.512500 2.700000
v 16.237500 -5.512500 1.225000
v 16.237500 -5.512500 2.700000
v 16.762500 -5.512500 1.225000
v 18.262500 -5.512500 2.700000
v 17.737500 -5.512500 1.225000
v 17.737500 -5.512500 2.700000
v 18.262500 -5.512500 1.225000
v 19.237500 -5.512500 1.225000
v 19.662500 -5.512500 1.225000
v 20.637500 -5.512500 1.225000
v 19.662500 -5.512500 2.700000
v 19.237500 -5.512500 2.700000
v 20.637500 -5.512500 2.700000
v 3.512500 -9.512500 3.325000
v 3.512500 -5.512500 3.325000
v 3.512500 -5.512500 3.300000
v 3.512500 -9.512500 3.000000
v 17.737500 -5.412500 1.225000
v 17.737500 -5.412500 2.700000
v 17.737500 -5.387500 1.225000
v 17.737500 -5.387500 2.700000
v 16.762500 -5.412500 2.700000
v 16.762500 -5.412500 1.225000
v 16.762500 -5.387500 2.700000
v 16.762500 -5.387500 1.225000
v 19.237500 -5.412500 1.225000
v 19.237500 -5.412500 2.700000
v 19.237500 -5.387500 1.225000
v 19.237500 -5.387500 2.700000
v 18.262500 -5.412500 2.700000
v 18.262500 -5.412500 1.225000
v 18.262500 -5.387500 2.700000
v 18.262500 -5.387500 1.225000
v 4.237500 -5.412500 1.225000
v 4.237500 -5.412500 2.700000
v 4.237500 -5.387500 1.225000
v 4.237500 -5.387500 2.700000
v 3.262500 -5.412500 2.700000
v 3.262500 -5.412500 1.225000
v 3.262500 -5.387500 2.700000
v 3.262500 -5.387500 1.225000
v 5.737500 -5.412500 1.225000
v 5.737500 -5.412500 2.700000
v 5.737500 -5.387500 1.225000
v 5.737500 -5.387500 2.700000
v 4.762500 -5.412500 2.700000
v 4.762500 -5.412500 1.225000
v 4.762500 -5.387500 2.700000
v 4.762500 -5.387500 1.225000
v 13.237500 -5.412500 1.225000
v 13.237500 -5.412500 2.700000
v 13.237500 -5.387500 1.225000
v 13.237500 -5.387500 2.700000
v 12.262500 -5.412500 2.700000
v 12.262500 -5.412500 1.225000
v 12.262500 -5.387500 2.700000
v 12.262500 -5.387500 1.225000
v 14.737500 -5.412500 1.225000
v 14.737500 -5.412500 2.700000
v 14.737500 -5.387500 1.225000
v 14.737500 -5.387500 2.700000
v 13.762500 -5.412500 2.700000
v 13.762500 -5.412500 1.225000
v 13.762500 -5.387500 2.700000
v 13.762500 -5.387500 1.225000
v 16.237500 -5.412500 1.225000
v 16.237500 -5.412500 2.700000
v 16.237500 -5.387500 1.225000
v 16.237500 -5.387500 2.700000
v 15.262500 -5.412500 2.700000
v 15.262500 -5.412500 1.225000
v 15.262500 -5.387500 2.700000
v 15.262500 -5.387500 1.225000
v 7.237500 -5.412500 1.225000
v 7.237500 -5.412500 2.700000
v 7.237500 -5.387500 1.225000
v 7.237500 -5.387500 2.700000
v 6.262500 -5.412500 2.700000
v 6.262500 -5.412500 1.225000
v 6.262500 -5.387500 2.700000
v 6.262500 -5.387500 1.225000
v 8.737500 -5.412500 1.225000
v 8.737500 -5.412500 2.700000
v 8.737500 -5.387500 1.225000
v 8.737500 -5.387500 2.700000
v 7.762500 -5.412500 2.700000
v 7.762500 -5.412500 1.225000
v 7.762500 -5.387500 2.700000
v 7.762500 -5.387500 1.225000
v 10.237500 -5.412500 1.225000
v 10.237500 -5.412500 2.700000
v 10.237500 -5.387500 1.225000
v 10.237500 -5.387500 2.700000
v 9.262500 -5.412500 2.700000
v 9.262500 -5.412500 1.225000
v 9.262500 -5.387500 2.700000
v 9.262500 -5.387500 1.225000
v 11.737500 -5.412500 1.225000
v 11.737500 -5.412500 2.700000
v 11.737500 -5.387500 1.225000
v 11.737500 -5.387500 2.700000
v 10.762500 -5.412500 2.700000
v 10.762500 -5.412500 1.225000
v 10.762500 -5.387500 2.700000
v 10.762500 -5.387500 1.225000
v 20.637500 -5.412500 1.225000
v 20.637500 -5.412500 2.700000
v 20.637500 -5.387500 1.225000
v 20.637500 -5.387500 2.700000
v 19.662500 -5.412500 2.700000
v 19.662500 -5.412500 1.225000
v 19.662500 -5.387500 2.700000
v 19.662500 -5.387500 1.225000
v -1.312500 -7.512500 0.325000
v -2.487500 -7.512500 0.425000
v -1.512500 -7.512500 0.425000
v -2.487500 -7.512500 2.400000
v -1.512500 -7.512500 2.400000
v -1.312500 -7.512500 2.425000
v -1.287500 -7.512500 2.425000
v 2.437500 -7.512500 0.425000
v 1.312500 -7.512500 0.325000
v 1.562500 -7.512500 0.425000
v 1.562500 -7.512500 2.400000
v 1.312500 -7.512500 2.425000
v 2.437500 -7.512500 2.400000
v 1.287500 -7.512500 2.425000
v -1.512500 -7.412500 0.425000
v -1.512500 -7.412500 2.400000
v -1.512500 -7.387500 0.425000
v -1.512500 -7.387500 2.400000
v -2.487500 -7.412500 2.400000
v -2.487500 -7.412500 0.425000
v -2.487500 -7.387500 2.400000
v -2.487500 -7.387500 0.425000
v 1.562500 -7.412500 2.400000
v 1.562500 -7.412500 0.425000
v 1.562500 -7.387500 2.400000
v 1.562500 -7.387500 0.425000
v 2.437500 -7.412500 0.425000
v 2.437500 -7.412500 2.400000
v 2.437500 -7.387500 0.425000
v 2.437500 -7.387500 2.400000
v -1.287500 -7.512500 0.325000
v -1.287500 -7.537500 2.425000
v -1.287500 -7.537500 0.325000
v -1.262500 -7.537500 2.425000
v -1.262500 -7.537500 0.325000
v -1.262500 -7.562500 2.425000
v -1.262500 -7.562500 0.325000
v -1.237500 -7.562500 2.425000
v -1.237500 -7.562500 0.325000
v -1.237500 -7.587500 2.425000
v -1.237500 -7.587500 0.325000
v -1.212500 -7.587500 2.425000
v -1.212500 -7.587500 0.325000
v -1.212500 -7.612500 2.425000
v -1.212500 -7.612500 0.325000
v -1.187500 -7.612500 2.425000
v -1.187500 -7.612500 0.325000
v -1.187500 -7.637500 2.425000
v -1.187500 -7.637500 0.325000
v -1.162500 -7.637500 2.425000
v -1.162500 -7.637500 0.325000
v -1.162500 -7.662500 2.425000
v -1.162500 -7.662500 0.325000
v -1.137500 -7.662500 2.425000
v -1.137500 -7.662500 0.325000
v -1.137500 -7.687500 2.425000
v -1.137500 -7.687500 0.325000
v -1.112500 -7.687500 2.425000
v -1.112500 -7.687500 0.325000
v -1.112500 -7.712500 2.425000
v -1.112500 -7.712500 0.325000
v -1.087500 -7.712500 2.425000
v -1.087500 -7.712500 0.325000
v -1.087500 -7.737500 2.425000
v -1.087500 -7.737500 0.325000
v -1.062500 -7.737500 2.425000
v -1.062500 -7.737500 0.325000
v -1.062500 -7.762500 2.425000
v -1.062500 -7.762500 0.325000
v -1.037500 -7.762500 2.425000
v -1.037500 -7.762500 0.325000
v -1.037500 -7.787500 2.425000
v -1.037500 -7.787500 0.325000
v -1.012500 -7.787500 2.425000
v -1.012500 -7.787500 0.325000
v -1.012500 -7.812500 2.425000
v -1.012500 -7.812500 0.325000
v -0.987500 -7.812500 2.425000
v -0.987500 -7.812500 0.325000
v -0.987500 -7.837500 2.425000
v -0.987500 -7.837500 0.325000
v -0.962500 -7.837500 2.425000
v -0.962500 -7.837500 0.325000
v -0.962500 -7.862500 2.425000
v -0.962500 -7.862500 0.325000
v -0.937500 -7.862500 2.425000
v -0.937500 -7.862500 0.325000
v -0.937500 -7.887500 2.425000
v -0.937500 -7.887500 0.325000
v -0.912500 -7.887500 2.425000
v -0.912500 -7.887500 0.325000
v -0.912500 -7.912500 2.425000
v -0.912500 -7.912500 0.325000
v -0.887500 -7.912500 2.425000
v -0.887500 -7.912500 0.325000
v -0.887500 -7.937500 2.425000
v -0.887500 -7.937500 0.325000
v -0.862500 -7.937500 2.425000
v -0.862500 -7.937500 0.325000
v -0.862500 -7.962500 2.425000
v -0.862500 -7.962500 0.325000
v -0.837500 -7.962500 2.425000
v -0.837500 -7.962500 0.325000
v -0.837500 -7.987500 2.425000
v -0.837500 -7.987500 0.325000
v -0.812500 -7.987500 2.425000
v -0.812500 -7.987500 0.325000
v -0.812500 -8.012500 2.425000
v -0.812500 -8.012500 0.325000
v -0.787500 -8.012500 2.425000
v -0.787500 -8.012500 0.325000
v -0.787500 -8.037500 2.425000
v -0.787500 -8.037500 0.325000
v -0.762500 -8.037500 2.425000
v -0.762500 -8.037500 0.325000
v -0.762500 -8.062500 2.425000
v -0.762500 -8.062500 0.325000
v -0.737500 -8.062500 2.425000
v -0.737500 -8.062500 0.325000
v -0.737500 -8.087500 2.425000
v -0.737500 -8.087500 0.325000
v -0.712500 -8.087500 2.425000
v -0.712500 -8.087500 0.325000
v -0.712500 -8.112500 2.425000
v -0.712500 -8.112500 0.325000
v -0.687500 -8.112500 2.425000
v -0.687500 -8.112500 0.325000
v -0.687500 -8.137500 2.425000
v -0.687500 -8.137500 0.325000
v -0.662500 -8.137500 2.425000
v -0.662500 -8.137500 0.325000
v -0.662500 -8.162500 2.425000
v -0.662500 -8.162500 0.325000
v -0.637500 -8.162500 2.425000
v -0.637500 -8.162500 0.325000
v -0.637500 -8.187500 2.425000
v -0.637500 -8.187500 0.325000
v -0.612500 -8.187500 2.425000
v -0.612500 -8.187500 0.325000
v -0.612500 -8.212500 2.425000
v -0.612500 -8.212500 0.325000
v -0.587500 -8.212500 2.425000
v -0.587500 -8.212500 0.325000
v -0.587500 -8.237500 2.425000
v -0.587500 -8.237500 0.325000
v -0.562500 -8.237500 2.425000
v -0.562500 -8.237500 0.325000
v -0.562500 -8.262500 2.425000
v -0.562500 -8.262500 0.325000
v -0.537500 -8.262500 2.425000
v -0.537500 -8.262500 0.325000
v -0.537500 -8.287500 2.425000
v -0.537500 -8.287500 0.325000
v -0.512500 -8.287500 2.425000
v -0.512500 -8.287500 0.325000
v -0.512500 -8.312500 2.425000
v -0.512500 -8.312500 0.325000
v -0.487500 -8.312500 2.425000
v -0.487500 -8.312500 0.325000
v -0.487500 -8.337500 2.425000
v -0.487500 -8.337500 0.325000
v -0.462500 -8.337500 2.425000
v -0.462500 -8.337500 0.325000
v -0.462500 -8.362500 2.425000
v -0.462500 -8.362500 0.325000
v -0.437500 -8.362500 2.425000
v -0.437500 -8.362500 0.325000
v -0.437500 -8.387500 2.425000
v -0.437500 -8.387500 0.325000
v -0.412500 -8.387500 2.425000
v -0.412500 -8.387500 0.325000
v -0.412500 -8.412500 2.425000
v -0.412500 -8.412500 0.325000
v -0.387500 -8.412500 2.425000
v -0.387500 -8.412500 0.325000
v -0.387500 -8.437500 2.425000
v -0.387500 -8.437500 0.325000
v -0.362500 -8.437500 2.425000
v -0.362500 -8.437500 0.325000
v -0.362500 -8.462500 2.425000
v -0.362500 -8.462500 0.325000
v -0.337500 -8.462500 2.425000
v -0.337500 -8.462500 0.325000
v -0.337500 -8.487500 2.425000
v -0.337500 -8.487500 0.325000
v -0.312500 -8.487500 2.425000
v -0.312500 -8.487500 0.325000
v -0.312500 -8.512500 2.425000
v -0.312500 -8.512500 0.325000
v -0.287500 -8.512500 2.425000
v -0.287500 -8.512500 0.325000
v -0.287500 -8.537500 2.425000
v -0.287500 -8.537500 0.325000
v -0.262500 -8.537500 2.425000
v -0.262500 -8.537500 0.325000
v -0.262500 -8.562500 2.425000
v -0.262500 -8.562500 0.325000
v -0.237500 -8.562500 2.425000
v -0.237500 -8.562500 0.325000
v -0.237500 -8.587500 2.425000
v -0.237500 -8.587500 0.325000
v -0.212500 -8.587500 2.425000
v -0.212500 -8.587500 0.325000
v -0.212500 -8.612500 2.425000
v -0.212500 -8.612500 0.325000
v -0.187500 -8.612500 2.425000
v -0.187500 -8.612500 0.325000
v -0.187500 -8.637500 2.425000
v -0.187500 -8.637500 0.325000
v -0.162500 -8.637500 2.425000
v -0.162500 -8.637500 0.325000
v -0.162500 -8.662500 2.425000
v -0.162500 -8.662500 0.325000
v -0.137500 -8.662500 2.425000
v -0.137500 -8.662500 0.325000
v -0.137500 -8.687500 2.425000
v -0.137500 -8.687500 0.325000
v -0.112500 -8.687500 2.425000
v -0.112500 -8.687500 0.325000
v -0.112500 -8.712500 2.425000
v -0.112500 -8.712500 0.325000
v -0.087500 -8.712500 2.425000
v -0.087500 -8.712500 0.325000
v -0.087500 -8.737500 2.425000
v -0.087500 -8.737500 0.325000
v -0.062500 -8.737500 2.425000
v -0.062500 -8.737500 0.325000
v -0.062500 -8.762500 2.425000
v -0.062500 -8.762500 0.325000
v -0.037500 -8.762500 2.425000
v -0.037500 -8.762500 0.325000
v -0.037500 -8.787500 2.425000
v -0.037500 -8.787500 0.325000
v -0.012500 -8.787500 2.425000
v -0.012500 -8.787500 0.325000
v -0.012500 -8.812500 2.425000
v -0.012500 -8.812500 0.325000
v 0.012500 -8.812500 2.425000
v 0.012500 -8.812500 0.325000
v 0.012500 -8.787500 2.425000
v 0.012500 -8.787500 0.325000
v 0.037500 -8.787500 2.425000
v 0.037500 -8.787500 0.325000
v 0.037500 -8.762500 2.425000
v 0.037500 -8.762500 0.325000
v 0.062500 -8.762500 2.425000
v 0.062500 -8.762500 0.325000
v 0.062500 -8.737500 2.425000
v 0.062500 -8.737500 0.325000
v 0.087500 -8.737500 2.425000
v 0.087500 -8.737500 0.325000
v 0.087500 -8.712500 2.425000
v 0.087500 -8.712500 0.325000
v 0.112500 -8.712500 2.425000
v 0.112500 -8.712500 0.325000
v 0.112500 -8.687500 2.425000
v 0.112500 -8.687500 0.325000
v 0.137500 -8.687500 2.425000
v 0.137500 -8.687500 0.325000
v 0.137500 -8.662500 2.425000
v 0.137500 -8.662500 0.325000
v 0.162500 -8.662500 2.425000
v 0.162500 -8.662500 0.325000
v 0.162500 -8.637500 2.425000
v 0.162500 -8.637500 0.325000
v 0.187500 -8.637500 2.425000
v 0.187500 -8.637500 0.325000
v 0.187500 -8.612500 2.425000
v 0.187500 -8.612500 0.325000
v 0.212500 -8.612500 2.425000
v 0.212500 -8.612500 0.325000
v 0.212500 -8.587500 2.425000
v 0.212500 -8.587500 0.325000
v 0.237500 -8.587500 2.425000
v 0.237500 -8.587500 0.325000
v 0.237500 -8.562500 2.425000
v 0.237500 -8.562500 0.325000
v 0.262500 -8.562500 2.425000
v 0.262500 -8.562500 0.325000
v 0.262500 -8.537500 2.425000
v 0.262500 -8.537500 0.325000
v 0.287500 -8.537500 2.425000
v 0.287500 -8.537500 0.325000
v 0.287500 -8.512500 2.425000
v 0.287500 -8.512500 0.325000
v 0.312500 -8.512500 2.425000
v 0.312500 -8.512500 0.325000
v 0.312500 -8.487500 2.425000
v 0.312500 -8.487500 0.325000
v 0.337500 -8.487500 2.425000
v 0.337500 -8.487500 0.325000
v 0.337500 -8.462500 2.425000
v 0.337500 -8.462500 0.325000
v 0.362500 -8.462500 2.425000
v 0.362500 -8.462500 0.325000
v 0.362500 -8.437500 2.425000
v 0.362500 -8.437500 0.325000
v 0.387500 -8.437500 2.425000
v 0.387500 -8.437500 0.325000
v 0.387500 -8.412500 2.425000
v 0.387500 -8.412500 0.325000
v 0.412500 -8.412500 2.425000
v 0.412500 -8.412500 0.325000
v 0.412500 -8.387500 2.425000
v 0.412500 -8.387500 0.325000
v 0.437500 -8.387500 2.425000
v 0.437500 -8.387500 0.325000
v 0.437500 -8.362500 2.425000
v 0.437500 -8.362500 0.325000
v 0.462500 -8.362500 2.425000
v 0.462500 -8.362500 0.325000
v 0.462500 -8.337500 2.425000
v 0.462500 -8.337500 0.325000
v 0.487500 -8.337500 2.425000
v 0.487500 -8.337500 0.325000
v 0.487500 -8.312500 2.425000
v 0.487500 -8.312500 0.325000
v 0.512500 -8.312500 2.425000
v 0.512500 -8.312500 0.325000
v 0.512500 -8.287500 2.425000
v 0.512500 -8.287500 0.325000
v 0.537500 -8.287500 2.425000
v 0.537500 -8.287500 0.325000
v 0.537500 -8.262500 2.425000
v 0.537500 -8.262500 0.325000
v 0.562500 -8.262500 2.425000
v 0.562500 -8.262500 0.325000
v 0.562500 -8.237500 2.425000
v 0.562500 -8.237500 0.325000
v 0.587500 -8.237500 2.425000
v 0.587500 -8.237500 0.325000
v 0.587500 -8.212500 2.425000
v 0.587500 -8.212500 0.325000
v 0.612500 -8.212500 2.425000
v 0.612500 -8.212500 0.325000
v 0.612500 -8.187500 2.425000
v 0.612500 -8.187500 0.325000
v 0.637500 -8.187500 2.425000
v 0.637500 -8.187500 0.325000
v 0.637500 -8.162500 2.425000
v 0.637500 -8.162500 0.325000
v 0.662500 -8.162500 2.425000
v 0.662500 -8.162500 0.325000
v 0.662500 -8.137500 2.425000
v 0.662500 -8.137500 0.325000
v 0.687500 -8.137500 2.425000
v 0.687500 -8.137500 0.325000
v 0.687500 -8.112500 2.425000
v 0.687500 -8.112500 0.325000
v 0.712500 -8.112500 2.425000
v 0.712500 -8.112500 0.325000
v 0.712500 -8.087500 2.425000
v 0.712500 -8.087500 0.325000
v 0.737500 -8.087500 2.425000
v 0.737500 -8.087500 0.325000
v 0.737500 -8.062500 2.425000
v 0.737500 -8.062500 0.325000
v 0.762500 -8.062500 2.425000
v 0.762500 -8.062500 0.325000
v 0.762500 -8.037500 2.425000
v 0.762500 -8.037500 0.325000
v 0.787500 -8.037500 2.425000
v 0.787500 -8.037500 0.325000
v 0.787500 -8.012500 2.425000
v 0.787500 -8.012500 0.325000
v 0.812500 -8.012500 2.425000
v 0.812500 -8.012500 0.325000
v 0.812500 -7.987500 2.425000
v 0.812500 -7.987500 0.325000
v 0.837500 -7.987500 2.425000
v 0.837500 -7.987500 0.325000
v 0.837500 -7.962500 2.425000
v 0.837500 -7.962500 0.325000
v 0.862500 -7.962500 2.425000
v 0.862500 -7.962500 0.325000
v 0.862500 -7.937500 2.425000
v 0.862500 -7.937500 0.325000
v 0.887500 -7.937500 2.425000
v 0.887500 -7.937500 0.325000
v 0.887500 -7.912500 2.425000
v 0.887500 -7.912500 0.325000
v 0.912500 -7.912500 2.425000
v 0.912500 -7.912500 0.325000
v 0.912500 -7.887500 2.425000
v 0.912500 -7.887500 0.325000
v 0.937500 -7.887500 2.425000
v 0.937500 -7.887500 0.325000
v 0.937500 -7.862500 2.425000
v 0.937500 -7.862500 0.325000
v 0.962500 -7.862500 2.425000
v 0.962500 -7.862500 0.325000
v 0.962500 -7.837500 2.425000
v 0.962500 -7.837500 0.325000
v 0.987500 -7.837500 2.425000
v 0.987500 -7.837500 0.325000
v 0.987500 -7.812500 2.425000
v 0.987500 -7.812500 0.325000
v 1.012500 -7.812500 2.425000
v 1.012500 -7.812500 0.325000
v 1.012500 -7.787500 2.425000
v 1.012500 -7.787500 0.325000
v 1.037500 -7.787500 2.425000
v 1.037500 -7.787500 0.325000
v 1.037500 -7.762500 2.425000
v 1.037500 -7.762500 0.325000
v 1.062500 -7.762500 2.425000
v 1.062500 -7.762500 0.325000
v 1.062500 -7.737500 2.425000
v 1.062500 -7.737500 0.325000
v 1.087500 -7.737500 2.425000
v 1.087500 -7.737500 0.325000
v 1.087500 -7.712500 2.425000
v 1.087500 -7.712500 0.325000
v 1.112500 -7.712500 2.425000
v 1.112500 -7.712500 0.325000
v 1.112500 -7.687500 2.425000
v 1.112500 -7.687500 0.325000
v 1.137500 -7.687500 2.425000
v 1.137500 -7.687500 0.325000
v 1.137500 -7.662500 2.425000
v 1.137500 -7.662500 0.325000
v 1.162500 -7.662500 2.425000
v 1.162500 -7.662500 0.325000
v 1.162500 -7.637500 2.425000
v 1.162500 -7.637500 0.325000
v 1.187500 -7.637500 2.425000
v 1.187500 -7.637500 0.325000
v 1.187500 -7.612500 2.425000
v 1.187500 -7.612500 0.325000
v 1.212500 -7.612500 2.425000
v 1.212500 -7.612500 0.325000
v 1.212500 -7.587500 2.425000
v 1.212500 -7.587500 0.325000
v 1.237500 -7.587500 2.425000
v 1.237500 -7.587500 0.325000
v 1.237500 -7.562500 2.425000
v 1.237500 -7.562500 0.325000
v 1.262500 -7.562500 2.425000
v 1.262500 -7.562500 0.325000
v 1.262500 -7.537500 2.425000
v 1.262500 -7.537500 0.325000
v 1.287500 -7.537500 2.425000
v 1.287500 -7.537500 0.325000
v 1.287500 -7.512500 0.325000
v -2.912500 -6.062500 2.400000
v -2.912500 -6.062500 0.425000
v -20.912500 0.937500 2.700000
v -20.912500 0.937500 1.225000
v -19.662500 -5.512500 4.225000
v -20.637500 -5.512500 4.225000
v -19.237500 -5.512500 4.225000
v -20.637500 -5.512500 5.700000
v -18.262500 -5.512500 4.225000
v -19.662500 -5.512500 5.700000
v -19.237500 -5.512500 5.700000
v -17.737500 -5.512500 4.225000
v -18.262500 -5.512500 5.700000
v -16.762500 -5.512500 4.225000
v -17.737500 -5.512500 5.700000
v -16.237500 -5.512500 4.225000
v -16.762500 -5.512500 5.700000
v -15.262500 -5.512500 4.225000
v -16.237500 -5.512500 5.700000
v -14.737500 -5.512500 4.225000
v -14.737500 -5.512500 5.700000
v -15.262500 -5.512500 5.700000
v -13.237500 -5.512500 5.700000
v -13.762500 -5.512500 4.225000
v -13.762500 -5.512500 5.700000
v -13.237500 -5.512500 4.225000
v -12.262500 -5.512500 5.700000
v -11.737500 -5.512500 4.225000
v -12.262500 -5.512500 4.225000
v -11.737500 -5.512500 5.700000
v -10.237500 -5.512500 5.700000
v -10.762500 -5.512500 4.225000
v -10.762500 -5.512500 5.700000
v -10.237500 -5.512500 4.225000
v -9.262500 -5.512500 5.700000
v -8.737500 -5.512500 4.225000
v -9.262500 -5.512500 4.225000
v -8.737500 -5.512500 5.700000
v -7.237500 -5.512500 5.700000
v -7.762500 -5.512500 4.225000
v -7.762500 -5.512500 5.700000
v -7.237500 -5.512500 4.225000
v -6.262500 -5.512500 4.225000
v -5.737500 -5.512500 4.225000
v -4.762500 -5.512500 4.225000
v -5.737500 -5.512500 5.700000
v -6.262500 -5.512500 5.700000
v -4.237500 -5.512500 4.225000
v -3.262500 -5.512500 4.225000
v -4.237500 -5.512500 5.700000
v -4.762500 -5.512500 5.700000
v -2.737500 -5.512500 4.225000
v -2.737500 -5.512500 5.700000
v -3.262500 -5.512500 5.700000
v -1.237500 -5.512500 5.700000
v -1.237500 -5.512500 4.225000
v -1.762500 -5.512500 4.225000
v -1.762500 -5.512500 5.700000
v 0.262500 -5.512500 5.700000
v 0.262500 -5.512500 4.225000
v -0.262500 -5.512500 4.225000
v -0.262500 -5.512500 5.700000
v 1.762500 -5.512500 5.700000
v 1.237500 -5.512500 4.225000
v 1.237500 -5.512500 5.700000
v 1.762500 -5.512500 4.225000
v 3.262500 -5.512500 4.225000
v 2.737500 -5.512500 4.225000
v 4.237500 -5.512500 4.225000
v 3.262500 -5.512500 5.700000
v 2.737500 -5.512500 5.700000
v 4.762500 -5.512500 4.225000
v 5.737500 -5.512500 4.225000
v 4.762500 -5.512500 5.700000
v 4.237500 -5.512500 5.700000
v 6.262500 -5.512500 4.225000
v 7.237500 -5.512500 4.225000
v 6.262500 -5.512500 5.700000
v 5.737500 -5.512500 5.700000
v 7.762500 -5.512500 4.225000
v 8.737500 -5.512500 4.225000
v 7.762500 -5.512500 5.700000
v 7.237500 -5.512500 5.700000
v 9.262500 -5.512500 4.225000
v 8.737500 -5.512500 5.700000
v 10.237500 -5.512500 4.225000
v 9.262500 -5.512500 5.700000
v 10.762500 -5.512500 4.225000
v 11.737500 -5.512500 4.225000
v 10.762500 -5.512500 5.700000
v 10.237500 -5.512500 5.700000
v 12.262500 -5.512500 5.700000
v 12.262500 -5.512500 4.225000
v 11.737500 -5.512500 5.700000
v 13.762500 -5.512500 5.700000
v 13.762500 -5.512500 4.225000
v 13.237500 -5.512500 4.225000
v 13.237500 -5.512500 5.700000
v 15.262500 -5.512500 5.700000
v 15.262500 -5.512500 4.225000
v 14.737500 -5.512500 4.225000
v 14.737500 -5.512500 5.700000
v 16.762500 -5.512500 5.700000
v 16.762500 -5.512500 4.225000
v 16.237500 -5.512500 4.225000
v 16.237500 -5.512500 5.700000
v 17.737500 -5.512500 5.700000
v 18.262500 -5.512500 4.225000
v 17.737500 -5.512500 4.225000
v 18.262500 -5.512500 5.700000
v 19.237500 -5.512500 4.225000
v 19.662500 -5.512500 4.225000
v 20.637500 -5.512500 4.225000
v 19.662500 -5.512500 5.700000
v 19.237500 -5.512500 5.700000
v 20.637500 -5.512500 5.700000
v 17.737500 -5.412500 4.225000
v 17.737500 -5.412500 5.700000
v 17.737500 -5.387500 4.225000
v 17.737500 -5.387500 5.700000
v 16.762500 -5.412500 5.700000
v 16.762500 -5.412500 4.225000
v 16.762500 -5.387500 5.700000
v 16.762500 -5.387500 4.225000
v 19.237500 -5.412500 4.225000
v 19.237500 -5.412500 5.700000
v 19.237500 -5.387500 4.225000
v 19.237500 -5.387500 5.700000
v 18.262500 -5.412500 5.700000
v 18.262500 -5.412500 4.225000
v 18.262500 -5.387500 5.700000
v 18.262500 -5.387500 4.225000
v -11.737500 -5.412500 5.700000
v -11.737500 -5.412500 4.225000
v -11.737500 -5.387500 5.700000
v -11.737500 -5.387500 4.225000
v -10.762500 -5.412500 4.225000
v -10.762500 -5.412500 5.700000
v -10.762500 -5.387500 4.225000
v -10.762500 -5.387500 5.700000
v -10.237500 -5.412500 5.700000
v -10.237500 -5.412500 4.225000
v -10.237500 -5.387500 5.700000
v -10.237500 -5.387500 4.225000
v -9.262500 -5.412500 4.225000
v -9.262500 -5.412500 5.700000
v -9.262500 -5.387500 4.225000
v -9.262500 -5.387500 5.700000
v -8.737500 -5.412500 5.700000
v -8.737500 -5.412500 4.225000
v -8.737500 -5.387500 5.700000
v -8.737500 -5.387500 4.225000
v -7.762500 -5.412500 4.225000
v -7.762500 -5.412500 5.700000
v -7.762500 -5.387500 4.225000
v -7.762500 -5.387500 5.700000
v -7.237500 -5.412500 5.700000
v -7.237500 -5.412500 4.225000
v -7.237500 -5.387500 5.700000
v -7.237500 -5.387500 4.225000
v -6.262500 -5.412500 4.225000
v -6.262500 -5.412500 5.700000
v -6.262500 -5.387500 4.225000
v -6.262500 -5.387500 5.700000
v -5.737500 -5.412500 5.700000
v -5.737500 -5.412500 4.225000
v -5.737500 -5.387500 5.700000
v -5.737500 -5.387500 4.225000
v -4.762500 -5.412500 4.225000
v -4.762500 -5.412500 5.700000
v -4.762500 -5.387500 4.225000
v -4.762500 -5.387500 5.700000
v -4.237500 -5.412500 5.700000
v -4.237500 -5.412500 4.225000
v -4.237500 -5.387500 5.700000
v -4.237500 -5.387500 4.225000
v -3.262500 -5.412500 4.225000
v -3.262500 -5.412500 5.700000
v -3.262500 -5.387500 4.225000
v -3.262500 -5.387500 5.700000
v -1.762500 -5.412500 4.225000
v -1.762500 -5.412500 5.700000
v -1.762500 -5.387500 4.225000
v -1.762500 -5.387500 5.700000
v -2.737500 -5.412500 5.700000
v -2.737500 -5.412500 4.225000
v -2.737500 -5.387500 5.700000
v -2.737500 -5.387500 4.225000
v -0.262500 -5.412500 4.225000
v -0.262500 -5.412500 5.700000
v -0.262500 -5.387500 4.225000
v -0.262500 -5.387500 5.700000
v -1.237500 -5.412500 5.700000
v -1.237500 -5.412500 4.225000
v -1.237500 -5.387500 5.700000
v -1.237500 -5.387500 4.225000
v 1.237500 -5.412500 4.225000
v 1.237500 -5.412500 5.700000
v 1.237500 -5.387500 4.225000
v 1.237500 -5.387500 5.700000
v 0.262500 -5.412500 5.700000
v 0.262500 -5.412500 4.225000
v 0.262500 -5.387500 5.700000
v 0.262500 -5.387500 4.225000
v 2.737500 -5.412500 4.225000
v 2.737500 -5.412500 5.700000
v 2.737500 -5.387500 4.225000
v 2.737500 -5.387500 5.700000
v 1.762500 -5.412500 5.700000
v 1.762500 -5.412500 4.225000
v 1.762500 -5.387500 5.700000
v 1.762500 -5.387500 4.225000
v 4.237500 -5.412500 4.225000
v 4.237500 -5.412500 5.700000
v 4.237500 -5.387500 4.225000
v 4.237500 -5.387500 5.700000
v 3.262500 -5.412500 5.700000
v 3.262500 -5.412500 4.225000
v 3.262500 -5.387500 5.700000
v 3.262500 -5.387500 4.225000
v 5.737500 -5.412500 4.225000
v 5.737500 -5.412500 5.700000
v 5.737500 -5.387500 4.225000
v 5.737500 -5.387500 5.700000
v 4.762500 -5.412500 5.700000
v 4.762500 -5.412500 4.225000
v 4.762500 -5.387500 5.700000
v 4.762500 -5.387500 4.225000
v 7.237500 -5.412500 4.225000
v 7.237500 -5.412500 5.700000
v 7.237500 -5.387500 4.225000
v 7.237500 -5.387500 5.700000
v 6.262500 -5.412500 5.700000
v 6.262500 -5.412500 4.225000
v 6.262500 -5.387500 5.700000
v 6.262500 -5.387500 4.225000
v 8.737500 -5.412500 4.225000
v 8.737500 -5.412500 5.700000
v 8.737500 -5.387500 4.225000
v 8.737500 -5.387500 5.700000
v 7.762500 -5.412500 5.700000
v 7.762500 -5.412500 4.225000
v 7.762500 -5.387500 5.700000
v 7.762500 -5.387500 4.225000
v 10.237500 -5.412500 4.225000
v 10.237500 -5.412500 5.700000
v 10.237500 -5.387500 4.225000
v 10.237500 -5.387500 5.700000
v 9.262500 -5.412500 5.700000
v 9.262500 -5.412500 4.225000
v 9.262500 -5.387500 5.700000
v 9.262500 -5.387500 4.225000
v 13.237500 -5.412500 4.225000
v 13.237500 -5.412500 5.700000
v 13.237500 -5.387500 4.225000
v 13.237500 -5.387500 5.700000
v 12.262500 -5.412500 5.700000
v 12.262500 -5.412500 4.225000
v 12.262500 -5.387500 5.700000
v 12.262500 -5.387500 4.225000
v 14.737500 -5.412500 4.225000
v 14.737500 -5.412500 5.700000
v 14.737500 -5.387500 4.225000
v 14.737500 -5.387500 5.700000
v 13.762500 -5.412500 5.700000
v 13.762500 -5.412500 4.225000
v 13.762500 -5.387500 5.700000
v 13.762500 -5.387500 4.225000
v 16.237500 -5.412500 4.225000
v 16.237500 -5.412500 5.700000
v 16.237500 -5.387500 4.225000
v 16.237500 -5.387500 5.700000
v 15.262500 -5.412500 5.700000
v 15.262500 -5.412500 4.225000
v 15.262500 -5.387500 5.700000
v 15.262500 -5.387500 4.225000
v -17.737500 -5.412500 5.700000
v -17.737500 -5.412500 4.225000
v -17.737500 -5.387500 5.700000
v -17.737500 -5.387500 4.225000
v -16.762500 -5.412500 4.225000
v -16.762500 -5.412500 5.700000
v -16.762500 -5.387500 4.225000
v -16.762500 -5.387500 5.700000
v -19.237500 -5.412500 5.700000
v -19.237500 -5.412500 4.225000
v -19.237500 -5.387500 5.700000
v -19.237500 -5.387500 4.225000
v -18.262500 -5.412500 4.225000
v -18.262500 -5.412500 5.700000
v -18.262500 -5.387500 4.225000
v -18.262500 -5.387500 5.700000
v -20.637500 -5.412500 5.700000
v -20.637500 -5.412500 4.225000
v -20.637500 -5.387500 5.700000
v -20.637500 -5.387500 4.225000
v -19.662500 -5.412500 4.225000
v -19.662500 -5.412500 5.700000
v -19.662500 -5.387500 4.225000
v -19.662500 -5.387500 5.700000
v -16.237500 -5.412500 5.700000
v -16.237500 -5.412500 4.225000
v -16.237500 -5.387500 5.700000
v -16.237500 -5.387500 4.225000
v -15.262500 -5.412500 4.225000
v -15.262500 -5.412500 5.700000
v -15.262500 -5.387500 4.225000
v -15.262500 -5.387500 5.700000
v -14.737500 -5.412500 5.700000
v -14.737500 -5.412500 4.225000
v -14.737500 -5.387500 5.700000
v -14.737500 -5.387500 4.225000
v -13.762500 -5.412500 4.225000
v -13.762500 -5.412500 5.700000
v -13.762500 -5.387500 4.225000
v -13.762500 -5.387500 5.700000
v -13.237500 -5.412500 5.700000
v -13.237500 -5.412500 4.225000
v -13.237500 -5.387500 5.700000
v -13.237500 -5.387500 4.225000
v -12.262500 -5.412500 4.225000
v -12.262500 -5.412500 5.700000
v -12.262500 -5.387500 4.225000
v -12.262500 -5.387500 5.700000
v 11.737500 -5.412500 4.225000
v 11.737500 -5.412500 5.700000
v 11.737500 -5.387500 4.225000
v 11.737500 -5.387500 5.700000
v 10.762500 -5.412500 5.700000
v 10.762500 -5.412500 4.225000
v 10.762500 -5.387500 5.700000
v 10.762500 -5.387500 4.225000
v 20.637500 -5.412500 4.225000
v 20.637500 -5.412500 5.700000
v 20.637500 -5.387500 4.225000
v 20.637500 -5.387500 5.700000
v 19.662500 -5.412500 5.700000
v 19.662500 -5.412500 4.225000
v 19.662500 -5.387500 5.700000
v 19.662500 -5.387500 4.225000
v -20.912500 0.937500 4.225000
v -20.912500 0.937500 5.700000
v -20.912500 0.937500 7.225000
v -19.662500 -5.512500 7.225000
v -20.637500 -5.512500 7.225000
v -19.237500 -5.512500 7.225000
v -20.637500 -5.512500 8.700000
v -18.262500 -5.512500 7.225000
v -19.662500 -5.512500 8.700000
v -19.237500 -5.512500 8.700000
v -17.737500 -5.512500 7.225000
v -18.262500 -5.512500 8.700000
v -16.762500 -5.512500 7.225000
v -17.737500 -5.512500 8.700000
v -16.237500 -5.512500 7.225000
v -16.762500 -5.512500 8.700000
v -15.262500 -5.512500 7.225000
v -16.237500 -5.512500 8.700000
v -14.737500 -5.512500 7.225000
v -14.737500 -5.512500 8.700000
v -15.262500 -5.512500 8.700000
v -13.237500 -5.512500 8.700000
v -13.762500 -5.512500 7.225000
v -13.762500 -5.512500 8.700000
v -13.237500 -5.512500 7.225000
v -12.262500 -5.512500 8.700000
v -11.737500 -5.512500 7.225000
v -12.262500 -5.512500 7.225000
v -11.737500 -5.512500 8.700000
v -10.237500 -5.512500 8.700000
v -10.762500 -5.512500 7.225000
v -10.762500 -5.512500 8.700000
v -10.237500 -5.512500 7.225000
v -8.737500 -5.512500 8.700000
v -9.262500 -5.512500 7.225000
v -9.262500 -5.512500 8.700000
v -8.737500 -5.512500 7.225000
v -7.762500 -5.512500 8.700000
v -7.237500 -5.512500 7.225000
v -7.762500 -5.512500 7.225000
v -7.237500 -5.512500 8.700000
v -6.262500 -5.512500 8.700000
v -5.737500 -5.512500 7.225000
v -6.262500 -5.512500 7.225000
v -5.737500 -5.512500 8.700000
v -4.237500 -5.512500 8.700000
v -4.237500 -5.512500 7.225000
v -4.762500 -5.512500 7.225000
v -4.762500 -5.512500 8.700000
v -2.737500 -5.512500 8.700000
v -2.737500 -5.512500 7.225000
v -3.262500 -5.512500 7.225000
v -3.262500 -5.512500 8.700000
v -1.237500 -5.512500 8.700000
v -1.237500 -5.512500 7.225000
v -1.762500 -5.512500 7.225000
v -1.762500 -5.512500 8.700000
v 0.262500 -5.512500 8.700000
v 0.262500 -5.512500 7.225000
v -0.262500 -5.512500 7.225000
v -0.262500 -5.512500 8.700000
v 1.762500 -5.512500 8.700000
v 1.762500 -5.512500 7.225000
v 1.237500 -5.512500 7.225000
v 1.237500 -5.512500 8.700000
v 3.262500 -5.512500 8.700000
v 2.737500 -5.512500 7.225000
v 2.737500 -5.512500 8.700000
v 3.262500 -5.512500 7.225000
v 4.762500 -5.512500 8.700000
v 4.237500 -5.512500 7.225000
v 4.237500 -5.512500 8.700000
v 4.762500 -5.512500 7.225000
v 6.262500 -5.512500 8.700000
v 5.737500 -5.512500 7.225000
v 5.737500 -5.512500 8.700000
v 6.262500 -5.512500 7.225000
v 7.762500 -5.512500 8.700000
v 7.237500 -5.512500 7.225000
v 7.237500 -5.512500 8.700000
v 7.762500 -5.512500 7.225000
v 9.262500 -5.512500 8.700000
v 8.737500 -5.512500 7.225000
v 8.737500 -5.512500 8.700000
v 9.262500 -5.512500 7.225000
v 10.762500 -5.512500 8.700000
v 10.237500 -5.512500 7.225000
v 10.237500 -5.512500 8.700000
v 10.762500 -5.512500 7.225000
v 12.262500 -5.512500 8.700000
v 11.737500 -5.512500 7.225000
v 11.737500 -5.512500 8.700000
v 12.262500 -5.512500 7.225000
v 13.762500 -5.512500 8.700000
v 13.762500 -5.512500 7.225000
v 13.237500 -5.512500 7.225000
v 13.237500 -5.512500 8.700000
v 15.262500 -5.512500 8.700000
v 15.262500 -5.512500 7.225000
v 14.737500 -5.512500 7.225000
v 14.737500 -5.512500 8.700000
v 16.762500 -5.512500 8.700000
v 16.762500 -5.512500 7.225000
v 16.237500 -5.512500 7.225000
v 16.237500 -5.512500 8.700000
v 17.737500 -5.512500 8.700000
v 18.262500 -5.512500 7.225000
v 17.737500 -5.512500 7.225000
v 18.262500 -5.512500 8.700000
v 19.237500 -5.512500 7.225000
v 19.662500 -5.512500 7.225000
v 20.637500 -5.512500 7.225000
v 19.237500 -5.512500 8.700000
v 19.662500 -5.512500 8.700000
v 20.637500 -5.512500 8.700000
v 16.762500 -5.412500 8.700000
v 16.762500 -5.412500 7.225000
v 16.762500 -5.387500 8.700000
v 16.762500 -5.387500 7.225000
v 17.737500 -5.412500 7.225000
v 17.737500 -5.412500 8.700000
v 17.737500 -5.387500 7.225000
v 17.737500 -5.387500 8.700000
v 18.262500 -5.412500 8.700000
v 18.262500 -5.412500 7.225000
v 18.262500 -5.387500 8.700000
v 18.262500 -5.387500 7.225000
v 19.237500 -5.412500 7.225000
v 19.237500 -5.412500 8.700000
v 19.237500 -5.387500 7.225000
v 19.237500 -5.387500 8.700000
v -11.737500 -5.412500 8.700000
v -11.737500 -5.412500 7.225000
v -11.737500 -5.387500 8.700000
v -11.737500 -5.387500 7.225000
v -10.762500 -5.412500 7.225000
v -10.762500 -5.412500 8.700000
v -10.762500 -5.387500 7.225000
v -10.762500 -5.387500 8.700000
v -10.237500 -5.412500 8.700000
v -10.237500 -5.412500 7.225000
v -10.237500 -5.387500 8.700000
v -10.237500 -5.387500 7.225000
v -9.262500 -5.412500 7.225000
v -9.262500 -5.412500 8.700000
v -9.262500 -5.387500 7.225000
v -9.262500 -5.387500 8.700000
v -8.737500 -5.412500 8.700000
v -8.737500 -5.412500 7.225000
v -8.737500 -5.387500 8.700000
v -8.737500 -5.387500 7.225000
v -7.762500 -5.412500 7.225000
v -7.762500 -5.412500 8.700000
v -7.762500 -5.387500 7.225000
v -7.762500 -5.387500 8.700000
v -7.237500 -5.412500 8.700000
v -7.237500 -5.412500 7.225000
v -7.237500 -5.387500 8.700000
v -7.237500 -5.387500 7.225000
v -6.262500 -5.412500 7.225000
v -6.262500 -5.412500 8.700000
v -6.262500 -5.387500 7.225000
v -6.262500 -5.387500 8.700000
v -5.737500 -5.412500 8.700000
v -5.737500 -5.412500 7.225000
v -5.737500 -5.387500 8.700000
v -5.737500 -5.387500 7.225000
v -4.762500 -5.412500 7.225000
v -4.762500 -5.412500 8.700000
v -4.762500 -5.387500 7.225000
v -4.762500 -5.387500 8.700000
v -4.237500 -5.412500 8.700000
v -4.237500 -5.412500 7.225000
v -4.237500 -5.387500 8.700000
v -4.237500 -5.387500 7.225000
v -3.262500 -5.412500 7.225000
v -3.262500 -5.412500 8.700000
v -3.262500 -5.387500 7.225000
v -3.262500 -5.387500 8.700000
v -2.737500 -5.412500 8.700000
v -2.737500 -5.412500 7.225000
v -2.737500 -5.387500 8.700000
v -2.737500 -5.387500 7.225000
v -1.762500 -5.412500 7.225000
v -1.762500 -5.412500 8.700000
v -1.762500 -5.387500 7.225000
v -1.762500 -5.387500 8.700000
v -1.237500 -5.412500 8.700000
v -1.237500 -5.412500 7.225000
v -1.237500 -5.387500 8.700000
v -1.237500 -5.387500 7.225000
v -0.262500 -5.412500 7.225000
v -0.262500 -5.412500 8.700000
v -0.262500 -5.387500 7.225000
v -0.262500 -5.387500 8.700000
v 0.262500 -5.412500 8.700000
v 0.262500 -5.412500 7.225000
v 0.262500 -5.387500 8.700000
v 0.262500 -5.387500 7.225000
v 1.237500 -5.412500 7.225000
v 1.237500 -5.412500 8.700000
v 1.237500 -5.387500 7.225000
v 1.237500 -5.387500 8.700000
v 1.762500 -5.412500 8.700000
v 1.762500 -5.412500 7.225000
v 1.762500 -5.387500 8.700000
v 1.762500 -5.387500 7.225000
v 2.737500 -5.412500 7.225000
v 2.737500 -5.412500 8.700000
v 2.737500 -5.387500 7.225000
v 2.737500 -5.387500 8.700000
v 3.262500 -5.412500 8.700000
v 3.262500 -5.412500 7.225000
v 3.262500 -5.387500 8.700000
v 3.262500 -5.387500 7.225000
v 4.237500 -5.412500 7.225000
v 4.237500 -5.412500 8.700000
v 4.237500 -5.387500 7.225000
v 4.237500 -5.387500 8.700000
v 4.762500 -5.412500 8.700000
v 4.762500 -5.412500 7.225000
v 4.762500 -5.387500 8.700000
v 4.762500 -5.387500 7.225000
v 5.737500 -5.412500 7.225000
v 5.737500 -5.412500 8.700000
v 5.737500 -5.387500 7.225000
v 5.737500 -5.387500 8.700000
v 6.262500 -5.412500 8.700000
v 6.262500 -5.412500 7.225000
v 6.262500 -5.387500 8.700000
v 6.262500 -5.387500 7.225000
v 7.237500 -5.412500 7.225000
v 7.237500 -5.412500 8.700000
v 7.237500 -5.387500 7.225000
v 7.237500 -5.387500 8.700000
v 7.762500 -5.412500 8.700000
v 7.762500 -5.412500 7.225000
v 7.762500 -5.387500 8.700000
v 7.762500 -5.387500 7.225000
v 8.737500 -5.412500 7.225000
v 8.737500 -5.412500 8.700000
v 8.737500 -5.387500 7.225000
v 8.737500 -5.387500 8.700000
v 9.262500 -5.412500 8.700000
v 9.262500 -5.412500 7.225000
v 9.262500 -5.387500 8.700000
v 9.262500 -5.387500 7.225000
v 10.237500 -5.412500 7.225000
v 10.237500 -5.412500 8.700000
v 10.237500 -5.387500 7.225000
v 10.237500 -5.387500 8.700000
v 12.262500 -5.412500 8.700000
v 12.262500 -5.412500 7.225000
v 12.262500 -5.387500 8.700000
v 12.262500 -5.387500 7.225000
v 13.237500 -5.412500 7.225000
v 13.237500 -5.412500 8.700000
v 13.237500 -5.387500 7.225000
v 13.237500 -5.387500 8.700000
v 13.762500 -5.412500 8.700000
v 13.762500 -5.412500 7.225000
v 13.762500 -5.387500 8.700000
v 13.762500 -5.387500 7.225000
v 14.737500 -5.412500 7.225000
v 14.737500 -5.412500 8.700000
v 14.737500 -5.387500 7.225000
v 14.737500 -5.387500 8.700000
v 15.262500 -5.412500 8.700000
v 15.262500 -5.412500 7.225000
v 15.262500 -5.387500 8.700000
v 15.262500 -5.387500 7.225000
v 16.237500 -5.412500 7.225000
v 16.237500 -5.412500 8.700000
v 16.237500 -5.387500 7.225000
v 16.237500 -5.387500 8.700000
v -17.737500 -5.412500 8.700000
v -17.737500 -5.412500 7.225000
v -17.737500 -5.387500 8.700000
v -17.737500 -5.387500 7.225000
v -16.762500 -5.412500 7.225000
v -16.762500 -5.412500 8.700000
v -16.762500 -5.387500 7.225000
v -16.762500 -5.387500 8.700000
v -19.237500 -5.412500 8.700000
v -19.237500 -5.412500 7.225000
v -19.237500 -5.387500 8.700000
v -19.237500 -5.387500 7.225000
v -18.262500 -5.412500 7.225000
v -18.262500 -5.412500 8.700000
v -18.262500 -5.387500 7.225000
v -18.262500 -5.387500 8.700000
v -20.637500 -5.412500 8.700000
v -20.637500 -5.412500 7.225000
v -20.637500 -5.387500 8.700000
v -20.637500 -5.387500 7.225000
v -19.662500 -5.412500 7.225000
v -19.662500 -5.412500 8.700000
v -19.662500 -5.387500 7.225000
v -19.662500 -5.387500 8.700000
v -16.237500 -5.412500 8.700000
v -16.237500 -5.412500 7.225000
v -16.237500 -5.387500 8.700000
v -16.237500 -5.387500 7.225000
v -15.262500 -5.412500 7.225000
v -15.262500 -5.412500 8.700000
v -15.262500 -5.387500 7.225000
v -15.262500 -5.387500 8.700000
v -14.737500 -5.412500 8.700000
v -14.737500 -5.412500 7.225000
v -14.737500 -5.387500 8.700000
v -14.737500 -5.387500 7.225000
v -13.762500 -5.412500 7.225000
v -13.762500 -5.412500 8.700000
v -13.762500 -5.387500 7.225000
v -13.762500 -5.387500 8.700000
v -13.237500 -5.412500 8.700000
v -13.237500 -5.412500 7.225000
v -13.237500 -5.387500 8.700000
v -13.237500 -5.387500 7.225000
v -12.262500 -5.412500 7.225000
v -12.262500 -5.412500 8.700000
v -12.262500 -5.387500 7.225000
v -12.262500 -5.387500 8.700000
v 10.762500 -5.412500 8.700000
v 10.762500 -5.412500 7.225000
v 10.762500 -5.387500 8.700000
v 10.762500 -5.387500 7.225000
v 11.737500 -5.412500 7.225000
v 11.737500 -5.412500 8.700000
v 11.737500 -5.387500 7.225000
v 11.737500 -5.387500 8.700000
v 19.662500 -5.412500 8.700000
v 19.662500 -5.412500 7.225000
v 19.662500 -5.387500 8.700000
v 19.662500 -5.387500 7.225000
v 20.637500 -5.412500 7.225000
v 20.637500 -5.412500 8.700000
v 20.637500 -5.387500 7.225000
v 20.637500 -5.387500 8.700000
v -20.912500 0.937500 8.700000
v -21.987500 -3.037500 10.925000
v -21.987500 -3.037500 10.900000
v -21.987500 -3.012500 10.925000
v -21.987500 -3.012500 10.900000
v -18.237500 -3.012500 10.925000
v -18.237500 -3.012500 10.900000
v -18.237500 -3.037500 10.925000
v -18.237500 -3.037500 10.900000
v -18.212500 -3.037500 10.925000
v -18.212500 -3.037500 10.900000
v -18.212500 -3.012500 10.925000
v -18.212500 -3.012500 10.900000
v 6.762500 -3.012500 10.925000
v 6.762500 -3.012500 10.900000
v 6.762500 -3.037500 10.925000
v 6.762500 -3.037500 10.900000
v 6.787500 -3.037500 10.925000
v 6.787500 -3.037500 10.900000
v 6.787500 -3.012500 10.925000
v 6.787500 -3.012500 10.900000
v -3.987500 -5.062500 11.150000
v -3.987500 -5.062500 11.125000
v -3.987500 -5.037500 11.150000
v -3.987500 -5.037500 11.125000
v -1.387500 -5.037500 11.150000
v -1.387500 -5.037500 11.125000
v -1.387500 -5.062500 11.150000
v -1.387500 -5.062500 11.125000
v -1.362500 -5.062500 11.150000
v -1.362500 -5.062500 11.125000
v -1.362500 -5.037500 11.150000
v -1.362500 -5.037500 11.125000
v -3.987500 -3.612500 11.650000
v -3.987500 -3.612500 11.625000
v -3.987500 -3.587500 11.650000
v -3.987500 -3.587500 11.625000
v 1.412500 -3.587500 11.650000
v 1.412500 -3.587500 11.625000
v 1.412500 -3.612500 11.650000
v 1.412500 -3.612500 11.625000
v 1.437500 -3.612500 11.650000
v 1.437500 -3.612500 11.625000
v 1.437500 -3.587500 11.650000
v 1.437500 -3.587500 11.625000
f 1 2 3
f 1 3 4
f 5 2 1
f 5 6 2
f 7 8 9
f 7 9 10
f 11 8 7
f 11 12 8
f 13 14 15
f 13 15 16
f 17 14 13
f 17 18 14
f 19 20 21
f 19 21 22
f 23 20 19
f 23 24 20
f 25 26 27
f 25 27 28
f 29 26 25
f 29 30 26
f 31 32 33
f 31 33 34
f 35 32 31
f 35 36 32
f 37 38 39
f 40 41 37
f 42 43 40
f 44 45 42
f 46 47 44
f 48 40 37
f 48 37 39
f 49 50 46
f 51 42 40
f 51 40 48
f 51 44 42
f 52 53 49
f 54 44 51
f 54 51 55
f 54 46 44
f 56 57 52
f 58 54 59
f 58 49 46
f 58 46 54
f 60 61 56
f 62 58 63
f 62 52 49
f 62 49 58
f 62 56 52
f 64 65 60
f 66 62 67
f 66 56 62
f 68 69 64
f 70 66 71
f 70 60 56
f 70 56 66
f 72 73 68
f 74 70 75
f 74 64 60
f 74 60 70
f 76 77 72
f 78 74 79
f 78 64 74
f 78 68 64
f 80 81 76
f 82 78 83
f 82 72 68
f 82 68 78
f 84 85 80
f 86 82 87
f 86 76 72
f 86 72 82
f 86 80 76
f 88 89 84
f 90 86 91
f 90 80 86
f 92 93 88
f 94 84 80
f 94 90 95
f 94 80 90
f 96 97 92
f 98 84 94
f 98 94 99
f 98 88 84
f 100 101 96
f 102 92 88
f 102 88 98
f 102 98 103
f 104 105 100
f 106 96 92
f 106 100 96
f 106 102 107
f 106 92 102
f 108 109 104
f 110 106 111
f 110 100 106
f 112 113 108
f 114 110 115
f 114 104 100
f 114 100 110
f 116 117 112
f 118 114 119
f 118 108 104
f 118 104 114
f 118 112 108
f 120 121 116
f 122 118 123
f 122 112 118
f 124 125 120
f 126 122 127
f 126 116 112
f 126 120 116
f 126 112 122
f 128 129 124
f 130 126 131
f 130 120 126
f 132 133 128
f 134 130 135
f 134 124 120
f 134 120 130
f 136 137 132
f 138 134 139
f 138 128 124
f 138 124 134
f 140 141 136
f 142 128 138
f 142 138 143
f 142 132 128
f 144 145 140
f 146 136 132
f 146 132 142
f 146 142 147
f 146 140 136
f 148 149 144
f 150 140 146
f 150 146 151
f 152 153 148
f 154 140 150
f 154 150 155
f 154 144 140
f 156 157 152
f 158 148 144
f 158 144 154
f 158 154 159
f 160 161 156
f 162 152 148
f 162 148 158
f 162 158 163
f 164 165 160
f 166 152 162
f 166 156 152
f 166 162 167
f 168 169 164
f 170 160 156
f 170 164 160
f 170 156 166
f 170 166 171
f 172 173 168
f 174 164 170
f 174 170 175
f 176 177 172
f 178 168 164
f 178 174 179
f 178 164 174
f 180 181 176
f 182 178 183
f 182 172 168
f 182 168 178
f 184 185 180
f 186 182 187
f 186 176 172
f 186 172 182
f 188 186 189
f 188 180 176
f 188 176 186
f 190 191 184
f 192 180 188
f 192 188 193
f 194 195 190
f 196 192 197
f 196 180 192
f 196 184 180
f 196 190 184
f 198 199 194
f 200 190 196
f 200 194 190
f 200 196 201
f 202 203 198
f 204 194 200
f 204 200 205
f 206 207 202
f 208 198 194
f 208 202 198
f 208 204 209
f 208 194 204
f 210 211 206
f 212 202 208
f 212 206 202
f 212 208 213
f 214 215 210
f 216 206 212
f 216 212 217
f 218 219 214
f 220 210 206
f 220 206 216
f 220 214 210
f 220 216 221
f 222 223 218
f 224 218 214
f 224 214 220
f 224 220 225
f 226 227 222
f 228 218 224
f 228 224 229
f 230 231 226
f 232 222 218
f 232 218 228
f 232 228 233
f 234 235 230
f 236 226 222
f 236 222 232
f 236 230 226
f 236 232 237
f 238 239 234
f 240 230 236
f 240 236 241
f 242 243 238
f 244 240 245
f 244 230 240
f 244 234 230
f 246 247 242
f 248 244 249
f 248 242 238
f 248 234 244
f 248 238 234
f 250 251 246
f 252 248 253
f 252 242 248
f 254 255 250
f 256 252 257
f 256 246 242
f 256 242 252
f 258 259 254
f 260 256 261
f 260 250 246
f 260 246 256
f 260 254 250
f 262 263 258
f 264 260 265
f 264 258 254
f 264 254 260
f 266 267 262
f 268 264 269
f 268 258 264
f 270 271 266
f 272 268 273
f 272 262 258
f 272 266 262
f 272 258 268
f 274 275 270
f 276 272 277
f 276 270 266
f 276 266 272
f 278 279 274
f 280 276 281
f 280 270 276
f 282 283 278
f 284 280 285
f 284 274 270
f 284 270 280
f 284 278 274
f 286 284 287
f 286 282 278
f 286 278 284
f 288 289 282
f 290 286 291
f 290 282 286
f 292 293 288
f 294 288 282
f 294 282 290
f 294 290 295
f 296 297 292
f 298 288 294
f 298 292 288
f 298 294 299
f 300 301 296
f 302 296 292
f 302 292 298
f 302 298 303
f 304 305 300
f 306 296 302
f 306 300 296
f 306 302 307
f 308 309 304
f 310 306 311
f 310 304 300
f 310 300 306
f 312 313 308
f 314 304 310
f 314 308 304
f 314 310 315
f 316 317 312
f 318 314 319
f 318 312 308
f 318 308 314
f 320 321 316
f 322 318 323
f 322 316 312
f 322 312 318
f 324 325 320
f 326 322 327
f 326 320 316
f 326 316 322
f 328 329 324
f 330 326 331
f 330 320 326
f 330 324 320
f 332 333 328
f 334 330 335
f 334 328 324
f 334 324 330
f 336 334 337
f 336 328 334
f 336 332 328
f 338 332 336
f 339 332 338
f 340 341 339
f 342 343 340
f 344 340 339
f 345 346 342
f 347 344 339
f 347 339 338
f 348 342 340
f 348 340 344
f 349 348 344
f 350 351 345
f 352 345 342
f 352 342 348
f 353 354 350
f 355 352 348
f 356 345 352
f 356 350 345
f 357 358 353
f 359 356 352
f 360 353 350
f 360 350 356
f 361 360 356
f 362 363 357
f 364 353 360
f 364 357 353
f 365 366 362
f 367 364 360
f 368 362 357
f 368 357 364
f 369 368 364
f 370 371 365
f 372 362 368
f 372 365 362
f 373 374 370
f 375 372 368
f 376 370 365
f 376 365 372
f 377 378 373
f 379 376 372
f 380 370 376
f 380 373 370
f 381 380 376
f 382 383 377
f 384 385 382
f 386 377 373
f 386 373 380
f 387 388 384
f 389 386 380
f 390 391 387
f 392 393 390
f 394 382 377
f 394 377 386
f 395 394 386
f 396 397 392
f 398 399 396
f 400 382 394
f 400 384 382
f 401 402 398
f 403 400 394
f 404 405 401
f 406 384 400
f 407 406 400
f 408 409 404
f 410 387 384
f 410 390 387
f 410 384 406
f 411 410 406
f 412 392 390
f 412 390 410
f 413 414 408
f 415 412 410
f 416 417 413
f 418 392 412
f 419 418 412
f 420 421 416
f 422 392 418
f 422 396 392
f 422 398 396
f 423 422 418
f 424 425 420
f 426 401 398
f 426 398 422
f 427 426 422
f 428 401 426
f 429 430 424
f 431 428 426
f 432 404 401
f 432 401 428
f 433 434 429
f 435 432 428
f 436 437 433
f 438 408 404
f 438 413 408
f 438 404 432
f 439 438 432
f 440 441 436
f 442 413 438
f 443 442 438
f 444 445 440
f 446 413 442
f 446 416 413
f 447 446 442
f 448 449 444
f 450 420 416
f 450 424 420
f 450 416 446
f 451 450 446
f 452 424 450
f 453 454 448
f 455 452 450
f 456 457 453
f 458 424 452
f 458 429 424
f 459 458 452
f 460 461 456
f 462 429 458
f 462 433 429
f 462 436 433
f 463 462 458
f 464 465 460
f 466 440 436
f 466 436 462
f 467 466 462
f 468 440 466
f 469 470 464
f 471 468 466
f 472 473 469
f 474 444 440
f 474 448 444
f 474 440 468
f 475 474 468
f 476 477 472
f 478 479 476
f 480 453 448
f 480 448 474
f 481 480 474
f 482 483 478
f 484 485 482
f 486 453 480
f 487 488 484
f 489 486 480
f 490 453 486
f 490 456 453
f 490 460 456
f 491 492 487
f 493 490 486
f 494 495 491
f 496 497 494
f 498 460 490
f 498 464 460
f 499 498 490
f 500 501 496
f 502 503 500
f 504 464 498
f 505 504 498
f 506 507 502
f 508 464 504
f 508 469 464
f 509 510 506
f 511 508 504
f 512 513 509
f 514 469 508
f 515 516 512
f 517 514 508
f 518 469 514
f 518 472 469
f 518 476 472
f 519 520 515
f 521 518 514
f 522 523 519
f 524 476 518
f 525 524 518
f 526 476 524
f 526 478 476
f 526 482 478
f 527 528 522
f 529 526 524
f 530 531 527
f 532 482 526
f 532 484 482
f 533 532 526
f 534 535 530
f 536 484 532
f 536 487 484
f 537 536 532
f 538 491 487
f 538 487 536
f 539 540 534
f 541 542 539
f 543 538 536
f 544 494 491
f 544 491 538
f 545 544 538
f 546 494 544
f 546 496 494
f 547 548 541
f 549 546 544
f 550 500 496
f 550 496 546
f 551 552 547
f 553 550 546
f 554 555 551
f 556 500 550
f 556 502 500
f 557 502 556
f 557 506 502
f 558 556 550
f 559 560 554
f 561 557 556
f 562 563 559
f 564 506 557
f 565 506 564
f 565 509 506
f 565 512 509
f 566 564 557
f 567 568 562
f 569 565 564
f 570 571 567
f 572 512 565
f 572 515 512
f 573 572 565
f 574 575 570
f 576 515 572
f 577 576 572
f 578 519 515
f 578 515 576
f 579 580 574
f 581 578 576
f 582 527 522
f 582 522 519
f 582 519 578
f 583 584 579
f 585 582 578
f 586 527 582
f 586 530 527
f 587 588 583
f 589 586 582
f 590 530 586
f 590 534 530
f 591 592 587
f 593 590 586
f 594 595 591
f 596 534 590
f 597 541 539
f 597 534 596
f 597 539 534
f 598 596 590
f 599 600 594
f 601 602 599
f 603 597 596
f 604 547 541
f 604 541 597
f 605 604 597
f 606 547 604
f 607 608 601
f 609 606 604
f 610 611 607
f 612 547 606
f 612 551 547
f 612 554 551
f 613 614 610
f 615 612 606
f 616 559 554
f 616 554 612
f 617 616 612
f 618 559 616
f 619 618 616
f 620 567 562
f 620 562 559
f 620 559 618
f 621 620 618
f 622 570 567
f 622 567 620
f 623 622 620
f 624 570 622
f 625 624 622
f 626 579 574
f 626 570 624
f 626 574 570
f 627 626 624
f 628 579 626
f 629 628 626
f 630 583 579
f 630 579 628
f 630 587 583
f 631 630 628
f 632 587 630
f 633 632 630
f 634 594 591
f 634 587 632
f 634 591 587
f 635 634 632
f 636 599 594
f 636 594 634
f 637 636 634
f 638 601 599
f 638 607 601
f 638 599 636
f 639 613 610
f 639 610 607
f 639 607 638
f 640 638 636
f 641 610 614
f 642 641 614
f 643 644 645
f 646 647 643
f 648 649 646
f 650 651 648
f 652 653 650
f 654 655 652
f 656 657 654
f 658 659 656
f 660 661 658
f 662 663 660
f 664 665 662
f 666 667 668
f 669 670 664
f 671 666 668
f 672 673 669
f 674 667 666
f 674 645 667
f 675 674 666
f 676 645 674
f 677 678 672
f 679 676 674
f 680 643 645
f 680 645 676
f 681 682 677
f 683 680 676
f 684 685 681
f 686 646 643
f 686 643 680
f 687 686 680
f 688 689 684
f 690 648 646
f 690 646 686
f 691 690 686
f 692 693 688
f 694 648 690
f 695 696 692
f 697 694 690
f 698 650 648
f 698 648 694
f 699 698 694
f 700 652 650
f 700 654 652
f 700 650 698
f 701 702 695
f 703 700 698
f 704 705 701
f 706 656 654
f 706 654 700
f 707 706 700
f 708 709 704
f 710 658 656
f 710 656 706
f 711 712 708
f 713 710 706
f 714 658 710
f 715 716 711
f 717 714 710
f 718 658 714
f 718 660 658
f 719 660 718
f 719 662 660
f 719 664 662
f 720 721 715
f 722 718 714
f 723 719 718
f 724 725 720
f 726 669 664
f 726 664 719
f 727 728 724
f 729 726 719
f 730 669 726
f 731 730 726
f 732 672 669
f 732 677 672
f 732 669 730
f 733 734 727
f 735 732 730
f 736 737 733
f 738 677 732
f 739 738 732
f 740 684 681
f 740 681 677
f 740 677 738
f 741 742 736
f 743 740 738
f 744 745 741
f 746 684 740
f 746 688 684
f 747 746 740
f 748 749 744
f 750 688 746
f 751 750 746
f 752 695 692
f 752 692 688
f 752 688 750
f 753 754 748
f 755 752 750
f 756 757 753
f 758 695 752
f 759 758 752
f 760 701 695
f 760 704 701
f 760 695 758
f 761 762 756
f 763 764 761
f 765 760 758
f 766 704 760
f 766 708 704
f 767 766 760
f 768 708 766
f 769 770 763
f 771 711 708
f 771 715 711
f 771 708 768
f 772 768 766
f 773 771 768
f 774 715 771
f 775 715 774
f 775 720 715
f 776 774 771
f 777 778 769
f 779 775 774
f 780 724 720
f 780 727 724
f 780 720 775
f 781 782 777
f 783 780 775
f 784 727 780
f 785 784 780
f 786 733 727
f 786 727 784
f 786 736 733
f 787 788 781
f 789 786 784
f 790 736 786
f 791 790 786
f 792 741 736
f 792 736 790
f 793 794 787
f 795 792 790
f 796 741 792
f 796 744 741
f 796 748 744
f 797 796 792
f 798 799 793
f 800 748 796
f 801 748 800
f 801 753 748
f 801 756 753
f 802 800 796
f 803 801 800
f 804 756 801
f 804 761 756
f 805 804 801
f 806 807 798
f 808 761 804
f 808 763 761
f 808 769 763
f 809 808 804
f 810 811 806
f 812 769 808
f 813 812 808
f 814 815 810
f 816 769 812
f 816 777 769
f 817 816 812
f 818 819 814
f 820 777 816
f 820 781 777
f 820 787 781
f 821 820 816
f 822 823 818
f 824 787 820
f 825 824 820
f 826 787 824
f 826 793 787
f 827 828 822
f 829 826 824
f 830 831 827
f 832 806 798
f 832 798 793
f 832 793 826
f 833 832 826
f 834 835 830
f 836 806 832
f 837 836 832
f 838 839 834
f 840 810 806
f 840 806 836
f 841 840 836
f 842 814 810
f 842 818 814
f 842 810 840
f 843 844 838
f 845 842 840
f 846 822 818
f 846 818 842
f 847 848 843
f 849 846 842
f 850 851 847
f 852 822 846
f 853 852 846
f 854 855 850
f 856 822 852
f 856 827 822
f 856 830 827
f 857 856 852
f 858 859 854
f 860 830 856
f 860 834 830
f 861 860 856
f 862 863 858
f 864 834 860
f 865 864 860
f 866 834 864
f 866 838 834
f 866 843 838
f 867 868 862
f 869 866 864
f 870 871 867
f 872 847 843
f 872 843 866
f 873 872 866
f 874 875 870
f 876 847 872
f 877 876 872
f 878 850 847
f 878 847 876
f 879 880 874
f 881 878 876
f 882 854 850
f 882 858 854
f 882 850 878
f 883 882 878
f 884 858 882
f 885 884 882
f 886 887 879
f 888 858 884
f 888 862 858
f 889 888 884
f 890 867 862
f 890 870 867
f 890 862 888
f 891 890 888
f 892 870 890
f 893 894 886
f 895 892 890
f 896 874 870
f 896 870 892
f 897 896 892
f 898 874 896
f 898 879 874
f 898 886 879
f 899 898 896
f 900 901 893
f 902 886 898
f 902 893 886
f 903 902 898
f 904 905 900
f 906 900 893
f 906 893 902
f 907 908 904
f 909 906 902
f 910 904 900
f 910 900 906
f 911 910 906
f 912 913 907
f 914 904 910
f 914 907 904
f 915 914 910
f 916 917 912
f 918 912 907
f 918 907 914
f 919 918 914
f 920 921 916
f 922 916 912
f 922 912 918
f 923 922 918
f 924 925 920
f 926 920 916
f 926 916 922
f 927 928 924
f 929 926 922
f 930 920 926
f 930 924 920
f 931 930 926
f 932 933 927
f 934 927 924
f 934 924 930
f 935 934 930
f 936 937 932
f 938 932 927
f 938 927 934
f 939 938 934
f 940 936 932
f 940 932 938
f 941 940 938
f 942 943 936
f 942 936 940
f 944 942 940
f 945 946 947
f 948 947 949
f 948 949 943
f 948 943 942
f 950 951 945
f 952 945 947
f 952 948 953
f 952 947 948
f 954 955 950
f 956 950 945
f 956 952 957
f 956 945 952
f 958 959 954
f 960 950 956
f 960 954 950
f 960 956 961
f 962 963 958
f 964 958 954
f 964 954 960
f 964 960 965
f 966 967 962
f 968 958 964
f 968 962 958
f 968 964 969
f 970 971 966
f 972 966 962
f 972 962 968
f 972 968 973
f 974 975 970
f 976 970 966
f 976 966 972
f 976 972 977
f 978 979 974
f 980 970 976
f 980 974 970
f 980 976 981
f 982 983 978
f 984 980 985
f 984 978 974
f 984 974 980
f 986 987 982
f 988 984 989
f 988 982 978
f 988 978 984
f 990 991 986
f 992 988 993
f 992 986 982
f 992 982 988
f 994 995 990
f 996 997 994
f 998 992 999
f 998 990 986
f 998 986 992
f 1000 1001 996
f 1002 996 994
f 1002 990 998
f 1002 998 1003
f 1002 994 990
f 1004 1005 1000
f 1006 996 1002
f 1006 1002 1007
f 1008 1009 1004
f 1010 1000 996
f 1010 996 1006
f 1010 1006 1011
f 1012 1013 1008
f 1014 1008 1004
f 1014 1004 1000
f 1014 1000 1010
f 1014 1010 1015
f 1016 1017 1012
f 1018 1008 1014
f 1018 1014 1019
f 1020 1021 1016
f 1022 1012 1008
f 1022 1008 1018
f 1022 1018 1023
f 1024 1025 1020
f 1026 1016 1012
f 1026 1020 1016
f 1026 1012 1022
f 1026 1022 1027
f 1028 1029 1024
f 1030 1024 1020
f 1030 1020 1026
f 1030 1026 1031
f 1032 1033 1028
f 1034 1024 1030
f 1034 1030 1035
f 1036 1037 1032
f 1038 1028 1024
f 1038 1032 1028
f 1038 1024 1034
f 1038 1034 1039
f 1040 1041 1036
f 1042 1036 1032
f 1042 1032 1038
f 1042 1038 1043
f 1044 1045 1040
f 1046 1036 1042
f 1046 1042 1047
f 1048 1049 1044
f 1050 1044 1040
f 1050 1036 1046
f 1050 1040 1036
f 1050 1046 1051
f 1052 1053 1048
f 1054 1044 1050
f 1054 1048 1044
f 1054 1050 1055
f 6 5 1052
f 1056 1054 1057
f 1056 1048 1054
f 1058 1059 6
f 1060 1048 1056
f 1060 1056 1061
f 1060 1052 1048
f 1062 1063 1058
f 1064 1060 1065
f 1064 6 1052
f 1064 1052 1060
f 1064 1058 6
f 1066 1067 1062
f 1068 1064 1069
f 1068 1058 1064
f 1070 1071 1066
f 1072 1068 1073
f 1072 1062 1058
f 1072 1058 1068
f 1074 1075 1070
f 1076 1072 1077
f 1076 1066 1062
f 1076 1062 1072
f 1076 1070 1066
f 1078 1079 1074
f 1080 1076 1081
f 1080 1070 1076
f 1082 1083 1078
f 1084 1080 1085
f 1084 1074 1070
f 1084 1070 1080
f 1086 1087 1082
f 1088 1084 1089
f 1088 1078 1074
f 1088 1074 1084
f 1088 1082 1078
f 1090 1091 1086
f 1092 1093 1090
f 1094 1088 1095
f 1094 1090 1086
f 1094 1086 1082
f 1094 1082 1088
f 1096 1094 1097
f 1096 1090 1094
f 1098 1099 1092
f 1100 1101 1098
f 1102 1090 1096
f 1102 1092 1090
f 1102 1098 1092
f 1102 1096 1103
f 1104 1105 1100
f 1106 1098 1102
f 1106 1102 1107
f 1108 1109 1104
f 1110 1098 1106
f 1110 1106 1111
f 1110 1100 1098
f 1112 1104 1100
f 1112 1110 1113
f 1112 1100 1110
f 1114 1115 1108
f 1116 1104 1112
f 1116 1112 1117
f 1116 1108 1104
f 1118 1119 1114
f 1120 1121 1118
f 1122 1116 1123
f 1122 1108 1116
f 1122 1114 1108
f 1124 1125 1120
f 1126 1122 1127
f 1126 1114 1122
f 1126 1118 1114
f 1128 1129 1124
f 1130 1126 1131
f 1130 1120 1118
f 1130 1118 1126
f 1132 1130 1133
f 1132 1124 1120
f 1132 1120 1130
f 12 11 1128
f 1134 1135 12
f 1136 1132 1137
f 1136 1128 1124
f 1136 1124 1132
f 1138 1139 1134
f 1140 1136 1141
f 1140 12 1128
f 1140 1128 1136
f 1140 1134 12
f 1142 1143 1138
f 1144 1140 1145
f 1144 1138 1134
f 1144 1134 1140
f 1146 1147 1142
f 1148 1144 1149
f 1148 1138 1144
f 1150 1151 1146
f 1152 1142 1138
f 1152 1148 1153
f 1152 1138 1148
f 1154 1146 1142
f 1154 1142 1152
f 1154 1152 1155
f 1156 1157 1150
f 1158 1159 1156
f 1160 1146 1154
f 1160 1150 1146
f 1160 1154 1161
f 1162 1163 1158
f 1164 1150 1160
f 1164 1156 1150
f 1164 1160 1165
f 1166 1167 1162
f 1168 1158 1156
f 1168 1156 1164
f 1168 1164 1169
f 1170 1171 1166
f 1172 1162 1158
f 1172 1158 1168
f 1172 1168 1173
f 1174 1166 1162
f 1174 1162 1172
f 1174 1172 1175
f 1176 1177 1170
f 1178 1166 1174
f 1178 1170 1166
f 1178 1174 1179
f 1180 1181 1176
f 1182 1183 1180
f 1184 1178 1185
f 1184 1176 1170
f 1184 1170 1178
f 1186 1184 1187
f 1186 1180 1176
f 1186 1176 1184
f 1188 1189 1182
f 1190 1191 1188
f 1192 1186 1193
f 1192 1182 1180
f 1192 1180 1186
f 1194 1192 1195
f 1194 1188 1182
f 1194 1182 1192
f 1196 1197 1190
f 1198 1199 1196
f 1200 1188 1194
f 1200 1194 1201
f 1200 1190 1188
f 1202 1203 1198
f 1204 1190 1200
f 1204 1200 1205
f 1204 1196 1190
f 1206 1207 1202
f 1208 1202 1198
f 1208 1198 1196
f 1208 1196 1204
f 1208 1204 1209
f 1210 1202 1208
f 1210 1208 1211
f 1212 1213 1206
f 1214 1206 1202
f 1214 1202 1210
f 1214 1210 1215
f 1216 1217 1212
f 1218 1219 1216
f 1220 1206 1214
f 1220 1212 1206
f 1220 1214 1221
f 1222 1223 1218
f 1224 1212 1220
f 1224 1216 1212
f 1224 1220 1225
f 1226 1218 1216
f 1226 1216 1224
f 1226 1224 1227
f 1228 1229 1222
f 1230 1222 1218
f 1230 1218 1226
f 1230 1226 1231
f 1232 1222 1230
f 1232 1228 1222
f 1232 1230 1233
f 1234 1228 1232
f 1234 1232 1235
f 1236 1237 1228
f 1236 1228 1234
f 1236 1234 1238
f 641 1237 1236
f 641 1236 1239
f 1240 1237 641
f 1240 641 642
f 668 48 39
f 668 667 48
f 1236 607 611
f 1239 1236 611
f 1234 601 608
f 1238 1234 608
f 1232 599 602
f 1235 1232 602
f 1230 594 600
f 1233 1230 600
f 1226 591 595
f 1231 1226 595
f 1224 587 592
f 1227 1224 592
f 1220 583 588
f 1225 1220 588
f 1214 579 584
f 1221 1214 584
f 1210 574 580
f 1215 1210 580
f 1208 570 575
f 1211 1208 575
f 1204 567 571
f 1209 1204 571
f 1200 562 568
f 1205 1200 568
f 1194 559 563
f 1201 1194 563
f 1192 554 560
f 1195 1192 560
f 1186 551 555
f 1193 1186 555
f 1184 547 552
f 1187 1184 552
f 1241 541 548
f 1241 1242 541
f 1243 1244 1245
f 1246 1247 1243
f 1248 1249 1246
f 1250 1251 1248
f 1252 1253 1250
f 1254 1243 1245
f 1254 1246 1243
f 1255 1256 1252
f 1257 1248 1246
f 1257 1250 1248
f 1257 1246 1254
f 1258 1259 1255
f 1260 1257 1261
f 1260 1252 1250
f 1260 1250 1257
f 1262 1263 1258
f 1264 1260 1265
f 1264 1255 1252
f 1264 1252 1260
f 1266 1267 1262
f 1268 1264 1269
f 1268 1258 1255
f 1268 1255 1264
f 1268 1262 1258
f 1270 1271 1266
f 1272 1262 1268
f 1272 1268 1273
f 1274 1275 1270
f 1276 1272 1277
f 1276 1266 1262
f 1276 1262 1272
f 1276 1270 1266
f 1278 1279 1274
f 1280 1276 1281
f 1280 1270 1276
f 1282 1283 1278
f 1284 1280 1285
f 1284 1274 1270
f 1284 1270 1280
f 1286 1287 1282
f 1288 1284 1289
f 1288 1278 1274
f 1288 1282 1278
f 1288 1274 1284
f 1290 1291 1286
f 1292 1288 1293
f 1292 1282 1288
f 1292 1286 1282
f 1294 1295 1290
f 1296 1292 1297
f 1296 1290 1286
f 1296 1286 1292
f 1298 1299 1294
f 1300 1290 1296
f 1300 1296 1301
f 1302 1303 1298
f 1304 1300 1305
f 1304 1290 1300
f 1304 1294 1290
f 1306 1307 1302
f 1308 1294 1304
f 1308 1298 1294
f 1308 1302 1298
f 1308 1304 1309
f 1310 1311 1306
f 1312 1302 1308
f 1312 1308 1313
f 1314 1315 1310
f 1316 1302 1312
f 1316 1306 1302
f 1316 1310 1306
f 1316 1312 1317
f 1318 1319 1314
f 1320 1310 1316
f 1320 1316 1321
f 1322 1323 1318
f 1324 1320 1325
f 1324 1314 1310
f 1324 1310 1320
f 1326 1327 1322
f 1328 1324 1329
f 1328 1318 1314
f 1328 1314 1324
f 1328 1322 1318
f 1330 1331 1326
f 1332 1328 1333
f 1332 1322 1328
f 1334 1335 1330
f 1336 1332 1337
f 1336 1326 1322
f 1336 1322 1332
f 1338 1339 1334
f 1340 1336 1341
f 1340 1326 1336
f 1340 1330 1326
f 1342 1343 1338
f 1344 1340 1345
f 1344 1334 1330
f 1344 1330 1340
f 1346 1347 1342
f 1348 1344 1349
f 1348 1338 1334
f 1348 1334 1344
f 1348 1342 1338
f 1350 1351 1346
f 1352 1342 1348
f 1352 1348 1353
f 1352 1346 1342
f 1354 1355 1350
f 1356 1350 1346
f 1356 1346 1352
f 1356 1352 1357
f 1358 1359 1354
f 1360 1350 1356
f 1360 1356 1361
f 1362 1363 1358
f 1364 1354 1350
f 1364 1350 1360
f 1364 1360 1365
f 1366 1367 1362
f 1368 1358 1354
f 1368 1354 1364
f 1368 1364 1369
f 1370 1371 1366
f 1372 1362 1358
f 1372 1358 1368
f 1372 1368 1373
f 1374 1375 1370
f 1376 1366 1362
f 1376 1362 1372
f 1376 1372 1377
f 1378 1379 1374
f 1380 1370 1366
f 1380 1366 1376
f 1380 1376 1381
f 1382 1383 1378
f 1384 1374 1370
f 1384 1370 1380
f 1384 1380 1385
f 1386 1387 1382
f 1388 1378 1374
f 1388 1384 1389
f 1388 1374 1384
f 1390 1391 1386
f 1392 1382 1378
f 1392 1388 1393
f 1392 1378 1388
f 1394 1392 1395
f 1394 1382 1392
f 1394 1386 1382
f 1396 1397 1390
f 1398 1394 1399
f 1398 1390 1386
f 1398 1386 1394
f 1400 1401 1396
f 1402 1396 1390
f 1402 1398 1403
f 1402 1390 1398
f 1404 1405 1400
f 1406 1400 1396
f 1406 1402 1407
f 1406 1396 1402
f 1408 1409 1404
f 1410 1400 1406
f 1410 1406 1411
f 1412 1413 1408
f 1414 1400 1410
f 1414 1410 1415
f 1414 1408 1404
f 1414 1404 1400
f 1416 1417 1412
f 1418 1408 1414
f 1418 1412 1408
f 1418 1414 1419
f 1420 1421 1416
f 1422 1416 1412
f 1422 1412 1418
f 1422 1418 1423
f 1424 1425 1420
f 1426 1416 1422
f 1426 1422 1427
f 1428 1429 1424
f 1430 1420 1416
f 1430 1424 1420
f 1430 1416 1426
f 1430 1426 1431
f 1432 1433 1428
f 1434 1424 1430
f 1434 1428 1424
f 1434 1430 1435
f 1436 1437 1432
f 1438 1428 1434
f 1438 1432 1428
f 1438 1434 1439
f 1440 1441 1436
f 1442 1432 1438
f 1442 1436 1432
f 1442 1438 1443
f 1444 1445 1440
f 1446 1440 1436
f 1446 1436 1442
f 1446 1442 1447
f 1448 1449 1444
f 1450 1440 1446
f 1450 1444 1440
f 1450 1446 1451
f 1452 1453 1448
f 1454 1444 1450
f 1454 1450 1455
f 1456 1457 1452
f 1458 1454 1459
f 1458 1452 1448
f 1458 1444 1454
f 1458 1448 1444
f 1460 1461 1456
f 1462 1458 1463
f 1462 1456 1452
f 1462 1452 1458
f 1464 1465 1460
f 1466 1462 1467
f 1466 1456 1462
f 1466 1460 1456
f 1468 1469 1464
f 1470 1466 1471
f 1470 1460 1466
f 1472 1473 1468
f 1474 1470 1475
f 1474 1464 1460
f 1474 1460 1470
f 1474 1468 1464
f 1476 1477 1472
f 1478 1474 1479
f 1478 1468 1474
f 1478 1472 1468
f 1480 1481 1476
f 1482 1478 1483
f 1482 1476 1472
f 1482 1472 1478
f 1484 1485 1480
f 1486 1482 1487
f 1486 1476 1482
f 1486 1480 1476
f 1488 1486 1489
f 1488 1480 1486
f 1488 1484 1480
f 1490 1491 1484
f 1492 1488 1493
f 1492 1484 1488
f 1494 1495 1490
f 1496 1492 1497
f 1496 1484 1492
f 1496 1490 1484
f 1498 1499 1494
f 1500 1496 1501
f 1500 1490 1496
f 1500 1494 1490
f 1502 1503 1498
f 1504 1498 1494
f 1504 1500 1505
f 1504 1494 1500
f 1506 1507 1502
f 1508 1502 1498
f 1508 1498 1504
f 1508 1504 1509
f 1510 1511 1506
f 1512 1506 1502
f 1512 1502 1508
f 1512 1508 1513
f 1514 1515 1510
f 1516 1506 1512
f 1516 1510 1506
f 1516 1512 1517
f 1518 1519 1514
f 1520 1510 1516
f 1520 1516 1521
f 1520 1514 1510
f 1522 1523 1518
f 1524 1520 1525
f 1524 1514 1520
f 1524 1518 1514
f 1526 1527 1522
f 1528 1524 1529
f 1528 1518 1524
f 1528 1522 1518
f 1530 1531 1526
f 1532 1528 1533
f 1532 1522 1528
f 1532 1526 1522
f 1534 1535 1530
f 1536 1532 1537
f 1536 1526 1532
f 1536 1530 1526
f 1538 1536 1539
f 1538 1530 1536
f 1538 1534 1530
f 1540 1534 1538
f 1541 1534 1540
f 1542 1543 1541
f 1544 1545 1542
f 1546 1547 1544
f 1548 1542 1541
f 1549 1548 1541
f 1549 1541 1540
f 1550 1551 1546
f 1552 1542 1548
f 1552 1544 1542
f 1553 1552 1548
f 1554 1555 1550
f 1556 1544 1552
f 1556 1546 1544
f 1557 1556 1552
f 1558 1559 1554
f 1560 1550 1546
f 1560 1546 1556
f 1561 1560 1556
f 1562 1563 1558
f 1564 1554 1550
f 1564 1550 1560
f 1565 1564 1560
f 1566 1567 1562
f 1568 1558 1554
f 1568 1554 1564
f 1569 1568 1564
f 1570 1571 1566
f 1572 1562 1558
f 1572 1558 1568
f 1573 1572 1568
f 1574 1575 1570
f 1576 1562 1572
f 1576 1566 1562
f 1577 1576 1572
f 1578 1579 1574
f 1580 1570 1566
f 1580 1566 1576
f 1581 1580 1576
f 1582 1583 1578
f 1584 1585 1582
f 1586 1574 1570
f 1586 1570 1580
f 1587 1586 1580
f 1588 1589 1584
f 1590 1591 1588
f 1592 1578 1574
f 1592 1574 1586
f 1593 1592 1586
f 1594 1595 1590
f 1596 1597 1594
f 1598 1582 1578
f 1598 1578 1592
f 1599 1600 1596
f 1601 1598 1592
f 1602 1603 1599
f 1604 1605 1602
f 1606 1582 1598
f 1607 1606 1598
f 1608 1582 1606
f 1608 1584 1582
f 1608 1588 1584
f 1609 1610 1604
f 1611 1608 1606
f 1612 1613 1609
f 1614 1588 1608
f 1615 1614 1608
f 1616 1617 1612
f 1618 1588 1614
f 1618 1590 1588
f 1619 1620 1616
f 1621 1618 1614
f 1622 1590 1618
f 1622 1594 1590
f 1622 1596 1594
f 1623 1622 1618
f 1624 1625 1619
f 1626 1596 1622
f 1627 1626 1622
f 1628 1629 1624
f 1630 1599 1596
f 1630 1596 1626
f 1631 1632 1628
f 1633 1630 1626
f 1634 1599 1630
f 1634 1602 1599
f 1635 1634 1630
f 1636 1637 1631
f 1638 1602 1634
f 1638 1604 1602
f 1638 1609 1604
f 1639 1638 1634
f 1640 1641 1636
f 1642 1609 1638
f 1643 1644 1640
f 1645 1642 1638
f 1646 1612 1609
f 1646 1609 1642
f 1647 1646 1642
f 1648 1649 1643
f 1650 1616 1612
f 1650 1612 1646
f 1651 1650 1646
f 1652 1624 1619
f 1652 1619 1616
f 1652 1616 1650
f 1653 1654 1648
f 1655 1652 1650
f 1656 1657 1653
f 1658 1624 1652
f 1659 1660 1656
f 1661 1658 1652
f 1662 1628 1624
f 1662 1624 1658
f 1663 1664 1659
f 1665 1662 1658
f 1666 1628 1662
f 1666 1631 1628
f 1667 1666 1662
f 1668 1669 1663
f 1670 1631 1666
f 1670 1636 1631
f 1671 1672 1668
f 1673 1670 1666
f 1674 1675 1671
f 1676 1677 1674
f 1678 1636 1670
f 1678 1640 1636
f 1679 1678 1670
f 1680 1681 1676
f 1682 1640 1678
f 1682 1643 1640
f 1683 1684 1680
f 1685 1682 1678
f 1686 1687 1683
f 1688 1689 1686
f 1690 1648 1643
f 1690 1643 1682
f 1690 1653 1648
f 1691 1692 1688
f 1693 1690 1682
f 1694 1695 1691
f 1696 1653 1690
f 1697 1698 1694
f 1699 1696 1690
f 1700 1656 1653
f 1700 1653 1696
f 1701 1702 1697
f 1703 1700 1696
f 1704 1705 1701
f 1706 1659 1656
f 1706 1656 1700
f 1707 1708 1704
f 1709 1706 1700
f 1710 1711 1707
f 1712 1659 1706
f 1712 1663 1659
f 1712 1668 1663
f 1713 1714 1710
f 1715 1712 1706
f 1716 1717 1713
f 1718 1719 1716
f 1720 1721 1718
f 1722 1668 1712
f 1723 1722 1712
f 1724 1671 1668
f 1724 1668 1722
f 1725 1726 1720
f 1727 1724 1722
f 1728 1729 1725
f 1730 1671 1724
f 1731 1730 1724
f 1732 1671 1730
f 1732 1674 1671
f 1732 1676 1674
f 1733 1734 1728
f 1735 1732 1730
f 1736 1676 1732
f 1737 1738 1733
f 1739 1736 1732
f 1740 1741 1737
f 1742 1676 1736
f 1742 1680 1676
f 1743 1744 1740
f 1745 1742 1736
f 1746 1683 1680
f 1746 1680 1742
f 1747 1746 1742
f 1748 1686 1683
f 1748 1683 1746
f 1749 1750 1743
f 1751 1748 1746
f 1752 1688 1686
f 1752 1691 1688
f 1752 1686 1748
f 1753 1754 1749
f 1755 1752 1748
f 1756 1691 1752
f 1756 1694 1691
f 1757 1758 1753
f 1759 1756 1752
f 1760 1694 1756
f 1761 1762 1757
f 1763 1760 1756
f 1764 1701 1697
f 1764 1697 1694
f 1764 1694 1760
f 1765 1766 1761
f 1767 1764 1760
f 1768 1769 1765
f 1770 1704 1701
f 1770 1701 1764
f 1771 1772 1768
f 1773 1770 1764
f 1774 1707 1704
f 1774 1704 1770
f 1775 1774 1770
f 1776 1707 1774
f 1777 1778 1771
f 1779 1776 1774
f 1780 1781 1777
f 1782 1710 1707
f 1782 1707 1776
f 1783 1782 1776
f 1784 1713 1710
f 1784 1716 1713
f 1784 1710 1782
f 1785 1786 1780
f 1787 1784 1782
f 1788 1716 1784
f 1789 1790 1785
f 1791 1788 1784
f 1792 1718 1716
f 1792 1720 1718
f 1792 1716 1788
f 1793 1794 1789
f 1795 1792 1788
f 1796 1720 1792
f 1797 1798 1793
f 1799 1796 1792
f 1800 1801 1797
f 1802 1725 1720
f 1802 1728 1725
f 1802 1720 1796
f 1803 1804 1800
f 1805 1802 1796
f 1806 1733 1728
f 1806 1728 1802
f 1807 1806 1802
f 1808 1733 1806
f 1808 1737 1733
f 1809 1808 1806
f 1810 1737 1808
f 1811 1810 1808
f 1812 1737 1810
f 1812 1743 1740
f 1812 1740 1737
f 1813 1812 1810
f 1814 1749 1743
f 1814 1743 1812
f 1815 1749 1814
f 1816 1814 1812
f 1817 1815 1814
f 1818 1749 1815
f 1818 1753 1749
f 1819 1818 1815
f 1820 1757 1753
f 1820 1753 1818
f 1821 1820 1818
f 1822 1761 1757
f 1822 1757 1820
f 1822 1765 1761
f 1823 1822 1820
f 1824 1765 1822
f 1824 1768 1765
f 1825 1768 1824
f 1826 1824 1822
f 1827 1825 1824
f 1828 1771 1768
f 1828 1768 1825
f 1828 1777 1771
f 1829 1828 1825
f 1830 1777 1828
f 1831 1830 1828
f 1832 1777 1830
f 1832 1780 1777
f 1833 1832 1830
f 1834 1780 1832
f 1834 1785 1780
f 1835 1785 1834
f 1835 1793 1789
f 1835 1789 1785
f 1835 1797 1793
f 1836 1834 1832
f 1837 1803 1800
f 1837 1800 1797
f 1837 1797 1835
f 1838 1835 1834
f 1839 1800 1804
f 1839 1840 1800
f 1841 1842 1843
f 1844 1845 1841
f 1846 1847 1844
f 1848 1849 1846
f 1850 1851 1848
f 1852 1853 1850
f 1854 1841 1843
f 1854 1844 1841
f 1854 1846 1844
f 1855 1856 1852
f 1857 1850 1848
f 1857 1846 1854
f 1857 1848 1846
f 1858 1859 1855
f 1860 1852 1850
f 1860 1850 1857
f 1860 1855 1852
f 1860 1857 1861
f 1862 1863 1858
f 1864 1860 1865
f 1864 1855 1860
f 1866 1867 1862
f 1868 1855 1864
f 1868 1858 1855
f 1868 1864 1869
f 1870 1871 1866
f 1872 1866 1862
f 1872 1862 1858
f 1872 1858 1868
f 1872 1868 1873
f 1874 1875 1870
f 1876 1866 1872
f 1876 1872 1877
f 1878 1879 1874
f 1880 1870 1866
f 1880 1874 1870
f 1880 1866 1876
f 1880 1876 1881
f 1882 1883 1878
f 1884 1874 1880
f 1884 1880 1885
f 1886 1887 1882
f 1888 1884 1889
f 1888 1878 1874
f 1888 1874 1884
f 1888 1882 1878
f 1890 1891 1886
f 1892 1888 1893
f 1892 1882 1888
f 1894 1895 1890
f 1896 1892 1897
f 1896 1886 1882
f 1896 1882 1892
f 1898 1899 1894
f 1900 1896 1901
f 1900 1890 1886
f 1900 1886 1896
f 1900 1894 1890
f 1902 1903 1898
f 1904 1894 1900
f 1904 1900 1905
f 1906 1902 1898
f 1906 1904 1907
f 1906 1894 1904
f 1906 1898 1894
f 1908 1902 1906
f 1908 1906 1909
f 1910 1902 1908
f 1910 1908 1911
f 1912 1913 1902
f 1912 1902 1910
f 1912 1910 1914
f 1840 1913 1912
f 1840 1912 1915
f 1916 1913 1840
f 1916 1840 1839
f 1917 1254 1245
f 1917 1918 1254
f 1919 1917 1245
f 1920 1921 1922
f 1920 1922 1923
f 1920 1924 1921
f 1925 1924 1920
f 1926 1927 1928
f 1926 1928 1929
f 1926 1930 1927
f 1931 1930 1926
f 1932 1933 1934
f 1932 1934 1935
f 1936 1933 1932
f 1936 1937 1933
f 1938 1939 1940
f 1938 1940 1941
f 1942 1938 1941
f 1942 1941 1943
f 1944 1942 1943
f 1944 1943 1945
f 1946 1945 1947
f 1948 1946 1947
f 1949 1950 1951
f 1949 1944 1950
f 1944 1945 1950
f 1950 1945 1946
f 1947 1949 1948
f 1948 1949 1951
f 1952 1949 1947
f 1952 1947 1953
f 1954 1953 1955
f 1956 1954 1955
f 1957 1958 1959
f 1957 1952 1958
f 1952 1953 1954
f 1952 1954 1958
f 1955 1957 1959
f 1955 1959 1956
f 1960 1957 1955
f 1960 1955 1961
f 1962 1961 1963
f 1964 1962 1963
f 1965 1966 1967
f 1965 1960 1966
f 1960 1961 1962
f 1960 1962 1966
f 1963 1965 1967
f 1963 1967 1964
f 1968 1965 1963
f 1968 1963 1969
f 1970 1969 1971
f 1970 1971 1972
f 1973 1970 1974
f 1973 1969 1970
f 1975 1973 1976
f 1975 1969 1973
f 1977 1975 1978
f 1977 1969 1975
f 1979 1977 1980
f 1979 1969 1977
f 1981 1979 1982
f 1981 1969 1979
f 1983 1981 1984
f 1985 1983 1986
f 1985 1969 1981
f 1985 1981 1983
f 1987 1985 1988
f 1987 1969 1985
f 1989 1987 1990
f 1989 1969 1987
f 1991 1989 1992
f 1991 1969 1989
f 1993 1991 1994
f 1993 1969 1991
f 1995 1993 1996
f 1995 1969 1993
f 1997 1995 1998
f 1997 1969 1995
f 1999 1997 2000
f 2001 1999 2002
f 2003 2001 2004
f 2005 2001 2003
f 2005 2003 2006
f 2005 1969 1997
f 2005 1997 1999
f 2005 1999 2001
f 2007 2005 2008
f 2009 2007 2010
f 2011 2007 2009
f 2011 2005 2007
f 2011 2009 2012
f 2013 2005 2011
f 2013 2011 2014
f 2015 2013 2016
f 2017 2013 2015
f 2017 2015 2018
f 2017 1969 2005
f 2017 2005 2013
f 2019 1969 2017
f 2019 2017 2020
f 2021 2019 2022
f 2023 2021 2024
f 2025 1969 2019
f 2025 2019 2021
f 2025 2021 2023
f 2025 2023 2026
f 2027 2025 2028
f 2029 2027 2030
f 2031 2029 2032
f 2033 1969 2025
f 2033 2025 2027
f 2033 2027 2029
f 2033 2029 2031
f 2033 2031 2034
f 2035 2033 2036
f 2037 2035 2038
f 2039 1969 2033
f 2039 2033 2035
f 2039 2035 2037
f 2039 2037 2040
f 2041 2039 2042
f 2043 2041 2044
f 2045 2043 2046
f 2047 2039 2041
f 2047 2045 2048
f 2047 2041 2043
f 2047 2043 2045
f 2049 2047 2050
f 2051 2049 2052
f 2053 2051 2054
f 2055 2051 2053
f 2055 2053 2056
f 2057 2055 2058
f 2059 2055 2057
f 2059 2057 2060
f 2059 2051 2055
f 2059 2047 2049
f 2059 2049 2051
f 2061 2047 2059
f 2061 2059 2062
f 2063 2047 2061
f 2063 2061 2064
f 2065 1969 2039
f 2065 2039 2047
f 2065 2047 2063
f 2065 2063 2066
f 2067 2065 2068
f 2069 2067 2070
f 2071 2069 2072
f 2071 2067 2069
f 2073 2071 2074
f 2075 2073 2076
f 2077 2075 2078
f 2077 2073 2075
f 2079 2077 2080
f 2081 2079 2082
f 2083 2079 2081
f 2084 2081 2085
f 2084 2083 2081
f 36 35 2083
f 2086 2077 2079
f 2086 2083 35
f 2086 2079 2083
f 2087 2086 35
f 2088 2089 2086
f 2090 2091 2089
f 2092 2089 2091
f 2093 2092 2091
f 2094 2095 2092
f 2096 2097 2095
f 2098 2095 2097
f 2099 2098 2097
f 2100 2101 2098
f 2102 2103 2101
f 2104 2105 2103
f 2106 2107 2105
f 2108 2105 2107
f 2109 2108 2107
f 2110 2111 2108
f 2112 2108 2111
f 2112 2105 2108
f 2113 2112 2111
f 2114 2101 2103
f 2114 2103 2105
f 2114 2105 2112
f 2115 2114 2112
f 2116 2117 2114
f 2118 2114 2117
f 2119 2118 2117
f 2120 2114 2118
f 2121 2120 2118
f 2122 2101 2114
f 2122 2114 2120
f 2122 2098 2101
f 2123 2122 2120
f 2124 2125 2122
f 2126 2122 2125
f 2127 2126 2125
f 2128 2122 2126
f 2129 2128 2126
f 2130 2122 2128
f 2131 2130 2128
f 2132 2133 2130
f 2134 2130 2133
f 2135 2134 2133
f 2136 2130 2134
f 2137 2136 2134
f 2138 2139 2136
f 2140 2136 2139
f 2141 2140 2139
f 2142 2136 2140
f 2143 2142 2140
f 2144 2145 2142
f 2146 2147 2145
f 2148 2145 2147
f 2149 2148 2147
f 2150 2145 2148
f 2151 2150 2148
f 2152 2153 2150
f 2154 2155 2153
f 2156 2157 2155
f 2158 2155 2157
f 2159 2158 2157
f 2160 2155 2158
f 2160 2153 2155
f 2161 2160 2158
f 2162 2153 2160
f 2163 2162 2160
f 2164 2165 2162
f 2166 2167 2165
f 2168 2169 2167
f 2170 2171 2169
f 2172 2173 2171
f 2174 2175 2173
f 1968 2150 2153
f 1968 2153 2162
f 1968 2162 2165
f 1968 2165 2167
f 1968 2167 2169
f 1968 2169 2171
f 1968 2171 2173
f 1968 2173 2175
f 1968 2098 2122
f 1968 2122 2130
f 1968 2130 2136
f 1968 2136 2142
f 1968 2142 2145
f 1968 2095 2098
f 1968 2145 2150
f 2176 1968 2175
f 2176 2175 2177
f 2178 2177 2175
f 2179 2176 2177
f 2180 1968 2176
f 2181 2180 2176
f 2182 1968 2180
f 2183 2182 2180
f 2184 1968 2182
f 2185 2184 2182
f 2186 1968 2184
f 2187 1968 2186
f 2188 2186 2184
f 2189 2187 2186
f 2190 1968 2187
f 2191 2190 2187
f 2192 1968 2190
f 2193 2192 2190
f 2194 1968 2192
f 2195 2194 2192
f 1968 1969 2065
f 1968 2065 2067
f 1968 2067 2071
f 1968 2071 2073
f 1968 2073 2077
f 1968 2077 2086
f 1968 2086 2089
f 1968 2089 2092
f 1968 2092 2095
f 2196 1941 1940
f 2196 2197 1941
f 2197 2196 2198
f 2197 2198 2199
f 2200 2197 2199
f 2200 2199 2201
f 2202 2200 2201
f 2202 2201 2203
f 2204 2202 2203
f 2204 2203 2205
f 2206 2204 2205
f 2206 2205 2207
f 2208 2206 2207
f 2208 2207 2209
f 2210 2208 2209
f 2210 2209 2211
f 2212 2210 2211
f 2212 2211 2213
f 1919 2213 2214
f 2215 2216 2217
f 2218 2215 2219
f 1917 1919 2214
f 2220 2218 2221
f 2222 2220 2223
f 2224 2222 2225
f 2224 2220 2222
f 2226 2224 2227
f 2228 2226 2229
f 2230 2228 2231
f 2232 2230 2233
f 2212 2216 2215
f 2212 2215 2218
f 2212 2218 2220
f 2212 2220 2224
f 2212 2224 2226
f 2212 2226 2228
f 2212 2228 2230
f 2212 2230 2232
f 2234 2212 2232
f 2212 2213 1919
f 2212 1919 2216
f 2235 2232 2236
f 2237 2235 2238
f 2239 2237 2240
f 2241 2239 2242
f 2243 2241 2244
f 2245 2243 2246
f 2234 2232 2235
f 2234 2235 2237
f 2234 2237 2239
f 2234 2239 2241
f 2234 2241 2243
f 2234 2243 2245
f 2247 2245 2248
f 2247 2234 2245
f 2249 2247 2250
f 2249 2234 2247
f 2251 2249 2252
f 2251 2234 2249
f 1918 1917 2214
f 2253 2214 2254
f 2255 2256 1918
f 2257 2253 2258
f 2259 2260 2255
f 2261 1918 2214
f 2261 2214 2253
f 2261 2253 2257
f 2261 2257 2262
f 2263 2264 2259
f 2265 2261 2266
f 2265 1918 2261
f 2267 2263 2259
f 2267 2268 2263
f 2269 2265 2270
f 2271 2272 2267
f 2273 2274 2271
f 2275 2269 2276
f 2275 2265 2269
f 2275 1918 2265
f 2275 2255 1918
f 2277 2278 2273
f 2279 2275 2280
f 2279 2255 2275
f 2281 2282 2277
f 2283 2279 2284
f 2285 2286 2281
f 2287 2259 2255
f 2287 2283 2288
f 2287 2255 2279
f 2287 2279 2283
f 2289 2290 2285
f 2291 2287 2292
f 2293 2294 2289
f 2295 2291 2296
f 2295 2271 2267
f 2295 2267 2259
f 2295 2259 2287
f 2295 2287 2291
f 2297 2298 2293
f 2299 2295 2300
f 2299 2271 2295
f 2301 2302 2297
f 2303 2299 2304
f 2305 2306 2301
f 2305 2301 2297
f 2307 2303 2308
f 2307 2273 2271
f 2307 2277 2273
f 2307 2271 2299
f 2307 2281 2277
f 2307 2299 2303
f 2309 2310 2305
f 2311 2307 2312
f 2313 2314 2309
f 2315 2316 2313
f 2317 2307 2311
f 2317 2311 2318
f 2317 2285 2281
f 2317 2289 2285
f 2317 2293 2289
f 2317 2281 2307
f 2319 2320 2315
f 2321 2293 2317
f 2321 2317 2322
f 2323 2324 2319
f 2325 2321 2326
f 2327 2328 2323
f 2329 2293 2321
f 2329 2321 2325
f 2329 2325 2330
f 2329 2297 2293
f 2331 2332 2327
f 2333 2305 2297
f 2333 2329 2334
f 2333 2297 2329
f 2335 2336 2331
f 2337 2333 2338
f 2339 2340 2335
f 2341 2309 2305
f 2341 2313 2309
f 2341 2337 2342
f 2341 2333 2337
f 2341 2305 2333
f 2343 2344 2339
f 2345 2315 2313
f 2345 2341 2346
f 2345 2313 2341
f 2347 2348 2343
f 2347 2343 2339
f 2349 2350 2347
f 2351 2319 2315
f 2351 2345 2352
f 2351 2315 2345
f 2353 2354 2349
f 2355 2323 2319
f 2355 2327 2323
f 2355 2351 2356
f 2355 2319 2351
f 2357 2358 2353
f 2359 2360 2357
f 2361 2327 2355
f 2361 2355 2362
f 2361 2331 2327
f 2361 2335 2331
f 2363 2364 2359
f 2365 2361 2366
f 2365 2339 2335
f 2365 2335 2361
f 2367 2368 2363
f 2369 2370 2367
f 2371 2339 2365
f 2371 2365 2372
f 2373 2374 2369
f 2375 2353 2349
f 2375 2339 2371
f 2375 2371 2376
f 2375 2347 2339
f 2375 2349 2347
f 2377 2378 2373
f 2379 2380 2377
f 2379 2377 2373
f 2381 2353 2375
f 2381 2375 2382
f 2381 2357 2353
f 2383 2384 2379
f 2385 2359 2357
f 2385 2357 2381
f 2385 2381 2386
f 2387 2388 2383
f 2389 2363 2359
f 2389 2367 2363
f 2389 2359 2385
f 2389 2385 2390
f 2391 2392 2387
f 2393 2394 2391
f 2395 2369 2367
f 2395 2373 2369
f 2395 2389 2396
f 2395 2367 2389
f 2397 2398 2393
f 2399 2395 2400
f 2399 2373 2395
f 2401 2402 2397
f 2403 2379 2373
f 2403 2383 2379
f 2403 2399 2404
f 2403 2373 2399
f 2405 2406 2401
f 2407 2387 2383
f 2407 2383 2403
f 2407 2403 2408
f 2409 2410 2405
f 2411 2407 2412
f 2411 2387 2407
f 2413 2414 2409
f 2415 2393 2391
f 2415 2391 2387
f 2415 2411 2416
f 2415 2387 2411
f 2417 2418 2413
f 2419 2393 2415
f 2419 2415 2420
f 2419 2397 2393
f 2421 2422 2417
f 2423 2397 2419
f 2423 2419 2424
f 2425 2426 2421
f 2427 2405 2401
f 2427 2397 2423
f 2427 2401 2397
f 2427 2423 2428
f 2429 2430 2425
f 2431 2409 2405
f 2431 2413 2409
f 2431 2405 2427
f 2431 2427 2432
f 2433 2434 2429
f 2435 2413 2431
f 2435 2431 2436
f 2437 2438 2433
f 2439 2440 2437
f 2441 2417 2413
f 2441 2413 2435
f 2441 2435 2442
f 2443 2444 2439
f 2445 2421 2417
f 2445 2425 2421
f 2445 2417 2441
f 2445 2441 2446
f 2447 2448 2443
f 2449 2425 2445
f 2449 2445 2450
f 2451 2452 2447
f 2453 2429 2425
f 2453 2425 2449
f 2453 2449 2454
f 2455 2456 2451
f 2457 2458 2455
f 2459 2433 2429
f 2459 2437 2433
f 2459 2439 2437
f 2459 2429 2453
f 2459 2453 2460
f 2461 2462 2457
f 2463 2464 2461
f 2465 2439 2459
f 2465 2443 2439
f 2465 2447 2443
f 2465 2459 2466
f 2467 2468 2463
f 2469 2470 2467
f 2471 2447 2465
f 2471 2465 2472
f 2471 2451 2447
f 2471 2455 2451
f 2473 2474 2469
f 2475 2471 2476
f 2475 2461 2457
f 2475 2455 2471
f 2475 2457 2455
f 2477 2478 2473
f 2479 2475 2480
f 2479 2463 2461
f 2479 2467 2463
f 2479 2469 2467
f 2479 2461 2475
f 2481 2482 2477
f 2483 2479 2484
f 2483 2469 2479
f 2483 2473 2469
f 2485 2486 2481
f 2487 2488 2485
f 2489 2483 2490
f 2489 2477 2473
f 2489 2473 2483
f 2491 2492 2487
f 2493 2489 2494
f 2493 2481 2477
f 2493 2477 2489
f 2495 2496 2491
f 2497 2493 2498
f 2497 2485 2481
f 2497 2481 2493
f 2499 2500 2495
f 2501 2497 2502
f 2501 2487 2485
f 2501 2485 2497
f 2503 2504 2499
f 2505 2501 2506
f 2505 2491 2487
f 2505 2495 2491
f 2505 2487 2501
f 2507 2508 2503
f 2509 2503 2499
f 2509 2495 2505
f 2509 2507 2503
f 2509 2505 2510
f 2509 2499 2495
f 30 2509 2511
f 30 29 2507
f 30 2507 2509
f 2512 30 2511
f 2512 2513 30
f 2514 2512 2511
f 2514 2515 2512
f 2516 2514 2511
f 2516 2517 2514
f 2518 2519 2517
f 2520 2521 2519
f 2522 2523 2524
f 2525 2524 2521
f 2526 2525 2521
f 2527 2528 2522
f 2529 2524 2525
f 2530 2529 2525
f 2531 2532 2527
f 2533 2524 2529
f 2534 2533 2529
f 2535 2536 2531
f 2537 2522 2524
f 2537 2524 2533
f 2538 2537 2533
f 2539 2540 2535
f 2541 2527 2522
f 2541 2531 2527
f 2541 2522 2537
f 2542 2543 2539
f 2544 2541 2537
f 2545 2546 2542
f 2547 2535 2531
f 2547 2531 2541
f 2548 2547 2541
f 2549 2535 2547
f 2549 2539 2535
f 2550 2551 2545
f 2552 2549 2547
f 2553 2554 2550
f 2555 2542 2539
f 2555 2539 2549
f 2556 2555 2549
f 2557 2558 2553
f 2559 2542 2555
f 2559 2545 2542
f 2560 2559 2555
f 2561 2562 2557
f 2563 2550 2545
f 2563 2545 2559
f 2564 2563 2559
f 2565 2550 2563
f 2566 2567 2561
f 2568 2565 2563
f 2569 2550 2565
f 2569 2553 2550
f 2570 2571 2566
f 2572 2569 2565
f 2573 2553 2569
f 2574 2575 2570
f 2576 2573 2569
f 2577 2578 2574
f 2579 2557 2553
f 2579 2553 2573
f 2580 2579 2573
f 2581 2582 2577
f 23 2557 2579
f 2583 2584 2581
f 24 23 2579
f 2585 2561 2557
f 2585 2557 23
f 2586 2587 2583
f 2588 2585 23
f 2589 2566 2561
f 2589 2561 2585
f 2590 2591 2586
f 2592 2589 2585
f 2593 2594 2590
f 2595 2566 2589
f 2596 2595 2589
f 2597 2598 2593
f 2599 2570 2566
f 2599 2566 2595
f 2600 2599 2595
f 2601 2602 2597
f 2603 2574 2570
f 2603 2570 2599
f 2604 2605 2601
f 2606 2603 2599
f 2607 2577 2574
f 2607 2574 2603
f 2608 2609 2604
f 2610 2607 2603
f 2611 2577 2607
f 2611 2581 2577
f 2612 2613 2608
f 2614 2611 2607
f 2615 2616 2612
f 2617 2581 2611
f 2617 2583 2581
f 2617 2586 2583
f 2618 2617 2611
f 2619 2620 2615
f 2621 2586 2617
f 2622 2623 2619
f 2624 2621 2617
f 2625 2586 2621
f 2625 2593 2590
f 2625 2590 2586
f 2626 2625 2621
f 2627 2628 2622
f 2629 2593 2625
f 2629 2597 2593
f 2630 2631 2627
f 2632 2629 2625
f 2633 2634 2630
f 2635 2597 2629
f 2635 2601 2597
f 2636 2635 2629
f 2637 2604 2601
f 2637 2601 2635
f 2638 2637 2635
f 2639 2640 2633
f 2641 2642 2639
f 2643 2608 2604
f 2643 2604 2637
f 2644 2643 2637
f 2645 2646 2641
f 2647 2612 2608
f 2647 2608 2643
f 2648 2649 2645
f 2650 2647 2643
f 2651 2615 2612
f 2651 2612 2647
f 2652 2651 2647
f 2653 2654 2648
f 2655 2622 2619
f 2655 2619 2615
f 2655 2615 2651
f 2656 2657 2653
f 2658 2655 2651
f 2659 2660 2656
f 2661 2662 2659
f 2663 2622 2655
f 2663 2627 2622
f 2664 2665 2661
f 2666 2663 2655
f 2667 2668 2664
f 2669 2670 2667
f 2671 2627 2663
f 2672 2673 2669
f 2674 2671 2663
f 2675 2627 2671
f 2675 2630 2627
f 2676 2675 2671
f 2677 2678 2672
f 2679 2680 2677
f 2681 2630 2675
f 2681 2633 2630
f 2682 2681 2675
f 2683 2633 2681
f 2683 2639 2633
f 2684 2685 2679
f 2686 2683 2681
f 2687 2688 2684
f 2689 2639 2683
f 2690 2689 2683
f 2691 2692 2687
f 2693 2639 2689
f 2693 2641 2639
f 2694 2693 2689
f 2695 2645 2641
f 2695 2641 2693
f 2696 2697 2691
f 2698 2695 2693
f 2699 2700 2696
f 2701 2702 2699
f 2703 2645 2695
f 2703 2648 2645
f 2704 2703 2695
f 2705 2648 2703
f 2706 2707 2701
f 2708 2705 2703
f 2709 2653 2648
f 2709 2648 2705
f 2710 2711 2712
f 2710 2713 2706
f 2714 2709 2705
f 2715 2653 2709
f 2716 2715 2709
f 2717 2656 2653
f 2717 2653 2715
f 2717 2659 2656
f 2718 2717 2715
f 2719 2661 2659
f 2719 2659 2717
f 2720 2719 2717
f 2721 2661 2719
f 2722 2721 2719
f 2723 2664 2661
f 2723 2667 2664
f 2723 2661 2721
f 2724 2723 2721
f 2725 2669 2667
f 2725 2667 2723
f 2726 2725 2723
f 2727 2669 2725
f 2727 2672 2669
f 2728 2672 2727
f 2728 2677 2672
f 2728 2679 2677
f 2729 2727 2725
f 2730 2728 2727
f 2731 2679 2728
f 2732 2731 2728
f 2733 2679 2731
f 2733 2687 2684
f 2733 2684 2679
f 2734 2733 2731
f 2735 2691 2687
f 2735 2687 2733
f 2736 2691 2735
f 2737 2735 2733
f 2738 2736 2735
f 1241 2691 2736
f 1241 2696 2691
f 1241 2699 2696
f 1241 2701 2699
f 1242 1241 2736
f 2739 2710 2706
f 2739 2706 2701
f 2739 2711 2710
f 2739 2701 1241
f 2524 2514 2521
f 2521 2514 2519
f 2519 2514 2517
f 2740 2199 2198
f 2740 2741 2199
f 2742 2743 2741
f 2742 2741 2740
f 2743 2744 2745
f 2743 2745 2741
f 2744 2746 2747
f 2744 2747 2745
f 2746 2748 2749
f 2746 2749 2747
f 2748 2750 2751
f 2748 2751 2749
f 2750 2752 2753
f 2750 2753 2751
f 2752 2754 2755
f 2752 2755 2753
f 2754 2756 2757
f 2754 2757 2755
f 2758 2759 2760
f 2758 2760 2757
f 2761 2762 2763
f 2764 2765 2761
f 2766 2767 2764
f 2768 2769 2766
f 2770 2771 2768
f 2770 2768 2766
f 2772 2773 2770
f 2774 2775 2772
f 2776 2777 2774
f 2778 2779 2776
f 2756 2780 2778
f 2756 2761 2763
f 2756 2764 2761
f 2756 2766 2764
f 2756 2772 2770
f 2756 2770 2766
f 2756 2774 2772
f 2756 2776 2774
f 2756 2778 2776
f 2757 2756 2758
f 2758 2756 2763
f 2781 2782 2778
f 2783 2784 2781
f 2785 2786 2783
f 2787 2788 2785
f 2789 2790 2787
f 2791 2792 2789
f 2793 2794 2791
f 2795 2796 2793
f 2797 2798 2795
f 2780 2781 2778
f 2780 2783 2781
f 2780 2785 2783
f 2780 2787 2785
f 2780 2789 2787
f 2780 2791 2789
f 2780 2793 2791
f 2780 2797 2795
f 2780 2795 2793
f 2799 2759 2760
f 2800 2760 2801
f 2802 2803 2799
f 2804 2800 2805
f 2806 2807 2802
f 2808 2760 2800
f 2808 2799 2760
f 2808 2804 2809
f 2808 2800 2804
f 2810 2811 2806
f 2812 2808 2813
f 2812 2799 2808
f 2814 2810 2806
f 2814 2815 2810
f 2816 2812 2817
f 2818 2819 2814
f 2820 2821 2818
f 2822 2812 2816
f 2822 2802 2799
f 2822 2816 2823
f 2822 2799 2812
f 2824 2825 2820
f 2826 2822 2827
f 2826 2802 2822
f 2828 2829 2824
f 2830 2826 2831
f 2832 2833 2828
f 2834 2806 2802
f 2834 2830 2835
f 2834 2826 2830
f 2834 2802 2826
f 2836 2837 2832
f 2838 2834 2839
f 2840 2841 2836
f 2842 2838 2843
f 2842 2814 2806
f 2842 2818 2814
f 2842 2806 2834
f 2842 2834 2838
f 2844 2845 2840
f 2846 2842 2847
f 2846 2818 2842
f 2848 2849 2844
f 2850 2846 2851
f 2852 2853 2848
f 2852 2848 2844
f 2854 2850 2855
f 2854 2820 2818
f 2854 2824 2820
f 2854 2828 2824
f 2854 2818 2846
f 2854 2846 2850
f 2856 2857 2852
f 2858 2854 2859
f 2860 2861 2856
f 2862 2863 2860
f 2864 2854 2858
f 2864 2858 2865
f 2864 2828 2854
f 2864 2832 2828
f 2864 2836 2832
f 2864 2840 2836
f 2866 2867 2862
f 2868 2840 2864
f 2868 2864 2869
f 2870 2871 2866
f 2872 2868 2873
f 2874 2875 2870
f 2876 2840 2868
f 2876 2868 2872
f 2876 2872 2877
f 2876 2844 2840
f 2878 2879 2874
f 2880 2852 2844
f 2880 2876 2881
f 2880 2844 2876
f 2882 2883 2878
f 2884 2880 2885
f 2886 2887 2882
f 2888 2856 2852
f 2888 2860 2856
f 2888 2884 2889
f 2888 2880 2884
f 2888 2852 2880
f 2890 2891 2886
f 2892 2862 2860
f 2892 2888 2893
f 2892 2860 2888
f 2894 2895 2890
f 2894 2890 2886
f 2896 2897 2894
f 2898 2866 2862
f 2898 2892 2899
f 2898 2862 2892
f 2900 2901 2896
f 2902 2870 2866
f 2902 2874 2870
f 2902 2898 2903
f 2902 2866 2898
f 2904 2905 2900
f 2906 2907 2904
f 2908 2874 2902
f 2908 2902 2909
f 2908 2878 2874
f 2908 2882 2878
f 2910 2911 2906
f 2912 2908 2913
f 2912 2886 2882
f 2912 2882 2908
f 2914 2915 2910
f 2916 2917 2914
f 2918 2886 2912
f 2918 2912 2919
f 2920 2921 2916
f 2922 2900 2896
f 2922 2886 2918
f 2922 2918 2923
f 2922 2894 2886
f 2922 2896 2894
f 2924 2925 2920
f 2926 2927 2924
f 2926 2924 2920
f 2928 2900 2922
f 2928 2922 2929
f 2928 2904 2900
f 2930 2931 2926
f 2932 2906 2904
f 2932 2904 2928
f 2932 2928 2933
f 2934 2935 2930
f 2936 2910 2906
f 2936 2914 2910
f 2936 2906 2932
f 2936 2932 2937
f 2938 2939 2934
f 2940 2941 2938
f 2942 2916 2914
f 2942 2920 2916
f 2942 2936 2943
f 2942 2914 2936
f 2944 2945 2940
f 2946 2942 2947
f 2946 2920 2942
f 2948 2949 2944
f 2950 2926 2920
f 2950 2930 2926
f 2950 2946 2951
f 2950 2920 2946
f 2952 2953 2948
f 2954 2934 2930
f 2954 2930 2950
f 2954 2950 2955
f 2956 2957 2952
f 2958 2954 2959
f 2958 2934 2954
f 2960 2961 2956
f 2962 2940 2938
f 2962 2938 2934
f 2962 2958 2963
f 2962 2934 2958
f 2964 2965 2960
f 2966 2940 2962
f 2966 2962 2967
f 2966 2944 2940
f 2968 2969 2964
f 2970 2944 2966
f 2970 2966 2971
f 2972 2973 2968
f 2974 2952 2948
f 2974 2944 2970
f 2974 2970 2975
f 2974 2948 2944
f 2976 2977 2972
f 2978 2956 2952
f 2978 2960 2956
f 2978 2952 2974
f 2978 2974 2979
f 2980 2981 2976
f 2982 2960 2978
f 2982 2978 2983
f 2984 2985 2980
f 2986 2987 2984
f 2988 2964 2960
f 2988 2960 2982
f 2988 2982 2989
f 2990 2991 2986
f 2992 2968 2964
f 2992 2972 2968
f 2992 2964 2988
f 2992 2988 2993
f 2994 2995 2990
f 2996 2972 2992
f 2996 2992 2997
f 2998 2999 2994
f 3000 2976 2972
f 3000 2972 2996
f 3000 2996 3001
f 3002 3003 2998
f 3004 3005 3002
f 3006 2980 2976
f 3006 2984 2980
f 3006 2986 2984
f 3006 2976 3000
f 3006 3000 3007
f 3008 3009 3004
f 3010 3011 3008
f 3012 2986 3006
f 3012 2990 2986
f 3012 2994 2990
f 3012 3006 3013
f 3014 3015 3010
f 3016 3017 3014
f 3018 2994 3012
f 3018 2998 2994
f 3018 3002 2998
f 3018 3012 3019
f 3020 3021 3016
f 3022 3018 3023
f 3022 3008 3004
f 3022 3002 3018
f 3022 3004 3002
f 3024 3025 3020
f 3026 3022 3027
f 3026 3008 3022
f 3026 3010 3008
f 3026 3016 3014
f 3026 3014 3010
f 3028 3029 3024
f 3030 3026 3031
f 3030 3016 3026
f 3030 3020 3016
f 3032 3033 3028
f 3034 3035 3032
f 3036 3030 3037
f 3036 3024 3020
f 3036 3020 3030
f 3038 3039 3034
f 3040 3036 3041
f 3040 3024 3036
f 3040 3028 3024
f 3042 3043 3038
f 3044 3040 3045
f 3044 3032 3028
f 3044 3028 3040
f 3046 3047 3042
f 3048 3044 3049
f 3048 3034 3032
f 3048 3032 3044
f 3050 3051 3046
f 3052 3048 3053
f 3052 3038 3034
f 3052 3042 3038
f 3052 3034 3048
f 3054 3055 3050
f 3056 3050 3046
f 3056 3042 3052
f 3056 3054 3050
f 3056 3052 3057
f 3056 3046 3042
f 3058 3056 3059
f 3058 3060 3054
f 3058 3054 3056
f 3061 3058 3059
f 3061 3062 3058
f 3063 3061 3059
f 3063 3064 3061
f 3065 3063 3059
f 3065 3066 3063
f 3067 3068 3066
f 3069 3070 3068
f 3071 3072 3073
f 3074 3073 3070
f 3075 3074 3070
f 3076 3077 3071
f 3078 3073 3074
f 3079 3078 3074
f 3080 3081 3076
f 3082 3073 3078
f 3083 3082 3078
f 3084 3085 3080
f 3086 3071 3073
f 3086 3073 3082
f 3087 3086 3082
f 3088 3089 3084
f 3090 3076 3071
f 3090 3080 3076
f 3090 3071 3086
f 3091 3090 3086
f 3092 3093 3088
f 3094 3080 3090
f 3094 3084 3080
f 3095 3096 3092
f 3097 3094 3090
f 3098 3088 3084
f 3098 3084 3094
f 3099 3100 3095
f 3101 3098 3094
f 3102 3103 3099
f 3104 3092 3088
f 3104 3088 3098
f 3105 3104 3098
f 3106 3107 3102
f 3108 3095 3092
f 3108 3092 3104
f 3109 3108 3104
f 3110 3111 3106
f 3112 3099 3095
f 3112 3095 3108
f 3113 3112 3108
f 3114 3099 3112
f 3115 3116 3110
f 3117 3114 3112
f 3118 3099 3114
f 3118 3102 3099
f 3119 3120 3115
f 3121 3118 3114
f 3122 3102 3118
f 3123 3124 3119
f 3125 3122 3118
f 3126 3127 3123
f 3128 3106 3102
f 3128 3102 3122
f 3129 3128 3122
f 3130 3131 3126
f 3132 3106 3128
f 3133 3134 3130
f 3135 3132 3128
f 3136 3110 3106
f 3136 3106 3132
f 3137 3138 3133
f 3139 3136 3132
f 3140 3115 3110
f 3140 3110 3136
f 3141 3142 3137
f 3143 3140 3136
f 3144 3145 3141
f 3146 3115 3140
f 3147 3146 3140
f 3148 3149 3144
f 3150 3119 3115
f 3150 3115 3146
f 3151 3150 3146
f 3152 3153 3148
f 3154 3123 3119
f 3154 3119 3150
f 3155 3156 3152
f 3157 3154 3150
f 3158 3159 3155
f 3160 3123 3154
f 3160 3126 3123
f 3161 3160 3154
f 3162 3130 3126
f 3162 3126 3160
f 3163 3164 3158
f 3165 3162 3160
f 3166 3167 3163
f 3168 3130 3162
f 3168 3133 3130
f 3168 3137 3133
f 3169 3168 3162
f 3170 3171 3166
f 3172 3137 3168
f 3173 3174 3170
f 3175 3172 3168
f 3176 3137 3172
f 3176 3144 3141
f 3176 3141 3137
f 3177 3176 3172
f 3178 3179 3173
f 3180 3144 3176
f 3180 3148 3144
f 3181 3182 3178
f 3183 3180 3176
f 3184 3185 3181
f 3186 3148 3180
f 3186 3152 3148
f 3187 3186 3180
f 3188 3155 3152
f 3188 3152 3186
f 3189 3188 3186
f 3190 3191 3184
f 3192 3193 3190
f 3194 3158 3155
f 3194 3155 3188
f 3195 3194 3188
f 3196 3197 3192
f 3198 3163 3158
f 3198 3158 3194
f 3199 3200 3196
f 3201 3198 3194
f 3202 3166 3163
f 3202 3163 3198
f 3203 3202 3198
f 3204 3205 3199
f 3206 3166 3202
f 3206 3170 3166
f 3206 3173 3170
f 3207 3208 3204
f 3209 3206 3202
f 3210 3211 3207
f 3212 3213 3210
f 3214 3178 3173
f 3214 3173 3206
f 3215 3216 3212
f 3217 3214 3206
f 3218 3219 3215
f 3220 3221 3218
f 3222 3178 3214
f 3223 3224 3220
f 3225 3222 3214
f 3226 3178 3222
f 3226 3181 3178
f 3227 3226 3222
f 3228 3229 3223
f 3230 3231 3228
f 3232 3181 3226
f 3232 3184 3181
f 3233 3232 3226
f 3234 3184 3232
f 3234 3190 3184
f 3235 3236 3230
f 3237 3234 3232
f 3238 3239 3235
f 3240 3190 3234
f 3241 3240 3234
f 3242 3243 3238
f 3244 3190 3240
f 3244 3192 3190
f 3245 3244 3240
f 3246 3192 3244
f 3246 3196 3192
f 3247 3248 3242
f 3249 3250 3247
f 3251 3246 3244
f 3252 3196 3246
f 3252 3199 3196
f 3253 3254 3249
f 3255 3252 3246
f 3256 3199 3252
f 3257 3258 3253
f 3259 3256 3252
f 3260 3199 3256
f 3260 3204 3199
f 3261 3262 3257
f 3263 3264 3261
f 3265 3260 3256
f 3266 3204 3260
f 3267 3207 3204
f 3267 3204 3266
f 3267 3210 3207
f 3268 3266 3260
f 3269 3267 3266
f 3270 3212 3210
f 3270 3210 3267
f 3271 3270 3267
f 3272 3212 3270
f 3273 3272 3270
f 3274 3212 3272
f 3274 3218 3215
f 3274 3215 3212
f 3275 3274 3272
f 3276 3218 3274
f 3276 3220 3218
f 3277 3276 3274
f 3278 3223 3220
f 3278 3220 3276
f 3279 3278 3276
f 3280 3223 3278
f 3280 3228 3223
f 3280 3230 3228
f 3281 3280 3278
f 3282 3230 3280
f 3283 3282 3280
f 3284 3230 3282
f 3284 3235 3230
f 3284 3238 3235
f 3285 3284 3282
f 3286 3242 3238
f 3286 3238 3284
f 3287 3242 3286
f 3288 3286 3284
f 3289 3287 3286
f 3290 3253 3249
f 3290 3242 3287
f 3290 3247 3242
f 3290 3249 3247
f 3291 3290 3287
f 3292 3257 3253
f 3292 3263 3261
f 3292 3253 3290
f 3292 3261 3257
f 3073 3063 3070
f 3070 3063 3068
f 3068 3063 3066
f 3293 2743 2742
f 3293 3294 2743
f 3295 3296 3294
f 3295 3294 3293
f 3296 3297 3298
f 3296 3298 3294
f 3297 3299 3300
f 3297 3300 3298
f 3301 3302 3300
f 3301 3303 3302
f 3304 1937 1936
f 3299 3304 1936
f 3304 3302 1937
f 1937 3302 3303
f 3300 3299 3301
f 3301 3299 1936
f 3304 3305 3306
f 3304 3306 3302
f 3307 3308 3306
f 3307 3309 3308
f 3310 1930 1931
f 3305 3310 1931
f 3310 3308 3309
f 3310 3309 1930
f 3306 3305 1931
f 3306 1931 3307
f 3310 3311 3312
f 3310 3312 3308
f 3313 3314 3312
f 3313 3315 3314
f 3316 1924 1925
f 3311 3316 1925
f 3316 3314 3315
f 3316 3315 1924
f 3312 3311 1925
f 3312 1925 3313
f 3316 3317 3318
f 3316 3318 3314
f 3319 3320 3321
f 3322 3323 3319
f 3324 3325 3322
f 3326 3327 3324
f 3328 3329 3326
f 3330 3331 3328
f 3332 3333 3330
f 3318 3319 3321
f 3318 3322 3319
f 3318 3326 3324
f 3318 3324 3322
f 3318 3328 3326
f 3318 3330 3328
f 3334 3335 3332
f 3334 3332 3330
f 3334 3330 3318
f 3336 3337 3334
f 3336 3334 3318
f 3338 3339 3336
f 3338 3336 3318
f 3340 3341 3338
f 3340 3338 3318
f 3342 3343 3340
f 3342 3340 3318
f 3344 3345 3342
f 3344 3342 3318
f 3346 3347 3344
f 3346 3344 3318
f 3348 3349 3346
f 3350 3351 3348
f 3352 3353 3350
f 3354 3350 3348
f 3354 3352 3350
f 3354 3348 3346
f 3354 3355 3352
f 3354 3346 3318
f 3356 3357 3354
f 3358 3359 3356
f 3360 3356 3354
f 3360 3358 3356
f 3360 3361 3358
f 3362 3360 3354
f 3362 3363 3360
f 3364 3365 3362
f 3366 3362 3354
f 3366 3364 3362
f 3366 3367 3364
f 3366 3354 3318
f 3368 3366 3318
f 3368 3369 3366
f 3370 3371 3368
f 3372 3373 3370
f 3374 3368 3318
f 3374 3372 3370
f 3374 3370 3368
f 3374 3375 3372
f 3376 3377 3374
f 3378 3379 3376
f 3380 3381 3378
f 3382 3374 3318
f 3382 3376 3374
f 3382 3378 3376
f 3382 3380 3378
f 3382 3383 3380
f 3384 3385 3382
f 3386 3387 3384
f 3388 3382 3318
f 3388 3389 3386
f 3388 3384 3382
f 3388 3386 3384
f 3390 3391 3388
f 3392 3393 3390
f 3394 3395 3392
f 3396 3397 3394
f 3396 3390 3388
f 3396 3392 3390
f 3396 3394 3392
f 3398 3399 3396
f 3400 3401 3398
f 3402 3403 3400
f 3404 3402 3400
f 3404 3405 3402
f 3406 3407 3404
f 3408 3400 3398
f 3408 3404 3400
f 3408 3406 3404
f 3408 3409 3406
f 3408 3398 3396
f 3410 3408 3396
f 3410 3411 3408
f 3412 3410 3396
f 3412 3413 3410
f 3414 3412 3396
f 3414 3415 3412
f 3414 3388 3318
f 3414 3396 3388
f 3416 3417 3414
f 3418 3419 3416
f 3420 3421 3418
f 3420 3418 3416
f 3422 3423 3420
f 3424 3425 3422
f 3426 3427 3424
f 3426 3424 3422
f 3428 3429 3426
f 3430 3431 3428
f 3432 3433 3434
f 3432 3434 3430
f 3432 3430 3428
f 3435 3436 3432
f 3437 3438 3435
f 3437 3428 3426
f 3437 3432 3428
f 3437 3435 3432
f 3439 3440 3437
f 3441 3442 3439
f 3443 3444 3441
f 3443 3441 3439
f 3445 3446 3443
f 3447 3448 3445
f 3449 3447 3445
f 3449 3450 3447
f 3451 3452 3449
f 3453 3454 3451
f 3455 3456 3453
f 3457 3458 3455
f 3459 3457 3455
f 3459 3460 3457
f 3461 3462 3459
f 3463 3461 3459
f 3463 3459 3455
f 3463 3464 3461
f 3465 3455 3453
f 3465 3453 3451
f 3465 3463 3455
f 3465 3466 3463
f 3467 3468 3465
f 3469 3467 3465
f 3469 3470 3467
f 3471 3469 3465
f 3471 3472 3469
f 3473 3465 3451
f 3473 3471 3465
f 3473 3474 3471
f 3473 3451 3449
f 3475 3476 3473
f 3477 3475 3473
f 3477 3478 3475
f 3479 3477 3473
f 3479 3480 3477
f 3481 3479 3473
f 3481 3482 3479
f 3483 3484 3481
f 3485 3483 3481
f 3485 3486 3483
f 3487 3488 3485
f 3487 3485 3481
f 3489 3490 3487
f 3491 3492 3489
f 3491 3489 3487
f 3493 3494 3491
f 3493 3491 3487
f 3495 3496 3493
f 3497 3498 3495
f 3499 3500 3497
f 3499 3497 3495
f 3501 3502 3499
f 3501 3499 3495
f 3503 3504 3501
f 3505 3506 3503
f 3507 3508 3505
f 3509 3507 3505
f 3509 3510 3507
f 3511 3505 3503
f 3511 3509 3505
f 3511 3512 3509
f 3513 3511 3503
f 3513 3514 3511
f 3515 3516 3513
f 3517 3518 3515
f 3519 3520 3517
f 3521 3522 3519
f 3523 3524 3521
f 3525 3526 3523
f 3527 3528 3525
f 3529 3530 3527
f 3529 3527 3525
f 3531 3532 3529
f 3533 3534 3531
f 3535 3536 3533
f 3537 3538 3535
f 3539 3540 3537
f 3541 3542 3539
f 3543 3544 3541
f 3545 3546 3543
f 3317 3503 3501
f 3317 3515 3513
f 3317 3513 3503
f 3317 3519 3517
f 3317 3517 3515
f 3317 3521 3519
f 3317 3523 3521
f 3317 3473 3449
f 3317 3525 3523
f 3317 3529 3525
f 3317 3481 3473
f 3317 3531 3529
f 3317 3533 3531
f 3317 3535 3533
f 3317 3537 3535
f 3317 3487 3481
f 3317 3539 3537
f 3317 3541 3539
f 3317 3543 3541
f 3317 3493 3487
f 3317 3545 3543
f 3317 3495 3493
f 3317 3449 3445
f 3317 3501 3495
f 3318 3317 3414
f 3414 3317 3416
f 3416 3317 3420
f 3420 3317 3422
f 3422 3317 3426
f 3426 3317 3437
f 3437 3317 3439
f 3439 3317 3443
f 3443 3317 3445
f 3547 1943 3548
f 3549 1943 3547
f 3550 3548 1943
f 1941 3550 1943
f 3551 1943 3549
f 3552 3550 1941
f 3553 3547 3552
f 3553 3549 3547
f 3553 3552 1941
f 3554 3553 1941
f 3555 3551 3554
f 3555 3556 3551
f 3555 3554 1941
f 3557 3555 1941
f 3558 3559 3557
f 3558 3560 3559
f 3558 3557 1941
f 3561 3562 3563
f 3564 3562 3561
f 3565 3566 3567
f 3568 3566 3565
f 3569 3570 3571
f 3572 3570 3569
f 3573 3574 3575
f 3576 3574 3573
f 3577 3578 3579
f 3577 3580 3578
f 3581 3582 3583
f 3581 3584 3582
f 3585 3586 3587
f 3585 3588 3586
f 2200 3588 3589
f 2200 3586 3588
f 2200 3589 3590
f 3591 2200 3590
f 3592 3589 3593
f 3592 3590 3589
f 3594 2200 3591
f 2197 3583 3577
f 2197 3587 3581
f 2197 3593 3585
f 2197 3594 3592
f 2197 3581 3583
f 2197 3585 3587
f 2197 2200 3594
f 2197 3592 3593
f 1941 2197 3564
f 3564 2197 3565
f 3565 2197 3568
f 3568 2197 3569
f 3569 2197 3572
f 3572 2197 3573
f 3573 2197 3576
f 3576 2197 3579
f 3579 2197 3577
f 1941 3564 3561
f 1941 3561 3558
f 2200 1943 3551
f 2200 3551 3556
f 2200 3556 3559
f 2200 3559 3560
f 2200 3560 3563
f 2200 3563 3562
f 2200 3562 3567
f 2200 3567 3566
f 2200 3566 3571
f 2200 3571 3570
f 2200 3570 3575
f 2200 3575 3574
f 2200 3574 3578
f 2200 3578 3580
f 2200 3580 3582
f 2200 3582 3584
f 2200 3584 3586
f 3595 3596 3570
f 3595 3570 3572
f 3597 3598 3573
f 3597 3573 3575
f 3599 3600 3574
f 3599 3574 3576
f 3601 3602 3579
f 3601 3579 3578
f 3603 3604 3580
f 3603 3580 3577
f 3605 3606 3583
f 3605 3583 3582
f 3607 3608 3584
f 3607 3584 3581
f 3609 3610 3587
f 3609 3587 3586
f 3611 3612 3588
f 3611 3588 3585
f 3613 3614 3593
f 3613 3593 3589
f 3615 3616 3590
f 3615 3590 3592
f 3617 3618 3594
f 3617 3594 3591
f 3619 3620 3556
f 3619 3556 3555
f 3621 3622 3557
f 3621 3557 3559
f 3623 3624 3548
f 3623 3548 3550
f 3625 3626 3552
f 3625 3552 3547
f 3627 3628 3549
f 3627 3549 3553
f 3629 3630 3554
f 3629 3554 3551
f 3631 3632 3566
f 3631 3566 3568
f 3633 3634 3569
f 3633 3569 3571
f 3635 3636 3560
f 3635 3560 3558
f 3637 3638 3561
f 3637 3561 3563
f 3639 3640 3562
f 3639 3562 3564
f 3641 3642 3565
f 3641 3565 3567
f 3643 2744 3644
f 3645 3644 2744
f 3646 2744 3643
f 2743 3645 2744
f 3647 3645 2743
f 3648 2744 3646
f 3649 3643 3647
f 3649 3647 2743
f 3649 3646 3643
f 3650 3649 2743
f 3651 3648 3650
f 3651 3650 2743
f 3651 3652 3648
f 3653 3651 2743
f 3654 3655 3653
f 3654 3653 2743
f 3654 3656 3655
f 3657 3658 3659
f 3660 3658 3657
f 3661 3662 3663
f 3664 3662 3661
f 3665 3666 3667
f 3665 3667 3668
f 3669 3670 3671
f 3672 3670 3669
f 3673 3674 3675
f 3676 3674 3673
f 3677 3678 3679
f 3680 3678 3677
f 3681 3682 3683
f 3681 3684 3682
f 3298 3684 3685
f 3298 3682 3684
f 3298 3685 3686
f 3298 3686 3687
f 3688 3685 3689
f 3688 3686 3685
f 3690 3298 3687
f 3294 3683 3680
f 3294 3689 3681
f 3294 3680 3677
f 3294 3677 3676
f 3294 3688 3689
f 3294 3681 3683
f 3294 3690 3688
f 3294 3298 3690
f 2743 3294 3676
f 2743 3676 3673
f 2743 3673 3672
f 2743 3672 3669
f 2743 3669 3665
f 2743 3665 3668
f 2743 3668 3664
f 2743 3664 3661
f 2743 3661 3660
f 2743 3660 3657
f 2743 3657 3654
f 3298 2744 3648
f 3298 3648 3652
f 3298 3652 3655
f 3298 3655 3656
f 3298 3656 3659
f 3298 3659 3658
f 3298 3658 3663
f 3298 3663 3662
f 3298 3662 3667
f 3298 3667 3666
f 3298 3666 3671
f 3298 3671 3670
f 3298 3670 3675
f 3298 3675 3674
f 3298 3674 3679
f 3298 3679 3678
f 3298 3678 3682
f 3691 3692 3678
f 3691 3678 3680
f 3693 3694 3683
f 3693 3683 3682
f 3695 3696 3684
f 3695 3684 3681
f 3697 3698 3689
f 3697 3689 3685
f 3699 3700 3644
f 3699 3644 3645
f 3701 3702 3647
f 3701 3647 3643
f 3703 3704 3646
f 3703 3646 3649
f 3705 3706 3650
f 3705 3650 3648
f 3707 3708 3652
f 3707 3652 3651
f 3709 3710 3653
f 3709 3653 3655
f 3711 3712 3656
f 3711 3656 3654
f 3713 3714 3657
f 3713 3657 3659
f 3715 3716 3658
f 3715 3658 3660
f 3717 3718 3661
f 3717 3661 3663
f 3719 3720 3666
f 3719 3666 3665
f 3721 3722 3669
f 3721 3669 3671
f 3723 3724 3670
f 3723 3670 3672
f 3725 3726 3673
f 3725 3673 3675
f 3727 3728 3674
f 3727 3674 3676
f 3729 3730 3677
f 3729 3677 3679
f 3731 3732 3662
f 3731 3662 3664
f 3733 3734 3668
f 3733 3668 3667
f 3735 3736 3686
f 3735 3686 3688
f 3737 3738 3690
f 3737 3690 3687
f 2741 2201 2199
f 2741 2745 2201
f 3626 3624 3623
f 3626 3625 3624
f 3630 3628 3627
f 3630 3629 3628
f 3622 3620 3619
f 3622 3621 3620
f 3638 3636 3635
f 3638 3637 3636
f 3642 3640 3639
f 3642 3641 3640
f 3634 3632 3631
f 3634 3633 3632
f 3598 3596 3595
f 3598 3597 3596
f 3602 3600 3599
f 3602 3601 3600
f 3606 3604 3603
f 3606 3605 3604
f 3610 3608 3607
f 3610 3609 3608
f 3614 3612 3611
f 3614 3613 3612
f 3618 3616 3615
f 3618 3617 3616
f 3702 3700 3699
f 3702 3701 3700
f 3706 3704 3703
f 3706 3705 3704
f 3710 3708 3707
f 3710 3709 3708
f 3714 3712 3711
f 3714 3713 3712
f 3718 3716 3715
f 3718 3717 3716
f 3734 3732 3731
f 3734 3733 3732
f 3722 3720 3719
f 3722 3721 3720
f 3726 3724 3723
f 3726 3725 3724
f 3730 3728 3727
f 3730 3729 3728
f 3694 3692 3691
f 3694 3693 3692
f 3698 3696 3695
f 3698 3697 3696
f 3738 3736 3735
f 3738 3737 3736
f 2200 1945 1943
f 2200 2202 1945
f 3300 2746 2744
f 3298 3300 2744
f 2745 2203 2201
f 2745 2747 2203
f 3739 1947 3740
f 3741 1947 3739
f 3742 3740 1947
f 1945 3742 1947
f 3743 1947 3741
f 3744 3741 3739
f 3744 3742 1945
f 3745 3741 3744
f 3745 3744 1945
f 3746 3745 1945
f 3746 3747 3743
f 3748 3747 3746
f 3748 3746 1945
f 3749 3748 1945
f 3749 3750 3751
f 3752 3750 3749
f 3752 3749 1945
f 3753 3754 3755
f 3756 3754 3753
f 3757 3758 3759
f 3757 3759 3760
f 3761 3762 3763
f 3761 3763 3764
f 3765 3766 3767
f 3765 3768 3766
f 3769 3770 3771
f 3769 3772 3770
f 3773 3774 3775
f 3773 3776 3774
f 3777 3778 3779
f 3777 3780 3778
f 2204 3780 3781
f 2204 3778 3780
f 2204 3781 3782
f 3783 2204 3782
f 3784 3781 3785
f 3784 3782 3781
f 3786 2204 3783
f 2202 3775 3769
f 2202 3779 3773
f 2202 3785 3777
f 2202 3786 3784
f 2202 3773 3775
f 2202 3777 3779
f 2202 2204 3786
f 2202 3784 3785
f 1945 2202 3769
f 1945 3769 3771
f 1945 3771 3765
f 1945 3765 3767
f 1945 3767 3761
f 1945 3761 3764
f 1945 3764 3757
f 1945 3757 3760
f 1945 3760 3756
f 1945 3756 3753
f 1945 3753 3752
f 2204 1947 3743
f 2204 3743 3747
f 2204 3747 3751
f 2204 3751 3750
f 2204 3750 3755
f 2204 3755 3754
f 2204 3754 3759
f 2204 3759 3758
f 2204 3758 3763
f 2204 3763 3762
f 2204 3762 3766
f 2204 3766 3768
f 2204 3768 3770
f 2204 3770 3772
f 2204 3772 3774
f 2204 3774 3776
f 2204 3776 3778
f 3787 3788 3762
f 3787 3762 3761
f 3789 3790 3767
f 3789 3767 3766
f 3791 3792 3768
f 3791 3768 3765
f 3793 3794 3771
f 3793 3771 3770
f 3795 3796 3772
f 3795 3772 3769
f 3797 3798 3775
f 3797 3775 3774
f 3799 3800 3776
f 3799 3776 3773
f 3801 3802 3779
f 3801 3779 3778
f 3803 3804 3780
f 3803 3780 3777
f 3805 3806 3785
f 3805 3785 3781
f 3807 3808 3782
f 3807 3782 3784
f 3809 3810 3786
f 3809 3786 3783
f 3811 3812 3747
f 3811 3747 3748
f 3813 3814 3749
f 3813 3749 3751
f 3815 3816 3741
f 3815 3741 3745
f 3817 3818 3746
f 3817 3746 3743
f 3819 3820 3740
f 3819 3740 3742
f 3821 3822 3744
f 3821 3744 3739
f 3823 3824 3750
f 3823 3750 3752
f 3825 3826 3753
f 3825 3753 3755
f 3827 3828 3754
f 3827 3754 3756
f 3829 3830 3760
f 3829 3760 3759
f 3831 3832 3758
f 3831 3758 3757
f 3833 3834 3764
f 3833 3764 3763
f 3835 2748 3836
f 3837 3836 2748
f 3838 2748 3835
f 2746 3837 2748
f 3839 3837 2746
f 3840 2748 3838
f 3841 3835 3839
f 3841 3839 2746
f 3841 3838 3835
f 3842 3841 2746
f 3843 3840 3842
f 3843 3842 2746
f 3843 3844 3840
f 3845 3843 2746
f 3846 3847 3845
f 3846 3845 2746
f 3846 3848 3847
f 3849 3850 3851
f 3852 3850 3849
f 3853 3854 3855
f 3853 3855 3856
f 3857 3858 3859
f 3860 3858 3857
f 3861 3862 3863
f 3861 3863 3864
f 3865 3866 3867
f 3868 3866 3865
f 3869 3870 3871
f 3872 3870 3869
f 3873 3874 3875
f 3873 3876 3874
f 3302 3876 3877
f 3302 3874 3876
f 3302 3877 3878
f 3302 3878 3879
f 3880 3877 3881
f 3880 3878 3877
f 3882 3302 3879
f 3300 3875 3872
f 3300 3881 3873
f 3300 3869 3868
f 3300 3872 3869
f 3300 3880 3881
f 3300 3873 3875
f 3300 3882 3880
f 3300 3302 3882
f 2746 3300 3868
f 2746 3868 3865
f 2746 3865 3861
f 2746 3861 3864
f 2746 3864 3860
f 2746 3860 3857
f 2746 3857 3853
f 2746 3853 3856
f 2746 3856 3852
f 2746 3852 3849
f 2746 3849 3846
f 3302 2748 3840
f 3302 3840 3844
f 3302 3844 3847
f 3302 3847 3848
f 3302 3848 3851
f 3302 3851 3850
f 3302 3850 3855
f 3302 3855 3854
f 3302 3854 3859
f 3302 3859 3858
f 3302 3858 3863
f 3302 3863 3862
f 3302 3862 3867
f 3302 3867 3866
f 3302 3866 3871
f 3302 3871 3870
f 3302 3870 3874
f 3883 3884 3870
f 3883 3870 3872
f 3885 3886 3875
f 3885 3875 3874
f 3887 3888 3876
f 3887 3876 3873
f 3889 3890 3881
f 3889 3881 3877
f 3891 3892 3836
f 3891 3836 3837
f 3893 3894 3839
f 3893 3839 3835
f 3895 3896 3838
f 3895 3838 3841
f 3897 3898 3842
f 3897 3842 3840
f 3899 3900 3858
f 3899 3858 3860
f 3901 3902 3864
f 3901 3864 3863
f 3903 3904 3862
f 3903 3862 3861
f 3905 3906 3865
f 3905 3865 3867
f 3907 3908 3866
f 3907 3866 3868
f 3909 3910 3869
f 3909 3869 3871
f 3911 3912 3844
f 3911 3844 3843
f 3913 3914 3845
f 3913 3845 3847
f 3915 3916 3848
f 3915 3848 3846
f 3917 3918 3849
f 3917 3849 3851
f 3919 3920 3850
f 3919 3850 3852
f 3921 3922 3856
f 3921 3856 3855
f 3923 3924 3854
f 3923 3854 3853
f 3925 3926 3857
f 3925 3857 3859
f 3927 3928 3878
f 3927 3878 3880
f 3929 3930 3882
f 3929 3882 3879
f 2747 2205 2203
f 2747 2749 2205
f 3931 1951 1950
f 3931 3932 1951
f 3933 3932 3931
f 3933 3934 3932
f 3934 3933 3935
f 3934 3935 3936
f 3822 3820 3819
f 3822 3821 3820
f 3818 3816 3815
f 3818 3817 3816
f 3814 3812 3811
f 3814 3813 3812
f 3826 3824 3823
f 3826 3825 3824
f 3830 3828 3827
f 3830 3829 3828
f 3834 3832 3831
f 3834 3833 3832
f 3790 3788 3787
f 3790 3789 3788
f 3794 3792 3791
f 3794 3793 3792
f 3798 3796 3795
f 3798 3797 3796
f 3802 3800 3799
f 3802 3801 3800
f 3806 3804 3803
f 3806 3805 3804
f 3810 3808 3807
f 3810 3809 3808
f 3894 3892 3891
f 3894 3893 3892
f 3898 3896 3895
f 3898 3897 3896
f 3914 3912 3911
f 3914 3913 3912
f 3918 3916 3915
f 3918 3917 3916
f 3922 3920 3919
f 3922 3921 3920
f 3926 3924 3923
f 3926 3925 3924
f 3902 3900 3899
f 3902 3901 3900
f 3906 3904 3903
f 3906 3905 3904
f 3910 3908 3907
f 3910 3909 3908
f 3886 3884 3883
f 3886 3885 3884
f 3890 3888 3887
f 3890 3889 3888
f 3930 3928 3927
f 3930 3929 3928
f 2204 1953 1947
f 2204 2206 1953
f 3306 2750 2748
f 3302 3306 2748
f 2749 2207 2205
f 2749 2751 2207
f 3937 1955 3938
f 3939 1955 3937
f 3940 3938 1955
f 1953 3940 1955
f 3941 1955 3939
f 3942 3940 1953
f 3943 3937 3942
f 3943 3939 3937
f 3943 3942 1953
f 3944 3943 1953
f 3945 3941 3944
f 3945 3946 3941
f 3945 3944 1953
f 3947 3945 1953
f 3947 3948 3949
f 3950 3948 3947
f 3950 3947 1953
f 3951 3952 3953
f 3951 3954 3952
f 3955 3956 3957
f 3955 3957 3958
f 3959 3960 3961
f 3962 3960 3959
f 3963 3964 3965
f 3963 3966 3964
f 3967 3968 3969
f 3967 3970 3968
f 3971 3972 3973
f 3974 3972 3971
f 3975 3976 3977
f 3975 3978 3976
f 2208 3978 3979
f 2208 3976 3978
f 2208 3979 3980
f 3981 2208 3980
f 3982 3979 3983
f 3982 3980 3979
f 3984 2208 3981
f 2206 3971 3967
f 2206 3977 3974
f 2206 3983 3975
f 2206 3984 3982
f 2206 3974 3971
f 2206 3975 3977
f 2206 2208 3984
f 2206 3982 3983
f 1953 2206 3967
f 1953 3967 3969
f 1953 3969 3963
f 1953 3963 3965
f 1953 3965 3962
f 1953 3962 3959
f 1953 3959 3955
f 1953 3955 3958
f 1953 3958 3951
f 1953 3951 3953
f 1953 3953 3950
f 2208 1955 3941
f 2208 3941 3946
f 2208 3946 3949
f 2208 3949 3948
f 2208 3948 3952
f 2208 3952 3954
f 2208 3954 3957
f 2208 3957 3956
f 2208 3956 3961
f 2208 3961 3960
f 2208 3960 3964
f 2208 3964 3966
f 2208 3966 3968
f 2208 3968 3970
f 2208 3970 3973
f 2208 3973 3972
f 2208 3972 3976
f 3962 3985 3960
f 3986 3985 3962
f 3964 3987 3965
f 3988 3987 3964
f 3963 3989 3966
f 3990 3989 3963
f 3968 3991 3969
f 3992 3991 3968
f 3967 3993 3970
f 3994 3993 3967
f 3973 3995 3971
f 3996 3995 3973
f 3974 3997 3972
f 3998 3997 3974
f 3976 3999 3977
f 4000 3999 3976
f 3975 4001 3978
f 4002 4001 3975
f 3979 4003 3983
f 4004 4003 3979
f 3982 4005 3980
f 4006 4005 3982
f 3981 4007 3984
f 4008 4007 3981
f 3945 4009 3946
f 4010 4009 3945
f 3949 4011 3947
f 4012 4011 3949
f 3943 4013 3939
f 4014 4013 3943
f 3941 4015 3944
f 4016 4015 3941
f 3940 4017 3938
f 4018 4017 3940
f 3937 4019 3942
f 4020 4019 3937
f 3950 4021 3948
f 4022 4021 3950
f 3952 4023 3953
f 4024 4023 3952
f 3951 4025 3954
f 4026 4025 3951
f 3957 4027 3958
f 4028 4027 3957
f 3955 4029 3956
f 4030 4029 3955
f 3961 4031 3959
f 4032 4031 3961
f 4033 2752 4034
f 4035 4034 2752
f 4036 2752 4033
f 2750 4035 2752
f 4037 4035 2750
f 4038 2752 4036
f 4039 4033 4037
f 4039 4037 2750
f 4039 4036 4033
f 4040 4039 2750
f 4041 4038 4040
f 4041 4040 2750
f 4041 4042 4038
f 4043 4041 2750
f 4044 4045 4043
f 4044 4043 2750
f 4044 4046 4045
f 4047 4048 4049
f 4050 4048 4047
f 4051 4052 4053
f 4051 4053 4054
f 4055 4056 4057
f 4055 4057 4058
f 4059 4060 4061
f 4059 4061 4062
f 4063 4064 4065
f 4066 4064 4063
f 4067 4068 4069
f 4070 4068 4067
f 4071 4072 4073
f 4071 4074 4072
f 3308 4074 4075
f 3308 4072 4074
f 3308 4075 4076
f 3308 4076 4077
f 4078 4075 4079
f 4078 4076 4075
f 4080 3308 4077
f 3306 4073 4070
f 3306 4079 4071
f 3306 4070 4067
f 3306 4067 4066
f 3306 4078 4079
f 3306 4071 4073
f 3306 4080 4078
f 3306 3308 4080
f 2750 3306 4066
f 2750 4066 4063
f 2750 4063 4059
f 2750 4059 4062
f 2750 4062 4055
f 2750 4055 4058
f 2750 4058 4051
f 2750 4051 4054
f 2750 4054 4050
f 2750 4050 4047
f 2750 4047 4044
f 3308 2752 4038
f 3308 4038 4042
f 3308 4042 4045
f 3308 4045 4046
f 3308 4046 4049
f 3308 4049 4048
f 3308 4048 4053
f 3308 4053 4052
f 3308 4052 4057
f 3308 4057 4056
f 3308 4056 4061
f 3308 4061 4060
f 3308 4060 4065
f 3308 4065 4064
f 3308 4064 4069
f 3308 4069 4068
f 3308 4068 4072
f 4070 4081 4068
f 4082 4081 4070
f 4072 4083 4073
f 4084 4083 4072
f 4071 4085 4074
f 4086 4085 4071
f 4075 4087 4079
f 4088 4087 4075
f 4035 4089 4034
f 4090 4089 4035
f 4033 4091 4037
f 4092 4091 4033
f 4039 4093 4036
f 4094 4093 4039
f 4038 4095 4040
f 4096 4095 4038
f 4041 4097 4042
f 4098 4097 4041
f 4045 4099 4043
f 4100 4099 4045
f 4044 4101 4046
f 4102 4101 4044
f 4049 4103 4047
f 4104 4103 4049
f 4050 4105 4048
f 4106 4105 4050
f 4053 4107 4054
f 4108 4107 4053
f 4055 4109 4056
f 4110 4109 4055
f 4061 4111 4062
f 4112 4111 4061
f 4059 4113 4060
f 4114 4113 4059
f 4065 4115 4063
f 4116 4115 4065
f 4066 4117 4064
f 4118 4117 4066
f 4069 4119 4067
f 4120 4119 4069
f 4051 4121 4052
f 4122 4121 4051
f 4057 4123 4058
f 4124 4123 4057
f 4078 4125 4076
f 4126 4125 4078
f 4077 4127 4080
f 4128 4127 4077
f 2751 2209 2207
f 2751 2753 2209
f 4129 1959 1958
f 4129 4130 1959
f 4131 4130 4129
f 4131 4132 4130
f 4132 4131 4133
f 4132 4133 4134
f 4019 4017 4018
f 4019 4020 4017
f 4015 4013 4014
f 4015 4016 4013
f 4011 4009 4010
f 4011 4012 4009
f 4023 4021 4022
f 4023 4024 4021
f 4027 4025 4026
f 4027 4028 4025
f 4031 4029 4030
f 4031 4032 4029
f 3987 3985 3986
f 3987 3988 3985
f 3991 3989 3990
f 3991 3992 3989
f 3995 3993 3994
f 3995 3996 3993
f 3999 3997 3998
f 3999 4000 3997
f 4003 4001 4002
f 4003 4004 4001
f 4007 4005 4006
f 4007 4008 4005
f 4091 4089 4090
f 4091 4092 4089
f 4095 4093 4094
f 4095 4096 4093
f 4099 4097 4098
f 4099 4100 4097
f 4103 4101 4102
f 4103 4104 4101
f 4107 4105 4106
f 4107 4108 4105
f 4123 4121 4122
f 4123 4124 4121
f 4111 4109 4110
f 4111 4112 4109
f 4115 4113 4114
f 4115 4116 4113
f 4119 4117 4118
f 4119 4120 4117
f 4083 4081 4082
f 4083 4084 4081
f 4087 4085 4086
f 4087 4088 4085
f 4127 4125 4126
f 4127 4128 4125
f 2210 1961 1955
f 2208 2210 1955
f 3312 2754 2752
f 3308 3312 2752
f 2753 2211 2209
f 2753 2755 2211
f 4135 1963 4136
f 4137 1963 4135
f 4138 4136 1963
f 1961 4138 1963
f 4139 1963 4137
f 4140 4138 1961
f 4141 4135 4140
f 4141 4137 4135
f 4141 4140 1961
f 4142 4141 1961
f 4143 4139 4142
f 4143 4144 4139
f 4143 4142 1961
f 4145 4143 1961
f 4146 4147 4145
f 4146 4148 4147
f 4146 4145 1961
f 4149 4150 4151
f 4149 4152 4150
f 4153 4154 4155
f 4153 4155 4156
f 4157 4158 4159
f 4157 4159 4160
f 4161 4162 4163
f 4164 4162 4161
f 4165 4166 4167
f 4165 4168 4166
f 4169 4170 4171
f 4169 4172 4170
f 4173 4174 4175
f 4173 4176 4174
f 2212 4176 4177
f 2212 4174 4176
f 2212 4177 4178
f 4179 2212 4178
f 4180 4177 4181
f 4180 4178 4177
f 4182 2212 4179
f 2210 4171 4165
f 2210 4175 4169
f 2210 4181 4173
f 2210 4182 4180
f 2210 4169 4171
f 2210 4173 4175
f 2210 2212 4182
f 2210 4180 4181
f 1961 2210 4165
f 1961 4165 4167
f 1961 4167 4164
f 1961 4164 4161
f 1961 4161 4157
f 1961 4157 4160
f 1961 4160 4153
f 1961 4153 4156
f 1961 4156 4149
f 1961 4149 4151
f 1961 4151 4146
f 2212 1963 4139
f 2212 4139 4144
f 2212 4144 4147
f 2212 4147 4148
f 2212 4148 4150
f 2212 4150 4152
f 2212 4152 4155
f 2212 4155 4154
f 2212 4154 4159
f 2212 4159 4158
f 2212 4158 4163
f 2212 4163 4162
f 2212 4162 4166
f 2212 4166 4168
f 2212 4168 4170
f 2212 4170 4172
f 2212 4172 4174
f 4157 4183 4158
f 4184 4183 4157
f 4163 4185 4161
f 4186 4185 4163
f 4164 4187 4162
f 4188 4187 4164
f 4166 4189 4167
f 4190 4189 4166
f 4165 4191 4168
f 4192 4191 4165
f 4170 4193 4171
f 4194 4193 4170
f 4169 4195 4172
f 4196 4195 4169
f 4174 4197 4175
f 4198 4197 4174
f 4173 4199 4176
f 4200 4199 4173
f 4177 4201 4181
f 4202 4201 4177
f 4180 4203 4178
f 4204 4203 4180
f 4179 4205 4182
f 4206 4205 4179
f 4143 4207 4144
f 4208 4207 4143
f 4147 4209 4145
f 4210 4209 4147
f 4141 4211 4137
f 4212 4211 4141
f 4139 4213 4142
f 4214 4213 4139
f 4138 4215 4136
f 4216 4215 4138
f 4135 4217 4140
f 4218 4217 4135
f 4146 4219 4148
f 4220 4219 4146
f 4150 4221 4151
f 4222 4221 4150
f 4149 4223 4152
f 4224 4223 4149
f 4155 4225 4156
f 4226 4225 4155
f 4153 4227 4154
f 4228 4227 4153
f 4159 4229 4160
f 4230 4229 4159
f 4231 2756 4232
f 4233 4232 2756
f 4234 2756 4231
f 2754 4233 2756
f 4235 4233 2754
f 4236 2756 4234
f 4237 4231 4235
f 4237 4235 2754
f 4237 4234 4231
f 4238 4237 2754
f 4239 4236 4238
f 4239 4238 2754
f 4239 4240 4236
f 4241 4239 2754
f 4242 4243 4241
f 4242 4241 2754
f 4242 4244 4243
f 4245 4246 4247
f 4245 4248 4246
f 4249 4250 4251
f 4249 4251 4252
f 4253 4254 4255
f 4253 4255 4256
f 4257 4258 4259
f 4257 4259 4260
f 4261 4262 4263
f 4264 4262 4261
f 4265 4266 4267
f 4265 4267 4268
f 4269 4270 4271
f 4272 4270 4269
f 3314 4270 4273
f 3314 4271 4270
f 3314 4273 4274
f 3314 4274 4275
f 4276 4273 4277
f 4276 4274 4273
f 4278 3314 4275
f 3312 4269 4265
f 3312 4277 4272
f 3312 4265 4268
f 3312 4268 4264
f 3312 4276 4277
f 3312 4272 4269
f 3312 4278 4276
f 3312 3314 4278
f 2754 3312 4264
f 2754 4264 4261
f 2754 4261 4257
f 2754 4257 4260
f 2754 4260 4253
f 2754 4253 4256
f 2754 4256 4249
f 2754 4249 4252
f 2754 4252 4245
f 2754 4245 4247
f 2754 4247 4242
f 3314 2756 4236
f 3314 4236 4240
f 3314 4240 4243
f 3314 4243 4244
f 3314 4244 4246
f 3314 4246 4248
f 3314 4248 4251
f 3314 4251 4250
f 3314 4250 4255
f 3314 4255 4254
f 3314 4254 4259
f 3314 4259 4258
f 3314 4258 4263
f 3314 4263 4262
f 3314 4262 4267
f 3314 4267 4266
f 3314 4266 4271
f 4265 4279 4266
f 4280 4279 4265
f 4271 4281 4269
f 4282 4281 4271
f 4272 4283 4270
f 4284 4283 4272
f 4273 4285 4277
f 4286 4285 4273
f 4233 4287 4232
f 4288 4287 4233
f 4231 4289 4235
f 4290 4289 4231
f 4237 4291 4234
f 4292 4291 4237
f 4236 4293 4238
f 4294 4293 4236
f 4239 4295 4240
f 4296 4295 4239
f 4243 4297 4241
f 4298 4297 4243
f 4242 4299 4244
f 4300 4299 4242
f 4246 4301 4247
f 4302 4301 4246
f 4245 4303 4248
f 4304 4303 4245
f 4251 4305 4252
f 4306 4305 4251
f 4253 4307 4254
f 4308 4307 4253
f 4259 4309 4260
f 4310 4309 4259
f 4257 4311 4258
f 4312 4311 4257
f 4263 4313 4261
f 4314 4313 4263
f 4264 4315 4262
f 4316 4315 4264
f 4267 4317 4268
f 4318 4317 4267
f 4249 4319 4250
f 4320 4319 4249
f 4255 4321 4256
f 4322 4321 4255
f 4276 4323 4274
f 4324 4323 4276
f 4275 4325 4278
f 4326 4325 4275
f 2755 2213 2211
f 2755 2757 2213
f 4327 1967 1966
f 4327 4328 1967
f 4329 4328 4327
f 4329 4330 4328
f 4330 4329 4331
f 4330 4331 4332
f 4217 4215 4216
f 4217 4218 4215
f 4213 4211 4212
f 4213 4214 4211
f 4209 4207 4208
f 4209 4210 4207
f 4221 4219 4220
f 4221 4222 4219
f 4225 4223 4224
f 4225 4226 4223
f 4229 4227 4228
f 4229 4230 4227
f 4185 4183 4184
f 4185 4186 4183
f 4189 4187 4188
f 4189 4190 4187
f 4193 4191 4192
f 4193 4194 4191
f 4197 4195 4196
f 4197 4198 4195
f 4201 4199 4200
f 4201 4202 4199
f 4205 4203 4204
f 4205 4206 4203
f 4289 4287 4288
f 4289 4290 4287
f 4293 4291 4292
f 4293 4294 4291
f 4297 4295 4296
f 4297 4298 4295
f 4301 4299 4300
f 4301 4302 4299
f 4305 4303 4304
f 4305 4306 4303
f 4321 4319 4320
f 4321 4322 4319
f 4309 4307 4308
f 4309 4310 4307
f 4313 4311 4312
f 4313 4314 4311
f 4317 4315 4316
f 4317 4318 4315
f 4281 4279 4280
f 4281 4282 4279
f 4285 4283 4284
f 4285 4286 4283
f 4325 4323 4324
f 4325 4326 4323
f 2234 1969 1963
f 2212 2234 1963
f 3318 2780 2756
f 3314 3318 2756
f 2757 2214 2213
f 2757 2760 2214
f 4333 2799 2759
f 4334 2759 2758
f 4334 4333 2759
f 4335 4336 4337
f 4338 4339 4335
f 4340 4341 4338
f 4342 4343 4340
f 4344 4345 4342
f 4346 4347 4344
f 4348 4349 4346
f 4350 4351 4348
f 4352 4353 4350
f 4354 4355 4352
f 4356 4357 4354
f 4358 4359 4356
f 4360 4361 4358
f 4362 4363 4360
f 4364 4365 4366
f 4367 4368 4362
f 4369 4365 4364
f 4370 4366 4365
f 4371 4372 4367
f 4373 4370 4365
f 4374 4375 4371
f 4376 4337 4366
f 4376 4366 4370
f 4377 4337 4376
f 4378 4376 4370
f 4379 4380 4374
f 4381 4377 4376
f 4382 4337 4377
f 4382 4335 4337
f 4383 4382 4377
f 4384 4335 4382
f 4385 4384 4382
f 4386 4335 4384
f 4386 4338 4335
f 4386 4340 4338
f 4387 4386 4384
f 4388 4340 4386
f 4389 4344 4342
f 4389 4342 4340
f 4389 4340 4388
f 4390 4388 4386
f 4391 4389 4388
f 4392 4344 4389
f 4393 4346 4344
f 4393 4344 4392
f 4394 4392 4389
f 4395 4393 4392
f 4396 4348 4346
f 4396 4350 4348
f 4396 4346 4393
f 4397 4396 4393
f 4398 4350 4396
f 4399 4352 4350
f 4399 4350 4398
f 4400 4398 4396
f 4401 4399 4398
f 4402 4352 4399
f 4402 4354 4352
f 4402 4356 4354
f 4403 4402 4399
f 4404 4356 4402
f 4405 4404 4402
f 4406 4356 4404
f 4406 4360 4358
f 4406 4358 4356
f 4407 4406 4404
f 4408 4360 4406
f 4409 4360 4408
f 4409 4362 4360
f 4409 4367 4362
f 4409 4371 4367
f 4410 4408 4406
f 4411 4371 4409
f 4411 4379 4374
f 4411 4374 4371
f 4412 4409 4408
f 4413 4374 4380
f 4413 4414 4374
f 4415 4416 4417
f 4418 4419 4415
f 4420 4421 4418
f 4422 4423 4420
f 4424 4425 4422
f 4426 4427 4424
f 4428 4429 4426
f 4430 4431 4428
f 4432 4433 4430
f 4434 4435 4432
f 4436 4437 4434
f 4438 4439 4436
f 4440 4441 4438
f 4442 4443 4440
f 4444 4445 4442
f 4446 4447 4444
f 4448 4333 4334
f 4449 4448 4334
f 4450 4451 4446
f 4452 4333 4448
f 4452 4417 4333
f 4453 4452 4448
f 4454 4417 4452
f 4455 4456 4450
f 4457 4458 4455
f 4459 4454 4452
f 4460 4417 4454
f 4461 4460 4454
f 4462 4463 4457
f 4464 4415 4417
f 4464 4418 4415
f 4464 4417 4460
f 4465 4466 4462
f 4467 4464 4460
f 4468 4469 4465
f 4470 4418 4464
f 4471 4420 4418
f 4471 4418 4470
f 4472 4470 4464
f 4473 4471 4470
f 4474 4422 4420
f 4474 4420 4471
f 4475 4476 4468
f 4477 4474 4471
f 4478 4424 4422
f 4478 4422 4474
f 4479 4480 4475
f 4481 4478 4474
f 4482 4483 4479
f 4484 4426 4424
f 4484 4428 4426
f 4484 4424 4478
f 4485 4486 4482
f 4487 4484 4478
f 4488 4428 4484
f 4488 4430 4428
f 4489 4490 4485
f 4491 4488 4484
f 4492 4430 4488
f 4493 4430 4492
f 4493 4432 4430
f 4494 4492 4488
f 4495 4496 4489
f 4497 4493 4492
f 4498 4434 4432
f 4498 4432 4493
f 4499 4500 4495
f 4501 4498 4493
f 4502 4503 4499
f 4504 4438 4436
f 4504 4436 4434
f 4504 4434 4498
f 4505 4506 4502
f 4507 4504 4498
f 4508 4440 4438
f 4508 4438 4504
f 4509 4510 4505
f 4511 4508 4504
f 4512 4440 4508
f 4513 4512 4508
f 4514 4515 4509
f 4516 4442 4440
f 4516 4444 4442
f 4516 4440 4512
f 4517 4518 4514
f 4519 4444 4516
f 4520 4516 4512
f 4521 4444 4519
f 4521 4446 4444
f 4522 4519 4516
f 4523 4524 4517
f 4525 4521 4519
f 4526 4450 4446
f 4526 4446 4521
f 4527 4528 4523
f 4529 4526 4521
f 4530 4450 4526
f 4530 4455 4450
f 4531 4530 4526
f 4532 4455 4530
f 4532 4457 4455
f 4533 4534 4527
f 4535 4457 4532
f 4535 4462 4457
f 4536 4532 4530
f 4537 4535 4532
f 4538 4462 4535
f 4538 4468 4465
f 4538 4465 4462
f 4539 4538 4535
f 4540 4541 4533
f 4542 4475 4468
f 4542 4468 4538
f 4543 4542 4538
f 4544 4545 4540
f 4546 4475 4542
f 4547 4546 4542
f 4548 4479 4475
f 4548 4475 4546
f 4549 4548 4546
f 4550 4479 4548
f 4550 4482 4479
f 4551 4550 4548
f 4552 4553 4544
f 4554 4482 4550
f 4554 4485 4482
f 4554 4489 4485
f 4555 4554 4550
f 4556 4489 4554
f 4557 4558 4552
f 4559 4556 4554
f 4560 4495 4489
f 4560 4489 4556
f 4561 4560 4556
f 4562 4499 4495
f 4562 4495 4560
f 4563 4562 4560
f 4564 4499 4562
f 4564 4502 4499
f 4564 4505 4502
f 4565 4566 4557
f 4567 4564 4562
f 4568 4509 4505
f 4568 4505 4564
f 4569 4568 4564
f 4570 4571 4565
f 4572 4509 4568
f 4572 4514 4509
f 4573 4572 4568
f 4574 4514 4572
f 4575 4576 4570
f 4577 4574 4572
f 4578 4523 4517
f 4578 4517 4514
f 4578 4514 4574
f 4579 4578 4574
f 4580 4527 4523
f 4580 4523 4578
f 4581 4580 4578
f 4582 4583 4575
f 4584 4527 4580
f 4584 4533 4527
f 4585 4584 4580
f 4586 4587 4582
f 4588 4533 4584
f 4588 4540 4533
f 4589 4588 4584
f 4590 4591 4586
f 4592 4540 4588
f 4592 4544 4540
f 4592 4552 4544
f 4593 4592 4588
f 4594 4595 4590
f 4596 4552 4592
f 4597 4596 4592
f 4598 4599 4594
f 4600 4552 4596
f 4600 4557 4552
f 4601 4600 4596
f 4602 4603 4598
f 4604 4557 4600
f 4604 4565 4557
f 4605 4604 4600
f 4606 4607 4602
f 4608 4575 4570
f 4608 4565 4604
f 4608 4570 4565
f 4609 4608 4604
f 4610 4611 4606
f 4612 4575 4608
f 4613 4612 4608
f 4614 4615 4610
f 4616 4582 4575
f 4616 4575 4612
f 4617 4618 4614
f 4619 4616 4612
f 4620 4586 4582
f 4620 4582 4616
f 4621 4620 4616
f 4622 4623 4617
f 4624 4586 4620
f 4624 4590 4586
f 4625 4624 4620
f 4626 4627 4622
f 4628 4594 4590
f 4628 4590 4624
f 4629 4630 4626
f 4631 4628 4624
f 4632 4598 4594
f 4632 4594 4628
f 4633 4632 4628
f 4634 4635 4629
f 4636 4598 4632
f 4636 4602 4598
f 4636 4606 4602
f 4637 4636 4632
f 4638 4639 4634
f 4640 4606 4636
f 4641 4640 4636
f 4642 4606 4640
f 4642 4610 4606
f 4643 4644 4638
f 4645 4642 4640
f 4646 4610 4642
f 4646 4614 4610
f 4647 4646 4642
f 4648 4617 4614
f 4648 4622 4617
f 4648 4614 4646
f 4649 4650 4643
f 4651 4648 4646
f 4652 4622 4648
f 4653 4652 4648
f 4654 4626 4622
f 4654 4622 4652
f 4655 4654 4652
f 4656 4657 4649
f 4658 4629 4626
f 4658 4626 4654
f 4659 4658 4654
f 4660 4634 4629
f 4660 4629 4658
f 4661 4660 4658
f 4662 4638 4634
f 4662 4634 4660
f 4663 4662 4660
f 4664 4665 4656
f 4666 4643 4638
f 4666 4638 4662
f 4666 4649 4643
f 4667 4666 4662
f 4668 4669 4664
f 4670 4649 4666
f 4670 4656 4649
f 4671 4670 4666
f 4672 4673 4668
f 4674 4656 4670
f 4674 4664 4656
f 4675 4674 4670
f 4676 4677 4672
f 4678 4668 4664
f 4678 4664 4674
f 4679 4678 4674
f 4680 4681 4676
f 4682 4672 4668
f 4682 4668 4678
f 4683 4682 4678
f 4684 4685 4680
f 4686 4672 4682
f 4686 4676 4672
f 4687 4686 4682
f 4688 4689 4684
f 4690 4676 4686
f 4690 4680 4676
f 4691 4690 4686
f 4692 4693 4688
f 4694 4684 4680
f 4694 4680 4690
f 4695 4694 4690
f 4696 4697 4692
f 4698 4684 4694
f 4698 4688 4684
f 4699 4698 4694
f 4700 4701 4696
f 4702 4692 4688
f 4702 4688 4698
f 4703 4702 4698
f 4704 4696 4692
f 4704 4692 4702
f 4705 4704 4702
f 4706 4700 4696
f 4706 4696 4704
f 4707 4706 4704
f 4708 4709 4700
f 4708 4700 4706
f 4710 4708 4706
f 4711 4712 4713
f 4714 4713 4715
f 4714 4715 4709
f 4714 4709 4708
f 4716 4717 4711
f 4718 4714 4719
f 4718 4713 4714
f 4718 4711 4713
f 4720 4721 4716
f 4722 4711 4718
f 4722 4718 4723
f 4722 4716 4711
f 4724 4725 4720
f 4726 4720 4716
f 4726 4716 4722
f 4726 4722 4727
f 4728 4729 4724
f 4730 4720 4726
f 4730 4726 4731
f 4730 4724 4720
f 4732 4733 4728
f 4734 4728 4724
f 4734 4724 4730
f 4734 4730 4735
f 4736 4737 4732
f 4738 4732 4728
f 4738 4728 4734
f 4738 4734 4739
f 4740 4741 4736
f 4742 4736 4732
f 4742 4732 4738
f 4742 4738 4743
f 4744 4745 4740
f 4746 4740 4736
f 4746 4736 4742
f 4746 4742 4747
f 4748 4749 4744
f 4750 4740 4746
f 4750 4744 4740
f 4750 4746 4751
f 4752 4753 4748
f 4754 4744 4750
f 4754 4748 4744
f 4754 4750 4755
f 4756 4757 4752
f 4758 4754 4759
f 4758 4748 4754
f 4758 4752 4748
f 4760 4761 4756
f 4762 4763 4760
f 4764 4758 4765
f 4764 4756 4752
f 4764 4752 4758
f 4764 4760 4756
f 4766 4767 4762
f 4768 4764 4769
f 4768 4760 4764
f 4770 4771 4766
f 4772 4768 4773
f 4772 4762 4760
f 4772 4766 4762
f 4772 4760 4768
f 18 17 4770
f 4774 4770 4766
f 4774 4772 4775
f 4774 4766 4772
f 4776 4777 18
f 4778 4770 4774
f 4778 4774 4779
f 4780 4781 4776
f 4782 18 4770
f 4782 4776 18
f 4782 4770 4778
f 4782 4778 4783
f 4784 4785 4780
f 4786 4776 4782
f 4786 4780 4776
f 4786 4782 4787
f 4788 4789 4784
f 4790 4780 4786
f 4790 4784 4780
f 4790 4786 4791
f 4792 4793 4788
f 4794 4784 4790
f 4794 4790 4795
f 4796 4797 4792
f 4798 4784 4794
f 4798 4788 4784
f 4798 4792 4788
f 4798 4794 4799
f 4800 4801 4796
f 4802 4792 4798
f 4802 4796 4792
f 4802 4798 4803
f 4804 4805 4800
f 4806 4796 4802
f 4806 4800 4796
f 4806 4802 4807
f 4808 4809 4804
f 4810 4800 4806
f 4810 4806 4811
f 4812 4813 4808
f 4814 4804 4800
f 4814 4800 4810
f 4814 4808 4804
f 4814 4810 4815
f 4816 4817 4812
f 4818 4808 4814
f 4818 4812 4808
f 4818 4814 4819
f 4820 4821 4816
f 4822 4816 4812
f 4822 4818 4823
f 4822 4812 4818
f 4824 4825 4820
f 4826 4820 4816
f 4826 4816 4822
f 4826 4822 4827
f 4828 4829 4824
f 4830 4824 4820
f 4830 4820 4826
f 4830 4826 4831
f 4832 4833 4828
f 4834 4830 4835
f 4834 4828 4824
f 4834 4824 4830
f 4836 4837 4832
f 4838 4834 4839
f 4838 4828 4834
f 4840 4841 4836
f 4842 4838 4843
f 4842 4832 4828
f 4842 4828 4838
f 4842 4836 4832
f 4844 4845 4840
f 4846 4842 4847
f 4846 4836 4842
f 4846 4840 4836
f 4848 4849 4844
f 4850 4846 4851
f 4850 4840 4846
f 4850 4844 4840
f 4852 4853 4848
f 4854 4850 4855
f 4854 4844 4850
f 4856 4857 4852
f 4858 4854 4859
f 4858 4848 4844
f 4858 4852 4848
f 4858 4844 4854
f 4860 4861 4856
f 4862 4863 4860
f 4864 4858 4865
f 4864 4860 4856
f 4864 4852 4858
f 4864 4856 4852
f 4866 4867 4862
f 4868 4864 4869
f 4868 4860 4864
f 4868 4862 4860
f 4870 4871 4866
f 4872 4868 4873
f 4872 4862 4868
f 4874 4875 4870
f 4876 4866 4862
f 4876 4862 4872
f 4876 4872 4877
f 4878 4879 4874
f 4880 4870 4866
f 4880 4876 4881
f 4880 4866 4876
f 4882 4883 4878
f 4884 4874 4870
f 4884 4870 4880
f 4884 4880 4885
f 4886 4887 4882
f 4888 4878 4874
f 4888 4884 4889
f 4888 4882 4878
f 4888 4874 4884
f 4890 4891 4886
f 4892 4882 4888
f 4892 4888 4893
f 4894 4895 4890
f 4896 4892 4897
f 4896 4886 4882
f 4896 4882 4892
f 4898 4899 4894
f 4900 4896 4901
f 4900 4890 4886
f 4900 4886 4896
f 4902 4903 4898
f 4904 4900 4905
f 4904 4894 4890
f 4904 4890 4900
f 4906 4907 4902
f 4908 4904 4909
f 4908 4898 4894
f 4908 4894 4904
f 4910 4911 4906
f 4912 4908 4913
f 4912 4902 4898
f 4912 4898 4908
f 4914 4915 4910
f 4916 4912 4917
f 4916 4906 4902
f 4916 4902 4912
f 4918 4919 4914
f 4920 4916 4921
f 4920 4910 4906
f 4920 4906 4916
f 4922 4923 4918
f 4924 4920 4925
f 4924 4910 4920
f 4924 4914 4910
f 4926 4927 4922
f 4928 4914 4924
f 4928 4924 4929
f 4928 4918 4914
f 4930 4931 4926
f 4932 4922 4918
f 4932 4926 4922
f 4932 4918 4928
f 4932 4928 4933
f 4934 4935 4930
f 4936 4926 4932
f 4936 4932 4937
f 4938 4926 4936
f 4938 4930 4926
f 4938 4936 4939
f 4940 4941 4934
f 4942 4943 4940
f 4944 4934 4930
f 4944 4938 4945
f 4944 4930 4938
f 4946 4947 4942
f 4948 4940 4934
f 4948 4934 4944
f 4948 4942 4940
f 4948 4944 4949
f 4950 4951 4946
f 4952 4942 4948
f 4952 4948 4953
f 4954 4955 4950
f 4956 4946 4942
f 4956 4952 4957
f 4956 4942 4952
f 4958 4959 4954
f 4960 4956 4961
f 4960 4950 4946
f 4960 4946 4956
f 4962 4963 4958
f 4964 4960 4965
f 4964 4954 4950
f 4964 4950 4960
f 4966 4967 4962
f 4968 4964 4969
f 4968 4958 4954
f 4968 4954 4964
f 4970 4971 4966
f 4972 4968 4973
f 4972 4962 4958
f 4972 4958 4968
f 4974 4975 4970
f 4976 4962 4972
f 4976 4972 4977
f 4976 4966 4962
f 4978 4979 4974
f 4980 4966 4976
f 4980 4976 4981
f 4980 4970 4966
f 4982 4970 4980
f 4982 4974 4970
f 4982 4980 4983
f 4984 4985 4978
f 4986 4987 4984
f 4988 4978 4974
f 4988 4974 4982
f 4988 4982 4989
f 4990 4991 4986
f 4992 4984 4978
f 4992 4978 4988
f 4992 4988 4993
f 4994 4986 4984
f 4994 4984 4992
f 4994 4992 4995
f 4996 4986 4994
f 4996 4990 4986
f 4996 4994 4997
f 4998 4990 4996
f 4998 4996 4999
f 5000 5001 4990
f 5000 4990 4998
f 5000 4998 5002
f 4414 5001 5000
f 4414 5000 5003
f 5004 5001 4414
f 5004 4414 4413
f 1915 1797 1801
f 1915 1912 1797
f 5003 4371 4375
f 5003 5000 4371
f 1914 1793 1798
f 1914 1910 1793
f 5002 4367 4372
f 5002 4998 4367
f 1911 1789 1794
f 1911 1908 1789
f 4999 4362 4368
f 4999 4996 4362
f 1909 1785 1790
f 1909 1906 1785
f 4997 4360 4363
f 4997 4994 4360
f 1907 1780 1786
f 1907 1904 1780
f 4995 4358 4361
f 4995 4992 4358
f 1905 1777 1781
f 1905 1900 1777
f 4993 4356 4359
f 4993 4988 4356
f 1901 1771 1778
f 1901 1896 1771
f 4989 4354 4357
f 4989 4982 4354
f 1897 1768 1772
f 1897 1892 1768
f 4983 4352 4355
f 4983 4980 4352
f 1893 1765 1769
f 1893 1888 1765
f 4981 4350 4353
f 4981 4976 4350
f 2234 1971 1969
f 2234 2251 1971
f 3321 2797 2780
f 3318 3321 2780
f 2760 2254 2214
f 2760 2801 2254
f 1889 1761 1766
f 1889 1884 1761
f 4977 4348 4351
f 4977 4972 4348
f 1885 1757 1762
f 1885 1880 1757
f 4973 4346 4349
f 4973 4968 4346
f 1881 1753 1758
f 1881 1876 1753
f 4969 4344 4347
f 4969 4964 4344
f 1877 1749 1754
f 1877 1872 1749
f 4965 4342 4345
f 4965 4960 4342
f 1873 1743 1750
f 1873 1868 1743
f 4961 4340 4343
f 4961 4956 4340
f 1869 1740 1744
f 1869 1864 1740
f 4957 4338 4341
f 4957 4952 4338
f 1865 1737 1741
f 1865 1860 1737
f 4953 4335 4339
f 4953 4948 4335
f 1861 1733 1738
f 1861 1857 1733
f 4949 4337 4336
f 4949 4944 4337
f 2194 1728 1734
f 2194 2195 1728
f 4945 3546 3545
f 4945 4938 3546
f 2256 1261 1257
f 2256 2255 1261
f 4417 2802 2803
f 4417 4416 2802
f 2192 1725 1729
f 2192 2193 1725
f 4939 3544 3543
f 4939 4936 3544
f 2260 1265 1260
f 2260 2259 1265
f 4415 2806 2807
f 4415 4419 2806
f 2190 1720 1726
f 2190 2191 1720
f 4937 3542 3541
f 4937 4932 3542
f 2264 1269 1264
f 2264 2263 1269
f 4418 2810 2811
f 4418 4421 2810
f 2187 1718 1721
f 2187 2189 1718
f 4933 3540 3539
f 4933 4928 3540
f 2268 1273 1268
f 2268 2267 1273
f 4420 2814 2815
f 4420 4423 2814
f 2186 1716 1719
f 2186 2188 1716
f 4929 3538 3537
f 4929 4924 3538
f 2272 1277 1272
f 2272 2271 1277
f 4422 2818 2819
f 4422 4425 2818
f 2184 1713 1717
f 2184 2185 1713
f 4925 3536 3535
f 4925 4920 3536
f 2274 1281 1276
f 2274 2273 1281
f 4424 2820 2821
f 4424 4427 2820
f 2182 1710 1714
f 2182 2183 1710
f 4921 3534 3533
f 4921 4916 3534
f 2278 1285 1280
f 2278 2277 1285
f 4426 2824 2825
f 4426 4429 2824
f 2180 1707 1711
f 2180 2181 1707
f 4917 3532 3531
f 4917 4912 3532
f 2282 1289 1284
f 2282 2281 1289
f 4428 2828 2829
f 4428 4431 2828
f 2176 1704 1708
f 2176 2179 1704
f 4913 3530 3529
f 4913 4908 3530
f 2286 1293 1288
f 2286 2285 1293
f 4430 2832 2833
f 4430 4433 2832
f 2177 1701 1705
f 2177 2178 1701
f 4909 3528 3527
f 4909 4904 3528
f 2290 1297 1292
f 2290 2289 1297
f 4432 2836 2837
f 4432 4435 2836
f 2175 1697 1702
f 2175 2174 1697
f 4905 3526 3525
f 4905 4900 3526
f 2294 1301 1296
f 2294 2293 1301
f 4434 2840 2841
f 4434 4437 2840
f 2173 1694 1698
f 2173 2172 1694
f 4901 3524 3523
f 4901 4896 3524
f 2298 1305 1300
f 2298 2297 1305
f 4436 2844 2845
f 4436 4439 2844
f 2171 1691 1695
f 2171 2170 1691
f 4897 3522 3521
f 4897 4892 3522
f 2302 1309 1304
f 2302 2301 1309
f 4438 2848 2849
f 4438 4441 2848
f 2169 1688 1692
f 2169 2168 1688
f 4893 3520 3519
f 4893 4888 3520
f 2306 1313 1308
f 2306 2305 1313
f 4440 2852 2853
f 4440 4443 2852
f 2167 1686 1689
f 2167 2166 1686
f 4889 3518 3517
f 4889 4884 3518
f 2310 1317 1312
f 2310 2309 1317
f 4442 2856 2857
f 4442 4445 2856
f 2165 1683 1687
f 2165 2164 1683
f 4885 3516 3515
f 4885 4880 3516
f 2314 1321 1316
f 2314 2313 1321
f 4444 2860 2861
f 4444 4447 2860
f 2162 1680 1684
f 2162 2163 1680
f 4881 3514 3513
f 4881 4876 3514
f 2316 1325 1320
f 2316 2315 1325
f 4446 2862 2863
f 4446 4451 2862
f 2160 1676 1681
f 2160 2161 1676
f 4877 3512 3511
f 4877 4872 3512
f 2320 1329 1324
f 2320 2319 1329
f 4450 2866 2867
f 4450 4456 2866
f 2158 1674 1677
f 2158 2159 1674
f 4873 3510 3509
f 4873 4868 3510
f 2324 1333 1328
f 2324 2323 1333
f 4455 2870 2871
f 4455 4458 2870
f 2157 1671 1675
f 2157 2156 1671
f 4869 3508 3507
f 4869 4864 3508
f 2328 1337 1332
f 2328 2327 1337
f 4457 2874 2875
f 4457 4463 2874
f 2155 1668 1672
f 2155 2154 1668
f 4865 3506 3505
f 4865 4858 3506
f 2332 1341 1336
f 2332 2331 1341
f 4462 2878 2879
f 4462 4466 2878
f 2153 1663 1669
f 2153 2152 1663
f 4859 3504 3503
f 4859 4854 3504
f 2336 1345 1340
f 2336 2335 1345
f 4465 2882 2883
f 4465 4469 2882
f 2150 1659 1664
f 2150 2151 1659
f 4855 3502 3501
f 4855 4850 3502
f 2340 1349 1344
f 2340 2339 1349
f 4468 2886 2887
f 4468 4476 2886
f 2148 1656 1660
f 2148 2149 1656
f 4851 3500 3499
f 4851 4846 3500
f 2344 1353 1348
f 2344 2343 1353
f 4475 2890 2891
f 4475 4480 2890
f 2147 1653 1657
f 2147 2146 1653
f 4847 3498 3497
f 4847 4842 3498
f 2348 1357 1352
f 2348 2347 1357
f 4479 2894 2895
f 4479 4483 2894
f 2145 1648 1654
f 2145 2144 1648
f 4843 3496 3495
f 4843 4838 3496
f 2350 1361 1356
f 2350 2349 1361
f 4482 2896 2897
f 4482 4486 2896
f 2142 1643 1649
f 2142 2143 1643
f 4839 3494 3493
f 4839 4834 3494
f 2354 1365 1360
f 2354 2353 1365
f 4485 2900 2901
f 4485 4490 2900
f 2140 1640 1644
f 2140 2141 1640
f 4835 3492 3491
f 4835 4830 3492
f 2358 1369 1364
f 2358 2357 1369
f 4489 2904 2905
f 4489 4496 2904
f 2139 1636 1641
f 2139 2138 1636
f 4831 3490 3489
f 4831 4826 3490
f 2360 1373 1368
f 2360 2359 1373
f 4495 2906 2907
f 4495 4500 2906
f 2136 1631 1637
f 2136 2137 1631
f 4827 3488 3487
f 4827 4822 3488
f 2364 1377 1372
f 2364 2363 1377
f 4499 2910 2911
f 4499 4503 2910
f 2134 1628 1632
f 2134 2135 1628
f 4823 3486 3485
f 4823 4818 3486
f 2368 1381 1376
f 2368 2367 1381
f 4502 2914 2915
f 4502 4506 2914
f 2133 1624 1629
f 2133 2132 1624
f 4819 3484 3483
f 4819 4814 3484
f 2370 1385 1380
f 2370 2369 1385
f 4505 2916 2917
f 4505 4510 2916
f 2130 1619 1625
f 2130 2131 1619
f 4815 3482 3481
f 4815 4810 3482
f 2374 1389 1384
f 2374 2373 1389
f 4509 2920 2921
f 4509 4515 2920
f 2128 1616 1620
f 2128 2129 1616
f 4811 3480 3479
f 4811 4806 3480
f 2378 1393 1388
f 2378 2377 1393
f 4514 2924 2925
f 4514 4518 2924
f 2126 1612 1617
f 2126 2127 1612
f 4807 3478 3477
f 4807 4802 3478
f 2380 1395 1392
f 2380 2379 1395
f 4517 2926 2927
f 4517 4524 2926
f 2125 1609 1613
f 2125 2124 1609
f 4803 3476 3475
f 4803 4798 3476
f 2384 1399 1394
f 2384 2383 1399
f 4523 2930 2931
f 4523 4528 2930
f 2122 1604 1610
f 2122 2123 1604
f 4799 3474 3473
f 4799 4794 3474
f 2388 1403 1398
f 2388 2387 1403
f 4527 2934 2935
f 4527 4534 2934
f 2120 1602 1605
f 2120 2121 1602
f 4795 3472 3471
f 4795 4790 3472
f 2392 1407 1402
f 2392 2391 1407
f 4533 2938 2939
f 4533 4541 2938
f 2118 1599 1603
f 2118 2119 1599
f 4791 3470 3469
f 4791 4786 3470
f 2394 1411 1406
f 2394 2393 1411
f 4540 2940 2941
f 4540 4545 2940
f 1185 3291 3290
f 1185 1178 3291
f 2117 1596 1600
f 2117 2116 1596
f 4787 3468 3467
f 4787 4782 3468
f 2398 1415 1410
f 2398 2397 1415
f 4544 2944 2945
f 4544 4553 2944
f 2736 539 542
f 2736 2738 539
f 1179 3289 3287
f 1179 1174 3289
f 2114 1594 1597
f 2114 2115 1594
f 4783 3466 3465
f 4783 4778 3466
f 2402 1419 1414
f 2402 2401 1419
f 4552 2948 2949
f 4552 4558 2948
f 644 55 51
f 645 644 51
f 2735 534 540
f 2735 2737 534
f 1175 3288 3286
f 1175 1172 3288
f 2112 1590 1595
f 2112 2113 1590
f 4779 3464 3463
f 4779 4774 3464
f 2406 1423 1418
f 2406 2405 1423
f 4557 2952 2953
f 4557 4566 2952
f 647 59 54
f 643 647 54
f 2733 530 535
f 2733 2734 530
f 1173 3285 3284
f 1173 1168 3285
f 2111 1588 1591
f 2111 2110 1588
f 4775 3462 3461
f 4775 4772 3462
f 2410 1427 1422
f 2410 2409 1427
f 4565 2956 2957
f 4565 4571 2956
f 649 63 58
f 646 649 58
f 2731 527 531
f 2731 2732 527
f 1169 3283 3282
f 1169 1164 3283
f 2108 1584 1589
f 2108 2109 1584
f 4773 3460 3459
f 4773 4768 3460
f 2414 1431 1426
f 2414 2413 1431
f 4570 2960 2961
f 4570 4576 2960
f 651 67 62
f 648 651 62
f 2728 522 528
f 2728 2730 522
f 1165 3281 3280
f 1165 1160 3281
f 2107 1582 1585
f 2107 2106 1582
f 4769 3458 3457
f 4769 4764 3458
f 2418 1435 1430
f 2418 2417 1435
f 4575 2964 2965
f 4575 4583 2964
f 653 71 66
f 650 653 66
f 2727 519 523
f 2727 2729 519
f 1161 3279 3278
f 1161 1154 3279
f 2105 1578 1583
f 2105 2104 1578
f 4765 3456 3455
f 4765 4758 3456
f 2422 1439 1434
f 2422 2421 1439
f 4582 2968 2969
f 4582 4587 2968
f 655 75 70
f 652 655 70
f 2725 515 520
f 2725 2726 515
f 1155 3277 3276
f 1155 1152 3277
f 2103 1574 1579
f 2103 2102 1574
f 4759 3454 3453
f 4759 4754 3454
f 2426 1443 1438
f 2426 2425 1443
f 4586 2972 2973
f 4586 4591 2972
f 657 79 74
f 654 657 74
f 2723 512 516
f 2723 2724 512
f 1153 3275 3274
f 1153 1148 3275
f 2101 1570 1575
f 2101 2100 1570
f 4755 3452 3451
f 4755 4750 3452
f 2430 1447 1442
f 2430 2429 1447
f 4590 2976 2977
f 4590 4595 2976
f 659 83 78
f 656 659 78
f 2721 509 513
f 2721 2722 509
f 1149 3273 3272
f 1149 1144 3273
f 2098 1566 1571
f 2098 2099 1566
f 4751 3450 3449
f 4751 4746 3450
f 2434 1451 1446
f 2434 2433 1451
f 4594 2980 2981
f 4594 4599 2980
f 661 87 82
f 658 661 82
f 2719 506 510
f 2719 2720 506
f 1145 3271 3270
f 1145 1140 3271
f 2097 1562 1567
f 2097 2096 1562
f 4747 3448 3447
f 4747 4742 3448
f 2438 1455 1450
f 2438 2437 1455
f 4598 2984 2985
f 4598 4603 2984
f 663 91 86
f 660 663 86
f 2717 502 507
f 2717 2718 502
f 1141 3269 3267
f 1141 1136 3269
f 2095 1558 1563
f 2095 2094 1558
f 4743 3446 3445
f 4743 4738 3446
f 2440 1459 1454
f 2440 2439 1459
f 4602 2986 2987
f 4602 4607 2986
f 665 95 90
f 662 665 90
f 2715 500 503
f 2715 2716 500
f 1137 3268 3266
f 1137 1132 3268
f 2092 1554 1559
f 2092 2093 1554
f 4739 3444 3443
f 4739 4734 3444
f 2444 1463 1458
f 2444 2443 1463
f 4606 2990 2991
f 4606 4611 2990
f 670 99 94
f 664 670 94
f 2709 496 501
f 2709 2714 496
f 1133 3265 3260
f 1133 1130 3265
f 2091 1550 1555
f 2091 2090 1550
f 4735 3442 3441
f 4735 4730 3442
f 2448 1467 1462
f 2448 2447 1467
f 4610 2994 2995
f 4610 4615 2994
f 673 103 98
f 669 673 98
f 2705 494 497
f 2705 2708 494
f 1131 3259 3256
f 1131 1126 3259
f 2089 1546 1551
f 2089 2088 1546
f 4731 3440 3439
f 4731 4726 3440
f 2452 1471 1466
f 2452 2451 1471
f 4614 2998 2999
f 4614 4618 2998
f 5005 107 102
f 5005 5006 107
f 5007 5008 5006
f 5007 5006 5005
f 5009 5008 5007
f 5009 5010 5008
f 5010 5009 5011
f 5010 5011 5012
f 5013 5012 5011
f 5013 5014 5012
f 5015 5016 5014
f 5015 5014 5013
f 5017 5016 5015
f 5017 5018 5016
f 5018 5017 5019
f 5018 5019 5020
f 672 5020 5019
f 672 678 5020
f 2703 491 495
f 2703 2704 491
f 1127 3255 3252
f 1127 1122 3255
f 2086 1544 1547
f 2086 2087 1544
f 4727 3438 3437
f 4727 4722 3438
f 2456 1475 1470
f 2456 2455 1475
f 4617 3002 3003
f 4617 4623 3002
f 682 111 106
f 677 682 106
f 2695 487 492
f 2695 2698 487
f 1123 3251 3246
f 1123 1116 3251
f 5021 3436 3435
f 5021 5022 3436
f 5022 5021 5023
f 5022 5023 5024
f 34 1542 1545
f 34 33 1542
f 4723 5024 5023
f 4723 4718 5024
f 2458 1479 1474
f 2458 2457 1479
f 4622 3004 3005
f 4622 4627 3004
f 685 115 110
f 681 685 110
f 2693 484 488
f 2693 2694 484
f 1117 3245 3244
f 1117 1112 3245
f 2083 1541 1543
f 2083 2084 1541
f 4719 3433 3432
f 4719 4714 3433
f 2462 1483 1478
f 2462 2461 1483
f 4626 3008 3009
f 4626 4630 3008
f 689 119 114
f 684 689 114
f 2689 482 485
f 2689 2690 482
f 1113 3241 3240
f 1113 1110 3241
f 2464 1487 1482
f 2464 2463 1487
f 4629 3010 3011
f 4629 4635 3010
f 693 123 118
f 688 693 118
f 2683 478 483
f 2683 2686 478
f 1111 3237 3234
f 1111 1106 3237
f 2468 1489 1486
f 2468 2467 1489
f 4634 3014 3015
f 4634 4639 3014
f 696 127 122
f 692 696 122
f 2681 476 479
f 2681 2682 476
f 1107 3233 3232
f 1107 1102 3233
f 2470 1493 1488
f 2470 2469 1493
f 4638 3016 3017
f 4638 4644 3016
f 702 131 126
f 695 702 126
f 2675 472 477
f 2675 2676 472
f 1103 3227 3226
f 1103 1096 3227
f 2474 1497 1492
f 2474 2473 1497
f 4643 3020 3021
f 4643 4650 3020
f 705 135 130
f 701 705 130
f 2671 469 473
f 2671 2674 469
f 1097 3225 3222
f 1097 1094 3225
f 2478 1501 1496
f 2478 2477 1501
f 4649 3024 3025
f 4649 4657 3024
f 709 139 134
f 704 709 134
f 2663 464 470
f 2663 2666 464
f 1095 3217 3214
f 1095 1088 3217
f 2482 1505 1500
f 2482 2481 1505
f 4656 3028 3029
f 4656 4665 3028
f 712 143 138
f 708 712 138
f 2655 460 465
f 2655 2658 460
f 1089 3209 3206
f 1089 1084 3209
f 2486 1509 1504
f 2486 2485 1509
f 4664 3032 3033
f 4664 4669 3032
f 716 147 142
f 711 716 142
f 2651 456 461
f 2651 2652 456
f 1085 3203 3202
f 1085 1080 3203
f 2488 1513 1508
f 2488 2487 1513
f 4668 3034 3035
f 4668 4673 3034
f 721 151 146
f 715 721 146
f 2647 453 457
f 2647 2650 453
f 1081 3201 3198
f 1081 1076 3201
f 2492 1517 1512
f 2492 2491 1517
f 4672 3038 3039
f 4672 4677 3038
f 725 155 150
f 720 725 150
f 2643 448 454
f 2643 2644 448
f 1077 3195 3194
f 1077 1072 3195
f 2496 1521 1516
f 2496 2495 1521
f 4676 3042 3043
f 4676 4681 3042
f 728 159 154
f 724 728 154
f 2637 444 449
f 2637 2638 444
f 1073 3189 3188
f 1073 1068 3189
f 2500 1525 1520
f 2500 2499 1525
f 4680 3046 3047
f 4680 4685 3046
f 734 163 158
f 727 734 158
f 2635 440 445
f 2635 2636 440
f 1069 3187 3186
f 1069 1064 3187
f 2504 1529 1524
f 2504 2503 1529
f 4684 3050 3051
f 4684 4689 3050
f 737 167 162
f 733 737 162
f 2629 436 441
f 2629 2632 436
f 1065 3183 3180
f 1065 1060 3183
f 2508 1533 1528
f 2508 2507 1533
f 4688 3054 3055
f 4688 4693 3054
f 742 171 166
f 736 742 166
f 2625 433 437
f 2625 2626 433
f 1061 3177 3176
f 1061 1056 3177
f 5025 3058 3060
f 5025 5026 3058
f 5026 5025 5027
f 5026 5027 5028
f 5029 1537 1532
f 5029 5030 1537
f 5031 5032 5030
f 5031 5030 5029
f 5033 5032 5031
f 5034 5033 5031
f 5033 5034 5035
f 5033 5035 5036
f 28 5036 5035
f 28 27 5036
f 5037 5028 5027
f 5037 5038 5028
f 5039 5040 5038
f 5039 5038 5037
f 5041 5040 5039
f 5041 5042 5040
f 5042 5041 5043
f 5042 5043 5044
f 4692 5044 5043
f 4692 4697 5044
f 745 175 170
f 741 745 170
f 2621 429 434
f 2621 2624 429
f 1057 3175 3172
f 1057 1054 3175
f 2513 1539 1536
f 2513 2512 1539
f 4696 3061 3062
f 4696 4701 3061
f 749 179 174
f 744 749 174
f 2617 424 430
f 2617 2618 424
f 1055 3169 3168
f 1055 1050 3169
f 2515 1540 1538
f 2515 2514 1540
f 4700 3063 3064
f 4700 4709 3063
f 754 183 178
f 748 754 178
f 2611 420 425
f 2611 2614 420
f 1051 3165 3162
f 1051 1046 3165
f 757 187 182
f 753 757 182
f 2607 416 421
f 2607 2610 416
f 1047 3161 3160
f 1047 1042 3161
f 762 189 186
f 756 762 186
f 2603 413 417
f 2603 2606 413
f 1043 3157 3154
f 1043 1038 3157
f 764 193 188
f 761 764 188
f 2599 408 414
f 2599 2600 408
f 1039 3151 3150
f 1039 1034 3151
f 770 197 192
f 763 770 192
f 2595 404 409
f 2595 2596 404
f 1035 3147 3146
f 1035 1030 3147
f 778 201 196
f 769 778 196
f 2589 401 405
f 2589 2592 401
f 1031 3143 3140
f 1031 1026 3143
f 782 205 200
f 777 782 200
f 2585 398 402
f 2585 2588 398
f 1027 3139 3136
f 1027 1022 3139
f 788 209 204
f 781 788 204
f 5045 3135 3132
f 5045 5046 3135
f 5046 5045 5047
f 5046 5047 5048
f 22 396 399
f 22 21 396
f 1023 5048 5047
f 1023 1018 5048
f 794 213 208
f 787 794 208
f 2579 392 397
f 2579 2580 392
f 1019 3129 3128
f 1019 1014 3129
f 799 217 212
f 793 799 212
f 2573 390 393
f 2573 2576 390
f 1015 3125 3122
f 1015 1010 3125
f 807 221 216
f 798 807 216
f 2569 387 391
f 2569 2572 387
f 1011 3121 3118
f 1011 1006 3121
f 811 225 220
f 806 811 220
f 2565 384 388
f 2565 2568 384
f 1007 3117 3114
f 1007 1002 3117
f 815 229 224
f 810 815 224
f 2563 382 385
f 2563 2564 382
f 1003 3113 3112
f 1003 998 3113
f 819 233 228
f 814 819 228
f 2559 377 383
f 2559 2560 377
f 999 3109 3108
f 999 992 3109
f 823 237 232
f 818 823 232
f 2555 373 378
f 2555 2556 373
f 993 3105 3104
f 993 988 3105
f 828 241 236
f 822 828 236
f 2549 370 374
f 2549 2552 370
f 989 3101 3098
f 989 984 3101
f 831 245 240
f 827 831 240
f 2547 365 371
f 2547 2548 365
f 985 3097 3094
f 985 980 3097
f 835 249 244
f 830 835 244
f 2541 362 366
f 2541 2544 362
f 981 3091 3090
f 981 976 3091
f 839 253 248
f 834 839 248
f 2537 357 363
f 2537 2538 357
f 977 3087 3086
f 977 972 3087
f 5049 257 252
f 5049 5050 257
f 5051 5052 5050
f 5051 5050 5049
f 5053 5052 5051
f 5053 5054 5052
f 5054 5053 5055
f 5054 5055 5056
f 5057 5056 5055
f 5057 5058 5056
f 5059 5060 5058
f 5059 5058 5057
f 5061 5060 5059
f 5061 5062 5060
f 5062 5061 5063
f 5062 5063 5064
f 838 5064 5063
f 838 844 5064
f 2533 353 358
f 2533 2534 353
f 973 3083 3082
f 973 968 3083
f 848 261 256
f 843 848 256
f 2529 350 354
f 2529 2530 350
f 969 3079 3078
f 969 964 3079
f 851 265 260
f 847 851 260
f 2525 345 351
f 2525 2526 345
f 965 3075 3074
f 965 960 3075
f 855 269 264
f 850 855 264
f 2521 342 346
f 2521 2520 342
f 961 3069 3070
f 961 956 3069
f 859 273 268
f 854 859 268
f 2519 340 343
f 2519 2518 340
f 957 3067 3068
f 957 952 3067
f 863 277 272
f 858 863 272
f 2517 339 341
f 2517 2516 339
f 953 3065 3066
f 953 948 3065
f 868 281 276
f 862 868 276
f 871 285 280
f 867 871 280
f 875 287 284
f 870 875 284
f 880 291 286
f 874 880 286
f 887 295 290
f 879 887 290
f 894 299 294
f 886 894 294
f 901 303 298
f 893 901 298
f 905 307 302
f 900 905 302
f 908 311 306
f 904 908 306
f 913 315 310
f 907 913 310
f 917 319 314
f 912 917 314
f 921 323 318
f 916 921 318
f 925 327 322
f 920 925 322
f 928 331 326
f 924 928 326
f 933 335 330
f 927 933 330
f 937 337 334
f 932 937 334
f 943 338 336
f 936 943 336
f 3296 1939 1938
f 3296 3295 1939
f 5065 1938 5066
f 5067 1938 5065
f 1942 5066 1938
f 5068 5066 1942
f 5069 1938 5067
f 5070 5068 1942
f 5071 5067 5065
f 5071 5070 1942
f 5071 5065 5070
f 5072 1938 5069
f 5073 5072 5069
f 5073 5071 1942
f 5074 1938 5072
f 5075 5072 5073
f 5075 5073 1942
f 5076 1938 5074
f 5077 5075 1942
f 5078 1938 5076
f 5079 5076 5074
f 5079 5074 5077
f 5080 1938 5078
f 5081 5080 5078
f 5081 5078 5082
f 5083 5084 5085
f 5083 5085 5086
f 5087 5088 5089
f 5090 5088 5087
f 5091 5092 5093
f 5091 5094 5092
f 5095 5096 5097
f 5095 5098 5096
f 5099 5100 5101
f 5099 5102 5100
f 5103 5104 5105
f 5106 5105 5099
f 5106 5103 5105
f 5107 5104 5103
f 5108 5104 5107
f 5109 5107 5110
f 5109 5108 5107
f 5111 5109 5110
f 5112 5113 5111
f 5112 5114 5113
f 5112 5111 5110
f 5115 5116 5117
f 5115 5118 5116
f 5119 5120 5121
f 5119 5121 5122
f 5123 5124 5125
f 5123 5125 5126
f 5127 5128 5129
f 5127 5129 5130
f 5131 5132 5133
f 5131 5133 5134
f 5135 5136 5137
f 5135 5137 5138
f 5139 5140 5141
f 5139 5142 5140
f 3296 5136 5140
f 3296 5142 5143
f 3296 5129 5128
f 3296 5133 5132
f 3296 5137 5136
f 3296 5140 5142
f 3296 5124 5129
f 3296 5128 5133
f 3296 5143 5144
f 3296 5132 5137
f 5145 3296 5144
f 5146 5143 5147
f 5146 5144 5143
f 3297 5141 5135
f 3297 5147 5139
f 3297 5135 5138
f 3297 5139 5141
f 3297 3296 5145
f 3297 5146 5147
f 3297 5145 5148
f 3297 5148 5146
f 1942 5106 5099
f 1942 5099 5101
f 1942 5101 5095
f 1942 5095 5097
f 1942 5097 5091
f 1942 5091 5093
f 1942 5093 5090
f 1942 5090 5087
f 1942 5087 5083
f 1942 5083 5086
f 1942 5086 5081
f 1942 5081 5082
f 1942 5082 5079
f 1942 5079 5077
f 5110 3297 5138
f 5110 5138 5131
f 5110 5131 5134
f 5110 5134 5127
f 5110 5127 5130
f 5110 5130 5123
f 5110 5123 5126
f 5110 5126 5119
f 5110 5119 5122
f 5110 5122 5115
f 5110 5115 5117
f 5110 5117 5112
f 3296 1938 5080
f 3296 5080 5085
f 3296 5085 5084
f 3296 5084 5089
f 3296 5089 5088
f 3296 5088 5092
f 3296 5092 5094
f 3296 5094 5096
f 3296 5096 5098
f 3296 5098 5100
f 3296 5100 5102
f 3296 5102 5104
f 3296 5104 5108
f 3296 5108 5113
f 3296 5113 5114
f 3296 5114 5116
f 3296 5116 5118
f 3296 5118 5121
f 3296 5121 5120
f 3296 5120 5125
f 3296 5125 5124
f 5149 5103 5106
f 5149 5106 5150
f 5151 5149 5152
f 5151 5153 5149
f 5153 5103 5149
f 5154 5150 5155
f 5152 5149 5154
f 5156 5155 5150
f 5157 5156 5150
f 5158 5152 5154
f 5158 5156 5157
f 5159 5158 5157
f 5159 5152 5158
f 5149 5150 5154
f 5160 5158 5154
f 5160 5161 5158
f 5162 5161 5160
f 5162 5163 5161
f 5163 5162 5164
f 5163 5164 5165
f 5166 5167 5168
f 5166 5168 5169
f 5170 5167 5166
f 5170 5171 5167
f 5172 5173 5110
f 5172 5110 5107
f 5174 5175 5172
f 5176 5174 5172
f 5107 5176 5172
f 5171 5177 5178
f 5171 5178 5179
f 5173 5179 5178
f 5180 5179 5173
f 5170 5180 5173
f 5175 5171 5170
f 5175 5177 5171
f 5172 5175 5170
f 5173 5172 5170
f 5141 5140 5181
f 5141 5181 5182
f 5182 5181 5183
f 5182 5183 5184
f 5136 5135 5185
f 5136 5185 5186
f 5186 5185 5187
f 5186 5187 5188
f 5147 5143 5189
f 5147 5189 5190
f 5190 5189 5191
f 5190 5191 5192
f 5142 5139 5193
f 5142 5193 5194
f 5194 5193 5195
f 5194 5195 5196
f 5093 5092 5197
f 5093 5197 5198
f 5198 5197 5199
f 5198 5199 5200
f 5088 5090 5201
f 5088 5201 5202
f 5202 5201 5203
f 5202 5203 5204
f 5097 5096 5205
f 5097 5205 5206
f 5206 5205 5207
f 5206 5207 5208
f 5094 5091 5209
f 5094 5209 5210
f 5210 5209 5211
f 5210 5211 5212
f 5101 5100 5213
f 5101 5213 5214
f 5214 5213 5215
f 5214 5215 5216
f 5098 5095 5217
f 5098 5217 5218
f 5218 5217 5219
f 5218 5219 5220
f 5105 5104 5221
f 5105 5221 5222
f 5222 5221 5223
f 5222 5223 5224
f 5102 5099 5225
f 5102 5225 5226
f 5226 5225 5227
f 5226 5227 5228
f 5111 5113 5229
f 5111 5229 5230
f 5230 5229 5231
f 5230 5231 5232
f 5108 5109 5233
f 5108 5233 5234
f 5234 5233 5235
f 5234 5235 5236
f 5117 5116 5237
f 5117 5237 5238
f 5238 5237 5239
f 5238 5239 5240
f 5114 5112 5241
f 5114 5241 5242
f 5242 5241 5243
f 5242 5243 5244
f 5122 5121 5245
f 5122 5245 5246
f 5246 5245 5247
f 5246 5247 5248
f 5118 5115 5249
f 5118 5249 5250
f 5250 5249 5251
f 5250 5251 5252
f 5130 5129 5253
f 5130 5253 5254
f 5254 5253 5255
f 5254 5255 5256
f 5124 5123 5257
f 5124 5257 5258
f 5258 5257 5259
f 5258 5259 5260
f 5134 5133 5261
f 5134 5261 5262
f 5262 5261 5263
f 5262 5263 5264
f 5128 5127 5265
f 5128 5265 5266
f 5266 5265 5267
f 5266 5267 5268
f 5138 5137 5269
f 5138 5269 5270
f 5270 5269 5271
f 5270 5271 5272
f 5132 5131 5273
f 5132 5273 5274
f 5274 5273 5275
f 5274 5275 5276
f 5077 5074 5277
f 5077 5277 5278
f 5278 5277 5279
f 5278 5279 5280
f 5072 5075 5281
f 5072 5281 5282
f 5282 5281 5283
f 5282 5283 5284
f 5070 5065 5285
f 5070 5285 5286
f 5286 5285 5287
f 5286 5287 5288
f 5066 5068 5289
f 5066 5289 5290
f 5290 5289 5291
f 5290 5291 5292
f 5073 5069 5293
f 5073 5293 5294
f 5294 5293 5295
f 5294 5295 5296
f 5067 5071 5297
f 5067 5297 5298
f 5298 5297 5299
f 5298 5299 5300
f 5087 5089 5301
f 5087 5301 5302
f 5302 5301 5303
f 5302 5303 5304
f 5084 5083 5305
f 5084 5305 5306
f 5306 5305 5307
f 5306 5307 5308
f 5082 5078 5309
f 5082 5309 5310
f 5310 5309 5311
f 5310 5311 5312
f 5076 5079 5313
f 5076 5313 5314
f 5314 5313 5315
f 5314 5315 5316
f 5086 5085 5317
f 5086 5317 5318
f 5318 5317 5319
f 5318 5319 5320
f 5080 5081 5321
f 5080 5321 5322
f 5322 5321 5323
f 5322 5323 5324
f 5126 5125 5325
f 5126 5325 5326
f 5326 5325 5327
f 5326 5327 5328
f 5120 5119 5329
f 5120 5329 5330
f 5330 5329 5331
f 5330 5331 5332
f 5148 5145 5333
f 5148 5333 5334
f 5334 5333 5335
f 5334 5335 5336
f 5144 5146 5337
f 5144 5337 5338
f 5338 5337 5339
f 5338 5339 5340
f 5288 5292 5291
f 5288 5287 5292
f 5296 5300 5299
f 5296 5295 5300
f 5280 5284 5283
f 5280 5279 5284
f 5312 5316 5315
f 5312 5311 5316
f 5320 5324 5323
f 5320 5319 5324
f 5304 5308 5307
f 5304 5303 5308
f 5200 5204 5203
f 5200 5199 5204
f 5208 5212 5211
f 5208 5207 5212
f 5216 5220 5219
f 5216 5215 5220
f 5224 5228 5227
f 5224 5223 5228
f 5232 5236 5235
f 5232 5231 5236
f 5240 5244 5243
f 5240 5239 5244
f 5248 5252 5251
f 5248 5247 5252
f 5328 5332 5331
f 5328 5327 5332
f 5256 5260 5259
f 5256 5255 5260
f 5264 5268 5267
f 5264 5263 5268
f 5272 5276 5275
f 5272 5271 5276
f 5184 5188 5187
f 5184 5183 5188
f 5192 5196 5195
f 5192 5191 5196
f 5336 5340 5339
f 5336 5335 5340
f 5174 5153 5151
f 5174 5176 5153
f 5150 1942 1944
f 5150 5106 1942
f 3297 5110 5173
f 3299 3297 5173
f 5341 1944 5342
f 5343 1944 5341
f 1949 5342 1944
f 5344 5342 1949
f 5345 1944 5343
f 5346 5344 1949
f 5346 5343 5341
f 5347 5346 1949
f 5347 5343 5346
f 5348 1944 5345
f 5349 5347 1949
f 5349 5348 5345
f 5350 1944 5348
f 5351 5348 5349
f 5352 1944 5350
f 5353 5350 5354
f 5353 5352 5350
f 5355 5356 5357
f 5355 5358 5356
f 5359 5360 5361
f 5359 5361 5362
f 5363 5364 5365
f 5363 5365 5366
f 5367 5368 5369
f 5367 5370 5368
f 5371 5372 5373
f 5371 5374 5372
f 5375 5376 5377
f 5375 5378 5376
f 5379 5380 5381
f 5379 5382 5380
f 5150 5374 5376
f 5150 5378 5380
f 5150 5382 5383
f 5150 5376 5378
f 5150 5380 5382
f 5150 5383 5384
f 5385 5150 5384
f 5386 5383 5387
f 5386 5384 5383
f 5388 5389 5386
f 5390 5381 5375
f 5390 5387 5379
f 5390 5379 5381
f 5390 5386 5387
f 5390 5388 5386
f 5157 5385 5389
f 5157 5389 5388
f 5157 5150 5385
f 1949 5390 5375
f 1949 5375 5377
f 1949 5377 5371
f 1949 5371 5373
f 1949 5373 5367
f 1949 5367 5369
f 1949 5369 5363
f 1949 5363 5366
f 1949 5366 5359
f 1949 5359 5362
f 1949 5362 5355
f 1949 5355 5357
f 1949 5357 5353
f 1949 5353 5354
f 1949 5354 5351
f 1949 5351 5349
f 5150 1944 5356
f 5356 1944 5352
f 5150 5356 5358
f 5150 5358 5361
f 5150 5361 5360
f 5150 5360 5365
f 5150 5365 5364
f 5150 5364 5368
f 5150 5368 5370
f 5150 5370 5372
f 5150 5372 5374
f 5391 5388 5390
f 5392 5390 5393
f 5392 5393 5394
f 5392 5391 5390
f 5369 5368 5395
f 5369 5395 5396
f 5396 5395 5397
f 5396 5397 5398
f 5364 5363 5399
f 5364 5399 5400
f 5400 5399 5401
f 5400 5401 5402
f 5373 5372 5403
f 5373 5403 5404
f 5404 5403 5405
f 5404 5405 5406
f 5370 5367 5407
f 5370 5407 5408
f 5408 5407 5409
f 5408 5409 5410
f 5377 5376 5411
f 5377 5411 5412
f 5412 5411 5413
f 5412 5413 5414
f 5374 5371 5415
f 5374 5415 5416
f 5416 5415 5417
f 5416 5417 5418
f 5381 5380 5419
f 5381 5419 5420
f 5420 5419 5421
f 5420 5421 5422
f 5378 5375 5423
f 5378 5423 5424
f 5424 5423 5425
f 5424 5425 5426
f 5387 5383 5427
f 5387 5427 5428
f 5428 5427 5429
f 5428 5429 5430
f 5382 5379 5431
f 5382 5431 5432
f 5432 5431 5433
f 5432 5433 5434
f 5389 5385 5435
f 5389 5435 5436
f 5436 5435 5437
f 5436 5437 5438
f 5384 5386 5439
f 5384 5439 5440
f 5440 5439 5441
f 5440 5441 5442
f 5354 5350 5443
f 5354 5443 5444
f 5444 5443 5445
f 5444 5445 5446
f 5348 5351 5447
f 5348 5447 5448
f 5448 5447 5449
f 5448 5449 5450
f 5349 5345 5451
f 5349 5451 5452
f 5452 5451 5453
f 5452 5453 5454
f 5343 5347 5455
f 5343 5455 5456
f 5456 5455 5457
f 5456 5457 5458
f 5346 5341 5459
f 5346 5459 5460
f 5460 5459 5461
f 5460 5461 5462
f 5342 5344 5463
f 5342 5463 5464
f 5464 5463 5465
f 5464 5465 5466
f 5357 5356 5467
f 5357 5467 5468
f 5468 5467 5469
f 5468 5469 5470
f 5352 5353 5471
f 5352 5471 5472
f 5472 5471 5473
f 5472 5473 5474
f 5362 5361 5475
f 5362 5475 5476
f 5476 5475 5477
f 5476 5477 5478
f 5358 5355 5479
f 5358 5479 5480
f 5480 5479 5481
f 5480 5481 5482
f 5366 5365 5483
f 5366 5483 5484
f 5484 5483 5485
f 5484 5485 5486
f 5360 5359 5487
f 5360 5487 5488
f 5488 5487 5489
f 5488 5489 5490
f 5491 5173 5492
f 5493 5173 5491
f 5178 5494 5492
f 5178 5492 5173
f 5495 5494 5178
f 5496 5495 5497
f 5496 5494 5495
f 5496 5493 5491
f 5498 5173 5493
f 5499 5496 5497
f 5499 5493 5496
f 5500 5173 5498
f 5501 5499 5497
f 5501 5500 5498
f 5502 5173 5500
f 5503 5500 5501
f 5503 5501 5497
f 5504 5173 5502
f 5505 5504 5502
f 5506 5504 5505
f 5507 5508 5509
f 5507 5510 5508
f 5511 5512 5513
f 5511 5513 5514
f 5515 5516 5517
f 5515 5517 5518
f 5519 5520 5521
f 5519 5521 5522
f 5523 5524 5525
f 5526 5524 5523
f 5527 5528 5529
f 5527 5530 5528
f 5531 5532 5533
f 5531 5534 5532
f 3299 5530 5532
f 3299 5534 5535
f 3299 5524 5528
f 3299 5528 5530
f 3299 5532 5534
f 3299 5535 5536
f 5537 3299 5536
f 5538 5535 5539
f 5538 5536 5535
f 3304 5539 5531
f 3304 5538 5539
f 3304 5531 5533
f 3304 5537 5540
f 3304 5540 5538
f 3304 3299 5537
f 5497 3304 5527
f 5527 3304 5533
f 5497 5527 5529
f 5497 5529 5526
f 5497 5526 5523
f 5497 5523 5519
f 5497 5519 5522
f 5497 5522 5515
f 5497 5515 5518
f 5497 5518 5511
f 5497 5511 5514
f 5497 5514 5507
f 5497 5507 5509
f 5497 5509 5506
f 5497 5506 5505
f 5497 5505 5503
f 3299 5173 5508
f 5508 5173 5504
f 3299 5508 5510
f 3299 5510 5513
f 3299 5513 5512
f 3299 5512 5517
f 3299 5517 5516
f 3299 5516 5521
f 3299 5521 5520
f 3299 5520 5525
f 3299 5525 5524
f 5541 5542 5543
f 5544 5543 5497
f 5544 5497 5495
f 5544 5541 5543
f 5533 5532 5545
f 5533 5545 5546
f 5546 5545 5547
f 5546 5547 5548
f 5530 5527 5549
f 5530 5549 5550
f 5550 5549 5551
f 5550 5551 5552
f 5539 5535 5553
f 5539 5553 5554
f 5554 5553 5555
f 5554 5555 5556
f 5534 5531 5557
f 5534 5557 5558
f 5558 5557 5559
f 5558 5559 5560
f 5496 5491 5561
f 5496 5561 5562
f 5562 5561 5563
f 5562 5563 5564
f 5492 5494 5565
f 5492 5565 5566
f 5566 5565 5567
f 5566 5567 5568
f 5501 5498 5569
f 5501 5569 5570
f 5570 5569 5571
f 5570 5571 5572
f 5493 5499 5573
f 5493 5573 5574
f 5574 5573 5575
f 5574 5575 5576
f 5522 5521 5577
f 5522 5577 5578
f 5578 5577 5579
f 5578 5579 5580
f 5516 5515 5581
f 5516 5581 5582
f 5582 5581 5583
f 5582 5583 5584
f 5523 5525 5585
f 5523 5585 5586
f 5586 5585 5587
f 5586 5587 5588
f 5520 5519 5589
f 5520 5589 5590
f 5590 5589 5591
f 5590 5591 5592
f 5529 5528 5593
f 5529 5593 5594
f 5594 5593 5595
f 5594 5595 5596
f 5524 5526 5597
f 5524 5597 5598
f 5598 5597 5599
f 5598 5599 5600
f 5505 5502 5601
f 5505 5601 5602
f 5602 5601 5603
f 5602 5603 5604
f 5500 5503 5605
f 5500 5605 5606
f 5606 5605 5607
f 5606 5607 5608
f 5509 5508 5609
f 5509 5609 5610
f 5610 5609 5611
f 5610 5611 5612
f 5504 5506 5613
f 5504 5613 5614
f 5614 5613 5615
f 5614 5615 5616
f 5514 5513 5617
f 5514 5617 5618
f 5618 5617 5619
f 5618 5619 5620
f 5510 5507 5621
f 5510 5621 5622
f 5622 5621 5623
f 5622 5623 5624
f 5518 5517 5625
f 5518 5625 5626
f 5626 5625 5627
f 5626 5627 5628
f 5512 5511 5629
f 5512 5629 5630
f 5630 5629 5631
f 5630 5631 5632
f 5540 5537 5633
f 5540 5633 5634
f 5634 5633 5635
f 5634 5635 5636
f 5536 5538 5637
f 5536 5637 5638
f 5638 5637 5639
f 5638 5639 5640
f 5641 5642 5643
f 5641 5152 5642
f 5644 5642 5152
f 5159 5644 5152
f 5645 5644 5159
f 5646 5645 5159
f 5647 5646 5159
f 5648 5649 5650
f 5175 5649 5648
f 5651 5650 5652
f 5653 5175 5648
f 5177 5652 5654
f 5177 5653 5651
f 5177 5175 5653
f 5177 5651 5652
f 5159 5177 5654
f 5159 5654 5647
f 5649 5652 5650
f 5646 5641 5643
f 5646 5643 5645
f 5645 5643 5655
f 5645 5655 5656
f 5656 5655 5657
f 5656 5657 5658
f 5642 5644 5659
f 5642 5659 5660
f 5660 5659 5661
f 5660 5661 5662
f 5650 5651 5663
f 5650 5663 5664
f 5664 5663 5665
f 5664 5665 5666
f 5653 5648 5667
f 5653 5667 5668
f 5668 5667 5669
f 5668 5669 5670
f 5647 5641 5646
f 5647 5671 5641
f 5672 5673 5671
f 5672 5671 5647
f 5674 5673 5672
f 5674 5675 5673
f 5676 5677 5675
f 5676 5675 5674
f 5678 5677 5676
f 5678 5679 5677
f 5680 5681 5679
f 5680 5679 5678
f 5682 5681 5680
f 5682 5683 5681
f 5684 5685 5683
f 5684 5683 5682
f 5686 5685 5684
f 5686 5687 5685
f 5688 5689 5687
f 5688 5687 5686
f 5690 5689 5688
f 5690 5691 5689
f 5692 5693 5691
f 5692 5691 5690
f 5694 5693 5692
f 5694 5695 5693
f 5696 5697 5695
f 5696 5695 5694
f 5698 5697 5696
f 5698 5699 5697
f 5700 5701 5699
f 5700 5699 5698
f 5702 5701 5700
f 5702 5703 5701
f 5704 5705 5703
f 5704 5703 5702
f 5706 5705 5704
f 5706 5707 5705
f 5708 5709 5707
f 5708 5707 5706
f 5710 5709 5708
f 5710 5711 5709
f 5712 5713 5711
f 5712 5711 5710
f 5714 5713 5712
f 5714 5715 5713
f 5716 5717 5715
f 5716 5715 5714
f 5718 5717 5716
f 5718 5719 5717
f 5720 5721 5719
f 5720 5719 5718
f 5722 5721 5720
f 5722 5723 5721
f 5724 5725 5723
f 5724 5723 5722
f 5726 5725 5724
f 5726 5727 5725
f 5728 5729 5727
f 5728 5727 5726
f 5730 5729 5728
f 5730 5731 5729
f 5732 5733 5731
f 5732 5731 5730
f 5734 5733 5732
f 5734 5735 5733
f 5736 5737 5735
f 5736 5735 5734
f 5738 5737 5736
f 5738 5739 5737
f 5740 5741 5739
f 5740 5739 5738
f 5742 5741 5740
f 5742 5743 5741
f 5744 5745 5743
f 5744 5743 5742
f 5746 5745 5744
f 5746 5747 5745
f 5748 5749 5747
f 5748 5747 5746
f 5750 5749 5748
f 5750 5751 5749
f 5752 5753 5751
f 5752 5751 5750
f 5754 5753 5752
f 5754 5755 5753
f 5756 5757 5755
f 5756 5755 5754
f 5758 5757 5756
f 5758 5759 5757
f 5760 5761 5759
f 5760 5759 5758
f 5762 5761 5760
f 5762 5763 5761
f 5764 5765 5763
f 5764 5763 5762
f 5766 5765 5764
f 5766 5767 5765
f 5768 5769 5767
f 5768 5767 5766
f 5770 5769 5768
f 5770 5771 5769
f 5772 5773 5771
f 5772 5771 5770
f 5774 5773 5772
f 5774 5775 5773
f 5776 5777 5775
f 5776 5775 5774
f 5778 5777 5776
f 5778 5779 5777
f 5780 5781 5779
f 5780 5779 5778
f 5782 5781 5780
f 5782 5783 5781
f 5784 5785 5783
f 5784 5783 5782
f 5786 5785 5784
f 5786 5787 5785
f 5788 5789 5787
f 5788 5787 5786
f 5790 5789 5788
f 5790 5791 5789
f 5792 5793 5791
f 5792 5791 5790
f 5794 5793 5792
f 5794 5795 5793
f 5796 5797 5795
f 5796 5795 5794
f 5798 5797 5796
f 5798 5799 5797
f 5800 5801 5799
f 5800 5799 5798
f 5802 5801 5800
f 5802 5803 5801
f 5804 5805 5803
f 5804 5803 5802
f 5806 5805 5804
f 5806 5807 5805
f 5808 5809 5807
f 5808 5807 5806
f 5810 5809 5808
f 5810 5811 5809
f 5812 5813 5811
f 5812 5811 5810
f 5814 5813 5812
f 5814 5815 5813
f 5816 5817 5815
f 5816 5815 5814
f 5818 5817 5816
f 5818 5819 5817
f 5820 5821 5819
f 5820 5819 5818
f 5822 5821 5820
f 5822 5823 5821
f 5824 5825 5823
f 5824 5823 5822
f 5826 5825 5824
f 5826 5827 5825
f 5828 5829 5827
f 5828 5827 5826
f 5830 5829 5828
f 5830 5831 5829
f 5832 5833 5831
f 5832 5831 5830
f 5834 5833 5832
f 5834 5835 5833
f 5836 5837 5835
f 5836 5835 5834
f 5838 5837 5836
f 5838 5839 5837
f 5840 5841 5839
f 5840 5839 5838
f 5842 5841 5840
f 5842 5843 5841
f 5844 5845 5843
f 5844 5843 5842
f 5846 5845 5844
f 5846 5847 5845
f 5848 5849 5847
f 5848 5847 5846
f 5850 5849 5848
f 5850 5851 5849
f 5852 5853 5851
f 5852 5851 5850
f 5854 5853 5852
f 5854 5855 5853
f 5856 5857 5855
f 5856 5855 5854
f 5858 5857 5856
f 5858 5859 5857
f 5860 5861 5859
f 5860 5859 5858
f 5862 5861 5860
f 5862 5863 5861
f 5864 5865 5863
f 5864 5863 5862
f 5866 5865 5864
f 5866 5867 5865
f 5868 5869 5867
f 5868 5867 5866
f 5870 5869 5868
f 5870 5871 5869
f 5872 5873 5871
f 5872 5871 5870
f 5874 5873 5872
f 5874 5875 5873
f 5876 5877 5875
f 5876 5875 5874
f 5878 5877 5876
f 5878 5879 5877
f 5879 5878 5880
f 5879 5880 5881
f 5882 5881 5880
f 5882 5883 5881
f 5883 5882 5884
f 5883 5884 5885
f 5886 5885 5884
f 5886 5887 5885
f 5887 5886 5888
f 5887 5888 5889
f 5890 5889 5888
f 5890 5891 5889
f 5891 5890 5892
f 5891 5892 5893
f 5894 5893 5892
f 5894 5895 5893
f 5895 5894 5896
f 5895 5896 5897
f 5898 5897 5896
f 5898 5899 5897
f 5899 5898 5900
f 5899 5900 5901
f 5902 5901 5900
f 5902 5903 5901
f 5903 5902 5904
f 5903 5904 5905
f 5906 5905 5904
f 5906 5907 5905
f 5907 5906 5908
f 5907 5908 5909
f 5910 5909 5908
f 5910 5911 5909
f 5911 5910 5912
f 5911 5912 5913
f 5914 5913 5912
f 5914 5915 5913
f 5915 5914 5916
f 5915 5916 5917
f 5918 5917 5916
f 5918 5919 5917
f 5919 5918 5920
f 5919 5920 5921
f 5922 5921 5920
f 5922 5923 5921
f 5923 5922 5924
f 5923 5924 5925
f 5926 5925 5924
f 5926 5927 5925
f 5927 5926 5928
f 5927 5928 5929
f 5930 5929 5928
f 5930 5931 5929
f 5931 5930 5932
f 5931 5932 5933
f 5934 5933 5932
f 5934 5935 5933
f 5935 5934 5936
f 5935 5936 5937
f 5938 5937 5936
f 5938 5939 5937
f 5939 5938 5940
f 5939 5940 5941
f 5942 5941 5940
f 5942 5943 5941
f 5943 5942 5944
f 5943 5944 5945
f 5946 5945 5944
f 5946 5947 5945
f 5947 5946 5948
f 5947 5948 5949
f 5950 5949 5948
f 5950 5951 5949
f 5951 5950 5952
f 5951 5952 5953
f 5954 5953 5952
f 5954 5955 5953
f 5955 5954 5956
f 5955 5956 5957
f 5958 5957 5956
f 5958 5959 5957
f 5959 5958 5960
f 5959 5960 5961
f 5962 5961 5960
f 5962 5963 5961
f 5963 5962 5964
f 5963 5964 5965
f 5966 5965 5964
f 5966 5967 5965
f 5967 5966 5968
f 5967 5968 5969
f 5970 5969 5968
f 5970 5971 5969
f 5971 5970 5972
f 5971 5972 5973
f 5974 5973 5972
f 5974 5975 5973
f 5975 5974 5976
f 5975 5976 5977
f 5978 5977 5976
f 5978 5979 5977
f 5979 5978 5980
f 5979 5980 5981
f 5982 5981 5980
f 5982 5983 5981
f 5983 5982 5984
f 5983 5984 5985
f 5986 5985 5984
f 5986 5987 5985
f 5987 5986 5988
f 5987 5988 5989
f 5990 5989 5988
f 5990 5991 5989
f 5991 5990 5992
f 5991 5992 5993
f 5994 5993 5992
f 5994 5995 5993
f 5995 5994 5996
f 5995 5996 5997
f 5998 5997 5996
f 5998 5999 5997
f 5999 5998 6000
f 5999 6000 6001
f 6002 6001 6000
f 6002 6003 6001
f 6003 6002 6004
f 6003 6004 6005
f 6006 6005 6004
f 6006 6007 6005
f 6007 6006 6008
f 6007 6008 6009
f 6010 6009 6008
f 6010 6011 6009
f 6011 6010 6012
f 6011 6012 6013
f 6014 6013 6012
f 6014 6015 6013
f 6015 6014 6016
f 6015 6016 6017
f 6018 6017 6016
f 6018 6019 6017
f 6019 6018 6020
f 6019 6020 6021
f 6022 6021 6020
f 6022 6023 6021
f 6023 6022 6024
f 6023 6024 6025
f 6026 6025 6024
f 6026 6027 6025
f 6027 6026 6028
f 6027 6028 6029
f 6030 6029 6028
f 6030 6031 6029
f 6031 6030 6032
f 6031 6032 6033
f 6034 6033 6032
f 6034 6035 6033
f 6035 6034 6036
f 6035 6036 6037
f 6038 6037 6036
f 6038 6039 6037
f 6039 6038 6040
f 6039 6040 6041
f 6042 6041 6040
f 6042 6043 6041
f 6043 6042 6044
f 6043 6044 6045
f 6046 6045 6044
f 6046 6047 6045
f 6047 6046 6048
f 6047 6048 6049
f 6050 6049 6048
f 6050 6051 6049
f 6051 6050 6052
f 6051 6052 6053
f 6054 6053 6052
f 6054 6055 6053
f 6055 6054 6056
f 6055 6056 6057
f 6058 6057 6056
f 6058 6059 6057
f 6059 6058 6060
f 6059 6060 6061
f 6062 6061 6060
f 6062 6063 6061
f 6063 6062 6064
f 6063 6064 6065
f 6066 6065 6064
f 6066 6067 6065
f 6067 6066 6068
f 6067 6068 6069
f 6070 6069 6068
f 6070 6071 6069
f 6071 6070 6072
f 6071 6072 6073
f 6074 6073 6072
f 6074 6075 6073
f 6075 6074 6076
f 6075 6076 6077
f 6078 6077 6076
f 6078 6079 6077
f 6079 6078 6080
f 6079 6080 6081
f 6082 6081 6080
f 6082 6083 6081
f 6083 6082 5654
f 6083 5654 6084
f 5652 6084 5654
f 5652 5649 6084
f 5658 5662 5661
f 5658 5657 5662
f 5670 5666 5665
f 5670 5669 5666
f 6085 5155 5156
f 6085 6086 5155
f 5165 6086 6085
f 5165 5164 6086
f 5179 5169 5168
f 5179 5180 5169
f 5462 5466 5465
f 5462 5461 5466
f 5454 5458 5457
f 5454 5453 5458
f 5446 5450 5449
f 5446 5445 5450
f 5470 5474 5473
f 5470 5469 5474
f 5478 5482 5481
f 5478 5477 5482
f 5486 5490 5489
f 5486 5485 5490
f 5398 5402 5401
f 5398 5397 5402
f 5406 5410 5409
f 5406 5405 5410
f 5414 5418 5417
f 5414 5413 5418
f 5422 5426 5425
f 5422 5421 5426
f 5430 5434 5433
f 5430 5429 5434
f 5438 5442 5441
f 5438 5437 5442
f 5564 5568 5567
f 5564 5563 5568
f 5572 5576 5575
f 5572 5571 5576
f 5604 5608 5607
f 5604 5603 5608
f 5612 5616 5615
f 5612 5611 5616
f 5620 5624 5623
f 5620 5619 5624
f 5628 5632 5631
f 5628 5627 5632
f 5580 5584 5583
f 5580 5579 5584
f 5588 5592 5591
f 5588 5587 5592
f 5596 5600 5599
f 5596 5595 5600
f 5548 5552 5551
f 5548 5547 5552
f 5556 5560 5559
f 5556 5555 5560
f 5636 5640 5639
f 5636 5635 5640
f 6087 1946 1948
f 6087 6088 1946
f 3936 6088 6087
f 3936 3935 6088
f 3303 1935 1934
f 3303 3301 1935
f 5541 5391 5392
f 5541 5544 5391
f 5390 1949 1952
f 5393 5390 1952
f 3304 5497 5543
f 3305 3304 5543
f 5290 5285 5065
f 5290 5065 5066
f 5298 5293 5069
f 5298 5069 5067
f 5282 5277 5074
f 5282 5074 5072
f 5314 5309 5078
f 5314 5078 5076
f 5322 5317 5085
f 5322 5085 5080
f 5084 5301 5089
f 5306 5301 5084
f 5088 5197 5092
f 5202 5197 5088
f 5094 5205 5096
f 5210 5205 5094
f 5098 5213 5100
f 5218 5213 5098
f 5102 5221 5104
f 5226 5221 5102
f 5108 5229 5113
f 5234 5229 5108
f 5114 5237 5116
f 5242 5237 5114
f 5118 5245 5121
f 5250 5245 5118
f 5330 5325 5125
f 5330 5125 5120
f 5258 5253 5129
f 5258 5129 5124
f 5266 5261 5133
f 5266 5133 5128
f 5274 5269 5137
f 5274 5137 5132
f 5186 5181 5140
f 5186 5140 5136
f 5194 5189 5143
f 5194 5143 5142
f 5338 5333 5145
f 5338 5145 5144
f 5292 5287 5285
f 5292 5285 5290
f 5300 5295 5293
f 5300 5293 5298
f 5284 5279 5277
f 5284 5277 5282
f 5316 5311 5309
f 5316 5309 5314
f 5324 5319 5317
f 5324 5317 5322
f 5308 5303 5301
f 5308 5301 5306
f 5204 5199 5197
f 5204 5197 5202
f 5212 5207 5205
f 5212 5205 5210
f 5220 5215 5213
f 5220 5213 5218
f 5228 5223 5221
f 5228 5221 5226
f 5236 5231 5229
f 5236 5229 5234
f 5244 5239 5237
f 5244 5237 5242
f 5252 5247 5245
f 5252 5245 5250
f 5332 5327 5325
f 5332 5325 5330
f 5260 5255 5253
f 5260 5253 5258
f 5268 5263 5261
f 5268 5261 5266
f 5276 5271 5269
f 5276 5269 5274
f 5188 5183 5181
f 5188 5181 5186
f 5196 5191 5189
f 5196 5189 5194
f 5340 5335 5333
f 5340 5333 5338
f 3550 3552 3626
f 3550 3626 3623
f 3553 3554 3630
f 3553 3630 3627
f 3555 3557 3622
f 3555 3622 3619
f 3558 3561 3638
f 3558 3638 3635
f 3564 3565 3642
f 3564 3642 3639
f 3631 3569 3634
f 3568 3569 3631
f 3595 3573 3598
f 3572 3573 3595
f 3599 3579 3602
f 3576 3579 3599
f 3603 3583 3606
f 3577 3583 3603
f 3607 3587 3610
f 3581 3587 3607
f 3585 3593 3614
f 3585 3614 3611
f 3592 3594 3618
f 3592 3618 3615
f 3699 3647 3702
f 3645 3647 3699
f 3703 3650 3706
f 3649 3650 3703
f 3707 3653 3710
f 3651 3653 3707
f 3711 3657 3714
f 3654 3657 3711
f 3715 3661 3718
f 3660 3661 3715
f 3664 3668 3734
f 3664 3734 3731
f 3665 3669 3722
f 3665 3722 3719
f 3672 3673 3726
f 3672 3726 3723
f 3676 3677 3730
f 3676 3730 3727
f 3680 3683 3694
f 3680 3694 3691
f 3681 3689 3698
f 3681 3698 3695
f 3688 3690 3738
f 3688 3738 3735
f 6083 5174 6079
f 5883 5174 5879
f 5903 5174 5899
f 5983 5174 5979
f 5963 5174 5959
f 6003 5174 5999
f 6015 6019 5174
f 6015 5174 6011
f 6023 5174 6019
f 5923 5174 5919
f 5943 5174 5939
f 6075 6079 5174
f 6075 5174 6071
f 6043 5174 6039
f 5995 5999 5174
f 5995 5174 5991
f 6055 6059 5174
f 6055 5174 6051
f 6035 6039 5174
f 6035 5174 6031
f 5975 5979 5174
f 5975 5174 5971
f 6063 5174 6059
f 5935 5939 5174
f 5935 5174 5931
f 5955 5959 5174
f 5955 5174 5951
f 5915 5919 5174
f 5915 5174 5911
f 5895 5899 5174
f 5895 5174 5891
f 5967 5971 5174
f 5967 5174 5963
f 6027 6031 5174
f 6027 5174 6023
f 5947 5951 5174
f 5947 5174 5943
f 5927 5174 5923
f 5927 5931 5174
f 6007 6011 5174
f 6007 5174 6003
f 5649 5175 5174
f 5649 5174 6083
f 5887 5891 5174
f 5887 5174 5883
f 6067 6071 5174
f 6067 5174 6063
f 6047 6051 5174
f 6047 5174 6043
f 5987 5991 5174
f 5987 5174 5983
f 5907 5911 5174
f 5907 5174 5903
f 5921 5923 5919
f 5941 5943 5939
f 6061 6063 6059
f 6021 6023 6019
f 5961 5963 5959
f 6001 6003 5999
f 5981 5983 5979
f 6081 6083 6079
f 5881 5883 5879
f 6041 6043 6039
f 5901 5903 5899
f 6073 6075 6071
f 5933 5935 5931
f 5953 5955 5951
f 6084 5649 6083
f 5973 5975 5971
f 6013 6015 6011
f 5993 5995 5991
f 6033 6035 6031
f 5893 5895 5891
f 5913 5915 5911
f 6053 6055 6051
f 5885 5887 5883
f 5905 5907 5903
f 5925 5927 5923
f 5965 5967 5963
f 5945 5947 5943
f 5977 5979 5975
f 5985 5987 5983
f 5997 5999 5995
f 6005 6007 6003
f 6017 6019 6015
f 6025 6027 6023
f 6077 6079 6075
f 6057 6059 6055
f 6065 6067 6063
f 6045 6047 6043
f 6037 6039 6035
f 5937 5939 5935
f 5957 5959 5955
f 5897 5899 5895
f 5917 5919 5915
f 6029 6031 6027
f 5929 5931 5927
f 5949 5951 5947
f 5969 5971 5967
f 5989 5991 5987
f 6009 6011 6007
f 6049 6051 6047
f 5889 5891 5887
f 6069 6071 6067
f 5909 5911 5907
f 5873 5875 5877
f 5869 5871 5873
f 5865 5867 5869
f 5861 5863 5865
f 5857 5859 5861
f 5853 5855 5857
f 5849 5851 5853
f 5845 5847 5849
f 5841 5843 5845
f 5837 5839 5841
f 5833 5835 5837
f 5829 5831 5833
f 5825 5827 5829
f 5821 5823 5825
f 5817 5819 5821
f 5813 5815 5817
f 5809 5811 5813
f 5805 5807 5809
f 5801 5803 5805
f 5797 5799 5801
f 5793 5795 5797
f 5789 5791 5793
f 5785 5787 5789
f 5781 5783 5785
f 5777 5779 5781
f 5773 5775 5777
f 5769 5771 5773
f 5765 5767 5769
f 5761 5763 5765
f 5757 5759 5761
f 5753 5755 5757
f 5749 5751 5753
f 5745 5747 5749
f 5741 5743 5745
f 5737 5739 5741
f 5733 5735 5737
f 5729 5731 5733
f 5725 5727 5729
f 5721 5723 5725
f 5717 5719 5721
f 5713 5715 5717
f 5709 5711 5713
f 5705 5707 5709
f 5701 5703 5705
f 5697 5699 5701
f 5693 5695 5697
f 5689 5691 5693
f 5685 5687 5689
f 5681 5683 5685
f 5677 5679 5681
f 5673 5675 5677
f 5641 5671 5673
f 5151 5705 5709
f 5151 5801 5805
f 5151 5701 5705
f 5151 5877 5879
f 5151 5681 5685
f 5151 5697 5701
f 5151 5793 5797
f 5151 5693 5697
f 5151 5805 5809
f 5151 5673 5677
f 5151 5689 5693
f 5151 5789 5793
f 5151 5685 5689
f 5151 5821 5825
f 5151 5785 5789
f 5151 5677 5681
f 5151 5817 5821
f 5151 5879 5174
f 5151 5641 5673
f 5151 5777 5781
f 5151 5813 5817
f 5151 5773 5777
f 5151 5869 5873
f 5151 5841 5845
f 5151 5769 5773
f 5151 5765 5769
f 5151 5761 5765
f 5151 5861 5865
f 5151 5757 5761
f 5151 5865 5869
f 5151 5753 5757
f 5151 5849 5853
f 5151 5749 5753
f 5151 5781 5785
f 5151 5745 5749
f 5151 5845 5849
f 5151 5741 5745
f 5151 5853 5857
f 5151 5825 5829
f 5151 5737 5741
f 5151 5837 5841
f 5151 5809 5813
f 5151 5833 5837
f 5151 5733 5737
f 5151 5729 5733
f 5151 5829 5833
f 5151 5725 5729
f 5151 5857 5861
f 5151 5721 5725
f 5151 5717 5721
f 5151 5713 5717
f 5151 5797 5801
f 5151 5873 5877
f 5151 5709 5713
f 5152 5641 5151
f 5642 5655 5643
f 5660 5655 5642
f 5664 5667 5648
f 5664 5648 5650
f 5662 5657 5655
f 5662 5655 5660
f 5666 5669 5667
f 5666 5667 5664
f 5155 6086 5160
f 5155 5160 5154
f 6086 5164 5162
f 6086 5162 5160
f 5169 5180 5170
f 5169 5170 5166
f 5464 5459 5341
f 5464 5341 5342
f 5456 5451 5345
f 5456 5345 5343
f 5448 5443 5350
f 5448 5350 5348
f 5472 5467 5356
f 5472 5356 5352
f 5480 5475 5361
f 5480 5361 5358
f 5360 5483 5365
f 5488 5483 5360
f 5364 5395 5368
f 5400 5395 5364
f 5370 5403 5372
f 5408 5403 5370
f 5374 5411 5376
f 5416 5411 5374
f 5378 5419 5380
f 5424 5419 5378
f 5432 5427 5383
f 5432 5383 5382
f 5440 5435 5385
f 5440 5385 5384
f 5492 5561 5491
f 5566 5561 5492
f 5493 5569 5498
f 5574 5569 5493
f 5500 5601 5502
f 5606 5601 5500
f 5504 5609 5508
f 5614 5609 5504
f 5510 5617 5513
f 5622 5617 5510
f 5630 5625 5517
f 5630 5517 5512
f 5582 5577 5521
f 5582 5521 5516
f 5590 5585 5525
f 5590 5525 5520
f 5598 5593 5528
f 5598 5528 5524
f 5550 5545 5532
f 5550 5532 5530
f 5558 5553 5535
f 5558 5535 5534
f 5638 5633 5537
f 5638 5537 5536
f 5466 5461 5459
f 5466 5459 5464
f 5458 5453 5451
f 5458 5451 5456
f 5450 5445 5443
f 5450 5443 5448
f 5474 5469 5467
f 5474 5467 5472
f 5482 5477 5475
f 5482 5475 5480
f 5490 5485 5483
f 5490 5483 5488
f 5402 5397 5395
f 5402 5395 5400
f 5410 5405 5403
f 5410 5403 5408
f 5418 5413 5411
f 5418 5411 5416
f 5426 5421 5419
f 5426 5419 5424
f 5434 5429 5427
f 5434 5427 5432
f 5442 5437 5435
f 5442 5435 5440
f 5568 5563 5561
f 5568 5561 5566
f 5576 5571 5569
f 5576 5569 5574
f 5608 5603 5601
f 5608 5601 5606
f 5616 5611 5609
f 5616 5609 5614
f 5624 5619 5617
f 5624 5617 5622
f 5632 5627 5625
f 5632 5625 5630
f 5584 5579 5577
f 5584 5577 5582
f 5592 5587 5585
f 5592 5585 5590
f 5600 5595 5593
f 5600 5593 5598
f 5552 5547 5545
f 5552 5545 5550
f 5560 5555 5553
f 5560 5553 5558
f 5640 5635 5633
f 5640 5633 5638
f 1946 6088 3931
f 1946 3931 1950
f 6088 3935 3933
f 6088 3933 3931
f 1935 3301 1936
f 1935 1936 1932
f 3742 3744 3822
f 3742 3822 3819
f 3745 3746 3818
f 3745 3818 3815
f 3748 3749 3814
f 3748 3814 3811
f 3752 3753 3826
f 3752 3826 3823
f 3756 3760 3830
f 3756 3830 3827
f 3831 3764 3834
f 3757 3764 3831
f 3787 3767 3790
f 3761 3767 3787
f 3791 3771 3794
f 3765 3771 3791
f 3795 3775 3798
f 3769 3775 3795
f 3799 3779 3802
f 3773 3779 3799
f 3777 3785 3806
f 3777 3806 3803
f 3784 3786 3810
f 3784 3810 3807
f 3891 3839 3894
f 3837 3839 3891
f 3895 3842 3898
f 3841 3842 3895
f 3911 3845 3914
f 3843 3845 3911
f 3915 3849 3918
f 3846 3849 3915
f 3919 3856 3922
f 3852 3856 3919
f 3853 3857 3926
f 3853 3926 3923
f 3860 3864 3902
f 3860 3902 3899
f 3861 3865 3906
f 3861 3906 3903
f 3868 3869 3910
f 3868 3910 3907
f 3872 3875 3886
f 3872 3886 3883
f 3873 3881 3890
f 3873 3890 3887
f 3880 3882 3930
f 3880 3930 3927
f 5722 5724 5726
f 5762 5764 5766
f 5742 5744 5746
f 5782 5784 5786
f 5802 5804 5806
f 5822 5824 5826
f 5842 5844 5846
f 5862 5864 5866
f 5682 5684 5686
f 5702 5704 5706
f 5850 5846 5848
f 5850 5852 5854
f 5870 5866 5868
f 5870 5872 5874
f 5647 5672 5674
f 5730 5726 5728
f 5730 5732 5734
f 5750 5746 5748
f 5750 5752 5754
f 5770 5766 5768
f 5770 5772 5774
f 5810 5806 5808
f 5810 5812 5814
f 5830 5826 5828
f 5830 5832 5834
f 5690 5686 5688
f 5690 5692 5694
f 5790 5786 5788
f 5790 5792 5794
f 5710 5706 5708
f 5710 5712 5714
f 5718 5714 5716
f 5718 5720 5722
f 5738 5734 5736
f 5738 5740 5742
f 5758 5754 5756
f 5758 5760 5762
f 5778 5774 5776
f 5778 5780 5782
f 5838 5834 5836
f 5838 5840 5842
f 5798 5794 5796
f 5798 5800 5802
f 5818 5814 5816
f 5818 5820 5822
f 5858 5854 5856
f 5858 5860 5862
f 5678 5674 5676
f 5678 5680 5682
f 5698 5694 5696
f 5698 5700 5702
f 5880 5876 5878
f 5880 5874 5876
f 5884 5880 5882
f 5884 5870 5874
f 5884 5874 5880
f 5888 5862 5866
f 5888 5884 5886
f 5888 5870 5884
f 5888 5866 5870
f 5892 5888 5890
f 5892 5862 5888
f 5896 5892 5894
f 5896 5858 5862
f 5896 5862 5892
f 5900 5896 5898
f 5900 5854 5858
f 5900 5858 5896
f 5904 5900 5902
f 5904 5854 5900
f 5904 5850 5854
f 5908 5904 5906
f 5908 5850 5904
f 5908 5842 5846
f 5908 5846 5850
f 5912 5908 5910
f 5912 5842 5908
f 5916 5912 5914
f 5916 5842 5912
f 5916 5838 5842
f 5920 5830 5834
f 5920 5834 5838
f 5920 5916 5918
f 5920 5838 5916
f 5924 5920 5922
f 5924 5830 5920
f 5928 5924 5926
f 5928 5830 5924
f 5928 5822 5826
f 5928 5826 5830
f 5932 5928 5930
f 5932 5822 5928
f 5936 5818 5822
f 5936 5932 5934
f 5936 5822 5932
f 5940 5818 5936
f 5940 5936 5938
f 5940 5814 5818
f 5944 5940 5942
f 5944 5814 5940
f 5944 5810 5814
f 5948 5806 5810
f 5948 5802 5806
f 5948 5944 5946
f 5948 5810 5944
f 5952 5948 5950
f 5952 5802 5948
f 5956 5952 5954
f 5956 5798 5802
f 5956 5802 5952
f 5960 5798 5956
f 5960 5956 5958
f 5960 5794 5798
f 5960 5790 5794
f 5964 5960 5962
f 5964 5790 5960
f 5968 5782 5786
f 5968 5964 5966
f 5968 5786 5790
f 5968 5790 5964
f 5972 5968 5970
f 5972 5782 5968
f 5976 5972 5974
f 5976 5778 5782
f 5976 5782 5972
f 5980 5778 5976
f 5980 5774 5778
f 5980 5770 5774
f 5980 5976 5978
f 5984 5980 5982
f 5984 5770 5980
f 5988 5770 5984
f 5988 5766 5770
f 5988 5984 5986
f 5988 5762 5766
f 5992 5988 5990
f 5992 5762 5988
f 5996 5758 5762
f 5996 5762 5992
f 5996 5992 5994
f 6000 5758 5996
f 6000 5996 5998
f 6000 5754 5758
f 6004 5750 5754
f 6004 6000 6002
f 6004 5754 6000
f 6008 5750 6004
f 6008 6004 6006
f 6008 5746 5750
f 6008 5742 5746
f 6012 5742 6008
f 6012 6008 6010
f 6016 6012 6014
f 6016 5742 6012
f 6016 5738 5742
f 6020 5730 5734
f 6020 5734 5738
f 6020 5738 6016
f 6020 6016 6018
f 6024 5730 6020
f 6024 6020 6022
f 6028 5730 6024
f 6028 5722 5726
f 6028 6024 6026
f 6028 5726 5730
f 6032 5722 6028
f 6032 6028 6030
f 6036 5722 6032
f 6036 6032 6034
f 6036 5718 5722
f 6040 5710 5714
f 6040 5718 6036
f 6040 5714 5718
f 6040 6036 6038
f 6044 5710 6040
f 6044 6040 6042
f 6048 5710 6044
f 6048 5702 5706
f 6048 6044 6046
f 6048 5706 5710
f 6052 5702 6048
f 6052 6048 6050
f 6056 5702 6052
f 6056 5698 5702
f 6056 6052 6054
f 6060 5694 5698
f 6060 6056 6058
f 6060 5698 6056
f 6064 6060 6062
f 6068 6064 6066
f 6072 6068 6070
f 6076 6072 6074
f 6080 6076 6078
f 5654 6080 6082
f 5654 5647 5674
f 5654 5674 6080
f 6080 5674 5678
f 6080 5678 6076
f 6076 5678 5682
f 6076 5682 6072
f 6072 5682 6068
f 6068 5682 5686
f 6068 5686 5690
f 6068 5690 6064
f 6064 5690 6060
f 6060 5690 5694
f 5392 5542 5541
f 5394 5542 5392
f 6089 1952 6090
f 6091 1952 6089
f 1957 6090 1952
f 6092 6090 1957
f 6093 1952 6091
f 6094 6092 1957
f 6095 6091 6089
f 6095 6094 1957
f 6095 6089 6094
f 6096 1952 6093
f 6097 6095 1957
f 6097 6096 6093
f 6098 1952 6096
f 6099 6097 1957
f 6099 6096 6097
f 6100 1952 6098
f 6101 6099 1957
f 6102 1952 6100
f 6103 6100 6098
f 6103 6098 6101
f 6104 1952 6102
f 6105 6102 6106
f 6105 6104 6102
f 6107 6108 6109
f 6107 6110 6108
f 6111 6112 6113
f 6114 6112 6111
f 6115 6116 6117
f 6115 6118 6116
f 6119 6120 6121
f 6122 6120 6119
f 6123 6124 6125
f 6123 6126 6124
f 5393 6127 6128
f 5393 6118 6121
f 5393 6120 6124
f 5393 6126 6127
f 5393 6128 6129
f 5393 6121 6120
f 5393 6124 6126
f 6130 6128 6127
f 6130 6127 6131
f 6132 5393 6129
f 6132 5394 5393
f 6133 5394 6132
f 6134 6132 6129
f 6134 6129 6135
f 6136 5394 6133
f 6137 6136 6133
f 6137 6133 6138
f 6139 6140 6141
f 6139 6141 6142
f 6143 6144 6145
f 6143 6145 6146
f 6147 6148 6149
f 6147 6150 6148
f 6151 5542 6152
f 6153 5543 5542
f 6153 5542 6151
f 6154 6152 6155
f 6154 6151 6152
f 6156 5543 6153
f 6157 5543 6156
f 6158 6153 6159
f 6158 6156 6153
f 6160 5543 6157
f 6161 5543 6160
f 6162 6157 6163
f 6162 6160 6157
f 6164 5543 6161
f 6165 5543 6164
f 6166 6161 6167
f 6166 6164 6161
f 6168 5543 6165
f 6169 6168 6165
f 6170 5543 6168
f 6171 6168 6169
f 6172 5543 6170
f 6173 5543 6172
f 6174 6172 6170
f 6174 6170 6175
f 6176 6177 6173
f 6176 6173 6178
f 6179 6180 6181
f 6179 6181 6182
f 6183 6184 6185
f 6183 6185 6186
f 6187 6188 6189
f 6187 6189 6190
f 6191 6192 6193
f 6194 6192 6191
f 3305 6188 6193
f 3305 6192 6195
f 3305 6181 6180
f 3305 6185 6184
f 3305 6189 6188
f 3305 6193 6192
f 3305 6195 6196
f 3305 6177 6181
f 3305 6180 6185
f 3305 6184 6189
f 6197 3305 6196
f 6198 6195 6199
f 6198 6196 6195
f 3310 6191 6187
f 3310 6199 6194
f 3310 6197 6200
f 3310 6200 6198
f 3310 6187 6190
f 3310 6194 6191
f 3310 3305 6197
f 3310 6198 6199
f 1957 3310 6190
f 1957 6190 6183
f 1957 6183 6186
f 1957 6186 6179
f 1957 6179 6182
f 1957 6182 6176
f 1957 6176 6178
f 1957 6178 6174
f 1957 6174 6175
f 1957 6175 6171
f 1957 6171 6169
f 1957 6169 6166
f 1957 6166 6167
f 1957 6167 6162
f 1957 6162 6163
f 1957 6163 6158
f 1957 6158 6159
f 1957 6159 6154
f 1957 6154 6155
f 1957 6155 6147
f 1957 6147 6149
f 1957 6149 6143
f 1957 6143 6146
f 1957 6146 6139
f 1957 6139 6142
f 1957 6142 6137
f 1957 6137 6138
f 1957 6138 6134
f 1957 6134 6135
f 1957 6135 6130
f 1957 6130 6131
f 1957 6131 6123
f 1957 6123 6125
f 1957 6125 6122
f 1957 6122 6119
f 1957 6119 6115
f 1957 6115 6117
f 1957 6117 6114
f 1957 6114 6111
f 1957 6111 6107
f 1957 6107 6109
f 1957 6109 6105
f 1957 6105 6106
f 1957 6106 6103
f 1957 6103 6101
f 3305 5543 6173
f 3305 6173 6177
f 5542 5394 6136
f 5542 6136 6141
f 5542 6141 6140
f 5542 6140 6145
f 5542 6145 6144
f 5542 6144 6148
f 5542 6148 6150
f 5542 6150 6152
f 5393 1952 6104
f 5393 6104 6108
f 5393 6108 6110
f 5393 6110 6113
f 5393 6113 6112
f 5393 6112 6116
f 5393 6116 6118
f 6191 6193 6201
f 6191 6201 6202
f 6202 6201 6203
f 6202 6203 6204
f 6188 6187 6205
f 6188 6205 6206
f 6206 6205 6207
f 6206 6207 6208
f 6199 6195 6209
f 6199 6209 6210
f 6210 6209 6211
f 6210 6211 6212
f 6192 6194 6213
f 6192 6213 6214
f 6214 6213 6215
f 6214 6215 6216
f 6112 6114 6217
f 6112 6217 6218
f 6218 6217 6219
f 6218 6219 6220
f 6112 6221 6116
f 6218 6221 6112
f 6117 6116 6221
f 6117 6221 6222
f 6222 6221 6223
f 6222 6223 6224
f 6118 6115 6225
f 6118 6225 6226
f 6226 6225 6227
f 6226 6227 6228
f 6118 6229 6121
f 6226 6229 6118
f 6119 6121 6229
f 6119 6229 6230
f 6230 6229 6231
f 6230 6231 6232
f 6120 6122 6233
f 6120 6233 6234
f 6234 6233 6235
f 6234 6235 6236
f 6120 6237 6124
f 6234 6237 6120
f 6125 6124 6237
f 6125 6237 6238
f 6238 6237 6239
f 6238 6239 6240
f 6126 6123 6241
f 6126 6241 6242
f 6242 6241 6243
f 6242 6243 6244
f 6126 6245 6127
f 6242 6245 6126
f 6131 6127 6245
f 6131 6245 6246
f 6246 6245 6247
f 6246 6247 6248
f 6128 6130 6249
f 6128 6249 6250
f 6250 6249 6251
f 6250 6251 6252
f 6250 6253 6129
f 6250 6129 6128
f 6135 6129 6253
f 6135 6253 6254
f 6254 6253 6255
f 6254 6255 6256
f 6132 6134 6257
f 6132 6257 6258
f 6258 6257 6259
f 6258 6259 6260
f 6258 6261 6133
f 6258 6133 6132
f 6138 6133 6261
f 6138 6261 6262
f 6262 6261 6263
f 6262 6263 6264
f 6142 6141 6265
f 6142 6265 6266
f 6266 6265 6267
f 6266 6267 6268
f 6136 6137 6269
f 6136 6269 6270
f 6270 6269 6271
f 6270 6271 6272
f 6146 6145 6273
f 6146 6273 6274
f 6274 6273 6275
f 6274 6275 6276
f 6140 6139 6277
f 6140 6277 6278
f 6278 6277 6279
f 6278 6279 6280
f 6149 6148 6281
f 6149 6281 6282
f 6282 6281 6283
f 6282 6283 6284
f 6144 6143 6285
f 6144 6285 6286
f 6286 6285 6287
f 6286 6287 6288
f 6155 6152 6289
f 6155 6289 6290
f 6290 6289 6291
f 6290 6291 6292
f 6150 6147 6293
f 6150 6293 6294
f 6294 6293 6295
f 6294 6295 6296
f 6159 6153 6297
f 6159 6297 6298
f 6298 6297 6299
f 6298 6299 6300
f 6151 6154 6301
f 6151 6301 6302
f 6302 6301 6303
f 6302 6303 6304
f 6163 6157 6305
f 6163 6305 6306
f 6306 6305 6307
f 6306 6307 6308
f 6156 6158 6309
f 6156 6309 6310
f 6310 6309 6311
f 6310 6311 6312
f 6167 6161 6313
f 6167 6313 6314
f 6314 6313 6315
f 6314 6315 6316
f 6160 6162 6317
f 6160 6317 6318
f 6318 6317 6319
f 6318 6319 6320
f 6169 6165 6321
f 6169 6321 6322
f 6322 6321 6323
f 6322 6323 6324
f 6164 6166 6325
f 6164 6325 6326
f 6326 6325 6327
f 6326 6327 6328
f 6175 6170 6329
f 6175 6329 6330
f 6330 6329 6331
f 6330 6331 6332
f 6168 6171 6333
f 6168 6333 6334
f 6334 6333 6335
f 6334 6335 6336
f 6182 6181 6337
f 6182 6337 6338
f 6338 6337 6339
f 6338 6339 6340
f 6177 6176 6341
f 6177 6341 6342
f 6342 6341 6343
f 6342 6343 6344
f 6186 6185 6345
f 6186 6345 6346
f 6346 6345 6347
f 6346 6347 6348
f 6180 6179 6349
f 6180 6349 6350
f 6350 6349 6351
f 6350 6351 6352
f 6190 6189 6353
f 6190 6353 6354
f 6354 6353 6355
f 6354 6355 6356
f 6184 6183 6357
f 6184 6357 6358
f 6358 6357 6359
f 6358 6359 6360
f 6096 6099 6361
f 6096 6361 6362
f 6362 6361 6363
f 6362 6363 6364
f 6362 6365 6098
f 6362 6098 6096
f 6101 6098 6365
f 6101 6365 6366
f 6366 6365 6367
f 6366 6367 6368
f 6091 6095 6369
f 6091 6369 6370
f 6370 6369 6371
f 6370 6371 6372
f 6370 6373 6093
f 6370 6093 6091
f 6097 6093 6373
f 6097 6373 6374
f 6374 6373 6375
f 6374 6375 6376
f 6090 6092 6377
f 6090 6377 6378
f 6378 6377 6379
f 6378 6379 6380
f 6378 6381 6089
f 6378 6089 6090
f 6094 6089 6381
f 6094 6381 6382
f 6382 6381 6383
f 6382 6383 6384
f 6100 6103 6385
f 6100 6385 6386
f 6386 6385 6387
f 6386 6387 6388
f 6386 6389 6102
f 6386 6102 6100
f 6106 6102 6389
f 6106 6389 6390
f 6390 6389 6391
f 6390 6391 6392
f 6104 6105 6393
f 6104 6393 6394
f 6394 6393 6395
f 6394 6395 6396
f 6394 6397 6108
f 6394 6108 6104
f 6109 6108 6397
f 6109 6397 6398
f 6398 6397 6399
f 6398 6399 6400
f 6110 6107 6401
f 6110 6401 6402
f 6402 6401 6403
f 6402 6403 6404
f 6110 6405 6113
f 6402 6405 6110
f 6111 6113 6405
f 6111 6405 6406
f 6406 6405 6407
f 6406 6407 6408
f 6178 6173 6409
f 6178 6409 6410
f 6410 6409 6411
f 6410 6411 6412
f 6172 6174 6413
f 6172 6413 6414
f 6414 6413 6415
f 6414 6415 6416
f 6200 6197 6417
f 6200 6417 6418
f 6418 6417 6419
f 6418 6419 6420
f 6196 6198 6421
f 6196 6421 6422
f 6422 6421 6423
f 6422 6423 6424
f 6136 6265 6141
f 6270 6265 6136
f 6140 6273 6145
f 6278 6273 6140
f 6144 6281 6148
f 6286 6281 6144
f 6150 6289 6152
f 6294 6289 6150
f 6151 6297 6153
f 6302 6297 6151
f 6384 6380 6379
f 6384 6383 6380
f 6156 6305 6157
f 6310 6305 6156
f 6160 6313 6161
f 6318 6313 6160
f 6164 6321 6165
f 6326 6321 6164
f 6168 6329 6170
f 6334 6329 6168
f 6376 6372 6371
f 6376 6375 6372
f 6414 6409 6173
f 6414 6173 6172
f 6342 6337 6181
f 6342 6181 6177
f 6350 6345 6185
f 6350 6185 6180
f 6358 6353 6189
f 6358 6189 6184
f 6368 6364 6363
f 6368 6367 6364
f 6206 6201 6193
f 6206 6193 6188
f 6214 6209 6195
f 6214 6195 6192
f 6422 6417 6197
f 6422 6197 6196
f 6380 6383 6381
f 6380 6381 6378
f 6392 6388 6387
f 6392 6391 6388
f 6372 6375 6373
f 6372 6373 6370
f 6364 6367 6365
f 6364 6365 6362
f 6388 6391 6389
f 6388 6389 6386
f 6396 6399 6397
f 6396 6397 6394
f 6400 6396 6395
f 6400 6399 6396
f 6404 6407 6405
f 6404 6405 6402
f 6220 6223 6221
f 6220 6221 6218
f 6228 6231 6229
f 6228 6229 6226
f 6236 6239 6237
f 6236 6237 6234
f 6408 6404 6403
f 6408 6407 6404
f 6244 6247 6245
f 6244 6245 6242
f 6252 6255 6253
f 6252 6253 6250
f 6260 6263 6261
f 6260 6261 6258
f 6272 6267 6265
f 6272 6265 6270
f 6224 6220 6219
f 6224 6223 6220
f 6280 6275 6273
f 6280 6273 6278
f 6288 6283 6281
f 6288 6281 6286
f 6296 6291 6289
f 6296 6289 6294
f 6304 6299 6297
f 6304 6297 6302
f 6312 6307 6305
f 6312 6305 6310
f 6232 6228 6227
f 6232 6231 6228
f 6320 6315 6313
f 6320 6313 6318
f 6328 6323 6321
f 6328 6321 6326
f 6336 6331 6329
f 6336 6329 6334
f 6416 6411 6409
f 6416 6409 6414
f 6240 6236 6235
f 6240 6239 6236
f 6344 6339 6337
f 6344 6337 6342
f 6352 6347 6345
f 6352 6345 6350
f 6360 6355 6353
f 6360 6353 6358
f 6208 6203 6201
f 6208 6201 6206
f 6248 6244 6243
f 6248 6247 6244
f 6216 6211 6209
f 6216 6209 6214
f 6424 6419 6417
f 6424 6417 6422
f 1954 6425 4129
f 1954 4129 1958
f 6425 4133 4131
f 6425 4131 4129
f 1929 3307 1931
f 1929 1931 1926
f 6256 6252 6251
f 6256 6255 6252
f 3940 3942 4019
f 3940 4019 4018
f 3943 3944 4015
f 3943 4015 4014
f 3945 3947 4011
f 3945 4011 4010
f 3950 3953 4023
f 3950 4023 4022
f 6264 6260 6259
f 6264 6263 6260
f 3951 3958 4027
f 3951 4027 4026
f 4030 3959 4031
f 3955 3959 4030
f 3986 3965 3987
f 3962 3965 3986
f 6268 6272 6271
f 6268 6267 6272
f 3990 3969 3991
f 3963 3969 3990
f 3994 3971 3995
f 3967 3971 3994
f 3998 3977 3999
f 3974 3977 3998
f 3975 3983 4003
f 3975 4003 4002
f 6276 6280 6279
f 6276 6275 6280
f 3982 3984 4007
f 3982 4007 4006
f 4090 4037 4091
f 4035 4037 4090
f 4094 4040 4095
f 4039 4040 4094
f 6284 6288 6287
f 6284 6283 6288
f 4098 4043 4099
f 4041 4043 4098
f 4102 4047 4103
f 4044 4047 4102
f 4106 4054 4107
f 4050 4054 4106
f 4051 4058 4123
f 4051 4123 4122
f 6292 6296 6295
f 6292 6291 6296
f 4055 4062 4111
f 4055 4111 4110
f 4059 4063 4115
f 4059 4115 4114
f 4066 4067 4119
f 4066 4119 4118
f 4070 4073 4083
f 4070 4083 4082
f 6300 6304 6303
f 6300 6299 6304
f 4071 4079 4087
f 4071 4087 4086
f 4078 4080 4127
f 4078 4127 4126
f 6308 6312 6311
f 6308 6307 6312
f 6316 6320 6319
f 6316 6315 6320
f 6324 6328 6327
f 6324 6323 6328
f 6332 6336 6335
f 6332 6331 6336
f 6412 6416 6415
f 6412 6411 6416
f 6340 6344 6343
f 6340 6339 6344
f 6348 6352 6351
f 6348 6347 6352
f 6356 6360 6359
f 6356 6355 6360
f 6204 6208 6207
f 6204 6203 6208
f 6212 6216 6215
f 6212 6211 6216
f 6420 6424 6423
f 6420 6419 6424
f 6426 1954 1956
f 6426 6425 1954
f 4134 6425 6426
f 4134 4133 6425
f 1928 3307 1929
f 3309 3307 1928
f 1962 6427 4327
f 1962 4327 1966
f 6427 4331 4329
f 6427 4329 4327
f 1923 3313 1925
f 1923 1925 1920
f 4138 4140 4217
f 4138 4217 4216
f 4141 4142 4213
f 4141 4213 4212
f 4143 4145 4209
f 4143 4209 4208
f 4146 4151 4221
f 4146 4221 4220
f 4149 4156 4225
f 4149 4225 4224
f 4228 4160 4229
f 4153 4160 4228
f 4184 4161 4185
f 4157 4161 4184
f 4188 4167 4189
f 4164 4167 4188
f 4192 4171 4193
f 4165 4171 4192
f 4196 4175 4197
f 4169 4175 4196
f 4173 4181 4201
f 4173 4201 4200
f 4180 4182 4205
f 4180 4205 4204
f 4288 4235 4289
f 4233 4235 4288
f 4292 4238 4293
f 4237 4238 4292
f 4296 4241 4297
f 4239 4241 4296
f 4300 4247 4301
f 4242 4247 4300
f 4304 4252 4305
f 4245 4252 4304
f 4249 4256 4321
f 4249 4321 4320
f 4253 4260 4309
f 4253 4309 4308
f 4257 4261 4313
f 4257 4313 4312
f 4264 4268 4317
f 4264 4317 4316
f 4265 4269 4281
f 4265 4281 4280
f 4272 4277 4285
f 4272 4285 4284
f 4276 4278 4325
f 4276 4325 4324
f 1835 1902 1913
f 1835 1913 1837
f 4409 4990 5001
f 4409 5001 4411
f 1254 1918 2256
f 1254 2256 1257
f 2799 4333 4417
f 2799 4417 2803
f 3311 1957 1960
f 3311 3310 1957
f 1838 1898 1903
f 1834 1898 1838
f 4412 4986 4991
f 4408 4986 4412
f 1261 2255 2260
f 1261 2260 1260
f 2802 4416 4415
f 2802 4415 2807
f 1832 1894 1899
f 1832 1899 1836
f 4406 4984 4987
f 4406 4987 4410
f 1265 2259 2264
f 1265 2264 1264
f 2806 4419 4418
f 2806 4418 2811
f 1833 1890 1895
f 1830 1890 1833
f 4407 4978 4985
f 4404 4978 4407
f 1269 2263 2268
f 1269 2268 1268
f 2810 4421 4420
f 2810 4420 2815
f 1831 1886 1891
f 1828 1886 1831
f 4405 4974 4979
f 4402 4974 4405
f 1273 2267 2272
f 1273 2272 1272
f 2814 4423 4422
f 2814 4422 2819
f 1829 1882 1887
f 1825 1882 1829
f 4403 4970 4975
f 4399 4970 4403
f 1277 2271 2274
f 1277 2274 1276
f 2818 4425 4424
f 2818 4424 2821
f 1827 1878 1883
f 1824 1878 1827
f 6428 1960 6429
f 6430 1960 6428
f 1965 6429 1960
f 6431 6429 1965
f 6432 1960 6430
f 6433 6431 1965
f 6434 6430 6428
f 6434 6433 1965
f 6434 6428 6433
f 6435 1960 6432
f 6436 6434 1965
f 6437 1960 6435
f 6438 6435 6432
f 6438 6436 1965
f 6438 6432 6436
f 6439 1960 6437
f 6440 6438 1965
f 6440 6439 6437
f 6441 1960 6439
f 6442 6439 6440
f 6443 1960 6441
f 6444 6443 6441
f 6444 6441 6445
f 6446 6447 6448
f 6446 6449 6447
f 6450 6451 6452
f 6453 6451 6450
f 6454 6455 6456
f 6454 6457 6455
f 6458 6459 6460
f 6458 6461 6459
f 6462 6463 6464
f 6465 6463 6462
f 6466 6467 6468
f 6469 6467 6466
f 6470 6471 6472
f 6470 6472 6473
f 6474 6475 6476
f 6474 6476 6477
f 6478 6479 6480
f 6478 6480 6481
f 6482 6483 6484
f 6482 6484 6485
f 6486 6487 6488
f 6486 6488 6489
f 6490 6491 6492
f 6490 6493 6491
f 6494 6495 6496
f 6494 6497 6495
f 6498 6499 6500
f 6498 6501 6499
f 6502 6503 6504
f 6502 6505 6503
f 6506 6507 6508
f 6506 6509 6507
f 6510 6511 6512
f 6510 6513 6511
f 6514 6515 6516
f 6514 6517 6515
f 6518 6519 6520
f 6518 6520 6521
f 6522 6523 6524
f 6522 6524 6525
f 6526 6527 6528
f 6526 6528 6529
f 6530 6531 6532
f 6533 6531 6530
f 3311 6520 6519
f 3311 6527 6532
f 3311 6531 6534
f 3311 6524 6523
f 3311 6528 6527
f 3311 6532 6531
f 3311 6534 6535
f 3311 6517 6520
f 3311 6519 6524
f 3311 6523 6528
f 6536 3311 6535
f 6537 6535 6534
f 6538 6535 6537
f 3316 6530 6526
f 3316 6537 6533
f 3316 6536 6539
f 3316 6539 6538
f 3316 6526 6529
f 3316 6533 6530
f 3316 3311 6536
f 3316 6538 6537
f 1965 3316 6529
f 1965 6529 6522
f 1965 6522 6525
f 1965 6525 6518
f 1965 6518 6521
f 1965 6521 6514
f 1965 6514 6516
f 1965 6516 6510
f 1965 6510 6512
f 1965 6512 6506
f 1965 6506 6508
f 1965 6508 6502
f 1965 6502 6504
f 1965 6504 6498
f 1965 6498 6500
f 1965 6500 6494
f 1965 6494 6496
f 1965 6496 6490
f 1965 6490 6492
f 1965 6492 6486
f 1965 6486 6489
f 1965 6489 6482
f 1965 6482 6485
f 1965 6485 6478
f 1965 6478 6481
f 1965 6481 6474
f 1965 6474 6477
f 1965 6477 6470
f 1965 6470 6473
f 1965 6473 6469
f 1965 6469 6466
f 1965 6466 6465
f 1965 6465 6462
f 1965 6462 6458
f 1965 6458 6460
f 1965 6460 6454
f 1965 6454 6456
f 1965 6456 6453
f 1965 6453 6450
f 1965 6450 6446
f 1965 6446 6448
f 1965 6448 6444
f 1965 6444 6445
f 1965 6445 6442
f 1965 6442 6440
f 3311 1960 6443
f 3311 6443 6447
f 3311 6447 6449
f 3311 6449 6452
f 3311 6452 6451
f 3311 6451 6455
f 3311 6455 6457
f 3311 6457 6459
f 3311 6459 6461
f 3311 6461 6464
f 3311 6464 6463
f 3311 6463 6468
f 3311 6468 6467
f 3311 6467 6472
f 3311 6472 6471
f 3311 6471 6476
f 3311 6476 6475
f 3311 6475 6480
f 3311 6480 6479
f 3311 6479 6484
f 3311 6484 6483
f 3311 6483 6488
f 3311 6488 6487
f 3311 6487 6491
f 3311 6491 6493
f 3311 6493 6495
f 3311 6495 6497
f 3311 6497 6499
f 3311 6499 6501
f 3311 6501 6503
f 3311 6503 6505
f 3311 6505 6507
f 3311 6507 6509
f 3311 6509 6511
f 3311 6511 6513
f 3311 6513 6515
f 3311 6515 6517
f 6527 6526 6540
f 6527 6540 6541
f 6541 6540 6542
f 6541 6542 6543
f 6541 6544 6532
f 6541 6532 6527
f 6530 6532 6544
f 6530 6544 6545
f 6545 6544 6546
f 6545 6546 6547
f 6543 6546 6544
f 6543 6544 6541
f 6531 6533 6548
f 6531 6548 6549
f 6549 6548 6550
f 6549 6550 6551
f 6549 6552 6534
f 6549 6534 6531
f 6537 6534 6552
f 6537 6552 6553
f 6553 6552 6554
f 6553 6554 6555
f 6551 6554 6552
f 6551 6552 6549
f 6451 6453 6556
f 6451 6556 6557
f 6557 6556 6558
f 6557 6558 6559
f 6451 6560 6455
f 6557 6560 6451
f 6456 6455 6560
f 6456 6560 6561
f 6561 6560 6562
f 6561 6562 6563
f 6559 6562 6560
f 6559 6560 6557
f 6457 6454 6564
f 6457 6564 6565
f 6565 6564 6566
f 6565 6566 6567
f 6457 6568 6459
f 6565 6568 6457
f 6460 6459 6568
f 6460 6568 6569
f 6569 6568 6570
f 6569 6570 6571
f 6567 6570 6568
f 6567 6568 6565
f 6461 6458 6572
f 6461 6572 6573
f 6573 6572 6574
f 6573 6574 6575
f 6461 6576 6464
f 6573 6576 6461
f 6462 6464 6576
f 6462 6576 6577
f 6577 6576 6578
f 6577 6578 6579
f 6575 6578 6576
f 6575 6576 6573
f 6463 6465 6580
f 6463 6580 6581
f 6581 6580 6582
f 6581 6582 6583
f 6463 6584 6468
f 6581 6584 6463
f 6466 6468 6584
f 6466 6584 6585
f 6585 6584 6586
f 6585 6586 6587
f 6583 6586 6584
f 6583 6584 6581
f 6467 6469 6588
f 6467 6588 6589
f 6589 6588 6590
f 6589 6590 6591
f 6589 6592 6472
f 6589 6472 6467
f 6473 6472 6592
f 6473 6592 6593
f 6593 6592 6594
f 6593 6594 6595
f 6591 6594 6592
f 6591 6592 6589
f 6471 6470 6596
f 6471 6596 6597
f 6597 6596 6598
f 6597 6598 6599
f 6597 6600 6476
f 6597 6476 6471
f 6477 6476 6600
f 6477 6600 6601
f 6601 6600 6602
f 6601 6602 6603
f 6599 6602 6600
f 6599 6600 6597
f 6475 6474 6604
f 6475 6604 6605
f 6605 6604 6606
f 6605 6606 6607
f 6475 6608 6480
f 6605 6608 6475
f 6481 6480 6608
f 6481 6608 6609
f 6609 6608 6610
f 6609 6610 6611
f 6607 6610 6608
f 6607 6608 6605
f 6479 6478 6612
f 6479 6612 6613
f 6613 6612 6614
f 6613 6614 6615
f 6479 6616 6484
f 6613 6616 6479
f 6485 6484 6616
f 6485 6616 6617
f 6617 6616 6618
f 6617 6618 6619
f 6615 6618 6616
f 6615 6616 6613
f 6483 6482 6620
f 6483 6620 6621
f 6621 6620 6622
f 6621 6622 6623
f 6483 6624 6488
f 6621 6624 6483
f 6489 6488 6624
f 6489 6624 6625
f 6625 6624 6626
f 6625 6626 6627
f 6623 6626 6624
f 6623 6624 6621
f 6487 6486 6628
f 6487 6628 6629
f 6629 6628 6630
f 6629 6630 6631
f 6487 6632 6491
f 6629 6632 6487
f 6492 6491 6632
f 6492 6632 6633
f 6633 6632 6634
f 6633 6634 6635
f 6631 6634 6632
f 6631 6632 6629
f 6493 6490 6636
f 6493 6636 6637
f 6637 6636 6638
f 6637 6638 6639
f 6493 6640 6495
f 6637 6640 6493
f 6496 6495 6640
f 6496 6640 6641
f 6641 6640 6642
f 6641 6642 6643
f 6639 6642 6640
f 6639 6640 6637
f 6497 6494 6644
f 6497 6644 6645
f 6645 6644 6646
f 6645 6646 6647
f 6497 6648 6499
f 6645 6648 6497
f 6500 6499 6648
f 6500 6648 6649
f 6649 6648 6650
f 6649 6650 6651
f 6647 6650 6648
f 6647 6648 6645
f 6501 6498 6652
f 6501 6652 6653
f 6653 6652 6654
f 6653 6654 6655
f 6501 6656 6503
f 6653 6656 6501
f 6504 6503 6656
f 6504 6656 6657
f 6657 6656 6658
f 6657 6658 6659
f 6655 6658 6656
f 6655 6656 6653
f 6505 6502 6660
f 6505 6660 6661
f 6661 6660 6662
f 6661 6662 6663
f 6505 6664 6507
f 6661 6664 6505
f 6508 6507 6664
f 6508 6664 6665
f 6665 6664 6666
f 6665 6666 6667
f 6663 6666 6664
f 6663 6664 6661
f 6509 6506 6668
f 6509 6668 6669
f 6669 6668 6670
f 6669 6670 6671
f 6509 6672 6511
f 6669 6672 6509
f 6512 6511 6672
f 6512 6672 6673
f 6673 6672 6674
f 6673 6674 6675
f 6671 6674 6672
f 6671 6672 6669
f 6517 6514 6676
f 6517 6676 6677
f 6677 6676 6678
f 6677 6678 6679
f 6677 6680 6520
f 6677 6520 6517
f 6521 6520 6680
f 6521 6680 6681
f 6681 6680 6682
f 6681 6682 6683
f 6679 6682 6680
f 6679 6680 6677
f 6519 6518 6684
f 6519 6684 6685
f 6685 6684 6686
f 6685 6686 6687
f 6685 6688 6524
f 6685 6524 6519
f 6525 6524 6688
f 6525 6688 6689
f 6689 6688 6690
f 6689 6690 6691
f 6687 6690 6688
f 6687 6688 6685
f 6523 6522 6692
f 6523 6692 6693
f 6693 6692 6694
f 6693 6694 6695
f 6693 6696 6528
f 6693 6528 6523
f 6529 6528 6696
f 6529 6696 6697
f 6697 6696 6698
f 6697 6698 6699
f 6695 6698 6696
f 6695 6696 6693
f 6435 6438 6700
f 6435 6700 6701
f 6701 6700 6702
f 6701 6702 6703
f 6701 6704 6437
f 6701 6437 6435
f 6440 6437 6704
f 6440 6704 6705
f 6705 6704 6706
f 6705 6706 6707
f 6703 6706 6704
f 6703 6704 6701
f 6430 6434 6708
f 6430 6708 6709
f 6709 6708 6710
f 6709 6710 6711
f 6709 6712 6432
f 6709 6432 6430
f 6436 6432 6712
f 6436 6712 6713
f 6713 6712 6714
f 6713 6714 6715
f 6711 6714 6712
f 6711 6712 6709
f 6429 6431 6716
f 6429 6716 6717
f 6717 6716 6718
f 6717 6718 6719
f 6717 6720 6428
f 6717 6428 6429
f 6433 6428 6720
f 6433 6720 6721
f 6721 6720 6722
f 6721 6722 6723
f 6719 6722 6720
f 6719 6720 6717
f 6439 6442 6724
f 6439 6724 6725
f 6725 6724 6726
f 6725 6726 6727
f 6725 6728 6441
f 6725 6441 6439
f 6445 6441 6728
f 6445 6728 6729
f 6729 6728 6730
f 6729 6730 6731
f 6727 6730 6728
f 6727 6728 6725
f 6443 6444 6732
f 6443 6732 6733
f 6733 6732 6734
f 6733 6734 6735
f 6733 6736 6447
f 6733 6447 6443
f 6448 6447 6736
f 6448 6736 6737
f 6737 6736 6738
f 6737 6738 6739
f 6735 6738 6736
f 6735 6736 6733
f 6449 6446 6740
f 6449 6740 6741
f 6741 6740 6742
f 6741 6742 6743
f 6449 6744 6452
f 6741 6744 6449
f 6450 6452 6744
f 6450 6744 6745
f 6745 6744 6746
f 6745 6746 6747
f 6743 6746 6744
f 6743 6744 6741
f 6513 6510 6748
f 6513 6748 6749
f 6749 6748 6750
f 6749 6750 6751
f 6749 6752 6515
f 6749 6515 6513
f 6516 6515 6752
f 6516 6752 6753
f 6753 6752 6754
f 6753 6754 6755
f 6751 6754 6752
f 6751 6752 6749
f 6535 6538 6756
f 6535 6756 6757
f 6757 6756 6758
f 6757 6758 6759
f 6757 6760 6536
f 6757 6536 6535
f 6539 6536 6760
f 6539 6760 6761
f 6761 6760 6762
f 6761 6762 6763
f 6759 6762 6760
f 6759 6760 6757
f 6723 6719 6718
f 6723 6722 6719
f 6715 6711 6710
f 6715 6714 6711
f 6707 6703 6702
f 6707 6706 6703
f 6731 6727 6726
f 6731 6730 6727
f 6739 6735 6734
f 6739 6738 6735
f 6747 6743 6742
f 6747 6746 6743
f 6563 6559 6558
f 6563 6562 6559
f 6571 6567 6566
f 6571 6570 6567
f 6579 6575 6574
f 6579 6578 6575
f 6587 6583 6582
f 6587 6586 6583
f 6595 6591 6590
f 6595 6594 6591
f 6603 6599 6598
f 6603 6602 6599
f 6611 6607 6606
f 6611 6610 6607
f 6619 6615 6614
f 6619 6618 6615
f 6627 6623 6622
f 6627 6626 6623
f 6635 6631 6630
f 6635 6634 6631
f 6643 6639 6638
f 6643 6642 6639
f 6651 6647 6646
f 6651 6650 6647
f 6659 6655 6654
f 6659 6658 6655
f 6667 6663 6662
f 6667 6666 6663
f 6675 6671 6670
f 6675 6674 6671
f 6755 6751 6750
f 6755 6754 6751
f 6683 6679 6678
f 6683 6682 6679
f 6691 6687 6686
f 6691 6690 6687
f 6699 6695 6694
f 6699 6698 6695
f 6547 6543 6542
f 6547 6546 6543
f 6555 6551 6550
f 6555 6554 6551
f 6763 6759 6758
f 6763 6762 6759
f 6764 1962 1964
f 6764 6427 1962
f 4332 6427 6764
f 4332 4331 6427
f 1922 3313 1923
f 3315 3313 1922
f 4401 4966 4971
f 4398 4966 4401
f 1281 2273 2278
f 1281 2278 1280
f 2820 4427 4426
f 2820 4426 2825
f 1826 1874 1879
f 1822 1874 1826
f 4400 4962 4967
f 4396 4962 4400
f 3317 1965 1968
f 3317 3316 1965
f 1285 2277 2282
f 1285 2282 1284
f 1913 1803 1837
f 1913 1916 1803
f 2824 4429 4428
f 2824 4428 2829
f 5001 4379 4411
f 5001 5004 4379
f 1823 1870 1875
f 1820 1870 1823
f 2217 1244 1243
f 2217 2216 1244
f 4397 4958 4963
f 4393 4958 4397
f 4448 2763 2762
f 4448 4449 2763
f 1289 2281 2286
f 1289 2286 1288
f 2219 1247 1246
f 2219 2215 1247
f 2828 4431 4430
f 2828 4430 2833
f 4452 2761 2765
f 4452 4453 2761
f 1818 1866 1871
f 1818 1871 1821
f 2221 1249 1248
f 2221 2218 1249
f 4392 4954 4959
f 4392 4959 4395
f 4454 2764 2767
f 4454 4459 2764
f 1293 2285 2290
f 1293 2290 1292
f 2223 1251 1250
f 2223 2220 1251
f 2832 4433 4432
f 2832 4432 2837
f 4460 2766 2769
f 4460 4461 2766
f 1819 1862 1867
f 1815 1862 1819
f 2225 1253 1252
f 2225 2222 1253
f 4394 4950 4955
f 4389 4950 4394
f 4464 2768 2771
f 4464 4467 2768
f 1297 2289 2294
f 1297 2294 1296
f 2227 1256 1255
f 2227 2224 1256
f 2836 4435 4434
f 2836 4434 2841
f 4470 2770 2773
f 4470 4472 2770
f 1817 1858 1863
f 1814 1858 1817
f 2229 1259 1258
f 2229 2226 1259
f 4391 4946 4951
f 4388 4946 4391
f 4471 2772 2775
f 4471 4473 2772
f 1301 2293 2298
f 1301 2298 1300
f 2231 1263 1262
f 2231 2228 1263
f 2840 4437 4436
f 2840 4436 2845
f 4474 2774 2777
f 4474 4477 2774
f 1816 1855 1859
f 1812 1855 1816
f 2233 1267 1266
f 2233 2230 1267
f 4390 4942 4947
f 4386 4942 4390
f 4478 2776 2779
f 4478 4481 2776
f 1305 2297 2302
f 1305 2302 1304
f 2844 4439 4438
f 2844 4438 2849
f 1813 1852 1856
f 1810 1852 1813
f 4387 4940 4943
f 4384 4940 4387
f 2739 1843 2711
f 4366 1854 1843
f 4364 4366 1843
f 3292 3263 4364
f 3292 1843 2739
f 3292 4364 1843
f 2194 1854 1968
f 4366 3545 3317
f 3317 1968 1854
f 3317 1854 4366
f 1309 2301 2306
f 1309 2306 1308
f 2236 1271 1270
f 2236 2232 1271
f 2848 4441 4440
f 2848 4440 2853
f 4484 2778 2782
f 4484 4487 2778
f 1811 1850 1853
f 1808 1850 1811
f 2238 1275 1274
f 2238 2235 1275
f 4385 4934 4941
f 4382 4934 4385
f 4488 2781 2784
f 4488 4491 2781
f 1313 2305 2310
f 1313 2310 1312
f 2240 1279 1278
f 2240 2237 1279
f 2852 4443 4442
f 2852 4442 2857
f 4492 2783 2786
f 4492 4494 2783
f 1809 1848 1851
f 1806 1848 1809
f 2242 1283 1282
f 2242 2239 1283
f 4383 4930 4935
f 4377 4930 4383
f 4493 2785 2788
f 4493 4497 2785
f 1317 2309 2314
f 1317 2314 1316
f 2244 1287 1286
f 2244 2241 1287
f 2856 4445 4444
f 2856 4444 2861
f 4498 2787 2790
f 4498 4501 2787
f 1807 1846 1849
f 1802 1846 1807
f 2246 1291 1290
f 2246 2243 1291
f 4381 4926 4931
f 4376 4926 4381
f 4504 2789 2792
f 4504 4507 2789
f 1321 2313 2316
f 1321 2316 1320
f 2248 1295 1294
f 2248 2245 1295
f 2860 4447 4446
f 2860 4446 2863
f 4508 2791 2794
f 4508 4511 2791
f 1805 1844 1847
f 1796 1844 1805
f 2250 1299 1298
f 2250 2247 1299
f 4378 4922 4927
f 4370 4922 4378
f 4512 2793 2796
f 4512 4513 2793
f 1325 2315 2320
f 1325 2320 1324
f 2252 1303 1302
f 2252 2249 1303
f 2862 4451 4450
f 2862 4450 2867
f 4516 2795 2798
f 4516 4520 2795
f 1792 1841 1845
f 1792 1845 1799
f 1903 1835 1838
f 1903 1902 1835
f 4365 4918 4923
f 4365 4923 4373
f 4991 4409 4412
f 4991 4990 4409
f 1972 1307 1306
f 1972 1971 1307
f 4519 3321 3320
f 4519 4522 3321
f 1329 2319 2324
f 1329 2324 1328
f 1899 1834 1836
f 1899 1898 1834
f 2866 4456 4455
f 2866 4455 2871
f 4987 4408 4410
f 4987 4986 4408
f 1974 1311 1310
f 1974 1970 1311
f 4521 3319 3323
f 4521 4525 3319
f 2711 1843 1842
f 1795 2711 1842
f 1788 2712 2711
f 1788 2711 1795
f 1895 1832 1833
f 1895 1894 1832
f 3263 4914 4919
f 4369 3263 4919
f 4364 3263 4369
f 3264 4914 3263
f 4985 4406 4407
f 4985 4984 4406
f 1976 1315 1314
f 1976 1973 1315
f 4526 3322 3325
f 4526 4529 3322
f 1333 2323 2328
f 1333 2328 1332
f 1891 1830 1831
f 1891 1890 1830
f 2870 4458 4457
f 2870 4457 2875
f 4979 4404 4405
f 4979 4978 4404
f 1978 1319 1318
f 1978 1975 1319
f 4530 3324 3327
f 4530 4531 3324
f 1784 2713 2710
f 1784 2710 1791
f 1887 1828 1829
f 1887 1886 1828
f 3262 4910 4915
f 3262 4915 3261
f 4975 4402 4403
f 4975 4974 4402
f 1980 1323 1322
f 1980 1977 1323
f 4532 3326 3329
f 4532 4536 3326
f 1337 2327 2332
f 1337 2332 1336
f 1883 1825 1827
f 1883 1882 1825
f 2874 4463 4462
f 2874 4462 2879
f 4971 4399 4401
f 4971 4970 4399
f 1982 1327 1326
f 1982 1979 1327
f 4535 3328 3331
f 4535 4537 3328
f 1782 2707 2706
f 1782 2706 1787
f 1879 1824 1826
f 1879 1878 1824
f 3258 4906 4911
f 3258 4911 3257
f 4967 4398 4400
f 4967 4966 4398
f 1984 1331 1330
f 1984 1981 1331
f 4538 3330 3333
f 4538 4539 3330
f 1341 2331 2336
f 1341 2336 1340
f 1875 1822 1823
f 1875 1874 1822
f 2878 4466 4465
f 2878 4465 2883
f 4963 4396 4397
f 4963 4962 4396
f 1986 1335 1334
f 1986 1983 1335
f 4542 3332 3335
f 4542 4543 3332
f 1776 2702 2701
f 1776 2701 1783
f 1871 1820 1821
f 1871 1870 1820
f 3254 4902 4907
f 3254 4907 3253
f 4959 4393 4395
f 4959 4958 4393
f 1988 1339 1338
f 1988 1985 1339
f 4546 3334 3337
f 4546 4547 3334
f 1345 2335 2340
f 1345 2340 1344
f 1867 1818 1819
f 1867 1866 1818
f 2882 4469 4468
f 2882 4468 2887
f 4955 4392 4394
f 4955 4954 4392
f 1990 1343 1342
f 1990 1987 1343
f 4548 3336 3339
f 4548 4549 3336
f 1774 2700 2699
f 1774 2699 1779
f 1863 1815 1817
f 1863 1862 1815
f 3250 4898 4903
f 3250 4903 3249
f 4951 4389 4391
f 4951 4950 4389
f 1992 1347 1346
f 1992 1989 1347
f 4550 3338 3341
f 4550 4551 3338
f 1349 2339 2344
f 1349 2344 1348
f 1859 1814 1816
f 1859 1858 1814
f 2886 4476 4475
f 2886 4475 2891
f 4947 4388 4390
f 4947 4946 4388
f 1994 1351 1350
f 1994 1991 1351
f 4554 3340 3343
f 4554 4555 3340
f 1770 2697 2696
f 1770 2696 1775
f 1856 1812 1813
f 1856 1855 1812
f 3248 4894 4899
f 3248 4899 3247
f 4943 4386 4387
f 4943 4942 4386
f 1996 1355 1354
f 1996 1993 1355
f 4556 3342 3345
f 4556 4559 3342
f 1353 2343 2348
f 1353 2348 1352
f 1853 1810 1811
f 1853 1852 1810
f 2890 4480 4479
f 2890 4479 2895
f 4941 4384 4385
f 4941 4940 4384
f 1998 1359 1358
f 1998 1995 1359
f 4560 3344 3347
f 4560 4561 3344
f 1764 2692 2691
f 1764 2691 1773
f 1851 1808 1809
f 1851 1850 1808
f 3243 4890 4895
f 3243 4895 3242
f 4935 4382 4383
f 4935 4934 4382
f 2000 1363 1362
f 2000 1997 1363
f 4562 3346 3349
f 4562 4563 3346
f 1357 2347 2350
f 1357 2350 1356
f 1849 1806 1807
f 1849 1848 1806
f 2894 4483 4482
f 2894 4482 2897
f 4931 4377 4381
f 4931 4930 4377
f 2002 1367 1366
f 2002 1999 1367
f 4564 3348 3351
f 4564 4567 3348
f 1760 2688 2687
f 1760 2687 1767
f 1847 1802 1805
f 1847 1846 1802
f 3239 4886 4891
f 3239 4891 3238
f 4927 4376 4378
f 4927 4926 4376
f 2004 1371 1370
f 2004 2001 1371
f 4568 3350 3353
f 4568 4569 3350
f 1361 2349 2354
f 1361 2354 1360
f 1845 1796 1799
f 1845 1844 1796
f 2896 4486 4485
f 2896 4485 2901
f 4923 4370 4373
f 4923 4922 4370
f 2006 1375 1374
f 2006 2003 1375
f 4572 3352 3355
f 4572 4573 3352
f 1756 2685 2684
f 1756 2684 1763
f 1842 1792 1795
f 1842 1841 1792
f 3236 4882 4887
f 3236 4887 3235
f 4919 4365 4369
f 4919 4918 4365
f 2008 1379 1378
f 2008 2005 1379
f 4574 3354 3357
f 4574 4577 3354
f 1365 2353 2358
f 1365 2358 1364
f 2710 1788 1791
f 2710 2712 1788
f 2900 4490 4489
f 2900 4489 2905
f 4915 3264 3261
f 4915 4914 3264
f 2010 1383 1382
f 2010 2007 1383
f 4578 3356 3359
f 4578 4579 3356
f 1752 2680 2679
f 1752 2679 1759
f 2706 1784 1787
f 2706 2713 1784
f 3231 4878 4883
f 3231 4883 3230
f 4911 3262 3257
f 4911 4910 3262
f 2012 1387 1386
f 2012 2009 1387
f 4580 3358 3361
f 4580 4581 3358
f 1369 2357 2360
f 1369 2360 1368
f 2701 1782 1783
f 2701 2707 1782
f 2904 4496 4495
f 2904 4495 2907
f 4907 3258 3253
f 4907 4906 3258
f 2014 1391 1390
f 2014 2011 1391
f 4584 3360 3363
f 4584 4585 3360
f 1237 613 639
f 1237 1240 613
f 1748 2678 2677
f 1748 2677 1755
f 2699 1776 1779
f 2699 2702 1776
f 3229 4874 4879
f 3229 4879 3228
f 4903 3254 3249
f 4903 4902 3254
f 2016 1397 1396
f 2016 2013 1397
f 4588 3362 3365
f 4588 4589 3362
f 671 38 37
f 666 671 37
f 1373 2359 2364
f 1373 2364 1372
f 2696 1774 1775
f 2696 2700 1774
f 2906 4500 4499
f 2906 4499 2911
f 4899 3250 3247
f 4899 4898 3250
f 2018 1401 1400
f 2018 2015 1401
f 4592 3364 3367
f 4592 4593 3364
f 675 41 40
f 674 675 40
f 1746 2673 2672
f 1746 2672 1751
f 2691 1770 1773
f 2691 2697 1770
f 3224 4870 4875
f 3224 4875 3223
f 4895 3248 3242
f 4895 4894 3248
f 2020 1405 1404
f 2020 2017 1405
f 4596 3366 3369
f 4596 4597 3366
f 679 43 42
f 676 679 42
f 1377 2363 2368
f 1377 2368 1376
f 2687 1764 1767
f 2687 2692 1764
f 2910 4503 4502
f 2910 4502 2915
f 4891 3243 3238
f 4891 4890 3243
f 2022 1409 1408
f 2022 2019 1409
f 4600 3368 3371
f 4600 4601 3368
f 683 45 44
f 680 683 44
f 1742 2670 2669
f 1742 2669 1747
f 2684 1760 1763
f 2684 2688 1760
f 3221 4866 4871
f 3221 4871 3220
f 4887 3239 3235
f 4887 4886 3239
f 2024 1413 1412
f 2024 2021 1413
f 4604 3370 3373
f 4604 4605 3370
f 687 47 46
f 686 687 46
f 1381 2367 2370
f 1381 2370 1380
f 2679 1756 1759
f 2679 2685 1756
f 2914 4506 4505
f 2914 4505 2917
f 4883 3236 3230
f 4883 4882 3236
f 2026 1417 1416
f 2026 2023 1417
f 4608 3372 3375
f 4608 4609 3372
f 691 50 49
f 690 691 49
f 1736 2668 2667
f 1736 2667 1745
f 2677 1752 1755
f 2677 2680 1752
f 3219 4862 4867
f 3219 4867 3218
f 4879 3231 3228
f 4879 4878 3231
f 2028 1421 1420
f 2028 2025 1421
f 4612 3374 3377
f 4612 4613 3374
f 1385 2369 2374
f 1385 2374 1384
f 697 53 52
f 694 697 52
f 2916 4510 4509
f 2916 4509 2921
f 2672 1748 1751
f 2672 2678 1748
f 1732 2665 2664
f 1732 2664 1739
f 4875 3229 3223
f 4875 4874 3229
f 2030 1425 1424
f 2030 2027 1425
f 4616 3376 3379
f 4616 4619 3376
f 699 57 56
f 698 699 56
f 3216 4860 4863
f 3216 4863 3215
f 2669 1746 1747
f 2669 2673 1746
f 1389 2373 2378
f 1389 2378 1388
f 4871 3224 3220
f 4871 4870 3224
f 2032 1429 1428
f 2032 2029 1429
f 4620 3378 3381
f 4620 4621 3378
f 703 61 60
f 700 703 60
f 2920 4515 4514
f 2920 4514 2925
f 2667 1742 1745
f 2667 2670 1742
f 1730 2662 2661
f 1730 2661 1735
f 4867 3221 3218
f 4867 4866 3221
f 2034 1433 1432
f 2034 2031 1433
f 4624 3380 3383
f 4624 4625 3380
f 707 65 64
f 706 707 64
f 3213 4856 4861
f 3213 4861 3212
f 2664 1736 1739
f 2664 2668 1736
f 1393 2377 2380
f 1393 2380 1392
f 4863 3219 3215
f 4863 4862 3219
f 2036 1437 1436
f 2036 2033 1437
f 4628 3382 3385
f 4628 4631 3382
f 713 69 68
f 710 713 68
f 2924 4518 4517
f 2924 4517 2927
f 2661 1732 1735
f 2661 2665 1732
f 1724 2660 2659
f 1724 2659 1731
f 4861 3216 3212
f 4861 4860 3216
f 2038 1441 1440
f 2038 2035 1441
f 4632 3384 3387
f 4632 4633 3384
f 717 73 72
f 714 717 72
f 3211 4852 4857
f 3211 4857 3210
f 2659 1730 1731
f 2659 2662 1730
f 1395 2379 2384
f 1395 2384 1394
f 4857 3213 3210
f 4857 4856 3213
f 2040 1445 1444
f 2040 2037 1445
f 4636 3386 3389
f 4636 4637 3386
f 2926 4524 4523
f 2926 4523 2931
f 722 77 76
f 718 722 76
f 1722 2657 2656
f 1722 2656 1727
f 2656 1724 1727
f 2656 2660 1724
f 3208 4848 4853
f 3208 4853 3207
f 4853 3211 3207
f 4853 4852 3211
f 2042 1449 1448
f 2042 2039 1449
f 4640 3388 3391
f 4640 4641 3388
f 723 81 80
f 719 723 80
f 1399 2383 2388
f 1399 2388 1398
f 2653 1722 1723
f 2653 2657 1722
f 2930 4528 4527
f 2930 4527 2935
f 4849 3208 3204
f 4849 4848 3208
f 2044 1453 1452
f 2044 2041 1453
f 4642 3390 3393
f 4642 4645 3390
f 729 85 84
f 726 729 84
f 1712 2654 2653
f 1712 2653 1723
f 2648 1712 1715
f 2648 2654 1712
f 3205 4844 4849
f 3205 4849 3204
f 4845 3205 3199
f 4845 4844 3205
f 2046 1457 1456
f 2046 2043 1457
f 4646 3392 3395
f 4646 4647 3392
f 731 89 88
f 730 731 88
f 1403 2387 2392
f 1403 2392 1402
f 2645 1706 1709
f 2645 2649 1706
f 2934 4534 4533
f 2934 4533 2939
f 4841 3200 3196
f 4841 4840 3200
f 2048 1461 1460
f 2048 2045 1461
f 4648 3394 3397
f 4648 4651 3394
f 735 93 92
f 732 735 92
f 1706 2649 2648
f 1706 2648 1715
f 2641 1700 1703
f 2641 2646 1700
f 3200 4840 4845
f 3200 4845 3199
f 4837 3197 3192
f 4837 4836 3197
f 2050 1465 1464
f 2050 2047 1465
f 4652 3396 3399
f 4652 4653 3396
f 2258 97 96
f 2258 2253 97
f 738 2800 2805
f 738 739 2800
f 1407 2391 2394
f 1407 2394 1406
f 1228 638 640
f 1229 1228 640
f 2938 4541 4540
f 2938 4540 2941
f 2639 1696 1699
f 2639 2642 1696
f 1700 2646 2645
f 1700 2645 1709
f 4833 3193 3190
f 4833 4832 3193
f 2052 1469 1468
f 2052 2049 1469
f 4654 3398 3401
f 4654 4655 3398
f 2262 101 100
f 2262 2257 101
f 740 2804 2809
f 740 743 2804
f 1222 636 637
f 1223 1222 637
f 3197 4836 4841
f 3197 4841 3196
f 2633 1690 1693
f 2633 2640 1690
f 1411 2393 2398
f 1411 2398 1410
f 4829 3191 3184
f 4829 4828 3191
f 2054 1473 1472
f 2054 2051 1473
f 4658 3400 3403
f 4658 4659 3400
f 2266 105 104
f 2266 2261 105
f 746 2808 2813
f 746 747 2808
f 1218 634 635
f 1219 1218 635
f 2940 4545 4544
f 2940 4544 2945
f 638 1228 1237
f 638 1237 639
f 2630 1682 1685
f 2630 2634 1682
f 1696 2642 2641
f 1696 2641 1703
f 4825 3185 3181
f 4825 4824 3185
f 2056 1477 1476
f 2056 2053 1477
f 4660 3402 3405
f 4660 4661 3402
f 2270 109 108
f 2270 2265 109
f 750 2812 2817
f 750 751 2812
f 1216 632 633
f 1217 1216 633
f 3193 4832 4837
f 3193 4837 3192
f 2627 1678 1679
f 2627 2631 1678
f 1415 2397 2402
f 1415 2402 1414
f 4821 3182 3178
f 4821 4820 3182
f 2058 1481 1480
f 2058 2055 1481
f 4662 3404 3407
f 4662 4663 3404
f 2276 113 112
f 2276 2269 113
f 752 2816 2823
f 752 755 2816
f 1212 630 631
f 1213 1212 631
f 2944 4553 4552
f 2944 4552 2949
f 48 667 645
f 48 645 51
f 636 1222 1229
f 636 1229 640
f 2622 1670 1673
f 2622 2628 1670
f 1690 2640 2639
f 1690 2639 1699
f 4817 3179 3173
f 4817 4816 3179
f 2060 1485 1484
f 2060 2057 1485
f 4666 3406 3409
f 4666 4667 3406
f 2280 117 116
f 2280 2275 117
f 758 2822 2827
f 758 759 2822
f 1206 628 629
f 1207 1206 629
f 3191 4828 4833
f 3191 4833 3190
f 2619 1666 1667
f 2619 2623 1666
f 1419 2401 2406
f 1419 2406 1418
f 4813 3174 3170
f 4813 4812 3174
f 2062 1491 1490
f 2062 2059 1491
f 4670 3408 3411
f 4670 4671 3408
f 2284 121 120
f 2284 2279 121
f 760 2826 2831
f 760 765 2826
f 1202 626 627
f 1203 1202 627
f 2948 4558 4557
f 2948 4557 2953
f 55 644 643
f 55 643 54
f 634 1218 1223
f 634 1223 637
f 2615 1662 1665
f 2615 2620 1662
f 1682 2634 2633
f 1682 2633 1693
f 4809 3171 3166
f 4809 4808 3171
f 2064 1495 1494
f 2064 2061 1495
f 4674 3410 3413
f 4674 4675 3410
f 2288 125 124
f 2288 2283 125
f 766 2830 2835
f 766 767 2830
f 1198 624 625
f 1199 1198 625
f 3185 4824 4829
f 3185 4829 3184
f 2612 1658 1661
f 2612 2616 1658
f 1423 2405 2410
f 1423 2410 1422
f 4805 3167 3163
f 4805 4804 3167
f 2066 1499 1498
f 2066 2063 1499
f 4678 3412 3415
f 4678 4679 3412
f 2292 129 128
f 2292 2287 129
f 768 2834 2839
f 768 772 2834
f 1196 622 623
f 1197 1196 623
f 2952 4566 4565
f 2952 4565 2957
f 59 647 646
f 59 646 58
f 632 1216 1219
f 632 1219 635
f 2608 1652 1655
f 2608 2613 1652
f 1678 2631 2630
f 1678 2630 1685
f 4801 3164 3158
f 4801 4800 3164
f 2068 1503 1502
f 2068 2065 1503
f 4682 3414 3417
f 4682 4683 3414
f 2296 133 132
f 2296 2291 133
f 771 2838 2843
f 771 773 2838
f 1190 620 621
f 1191 1190 621
f 3182 4820 4825
f 3182 4825 3181
f 2604 1650 1651
f 2604 2609 1650
f 1427 2409 2414
f 1427 2414 1426
f 4797 3159 3155
f 4797 4796 3159
f 2070 1507 1506
f 2070 2067 1507
f 4686 3416 3419
f 4686 4687 3416
f 2300 137 136
f 2300 2295 137
f 774 2842 2847
f 774 776 2842
f 1188 618 619
f 1189 1188 619
f 2956 4571 4570
f 2956 4570 2961
f 63 649 648
f 63 648 62
f 630 1212 1217
f 630 1217 633
f 2601 1646 1647
f 2601 2605 1646
f 1670 2628 2627
f 1670 2627 1679
f 4793 3156 3152
f 4793 4792 3156
f 2072 1511 1510
f 2072 2069 1511
f 4690 3418 3421
f 4690 4691 3418
f 2304 141 140
f 2304 2299 141
f 775 2846 2851
f 775 779 2846
f 1182 616 617
f 1183 1182 617
f 3179 4816 4821
f 3179 4821 3178
f 2597 1642 1645
f 2597 2602 1642
f 1431 2413 2418
f 1431 2418 1430
f 4789 3153 3148
f 4789 4788 3153
f 2074 1515 1514
f 2074 2071 1515
f 4694 3420 3423
f 4694 4695 3420
f 2308 145 144
f 2308 2303 145
f 780 2850 2855
f 780 783 2850
f 2960 4576 4575
f 2960 4575 2965
f 1180 612 615
f 1181 1180 615
f 67 651 650
f 67 650 66
f 628 1206 1213
f 628 1213 631
f 2593 1638 1639
f 2593 2598 1638
f 1666 2623 2622
f 1666 2622 1673
f 4785 3149 3144
f 4785 4784 3149
f 2076 1519 1518
f 2076 2073 1519
f 4698 3422 3425
f 4698 4699 3422
f 2312 149 148
f 2312 2307 149
f 784 2854 2859
f 784 785 2854
f 1176 606 609
f 1177 1176 609
f 3174 4812 4817
f 3174 4817 3173
f 2590 1634 1635
f 2590 2594 1634
f 1435 2417 2422
f 1435 2422 1434
f 4781 3145 3141
f 4781 4780 3145
f 2078 1523 1522
f 2078 2075 1523
f 4702 3424 3427
f 4702 4703 3424
f 2964 4583 4582
f 2964 4582 2969
f 2318 153 152
f 2318 2311 153
f 786 2858 2865
f 786 789 2858
f 71 653 652
f 71 652 70
f 1170 604 605
f 1171 1170 605
f 626 1202 1207
f 626 1207 629
f 2586 1630 1633
f 2586 2591 1630
f 1662 2620 2619
f 1662 2619 1667
f 4777 3142 3137
f 4777 4776 3142
f 2080 1527 1526
f 2080 2077 1527
f 4704 3426 3429
f 4704 4705 3426
f 2322 157 156
f 2322 2317 157
f 790 2864 2869
f 790 791 2864
f 3171 4808 4813
f 3171 4813 3170
f 1166 597 603
f 1167 1166 603
f 6765 1626 1627
f 6765 6766 1626
f 6766 6765 6767
f 6766 6767 6768
f 6769 6768 6767
f 6769 6770 6768
f 6771 6772 6770
f 6771 6770 6769
f 6773 6772 6771
f 6773 6774 6772
f 6774 6773 6775
f 6774 6775 6776
f 2583 6776 6775
f 2583 2587 6776
f 6777 3138 3133
f 6777 6778 3138
f 6779 6780 6778
f 6779 6778 6777
f 6781 6780 6779
f 6781 6782 6780
f 6782 6781 6783
f 6782 6783 6784
f 1439 2421 2426
f 1439 2426 1438
f 16 6784 6783
f 16 15 6784
f 2082 1531 1530
f 2082 2079 1531
f 4706 3428 3431
f 4706 4707 3428
f 2326 161 160
f 2326 2321 161
f 792 2868 2873
f 792 795 2868
f 1162 596 598
f 1163 1162 598
f 2968 4587 4586
f 2968 4586 2973
f 75 655 654
f 75 654 74
f 624 1198 1203
f 624 1203 627
f 2581 1622 1623
f 2581 2584 1622
f 1658 2616 2615
f 1658 2615 1665
f 4771 3134 3130
f 4771 4770 3134
f 2085 1535 1534
f 2085 2081 1535
f 4708 3430 3434
f 4708 4710 3430
f 2330 165 164
f 2330 2325 165
f 796 2872 2877
f 796 797 2872
f 1158 590 593
f 1159 1158 593
f 3167 4804 4809
f 3167 4809 3166
f 2577 1618 1621
f 2577 2582 1618
f 1443 2425 2430
f 1443 2430 1442
f 4767 3131 3126
f 4767 4766 3131
f 2334 169 168
f 2334 2329 169
f 800 2876 2881
f 800 802 2876
f 1156 586 589
f 1157 1156 589
f 2972 4591 4590
f 2972 4590 2977
f 79 657 656
f 79 656 78
f 622 1196 1199
f 622 1199 625
f 2574 1614 1615
f 2574 2578 1614
f 1652 2613 2612
f 1652 2612 1661
f 4763 3127 3123
f 4763 4762 3127
f 2338 173 172
f 2338 2333 173
f 801 2880 2885
f 801 803 2880
f 1150 582 585
f 1151 1150 585
f 3164 4800 4805
f 3164 4805 3163
f 2570 1608 1611
f 2570 2575 1608
f 1447 2429 2434
f 1447 2434 1446
f 4761 3124 3119
f 4761 4760 3124
f 2342 177 176
f 2342 2337 177
f 804 2884 2889
f 804 805 2884
f 1146 578 581
f 1147 1146 581
f 2976 4595 4594
f 2976 4594 2981
f 83 659 658
f 83 658 82
f 620 1190 1197
f 620 1197 623
f 2566 1606 1607
f 2566 2571 1606
f 1650 2609 2608
f 1650 2608 1655
f 4757 3120 3115
f 4757 4756 3120
f 2346 181 180
f 2346 2341 181
f 808 2888 2893
f 808 809 2888
f 1142 576 577
f 1143 1142 577
f 3159 4796 4801
f 3159 4801 3158
f 2561 1598 1601
f 2561 2567 1598
f 1451 2433 2438
f 1451 2438 1450
f 4753 3116 3110
f 4753 4752 3116
f 2352 185 184
f 2352 2345 185
f 812 2892 2899
f 812 813 2892
f 2980 4599 4598
f 2980 4598 2985
f 1138 572 573
f 1139 1138 573
f 87 661 660
f 87 660 86
f 618 1188 1191
f 618 1191 621
f 2557 1592 1593
f 2557 2562 1592
f 1646 2605 2604
f 1646 2604 1651
f 4749 3111 3106
f 4749 4748 3111
f 2356 191 190
f 2356 2351 191
f 816 2898 2903
f 816 817 2898
f 1134 565 569
f 1135 1134 569
f 3156 4792 4797
f 3156 4797 3155
f 2553 1586 1587
f 2553 2558 1586
f 1455 2437 2440
f 1455 2440 1454
f 4745 3107 3102
f 4745 4744 3107
f 2362 195 194
f 2362 2355 195
f 820 2902 2909
f 820 821 2902
f 6785 564 566
f 6785 6786 564
f 6786 6785 6787
f 6786 6787 6788
f 6789 6788 6787
f 6789 6790 6788
f 6791 6792 6790
f 6791 6790 6789
f 6793 6792 6791
f 6793 6794 6792
f 6794 6793 6795
f 6794 6795 6796
f 10 6796 6795
f 10 9 6796
f 2984 4603 4602
f 2984 4602 2987
f 91 663 662
f 91 662 90
f 616 1182 1189
f 616 1189 619
f 2550 1580 1581
f 2550 2554 1580
f 1642 2602 2601
f 1642 2601 1647
f 4741 3103 3099
f 4741 4740 3103
f 2366 199 198
f 2366 2361 199
f 824 2908 2913
f 824 825 2908
f 1128 557 561
f 1129 1128 561
f 3153 4788 4793
f 3153 4793 3152
f 2545 1576 1577
f 2545 2551 1576
f 1459 2439 2444
f 1459 2444 1458
f 4737 3100 3095
f 4737 4736 3100
f 2372 203 202
f 2372 2365 203
f 826 2912 2919
f 826 829 2912
f 2986 4607 4606
f 2986 4606 2991
f 1124 556 558
f 1125 1124 558
f 95 665 664
f 95 664 94
f 612 1180 1183
f 612 1183 617
f 2542 1572 1573
f 2542 2546 1572
f 1638 2598 2597
f 1638 2597 1645
f 4733 3096 3092
f 4733 4732 3096
f 2376 207 206
f 2376 2371 207
f 832 2918 2923
f 832 833 2918
f 1120 550 553
f 1121 1120 553
f 3149 4784 4789
f 3149 4789 3148
f 2539 1568 1569
f 2539 2543 1568
f 1463 2443 2448
f 1463 2448 1462
f 4729 3093 3088
f 4729 4728 3093
f 2382 211 210
f 2382 2375 211
f 836 2922 2929
f 836 837 2922
f 2990 4611 4610
f 2990 4610 2995
f 1118 546 549
f 1119 1118 549
f 99 670 669
f 99 669 98
f 606 1176 1181
f 606 1181 615
f 2535 1564 1565
f 2535 2540 1564
f 1634 2594 2593
f 1634 2593 1639
f 4725 3089 3084
f 4725 4724 3089
f 2386 215 214
f 2386 2381 215
f 840 2928 2933
f 840 841 2928
f 1114 544 545
f 1115 1114 545
f 3145 4780 4785
f 3145 4785 3144
f 2531 1560 1561
f 2531 2536 1560
f 1467 2447 2452
f 1467 2452 1466
f 4721 3085 3080
f 4721 4720 3085
f 2390 219 218
f 2390 2385 219
f 842 2932 2937
f 842 845 2932
f 2994 4615 4614
f 2994 4614 2999
f 1108 538 543
f 1109 1108 543
f 103 102 5005
f 5009 5005 5007
f 5011 5005 5009
f 5011 103 5005
f 5019 5013 5015
f 5019 5015 5017
f 673 5019 672
f 673 5013 5019
f 673 103 5011
f 673 5011 5013
f 604 1170 1177
f 604 1177 609
f 2527 1556 1557
f 2527 2532 1556
f 1630 2591 2590
f 1630 2590 1635
f 4717 3081 3076
f 4717 4716 3081
f 2396 223 222
f 2396 2389 223
f 846 2936 2943
f 846 849 2936
f 3142 4776 4781
f 3142 4781 3141
f 1104 536 537
f 1105 1104 537
f 1471 2451 2456
f 1471 2456 1470
f 2522 1552 1553
f 2522 2528 1552
f 2998 4618 4617
f 2998 4617 3003
f 4712 3077 3071
f 4712 4711 3077
f 2400 227 226
f 2400 2395 227
f 852 2942 2947
f 852 853 2942
f 5018 678 677
f 5020 678 5018
f 5016 5018 677
f 5014 5016 5010
f 5012 5014 5010
f 106 5016 677
f 106 5010 5016
f 5008 5010 106
f 107 5006 5008
f 107 5008 106
f 1100 532 533
f 1101 1100 533
f 597 1166 1171
f 597 1171 605
f 2524 1548 1549
f 2524 2523 1548
f 6774 2587 2586
f 6776 2587 6774
f 1633 6772 6774
f 1633 6774 2586
f 6766 6770 6772
f 6766 6772 1633
f 1626 6766 1633
f 6768 6770 6766
f 4715 3072 3073
f 4715 4713 3072
f 2404 231 230
f 2404 2399 231
f 856 2946 2951
f 856 857 2946
f 14 18 4777
f 6782 14 4777
f 6784 15 14
f 6784 14 6782
f 3137 6780 6782
f 3137 6782 4777
f 3138 6778 6780
f 3138 6780 3137
f 1098 526 529
f 1099 1098 529
f 2408 235 234
f 2408 2403 235
f 860 2950 2955
f 860 861 2950
f 1092 524 525
f 1093 1092 525
f 2412 239 238
f 2412 2407 239
f 864 2954 2959
f 864 865 2954
f 1090 518 521
f 1091 1090 521
f 2416 243 242
f 2416 2411 243
f 866 2958 2963
f 866 869 2958
f 1086 514 517
f 1087 1086 517
f 2420 247 246
f 2420 2415 247
f 872 2962 2967
f 872 873 2962
f 1082 508 511
f 1083 1082 511
f 2424 251 250
f 2424 2419 251
f 876 2966 2971
f 876 877 2966
f 1078 504 505
f 1079 1078 505
f 2428 255 254
f 2428 2423 255
f 878 2970 2975
f 878 881 2970
f 1475 2455 2458
f 1475 2458 1474
f 1074 498 499
f 1075 1074 499
f 2432 259 258
f 2432 2427 259
f 882 2974 2979
f 882 883 2974
f 1070 490 493
f 1071 1070 493
f 2436 263 262
f 2436 2431 263
f 884 2978 2983
f 884 885 2978
f 1066 486 489
f 1067 1066 489
f 2442 267 266
f 2442 2435 267
f 888 2982 2989
f 888 889 2982
f 1062 480 481
f 1063 1062 481
f 2446 271 270
f 2446 2441 271
f 890 2988 2993
f 890 891 2988
f 1058 474 475
f 1059 1058 475
f 2450 275 274
f 2450 2445 275
f 892 2992 2997
f 892 895 2992
f 6797 468 471
f 6797 6798 468
f 6798 6797 6799
f 6798 6799 6800
f 6801 6800 6799
f 6801 6802 6800
f 6803 6804 6802
f 6803 6802 6801
f 6805 6804 6803
f 6805 6806 6804
f 6806 6805 6807
f 6806 6807 6808
f 4 6808 6807
f 4 3 6808
f 2454 279 278
f 2454 2449 279
f 3002 4623 4622
f 3002 4622 3005
f 896 2996 3001
f 896 897 2996
f 1052 466 467
f 1053 1052 467
f 2460 283 282
f 2460 2453 283
f 898 3000 3007
f 898 899 3000
f 111 682 681
f 111 681 110
f 1048 462 463
f 1049 1048 463
f 2466 289 288
f 2466 2459 289
f 902 3006 3013
f 902 903 3006
f 596 1162 1167
f 596 1167 603
f 1044 458 459
f 1045 1044 459
f 2472 293 292
f 2472 2465 293
f 906 3012 3019
f 906 909 3012
f 1040 452 455
f 1041 1040 455
f 2476 297 296
f 2476 2471 297
f 910 3018 3023
f 910 911 3018
f 1036 450 451
f 1037 1036 451
f 2480 301 300
f 2480 2475 301
f 914 3022 3027
f 914 915 3022
f 1032 446 447
f 1033 1032 447
f 2484 305 304
f 2484 2479 305
f 918 3026 3031
f 918 919 3026
f 1028 442 443
f 1029 1028 443
f 2490 309 308
f 2490 2483 309
f 922 3030 3037
f 922 923 3030
f 6775 2584 2583
f 6769 6775 6773
f 6769 6773 6771
f 6767 6765 1627
f 1622 6769 6767
f 1622 6767 1627
f 1622 2584 6775
f 1622 6775 6769
f 1024 438 439
f 1025 1024 439
f 2494 313 312
f 2494 2489 313
f 926 3036 3041
f 926 929 3036
f 1020 432 435
f 1021 1020 435
f 2498 317 316
f 2498 2493 317
f 930 3040 3045
f 930 931 3040
f 1016 428 431
f 1017 1016 431
f 2502 321 320
f 2502 2497 321
f 934 3044 3049
f 934 935 3044
f 1012 426 427
f 1013 1012 427
f 2506 325 324
f 2506 2501 325
f 938 3048 3053
f 938 939 3048
f 6777 3134 3133
f 6783 6779 6781
f 6783 6777 6779
f 17 16 13
f 4770 6783 16
f 4770 16 17
f 4770 3134 6777
f 4770 6777 6783
f 1008 422 423
f 1009 1008 423
f 2510 329 328
f 2510 2505 329
f 940 3052 3057
f 940 941 3052
f 1004 418 419
f 1005 1004 419
f 2511 333 332
f 2511 2509 333
f 942 3056 3059
f 942 944 3056
f 1000 412 415
f 1001 1000 415
f 996 410 411
f 997 996 411
f 994 406 407
f 995 994 407
f 1479 2457 2462
f 1479 2462 1478
f 990 400 403
f 991 990 403
f 986 394 395
f 987 986 395
f 982 386 389
f 983 982 389
f 978 380 381
f 979 978 381
f 974 376 379
f 975 974 379
f 3004 4627 4626
f 3004 4626 3009
f 970 372 375
f 971 970 375
f 115 685 684
f 115 684 114
f 966 368 369
f 967 966 369
f 590 1158 1163
f 590 1163 598
f 962 364 367
f 963 962 367
f 958 360 361
f 959 958 361
f 954 356 359
f 955 954 359
f 950 352 355
f 951 950 355
f 945 348 349
f 946 945 349
f 1618 2582 2581
f 1618 2581 1623
f 947 344 347
f 949 947 347
f 3131 4766 4771
f 3131 4771 3130
f 1483 2461 2464
f 1483 2464 1482
f 3008 4630 4629
f 3008 4629 3011
f 119 689 688
f 119 688 118
f 586 1156 1159
f 586 1159 593
f 1614 2578 2577
f 1614 2577 1621
f 3127 4762 4767
f 3127 4767 3126
f 1487 2463 2468
f 1487 2468 1486
f 3010 4635 4634
f 3010 4634 3015
f 123 693 692
f 123 692 122
f 582 1150 1157
f 582 1157 589
f 1608 2575 2574
f 1608 2574 1615
f 3124 4760 4763
f 3124 4763 3123
f 1489 2467 2470
f 1489 2470 1488
f 3014 4639 4638
f 3014 4638 3017
f 127 696 695
f 127 695 126
f 578 1146 1151
f 578 1151 585
f 1606 2571 2570
f 1606 2570 1611
f 3120 4756 4761
f 3120 4761 3119
f 1493 2469 2474
f 1493 2474 1492
f 3016 4644 4643
f 3016 4643 3021
f 131 702 701
f 131 701 130
f 576 1142 1147
f 576 1147 581
f 1598 2567 2566
f 1598 2566 1607
f 3116 4752 4757
f 3116 4757 3115
f 1497 2473 2478
f 1497 2478 1496
f 3020 4650 4649
f 3020 4649 3025
f 135 705 704
f 135 704 134
f 572 1138 1143
f 572 1143 577
f 1592 2562 2561
f 1592 2561 1601
f 3111 4748 4753
f 3111 4753 3110
f 1501 2477 2482
f 1501 2482 1500
f 3024 4657 4656
f 3024 4656 3029
f 139 709 708
f 139 708 138
f 565 1134 1139
f 565 1139 573
f 1586 2558 2557
f 1586 2557 1593
f 3107 4744 4749
f 3107 4749 3106
f 1505 2481 2486
f 1505 2486 1504
f 3028 4665 4664
f 3028 4664 3033
f 143 712 711
f 143 711 142
f 8 12 1135
f 6794 8 1135
f 6796 9 8
f 6796 8 6794
f 569 6792 6794
f 569 6794 1135
f 6786 6790 6792
f 6786 6792 569
f 564 6786 569
f 6788 6790 6786
f 1580 2554 2553
f 1580 2553 1587
f 3103 4740 4745
f 3103 4745 3102
f 1509 2485 2488
f 1509 2488 1508
f 3032 4669 4668
f 3032 4668 3035
f 147 716 715
f 147 715 146
f 10 11 7
f 1128 11 10
f 6795 1128 10
f 6789 6795 6793
f 6789 6793 6791
f 6787 6785 566
f 557 6789 6787
f 557 6787 566
f 557 1128 6789
f 6789 1128 6795
f 1576 2551 2550
f 1576 2550 1581
f 3100 4736 4741
f 3100 4741 3099
f 1513 2487 2492
f 1513 2492 1512
f 3034 4673 4672
f 3034 4672 3039
f 151 721 720
f 151 720 150
f 556 1124 1129
f 556 1129 561
f 1572 2546 2545
f 1572 2545 1577
f 3096 4732 4737
f 3096 4737 3095
f 1517 2491 2496
f 1517 2496 1516
f 3038 4677 4676
f 3038 4676 3043
f 155 725 724
f 155 724 154
f 550 1120 1125
f 550 1125 558
f 1568 2543 2542
f 1568 2542 1573
f 3093 4728 4733
f 3093 4733 3092
f 1521 2495 2500
f 1521 2500 1520
f 3042 4681 4680
f 3042 4680 3047
f 159 728 727
f 159 727 158
f 546 1118 1121
f 546 1121 553
f 1564 2540 2539
f 1564 2539 1569
f 3089 4724 4729
f 3089 4729 3088
f 1525 2499 2504
f 1525 2504 1524
f 3046 4685 4684
f 3046 4684 3051
f 163 734 733
f 163 733 162
f 544 1114 1119
f 544 1119 549
f 1560 2536 2535
f 1560 2535 1565
f 3085 4720 4725
f 3085 4725 3084
f 1529 2503 2508
f 1529 2508 1528
f 3050 4689 4688
f 3050 4688 3055
f 167 737 736
f 167 736 166
f 538 1108 1115
f 538 1115 545
f 1556 2532 2531
f 1556 2531 1561
f 3081 4716 4721
f 3081 4721 3080
f 1533 1532 5029
f 5034 5029 5031
f 5035 1533 5029
f 5035 5029 5034
f 29 28 25
f 2507 28 29
f 2507 1533 28
f 28 1533 5035
f 4693 4692 5043
f 5037 5043 5041
f 5037 5041 5039
f 5037 4693 5043
f 3060 5027 5025
f 3054 5027 3060
f 3054 4693 5027
f 5027 4693 5037
f 171 742 741
f 171 741 170
f 536 1104 1109
f 536 1109 543
f 1552 2528 2527
f 1552 2527 1557
f 3077 4711 4717
f 3077 4717 3076
f 26 30 2513
f 5033 26 2513
f 5036 27 26
f 5036 26 5033
f 1536 5033 2513
f 5032 5033 1536
f 1537 5030 5032
f 1537 5032 1536
f 5042 4697 4696
f 5044 4697 5042
f 5040 5042 4696
f 5026 5040 4696
f 5028 5038 5040
f 5028 5040 5026
f 3062 5026 4696
f 3058 5026 3062
f 175 745 744
f 175 744 174
f 532 1100 1105
f 532 1105 537
f 1548 2523 2522
f 1548 2522 1553
f 3072 4713 4712
f 3072 4712 3071
f 1539 2512 2515
f 1539 2515 1538
f 3061 4701 4700
f 3061 4700 3064
f 179 749 748
f 179 748 178
f 526 1098 1101
f 526 1101 533
f 1540 2514 2524
f 1540 2524 1549
f 3063 4709 4715
f 3063 4715 3073
f 183 754 753
f 183 753 182
f 524 1092 1099
f 524 1099 529
f 187 757 756
f 187 756 186
f 518 1090 1093
f 518 1093 525
f 189 762 761
f 189 761 188
f 514 1086 1091
f 514 1091 521
f 193 764 763
f 193 763 192
f 508 1082 1087
f 508 1087 517
f 197 770 769
f 197 769 196
f 504 1078 1083
f 504 1083 511
f 201 778 777
f 201 777 200
f 498 1074 1079
f 498 1079 505
f 205 782 781
f 205 781 204
f 490 1070 1075
f 490 1075 499
f 209 788 787
f 209 787 208
f 486 1066 1071
f 486 1071 493
f 213 794 793
f 213 793 212
f 480 1062 1067
f 480 1067 489
f 217 799 798
f 217 798 216
f 474 1058 1063
f 474 1063 481
f 221 807 806
f 221 806 220
f 2 6 1059
f 6806 2 1059
f 6804 6806 1059
f 6808 3 2
f 6808 2 6806
f 475 6804 1059
f 6798 6804 475
f 468 6798 475
f 6800 6802 6804
f 6800 6804 6798
f 225 811 810
f 225 810 224
f 4 5 1
f 1052 5 4
f 6807 1052 4
f 6801 6807 6805
f 6801 6805 6803
f 6799 6797 471
f 466 6801 6799
f 466 6799 471
f 466 1052 6801
f 6801 1052 6807
f 229 815 814
f 229 814 228
f 462 1048 1053
f 462 1053 467
f 233 819 818
f 233 818 232
f 458 1044 1049
f 458 1049 463
f 237 823 822
f 237 822 236
f 452 1040 1045
f 452 1045 459
f 241 828 827
f 241 827 240
f 450 1036 1041
f 450 1041 455
f 245 831 830
f 245 830 244
f 446 1032 1037
f 446 1037 451
f 249 835 834
f 249 834 248
f 442 1028 1033
f 442 1033 447
f 253 252 5049
f 5055 5051 5053
f 5055 5049 5051
f 5055 253 5049
f 5061 5057 5059
f 5063 5057 5061
f 839 5063 838
f 839 5057 5063
f 839 253 5055
f 839 5055 5057
f 438 1024 1029
f 438 1029 443
f 5062 844 843
f 5064 844 5062
f 5060 5062 843
f 5054 5060 843
f 5056 5058 5060
f 5056 5060 5054
f 256 5054 843
f 5052 5054 256
f 257 5050 5052
f 257 5052 256
f 432 1020 1025
f 432 1025 439
f 261 848 847
f 261 847 260
f 428 1016 1021
f 428 1021 435
f 265 851 850
f 265 850 264
f 426 1012 1017
f 426 1017 431
f 269 855 854
f 269 854 268
f 422 1008 1013
f 422 1013 427
f 273 859 858
f 273 858 272
f 418 1004 1009
f 418 1009 423
f 277 863 862
f 277 862 276
f 412 1000 1005
f 412 1005 419
f 281 868 867
f 281 867 280
f 410 996 1001
f 410 1001 415
f 285 871 870
f 285 870 284
f 406 994 997
f 406 997 411
f 287 875 874
f 287 874 286
f 400 990 995
f 400 995 407
f 291 880 879
f 291 879 290
f 394 986 991
f 394 991 403
f 295 887 886
f 295 886 294
f 386 982 987
f 386 987 395
f 299 894 893
f 299 893 298
f 380 978 983
f 380 983 389
f 303 901 900
f 303 900 302
f 376 974 979
f 376 979 381
f 307 905 904
f 307 904 306
f 372 970 975
f 372 975 379
f 311 908 907
f 311 907 310
f 368 966 971
f 368 971 375
f 315 913 912
f 315 912 314
f 364 962 967
f 364 967 369
f 319 917 916
f 319 916 318
f 360 958 963
f 360 963 367
f 323 921 920
f 323 920 322
f 356 954 959
f 356 959 361
f 327 925 924
f 327 924 326
f 352 950 955
f 352 955 359
f 331 928 927
f 331 927 330
f 348 945 951
f 348 951 355
f 335 933 932
f 335 932 334
f 344 947 946
f 344 946 349
f 337 937 936
f 337 936 336
f 338 943 949
f 338 949 347
f 2196 1940 1939
f 2742 2196 1939
f 2740 2198 2196
f 2740 2196 2742
f 3295 2742 1939
f 3293 2742 3295
f 5286 5289 5068
f 5286 5068 5070
f 5294 5297 5071
f 5294 5071 5073
f 5278 5281 5075
f 5278 5075 5077
f 5310 5313 5079
f 5310 5079 5082
f 5318 5321 5081
f 5318 5081 5086
f 5087 5305 5083
f 5302 5305 5087
f 5093 5201 5090
f 5198 5201 5093
f 5097 5209 5091
f 5206 5209 5097
f 5101 5217 5095
f 5214 5217 5101
f 5105 5225 5099
f 5222 5225 5105
f 5111 5233 5109
f 5230 5233 5111
f 5117 5241 5112
f 5238 5241 5117
f 5122 5249 5115
f 5246 5249 5122
f 5326 5329 5119
f 5326 5119 5126
f 5254 5257 5123
f 5254 5123 5130
f 5262 5265 5127
f 5262 5127 5134
f 5270 5273 5131
f 5270 5131 5138
f 5182 5185 5135
f 5182 5135 5141
f 5190 5193 5139
f 5190 5139 5147
f 5334 5337 5146
f 5334 5146 5148
f 5288 5291 5289
f 5288 5289 5286
f 5296 5299 5297
f 5296 5297 5294
f 5280 5283 5281
f 5280 5281 5278
f 5312 5315 5313
f 5312 5313 5310
f 5320 5323 5321
f 5320 5321 5318
f 5304 5307 5305
f 5304 5305 5302
f 5200 5203 5201
f 5200 5201 5198
f 5208 5211 5209
f 5208 5209 5206
f 5216 5219 5217
f 5216 5217 5214
f 5224 5227 5225
f 5224 5225 5222
f 5232 5235 5233
f 5232 5233 5230
f 5240 5243 5241
f 5240 5241 5238
f 5248 5251 5249
f 5248 5249 5246
f 5328 5331 5329
f 5328 5329 5326
f 5256 5259 5257
f 5256 5257 5254
f 5264 5267 5265
f 5264 5265 5262
f 5272 5275 5273
f 5272 5273 5270
f 5184 5187 5185
f 5184 5185 5182
f 5192 5195 5193
f 5192 5193 5190
f 5336 5339 5337
f 5336 5337 5334
f 3547 3548 3624
f 3547 3624 3625
f 3551 3549 3628
f 3551 3628 3629
f 3559 3556 3620
f 3559 3620 3621
f 3563 3560 3636
f 3563 3636 3637
f 3567 3562 3640
f 3567 3640 3641
f 3633 3566 3632
f 3571 3566 3633
f 3597 3570 3596
f 3575 3570 3597
f 3601 3574 3600
f 3578 3574 3601
f 3605 3580 3604
f 3582 3580 3605
f 3609 3584 3608
f 3586 3584 3609
f 3589 3588 3612
f 3589 3612 3613
f 3591 3590 3616
f 3591 3616 3617
f 3701 3644 3700
f 3643 3644 3701
f 3705 3646 3704
f 3648 3646 3705
f 3709 3652 3708
f 3655 3652 3709
f 3713 3656 3712
f 3659 3656 3713
f 3717 3658 3716
f 3663 3658 3717
f 3667 3662 3732
f 3667 3732 3733
f 3671 3666 3720
f 3671 3720 3721
f 3675 3670 3724
f 3675 3724 3725
f 3679 3674 3728
f 3679 3728 3729
f 3682 3678 3692
f 3682 3692 3693
f 3685 3684 3696
f 3685 3696 3697
f 3687 3686 3736
f 3687 3736 3737
f 5107 5103 5153
f 5107 5153 5176
f 5656 5659 5644
f 5656 5644 5645
f 5668 5663 5651
f 5668 5651 5653
f 5658 5661 5659
f 5658 5659 5656
f 5670 5665 5663
f 5670 5663 5668
f 6085 5156 5158
f 6085 5158 5161
f 5165 6085 5161
f 5165 5161 5163
f 5179 5168 5167
f 5179 5167 5171
f 5460 5463 5344
f 5460 5344 5346
f 5452 5455 5347
f 5452 5347 5349
f 5444 5447 5351
f 5444 5351 5354
f 5468 5471 5353
f 5468 5353 5357
f 5476 5479 5355
f 5476 5355 5362
f 5366 5487 5359
f 5484 5487 5366
f 5369 5399 5363
f 5396 5399 5369
f 5373 5407 5367
f 5404 5407 5373
f 5377 5415 5371
f 5412 5415 5377
f 5381 5423 5375
f 5420 5423 5381
f 5428 5431 5379
f 5428 5379 5387
f 5436 5439 5386
f 5436 5386 5389
f 5496 5565 5494
f 5562 5565 5496
f 5501 5573 5499
f 5570 5573 5501
f 5602 5605 5503
f 5602 5503 5505
f 5610 5613 5506
f 5610 5506 5509
f 5514 5621 5507
f 5618 5621 5514
f 5626 5629 5511
f 5626 5511 5518
f 5578 5581 5515
f 5578 5515 5522
f 5586 5589 5519
f 5586 5519 5523
f 5594 5597 5526
f 5594 5526 5529
f 5546 5549 5527
f 5546 5527 5533
f 5554 5557 5531
f 5554 5531 5539
f 5634 5637 5538
f 5634 5538 5540
f 5462 5465 5463
f 5462 5463 5460
f 5454 5457 5455
f 5454 5455 5452
f 5446 5449 5447
f 5446 5447 5444
f 5470 5473 5471
f 5470 5471 5468
f 5478 5481 5479
f 5478 5479 5476
f 5486 5489 5487
f 5486 5487 5484
f 5398 5401 5399
f 5398 5399 5396
f 5406 5409 5407
f 5406 5407 5404
f 5414 5417 5415
f 5414 5415 5412
f 5422 5425 5423
f 5422 5423 5420
f 5430 5433 5431
f 5430 5431 5428
f 5438 5441 5439
f 5438 5439 5436
f 5564 5567 5565
f 5564 5565 5562
f 5572 5575 5573
f 5572 5573 5570
f 5604 5607 5605
f 5604 5605 5602
f 5612 5615 5613
f 5612 5613 5610
f 5620 5623 5621
f 5620 5621 5618
f 5628 5631 5629
f 5628 5629 5626
f 5580 5583 5581
f 5580 5581 5578
f 5588 5591 5589
f 5588 5589 5586
f 5596 5599 5597
f 5596 5597 5594
f 5548 5551 5549
f 5548 5549 5546
f 5556 5559 5557
f 5556 5557 5554
f 5636 5639 5637
f 5636 5637 5634
f 6087 1948 1951
f 6087 1951 3932
f 3936 6087 3932
f 3936 3932 3934
f 3303 1934 1933
f 3303 1933 1937
f 3739 3740 3820
f 3739 3820 3821
f 3743 3741 3816
f 3743 3816 3817
f 3751 3747 3812
f 3751 3812 3813
f 3755 3750 3824
f 3755 3824 3825
f 3759 3754 3828
f 3759 3828 3829
f 3833 3758 3832
f 3763 3758 3833
f 3789 3762 3788
f 3766 3762 3789
f 3793 3768 3792
f 3770 3768 3793
f 3797 3772 3796
f 3774 3772 3797
f 3801 3776 3800
f 3778 3776 3801
f 3781 3780 3804
f 3781 3804 3805
f 3783 3782 3808
f 3783 3808 3809
f 3893 3836 3892
f 3835 3836 3893
f 3897 3838 3896
f 3840 3838 3897
f 3847 3844 3912
f 3847 3912 3913
f 3851 3848 3916
f 3851 3916 3917
f 3921 3850 3920
f 3855 3850 3921
f 3859 3854 3924
f 3859 3924 3925
f 3863 3858 3900
f 3863 3900 3901
f 3867 3862 3904
f 3867 3904 3905
f 3871 3866 3908
f 3871 3908 3909
f 3874 3870 3884
f 3874 3884 3885
f 3877 3876 3888
f 3877 3888 3889
f 3879 3878 3928
f 3879 3928 3929
f 5388 5391 5159
f 5157 5388 5159
f 5177 5391 5544
f 5177 5159 5391
f 5495 5178 5177
f 5495 5177 5544
f 6382 6377 6092
f 6382 6092 6094
f 6374 6369 6095
f 6374 6095 6097
f 6366 6361 6099
f 6366 6099 6101
f 6390 6385 6103
f 6390 6103 6106
f 6398 6393 6105
f 6398 6105 6109
f 6111 6401 6107
f 6406 6401 6111
f 6117 6217 6114
f 6222 6217 6117
f 6119 6225 6115
f 6230 6225 6119
f 6125 6233 6122
f 6238 6233 6125
f 6131 6241 6123
f 6246 6241 6131
f 6254 6249 6130
f 6254 6130 6135
f 6262 6257 6134
f 6262 6134 6138
f 6142 6269 6137
f 6266 6269 6142
f 6146 6277 6139
f 6274 6277 6146
f 6149 6285 6143
f 6282 6285 6149
f 6155 6293 6147
f 6290 6293 6155
f 6159 6301 6154
f 6298 6301 6159
f 6163 6309 6158
f 6306 6309 6163
f 6167 6317 6162
f 6314 6317 6167
f 6169 6325 6166
f 6322 6325 6169
f 6175 6333 6171
f 6330 6333 6175
f 6410 6413 6174
f 6410 6174 6178
f 6338 6341 6176
f 6338 6176 6182
f 6346 6349 6179
f 6346 6179 6186
f 6354 6357 6183
f 6354 6183 6190
f 6202 6205 6187
f 6202 6187 6191
f 6210 6213 6194
f 6210 6194 6199
f 6418 6421 6198
f 6418 6198 6200
f 6384 6379 6377
f 6384 6377 6382
f 6376 6371 6369
f 6376 6369 6374
f 6368 6363 6361
f 6368 6361 6366
f 6392 6387 6385
f 6392 6385 6390
f 6400 6395 6393
f 6400 6393 6398
f 6408 6403 6401
f 6408 6401 6406
f 6224 6219 6217
f 6224 6217 6222
f 6232 6227 6225
f 6232 6225 6230
f 6240 6235 6233
f 6240 6233 6238
f 6248 6243 6241
f 6248 6241 6246
f 6256 6251 6249
f 6256 6249 6254
f 6264 6259 6257
f 6264 6257 6262
f 6268 6271 6269
f 6268 6269 6266
f 6276 6279 6277
f 6276 6277 6274
f 6284 6287 6285
f 6284 6285 6282
f 6292 6295 6293
f 6292 6293 6290
f 6300 6303 6301
f 6300 6301 6298
f 6308 6311 6309
f 6308 6309 6306
f 6316 6319 6317
f 6316 6317 6314
f 6324 6327 6325
f 6324 6325 6322
f 6332 6335 6333
f 6332 6333 6330
f 6412 6415 6413
f 6412 6413 6410
f 6340 6343 6341
f 6340 6341 6338
f 6348 6351 6349
f 6348 6349 6346
f 6356 6359 6357
f 6356 6357 6354
f 6204 6207 6205
f 6204 6205 6202
f 6212 6215 6213
f 6212 6213 6210
f 6420 6423 6421
f 6420 6421 6418
f 6426 1956 1959
f 6426 1959 4130
f 4134 6426 4130
f 4134 4130 4132
f 3309 1928 1927
f 3309 1927 1930
f 3937 3938 4017
f 3937 4017 4020
f 3941 3939 4013
f 3941 4013 4016
f 3949 3946 4009
f 3949 4009 4012
f 3952 3948 4021
f 3952 4021 4024
f 3957 3954 4025
f 3957 4025 4028
f 4032 3956 4029
f 3961 3956 4032
f 3988 3960 3985
f 3964 3960 3988
f 3992 3966 3989
f 3968 3966 3992
f 3996 3970 3993
f 3973 3970 3996
f 4000 3972 3997
f 3976 3972 4000
f 3979 3978 4001
f 3979 4001 4004
f 3981 3980 4005
f 3981 4005 4008
f 4092 4034 4089
f 4033 4034 4092
f 4096 4036 4093
f 4038 4036 4096
f 4100 4042 4097
f 4045 4042 4100
f 4104 4046 4101
f 4049 4046 4104
f 4108 4048 4105
f 4053 4048 4108
f 4057 4052 4121
f 4057 4121 4124
f 4061 4056 4109
f 4061 4109 4112
f 4065 4060 4113
f 4065 4113 4116
f 4069 4064 4117
f 4069 4117 4120
f 4072 4068 4081
f 4072 4081 4084
f 4075 4074 4085
f 4075 4085 4088
f 4077 4076 4125
f 4077 4125 4128
f 6721 6716 6431
f 6721 6431 6433
f 6713 6708 6434
f 6713 6434 6436
f 6705 6700 6438
f 6705 6438 6440
f 6729 6724 6442
f 6729 6442 6445
f 6737 6732 6444
f 6737 6444 6448
f 6450 6740 6446
f 6745 6740 6450
f 6456 6556 6453
f 6561 6556 6456
f 6460 6564 6454
f 6569 6564 6460
f 6462 6572 6458
f 6577 6572 6462
f 6466 6580 6465
f 6585 6580 6466
f 6593 6588 6469
f 6593 6469 6473
f 6601 6596 6470
f 6601 6470 6477
f 6481 6604 6474
f 6609 6604 6481
f 6485 6612 6478
f 6617 6612 6485
f 6489 6620 6482
f 6625 6620 6489
f 6492 6628 6486
f 6633 6628 6492
f 6496 6636 6490
f 6641 6636 6496
f 6500 6644 6494
f 6649 6644 6500
f 6504 6652 6498
f 6657 6652 6504
f 6508 6660 6502
f 6665 6660 6508
f 6512 6668 6506
f 6673 6668 6512
f 6753 6748 6510
f 6753 6510 6516
f 6681 6676 6514
f 6681 6514 6521
f 6689 6684 6518
f 6689 6518 6525
f 6697 6692 6522
f 6697 6522 6529
f 6545 6540 6526
f 6545 6526 6530
f 6553 6548 6533
f 6553 6533 6537
f 6761 6756 6538
f 6761 6538 6539
f 6723 6718 6716
f 6723 6716 6721
f 6715 6710 6708
f 6715 6708 6713
f 6707 6702 6700
f 6707 6700 6705
f 6731 6726 6724
f 6731 6724 6729
f 6739 6734 6732
f 6739 6732 6737
f 6747 6742 6740
f 6747 6740 6745
f 6563 6558 6556
f 6563 6556 6561
f 6571 6566 6564
f 6571 6564 6569
f 6579 6574 6572
f 6579 6572 6577
f 6587 6582 6580
f 6587 6580 6585
f 6595 6590 6588
f 6595 6588 6593
f 6603 6598 6596
f 6603 6596 6601
f 6611 6606 6604
f 6611 6604 6609
f 6619 6614 6612
f 6619 6612 6617
f 6627 6622 6620
f 6627 6620 6625
f 6635 6630 6628
f 6635 6628 6633
f 6643 6638 6636
f 6643 6636 6641
f 6651 6646 6644
f 6651 6644 6649
f 6659 6654 6652
f 6659 6652 6657
f 6667 6662 6660
f 6667 6660 6665
f 6675 6670 6668
f 6675 6668 6673
f 6755 6750 6748
f 6755 6748 6753
f 6683 6678 6676
f 6683 6676 6681
f 6691 6686 6684
f 6691 6684 6689
f 6699 6694 6692
f 6699 6692 6697
f 6547 6542 6540
f 6547 6540 6545
f 6555 6550 6548
f 6555 6548 6553
f 6763 6758 6756
f 6763 6756 6761
f 6764 1964 1967
f 6764 1967 4328
f 4332 6764 4328
f 4332 4328 4330
f 3315 1922 1921
f 3315 1921 1924
f 4135 4136 4215
f 4135 4215 4218
f 4139 4137 4211
f 4139 4211 4214
f 4147 4144 4207
f 4147 4207 4210
f 4150 4148 4219
f 4150 4219 4222
f 4155 4152 4223
f 4155 4223 4226
f 4230 4154 4227
f 4159 4154 4230
f 4186 4158 4183
f 4163 4158 4186
f 4190 4162 4187
f 4166 4162 4190
f 4194 4168 4191
f 4170 4168 4194
f 4198 4172 4195
f 4174 4172 4198
f 4177 4176 4199
f 4177 4199 4202
f 4179 4178 4203
f 4179 4203 4206
f 4290 4232 4287
f 4231 4232 4290
f 4294 4234 4291
f 4236 4234 4294
f 4298 4240 4295
f 4243 4240 4298
f 4302 4244 4299
f 4246 4244 4302
f 4306 4248 4303
f 4251 4248 4306
f 4255 4250 4319
f 4255 4319 4322
f 4259 4254 4307
f 4259 4307 4310
f 4263 4258 4311
f 4263 4311 4314
f 4267 4262 4315
f 4267 4315 4318
f 4271 4266 4279
f 4271 4279 4282
f 4273 4270 4283
f 4273 4283 4286
f 4275 4274 4323
f 4275 4323 4326
f 1839 1804 1803
f 1839 1803 1916
f 4413 4380 4379
f 4413 4379 5004
f 1919 1245 1244
f 1919 1244 2216
f 4334 2758 2763
f 4334 2763 4449
f 1915 1801 1800
f 1915 1800 1840
f 5003 4375 4374
f 5003 4374 4414
f 2217 1243 1247
f 2217 1247 2215
f 4448 2762 2761
f 4448 2761 4453
f 1914 1798 1797
f 1914 1797 1912
f 5002 4372 4371
f 5002 4371 5000
f 2219 1246 1249
f 2219 1249 2218
f 4452 2765 2764
f 4452 2764 4459
f 1911 1794 1793
f 1911 1793 1910
f 4999 4368 4367
f 4999 4367 4998
f 2221 1248 1251
f 2221 1251 2220
f 4454 2767 2766
f 4454 2766 4461
f 1909 1790 1789
f 1909 1789 1908
f 4997 4363 4362
f 4997 4362 4996
f 2223 1250 1253
f 2223 1253 2222
f 4460 2769 2768
f 4460 2768 4467
f 1907 1786 1785
f 1907 1785 1906
f 4995 4361 4360
f 4995 4360 4994
f 2225 1252 1256
f 2225 1256 2224
f 4464 2771 2770
f 4464 2770 4472
f 1905 1781 1780
f 1905 1780 1904
f 4993 4359 4358
f 4993 4358 4992
f 2227 1255 1259
f 2227 1259 2226
f 4470 2773 2772
f 4470 2772 4473
f 1901 1778 1777
f 1901 1777 1900
f 4989 4357 4356
f 4989 4356 4988
f 2229 1258 1263
f 2229 1263 2228
f 4471 2775 2774
f 4471 2774 4477
f 1897 1772 1771
f 1897 1771 1896
f 4983 4355 4354
f 4983 4354 4982
f 2231 1262 1267
f 2231 1267 2230
f 4474 2777 2776
f 4474 2776 4481
f 1893 1769 1768
f 1893 1768 1892
f 4981 4353 4352
f 4981 4352 4980
f 2233 1266 1271
f 2233 1271 2232
f 4478 2779 2778
f 4478 2778 4487
f 1889 1766 1765
f 1889 1765 1888
f 4977 4351 4350
f 4977 4350 4976
f 2236 1270 1275
f 2236 1275 2235
f 4484 2782 2781
f 4484 2781 4491
f 1885 1762 1761
f 1885 1761 1884
f 4973 4349 4348
f 4973 4348 4972
f 2238 1274 1279
f 2238 1279 2237
f 4488 2784 2783
f 4488 2783 4494
f 1881 1758 1757
f 1881 1757 1880
f 4969 4347 4346
f 4969 4346 4968
f 2240 1278 1283
f 2240 1283 2239
f 4492 2786 2785
f 4492 2785 4497
f 1877 1754 1753
f 1877 1753 1876
f 4965 4345 4344
f 4965 4344 4964
f 2242 1282 1287
f 2242 1287 2241
f 4493 2788 2787
f 4493 2787 4501
f 1873 1750 1749
f 1873 1749 1872
f 4961 4343 4342
f 4961 4342 4960
f 2244 1286 1291
f 2244 1291 2243
f 4498 2790 2789
f 4498 2789 4507
f 1869 1744 1743
f 1869 1743 1868
f 4957 4341 4340
f 4957 4340 4956
f 2246 1290 1295
f 2246 1295 2245
f 4504 2792 2791
f 4504 2791 4511
f 1865 1741 1740
f 1865 1740 1864
f 4953 4339 4338
f 4953 4338 4952
f 2248 1294 1299
f 2248 1299 2247
f 4508 2794 2793
f 4508 2793 4513
f 1861 1738 1737
f 1861 1737 1860
f 4949 4336 4335
f 4949 4335 4948
f 2250 1298 1303
f 2250 1303 2249
f 4512 2796 2795
f 4512 2795 4520
f 2194 1734 1733
f 1857 2194 1733
f 1854 2194 1857
f 3545 4366 4337
f 4944 3545 4337
f 4945 3545 4944
f 1971 1302 1307
f 2252 1971 2251
f 2252 1302 1971
f 3321 2798 2797
f 4516 3321 4522
f 4516 2798 3321
f 2192 1729 1728
f 2192 1728 2195
f 4939 3543 3546
f 4939 3546 4938
f 1972 1306 1311
f 1972 1311 1970
f 4519 3320 3319
f 4519 3319 4525
f 2190 1726 1725
f 2190 1725 2193
f 4937 3541 3544
f 4937 3544 4936
f 1974 1310 1315
f 1974 1315 1973
f 4521 3323 3322
f 4521 3322 4529
f 2187 1721 1720
f 2187 1720 2191
f 4933 3539 3542
f 4933 3542 4932
f 1976 1314 1319
f 1976 1319 1975
f 4526 3325 3324
f 4526 3324 4531
f 2186 1719 1718
f 2186 1718 2189
f 4929 3537 3540
f 4929 3540 4928
f 1978 1318 1323
f 1978 1323 1977
f 4530 3327 3326
f 4530 3326 4536
f 2184 1717 1716
f 2184 1716 2188
f 4925 3535 3538
f 4925 3538 4924
f 1980 1322 1327
f 1980 1327 1979
f 4532 3329 3328
f 4532 3328 4537
f 2182 1714 1713
f 2182 1713 2185
f 4921 3533 3536
f 4921 3536 4920
f 1982 1326 1331
f 1982 1331 1981
f 4535 3331 3330
f 4535 3330 4539
f 2180 1711 1710
f 2180 1710 2183
f 4917 3531 3534
f 4917 3534 4916
f 1984 1330 1335
f 1984 1335 1983
f 4538 3333 3332
f 4538 3332 4543
f 2176 1708 1707
f 2176 1707 2181
f 4913 3529 3532
f 4913 3532 4912
f 1986 1334 1339
f 1986 1339 1985
f 4542 3335 3334
f 4542 3334 4547
f 2177 1705 1704
f 2177 1704 2179
f 4909 3527 3530
f 4909 3530 4908
f 1988 1338 1343
f 1988 1343 1987
f 4546 3337 3336
f 4546 3336 4549
f 2175 1702 1701
f 2175 1701 2178
f 4905 3525 3528
f 4905 3528 4904
f 1990 1342 1347
f 1990 1347 1989
f 4548 3339 3338
f 4548 3338 4551
f 2173 1698 1697
f 2173 1697 2174
f 4901 3523 3526
f 4901 3526 4900
f 1992 1346 1351
f 1992 1351 1991
f 4550 3341 3340
f 4550 3340 4555
f 2171 1695 1694
f 2171 1694 2172
f 4897 3521 3524
f 4897 3524 4896
f 1994 1350 1355
f 1994 1355 1993
f 4554 3343 3342
f 4554 3342 4559
f 2169 1692 1691
f 2169 1691 2170
f 4893 3519 3522
f 4893 3522 4892
f 1996 1354 1359
f 1996 1359 1995
f 4556 3345 3344
f 4556 3344 4561
f 2167 1689 1688
f 2167 1688 2168
f 4889 3517 3520
f 4889 3520 4888
f 1998 1358 1363
f 1998 1363 1997
f 4560 3347 3346
f 4560 3346 4563
f 2165 1687 1686
f 2165 1686 2166
f 4885 3515 3518
f 4885 3518 4884
f 2000 1362 1367
f 2000 1367 1999
f 4562 3349 3348
f 4562 3348 4567
f 2162 1684 1683
f 2162 1683 2164
f 4881 3513 3516
f 4881 3516 4880
f 2002 1366 1371
f 2002 1371 2001
f 4564 3351 3350
f 4564 3350 4569
f 2160 1681 1680
f 2160 1680 2163
f 4877 3511 3514
f 4877 3514 4876
f 2004 1370 1375
f 2004 1375 2003
f 4568 3353 3352
f 4568 3352 4573
f 2158 1677 1676
f 2158 1676 2161
f 4873 3509 3512
f 4873 3512 4872
f 2006 1374 1379
f 2006 1379 2005
f 4572 3355 3354
f 4572 3354 4577
f 2157 1675 1674
f 2157 1674 2159
f 4869 3507 3510
f 4869 3510 4868
f 2008 1378 1383
f 2008 1383 2007
f 4574 3357 3356
f 4574 3356 4579
f 2155 1672 1671
f 2155 1671 2156
f 4865 3505 3508
f 4865 3508 4864
f 2010 1382 1387
f 2010 1387 2009
f 4578 3359 3358
f 4578 3358 4581
f 2153 1669 1668
f 2153 1668 2154
f 4859 3503 3506
f 4859 3506 4858
f 2012 1386 1391
f 2012 1391 2011
f 4580 3361 3360
f 4580 3360 4585
f 642 614 613
f 642 613 1240
f 2150 1664 1663
f 2150 1663 2152
f 4855 3501 3504
f 4855 3504 4854
f 2014 1390 1397
f 2014 1397 2013
f 4584 3363 3362
f 4584 3362 4589
f 671 39 38
f 668 39 671
f 1239 611 610
f 1239 610 641
f 2148 1660 1659
f 2148 1659 2151
f 4851 3499 3502
f 4851 3502 4850
f 2016 1396 1401
f 2016 1401 2015
f 4588 3365 3364
f 4588 3364 4593
f 666 37 41
f 666 41 675
f 1238 608 607
f 1238 607 1236
f 2147 1657 1656
f 2147 1656 2149
f 4847 3497 3500
f 4847 3500 4846
f 2018 1400 1405
f 2018 1405 2017
f 4592 3367 3366
f 4592 3366 4597
f 674 40 43
f 674 43 679
f 1235 602 601
f 1235 601 1234
f 2145 1654 1653
f 2145 1653 2146
f 4843 3495 3498
f 4843 3498 4842
f 2020 1404 1409
f 2020 1409 2019
f 4596 3369 3368
f 4596 3368 4601
f 676 42 45
f 676 45 683
f 1233 600 599
f 1233 599 1232
f 2142 1649 1648
f 2142 1648 2144
f 4839 3493 3496
f 4839 3496 4838
f 2022 1408 1413
f 2022 1413 2021
f 4600 3371 3370
f 4600 3370 4605
f 680 44 47
f 680 47 687
f 1231 595 594
f 1231 594 1230
f 2140 1644 1643
f 2140 1643 2143
f 4835 3491 3494
f 4835 3494 4834
f 2024 1412 1417
f 2024 1417 2023
f 4604 3373 3372
f 4604 3372 4609
f 686 46 50
f 686 50 691
f 1227 592 591
f 1227 591 1226
f 2139 1641 1640
f 2139 1640 2141
f 4831 3489 3492
f 4831 3492 4830
f 2026 1416 1421
f 2026 1421 2025
f 4608 3375 3374
f 4608 3374 4613
f 690 49 53
f 690 53 697
f 1225 588 587
f 1225 587 1224
f 2136 1637 1636
f 2136 1636 2138
f 4827 3487 3490
f 4827 3490 4826
f 2028 1420 1425
f 2028 1425 2027
f 4612 3377 3376
f 4612 3376 4619
f 694 52 57
f 694 57 699
f 1221 584 583
f 1221 583 1220
f 2134 1632 1631
f 2134 1631 2137
f 4823 3485 3488
f 4823 3488 4822
f 2030 1424 1429
f 2030 1429 2029
f 4616 3379 3378
f 4616 3378 4621
f 698 56 61
f 698 61 703
f 1215 580 579
f 1215 579 1214
f 2133 1629 1628
f 2133 1628 2135
f 4819 3483 3486
f 4819 3486 4818
f 2032 1428 1433
f 2032 1433 2031
f 4620 3381 3380
f 4620 3380 4625
f 700 60 65
f 700 65 707
f 1211 575 574
f 1211 574 1210
f 2130 1625 1624
f 2130 1624 2132
f 4815 3481 3484
f 4815 3484 4814
f 2034 1432 1437
f 2034 1437 2033
f 4624 3383 3382
f 4624 3382 4631
f 706 64 69
f 706 69 713
f 1209 571 570
f 1209 570 1208
f 2128 1620 1619
f 2128 1619 2131
f 4811 3479 3482
f 4811 3482 4810
f 2036 1436 1441
f 2036 1441 2035
f 4628 3385 3384
f 4628 3384 4633
f 710 68 73
f 710 73 717
f 1205 568 567
f 1205 567 1204
f 2126 1617 1616
f 2126 1616 2129
f 4807 3477 3480
f 4807 3480 4806
f 2038 1440 1445
f 2038 1445 2037
f 4632 3387 3386
f 4632 3386 4637
f 714 72 77
f 714 77 722
f 1201 563 562
f 1201 562 1200
f 2125 1613 1612
f 2125 1612 2127
f 4803 3475 3478
f 4803 3478 4802
f 2040 1444 1449
f 2040 1449 2039
f 4636 3389 3388
f 4636 3388 4641
f 718 76 81
f 718 81 723
f 1195 560 559
f 1195 559 1194
f 2122 1610 1609
f 2122 1609 2124
f 4799 3473 3476
f 4799 3476 4798
f 2042 1448 1453
f 2042 1453 2041
f 4640 3391 3390
f 4640 3390 4645
f 719 80 85
f 719 85 729
f 1193 555 554
f 1193 554 1192
f 2120 1605 1604
f 2120 1604 2123
f 4795 3471 3474
f 4795 3474 4794
f 2044 1452 1457
f 2044 1457 2043
f 4642 3393 3392
f 4642 3392 4647
f 726 84 89
f 726 89 731
f 1187 552 551
f 1187 551 1186
f 2118 1603 1602
f 2118 1602 2121
f 4791 3469 3472
f 4791 3472 4790
f 2046 1456 1461
f 2046 1461 2045
f 4646 3395 3394
f 4646 3394 4651
f 730 88 93
f 730 93 735
f 2739 548 547
f 1241 548 2739
f 1184 3292 2739
f 1184 2739 547
f 1185 3290 3292
f 1185 3292 1184
f 2117 1600 1599
f 2117 1599 2119
f 4787 3467 3470
f 4787 3470 4786
f 2048 1460 1465
f 2048 1465 2047
f 4648 3397 3396
f 4648 3396 4653
f 2254 92 97
f 2254 97 2253
f 739 2801 2800
f 732 2801 739
f 732 92 2801
f 2801 92 2254
f 2736 542 541
f 2736 541 1242
f 1179 3287 3291
f 1179 3291 1178
f 2114 1597 1596
f 2114 1596 2116
f 4783 3465 3468
f 4783 3468 4782
f 2050 1464 1469
f 2050 1469 2049
f 4652 3399 3398
f 4652 3398 4655
f 2258 96 101
f 2258 101 2257
f 738 2805 2804
f 738 2804 743
f 2735 540 539
f 2735 539 2738
f 1175 3286 3289
f 1175 3289 1174
f 2112 1595 1594
f 2112 1594 2115
f 4779 3463 3466
f 4779 3466 4778
f 2052 1468 1473
f 2052 1473 2051
f 4654 3401 3400
f 4654 3400 4659
f 2262 100 105
f 2262 105 2261
f 740 2809 2808
f 740 2808 747
f 2733 535 534
f 2733 534 2737
f 1173 3284 3288
f 1173 3288 1172
f 2111 1591 1590
f 2111 1590 2113
f 4775 3461 3464
f 4775 3464 4774
f 2054 1472 1477
f 2054 1477 2053
f 4658 3403 3402
f 4658 3402 4661
f 2266 104 109
f 2266 109 2265
f 746 2813 2812
f 746 2812 751
f 2731 531 530
f 2731 530 2734
f 1169 3282 3285
f 1169 3285 1168
f 2108 1589 1588
f 2108 1588 2110
f 4773 3459 3462
f 4773 3462 4772
f 2056 1476 1481
f 2056 1481 2055
f 4660 3405 3404
f 4660 3404 4663
f 2270 108 113
f 2270 113 2269
f 750 2817 2816
f 750 2816 755
f 2728 528 527
f 2728 527 2732
f 1165 3280 3283
f 1165 3283 1164
f 2107 1585 1584
f 2107 1584 2109
f 4769 3457 3460
f 4769 3460 4768
f 2058 1480 1485
f 2058 1485 2057
f 4662 3407 3406
f 4662 3406 4667
f 2276 112 117
f 2276 117 2275
f 752 2823 2822
f 752 2822 759
f 2727 523 522
f 2727 522 2730
f 1161 3278 3281
f 1161 3281 1160
f 2105 1583 1582
f 2105 1582 2106
f 4765 3455 3458
f 4765 3458 4764
f 2060 1484 1491
f 2060 1491 2059
f 4666 3409 3408
f 4666 3408 4671
f 2280 116 121
f 2280 121 2279
f 758 2827 2826
f 758 2826 765
f 2725 520 519
f 2725 519 2729
f 1155 3276 3279
f 1155 3279 1154
f 2103 1579 1578
f 2103 1578 2104
f 4759 3453 3456
f 4759 3456 4758
f 2062 1490 1495
f 2062 1495 2061
f 4670 3411 3410
f 4670 3410 4675
f 2284 120 125
f 2284 125 2283
f 760 2831 2830
f 760 2830 767
f 2723 516 515
f 2723 515 2726
f 1153 3274 3277
f 1153 3277 1152
f 2101 1575 1574
f 2101 1574 2102
f 4755 3451 3454
f 4755 3454 4754
f 2064 1494 1499
f 2064 1499 2063
f 4674 3413 3412
f 4674 3412 4679
f 2288 124 129
f 2288 129 2287
f 766 2835 2834
f 766 2834 772
f 2721 513 512
f 2721 512 2724
f 1149 3272 3275
f 1149 3275 1148
f 2098 1571 1570
f 2098 1570 2100
f 4751 3449 3452
f 4751 3452 4750
f 2066 1498 1503
f 2066 1503 2065
f 4678 3415 3414
f 4678 3414 4683
f 2292 128 133
f 2292 133 2291
f 768 2839 2838
f 768 2838 773
f 2719 510 509
f 2719 509 2722
f 1145 3270 3273
f 1145 3273 1144
f 2097 1567 1566
f 2097 1566 2099
f 4747 3447 3450
f 4747 3450 4746
f 2068 1502 1507
f 2068 1507 2067
f 4682 3417 3416
f 4682 3416 4687
f 2296 132 137
f 2296 137 2295
f 771 2843 2842
f 771 2842 776
f 2717 507 506
f 2717 506 2720
f 1141 3267 3271
f 1141 3271 1140
f 2095 1563 1562
f 2095 1562 2096
f 4743 3445 3448
f 4743 3448 4742
f 2070 1506 1511
f 2070 1511 2069
f 4686 3419 3418
f 4686 3418 4691
f 2300 136 141
f 2300 141 2299
f 774 2847 2846
f 774 2846 779
f 2715 503 502
f 2715 502 2718
f 1137 3266 3269
f 1137 3269 1136
f 2092 1559 1558
f 2092 1558 2094
f 4739 3443 3446
f 4739 3446 4738
f 2072 1510 1515
f 2072 1515 2071
f 4690 3421 3420
f 4690 3420 4695
f 2304 140 145
f 2304 145 2303
f 775 2851 2850
f 775 2850 783
f 2709 501 500
f 2709 500 2716
f 1133 3260 3268
f 1133 3268 1132
f 2091 1555 1554
f 2091 1554 2093
f 4735 3441 3444
f 4735 3444 4734
f 2074 1514 1519
f 2074 1519 2073
f 4694 3423 3422
f 4694 3422 4699
f 2308 144 149
f 2308 149 2307
f 780 2855 2854
f 780 2854 785
f 2705 497 496
f 2705 496 2714
f 1131 3256 3265
f 1131 3265 1130
f 2089 1551 1550
f 2089 1550 2090
f 4731 3439 3442
f 4731 3442 4730
f 2076 1518 1523
f 2076 1523 2075
f 4698 3425 3424
f 4698 3424 4703
f 2312 148 153
f 2312 153 2311
f 784 2859 2858
f 784 2858 789
f 2703 495 494
f 2703 494 2708
f 1127 3252 3259
f 1127 3259 1126
f 2086 1547 1546
f 2086 1546 2088
f 4727 3437 3440
f 4727 3440 4726
f 2078 1522 1527
f 2078 1527 2077
f 4702 3427 3426
f 4702 3426 4705
f 2318 152 157
f 2318 157 2317
f 786 2865 2864
f 786 2864 791
f 2695 492 491
f 2695 491 2704
f 1123 3246 3255
f 1123 3255 1122
f 1545 1544 31
f 34 1545 31
f 2087 31 1544
f 35 31 2087
f 5021 3435 3438
f 5021 3438 4722
f 4723 5023 5021
f 4723 5021 4722
f 2080 1526 1531
f 2080 1531 2079
f 4704 3429 3428
f 4704 3428 4707
f 2322 156 161
f 2322 161 2321
f 790 2869 2868
f 790 2868 795
f 2693 488 487
f 2693 487 2698
f 1117 3244 3251
f 1117 3251 1116
f 1543 1542 33
f 36 33 32
f 2083 1543 33
f 2083 33 36
f 5024 3432 3436
f 5024 3436 5022
f 4719 5024 4718
f 4719 3432 5024
f 2082 1530 1535
f 2082 1535 2081
f 4706 3431 3430
f 4706 3430 4710
f 2326 160 165
f 2326 165 2325
f 792 2873 2872
f 792 2872 797
f 2689 485 484
f 2689 484 2694
f 1113 3240 3245
f 1113 3245 1112
f 2085 1534 1541
f 2085 1541 2084
f 4708 3434 3433
f 4708 3433 4714
f 2330 164 169
f 2330 169 2329
f 796 2877 2876
f 796 2876 802
f 2683 483 482
f 2683 482 2690
f 1111 3234 3241
f 1111 3241 1110
f 2334 168 173
f 2334 173 2333
f 800 2881 2880
f 800 2880 803
f 2681 479 478
f 2681 478 2686
f 1107 3232 3237
f 1107 3237 1106
f 2338 172 177
f 2338 177 2337
f 801 2885 2884
f 801 2884 805
f 2675 477 476
f 2675 476 2682
f 1103 3226 3233
f 1103 3233 1102
f 2342 176 181
f 2342 181 2341
f 804 2889 2888
f 804 2888 809
f 2671 473 472
f 2671 472 2676
f 1097 3222 3227
f 1097 3227 1096
f 2346 180 185
f 2346 185 2345
f 808 2893 2892
f 808 2892 813
f 2663 470 469
f 2663 469 2674
f 1095 3214 3225
f 1095 3225 1094
f 2352 184 191
f 2352 191 2351
f 812 2899 2898
f 812 2898 817
f 2655 465 464
f 2655 464 2666
f 1089 3206 3217
f 1089 3217 1088
f 2356 190 195
f 2356 195 2355
f 816 2903 2902
f 816 2902 821
f 2651 461 460
f 2651 460 2658
f 1085 3202 3209
f 1085 3209 1084
f 2362 194 199
f 2362 199 2361
f 820 2909 2908
f 820 2908 825
f 2647 457 456
f 2647 456 2652
f 1081 3198 3203
f 1081 3203 1080
f 2366 198 203
f 2366 203 2365
f 824 2913 2912
f 824 2912 829
f 2643 454 453
f 2643 453 2650
f 1077 3194 3201
f 1077 3201 1076
f 2372 202 207
f 2372 207 2371
f 826 2919 2918
f 826 2918 833
f 2637 449 448
f 2637 448 2644
f 1073 3188 3195
f 1073 3195 1072
f 2376 206 211
f 2376 211 2375
f 832 2923 2922
f 832 2922 837
f 2635 445 444
f 2635 444 2638
f 1069 3186 3189
f 1069 3189 1068
f 2382 210 215
f 2382 215 2381
f 836 2929 2928
f 836 2928 841
f 2629 441 440
f 2629 440 2636
f 1065 3180 3187
f 1065 3187 1064
f 2386 214 219
f 2386 219 2385
f 840 2933 2932
f 840 2932 845
f 2625 437 436
f 2625 436 2632
f 1061 3176 3183
f 1061 3183 1060
f 2390 218 223
f 2390 223 2389
f 842 2937 2936
f 842 2936 849
f 2621 434 433
f 2621 433 2626
f 1057 3172 3177
f 1057 3177 1056
f 2396 222 227
f 2396 227 2395
f 846 2943 2942
f 846 2942 853
f 2617 430 429
f 2617 429 2624
f 1055 3168 3175
f 1055 3175 1054
f 2400 226 231
f 2400 231 2399
f 852 2947 2946
f 852 2946 857
f 2611 425 424
f 2611 424 2618
f 1051 3162 3169
f 1051 3169 1050
f 2404 230 235
f 2404 235 2403
f 856 2951 2950
f 856 2950 861
f 2607 421 420
f 2607 420 2614
f 1047 3160 3165
f 1047 3165 1046
f 2408 234 239
f 2408 239 2407
f 860 2955 2954
f 860 2954 865
f 2603 417 416
f 2603 416 2610
f 1043 3154 3161
f 1043 3161 1042
f 2412 238 243
f 2412 243 2411
f 864 2959 2958
f 864 2958 869
f 2599 414 413
f 2599 413 2606
f 1039 3150 3157
f 1039 3157 1038
f 2416 242 247
f 2416 247 2415
f 866 2963 2962
f 866 2962 873
f 2595 409 408
f 2595 408 2600
f 1035 3146 3151
f 1035 3151 1034
f 2420 246 251
f 2420 251 2419
f 872 2967 2966
f 872 2966 877
f 2589 405 404
f 2589 404 2596
f 1031 3140 3147
f 1031 3147 1030
f 2424 250 255
f 2424 255 2423
f 876 2971 2970
f 876 2970 881
f 2585 402 401
f 2585 401 2592
f 1027 3136 3143
f 1027 3143 1026
f 2428 254 259
f 2428 259 2427
f 878 2975 2974
f 878 2974 883
f 399 398 19
f 22 399 19
f 2588 19 398
f 23 19 2588
f 5045 3132 3139
f 5045 3139 1022
f 1023 5047 5045
f 1023 5045 1022
f 2432 258 263
f 2432 263 2431
f 882 2979 2978
f 882 2978 885
f 397 396 21
f 24 21 20
f 2579 397 21
f 2579 21 24
f 5048 3128 3135
f 5048 3135 5046
f 1019 5048 1018
f 1019 3128 5048
f 2436 262 267
f 2436 267 2435
f 884 2983 2982
f 884 2982 889
f 2573 393 392
f 2573 392 2580
f 1015 3122 3129
f 1015 3129 1014
f 2442 266 271
f 2442 271 2441
f 888 2989 2988
f 888 2988 891
f 2569 391 390
f 2569 390 2576
f 1011 3118 3125
f 1011 3125 1010
f 2446 270 275
f 2446 275 2445
f 890 2993 2992
f 890 2992 895
f 2565 388 387
f 2565 387 2572
f 1007 3114 3121
f 1007 3121 1006
f 2450 274 279
f 2450 279 2449
f 892 2997 2996
f 892 2996 897
f 2563 385 384
f 2563 384 2568
f 1003 3112 3117
f 1003 3117 1002
f 2454 278 283
f 2454 283 2453
f 896 3001 3000
f 896 3000 899
f 2559 383 382
f 2559 382 2564
f 999 3108 3113
f 999 3113 998
f 2460 282 289
f 2460 289 2459
f 898 3007 3006
f 898 3006 903
f 2555 378 377
f 2555 377 2560
f 993 3104 3109
f 993 3109 992
f 2466 288 293
f 2466 293 2465
f 902 3013 3012
f 902 3012 909
f 2549 374 373
f 2549 373 2556
f 989 3098 3105
f 989 3105 988
f 2472 292 297
f 2472 297 2471
f 906 3019 3018
f 906 3018 911
f 2547 371 370
f 2547 370 2552
f 985 3094 3101
f 985 3101 984
f 2476 296 301
f 2476 301 2475
f 910 3023 3022
f 910 3022 915
f 2541 366 365
f 2541 365 2548
f 981 3090 3097
f 981 3097 980
f 2480 300 305
f 2480 305 2479
f 914 3027 3026
f 914 3026 919
f 2537 363 362
f 2537 362 2544
f 977 3086 3091
f 977 3091 976
f 2484 304 309
f 2484 309 2483
f 918 3031 3030
f 918 3030 923
f 2533 358 357
f 2533 357 2538
f 973 3082 3087
f 973 3087 972
f 2490 308 313
f 2490 313 2489
f 922 3037 3036
f 922 3036 929
f 2529 354 353
f 2529 353 2534
f 969 3078 3083
f 969 3083 968
f 2494 312 317
f 2494 317 2493
f 926 3041 3040
f 926 3040 931
f 2525 351 350
f 2525 350 2530
f 965 3074 3079
f 965 3079 964
f 2498 316 321
f 2498 321 2497
f 930 3045 3044
f 930 3044 935
f 2521 346 345
f 2521 345 2526
f 961 3070 3075
f 961 3075 960
f 2502 320 325
f 2502 325 2501
f 934 3049 3048
f 934 3048 939
f 2519 343 342
f 2519 342 2520
f 957 3068 3069
f 957 3069 956
f 2506 324 329
f 2506 329 2505
f 938 3053 3052
f 938 3052 941
f 2517 341 340
f 2517 340 2518
f 953 3066 3067
f 953 3067 952
f 2510 328 333
f 2510 333 2509
f 940 3057 3056
f 940 3056 944
f 2511 332 339
f 2511 339 2516
f 942 3059 3065
f 942 3065 948
