v 2.825000 -8.825000 0.350000
v 2.825000 -8.775000 0.350000
v 2.825000 -8.775000 2.950000
v 2.825000 -8.775000 3.000000
v 2.825000 -8.825000 3.000000
v 2.825000 -8.825000 2.950000
v 2.775000 -8.825000 0.350000
v 2.775000 -8.825000 3.000000
v 2.775000 -8.825000 2.950000
v -2.975000 -8.825000 0.350000
v -2.975000 -8.775000 0.350000
v -2.975000 -8.775000 2.950000
v -2.975000 -8.775000 3.000000
v -2.975000 -8.825000 3.000000
v -2.975000 -8.825000 2.950000
v -3.025000 -8.825000 0.350000
v -3.025000 -8.825000 3.000000
v -3.025000 -8.825000 2.950000
v -4.025000 -6.525000 10.050000
v -4.025000 -6.475000 10.050000
v -4.025000 -6.475000 10.100000
v -4.025000 -6.425000 10.100000
v -4.025000 -6.375000 10.100000
v -4.025000 -6.375000 10.150000
v -4.025000 -6.275000 10.150000
v -4.025000 -6.225000 10.150000
v -4.025000 -6.225000 10.200000
v -4.025000 -6.175000 10.200000
v -4.025000 -6.125000 10.200000
v -4.025000 -6.125000 10.250000
v -4.025000 -6.075000 10.250000
v -4.025000 -6.025000 10.250000
v -4.025000 -6.025000 10.300000
v -4.025000 -5.925000 10.300000
v -4.025000 -5.875000 10.300000
v -4.025000 -5.875000 10.350000
v -4.025000 -5.825000 10.350000
v -4.025000 -5.775000 10.350000
v -4.025000 -5.775000 10.400000
v -4.025000 -5.725000 10.400000
v -4.025000 -5.675000 10.400000
v -4.025000 -5.675000 10.450000
v -4.025000 -5.575000 10.450000
v -4.025000 -5.525000 10.450000
v -4.025000 -5.525000 10.500000
v -4.025000 -5.475000 10.500000
v -4.025000 -5.425000 10.500000
v -4.025000 -5.425000 10.550000
v -4.025000 -5.325000 10.550000
v -4.025000 -5.275000 10.550000
v -4.025000 -5.275000 10.600000
v -4.025000 -5.225000 10.600000
v -4.025000 -5.175000 10.600000
v -4.025000 -5.175000 10.650000
v -4.025000 -5.125000 10.650000
v -4.025000 -5.075000 10.650000
v -4.025000 -5.075000 10.700000
v -4.025000 -4.975000 10.700000
v -4.025000 -4.925000 10.700000
v -4.025000 -4.925000 10.750000
v -4.025000 -4.875000 10.750000
v -4.025000 -4.825000 10.750000
v -4.025000 -4.825000 10.800000
v -4.025000 -4.725000 10.800000
v -4.025000 -4.675000 10.800000
v -4.025000 -4.675000 10.850000
v -4.025000 -4.625000 10.850000
v -4.025000 -4.575000 10.850000
v -4.025000 -4.575000 10.900000
v -4.025000 -4.525000 10.900000
v -4.025000 -4.475000 10.900000
v -4.025000 -4.475000 10.950000
v -4.025000 -4.375000 10.950000
v -4.025000 -4.325000 10.950000
v -4.025000 -4.325000 11.000000
v -4.025000 -4.275000 11.000000
v -4.025000 -4.225000 11.000000
v -4.025000 -4.225000 11.050000
v -4.025000 -4.125000 11.050000
v -4.025000 -4.075000 11.050000
v -4.025000 -4.075000 11.100000
v -4.025000 -3.925000 11.100000
v -4.025000 -3.875000 11.100000
v -4.025000 -3.875000 11.150000
v -4.025000 -3.725000 11.150000
v -4.025000 -3.675000 11.150000
v -4.025000 -3.675000 11.200000
v -4.025000 -3.575000 11.200000
v -4.025000 -3.525000 11.200000
v -4.025000 -3.525000 11.250000
v -4.025000 -3.375000 11.250000
v -4.025000 -3.325000 11.250000
v -4.025000 -3.325000 11.300000
v -4.025000 -3.175000 11.300000
v -4.025000 -3.125000 11.300000
v -4.025000 -3.125000 11.350000
v -4.025000 -3.025000 11.350000
v -4.025000 -2.975000 11.350000
v -4.025000 -2.975000 11.400000
v -4.025000 -2.825000 11.400000
v -4.025000 -2.775000 11.400000
v -4.025000 -2.775000 11.450000
v -4.025000 -2.625000 11.450000
v -4.025000 -2.575000 11.450000
v -4.025000 -2.575000 11.500000
v -4.025000 -2.475000 11.500000
v -4.025000 -2.425000 11.500000
v -4.025000 -2.425000 11.550000
v -4.025000 -2.275000 11.550000
v -4.025000 -2.225000 11.550000
v -4.025000 -2.225000 11.600000
v -4.025000 -2.075000 11.600000
v -4.025000 -2.025000 11.600000
v -4.025000 -2.025000 11.650000
v -4.025000 -1.775000 11.650000
v -4.025000 -1.725000 11.650000
v -4.025000 -1.725000 11.700000
v -4.025000 -1.425000 11.700000
v -4.025000 -1.375000 11.700000
v -4.025000 -1.375000 11.750000
v -4.025000 -1.025000 11.750000
v -4.025000 -0.975000 11.750000
v -4.025000 -0.975000 11.800000
v -4.025000 -0.675000 11.800000
v -4.025000 -0.625000 11.800000
v -4.025000 -0.625000 11.850000
v -4.025000 -0.275000 11.850000
v -4.025000 -0.225000 11.850000
v -4.025000 -0.225000 11.900000
v -4.025000 0.075000 11.900000
v -4.025000 0.125000 11.900000
v -4.025000 0.125000 11.950000
v -4.025000 2.775000 11.950000
v -4.025000 2.825000 11.950000
v -4.025000 2.825000 11.900000
v -4.025000 3.175000 11.900000
v -4.025000 3.225000 11.900000
v -4.025000 3.225000 11.850000
v -4.025000 3.525000 11.850000
v -4.025000 3.575000 11.850000
v -4.025000 3.575000 11.800000
v -4.025000 3.925000 11.800000
v -4.025000 3.975000 11.800000
v -4.025000 3.975000 11.750000
v -4.025000 4.275000 11.750000
v -4.025000 4.325000 11.750000
v -4.025000 4.325000 11.700000
v -4.025000 4.675000 11.700000
v -4.025000 4.725000 11.700000
v -4.025000 4.725000 11.650000
v -4.025000 4.975000 11.650000
v -4.025000 5.025000 11.650000
v -4.025000 5.025000 11.600000
v -4.025000 5.125000 11.600000
v -4.025000 5.175000 11.600000
v -4.025000 5.175000 11.550000
v -4.025000 5.325000 11.550000
v -4.025000 5.375000 11.550000
v -4.025000 5.375000 11.500000
v -4.025000 5.525000 11.500000
v -4.025000 5.575000 11.500000
v -4.025000 5.575000 11.450000
v -4.025000 5.675000 11.450000
v -4.025000 5.725000 11.450000
v -4.025000 5.725000 11.400000
v -4.025000 5.875000 11.400000
v -4.025000 5.925000 11.400000
v -4.025000 5.925000 11.350000
v -4.025000 6.075000 11.350000
v -4.025000 6.125000 11.350000
v -4.025000 6.125000 11.300000
v -4.025000 6.225000 11.300000
v -4.025000 6.275000 11.300000
v -4.025000 6.275000 11.250000
v -4.025000 6.425000 11.250000
v -4.025000 6.475000 11.250000
v -4.025000 6.475000 11.200000
v -4.025000 6.625000 11.200000
v -4.025000 6.675000 11.200000
v -4.025000 6.675000 11.150000
v -4.025000 6.775000 11.150000
v -4.025000 6.825000 11.150000
v -4.025000 6.825000 11.100000
v -4.025000 6.975000 11.100000
v -4.025000 7.025000 11.100000
v -4.025000 7.025000 11.050000
v -4.025000 7.125000 11.050000
v -4.025000 7.175000 11.050000
v -4.025000 7.175000 11.000000
v -4.025000 7.275000 11.000000
v -4.025000 7.325000 11.000000
v -4.025000 7.325000 10.950000
v -4.025000 7.375000 10.950000
v -4.025000 7.425000 10.950000
v -4.025000 7.425000 10.900000
v -4.025000 7.475000 10.900000
v -4.025000 7.525000 10.900000
v -4.025000 7.525000 10.850000
v -4.025000 7.625000 10.850000
v -4.025000 7.675000 10.850000
v -4.025000 7.675000 10.800000
v -4.025000 7.725000 10.800000
v -4.025000 7.775000 10.800000
v -4.025000 7.775000 10.750000
v -4.025000 7.875000 10.750000
v -4.025000 7.925000 10.750000
v -4.025000 7.925000 10.700000
v -4.025000 7.975000 10.700000
v -4.025000 8.025000 10.700000
v -4.025000 8.025000 10.650000
v -4.025000 8.075000 10.650000
v -4.025000 8.125000 10.650000
v -4.025000 8.125000 10.600000
v -4.025000 8.225000 10.600000
v -4.025000 8.275000 10.600000
v -4.025000 8.275000 10.550000
v -4.025000 8.325000 10.550000
v -4.025000 8.375000 10.550000
v -4.025000 8.375000 10.500000
v -4.025000 8.475000 10.500000
v -4.025000 8.525000 10.500000
v -4.025000 8.525000 10.450000
v -4.025000 8.575000 10.450000
v -4.025000 8.625000 10.450000
v -4.025000 8.625000 10.400000
v -4.025000 8.675000 10.400000
v -4.025000 8.725000 10.400000
v -4.025000 8.725000 10.350000
v -4.025000 8.825000 10.350000
v -4.025000 8.875000 10.350000
v -4.025000 8.875000 10.300000
v -4.025000 8.925000 10.300000
v -4.025000 8.975000 10.300000
v -4.025000 8.975000 10.250000
v -4.025000 9.025000 10.250000
v -4.025000 9.075000 10.250000
v -4.025000 9.075000 10.200000
v -4.025000 9.175000 10.200000
v -4.025000 9.225000 10.200000
v -4.025000 9.225000 10.150000
v -4.025000 9.275000 10.150000
v -4.025000 9.325000 10.150000
v -4.025000 9.325000 10.100000
v -4.025000 9.425000 10.100000
v -4.025000 9.475000 10.100000
v -4.025000 9.475000 10.050000
v -4.025000 9.525000 10.050000
v -4.025000 9.525000 10.500000
v -4.025000 9.525000 10.550000
v -4.025000 9.425000 10.550000
v -4.025000 9.425000 10.600000
v -4.025000 9.275000 10.600000
v -4.025000 9.275000 10.650000
v -4.025000 9.175000 10.650000
v -4.025000 9.175000 10.700000
v -4.025000 9.075000 10.700000
v -4.025000 9.075000 10.750000
v -4.025000 8.925000 10.750000
v -4.025000 8.925000 10.800000
v -4.025000 8.825000 10.800000
v -4.025000 8.825000 10.850000
v -4.025000 8.675000 10.850000
v -4.025000 8.675000 10.900000
v -4.025000 8.575000 10.900000
v -4.025000 8.575000 10.950000
v -4.025000 8.475000 10.950000
v -4.025000 8.475000 11.000000
v -4.025000 8.325000 11.000000
v -4.025000 8.325000 11.050000
v -4.025000 8.225000 11.050000
v -4.025000 8.225000 11.100000
v -4.025000 8.125000 11.100000
v -4.025000 8.125000 11.150000
v -4.025000 7.975000 11.150000
v -4.025000 7.975000 11.200000
v -4.025000 7.875000 11.200000
v -4.025000 7.875000 11.250000
v -4.025000 7.725000 11.250000
v -4.025000 7.725000 11.300000
v -4.025000 7.625000 11.300000
v -4.025000 7.625000 11.350000
v -4.025000 7.525000 11.350000
v -4.025000 7.525000 11.400000
v -4.025000 7.375000 11.400000
v -4.025000 7.375000 11.450000
v -4.025000 7.225000 11.450000
v -4.025000 7.225000 11.500000
v -4.025000 7.075000 11.500000
v -4.025000 7.075000 11.550000
v -4.025000 6.875000 11.550000
v -4.025000 6.875000 11.600000
v -4.025000 6.675000 11.600000
v -4.025000 6.675000 11.650000
v -4.025000 6.525000 11.650000
v -4.025000 6.525000 11.700000
v -4.025000 6.325000 11.700000
v -4.025000 6.325000 11.750000
v -4.025000 6.125000 11.750000
v -4.025000 6.125000 11.800000
v -4.025000 5.925000 11.800000
v -4.025000 5.925000 11.850000
v -4.025000 5.775000 11.850000
v -4.025000 5.775000 11.900000
v -4.025000 5.575000 11.900000
v -4.025000 5.575000 11.950000
v -4.025000 5.375000 11.950000
v -4.025000 5.375000 12.000000
v -4.025000 5.225000 12.000000
v -4.025000 5.225000 12.050000
v -4.025000 5.025000 12.050000
v -4.025000 5.025000 12.100000
v -4.025000 4.625000 12.100000
v -4.025000 4.625000 12.150000
v -4.025000 4.275000 12.150000
v -4.025000 4.275000 12.200000
v -4.025000 3.875000 12.200000
v -4.025000 3.875000 12.250000
v -4.025000 3.525000 12.250000
v -4.025000 3.525000 12.300000
v -4.025000 3.125000 12.300000
v -4.025000 3.125000 12.350000
v -4.025000 2.775000 12.350000
v -4.025000 2.775000 12.400000
v -4.025000 0.225000 12.400000
v -4.025000 0.225000 12.350000
v -4.025000 -0.175000 12.350000
v -4.025000 -0.175000 12.300000
v -4.025000 -0.525000 12.300000
v -4.025000 -0.525000 12.250000
v -4.025000 -0.925000 12.250000
v -4.025000 -0.925000 12.200000
v -4.025000 -1.275000 12.200000
v -4.025000 -1.275000 12.150000
v -4.025000 -1.675000 12.150000
v -4.025000 -1.675000 12.100000
v -4.025000 -2.025000 12.100000
v -4.025000 -2.025000 12.050000
v -4.025000 -2.225000 12.050000
v -4.025000 -2.225000 12.000000
v -4.025000 -2.425000 12.000000
v -4.025000 -2.425000 11.950000
v -4.025000 -2.625000 11.950000
v -4.025000 -2.625000 11.900000
v -4.025000 -2.775000 11.900000
v -4.025000 -2.775000 11.850000
v -4.025000 -2.975000 11.850000
v -4.025000 -2.975000 11.800000
v -4.025000 -3.175000 11.800000
v -4.025000 -3.175000 11.750000
v -4.025000 -3.325000 11.750000
v -4.025000 -3.325000 11.700000
v -4.025000 -3.525000 11.700000
v -4.025000 -3.525000 11.650000
v -4.025000 -3.725000 11.650000
v -4.025000 -3.725000 11.600000
v -4.025000 -3.925000 11.600000
v -4.025000 -3.925000 11.550000
v -4.025000 -4.075000 11.550000
v -4.025000 -4.075000 11.500000
v -4.025000 -4.275000 11.500000
v -4.025000 -4.275000 11.450000
v -4.025000 -4.425000 11.450000
v -4.025000 -4.425000 11.400000
v -4.025000 -4.525000 11.400000
v -4.025000 -4.525000 11.350000
v -4.025000 -4.675000 11.350000
v -4.025000 -4.675000 11.300000
v -4.025000 -4.775000 11.300000
v -4.025000 -4.775000 11.250000
v -4.025000 -4.875000 11.250000
v -4.025000 -4.875000 11.200000
v -4.025000 -5.025000 11.200000
v -4.025000 -5.025000 11.150000
v -4.025000 -5.125000 11.150000
v -4.025000 -5.125000 11.100000
v -4.025000 -5.275000 11.100000
v -4.025000 -5.275000 11.050000
v -4.025000 -5.375000 11.050000
v -4.025000 -5.375000 11.000000
v -4.025000 -5.475000 11.000000
v -4.025000 -5.475000 10.950000
v -4.025000 -5.625000 10.950000
v -4.025000 -5.625000 10.900000
v -4.025000 -5.725000 10.900000
v -4.025000 -5.725000 10.850000
v -4.025000 -5.825000 10.850000
v -4.025000 -5.825000 10.800000
v -4.025000 -5.975000 10.800000
v -4.025000 -5.975000 10.750000
v -4.025000 -6.075000 10.750000
v -4.025000 -6.075000 10.700000
v -4.025000 -6.225000 10.700000
v -4.025000 -6.225000 10.650000
v -4.025000 -6.325000 10.650000
v -4.025000 -6.325000 10.600000
v -4.025000 -6.425000 10.600000
v -4.025000 -6.425000 10.550000
v -4.025000 -6.525000 10.550000
v -4.025000 -6.525000 10.500000
v 3.975000 -6.525000 10.550000
v 4.025000 -6.525000 10.550000
v 4.025000 -6.525000 10.050000
v 3.975000 -6.525000 10.050000
v 4.025000 -6.425000 10.550000
v 4.025000 -6.425000 10.600000
v 4.025000 -6.325000 10.600000
v 4.025000 -6.325000 10.650000
v 4.025000 -6.225000 10.650000
v 4.025000 -6.225000 10.700000
v 4.025000 -6.075000 10.700000
v 4.025000 -6.075000 10.750000
v 4.025000 -5.975000 10.750000
v 4.025000 -5.975000 10.800000
v 4.025000 -5.825000 10.800000
v 4.025000 -5.825000 10.850000
v 4.025000 -5.725000 10.850000
v 4.025000 -5.725000 10.900000
v 4.025000 -5.625000 10.900000
v 4.025000 -5.625000 10.950000
v 4.025000 -5.475000 10.950000
v 4.025000 -5.475000 11.000000
v 4.025000 -5.375000 11.000000
v 4.025000 -5.375000 11.050000
v 4.025000 -5.275000 11.050000
v 4.025000 -5.275000 11.100000
v 4.025000 -5.125000 11.100000
v 4.025000 -5.125000 11.150000
v 4.025000 -5.025000 11.150000
v 4.025000 -5.025000 11.200000
v 4.025000 -4.875000 11.200000
v 4.025000 -4.875000 11.250000
v 4.025000 -4.775000 11.250000
v 4.025000 -4.775000 11.300000
v 4.025000 -4.675000 11.300000
v 4.025000 -4.675000 11.350000
v 4.025000 -4.525000 11.350000
v 4.025000 -4.525000 11.400000
v 4.025000 -4.425000 11.400000
v 4.025000 -4.425000 11.450000
v 4.025000 -4.275000 11.450000
v 4.025000 -4.275000 11.500000
v 4.025000 -4.075000 11.500000
v 4.025000 -4.075000 11.550000
v 4.025000 -3.925000 11.550000
v 4.025000 -3.925000 11.600000
v 4.025000 -3.725000 11.600000
v 4.025000 -3.725000 11.650000
v 4.025000 -3.525000 11.650000
v 4.025000 -3.525000 11.700000
v 4.025000 -3.325000 11.700000
v 4.025000 -3.325000 11.750000
v 4.025000 -3.175000 11.750000
v 4.025000 -3.175000 11.800000
v 4.025000 -2.975000 11.800000
v 4.025000 -2.975000 11.850000
v 4.025000 -2.775000 11.850000
v 4.025000 -2.775000 11.900000
v 4.025000 -2.625000 11.900000
v 4.025000 -2.625000 11.950000
v 4.025000 -2.425000 11.950000
v 4.025000 -2.425000 12.000000
v 4.025000 -2.225000 12.000000
v 4.025000 -2.225000 12.050000
v 4.025000 -2.025000 12.050000
v 4.025000 -2.025000 12.100000
v 4.025000 -1.675000 12.100000
v 4.025000 -1.675000 12.150000
v 4.025000 -1.275000 12.150000
v 4.025000 -1.275000 12.200000
v 4.025000 -0.925000 12.200000
v 4.025000 -0.925000 12.250000
v 4.025000 -0.525000 12.250000
v 4.025000 -0.525000 12.300000
v 4.025000 -0.175000 12.300000
v 4.025000 -0.175000 12.350000
v 4.025000 0.225000 12.350000
v 4.025000 0.225000 12.400000
v 4.025000 2.775000 12.400000
v 4.025000 2.775000 12.350000
v 4.025000 3.125000 12.350000
v 4.025000 3.125000 12.300000
v 4.025000 3.525000 12.300000
v 4.025000 3.525000 12.250000
v 4.025000 3.875000 12.250000
v 4.025000 3.875000 12.200000
v 4.025000 4.275000 12.200000
v 4.025000 4.275000 12.150000
v 4.025000 4.625000 12.150000
v 4.025000 4.625000 12.100000
v 4.025000 5.025000 12.100000
v 4.025000 5.025000 12.050000
v 4.025000 5.225000 12.050000
v 4.025000 5.225000 12.000000
v 4.025000 5.375000 12.000000
v 4.025000 5.375000 11.950000
v 4.025000 5.575000 11.950000
v 4.025000 5.575000 11.900000
v 4.025000 5.775000 11.900000
v 4.025000 5.775000 11.850000
v 4.025000 5.925000 11.850000
v 4.025000 5.925000 11.800000
v 4.025000 6.125000 11.800000
v 4.025000 6.125000 11.750000
v 4.025000 6.325000 11.750000
v 4.025000 6.325000 11.700000
v 4.025000 6.525000 11.700000
v 4.025000 6.525000 11.650000
v 4.025000 6.675000 11.650000
v 4.025000 6.675000 11.600000
v 4.025000 6.875000 11.600000
v 4.025000 6.875000 11.550000
v 4.025000 7.075000 11.550000
v 4.025000 7.075000 11.500000
v 4.025000 7.225000 11.500000
v 4.025000 7.225000 11.450000
v 4.025000 7.375000 11.450000
v 4.025000 7.375000 11.400000
v 4.025000 7.525000 11.400000
v 4.025000 7.525000 11.350000
v 4.025000 7.625000 11.350000
v 4.025000 7.625000 11.300000
v 4.025000 7.725000 11.300000
v 4.025000 7.725000 11.250000
v 4.025000 7.875000 11.250000
v 4.025000 7.875000 11.200000
v 4.025000 7.975000 11.200000
v 4.025000 7.975000 11.150000
v 4.025000 8.125000 11.150000
v 4.025000 8.125000 11.100000
v 4.025000 8.225000 11.100000
v 4.025000 8.225000 11.050000
v 4.025000 8.325000 11.050000
v 4.025000 8.325000 11.000000
v 4.025000 8.475000 11.000000
v 4.025000 8.475000 10.950000
v 4.025000 8.575000 10.950000
v 4.025000 8.575000 10.900000
v 4.025000 8.675000 10.900000
v 4.025000 8.675000 10.850000
v 4.025000 8.825000 10.850000
v 4.025000 8.825000 10.800000
v 4.025000 8.925000 10.800000
v 4.025000 8.925000 10.750000
v 4.025000 9.075000 10.750000
v 4.025000 9.075000 10.700000
v 4.025000 9.175000 10.700000
v 4.025000 9.175000 10.650000
v 4.025000 9.275000 10.650000
v 4.025000 9.275000 10.600000
v 4.025000 9.425000 10.600000
v 4.025000 9.425000 10.550000
v 4.025000 9.525000 10.550000
v 4.025000 9.525000 10.050000
v 4.025000 9.475000 10.050000
v 4.025000 9.475000 10.100000
v 4.025000 9.325000 10.100000
v 4.025000 9.325000 10.150000
v 4.025000 9.225000 10.150000
v 4.025000 9.225000 10.200000
v 4.025000 9.075000 10.200000
v 4.025000 9.075000 10.250000
v 4.025000 8.975000 10.250000
v 4.025000 8.975000 10.300000
v 4.025000 8.875000 10.300000
v 4.025000 8.875000 10.350000
v 4.025000 8.725000 10.350000
v 4.025000 8.725000 10.400000
v 4.025000 8.625000 10.400000
v 4.025000 8.625000 10.450000
v 4.025000 8.525000 10.450000
v 4.025000 8.525000 10.500000
v 4.025000 8.375000 10.500000
v 4.025000 8.375000 10.550000
v 4.025000 8.275000 10.550000
v 4.025000 8.275000 10.600000
v 4.025000 8.125000 10.600000
v 4.025000 8.125000 10.650000
v 4.025000 8.025000 10.650000
v 4.025000 8.025000 10.700000
v 4.025000 7.925000 10.700000
v 4.025000 7.925000 10.750000
v 4.025000 7.775000 10.750000
v 4.025000 7.775000 10.800000
v 4.025000 7.675000 10.800000
v 4.025000 7.675000 10.850000
v 4.025000 7.525000 10.850000
v 4.025000 7.525000 10.900000
v 4.025000 7.425000 10.900000
v 4.025000 7.425000 10.950000
v 4.025000 7.325000 10.950000
v 4.025000 7.325000 11.000000
v 4.025000 7.175000 11.000000
v 4.025000 7.175000 11.050000
v 4.025000 7.025000 11.050000
v 4.025000 7.025000 11.100000
v 4.025000 6.825000 11.100000
v 4.025000 6.825000 11.150000
v 4.025000 6.675000 11.150000
v 4.025000 6.675000 11.200000
v 4.025000 6.475000 11.200000
v 4.025000 6.475000 11.250000
v 4.025000 6.275000 11.250000
v 4.025000 6.275000 11.300000
v 4.025000 6.125000 11.300000
v 4.025000 6.125000 11.350000
v 4.025000 5.925000 11.350000
v 4.025000 5.925000 11.400000
v 4.025000 5.725000 11.400000
v 4.025000 5.725000 11.450000
v 4.025000 5.575000 11.450000
v 4.025000 5.575000 11.500000
v 4.025000 5.375000 11.500000
v 4.025000 5.375000 11.550000
v 4.025000 5.175000 11.550000
v 4.025000 5.175000 11.600000
v 4.025000 5.025000 11.600000
v 4.025000 5.025000 11.650000
v 4.025000 4.725000 11.650000
v 4.025000 4.725000 11.700000
v 4.025000 4.325000 11.700000
v 4.025000 4.325000 11.750000
v 4.025000 3.975000 11.750000
v 4.025000 3.975000 11.800000
v 4.025000 3.575000 11.800000
v 4.025000 3.575000 11.850000
v 4.025000 3.225000 11.850000
v 4.025000 3.225000 11.900000
v 4.025000 2.825000 11.900000
v 4.025000 2.825000 11.950000
v 4.025000 0.125000 11.950000
v 4.025000 0.125000 11.900000
v 4.025000 -0.225000 11.900000
v 4.025000 -0.225000 11.850000
v 4.025000 -0.625000 11.850000
v 4.025000 -0.625000 11.800000
v 4.025000 -0.975000 11.800000
v 4.025000 -0.975000 11.750000
v 4.025000 -1.375000 11.750000
v 4.025000 -1.375000 11.700000
v 4.025000 -1.725000 11.700000
v 4.025000 -1.725000 11.650000
v 4.025000 -2.025000 11.650000
v 4.025000 -2.025000 11.600000
v 4.025000 -2.225000 11.600000
v 4.025000 -2.225000 11.550000
v 4.025000 -2.425000 11.550000
v 4.025000 -2.425000 11.500000
v 4.025000 -2.575000 11.500000
v 4.025000 -2.575000 11.450000
v 4.025000 -2.775000 11.450000
v 4.025000 -2.775000 11.400000
v 4.025000 -2.975000 11.400000
v 4.025000 -2.975000 11.350000
v 4.025000 -3.125000 11.350000
v 4.025000 -3.125000 11.300000
v 4.025000 -3.325000 11.300000
v 4.025000 -3.325000 11.250000
v 4.025000 -3.525000 11.250000
v 4.025000 -3.525000 11.200000
v 4.025000 -3.675000 11.200000
v 4.025000 -3.675000 11.150000
v 4.025000 -3.875000 11.150000
v 4.025000 -3.875000 11.100000
v 4.025000 -4.075000 11.100000
v 4.025000 -4.075000 11.050000
v 4.025000 -4.225000 11.050000
v 4.025000 -4.225000 11.000000
v 4.025000 -4.325000 11.000000
v 4.025000 -4.325000 10.950000
v 4.025000 -4.475000 10.950000
v 4.025000 -4.475000 10.900000
v 4.025000 -4.575000 10.900000
v 4.025000 -4.575000 10.850000
v 4.025000 -4.675000 10.850000
v 4.025000 -4.675000 10.800000
v 4.025000 -4.825000 10.800000
v 4.025000 -4.825000 10.750000
v 4.025000 -4.925000 10.750000
v 4.025000 -4.925000 10.700000
v 4.025000 -5.075000 10.700000
v 4.025000 -5.075000 10.650000
v 4.025000 -5.175000 10.650000
v 4.025000 -5.175000 10.600000
v 4.025000 -5.275000 10.600000
v 4.025000 -5.275000 10.550000
v 4.025000 -5.425000 10.550000
v 4.025000 -5.425000 10.500000
v 4.025000 -5.525000 10.500000
v 4.025000 -5.525000 10.450000
v 4.025000 -5.675000 10.450000
v 4.025000 -5.675000 10.400000
v 4.025000 -5.775000 10.400000
v 4.025000 -5.775000 10.350000
v 4.025000 -5.875000 10.350000
v 4.025000 -5.875000 10.300000
v 4.025000 -6.025000 10.300000
v 4.025000 -6.025000 10.250000
v 4.025000 -6.125000 10.250000
v 4.025000 -6.125000 10.200000
v 4.025000 -6.225000 10.200000
v 4.025000 -6.225000 10.150000
v 4.025000 -6.375000 10.150000
v 4.025000 -6.375000 10.100000
v 4.025000 -6.475000 10.100000
v 4.025000 -6.475000 10.050000
v 3.975000 9.475000 10.050000
v 3.975000 9.325000 10.100000
v 3.975000 9.225000 10.150000
v 3.975000 9.075000 10.200000
v 3.975000 8.975000 10.250000
v 3.975000 8.875000 10.300000
v 3.975000 8.725000 10.350000
v 3.975000 8.625000 10.400000
v -3.025000 8.525000 10.500000
v -3.025000 8.525000 10.450000
v -3.075000 8.525000 10.450000
v 20.875000 0.075000 7.250000
v 20.875000 0.075000 8.650000
v 20.875000 0.075000 8.700000
v 20.875000 0.875000 8.700000
v 20.875000 0.925000 8.700000
v 20.875000 0.925000 7.250000
v 20.875000 0.875000 7.250000
v 21.025000 0.925000 8.700000
v 21.025000 0.925000 7.250000
v 20.975000 0.925000 7.250000
v 20.875000 0.075000 4.250000
v 20.875000 0.075000 5.650000
v 20.875000 0.075000 5.700000
v 20.875000 0.875000 5.700000
v 20.875000 0.925000 5.700000
v 20.875000 0.925000 4.250000
v 20.875000 0.875000 4.250000
v 21.025000 0.925000 5.700000
v 21.025000 0.925000 4.250000
v 20.975000 0.925000 4.250000
v 20.875000 0.075000 1.250000
v 20.875000 0.075000 2.650000
v 20.875000 0.075000 2.700000
v 20.875000 0.875000 2.700000
v 20.875000 0.925000 2.700000
v 20.875000 0.925000 1.250000
v 20.875000 0.875000 1.250000
v 21.025000 0.925000 2.700000
v 21.025000 0.925000 1.250000
v 20.975000 0.925000 1.250000
v 2.875000 -6.925000 0.450000
v 2.875000 -6.925000 2.350000
v 2.875000 -6.925000 2.400000
v 2.875000 -6.125000 2.400000
v 2.875000 -6.075000 2.400000
v 2.875000 -6.075000 0.450000
v 2.875000 -6.125000 0.450000
v 3.025000 -6.075000 2.400000
v 3.025000 -6.075000 0.450000
v 2.975000 -6.075000 0.450000
v -21.025000 -5.525000 -3.000000
v -21.025000 6.475000 -3.000000
v -21.025000 6.525000 -3.000000
v -21.025000 6.525000 9.450000
v -21.025000 6.525000 9.500000
v -21.025000 6.475000 9.500000
v -21.025000 6.475000 9.550000
v -21.025000 6.375000 9.550000
v -21.025000 6.375000 9.600000
v -21.025000 6.275000 9.600000
v -21.025000 6.275000 9.650000
v -21.025000 6.175000 9.650000
v -21.025000 6.175000 9.700000
v -21.025000 6.075000 9.700000
v -21.025000 6.075000 9.750000
v -21.025000 5.975000 9.750000
v -21.025000 5.975000 9.800000
v -21.025000 5.875000 9.800000
v -21.025000 5.875000 9.850000
v -21.025000 5.775000 9.850000
v -21.025000 5.775000 9.900000
v -21.025000 5.675000 9.900000
v -21.025000 5.675000 9.950000
v -21.025000 5.525000 9.950000
v -21.025000 5.525000 10.000000
v -21.025000 5.425000 10.000000
v -21.025000 5.425000 10.050000
v -21.025000 5.275000 10.050000
v -21.025000 5.275000 10.100000
v -21.025000 5.125000 10.100000
v -21.025000 5.125000 10.150000
v -21.025000 4.975000 10.150000
v -21.025000 4.975000 10.200000
v -21.025000 4.775000 10.200000
v -21.025000 4.775000 10.250000
v -21.025000 4.625000 10.250000
v -21.025000 4.625000 10.300000
v -21.025000 4.475000 10.300000
v -21.025000 4.475000 10.350000
v -21.025000 4.325000 10.350000
v -21.025000 4.325000 10.400000
v -21.025000 4.125000 10.400000
v -21.025000 4.125000 10.450000
v -21.025000 3.975000 10.450000
v -21.025000 3.975000 10.500000
v -21.025000 3.825000 10.500000
v -21.025000 3.825000 10.550000
v -21.025000 3.675000 10.550000
v -21.025000 3.675000 10.600000
v -21.025000 3.475000 10.600000
v -21.025000 3.475000 10.650000
v -21.025000 3.175000 10.650000
v -21.025000 3.175000 10.700000
v -21.025000 2.825000 10.700000
v -21.025000 2.825000 10.750000
v -21.025000 2.475000 10.750000
v -21.025000 2.475000 10.800000
v -21.025000 2.125000 10.800000
v -21.025000 2.125000 10.850000
v -21.025000 1.825000 10.850000
v -21.025000 1.825000 10.900000
v -21.025000 1.475000 10.900000
v -21.025000 1.475000 10.950000
v -21.025000 -0.525000 10.950000
v -21.025000 -0.525000 10.900000
v -21.025000 -0.825000 10.900000
v -21.025000 -0.825000 10.850000
v -21.025000 -1.175000 10.850000
v -21.025000 -1.175000 10.800000
v -21.025000 -1.525000 10.800000
v -21.025000 -1.525000 10.750000
v -21.025000 -1.825000 10.750000
v -21.025000 -1.825000 10.700000
v -21.025000 -2.175000 10.700000
v -21.025000 -2.175000 10.650000
v -21.025000 -2.525000 10.650000
v -21.025000 -2.525000 10.600000
v -21.025000 -2.675000 10.600000
v -21.025000 -2.675000 10.550000
v -21.025000 -2.825000 10.550000
v -21.025000 -2.825000 10.500000
v -21.025000 -3.025000 10.500000
v -21.025000 -3.025000 10.450000
v -21.025000 -3.175000 10.450000
v -21.025000 -3.175000 10.400000
v -21.025000 -3.325000 10.400000
v -21.025000 -3.325000 10.350000
v -21.025000 -3.475000 10.350000
v -21.025000 -3.475000 10.300000
v -21.025000 -3.675000 10.300000
v -21.025000 -3.675000 10.250000
v -21.025000 -3.825000 10.250000
v -21.025000 -3.825000 10.200000
v -21.025000 -3.975000 10.200000
v -21.025000 -3.975000 10.150000
v -21.025000 -4.175000 10.150000
v -21.025000 -4.175000 10.100000
v -21.025000 -4.325000 10.100000
v -21.025000 -4.325000 10.050000
v -21.025000 -4.475000 10.050000
v -21.025000 -4.475000 10.000000
v -21.025000 -4.575000 10.000000
v -21.025000 -4.575000 9.950000
v -21.025000 -4.675000 9.950000
v -21.025000 -4.675000 9.900000
v -21.025000 -4.775000 9.900000
v -21.025000 -4.775000 9.850000
v -21.025000 -4.875000 9.850000
v -21.025000 -4.875000 9.800000
v -21.025000 -4.975000 9.800000
v -21.025000 -4.975000 9.750000
v -21.025000 -5.125000 9.750000
v -21.025000 -5.125000 9.700000
v -21.025000 -5.225000 9.700000
v -21.025000 -5.225000 9.650000
v -21.025000 -5.325000 9.650000
v -21.025000 -5.325000 9.600000
v -21.025000 -5.425000 9.600000
v -21.025000 -5.425000 9.550000
v -21.025000 -5.525000 9.550000
v -21.025000 -5.525000 9.500000
v -21.025000 0.075000 4.250000
v -21.025000 0.075000 5.650000
v -21.025000 0.075000 5.700000
v -21.025000 0.875000 5.700000
v -21.025000 0.925000 5.700000
v -21.025000 0.925000 4.250000
v -21.025000 0.875000 4.250000
v -21.025000 0.075000 1.250000
v -21.025000 0.075000 2.650000
v -21.025000 0.075000 2.700000
v -21.025000 0.875000 2.700000
v -21.025000 0.925000 2.700000
v -21.025000 0.925000 1.250000
v -21.025000 0.875000 1.250000
v -21.025000 0.075000 7.250000
v -21.025000 0.075000 8.650000
v -21.025000 0.075000 8.700000
v -21.025000 0.875000 8.700000
v -21.025000 0.925000 8.700000
v -21.025000 0.925000 7.250000
v -21.025000 0.875000 7.250000
v -2.975000 -5.525000 9.500000
v -2.975000 -5.525000 10.000000
v -22.025000 -5.525000 10.000000
v -22.025000 -5.525000 10.050000
v -3.075000 -5.525000 10.050000
v -3.025000 -5.525000 10.050000
v -3.025000 -5.525000 10.450000
v 3.025000 -5.525000 10.450000
v 3.025000 -5.525000 10.050000
v 21.975000 -5.525000 10.050000
v 22.025000 -5.525000 10.050000
v 22.025000 -5.525000 10.000000
v 2.975000 -5.525000 10.000000
v 2.975000 -5.525000 9.500000
v 21.025000 -5.525000 9.500000
v 21.025000 -5.525000 -3.000000
v 20.975000 -5.525000 -3.000000
v -3.025000 -5.525000 0.000000
v 3.025000 -5.525000 0.000000
v 3.025000 -5.525000 3.000000
v 3.525000 -5.525000 3.000000
v 3.525000 -5.525000 3.350000
v -3.525000 -5.525000 3.350000
v -3.525000 -5.525000 3.000000
v -3.025000 -5.525000 3.000000
v -3.025000 -5.525000 2.950000
v -4.225000 -5.525000 4.250000
v -3.325000 -5.525000 4.250000
v -3.275000 -5.525000 4.250000
v -3.275000 -5.525000 5.650000
v -3.275000 -5.525000 5.700000
v -4.225000 -5.525000 5.700000
v -4.225000 -5.525000 5.650000
v -2.725000 -5.525000 4.250000
v -1.825000 -5.525000 4.250000
v -1.775000 -5.525000 4.250000
v -1.775000 -5.525000 5.650000
v -1.775000 -5.525000 5.700000
v -2.725000 -5.525000 5.700000
v -2.725000 -5.525000 5.650000
v -1.225000 -5.525000 4.250000
v -0.325000 -5.525000 4.250000
v -0.275000 -5.525000 4.250000
v -0.275000 -5.525000 5.650000
v -0.275000 -5.525000 5.700000
v -1.225000 -5.525000 5.700000
v -1.225000 -5.525000 5.650000
v 0.275000 -5.525000 4.250000
v 1.175000 -5.525000 4.250000
v 1.225000 -5.525000 4.250000
v 1.225000 -5.525000 5.650000
v 1.225000 -5.525000 5.700000
v 0.275000 -5.525000 5.700000
v 0.275000 -5.525000 5.650000
v 1.775000 -5.525000 4.250000
v 2.675000 -5.525000 4.250000
v 2.725000 -5.525000 4.250000
v 2.725000 -5.525000 5.650000
v 2.725000 -5.525000 5.700000
v 1.775000 -5.525000 5.700000
v 1.775000 -5.525000 5.650000
v 3.275000 -5.525000 4.250000
v 4.175000 -5.525000 4.250000
v 4.225000 -5.525000 4.250000
v 4.225000 -5.525000 5.650000
v 4.225000 -5.525000 5.700000
v 3.275000 -5.525000 5.700000
v 3.275000 -5.525000 5.650000
v 4.775000 -5.525000 4.250000
v 5.675000 -5.525000 4.250000
v 5.725000 -5.525000 4.250000
v 5.725000 -5.525000 5.650000
v 5.725000 -5.525000 5.700000
v 4.775000 -5.525000 5.700000
v 4.775000 -5.525000 5.650000
v 6.275000 -5.525000 4.250000
v 7.175000 -5.525000 4.250000
v 7.225000 -5.525000 4.250000
v 7.225000 -5.525000 5.650000
v 7.225000 -5.525000 5.700000
v 6.275000 -5.525000 5.700000
v 6.275000 -5.525000 5.650000
v 7.775000 -5.525000 4.250000
v 8.675000 -5.525000 4.250000
v 8.725000 -5.525000 4.250000
v 8.725000 -5.525000 5.650000
v 8.725000 -5.525000 5.700000
v 7.775000 -5.525000 5.700000
v 7.775000 -5.525000 5.650000
v 9.275000 -5.525000 4.250000
v 10.175000 -5.525000 4.250000
v 10.225000 -5.525000 4.250000
v 10.225000 -5.525000 5.650000
v 10.225000 -5.525000 5.700000
v 9.275000 -5.525000 5.700000
v 9.275000 -5.525000 5.650000
v 10.775000 -5.525000 4.250000
v 11.675000 -5.525000 4.250000
v 11.725000 -5.525000 4.250000
v 11.725000 -5.525000 5.650000
v 11.725000 -5.525000 5.700000
v 10.775000 -5.525000 5.700000
v 10.775000 -5.525000 5.650000
v 12.275000 -5.525000 4.250000
v 13.175000 -5.525000 4.250000
v 13.225000 -5.525000 4.250000
v 13.225000 -5.525000 5.650000
v 13.225000 -5.525000 5.700000
v 12.275000 -5.525000 5.700000
v 12.275000 -5.525000 5.650000
v 13.775000 -5.525000 4.250000
v 14.675000 -5.525000 4.250000
v 14.725000 -5.525000 4.250000
v 14.725000 -5.525000 5.650000
v 14.725000 -5.525000 5.700000
v 13.775000 -5.525000 5.700000
v 13.775000 -5.525000 5.650000
v 15.275000 -5.525000 4.250000
v 16.175000 -5.525000 4.250000
v 16.225000 -5.525000 4.250000
v 16.225000 -5.525000 5.650000
v 16.225000 -5.525000 5.700000
v 15.275000 -5.525000 5.700000
v 15.275000 -5.525000 5.650000
v 19.675000 -5.525000 4.250000
v 20.575000 -5.525000 4.250000
v 20.625000 -5.525000 4.250000
v 20.625000 -5.525000 5.650000
v 20.625000 -5.525000 5.700000
v 19.675000 -5.525000 5.700000
v 19.675000 -5.525000 5.650000
v -4.225000 -5.525000 1.250000
v -3.325000 -5.525000 1.250000
v -3.275000 -5.525000 1.250000
v -3.275000 -5.525000 2.650000
v -3.275000 -5.525000 2.700000
v -4.225000 -5.525000 2.700000
v -4.225000 -5.525000 2.650000
v 6.275000 -5.525000 -1.750000
v 7.175000 -5.525000 -1.750000
v 7.225000 -5.525000 -1.750000
v 7.225000 -5.525000 -0.350000
v 7.225000 -5.525000 -0.300000
v 6.275000 -5.525000 -0.300000
v 6.275000 -5.525000 -0.350000
v 3.275000 -5.525000 1.250000
v 4.175000 -5.525000 1.250000
v 4.225000 -5.525000 1.250000
v 4.225000 -5.525000 2.650000
v 4.225000 -5.525000 2.700000
v 3.275000 -5.525000 2.700000
v 3.275000 -5.525000 2.650000
v 7.775000 -5.525000 -1.750000
v 8.675000 -5.525000 -1.750000
v 8.725000 -5.525000 -1.750000
v 8.725000 -5.525000 -0.350000
v 8.725000 -5.525000 -0.300000
v 7.775000 -5.525000 -0.300000
v 7.775000 -5.525000 -0.350000
v 4.775000 -5.525000 1.250000
v 5.675000 -5.525000 1.250000
v 5.725000 -5.525000 1.250000
v 5.725000 -5.525000 2.650000
v 5.725000 -5.525000 2.700000
v 4.775000 -5.525000 2.700000
v 4.775000 -5.525000 2.650000
v 9.275000 -5.525000 -1.750000
v 10.175000 -5.525000 -1.750000
v 10.225000 -5.525000 -1.750000
v 10.225000 -5.525000 -0.350000
v 10.225000 -5.525000 -0.300000
v 9.275000 -5.525000 -0.300000
v 9.275000 -5.525000 -0.350000
v 6.275000 -5.525000 1.250000
v 7.175000 -5.525000 1.250000
v 7.225000 -5.525000 1.250000
v 7.225000 -5.525000 2.650000
v 7.225000 -5.525000 2.700000
v 6.275000 -5.525000 2.700000
v 6.275000 -5.525000 2.650000
v 10.775000 -5.525000 -1.750000
v 11.675000 -5.525000 -1.750000
v 11.725000 -5.525000 -1.750000
v 11.725000 -5.525000 -0.350000
v 11.725000 -5.525000 -0.300000
v 10.775000 -5.525000 -0.300000
v 10.775000 -5.525000 -0.350000
v 12.275000 -5.525000 -1.750000
v 13.175000 -5.525000 -1.750000
v 13.225000 -5.525000 -1.750000
v 13.225000 -5.525000 -0.350000
v 13.225000 -5.525000 -0.300000
v 12.275000 -5.525000 -0.300000
v 12.275000 -5.525000 -0.350000
v 13.775000 -5.525000 -1.750000
v 14.675000 -5.525000 -1.750000
v 14.725000 -5.525000 -1.750000
v 14.725000 -5.525000 -0.350000
v 14.725000 -5.525000 -0.300000
v 13.775000 -5.525000 -0.300000
v 13.775000 -5.525000 -0.350000
v 10.775000 -5.525000 1.250000
v 11.675000 -5.525000 1.250000
v 11.725000 -5.525000 1.250000
v 11.725000 -5.525000 2.650000
v 11.725000 -5.525000 2.700000
v 10.775000 -5.525000 2.700000
v 10.775000 -5.525000 2.650000
v 15.275000 -5.525000 -1.750000
v 16.175000 -5.525000 -1.750000
v 16.225000 -5.525000 -1.750000
v 16.225000 -5.525000 -0.350000
v 16.225000 -5.525000 -0.300000
v 15.275000 -5.525000 -0.300000
v 15.275000 -5.525000 -0.350000
v 12.275000 -5.525000 1.250000
v 13.175000 -5.525000 1.250000
v 13.225000 -5.525000 1.250000
v 13.225000 -5.525000 2.650000
v 13.225000 -5.525000 2.700000
v 12.275000 -5.525000 2.700000
v 12.275000 -5.525000 2.650000
v 13.775000 -5.525000 1.250000
v 14.675000 -5.525000 1.250000
v 14.725000 -5.525000 1.250000
v 14.725000 -5.525000 2.650000
v 14.725000 -5.525000 2.700000
v 13.775000 -5.525000 2.700000
v 13.775000 -5.525000 2.650000
v 15.275000 -5.525000 1.250000
v 16.175000 -5.525000 1.250000
v 16.225000 -5.525000 1.250000
v 16.225000 -5.525000 2.650000
v 16.225000 -5.525000 2.700000
v 15.275000 -5.525000 2.700000
v 15.275000 -5.525000 2.650000
v 19.675000 -5.525000 -1.750000
v 20.575000 -5.525000 -1.750000
v 20.625000 -5.525000 -1.750000
v 20.625000 -5.525000 -0.350000
v 20.625000 -5.525000 -0.300000
v 19.675000 -5.525000 -0.300000
v 19.675000 -5.525000 -0.350000
v 19.675000 -5.525000 1.250000
v 20.575000 -5.525000 1.250000
v 20.625000 -5.525000 1.250000
v 20.625000 -5.525000 2.650000
v 20.625000 -5.525000 2.700000
v 19.675000 -5.525000 2.700000
v 19.675000 -5.525000 2.650000
v 7.775000 -5.525000 1.250000
v 8.675000 -5.525000 1.250000
v 8.725000 -5.525000 1.250000
v 8.725000 -5.525000 2.650000
v 8.725000 -5.525000 2.700000
v 7.775000 -5.525000 2.700000
v 7.775000 -5.525000 2.650000
v 9.275000 -5.525000 1.250000
v 10.175000 -5.525000 1.250000
v 10.225000 -5.525000 1.250000
v 10.225000 -5.525000 2.650000
v 10.225000 -5.525000 2.700000
v 9.275000 -5.525000 2.700000
v 9.275000 -5.525000 2.650000
v -4.225000 -5.525000 7.250000
v -3.325000 -5.525000 7.250000
v -3.275000 -5.525000 7.250000
v -3.275000 -5.525000 8.650000
v -3.275000 -5.525000 8.700000
v -4.225000 -5.525000 8.700000
v -4.225000 -5.525000 8.650000
v -2.725000 -5.525000 7.250000
v -1.825000 -5.525000 7.250000
v -1.775000 -5.525000 7.250000
v -1.775000 -5.525000 8.650000
v -1.775000 -5.525000 8.700000
v -2.725000 -5.525000 8.700000
v -2.725000 -5.525000 8.650000
v -1.225000 -5.525000 7.250000
v -0.325000 -5.525000 7.250000
v -0.275000 -5.525000 7.250000
v -0.275000 -5.525000 8.650000
v -0.275000 -5.525000 8.700000
v -1.225000 -5.525000 8.700000
v -1.225000 -5.525000 8.650000
v 0.275000 -5.525000 7.250000
v 1.175000 -5.525000 7.250000
v 1.225000 -5.525000 7.250000
v 1.225000 -5.525000 8.650000
v 1.225000 -5.525000 8.700000
v 0.275000 -5.525000 8.700000
v 0.275000 -5.525000 8.650000
v 1.775000 -5.525000 7.250000
v 2.675000 -5.525000 7.250000
v 2.725000 -5.525000 7.250000
v 2.725000 -5.525000 8.650000
v 2.725000 -5.525000 8.700000
v 1.775000 -5.525000 8.700000
v 1.775000 -5.525000 8.650000
v 3.275000 -5.525000 7.250000
v 4.175000 -5.525000 7.250000
v 4.225000 -5.525000 7.250000
v 4.225000 -5.525000 8.650000
v 4.225000 -5.525000 8.700000
v 3.275000 -5.525000 8.700000
v 3.275000 -5.525000 8.650000
v 4.775000 -5.525000 7.250000
v 5.675000 -5.525000 7.250000
v 5.725000 -5.525000 7.250000
v 5.725000 -5.525000 8.650000
v 5.725000 -5.525000 8.700000
v 4.775000 -5.525000 8.700000
v 4.775000 -5.525000 8.650000
v 6.275000 -5.525000 7.250000
v 7.175000 -5.525000 7.250000
v 7.225000 -5.525000 7.250000
v 7.225000 -5.525000 8.650000
v 7.225000 -5.525000 8.700000
v 6.275000 -5.525000 8.700000
v 6.275000 -5.525000 8.650000
v 7.775000 -5.525000 7.250000
v 8.675000 -5.525000 7.250000
v 8.725000 -5.525000 7.250000
v 8.725000 -5.525000 8.650000
v 8.725000 -5.525000 8.700000
v 7.775000 -5.525000 8.700000
v 7.775000 -5.525000 8.650000
v 9.275000 -5.525000 7.250000
v 10.175000 -5.525000 7.250000
v 10.225000 -5.525000 7.250000
v 10.225000 -5.525000 8.650000
v 10.225000 -5.525000 8.700000
v 9.275000 -5.525000 8.700000
v 9.275000 -5.525000 8.650000
v 10.775000 -5.525000 7.250000
v 11.675000 -5.525000 7.250000
v 11.725000 -5.525000 7.250000
v 11.725000 -5.525000 8.650000
v 11.725000 -5.525000 8.700000
v 10.775000 -5.525000 8.700000
v 10.775000 -5.525000 8.650000
v 12.275000 -5.525000 7.250000
v 13.175000 -5.525000 7.250000
v 13.225000 -5.525000 7.250000
v 13.225000 -5.525000 8.650000
v 13.225000 -5.525000 8.700000
v 12.275000 -5.525000 8.700000
v 12.275000 -5.525000 8.650000
v 13.775000 -5.525000 7.250000
v 14.675000 -5.525000 7.250000
v 14.725000 -5.525000 7.250000
v 14.725000 -5.525000 8.650000
v 14.725000 -5.525000 8.700000
v 13.775000 -5.525000 8.700000
v 13.775000 -5.525000 8.650000
v 15.275000 -5.525000 7.250000
v 16.175000 -5.525000 7.250000
v 16.225000 -5.525000 7.250000
v 16.225000 -5.525000 8.650000
v 16.225000 -5.525000 8.700000
v 15.275000 -5.525000 8.700000
v 15.275000 -5.525000 8.650000
v 19.675000 -5.525000 7.250000
v 20.575000 -5.525000 7.250000
v 20.625000 -5.525000 7.250000
v 20.625000 -5.525000 8.650000
v 20.625000 -5.525000 8.700000
v 19.675000 -5.525000 8.700000
v 19.675000 -5.525000 8.650000
v -13.225000 -5.525000 4.250000
v -12.325000 -5.525000 4.250000
v -12.275000 -5.525000 4.250000
v -12.275000 -5.525000 5.650000
v -12.275000 -5.525000 5.700000
v -13.225000 -5.525000 5.700000
v -13.225000 -5.525000 5.650000
v -17.725000 -5.525000 4.250000
v -16.825000 -5.525000 4.250000
v -16.775000 -5.525000 4.250000
v -16.775000 -5.525000 5.650000
v -16.775000 -5.525000 5.700000
v -17.725000 -5.525000 5.700000
v -17.725000 -5.525000 5.650000
v -13.225000 -5.525000 -1.750000
v -12.325000 -5.525000 -1.750000
v -12.275000 -5.525000 -1.750000
v -12.275000 -5.525000 -0.350000
v -12.275000 -5.525000 -0.300000
v -13.225000 -5.525000 -0.300000
v -13.225000 -5.525000 -0.350000
v -13.225000 -5.525000 1.250000
v -12.325000 -5.525000 1.250000
v -12.275000 -5.525000 1.250000
v -12.275000 -5.525000 2.650000
v -12.275000 -5.525000 2.700000
v -13.225000 -5.525000 2.700000
v -13.225000 -5.525000 2.650000
v -17.725000 -5.525000 -1.750000
v -16.825000 -5.525000 -1.750000
v -16.775000 -5.525000 -1.750000
v -16.775000 -5.525000 -0.350000
v -16.775000 -5.525000 -0.300000
v -17.725000 -5.525000 -0.300000
v -17.725000 -5.525000 -0.350000
v -17.725000 -5.525000 1.250000
v -16.825000 -5.525000 1.250000
v -16.775000 -5.525000 1.250000
v -16.775000 -5.525000 2.650000
v -16.775000 -5.525000 2.700000
v -17.725000 -5.525000 2.700000
v -17.725000 -5.525000 2.650000
v -19.225000 -5.525000 4.250000
v -18.325000 -5.525000 4.250000
v -18.275000 -5.525000 4.250000
v -18.275000 -5.525000 5.650000
v -18.275000 -5.525000 5.700000
v -19.225000 -5.525000 5.700000
v -19.225000 -5.525000 5.650000
v -19.725000 -5.525000 4.250000
v -20.625000 -5.525000 4.250000
v -19.675000 -5.525000 4.250000
v -19.675000 -5.525000 5.650000
v -19.675000 -5.525000 5.700000
v -20.625000 -5.525000 5.700000
v -20.625000 -5.525000 5.650000
v -13.225000 -5.525000 7.250000
v -12.325000 -5.525000 7.250000
v -12.275000 -5.525000 7.250000
v -12.275000 -5.525000 8.650000
v -12.275000 -5.525000 8.700000
v -13.225000 -5.525000 8.700000
v -13.225000 -5.525000 8.650000
v -15.325000 -5.525000 4.250000
v -16.225000 -5.525000 4.250000
v -15.275000 -5.525000 4.250000
v -15.275000 -5.525000 5.650000
v -15.275000 -5.525000 5.700000
v -16.225000 -5.525000 5.700000
v -16.225000 -5.525000 5.650000
v -19.225000 -5.525000 -1.750000
v -18.325000 -5.525000 -1.750000
v -18.275000 -5.525000 -1.750000
v -18.275000 -5.525000 -0.350000
v -18.275000 -5.525000 -0.300000
v -19.225000 -5.525000 -0.300000
v -19.225000 -5.525000 -0.350000
v -19.225000 -5.525000 1.250000
v -18.325000 -5.525000 1.250000
v -18.275000 -5.525000 1.250000
v -18.275000 -5.525000 2.650000
v -18.275000 -5.525000 2.700000
v -19.225000 -5.525000 2.700000
v -19.225000 -5.525000 2.650000
v -17.725000 -5.525000 7.250000
v -16.825000 -5.525000 7.250000
v -16.775000 -5.525000 7.250000
v -16.775000 -5.525000 8.650000
v -16.775000 -5.525000 8.700000
v -17.725000 -5.525000 8.700000
v -17.725000 -5.525000 8.650000
v 16.775000 -5.525000 4.250000
v 17.675000 -5.525000 4.250000
v 17.725000 -5.525000 4.250000
v 17.725000 -5.525000 5.650000
v 17.725000 -5.525000 5.700000
v 16.775000 -5.525000 5.700000
v 16.775000 -5.525000 5.650000
v 18.275000 -5.525000 4.250000
v 19.175000 -5.525000 4.250000
v 19.225000 -5.525000 4.250000
v 19.225000 -5.525000 5.650000
v 19.225000 -5.525000 5.700000
v 18.275000 -5.525000 5.700000
v 18.275000 -5.525000 5.650000
v -19.725000 -5.525000 -1.750000
v -20.625000 -5.525000 -1.750000
v -19.675000 -5.525000 -1.750000
v -19.675000 -5.525000 -0.350000
v -19.675000 -5.525000 -0.300000
v -20.625000 -5.525000 -0.300000
v -20.625000 -5.525000 -0.350000
v -19.725000 -5.525000 1.250000
v -20.625000 -5.525000 1.250000
v -19.675000 -5.525000 1.250000
v -19.675000 -5.525000 2.650000
v -19.675000 -5.525000 2.700000
v -20.625000 -5.525000 2.700000
v -20.625000 -5.525000 2.650000
v -10.825000 -5.525000 4.250000
v -11.725000 -5.525000 4.250000
v -10.775000 -5.525000 4.250000
v -10.775000 -5.525000 5.650000
v -10.775000 -5.525000 5.700000
v -11.725000 -5.525000 5.700000
v -11.725000 -5.525000 5.650000
v -9.325000 -5.525000 4.250000
v -10.225000 -5.525000 4.250000
v -9.275000 -5.525000 4.250000
v -9.275000 -5.525000 5.650000
v -9.275000 -5.525000 5.700000
v -10.225000 -5.525000 5.700000
v -10.225000 -5.525000 5.650000
v -7.825000 -5.525000 4.250000
v -8.725000 -5.525000 4.250000
v -7.775000 -5.525000 4.250000
v -7.775000 -5.525000 5.650000
v -7.775000 -5.525000 5.700000
v -8.725000 -5.525000 5.700000
v -8.725000 -5.525000 5.650000
v -6.325000 -5.525000 4.250000
v -7.225000 -5.525000 4.250000
v -6.275000 -5.525000 4.250000
v -6.275000 -5.525000 5.650000
v -6.275000 -5.525000 5.700000
v -7.225000 -5.525000 5.700000
v -7.225000 -5.525000 5.650000
v -5.725000 -5.525000 4.250000
v -4.825000 -5.525000 4.250000
v -4.775000 -5.525000 4.250000
v -4.775000 -5.525000 5.650000
v -4.775000 -5.525000 5.700000
v -5.725000 -5.525000 5.700000
v -5.725000 -5.525000 5.650000
v -15.325000 -5.525000 -1.750000
v -16.225000 -5.525000 -1.750000
v -15.275000 -5.525000 -1.750000
v -15.275000 -5.525000 -0.350000
v -15.275000 -5.525000 -0.300000
v -16.225000 -5.525000 -0.300000
v -16.225000 -5.525000 -0.350000
v -19.725000 -5.525000 7.250000
v -20.625000 -5.525000 7.250000
v -19.675000 -5.525000 7.250000
v -19.675000 -5.525000 8.650000
v -19.675000 -5.525000 8.700000
v -20.625000 -5.525000 8.700000
v -20.625000 -5.525000 8.650000
v -19.225000 -5.525000 7.250000
v -18.325000 -5.525000 7.250000
v -18.275000 -5.525000 7.250000
v -18.275000 -5.525000 8.650000
v -18.275000 -5.525000 8.700000
v -19.225000 -5.525000 8.700000
v -19.225000 -5.525000 8.650000
v -13.825000 -5.525000 4.250000
v -14.725000 -5.525000 4.250000
v -13.775000 -5.525000 4.250000
v -13.775000 -5.525000 5.650000
v -13.775000 -5.525000 5.700000
v -14.725000 -5.525000 5.700000
v -14.725000 -5.525000 5.650000
v 16.775000 -5.525000 -1.750000
v 17.675000 -5.525000 -1.750000
v 17.725000 -5.525000 -1.750000
v 17.725000 -5.525000 -0.350000
v 17.725000 -5.525000 -0.300000
v 16.775000 -5.525000 -0.300000
v 16.775000 -5.525000 -0.350000
v 18.275000 -5.525000 -1.750000
v 19.175000 -5.525000 -1.750000
v 19.225000 -5.525000 -1.750000
v 19.225000 -5.525000 -0.350000
v 19.225000 -5.525000 -0.300000
v 18.275000 -5.525000 -0.300000
v 18.275000 -5.525000 -0.350000
v 16.775000 -5.525000 1.250000
v 17.675000 -5.525000 1.250000
v 17.725000 -5.525000 1.250000
v 17.725000 -5.525000 2.650000
v 17.725000 -5.525000 2.700000
v 16.775000 -5.525000 2.700000
v 16.775000 -5.525000 2.650000
v 18.275000 -5.525000 1.250000
v 19.175000 -5.525000 1.250000
v 19.225000 -5.525000 1.250000
v 19.225000 -5.525000 2.650000
v 19.225000 -5.525000 2.700000
v 18.275000 -5.525000 2.700000
v 18.275000 -5.525000 2.650000
v -15.325000 -5.525000 1.250000
v -16.225000 -5.525000 1.250000
v -15.275000 -5.525000 1.250000
v -15.275000 -5.525000 2.650000
v -15.275000 -5.525000 2.700000
v -16.225000 -5.525000 2.700000
v -16.225000 -5.525000 2.650000
v -10.825000 -5.525000 -1.750000
v -11.725000 -5.525000 -1.750000
v -10.775000 -5.525000 -1.750000
v -10.775000 -5.525000 -0.350000
v -10.775000 -5.525000 -0.300000
v -11.725000 -5.525000 -0.300000
v -11.725000 -5.525000 -0.350000
v -9.325000 -5.525000 -1.750000
v -10.225000 -5.525000 -1.750000
v -9.275000 -5.525000 -1.750000
v -9.275000 -5.525000 -0.350000
v -9.275000 -5.525000 -0.300000
v -10.225000 -5.525000 -0.300000
v -10.225000 -5.525000 -0.350000
v -7.825000 -5.525000 -1.750000
v -8.725000 -5.525000 -1.750000
v -7.775000 -5.525000 -1.750000
v -7.775000 -5.525000 -0.350000
v -7.775000 -5.525000 -0.300000
v -8.725000 -5.525000 -0.300000
v -8.725000 -5.525000 -0.350000
v -10.825000 -5.525000 1.250000
v -11.725000 -5.525000 1.250000
v -10.775000 -5.525000 1.250000
v -10.775000 -5.525000 2.650000
v -10.775000 -5.525000 2.700000
v -11.725000 -5.525000 2.700000
v -11.725000 -5.525000 2.650000
v -6.325000 -5.525000 -1.750000
v -7.225000 -5.525000 -1.750000
v -6.275000 -5.525000 -1.750000
v -6.275000 -5.525000 -0.350000
v -6.275000 -5.525000 -0.300000
v -7.225000 -5.525000 -0.300000
v -7.225000 -5.525000 -0.350000
v -9.325000 -5.525000 1.250000
v -10.225000 -5.525000 1.250000
v -9.275000 -5.525000 1.250000
v -9.275000 -5.525000 2.650000
v -9.275000 -5.525000 2.700000
v -10.225000 -5.525000 2.700000
v -10.225000 -5.525000 2.650000
v -7.825000 -5.525000 1.250000
v -8.725000 -5.525000 1.250000
v -7.775000 -5.525000 1.250000
v -7.775000 -5.525000 2.650000
v -7.775000 -5.525000 2.700000
v -8.725000 -5.525000 2.700000
v -8.725000 -5.525000 2.650000
v -6.325000 -5.525000 1.250000
v -7.225000 -5.525000 1.250000
v -6.275000 -5.525000 1.250000
v -6.275000 -5.525000 2.650000
v -6.275000 -5.525000 2.700000
v -7.225000 -5.525000 2.700000
v -7.225000 -5.525000 2.650000
v -5.725000 -5.525000 1.250000
v -4.825000 -5.525000 1.250000
v -4.775000 -5.525000 1.250000
v -4.775000 -5.525000 2.650000
v -4.775000 -5.525000 2.700000
v -5.725000 -5.525000 2.700000
v -5.725000 -5.525000 2.650000
v -15.325000 -5.525000 7.250000
v -16.225000 -5.525000 7.250000
v -15.275000 -5.525000 7.250000
v -15.275000 -5.525000 8.650000
v -15.275000 -5.525000 8.700000
v -16.225000 -5.525000 8.700000
v -16.225000 -5.525000 8.650000
v -13.825000 -5.525000 -1.750000
v -14.725000 -5.525000 -1.750000
v -13.775000 -5.525000 -1.750000
v -13.775000 -5.525000 -0.350000
v -13.775000 -5.525000 -0.300000
v -14.725000 -5.525000 -0.300000
v -14.725000 -5.525000 -0.350000
v -13.825000 -5.525000 1.250000
v -14.725000 -5.525000 1.250000
v -13.775000 -5.525000 1.250000
v -13.775000 -5.525000 2.650000
v -13.775000 -5.525000 2.700000
v -14.725000 -5.525000 2.700000
v -14.725000 -5.525000 2.650000
v -10.825000 -5.525000 7.250000
v -11.725000 -5.525000 7.250000
v -10.775000 -5.525000 7.250000
v -10.775000 -5.525000 8.650000
v -10.775000 -5.525000 8.700000
v -11.725000 -5.525000 8.700000
v -11.725000 -5.525000 8.650000
v -9.325000 -5.525000 7.250000
v -10.225000 -5.525000 7.250000
v -9.275000 -5.525000 7.250000
v -9.275000 -5.525000 8.650000
v -9.275000 -5.525000 8.700000
v -10.225000 -5.525000 8.700000
v -10.225000 -5.525000 8.650000
v -7.825000 -5.525000 7.250000
v -8.725000 -5.525000 7.250000
v -7.775000 -5.525000 7.250000
v -7.775000 -5.525000 8.650000
v -7.775000 -5.525000 8.700000
v -8.725000 -5.525000 8.700000
v -8.725000 -5.525000 8.650000
v -6.325000 -5.525000 7.250000
v -7.225000 -5.525000 7.250000
v -6.275000 -5.525000 7.250000
v -6.275000 -5.525000 8.650000
v -6.275000 -5.525000 8.700000
v -7.225000 -5.525000 8.700000
v -7.225000 -5.525000 8.650000
v -5.725000 -5.525000 7.250000
v -4.825000 -5.525000 7.250000
v -4.775000 -5.525000 7.250000
v -4.775000 -5.525000 8.650000
v -4.775000 -5.525000 8.700000
v -5.725000 -5.525000 8.700000
v -5.725000 -5.525000 8.650000
v 16.775000 -5.525000 7.250000
v 17.675000 -5.525000 7.250000
v 17.725000 -5.525000 7.250000
v 17.725000 -5.525000 8.650000
v 17.725000 -5.525000 8.700000
v 16.775000 -5.525000 8.700000
v 16.775000 -5.525000 8.650000
v 18.275000 -5.525000 7.250000
v 19.175000 -5.525000 7.250000
v 19.225000 -5.525000 7.250000
v 19.225000 -5.525000 8.650000
v 19.225000 -5.525000 8.700000
v 18.275000 -5.525000 8.700000
v 18.275000 -5.525000 8.650000
v -13.825000 -5.525000 7.250000
v -14.725000 -5.525000 7.250000
v -13.775000 -5.525000 7.250000
v -13.775000 -5.525000 8.650000
v -13.775000 -5.525000 8.700000
v -14.725000 -5.525000 8.700000
v -14.725000 -5.525000 8.650000
v -2.975000 -6.525000 9.050000
v -2.975000 -6.525000 9.550000
v -2.975000 -6.475000 9.550000
v -2.975000 -6.475000 9.600000
v -2.975000 -6.375000 9.600000
v -2.975000 -6.375000 9.650000
v -2.975000 -6.225000 9.650000
v -2.975000 -6.225000 9.700000
v -2.975000 -6.125000 9.700000
v -2.975000 -6.125000 9.750000
v -2.975000 -6.025000 9.750000
v -2.975000 -6.025000 9.800000
v -2.975000 -5.925000 9.800000
v -2.975000 -5.925000 9.850000
v -2.975000 -5.825000 9.850000
v -2.975000 -5.825000 9.900000
v -2.975000 -5.725000 9.900000
v -2.975000 -5.725000 9.950000
v -2.975000 -5.625000 9.950000
v -2.975000 -5.625000 10.000000
v -2.975000 -5.625000 9.500000
v -2.975000 -5.625000 9.450000
v -2.975000 -5.725000 9.450000
v -2.975000 -5.725000 9.400000
v -2.975000 -5.825000 9.400000
v -2.975000 -5.825000 9.350000
v -2.975000 -5.925000 9.350000
v -2.975000 -5.925000 9.300000
v -2.975000 -6.025000 9.300000
v -2.975000 -6.025000 9.250000
v -2.975000 -6.175000 9.250000
v -2.975000 -6.175000 9.200000
v -2.975000 -6.275000 9.200000
v -2.975000 -6.275000 9.150000
v -2.975000 -6.375000 9.150000
v -2.975000 -6.375000 9.100000
v -2.975000 -6.475000 9.100000
v -2.975000 -6.475000 9.050000
v -22.025000 -6.525000 9.050000
v -22.025000 -6.475000 9.050000
v -22.025000 -6.475000 9.100000
v -22.025000 -6.425000 9.100000
v -22.025000 -6.375000 9.100000
v -22.025000 -6.375000 9.150000
v -22.025000 -6.325000 9.150000
v -22.025000 -6.275000 9.150000
v -22.025000 -6.275000 9.200000
v -22.025000 -6.225000 9.200000
v -22.025000 -6.175000 9.200000
v -22.025000 -6.175000 9.250000
v -22.025000 -6.075000 9.250000
v -22.025000 -6.025000 9.250000
v -22.025000 -6.025000 9.300000
v -22.025000 -5.975000 9.300000
v -22.025000 -5.925000 9.300000
v -22.025000 -5.925000 9.350000
v -22.025000 -5.875000 9.350000
v -22.025000 -5.825000 9.350000
v -22.025000 -5.825000 9.400000
v -22.025000 -5.775000 9.400000
v -22.025000 -5.725000 9.400000
v -22.025000 -5.725000 9.450000
v -22.025000 -5.675000 9.450000
v -22.025000 -5.625000 9.450000
v -22.025000 -5.625000 9.500000
v -22.025000 -5.575000 9.500000
v -22.025000 -5.525000 9.500000
v -22.025000 -5.525000 9.550000
v -22.025000 -5.475000 9.550000
v -22.025000 -5.425000 9.550000
v -22.025000 -5.425000 9.600000
v -22.025000 -5.375000 9.600000
v -22.025000 -5.325000 9.600000
v -22.025000 -5.325000 9.650000
v -22.025000 -5.275000 9.650000
v -22.025000 -5.225000 9.650000
v -22.025000 -5.225000 9.700000
v -22.025000 -5.175000 9.700000
v -22.025000 -5.125000 9.700000
v -22.025000 -5.125000 9.750000
v -22.025000 -5.025000 9.750000
v -22.025000 -4.975000 9.750000
v -22.025000 -4.975000 9.800000
v -22.025000 -4.925000 9.800000
v -22.025000 -4.875000 9.800000
v -22.025000 -4.875000 9.850000
v -22.025000 -4.825000 9.850000
v -22.025000 -4.775000 9.850000
v -22.025000 -4.775000 9.900000
v -22.025000 -4.725000 9.900000
v -22.025000 -4.675000 9.900000
v -22.025000 -4.675000 9.950000
v -22.025000 -4.625000 9.950000
v -22.025000 -4.575000 9.950000
v -22.025000 -4.575000 10.000000
v -22.025000 -4.525000 10.000000
v -22.025000 -4.475000 10.000000
v -22.025000 -4.475000 10.050000
v -22.025000 -4.375000 10.050000
v -22.025000 -4.325000 10.050000
v -22.025000 -4.325000 10.100000
v -22.025000 -4.225000 10.100000
v -22.025000 -4.175000 10.100000
v -22.025000 -4.175000 10.150000
v -22.025000 -4.025000 10.150000
v -22.025000 -3.975000 10.150000
v -22.025000 -3.975000 10.200000
v -22.025000 -3.875000 10.200000
v -22.025000 -3.825000 10.200000
v -22.025000 -3.825000 10.250000
v -22.025000 -3.725000 10.250000
v -22.025000 -3.675000 10.250000
v -22.025000 -3.675000 10.300000
v -22.025000 -3.525000 10.300000
v -22.025000 -3.475000 10.300000
v -22.025000 -3.475000 10.350000
v -22.025000 -3.375000 10.350000
v -22.025000 -3.325000 10.350000
v -22.025000 -3.325000 10.400000
v -22.025000 -3.225000 10.400000
v -22.025000 -3.175000 10.400000
v -22.025000 -3.175000 10.450000
v -22.025000 -3.075000 10.450000
v -22.025000 -3.025000 10.450000
v -22.025000 -3.025000 10.500000
v -22.025000 -2.875000 10.500000
v -22.025000 -2.825000 10.500000
v -22.025000 -2.825000 10.550000
v -22.025000 -2.725000 10.550000
v -22.025000 -2.675000 10.550000
v -22.025000 -2.675000 10.600000
v -22.025000 -2.575000 10.600000
v -22.025000 -2.525000 10.600000
v -22.025000 -2.525000 10.650000
v -22.025000 -2.225000 10.650000
v -22.025000 -2.175000 10.650000
v -22.025000 -2.175000 10.700000
v -22.025000 -1.875000 10.700000
v -22.025000 -1.825000 10.700000
v -22.025000 -1.825000 10.750000
v -22.025000 -1.575000 10.750000
v -22.025000 -1.525000 10.750000
v -22.025000 -1.525000 10.800000
v -22.025000 -1.225000 10.800000
v -22.025000 -1.175000 10.800000
v -22.025000 -1.175000 10.850000
v -22.025000 -0.875000 10.850000
v -22.025000 -0.825000 10.850000
v -22.025000 -0.825000 10.900000
v -22.025000 -0.575000 10.900000
v -22.025000 -0.525000 10.900000
v -22.025000 -0.525000 10.950000
v -22.025000 1.425000 10.950000
v -22.025000 1.475000 10.950000
v -22.025000 1.475000 10.900000
v -22.025000 1.775000 10.900000
v -22.025000 1.825000 10.900000
v -22.025000 1.825000 10.850000
v -22.025000 2.075000 10.850000
v -22.025000 2.125000 10.850000
v -22.025000 2.125000 10.800000
v -22.025000 2.425000 10.800000
v -22.025000 2.475000 10.800000
v -22.025000 2.475000 10.750000
v -22.025000 2.775000 10.750000
v -22.025000 2.825000 10.750000
v -22.025000 2.825000 10.700000
v -22.025000 3.125000 10.700000
v -22.025000 3.175000 10.700000
v -22.025000 3.175000 10.650000
v -22.025000 3.425000 10.650000
v -22.025000 3.475000 10.650000
v -22.025000 3.475000 10.600000
v -22.025000 3.625000 10.600000
v -22.025000 3.675000 10.600000
v -22.025000 3.675000 10.550000
v -22.025000 3.775000 10.550000
v -22.025000 3.825000 10.550000
v -22.025000 3.825000 10.500000
v -22.025000 3.925000 10.500000
v -22.025000 3.975000 10.500000
v -22.025000 3.975000 10.450000
v -22.025000 4.075000 10.450000
v -22.025000 4.125000 10.450000
v -22.025000 4.125000 10.400000
v -22.025000 4.275000 10.400000
v -22.025000 4.325000 10.400000
v -22.025000 4.325000 10.350000
v -22.025000 4.425000 10.350000
v -22.025000 4.475000 10.350000
v -22.025000 4.475000 10.300000
v -22.025000 4.575000 10.300000
v -22.025000 4.625000 10.300000
v -22.025000 4.625000 10.250000
v -22.025000 4.725000 10.250000
v -22.025000 4.775000 10.250000
v -22.025000 4.775000 10.200000
v -22.025000 4.925000 10.200000
v -22.025000 4.975000 10.200000
v -22.025000 4.975000 10.150000
v -22.025000 5.075000 10.150000
v -22.025000 5.125000 10.150000
v -22.025000 5.125000 10.100000
v -22.025000 5.225000 10.100000
v -22.025000 5.275000 10.100000
v -22.025000 5.275000 10.050000
v -22.025000 5.375000 10.050000
v -22.025000 5.425000 10.050000
v -22.025000 5.425000 10.000000
v -22.025000 5.475000 10.000000
v -22.025000 5.525000 10.000000
v -22.025000 5.525000 9.950000
v -22.025000 5.625000 9.950000
v -22.025000 5.675000 9.950000
v -22.025000 5.675000 9.900000
v -22.025000 5.725000 9.900000
v -22.025000 5.775000 9.900000
v -22.025000 5.775000 9.850000
v -22.025000 5.825000 9.850000
v -22.025000 5.875000 9.850000
v -22.025000 5.875000 9.800000
v -22.025000 5.925000 9.800000
v -22.025000 5.975000 9.800000
v -22.025000 5.975000 9.750000
v -22.025000 6.025000 9.750000
v -22.025000 6.075000 9.750000
v -22.025000 6.075000 9.700000
v -22.025000 6.125000 9.700000
v -22.025000 6.175000 9.700000
v -22.025000 6.175000 9.650000
v -22.025000 6.225000 9.650000
v -22.025000 6.275000 9.650000
v -22.025000 6.275000 9.600000
v -22.025000 6.325000 9.600000
v -22.025000 6.375000 9.600000
v -22.025000 6.375000 9.550000
v -22.025000 6.425000 9.550000
v -22.025000 6.475000 9.550000
v -22.025000 6.475000 9.500000
v -22.025000 6.525000 9.500000
v -22.025000 6.575000 9.500000
v -22.025000 6.575000 9.450000
v -22.025000 6.675000 9.450000
v -22.025000 6.725000 9.450000
v -22.025000 6.725000 9.400000
v -22.025000 6.775000 9.400000
v -22.025000 6.825000 9.400000
v -22.025000 6.825000 9.350000
v -22.025000 6.875000 9.350000
v -22.025000 6.925000 9.350000
v -22.025000 6.925000 9.300000
v -22.025000 6.975000 9.300000
v -22.025000 7.025000 9.300000
v -22.025000 7.025000 9.250000
v -22.025000 7.075000 9.250000
v -22.025000 7.125000 9.250000
v -22.025000 7.125000 9.200000
v -22.025000 7.175000 9.200000
v -22.025000 7.225000 9.200000
v -22.025000 7.225000 9.150000
v -22.025000 7.275000 9.150000
v -22.025000 7.325000 9.150000
v -22.025000 7.325000 9.100000
v -22.025000 7.375000 9.100000
v -22.025000 7.425000 9.100000
v -22.025000 7.425000 9.050000
v -22.025000 7.475000 9.050000
v -22.025000 7.525000 9.050000
v -22.025000 7.525000 9.500000
v -22.025000 7.525000 9.550000
v -22.025000 7.425000 9.550000
v -22.025000 7.425000 9.600000
v -22.025000 7.325000 9.600000
v -22.025000 7.325000 9.650000
v -22.025000 7.225000 9.650000
v -22.025000 7.225000 9.700000
v -22.025000 7.125000 9.700000
v -22.025000 7.125000 9.750000
v -22.025000 7.025000 9.750000
v -22.025000 7.025000 9.800000
v -22.025000 6.925000 9.800000
v -22.025000 6.925000 9.850000
v -22.025000 6.775000 9.850000
v -22.025000 6.775000 9.900000
v -22.025000 6.675000 9.900000
v -22.025000 6.675000 9.950000
v -22.025000 6.575000 9.950000
v -22.025000 6.575000 10.000000
v -22.025000 6.475000 10.000000
v -22.025000 6.475000 10.050000
v -22.025000 6.375000 10.050000
v -22.025000 6.375000 10.100000
v -22.025000 6.275000 10.100000
v -22.025000 6.275000 10.150000
v -22.025000 6.175000 10.150000
v -22.025000 6.175000 10.200000
v -22.025000 6.075000 10.200000
v -22.025000 6.075000 10.250000
v -22.025000 5.975000 10.250000
v -22.025000 5.975000 10.300000
v -22.025000 5.875000 10.300000
v -22.025000 5.875000 10.350000
v -22.025000 5.725000 10.350000
v -22.025000 5.725000 10.400000
v -22.025000 5.625000 10.400000
v -22.025000 5.625000 10.450000
v -22.025000 5.475000 10.450000
v -22.025000 5.475000 10.500000
v -22.025000 5.325000 10.500000
v -22.025000 5.325000 10.550000
v -22.025000 5.175000 10.550000
v -22.025000 5.175000 10.600000
v -22.025000 5.025000 10.600000
v -22.025000 5.025000 10.650000
v -22.025000 4.825000 10.650000
v -22.025000 4.825000 10.700000
v -22.025000 4.675000 10.700000
v -22.025000 4.675000 10.750000
v -22.025000 4.525000 10.750000
v -22.025000 4.525000 10.800000
v -22.025000 4.325000 10.800000
v -22.025000 4.325000 10.850000
v -22.025000 4.175000 10.850000
v -22.025000 4.175000 10.900000
v -22.025000 4.025000 10.900000
v -22.025000 4.025000 10.950000
v -22.025000 3.875000 10.950000
v -22.025000 3.875000 11.000000
v -22.025000 3.675000 11.000000
v -22.025000 3.675000 11.050000
v -22.025000 3.425000 11.050000
v -22.025000 3.425000 11.100000
v -22.025000 3.075000 11.100000
v -22.025000 3.075000 11.150000
v -22.025000 2.775000 11.150000
v -22.025000 2.775000 11.200000
v -22.025000 2.425000 11.200000
v -22.025000 2.425000 11.250000
v -22.025000 2.075000 11.250000
v -22.025000 2.075000 11.300000
v -22.025000 1.775000 11.300000
v -22.025000 1.775000 11.350000
v -22.025000 -0.775000 11.350000
v -22.025000 -0.775000 11.300000
v -22.025000 -1.125000 11.300000
v -22.025000 -1.125000 11.250000
v -22.025000 -1.475000 11.250000
v -22.025000 -1.475000 11.200000
v -22.025000 -1.775000 11.200000
v -22.025000 -1.775000 11.150000
v -22.025000 -2.125000 11.150000
v -22.025000 -2.125000 11.100000
v -22.025000 -2.475000 11.100000
v -22.025000 -2.475000 11.050000
v -22.025000 -2.725000 11.050000
v -22.025000 -2.725000 11.000000
v -22.025000 -2.875000 11.000000
v -22.025000 -2.875000 10.950000
v -22.025000 -3.025000 10.950000
v -22.025000 -3.025000 10.900000
v -22.025000 -3.225000 10.900000
v -22.025000 -3.225000 10.850000
v -22.025000 -3.375000 10.850000
v -22.025000 -3.375000 10.800000
v -22.025000 -3.525000 10.800000
v -22.025000 -3.525000 10.750000
v -22.025000 -3.725000 10.750000
v -22.025000 -3.725000 10.700000
v -22.025000 -3.875000 10.700000
v -22.025000 -3.875000 10.650000
v -22.025000 -4.025000 10.650000
v -22.025000 -4.025000 10.600000
v -22.025000 -4.175000 10.600000
v -22.025000 -4.175000 10.550000
v -22.025000 -4.375000 10.550000
v -22.025000 -4.375000 10.500000
v -22.025000 -4.525000 10.500000
v -22.025000 -4.525000 10.450000
v -22.025000 -4.675000 10.450000
v -22.025000 -4.675000 10.400000
v -22.025000 -4.775000 10.400000
v -22.025000 -4.775000 10.350000
v -22.025000 -4.875000 10.350000
v -22.025000 -4.875000 10.300000
v -22.025000 -4.975000 10.300000
v -22.025000 -4.975000 10.250000
v -22.025000 -5.075000 10.250000
v -22.025000 -5.075000 10.200000
v -22.025000 -5.175000 10.200000
v -22.025000 -5.175000 10.150000
v -22.025000 -5.325000 10.150000
v -22.025000 -5.325000 10.100000
v -22.025000 -5.425000 10.100000
v -22.025000 -5.425000 10.050000
v -22.025000 -5.625000 10.000000
v -22.025000 -5.625000 9.950000
v -22.025000 -5.725000 9.950000
v -22.025000 -5.725000 9.900000
v -22.025000 -5.825000 9.900000
v -22.025000 -5.825000 9.850000
v -22.025000 -5.925000 9.850000
v -22.025000 -5.925000 9.800000
v -22.025000 -6.025000 9.800000
v -22.025000 -6.025000 9.750000
v -22.025000 -6.125000 9.750000
v -22.025000 -6.125000 9.700000
v -22.025000 -6.225000 9.700000
v -22.025000 -6.225000 9.650000
v -22.025000 -6.375000 9.650000
v -22.025000 -6.375000 9.600000
v -22.025000 -6.475000 9.600000
v -22.025000 -6.475000 9.550000
v -22.025000 -6.525000 9.550000
v -22.025000 -6.525000 9.500000
v -3.025000 6.525000 -3.000000
v -3.025000 8.525000 -3.000000
v -3.025000 8.525000 10.400000
v -3.025000 8.375000 10.500000
v -3.025000 8.375000 10.550000
v -3.025000 8.275000 10.550000
v -3.025000 8.275000 10.600000
v -3.025000 8.125000 10.600000
v -3.025000 8.125000 10.650000
v -3.025000 8.025000 10.650000
v -3.025000 8.025000 10.700000
v -3.025000 7.925000 10.700000
v -3.025000 7.925000 10.750000
v -3.025000 7.775000 10.750000
v -3.025000 7.775000 10.800000
v -3.025000 7.675000 10.800000
v -3.025000 7.675000 10.850000
v -3.025000 7.525000 10.850000
v -3.025000 7.525000 10.900000
v -3.025000 7.425000 10.900000
v -3.025000 7.425000 10.950000
v -3.025000 7.325000 10.950000
v -3.025000 7.325000 11.000000
v -3.025000 7.175000 11.000000
v -3.025000 7.175000 11.050000
v -3.025000 7.025000 11.050000
v -3.025000 7.025000 11.100000
v -3.025000 6.825000 11.100000
v -3.025000 6.825000 11.150000
v -3.025000 6.675000 11.150000
v -3.025000 6.675000 11.200000
v -3.025000 6.475000 11.200000
v -3.025000 6.475000 11.250000
v -3.025000 6.275000 11.250000
v -3.025000 6.275000 11.300000
v -3.025000 6.125000 11.300000
v -3.025000 6.125000 11.350000
v -3.025000 5.925000 11.350000
v -3.025000 5.925000 11.400000
v -3.025000 5.725000 11.400000
v -3.025000 5.725000 11.450000
v -3.025000 5.575000 11.450000
v -3.025000 5.575000 11.500000
v -3.025000 5.375000 11.500000
v -3.025000 5.375000 11.550000
v -3.025000 5.175000 11.550000
v -3.025000 5.175000 11.600000
v -3.025000 5.025000 11.600000
v -3.025000 5.025000 11.650000
v -3.025000 4.725000 11.650000
v -3.025000 4.725000 11.700000
v -3.025000 4.325000 11.700000
v -3.025000 4.325000 11.750000
v -3.025000 3.975000 11.750000
v -3.025000 3.975000 11.800000
v -3.025000 3.575000 11.800000
v -3.025000 3.575000 11.850000
v -3.025000 3.225000 11.850000
v -3.025000 3.225000 11.900000
v -3.025000 2.825000 11.900000
v -3.025000 2.825000 11.950000
v -3.025000 0.125000 11.950000
v -3.025000 0.125000 11.900000
v -3.025000 -0.225000 11.900000
v -3.025000 -0.225000 11.850000
v -3.025000 -0.625000 11.850000
v -3.025000 -0.625000 11.800000
v -3.025000 -0.975000 11.800000
v -3.025000 -0.975000 11.750000
v -3.025000 -1.375000 11.750000
v -3.025000 -1.375000 11.700000
v -3.025000 -1.725000 11.700000
v -3.025000 -1.725000 11.650000
v -3.025000 -2.025000 11.650000
v -3.025000 -2.025000 11.600000
v -3.025000 -2.225000 11.600000
v -3.025000 -2.225000 11.550000
v -3.025000 -2.425000 11.550000
v -3.025000 -2.425000 11.500000
v -3.025000 -2.575000 11.500000
v -3.025000 -2.575000 11.450000
v -3.025000 -2.775000 11.450000
v -3.025000 -2.775000 11.400000
v -3.025000 -2.975000 11.400000
v -3.025000 -2.975000 11.350000
v -3.025000 -3.125000 11.350000
v -3.025000 -3.125000 11.300000
v -3.025000 -3.325000 11.300000
v -3.025000 -3.325000 11.250000
v -3.025000 -3.525000 11.250000
v -3.025000 -3.525000 11.200000
v -3.025000 -3.675000 11.200000
v -3.025000 -3.675000 11.150000
v -3.025000 -3.875000 11.150000
v -3.025000 -3.875000 11.100000
v -3.025000 -4.075000 11.100000
v -3.025000 -4.075000 11.050000
v -3.025000 -4.225000 11.050000
v -3.025000 -4.225000 11.000000
v -3.025000 -4.325000 11.000000
v -3.025000 -4.325000 10.950000
v -3.025000 -4.475000 10.950000
v -3.025000 -4.475000 10.900000
v -3.025000 -4.575000 10.900000
v -3.025000 -4.575000 10.850000
v -3.025000 -4.675000 10.850000
v -3.025000 -4.675000 10.800000
v -3.025000 -4.825000 10.800000
v -3.025000 -4.825000 10.750000
v -3.025000 -4.925000 10.750000
v -3.025000 -4.925000 10.700000
v -3.025000 -5.075000 10.700000
v -3.025000 -5.075000 10.650000
v -3.025000 -5.175000 10.650000
v -3.025000 -5.175000 10.600000
v -3.025000 -5.275000 10.600000
v -3.025000 -5.275000 10.550000
v -3.025000 -5.425000 10.550000
v -3.025000 -5.425000 10.500000
v -3.025000 -5.525000 10.500000
v -3.025000 -5.425000 10.050000
v -3.025000 -5.425000 10.100000
v -3.025000 -5.325000 10.100000
v -3.025000 -5.325000 10.150000
v -3.025000 -5.175000 10.150000
v -3.025000 -5.175000 10.200000
v -3.025000 -5.075000 10.200000
v -3.025000 -5.075000 10.250000
v -3.025000 -4.975000 10.250000
v -3.025000 -4.975000 10.300000
v -3.025000 -4.875000 10.300000
v -3.025000 -4.875000 10.350000
v -3.025000 -4.775000 10.350000
v -3.025000 -4.775000 10.400000
v -3.025000 -4.675000 10.400000
v -3.025000 -4.675000 10.450000
v -3.025000 -4.525000 10.450000
v -3.025000 -4.525000 10.500000
v -3.025000 -4.375000 10.500000
v -3.025000 -4.375000 10.550000
v -3.025000 -4.175000 10.550000
v -3.025000 -4.175000 10.600000
v -3.025000 -4.025000 10.600000
v -3.025000 -4.025000 10.650000
v -3.025000 -3.875000 10.650000
v -3.025000 -3.875000 10.700000
v -3.025000 -3.725000 10.700000
v -3.025000 -3.725000 10.750000
v -3.025000 -3.525000 10.750000
v -3.025000 -3.525000 10.800000
v -3.025000 -3.375000 10.800000
v -3.025000 -3.375000 10.850000
v -3.025000 -3.225000 10.850000
v -3.025000 -3.225000 10.900000
v -3.025000 -3.025000 10.900000
v -3.025000 -3.025000 10.950000
v -3.025000 -2.875000 10.950000
v -3.025000 -2.875000 11.000000
v -3.025000 -2.725000 11.000000
v -3.025000 -2.725000 11.050000
v -3.025000 -2.475000 11.050000
v -3.025000 -2.475000 11.100000
v -3.025000 -2.125000 11.100000
v -3.025000 -2.125000 11.150000
v -3.025000 -1.775000 11.150000
v -3.025000 -1.775000 11.200000
v -3.025000 -1.475000 11.200000
v -3.025000 -1.475000 11.250000
v -3.025000 -1.125000 11.250000
v -3.025000 -1.125000 11.300000
v -3.025000 -0.775000 11.300000
v -3.025000 -0.775000 11.350000
v -3.025000 1.775000 11.350000
v -3.025000 1.775000 11.300000
v -3.025000 2.075000 11.300000
v -3.025000 2.075000 11.250000
v -3.025000 2.425000 11.250000
v -3.025000 2.425000 11.200000
v -3.025000 2.775000 11.200000
v -3.025000 2.775000 11.150000
v -3.025000 3.075000 11.150000
v -3.025000 3.075000 11.100000
v -3.025000 3.425000 11.100000
v -3.025000 3.425000 11.050000
v -3.025000 3.675000 11.050000
v -3.025000 3.675000 11.000000
v -3.025000 3.875000 11.000000
v -3.025000 3.875000 10.950000
v -3.025000 4.025000 10.950000
v -3.025000 4.025000 10.900000
v -3.025000 4.175000 10.900000
v -3.025000 4.175000 10.850000
v -3.025000 4.325000 10.850000
v -3.025000 4.325000 10.800000
v -3.025000 4.525000 10.800000
v -3.025000 4.525000 10.750000
v -3.025000 4.675000 10.750000
v -3.025000 4.675000 10.700000
v -3.025000 4.825000 10.700000
v -3.025000 4.825000 10.650000
v -3.025000 5.025000 10.650000
v -3.025000 5.025000 10.600000
v -3.025000 5.175000 10.600000
v -3.025000 5.175000 10.550000
v -3.025000 5.325000 10.550000
v -3.025000 5.325000 10.500000
v -3.025000 5.475000 10.500000
v -3.025000 5.475000 10.450000
v -3.025000 5.625000 10.450000
v -3.025000 5.625000 10.400000
v -3.025000 5.725000 10.400000
v -3.025000 5.725000 10.350000
v -3.025000 5.875000 10.350000
v -3.025000 5.875000 10.300000
v -3.025000 5.975000 10.300000
v -3.025000 5.975000 10.250000
v -3.025000 6.075000 10.250000
v -3.025000 6.075000 10.200000
v -3.025000 6.175000 10.200000
v -3.025000 6.175000 10.150000
v -3.025000 6.275000 10.150000
v -3.025000 6.275000 10.100000
v -3.025000 6.375000 10.100000
v -3.025000 6.375000 10.050000
v -3.025000 6.475000 10.050000
v -3.025000 6.475000 10.000000
v -3.025000 6.575000 10.000000
v -3.025000 6.575000 9.950000
v -3.025000 6.675000 9.950000
v -3.025000 6.675000 9.900000
v -3.025000 6.775000 9.900000
v -3.025000 6.775000 9.850000
v -3.025000 6.925000 9.850000
v -3.025000 6.925000 9.800000
v -3.025000 7.025000 9.800000
v -3.025000 7.025000 9.750000
v -3.025000 7.125000 9.750000
v -3.025000 7.125000 9.700000
v -3.025000 7.225000 9.700000
v -3.025000 7.225000 9.650000
v -3.025000 7.325000 9.650000
v -3.025000 7.325000 9.600000
v -3.025000 7.425000 9.600000
v -3.025000 7.425000 9.550000
v -3.025000 7.525000 9.550000
v -3.025000 7.525000 9.050000
v -3.025000 7.425000 9.050000
v -3.025000 7.425000 9.100000
v -3.025000 7.325000 9.100000
v -3.025000 7.325000 9.150000
v -3.025000 7.225000 9.150000
v -3.025000 7.225000 9.200000
v -3.025000 7.125000 9.200000
v -3.025000 7.125000 9.250000
v -3.025000 7.025000 9.250000
v -3.025000 7.025000 9.300000
v -3.025000 6.925000 9.300000
v -3.025000 6.925000 9.350000
v -3.025000 6.825000 9.350000
v -3.025000 6.825000 9.400000
v -3.025000 6.725000 9.400000
v -3.025000 6.725000 9.450000
v -3.025000 6.575000 9.450000
v -3.025000 6.575000 9.500000
v -3.025000 6.525000 9.500000
v -3.025000 6.525000 9.450000
v 3.025000 6.525000 -3.000000
v 3.025000 6.525000 9.450000
v 3.025000 6.525000 9.500000
v 3.025000 6.575000 9.500000
v 3.025000 6.575000 9.450000
v 3.025000 6.675000 9.450000
v 3.025000 6.725000 9.450000
v 3.025000 6.725000 9.400000
v 3.025000 6.775000 9.400000
v 3.025000 6.825000 9.400000
v 3.025000 6.825000 9.350000
v 3.025000 6.875000 9.350000
v 3.025000 6.925000 9.350000
v 3.025000 6.925000 9.300000
v 3.025000 6.975000 9.300000
v 3.025000 7.025000 9.300000
v 3.025000 7.025000 9.250000
v 3.025000 7.075000 9.250000
v 3.025000 7.125000 9.250000
v 3.025000 7.125000 9.200000
v 3.025000 7.175000 9.200000
v 3.025000 7.225000 9.200000
v 3.025000 7.225000 9.150000
v 3.025000 7.275000 9.150000
v 3.025000 7.325000 9.150000
v 3.025000 7.325000 9.100000
v 3.025000 7.375000 9.100000
v 3.025000 7.425000 9.100000
v 3.025000 7.425000 9.050000
v 3.025000 7.475000 9.050000
v 3.025000 7.525000 9.050000
v 3.025000 7.525000 9.500000
v 3.025000 7.525000 9.550000
v 3.025000 7.425000 9.550000
v 3.025000 7.425000 9.600000
v 3.025000 7.325000 9.600000
v 3.025000 7.325000 9.650000
v 3.025000 7.225000 9.650000
v 3.025000 7.225000 9.700000
v 3.025000 7.125000 9.700000
v 3.025000 7.125000 9.750000
v 3.025000 7.025000 9.750000
v 3.025000 7.025000 9.800000
v 3.025000 6.925000 9.800000
v 3.025000 6.925000 9.850000
v 3.025000 6.775000 9.850000
v 3.025000 6.775000 9.900000
v 3.025000 6.675000 9.900000
v 3.025000 6.675000 9.950000
v 3.025000 6.575000 9.950000
v 3.025000 6.575000 10.000000
v 3.025000 6.475000 10.000000
v 3.025000 6.475000 10.050000
v 3.025000 6.375000 10.050000
v 3.025000 6.375000 10.100000
v 3.025000 6.275000 10.100000
v 3.025000 6.275000 10.150000
v 3.025000 6.175000 10.150000
v 3.025000 6.175000 10.200000
v 3.025000 6.075000 10.200000
v 3.025000 6.075000 10.250000
v 3.025000 5.975000 10.250000
v 3.025000 5.975000 10.300000
v 3.025000 5.875000 10.300000
v 3.025000 5.875000 10.350000
v 3.025000 5.725000 10.350000
v 3.025000 5.725000 10.400000
v 3.025000 5.625000 10.400000
v 3.025000 5.625000 10.450000
v 3.025000 5.475000 10.450000
v 3.025000 5.475000 10.500000
v 3.025000 5.325000 10.500000
v 3.025000 5.325000 10.550000
v 3.025000 5.175000 10.550000
v 3.025000 5.175000 10.600000
v 3.025000 5.025000 10.600000
v 3.025000 5.025000 10.650000
v 3.025000 4.825000 10.650000
v 3.025000 4.825000 10.700000
v 3.025000 4.675000 10.700000
v 3.025000 4.675000 10.750000
v 3.025000 4.525000 10.750000
v 3.025000 4.525000 10.800000
v 3.025000 4.325000 10.800000
v 3.025000 4.325000 10.850000
v 3.025000 4.175000 10.850000
v 3.025000 4.175000 10.900000
v 3.025000 4.025000 10.900000
v 3.025000 4.025000 10.950000
v 3.025000 3.875000 10.950000
v 3.025000 3.875000 11.000000
v 3.025000 3.675000 11.000000
v 3.025000 3.675000 11.050000
v 3.025000 3.425000 11.050000
v 3.025000 3.425000 11.100000
v 3.025000 3.075000 11.100000
v 3.025000 3.075000 11.150000
v 3.025000 2.775000 11.150000
v 3.025000 2.775000 11.200000
v 3.025000 2.425000 11.200000
v 3.025000 2.425000 11.250000
v 3.025000 2.075000 11.250000
v 3.025000 2.075000 11.300000
v 3.025000 1.775000 11.300000
v 3.025000 1.775000 11.350000
v 3.025000 -0.775000 11.350000
v 3.025000 -0.775000 11.300000
v 3.025000 -1.125000 11.300000
v 3.025000 -1.125000 11.250000
v 3.025000 -1.475000 11.250000
v 3.025000 -1.475000 11.200000
v 3.025000 -1.775000 11.200000
v 3.025000 -1.775000 11.150000
v 3.025000 -2.125000 11.150000
v 3.025000 -2.125000 11.100000
v 3.025000 -2.475000 11.100000
v 3.025000 -2.475000 11.050000
v 3.025000 -2.725000 11.050000
v 3.025000 -2.725000 11.000000
v 3.025000 -2.875000 11.000000
v 3.025000 -2.875000 10.950000
v 3.025000 -3.025000 10.950000
v 3.025000 -3.025000 10.900000
v 3.025000 -3.225000 10.900000
v 3.025000 -3.225000 10.850000
v 3.025000 -3.375000 10.850000
v 3.025000 -3.375000 10.800000
v 3.025000 -3.525000 10.800000
v 3.025000 -3.525000 10.750000
v 3.025000 -3.725000 10.750000
v 3.025000 -3.725000 10.700000
v 3.025000 -3.875000 10.700000
v 3.025000 -3.875000 10.650000
v 3.025000 -4.025000 10.650000
v 3.025000 -4.025000 10.600000
v 3.025000 -4.175000 10.600000
v 3.025000 -4.175000 10.550000
v 3.025000 -4.375000 10.550000
v 3.025000 -4.375000 10.500000
v 3.025000 -4.525000 10.500000
v 3.025000 -4.525000 10.450000
v 3.025000 -4.675000 10.450000
v 3.025000 -4.675000 10.400000
v 3.025000 -4.775000 10.400000
v 3.025000 -4.775000 10.350000
v 3.025000 -4.875000 10.350000
v 3.025000 -4.875000 10.300000
v 3.025000 -4.975000 10.300000
v 3.025000 -4.975000 10.250000
v 3.025000 -5.075000 10.250000
v 3.025000 -5.075000 10.200000
v 3.025000 -5.175000 10.200000
v 3.025000 -5.175000 10.150000
v 3.025000 -5.325000 10.150000
v 3.025000 -5.325000 10.100000
v 3.025000 -5.425000 10.100000
v 3.025000 -5.425000 10.050000
v 3.025000 -5.525000 10.500000
v 3.025000 -5.475000 10.500000
v 3.025000 -5.425000 10.500000
v 3.025000 -5.425000 10.550000
v 3.025000 -5.325000 10.550000
v 3.025000 -5.275000 10.550000
v 3.025000 -5.275000 10.600000
v 3.025000 -5.225000 10.600000
v 3.025000 -5.175000 10.600000
v 3.025000 -5.175000 10.650000
v 3.025000 -5.125000 10.650000
v 3.025000 -5.075000 10.650000
v 3.025000 -5.075000 10.700000
v 3.025000 -4.975000 10.700000
v 3.025000 -4.925000 10.700000
v 3.025000 -4.925000 10.750000
v 3.025000 -4.875000 10.750000
v 3.025000 -4.825000 10.750000
v 3.025000 -4.825000 10.800000
v 3.025000 -4.725000 10.800000
v 3.025000 -4.675000 10.800000
v 3.025000 -4.675000 10.850000
v 3.025000 -4.625000 10.850000
v 3.025000 -4.575000 10.850000
v 3.025000 -4.575000 10.900000
v 3.025000 -4.525000 10.900000
v 3.025000 -4.475000 10.900000
v 3.025000 -4.475000 10.950000
v 3.025000 -4.375000 10.950000
v 3.025000 -4.325000 10.950000
v 3.025000 -4.325000 11.000000
v 3.025000 -4.275000 11.000000
v 3.025000 -4.225000 11.000000
v 3.025000 -4.225000 11.050000
v 3.025000 -4.125000 11.050000
v 3.025000 -4.075000 11.050000
v 3.025000 -4.075000 11.100000
v 3.025000 -3.925000 11.100000
v 3.025000 -3.875000 11.100000
v 3.025000 -3.875000 11.150000
v 3.025000 -3.725000 11.150000
v 3.025000 -3.675000 11.150000
v 3.025000 -3.675000 11.200000
v 3.025000 -3.575000 11.200000
v 3.025000 -3.525000 11.200000
v 3.025000 -3.525000 11.250000
v 3.025000 -3.375000 11.250000
v 3.025000 -3.325000 11.250000
v 3.025000 -3.325000 11.300000
v 3.025000 -3.175000 11.300000
v 3.025000 -3.125000 11.300000
v 3.025000 -3.125000 11.350000
v 3.025000 -3.025000 11.350000
v 3.025000 -2.975000 11.350000
v 3.025000 -2.975000 11.400000
v 3.025000 -2.825000 11.400000
v 3.025000 -2.775000 11.400000
v 3.025000 -2.775000 11.450000
v 3.025000 -2.625000 11.450000
v 3.025000 -2.575000 11.450000
v 3.025000 -2.575000 11.500000
v 3.025000 -2.475000 11.500000
v 3.025000 -2.425000 11.500000
v 3.025000 -2.425000 11.550000
v 3.025000 -2.275000 11.550000
v 3.025000 -2.225000 11.550000
v 3.025000 -2.225000 11.600000
v 3.025000 -2.075000 11.600000
v 3.025000 -2.025000 11.600000
v 3.025000 -2.025000 11.650000
v 3.025000 -1.775000 11.650000
v 3.025000 -1.725000 11.650000
v 3.025000 -1.725000 11.700000
v 3.025000 -1.425000 11.700000
v 3.025000 -1.375000 11.700000
v 3.025000 -1.375000 11.750000
v 3.025000 -1.025000 11.750000
v 3.025000 -0.975000 11.750000
v 3.025000 -0.975000 11.800000
v 3.025000 -0.675000 11.800000
v 3.025000 -0.625000 11.800000
v 3.025000 -0.625000 11.850000
v 3.025000 -0.275000 11.850000
v 3.025000 -0.225000 11.850000
v 3.025000 -0.225000 11.900000
v 3.025000 0.075000 11.900000
v 3.025000 0.125000 11.900000
v 3.025000 0.125000 11.950000
v 3.025000 2.775000 11.950000
v 3.025000 2.825000 11.950000
v 3.025000 2.825000 11.900000
v 3.025000 3.175000 11.900000
v 3.025000 3.225000 11.900000
v 3.025000 3.225000 11.850000
v 3.025000 3.525000 11.850000
v 3.025000 3.575000 11.850000
v 3.025000 3.575000 11.800000
v 3.025000 3.925000 11.800000
v 3.025000 3.975000 11.800000
v 3.025000 3.975000 11.750000
v 3.025000 4.275000 11.750000
v 3.025000 4.325000 11.750000
v 3.025000 4.325000 11.700000
v 3.025000 4.675000 11.700000
v 3.025000 4.725000 11.700000
v 3.025000 4.725000 11.650000
v 3.025000 4.975000 11.650000
v 3.025000 5.025000 11.650000
v 3.025000 5.025000 11.600000
v 3.025000 5.125000 11.600000
v 3.025000 5.175000 11.600000
v 3.025000 5.175000 11.550000
v 3.025000 5.325000 11.550000
v 3.025000 5.375000 11.550000
v 3.025000 5.375000 11.500000
v 3.025000 5.525000 11.500000
v 3.025000 5.575000 11.500000
v 3.025000 5.575000 11.450000
v 3.025000 5.675000 11.450000
v 3.025000 5.725000 11.450000
v 3.025000 5.725000 11.400000
v 3.025000 5.875000 11.400000
v 3.025000 5.925000 11.400000
v 3.025000 5.925000 11.350000
v 3.025000 6.075000 11.350000
v 3.025000 6.125000 11.350000
v 3.025000 6.125000 11.300000
v 3.025000 6.225000 11.300000
v 3.025000 6.275000 11.300000
v 3.025000 6.275000 11.250000
v 3.025000 6.425000 11.250000
v 3.025000 6.475000 11.250000
v 3.025000 6.475000 11.200000
v 3.025000 6.625000 11.200000
v 3.025000 6.675000 11.200000
v 3.025000 6.675000 11.150000
v 3.025000 6.775000 11.150000
v 3.025000 6.825000 11.150000
v 3.025000 6.825000 11.100000
v 3.025000 6.975000 11.100000
v 3.025000 7.025000 11.100000
v 3.025000 7.025000 11.050000
v 3.025000 7.125000 11.050000
v 3.025000 7.175000 11.050000
v 3.025000 7.175000 11.000000
v 3.025000 7.275000 11.000000
v 3.025000 7.325000 11.000000
v 3.025000 7.325000 10.950000
v 3.025000 7.375000 10.950000
v 3.025000 7.425000 10.950000
v 3.025000 7.425000 10.900000
v 3.025000 7.475000 10.900000
v 3.025000 7.525000 10.900000
v 3.025000 7.525000 10.850000
v 3.025000 7.625000 10.850000
v 3.025000 7.675000 10.850000
v 3.025000 7.675000 10.800000
v 3.025000 7.725000 10.800000
v 3.025000 7.775000 10.800000
v 3.025000 7.775000 10.750000
v 3.025000 7.875000 10.750000
v 3.025000 7.925000 10.750000
v 3.025000 7.925000 10.700000
v 3.025000 7.975000 10.700000
v 3.025000 8.025000 10.700000
v 3.025000 8.025000 10.650000
v 3.025000 8.075000 10.650000
v 3.025000 8.125000 10.650000
v 3.025000 8.125000 10.600000
v 3.025000 8.225000 10.600000
v 3.025000 8.275000 10.600000
v 3.025000 8.275000 10.550000
v 3.025000 8.325000 10.550000
v 3.025000 8.375000 10.550000
v 3.025000 8.375000 10.500000
v 3.025000 8.475000 10.500000
v 3.025000 8.525000 10.500000
v 3.025000 8.525000 10.450000
v 3.025000 8.525000 -3.000000
v 3.025000 8.475000 -3.000000
v 22.025000 -6.525000 9.050000
v 22.025000 -6.525000 9.550000
v 22.025000 -6.475000 9.550000
v 22.025000 -6.475000 9.600000
v 22.025000 -6.375000 9.600000
v 22.025000 -6.375000 9.650000
v 22.025000 -6.225000 9.650000
v 22.025000 -6.225000 9.700000
v 22.025000 -6.125000 9.700000
v 22.025000 -6.125000 9.750000
v 22.025000 -6.025000 9.750000
v 22.025000 -6.025000 9.800000
v 22.025000 -5.925000 9.800000
v 22.025000 -5.925000 9.850000
v 22.025000 -5.825000 9.850000
v 22.025000 -5.825000 9.900000
v 22.025000 -5.725000 9.900000
v 22.025000 -5.725000 9.950000
v 22.025000 -5.625000 9.950000
v 22.025000 -5.625000 10.000000
v 22.025000 -5.425000 10.050000
v 22.025000 -5.425000 10.100000
v 22.025000 -5.325000 10.100000
v 22.025000 -5.325000 10.150000
v 22.025000 -5.175000 10.150000
v 22.025000 -5.175000 10.200000
v 22.025000 -5.075000 10.200000
v 22.025000 -5.075000 10.250000
v 22.025000 -4.975000 10.250000
v 22.025000 -4.975000 10.300000
v 22.025000 -4.875000 10.300000
v 22.025000 -4.875000 10.350000
v 22.025000 -4.775000 10.350000
v 22.025000 -4.775000 10.400000
v 22.025000 -4.675000 10.400000
v 22.025000 -4.675000 10.450000
v 22.025000 -4.525000 10.450000
v 22.025000 -4.525000 10.500000
v 22.025000 -4.375000 10.500000
v 22.025000 -4.375000 10.550000
v 22.025000 -4.175000 10.550000
v 22.025000 -4.175000 10.600000
v 22.025000 -4.025000 10.600000
v 22.025000 -4.025000 10.650000
v 22.025000 -3.875000 10.650000
v 22.025000 -3.875000 10.700000
v 22.025000 -3.725000 10.700000
v 22.025000 -3.725000 10.750000
v 22.025000 -3.525000 10.750000
v 22.025000 -3.525000 10.800000
v 22.025000 -3.375000 10.800000
v 22.025000 -3.375000 10.850000
v 22.025000 -3.225000 10.850000
v 22.025000 -3.225000 10.900000
v 22.025000 -3.025000 10.900000
v 22.025000 -3.025000 10.950000
v 22.025000 -2.875000 10.950000
v 22.025000 -2.875000 11.000000
v 22.025000 -2.725000 11.000000
v 22.025000 -2.725000 11.050000
v 22.025000 -2.475000 11.050000
v 22.025000 -2.475000 11.100000
v 22.025000 -2.125000 11.100000
v 22.025000 -2.125000 11.150000
v 22.025000 -1.775000 11.150000
v 22.025000 -1.775000 11.200000
v 22.025000 -1.475000 11.200000
v 22.025000 -1.475000 11.250000
v 22.025000 -1.125000 11.250000
v 22.025000 -1.125000 11.300000
v 22.025000 -0.775000 11.300000
v 22.025000 -0.775000 11.350000
v 22.025000 1.775000 11.350000
v 22.025000 1.775000 11.300000
v 22.025000 2.075000 11.300000
v 22.025000 2.075000 11.250000
v 22.025000 2.425000 11.250000
v 22.025000 2.425000 11.200000
v 22.025000 2.775000 11.200000
v 22.025000 2.775000 11.150000
v 22.025000 3.075000 11.150000
v 22.025000 3.075000 11.100000
v 22.025000 3.425000 11.100000
v 22.025000 3.425000 11.050000
v 22.025000 3.675000 11.050000
v 22.025000 3.675000 11.000000
v 22.025000 3.875000 11.000000
v 22.025000 3.875000 10.950000
v 22.025000 4.025000 10.950000
v 22.025000 4.025000 10.900000
v 22.025000 4.175000 10.900000
v 22.025000 4.175000 10.850000
v 22.025000 4.325000 10.850000
v 22.025000 4.325000 10.800000
v 22.025000 4.525000 10.800000
v 22.025000 4.525000 10.750000
v 22.025000 4.675000 10.750000
v 22.025000 4.675000 10.700000
v 22.025000 4.825000 10.700000
v 22.025000 4.825000 10.650000
v 22.025000 5.025000 10.650000
v 22.025000 5.025000 10.600000
v 22.025000 5.175000 10.600000
v 22.025000 5.175000 10.550000
v 22.025000 5.325000 10.550000
v 22.025000 5.325000 10.500000
v 22.025000 5.475000 10.500000
v 22.025000 5.475000 10.450000
v 22.025000 5.625000 10.450000
v 22.025000 5.625000 10.400000
v 22.025000 5.725000 10.400000
v 22.025000 5.725000 10.350000
v 22.025000 5.875000 10.350000
v 22.025000 5.875000 10.300000
v 22.025000 5.975000 10.300000
v 22.025000 5.975000 10.250000
v 22.025000 6.075000 10.250000
v 22.025000 6.075000 10.200000
v 22.025000 6.175000 10.200000
v 22.025000 6.175000 10.150000
v 22.025000 6.275000 10.150000
v 22.025000 6.275000 10.100000
v 22.025000 6.375000 10.100000
v 22.025000 6.375000 10.050000
v 22.025000 6.475000 10.050000
v 22.025000 6.475000 10.000000
v 22.025000 6.575000 10.000000
v 22.025000 6.575000 9.950000
v 22.025000 6.675000 9.950000
v 22.025000 6.675000 9.900000
v 22.025000 6.775000 9.900000
v 22.025000 6.775000 9.850000
v 22.025000 6.925000 9.850000
v 22.025000 6.925000 9.800000
v 22.025000 7.025000 9.800000
v 22.025000 7.025000 9.750000
v 22.025000 7.125000 9.750000
v 22.025000 7.125000 9.700000
v 22.025000 7.225000 9.700000
v 22.025000 7.225000 9.650000
v 22.025000 7.325000 9.650000
v 22.025000 7.325000 9.600000
v 22.025000 7.425000 9.600000
v 22.025000 7.425000 9.550000
v 22.025000 7.525000 9.550000
v 22.025000 7.525000 9.050000
v 22.025000 7.425000 9.050000
v 22.025000 7.425000 9.100000
v 22.025000 7.325000 9.100000
v 22.025000 7.325000 9.150000
v 22.025000 7.225000 9.150000
v 22.025000 7.225000 9.200000
v 22.025000 7.125000 9.200000
v 22.025000 7.125000 9.250000
v 22.025000 7.025000 9.250000
v 22.025000 7.025000 9.300000
v 22.025000 6.925000 9.300000
v 22.025000 6.925000 9.350000
v 22.025000 6.825000 9.350000
v 22.025000 6.825000 9.400000
v 22.025000 6.725000 9.400000
v 22.025000 6.725000 9.450000
v 22.025000 6.575000 9.450000
v 22.025000 6.575000 9.500000
v 22.025000 6.475000 9.500000
v 22.025000 6.475000 9.550000
v 22.025000 6.375000 9.550000
v 22.025000 6.375000 9.600000
v 22.025000 6.275000 9.600000
v 22.025000 6.275000 9.650000
v 22.025000 6.175000 9.650000
v 22.025000 6.175000 9.700000
v 22.025000 6.075000 9.700000
v 22.025000 6.075000 9.750000
v 22.025000 5.975000 9.750000
v 22.025000 5.975000 9.800000
v 22.025000 5.875000 9.800000
v 22.025000 5.875000 9.850000
v 22.025000 5.775000 9.850000
v 22.025000 5.775000 9.900000
v 22.025000 5.675000 9.900000
v 22.025000 5.675000 9.950000
v 22.025000 5.525000 9.950000
v 22.025000 5.525000 10.000000
v 22.025000 5.425000 10.000000
v 22.025000 5.425000 10.050000
v 22.025000 5.275000 10.050000
v 22.025000 5.275000 10.100000
v 22.025000 5.125000 10.100000
v 22.025000 5.125000 10.150000
v 22.025000 4.975000 10.150000
v 22.025000 4.975000 10.200000
v 22.025000 4.775000 10.200000
v 22.025000 4.775000 10.250000
v 22.025000 4.625000 10.250000
v 22.025000 4.625000 10.300000
v 22.025000 4.475000 10.300000
v 22.025000 4.475000 10.350000
v 22.025000 4.325000 10.350000
v 22.025000 4.325000 10.400000
v 22.025000 4.125000 10.400000
v 22.025000 4.125000 10.450000
v 22.025000 3.975000 10.450000
v 22.025000 3.975000 10.500000
v 22.025000 3.825000 10.500000
v 22.025000 3.825000 10.550000
v 22.025000 3.675000 10.550000
v 22.025000 3.675000 10.600000
v 22.025000 3.475000 10.600000
v 22.025000 3.475000 10.650000
v 22.025000 3.175000 10.650000
v 22.025000 3.175000 10.700000
v 22.025000 2.825000 10.700000
v 22.025000 2.825000 10.750000
v 22.025000 2.475000 10.750000
v 22.025000 2.475000 10.800000
v 22.025000 2.125000 10.800000
v 22.025000 2.125000 10.850000
v 22.025000 1.825000 10.850000
v 22.025000 1.825000 10.900000
v 22.025000 1.475000 10.900000
v 22.025000 1.475000 10.950000
v 22.025000 -0.525000 10.950000
v 22.025000 -0.525000 10.900000
v 22.025000 -0.825000 10.900000
v 22.025000 -0.825000 10.850000
v 22.025000 -1.175000 10.850000
v 22.025000 -1.175000 10.800000
v 22.025000 -1.525000 10.800000
v 22.025000 -1.525000 10.750000
v 22.025000 -1.825000 10.750000
v 22.025000 -1.825000 10.700000
v 22.025000 -2.175000 10.700000
v 22.025000 -2.175000 10.650000
v 22.025000 -2.525000 10.650000
v 22.025000 -2.525000 10.600000
v 22.025000 -2.675000 10.600000
v 22.025000 -2.675000 10.550000
v 22.025000 -2.825000 10.550000
v 22.025000 -2.825000 10.500000
v 22.025000 -3.025000 10.500000
v 22.025000 -3.025000 10.450000
v 22.025000 -3.175000 10.450000
v 22.025000 -3.175000 10.400000
v 22.025000 -3.325000 10.400000
v 22.025000 -3.325000 10.350000
v 22.025000 -3.475000 10.350000
v 22.025000 -3.475000 10.300000
v 22.025000 -3.675000 10.300000
v 22.025000 -3.675000 10.250000
v 22.025000 -3.825000 10.250000
v 22.025000 -3.825000 10.200000
v 22.025000 -3.975000 10.200000
v 22.025000 -3.975000 10.150000
v 22.025000 -4.175000 10.150000
v 22.025000 -4.175000 10.100000
v 22.025000 -4.325000 10.100000
v 22.025000 -4.325000 10.050000
v 22.025000 -4.475000 10.050000
v 22.025000 -4.475000 10.000000
v 22.025000 -4.575000 10.000000
v 22.025000 -4.575000 9.950000
v 22.025000 -4.675000 9.950000
v 22.025000 -4.675000 9.900000
v 22.025000 -4.775000 9.900000
v 22.025000 -4.775000 9.850000
v 22.025000 -4.875000 9.850000
v 22.025000 -4.875000 9.800000
v 22.025000 -4.975000 9.800000
v 22.025000 -4.975000 9.750000
v 22.025000 -5.125000 9.750000
v 22.025000 -5.125000 9.700000
v 22.025000 -5.225000 9.700000
v 22.025000 -5.225000 9.650000
v 22.025000 -5.325000 9.650000
v 22.025000 -5.325000 9.600000
v 22.025000 -5.425000 9.600000
v 22.025000 -5.425000 9.550000
v 22.025000 -5.525000 9.550000
v 22.025000 -5.525000 9.500000
v 22.025000 -5.625000 9.500000
v 22.025000 -5.625000 9.450000
v 22.025000 -5.725000 9.450000
v 22.025000 -5.725000 9.400000
v 22.025000 -5.825000 9.400000
v 22.025000 -5.825000 9.350000
v 22.025000 -5.925000 9.350000
v 22.025000 -5.925000 9.300000
v 22.025000 -6.025000 9.300000
v 22.025000 -6.025000 9.250000
v 22.025000 -6.175000 9.250000
v 22.025000 -6.175000 9.200000
v 22.025000 -6.275000 9.200000
v 22.025000 -6.275000 9.150000
v 22.025000 -6.375000 9.150000
v 22.025000 -6.375000 9.100000
v 22.025000 -6.475000 9.100000
v 22.025000 -6.475000 9.050000
v 2.975000 -6.525000 9.050000
v 2.975000 -6.475000 9.050000
v 2.975000 -6.475000 9.100000
v 2.975000 -6.425000 9.100000
v 2.975000 -6.375000 9.100000
v 2.975000 -6.375000 9.150000
v 2.975000 -6.325000 9.150000
v 2.975000 -6.275000 9.150000
v 2.975000 -6.275000 9.200000
v 2.975000 -6.225000 9.200000
v 2.975000 -6.175000 9.200000
v 2.975000 -6.175000 9.250000
v 2.975000 -6.075000 9.250000
v 2.975000 -6.025000 9.250000
v 2.975000 -6.025000 9.300000
v 2.975000 -5.975000 9.300000
v 2.975000 -5.925000 9.300000
v 2.975000 -5.925000 9.350000
v 2.975000 -5.875000 9.350000
v 2.975000 -5.825000 9.350000
v 2.975000 -5.825000 9.400000
v 2.975000 -5.775000 9.400000
v 2.975000 -5.725000 9.400000
v 2.975000 -5.725000 9.450000
v 2.975000 -5.675000 9.450000
v 2.975000 -5.625000 9.450000
v 2.975000 -5.625000 9.500000
v 2.975000 -5.575000 9.500000
v 2.975000 -5.625000 10.000000
v 2.975000 -5.625000 9.950000
v 2.975000 -5.725000 9.950000
v 2.975000 -5.725000 9.900000
v 2.975000 -5.825000 9.900000
v 2.975000 -5.825000 9.850000
v 2.975000 -5.925000 9.850000
v 2.975000 -5.925000 9.800000
v 2.975000 -6.025000 9.800000
v 2.975000 -6.025000 9.750000
v 2.975000 -6.125000 9.750000
v 2.975000 -6.125000 9.700000
v 2.975000 -6.225000 9.700000
v 2.975000 -6.225000 9.650000
v 2.975000 -6.375000 9.650000
v 2.975000 -6.375000 9.600000
v 2.975000 -6.475000 9.600000
v 2.975000 -6.475000 9.550000
v 2.975000 -6.525000 9.550000
v 2.975000 -6.525000 9.500000
v 21.025000 -5.525000 9.550000
v 21.025000 -5.475000 9.550000
v 21.025000 -5.425000 9.550000
v 21.025000 -5.425000 9.600000
v 21.025000 -5.375000 9.600000
v 21.025000 -5.325000 9.600000
v 21.025000 -5.325000 9.650000
v 21.025000 -5.275000 9.650000
v 21.025000 -5.225000 9.650000
v 21.025000 -5.225000 9.700000
v 21.025000 -5.175000 9.700000
v 21.025000 -5.125000 9.700000
v 21.025000 -5.125000 9.750000
v 21.025000 -5.025000 9.750000
v 21.025000 -4.975000 9.750000
v 21.025000 -4.975000 9.800000
v 21.025000 -4.925000 9.800000
v 21.025000 -4.875000 9.800000
v 21.025000 -4.875000 9.850000
v 21.025000 -4.825000 9.850000
v 21.025000 -4.775000 9.850000
v 21.025000 -4.775000 9.900000
v 21.025000 -4.725000 9.900000
v 21.025000 -4.675000 9.900000
v 21.025000 -4.675000 9.950000
v 21.025000 -4.625000 9.950000
v 21.025000 -4.575000 9.950000
v 21.025000 -4.575000 10.000000
v 21.025000 -4.525000 10.000000
v 21.025000 -4.475000 10.000000
v 21.025000 -4.475000 10.050000
v 21.025000 -4.375000 10.050000
v 21.025000 -4.325000 10.050000
v 21.025000 -4.325000 10.100000
v 21.025000 -4.225000 10.100000
v 21.025000 -4.175000 10.100000
v 21.025000 -4.175000 10.150000
v 21.025000 -4.025000 10.150000
v 21.025000 -3.975000 10.150000
v 21.025000 -3.975000 10.200000
v 21.025000 -3.875000 10.200000
v 21.025000 -3.825000 10.200000
v 21.025000 -3.825000 10.250000
v 21.025000 -3.725000 10.250000
v 21.025000 -3.675000 10.250000
v 21.025000 -3.675000 10.300000
v 21.025000 -3.525000 10.300000
v 21.025000 -3.475000 10.300000
v 21.025000 -3.475000 10.350000
v 21.025000 -3.375000 10.350000
v 21.025000 -3.325000 10.350000
v 21.025000 -3.325000 10.400000
v 21.025000 -3.225000 10.400000
v 21.025000 -3.175000 10.400000
v 21.025000 -3.175000 10.450000
v 21.025000 -3.075000 10.450000
v 21.025000 -3.025000 10.450000
v 21.025000 -3.025000 10.500000
v 21.025000 -2.875000 10.500000
v 21.025000 -2.825000 10.500000
v 21.025000 -2.825000 10.550000
v 21.025000 -2.725000 10.550000
v 21.025000 -2.675000 10.550000
v 21.025000 -2.675000 10.600000
v 21.025000 -2.575000 10.600000
v 21.025000 -2.525000 10.600000
v 21.025000 -2.525000 10.650000
v 21.025000 -2.225000 10.650000
v 21.025000 -2.175000 10.650000
v 21.025000 -2.175000 10.700000
v 21.025000 -1.875000 10.700000
v 21.025000 -1.825000 10.700000
v 21.025000 -1.825000 10.750000
v 21.025000 -1.575000 10.750000
v 21.025000 -1.525000 10.750000
v 21.025000 -1.525000 10.800000
v 21.025000 -1.225000 10.800000
v 21.025000 -1.175000 10.800000
v 21.025000 -1.175000 10.850000
v 21.025000 -0.875000 10.850000
v 21.025000 -0.825000 10.850000
v 21.025000 -0.825000 10.900000
v 21.025000 -0.575000 10.900000
v 21.025000 -0.525000 10.900000
v 21.025000 -0.525000 10.950000
v 21.025000 1.425000 10.950000
v 21.025000 1.475000 10.950000
v 21.025000 1.475000 10.900000
v 21.025000 1.775000 10.900000
v 21.025000 1.825000 10.900000
v 21.025000 1.825000 10.850000
v 21.025000 2.075000 10.850000
v 21.025000 2.125000 10.850000
v 21.025000 2.125000 10.800000
v 21.025000 2.425000 10.800000
v 21.025000 2.475000 10.800000
v 21.025000 2.475000 10.750000
v 21.025000 2.775000 10.750000
v 21.025000 2.825000 10.750000
v 21.025000 2.825000 10.700000
v 21.025000 3.125000 10.700000
v 21.025000 3.175000 10.700000
v 21.025000 3.175000 10.650000
v 21.025000 3.425000 10.650000
v 21.025000 3.475000 10.650000
v 21.025000 3.475000 10.600000
v 21.025000 3.625000 10.600000
v 21.025000 3.675000 10.600000
v 21.025000 3.675000 10.550000
v 21.025000 3.775000 10.550000
v 21.025000 3.825000 10.550000
v 21.025000 3.825000 10.500000
v 21.025000 3.925000 10.500000
v 21.025000 3.975000 10.500000
v 21.025000 3.975000 10.450000
v 21.025000 4.075000 10.450000
v 21.025000 4.125000 10.450000
v 21.025000 4.125000 10.400000
v 21.025000 4.275000 10.400000
v 21.025000 4.325000 10.400000
v 21.025000 4.325000 10.350000
v 21.025000 4.425000 10.350000
v 21.025000 4.475000 10.350000
v 21.025000 4.475000 10.300000
v 21.025000 4.575000 10.300000
v 21.025000 4.625000 10.300000
v 21.025000 4.625000 10.250000
v 21.025000 4.725000 10.250000
v 21.025000 4.775000 10.250000
v 21.025000 4.775000 10.200000
v 21.025000 4.925000 10.200000
v 21.025000 4.975000 10.200000
v 21.025000 4.975000 10.150000
v 21.025000 5.075000 10.150000
v 21.025000 5.125000 10.150000
v 21.025000 5.125000 10.100000
v 21.025000 5.225000 10.100000
v 21.025000 5.275000 10.100000
v 21.025000 5.275000 10.050000
v 21.025000 5.375000 10.050000
v 21.025000 5.425000 10.050000
v 21.025000 5.425000 10.000000
v 21.025000 5.475000 10.000000
v 21.025000 5.525000 10.000000
v 21.025000 5.525000 9.950000
v 21.025000 5.625000 9.950000
v 21.025000 5.675000 9.950000
v 21.025000 5.675000 9.900000
v 21.025000 5.725000 9.900000
v 21.025000 5.775000 9.900000
v 21.025000 5.775000 9.850000
v 21.025000 5.825000 9.850000
v 21.025000 5.875000 9.850000
v 21.025000 5.875000 9.800000
v 21.025000 5.925000 9.800000
v 21.025000 5.975000 9.800000
v 21.025000 5.975000 9.750000
v 21.025000 6.025000 9.750000
v 21.025000 6.075000 9.750000
v 21.025000 6.075000 9.700000
v 21.025000 6.125000 9.700000
v 21.025000 6.175000 9.700000
v 21.025000 6.175000 9.650000
v 21.025000 6.225000 9.650000
v 21.025000 6.275000 9.650000
v 21.025000 6.275000 9.600000
v 21.025000 6.325000 9.600000
v 21.025000 6.375000 9.600000
v 21.025000 6.375000 9.550000
v 21.025000 6.425000 9.550000
v 21.025000 6.475000 9.550000
v 21.025000 6.475000 9.500000
v 21.025000 6.525000 9.500000
v 21.025000 6.525000 -3.000000
v 21.025000 6.475000 -3.000000
v 21.025000 0.075000 4.250000
v 21.025000 0.075000 5.700000
v 21.025000 0.075000 5.650000
v 21.025000 0.075000 1.250000
v 21.025000 0.075000 2.700000
v 21.025000 0.075000 2.650000
v 21.025000 0.075000 7.250000
v 21.025000 0.075000 8.700000
v 21.025000 0.075000 8.650000
v 3.025000 -9.025000 0.000000
v 3.025000 -9.025000 0.350000
v 3.025000 -8.975000 0.350000
v 3.025000 -8.975000 3.000000
v 3.025000 -8.825000 3.000000
v 3.025000 -8.825000 0.350000
v 3.025000 -7.525000 0.350000
v 3.025000 -7.525000 3.000000
v 3.025000 -5.575000 0.000000
v 3.025000 -6.925000 0.450000
v 3.025000 -6.925000 2.400000
v 3.025000 -6.925000 2.350000
v 3.525000 -9.525000 3.000000
v 3.525000 -9.525000 3.350000
v 3.525000 -5.575000 3.000000
v -3.525000 -9.525000 3.000000
v -3.525000 -5.575000 3.000000
v -3.525000 -9.525000 3.350000
v -3.525000 -9.525000 3.300000
v -3.025000 -9.025000 0.000000
v -3.025000 -5.575000 0.000000
v -3.025000 -7.525000 3.000000
v -3.025000 -7.525000 0.350000
v -3.025000 -9.025000 3.000000
v -3.025000 -9.025000 2.950000
v -3.025000 -6.925000 0.450000
v -3.025000 -6.925000 2.350000
v -3.025000 -6.925000 2.400000
v -3.025000 -6.125000 2.400000
v -3.025000 -6.075000 2.400000
v -3.025000 -6.075000 0.450000
v -3.025000 -6.125000 0.450000
v -3.275000 -5.425000 4.250000
v -3.275000 -5.425000 5.700000
v -4.225000 -5.475000 5.700000
v -4.225000 -5.425000 5.700000
v -4.225000 -5.425000 4.250000
v -4.225000 -5.475000 4.250000
v -1.775000 -5.425000 4.250000
v -1.775000 -5.425000 5.700000
v -2.725000 -5.475000 5.700000
v -2.725000 -5.425000 5.700000
v -2.725000 -5.425000 4.250000
v -2.725000 -5.475000 4.250000
v -0.275000 -5.425000 4.250000
v -0.275000 -5.425000 5.700000
v -1.225000 -5.475000 5.700000
v -1.225000 -5.425000 5.700000
v -1.225000 -5.425000 4.250000
v -1.225000 -5.475000 4.250000
v 1.225000 -5.425000 4.250000
v 1.225000 -5.425000 5.700000
v 0.275000 -5.475000 5.700000
v 0.275000 -5.425000 5.700000
v 0.275000 -5.425000 4.250000
v 0.275000 -5.475000 4.250000
v 2.725000 -5.425000 4.250000
v 2.725000 -5.425000 5.700000
v 1.775000 -5.475000 5.700000
v 1.775000 -5.425000 5.700000
v 1.775000 -5.425000 4.250000
v 1.775000 -5.475000 4.250000
v 4.225000 -5.425000 4.250000
v 4.225000 -5.425000 5.700000
v 3.275000 -5.475000 5.700000
v 3.275000 -5.425000 5.700000
v 3.275000 -5.425000 4.250000
v 3.275000 -5.475000 4.250000
v 5.725000 -5.425000 4.250000
v 5.725000 -5.425000 5.700000
v 4.775000 -5.475000 5.700000
v 4.775000 -5.425000 5.700000
v 4.775000 -5.425000 4.250000
v 4.775000 -5.475000 4.250000
v 7.225000 -5.425000 4.250000
v 7.225000 -5.425000 5.700000
v 6.275000 -5.475000 5.700000
v 6.275000 -5.425000 5.700000
v 6.275000 -5.425000 4.250000
v 6.275000 -5.475000 4.250000
v 8.725000 -5.425000 4.250000
v 8.725000 -5.425000 5.700000
v 7.775000 -5.475000 5.700000
v 7.775000 -5.425000 5.700000
v 7.775000 -5.425000 4.250000
v 7.775000 -5.475000 4.250000
v 10.225000 -5.425000 4.250000
v 10.225000 -5.425000 5.700000
v 9.275000 -5.475000 5.700000
v 9.275000 -5.425000 5.700000
v 9.275000 -5.425000 4.250000
v 9.275000 -5.475000 4.250000
v 11.725000 -5.425000 4.250000
v 11.725000 -5.425000 5.700000
v 10.775000 -5.475000 5.700000
v 10.775000 -5.425000 5.700000
v 10.775000 -5.425000 4.250000
v 10.775000 -5.475000 4.250000
v 13.225000 -5.425000 4.250000
v 13.225000 -5.425000 5.700000
v 12.275000 -5.475000 5.700000
v 12.275000 -5.425000 5.700000
v 12.275000 -5.425000 4.250000
v 12.275000 -5.475000 4.250000
v 14.725000 -5.425000 4.250000
v 14.725000 -5.425000 5.700000
v 13.775000 -5.475000 5.700000
v 13.775000 -5.425000 5.700000
v 13.775000 -5.425000 4.250000
v 13.775000 -5.475000 4.250000
v 16.225000 -5.425000 4.250000
v 16.225000 -5.425000 5.700000
v 15.275000 -5.475000 5.700000
v 15.275000 -5.425000 5.700000
v 15.275000 -5.425000 4.250000
v 15.275000 -5.475000 4.250000
v 20.625000 -5.425000 4.250000
v 20.625000 -5.425000 5.700000
v 19.675000 -5.475000 5.700000
v 19.675000 -5.425000 5.700000
v 19.675000 -5.425000 4.250000
v 19.675000 -5.475000 4.250000
v -3.275000 -5.425000 1.250000
v -3.275000 -5.425000 2.700000
v -4.225000 -5.475000 2.700000
v -4.225000 -5.425000 2.700000
v -4.225000 -5.425000 1.250000
v -4.225000 -5.475000 1.250000
v 7.225000 -5.425000 -1.750000
v 7.225000 -5.425000 -0.300000
v 6.275000 -5.475000 -0.300000
v 6.275000 -5.425000 -0.300000
v 6.275000 -5.425000 -1.750000
v 6.275000 -5.475000 -1.750000
v 4.225000 -5.425000 1.250000
v 4.225000 -5.425000 2.700000
v 3.275000 -5.475000 2.700000
v 3.275000 -5.425000 2.700000
v 3.275000 -5.425000 1.250000
v 3.275000 -5.475000 1.250000
v 8.725000 -5.425000 -1.750000
v 8.725000 -5.425000 -0.300000
v 7.775000 -5.475000 -0.300000
v 7.775000 -5.425000 -0.300000
v 7.775000 -5.425000 -1.750000
v 7.775000 -5.475000 -1.750000
v 5.725000 -5.425000 1.250000
v 5.725000 -5.425000 2.700000
v 4.775000 -5.475000 2.700000
v 4.775000 -5.425000 2.700000
v 4.775000 -5.425000 1.250000
v 4.775000 -5.475000 1.250000
v 10.225000 -5.425000 -1.750000
v 10.225000 -5.425000 -0.300000
v 9.275000 -5.475000 -0.300000
v 9.275000 -5.425000 -0.300000
v 9.275000 -5.425000 -1.750000
v 9.275000 -5.475000 -1.750000
v 7.225000 -5.425000 1.250000
v 7.225000 -5.425000 2.700000
v 6.275000 -5.475000 2.700000
v 6.275000 -5.425000 2.700000
v 6.275000 -5.425000 1.250000
v 6.275000 -5.475000 1.250000
v 11.725000 -5.425000 -1.750000
v 11.725000 -5.425000 -0.300000
v 10.775000 -5.475000 -0.300000
v 10.775000 -5.425000 -0.300000
v 10.775000 -5.425000 -1.750000
v 10.775000 -5.475000 -1.750000
v 13.225000 -5.425000 -1.750000
v 13.225000 -5.425000 -0.300000
v 12.275000 -5.475000 -0.300000
v 12.275000 -5.425000 -0.300000
v 12.275000 -5.425000 -1.750000
v 12.275000 -5.475000 -1.750000
v 14.725000 -5.425000 -1.750000
v 14.725000 -5.425000 -0.300000
v 13.775000 -5.475000 -0.300000
v 13.775000 -5.425000 -0.300000
v 13.775000 -5.425000 -1.750000
v 13.775000 -5.475000 -1.750000
v 11.725000 -5.425000 1.250000
v 11.725000 -5.425000 2.700000
v 10.775000 -5.475000 2.700000
v 10.775000 -5.425000 2.700000
v 10.775000 -5.425000 1.250000
v 10.775000 -5.475000 1.250000
v 16.225000 -5.425000 -1.750000
v 16.225000 -5.425000 -0.300000
v 15.275000 -5.475000 -0.300000
v 15.275000 -5.425000 -0.300000
v 15.275000 -5.425000 -1.750000
v 15.275000 -5.475000 -1.750000
v 13.225000 -5.425000 1.250000
v 13.225000 -5.425000 2.700000
v 12.275000 -5.475000 2.700000
v 12.275000 -5.425000 2.700000
v 12.275000 -5.425000 1.250000
v 12.275000 -5.475000 1.250000
v 14.725000 -5.425000 1.250000
v 14.725000 -5.425000 2.700000
v 13.775000 -5.475000 2.700000
v 13.775000 -5.425000 2.700000
v 13.775000 -5.425000 1.250000
v 13.775000 -5.475000 1.250000
v 16.225000 -5.425000 1.250000
v 16.225000 -5.425000 2.700000
v 15.275000 -5.475000 2.700000
v 15.275000 -5.425000 2.700000
v 15.275000 -5.425000 1.250000
v 15.275000 -5.475000 1.250000
v 20.625000 -5.425000 -1.750000
v 20.625000 -5.425000 -0.300000
v 19.675000 -5.475000 -0.300000
v 19.675000 -5.425000 -0.300000
v 19.675000 -5.425000 -1.750000
v 19.675000 -5.475000 -1.750000
v 20.625000 -5.425000 1.250000
v 20.625000 -5.425000 2.700000
v 19.675000 -5.475000 2.700000
v 19.675000 -5.425000 2.700000
v 19.675000 -5.425000 1.250000
v 19.675000 -5.475000 1.250000
v 8.725000 -5.425000 1.250000
v 8.725000 -5.425000 2.700000
v 7.775000 -5.475000 2.700000
v 7.775000 -5.425000 2.700000
v 7.775000 -5.425000 1.250000
v 7.775000 -5.475000 1.250000
v 10.225000 -5.425000 1.250000
v 10.225000 -5.425000 2.700000
v 9.275000 -5.475000 2.700000
v 9.275000 -5.425000 2.700000
v 9.275000 -5.425000 1.250000
v 9.275000 -5.475000 1.250000
v -3.275000 -5.425000 7.250000
v -3.275000 -5.425000 8.700000
v -4.225000 -5.475000 8.700000
v -4.225000 -5.425000 8.700000
v -4.225000 -5.425000 7.250000
v -4.225000 -5.475000 7.250000
v -1.775000 -5.425000 7.250000
v -1.775000 -5.425000 8.700000
v -2.725000 -5.475000 8.700000
v -2.725000 -5.425000 8.700000
v -2.725000 -5.425000 7.250000
v -2.725000 -5.475000 7.250000
v -0.275000 -5.425000 7.250000
v -0.275000 -5.425000 8.700000
v -1.225000 -5.475000 8.700000
v -1.225000 -5.425000 8.700000
v -1.225000 -5.425000 7.250000
v -1.225000 -5.475000 7.250000
v 1.225000 -5.425000 7.250000
v 1.225000 -5.425000 8.700000
v 0.275000 -5.475000 8.700000
v 0.275000 -5.425000 8.700000
v 0.275000 -5.425000 7.250000
v 0.275000 -5.475000 7.250000
v 2.725000 -5.425000 7.250000
v 2.725000 -5.425000 8.700000
v 1.775000 -5.475000 8.700000
v 1.775000 -5.425000 8.700000
v 1.775000 -5.425000 7.250000
v 1.775000 -5.475000 7.250000
v 4.225000 -5.425000 7.250000
v 4.225000 -5.425000 8.700000
v 3.275000 -5.475000 8.700000
v 3.275000 -5.425000 8.700000
v 3.275000 -5.425000 7.250000
v 3.275000 -5.475000 7.250000
v 5.725000 -5.425000 7.250000
v 5.725000 -5.425000 8.700000
v 4.775000 -5.475000 8.700000
v 4.775000 -5.425000 8.700000
v 4.775000 -5.425000 7.250000
v 4.775000 -5.475000 7.250000
v 7.225000 -5.425000 7.250000
v 7.225000 -5.425000 8.700000
v 6.275000 -5.475000 8.700000
v 6.275000 -5.425000 8.700000
v 6.275000 -5.425000 7.250000
v 6.275000 -5.475000 7.250000
v 8.725000 -5.425000 7.250000
v 8.725000 -5.425000 8.700000
v 7.775000 -5.475000 8.700000
v 7.775000 -5.425000 8.700000
v 7.775000 -5.425000 7.250000
v 7.775000 -5.475000 7.250000
v 10.225000 -5.425000 7.250000
v 10.225000 -5.425000 8.700000
v 9.275000 -5.475000 8.700000
v 9.275000 -5.425000 8.700000
v 9.275000 -5.425000 7.250000
v 9.275000 -5.475000 7.250000
v 11.725000 -5.425000 7.250000
v 11.725000 -5.425000 8.700000
v 10.775000 -5.475000 8.700000
v 10.775000 -5.425000 8.700000
v 10.775000 -5.425000 7.250000
v 10.775000 -5.475000 7.250000
v 13.225000 -5.425000 7.250000
v 13.225000 -5.425000 8.700000
v 12.275000 -5.475000 8.700000
v 12.275000 -5.425000 8.700000
v 12.275000 -5.425000 7.250000
v 12.275000 -5.475000 7.250000
v 14.725000 -5.425000 7.250000
v 14.725000 -5.425000 8.700000
v 13.775000 -5.475000 8.700000
v 13.775000 -5.425000 8.700000
v 13.775000 -5.425000 7.250000
v 13.775000 -5.475000 7.250000
v 16.225000 -5.425000 7.250000
v 16.225000 -5.425000 8.700000
v 15.275000 -5.475000 8.700000
v 15.275000 -5.425000 8.700000
v 15.275000 -5.425000 7.250000
v 15.275000 -5.475000 7.250000
v 20.625000 -5.425000 7.250000
v 20.625000 -5.425000 8.700000
v 19.675000 -5.475000 8.700000
v 19.675000 -5.425000 8.700000
v 19.675000 -5.425000 7.250000
v 19.675000 -5.475000 7.250000
v -12.275000 -5.425000 4.250000
v -12.275000 -5.425000 5.700000
v -13.225000 -5.475000 5.700000
v -13.225000 -5.425000 5.700000
v -13.225000 -5.425000 4.250000
v -13.225000 -5.475000 4.250000
v -16.775000 -5.425000 4.250000
v -16.775000 -5.425000 5.700000
v -17.725000 -5.475000 5.700000
v -17.725000 -5.425000 5.700000
v -17.725000 -5.425000 4.250000
v -17.725000 -5.475000 4.250000
v -12.275000 -5.425000 -1.750000
v -12.275000 -5.425000 -0.300000
v -13.225000 -5.475000 -0.300000
v -13.225000 -5.425000 -0.300000
v -13.225000 -5.425000 -1.750000
v -13.225000 -5.475000 -1.750000
v -12.275000 -5.425000 1.250000
v -12.275000 -5.425000 2.700000
v -13.225000 -5.475000 2.700000
v -13.225000 -5.425000 2.700000
v -13.225000 -5.425000 1.250000
v -13.225000 -5.475000 1.250000
v -16.775000 -5.425000 -1.750000
v -16.775000 -5.425000 -0.300000
v -17.725000 -5.475000 -0.300000
v -17.725000 -5.425000 -0.300000
v -17.725000 -5.425000 -1.750000
v -17.725000 -5.475000 -1.750000
v -16.775000 -5.425000 1.250000
v -16.775000 -5.425000 2.700000
v -17.725000 -5.475000 2.700000
v -17.725000 -5.425000 2.700000
v -17.725000 -5.425000 1.250000
v -17.725000 -5.475000 1.250000
v -18.275000 -5.425000 4.250000
v -18.275000 -5.425000 5.700000
v -19.225000 -5.475000 5.700000
v -19.225000 -5.425000 5.700000
v -19.225000 -5.425000 4.250000
v -19.225000 -5.475000 4.250000
v -19.675000 -5.425000 4.250000
v -19.675000 -5.425000 5.700000
v -20.625000 -5.475000 5.700000
v -20.625000 -5.425000 5.700000
v -20.625000 -5.425000 4.250000
v -20.625000 -5.475000 4.250000
v -12.275000 -5.425000 7.250000
v -12.275000 -5.425000 8.700000
v -13.225000 -5.475000 8.700000
v -13.225000 -5.425000 8.700000
v -13.225000 -5.425000 7.250000
v -13.225000 -5.475000 7.250000
v -15.275000 -5.425000 4.250000
v -15.275000 -5.425000 5.700000
v -16.225000 -5.475000 5.700000
v -16.225000 -5.425000 5.700000
v -16.225000 -5.425000 4.250000
v -16.225000 -5.475000 4.250000
v -18.275000 -5.425000 -1.750000
v -18.275000 -5.425000 -0.300000
v -19.225000 -5.475000 -0.300000
v -19.225000 -5.425000 -0.300000
v -19.225000 -5.425000 -1.750000
v -19.225000 -5.475000 -1.750000
v -18.275000 -5.425000 1.250000
v -18.275000 -5.425000 2.700000
v -19.225000 -5.475000 2.700000
v -19.225000 -5.425000 2.700000
v -19.225000 -5.425000 1.250000
v -19.225000 -5.475000 1.250000
v -16.775000 -5.425000 7.250000
v -16.775000 -5.425000 8.700000
v -17.725000 -5.475000 8.700000
v -17.725000 -5.425000 8.700000
v -17.725000 -5.425000 7.250000
v -17.725000 -5.475000 7.250000
v 17.725000 -5.425000 4.250000
v 17.725000 -5.425000 5.700000
v 16.775000 -5.475000 5.700000
v 16.775000 -5.425000 5.700000
v 16.775000 -5.425000 4.250000
v 16.775000 -5.475000 4.250000
v 19.225000 -5.425000 4.250000
v 19.225000 -5.425000 5.700000
v 18.275000 -5.475000 5.700000
v 18.275000 -5.425000 5.700000
v 18.275000 -5.425000 4.250000
v 18.275000 -5.475000 4.250000
v -19.675000 -5.425000 -1.750000
v -19.675000 -5.425000 -0.300000
v -20.625000 -5.475000 -0.300000
v -20.625000 -5.425000 -0.300000
v -20.625000 -5.425000 -1.750000
v -20.625000 -5.475000 -1.750000
v -19.675000 -5.425000 1.250000
v -19.675000 -5.425000 2.700000
v -20.625000 -5.475000 2.700000
v -20.625000 -5.425000 2.700000
v -20.625000 -5.425000 1.250000
v -20.625000 -5.475000 1.250000
v -10.775000 -5.425000 4.250000
v -10.775000 -5.425000 5.700000
v -11.725000 -5.475000 5.700000
v -11.725000 -5.425000 5.700000
v -11.725000 -5.425000 4.250000
v -11.725000 -5.475000 4.250000
v -9.275000 -5.425000 4.250000
v -9.275000 -5.425000 5.700000
v -10.225000 -5.475000 5.700000
v -10.225000 -5.425000 5.700000
v -10.225000 -5.425000 4.250000
v -10.225000 -5.475000 4.250000
v -7.775000 -5.425000 4.250000
v -7.775000 -5.425000 5.700000
v -8.725000 -5.475000 5.700000
v -8.725000 -5.425000 5.700000
v -8.725000 -5.425000 4.250000
v -8.725000 -5.475000 4.250000
v -6.275000 -5.425000 4.250000
v -6.275000 -5.425000 5.700000
v -7.225000 -5.475000 5.700000
v -7.225000 -5.425000 5.700000
v -7.225000 -5.425000 4.250000
v -7.225000 -5.475000 4.250000
v -4.775000 -5.425000 4.250000
v -4.775000 -5.425000 5.700000
v -5.725000 -5.475000 5.700000
v -5.725000 -5.425000 5.700000
v -5.725000 -5.425000 4.250000
v -5.725000 -5.475000 4.250000
v -15.275000 -5.425000 -1.750000
v -15.275000 -5.425000 -0.300000
v -16.225000 -5.475000 -0.300000
v -16.225000 -5.425000 -0.300000
v -16.225000 -5.425000 -1.750000
v -16.225000 -5.475000 -1.750000
v -19.675000 -5.425000 7.250000
v -19.675000 -5.425000 8.700000
v -20.625000 -5.475000 8.700000
v -20.625000 -5.425000 8.700000
v -20.625000 -5.425000 7.250000
v -20.625000 -5.475000 7.250000
v -18.275000 -5.425000 7.250000
v -18.275000 -5.425000 8.700000
v -19.225000 -5.475000 8.700000
v -19.225000 -5.425000 8.700000
v -19.225000 -5.425000 7.250000
v -19.225000 -5.475000 7.250000
v -13.775000 -5.425000 4.250000
v -13.775000 -5.425000 5.700000
v -14.725000 -5.475000 5.700000
v -14.725000 -5.425000 5.700000
v -14.725000 -5.425000 4.250000
v -14.725000 -5.475000 4.250000
v 17.725000 -5.425000 -1.750000
v 17.725000 -5.425000 -0.300000
v 16.775000 -5.475000 -0.300000
v 16.775000 -5.425000 -0.300000
v 16.775000 -5.425000 -1.750000
v 16.775000 -5.475000 -1.750000
v 19.225000 -5.425000 -1.750000
v 19.225000 -5.425000 -0.300000
v 18.275000 -5.475000 -0.300000
v 18.275000 -5.425000 -0.300000
v 18.275000 -5.425000 -1.750000
v 18.275000 -5.475000 -1.750000
v 17.725000 -5.425000 1.250000
v 17.725000 -5.425000 2.700000
v 16.775000 -5.475000 2.700000
v 16.775000 -5.425000 2.700000
v 16.775000 -5.425000 1.250000
v 16.775000 -5.475000 1.250000
v 19.225000 -5.425000 1.250000
v 19.225000 -5.425000 2.700000
v 18.275000 -5.475000 2.700000
v 18.275000 -5.425000 2.700000
v 18.275000 -5.425000 1.250000
v 18.275000 -5.475000 1.250000
v -15.275000 -5.425000 1.250000
v -15.275000 -5.425000 2.700000
v -16.225000 -5.475000 2.700000
v -16.225000 -5.425000 2.700000
v -16.225000 -5.425000 1.250000
v -16.225000 -5.475000 1.250000
v -10.775000 -5.425000 -1.750000
v -10.775000 -5.425000 -0.300000
v -11.725000 -5.475000 -0.300000
v -11.725000 -5.425000 -0.300000
v -11.725000 -5.425000 -1.750000
v -11.725000 -5.475000 -1.750000
v -9.275000 -5.425000 -1.750000
v -9.275000 -5.425000 -0.300000
v -10.225000 -5.475000 -0.300000
v -10.225000 -5.425000 -0.300000
v -10.225000 -5.425000 -1.750000
v -10.225000 -5.475000 -1.750000
v -7.775000 -5.425000 -1.750000
v -7.775000 -5.425000 -0.300000
v -8.725000 -5.475000 -0.300000
v -8.725000 -5.425000 -0.300000
v -8.725000 -5.425000 -1.750000
v -8.725000 -5.475000 -1.750000
v -10.775000 -5.425000 1.250000
v -10.775000 -5.425000 2.700000
v -11.725000 -5.475000 2.700000
v -11.725000 -5.425000 2.700000
v -11.725000 -5.425000 1.250000
v -11.725000 -5.475000 1.250000
v -6.275000 -5.425000 -1.750000
v -6.275000 -5.425000 -0.300000
v -7.225000 -5.475000 -0.300000
v -7.225000 -5.425000 -0.300000
v -7.225000 -5.425000 -1.750000
v -7.225000 -5.475000 -1.750000
v -9.275000 -5.425000 1.250000
v -9.275000 -5.425000 2.700000
v -10.225000 -5.475000 2.700000
v -10.225000 -5.425000 2.700000
v -10.225000 -5.425000 1.250000
v -10.225000 -5.475000 1.250000
v -7.775000 -5.425000 1.250000
v -7.775000 -5.425000 2.700000
v -8.725000 -5.475000 2.700000
v -8.725000 -5.425000 2.700000
v -8.725000 -5.425000 1.250000
v -8.725000 -5.475000 1.250000
v -6.275000 -5.425000 1.250000
v -6.275000 -5.425000 2.700000
v -7.225000 -5.475000 2.700000
v -7.225000 -5.425000 2.700000
v -7.225000 -5.425000 1.250000
v -7.225000 -5.475000 1.250000
v -4.775000 -5.425000 1.250000
v -4.775000 -5.425000 2.700000
v -5.725000 -5.475000 2.700000
v -5.725000 -5.425000 2.700000
v -5.725000 -5.425000 1.250000
v -5.725000 -5.475000 1.250000
v -15.275000 -5.425000 7.250000
v -15.275000 -5.425000 8.700000
v -16.225000 -5.475000 8.700000
v -16.225000 -5.425000 8.700000
v -16.225000 -5.425000 7.250000
v -16.225000 -5.475000 7.250000
v -13.775000 -5.425000 -1.750000
v -13.775000 -5.425000 -0.300000
v -14.725000 -5.475000 -0.300000
v -14.725000 -5.425000 -0.300000
v -14.725000 -5.425000 -1.750000
v -14.725000 -5.475000 -1.750000
v -13.775000 -5.425000 1.250000
v -13.775000 -5.425000 2.700000
v -14.725000 -5.475000 2.700000
v -14.725000 -5.425000 2.700000
v -14.725000 -5.425000 1.250000
v -14.725000 -5.475000 1.250000
v -10.775000 -5.425000 7.250000
v -10.775000 -5.425000 8.700000
v -11.725000 -5.475000 8.700000
v -11.725000 -5.425000 8.700000
v -11.725000 -5.425000 7.250000
v -11.725000 -5.475000 7.250000
v -9.275000 -5.425000 7.250000
v -9.275000 -5.425000 8.700000
v -10.225000 -5.475000 8.700000
v -10.225000 -5.425000 8.700000
v -10.225000 -5.425000 7.250000
v -10.225000 -5.475000 7.250000
v -7.775000 -5.425000 7.250000
v -7.775000 -5.425000 8.700000
v -8.725000 -5.475000 8.700000
v -8.725000 -5.425000 8.700000
v -8.725000 -5.425000 7.250000
v -8.725000 -5.475000 7.250000
v -6.275000 -5.425000 7.250000
v -6.275000 -5.425000 8.700000
v -7.225000 -5.475000 8.700000
v -7.225000 -5.425000 8.700000
v -7.225000 -5.425000 7.250000
v -7.225000 -5.475000 7.250000
v -4.775000 -5.425000 7.250000
v -4.775000 -5.425000 8.700000
v -5.725000 -5.475000 8.700000
v -5.725000 -5.425000 8.700000
v -5.725000 -5.425000 7.250000
v -5.725000 -5.475000 7.250000
v 17.725000 -5.425000 7.250000
v 17.725000 -5.425000 8.700000
v 16.775000 -5.475000 8.700000
v 16.775000 -5.425000 8.700000
v 16.775000 -5.425000 7.250000
v 16.775000 -5.475000 7.250000
v 19.225000 -5.425000 7.250000
v 19.225000 -5.425000 8.700000
v 18.275000 -5.475000 8.700000
v 18.275000 -5.425000 8.700000
v 18.275000 -5.425000 7.250000
v 18.275000 -5.475000 7.250000
v -13.775000 -5.425000 7.250000
v -13.775000 -5.425000 8.700000
v -14.725000 -5.475000 8.700000
v -14.725000 -5.425000 8.700000
v -14.725000 -5.425000 7.250000
v -14.725000 -5.475000 7.250000
v -19.725000 -5.425000 -1.750000
v -18.325000 -5.425000 -1.750000
v -16.825000 -5.425000 -1.750000
v -15.325000 -5.425000 -1.750000
v -13.825000 -5.425000 -1.750000
v -12.325000 -5.425000 -1.750000
v -10.825000 -5.425000 -1.750000
v -9.325000 -5.425000 -1.750000
v -7.825000 -5.425000 -1.750000
v -6.325000 -5.425000 -1.750000
v 7.175000 -5.425000 -1.750000
v 8.675000 -5.425000 -1.750000
v 10.175000 -5.425000 -1.750000
v 11.675000 -5.425000 -1.750000
v 13.175000 -5.425000 -1.750000
v 14.675000 -5.425000 -1.750000
v 16.175000 -5.425000 -1.750000
v 17.675000 -5.425000 -1.750000
v 19.175000 -5.425000 -1.750000
v 20.575000 -5.425000 -1.750000
v -2.875000 -9.025000 3.000000
v -2.825000 -9.025000 3.000000
v -2.825000 -9.025000 0.350000
v 2.725000 -9.025000 0.350000
v 2.775000 -9.025000 0.350000
v 2.775000 -9.025000 2.950000
v 2.775000 -9.025000 3.000000
v 2.925000 -9.025000 3.000000
v 2.975000 -9.025000 3.000000
v 2.975000 -9.025000 0.350000
v 2.975000 -9.025000 0.000000
v -2.825000 -8.975000 3.000000
v -2.825000 -8.975000 0.350000
v 2.975000 -8.975000 3.000000
v 2.975000 -8.975000 0.350000
v -2.775000 -8.975000 3.000000
v -2.775000 -8.975000 0.350000
v -2.775000 -8.825000 3.000000
v -2.775000 -8.825000 0.350000
v -2.775000 -8.875000 0.350000
v 1.025000 -7.525000 0.350000
v 1.025000 -7.525000 2.450000
v -1.025000 -7.525000 2.450000
v -1.025000 -7.525000 0.350000
v -1.075000 -7.525000 0.350000
v -2.475000 -7.525000 0.450000
v -1.575000 -7.525000 0.450000
v -1.525000 -7.525000 0.450000
v -1.525000 -7.525000 2.350000
v -1.525000 -7.525000 2.400000
v -2.475000 -7.525000 2.400000
v -2.475000 -7.525000 2.350000
v 1.575000 -7.525000 2.400000
v 1.575000 -7.525000 0.450000
v 2.375000 -7.525000 0.450000
v 2.425000 -7.525000 0.450000
v 2.425000 -7.525000 2.350000
v 2.425000 -7.525000 2.400000
v 2.375000 -7.525000 2.400000
v -1.025000 -8.425000 0.350000
v -1.025000 -8.425000 2.450000
v -1.025000 -8.425000 2.400000
v 0.975000 -8.425000 2.450000
v 1.025000 -8.425000 2.450000
v 1.025000 -8.425000 0.350000
v 0.975000 -8.425000 0.350000
v 1.025000 -7.575000 0.350000
v -1.525000 -7.425000 0.450000
v -1.525000 -7.425000 2.400000
v -2.475000 -7.475000 2.400000
v -2.475000 -7.425000 2.400000
v -2.475000 -7.425000 0.450000
v -2.475000 -7.475000 0.450000
v 1.575000 -7.475000 2.400000
v 1.575000 -7.425000 2.400000
v 1.575000 -7.425000 0.450000
v 1.575000 -7.475000 0.450000
v 2.425000 -7.425000 0.450000
v 2.425000 -7.425000 2.400000
v -1.575000 -7.425000 0.450000
v 2.375000 -7.425000 0.450000
v -2.925000 -6.075000 2.400000
v -2.925000 -6.075000 0.450000
v -2.975000 -6.075000 0.450000
v -2.925000 -6.925000 0.450000
v -2.925000 -6.925000 2.400000
v -2.925000 -6.925000 2.350000
v -19.725000 -5.425000 1.250000
v -18.325000 -5.425000 1.250000
v -16.825000 -5.425000 1.250000
v -15.325000 -5.425000 1.250000
v -13.825000 -5.425000 1.250000
v -12.325000 -5.425000 1.250000
v -10.825000 -5.425000 1.250000
v -9.325000 -5.425000 1.250000
v -7.825000 -5.425000 1.250000
v -6.325000 -5.425000 1.250000
v -4.825000 -5.425000 1.250000
v -3.325000 -5.425000 1.250000
v 4.175000 -5.425000 1.250000
v 5.675000 -5.425000 1.250000
v 7.175000 -5.425000 1.250000
v 8.675000 -5.425000 1.250000
v 10.175000 -5.425000 1.250000
v 11.675000 -5.425000 1.250000
v 13.175000 -5.425000 1.250000
v 14.675000 -5.425000 1.250000
v 16.175000 -5.425000 1.250000
v 17.675000 -5.425000 1.250000
v 19.175000 -5.425000 1.250000
v 20.575000 -5.425000 1.250000
v -20.925000 0.925000 2.700000
v -20.925000 0.925000 1.250000
v -20.975000 0.925000 1.250000
v -20.925000 0.075000 1.250000
v -20.925000 0.075000 2.700000
v -20.925000 0.075000 2.650000
v 3.475000 -9.525000 3.350000
v 3.475000 -9.525000 3.000000
v -19.725000 -5.425000 4.250000
v -18.325000 -5.425000 4.250000
v -16.825000 -5.425000 4.250000
v -15.325000 -5.425000 4.250000
v -13.825000 -5.425000 4.250000
v -12.325000 -5.425000 4.250000
v -10.825000 -5.425000 4.250000
v -9.325000 -5.425000 4.250000
v -7.825000 -5.425000 4.250000
v -6.325000 -5.425000 4.250000
v -4.825000 -5.425000 4.250000
v -3.325000 -5.425000 4.250000
v -1.825000 -5.425000 4.250000
v -0.325000 -5.425000 4.250000
v 1.175000 -5.425000 4.250000
v 2.675000 -5.425000 4.250000
v 4.175000 -5.425000 4.250000
v 5.675000 -5.425000 4.250000
v 7.175000 -5.425000 4.250000
v 8.675000 -5.425000 4.250000
v 10.175000 -5.425000 4.250000
v 11.675000 -5.425000 4.250000
v 13.175000 -5.425000 4.250000
v 14.675000 -5.425000 4.250000
v 16.175000 -5.425000 4.250000
v 17.675000 -5.425000 4.250000
v 19.175000 -5.425000 4.250000
v 20.575000 -5.425000 4.250000
v -20.925000 0.925000 5.700000
v -20.925000 0.925000 4.250000
v -20.975000 0.925000 4.250000
v -20.925000 0.075000 4.250000
v -20.925000 0.075000 5.700000
v -20.925000 0.075000 5.650000
v -19.725000 -5.425000 7.250000
v -18.325000 -5.425000 7.250000
v -16.825000 -5.425000 7.250000
v -15.325000 -5.425000 7.250000
v -13.825000 -5.425000 7.250000
v -12.325000 -5.425000 7.250000
v -10.825000 -5.425000 7.250000
v -9.325000 -5.425000 7.250000
v -7.825000 -5.425000 7.250000
v -6.325000 -5.425000 7.250000
v -4.825000 -5.425000 7.250000
v -3.325000 -5.425000 7.250000
v -1.825000 -5.425000 7.250000
v -0.325000 -5.425000 7.250000
v 1.175000 -5.425000 7.250000
v 2.675000 -5.425000 7.250000
v 4.175000 -5.425000 7.250000
v 5.675000 -5.425000 7.250000
v 7.175000 -5.425000 7.250000
v 8.675000 -5.425000 7.250000
v 10.175000 -5.425000 7.250000
v 11.675000 -5.425000 7.250000
v 13.175000 -5.425000 7.250000
v 14.675000 -5.425000 7.250000
v 16.175000 -5.425000 7.250000
v 17.675000 -5.425000 7.250000
v 19.175000 -5.425000 7.250000
v 20.575000 -5.425000 7.250000
v -20.925000 0.925000 8.700000
v -20.925000 0.925000 7.250000
v -20.975000 0.925000 7.250000
v -20.925000 0.075000 7.250000
v -20.925000 0.075000 8.700000
v -20.925000 0.075000 8.650000
v -3.025000 -6.525000 9.550000
v -3.025000 -6.525000 9.050000
v 21.975000 -6.525000 9.550000
v 21.975000 -6.525000 9.050000
v -3.075000 7.425000 9.050000
v 21.975000 7.425000 9.050000
v -3.075000 7.325000 9.100000
v 21.975000 7.325000 9.100000
v -3.075000 7.225000 9.150000
v 21.975000 7.225000 9.150000
v -3.075000 7.125000 9.200000
v 21.975000 7.125000 9.200000
v -3.075000 7.025000 9.250000
v 21.975000 7.025000 9.250000
v -3.075000 6.925000 9.300000
v 21.975000 6.925000 9.300000
v -3.075000 6.825000 9.350000
v 21.975000 6.825000 9.350000
v -3.075000 6.725000 9.400000
v 21.975000 6.725000 9.400000
v -3.075000 6.575000 9.450000
v 21.975000 6.575000 9.450000
v -21.075000 6.475000 9.500000
v 21.975000 6.475000 9.500000
v -3.025000 -6.475000 9.600000
v -3.025000 -6.475000 9.550000
v 21.975000 -6.475000 9.600000
v 21.975000 -6.475000 9.550000
v -21.075000 6.375000 9.550000
v 21.975000 6.375000 9.550000
v -3.025000 -6.375000 9.650000
v -3.025000 -6.375000 9.600000
v 21.975000 -6.375000 9.650000
v 21.975000 -6.375000 9.600000
v -21.075000 6.275000 9.600000
v 21.975000 6.275000 9.600000
v -3.025000 -6.225000 9.700000
v -3.025000 -6.225000 9.650000
v 21.975000 -6.225000 9.700000
v 21.975000 -6.225000 9.650000
v -21.075000 6.175000 9.650000
v 21.975000 6.175000 9.650000
v -3.025000 -6.125000 9.750000
v -3.025000 -6.125000 9.700000
v 21.975000 -6.125000 9.750000
v 21.975000 -6.125000 9.700000
v -21.075000 6.075000 9.700000
v 21.975000 6.075000 9.700000
v -3.025000 -6.025000 9.800000
v -3.025000 -6.025000 9.750000
v 21.975000 -6.025000 9.800000
v 21.975000 -6.025000 9.750000
v -21.075000 5.975000 9.750000
v 21.975000 5.975000 9.750000
v -3.025000 -5.925000 9.850000
v -3.025000 -5.925000 9.800000
v 21.975000 -5.925000 9.850000
v 21.975000 -5.925000 9.800000
v -21.075000 5.875000 9.800000
v 21.975000 5.875000 9.800000
v -3.025000 -5.825000 9.900000
v -3.025000 -5.825000 9.850000
v 21.975000 -5.825000 9.900000
v 21.975000 -5.825000 9.850000
v -21.075000 5.775000 9.850000
v 21.975000 5.775000 9.850000
v -3.025000 -5.725000 9.950000
v -3.025000 -5.725000 9.900000
v 21.975000 -5.725000 9.950000
v 21.975000 -5.725000 9.900000
v -21.075000 5.675000 9.900000
v 21.975000 5.675000 9.900000
v -3.025000 -5.625000 10.000000
v -3.025000 -5.625000 9.950000
v 21.975000 -5.625000 10.000000
v 21.975000 -5.625000 9.950000
v -21.075000 5.525000 9.950000
v 21.975000 5.525000 9.950000
v -21.075000 5.425000 10.000000
v 21.975000 5.425000 10.000000
v -3.075000 -5.425000 10.100000
v -3.075000 -5.425000 10.050000
v 21.975000 -5.425000 10.100000
v 21.975000 -5.425000 10.050000
v -21.075000 5.275000 10.050000
v 21.975000 5.275000 10.050000
v -3.075000 -5.325000 10.150000
v -3.075000 -5.325000 10.100000
v 21.975000 -5.325000 10.150000
v 21.975000 -5.325000 10.100000
v -21.075000 5.125000 10.100000
v 21.975000 5.125000 10.100000
v -3.075000 -5.175000 10.200000
v -3.075000 -5.175000 10.150000
v 21.975000 -5.175000 10.200000
v 21.975000 -5.175000 10.150000
v -21.075000 4.975000 10.150000
v 21.975000 4.975000 10.150000
v -3.075000 -5.075000 10.250000
v -3.075000 -5.075000 10.200000
v 21.975000 -5.075000 10.250000
v 21.975000 -5.075000 10.200000
v -21.075000 4.775000 10.200000
v 21.975000 4.775000 10.200000
v -3.075000 -4.975000 10.300000
v -3.075000 -4.975000 10.250000
v 21.975000 -4.975000 10.300000
v 21.975000 -4.975000 10.250000
v -21.075000 4.625000 10.250000
v 21.975000 4.625000 10.250000
v -3.075000 -4.875000 10.350000
v -3.075000 -4.875000 10.300000
v 21.975000 -4.875000 10.350000
v 21.975000 -4.875000 10.300000
v -21.075000 4.475000 10.300000
v 21.975000 4.475000 10.300000
v -3.075000 -4.775000 10.400000
v -3.075000 -4.775000 10.350000
v 21.975000 -4.775000 10.400000
v 21.975000 -4.775000 10.350000
v -21.075000 4.325000 10.350000
v 21.975000 4.325000 10.350000
v -3.075000 -4.675000 10.450000
v -3.075000 -4.675000 10.400000
v 21.975000 -4.675000 10.450000
v 21.975000 -4.675000 10.400000
v -21.075000 4.125000 10.400000
v 21.975000 4.125000 10.400000
v -3.075000 -4.525000 10.500000
v -3.075000 -4.525000 10.450000
v 21.975000 -4.525000 10.500000
v 21.975000 -4.525000 10.450000
v -21.075000 3.975000 10.450000
v 21.975000 3.975000 10.450000
v 3.975000 8.525000 10.450000
v -3.075000 -4.375000 10.550000
v -3.075000 -4.375000 10.500000
v 21.975000 -4.375000 10.550000
v 21.975000 -4.375000 10.500000
v -21.075000 3.825000 10.500000
v 21.975000 3.825000 10.500000
v -3.075000 8.375000 10.500000
v 3.975000 8.375000 10.500000
v 3.975000 -6.425000 10.600000
v 3.975000 -6.425000 10.550000
v -3.075000 -4.175000 10.600000
v -3.075000 -4.175000 10.550000
v 21.975000 -4.175000 10.600000
v 21.975000 -4.175000 10.550000
v -21.075000 3.675000 10.550000
v 21.975000 3.675000 10.550000
v -3.075000 8.275000 10.550000
v 3.975000 8.275000 10.550000
v 3.975000 -6.325000 10.650000
v 3.975000 -6.325000 10.600000
v -3.075000 -4.025000 10.650000
v -3.075000 -4.025000 10.600000
v 21.975000 -4.025000 10.650000
v 21.975000 -4.025000 10.600000
v -21.075000 3.475000 10.600000
v 21.975000 3.475000 10.600000
v -3.075000 8.125000 10.600000
v 3.975000 8.125000 10.600000
v 3.975000 -6.225000 10.700000
v 3.975000 -6.225000 10.650000
v -3.075000 -3.875000 10.700000
v -3.075000 -3.875000 10.650000
v 21.975000 -3.875000 10.700000
v 21.975000 -3.875000 10.650000
v -21.075000 3.175000 10.650000
v 21.975000 3.175000 10.650000
v -3.075000 8.025000 10.650000
v 3.975000 8.025000 10.650000
v 3.975000 -6.075000 10.750000
v 3.975000 -6.075000 10.700000
v -3.075000 -3.725000 10.750000
v -3.075000 -3.725000 10.700000
v 21.975000 -3.725000 10.750000
v 21.975000 -3.725000 10.700000
v -21.075000 2.825000 10.700000
v 21.975000 2.825000 10.700000
v -3.075000 7.925000 10.700000
v 3.975000 7.925000 10.700000
v 3.975000 -5.975000 10.800000
v 3.975000 -5.975000 10.750000
v -3.075000 -3.525000 10.800000
v -3.075000 -3.525000 10.750000
v 21.975000 -3.525000 10.800000
v 21.975000 -3.525000 10.750000
v -21.075000 2.475000 10.750000
v 21.975000 2.475000 10.750000
v -3.075000 7.775000 10.750000
v 3.975000 7.775000 10.750000
v 3.975000 -5.825000 10.850000
v 3.975000 -5.825000 10.800000
v -3.075000 -3.375000 10.850000
v -3.075000 -3.375000 10.800000
v 21.975000 -3.375000 10.850000
v 21.975000 -3.375000 10.800000
v -21.075000 2.125000 10.800000
v 21.975000 2.125000 10.800000
v -3.075000 7.675000 10.800000
v 3.975000 7.675000 10.800000
v 3.975000 -5.725000 10.900000
v 3.975000 -5.725000 10.850000
v -3.075000 -3.225000 10.900000
v -3.075000 -3.225000 10.850000
v 21.975000 -3.225000 10.900000
v 21.975000 -3.225000 10.850000
v -21.075000 1.825000 10.850000
v 21.975000 1.825000 10.850000
v -3.075000 7.525000 10.850000
v 3.975000 7.525000 10.850000
v 3.975000 -5.625000 10.950000
v 3.975000 -5.625000 10.900000
v -3.075000 -3.025000 10.950000
v -3.075000 -3.025000 10.900000
v 21.975000 -3.025000 10.950000
v 21.975000 -3.025000 10.900000
v -21.075000 1.475000 10.900000
v 21.975000 1.475000 10.900000
v -3.075000 7.425000 10.900000
v 3.975000 7.425000 10.900000
v 3.975000 -5.475000 11.000000
v 3.975000 -5.475000 10.950000
v -3.075000 -2.875000 11.000000
v -3.075000 -2.875000 10.950000
v 21.975000 -2.875000 11.000000
v 21.975000 -2.875000 10.950000
v -3.075000 7.325000 10.950000
v 3.975000 7.325000 10.950000
v 3.975000 -5.375000 11.050000
v 3.975000 -5.375000 11.000000
v -3.075000 -2.725000 11.050000
v -3.075000 -2.725000 11.000000
v 21.975000 -2.725000 11.050000
v 21.975000 -2.725000 11.000000
v -3.075000 7.175000 11.000000
v 3.975000 7.175000 11.000000
v 3.975000 -5.275000 11.100000
v 3.975000 -5.275000 11.050000
v -3.075000 -2.475000 11.100000
v -3.075000 -2.475000 11.050000
v 21.975000 -2.475000 11.100000
v 21.975000 -2.475000 11.050000
v -3.075000 7.025000 11.050000
v 3.975000 7.025000 11.050000
v 3.975000 -5.125000 11.150000
v 3.975000 -5.125000 11.100000
v -3.075000 -2.125000 11.150000
v -3.075000 -2.125000 11.100000
v 21.975000 -2.125000 11.150000
v 21.975000 -2.125000 11.100000
v -3.075000 6.825000 11.100000
v 3.975000 6.825000 11.100000
v 3.975000 -5.025000 11.200000
v 3.975000 -5.025000 11.150000
v -3.075000 -1.775000 11.200000
v -3.075000 -1.775000 11.150000
v 21.975000 -1.775000 11.200000
v 21.975000 -1.775000 11.150000
v -3.075000 6.675000 11.150000
v 3.975000 6.675000 11.150000
v 3.975000 -4.875000 11.250000
v 3.975000 -4.875000 11.200000
v -3.075000 -1.475000 11.250000
v -3.075000 -1.475000 11.200000
v 21.975000 -1.475000 11.250000
v 21.975000 -1.475000 11.200000
v -3.075000 6.475000 11.200000
v 3.975000 6.475000 11.200000
v 3.975000 -4.775000 11.300000
v 3.975000 -4.775000 11.250000
v -3.075000 -1.125000 11.300000
v -3.075000 -1.125000 11.250000
v 21.975000 -1.125000 11.300000
v 21.975000 -1.125000 11.250000
v -3.075000 6.275000 11.250000
v 3.975000 6.275000 11.250000
v 3.975000 -4.675000 11.350000
v 3.975000 -4.675000 11.300000
v -3.075000 -0.775000 11.350000
v -3.075000 -0.775000 11.300000
v 21.975000 -0.775000 11.350000
v 21.975000 -0.775000 11.300000
v -3.075000 6.125000 11.300000
v 3.975000 6.125000 11.300000
v 3.975000 -4.525000 11.400000
v 3.975000 -4.525000 11.350000
v -3.075000 5.925000 11.350000
v 3.975000 5.925000 11.350000
v 3.975000 -4.425000 11.450000
v 3.975000 -4.425000 11.400000
v -3.075000 5.725000 11.400000
v 3.975000 5.725000 11.400000
v 3.975000 -4.275000 11.500000
v 3.975000 -4.275000 11.450000
v -3.075000 5.575000 11.450000
v 3.975000 5.575000 11.450000
v 3.975000 -4.075000 11.550000
v 3.975000 -4.075000 11.500000
v -3.075000 5.375000 11.500000
v 3.975000 5.375000 11.500000
v 3.975000 -3.925000 11.600000
v 3.975000 -3.925000 11.550000
v -3.075000 5.175000 11.550000
v 3.975000 5.175000 11.550000
v 3.975000 -3.725000 11.650000
v 3.975000 -3.725000 11.600000
v -3.075000 5.025000 11.600000
v 3.975000 5.025000 11.600000
v 3.975000 -3.525000 11.700000
v 3.975000 -3.525000 11.650000
v -3.075000 4.725000 11.650000
v 3.975000 4.725000 11.650000
v 3.975000 -3.325000 11.750000
v 3.975000 -3.325000 11.700000
v -3.075000 4.325000 11.700000
v 3.975000 4.325000 11.700000
v 3.975000 -3.175000 11.800000
v 3.975000 -3.175000 11.750000
v -3.075000 3.975000 11.750000
v 3.975000 3.975000 11.750000
v 3.975000 -2.975000 11.850000
v 3.975000 -2.975000 11.800000
v -3.075000 3.575000 11.800000
v 3.975000 3.575000 11.800000
v 3.975000 -2.775000 11.900000
v 3.975000 -2.775000 11.850000
v -3.075000 3.225000 11.850000
v 3.975000 3.225000 11.850000
v 3.975000 -2.625000 11.950000
v 3.975000 -2.625000 11.900000
v -3.075000 2.825000 11.900000
v 3.975000 2.825000 11.900000
v 3.975000 -2.425000 12.000000
v 3.975000 -2.425000 11.950000
v 3.975000 -2.225000 12.050000
v 3.975000 -2.225000 12.000000
v 3.975000 -2.025000 12.100000
v 3.975000 -2.025000 12.050000
v 3.975000 -1.675000 12.150000
v 3.975000 -1.675000 12.100000
v 3.975000 -1.275000 12.200000
v 3.975000 -1.275000 12.150000
v 3.975000 -0.925000 12.250000
v 3.975000 -0.925000 12.200000
v 3.975000 -0.525000 12.300000
v 3.975000 -0.525000 12.250000
v 3.975000 -0.175000 12.350000
v 3.975000 -0.175000 12.300000
v 3.975000 0.225000 12.400000
v 3.975000 0.225000 12.350000
v -4.225000 6.525000 5.700000
v -4.225000 6.525000 4.250000
v -3.275000 6.525000 5.700000
v -3.275000 6.525000 4.250000
v -3.325000 6.525000 4.250000
v -4.225000 6.525000 -1.750000
v -4.225000 6.525000 -0.300000
v -3.275000 6.525000 -0.300000
v -3.275000 6.525000 -1.750000
v -3.325000 6.525000 -1.750000
v -4.225000 6.525000 1.250000
v -4.225000 6.525000 2.700000
v -3.275000 6.525000 2.700000
v -3.275000 6.525000 1.250000
v -3.325000 6.525000 1.250000
v -4.225000 6.525000 8.700000
v -4.225000 6.525000 7.250000
v -3.275000 6.525000 8.700000
v -3.275000 6.525000 7.250000
v -3.325000 6.525000 7.250000
v -13.225000 6.525000 5.700000
v -13.225000 6.525000 4.250000
v -12.275000 6.525000 5.700000
v -12.275000 6.525000 4.250000
v -12.325000 6.525000 4.250000
v -17.725000 6.525000 5.700000
v -17.725000 6.525000 4.250000
v -16.775000 6.525000 5.700000
v -16.775000 6.525000 4.250000
v -16.825000 6.525000 4.250000
v -13.225000 6.525000 -1.750000
v -13.225000 6.525000 -0.300000
v -12.275000 6.525000 -0.300000
v -12.275000 6.525000 -1.750000
v -12.325000 6.525000 -1.750000
v -13.225000 6.525000 1.250000
v -13.225000 6.525000 2.700000
v -12.275000 6.525000 2.700000
v -12.275000 6.525000 1.250000
v -12.325000 6.525000 1.250000
v -20.625000 6.525000 5.700000
v -20.625000 6.525000 4.250000
v -19.675000 6.525000 5.700000
v -19.675000 6.525000 4.250000
v -19.725000 6.525000 4.250000
v -16.225000 6.525000 5.700000
v -16.225000 6.525000 4.250000
v -15.275000 6.525000 5.700000
v -15.275000 6.525000 4.250000
v -15.325000 6.525000 4.250000
v -17.725000 6.525000 -1.750000
v -17.725000 6.525000 -0.300000
v -16.775000 6.525000 -0.300000
v -16.775000 6.525000 -1.750000
v -16.825000 6.525000 -1.750000
v -17.725000 6.525000 1.250000
v -17.725000 6.525000 2.700000
v -16.775000 6.525000 2.700000
v -16.775000 6.525000 1.250000
v -16.825000 6.525000 1.250000
v -19.225000 6.525000 5.700000
v -19.225000 6.525000 4.250000
v -18.275000 6.525000 5.700000
v -18.275000 6.525000 4.250000
v -18.325000 6.525000 4.250000
v -13.225000 6.525000 8.700000
v -13.225000 6.525000 7.250000
v -12.275000 6.525000 8.700000
v -12.275000 6.525000 7.250000
v -12.325000 6.525000 7.250000
v -16.225000 6.525000 -1.750000
v -16.225000 6.525000 -0.300000
v -15.275000 6.525000 -0.300000
v -15.275000 6.525000 -1.750000
v -15.325000 6.525000 -1.750000
v -19.225000 6.525000 1.250000
v -19.225000 6.525000 2.700000
v -18.275000 6.525000 2.700000
v -18.275000 6.525000 1.250000
v -18.325000 6.525000 1.250000
v -20.625000 6.525000 -1.750000
v -20.625000 6.525000 -0.300000
v -19.675000 6.525000 -0.300000
v -19.675000 6.525000 -1.750000
v -19.725000 6.525000 -1.750000
v -19.225000 6.525000 -1.750000
v -19.225000 6.525000 -0.300000
v -18.275000 6.525000 -0.300000
v -18.275000 6.525000 -1.750000
v -18.325000 6.525000 -1.750000
v -20.625000 6.525000 1.250000
v -20.625000 6.525000 2.700000
v -19.675000 6.525000 2.700000
v -19.675000 6.525000 1.250000
v -19.725000 6.525000 1.250000
v -17.725000 6.525000 8.700000
v -17.725000 6.525000 7.250000
v -16.775000 6.525000 8.700000
v -16.775000 6.525000 7.250000
v -16.825000 6.525000 7.250000
v -16.225000 6.525000 1.250000
v -16.225000 6.525000 2.700000
v -15.275000 6.525000 2.700000
v -15.275000 6.525000 1.250000
v -15.325000 6.525000 1.250000
v -14.725000 6.525000 5.700000
v -14.725000 6.525000 4.250000
v -13.775000 6.525000 5.700000
v -13.775000 6.525000 4.250000
v -13.825000 6.525000 4.250000
v -11.725000 6.525000 5.700000
v -11.725000 6.525000 4.250000
v -10.775000 6.525000 5.700000
v -10.775000 6.525000 4.250000
v -10.825000 6.525000 4.250000
v -10.225000 6.525000 5.700000
v -10.225000 6.525000 4.250000
v -9.275000 6.525000 5.700000
v -9.275000 6.525000 4.250000
v -9.325000 6.525000 4.250000
v -8.725000 6.525000 5.700000
v -8.725000 6.525000 4.250000
v -7.775000 6.525000 5.700000
v -7.775000 6.525000 4.250000
v -7.825000 6.525000 4.250000
v -7.225000 6.525000 5.700000
v -7.225000 6.525000 4.250000
v -6.275000 6.525000 5.700000
v -6.275000 6.525000 4.250000
v -6.325000 6.525000 4.250000
v -5.725000 6.525000 5.700000
v -5.725000 6.525000 4.250000
v -4.775000 6.525000 5.700000
v -4.775000 6.525000 4.250000
v -4.825000 6.525000 4.250000
v -20.625000 6.525000 8.700000
v -20.625000 6.525000 7.250000
v -19.675000 6.525000 8.700000
v -19.675000 6.525000 7.250000
v -19.725000 6.525000 7.250000
v -16.225000 6.525000 8.700000
v -16.225000 6.525000 7.250000
v -15.275000 6.525000 8.700000
v -15.275000 6.525000 7.250000
v -15.325000 6.525000 7.250000
v -14.725000 6.525000 -1.750000
v -14.725000 6.525000 -0.300000
v -13.775000 6.525000 -0.300000
v -13.775000 6.525000 -1.750000
v -13.825000 6.525000 -1.750000
v -11.725000 6.525000 -1.750000
v -11.725000 6.525000 -0.300000
v -10.775000 6.525000 -0.300000
v -10.775000 6.525000 -1.750000
v -10.825000 6.525000 -1.750000
v -14.725000 6.525000 1.250000
v -14.725000 6.525000 2.700000
v -13.775000 6.525000 2.700000
v -13.775000 6.525000 1.250000
v -13.825000 6.525000 1.250000
v -10.225000 6.525000 -1.750000
v -10.225000 6.525000 -0.300000
v -9.275000 6.525000 -0.300000
v -9.275000 6.525000 -1.750000
v -9.325000 6.525000 -1.750000
v -19.225000 6.525000 8.700000
v -19.225000 6.525000 7.250000
v -18.275000 6.525000 8.700000
v -18.275000 6.525000 7.250000
v -18.325000 6.525000 7.250000
v -8.725000 6.525000 -1.750000
v -8.725000 6.525000 -0.300000
v -7.775000 6.525000 -0.300000
v -7.775000 6.525000 -1.750000
v -7.825000 6.525000 -1.750000
v -11.725000 6.525000 1.250000
v -11.725000 6.525000 2.700000
v -10.775000 6.525000 2.700000
v -10.775000 6.525000 1.250000
v -10.825000 6.525000 1.250000
v -7.225000 6.525000 -1.750000
v -7.225000 6.525000 -0.300000
v -6.275000 6.525000 -0.300000
v -6.275000 6.525000 -1.750000
v -6.325000 6.525000 -1.750000
v -10.225000 6.525000 1.250000
v -10.225000 6.525000 2.700000
v -9.275000 6.525000 2.700000
v -9.275000 6.525000 1.250000
v -9.325000 6.525000 1.250000
v -5.725000 6.525000 -1.750000
v -5.725000 6.525000 -0.300000
v -4.775000 6.525000 -0.300000
v -4.775000 6.525000 -1.750000
v -4.825000 6.525000 -1.750000
v -8.725000 6.525000 1.250000
v -8.725000 6.525000 2.700000
v -7.775000 6.525000 2.700000
v -7.775000 6.525000 1.250000
v -7.825000 6.525000 1.250000
v -7.225000 6.525000 1.250000
v -7.225000 6.525000 2.700000
v -6.275000 6.525000 2.700000
v -6.275000 6.525000 1.250000
v -6.325000 6.525000 1.250000
v -5.725000 6.525000 1.250000
v -5.725000 6.525000 2.700000
v -4.775000 6.525000 2.700000
v -4.775000 6.525000 1.250000
v -4.825000 6.525000 1.250000
v -14.725000 6.525000 8.700000
v -14.725000 6.525000 7.250000
v -13.775000 6.525000 8.700000
v -13.775000 6.525000 7.250000
v -13.825000 6.525000 7.250000
v -5.725000 6.525000 8.700000
v -5.725000 6.525000 7.250000
v -4.775000 6.525000 8.700000
v -4.775000 6.525000 7.250000
v -4.825000 6.525000 7.250000
v -11.725000 6.525000 8.700000
v -11.725000 6.525000 7.250000
v -10.775000 6.525000 8.700000
v -10.775000 6.525000 7.250000
v -10.825000 6.525000 7.250000
v -10.225000 6.525000 8.700000
v -10.225000 6.525000 7.250000
v -9.275000 6.525000 8.700000
v -9.275000 6.525000 7.250000
v -9.325000 6.525000 7.250000
v -8.725000 6.525000 8.700000
v -8.725000 6.525000 7.250000
v -7.775000 6.525000 8.700000
v -7.775000 6.525000 7.250000
v -7.825000 6.525000 7.250000
v -7.225000 6.525000 8.700000
v -7.225000 6.525000 7.250000
v -6.275000 6.525000 8.700000
v -6.275000 6.525000 7.250000
v -6.325000 6.525000 7.250000
v -4.225000 6.375000 4.250000
v -4.225000 6.375000 5.650000
v -4.225000 6.375000 5.700000
v -4.225000 6.475000 5.700000
v -4.225000 6.475000 4.250000
v -3.275000 6.375000 4.250000
v -3.275000 6.375000 5.700000
v -3.275000 6.375000 5.650000
v -4.225000 6.375000 -1.750000
v -4.225000 6.375000 -0.350000
v -4.225000 6.375000 -0.300000
v -4.225000 6.475000 -0.300000
v -4.225000 6.475000 -1.750000
v -3.275000 6.375000 -1.750000
v -3.275000 6.375000 -0.300000
v -3.275000 6.375000 -0.350000
v -4.225000 6.375000 1.250000
v -4.225000 6.375000 2.650000
v -4.225000 6.375000 2.700000
v -4.225000 6.475000 2.700000
v -4.225000 6.475000 1.250000
v -3.275000 6.375000 1.250000
v -3.275000 6.375000 2.700000
v -3.275000 6.375000 2.650000
v -4.225000 6.375000 7.250000
v -4.225000 6.375000 8.650000
v -4.225000 6.375000 8.700000
v -4.225000 6.475000 8.700000
v -4.225000 6.475000 7.250000
v -3.275000 6.375000 7.250000
v -3.275000 6.375000 8.700000
v -3.275000 6.375000 8.650000
v -13.225000 6.375000 4.250000
v -13.225000 6.375000 5.650000
v -13.225000 6.375000 5.700000
v -13.225000 6.475000 5.700000
v -13.225000 6.475000 4.250000
v -12.275000 6.375000 4.250000
v -12.275000 6.375000 5.700000
v -12.275000 6.375000 5.650000
v -17.725000 6.375000 4.250000
v -17.725000 6.375000 5.650000
v -17.725000 6.375000 5.700000
v -17.725000 6.475000 5.700000
v -17.725000 6.475000 4.250000
v -16.775000 6.375000 4.250000
v -16.775000 6.375000 5.700000
v -16.775000 6.375000 5.650000
v -13.225000 6.375000 -1.750000
v -13.225000 6.375000 -0.350000
v -13.225000 6.375000 -0.300000
v -13.225000 6.475000 -0.300000
v -13.225000 6.475000 -1.750000
v -12.275000 6.375000 -1.750000
v -12.275000 6.375000 -0.300000
v -12.275000 6.375000 -0.350000
v -13.225000 6.375000 1.250000
v -13.225000 6.375000 2.650000
v -13.225000 6.375000 2.700000
v -13.225000 6.475000 2.700000
v -13.225000 6.475000 1.250000
v -12.275000 6.375000 1.250000
v -12.275000 6.375000 2.700000
v -12.275000 6.375000 2.650000
v -20.625000 6.375000 4.250000
v -20.625000 6.375000 5.650000
v -20.625000 6.375000 5.700000
v -20.625000 6.475000 5.700000
v -20.625000 6.475000 4.250000
v -19.675000 6.375000 4.250000
v -19.675000 6.375000 5.700000
v -19.675000 6.375000 5.650000
v -16.225000 6.375000 4.250000
v -16.225000 6.375000 5.650000
v -16.225000 6.375000 5.700000
v -16.225000 6.475000 5.700000
v -16.225000 6.475000 4.250000
v -15.275000 6.375000 4.250000
v -15.275000 6.375000 5.700000
v -15.275000 6.375000 5.650000
v -17.725000 6.375000 -1.750000
v -17.725000 6.375000 -0.350000
v -17.725000 6.375000 -0.300000
v -17.725000 6.475000 -0.300000
v -17.725000 6.475000 -1.750000
v -16.775000 6.375000 -1.750000
v -16.775000 6.375000 -0.300000
v -16.775000 6.375000 -0.350000
v -17.725000 6.375000 1.250000
v -17.725000 6.375000 2.650000
v -17.725000 6.375000 2.700000
v -17.725000 6.475000 2.700000
v -17.725000 6.475000 1.250000
v -16.775000 6.375000 1.250000
v -16.775000 6.375000 2.700000
v -16.775000 6.375000 2.650000
v -19.225000 6.375000 4.250000
v -19.225000 6.375000 5.650000
v -19.225000 6.375000 5.700000
v -19.225000 6.475000 5.700000
v -19.225000 6.475000 4.250000
v -18.275000 6.375000 4.250000
v -18.275000 6.375000 5.700000
v -18.275000 6.375000 5.650000
v -13.225000 6.375000 7.250000
v -13.225000 6.375000 8.650000
v -13.225000 6.375000 8.700000
v -13.225000 6.475000 8.700000
v -13.225000 6.475000 7.250000
v -12.275000 6.375000 7.250000
v -12.275000 6.375000 8.700000
v -12.275000 6.375000 8.650000
v -16.225000 6.375000 -1.750000
v -16.225000 6.375000 -0.350000
v -16.225000 6.375000 -0.300000
v -16.225000 6.475000 -0.300000
v -16.225000 6.475000 -1.750000
v -15.275000 6.375000 -1.750000
v -15.275000 6.375000 -0.300000
v -15.275000 6.375000 -0.350000
v -19.225000 6.375000 1.250000
v -19.225000 6.375000 2.650000
v -19.225000 6.375000 2.700000
v -19.225000 6.475000 2.700000
v -19.225000 6.475000 1.250000
v -18.275000 6.375000 1.250000
v -18.275000 6.375000 2.700000
v -18.275000 6.375000 2.650000
v -20.625000 6.375000 -1.750000
v -20.625000 6.375000 -0.350000
v -20.625000 6.375000 -0.300000
v -20.625000 6.475000 -0.300000
v -20.625000 6.475000 -1.750000
v -19.675000 6.375000 -1.750000
v -19.675000 6.375000 -0.300000
v -19.675000 6.375000 -0.350000
v -19.225000 6.375000 -1.750000
v -19.225000 6.375000 -0.350000
v -19.225000 6.375000 -0.300000
v -19.225000 6.475000 -0.300000
v -19.225000 6.475000 -1.750000
v -18.275000 6.375000 -1.750000
v -18.275000 6.375000 -0.300000
v -18.275000 6.375000 -0.350000
v -20.625000 6.375000 1.250000
v -20.625000 6.375000 2.650000
v -20.625000 6.375000 2.700000
v -20.625000 6.475000 2.700000
v -20.625000 6.475000 1.250000
v -19.675000 6.375000 1.250000
v -19.675000 6.375000 2.700000
v -19.675000 6.375000 2.650000
v -17.725000 6.375000 7.250000
v -17.725000 6.375000 8.650000
v -17.725000 6.375000 8.700000
v -17.725000 6.475000 8.700000
v -17.725000 6.475000 7.250000
v -16.775000 6.375000 7.250000
v -16.775000 6.375000 8.700000
v -16.775000 6.375000 8.650000
v -16.225000 6.375000 1.250000
v -16.225000 6.375000 2.650000
v -16.225000 6.375000 2.700000
v -16.225000 6.475000 2.700000
v -16.225000 6.475000 1.250000
v -15.275000 6.375000 1.250000
v -15.275000 6.375000 2.700000
v -15.275000 6.375000 2.650000
v -14.725000 6.375000 4.250000
v -14.725000 6.375000 5.650000
v -14.725000 6.375000 5.700000
v -14.725000 6.475000 5.700000
v -14.725000 6.475000 4.250000
v -13.775000 6.375000 4.250000
v -13.775000 6.375000 5.700000
v -13.775000 6.375000 5.650000
v -11.725000 6.375000 4.250000
v -11.725000 6.375000 5.650000
v -11.725000 6.375000 5.700000
v -11.725000 6.475000 5.700000
v -11.725000 6.475000 4.250000
v -10.775000 6.375000 4.250000
v -10.775000 6.375000 5.700000
v -10.775000 6.375000 5.650000
v -10.225000 6.375000 4.250000
v -10.225000 6.375000 5.650000
v -10.225000 6.375000 5.700000
v -10.225000 6.475000 5.700000
v -10.225000 6.475000 4.250000
v -9.275000 6.375000 4.250000
v -9.275000 6.375000 5.700000
v -9.275000 6.375000 5.650000
v -8.725000 6.375000 4.250000
v -8.725000 6.375000 5.650000
v -8.725000 6.375000 5.700000
v -8.725000 6.475000 5.700000
v -8.725000 6.475000 4.250000
v -7.775000 6.375000 4.250000
v -7.775000 6.375000 5.700000
v -7.775000 6.375000 5.650000
v -7.225000 6.375000 4.250000
v -7.225000 6.375000 5.650000
v -7.225000 6.375000 5.700000
v -7.225000 6.475000 5.700000
v -7.225000 6.475000 4.250000
v -6.275000 6.375000 4.250000
v -6.275000 6.375000 5.700000
v -6.275000 6.375000 5.650000
v -5.725000 6.375000 4.250000
v -5.725000 6.375000 5.650000
v -5.725000 6.375000 5.700000
v -5.725000 6.475000 5.700000
v -5.725000 6.475000 4.250000
v -4.775000 6.375000 4.250000
v -4.775000 6.375000 5.700000
v -4.775000 6.375000 5.650000
v -20.625000 6.375000 7.250000
v -20.625000 6.375000 8.650000
v -20.625000 6.375000 8.700000
v -20.625000 6.475000 8.700000
v -20.625000 6.475000 7.250000
v -19.675000 6.375000 7.250000
v -19.675000 6.375000 8.700000
v -19.675000 6.375000 8.650000
v -16.225000 6.375000 7.250000
v -16.225000 6.375000 8.650000
v -16.225000 6.375000 8.700000
v -16.225000 6.475000 8.700000
v -16.225000 6.475000 7.250000
v -15.275000 6.375000 7.250000
v -15.275000 6.375000 8.700000
v -15.275000 6.375000 8.650000
v -14.725000 6.375000 -1.750000
v -14.725000 6.375000 -0.350000
v -14.725000 6.375000 -0.300000
v -14.725000 6.475000 -0.300000
v -14.725000 6.475000 -1.750000
v -13.775000 6.375000 -1.750000
v -13.775000 6.375000 -0.300000
v -13.775000 6.375000 -0.350000
v -11.725000 6.375000 -1.750000
v -11.725000 6.375000 -0.350000
v -11.725000 6.375000 -0.300000
v -11.725000 6.475000 -0.300000
v -11.725000 6.475000 -1.750000
v -10.775000 6.375000 -1.750000
v -10.775000 6.375000 -0.300000
v -10.775000 6.375000 -0.350000
v -14.725000 6.375000 1.250000
v -14.725000 6.375000 2.650000
v -14.725000 6.375000 2.700000
v -14.725000 6.475000 2.700000
v -14.725000 6.475000 1.250000
v -13.775000 6.375000 1.250000
v -13.775000 6.375000 2.700000
v -13.775000 6.375000 2.650000
v -10.225000 6.375000 -1.750000
v -10.225000 6.375000 -0.350000
v -10.225000 6.375000 -0.300000
v -10.225000 6.475000 -0.300000
v -10.225000 6.475000 -1.750000
v -9.275000 6.375000 -1.750000
v -9.275000 6.375000 -0.300000
v -9.275000 6.375000 -0.350000
v -19.225000 6.375000 7.250000
v -19.225000 6.375000 8.650000
v -19.225000 6.375000 8.700000
v -19.225000 6.475000 8.700000
v -19.225000 6.475000 7.250000
v -18.275000 6.375000 7.250000
v -18.275000 6.375000 8.700000
v -18.275000 6.375000 8.650000
v -8.725000 6.375000 -1.750000
v -8.725000 6.375000 -0.350000
v -8.725000 6.375000 -0.300000
v -8.725000 6.475000 -0.300000
v -8.725000 6.475000 -1.750000
v -7.775000 6.375000 -1.750000
v -7.775000 6.375000 -0.300000
v -7.775000 6.375000 -0.350000
v -11.725000 6.375000 1.250000
v -11.725000 6.375000 2.650000
v -11.725000 6.375000 2.700000
v -11.725000 6.475000 2.700000
v -11.725000 6.475000 1.250000
v -10.775000 6.375000 1.250000
v -10.775000 6.375000 2.700000
v -10.775000 6.375000 2.650000
v -7.225000 6.375000 -1.750000
v -7.225000 6.375000 -0.350000
v -7.225000 6.375000 -0.300000
v -7.225000 6.475000 -0.300000
v -7.225000 6.475000 -1.750000
v -6.275000 6.375000 -1.750000
v -6.275000 6.375000 -0.300000
v -6.275000 6.375000 -0.350000
v -10.225000 6.375000 1.250000
v -10.225000 6.375000 2.650000
v -10.225000 6.375000 2.700000
v -10.225000 6.475000 2.700000
v -10.225000 6.475000 1.250000
v -9.275000 6.375000 1.250000
v -9.275000 6.375000 2.700000
v -9.275000 6.375000 2.650000
v -5.725000 6.375000 -1.750000
v -5.725000 6.375000 -0.350000
v -5.725000 6.375000 -0.300000
v -5.725000 6.475000 -0.300000
v -5.725000 6.475000 -1.750000
v -4.775000 6.375000 -1.750000
v -4.775000 6.375000 -0.300000
v -4.775000 6.375000 -0.350000
v -8.725000 6.375000 1.250000
v -8.725000 6.375000 2.650000
v -8.725000 6.375000 2.700000
v -8.725000 6.475000 2.700000
v -8.725000 6.475000 1.250000
v -7.775000 6.375000 1.250000
v -7.775000 6.375000 2.700000
v -7.775000 6.375000 2.650000
v -7.225000 6.375000 1.250000
v -7.225000 6.375000 2.650000
v -7.225000 6.375000 2.700000
v -7.225000 6.475000 2.700000
v -7.225000 6.475000 1.250000
v -6.275000 6.375000 1.250000
v -6.275000 6.375000 2.700000
v -6.275000 6.375000 2.650000
v -5.725000 6.375000 1.250000
v -5.725000 6.375000 2.650000
v -5.725000 6.375000 2.700000
v -5.725000 6.475000 2.700000
v -5.725000 6.475000 1.250000
v -4.775000 6.375000 1.250000
v -4.775000 6.375000 2.700000
v -4.775000 6.375000 2.650000
v -14.725000 6.375000 7.250000
v -14.725000 6.375000 8.650000
v -14.725000 6.375000 8.700000
v -14.725000 6.475000 8.700000
v -14.725000 6.475000 7.250000
v -13.775000 6.375000 7.250000
v -13.775000 6.375000 8.700000
v -13.775000 6.375000 8.650000
v -5.725000 6.375000 7.250000
v -5.725000 6.375000 8.650000
v -5.725000 6.375000 8.700000
v -5.725000 6.475000 8.700000
v -5.725000 6.475000 7.250000
v -4.775000 6.375000 7.250000
v -4.775000 6.375000 8.700000
v -4.775000 6.375000 8.650000
v -11.725000 6.375000 7.250000
v -11.725000 6.375000 8.650000
v -11.725000 6.375000 8.700000
v -11.725000 6.475000 8.700000
v -11.725000 6.475000 7.250000
v -10.775000 6.375000 7.250000
v -10.775000 6.375000 8.700000
v -10.775000 6.375000 8.650000
v -10.225000 6.375000 7.250000
v -10.225000 6.375000 8.650000
v -10.225000 6.375000 8.700000
v -10.225000 6.475000 8.700000
v -10.225000 6.475000 7.250000
v -9.275000 6.375000 7.250000
v -9.275000 6.375000 8.700000
v -9.275000 6.375000 8.650000
v -8.725000 6.375000 7.250000
v -8.725000 6.375000 8.650000
v -8.725000 6.375000 8.700000
v -8.725000 6.475000 8.700000
v -8.725000 6.475000 7.250000
v -7.775000 6.375000 7.250000
v -7.775000 6.375000 8.700000
v -7.775000 6.375000 8.650000
v -7.225000 6.375000 7.250000
v -7.225000 6.375000 8.650000
v -7.225000 6.375000 8.700000
v -7.225000 6.475000 8.700000
v -7.225000 6.475000 7.250000
v -6.275000 6.375000 7.250000
v -6.275000 6.375000 8.700000
v -6.275000 6.375000 8.650000
v 3.075000 6.525000 9.500000
v 9.275000 6.525000 5.700000
v 9.275000 6.525000 4.250000
v 10.225000 6.525000 5.700000
v 10.225000 6.525000 4.250000
v 10.175000 6.525000 4.250000
v 19.675000 6.525000 5.700000
v 19.675000 6.525000 4.250000
v 20.625000 6.525000 5.700000
v 20.625000 6.525000 4.250000
v 20.575000 6.525000 4.250000
v 3.275000 6.525000 5.700000
v 3.275000 6.525000 4.250000
v 4.225000 6.525000 5.700000
v 4.225000 6.525000 4.250000
v 4.175000 6.525000 4.250000
v 4.775000 6.525000 5.700000
v 4.775000 6.525000 4.250000
v 5.725000 6.525000 5.700000
v 5.725000 6.525000 4.250000
v 5.675000 6.525000 4.250000
v 6.275000 6.525000 5.700000
v 6.275000 6.525000 4.250000
v 7.225000 6.525000 5.700000
v 7.225000 6.525000 4.250000
v 7.175000 6.525000 4.250000
v 7.775000 6.525000 5.700000
v 7.775000 6.525000 4.250000
v 8.725000 6.525000 5.700000
v 8.725000 6.525000 4.250000
v 8.675000 6.525000 4.250000
v 10.775000 6.525000 5.700000
v 10.775000 6.525000 4.250000
v 11.725000 6.525000 5.700000
v 11.725000 6.525000 4.250000
v 11.675000 6.525000 4.250000
v 12.275000 6.525000 5.700000
v 12.275000 6.525000 4.250000
v 13.225000 6.525000 5.700000
v 13.225000 6.525000 4.250000
v 13.175000 6.525000 4.250000
v 13.775000 6.525000 5.700000
v 13.775000 6.525000 4.250000
v 14.725000 6.525000 5.700000
v 14.725000 6.525000 4.250000
v 14.675000 6.525000 4.250000
v 15.275000 6.525000 5.700000
v 15.275000 6.525000 4.250000
v 16.225000 6.525000 5.700000
v 16.225000 6.525000 4.250000
v 16.175000 6.525000 4.250000
v 3.275000 6.525000 -1.750000
v 3.275000 6.525000 -0.300000
v 4.225000 6.525000 -0.300000
v 4.225000 6.525000 -1.750000
v 4.175000 6.525000 -1.750000
v 4.775000 6.525000 -1.750000
v 4.775000 6.525000 -0.300000
v 5.725000 6.525000 -0.300000
v 5.725000 6.525000 -1.750000
v 5.675000 6.525000 -1.750000
v 6.275000 6.525000 -1.750000
v 6.275000 6.525000 -0.300000
v 7.225000 6.525000 -0.300000
v 7.225000 6.525000 -1.750000
v 7.175000 6.525000 -1.750000
v 3.275000 6.525000 1.250000
v 3.275000 6.525000 2.700000
v 4.225000 6.525000 2.700000
v 4.225000 6.525000 1.250000
v 4.175000 6.525000 1.250000
v 7.775000 6.525000 -1.750000
v 7.775000 6.525000 -0.300000
v 8.725000 6.525000 -0.300000
v 8.725000 6.525000 -1.750000
v 8.675000 6.525000 -1.750000
v 4.775000 6.525000 1.250000
v 4.775000 6.525000 2.700000
v 5.725000 6.525000 2.700000
v 5.725000 6.525000 1.250000
v 5.675000 6.525000 1.250000
v 9.275000 6.525000 -1.750000
v 9.275000 6.525000 -0.300000
v 10.225000 6.525000 -0.300000
v 10.225000 6.525000 -1.750000
v 10.175000 6.525000 -1.750000
v 6.275000 6.525000 1.250000
v 6.275000 6.525000 2.700000
v 7.225000 6.525000 2.700000
v 7.225000 6.525000 1.250000
v 7.175000 6.525000 1.250000
v 10.775000 6.525000 -1.750000
v 10.775000 6.525000 -0.300000
v 11.725000 6.525000 -0.300000
v 11.725000 6.525000 -1.750000
v 11.675000 6.525000 -1.750000
v 12.275000 6.525000 -1.750000
v 12.275000 6.525000 -0.300000
v 13.225000 6.525000 -0.300000
v 13.225000 6.525000 -1.750000
v 13.175000 6.525000 -1.750000
v 13.775000 6.525000 -1.750000
v 13.775000 6.525000 -0.300000
v 14.725000 6.525000 -0.300000
v 14.725000 6.525000 -1.750000
v 14.675000 6.525000 -1.750000
v 10.775000 6.525000 1.250000
v 10.775000 6.525000 2.700000
v 11.725000 6.525000 2.700000
v 11.725000 6.525000 1.250000
v 11.675000 6.525000 1.250000
v 15.275000 6.525000 -1.750000
v 15.275000 6.525000 -0.300000
v 16.225000 6.525000 -0.300000
v 16.225000 6.525000 -1.750000
v 16.175000 6.525000 -1.750000
v 12.275000 6.525000 1.250000
v 12.275000 6.525000 2.700000
v 13.225000 6.525000 2.700000
v 13.225000 6.525000 1.250000
v 13.175000 6.525000 1.250000
v 13.775000 6.525000 1.250000
v 13.775000 6.525000 2.700000
v 14.725000 6.525000 2.700000
v 14.725000 6.525000 1.250000
v 14.675000 6.525000 1.250000
v 15.275000 6.525000 1.250000
v 15.275000 6.525000 2.700000
v 16.225000 6.525000 2.700000
v 16.225000 6.525000 1.250000
v 16.175000 6.525000 1.250000
v 19.675000 6.525000 -1.750000
v 19.675000 6.525000 -0.300000
v 20.625000 6.525000 -0.300000
v 20.625000 6.525000 -1.750000
v 20.575000 6.525000 -1.750000
v 19.675000 6.525000 1.250000
v 19.675000 6.525000 2.700000
v 20.625000 6.525000 2.700000
v 20.625000 6.525000 1.250000
v 20.575000 6.525000 1.250000
v 3.275000 6.525000 8.700000
v 3.275000 6.525000 7.250000
v 4.225000 6.525000 8.700000
v 4.225000 6.525000 7.250000
v 4.175000 6.525000 7.250000
v 4.775000 6.525000 8.700000
v 4.775000 6.525000 7.250000
v 5.725000 6.525000 8.700000
v 5.725000 6.525000 7.250000
v 5.675000 6.525000 7.250000
v 6.275000 6.525000 8.700000
v 6.275000 6.525000 7.250000
v 7.225000 6.525000 8.700000
v 7.225000 6.525000 7.250000
v 7.175000 6.525000 7.250000
v 7.775000 6.525000 8.700000
v 7.775000 6.525000 7.250000
v 8.725000 6.525000 8.700000
v 8.725000 6.525000 7.250000
v 8.675000 6.525000 7.250000
v 10.775000 6.525000 8.700000
v 10.775000 6.525000 7.250000
v 11.725000 6.525000 8.700000
v 11.725000 6.525000 7.250000
v 11.675000 6.525000 7.250000
v 12.275000 6.525000 8.700000
v 12.275000 6.525000 7.250000
v 13.225000 6.525000 8.700000
v 13.225000 6.525000 7.250000
v 13.175000 6.525000 7.250000
v 13.775000 6.525000 8.700000
v 13.775000 6.525000 7.250000
v 14.725000 6.525000 8.700000
v 14.725000 6.525000 7.250000
v 14.675000 6.525000 7.250000
v 15.275000 6.525000 8.700000
v 15.275000 6.525000 7.250000
v 16.225000 6.525000 8.700000
v 16.225000 6.525000 7.250000
v 16.175000 6.525000 7.250000
v 19.675000 6.525000 8.700000
v 19.675000 6.525000 7.250000
v 20.625000 6.525000 8.700000
v 20.625000 6.525000 7.250000
v 20.575000 6.525000 7.250000
v 9.275000 6.525000 8.700000
v 9.275000 6.525000 7.250000
v 10.225000 6.525000 8.700000
v 10.225000 6.525000 7.250000
v 10.175000 6.525000 7.250000
v 7.775000 6.525000 1.250000
v 7.775000 6.525000 2.700000
v 8.725000 6.525000 2.700000
v 8.725000 6.525000 1.250000
v 8.675000 6.525000 1.250000
v 9.275000 6.525000 1.250000
v 9.275000 6.525000 2.700000
v 10.225000 6.525000 2.700000
v 10.225000 6.525000 1.250000
v 10.175000 6.525000 1.250000
v 16.775000 6.525000 5.700000
v 16.775000 6.525000 4.250000
v 17.725000 6.525000 5.700000
v 17.725000 6.525000 4.250000
v 17.675000 6.525000 4.250000
v 18.275000 6.525000 5.700000
v 18.275000 6.525000 4.250000
v 19.225000 6.525000 5.700000
v 19.225000 6.525000 4.250000
v 19.175000 6.525000 4.250000
v 16.775000 6.525000 -1.750000
v 16.775000 6.525000 -0.300000
v 17.725000 6.525000 -0.300000
v 17.725000 6.525000 -1.750000
v 17.675000 6.525000 -1.750000
v 18.275000 6.525000 -1.750000
v 18.275000 6.525000 -0.300000
v 19.225000 6.525000 -0.300000
v 19.225000 6.525000 -1.750000
v 19.175000 6.525000 -1.750000
v 16.775000 6.525000 1.250000
v 16.775000 6.525000 2.700000
v 17.725000 6.525000 2.700000
v 17.725000 6.525000 1.250000
v 17.675000 6.525000 1.250000
v 18.275000 6.525000 1.250000
v 18.275000 6.525000 2.700000
v 19.225000 6.525000 2.700000
v 19.225000 6.525000 1.250000
v 19.175000 6.525000 1.250000
v 16.775000 6.525000 8.700000
v 16.775000 6.525000 7.250000
v 17.725000 6.525000 8.700000
v 17.725000 6.525000 7.250000
v 17.675000 6.525000 7.250000
v 18.275000 6.525000 8.700000
v 18.275000 6.525000 7.250000
v 19.225000 6.525000 8.700000
v 19.225000 6.525000 7.250000
v 19.175000 6.525000 7.250000
v 9.275000 6.375000 4.250000
v 9.275000 6.375000 5.650000
v 9.275000 6.375000 5.700000
v 9.275000 6.475000 5.700000
v 9.275000 6.475000 4.250000
v 10.225000 6.375000 4.250000
v 10.225000 6.375000 5.700000
v 10.225000 6.375000 5.650000
v 19.675000 6.375000 4.250000
v 19.675000 6.375000 5.650000
v 19.675000 6.375000 5.700000
v 19.675000 6.475000 5.700000
v 19.675000 6.475000 4.250000
v 20.625000 6.375000 4.250000
v 20.625000 6.375000 5.700000
v 20.625000 6.375000 5.650000
v 3.275000 6.375000 4.250000
v 3.275000 6.375000 5.650000
v 3.275000 6.375000 5.700000
v 3.275000 6.475000 5.700000
v 3.275000 6.475000 4.250000
v 4.225000 6.375000 4.250000
v 4.225000 6.375000 5.700000
v 4.225000 6.375000 5.650000
v 4.775000 6.375000 4.250000
v 4.775000 6.375000 5.650000
v 4.775000 6.375000 5.700000
v 4.775000 6.475000 5.700000
v 4.775000 6.475000 4.250000
v 5.725000 6.375000 4.250000
v 5.725000 6.375000 5.700000
v 5.725000 6.375000 5.650000
v 6.275000 6.375000 4.250000
v 6.275000 6.375000 5.650000
v 6.275000 6.375000 5.700000
v 6.275000 6.475000 5.700000
v 6.275000 6.475000 4.250000
v 7.225000 6.375000 4.250000
v 7.225000 6.375000 5.700000
v 7.225000 6.375000 5.650000
v 7.775000 6.375000 4.250000
v 7.775000 6.375000 5.650000
v 7.775000 6.375000 5.700000
v 7.775000 6.475000 5.700000
v 7.775000 6.475000 4.250000
v 8.725000 6.375000 4.250000
v 8.725000 6.375000 5.700000
v 8.725000 6.375000 5.650000
v 10.775000 6.375000 4.250000
v 10.775000 6.375000 5.650000
v 10.775000 6.375000 5.700000
v 10.775000 6.475000 5.700000
v 10.775000 6.475000 4.250000
v 11.725000 6.375000 4.250000
v 11.725000 6.375000 5.700000
v 11.725000 6.375000 5.650000
v 12.275000 6.375000 4.250000
v 12.275000 6.375000 5.650000
v 12.275000 6.375000 5.700000
v 12.275000 6.475000 5.700000
v 12.275000 6.475000 4.250000
v 13.225000 6.375000 4.250000
v 13.225000 6.375000 5.700000
v 13.225000 6.375000 5.650000
v 13.775000 6.375000 4.250000
v 13.775000 6.375000 5.650000
v 13.775000 6.375000 5.700000
v 13.775000 6.475000 5.700000
v 13.775000 6.475000 4.250000
v 14.725000 6.375000 4.250000
v 14.725000 6.375000 5.700000
v 14.725000 6.375000 5.650000
v 15.275000 6.375000 4.250000
v 15.275000 6.375000 5.650000
v 15.275000 6.375000 5.700000
v 15.275000 6.475000 5.700000
v 15.275000 6.475000 4.250000
v 16.225000 6.375000 4.250000
v 16.225000 6.375000 5.700000
v 16.225000 6.375000 5.650000
v 3.275000 6.375000 -1.750000
v 3.275000 6.375000 -0.350000
v 3.275000 6.375000 -0.300000
v 3.275000 6.475000 -0.300000
v 3.275000 6.475000 -1.750000
v 4.225000 6.375000 -1.750000
v 4.225000 6.375000 -0.300000
v 4.225000 6.375000 -0.350000
v 4.775000 6.375000 -1.750000
v 4.775000 6.375000 -0.350000
v 4.775000 6.375000 -0.300000
v 4.775000 6.475000 -0.300000
v 4.775000 6.475000 -1.750000
v 5.725000 6.375000 -1.750000
v 5.725000 6.375000 -0.300000
v 5.725000 6.375000 -0.350000
v 6.275000 6.375000 -1.750000
v 6.275000 6.375000 -0.350000
v 6.275000 6.375000 -0.300000
v 6.275000 6.475000 -0.300000
v 6.275000 6.475000 -1.750000
v 7.225000 6.375000 -1.750000
v 7.225000 6.375000 -0.300000
v 7.225000 6.375000 -0.350000
v 3.275000 6.375000 1.250000
v 3.275000 6.375000 2.650000
v 3.275000 6.375000 2.700000
v 3.275000 6.475000 2.700000
v 3.275000 6.475000 1.250000
v 4.225000 6.375000 1.250000
v 4.225000 6.375000 2.700000
v 4.225000 6.375000 2.650000
v 7.775000 6.375000 -1.750000
v 7.775000 6.375000 -0.350000
v 7.775000 6.375000 -0.300000
v 7.775000 6.475000 -0.300000
v 7.775000 6.475000 -1.750000
v 8.725000 6.375000 -1.750000
v 8.725000 6.375000 -0.300000
v 8.725000 6.375000 -0.350000
v 4.775000 6.375000 1.250000
v 4.775000 6.375000 2.650000
v 4.775000 6.375000 2.700000
v 4.775000 6.475000 2.700000
v 4.775000 6.475000 1.250000
v 5.725000 6.375000 1.250000
v 5.725000 6.375000 2.700000
v 5.725000 6.375000 2.650000
v 9.275000 6.375000 -1.750000
v 9.275000 6.375000 -0.350000
v 9.275000 6.375000 -0.300000
v 9.275000 6.475000 -0.300000
v 9.275000 6.475000 -1.750000
v 10.225000 6.375000 -1.750000
v 10.225000 6.375000 -0.300000
v 10.225000 6.375000 -0.350000
v 6.275000 6.375000 1.250000
v 6.275000 6.375000 2.650000
v 6.275000 6.375000 2.700000
v 6.275000 6.475000 2.700000
v 6.275000 6.475000 1.250000
v 7.225000 6.375000 1.250000
v 7.225000 6.375000 2.700000
v 7.225000 6.375000 2.650000
v 10.775000 6.375000 -1.750000
v 10.775000 6.375000 -0.350000
v 10.775000 6.375000 -0.300000
v 10.775000 6.475000 -0.300000
v 10.775000 6.475000 -1.750000
v 11.725000 6.375000 -1.750000
v 11.725000 6.375000 -0.300000
v 11.725000 6.375000 -0.350000
v 12.275000 6.375000 -1.750000
v 12.275000 6.375000 -0.350000
v 12.275000 6.375000 -0.300000
v 12.275000 6.475000 -0.300000
v 12.275000 6.475000 -1.750000
v 13.225000 6.375000 -1.750000
v 13.225000 6.375000 -0.300000
v 13.225000 6.375000 -0.350000
v 13.775000 6.375000 -1.750000
v 13.775000 6.375000 -0.350000
v 13.775000 6.375000 -0.300000
v 13.775000 6.475000 -0.300000
v 13.775000 6.475000 -1.750000
v 14.725000 6.375000 -1.750000
v 14.725000 6.375000 -0.300000
v 14.725000 6.375000 -0.350000
v 10.775000 6.375000 1.250000
v 10.775000 6.375000 2.650000
v 10.775000 6.375000 2.700000
v 10.775000 6.475000 2.700000
v 10.775000 6.475000 1.250000
v 11.725000 6.375000 1.250000
v 11.725000 6.375000 2.700000
v 11.725000 6.375000 2.650000
v 15.275000 6.375000 -1.750000
v 15.275000 6.375000 -0.350000
v 15.275000 6.375000 -0.300000
v 15.275000 6.475000 -0.300000
v 15.275000 6.475000 -1.750000
v 16.225000 6.375000 -1.750000
v 16.225000 6.375000 -0.300000
v 16.225000 6.375000 -0.350000
v 12.275000 6.375000 1.250000
v 12.275000 6.375000 2.650000
v 12.275000 6.375000 2.700000
v 12.275000 6.475000 2.700000
v 12.275000 6.475000 1.250000
v 13.225000 6.375000 1.250000
v 13.225000 6.375000 2.700000
v 13.225000 6.375000 2.650000
v 13.775000 6.375000 1.250000
v 13.775000 6.375000 2.650000
v 13.775000 6.375000 2.700000
v 13.775000 6.475000 2.700000
v 13.775000 6.475000 1.250000
v 14.725000 6.375000 1.250000
v 14.725000 6.375000 2.700000
v 14.725000 6.375000 2.650000
v 15.275000 6.375000 1.250000
v 15.275000 6.375000 2.650000
v 15.275000 6.375000 2.700000
v 15.275000 6.475000 2.700000
v 15.275000 6.475000 1.250000
v 16.225000 6.375000 1.250000
v 16.225000 6.375000 2.700000
v 16.225000 6.375000 2.650000
v 19.675000 6.375000 -1.750000
v 19.675000 6.375000 -0.350000
v 19.675000 6.375000 -0.300000
v 19.675000 6.475000 -0.300000
v 19.675000 6.475000 -1.750000
v 20.625000 6.375000 -1.750000
v 20.625000 6.375000 -0.300000
v 20.625000 6.375000 -0.350000
v 19.675000 6.375000 1.250000
v 19.675000 6.375000 2.650000
v 19.675000 6.375000 2.700000
v 19.675000 6.475000 2.700000
v 19.675000 6.475000 1.250000
v 20.625000 6.375000 1.250000
v 20.625000 6.375000 2.700000
v 20.625000 6.375000 2.650000
v 3.275000 6.375000 7.250000
v 3.275000 6.375000 8.650000
v 3.275000 6.375000 8.700000
v 3.275000 6.475000 8.700000
v 3.275000 6.475000 7.250000
v 4.225000 6.375000 7.250000
v 4.225000 6.375000 8.700000
v 4.225000 6.375000 8.650000
v 4.775000 6.375000 7.250000
v 4.775000 6.375000 8.650000
v 4.775000 6.375000 8.700000
v 4.775000 6.475000 8.700000
v 4.775000 6.475000 7.250000
v 5.725000 6.375000 7.250000
v 5.725000 6.375000 8.700000
v 5.725000 6.375000 8.650000
v 6.275000 6.375000 7.250000
v 6.275000 6.375000 8.650000
v 6.275000 6.375000 8.700000
v 6.275000 6.475000 8.700000
v 6.275000 6.475000 7.250000
v 7.225000 6.375000 7.250000
v 7.225000 6.375000 8.700000
v 7.225000 6.375000 8.650000
v 7.775000 6.375000 7.250000
v 7.775000 6.375000 8.650000
v 7.775000 6.375000 8.700000
v 7.775000 6.475000 8.700000
v 7.775000 6.475000 7.250000
v 8.725000 6.375000 7.250000
v 8.725000 6.375000 8.700000
v 8.725000 6.375000 8.650000
v 10.775000 6.375000 7.250000
v 10.775000 6.375000 8.650000
v 10.775000 6.375000 8.700000
v 10.775000 6.475000 8.700000
v 10.775000 6.475000 7.250000
v 11.725000 6.375000 7.250000
v 11.725000 6.375000 8.700000
v 11.725000 6.375000 8.650000
v 12.275000 6.375000 7.250000
v 12.275000 6.375000 8.650000
v 12.275000 6.375000 8.700000
v 12.275000 6.475000 8.700000
v 12.275000 6.475000 7.250000
v 13.225000 6.375000 7.250000
v 13.225000 6.375000 8.700000
v 13.225000 6.375000 8.650000
v 13.775000 6.375000 7.250000
v 13.775000 6.375000 8.650000
v 13.775000 6.375000 8.700000
v 13.775000 6.475000 8.700000
v 13.775000 6.475000 7.250000
v 14.725000 6.375000 7.250000
v 14.725000 6.375000 8.700000
v 14.725000 6.375000 8.650000
v 15.275000 6.375000 7.250000
v 15.275000 6.375000 8.650000
v 15.275000 6.375000 8.700000
v 15.275000 6.475000 8.700000
v 15.275000 6.475000 7.250000
v 16.225000 6.375000 7.250000
v 16.225000 6.375000 8.700000
v 16.225000 6.375000 8.650000
v 19.675000 6.375000 7.250000
v 19.675000 6.375000 8.650000
v 19.675000 6.375000 8.700000
v 19.675000 6.475000 8.700000
v 19.675000 6.475000 7.250000
v 20.625000 6.375000 7.250000
v 20.625000 6.375000 8.700000
v 20.625000 6.375000 8.650000
v 9.275000 6.375000 7.250000
v 9.275000 6.375000 8.650000
v 9.275000 6.375000 8.700000
v 9.275000 6.475000 8.700000
v 9.275000 6.475000 7.250000
v 10.225000 6.375000 7.250000
v 10.225000 6.375000 8.700000
v 10.225000 6.375000 8.650000
v 7.775000 6.375000 1.250000
v 7.775000 6.375000 2.650000
v 7.775000 6.375000 2.700000
v 7.775000 6.475000 2.700000
v 7.775000 6.475000 1.250000
v 8.725000 6.375000 1.250000
v 8.725000 6.375000 2.700000
v 8.725000 6.375000 2.650000
v 9.275000 6.375000 1.250000
v 9.275000 6.375000 2.650000
v 9.275000 6.375000 2.700000
v 9.275000 6.475000 2.700000
v 9.275000 6.475000 1.250000
v 10.225000 6.375000 1.250000
v 10.225000 6.375000 2.700000
v 10.225000 6.375000 2.650000
v 16.775000 6.375000 4.250000
v 16.775000 6.375000 5.650000
v 16.775000 6.375000 5.700000
v 16.775000 6.475000 5.700000
v 16.775000 6.475000 4.250000
v 17.725000 6.375000 4.250000
v 17.725000 6.375000 5.700000
v 17.725000 6.375000 5.650000
v 18.275000 6.375000 4.250000
v 18.275000 6.375000 5.650000
v 18.275000 6.375000 5.700000
v 18.275000 6.475000 5.700000
v 18.275000 6.475000 4.250000
v 19.225000 6.375000 4.250000
v 19.225000 6.375000 5.700000
v 19.225000 6.375000 5.650000
v 16.775000 6.375000 -1.750000
v 16.775000 6.375000 -0.350000
v 16.775000 6.375000 -0.300000
v 16.775000 6.475000 -0.300000
v 16.775000 6.475000 -1.750000
v 17.725000 6.375000 -1.750000
v 17.725000 6.375000 -0.300000
v 17.725000 6.375000 -0.350000
v 18.275000 6.375000 -1.750000
v 18.275000 6.375000 -0.350000
v 18.275000 6.375000 -0.300000
v 18.275000 6.475000 -0.300000
v 18.275000 6.475000 -1.750000
v 19.225000 6.375000 -1.750000
v 19.225000 6.375000 -0.300000
v 19.225000 6.375000 -0.350000
v 16.775000 6.375000 1.250000
v 16.775000 6.375000 2.650000
v 16.775000 6.375000 2.700000
v 16.775000 6.475000 2.700000
v 16.775000 6.475000 1.250000
v 17.725000 6.375000 1.250000
v 17.725000 6.375000 2.700000
v 17.725000 6.375000 2.650000
v 18.275000 6.375000 1.250000
v 18.275000 6.375000 2.650000
v 18.275000 6.375000 2.700000
v 18.275000 6.475000 2.700000
v 18.275000 6.475000 1.250000
v 19.225000 6.375000 1.250000
v 19.225000 6.375000 2.700000
v 19.225000 6.375000 2.650000
v 16.775000 6.375000 7.250000
v 16.775000 6.375000 8.650000
v 16.775000 6.375000 8.700000
v 16.775000 6.475000 8.700000
v 16.775000 6.475000 7.250000
v 17.725000 6.375000 7.250000
v 17.725000 6.375000 8.700000
v 17.725000 6.375000 8.650000
v 18.275000 6.375000 7.250000
v 18.275000 6.375000 8.650000
v 18.275000 6.375000 8.700000
v 18.275000 6.475000 8.700000
v 18.275000 6.475000 7.250000
v 19.225000 6.375000 7.250000
v 19.225000 6.375000 8.700000
v 19.225000 6.375000 8.650000
v -19.725000 6.375000 -1.750000
v -18.325000 6.375000 -1.750000
v -16.825000 6.375000 -1.750000
v -15.325000 6.375000 -1.750000
v -13.825000 6.375000 -1.750000
v -12.325000 6.375000 -1.750000
v -10.825000 6.375000 -1.750000
v -9.325000 6.375000 -1.750000
v -7.825000 6.375000 -1.750000
v -6.325000 6.375000 -1.750000
v -4.825000 6.375000 -1.750000
v -3.325000 6.375000 -1.750000
v 4.175000 6.375000 -1.750000
v 5.675000 6.375000 -1.750000
v 7.175000 6.375000 -1.750000
v 8.675000 6.375000 -1.750000
v 10.175000 6.375000 -1.750000
v 11.675000 6.375000 -1.750000
v 13.175000 6.375000 -1.750000
v 14.675000 6.375000 -1.750000
v 16.175000 6.375000 -1.750000
v 17.675000 6.375000 -1.750000
v 19.175000 6.375000 -1.750000
v 20.575000 6.375000 -1.750000
v -2.825000 -8.825000 0.350000
v -2.825000 -8.825000 3.000000
v -2.825000 -8.825000 2.950000
v -2.825000 -8.775000 3.000000
v -2.825000 -8.775000 0.350000
v 2.975000 -8.825000 0.350000
v 2.975000 -8.825000 3.000000
v 2.975000 -8.825000 2.950000
v 2.975000 -8.775000 3.000000
v 2.975000 -8.775000 0.350000
v -2.975000 -6.925000 0.450000
v 2.975000 -6.925000 0.450000
v -20.975000 0.075000 1.250000
v 20.975000 0.075000 1.250000
v -19.725000 6.375000 1.250000
v -18.325000 6.375000 1.250000
v -16.825000 6.375000 1.250000
v -15.325000 6.375000 1.250000
v -13.825000 6.375000 1.250000
v -12.325000 6.375000 1.250000
v -10.825000 6.375000 1.250000
v -9.325000 6.375000 1.250000
v -7.825000 6.375000 1.250000
v -6.325000 6.375000 1.250000
v -4.825000 6.375000 1.250000
v -3.325000 6.375000 1.250000
v 4.175000 6.375000 1.250000
v 5.675000 6.375000 1.250000
v 7.175000 6.375000 1.250000
v 8.675000 6.375000 1.250000
v 10.175000 6.375000 1.250000
v 11.675000 6.375000 1.250000
v 13.175000 6.375000 1.250000
v 14.675000 6.375000 1.250000
v 16.175000 6.375000 1.250000
v 17.675000 6.375000 1.250000
v 19.175000 6.375000 1.250000
v 20.575000 6.375000 1.250000
v -20.975000 0.075000 4.250000
v 20.975000 0.075000 4.250000
v -19.725000 6.375000 4.250000
v -18.325000 6.375000 4.250000
v -16.825000 6.375000 4.250000
v -15.325000 6.375000 4.250000
v -13.825000 6.375000 4.250000
v -12.325000 6.375000 4.250000
v -10.825000 6.375000 4.250000
v -9.325000 6.375000 4.250000
v -7.825000 6.375000 4.250000
v -6.325000 6.375000 4.250000
v -4.825000 6.375000 4.250000
v -3.325000 6.375000 4.250000
v 4.175000 6.375000 4.250000
v 5.675000 6.375000 4.250000
v 7.175000 6.375000 4.250000
v 8.675000 6.375000 4.250000
v 10.175000 6.375000 4.250000
v 11.675000 6.375000 4.250000
v 13.175000 6.375000 4.250000
v 14.675000 6.375000 4.250000
v 16.175000 6.375000 4.250000
v 17.675000 6.375000 4.250000
v 19.175000 6.375000 4.250000
v 20.575000 6.375000 4.250000
v -20.975000 0.075000 7.250000
v 20.975000 0.075000 7.250000
v -19.725000 6.375000 7.250000
v -18.325000 6.375000 7.250000
v -16.825000 6.375000 7.250000
v -15.325000 6.375000 7.250000
v -13.825000 6.375000 7.250000
v -12.325000 6.375000 7.250000
v -10.825000 6.375000 7.250000
v -9.325000 6.375000 7.250000
v -7.825000 6.375000 7.250000
v -6.325000 6.375000 7.250000
v -4.825000 6.375000 7.250000
v -3.325000 6.375000 7.250000
v 4.175000 6.375000 7.250000
v 5.675000 6.375000 7.250000
v 7.175000 6.375000 7.250000
v 8.675000 6.375000 7.250000
v 10.175000 6.375000 7.250000
v 11.675000 6.375000 7.250000
v 13.175000 6.375000 7.250000
v 14.675000 6.375000 7.250000
v 16.175000 6.375000 7.250000
v 17.675000 6.375000 7.250000
v 19.175000 6.375000 7.250000
v 20.575000 6.375000 7.250000
v -3.025000 -6.475000 9.050000
v -3.025000 -6.475000 9.100000
v 21.975000 -6.475000 9.050000
v 21.975000 -6.475000 9.100000
v -3.025000 -6.375000 9.150000
v 21.975000 -6.375000 9.150000
v -3.025000 -6.275000 9.200000
v 21.975000 -6.275000 9.200000
v -3.025000 -6.175000 9.250000
v 21.975000 -6.175000 9.250000
v -3.025000 -6.025000 9.300000
v 21.975000 -6.025000 9.300000
v -3.025000 -5.925000 9.350000
v 21.975000 -5.925000 9.350000
v -3.025000 -5.825000 9.400000
v 21.975000 -5.825000 9.400000
v -3.025000 -5.725000 9.450000
v 21.975000 -5.725000 9.450000
v -3.025000 -5.625000 9.500000
v 21.975000 -5.625000 9.500000
v -21.075000 -5.525000 9.550000
v 21.975000 -5.525000 9.550000
v -21.075000 -5.425000 9.600000
v 21.975000 -5.425000 9.600000
v -3.075000 7.425000 9.550000
v -3.075000 7.425000 9.600000
v 21.975000 7.425000 9.550000
v 21.975000 7.425000 9.600000
v -21.075000 -5.325000 9.650000
v 21.975000 -5.325000 9.650000
v -3.075000 7.325000 9.600000
v -3.075000 7.325000 9.650000
v 21.975000 7.325000 9.600000
v 21.975000 7.325000 9.650000
v -21.075000 -5.225000 9.700000
v 21.975000 -5.225000 9.700000
v -3.075000 7.225000 9.650000
v -3.075000 7.225000 9.700000
v 21.975000 7.225000 9.650000
v 21.975000 7.225000 9.700000
v -21.075000 -5.125000 9.750000
v 21.975000 -5.125000 9.750000
v -3.075000 7.125000 9.700000
v -3.075000 7.125000 9.750000
v 21.975000 7.125000 9.700000
v 21.975000 7.125000 9.750000
v -21.075000 -4.975000 9.800000
v 21.975000 -4.975000 9.800000
v -3.075000 7.025000 9.750000
v -3.075000 7.025000 9.800000
v 21.975000 7.025000 9.750000
v 21.975000 7.025000 9.800000
v -21.075000 -4.875000 9.850000
v 21.975000 -4.875000 9.850000
v -3.075000 6.925000 9.800000
v -3.075000 6.925000 9.850000
v 21.975000 6.925000 9.800000
v 21.975000 6.925000 9.850000
v -21.075000 -4.775000 9.900000
v 21.975000 -4.775000 9.900000
v -3.075000 6.775000 9.850000
v -3.075000 6.775000 9.900000
v 21.975000 6.775000 9.850000
v 21.975000 6.775000 9.900000
v -21.075000 -4.675000 9.950000
v 21.975000 -4.675000 9.950000
v -3.075000 6.675000 9.900000
v -3.075000 6.675000 9.950000
v 21.975000 6.675000 9.900000
v 21.975000 6.675000 9.950000
v -21.075000 -4.575000 10.000000
v 21.975000 -4.575000 10.000000
v -3.075000 6.575000 9.950000
v -3.075000 6.575000 10.000000
v 21.975000 6.575000 9.950000
v 21.975000 6.575000 10.000000
v -21.075000 -4.475000 10.050000
v 21.975000 -4.475000 10.050000
v -3.075000 6.475000 10.000000
v -3.075000 6.475000 10.050000
v 21.975000 6.475000 10.000000
v 21.975000 6.475000 10.050000
v 3.975000 -6.475000 10.050000
v 3.975000 -6.475000 10.100000
v -21.075000 -4.325000 10.100000
v 21.975000 -4.325000 10.100000
v -3.075000 6.375000 10.050000
v -3.075000 6.375000 10.100000
v 21.975000 6.375000 10.050000
v 21.975000 6.375000 10.100000
v 3.975000 9.525000 10.050000
v 3.975000 -6.375000 10.150000
v -21.075000 -4.175000 10.150000
v 21.975000 -4.175000 10.150000
v -3.075000 6.275000 10.100000
v -3.075000 6.275000 10.150000
v 21.975000 6.275000 10.100000
v 21.975000 6.275000 10.150000
v 3.975000 -6.225000 10.200000
v -21.075000 -3.975000 10.200000
v 21.975000 -3.975000 10.200000
v -3.075000 6.175000 10.150000
v -3.075000 6.175000 10.200000
v 21.975000 6.175000 10.150000
v 21.975000 6.175000 10.200000
v 3.975000 -6.125000 10.250000
v -21.075000 -3.825000 10.250000
v 21.975000 -3.825000 10.250000
v -3.075000 6.075000 10.200000
v -3.075000 6.075000 10.250000
v 21.975000 6.075000 10.200000
v 21.975000 6.075000 10.250000
v 3.975000 -6.025000 10.300000
v -21.075000 -3.675000 10.300000
v 21.975000 -3.675000 10.300000
v -3.075000 5.975000 10.250000
v -3.075000 5.975000 10.300000
v 21.975000 5.975000 10.250000
v 21.975000 5.975000 10.300000
v 3.975000 -5.875000 10.350000
v -21.075000 -3.475000 10.350000
v 21.975000 -3.475000 10.350000
v -3.075000 5.875000 10.300000
v -3.075000 5.875000 10.350000
v 21.975000 5.875000 10.300000
v 21.975000 5.875000 10.350000
v 3.975000 -5.775000 10.400000
v -21.075000 -3.325000 10.400000
v 21.975000 -3.325000 10.400000
v -3.075000 5.725000 10.350000
v -3.075000 5.725000 10.400000
v 21.975000 5.725000 10.350000
v 21.975000 5.725000 10.400000
v 3.975000 -5.675000 10.450000
v -21.075000 -3.175000 10.450000
v 21.975000 -3.175000 10.450000
v -3.075000 5.625000 10.400000
v -3.075000 5.625000 10.450000
v 21.975000 5.625000 10.400000
v 21.975000 5.625000 10.450000
v -3.075000 -5.525000 10.500000
v 3.975000 -5.525000 10.500000
v -21.075000 -3.025000 10.500000
v 21.975000 -3.025000 10.500000
v -3.075000 5.475000 10.450000
v -3.075000 5.475000 10.500000
v 21.975000 5.475000 10.450000
v 21.975000 5.475000 10.500000
v -3.075000 -5.425000 10.550000
v 3.975000 -5.425000 10.550000
v -21.075000 -2.825000 10.550000
v 21.975000 -2.825000 10.550000
v -3.075000 5.325000 10.500000
v -3.075000 5.325000 10.550000
v 21.975000 5.325000 10.500000
v 21.975000 5.325000 10.550000
v -3.075000 -5.275000 10.600000
v 3.975000 -5.275000 10.600000
v -21.075000 -2.675000 10.600000
v 21.975000 -2.675000 10.600000
v -3.075000 5.175000 10.550000
v -3.075000 5.175000 10.600000
v 21.975000 5.175000 10.550000
v 21.975000 5.175000 10.600000
v 3.975000 9.425000 10.550000
v 3.975000 9.425000 10.600000
v -3.075000 -5.175000 10.650000
v 3.975000 -5.175000 10.650000
v -21.075000 -2.525000 10.650000
v 21.975000 -2.525000 10.650000
v -3.075000 5.025000 10.600000
v -3.075000 5.025000 10.650000
v 21.975000 5.025000 10.600000
v 21.975000 5.025000 10.650000
v 3.975000 9.275000 10.600000
v 3.975000 9.275000 10.650000
v -3.075000 -5.075000 10.700000
v 3.975000 -5.075000 10.700000
v -21.075000 -2.175000 10.700000
v 21.975000 -2.175000 10.700000
v -3.075000 4.825000 10.650000
v -3.075000 4.825000 10.700000
v 21.975000 4.825000 10.650000
v 21.975000 4.825000 10.700000
v 3.975000 9.175000 10.650000
v 3.975000 9.175000 10.700000
v -3.075000 -4.925000 10.750000
v 3.975000 -4.925000 10.750000
v -21.075000 -1.825000 10.750000
v 21.975000 -1.825000 10.750000
v -3.075000 4.675000 10.700000
v -3.075000 4.675000 10.750000
v 21.975000 4.675000 10.700000
v 21.975000 4.675000 10.750000
v 3.975000 9.075000 10.700000
v 3.975000 9.075000 10.750000
v -3.075000 -4.825000 10.800000
v 3.975000 -4.825000 10.800000
v -21.075000 -1.525000 10.800000
v 21.975000 -1.525000 10.800000
v -3.075000 4.525000 10.750000
v -3.075000 4.525000 10.800000
v 21.975000 4.525000 10.750000
v 21.975000 4.525000 10.800000
v 3.975000 8.925000 10.750000
v 3.975000 8.925000 10.800000
v -3.075000 -4.675000 10.850000
v 3.975000 -4.675000 10.850000
v -21.075000 -1.175000 10.850000
v 21.975000 -1.175000 10.850000
v -3.075000 4.325000 10.800000
v -3.075000 4.325000 10.850000
v 21.975000 4.325000 10.800000
v 21.975000 4.325000 10.850000
v 3.975000 8.825000 10.800000
v 3.975000 8.825000 10.850000
v -3.075000 -4.575000 10.900000
v 3.975000 -4.575000 10.900000
v -21.075000 -0.825000 10.900000
v 21.975000 -0.825000 10.900000
v -3.075000 4.175000 10.850000
v -3.075000 4.175000 10.900000
v 21.975000 4.175000 10.850000
v 21.975000 4.175000 10.900000
v 3.975000 8.675000 10.850000
v 3.975000 8.675000 10.900000
v -3.075000 -4.475000 10.950000
v 3.975000 -4.475000 10.950000
v -21.075000 -0.525000 10.950000
v 21.975000 -0.525000 10.950000
v -3.075000 4.025000 10.900000
v -3.075000 4.025000 10.950000
v 21.975000 4.025000 10.900000
v 21.975000 4.025000 10.950000
v 3.975000 8.575000 10.900000
v 3.975000 8.575000 10.950000
v -3.075000 -4.325000 11.000000
v 3.975000 -4.325000 11.000000
v -3.075000 3.875000 10.950000
v -3.075000 3.875000 11.000000
v 21.975000 3.875000 10.950000
v 21.975000 3.875000 11.000000
v 3.975000 8.475000 10.950000
v 3.975000 8.475000 11.000000
v -3.075000 -4.225000 11.050000
v 3.975000 -4.225000 11.050000
v -3.075000 3.675000 11.000000
v -3.075000 3.675000 11.050000
v 21.975000 3.675000 11.000000
v 21.975000 3.675000 11.050000
v 3.975000 8.325000 11.000000
v 3.975000 8.325000 11.050000
v -3.075000 -4.075000 11.100000
v 3.975000 -4.075000 11.100000
v -3.075000 3.425000 11.050000
v -3.075000 3.425000 11.100000
v 21.975000 3.425000 11.050000
v 21.975000 3.425000 11.100000
v 3.975000 8.225000 11.050000
v 3.975000 8.225000 11.100000
v -3.075000 -3.875000 11.150000
v 3.975000 -3.875000 11.150000
v -3.075000 3.075000 11.100000
v -3.075000 3.075000 11.150000
v 21.975000 3.075000 11.100000
v 21.975000 3.075000 11.150000
v 3.975000 8.125000 11.100000
v 3.975000 8.125000 11.150000
v -3.075000 -3.675000 11.200000
v 3.975000 -3.675000 11.200000
v -3.075000 2.775000 11.150000
v -3.075000 2.775000 11.200000
v 21.975000 2.775000 11.150000
v 21.975000 2.775000 11.200000
v 3.975000 7.975000 11.150000
v 3.975000 7.975000 11.200000
v -3.075000 -3.525000 11.250000
v 3.975000 -3.525000 11.250000
v -3.075000 2.425000 11.200000
v -3.075000 2.425000 11.250000
v 21.975000 2.425000 11.200000
v 21.975000 2.425000 11.250000
v 3.975000 7.875000 11.200000
v 3.975000 7.875000 11.250000
v -3.075000 -3.325000 11.300000
v 3.975000 -3.325000 11.300000
v -3.075000 2.075000 11.250000
v -3.075000 2.075000 11.300000
v 21.975000 2.075000 11.250000
v 21.975000 2.075000 11.300000
v 3.975000 7.725000 11.250000
v 3.975000 7.725000 11.300000
v -3.075000 -3.125000 11.350000
v 3.975000 -3.125000 11.350000
v -3.075000 1.775000 11.300000
v -3.075000 1.775000 11.350000
v 21.975000 1.775000 11.300000
v 21.975000 1.775000 11.350000
v 3.975000 7.625000 11.300000
v 3.975000 7.625000 11.350000
v -3.075000 -2.975000 11.400000
v 3.975000 -2.975000 11.400000
v 3.975000 7.525000 11.350000
v 3.975000 7.525000 11.400000
v -3.075000 -2.775000 11.450000
v 3.975000 -2.775000 11.450000
v 3.975000 7.375000 11.400000
v 3.975000 7.375000 11.450000
v -3.075000 -2.575000 11.500000
v 3.975000 -2.575000 11.500000
v 3.975000 7.225000 11.450000
v 3.975000 7.225000 11.500000
v -3.075000 -2.425000 11.550000
v 3.975000 -2.425000 11.550000
v 3.975000 7.075000 11.500000
v 3.975000 7.075000 11.550000
v -3.075000 -2.225000 11.600000
v 3.975000 -2.225000 11.600000
v 3.975000 6.875000 11.550000
v 3.975000 6.875000 11.600000
v -3.075000 -2.025000 11.650000
v 3.975000 -2.025000 11.650000
v 3.975000 6.675000 11.600000
v 3.975000 6.675000 11.650000
v -3.075000 -1.725000 11.700000
v 3.975000 -1.725000 11.700000
v 3.975000 6.525000 11.650000
v 3.975000 6.525000 11.700000
v -3.075000 -1.375000 11.750000
v 3.975000 -1.375000 11.750000
v 3.975000 6.325000 11.700000
v 3.975000 6.325000 11.750000
v -3.075000 -0.975000 11.800000
v 3.975000 -0.975000 11.800000
v 3.975000 6.125000 11.750000
v 3.975000 6.125000 11.800000
v -3.075000 -0.625000 11.850000
v 3.975000 -0.625000 11.850000
v 3.975000 5.925000 11.800000
v 3.975000 5.925000 11.850000
v -3.075000 -0.225000 11.900000
v 3.975000 -0.225000 11.900000
v 3.975000 5.775000 11.850000
v 3.975000 5.775000 11.900000
v -3.075000 0.125000 11.950000
v 3.975000 0.125000 11.950000
v 3.975000 5.575000 11.900000
v 3.975000 5.575000 11.950000
v 3.975000 5.375000 11.950000
v 3.975000 5.375000 12.000000
v 3.975000 5.225000 12.000000
v 3.975000 5.225000 12.050000
v 3.975000 5.025000 12.050000
v 3.975000 5.025000 12.100000
v 3.975000 4.625000 12.100000
v 3.975000 4.625000 12.150000
v 3.975000 4.275000 12.150000
v 3.975000 4.275000 12.200000
v 3.975000 3.875000 12.200000
v 3.975000 3.875000 12.250000
v 3.975000 3.525000 12.250000
v 3.975000 3.525000 12.300000
v 3.975000 3.125000 12.300000
v 3.975000 3.125000 12.350000
v 3.975000 2.775000 12.350000
v 3.975000 2.775000 12.400000
o Outer Shell
f 1 6 2
f 2 6 3
f 5 4 3
f 5 3 6
f 1 7 6
f 6 7 9
f 8 5 6
f 8 6 9
f 10 15 11
f 11 15 12
f 14 13 12
f 14 12 15
f 16 18 10
f 10 18 15
f 15 17 14
f 17 15 18
f 24 21 399
f 399 21 19
f 27 397 395
f 398 397 399
f 24 399 397
f 21 20 19
f 24 23 22
f 27 24 397
f 25 24 27
f 21 24 22
f 397 396 395
f 395 394 393
f 30 395 393
f 391 390 389
f 392 391 393
f 395 30 27
f 389 388 387
f 391 389 36
f 383 45 385
f 386 385 387
f 39 389 387
f 393 391 33
f 42 387 385
f 27 26 25
f 30 29 28
f 33 30 393
f 31 30 33
f 27 30 28
f 33 32 31
f 36 35 34
f 37 36 39
f 33 36 34
f 391 36 33
f 39 38 37
f 40 39 42
f 42 41 40
f 43 42 45
f 389 39 36
f 45 44 43
f 46 45 48
f 48 47 46
f 51 49 48
f 42 385 45
f 45 383 48
f 387 42 39
f 383 385 384
f 383 382 381
f 381 51 48
f 379 378 377
f 380 379 381
f 381 379 51
f 49 51 50
f 52 51 54
f 377 376 375
f 54 51 379
f 54 379 377
f 375 57 377
f 48 383 381
f 373 372 371
f 374 373 375
f 369 371 370
f 60 375 373
f 368 367 369
f 367 366 365
f 69 369 367
f 363 365 364
f 72 69 367
f 369 66 371
f 373 371 63
f 54 53 52
f 55 54 57
f 57 56 55
f 58 57 60
f 377 57 54
f 60 59 58
f 61 60 63
f 63 62 61
f 64 63 66
f 60 373 63
f 57 375 60
f 66 369 69
f 66 63 371
f 363 362 361
f 365 363 75
f 359 358 357
f 360 359 361
f 361 78 363
f 68 67 69
f 81 361 359
f 69 67 66
f 357 356 355
f 84 359 357
f 66 65 64
f 367 365 72
f 71 70 72
f 72 75 73
f 72 365 75
f 73 75 74
f 70 69 72
f 77 76 78
f 79 78 81
f 80 79 81
f 75 78 76
f 78 75 363
f 87 357 355
f 81 78 361
f 355 354 353
f 81 359 84
f 351 353 352
f 84 357 87
f 82 84 83
f 82 81 84
f 350 349 351
f 349 348 347
f 93 353 351
f 90 355 353
f 96 351 349
f 85 87 86
f 87 85 84
f 88 90 89
f 90 88 87
f 355 90 87
f 91 93 92
f 93 91 90
f 94 96 95
f 96 94 93
f 93 351 96
f 90 353 93
f 97 99 98
f 97 96 99
f 347 102 99
f 99 102 100
f 96 349 99
f 347 345 102
f 99 349 347
f 102 101 100
f 103 102 105
f 105 104 103
f 108 106 105
f 105 102 345
f 345 347 346
f 345 344 343
f 105 343 108
f 339 111 341
f 342 341 343
f 108 343 341
f 107 106 108
f 109 108 111
f 111 110 109
f 114 112 111
f 108 341 111
f 341 340 339
f 105 345 343
f 339 338 337
f 114 339 337
f 335 334 333
f 336 335 337
f 117 337 335
f 113 112 114
f 115 114 117
f 117 335 118
f 117 114 337
f 333 332 331
f 115 117 116
f 333 120 335
f 114 111 339
f 119 118 120
f 331 123 333
f 118 335 120
f 126 331 329
f 333 123 121
f 121 123 122
f 121 120 333
f 124 126 125
f 124 123 331
f 331 126 124
f 331 330 329
f 329 129 127
f 329 127 126
f 327 329 328
f 325 327 326
f 129 329 327
f 129 128 127
f 129 327 130
f 132 325 133
f 132 131 130
f 130 327 132
f 327 325 132
f 324 323 325
f 134 133 322
f 320 322 321
f 322 133 325
f 322 320 134
f 325 323 322
f 134 320 136
f 136 135 134
f 318 139 137
f 139 138 137
f 136 320 137
f 318 137 320
f 139 318 140
f 320 319 318
f 140 318 316
f 317 316 318
f 140 316 142
f 142 316 143
f 145 144 143
f 143 316 314
f 145 143 314
f 316 315 314
f 312 314 313
f 142 141 140
f 145 314 146
f 147 146 148
f 148 312 149
f 312 148 146
f 151 149 310
f 314 312 146
f 151 150 149
f 155 154 152
f 154 153 152
f 152 151 310
f 312 310 149
f 158 157 306
f 157 156 155
f 152 310 308
f 157 155 306
f 311 310 312
f 304 160 158
f 308 155 152
f 159 158 160
f 304 161 160
f 162 161 163
f 164 163 161
f 165 164 166
f 164 161 302
f 306 308 307
f 309 308 310
f 304 158 306
f 305 304 306
f 164 302 300
f 302 161 304
f 300 167 166
f 168 167 169
f 298 170 169
f 171 170 172
f 298 169 167
f 155 308 306
f 300 302 301
f 303 302 304
f 298 167 300
f 299 298 300
f 296 170 298
f 170 173 172
f 296 173 170
f 173 296 294
f 295 294 296
f 298 297 296
f 173 294 175
f 166 164 300
f 175 294 176
f 178 292 179
f 292 178 176
f 176 178 177
f 174 173 175
f 180 179 181
f 288 184 182
f 184 183 182
f 179 182 181
f 182 179 290
f 290 292 291
f 294 292 176
f 288 182 290
f 289 288 290
f 288 185 184
f 187 185 188
f 185 288 286
f 286 188 185
f 185 187 186
f 285 284 286
f 288 287 286
f 188 286 284
f 290 179 292
f 294 293 292
f 189 188 190
f 190 188 191
f 192 191 193
f 193 191 194
f 284 191 188
f 195 194 196
f 196 194 197
f 198 197 199
f 199 197 200
f 194 280 197
f 191 282 194
f 280 282 281
f 191 284 282
f 278 197 280
f 279 278 280
f 278 200 197
f 201 200 202
f 202 200 203
f 200 276 203
f 200 278 276
f 274 203 276
f 206 203 274
f 278 277 276
f 194 282 280
f 284 283 282
f 204 203 205
f 206 209 208
f 212 209 270
f 206 208 207
f 203 206 205
f 211 210 209
f 215 214 212
f 214 213 212
f 211 209 212
f 272 209 206
f 215 217 216
f 218 217 215
f 218 221 220
f 266 218 215
f 218 220 219
f 268 215 212
f 223 222 221
f 224 227 226
f 224 226 225
f 223 221 224
f 224 221 262
f 264 221 218
f 272 274 273
f 275 274 276
f 272 270 209
f 271 270 272
f 268 212 270
f 227 230 229
f 258 230 227
f 266 268 267
f 269 268 270
f 264 218 266
f 268 266 215
f 221 264 262
f 206 274 272
f 265 264 266
f 263 262 264
f 262 261 260
f 260 224 262
f 260 259 258
f 258 227 260
f 257 256 258
f 230 256 233
f 258 256 230
f 227 224 260
f 254 256 255
f 232 230 233
f 233 236 235
f 239 236 252
f 233 235 234
f 231 230 232
f 238 237 236
f 239 241 240
f 241 239 242
f 238 236 239
f 236 233 254
f 254 253 252
f 250 239 252
f 251 250 252
f 250 249 248
f 250 242 239
f 244 242 245
f 244 243 242
f 245 248 247
f 248 245 242
f 245 247 246
f 242 250 248
f 252 236 254
f 254 233 256
f 229 228 227
f 399 400 398
f 403 399 19
f 403 402 400
f 401 400 402
f 403 400 399
f 654 653 652
f 656 655 654
f 661 660 662
f 658 657 656
f 448 658 656
f 659 658 660
f 446 660 658
f 656 654 450
f 651 650 652
f 456 648 458
f 649 648 650
f 650 648 456
f 652 452 654
f 452 652 454
f 454 456 455
f 454 652 650
f 452 454 453
f 650 456 454
f 648 647 646
f 654 452 450
f 666 665 664
f 668 667 666
f 673 672 674
f 670 669 668
f 436 670 668
f 671 670 672
f 434 672 670
f 438 668 666
f 663 662 664
f 452 451 450
f 448 656 450
f 448 446 658
f 660 446 444
f 442 664 662
f 448 447 446
f 449 448 450
f 662 660 444
f 666 664 440
f 637 636 638
f 635 634 636
f 636 634 470
f 470 468 636
f 472 471 470
f 640 639 638
f 638 636 468
f 470 634 472
f 632 472 634
f 632 630 474
f 631 630 632
f 474 630 476
f 473 472 474
f 476 475 474
f 472 632 474
f 476 479 477
f 632 634 633
f 646 645 644
f 460 644 462
f 646 644 460
f 457 456 458
f 460 459 458
f 462 461 460
f 458 646 460
f 642 644 643
f 458 648 646
f 464 642 640
f 467 466 468
f 466 640 638
f 469 468 470
f 638 468 466
f 464 640 466
f 463 462 464
f 466 465 464
f 462 642 464
f 642 462 644
f 641 640 642
f 696 695 694
f 698 697 696
f 700 699 698
f 700 698 406
f 700 702 701
f 696 408 698
f 689 688 690
f 418 686 420
f 687 686 688
f 690 688 416
f 694 693 692
f 692 691 690
f 694 692 412
f 694 410 696
f 688 686 418
f 414 692 690
f 401 402 704
f 402 705 704
f 704 702 401
f 698 408 406
f 703 702 704
f 404 700 406
f 404 401 702
f 406 405 404
f 407 406 408
f 702 700 404
f 415 414 416
f 416 418 417
f 412 692 414
f 416 414 690
f 410 409 408
f 412 411 410
f 413 412 414
f 410 408 696
f 694 412 410
f 688 418 416
f 686 685 684
f 679 678 680
f 677 676 678
f 426 680 678
f 684 683 682
f 682 681 680
f 422 684 682
f 680 424 682
f 428 678 676
f 675 674 676
f 443 442 444
f 664 442 440
f 445 444 446
f 662 444 442
f 440 438 666
f 437 436 438
f 670 436 434
f 442 441 440
f 438 440 439
f 438 436 668
f 676 674 430
f 432 672 434
f 423 422 424
f 422 682 424
f 424 426 425
f 427 426 428
f 420 684 422
f 419 418 420
f 421 420 422
f 426 424 680
f 433 432 434
f 432 674 672
f 435 434 436
f 429 428 430
f 432 431 430
f 426 678 428
f 432 430 674
f 430 428 676
f 420 686 684
f 576 575 577
f 578 577 579
f 583 582 581
f 580 579 581
f 529 527 581
f 583 581 527
f 529 581 579
f 568 567 569
f 565 567 566
f 541 569 567
f 537 573 571
f 574 573 575
f 572 571 573
f 571 570 569
f 533 577 575
f 579 577 531
f 539 571 569
f 575 573 535
f 586 585 587
f 588 587 589
f 593 592 591
f 590 589 591
f 591 589 519
f 517 593 591
f 587 521 589
f 523 521 587
f 523 585 525
f 525 585 583
f 527 526 525
f 525 524 523
f 584 583 585
f 519 521 520
f 519 589 521
f 521 523 522
f 517 591 519
f 587 585 523
f 527 525 583
f 517 519 518
f 559 557 551
f 557 559 558
f 556 555 557
f 564 563 565
f 567 565 543
f 562 561 563
f 561 560 559
f 563 561 547
f 545 565 563
f 549 561 559
f 551 557 555
f 555 554 553
f 552 551 555
f 552 555 553
f 559 551 549
f 545 563 547
f 550 549 551
f 549 548 547
f 561 549 547
f 545 547 546
f 533 532 531
f 534 533 535
f 533 575 535
f 535 573 537
f 536 535 537
f 527 529 528
f 530 529 531
f 579 531 529
f 531 577 533
f 541 543 542
f 539 569 541
f 544 543 545
f 543 565 545
f 537 539 538
f 539 541 540
f 567 543 541
f 539 537 571
f 617 616 615
f 615 614 613
f 491 619 617
f 621 620 619
f 619 489 621
f 619 618 617
f 491 489 619
f 621 489 487
f 617 615 493
f 611 610 609
f 609 608 607
f 499 611 609
f 497 613 611
f 495 493 615
f 613 612 611
f 491 617 493
f 492 491 493
f 491 490 489
f 495 615 613
f 627 626 625
f 625 624 623
f 481 627 483
f 629 479 476
f 628 627 629
f 481 479 629
f 480 479 481
f 479 478 477
f 627 481 629
f 476 630 629
f 627 625 483
f 485 625 623
f 622 621 623
f 623 621 487
f 623 487 485
f 489 488 487
f 485 487 486
f 481 483 482
f 484 483 485
f 625 485 483
f 597 596 595
f 594 593 595
f 599 597 511
f 600 599 601
f 599 598 597
f 601 599 509
f 603 602 601
f 597 595 513
f 513 515 514
f 513 511 597
f 516 515 517
f 595 515 513
f 507 601 509
f 512 511 513
f 511 510 509
f 599 511 509
f 593 515 595
f 517 515 593
f 507 509 508
f 606 605 607
f 503 607 605
f 603 605 604
f 497 611 499
f 493 495 494
f 496 495 497
f 613 497 495
f 605 603 505
f 501 609 607
f 503 505 504
f 503 501 607
f 506 505 507
f 505 603 507
f 499 498 497
f 502 501 503
f 501 500 499
f 609 501 499
f 503 605 505
f 603 601 507
f 245 246 706
f 706 554 555
f 706 555 245
f 242 243 707
f 707 556 557
f 707 557 242
f 239 240 708
f 708 558 559
f 708 559 239
f 236 237 709
f 709 560 561
f 709 561 236
f 233 234 710
f 710 562 563
f 710 563 233
f 230 231 711
f 711 564 565
f 711 565 230
f 227 228 712
f 712 566 567
f 712 567 227
f 224 225 713
f 713 568 569
f 713 569 224
f 221 222 716
f 716 715 714
f 716 714 221
f 718 717 723
f 720 723 722
f 720 718 723
f 719 718 720
f 720 722 721
f 722 726 721
f 724 721 726
f 724 726 725
f 728 727 733
f 730 733 732
f 730 728 733
f 729 728 730
f 730 732 731
f 732 736 731
f 734 731 736
f 734 736 735
f 743 742 741
f 737 743 738
f 740 738 743
f 739 738 740
f 740 743 741
f 742 746 741
f 744 741 746
f 744 746 745
f 747 753 748
f 753 752 751
f 750 748 753
f 749 748 750
f 750 753 751
f 752 756 751
f 754 751 756
f 754 756 755
f 880 877 875
f 875 877 876
f 874 873 875
f 871 873 872
f 880 875 873
f 871 869 867
f 871 870 869
f 867 866 865
f 867 869 868
f 871 867 873
f 865 864 863
f 863 862 861
f 892 865 863
f 892 867 865
f 863 861 892
f 873 867 880
f 859 857 855
f 857 859 858
f 860 859 861
f 854 853 855
f 853 852 851
f 855 851 861
f 856 855 857
f 851 855 853
f 851 850 849
f 849 848 847
f 892 851 849
f 847 846 845
f 843 845 844
f 847 845 849
f 851 892 861
f 861 859 855
f 849 845 892
f 878 884 887
f 888 884 883
f 884 888 887
f 887 877 878
f 881 880 898
f 880 879 877
f 898 882 881
f 880 867 892
f 879 878 877
f 887 757 877
f 760 889 883
f 758 757 885
f 885 757 886
f 758 885 891
f 758 891 890
f 758 889 759
f 758 890 889
f 760 759 889
f 888 883 889
f 757 887 886
f 760 883 882
f 892 845 843
f 841 840 839
f 841 843 842
f 839 838 837
f 841 839 837
f 837 836 835
f 833 835 834
f 837 835 893
f 841 837 893
f 835 833 831
f 898 897 882
f 892 841 893
f 892 898 880
f 831 830 829
f 831 833 832
f 831 894 893
f 894 831 829
f 894 829 827
f 893 835 831
f 841 892 843
f 770 882 897
f 825 823 894
f 825 827 826
f 825 894 827
f 822 821 823
f 824 823 825
f 823 821 894
f 821 818 895
f 818 821 819
f 896 895 818
f 818 816 896
f 895 894 821
f 817 816 818
f 816 815 814
f 816 814 896
f 821 820 819
f 896 814 812
f 827 829 828
f 813 812 814
f 811 810 812
f 808 896 810
f 809 808 810
f 807 806 808
f 806 805 804
f 896 808 806
f 896 806 804
f 804 803 802
f 896 802 800
f 801 800 802
f 798 896 800
f 799 798 800
f 798 797 796
f 794 897 798
f 804 802 896
f 896 812 810
f 794 798 796
f 795 794 796
f 793 792 794
f 790 897 792
f 791 790 792
f 789 788 790
f 788 787 786
f 790 788 786
f 790 786 897
f 786 785 784
f 784 780 897
f 783 782 784
f 780 784 782
f 781 780 782
f 780 779 778
f 780 778 776
f 786 784 897
f 774 897 780
f 774 776 775
f 777 776 778
f 772 770 897
f 773 772 774
f 774 772 897
f 770 772 771
f 770 769 768
f 770 768 882
f 768 767 766
f 768 766 760
f 765 764 766
f 760 766 764
f 763 762 764
f 762 761 760
f 762 760 764
f 882 768 760
f 774 780 776
f 897 794 792
f 798 897 896
f 757 1499 1500
f 757 1492 1493
f 757 1494 1492
f 1500 1505 1494
f 757 1500 1494
f 1501 1514 1502
f 757 1514 1501
f 757 1513 1514
f 1502 1514 1519
f 1505 1495 1494
f 1501 1499 757
f 1496 1505 1504
f 757 1487 1485
f 1284 757 1486
f 1486 757 1485
f 1486 1491 1284
f 1493 1487 757
f 1498 1487 1493
f 1496 1495 1505
f 1488 1497 1489
f 1497 1488 1498
f 1521 1489 1497
f 1497 1496 1520
f 1498 1488 1487
f 1504 1528 1496
f 1515 1513 757
f 1543 1516 916
f 1503 1519 1518
f 1503 1502 1519
f 1535 1503 1518
f 1517 1543 1542
f 1543 1517 1516
f 1517 1542 1541
f 1536 1534 1517
f 1541 1536 1517
f 1536 1541 1547
f 1517 1534 1518
f 1516 1515 916
f 1535 1518 1534
f 1529 1527 1503
f 1535 1529 1503
f 1529 1535 1530
f 1533 1522 1528
f 1522 1496 1528
f 1535 1540 1530
f 1528 1504 1527
f 1537 1547 1538
f 1408 1539 1538
f 1531 1540 1539
f 1540 1531 1530
f 1531 1539 1403
f 1539 1409 1403
f 1536 1547 1537
f 1504 1503 1527
f 1037 1515 915
f 1496 1522 1520
f 1557 1282 1288
f 757 1283 1282
f 1557 1555 757
f 1557 1288 1558
f 1556 757 1555
f 1285 1491 1490
f 1285 1490 1286
f 1290 1287 1286
f 1507 1286 1490
f 1559 1288 1287
f 1490 1506 1507
f 1491 1285 1284
f 1507 1291 1286
f 757 1556 1424
f 1556 1561 1425
f 1424 1556 1425
f 1426 1425 1561
f 1561 1560 1426
f 757 1424 1422
f 1288 1559 1558
f 1286 1291 1290
f 1290 1289 1287
f 1560 1559 1562
f 1559 1287 1289
f 1426 1560 1563
f 1559 1289 1564
f 1507 1292 1291
f 757 1422 1423
f 1489 1521 1508
f 1506 1490 1489
f 1526 1508 1521
f 1509 1508 1526
f 1506 1489 1508
f 1523 1533 1532
f 1523 1532 1524
f 1524 1532 1402
f 1532 1531 1401
f 1522 1533 1523
f 1401 1531 1403
f 1401 1402 1532
f 1292 1507 1512
f 1510 1509 1525
f 1292 1511 1293
f 1511 1292 1512
f 1270 1293 1511
f 1511 1510 1387
f 1396 1394 1524
f 1396 1524 1402
f 1396 1402 1397
f 1524 1394 1525
f 1394 1395 1525
f 1525 1395 1389
f 1397 1402 1407
f 1510 1525 1389
f 1509 1526 1525
f 1520 1521 1497
f 1546 1538 1547
f 1283 757 1284
f 916 1032 1031
f 1033 1032 924
f 1031 1030 916
f 1544 1543 1030
f 1033 924 1034
f 1032 916 924
f 939 934 921
f 922 1034 924
f 934 933 921
f 917 1044 918
f 933 932 921
f 922 924 923
f 941 940 921
f 1035 1034 922
f 1036 1035 1545
f 1545 1544 1036
f 1416 1546 1545
f 1545 1035 925
f 1036 1544 1030
f 921 932 927
f 922 921 1035
f 927 926 921
f 938 927 932
f 926 925 921
f 925 1035 921
f 938 928 927
f 934 939 945
f 1546 1410 1538
f 1043 917 1037
f 915 1038 1037
f 917 1045 1044
f 1046 1045 917
f 1037 917 916
f 1058 917 1043
f 917 1058 1046
f 1058 1043 1042
f 1039 1038 915
f 1044 1050 918
f 921 940 939
f 945 935 934
f 935 944 936
f 944 935 945
f 1172 936 944
f 946 941 921
f 920 946 921
f 942 952 943
f 942 941 952
f 1178 944 943
f 952 941 946
f 947 946 920
f 1177 1172 944
f 951 943 952
f 916 1515 1037
f 1416 1545 1417
f 1538 1410 1408
f 1410 1546 1415
f 1410 1415 1421
f 1409 1539 1408
f 931 1418 1417
f 1419 1418 930
f 1592 1420 1597
f 1411 1410 1421
f 1420 1419 1598
f 1417 925 931
f 1545 925 1417
f 1412 1421 1420
f 1409 1414 1404
f 1404 1414 1405
f 1583 1406 1405
f 1407 1406 1397
f 1414 1413 1405
f 1403 1409 1404
f 1412 1411 1421
f 1413 1412 1590
f 1590 1591 1413
f 1592 1590 1412
f 1412 1420 1592
f 1413 1591 1405
f 1591 1585 1405
f 930 1418 931
f 1416 1415 1546
f 938 929 928
f 1163 930 1164
f 929 1164 930
f 1163 1599 1419
f 929 937 1170
f 1171 1170 937
f 1171 937 936
f 1165 1164 929
f 1176 1165 1170
f 1170 1165 929
f 936 1172 1171
f 1176 1166 1165
f 1597 1420 1598
f 1598 1419 1599
f 1593 1603 1602
f 1603 1593 1597
f 1593 1602 1594
f 1597 1593 1592
f 1169 1600 1599
f 1167 1166 1176
f 1169 1601 1600
f 1601 1169 1168
f 1168 899 1601
f 899 1574 1573
f 1599 1163 1169
f 1176 1175 1167
f 930 1163 1419
f 937 929 938
f 1406 1398 1397
f 1049 918 1050
f 1543 916 1030
f 1282 1557 757
f 1340 1296 1302
f 757 1296 1340
f 1338 1376 1375
f 757 1339 1338
f 757 1340 1339
f 757 1338 1375
f 757 1298 1297
f 1300 1299 1428
f 1347 1342 1301
f 1302 1341 1340
f 1299 1298 1428
f 1297 1296 757
f 1301 1342 1302
f 757 1373 1374
f 1373 757 1375
f 1374 1379 757
f 757 1379 1378
f 1376 1338 1344
f 1342 1341 1302
f 1382 1377 1343
f 1377 1376 1343
f 1346 1343 1342
f 1346 1342 1347
f 1343 1376 1344
f 1343 1346 1345
f 1301 1300 1304
f 1298 757 1423
f 1427 1479 1300
f 1478 1427 1426
f 1478 1426 1480
f 1480 1563 1568
f 1480 1426 1563
f 1479 1427 1478
f 1563 1560 1562
f 1565 1564 1295
f 1333 1482 1567
f 1481 1480 1568
f 1565 1295 1566
f 1298 1423 1428
f 1567 1481 1568
f 1305 1304 1300
f 1303 1301 1304
f 1305 1479 1306
f 1348 1347 1303
f 1301 1303 1347
f 1479 1484 1306
f 1305 1300 1479
f 1482 1481 1567
f 1277 1307 1483
f 1307 1306 1483
f 1331 1483 1482
f 1331 1482 1333
f 1483 1306 1484
f 1567 1566 1443
f 1300 1428 1427
f 1562 1559 1564
f 1331 1332 1483
f 1382 1380 1377
f 1343 1345 1382
f 1378 1380 1381
f 1378 1377 1380
f 1345 1351 1382
f 757 1381 1386
f 1349 1348 1309
f 1349 1309 1308
f 1350 1349 1311
f 1351 1383 1382
f 1349 1275 1312
f 1309 1348 1303
f 1383 1351 1350
f 1383 1350 1384
f 1385 1317 1318
f 1317 1385 1384
f 1385 877 757
f 1384 1319 1317
f 757 1386 1385
f 1319 1310 1316
f 1319 1384 1350
f 1350 1310 1319
f 1323 877 1318
f 1350 1311 1310
f 1312 1311 1349
f 1323 1322 877
f 1349 1308 1275
f 1385 1318 877
f 1312 1281 1313
f 1275 1308 1276
f 1280 1314 1313
f 1316 1320 1319
f 1278 1277 1337
f 1276 1308 1307
f 1337 1277 1332
f 1437 1315 1314
f 1281 1280 1313
f 1278 1336 1279
f 1276 1307 1277
f 1280 1352 1314
f 1320 1315 1321
f 1315 1320 1316
f 1431 1321 1436
f 1429 1322 1321
f 1429 1430 1322
f 1429 1321 1431
f 1321 1315 1436
f 877 1434 1433
f 1435 1434 877
f 877 1430 1435
f 1357 1356 877
f 877 1356 1553
f 1431 1436 1442
f 1436 1315 1437
f 877 1322 1430
f 1353 1280 1279
f 1275 1281 1312
f 1332 1277 1483
f 1381 757 1378
f 1566 1294 1445
f 1269 1294 1293
f 1269 1293 1270
f 1388 1271 1270
f 1270 1511 1388
f 1268 1294 1269
f 1388 1511 1387
f 1389 1395 1400
f 1390 1389 1400
f 1391 1390 1400
f 1400 1399 1391
f 1564 1289 1295
f 1388 1393 1271
f 1446 1445 1274
f 1443 1566 1445
f 1444 1567 1443
f 1445 1268 1274
f 1445 1294 1268
f 1271 1392 1272
f 1570 1272 1392
f 1447 1274 1273
f 1274 1447 1446
f 1273 1620 1447
f 1325 1273 1272
f 1393 1392 1271
f 1392 1391 1569
f 1444 1333 1567
f 1406 1584 1398
f 1406 1583 1584
f 1399 1398 1576
f 1578 1398 1584
f 1589 1578 1584
f 1576 1398 1578
f 1596 1586 1591
f 1583 1405 1585
f 1591 1586 1585
f 1586 1595 1587
f 1595 1586 1596
f 1602 899 1594
f 1595 1594 899
f 1571 1577 1572
f 1391 1571 1569
f 1571 1399 1577
f 1572 1577 1582
f 1392 1569 1570
f 1570 1326 1272
f 1577 1399 1576
f 1580 1579 1589
f 1580 1589 1588
f 899 1580 1588
f 1582 1581 1572
f 899 1588 1587
f 1578 1589 1579
f 1572 1581 1573
f 899 1587 1595
f 1391 1399 1571
f 1389 1387 1510
f 1335 1334 1449
f 1336 1335 1548
f 1279 1336 1549
f 1333 1444 1334
f 1337 1336 1278
f 1335 1550 1548
f 1550 1335 1448
f 1336 1548 1549
f 1353 1279 1354
f 1549 1354 1279
f 1355 1354 1549
f 1554 1355 1549
f 1449 1448 1335
f 1449 1334 1444
f 1280 1353 1352
f 1314 1438 1437
f 1442 1432 1431
f 1442 1433 1432
f 1433 1442 1441
f 1433 1441 877
f 1358 1439 1438
f 1439 1357 1440
f 1357 1439 1358
f 1357 877 1440
f 1358 1438 1352
f 1352 1438 1314
f 1553 1552 877
f 1273 1324 1620
f 1447 1618 1448
f 1620 1618 1447
f 1330 1620 1324
f 1619 1448 1618
f 1327 1570 1575
f 1581 1580 899
f 1575 1574 1327
f 1328 1327 1574
f 1581 899 1573
f 1327 1326 1570
f 1326 1325 1272
f 1621 1620 1330
f 1550 1619 1551
f 1550 1448 1619
f 1551 1619 1624
f 1356 1554 1553
f 1356 1355 1554
f 1623 1622 877
f 1330 1622 1621
f 1328 1574 899
f 1551 1623 1552
f 1623 1551 1624
f 1329 1328 877
f 877 1328 899
f 1329 1622 1330
f 1329 877 1622
f 1623 877 1552
f 1324 1273 1325
f 1441 1440 877
f 901 903 902
f 1566 1295 1294
f 1602 1601 899
f 1168 1167 899
f 1515 757 915
f 1095 1107 1096
f 1107 1095 915
f 1094 1093 915
f 1107 1113 1096
f 1095 1094 915
f 1109 1108 915
f 1450 1109 915
f 1109 1450 1110
f 1113 1112 1096
f 1450 1456 1110
f 1107 915 1108
f 1096 1112 1097
f 1088 1087 915
f 1081 1080 915
f 1086 1081 915
f 1081 1086 1092
f 1087 1086 915
f 1099 1088 1093
f 1098 1097 1122
f 1099 1098 1090
f 1090 1089 1099
f 1090 1098 1121
f 1099 1089 1088
f 1082 1081 1092
f 1112 1128 1097
f 1093 1088 915
f 1459 1458 915
f 1452 1451 915
f 1457 1452 915
f 1452 1457 1463
f 1458 1457 915
f 1136 915 1137
f 1137 915 914
f 915 1136 1135
f 1459 1135 1141
f 1453 1452 1463
f 1454 1462 1471
f 915 1135 1459
f 1451 1450 915
f 1454 1463 1462
f 1111 1456 1455
f 1111 1110 1456
f 1112 1129 1128
f 1122 1097 1123
f 1123 1097 1128
f 1123 1128 1134
f 1111 1455 1464
f 1129 1112 1111
f 1465 1464 1455
f 1454 1453 1463
f 1454 1465 1455
f 1111 1464 1130
f 1129 1111 1130
f 1122 1121 1098
f 1464 1470 1130
f 1080 1079 915
f 1134 1124 1123
f 1067 1079 1068
f 1079 1067 915
f 1066 1065 915
f 1079 1085 1068
f 1067 1066 915
f 1082 1091 1083
f 1101 1084 1083
f 1069 1085 1084
f 1085 1069 1068
f 1069 1084 1158
f 1084 1100 1158
f 1092 1091 1082
f 1052 1051 915
f 1053 1052 915
f 1057 1056 1041
f 1053 1071 1054
f 1051 1057 1040
f 1055 1071 1070
f 1071 1055 1054
f 1055 1070 1156
f 1157 1156 1070
f 1157 1070 1069
f 1053 1065 1071
f 1056 1055 1150
f 1157 1069 1158
f 1151 1055 1156
f 1083 1091 1114
f 1065 1053 915
f 1116 1121 1117
f 1115 1090 1116
f 1115 1114 1091
f 1121 1127 1117
f 1115 1091 1090
f 1124 1133 1125
f 1010 1126 1125
f 1118 1127 1126
f 1127 1118 1117
f 1118 1126 1009
f 1126 1010 1009
f 1090 1121 1116
f 1101 1100 1084
f 1102 1101 1083
f 1106 1159 1158
f 1102 1120 1103
f 1100 1106 1158
f 1120 1102 1114
f 1004 1003 1118
f 1120 1119 1104
f 1104 1119 1002
f 1119 1118 1003
f 1105 1104 996
f 1009 1015 1004
f 1120 1104 1103
f 1004 1118 1009
f 1119 1003 1002
f 1016 1125 1133
f 1114 1102 1083
f 1133 1124 1134
f 1105 1160 1106
f 915 1051 1039
f 1141 1460 1459
f 1460 1140 1461
f 1140 1460 1141
f 1461 1140 1142
f 1462 1461 1472
f 1140 1139 1143
f 1144 1139 914
f 1143 1139 1144
f 1140 1143 1142
f 1472 1461 1473
f 1473 1461 1142
f 1148 1473 1142
f 1138 914 1139
f 1462 1472 1471
f 1465 1454 1466
f 1131 1470 1132
f 1131 1130 1470
f 1132 1470 1469
f 1132 1017 1133
f 1471 1477 1467
f 1477 1476 1468
f 1468 1467 1477
f 1469 1468 1360
f 1476 1366 1468
f 1467 1466 1471
f 1454 1471 1466
f 1359 1132 1469
f 1148 1474 1473
f 1474 1147 1475
f 1147 1474 1148
f 1475 1147 1023
f 1475 1367 1476
f 1146 1024 1147
f 1146 914 913
f 913 1025 1146
f 1024 1146 1025
f 1023 1147 1024
f 1146 1145 914
f 1145 1144 914
f 1475 1023 1368
f 1366 1476 1367
f 1368 1367 1475
f 1360 1468 1361
f 1366 1362 1361
f 1023 1369 1368
f 1361 1468 1366
f 1369 1023 1029
f 1028 1027 1262
f 1028 1370 1369
f 1370 1028 1261
f 1262 1027 1263
f 913 1027 1026
f 1028 1369 1029
f 1262 1261 1028
f 913 1026 1025
f 1137 914 1138
f 1359 1469 1360
f 1018 1359 1019
f 1359 1018 1132
f 1016 1133 1017
f 1359 1365 1019
f 1018 1017 1132
f 1362 1372 1371
f 1362 1371 1363
f 1256 1364 1604
f 1365 1364 1019
f 1364 1363 1605
f 1366 1372 1362
f 1019 1364 1020
f 1010 1125 1011
f 1012 1011 1022
f 1248 1014 1013
f 1005 1004 1015
f 1012 1022 1013
f 1022 1011 1016
f 1021 1020 1255
f 1022 1021 1013
f 1255 1254 1021
f 1256 1255 1020
f 1020 1364 1256
f 1021 1254 1013
f 1015 1014 1006
f 1363 1371 1611
f 1011 1125 1016
f 1613 1261 1267
f 1612 1370 1613
f 1611 1371 1612
f 1267 1614 1613
f 1606 1363 1611
f 1263 913 1264
f 908 910 909
f 1264 913 1265
f 910 908 911
f 1263 1027 913
f 1266 1265 913
f 1605 1604 1364
f 1605 1363 1606
f 1610 1257 1256
f 1606 1617 1607
f 1604 1610 1256
f 1267 1615 1614
f 1615 1266 913
f 1608 1617 1616
f 1617 1608 1607
f 1616 1615 913
f 1608 1616 913
f 1617 1606 1611
f 1266 1615 1267
f 913 1609 1608
f 1258 1609 913
f 1370 1612 1371
f 1261 1613 1370
f 1258 1610 1609
f 1254 1249 1013
f 1041 1073 1042
f 1040 1057 1041
f 1058 1042 1059
f 1059 1042 1060
f 1072 1060 1042
f 1072 1042 1073
f 1074 1073 1041
f 1061 1078 1077
f 1078 1061 1072
f 1061 1077 1062
f 1072 1061 1060
f 1041 1149 1074
f 1048 919 1049
f 1048 1047 1064
f 918 1049 919
f 920 919 1048
f 920 955 954
f 1048 962 920
f 962 1063 967
f 1048 1063 962
f 960 920 961
f 961 920 962
f 968 1063 1062
f 1063 1048 1064
f 1047 1058 1064
f 955 920 960
f 1062 1077 974
f 920 948 947
f 1149 1056 1150
f 1149 1155 1075
f 1076 1075 1155
f 1076 975 1077
f 1149 1041 1056
f 1152 1162 1153
f 1162 1152 1151
f 982 1154 1153
f 1154 976 1076
f 981 976 1154
f 1154 1076 1155
f 1156 1162 1151
f 1076 976 975
f 967 1063 968
f 968 1062 969
f 963 973 964
f 963 962 973
f 964 973 972
f 973 962 967
f 974 1077 975
f 980 970 969
f 971 970 980
f 1200 972 1205
f 972 971 1206
f 969 974 980
f 1062 974 969
f 964 972 1200
f 979 971 980
f 1075 1074 1149
f 1150 1055 1151
f 948 959 949
f 920 953 948
f 959 950 949
f 1184 951 1185
f 953 959 948
f 956 955 966
f 950 959 958
f 1184 1179 951
f 1185 951 950
f 958 1191 950
f 1180 1179 1184
f 954 953 920
f 1179 1178 943
f 1172 1183 1173
f 1177 944 1178
f 1174 1173 1183
f 1175 1174 899
f 899 1174 900
f 1175 899 1167
f 1177 1183 1172
f 1174 1182 900
f 903 901 900
f 900 1182 905
f 904 903 900
f 905 904 900
f 905 1182 1181
f 1174 1183 1182
f 951 1179 943
f 966 965 957
f 1192 1191 958
f 1193 1192 957
f 1191 1186 950
f 957 965 1198
f 966 957 956
f 1199 1198 965
f 1199 965 964
f 1204 1194 1193
f 1204 1193 1198
f 1198 1193 957
f 955 960 966
f 1195 1204 1203
f 1185 950 1186
f 1190 1180 1184
f 1180 1189 1181
f 1189 1180 1190
f 1181 1189 905
f 1187 1186 1191
f 1195 1194 1204
f 1187 1196 1188
f 1196 1187 1197
f 906 1189 1188
f 1188 1196 911
f 1191 1197 1187
f 905 1189 906
f 1196 1195 912
f 1192 958 957
f 1199 964 1200
f 912 1195 1203
f 1162 1161 1153
f 1058 1047 1046
f 1160 1105 995
f 1161 1160 989
f 990 1160 995
f 1001 990 995
f 989 1160 990
f 1159 1106 1160
f 995 1105 996
f 1104 997 996
f 997 1002 1008
f 998 1008 999
f 1008 998 997
f 999 1008 1007
f 989 988 1161
f 981 1154 982
f 982 1153 983
f 988 994 983
f 988 983 1161
f 991 1001 1000
f 991 1000 992
f 1227 993 992
f 994 984 983
f 992 1000 1233
f 990 1001 991
f 993 985 994
f 999 1234 1000
f 977 976 981
f 1014 1248 1247
f 1007 1006 1241
f 1006 1014 1247
f 1247 1242 1006
f 1005 1015 1006
f 1254 1260 1250
f 1258 1257 1610
f 1251 1250 1260
f 1250 1249 1254
f 1251 1260 1259
f 1259 1258 913
f 1013 1249 1248
f 1241 1240 1007
f 1242 1241 1006
f 1234 999 1235
f 1246 1235 1240
f 1246 1236 1235
f 1240 1235 1007
f 1253 1242 1247
f 1251 913 1252
f 1253 1252 1244
f 1244 1243 1253
f 1245 1244 913
f 913 1244 1252
f 1253 1243 1242
f 1234 1233 1000
f 1251 1259 913
f 1235 999 1007
f 1246 1245 1237
f 977 987 978
f 987 977 981
f 1207 979 1212
f 978 1213 979
f 1207 1206 971
f 978 987 986
f 984 994 985
f 1214 986 1219
f 1218 1207 1212
f 1212 979 1213
f 1213 978 1214
f 986 985 1220
f 978 986 1214
f 1208 1207 1218
f 1200 1211 1201
f 1205 972 1206
f 1202 1201 1211
f 912 1203 1202
f 912 1202 1210
f 912 911 1196
f 1200 1205 1211
f 1217 1209 1208
f 1209 912 1210
f 1217 912 1209
f 907 906 911
f 912 1217 1216
f 1210 1202 1211
f 911 906 1188
f 971 979 1207
f 1228 1233 1239
f 992 1228 1227
f 1222 1221 1226
f 1226 1221 985
f 1226 985 993
f 1226 993 1227
f 1237 1236 1246
f 1229 1238 1230
f 1238 1229 1239
f 912 1238 1237
f 912 1237 913
f 1239 1229 1228
f 1215 1219 1225
f 1220 1219 986
f 1216 1215 1224
f 912 1216 1224
f 1218 1217 1208
f 1215 1214 1219
f 1222 1232 1231
f 1222 1231 1223
f 912 1223 1231
f 1225 1224 1215
f 1231 1230 912
f 1226 1232 1222
f 912 1224 1223
f 1230 1238 912
f 1221 1220 985
f 992 1233 1228
f 1237 1245 913
f 911 908 907
f 1161 983 1153
f 997 1104 1002
f 1039 1051 1040
f 1657 1659 1658
f 1656 1655 1657
f 1631 1655 1653
f 1653 1655 1654
f 1651 1653 1652
f 1633 1631 1653
f 1657 1655 1629
f 1662 1661 1625
f 1661 1660 1659
f 1659 1626 1661
f 1626 1659 1627
f 1661 1626 1625
f 1657 1627 1659
f 1633 1632 1631
f 1629 1628 1627
f 1630 1629 1631
f 1627 1657 1629
f 1655 1631 1629
f 1633 1653 1651
f 1649 1648 1647
f 1637 1649 1647
f 1635 1651 1649
f 1646 1645 1647
f 1645 899 1641
f 899 1643 1641
f 1643 899 900
f 1643 900 1644
f 1641 1643 1642
f 1647 1645 1639
f 1641 1639 1645
f 1635 1637 1636
f 1635 1649 1637
f 1635 1634 1633
f 1633 1651 1635
f 1640 1639 1641
f 1639 1638 1637
f 1647 1639 1637
f 1649 1651 1650
f 1668 1665 2038
f 2038 1665 1663
f 1671 2036 2034
f 2037 2036 2038
f 1671 2038 2036
f 1665 1664 1663
f 1668 1667 1666
f 1671 1668 2038
f 1669 1668 1671
f 1665 1668 1666
f 2036 2035 2034
f 2034 2033 2032
f 1671 2034 1674
f 2030 2029 2028
f 2031 2030 2032
f 1677 2032 2030
f 2028 2027 2026
f 1680 2030 2028
f 2024 2022 1689
f 2025 2024 2026
f 1683 2028 2026
f 2034 2032 1674
f 1686 2026 2024
f 1671 1670 1669
f 1674 1673 1672
f 1674 2032 1677
f 1675 1674 1677
f 1671 1674 1672
f 1677 1676 1675
f 1680 1679 1678
f 1681 1680 1683
f 1677 1680 1678
f 1680 1677 2030
f 1683 1682 1681
f 1684 1683 1686
f 1686 1685 1684
f 1687 1686 1689
f 2028 1683 1680
f 1689 1688 1687
f 1690 1689 1692
f 1692 1691 1690
f 1695 1693 1692
f 2026 1686 1683
f 1689 1686 2024
f 1689 2022 1692
f 2024 2023 2022
f 2022 2021 2020
f 901 2020 2019
f 2020 1695 1692
f 1698 1695 901
f 901 1695 2020
f 901 902 2018
f 2018 1698 901
f 2016 2015 2014
f 2017 2016 2018
f 2016 1701 2018
f 1695 1694 1693
f 2014 2013 2012
f 1704 2016 2014
f 2012 2011 2010
f 2007 2006 2008
f 2008 2010 2009
f 1716 1713 2008
f 2010 2008 1713
f 2004 2003 2002
f 2005 2004 2006
f 2012 2010 1710
f 1707 2014 2012
f 2006 1716 2008
f 1697 1696 1698
f 1698 1701 1699
f 1698 2018 1701
f 1699 1701 1700
f 1695 1698 1696
f 1703 1702 1704
f 1705 1704 1707
f 1706 1705 1707
f 1702 1701 1704
f 2016 1704 1701
f 2004 1719 2006
f 1707 1704 2014
f 2002 2001 2000
f 1707 2012 1710
f 1998 2000 1999
f 2002 1722 2004
f 1708 1710 1709
f 1710 1708 1707
f 1710 1713 1711
f 2010 1713 1710
f 1728 2000 1998
f 1725 2002 2000
f 1712 1711 1713
f 1997 1996 1998
f 1692 2022 2020
f 1714 1713 1716
f 1716 1715 1714
f 1717 1716 1719
f 1719 1718 1717
f 1720 1719 1722
f 1722 1721 1720
f 1723 1722 1725
f 1719 2004 1722
f 1716 2006 1719
f 2002 1725 1722
f 1731 1998 1996
f 1996 1995 1994
f 1725 2000 1728
f 1992 1994 1993
f 1728 1998 1731
f 1727 1726 1728
f 1992 1737 1994
f 1726 1725 1728
f 1991 1990 1992
f 1734 1996 1994
f 1725 1724 1723
f 1729 1731 1730
f 1729 1728 1731
f 1732 1734 1733
f 1734 1732 1731
f 1996 1734 1731
f 1735 1737 1736
f 1737 1735 1734
f 1738 1740 1739
f 1740 1738 1737
f 1992 1740 1737
f 1994 1737 1734
f 1741 1743 1742
f 1741 1740 1743
f 1989 1988 1990
f 1743 1988 1746
f 1990 1988 1743
f 1740 1990 1743
f 1988 1986 1746
f 1744 1746 1745
f 1746 1744 1743
f 1747 1749 1748
f 1749 1747 1746
f 1749 1746 1986
f 1988 1987 1986
f 1992 1990 1740
f 1749 1984 1752
f 1984 1986 1985
f 1749 1752 1750
f 1984 1983 1982
f 1984 1982 1752
f 1752 1982 1755
f 1752 1751 1750
f 1755 1754 1753
f 1758 1756 1755
f 1752 1755 1753
f 1755 1982 1980
f 1984 1749 1986
f 1980 1979 1978
f 1980 1758 1755
f 1976 1978 1977
f 1980 1978 1758
f 1757 1756 1758
f 1759 1758 1978
f 1975 1974 1976
f 1974 1973 1972
f 1761 1976 1762
f 1978 1976 1761
f 1764 1976 1974
f 1982 1981 1980
f 1759 1978 1761
f 1762 1976 1764
f 1764 1763 1762
f 1767 1974 1972
f 1764 1974 1767
f 1760 1759 1761
f 1765 1767 1766
f 1767 1765 1764
f 1768 1770 1769
f 1768 1767 1972
f 1972 1770 1768
f 1972 1970 1770
f 1970 1771 1770
f 1773 1771 1970
f 1970 1972 1971
f 1968 1967 1776
f 1969 1968 1970
f 1773 1970 1968
f 1773 1772 1771
f 1774 1773 1776
f 1776 1775 1774
f 1777 1776 1967
f 1773 1968 1776
f 1967 1966 1777
f 1779 1778 1780
f 1781 1780 1965
f 1965 1780 1778
f 1965 1778 1777
f 1781 1965 1963
f 1777 1966 1965
f 1782 1781 1783
f 1783 1781 1963
f 1785 1784 1786
f 1961 1786 1784
f 1783 1963 1784
f 1961 1963 1962
f 1964 1963 1965
f 1961 1787 1786
f 1960 1959 1961
f 1961 1959 1787
f 1788 1787 1789
f 1787 1959 1789
f 1959 1790 1789
f 1959 1957 1790
f 1790 1957 1792
f 1958 1957 1959
f 1784 1963 1961
f 1792 1957 1793
f 1795 1955 1796
f 1955 1795 1793
f 1793 1795 1794
f 1791 1790 1792
f 1798 1797 1796
f 1801 1799 1802
f 1801 1800 1799
f 1799 1798 1953
f 1798 1796 1953
f 1804 1802 1805
f 1953 1796 1955
f 1951 1802 1799
f 1805 1802 1949
f 1954 1953 1955
f 1808 1805 1947
f 1957 1955 1793
f 1806 1805 1807
f 1945 1810 1808
f 1810 1809 1808
f 1805 1808 1807
f 1799 1953 1951
f 1804 1803 1802
f 1956 1955 1957
f 1951 1949 1802
f 1949 1951 1950
f 1951 1953 1952
f 1947 1805 1949
f 1814 1811 1943
f 1814 1813 1811
f 1815 1814 1816
f 1817 1816 1814
f 1819 1818 1817
f 1817 1814 1941
f 1808 1947 1945
f 1813 1812 1811
f 1948 1947 1949
f 1946 1945 1947
f 1945 1944 1943
f 1945 1811 1810
f 1943 1942 1941
f 1939 1817 1941
f 1940 1939 1941
f 1817 1939 1820
f 1814 1943 1941
f 1811 1945 1943
f 1938 1937 1939
f 1819 1817 1820
f 1821 1820 1822
f 1937 1823 1822
f 1824 1823 1825
f 1822 1820 1937
f 1826 1825 1823
f 1827 1826 1828
f 1829 1828 1826
f 1830 1829 1831
f 1826 1933 1829
f 1823 1935 1826
f 1937 1936 1935
f 1933 1826 1935
f 1934 1933 1935
f 1933 1932 1931
f 1931 1829 1933
f 1931 1832 1829
f 1832 1831 1829
f 1929 1931 1930
f 1929 1832 1931
f 1928 1927 1929
f 1835 1929 1927
f 1935 1823 1937
f 1939 1937 1820
f 1834 1833 1832
f 1835 1927 1838
f 1836 1835 1837
f 1835 1834 1832
f 1838 1837 1835
f 1839 1838 1840
f 1841 1840 1838
f 1842 1841 1843
f 1838 1925 1841
f 1832 1929 1835
f 1843 1841 1844
f 1841 1925 1923
f 1841 1923 1844
f 1924 1923 1925
f 1853 1850 1917
f 1838 1927 1925
f 1847 1844 1921
f 1846 1845 1844
f 1847 1850 1849
f 1919 1850 1847
f 1847 1849 1848
f 1846 1844 1847
f 1923 1921 1844
f 1927 1926 1925
f 1852 1851 1850
f 1853 1856 1855
f 1859 1856 1913
f 1853 1855 1854
f 1852 1850 1853
f 1858 1857 1856
f 1859 1861 1860
f 1861 1859 1862
f 1858 1856 1859
f 1856 1853 1915
f 1862 1864 1863
f 1865 1864 1862
f 1865 1868 1867
f 1907 1868 1865
f 1865 1867 1866
f 1862 1859 1911
f 1869 1868 1870
f 1871 1873 1872
f 1874 1873 1871
f 1868 1871 1870
f 1871 1868 1905
f 1909 1865 1862
f 1919 1921 1920
f 1922 1921 1923
f 1917 1850 1919
f 1918 1917 1919
f 1915 1853 1917
f 1859 1913 1911
f 1856 1915 1913
f 1916 1915 1917
f 1911 1913 1912
f 1914 1913 1915
f 1909 1862 1911
f 1909 1907 1865
f 1919 1847 1921
f 1910 1909 1911
f 1908 1907 1909
f 1907 1906 1905
f 1905 1868 1907
f 1905 1904 1903
f 1874 1871 1903
f 1902 1901 1903
f 1874 1901 1877
f 1901 1874 1903
f 1905 1903 1871
f 1899 1901 1900
f 1877 1880 1879
f 1883 1880 1897
f 1877 1879 1878
f 1874 1877 1876
f 1881 1880 1882
f 1883 1882 1880
f 1884 1883 1885
f 1886 1885 1883
f 1887 1886 1888
f 1883 1895 1886
f 1880 1877 1899
f 1899 1898 1897
f 1895 1883 1897
f 1896 1895 1897
f 1895 1894 1893
f 1893 1886 1895
f 1888 1886 1889
f 1890 1889 1891
f 1889 1892 1891
f 1892 1889 1893
f 1893 1889 1886
f 1897 1880 1899
f 1901 1899 1877
f 1874 1876 1875
f 905 2158 2157
f 2157 2156 2155
f 2160 905 2162
f 904 2160 2159
f 904 905 2160
f 2155 2154 2153
f 2157 2162 905
f 2155 2164 2157
f 2153 2152 2151
f 2151 2150 2149
f 2168 2153 2151
f 2149 2148 2147
f 2145 2174 2147
f 2170 2151 2149
f 2155 2153 2166
f 2172 2149 2147
f 2162 2157 2164
f 2160 2162 2161
f 2163 2162 2164
f 2167 2166 2168
f 2164 2166 2165
f 2166 2164 2155
f 2169 2168 2170
f 2151 2170 2168
f 2153 2168 2166
f 2171 2170 2172
f 2174 2176 2175
f 2145 2176 2174
f 2172 2174 2173
f 2172 2170 2149
f 2147 2174 2172
f 2147 2146 2145
f 2145 2144 2143
f 2143 2142 2141
f 2143 2178 2176
f 2176 2178 2177
f 2178 2141 2139
f 2143 2141 2178
f 2139 2141 2140
f 2176 2145 2143
f 2139 2138 2137
f 2137 2136 2135
f 2180 2139 2137
f 2135 2134 2133
f 2131 2133 2132
f 2133 2184 2135
f 2137 2135 2182
f 2180 2178 2139
f 2180 2179 2178
f 2182 2181 2180
f 2135 2184 2182
f 2184 2183 2182
f 2186 2185 2184
f 2133 2186 2184
f 2180 2137 2182
f 2131 2129 2188
f 2131 2130 2129
f 2129 2128 2127
f 2127 2190 2129
f 2129 2190 2188
f 2123 2125 2124
f 2125 2127 2126
f 2192 2127 2125
f 2131 2188 2186
f 2186 2133 2131
f 2187 2186 2188
f 2190 2127 2192
f 2190 2189 2188
f 2191 2190 2192
f 2195 2194 2196
f 2192 2194 2193
f 2125 2194 2192
f 2196 2123 2198
f 2123 2122 2121
f 2121 2120 2119
f 2119 2200 2121
f 2123 2121 2198
f 2115 2117 2116
f 2117 2119 2118
f 2119 2117 2200
f 2196 2194 2125
f 2125 2123 2196
f 2198 2197 2196
f 2200 2199 2198
f 2121 2200 2198
f 2040 2039 2284
f 2202 2201 2200
f 2117 2202 2200
f 2113 2204 2202
f 2115 2114 2113
f 2113 2112 2111
f 2203 2202 2204
f 2204 2206 2205
f 2206 2204 2111
f 2109 2206 2111
f 2204 2113 2111
f 2202 2115 2113
f 2115 2202 2117
f 2110 2109 2111
f 2109 2108 2107
f 2210 2107 2105
f 2109 2107 2208
f 2207 2206 2208
f 2103 2101 2210
f 2210 2209 2208
f 2208 2107 2210
f 2107 2106 2105
f 2208 2206 2109
f 2105 2104 2103
f 2103 2102 2101
f 2210 2101 2211
f 2101 2100 2211
f 2212 2211 2213
f 2099 2213 2211
f 2211 2100 2099
f 2103 2210 2105
f 2215 2217 2216
f 2217 2215 2098
f 2213 2215 2214
f 2221 2220 2219
f 2218 2217 2219
f 2219 2217 2096
f 2217 2098 2096
f 2219 2096 2221
f 2225 2223 2092
f 2221 2094 2223
f 2213 2098 2215
f 2092 2227 2225
f 2227 2226 2225
f 2224 2223 2225
f 2223 2222 2221
f 2213 2099 2098
f 2229 2228 2227
f 2221 2096 2094
f 2231 2229 2090
f 2092 2223 2094
f 2096 2098 2097
f 2230 2229 2231
f 2232 2231 2233
f 2234 2233 2235
f 2088 2233 2231
f 2095 2094 2096
f 2093 2092 2094
f 2229 2227 2090
f 2236 2235 2237
f 2237 2235 2086
f 2091 2090 2092
f 2233 2088 2235
f 2231 2090 2088
f 2092 2090 2227
f 2238 2237 2239
f 2240 2239 2241
f 2239 2237 2084
f 2242 2241 2243
f 2244 2243 2245
f 2243 2241 2080
f 2241 2239 2082
f 2246 2245 2247
f 2248 2247 2249
f 2245 2243 2078
f 2250 2249 2251
f 2253 2252 2251
f 2251 2249 2074
f 2076 2249 2247
f 2245 2078 2247
f 2089 2088 2090
f 2087 2086 2088
f 2086 2084 2237
f 2085 2084 2086
f 2083 2082 2084
f 2239 2084 2082
f 2241 2082 2080
f 2081 2080 2082
f 2079 2078 2080
f 2078 2243 2080
f 2077 2076 2078
f 2075 2074 2076
f 2074 2073 2072
f 2072 2251 2074
f 2076 2247 2078
f 2076 2074 2249
f 2255 2253 2070
f 2072 2070 2253
f 2070 2072 2071
f 2251 2072 2253
f 2255 2070 2257
f 2257 2259 2258
f 2068 2259 2257
f 2256 2255 2257
f 2257 2070 2068
f 2255 2254 2253
f 2070 2069 2068
f 2068 2067 2066
f 2265 2066 2064
f 2064 2066 2065
f 2063 2062 2064
f 2068 2066 2261
f 2259 2068 2261
f 2267 2064 2062
f 2086 2235 2088
f 2263 2262 2261
f 2259 2261 2260
f 2304 2303 2302
f 2302 2301 2304
f 2304 2301 2299
f 2265 2264 2263
f 2265 2267 2266
f 2062 2269 2267
f 2267 2265 2064
f 2271 2269 2062
f 2271 2270 2269
f 2268 2267 2269
f 2265 2263 2066
f 2261 2066 2263
f 2300 2299 2301
f 2298 2297 2299
f 2295 2304 2297
f 2293 2295 2294
f 2296 2295 2297
f 2291 2304 2293
f 2292 2291 2293
f 2293 2304 2295
f 2304 2299 2297
f 2289 2291 2290
f 2288 2287 2289
f 2286 2285 2287
f 2285 2284 2039
f 2039 2287 2285
f 2289 2287 2039
f 2289 2304 2291
f 2271 2273 2272
f 2039 2304 2289
f 2056 2271 2058
f 2058 2060 2059
f 2271 2060 2058
f 2056 2058 2057
f 2274 2273 2275
f 2275 2056 2054
f 2056 2275 2273
f 2271 2056 2273
f 2060 2271 2062
f 2056 2055 2054
f 2054 2053 2052
f 2281 2052 2050
f 2050 2052 2051
f 2049 2048 2050
f 2054 2052 2277
f 2275 2054 2277
f 2281 2050 2048
f 2277 2279 2278
f 2279 2052 2281
f 2275 2277 2276
f 2281 2283 2282
f 2283 2281 2048
f 2280 2279 2281
f 2279 2277 2052
f 2046 2283 2048
f 2045 2044 2046
f 2044 2042 2283
f 2043 2042 2044
f 2042 715 2041
f 715 2042 714
f 2041 2283 2042
f 2283 2046 2044
f 2047 2046 2048
f 2283 2041 2284
f 2061 2060 2062
f 2284 2041 2040
f 2527 2418 2529
f 2419 2418 2420
f 2423 2422 2424
f 2524 2420 2418
f 2422 2420 2520
f 2421 2420 2422
f 2527 2526 2418
f 2530 2418 2416
f 2533 2414 2535
f 2415 2414 2416
f 2416 2414 2533
f 2529 2418 2530
f 2531 2530 2532
f 2527 2529 2528
f 2532 2530 2416
f 2535 2534 2533
f 2416 2533 2532
f 2412 2414 2413
f 2416 2418 2417
f 2335 2305 2641
f 2426 2425 2424
f 2511 2428 2426
f 2428 2427 2426
f 2433 2432 2434
f 2430 2429 2428
f 2508 2430 2428
f 2431 2430 2432
f 2506 2432 2430
f 2512 2426 2424
f 2524 2523 2521
f 2526 2525 2524
f 2521 2520 2420
f 2422 2515 2424
f 2519 2518 2520
f 2517 2515 2422
f 2517 2422 2518
f 2522 2521 2523
f 2520 2518 2422
f 2420 2524 2521
f 2418 2526 2524
f 2401 2400 2399
f 2399 2398 2397
f 2403 2401 2555
f 2404 2403 2405
f 2403 2402 2401
f 2405 2403 2552
f 2407 2406 2405
f 2401 2399 2555
f 2392 2391 2393
f 2389 2391 2390
f 2561 2395 2393
f 2394 2393 2395
f 2558 2555 2399
f 2403 2555 2552
f 2550 2552 2551
f 2552 2550 2405
f 2397 2558 2399
f 2395 2561 2397
f 2553 2552 2555
f 2396 2395 2397
f 2393 2391 2564
f 2407 2405 2550
f 2412 2411 2410
f 2410 2541 2539
f 2542 2541 2410
f 2539 2541 2540
f 2410 2539 2412
f 2412 2539 2538
f 2535 2414 2536
f 2538 2537 2536
f 2536 2412 2538
f 2536 2414 2412
f 2410 2548 2547
f 2408 2407 2409
f 2548 2409 2549
f 2409 2548 2410
f 2545 2410 2547
f 2409 2407 2550
f 2542 2544 2543
f 2542 2410 2544
f 2547 2546 2545
f 2545 2544 2410
f 2550 2549 2409
f 2335 2641 2640
f 2454 2453 2452
f 2454 2467 2456
f 2456 2455 2454
f 2461 2460 907
f 2458 2457 2456
f 2456 2464 2458
f 2459 2458 2460
f 906 2460 2458
f 2470 2454 2452
f 2482 2444 2485
f 2444 2446 2445
f 2449 2448 2450
f 2476 2450 2448
f 2451 2450 2452
f 2479 2446 2482
f 2482 2446 2444
f 2448 2446 2479
f 2447 2446 2448
f 2452 2450 2473
f 2444 2443 2442
f 2481 2479 2482
f 2464 2467 2466
f 906 2458 2464
f 2467 2469 2468
f 2470 2469 2467
f 2456 2467 2464
f 2462 906 2463
f 2464 2463 906
f 2465 2464 2466
f 907 2460 906
f 2476 2475 2473
f 2479 2478 2476
f 2480 2479 2481
f 2477 2476 2478
f 2450 2476 2473
f 2470 2472 2471
f 2472 2470 2473
f 2475 2474 2473
f 2470 2467 2454
f 2452 2473 2470
f 2448 2479 2476
f 2436 2435 2434
f 2503 2434 2432
f 2500 2436 2434
f 2438 2437 2436
f 2441 2440 2442
f 2438 2436 2497
f 2505 2503 2506
f 2504 2503 2505
f 2440 2438 2494
f 2439 2438 2440
f 2434 2503 2502
f 2513 2512 2514
f 2515 2514 2512
f 2516 2515 2517
f 2512 2511 2426
f 2506 2508 2507
f 2506 2430 2508
f 2509 2511 2510
f 2509 2428 2511
f 2432 2506 2503
f 2509 2508 2428
f 2424 2515 2512
f 2442 2488 2485
f 2488 2442 2491
f 2491 2490 2488
f 2492 2491 2493
f 2488 2490 2489
f 2440 2491 2442
f 2483 2482 2484
f 2484 2482 2485
f 2487 2486 2485
f 2485 2488 2487
f 2444 2442 2485
f 2499 2497 2436
f 2502 2501 2500
f 2500 2499 2436
f 2494 2493 2491
f 2495 2494 2496
f 2497 2496 2494
f 2498 2497 2499
f 2494 2491 2440
f 2438 2497 2494
f 2434 2502 2500
f 2321 2324 2322
f 2306 2324 2321
f 2324 2323 2322
f 2327 2325 2324
f 2327 2306 2305
f 2321 2320 2319
f 2315 2318 2316
f 2321 2318 2306
f 2318 2317 2316
f 2318 2321 2319
f 2315 2306 2318
f 2333 2331 2330
f 2331 2333 2332
f 2334 2333 2305
f 2305 2335 2334
f 2328 2327 2330
f 2329 2328 2330
f 2326 2325 2327
f 2330 2327 2305
f 2327 2324 2306
f 2312 2310 2309
f 2310 2312 2311
f 2314 2313 2315
f 2312 2315 2313
f 2307 2306 2308
f 2308 2306 2309
f 2306 2312 2309
f 2312 2306 2315
f 2351 2350 2349
f 2349 2348 2347
f 2606 2353 2351
f 2357 2356 2355
f 2353 2355 2354
f 2353 2352 2351
f 2603 2355 2353
f 2600 2357 2355
f 2351 2349 2606
f 2359 2358 2357
f 2330 2305 2333
f 2337 2339 2338
f 2630 2337 2633
f 2627 2339 2337
f 2340 2339 2341
f 2341 2621 2343
f 2341 2343 2342
f 2341 2339 2621
f 2345 2344 2343
f 2630 2627 2337
f 2337 2336 2639
f 2636 2635 2634
f 2637 2639 2638
f 2639 2637 2636
f 2636 2337 2639
f 2630 2629 2628
f 2634 2633 2636
f 2633 2632 2631
f 2633 2631 2630
f 2633 2337 2636
f 2336 2335 2639
f 2627 2630 2628
f 2347 2345 2615
f 2347 2346 2345
f 2618 2615 2345
f 2616 2615 2618
f 2615 2612 2349
f 2343 2618 2345
f 2613 2615 2614
f 2609 2612 2610
f 2609 2349 2612
f 2610 2612 2611
f 2612 2615 2613
f 2606 2349 2609
f 2347 2615 2349
f 2624 2627 2625
f 2618 2343 2621
f 2626 2625 2627
f 2624 2623 2622
f 2619 2618 2621
f 2619 2621 2620
f 2618 2617 2616
f 2621 2624 2622
f 2339 2624 2621
f 2339 2627 2624
f 2335 2640 2639
f 2607 2609 2608
f 2374 2373 2375
f 2376 2375 2377
f 2381 2380 2379
f 2378 2377 2379
f 2576 2381 2379
f 2573 2383 2381
f 2579 2379 2377
f 2364 2363 2365
f 2361 2363 2362
f 2594 2367 2365
f 2372 2371 2373
f 2370 2369 2371
f 2585 2373 2371
f 2367 2369 2368
f 2367 2366 2365
f 2371 2369 2588
f 2582 2375 2373
f 2591 2369 2367
f 2375 2582 2377
f 2386 2385 2387
f 2385 2384 2383
f 2567 2389 2387
f 2388 2387 2389
f 2553 2555 2554
f 2558 2397 2561
f 2557 2556 2558
f 2556 2555 2558
f 2391 2389 2564
f 2567 2387 2385
f 2570 2567 2385
f 2383 2382 2381
f 2564 2567 2565
f 2564 2389 2567
f 2565 2567 2566
f 2570 2385 2383
f 2564 2561 2393
f 2558 2561 2559
f 2559 2561 2560
f 2562 2561 2564
f 2564 2563 2562
f 2365 2363 2594
f 2361 2359 2597
f 2359 2361 2360
f 2594 2597 2595
f 2594 2363 2597
f 2595 2597 2596
f 2359 2600 2597
f 2594 2591 2367
f 2591 2588 2369
f 2589 2591 2590
f 2592 2591 2594
f 2594 2593 2592
f 2588 2591 2589
f 2603 2606 2604
f 2600 2359 2357
f 2606 2605 2604
f 2353 2606 2603
f 2598 2597 2600
f 2598 2600 2599
f 2602 2601 2603
f 2600 2603 2601
f 2355 2603 2600
f 2609 2607 2606
f 2573 2576 2574
f 2381 2576 2573
f 2576 2575 2574
f 2577 2576 2579
f 2579 2576 2379
f 2570 2568 2567
f 2568 2570 2569
f 2571 2570 2573
f 2573 2572 2571
f 2383 2573 2570
f 2585 2584 2583
f 2588 2587 2586
f 2588 2586 2585
f 2371 2588 2585
f 2577 2579 2578
f 2580 2579 2582
f 2582 2581 2580
f 2582 2585 2583
f 2582 2373 2585
f 2579 2377 2582
f 2597 2363 2361
f 2891 2890 2892
f 2889 2888 2890
f 2688 2890 2888
f 2894 2893 2892
f 2892 2684 2894
f 2894 2896 2895
f 2686 2892 2890
f 2885 2884 2886
f 2883 2882 2884
f 2692 2884 2694
f 2886 2690 2888
f 2691 2690 2692
f 2692 2690 2886
f 2692 2886 2884
f 2692 2694 2693
f 2886 2888 2887
f 2694 2884 2882
f 2688 2888 2690
f 2903 2902 2904
f 2901 2900 2902
f 2674 2904 2902
f 2906 2905 2904
f 2672 2906 2904
f 2906 2908 2907
f 2676 2902 2900
f 2899 2898 2900
f 2688 2686 2890
f 2690 2689 2688
f 2680 2898 2896
f 2897 2896 2898
f 2892 2686 2684
f 2684 2682 2894
f 2685 2684 2686
f 2688 2687 2686
f 2682 2896 2894
f 2898 2678 2900
f 2871 2870 2872
f 2869 2868 2870
f 2706 2870 2708
f 2875 2874 2876
f 2872 2870 2706
f 2874 2872 2704
f 2873 2872 2874
f 2704 2872 2706
f 2870 2868 2708
f 2866 2710 2868
f 2864 2712 2866
f 2712 2864 2713
f 2864 2866 2865
f 2866 2712 2710
f 2706 2708 2707
f 2709 2708 2710
f 2712 2711 2710
f 2868 2710 2708
f 2864 2863 2713
f 2868 2867 2866
f 2878 2698 2880
f 2880 2879 2878
f 2695 2694 2696
f 2880 2698 2696
f 2697 2696 2698
f 2696 2694 2882
f 2880 2696 2882
f 2878 2877 2876
f 2880 2882 2881
f 2876 2702 2700
f 2876 2874 2702
f 2706 2705 2704
f 2702 2704 2703
f 2702 2874 2704
f 2699 2698 2700
f 2702 2701 2700
f 2878 2700 2698
f 2700 2878 2876
f 2931 2930 2932
f 2929 2928 2930
f 2932 2930 2648
f 2934 2933 2932
f 2934 2932 2646
f 2936 2935 2934
f 2650 2930 2928
f 2920 2658 2922
f 2922 2921 2920
f 2927 2926 2928
f 2924 2923 2922
f 2656 2924 2922
f 2925 2924 2926
f 2652 2928 2926
f 2924 2654 2926
f 2658 2656 2922
f 2642 2939 2938
f 2938 2936 2643
f 2937 2936 2938
f 2642 2938 2643
f 2644 2643 2936
f 2646 2645 2644
f 2648 2647 2646
f 2936 2934 2644
f 2934 2646 2644
f 2653 2652 2654
f 2928 2652 2650
f 2656 2655 2654
f 2658 2657 2656
f 2654 2652 2926
f 2649 2648 2650
f 2652 2651 2650
f 2648 2646 2932
f 2930 2650 2648
f 2924 2656 2654
f 2920 2919 2918
f 2910 2912 2911
f 2918 2917 2916
f 2915 2914 2916
f 2664 2914 2912
f 910 2918 2916
f 2913 2912 2914
f 2914 2662 2916
f 2912 2910 2666
f 2900 2678 2676
f 2898 2680 2678
f 2682 2681 2680
f 2683 2682 2684
f 2909 2908 2910
f 2675 2674 2676
f 2904 2674 2672
f 2678 2677 2676
f 2679 2678 2680
f 2676 2674 2902
f 2910 2908 2668
f 2682 2680 2896
f 2670 2906 2672
f 909 910 2662
f 910 2916 2662
f 2664 2663 2662
f 2914 2664 2662
f 2659 2658 2660
f 910 2661 2660
f 2918 910 2660
f 2658 2920 2660
f 2669 2668 2670
f 2668 2666 2910
f 2674 2673 2672
f 2670 2672 2671
f 2908 2906 2670
f 2666 2665 2664
f 2667 2666 2668
f 2668 2908 2670
f 2912 2666 2664
f 2660 2920 2918
f 2809 2767 2811
f 2807 2809 2808
f 2806 2805 2807
f 2812 2811 2813
f 2811 2810 2809
f 2815 2813 2763
f 2814 2813 2815
f 2811 2765 2813
f 2798 2797 2799
f 2800 2799 2801
f 2805 2804 2803
f 2802 2801 2803
f 2773 2805 2803
f 2769 2809 2807
f 2803 2801 2775
f 2805 2771 2807
f 2820 2819 2821
f 2822 2821 2823
f 2825 2751 2827
f 2825 2827 2826
f 2823 2825 2824
f 2753 2825 2823
f 2821 2755 2823
f 2818 2817 2819
f 2759 2817 2761
f 2815 2817 2816
f 2815 2761 2817
f 2817 2759 2819
f 2819 2759 2757
f 2753 2755 2754
f 2823 2755 2753
f 2756 2755 2757
f 2757 2755 2821
f 2758 2757 2759
f 2821 2819 2757
f 2751 2825 2753
f 2777 2801 2799
f 2793 2791 2785
f 2789 2791 2790
f 2788 2787 2789
f 2796 2795 2797
f 2793 2795 2794
f 2793 2792 2791
f 2795 2793 2783
f 2797 2795 2781
f 2791 2789 2785
f 2783 2781 2795
f 2793 2785 2783
f 2785 2789 2786
f 2785 2784 2783
f 2779 2777 2799
f 2782 2781 2783
f 2781 2780 2779
f 2797 2781 2779
f 2786 2789 2787
f 2777 2779 2778
f 2765 2767 2766
f 2811 2767 2765
f 2765 2764 2763
f 2760 2759 2761
f 2762 2761 2763
f 2763 2761 2815
f 2813 2765 2763
f 2773 2775 2774
f 2803 2775 2773
f 2776 2775 2777
f 2777 2775 2801
f 2769 2771 2770
f 2767 2809 2769
f 2771 2773 2772
f 2769 2768 2767
f 2771 2805 2773
f 2769 2807 2771
f 2797 2779 2799
f 2849 2848 2847
f 2847 2846 2845
f 2727 2849 2729
f 2852 2851 2853
f 2851 2850 2849
f 2853 2851 2725
f 2855 2854 2853
f 2849 2727 2851
f 2843 2733 2845
f 2842 2841 2843
f 2844 2843 2845
f 2729 2849 2847
f 2851 2727 2725
f 2726 2725 2727
f 2845 2731 2847
f 2853 2725 2723
f 2724 2723 2725
f 2859 2717 2861
f 2858 2857 2859
f 2860 2859 2861
f 2863 2862 2861
f 2861 2717 2715
f 2715 2714 2863
f 2861 2715 2863
f 2863 2714 2713
f 2857 2855 2721
f 2855 2857 2856
f 2721 2723 2722
f 2723 2721 2855
f 2855 2853 2723
f 2857 2721 2719
f 2717 2716 2715
f 2720 2719 2721
f 2719 2718 2717
f 2859 2719 2717
f 2719 2859 2857
f 2831 2830 2829
f 2828 2827 2829
f 2833 2831 2745
f 2834 2833 2835
f 2833 2832 2831
f 2835 2833 2743
f 2837 2836 2835
f 2831 2829 2747
f 2749 2748 2747
f 2827 2751 2749
f 2751 2750 2749
f 2747 2829 2749
f 2743 2745 2744
f 2745 2743 2833
f 2746 2745 2747
f 2831 2747 2745
f 2827 2749 2829
f 2753 2752 2751
f 2741 2835 2743
f 2840 2839 2841
f 2843 2735 2733
f 2837 2839 2838
f 2839 2737 2841
f 2729 2728 2727
f 2731 2845 2733
f 2732 2731 2733
f 2731 2730 2729
f 2847 2731 2729
f 2839 2837 2739
f 2841 2735 2843
f 2739 2738 2737
f 2741 2837 2835
f 2741 2740 2739
f 2839 2739 2737
f 2734 2733 2735
f 2736 2735 2737
f 2841 2737 2735
f 2739 2837 2741
f 2743 2742 2741
f 2940 2987 2942
f 2942 2987 2945
f 2940 2942 2941
f 2945 2943 2942
f 2944 2943 2945
f 2945 2987 2948
f 2985 2984 2983
f 2986 2985 2987
f 2983 2982 2981
f 2985 2983 2948
f 2987 2985 2948
f 2951 2983 2981
f 2946 2945 2948
f 2946 2948 2947
f 2950 2949 2951
f 2948 2951 2949
f 2951 2954 2952
f 2951 2981 2954
f 2952 2954 2953
f 2957 2956 2955
f 2955 2954 2957
f 2954 2979 2957
f 2948 2983 2951
f 2954 2981 2979
f 2979 2978 2977
f 2957 2979 2977
f 2977 2976 2975
f 2977 2975 2960
f 2977 2960 2957
f 2973 2972 2971
f 2974 2973 2975
f 2969 2971 2970
f 2975 2973 2963
f 2966 2973 2971
f 2958 2960 2959
f 2957 2960 2958
f 2961 2963 2962
f 2963 2961 2960
f 2975 2963 2960
f 2964 2963 2966
f 2963 2973 2966
f 911 2969 2968
f 912 2969 911
f 2966 2965 2964
f 912 2967 2969
f 2971 2967 2966
f 2971 2969 2967
f 2979 2981 2980
f 3166 3162 745
f 3162 3166 914
f 914 3168 3167
f 3168 914 3166
f 913 914 3167
f 745 3162 744
f 744 3160 735
f 734 735 3159
f 744 735 3163
f 3161 744 3162
f 3163 913 3167
f 3164 734 725
f 744 3163 3167
f 3165 913 3163
f 3038 3035 3169
f 3039 3038 3040
f 3035 3038 3037
f 3029 3169 3035
f 3037 3036 3035
f 3002 3164 3169
f 3165 3164 913
f 3044 3041 3047
f 3171 3041 3169
f 3041 3044 3043
f 3040 3038 3041
f 3042 3041 3043
f 3041 3038 3169
f 3169 3164 725
f 725 734 3147
f 3034 3032 3035
f 3171 3170 3056
f 3047 3041 3171
f 3056 3059 3058
f 3059 3056 3170
f 3057 3056 3058
f 3170 3062 3059
f 3050 3171 3056
f 3062 3065 3064
f 3062 3061 3059
f 3073 3170 724
f 3062 3064 3063
f 3060 3059 3061
f 3062 3170 3065
f 724 725 3105
f 3047 3050 3049
f 3047 3171 3050
f 3047 3049 3048
f 3045 3044 3046
f 3046 3044 3047
f 3054 3053 3055
f 3053 3050 3056
f 3052 3051 3050
f 3053 3052 3050
f 3055 3053 3056
f 744 3161 3160
f 3002 3001 2999
f 3004 3002 3005
f 3003 3002 3004
f 3001 3000 2999
f 3002 2999 2996
f 3008 3010 3009
f 3010 3008 3011
f 3005 3007 3006
f 3007 3005 3008
f 3008 3005 3169
f 3002 3169 3005
f 2989 913 2990
f 3164 2990 913
f 2992 2990 2993
f 2991 2990 2992
f 2989 2988 913
f 2995 2993 2996
f 2990 3164 2993
f 2998 2996 2999
f 2997 2996 2998
f 2995 2994 2993
f 2996 2993 3002
f 3002 2993 3164
f 3026 3025 3023
f 3028 3026 3029
f 3027 3026 3028
f 3025 3024 3023
f 3026 3023 3020
f 3032 3031 3029
f 3032 3034 3033
f 3031 3030 3029
f 3026 3011 3169
f 3011 3008 3169
f 3014 3016 3015
f 3016 3014 3017
f 3011 3013 3012
f 3013 3011 3014
f 3014 3011 3020
f 3020 3019 3017
f 3022 3020 3023
f 3021 3020 3022
f 3019 3018 3017
f 3020 3017 3014
f 3011 3026 3020
f 3169 3029 3026
f 3032 3029 3035
f 3130 3129 3132
f 3129 3128 3127
f 3127 3126 3129
f 3126 3125 3124
f 3129 3126 3132
f 3136 3135 3138
f 3135 3134 3133
f 3133 3132 3135
f 3132 3131 3130
f 3138 3135 3132
f 3123 725 3126
f 3120 3117 3123
f 3118 3117 3120
f 3117 3116 3115
f 3115 3114 3117
f 3114 3113 3112
f 725 3132 3126
f 3124 3123 3126
f 3123 3122 3121
f 3120 3119 3118
f 3121 3120 3123
f 725 3123 3117
f 3114 725 3117
f 3153 3156 3154
f 3147 734 3150
f 3154 3156 3155
f 3151 3153 3152
f 3151 3150 3153
f 3150 3149 3148
f 725 3147 3144
f 3160 3159 735
f 3159 3158 3157
f 3157 3156 3159
f 734 3156 3153
f 3141 3144 3142
f 3141 3132 725
f 3142 3144 3143
f 3139 3141 3140
f 3139 3138 3141
f 3138 3137 3136
f 3141 3138 3132
f 3148 3147 3150
f 3147 3146 3145
f 3145 3144 3147
f 3141 725 3144
f 3153 3150 734
f 3111 725 3114
f 3087 3084 724
f 3082 3081 3084
f 3081 3080 3079
f 3079 3078 3081
f 3078 3077 3076
f 3075 724 3078
f 724 3090 3087
f 3088 3087 3090
f 3087 3086 3085
f 3083 3082 3084
f 3084 3087 3085
f 3078 724 3081
f 3068 3070 3069
f 3070 3068 3071
f 3065 3067 3066
f 3067 3065 3068
f 3170 3068 3065
f 3073 724 3075
f 3075 3074 3073
f 3071 3073 3072
f 3071 3170 3073
f 3071 3068 3170
f 3078 3076 3075
f 3081 724 3084
f 3108 3105 3111
f 3106 3105 3108
f 3105 3104 3103
f 3103 3102 3105
f 3102 3101 3100
f 3099 3096 724
f 3112 3111 3114
f 3111 3110 3109
f 3108 3107 3106
f 3109 3108 3111
f 724 3105 3102
f 3093 724 3096
f 3094 3093 3096
f 3093 3092 3091
f 3089 3088 3090
f 3093 3091 3090
f 3100 3099 3102
f 3099 3098 3097
f 3096 3095 3094
f 3097 3096 3099
f 724 3093 3090
f 3099 724 3102
f 3111 3105 725
f 3159 3156 734
f 3172 3177 3174
f 3177 3172 3178
f 3180 3181 3178
f 3178 3172 3180
f 3183 3179 3178
f 3174 3173 3172
f 3175 3174 3177
f 3177 3176 3175
f 3178 3181 3183
f 755 3180 917
f 3180 755 3181
f 917 754 755
f 754 917 918
f 3179 3183 3182
f 3182 918 3179
f 754 918 3182
f 3185 3184 3186
f 3186 919 920
f 3186 920 3185
f 3187 3190 3188
f 3190 3189 3188
f 3188 921 922
f 921 3188 3189
f 3196 3195 17
f 17 18 3196
f 3196 18 16
f 3191 16 3194
f 16 3191 3196
f 3192 3194 3197
f 3191 3194 3192
f 3194 3198 3197
f 3203 3192 3197
f 3198 3193 3199
f 3199 923 3200
f 923 3199 3193
f 3200 923 924
f 3202 3192 3203
f 3192 3202 916
f 916 3201 924
f 3201 916 3202
f 924 3201 3200
f 3194 3193 3198
f 3204 927 928
f 928 929 3205
f 928 3205 3204
f 925 3209 931
f 3209 3208 931
f 931 3207 3206
f 3207 931 3208
f 3206 930 931
f 3210 934 935
f 935 936 3211
f 935 3211 3210
f 932 3215 938
f 3215 3214 938
f 938 3213 3212
f 3213 938 3214
f 3212 937 938
f 3216 941 942
f 942 943 3217
f 942 3217 3216
f 945 939 3221
f 945 3221 3220
f 945 3219 3218
f 3219 945 3220
f 3218 944 945
f 3222 948 949
f 949 950 3223
f 949 3223 3222
f 946 3227 952
f 3227 3226 952
f 952 3225 3224
f 3225 952 3226
f 3224 951 952
f 3228 955 956
f 956 957 3229
f 956 3229 3228
f 953 3233 959
f 3233 3232 959
f 959 3231 3230
f 3231 959 3232
f 3230 958 959
f 3234 962 963
f 963 964 3235
f 963 3235 3234
f 960 3239 966
f 3239 3238 966
f 966 3237 3236
f 3237 966 3238
f 3236 965 966
f 3240 969 970
f 970 971 3241
f 970 3241 3240
f 967 3245 973
f 3245 3244 973
f 973 3243 3242
f 3243 973 3244
f 3242 972 973
f 3246 976 977
f 977 978 3247
f 977 3247 3246
f 974 3251 980
f 3251 3250 980
f 980 3249 3248
f 3249 980 3250
f 3248 979 980
f 3252 983 984
f 984 985 3253
f 984 3253 3252
f 981 3257 987
f 3257 3256 987
f 987 3255 3254
f 3255 987 3256
f 3254 986 987
f 3258 990 991
f 991 992 3259
f 991 3259 3258
f 988 3263 994
f 3263 3262 994
f 3261 3260 994
f 993 994 3260
f 3261 994 3262
f 3264 997 998
f 998 999 3265
f 998 3265 3264
f 995 3269 1001
f 3269 3268 1001
f 1001 3267 3266
f 3267 1001 3268
f 3266 1000 1001
f 3270 1004 1005
f 1005 1006 3271
f 1005 3271 3270
f 1002 3275 1008
f 3275 3274 1008
f 3273 3272 1008
f 1007 1008 3272
f 3273 1008 3274
f 3276 1011 1012
f 1012 1013 3277
f 1012 3277 3276
f 1009 3281 1015
f 3281 3280 1015
f 1015 3279 3278
f 3279 1015 3280
f 3278 1014 1015
f 3282 1018 1019
f 1019 1020 3283
f 1019 3283 3282
f 1016 3287 1022
f 3287 3286 1022
f 1022 3285 3284
f 3285 1022 3286
f 3284 1021 1022
f 3288 1025 1026
f 1026 1027 3289
f 1026 3289 3288
f 1023 3293 1029
f 3293 3292 1029
f 1029 3291 3290
f 3291 1029 3292
f 3290 1028 1029
f 3294 1032 1033
f 1033 1034 3295
f 1033 3295 3294
f 3299 3298 1036
f 1030 3299 1036
f 1036 3297 3296
f 3297 1036 3298
f 3296 1035 1036
f 3300 1039 1040
f 1040 1041 3301
f 1040 3301 3300
f 1037 3305 1043
f 3305 3304 1043
f 1043 3303 3302
f 3303 1043 3304
f 3302 1042 1043
f 3306 1046 1047
f 1047 1048 3307
f 1047 3307 3306
f 1050 1044 3311
f 1050 3311 3310
f 3309 3308 1050
f 1049 1050 3308
f 3309 1050 3310
f 3312 1053 1054
f 1054 1055 3313
f 1054 3313 3312
f 1051 3317 1057
f 3317 3316 1057
f 1057 3315 3314
f 3315 1057 3316
f 3314 1056 1057
f 3318 1060 1061
f 1061 1062 3319
f 1061 3319 3318
f 1058 3323 1064
f 3323 3322 1064
f 1064 3321 3320
f 3321 1064 3322
f 3320 1063 1064
f 3324 1067 1068
f 1068 1069 3325
f 1068 3325 3324
f 1065 3329 1071
f 3329 3328 1071
f 1071 3327 3326
f 3327 1071 3328
f 3326 1070 1071
f 3330 1074 1075
f 1075 1076 3331
f 1075 3331 3330
f 3335 3334 1078
f 1072 3335 1078
f 1078 3333 3332
f 3333 1078 3334
f 3332 1077 1078
f 3336 1081 1082
f 1082 1083 3337
f 1082 3337 3336
f 1079 3341 1085
f 3341 3340 1085
f 1085 3339 3338
f 3339 1085 3340
f 3338 1084 1085
f 3342 1088 1089
f 1089 1090 3343
f 1089 3343 3342
f 1086 3347 1092
f 3347 3346 1092
f 1092 3345 3344
f 3345 1092 3346
f 3344 1091 1092
f 3348 1095 1096
f 1096 1097 3349
f 1096 3349 3348
f 1093 3353 1099
f 3353 3352 1099
f 1099 3351 3350
f 3351 1099 3352
f 3350 1098 1099
f 3354 1102 1103
f 1103 1104 3355
f 1103 3355 3354
f 3359 3358 1106
f 1100 3359 1106
f 1106 3357 3356
f 3357 1106 3358
f 3356 1105 1106
f 3360 1109 1110
f 1110 1111 3361
f 1110 3361 3360
f 1113 1107 3365
f 1113 3365 3364
f 1113 3363 3362
f 3363 1113 3364
f 3362 1112 1113
f 3366 1116 1117
f 1117 1118 3367
f 1117 3367 3366
f 1120 1114 3371
f 1120 3371 3370
f 3369 3368 1120
f 1119 1120 3368
f 3369 1120 3370
f 3372 1123 1124
f 1124 1125 3373
f 1124 3373 3372
f 1127 1121 3377
f 1127 3377 3376
f 1127 3375 3374
f 3375 1127 3376
f 3374 1126 1127
f 3378 1130 1131
f 1131 1132 3379
f 1131 3379 3378
f 3383 3382 1134
f 1128 3383 1134
f 1134 3381 3380
f 3381 1134 3382
f 3380 1133 1134
f 3384 1137 1138
f 1138 1139 3385
f 1138 3385 3384
f 1135 3389 1141
f 3389 3388 1141
f 1141 3387 3386
f 3387 1141 3388
f 3386 1140 1141
f 3390 1144 1145
f 1145 1146 3391
f 1145 3391 3390
f 1142 3395 1148
f 3395 3394 1148
f 1148 3393 3392
f 3393 1148 3394
f 3392 1147 1148
f 3396 1151 1152
f 1152 1153 3397
f 1152 3397 3396
f 1155 1149 3401
f 1155 3401 3400
f 1155 3399 3398
f 3399 1155 3400
f 3398 1154 1155
f 3402 1158 1159
f 1159 1160 3403
f 1159 3403 3402
f 3407 3406 1162
f 1156 3407 1162
f 3405 3404 1162
f 1161 1162 3404
f 3405 1162 3406
f 3408 1165 1166
f 1166 1167 3409
f 1166 3409 3408
f 1169 1163 3413
f 1169 3413 3412
f 1169 3411 3410
f 3411 1169 3412
f 3410 1168 1169
f 3414 1172 1173
f 1173 1174 3415
f 1173 3415 3414
f 1170 3419 1176
f 3419 3418 1176
f 3417 3416 1176
f 1175 1176 3416
f 3417 1176 3418
f 3420 1179 1180
f 1180 1181 3421
f 1180 3421 3420
f 1177 3425 1183
f 3425 3424 1183
f 1183 3423 3422
f 3423 1183 3424
f 3422 1182 1183
f 3426 1186 1187
f 1187 1188 3427
f 1187 3427 3426
f 1190 1184 3431
f 1190 3431 3430
f 1190 3429 3428
f 3429 1190 3430
f 3428 1189 1190
f 3432 1193 1194
f 1194 1195 3433
f 1194 3433 3432
f 1191 3437 1197
f 3437 3436 1197
f 1197 3435 3434
f 3435 1197 3436
f 3434 1196 1197
f 3438 1200 1201
f 1201 1202 3439
f 1201 3439 3438
f 1198 3443 1204
f 3443 3442 1204
f 1204 3441 3440
f 3441 1204 3442
f 3440 1203 1204
f 3444 1207 1208
f 1208 1209 3445
f 1208 3445 3444
f 1205 3449 1211
f 3449 3448 1211
f 1211 3447 3446
f 3447 1211 3448
f 3446 1210 1211
f 3450 1214 1215
f 1215 1216 3451
f 1215 3451 3450
f 1212 3455 1218
f 3455 3454 1218
f 1218 3453 3452
f 3453 1218 3454
f 3452 1217 1218
f 3456 1221 1222
f 1222 1223 3457
f 1222 3457 3456
f 1219 3461 1225
f 3461 3460 1225
f 1225 3459 3458
f 3459 1225 3460
f 3458 1224 1225
f 3462 1228 1229
f 1229 1230 3463
f 1229 3463 3462
f 1226 3467 1232
f 3467 3466 1232
f 1232 3465 3464
f 3465 1232 3466
f 3464 1231 1232
f 3468 1235 1236
f 1236 1237 3469
f 1236 3469 3468
f 1233 3473 1239
f 3473 3472 1239
f 1239 3471 3470
f 3471 1239 3472
f 3470 1238 1239
f 3474 1242 1243
f 1243 1244 3475
f 1243 3475 3474
f 1240 3479 1246
f 3479 3478 1246
f 1246 3477 3476
f 3477 1246 3478
f 3476 1245 1246
f 3480 1249 1250
f 1250 1251 3481
f 1250 3481 3480
f 1247 3485 1253
f 3485 3484 1253
f 1253 3483 3482
f 3483 1253 3484
f 3482 1252 1253
f 3486 1256 1257
f 1257 1258 3487
f 1257 3487 3486
f 1254 3491 1260
f 3491 3490 1260
f 1260 3489 3488
f 3489 1260 3490
f 3488 1259 1260
f 3492 1263 1264
f 1264 1265 3493
f 1264 3493 3492
f 1261 3497 1267
f 3497 3496 1267
f 1267 3495 3494
f 3495 1267 3496
f 3494 1266 1267
f 3498 1270 1271
f 1271 1272 3499
f 1271 3499 3498
f 1268 3503 1274
f 3503 3502 1274
f 1274 3501 3500
f 3501 1274 3502
f 3500 1273 1274
f 3504 1277 1278
f 1278 1279 3505
f 1278 3505 3504
f 1275 3509 1281
f 3509 3508 1281
f 1281 3507 3506
f 3507 1281 3508
f 3506 1280 1281
f 3510 1284 1285
f 1285 1286 3511
f 1285 3511 3510
f 3515 3514 1288
f 1282 3515 1288
f 1288 3513 3512
f 3513 1288 3514
f 3512 1287 1288
f 3516 1291 1292
f 1292 1293 3517
f 1292 3517 3516
f 1295 1289 3521
f 1295 3521 3520
f 1295 3519 3518
f 3519 1295 3520
f 3518 1294 1295
f 3522 1298 1299
f 1299 1300 3523
f 1299 3523 3522
f 1302 1296 3527
f 1302 3527 3526
f 1302 3525 3524
f 3525 1302 3526
f 3524 1301 1302
f 3528 1305 1306
f 1306 1307 3529
f 1306 3529 3528
f 1303 3533 1309
f 3533 3532 1309
f 1309 3531 3530
f 3531 1309 3532
f 3530 1308 1309
f 3534 1312 1313
f 1313 1314 3535
f 1313 3535 3534
f 1310 3539 1316
f 3539 3538 1316
f 3537 3536 1316
f 1315 1316 3536
f 3537 1316 3538
f 3540 1319 1320
f 1320 1321 3541
f 1320 3541 3540
f 1318 3545 1323
f 3545 3544 1323
f 1323 3543 3542
f 3543 1323 3544
f 3542 1322 1323
f 3546 1326 1327
f 1327 1328 3547
f 1327 3547 3546
f 1324 3551 1330
f 3551 3550 1330
f 1330 3549 3548
f 3549 1330 3550
f 3548 1329 1330
f 3552 1333 1334
f 1334 1335 3553
f 1334 3553 3552
f 1332 3557 1337
f 3557 3556 1337
f 1337 3555 3554
f 3555 1337 3556
f 3554 1336 1337
f 3558 1340 1341
f 1341 1342 3559
f 1341 3559 3558
f 1344 1338 3563
f 1344 3563 3562
f 1344 3561 3560
f 3561 1344 3562
f 3560 1343 1344
f 3564 1347 1348
f 1348 1349 3565
f 1348 3565 3564
f 1345 3569 1351
f 3569 3568 1351
f 1351 3567 3566
f 3567 1351 3568
f 3566 1350 1351
f 3570 1354 1355
f 1355 1356 3571
f 1355 3571 3570
f 1352 3575 1358
f 3575 3574 1358
f 1358 3573 3572
f 3573 1358 3574
f 3572 1357 1358
f 3576 1361 1362
f 1362 1363 3577
f 1362 3577 3576
f 1359 3581 1365
f 3581 3580 1365
f 1365 3579 3578
f 3579 1365 3580
f 3578 1364 1365
f 3582 1368 1369
f 1369 1370 3583
f 1369 3583 3582
f 1366 3587 1372
f 3587 3586 1372
f 1372 3585 3584
f 3585 1372 3586
f 3584 1371 1372
f 3588 1375 1376
f 1376 1377 3589
f 1376 3589 3588
f 1374 3593 1379
f 3593 3592 1379
f 1379 3591 3590
f 3591 1379 3592
f 3590 1378 1379
f 3594 1382 1383
f 1383 1384 3595
f 1383 3595 3594
f 1381 3599 1386
f 3599 3598 1386
f 1386 3597 3596
f 3597 1386 3598
f 3596 1385 1386
f 3600 1389 1390
f 1390 1391 3601
f 1390 3601 3600
f 1388 3605 1393
f 3605 3604 1393
f 1393 3603 3602
f 3603 1393 3604
f 3602 1392 1393
f 3606 1396 1397
f 1397 1398 3607
f 1397 3607 3606
f 3611 3610 1400
f 1395 3611 1400
f 1400 3609 3608
f 3609 1400 3610
f 3608 1399 1400
f 3612 1403 1404
f 1404 1405 3613
f 1404 3613 3612
f 3617 3616 1407
f 1402 3617 1407
f 3615 3614 1407
f 1406 1407 3614
f 3615 1407 3616
f 3618 1410 1411
f 1411 1412 3619
f 1411 3619 3618
f 1409 3623 1414
f 3623 3622 1414
f 1414 3621 3620
f 3621 1414 3622
f 3620 1413 1414
f 3624 1417 1418
f 1418 1419 3625
f 1418 3625 3624
f 1415 3629 1421
f 3629 3628 1421
f 1421 3627 3626
f 3627 1421 3628
f 3626 1420 1421
f 3630 1424 1425
f 1425 1426 3631
f 1425 3631 3630
f 1423 3635 1428
f 3635 3634 1428
f 1428 3633 3632
f 3633 1428 3634
f 3632 1427 1428
f 3636 1431 1432
f 1432 1433 3637
f 1432 3637 3636
f 1430 3641 1435
f 3641 3640 1435
f 1435 3639 3638
f 3639 1435 3640
f 3638 1434 1435
f 3642 1438 1439
f 1439 1440 3643
f 1439 3643 3642
f 1436 3647 1442
f 3647 3646 1442
f 1442 3645 3644
f 3645 1442 3646
f 3644 1441 1442
f 3648 1445 1446
f 1446 1447 3649
f 1446 3649 3648
f 1444 3653 1449
f 3653 3652 1449
f 1449 3651 3650
f 3651 1449 3652
f 3650 1448 1449
f 3654 1452 1453
f 1453 1454 3655
f 1453 3655 3654
f 1450 3659 1456
f 3659 3658 1456
f 1456 3657 3656
f 3657 1456 3658
f 3656 1455 1456
f 3660 1459 1460
f 1460 1461 3661
f 1460 3661 3660
f 3665 3664 1463
f 1457 3665 1463
f 1463 3663 3662
f 3663 1463 3664
f 3662 1462 1463
f 3666 1466 1467
f 1467 1468 3667
f 1467 3667 3666
f 3671 3670 1470
f 1464 3671 1470
f 1470 3669 3668
f 3669 1470 3670
f 3668 1469 1470
f 3672 1473 1474
f 1474 1475 3673
f 1474 3673 3672
f 1477 1471 3677
f 1477 3677 3676
f 3675 3674 1477
f 1476 1477 3674
f 3675 1477 3676
f 3678 1480 1481
f 1481 1482 3679
f 1481 3679 3678
f 3683 3682 1484
f 1479 3683 1484
f 1484 3681 3680
f 3681 1484 3682
f 3680 1483 1484
f 3684 1487 1488
f 1488 1489 3685
f 1488 3685 3684
f 1491 1486 3689
f 1491 3689 3688
f 1491 3687 3686
f 3687 1491 3688
f 3686 1490 1491
f 3690 1494 1495
f 1495 1496 3691
f 1495 3691 3690
f 1498 1493 3695
f 1498 3695 3694
f 1498 3693 3692
f 3693 1498 3694
f 3692 1497 1498
f 3696 1501 1502
f 1502 1503 3697
f 1502 3697 3696
f 1500 3701 1505
f 3701 3700 1505
f 1505 3699 3698
f 3699 1505 3700
f 3698 1504 1505
f 3702 1508 1509
f 1509 1510 3703
f 1509 3703 3702
f 1507 3707 1512
f 3707 3706 1512
f 1512 3705 3704
f 3705 1512 3706
f 3704 1511 1512
f 3708 1515 1516
f 1516 1517 3709
f 1516 3709 3708
f 3713 3712 1519
f 1514 3713 1519
f 1519 3711 3710
f 3711 1519 3712
f 3710 1518 1519
f 3714 1522 1523
f 1523 1524 3715
f 1523 3715 3714
f 1521 3719 1526
f 3719 3718 1526
f 1526 3717 3716
f 3717 1526 3718
f 3716 1525 1526
f 3720 1529 1530
f 1530 1531 3721
f 1530 3721 3720
f 3725 3724 1533
f 1528 3725 1533
f 1533 3723 3722
f 3723 1533 3724
f 3722 1532 1533
f 3726 1536 1537
f 1537 1538 3727
f 1537 3727 3726
f 3731 3730 1540
f 1535 3731 1540
f 1540 3729 3728
f 3729 1540 3730
f 3728 1539 1540
f 3732 1543 1544
f 1544 1545 3733
f 1544 3733 3732
f 1541 3737 1547
f 3737 3736 1547
f 1547 3735 3734
f 3735 1547 3736
f 3734 1546 1547
f 3738 1550 1551
f 1551 1552 3739
f 1551 3739 3738
f 3743 3742 1554
f 1549 3743 1554
f 1554 3741 3740
f 3741 1554 3742
f 3740 1553 1554
f 3744 1557 1558
f 1558 1559 3745
f 1558 3745 3744
f 3749 3748 1561
f 1556 3749 1561
f 1561 3747 3746
f 3747 1561 3748
f 3746 1560 1561
f 3750 1564 1565
f 1565 1566 3751
f 1565 3751 3750
f 1563 3755 1568
f 3755 3754 1568
f 1568 3753 3752
f 3753 1568 3754
f 3752 1567 1568
f 3756 1571 1572
f 1572 1573 3757
f 1572 3757 3756
f 3761 3760 1575
f 1570 3761 1575
f 1575 3759 3758
f 3759 1575 3760
f 3758 1574 1575
f 3762 1578 1579
f 1579 1580 3763
f 1579 3763 3762
f 1577 3767 1582
f 3767 3766 1582
f 1582 3765 3764
f 3765 1582 3766
f 3764 1581 1582
f 3768 1585 1586
f 1586 1587 3769
f 1586 3769 3768
f 1584 3773 1589
f 3773 3772 1589
f 1589 3771 3770
f 3771 1589 3772
f 3770 1588 1589
f 3774 1592 1593
f 1593 1594 3775
f 1593 3775 3774
f 1596 1591 3779
f 1596 3779 3778
f 1596 3777 3776
f 3777 1596 3778
f 3776 1595 1596
f 3780 1599 1600
f 1600 1601 3781
f 1600 3781 3780
f 1597 3785 1603
f 3785 3784 1603
f 1603 3783 3782
f 3783 1603 3784
f 3782 1602 1603
f 3786 1606 1607
f 1607 1608 3787
f 1607 3787 3786
f 3791 3790 1610
f 1604 3791 1610
f 1610 3789 3788
f 3789 1610 3790
f 3788 1609 1610
f 3792 1613 1614
f 1614 1615 3793
f 1614 3793 3792
f 1611 3797 1617
f 3797 3796 1617
f 1617 3795 3794
f 3795 1617 3796
f 3794 1616 1617
f 3798 1620 1621
f 1621 1622 3799
f 1621 3799 3798
f 1619 3803 1624
f 3803 3802 1624
f 1624 3801 3800
f 3801 1624 3802
f 3800 1623 1624
f 3592 3804 3591
f 3589 3591 3804
f 3589 3804 3588
f 3562 3805 3561
f 3559 3561 3805
f 3559 3805 3558
f 3526 3806 3525
f 3523 3525 3806
f 3523 3806 3522
f 3634 3807 3633
f 3631 3633 3807
f 3631 3807 3630
f 3748 3808 3747
f 3745 3747 3808
f 3745 3808 3744
f 3514 3809 3513
f 3511 3513 3809
f 3511 3809 3510
f 3688 3810 3687
f 3685 3687 3810
f 3685 3810 3684
f 3694 3811 3693
f 3691 3693 3811
f 3691 3811 3690
f 3700 3812 3699
f 3697 3699 3812
f 3697 3812 3696
f 3712 3813 3711
f 3709 3711 3813
f 3709 3813 3708
f 3304 3814 3303
f 3301 3303 3814
f 3301 3814 3300
f 3316 3815 3315
f 3313 3315 3815
f 3313 3815 3312
f 3328 3816 3327
f 3325 3327 3816
f 3325 3816 3324
f 3340 3817 3339
f 3337 3339 3817
f 3337 3817 3336
f 3346 3818 3345
f 3343 3345 3818
f 3343 3818 3342
f 3352 3819 3351
f 3349 3351 3819
f 3349 3819 3348
f 3364 3820 3363
f 3361 3363 3820
f 3361 3820 3360
f 3658 3821 3657
f 3655 3657 3821
f 3655 3821 3654
f 3664 3822 3663
f 3661 3663 3822
f 3661 3822 3660
f 3388 3823 3387
f 3385 3387 3823
f 3385 3823 3384
f 3191 3826 3196
f 3827 3826 3191
f 3191 3834 3827
f 3195 3196 3824
f 3825 3824 3196
f 3196 3826 3825
f 3834 3172 3173
f 3828 3827 3834
f 3173 3833 3834
f 3828 3834 3833
f 3828 3833 3829
f 3830 3829 3831
f 3832 3831 3829
f 3833 3832 3829
f 3826 3836 3825
f 3835 3825 3836
f 7 3828 9
f 9 3828 3829
f 3830 8 9
f 3830 9 3829
f 3833 3838 3832
f 3837 3832 3838
f 3836 3840 3839
f 3839 3835 3836
f 3840 3843 3839
f 3841 3839 3843
f 3841 3843 3842
f 3838 3174 3175
f 3175 3837 3838
f 3850 3849 3848
f 3852 3851 3848
f 3848 3851 3850
f 3846 3852 3848
f 3849 3194 3848
f 3193 3194 3855
f 3194 3849 3855
f 3193 3855 3854
f 3854 3853 3193
f 3846 3853 3852
f 3193 3853 3846
f 3846 3848 3847
f 3844 3858 3857
f 3858 3844 3178
f 3845 3844 3857
f 3859 3178 3860
f 3178 3859 3858
f 3860 3178 3179
f 3845 3857 3856
f 3845 3856 3179
f 3845 3179 3193
f 3862 3861 3179
f 3179 3861 3860
f 3862 3179 3856
f 3845 3193 3846
f 3847 3863 3865
f 3865 3864 3846
f 3865 3846 3847
f 3863 3869 3865
f 3869 3868 3867
f 3866 3865 3869
f 3864 3865 3866
f 3866 3869 3867
f 3868 3870 3867
f 3845 3867 3870
f 3845 3870 3844
f 3871 3851 3852
f 3852 3853 3872
f 3852 3872 3871
f 3855 3849 3876
f 3855 3876 3875
f 3874 3873 3855
f 3854 3855 3873
f 3874 3855 3875
f 3857 3880 3877
f 3880 3879 3878
f 3877 3856 3857
f 3878 3877 3880
f 3881 3859 3860
f 3860 3861 3882
f 3860 3882 3881
f 3875 3883 3874
f 3872 3874 3883
f 3872 3883 3871
f 3879 3884 3878
f 3882 3878 3884
f 3882 3884 3881
f 3202 3887 3201
f 3885 3201 3887
f 3885 3887 3886
f 3886 3888 3890
f 3890 3889 3885
f 3890 3885 3886
f 3598 3891 3597
f 3595 3597 3891
f 3595 3891 3594
f 3568 3892 3567
f 3565 3567 3892
f 3565 3892 3564
f 3532 3893 3531
f 3529 3531 3893
f 3529 3893 3528
f 3682 3894 3681
f 3679 3681 3894
f 3679 3894 3678
f 3754 3895 3753
f 3751 3753 3895
f 3751 3895 3750
f 3520 3896 3519
f 3517 3519 3896
f 3517 3896 3516
f 3706 3897 3705
f 3703 3705 3897
f 3703 3897 3702
f 3718 3898 3717
f 3715 3717 3898
f 3715 3898 3714
f 3724 3899 3723
f 3721 3723 3899
f 3721 3899 3720
f 3730 3900 3729
f 3727 3729 3900
f 3727 3900 3726
f 3736 3901 3735
f 3733 3735 3901
f 3733 3901 3732
f 3298 3902 3297
f 3295 3297 3902
f 3295 3902 3294
f 3310 3903 3309
f 3307 3309 3903
f 3307 3903 3306
f 3322 3904 3321
f 3319 3321 3904
f 3319 3904 3318
f 3334 3905 3333
f 3331 3333 3905
f 3331 3905 3330
f 3400 3906 3399
f 3397 3399 3906
f 3397 3906 3396
f 3406 3907 3405
f 3403 3405 3907
f 3403 3907 3402
f 3358 3908 3357
f 3355 3357 3908
f 3355 3908 3354
f 3370 3909 3369
f 3367 3369 3909
f 3367 3909 3366
f 3376 3910 3375
f 3373 3375 3910
f 3373 3910 3372
f 3382 3911 3381
f 3379 3381 3911
f 3379 3911 3378
f 3670 3912 3669
f 3667 3669 3912
f 3667 3912 3666
f 3676 3913 3675
f 3673 3675 3913
f 3673 3913 3672
f 3394 3914 3393
f 3391 3393 3914
f 3391 3914 3390
f 890 3917 889
f 3915 889 3917
f 3915 3917 3916
f 3916 3918 3920
f 3920 3919 3915
f 3920 3915 3916
f 3190 3187 3922
f 3189 3190 3921
f 3922 3184 3921
f 3185 3921 3184
f 3922 3921 3190
f 3544 3923 3543
f 3541 3543 3923
f 3541 3923 3540
f 3538 3924 3537
f 3535 3537 3924
f 3535 3924 3534
f 3508 3925 3507
f 3505 3507 3925
f 3505 3925 3504
f 3556 3926 3555
f 3553 3555 3926
f 3553 3926 3552
f 3652 3927 3651
f 3649 3651 3927
f 3649 3927 3648
f 3502 3928 3501
f 3499 3501 3928
f 3499 3928 3498
f 3604 3929 3603
f 3601 3603 3929
f 3601 3929 3600
f 3610 3930 3609
f 3607 3609 3930
f 3607 3930 3606
f 3616 3931 3615
f 3613 3615 3931
f 3613 3931 3612
f 3622 3932 3621
f 3619 3621 3932
f 3619 3932 3618
f 3628 3933 3627
f 3625 3627 3933
f 3625 3933 3624
f 3208 3934 3207
f 3205 3207 3934
f 3205 3934 3204
f 3214 3935 3213
f 3211 3213 3935
f 3211 3935 3210
f 3220 3936 3219
f 3217 3219 3936
f 3217 3936 3216
f 3226 3937 3225
f 3223 3225 3937
f 3223 3937 3222
f 3232 3938 3231
f 3229 3231 3938
f 3229 3938 3228
f 3238 3939 3237
f 3235 3237 3939
f 3235 3939 3234
f 3244 3940 3243
f 3241 3243 3940
f 3241 3940 3240
f 3250 3941 3249
f 3247 3249 3941
f 3247 3941 3246
f 3256 3942 3255
f 3253 3255 3942
f 3253 3942 3252
f 3262 3943 3261
f 3259 3261 3943
f 3259 3943 3258
f 3268 3944 3267
f 3265 3267 3944
f 3265 3944 3264
f 3274 3945 3273
f 3271 3273 3945
f 3271 3945 3270
f 3280 3946 3279
f 3277 3279 3946
f 3277 3946 3276
f 3286 3947 3285
f 3283 3285 3947
f 3283 3947 3282
f 3580 3948 3579
f 3577 3579 3948
f 3577 3948 3576
f 3586 3949 3585
f 3583 3585 3949
f 3583 3949 3582
f 3292 3950 3291
f 3289 3291 3950
f 3289 3950 3288
f 883 3953 882
f 3951 882 3953
f 3951 3953 3952
f 3952 3954 3956
f 3956 3955 3951
f 3956 3951 3952
f 3640 3957 3639
f 3637 3639 3957
f 3637 3957 3636
f 3646 3958 3645
f 3643 3645 3958
f 3643 3958 3642
f 3574 3959 3573
f 3571 3573 3959
f 3571 3959 3570
f 3742 3960 3741
f 3739 3741 3960
f 3739 3960 3738
f 3802 3961 3801
f 3799 3801 3961
f 3799 3961 3798
f 3550 3962 3549
f 3547 3549 3962
f 3547 3962 3546
f 3760 3963 3759
f 3757 3759 3963
f 3757 3963 3756
f 3766 3964 3765
f 3763 3765 3964
f 3763 3964 3762
f 3772 3965 3771
f 3769 3771 3965
f 3769 3965 3768
f 3778 3966 3777
f 3775 3777 3966
f 3775 3966 3774
f 3784 3967 3783
f 3781 3783 3967
f 3781 3967 3780
f 3412 3968 3411
f 3409 3411 3968
f 3409 3968 3408
f 3418 3969 3417
f 3415 3417 3969
f 3415 3969 3414
f 3424 3970 3423
f 3421 3423 3970
f 3421 3970 3420
f 3430 3971 3429
f 3427 3429 3971
f 3427 3971 3426
f 3436 3972 3435
f 3433 3435 3972
f 3433 3972 3432
f 3442 3973 3441
f 3439 3441 3973
f 3439 3973 3438
f 3448 3974 3447
f 3445 3447 3974
f 3445 3974 3444
f 3454 3975 3453
f 3451 3453 3975
f 3451 3975 3450
f 3460 3976 3459
f 3457 3459 3976
f 3457 3976 3456
f 3466 3977 3465
f 3463 3465 3977
f 3463 3977 3462
f 3472 3978 3471
f 3469 3471 3978
f 3469 3978 3468
f 3478 3979 3477
f 3475 3477 3979
f 3475 3979 3474
f 3484 3980 3483
f 3481 3483 3980
f 3481 3980 3480
f 3490 3981 3489
f 3487 3489 3981
f 3487 3981 3486
f 3790 3982 3789
f 3787 3789 3982
f 3787 3982 3786
f 3796 3983 3795
f 3793 3795 3983
f 3793 3983 3792
f 3496 3984 3495
f 3493 3495 3984
f 3493 3984 3492
f 897 3987 896
f 3985 896 3987
f 3985 3987 3986
f 3986 3988 3990
f 3990 3989 3985
f 3990 3985 3986
f 2038 1663 3992
f 2037 2038 3991
f 3992 1625 1626
f 1626 3991 3992
f 3992 3991 2038
f 2987 2940 3994
f 2986 2987 3993
f 3994 2642 2643
f 2643 3993 3994
f 3994 3993 2987
f 1889 1890 3995
f 3995 2285 2286
f 3995 2286 1889
f 2332 2333 3996
f 3996 2788 2789
f 3996 2789 2332
f 1886 1887 3997
f 3997 2287 2288
f 3997 2288 1886
f 2329 2330 3998
f 3998 2790 2791
f 3998 2791 2329
f 1883 1884 3999
f 3999 2289 2290
f 3999 2290 1883
f 2326 2327 4000
f 4000 2792 2793
f 4000 2793 2326
f 1880 1881 4001
f 4001 2291 2292
f 4001 2292 1880
f 2323 2324 4002
f 4002 2794 2795
f 4002 2795 2323
f 1877 1878 4003
f 4003 2293 2294
f 4003 2294 1877
f 2320 2321 4004
f 4004 2796 2797
f 4004 2797 2320
f 1874 1875 4005
f 4005 2295 2296
f 4005 2296 1874
f 2317 2318 4006
f 4006 2798 2799
f 4006 2799 2317
f 1871 1872 4007
f 4007 2297 2298
f 4007 2298 1871
f 2314 2315 4008
f 4008 2800 2801
f 4008 2801 2314
f 1868 1869 4009
f 4009 2299 2300
f 4009 2300 1868
f 2311 2312 4010
f 4010 2802 2803
f 4010 2803 2311
f 1865 1866 4011
f 4011 2301 2302
f 4011 2302 1865
f 2308 2309 4012
f 4012 2804 2805
f 4012 2805 2308
f 1862 1863 4013
f 4013 762 763
f 4013 763 1862
f 3158 3159 4014
f 4014 2806 2807
f 4014 2807 3158
f 2035 2036 4015
f 4015 2036 4016
f 1628 4015 4016
f 1628 4016 1627
f 2984 2985 4017
f 4017 2985 4018
f 2645 4017 4018
f 2645 4018 2644
f 1859 1860 4019
f 4019 764 765
f 4019 765 1859
f 3155 3156 4020
f 4020 2808 2809
f 4020 2809 3155
f 2033 2034 4021
f 4021 2034 4022
f 1629 1630 4021
f 1629 4021 4022
f 2983 4024 2982
f 2982 4024 4023
f 2646 2647 4023
f 2646 4023 4024
f 1856 1857 4025
f 4025 766 767
f 4025 767 1856
f 3152 3153 4026
f 4026 2810 2811
f 4026 2811 3152
f 2032 4028 2031
f 2031 4028 4027
f 1631 1632 4027
f 1631 4027 4028
f 2981 4030 2980
f 2980 4030 4029
f 2649 4029 4030
f 2649 4030 2648
f 1853 1854 4031
f 4031 768 769
f 4031 769 1853
f 3149 3150 4032
f 4032 2812 2813
f 4032 2813 3149
f 2030 4034 2029
f 2029 4034 4033
f 1634 4033 4034
f 1634 4034 1633
f 2978 2979 4035
f 4035 2979 4036
f 2651 4035 4036
f 2651 4036 2650
f 1850 1851 4037
f 4037 770 771
f 4037 771 1850
f 3146 3147 4038
f 4038 2814 2815
f 4038 2815 3146
f 2028 4040 2027
f 2027 4040 4039
f 1635 1636 4039
f 1635 4039 4040
f 2977 4042 2976
f 2976 4042 4041
f 2652 2653 4041
f 2652 4041 4042
f 1847 1848 4043
f 4043 772 773
f 4043 773 1847
f 3143 3144 4044
f 4044 2816 2817
f 4044 2817 3143
f 2026 4046 2025
f 2025 4046 4045
f 1637 1638 4045
f 1637 4045 4046
f 2974 2975 4047
f 4047 2975 4048
f 2654 2655 4047
f 2654 4047 4048
f 1844 1845 4049
f 4049 774 775
f 4049 775 1844
f 3140 3141 4050
f 4050 2818 2819
f 4050 2819 3140
f 2023 2024 4051
f 4051 2024 4052
f 1640 4051 4052
f 1640 4052 1639
f 2972 2973 4053
f 4053 2973 4054
f 2657 4053 4054
f 2657 4054 2656
f 1841 1842 4055
f 4055 776 777
f 4055 777 1841
f 3137 3138 4056
f 4056 2820 2821
f 4056 2821 3137
f 2022 4058 2021
f 2021 4058 4057
f 1641 1642 4057
f 1641 4057 4058
f 2971 4060 2970
f 2970 4060 4059
f 2659 4059 4060
f 2659 4060 2658
f 1838 1839 4061
f 4061 778 779
f 4061 779 1838
f 3134 3135 4062
f 4062 2822 2823
f 4062 2823 3134
f 2019 2020 4063
f 4063 2020 4064
f 1644 4063 4064
f 1644 4064 1643
f 2968 2969 4065
f 4065 2969 4066
f 2661 4065 4066
f 2661 4066 2660
f 1835 1836 4067
f 4067 780 781
f 4067 781 1835
f 3131 3132 4068
f 4068 2824 2825
f 4068 2825 3131
f 1832 1833 4069
f 4069 782 783
f 4069 783 1832
f 3128 3129 4070
f 4070 2826 2827
f 4070 2827 3128
f 2018 4072 2017
f 2017 4072 4071
f 2160 4071 4072
f 2160 4072 2159
f 2461 4074 2460
f 2460 4074 4073
f 2663 4073 4074
f 2663 4074 2662
f 1829 1830 4075
f 4075 784 785
f 4075 785 1829
f 3125 3126 4076
f 4076 2828 2829
f 4076 2829 3125
f 2015 2016 4077
f 4077 2016 4078
f 2162 4077 4078
f 2162 4078 2161
f 2459 4080 2458
f 2458 4080 4079
f 2665 4079 4080
f 2665 4080 2664
f 1826 1827 4081
f 4081 786 787
f 4081 787 1826
f 3122 3123 4082
f 4082 2830 2831
f 4082 2831 3122
f 2014 4084 2013
f 2013 4084 4083
f 2164 4083 4084
f 2164 4084 2163
f 2456 2457 4085
f 4085 2457 4086
f 2667 4085 4086
f 2667 4086 2666
f 1823 1824 4087
f 4087 788 789
f 4087 789 1823
f 3119 3120 4088
f 4088 2832 2833
f 4088 2833 3119
f 2011 2012 4089
f 4089 2012 4090
f 2166 4089 4090
f 2166 4090 2165
f 2455 4092 2454
f 2454 4092 4091
f 2668 2669 4091
f 2668 4091 4092
f 1820 1821 4093
f 4093 790 791
f 4093 791 1820
f 3116 3117 4094
f 4094 2834 2835
f 4094 2835 3116
f 2010 4096 2009
f 2009 4096 4095
f 2168 4095 4096
f 2168 4096 2167
f 2453 4098 2452
f 2452 4098 4097
f 2671 4097 4098
f 2671 4098 2670
f 1817 1818 4099
f 4099 792 793
f 4099 793 1817
f 3113 3114 4100
f 4100 2836 2837
f 4100 2837 3113
f 2007 2008 4101
f 4101 2008 4102
f 2170 4101 4102
f 2170 4102 2169
f 2451 4104 2450
f 2450 4104 4103
f 2673 4103 4104
f 2673 4104 2672
f 1814 1815 4105
f 4105 794 795
f 4105 795 1814
f 3110 3111 4106
f 4106 2838 2839
f 4106 2839 3110
f 2006 4108 2005
f 2005 4108 4107
f 2171 2172 4107
f 2171 4107 4108
f 2448 2449 4109
f 4109 2449 4110
f 2675 4109 4110
f 2675 4110 2674
f 1811 1812 4111
f 4111 796 797
f 4111 797 1811
f 3107 3108 4112
f 4112 2840 2841
f 4112 2841 3107
f 2004 4114 2003
f 2003 4114 4113
f 2174 4113 4114
f 2174 4114 2173
f 2447 4116 2446
f 2446 4116 4115
f 2676 2677 4115
f 2676 4115 4116
f 1808 1809 4117
f 4117 798 799
f 4117 799 1808
f 3104 3105 4118
f 4118 2842 2843
f 4118 2843 3104
f 2001 2002 4119
f 4119 2002 4120
f 2176 4119 4120
f 2176 4120 2175
f 2445 4122 2444
f 2444 4122 4121
f 2679 4121 4122
f 2679 4122 2678
f 1805 1806 4123
f 4123 800 801
f 4123 801 1805
f 3101 3102 4124
f 4124 2844 2845
f 4124 2845 3101
f 2638 2639 4125
f 4125 570 571
f 4125 571 2638
f 1999 2000 4126
f 4126 2000 4127
f 2178 4126 4127
f 2178 4127 2177
f 2443 4129 2442
f 2442 4129 4128
f 2681 4128 4129
f 2681 4129 2680
f 1802 1803 4130
f 4130 802 803
f 4130 803 1802
f 3098 3099 4131
f 4131 2846 2847
f 4131 2847 3098
f 218 219 4132
f 4132 2042 2043
f 4132 2043 218
f 2635 2636 4133
f 4133 572 573
f 4133 573 2635
f 396 397 4134
f 4134 397 4135
f 404 405 4134
f 404 4134 4135
f 1998 4137 1997
f 1997 4137 4136
f 2179 2180 4136
f 2179 4136 4137
f 2441 4139 2440
f 2440 4139 4138
f 2683 4138 4139
f 2683 4139 2682
f 1799 1800 4140
f 4140 804 805
f 4140 805 1799
f 3095 3096 4141
f 4141 2848 2849
f 4141 2849 3095
f 215 216 4142
f 4142 2044 2045
f 4142 2045 215
f 2632 2633 4143
f 4143 574 575
f 4143 575 2632
f 394 395 4144
f 4144 395 4145
f 406 407 4144
f 406 4144 4145
f 1995 1996 4146
f 4146 1996 4147
f 4146 2181 2182
f 2181 4146 4147
f 2438 2439 4148
f 4148 2439 4149
f 2685 4148 4149
f 2685 4149 2684
f 1796 1797 4150
f 4150 806 807
f 4150 807 1796
f 3092 3093 4151
f 4151 2850 2851
f 4151 2851 3092
f 212 213 4152
f 4152 2046 2047
f 4152 2047 212
f 2629 2630 4153
f 4153 576 577
f 4153 577 2629
f 393 4155 392
f 392 4155 4154
f 408 409 4154
f 408 4154 4155
f 1994 4157 1993
f 1993 4157 4156
f 2184 4156 4157
f 2184 4157 2183
f 2437 4159 2436
f 2436 4159 4158
f 2686 2687 4158
f 2686 4158 4159
f 1793 1794 4160
f 4160 808 809
f 4160 809 1793
f 3089 3090 4161
f 4161 2852 2853
f 4161 2853 3089
f 209 210 4162
f 4162 2048 2049
f 4162 2049 209
f 2626 2627 4163
f 4163 578 579
f 4163 579 2626
f 390 391 4164
f 4164 391 4165
f 410 411 4164
f 410 4164 4165
f 1991 1992 4166
f 4166 1992 4167
f 2185 2186 4166
f 2185 4166 4167
f 2435 4169 2434
f 2434 4169 4168
f 2689 4168 4169
f 2689 4169 2688
f 1790 1791 4170
f 4170 810 811
f 4170 811 1790
f 3086 3087 4171
f 4171 2854 2855
f 4171 2855 3086
f 206 207 4172
f 4172 2050 2051
f 4172 2051 206
f 2623 2624 4173
f 4173 580 581
f 4173 581 2623
f 389 4175 388
f 388 4175 4174
f 412 413 4174
f 412 4174 4175
f 1990 4177 1989
f 1989 4177 4176
f 2187 2188 4176
f 2187 4176 4177
f 2432 2433 4178
f 4178 2433 4179
f 2691 4178 4179
f 2691 4179 2690
f 1787 1788 4180
f 4180 812 813
f 4180 813 1787
f 3083 3084 4181
f 4181 2856 2857
f 4181 2857 3083
f 203 204 4182
f 4182 2052 2053
f 4182 2053 203
f 2620 2621 4183
f 4183 582 583
f 4183 583 2620
f 387 4185 386
f 386 4185 4184
f 414 415 4184
f 414 4184 4185
f 1988 4187 1987
f 1987 4187 4186
f 2190 4186 4187
f 2190 4187 2189
f 2430 2431 4188
f 4188 2431 4189
f 2692 2693 4188
f 2692 4188 4189
f 1784 1785 4190
f 4190 814 815
f 4190 815 1784
f 3080 3081 4191
f 4191 2858 2859
f 4191 2859 3080
f 200 201 4192
f 4192 2054 2055
f 4192 2055 200
f 2617 2618 4193
f 4193 584 585
f 4193 585 2617
f 384 385 4194
f 4194 385 4195
f 416 417 4194
f 416 4194 4195
f 1985 1986 4196
f 4196 1986 4197
f 2192 4196 4197
f 2192 4197 2191
f 2429 4199 2428
f 2428 4199 4198
f 2695 4198 4199
f 2695 4199 2694
f 1781 1782 4200
f 4200 816 817
f 4200 817 1781
f 3077 3078 4201
f 4201 2860 2861
f 4201 2861 3077
f 197 198 4202
f 4202 2056 2057
f 4202 2057 197
f 2614 2615 4203
f 4203 586 587
f 4203 587 2614
f 383 4205 382
f 382 4205 4204
f 418 419 4204
f 418 4204 4205
f 1984 4207 1983
f 1983 4207 4206
f 2194 4206 4207
f 2194 4207 2193
f 2426 2427 4208
f 4208 2427 4209
f 2696 2697 4208
f 2696 4208 4209
f 1778 1779 4210
f 4210 818 819
f 4210 819 1778
f 3074 3075 4211
f 4211 2862 2863
f 4211 2863 3074
f 194 195 4212
f 4212 2058 2059
f 4212 2059 194
f 2611 2612 4213
f 4213 588 589
f 4213 589 2611
f 380 381 4214
f 4214 381 4215
f 420 421 4214
f 420 4214 4215
f 1981 1982 4216
f 4216 1982 4217
f 2195 2196 4216
f 2195 4216 4217
f 2425 4219 2424
f 2424 4219 4218
f 2699 4218 4219
f 2699 4219 2698
f 191 192 4220
f 4220 2060 2061
f 4220 2061 191
f 2608 2609 4221
f 4221 590 591
f 4221 591 2608
f 379 4223 378
f 378 4223 4222
f 423 4222 4223
f 423 4223 422
f 1980 4225 1979
f 1979 4225 4224
f 2198 4224 4225
f 2198 4225 2197
f 2422 2423 4226
f 4226 2423 4227
f 2701 4226 4227
f 2701 4227 2700
f 188 189 4228
f 4228 2062 2063
f 4228 2063 188
f 2605 2606 4229
f 4229 592 593
f 4229 593 2605
f 376 377 4230
f 4230 377 4231
f 425 4230 4231
f 425 4231 424
f 1977 1978 4232
f 4232 1978 4233
f 2200 4232 4233
f 2200 4233 2199
f 2421 4235 2420
f 2420 4235 4234
f 2702 2703 4234
f 2702 4234 4235
f 185 186 4236
f 4236 2064 2065
f 4236 2065 185
f 2602 2603 4237
f 4237 594 595
f 4237 595 2602
f 375 4239 374
f 374 4239 4238
f 426 427 4238
f 426 4238 4239
f 1975 1976 4240
f 4240 1976 4241
f 4240 2201 2202
f 2201 4240 4241
f 2419 4243 2418
f 2418 4243 4242
f 2705 4242 4243
f 2705 4243 2704
f 182 183 4244
f 4244 2066 2067
f 4244 2067 182
f 2599 2600 4245
f 4245 596 597
f 4245 597 2599
f 372 373 4246
f 4246 373 4247
f 428 429 4246
f 428 4246 4247
f 1974 4249 1973
f 1973 4249 4248
f 2203 2204 4248
f 2203 4248 4249
f 2417 4251 2416
f 2416 4251 4250
f 2707 4250 4251
f 2707 4251 2706
f 179 180 4252
f 4252 2068 2069
f 4252 2069 179
f 2596 2597 4253
f 4253 598 599
f 4253 599 2596
f 371 4255 370
f 370 4255 4254
f 431 4254 4255
f 431 4255 430
f 1972 4257 1971
f 1971 4257 4256
f 2205 2206 4256
f 2205 4256 4257
f 2414 2415 4258
f 4258 2415 4259
f 2709 4258 4259
f 2709 4259 2708
f 176 177 4260
f 4260 2070 2071
f 4260 2071 176
f 2593 2594 4261
f 4261 600 601
f 4261 601 2593
f 368 369 4262
f 4262 369 4263
f 433 4262 4263
f 433 4263 432
f 1969 1970 4264
f 4264 1970 4265
f 2208 4264 4265
f 2208 4265 2207
f 2413 4267 2412
f 2412 4267 4266
f 2710 2711 4266
f 2710 4266 4267
f 173 174 4268
f 4268 2072 2073
f 4268 2073 173
f 2590 2591 4269
f 4269 602 603
f 4269 603 2590
f 367 4271 366
f 366 4271 4270
f 434 435 4270
f 434 4270 4271
f 1968 4273 1967
f 1967 4273 4272
f 2210 4272 4273
f 2210 4273 2209
f 2411 4275 2410
f 2410 4275 4274
f 2713 4274 4275
f 2713 4275 2712
f 170 171 4276
f 4276 2074 2075
f 4276 2075 170
f 2587 2588 4277
f 4277 604 605
f 4277 605 2587
f 364 365 4278
f 4278 365 4279
f 436 437 4278
f 436 4278 4279
f 167 168 4280
f 4280 2076 2077
f 4280 2077 167
f 2584 2585 4281
f 4281 606 607
f 4281 607 2584
f 363 4283 362
f 362 4283 4282
f 438 439 4282
f 438 4282 4283
f 164 165 4284
f 4284 2078 2079
f 4284 2079 164
f 2581 2582 4285
f 4285 608 609
f 4285 609 2581
f 360 361 4286
f 4286 361 4287
f 440 441 4286
f 440 4286 4287
f 161 162 4288
f 4288 2080 2081
f 4288 2081 161
f 2578 2579 4289
f 4289 610 611
f 4289 611 2578
f 359 4291 358
f 358 4291 4290
f 442 443 4290
f 442 4290 4291
f 158 159 4292
f 4292 2082 2083
f 4292 2083 158
f 2575 2576 4293
f 4293 612 613
f 4293 613 2575
f 356 357 4294
f 4294 357 4295
f 444 445 4294
f 444 4294 4295
f 155 156 4296
f 4296 2084 2085
f 4296 2085 155
f 2572 2573 4297
f 4297 614 615
f 4297 615 2572
f 354 355 4298
f 4298 355 4299
f 446 447 4298
f 446 4298 4299
f 152 153 4300
f 4300 2086 2087
f 4300 2087 152
f 2569 2570 4301
f 4301 616 617
f 4301 617 2569
f 353 4303 352
f 352 4303 4302
f 449 4302 4303
f 449 4303 448
f 149 150 4304
f 4304 2088 2089
f 4304 2089 149
f 2566 2567 4305
f 4305 618 619
f 4305 619 2566
f 350 351 4306
f 4306 351 4307
f 451 4306 4307
f 451 4307 450
f 146 147 4308
f 4308 2090 2091
f 4308 2091 146
f 2563 2564 4309
f 4309 620 621
f 4309 621 2563
f 348 349 4310
f 4310 349 4311
f 452 453 4310
f 452 4310 4311
f 143 144 4312
f 4312 2092 2093
f 4312 2093 143
f 2560 2561 4313
f 4313 622 623
f 4313 623 2560
f 346 347 4314
f 4314 347 4315
f 454 455 4314
f 454 4314 4315
f 140 141 4316
f 4316 2094 2095
f 4316 2095 140
f 2557 2558 4317
f 4317 624 625
f 4317 625 2557
f 345 4319 344
f 344 4319 4318
f 457 4318 4319
f 457 4319 456
f 137 138 4320
f 4320 2096 2097
f 4320 2097 137
f 2554 2555 4321
f 4321 626 627
f 4321 627 2554
f 343 4323 342
f 342 4323 4322
f 459 4322 4323
f 459 4323 458
f 134 135 4324
f 4324 2098 2099
f 4324 2099 134
f 2551 2552 4325
f 4325 628 629
f 4325 629 2551
f 340 341 4326
f 4326 341 4327
f 460 461 4326
f 460 4326 4327
f 338 339 4328
f 4328 339 4329
f 462 463 4328
f 462 4328 4329
f 337 4331 336
f 336 4331 4330
f 465 4330 4331
f 465 4331 464
f 335 4333 334
f 334 4333 4332
f 467 4332 4333
f 467 4333 466
f 332 333 4334
f 4334 333 4335
f 468 469 4334
f 468 4334 4335
f 330 331 4336
f 4336 331 4337
f 470 471 4336
f 470 4336 4337
f 329 4339 328
f 328 4339 4338
f 473 4338 4339
f 473 4339 472
f 327 4341 326
f 326 4341 4340
f 475 4340 4341
f 475 4341 474
f 324 325 4342
f 4342 325 4343
f 477 4342 4343
f 477 4343 476
f 4435 4385 4388
f 760 4384 4385
f 4435 4388 4436
f 4419 4436 4420
f 4408 4421 4420
f 4420 4436 4405
f 4387 4436 4388
f 4435 760 4385
f 4387 4386 4405
f 4482 4404 4386
f 4386 4384 4483
f 4405 4386 4404
f 4408 4420 4405
f 4421 4407 4400
f 4406 4370 4407
f 4407 4421 4408
f 4436 4387 4405
f 759 760 4435
f 4400 4407 4370
f 4436 4419 4437
f 4437 4419 4430
f 4438 4437 4426
f 759 4435 4434
f 4430 4426 4437
f 4425 4438 4426
f 4430 4427 4426
f 4419 4423 4430
f 4438 4425 4434
f 4430 4423 4431
f 4421 4399 4422
f 4373 4401 4400
f 4422 4399 4431
f 4444 4402 4445
f 4445 4402 4401
f 4399 4403 4395
f 4445 4401 4372
f 4422 4431 4423
f 4400 4399 4421
f 4402 4396 4403
f 4373 4400 4370
f 4434 4425 759
f 4481 4479 760
f 760 4479 4480
f 4483 4482 4386
f 4482 4510 4404
f 4482 4509 4510
f 4510 4513 4404
f 4481 760 761
f 760 4480 4384
f 4481 761 4509
f 4511 4439 4440
f 4509 761 4511
f 761 4439 4511
f 4406 4513 4512
f 4440 4443 4369
f 4440 4512 4511
f 4513 4406 4404
f 4509 4482 4481
f 761 4441 4439
f 4440 4369 4512
f 4370 4406 4369
f 4369 4443 4371
f 4512 4369 4406
f 4372 4390 4445
f 4390 4372 4389
f 4393 4446 4445
f 4392 4446 4393
f 4371 4389 4372
f 4373 4372 4401
f 4449 4392 4391
f 4488 4391 4389
f 4485 4389 4371
f 4484 4485 4442
f 4371 4442 4485
f 4449 4391 4487
f 4446 4392 4450
f 4365 4452 4364
f 4392 4449 4450
f 4500 4450 4453
f 4442 4371 4443
f 4393 4445 4390
f 4384 4480 4483
f 4425 4424 759
f 4452 4501 4453
f 759 4428 4427
f 759 4424 4428
f 759 4427 4429
f 4429 4433 759
f 4432 4394 759
f 4395 4394 4432
f 4433 4432 759
f 4430 4429 4427
f 759 4394 4398
f 4431 4399 4395
f 4403 4396 4395
f 4396 4402 4444
f 4415 4444 4448
f 4396 4444 4415
f 4416 4448 4447
f 4499 4447 4500
f 4415 4448 4416
f 4490 4447 4499
f 4432 4431 4395
f 4397 4396 4415
f 4397 4414 759
f 4414 4397 4415
f 4397 759 4398
f 4417 4489 759
f 4493 759 4489
f 4490 4489 4417
f 759 4418 4417
f 4490 4417 4416
f 759 4493 4492
f 4491 4375 4492
f 4502 4375 4491
f 4491 4490 4503
f 4492 4375 4374
f 4378 4377 759
f 759 4377 2039
f 4377 4376 4494
f 4374 4378 759
f 759 4492 4374
f 4416 4447 4490
f 4414 4418 759
f 4499 4503 4490
f 4494 2039 4377
f 4453 4501 4500
f 4500 4446 4450
f 4379 4375 4502
f 4383 4376 4375
f 4502 4501 4379
f 4383 4375 4379
f 4379 4501 4380
f 4500 4447 4446
f 4368 4381 4380
f 4381 4367 4520
f 4501 4452 4380
f 4381 4520 4519
f 4382 4519 4495
f 4382 4381 4519
f 4519 4523 4495
f 4496 4523 4522
f 4522 4521 4529
f 4380 4452 4365
f 4383 4382 4376
f 4495 4494 4376
f 4495 4523 4496
f 4382 4495 4376
f 4497 4504 2039
f 4504 4497 4496
f 4504 4508 2039
f 4498 4497 2039
f 4505 4504 4496
f 2039 4494 4498
f 4506 4514 4507
f 4533 4506 4505
f 4506 4532 4515
f 4496 4522 4505
f 4506 4515 4514
f 4514 4518 2039
f 4517 2039 4518
f 4516 4524 4517
f 2039 4507 4514
f 4529 4533 4505
f 4505 4522 4529
f 2039 4508 4507
f 4365 4368 4380
f 4502 4491 4503
f 2039 4517 4524
f 4485 4488 4389
f 761 4486 4484
f 4486 761 4554
f 4487 4555 4449
f 4391 4488 4487
f 4558 4449 4555
f 4486 4555 4487
f 4451 4449 4558
f 4555 4486 4554
f 4442 4441 4484
f 4556 761 4409
f 4554 761 4556
f 4557 4556 4409
f 4410 4364 4557
f 4410 4557 4409
f 4410 4413 4364
f 4364 4451 4557
f 4565 4454 4412
f 4451 4558 4557
f 761 4484 4441
f 4366 4413 4412
f 4364 4413 4366
f 4455 4458 4520
f 4520 4367 4455
f 4458 4521 4520
f 4521 4457 4530
f 4367 4366 4455
f 4455 4366 4454
f 4367 4381 4368
f 4568 4456 4454
f 4456 4567 4459
f 4460 4456 4459
f 4463 4530 4460
f 4460 4457 4456
f 4463 4531 4530
f 4460 4530 4457
f 4458 4457 4521
f 4412 4454 4366
f 4462 4531 4463
f 4364 4452 4451
f 4564 2303 4566
f 4569 4566 2303
f 4564 4565 4412
f 4568 4567 4456
f 4570 4573 4459
f 4566 4570 4567
f 4459 4567 4570
f 4566 4569 4570
f 4564 4412 4411
f 2303 4574 4571
f 4571 4569 2303
f 4575 4571 4574
f 4572 4575 4464
f 4572 4571 4575
f 2303 4579 4576
f 4577 4576 4579
f 4576 4574 2303
f 4573 4461 4459
f 2303 4564 4411
f 4573 4572 4461
f 4461 4572 4464
f 4464 4575 4578
f 4466 4578 4577
f 4577 4579 4580
f 4469 4577 4580
f 4464 4465 4461
f 4469 4466 4577
f 4464 4578 4466
f 4469 4467 4466
f 4580 4583 4469
f 4465 4462 4461
f 4469 4583 4471
f 4581 4559 4582
f 4559 4581 2303
f 4582 4559 4560
f 4562 4561 4359
f 2303 4359 4561
f 4561 4559 2303
f 4474 4582 4560
f 4581 4579 2303
f 4471 4583 4582
f 4462 4465 4540
f 4409 761 4411
f 4454 4565 4568
f 4411 761 2303
f 4359 2303 2304
f 4532 4531 4539
f 4539 4515 4532
f 4515 4543 4516
f 4515 4539 4543
f 4543 4542 4516
f 4516 4542 4544
f 4540 4539 4531
f 4525 4524 4516
f 4541 4544 4542
f 4541 4540 4468
f 4546 4545 4473
f 4541 4470 4545
f 4531 4462 4540
f 4541 4545 4544
f 4516 4544 4525
f 4547 4546 4549
f 4525 4544 4548
f 4549 4546 4550
f 4468 4540 4465
f 4526 4548 4547
f 4535 4526 4549
f 4548 4526 4525
f 4534 4526 4535
f 4527 4534 2039
f 4534 4527 4526
f 4538 4537 2039
f 4534 4538 2039
f 4528 4527 2039
f 4536 4350 4349
f 4552 4350 4536
f 4553 4536 4535
f 4349 4537 4536
f 2039 4349 4353
f 4349 2039 4537
f 4353 4352 2039
f 2039 4352 4351
f 4552 4536 4553
f 4535 4549 4553
f 4547 4549 4526
f 4528 2039 4524
f 4468 4467 4541
f 4506 4533 4532
f 4469 4470 4467
f 4470 4473 4545
f 4472 4550 4546
f 4474 4475 4472
f 4471 4474 4472
f 4472 4475 4550
f 4582 4474 4471
f 4473 4472 4546
f 4563 4562 4476
f 4361 2304 4362
f 4359 4360 4562
f 4344 4476 4360
f 4360 4476 4562
f 4344 4360 4363
f 2304 4346 4362
f 4563 4476 4474
f 4560 4563 4474
f 4362 4346 4363
f 4551 4355 4552
f 4355 4551 4477
f 4550 4478 4551
f 4552 4355 4354
f 4350 4358 4351
f 4350 4354 4358
f 4358 4357 4351
f 4356 2039 4357
f 4350 4552 4354
f 4345 4355 4477
f 4477 4344 4345
f 4346 4344 4363
f 4550 4475 4478
f 4355 4348 4356
f 4355 4345 4348
f 4348 4347 4356
f 4347 4346 2304
f 2304 4356 4347
f 4477 4551 4478
f 4344 4477 4476
f 4356 2304 2039
f 2039 4351 4357
f 4467 4470 4541
f 4361 4359 2304
f 4530 4529 4521
f 4585 4584 4588
f 4585 4588 4345
f 4344 4587 4585
f 4586 4585 4587
f 4344 4585 4345
f 4347 4589 4591
f 4591 4590 4346
f 4591 4346 4347
f 4596 4349 4593
f 4592 4596 4593
f 4350 4595 4593
f 4594 4593 4595
f 4350 4593 4349
f 4352 4597 4599
f 4599 4598 4351
f 4599 4351 4352
f 4600 4604 4601
f 4604 4354 4601
f 4355 4603 4601
f 4602 4601 4603
f 4355 4601 4354
f 4357 4605 4607
f 4607 4606 4356
f 4607 4356 4357
f 4612 4360 4609
f 4608 4612 4609
f 4359 4611 4609
f 4610 4609 4611
f 4359 4609 4360
f 4362 4613 4615
f 4615 4614 4361
f 4615 4361 4362
f 4617 4616 4620
f 4617 4620 4365
f 4364 4619 4617
f 4618 4617 4619
f 4364 4617 4365
f 4367 4621 4623
f 4623 4622 4366
f 4623 4366 4367
f 4625 4624 4628
f 4625 4628 4370
f 4369 4627 4625
f 4626 4625 4627
f 4369 4625 4370
f 4372 4629 4631
f 4631 4630 4371
f 4631 4371 4372
f 4632 4636 4633
f 4636 4374 4633
f 4375 4635 4633
f 4634 4633 4635
f 4375 4633 4374
f 4377 4637 4639
f 4639 4638 4376
f 4639 4376 4377
f 4640 4644 4641
f 4644 4379 4641
f 4380 4643 4641
f 4642 4641 4643
f 4380 4641 4379
f 4382 4645 4647
f 4647 4646 4381
f 4647 4381 4382
f 4648 4652 4649
f 4652 4385 4649
f 4384 4651 4649
f 4650 4649 4651
f 4384 4649 4385
f 4387 4653 4655
f 4655 4654 4386
f 4655 4386 4387
f 4657 4656 4660
f 4657 4660 4390
f 4389 4659 4657
f 4658 4657 4659
f 4389 4657 4390
f 4392 4661 4663
f 4663 4662 4391
f 4663 4391 4392
f 4664 4668 4665
f 4668 4394 4665
f 4395 4667 4665
f 4666 4665 4667
f 4395 4665 4394
f 4397 4669 4671
f 4671 4670 4396
f 4671 4396 4397
f 4672 4676 4673
f 4676 4399 4673
f 4400 4675 4673
f 4674 4673 4675
f 4400 4673 4399
f 4402 4677 4679
f 4679 4678 4401
f 4679 4401 4402
f 4680 4684 4681
f 4684 4405 4681
f 4404 4683 4681
f 4682 4681 4683
f 4404 4681 4405
f 4407 4685 4687
f 4687 4686 4406
f 4687 4406 4407
f 4692 4410 4689
f 4688 4692 4689
f 4409 4691 4689
f 4690 4689 4691
f 4409 4689 4410
f 4412 4693 4695
f 4695 4694 4411
f 4695 4411 4412
f 4696 4700 4697
f 4700 4414 4697
f 4415 4699 4697
f 4698 4697 4699
f 4415 4697 4414
f 4417 4701 4703
f 4703 4702 4416
f 4703 4416 4417
f 4704 4708 4705
f 4708 4419 4705
f 4420 4707 4705
f 4706 4705 4707
f 4420 4705 4419
f 4422 4709 4711
f 4711 4710 4421
f 4711 4421 4422
f 4712 4716 4713
f 4716 4424 4713
f 4425 4715 4713
f 4714 4713 4715
f 4425 4713 4424
f 4427 4717 4719
f 4719 4718 4426
f 4719 4426 4427
f 4720 4724 4721
f 4724 4429 4721
f 4430 4723 4721
f 4722 4721 4723
f 4430 4721 4429
f 4432 4725 4727
f 4727 4726 4431
f 4727 4431 4432
f 4732 4434 4729
f 4728 4732 4729
f 4435 4731 4729
f 4730 4729 4731
f 4435 4729 4434
f 4437 4733 4735
f 4735 4734 4436
f 4735 4436 4437
f 4737 4736 4740
f 4737 4740 4440
f 4439 4739 4737
f 4738 4737 4739
f 4439 4737 4440
f 4442 4741 4743
f 4743 4742 4441
f 4743 4441 4442
f 4744 4748 4745
f 4748 4444 4745
f 4445 4747 4745
f 4746 4745 4747
f 4445 4745 4444
f 4447 4749 4751
f 4751 4750 4446
f 4751 4446 4447
f 4753 4752 4756
f 4753 4756 4450
f 4449 4755 4753
f 4754 4753 4755
f 4449 4753 4450
f 4452 4757 4759
f 4759 4758 4451
f 4759 4451 4452
f 4761 4760 4764
f 4761 4764 4455
f 4454 4763 4761
f 4762 4761 4763
f 4454 4761 4455
f 4457 4765 4767
f 4767 4766 4456
f 4767 4456 4457
f 4772 4460 4769
f 4768 4772 4769
f 4459 4771 4769
f 4770 4769 4771
f 4459 4769 4460
f 4462 4773 4775
f 4775 4774 4461
f 4775 4461 4462
f 4776 4780 4777
f 4780 4465 4777
f 4464 4779 4777
f 4778 4777 4779
f 4464 4777 4465
f 4467 4781 4783
f 4783 4782 4466
f 4783 4466 4467
f 4785 4784 4788
f 4785 4788 4470
f 4469 4787 4785
f 4786 4785 4787
f 4469 4785 4470
f 4472 4789 4791
f 4791 4790 4471
f 4791 4471 4472
f 4793 4792 4796
f 4793 4796 4475
f 4474 4795 4793
f 4794 4793 4795
f 4474 4793 4475
f 4477 4797 4799
f 4799 4798 4476
f 4799 4476 4477
f 4801 4800 4804
f 4801 4804 4480
f 4479 4803 4801
f 4802 4801 4803
f 4479 4801 4480
f 4482 4805 4807
f 4807 4806 4481
f 4807 4481 4482
f 4812 4485 4809
f 4808 4812 4809
f 4484 4811 4809
f 4810 4809 4811
f 4484 4809 4485
f 4487 4813 4815
f 4815 4814 4486
f 4815 4486 4487
f 4820 4489 4817
f 4816 4820 4817
f 4490 4819 4817
f 4818 4817 4819
f 4490 4817 4489
f 4492 4821 4823
f 4823 4822 4491
f 4823 4491 4492
f 4824 4828 4825
f 4828 4494 4825
f 4495 4827 4825
f 4826 4825 4827
f 4495 4825 4494
f 4497 4829 4831
f 4831 4830 4496
f 4831 4496 4497
f 4832 4836 4833
f 4836 4499 4833
f 4500 4835 4833
f 4834 4833 4835
f 4500 4833 4499
f 4502 4837 4839
f 4839 4838 4501
f 4839 4501 4502
f 4840 4844 4841
f 4844 4504 4841
f 4505 4843 4841
f 4842 4841 4843
f 4505 4841 4504
f 4507 4845 4847
f 4847 4846 4506
f 4847 4506 4507
f 4849 4848 4852
f 4849 4852 4510
f 4509 4851 4849
f 4850 4849 4851
f 4509 4849 4510
f 4512 4853 4855
f 4855 4854 4511
f 4855 4511 4512
f 4856 4860 4857
f 4860 4514 4857
f 4515 4859 4857
f 4858 4857 4859
f 4515 4857 4514
f 4517 4861 4863
f 4863 4862 4516
f 4863 4516 4517
f 4864 4868 4865
f 4868 4519 4865
f 4520 4867 4865
f 4866 4865 4867
f 4520 4865 4519
f 4522 4869 4871
f 4871 4870 4521
f 4871 4521 4522
f 4872 4876 4873
f 4876 4524 4873
f 4525 4875 4873
f 4874 4873 4875
f 4525 4873 4524
f 4527 4877 4879
f 4879 4878 4526
f 4879 4526 4527
f 4880 4884 4881
f 4884 4529 4881
f 4530 4883 4881
f 4882 4881 4883
f 4530 4881 4529
f 4532 4885 4887
f 4887 4886 4531
f 4887 4531 4532
f 4888 4892 4889
f 4892 4534 4889
f 4535 4891 4889
f 4890 4889 4891
f 4535 4889 4534
f 4537 4893 4895
f 4895 4894 4536
f 4895 4536 4537
f 4896 4900 4897
f 4900 4539 4897
f 4540 4899 4897
f 4898 4897 4899
f 4540 4897 4539
f 4542 4901 4903
f 4903 4902 4541
f 4903 4541 4542
f 4904 4908 4905
f 4908 4544 4905
f 4545 4907 4905
f 4906 4905 4907
f 4545 4905 4544
f 4547 4909 4911
f 4911 4910 4546
f 4911 4546 4547
f 4912 4916 4913
f 4916 4549 4913
f 4550 4915 4913
f 4914 4913 4915
f 4550 4913 4549
f 4552 4917 4919
f 4919 4918 4551
f 4919 4551 4552
f 4924 4555 4921
f 4920 4924 4921
f 4554 4923 4921
f 4922 4921 4923
f 4554 4921 4555
f 4557 4925 4927
f 4927 4926 4556
f 4927 4556 4557
f 4932 4560 4929
f 4928 4932 4929
f 4559 4931 4929
f 4930 4929 4931
f 4559 4929 4560
f 4562 4933 4935
f 4935 4934 4561
f 4935 4561 4562
f 4940 4565 4937
f 4936 4940 4937
f 4564 4939 4937
f 4938 4937 4939
f 4564 4937 4565
f 4567 4941 4943
f 4943 4942 4566
f 4943 4566 4567
f 4948 4570 4945
f 4944 4948 4945
f 4569 4947 4945
f 4946 4945 4947
f 4569 4945 4570
f 4572 4949 4951
f 4951 4950 4571
f 4951 4571 4572
f 4956 4575 4953
f 4952 4956 4953
f 4574 4955 4953
f 4954 4953 4955
f 4574 4953 4575
f 4577 4957 4959
f 4959 4958 4576
f 4959 4576 4577
f 4964 4580 4961
f 4960 4964 4961
f 4579 4963 4961
f 4962 4961 4963
f 4579 4961 4580
f 4582 4965 4967
f 4967 4966 4581
f 4967 4581 4582
f 5035 4980 4983
f 2306 4980 5035
f 5035 4983 5036
f 5034 5038 5020
f 4985 5045 5036
f 5045 5044 5036
f 5036 4983 4982
f 2305 2306 5035
f 5113 4981 4979
f 4981 5115 4984
f 4979 2306 5110
f 4985 4981 4984
f 4982 4985 5036
f 4982 4981 4985
f 4988 5046 5045
f 4988 5045 4985
f 4987 4990 5046
f 4980 2306 4979
f 4987 5046 4988
f 5020 5038 5021
f 5021 5038 5037
f 5037 5036 5044
f 5021 5037 5044
f 5019 5023 2305
f 5025 5021 5044
f 5025 5024 5021
f 5044 5048 5025
f 2305 5035 5034
f 5025 5048 5026
f 5046 5055 5047
f 5055 5046 4990
f 5047 5055 5054
f 5026 5047 5054
f 5056 5055 4993
f 5160 5159 5056
f 5056 4992 5160
f 5026 5048 5047
f 5054 5058 5030
f 5110 5113 4979
f 5020 2305 5034
f 2306 2307 4968
f 2306 4968 5109
f 5115 4981 5112
f 5112 5114 5115
f 5118 4984 5115
f 5109 4968 5111
f 2306 5109 5110
f 5111 4968 5114
f 5119 5116 4968
f 4968 5116 5114
f 5117 5116 5119
f 5118 4986 4984
f 5120 5123 4989
f 5120 5117 5119
f 4986 5118 5117
f 5114 5112 5111
f 4968 5121 5119
f 4986 5117 5120
f 4990 4986 4989
f 4990 4987 4986
f 4991 4989 5123
f 4986 5120 4989
f 4992 5056 4993
f 4998 5160 4995
f 4992 4991 4995
f 5161 5160 4998
f 4995 4991 4994
f 4995 5160 4992
f 5128 4996 4994
f 5122 5125 4994
f 5121 5125 5122
f 4994 4991 5122
f 4969 4996 5127
f 5165 4997 4970
f 4997 4996 4970
f 4996 4969 4970
f 4997 5161 4998
f 5122 4991 5123
f 4990 4993 5055
f 4981 5113 5112
f 5020 5019 2305
f 4970 4973 5165
f 5024 2305 5022
f 5022 2305 5023
f 5022 5021 5024
f 5028 5027 2305
f 5029 2305 5027
f 5029 5027 5026
f 2305 5024 5028
f 5026 5030 5029
f 2305 5029 5033
f 5030 5058 5031
f 5030 5026 5054
f 5040 5057 5159
f 5056 5159 5057
f 5040 5159 5163
f 5031 5057 5040
f 5041 5163 5162
f 5161 5164 5162
f 5040 5163 5041
f 5050 5162 5164
f 5031 5058 5057
f 5039 5031 5040
f 5033 5032 2305
f 5039 5032 5031
f 5043 2305 5039
f 5042 2305 5043
f 5053 2305 5049
f 5041 5049 5042
f 5053 5052 2305
f 5049 5041 5050
f 5042 5049 2305
f 5052 5051 5059
f 5168 5051 5050
f 5051 5167 5060
f 5059 5051 5060
f 5063 2305 5059
f 5064 2305 5062
f 5061 5064 5062
f 5062 2305 5063
f 5059 2305 5052
f 5041 5162 5050
f 2305 5032 5039
f 5164 5168 5050
f 3161 2305 5064
f 5161 4997 5165
f 5165 4973 5166
f 5074 5060 5167
f 5078 5060 5074
f 5166 5074 5167
f 5061 5060 5078
f 5074 5166 5075
f 5051 5168 5167
f 5003 5076 5075
f 4972 5000 5075
f 4971 5000 4972
f 5075 5166 4972
f 5085 5076 5005
f 5061 5078 5077
f 5084 5077 5085
f 5077 5076 5085
f 5084 5088 5065
f 5061 5077 5084
f 5064 5061 5065
f 5066 5065 5088
f 5061 5084 5065
f 3161 5068 5067
f 5067 5066 5069
f 5069 5073 3161
f 3161 5073 5072
f 5070 5069 5066
f 3161 5064 5068
f 5071 5079 5072
f 5093 5071 5070
f 5089 5070 5066
f 5086 5089 5087
f 5066 5087 5089
f 5080 5071 5094
f 3161 5079 5083
f 5079 5071 5080
f 5072 5079 3161
f 5093 5070 5089
f 5087 5066 5088
f 5069 3161 5067
f 5075 5000 5003
f 5164 5161 5165
f 5166 4973 4972
f 3161 5083 5082
f 4994 5125 5128
f 5121 4968 5124
f 5126 4968 5154
f 4996 5128 5127
f 5127 5155 4969
f 5158 4969 5155
f 5126 5155 5127
f 4971 4969 5158
f 5155 5126 5154
f 4971 4999 5000
f 5129 5156 4968
f 5154 4968 5156
f 5130 5156 5129
f 4999 5157 5130
f 5130 5157 5156
f 5130 5133 4999
f 4999 4971 5157
f 5132 5135 5001
f 5158 5157 4971
f 5124 4968 5126
f 5001 5133 5132
f 5005 5002 5001
f 5005 5076 5002
f 5010 5090 5086
f 5008 5086 5085
f 5005 5008 5085
f 5007 5086 5008
f 5089 5086 5090
f 5004 5001 5135
f 5137 5009 5006
f 4999 5133 5001
f 5007 5006 5009
f 5007 5010 5086
f 5007 5009 5010
f 5013 5091 5090
f 5013 5090 5010
f 5004 5005 5001
f 5138 5006 5004
f 5012 5091 5013
f 5002 5076 5003
f 5134 3160 5136
f 5136 3160 5139
f 5134 5135 5132
f 5138 5137 5006
f 5137 5140 5009
f 5139 5140 5137
f 5140 5143 5009
f 5137 5136 5139
f 5134 5132 5131
f 3160 5141 5139
f 5141 3160 5144
f 5142 5141 5144
f 5011 5143 5142
f 5142 5144 5145
f 5199 5146 3160
f 5147 5146 5199
f 5146 5144 3160
f 5143 5011 5009
f 4968 5134 5131
f 5011 5142 5145
f 5011 5145 5014
f 5014 5145 5148
f 5016 5148 5147
f 5147 5199 5200
f 5169 5147 5200
f 5014 5015 5011
f 5169 5016 5147
f 5014 5148 5016
f 5169 5017 5016
f 5200 5203 5169
f 5015 5012 5011
f 5169 5203 5171
f 5201 5204 5202
f 5204 5201 3160
f 5202 5204 5205
f 5207 5206 5149
f 3160 5149 5206
f 5206 5204 3160
f 5171 5202 5205
f 5201 5199 3160
f 5171 5203 5202
f 5012 5015 5091
f 5129 4968 5131
f 5004 5135 5138
f 4968 3160 5134
f 5149 3160 5151
f 5092 5091 5094
f 5094 5071 5092
f 5080 5098 5081
f 5080 5094 5098
f 5098 5097 5081
f 5081 5097 5189
f 5095 5094 5091
f 5081 5179 5082
f 5097 5096 5189
f 5096 5095 5018
f 5096 5170 5190
f 5091 5015 5095
f 5189 5096 5190
f 5180 5189 5193
f 5193 5192 5181
f 5191 5194 5192
f 5180 5081 5189
f 5194 5198 5185
f 5015 5018 5095
f 5181 5192 5194
f 3161 5179 5183
f 5181 5180 5193
f 5179 5081 5180
f 3161 5183 5182
f 5182 5181 5184
f 5184 5188 3161
f 3161 5188 5187
f 5185 5184 5181
f 3161 5182 5184
f 5187 5186 5099
f 5185 5181 5194
f 5104 5100 5186
f 5185 5198 5186
f 5099 5186 5100
f 5099 3161 5187
f 3161 5099 5103
f 5103 5102 3161
f 3161 5102 5101
f 5101 5107 3161
f 5108 5101 5100
f 5179 3161 5082
f 5018 5017 5096
f 5093 5092 5071
f 5169 5170 5017
f 5173 5190 5170
f 5173 5191 5190
f 5175 5172 5171
f 5174 5175 5171
f 5191 5173 5172
f 5205 5174 5171
f 5191 5172 5175
f 5176 5208 5207
f 5150 5207 5149
f 5208 5174 5205
f 5176 5207 5150
f 5176 5150 4974
f 4974 5153 4976
f 5150 5153 4974
f 4976 5153 5152
f 5152 5151 3160
f 5208 5176 5174
f 5177 5176 4974
f 5195 5194 5191
f 5178 5196 5195
f 5191 5175 5195
f 5197 5104 5186
f 5197 5196 5104
f 5107 5101 5108
f 5108 5100 5104
f 5105 5104 5196
f 5198 5197 5186
f 4975 5196 5177
f 4975 5177 4974
f 4975 5105 5196
f 5106 5105 4978
f 4978 4977 5106
f 5105 4975 4978
f 4976 3160 4977
f 3160 4976 5152
f 5177 5196 5178
f 5175 5178 5195
f 5107 5106 3161
f 3160 5106 4977
f 5170 5096 5017
f 5106 3160 3161
f 5125 5121 5124
f 5210 5209 5213
f 5210 5213 4970
f 4969 5212 5210
f 5211 5210 5212
f 4969 5210 4970
f 4972 5214 5216
f 5216 5215 4971
f 5216 4971 4972
f 5218 5217 5221
f 5218 5221 4975
f 4974 5220 5218
f 5219 5218 5220
f 4974 5218 4975
f 4977 5222 5224
f 5224 5223 4976
f 5224 4976 4977
f 5226 5225 5229
f 5226 5229 4980
f 4979 5228 5226
f 5227 5226 5228
f 4979 5226 4980
f 4982 5230 5232
f 5232 5231 4981
f 5232 4981 4982
f 5234 5233 5237
f 5234 5237 4985
f 4984 5236 5234
f 5235 5234 5236
f 4984 5234 4985
f 4987 5238 5240
f 5240 5239 4986
f 5240 4986 4987
f 5245 4990 5242
f 5241 5245 5242
f 4989 5244 5242
f 5243 5242 5244
f 4989 5242 4990
f 4992 5246 5248
f 5248 5247 4991
f 5248 4991 4992
f 5250 5249 5253
f 5250 5253 4995
f 4994 5252 5250
f 5251 5250 5252
f 4994 5250 4995
f 4997 5254 5256
f 5256 5255 4996
f 5256 4996 4997
f 5258 5257 5261
f 5258 5261 5000
f 4999 5260 5258
f 5259 5258 5260
f 4999 5258 5000
f 5002 5262 5264
f 5264 5263 5001
f 5264 5001 5002
f 5266 5265 5269
f 5266 5269 5005
f 5004 5268 5266
f 5267 5266 5268
f 5004 5266 5005
f 5007 5270 5272
f 5272 5271 5006
f 5272 5006 5007
f 5277 5010 5274
f 5273 5277 5274
f 5009 5276 5274
f 5275 5274 5276
f 5009 5274 5010
f 5012 5278 5280
f 5280 5279 5011
f 5280 5011 5012
f 5282 5281 5285
f 5282 5285 5015
f 5014 5284 5282
f 5283 5282 5284
f 5014 5282 5015
f 5017 5286 5288
f 5288 5287 5016
f 5288 5016 5017
f 5289 5293 5290
f 5293 5019 5290
f 5020 5292 5290
f 5291 5290 5292
f 5020 5290 5019
f 5022 5294 5296
f 5296 5295 5021
f 5296 5021 5022
f 5301 5024 5298
f 5297 5301 5298
f 5025 5300 5298
f 5299 5298 5300
f 5025 5298 5024
f 5027 5302 5304
f 5304 5303 5026
f 5304 5026 5027
f 5309 5029 5306
f 5305 5309 5306
f 5030 5308 5306
f 5307 5306 5308
f 5030 5306 5029
f 5032 5310 5312
f 5312 5311 5031
f 5312 5031 5032
f 5314 5313 5317
f 5314 5317 5034
f 5035 5316 5314
f 5315 5314 5316
f 5035 5314 5034
f 5037 5318 5320
f 5320 5319 5036
f 5320 5036 5037
f 5325 5039 5322
f 5321 5325 5322
f 5040 5324 5322
f 5323 5322 5324
f 5040 5322 5039
f 5042 5326 5328
f 5328 5327 5041
f 5328 5041 5042
f 5329 5333 5330
f 5333 5044 5330
f 5045 5332 5330
f 5331 5330 5332
f 5045 5330 5044
f 5047 5334 5336
f 5336 5335 5046
f 5336 5046 5047
f 5337 5341 5338
f 5341 5049 5338
f 5050 5340 5338
f 5339 5338 5340
f 5050 5338 5049
f 5052 5342 5344
f 5344 5343 5051
f 5344 5051 5052
f 5345 5349 5346
f 5349 5054 5346
f 5055 5348 5346
f 5347 5346 5348
f 5055 5346 5054
f 5057 5350 5352
f 5352 5351 5056
f 5352 5056 5057
f 5357 5059 5354
f 5353 5357 5354
f 5060 5356 5354
f 5355 5354 5356
f 5060 5354 5059
f 5062 5358 5360
f 5360 5359 5061
f 5360 5061 5062
f 5361 5365 5362
f 5365 5064 5362
f 5065 5364 5362
f 5363 5362 5364
f 5065 5362 5064
f 5067 5366 5368
f 5368 5367 5066
f 5368 5066 5067
f 5373 5069 5370
f 5369 5373 5370
f 5070 5372 5370
f 5371 5370 5372
f 5070 5370 5069
f 5072 5374 5376
f 5376 5375 5071
f 5376 5071 5072
f 5377 5381 5378
f 5381 5074 5378
f 5075 5380 5378
f 5379 5378 5380
f 5075 5378 5074
f 5077 5382 5384
f 5384 5383 5076
f 5384 5076 5077
f 5389 5079 5386
f 5385 5389 5386
f 5080 5388 5386
f 5387 5386 5388
f 5080 5386 5079
f 5082 5390 5392
f 5392 5391 5081
f 5392 5081 5082
f 5394 5393 5397
f 5394 5397 5084
f 5085 5396 5394
f 5395 5394 5396
f 5085 5394 5084
f 5087 5398 5400
f 5400 5399 5086
f 5400 5086 5087
f 5405 5089 5402
f 5401 5405 5402
f 5090 5404 5402
f 5403 5402 5404
f 5090 5402 5089
f 5092 5406 5408
f 5408 5407 5091
f 5408 5091 5092
f 5409 5413 5410
f 5413 5094 5410
f 5095 5412 5410
f 5411 5410 5412
f 5095 5410 5094
f 5097 5414 5416
f 5416 5415 5096
f 5416 5096 5097
f 5421 5099 5418
f 5417 5421 5418
f 5100 5420 5418
f 5419 5418 5420
f 5100 5418 5099
f 5102 5422 5424
f 5424 5423 5101
f 5424 5101 5102
f 5429 5104 5426
f 5425 5429 5426
f 5105 5428 5426
f 5427 5426 5428
f 5105 5426 5104
f 5107 5430 5432
f 5432 5431 5106
f 5432 5106 5107
f 5437 5110 5434
f 5433 5437 5434
f 5109 5436 5434
f 5435 5434 5436
f 5109 5434 5110
f 5112 5438 5440
f 5440 5439 5111
f 5440 5111 5112
f 5445 5115 5442
f 5441 5445 5442
f 5114 5444 5442
f 5443 5442 5444
f 5114 5442 5115
f 5117 5446 5448
f 5448 5447 5116
f 5448 5116 5117
f 5453 5120 5450
f 5449 5453 5450
f 5119 5452 5450
f 5451 5450 5452
f 5119 5450 5120
f 5122 5454 5456
f 5456 5455 5121
f 5456 5121 5122
f 5461 5125 5458
f 5457 5461 5458
f 5124 5460 5458
f 5459 5458 5460
f 5124 5458 5125
f 5127 5462 5464
f 5464 5463 5126
f 5464 5126 5127
f 5469 5130 5466
f 5465 5469 5466
f 5129 5468 5466
f 5467 5466 5468
f 5129 5466 5130
f 5132 5470 5472
f 5472 5471 5131
f 5472 5131 5132
f 5477 5135 5474
f 5473 5477 5474
f 5134 5476 5474
f 5475 5474 5476
f 5134 5474 5135
f 5137 5478 5480
f 5480 5479 5136
f 5480 5136 5137
f 5485 5140 5482
f 5481 5485 5482
f 5139 5484 5482
f 5483 5482 5484
f 5139 5482 5140
f 5142 5486 5488
f 5488 5487 5141
f 5488 5141 5142
f 5493 5145 5490
f 5489 5493 5490
f 5144 5492 5490
f 5491 5490 5492
f 5144 5490 5145
f 5147 5494 5496
f 5496 5495 5146
f 5496 5146 5147
f 5501 5150 5498
f 5497 5501 5498
f 5149 5500 5498
f 5499 5498 5500
f 5149 5498 5150
f 5152 5502 5504
f 5504 5503 5151
f 5504 5151 5152
f 5509 5155 5506
f 5505 5509 5506
f 5154 5508 5506
f 5507 5506 5508
f 5154 5506 5155
f 5157 5510 5512
f 5512 5511 5156
f 5512 5156 5157
f 5513 5517 5514
f 5517 5159 5514
f 5160 5516 5514
f 5515 5514 5516
f 5160 5514 5159
f 5162 5518 5520
f 5520 5519 5161
f 5520 5161 5162
f 5522 5521 5525
f 5522 5525 5164
f 5165 5524 5522
f 5523 5522 5524
f 5165 5522 5164
f 5167 5526 5528
f 5528 5527 5166
f 5528 5166 5167
f 5530 5529 5533
f 5530 5533 5170
f 5169 5532 5530
f 5531 5530 5532
f 5169 5530 5170
f 5172 5534 5536
f 5536 5535 5171
f 5536 5171 5172
f 5538 5537 5541
f 5538 5541 5175
f 5174 5540 5538
f 5539 5538 5540
f 5174 5538 5175
f 5177 5542 5544
f 5544 5543 5176
f 5544 5176 5177
f 5549 5179 5546
f 5545 5549 5546
f 5180 5548 5546
f 5547 5546 5548
f 5180 5546 5179
f 5182 5550 5552
f 5552 5551 5181
f 5552 5181 5182
f 5557 5184 5554
f 5553 5557 5554
f 5185 5556 5554
f 5555 5554 5556
f 5185 5554 5184
f 5187 5558 5560
f 5560 5559 5186
f 5560 5186 5187
f 5561 5565 5562
f 5565 5189 5562
f 5190 5564 5562
f 5563 5562 5564
f 5190 5562 5189
f 5192 5566 5568
f 5568 5567 5191
f 5568 5191 5192
f 5569 5573 5570
f 5573 5194 5570
f 5195 5572 5570
f 5571 5570 5572
f 5195 5570 5194
f 5197 5574 5576
f 5576 5575 5196
f 5576 5196 5197
f 5578 5577 5581
f 5578 5581 5200
f 5199 5580 5578
f 5579 5578 5580
f 5199 5578 5200
f 5202 5582 5584
f 5584 5583 5201
f 5584 5201 5202
f 5589 5205 5586
f 5585 5589 5586
f 5204 5588 5586
f 5587 5586 5588
f 5204 5586 5205
f 5207 5590 5592
f 5592 5591 5206
f 5592 5206 5207
f 2640 2040 2041
f 2041 715 2639
f 2041 2639 2640
f 5593 4719 4717
f 4713 5593 4712
f 4713 4714 4719
f 4718 4719 4714
f 4713 4719 5593
f 5594 4727 4725
f 4721 5594 4720
f 4721 4722 4726
f 4726 4727 4721
f 4721 4727 5594
f 5595 4671 4669
f 4665 5595 4664
f 4665 4666 4670
f 4670 4671 4665
f 4665 4671 5595
f 5596 4703 4701
f 4697 5596 4696
f 4697 4698 4703
f 4702 4703 4698
f 4697 4703 5596
f 5597 4816 4817
f 4821 5597 4823
f 4817 4818 4822
f 4822 4823 4817
f 4817 4823 5597
f 5598 4632 4633
f 4637 5598 4639
f 4633 4634 4639
f 4638 4639 4634
f 4633 4639 5598
f 5599 4831 4829
f 4825 5599 4824
f 4825 4826 4831
f 4830 4831 4826
f 4825 4831 5599
f 5600 4840 4841
f 4845 5600 4847
f 4841 4842 4847
f 4846 4847 4842
f 4841 4847 5600
f 5601 4856 4857
f 4861 5601 4863
f 4857 4858 4862
f 4862 4863 4857
f 4857 4863 5601
f 5602 4872 4873
f 4877 5602 4879
f 4873 4874 4878
f 4878 4879 4873
f 4873 4879 5602
f 5603 4888 4889
f 4893 5603 4895
f 4889 4890 4894
f 4894 4895 4889
f 4889 4895 5603
f 5604 4592 4593
f 4597 5604 4599
f 4593 4594 4598
f 4598 4599 4593
f 4593 4599 5604
f 5605 5289 5290
f 5294 5605 5296
f 5290 5291 5295
f 5295 5296 5290
f 5290 5296 5605
f 5606 5297 5298
f 5302 5606 5304
f 5298 5299 5303
f 5303 5304 5298
f 5298 5304 5606
f 5607 5305 5306
f 5310 5607 5312
f 5306 5307 5311
f 5311 5312 5306
f 5306 5312 5607
f 5608 5321 5322
f 5326 5608 5328
f 5322 5323 5327
f 5327 5328 5322
f 5322 5328 5608
f 5609 5337 5338
f 5342 5609 5344
f 5338 5339 5343
f 5343 5344 5338
f 5338 5344 5609
f 5610 5353 5354
f 5358 5610 5360
f 5354 5355 5359
f 5359 5360 5354
f 5354 5360 5610
f 5611 5361 5362
f 5366 5611 5368
f 5362 5363 5367
f 5367 5368 5362
f 5362 5368 5611
f 5612 5369 5370
f 5374 5612 5376
f 5370 5371 5375
f 5375 5376 5370
f 5370 5376 5612
f 5613 5385 5386
f 5390 5613 5392
f 5386 5387 5391
f 5391 5392 5386
f 5386 5392 5613
f 5614 5545 5546
f 5550 5614 5552
f 5546 5547 5551
f 5551 5552 5546
f 5546 5552 5614
f 5615 5553 5554
f 5558 5615 5560
f 5554 5555 5559
f 5559 5560 5554
f 5554 5560 5615
f 5616 5417 5418
f 5422 5616 5424
f 5418 5419 5424
f 5423 5424 5419
f 5418 5424 5616
f 3842 5617 5619
f 5619 5618 3841
f 5619 3841 3842
f 5617 5621 5619
f 5619 5620 5618
f 5620 5619 5621
f 3177 5622 5624
f 5624 5623 3176
f 5624 3176 3177
f 5622 5626 5624
f 5624 5625 5623
f 5625 5624 5626
f 5621 11 12
f 12 13 5620
f 12 5620 5621
f 5626 2 3
f 3 4 5625
f 3 5625 5626
f 5627 3197 3198
f 3888 5627 3890
f 3198 3199 3889
f 3889 3890 3198
f 3198 3890 5627
f 5628 747 748
f 3181 5628 3183
f 748 749 3182
f 3182 3183 748
f 748 3183 5628
f 5629 3920 3918
f 886 5629 885
f 886 887 3919
f 3919 3920 886
f 886 3920 5629
f 5630 737 738
f 3166 5630 3168
f 738 739 3167
f 3167 3168 738
f 738 3168 5630
f 5631 4728 4729
f 4733 5631 4735
f 4729 4730 4734
f 4734 4735 4729
f 4729 4735 5631
f 5632 4711 4709
f 4705 5632 4704
f 4705 4706 4711
f 4710 4711 4706
f 4705 4711 5632
f 5633 4679 4677
f 4673 5633 4672
f 4673 4674 4679
f 4678 4679 4674
f 4673 4679 5633
f 5634 4751 4749
f 4745 5634 4744
f 4745 4746 4751
f 4750 4751 4746
f 4745 4751 5634
f 5635 4832 4833
f 4837 5635 4839
f 4833 4834 4839
f 4838 4839 4834
f 4833 4839 5635
f 5636 4647 4645
f 4641 5636 4640
f 4641 4642 4647
f 4646 4647 4642
f 4641 4647 5636
f 5637 4864 4865
f 4869 5637 4871
f 4865 4866 4870
f 4870 4871 4865
f 4865 4871 5637
f 5638 4880 4881
f 4885 5638 4887
f 4881 4882 4886
f 4886 4887 4881
f 4881 4887 5638
f 5639 4896 4897
f 4901 5639 4903
f 4897 4898 4902
f 4902 4903 4897
f 4897 4903 5639
f 5640 4904 4905
f 4909 5640 4911
f 4905 4906 4910
f 4910 4911 4905
f 4905 4911 5640
f 5641 4912 4913
f 4917 5641 4919
f 4913 4914 4918
f 4918 4919 4913
f 4913 4919 5641
f 5642 4600 4601
f 4605 5642 4607
f 4601 4602 4606
f 4606 4607 4601
f 4601 4607 5642
f 5643 5313 5314
f 5318 5643 5320
f 5314 5315 5319
f 5319 5320 5314
f 5314 5320 5643
f 5644 5329 5330
f 5334 5644 5336
f 5330 5331 5335
f 5335 5336 5330
f 5330 5336 5644
f 5645 5345 5346
f 5350 5645 5352
f 5346 5347 5351
f 5351 5352 5346
f 5346 5352 5645
f 5646 5513 5514
f 5518 5646 5520
f 5514 5515 5519
f 5519 5520 5514
f 5514 5520 5646
f 5647 5521 5522
f 5526 5647 5528
f 5522 5523 5527
f 5527 5528 5522
f 5522 5528 5647
f 5648 5377 5378
f 5382 5648 5384
f 5378 5379 5383
f 5383 5384 5378
f 5378 5384 5648
f 5649 5393 5394
f 5398 5649 5400
f 5394 5395 5399
f 5399 5400 5394
f 5394 5400 5649
f 5650 5401 5402
f 5406 5650 5408
f 5402 5403 5407
f 5407 5408 5402
f 5402 5408 5650
f 5651 5409 5410
f 5414 5651 5416
f 5410 5411 5415
f 5415 5416 5410
f 5410 5416 5651
f 5652 5561 5562
f 5566 5652 5568
f 5562 5563 5567
f 5567 5568 5562
f 5562 5568 5652
f 5653 5569 5570
f 5574 5653 5576
f 5570 5571 5575
f 5575 5576 5570
f 5570 5576 5653
f 5654 5425 5426
f 5430 5654 5432
f 5426 5427 5431
f 5431 5432 5426
f 5426 5432 5654
f 5655 878 879
f 3954 5655 3956
f 879 880 3955
f 3955 3956 879
f 879 3956 5655
f 5656 727 728
f 3163 5656 3165
f 728 729 3165
f 3164 3165 729
f 728 3165 5656
f 5657 4648 4649
f 4653 5657 4655
f 4649 4650 4654
f 4654 4655 4649
f 4649 4655 5657
f 5658 4687 4685
f 4681 5658 4680
f 4681 4682 4686
f 4686 4687 4681
f 4681 4687 5658
f 5659 4624 4625
f 4629 5659 4631
f 4625 4626 4630
f 4630 4631 4625
f 4625 4631 5659
f 5660 4663 4661
f 4657 5660 4656
f 4657 4658 4662
f 4662 4663 4657
f 4657 4663 5660
f 5661 4759 4757
f 4753 5661 4752
f 4753 4754 4758
f 4758 4759 4753
f 4753 4759 5661
f 5662 4616 4617
f 4621 5662 4623
f 4617 4618 4622
f 4622 4623 4617
f 4617 4623 5662
f 5663 4767 4765
f 4761 5663 4760
f 4761 4762 4766
f 4766 4767 4761
f 4761 4767 5663
f 5664 4768 4769
f 4773 5664 4775
f 4769 4770 4774
f 4774 4775 4769
f 4769 4775 5664
f 5665 4776 4777
f 4781 5665 4783
f 4777 4778 4782
f 4782 4783 4777
f 4777 4783 5665
f 5666 4784 4785
f 4789 5666 4791
f 4785 4786 4790
f 4790 4791 4785
f 4785 4791 5666
f 5667 4799 4797
f 4793 5667 4792
f 4793 4794 4798
f 4798 4799 4793
f 4793 4799 5667
f 5668 4584 4585
f 4589 5668 4591
f 4585 4586 4590
f 4590 4591 4585
f 4585 4591 5668
f 5669 5225 5226
f 5230 5669 5232
f 5226 5227 5232
f 5231 5232 5227
f 5226 5232 5669
f 5670 5233 5234
f 5238 5670 5240
f 5234 5235 5240
f 5239 5240 5235
f 5234 5240 5670
f 5671 5241 5242
f 5246 5671 5248
f 5242 5243 5247
f 5247 5248 5242
f 5242 5248 5671
f 5672 5249 5250
f 5254 5672 5256
f 5250 5251 5255
f 5255 5256 5250
f 5250 5256 5672
f 5673 5209 5210
f 5214 5673 5216
f 5210 5211 5215
f 5215 5216 5210
f 5210 5216 5673
f 5674 5257 5258
f 5262 5674 5264
f 5258 5259 5263
f 5263 5264 5258
f 5258 5264 5674
f 5675 5265 5266
f 5270 5675 5272
f 5266 5267 5271
f 5271 5272 5266
f 5266 5272 5675
f 5676 5273 5274
f 5278 5676 5280
f 5274 5275 5279
f 5279 5280 5274
f 5274 5280 5676
f 5677 5281 5282
f 5286 5677 5288
f 5282 5283 5287
f 5287 5288 5282
f 5282 5288 5677
f 5678 5529 5530
f 5534 5678 5536
f 5530 5531 5535
f 5535 5536 5530
f 5530 5536 5678
f 5679 5537 5538
f 5542 5679 5544
f 5538 5539 5543
f 5543 5544 5538
f 5538 5544 5679
f 5680 5224 5222
f 5218 5680 5217
f 5218 5219 5224
f 5223 5224 5219
f 5218 5224 5680
f 5681 892 893
f 3988 5681 3990
f 893 894 3989
f 3989 3990 893
f 893 3990 5681
f 5682 3171 3169
f 718 5682 717
f 718 719 3170
f 3170 3171 718
f 718 3171 5682
f 5683 4807 4805
f 4801 5683 4800
f 4801 4802 4806
f 4806 4807 4801
f 4801 4807 5683
f 5684 4855 4853
f 4849 5684 4848
f 4849 4850 4854
f 4854 4855 4849
f 4849 4855 5684
f 5685 4736 4737
f 4741 5685 4743
f 4737 4738 4743
f 4742 4743 4738
f 4737 4743 5685
f 5686 4815 4813
f 4809 5686 4808
f 4809 4810 4814
f 4814 4815 4809
f 4809 4815 5686
f 5687 4927 4925
f 4921 5687 4920
f 4921 4922 4926
f 4926 4927 4921
f 4921 4927 5687
f 5688 4695 4693
f 4689 5688 4688
f 4689 4690 4694
f 4694 4695 4689
f 4689 4695 5688
f 5689 4943 4941
f 4937 5689 4936
f 4937 4938 4942
f 4942 4943 4937
f 4937 4943 5689
f 5690 4944 4945
f 4949 5690 4951
f 4945 4946 4950
f 4950 4951 4945
f 4945 4951 5690
f 5691 4959 4957
f 4953 5691 4952
f 4953 4954 4958
f 4958 4959 4953
f 4953 4959 5691
f 5692 4960 4961
f 4965 5692 4967
f 4961 4962 4966
f 4966 4967 4961
f 4961 4967 5692
f 5693 4935 4933
f 4929 5693 4928
f 4929 4930 4934
f 4934 4935 4929
f 4929 4935 5693
f 5694 4608 4609
f 4613 5694 4615
f 4609 4610 4615
f 4614 4615 4610
f 4609 4615 5694
f 5695 5433 5434
f 5438 5695 5440
f 5434 5435 5440
f 5439 5440 5435
f 5434 5440 5695
f 5696 5441 5442
f 5446 5696 5448
f 5442 5443 5448
f 5447 5448 5443
f 5442 5448 5696
f 5697 5449 5450
f 5454 5697 5456
f 5450 5451 5456
f 5455 5456 5451
f 5450 5456 5697
f 5698 5457 5458
f 5462 5698 5464
f 5458 5459 5463
f 5463 5464 5458
f 5458 5464 5698
f 5699 5505 5506
f 5510 5699 5512
f 5506 5507 5511
f 5511 5512 5506
f 5506 5512 5699
f 5700 5465 5466
f 5470 5700 5472
f 5466 5467 5472
f 5471 5472 5467
f 5466 5472 5700
f 5701 5473 5474
f 5478 5701 5480
f 5474 5475 5479
f 5479 5480 5474
f 5474 5480 5701
f 5702 5481 5482
f 5486 5702 5488
f 5482 5483 5487
f 5487 5488 5482
f 5482 5488 5702
f 5703 5489 5490
f 5494 5703 5496
f 5490 5491 5496
f 5495 5496 5491
f 5490 5496 5703
f 5704 5584 5582
f 5578 5704 5577
f 5578 5579 5583
f 5583 5584 5578
f 5578 5584 5704
f 5705 5585 5586
f 5590 5705 5592
f 5586 5587 5592
f 5591 5592 5587
f 5586 5592 5705
f 5706 5497 5498
f 5502 5706 5504
f 5498 5499 5504
f 5503 5504 5499
f 5498 5504 5706
f 1664 1665 5707
f 5707 1665 5708
f 1662 5708 1661
f 5708 1662 5707
f 5709 2941 5710
f 5710 2941 2942
f 5709 2938 2939
f 2938 5709 5710
f 1892 1893 2284
f 2283 2284 1893
f 2283 1893 1894
f 2335 2336 2787
f 2786 2787 2336
f 2786 2336 2337
f 1667 1668 5711
f 5711 1659 1660
f 5711 1660 1667
f 2944 2945 5712
f 5712 2936 2937
f 5712 2937 2944
f 1670 1671 5713
f 5713 1657 1658
f 5713 1658 1670
f 2947 2948 5714
f 5714 2934 2935
f 5714 2935 2947
f 1673 1674 5715
f 5715 1655 1656
f 5715 1656 1673
f 2950 2951 5716
f 5716 2932 2933
f 5716 2933 2950
f 1676 1677 5717
f 1654 5717 1653
f 5717 1654 1676
f 2953 2954 5718
f 2931 5718 2930
f 5718 2931 2953
f 1679 1680 5719
f 1652 5719 1651
f 5719 1652 1679
f 2956 2957 5720
f 5720 2928 2929
f 5720 2929 2956
f 1682 1683 5721
f 1650 5721 1649
f 5721 1650 1682
f 2959 2960 5722
f 5722 2926 2927
f 5722 2927 2959
f 1685 1686 5723
f 5723 1647 1648
f 5723 1648 1685
f 2962 2963 5724
f 5724 2924 2925
f 5724 2925 2962
f 1688 1689 5725
f 5725 1645 1646
f 5725 1646 1688
f 2965 2966 5726
f 2923 5726 2922
f 5726 2923 2965
f 1691 1692 5727
f 877 5727 876
f 5727 877 1691
f 913 2988 5728
f 2921 5728 2920
f 5728 2921 913
f 1694 1695 5729
f 5729 874 875
f 5729 875 1694
f 2990 2991 5730
f 5730 2918 2919
f 5730 2919 2990
f 1895 1896 5731
f 5731 1896 5732
f 2281 2282 5731
f 2281 5731 5732
f 5733 2338 5734
f 5734 2338 2339
f 2784 2785 5733
f 2784 5733 5734
f 1697 1698 5735
f 5735 872 873
f 5735 873 1697
f 2993 2994 5736
f 5736 2916 2917
f 5736 2917 2993
f 5737 1897 5738
f 5738 1897 1898
f 2279 2280 5737
f 2279 5737 5738
f 2340 2341 5739
f 5739 2341 5740
f 5740 2782 2783
f 5740 2783 5739
f 1700 1701 5741
f 5741 870 871
f 5741 871 1700
f 2996 2997 5742
f 5742 2914 2915
f 5742 2915 2996
f 1899 1900 5743
f 5743 1900 5744
f 5743 2277 2278
f 2277 5743 5744
f 2342 2343 5745
f 5745 2343 5746
f 2780 2781 5745
f 2780 5745 5746
f 1703 1704 5747
f 5747 868 869
f 5747 869 1703
f 2999 3000 5748
f 5748 2912 2913
f 5748 2913 2999
f 5749 1901 5750
f 5750 1901 1902
f 5750 2275 2276
f 5750 2276 5749
f 5751 2344 5752
f 5752 2344 2345
f 2778 2779 5751
f 2778 5751 5752
f 1706 1707 5753
f 5753 866 867
f 5753 867 1706
f 3002 3003 5754
f 5754 2910 2911
f 5754 2911 3002
f 1903 1904 5755
f 5755 1904 5756
f 2273 2274 5755
f 2273 5755 5756
f 2346 2347 5757
f 5757 2347 5758
f 5758 2776 2777
f 5758 2777 5757
f 1709 1710 5759
f 5759 864 865
f 5759 865 1709
f 3005 3006 5760
f 5760 2908 2909
f 5760 2909 3005
f 5761 1905 5762
f 5762 1905 1906
f 2271 2272 5761
f 2271 5761 5762
f 2348 2349 5763
f 5763 2349 5764
f 5764 2774 2775
f 5764 2775 5763
f 1712 1713 5765
f 5765 862 863
f 5765 863 1712
f 3008 3009 5766
f 5766 2906 2907
f 5766 2907 3008
f 5767 1907 5768
f 5768 1907 1908
f 5768 2269 2270
f 5768 2270 5767
f 2350 2351 5769
f 5769 2351 5770
f 2772 2773 5769
f 2772 5769 5770
f 1715 1716 5771
f 5771 860 861
f 5771 861 1715
f 3011 3012 5772
f 2905 5772 2904
f 5772 2905 3011
f 1909 1910 5773
f 5773 1910 5774
f 5774 2267 2268
f 5774 2268 5773
f 2352 2353 5775
f 5775 2353 5776
f 5775 2770 2771
f 2770 5775 5776
f 1718 1719 5777
f 5777 858 859
f 5777 859 1718
f 3014 3015 5778
f 5778 2902 2903
f 5778 2903 3014
f 1911 1912 5779
f 5779 1912 5780
f 5780 2265 2266
f 5780 2266 5779
f 5781 2354 5782
f 5782 2354 2355
f 2768 2769 5781
f 2768 5781 5782
f 1721 1722 5783
f 5783 856 857
f 5783 857 1721
f 3017 3018 5784
f 5784 2900 2901
f 5784 2901 3017
f 5785 1913 5786
f 5786 1913 1914
f 2263 2264 5785
f 2263 5785 5786
f 2356 2357 5787
f 5787 2357 5788
f 5788 2766 2767
f 5788 2767 5787
f 20 21 5789
f 5789 21 5790
f 705 5790 704
f 5790 705 5789
f 1724 1725 5791
f 5791 854 855
f 5791 855 1724
f 3020 3021 5792
f 5792 2898 2899
f 5792 2899 3020
f 1915 1916 5793
f 5793 1916 5794
f 2261 2262 5793
f 2261 5793 5794
f 2358 2359 5795
f 5795 2359 5796
f 2764 2765 5795
f 2764 5795 5796
f 5797 247 248
f 5797 248 249
f 5797 552 553
f 552 5797 249
f 23 24 5798
f 5798 702 703
f 5798 703 23
f 1727 1728 5799
f 5799 852 853
f 5799 853 1727
f 3023 3024 5800
f 2897 5800 2896
f 5800 2897 3023
f 5801 1917 5802
f 5802 1917 1918
f 2259 2260 5801
f 2259 5801 5802
f 2360 2361 5803
f 5803 2361 5804
f 5803 2762 2763
f 2762 5803 5804
f 26 27 5805
f 701 5805 700
f 5805 701 26
f 1730 1731 5806
f 5806 850 851
f 5806 851 1730
f 3026 3027 5807
f 5807 2894 2895
f 5807 2895 3026
f 1919 1920 5808
f 5808 1920 5809
f 2257 2258 5808
f 2257 5808 5809
f 5810 2362 5811
f 5811 2362 2363
f 2760 2761 5810
f 2760 5810 5811
f 29 30 5812
f 5812 698 699
f 5812 699 29
f 1733 1734 5813
f 5813 848 849
f 5813 849 1733
f 3029 3030 5814
f 5814 2892 2893
f 5814 2893 3029
f 5815 1921 5816
f 5816 1921 1922
f 2255 2256 5815
f 2255 5815 5816
f 2364 2365 5817
f 5817 2365 5818
f 5818 2758 2759
f 5818 2759 5817
f 32 33 5819
f 697 5819 696
f 5819 697 32
f 1736 1737 5820
f 5820 846 847
f 5820 847 1736
f 3032 3033 5821
f 5821 2890 2891
f 5821 2891 3032
f 1923 1924 5822
f 5822 1924 5823
f 2253 2254 5822
f 2253 5822 5823
f 2366 2367 5824
f 5824 2367 5825
f 2756 2757 5824
f 2756 5824 5825
f 35 36 5826
f 5826 694 695
f 5826 695 35
f 1739 1740 5827
f 845 5827 844
f 5827 845 1739
f 3035 3036 5828
f 2889 5828 2888
f 5828 2889 3035
f 5829 1925 5830
f 5830 1925 1926
f 2251 2252 5829
f 2251 5829 5830
f 2368 2369 5831
f 5831 2369 5832
f 5831 2754 2755
f 2754 5831 5832
f 38 39 5833
f 5833 692 693
f 5833 693 38
f 1742 1743 5834
f 5834 842 843
f 5834 843 1742
f 3038 3039 5835
f 5835 2886 2887
f 5835 2887 3038
f 1927 1928 5836
f 5836 1928 5837
f 5837 2249 2250
f 5837 2250 5836
f 5838 2370 5839
f 5839 2370 2371
f 2752 2753 5838
f 2752 5838 5839
f 41 42 5840
f 691 5840 690
f 5840 691 41
f 1745 1746 5841
f 841 5841 840
f 5841 841 1745
f 3041 3042 5842
f 5842 2884 2885
f 5842 2885 3041
f 1929 1930 5843
f 5843 1930 5844
f 5843 2247 2248
f 2247 5843 5844
f 2372 2373 5845
f 5845 2373 5846
f 5846 2750 2751
f 5846 2751 5845
f 44 45 5847
f 5847 2158 905
f 5847 905 44
f 906 2462 5848
f 689 5848 688
f 5848 689 906
f 1748 1749 5849
f 5849 838 839
f 5849 839 1748
f 3044 3045 5850
f 5850 2882 2883
f 5850 2883 3044
f 5851 1931 5852
f 5852 1931 1932
f 2245 2246 5851
f 2245 5851 5852
f 2374 2375 5853
f 5853 2375 5854
f 2748 2749 5853
f 2748 5853 5854
f 47 48 5855
f 5855 2156 2157
f 5855 2157 47
f 2464 2465 5856
f 5856 686 687
f 5856 687 2464
f 1751 1752 5857
f 837 5857 836
f 5857 837 1751
f 3047 3048 5858
f 2881 5858 2880
f 5858 2881 3047
f 5859 1933 5860
f 5860 1933 1934
f 2243 2244 5859
f 2243 5859 5860
f 2376 2377 5861
f 5861 2377 5862
f 5861 2746 2747
f 2746 5861 5862
f 50 51 5863
f 5863 2154 2155
f 5863 2155 50
f 2467 2468 5864
f 5864 684 685
f 5864 685 2467
f 1754 1755 5865
f 5865 834 835
f 5865 835 1754
f 3050 3051 5866
f 2879 5866 2878
f 5866 2879 3050
f 1935 1936 5867
f 5867 1936 5868
f 5868 2241 2242
f 5868 2242 5867
f 2378 2379 5869
f 5869 2379 5870
f 5869 2744 2745
f 2744 5869 5870
f 5871 250 5872
f 5872 250 251
f 5872 550 551
f 5872 551 5871
f 53 54 5873
f 5873 2152 2153
f 5873 2153 53
f 2470 2471 5874
f 5874 682 683
f 5874 683 2470
f 1757 1758 5875
f 5875 832 833
f 5875 833 1757
f 3053 3054 5876
f 5876 2876 2877
f 5876 2877 3053
f 5877 1937 5878
f 5878 1937 1938
f 5878 2239 2240
f 5878 2240 5877
f 5879 2380 5880
f 5880 2380 2381
f 2742 2743 5879
f 2742 5879 5880
f 5881 252 5882
f 5882 252 253
f 5882 548 549
f 5882 549 5881
f 56 57 5883
f 5883 2150 2151
f 5883 2151 56
f 2473 2474 5884
f 681 5884 680
f 5884 681 2473
f 1760 1761 5885
f 831 5885 830
f 5885 831 1760
f 3056 3057 5886
f 5886 2874 2875
f 5886 2875 3056
f 1939 1940 5887
f 5887 1940 5888
f 2237 2238 5887
f 2237 5887 5888
f 2382 2383 5889
f 5889 2383 5890
f 5890 2740 2741
f 5890 2741 5889
f 254 255 5891
f 5891 255 5892
f 547 5892 546
f 5892 547 5891
f 59 60 5893
f 5893 2148 2149
f 5893 2149 59
f 2476 2477 5894
f 5894 678 679
f 5894 679 2476
f 1763 1764 5895
f 5895 828 829
f 5895 829 1763
f 3059 3060 5896
f 5896 2872 2873
f 5896 2873 3059
f 5897 1941 5898
f 5898 1941 1942
f 5898 2235 2236
f 5898 2236 5897
f 2384 2385 5899
f 5899 2385 5900
f 2738 2739 5899
f 2738 5899 5900
f 5901 256 5902
f 5902 256 257
f 5902 544 545
f 5902 545 5901
f 62 63 5903
f 5903 2146 2147
f 5903 2147 62
f 2479 2480 5904
f 677 5904 676
f 5904 677 2479
f 1766 1767 5905
f 827 5905 826
f 5905 827 1766
f 3062 3063 5906
f 5906 2870 2871
f 5906 2871 3062
f 1943 1944 5907
f 5907 1944 5908
f 5908 2233 2234
f 5908 2234 5907
f 5909 2386 5910
f 5910 2386 2387
f 2736 2737 5909
f 2736 5909 5910
f 258 259 5911
f 5911 259 5912
f 543 5912 542
f 5912 543 5911
f 65 66 5913
f 5913 2144 2145
f 5913 2145 65
f 2482 2483 5914
f 675 5914 674
f 5914 675 2482
f 1769 1770 5915
f 5915 824 825
f 5915 825 1769
f 3065 3066 5916
f 5916 2868 2869
f 5916 2869 3065
f 1945 1946 5917
f 5917 1946 5918
f 2231 2232 5917
f 2231 5917 5918
f 5919 2388 5920
f 5920 2388 2389
f 5920 2734 2735
f 5920 2735 5919
f 260 261 5921
f 5921 261 5922
f 541 5922 540
f 5922 541 5921
f 68 69 5923
f 5923 2142 2143
f 5923 2143 68
f 2485 2486 5924
f 5924 672 673
f 5924 673 2485
f 1772 1773 5925
f 5925 822 823
f 5925 823 1772
f 3068 3069 5926
f 5926 2866 2867
f 5926 2867 3068
f 5927 1947 5928
f 5928 1947 1948
f 2229 2230 5927
f 2229 5927 5928
f 2390 2391 5929
f 5929 2391 5930
f 2732 2733 5929
f 2732 5929 5930
f 5931 262 5932
f 5932 262 263
f 5932 538 539
f 5932 539 5931
f 71 72 5933
f 2141 5933 2140
f 5933 2141 71
f 2488 2489 5934
f 671 5934 670
f 5934 671 2488
f 1775 1776 5935
f 5935 820 821
f 5935 821 1775
f 3071 3072 5936
f 2865 5936 2864
f 5936 2865 3071
f 1949 1950 5937
f 5937 1950 5938
f 5937 2227 2228
f 2227 5937 5938
f 2392 2393 5939
f 5939 2393 5940
f 5939 2730 2731
f 2730 5939 5940
f 264 265 5941
f 5941 265 5942
f 537 5942 536
f 5942 537 5941
f 74 75 5943
f 5943 2138 2139
f 5943 2139 74
f 2491 2492 5944
f 5944 668 669
f 5944 669 2491
f 5945 1951 5946
f 5946 1951 1952
f 5946 2225 2226
f 5946 2226 5945
f 2394 2395 5947
f 5947 2395 5948
f 5947 2728 2729
f 2728 5947 5948
f 5949 266 5950
f 5950 266 267
f 5950 534 535
f 5950 535 5949
f 77 78 5951
f 5951 2136 2137
f 5951 2137 77
f 2494 2495 5952
f 667 5952 666
f 5952 667 2494
f 1953 1954 5953
f 5953 1954 5954
f 2223 2224 5953
f 2223 5953 5954
f 5955 2396 5956
f 5956 2396 2397
f 2726 2727 5955
f 2726 5955 5956
f 268 269 5957
f 5957 269 5958
f 5957 532 533
f 532 5957 5958
f 80 81 5959
f 5959 2134 2135
f 5959 2135 80
f 2497 2498 5960
f 665 5960 664
f 5960 665 2497
f 5961 1955 5962
f 5962 1955 1956
f 2221 2222 5961
f 2221 5961 5962
f 2398 2399 5963
f 5963 2399 5964
f 5964 2724 2725
f 5964 2725 5963
f 5965 270 5966
f 5966 270 271
f 5965 530 531
f 530 5965 5966
f 83 84 5967
f 5967 2132 2133
f 5967 2133 83
f 2500 2501 5968
f 5968 662 663
f 5968 663 2500
f 5969 1957 5970
f 5970 1957 1958
f 5970 2219 2220
f 5970 2220 5969
f 2400 2401 5971
f 5971 2401 5972
f 2722 2723 5971
f 2722 5971 5972
f 272 273 5973
f 5973 273 5974
f 5974 528 529
f 5974 529 5973
f 86 87 5975
f 5975 2130 2131
f 5975 2131 86
f 2503 2504 5976
f 5976 660 661
f 5976 661 2503
f 1959 1960 5977
f 5977 1960 5978
f 5978 2217 2218
f 5978 2218 5977
f 2402 2403 5979
f 5979 2403 5980
f 5979 2720 2721
f 2720 5979 5980
f 5981 274 5982
f 5982 274 275
f 5982 526 527
f 5982 527 5981
f 89 90 5983
f 5983 2128 2129
f 5983 2129 89
f 2506 2507 5984
f 659 5984 658
f 5984 659 2506
f 1961 1962 5985
f 5985 1962 5986
f 5986 2215 2216
f 5986 2216 5985
f 5987 2404 5988
f 5988 2404 2405
f 2718 2719 5987
f 2718 5987 5988
f 276 277 5989
f 5989 277 5990
f 5989 524 525
f 524 5989 5990
f 92 93 5991
f 5991 2126 2127
f 5991 2127 92
f 2509 2510 5992
f 657 5992 656
f 5992 657 2509
f 5993 1963 5994
f 5994 1963 1964
f 2213 2214 5993
f 2213 5993 5994
f 2406 2407 5995
f 5995 2407 5996
f 5996 2716 2717
f 5996 2717 5995
f 5997 278 5998
f 5998 278 279
f 5997 522 523
f 522 5997 5998
f 95 96 5999
f 5999 2124 2125
f 5999 2125 95
f 2512 2513 6000
f 655 6000 654
f 6000 655 2512
f 1965 1966 6001
f 6001 1966 6002
f 2211 2212 6001
f 2211 6001 6002
f 2408 2409 6003
f 6003 2409 6004
f 2714 2715 6003
f 2714 6003 6004
f 280 281 6005
f 6005 281 6006
f 521 6006 520
f 6006 521 6005
f 98 99 6007
f 6007 2122 2123
f 6007 2123 98
f 2515 2516 6008
f 6008 652 653
f 6008 653 2515
f 6009 282 6010
f 6010 282 283
f 6010 518 519
f 6010 519 6009
f 101 102 6011
f 6011 2120 2121
f 6011 2121 101
f 2518 2519 6012
f 651 6012 650
f 6012 651 2518
f 284 285 6013
f 6013 285 6014
f 517 6014 516
f 6014 517 6013
f 104 105 6015
f 6015 2118 2119
f 6015 2119 104
f 2521 2522 6016
f 6016 648 649
f 6016 649 2521
f 6017 286 6018
f 6018 286 287
f 6018 514 515
f 6018 515 6017
f 107 108 6019
f 6019 2116 2117
f 6019 2117 107
f 2524 2525 6020
f 647 6020 646
f 6020 647 2524
f 288 289 6021
f 6021 289 6022
f 513 6022 512
f 6022 513 6021
f 110 111 6023
f 6023 2114 2115
f 6023 2115 110
f 2527 2528 6024
f 6024 644 645
f 6024 645 2527
f 6025 290 6026
f 6026 290 291
f 6026 510 511
f 6026 511 6025
f 113 114 6027
f 6027 2112 2113
f 6027 2113 113
f 2530 2531 6028
f 6028 642 643
f 6028 643 2530
f 6029 292 6030
f 6030 292 293
f 6030 508 509
f 6030 509 6029
f 116 117 6031
f 6031 2110 2111
f 6031 2111 116
f 2533 2534 6032
f 641 6032 640
f 6032 641 2533
f 294 295 6033
f 6033 295 6034
f 6033 506 507
f 506 6033 6034
f 119 120 6035
f 6035 2108 2109
f 6035 2109 119
f 2536 2537 6036
f 6036 638 639
f 6036 639 2536
f 6037 296 6038
f 6038 296 297
f 504 505 6037
f 504 6037 6038
f 122 123 6039
f 6039 2106 2107
f 6039 2107 122
f 2539 2540 6040
f 6040 636 637
f 6040 637 2539
f 6041 298 6042
f 6042 298 299
f 6042 502 503
f 6042 503 6041
f 125 126 6043
f 6043 2104 2105
f 6043 2105 125
f 2542 2543 6044
f 6044 634 635
f 6044 635 2542
f 6045 300 6046
f 6046 300 301
f 6046 500 501
f 6046 501 6045
f 128 129 6047
f 6047 2102 2103
f 6047 2103 128
f 2545 2546 6048
f 633 6048 632
f 6048 633 2545
f 302 303 6049
f 6049 303 6050
f 6049 498 499
f 498 6049 6050
f 131 132 6051
f 6051 2100 2101
f 6051 2101 131
f 2548 2549 6052
f 631 6052 630
f 6052 631 2548
f 304 305 6053
f 6053 305 6054
f 6053 496 497
f 496 6053 6054
f 6055 306 6056
f 6056 306 307
f 6056 494 495
f 6056 495 6055
f 6057 308 6058
f 6058 308 309
f 6058 492 493
f 6058 493 6057
f 310 311 6059
f 6059 311 6060
f 6059 490 491
f 490 6059 6060
f 312 313 6061
f 6061 313 6062
f 6061 488 489
f 488 6061 6062
f 6063 314 6064
f 6064 314 315
f 6064 486 487
f 6064 487 6063
f 6065 316 6066
f 6066 316 317
f 6066 484 485
f 6066 485 6065
f 318 319 6067
f 6067 319 6068
f 6067 482 483
f 482 6067 6068
f 320 321 6069
f 6069 321 6070
f 6069 480 481
f 480 6069 6070
f 6071 322 6072
f 6072 322 323
f 478 479 6071
f 478 6071 6072
f 758 759 2039
f 757 758 2039
f 2305 2039 2641
f 2641 2039 2040
f 757 2039 915
f 915 2039 2305
f 2640 2641 2040
f 3161 3162 2305
f 915 3162 914
f 915 2305 3162
f 1378 3590 1377
f 3589 1377 3590
f 3589 3590 3591
f 1343 3560 1342
f 3559 1342 3560
f 3559 3560 3561
f 1301 3524 1300
f 3523 1300 3524
f 3523 3524 3525
f 1427 3632 1426
f 3631 1426 3632
f 3631 3632 3633
f 1560 3746 1559
f 3745 1559 3746
f 3745 3746 3747
f 1287 3512 1286
f 3511 1286 3512
f 3511 3512 3513
f 1490 3686 1489
f 3685 1489 3686
f 3685 3686 3687
f 1497 3692 1496
f 3691 1496 3692
f 3691 3692 3693
f 1504 3698 1503
f 3697 1503 3698
f 3697 3698 3699
f 1518 3710 1517
f 3709 1517 3710
f 3709 3710 3711
f 1042 3302 1041
f 3301 1041 3302
f 3301 3302 3303
f 1056 3314 1055
f 3313 1055 3314
f 3313 3314 3315
f 1070 3326 1069
f 3325 1069 3326
f 3325 3326 3327
f 1084 3338 1083
f 3337 1083 3338
f 3337 3338 3339
f 1091 3344 1090
f 3343 1090 3344
f 3343 3344 3345
f 1098 3350 1097
f 3349 1097 3350
f 3349 3350 3351
f 1112 3362 1111
f 3361 1111 3362
f 3361 3362 3363
f 1455 3656 1454
f 3655 1454 3656
f 3655 3656 3657
f 1462 3662 1461
f 3661 1461 3662
f 3661 3662 3663
f 1140 3386 1139
f 3385 1139 3386
f 3385 3386 3387
f 4714 4715 4718
f 4426 4718 4715
f 4426 4715 4425
f 4722 4723 4726
f 4431 4726 4723
f 4431 4723 4430
f 4666 4667 4670
f 4396 4670 4667
f 4396 4667 4395
f 4698 4699 4702
f 4416 4702 4699
f 4416 4699 4415
f 4818 4819 4822
f 4491 4822 4819
f 4491 4819 4490
f 4634 4635 4638
f 4376 4638 4635
f 4376 4635 4375
f 4826 4827 4830
f 4496 4830 4827
f 4496 4827 4495
f 4842 4843 4846
f 4506 4846 4843
f 4506 4843 4505
f 4858 4859 4862
f 4516 4862 4859
f 4516 4859 4515
f 4874 4875 4878
f 4526 4878 4875
f 4526 4875 4525
f 4890 4891 4894
f 4536 4894 4891
f 4536 4891 4535
f 4594 4595 4598
f 4351 4598 4595
f 4351 4595 4350
f 5291 5292 5295
f 5021 5295 5292
f 5021 5292 5020
f 5299 5300 5303
f 5026 5303 5300
f 5026 5300 5025
f 5307 5308 5311
f 5031 5311 5308
f 5031 5308 5030
f 5323 5324 5327
f 5041 5327 5324
f 5041 5324 5040
f 5339 5340 5343
f 5051 5343 5340
f 5051 5340 5050
f 5355 5356 5359
f 5061 5359 5356
f 5061 5356 5060
f 5363 5364 5367
f 5066 5367 5364
f 5066 5364 5065
f 5371 5372 5375
f 5071 5375 5372
f 5071 5372 5070
f 5387 5388 5391
f 5081 5391 5388
f 5081 5388 5080
f 5547 5548 5551
f 5181 5551 5548
f 5181 5548 5180
f 5555 5556 5559
f 5186 5559 5556
f 5186 5556 5185
f 5419 5420 5423
f 5101 5423 5420
f 5101 5420 5100
f 3834 3191 3192
f 3180 3192 916
f 3180 3834 3192
f 3172 3834 3180
f 3180 916 917
f 3854 3873 3853
f 3872 3853 3873
f 3872 3873 3874
f 3862 3856 3877
f 3862 3877 3878
f 3862 3882 3861
f 3882 3862 3878
f 3889 3199 3200
f 3200 3201 3885
f 3200 3885 3889
f 3182 749 750
f 750 751 754
f 750 754 3182
f 1385 3596 1384
f 3595 1384 3596
f 3595 3596 3597
f 1350 3566 1349
f 3565 1349 3566
f 3565 3566 3567
f 1308 3530 1307
f 3529 1307 3530
f 3529 3530 3531
f 1483 3680 1482
f 3679 1482 3680
f 3679 3680 3681
f 1567 3752 1566
f 3751 1566 3752
f 3751 3752 3753
f 1294 3518 1293
f 3517 1293 3518
f 3517 3518 3519
f 1511 3704 1510
f 3703 1510 3704
f 3703 3704 3705
f 1525 3716 1524
f 3715 1524 3716
f 3715 3716 3717
f 1532 3722 1531
f 3721 1531 3722
f 3721 3722 3723
f 1539 3728 1538
f 3727 1538 3728
f 3727 3728 3729
f 1546 3734 1545
f 3733 1545 3734
f 3733 3734 3735
f 1035 3296 1034
f 3295 1034 3296
f 3295 3296 3297
f 1049 3308 1048
f 3307 1048 3308
f 3307 3308 3309
f 1063 3320 1062
f 3319 1062 3320
f 3319 3320 3321
f 1077 3332 1076
f 3331 1076 3332
f 3331 3332 3333
f 1154 3398 1153
f 3397 1153 3398
f 3397 3398 3399
f 1161 3404 1160
f 3403 1160 3404
f 3403 3404 3405
f 1105 3356 1104
f 3355 1104 3356
f 3355 3356 3357
f 1119 3368 1118
f 3367 1118 3368
f 3367 3368 3369
f 1126 3374 1125
f 3373 1125 3374
f 3373 3374 3375
f 1133 3380 1132
f 3379 1132 3380
f 3379 3380 3381
f 1469 3668 1468
f 3667 1468 3668
f 3667 3668 3669
f 1476 3674 1475
f 3673 1475 3674
f 3673 3674 3675
f 1147 3392 1146
f 3391 1146 3392
f 3391 3392 3393
f 3919 887 888
f 888 889 3915
f 888 3915 3919
f 3167 739 740
f 740 741 744
f 740 744 3167
f 4730 4731 4734
f 4436 4734 4731
f 4436 4731 4435
f 4706 4707 4710
f 4421 4710 4707
f 4421 4707 4420
f 4674 4675 4678
f 4401 4678 4675
f 4401 4675 4400
f 4746 4747 4750
f 4446 4750 4747
f 4446 4747 4445
f 4834 4835 4838
f 4501 4838 4835
f 4501 4835 4500
f 4642 4643 4646
f 4381 4646 4643
f 4381 4643 4380
f 4866 4867 4870
f 4521 4870 4867
f 4521 4867 4520
f 4882 4883 4886
f 4531 4886 4883
f 4531 4883 4530
f 4898 4899 4902
f 4541 4902 4899
f 4541 4899 4540
f 4906 4907 4910
f 4546 4910 4907
f 4546 4907 4545
f 4914 4915 4918
f 4551 4918 4915
f 4551 4915 4550
f 4602 4603 4606
f 4356 4606 4603
f 4356 4603 4355
f 5315 5316 5319
f 5036 5319 5316
f 5036 5316 5035
f 5331 5332 5335
f 5046 5335 5332
f 5046 5332 5045
f 5347 5348 5351
f 5056 5351 5348
f 5056 5348 5055
f 5515 5516 5519
f 5161 5519 5516
f 5161 5516 5160
f 5523 5524 5527
f 5166 5527 5524
f 5166 5524 5165
f 5379 5380 5383
f 5076 5383 5380
f 5076 5380 5075
f 5395 5396 5399
f 5086 5399 5396
f 5086 5396 5085
f 5403 5404 5407
f 5091 5407 5404
f 5091 5404 5090
f 5411 5412 5415
f 5096 5415 5412
f 5096 5412 5095
f 5563 5564 5567
f 5191 5567 5564
f 5191 5564 5190
f 5571 5572 5575
f 5196 5575 5572
f 5196 5572 5195
f 5427 5428 5431
f 5106 5431 5428
f 5106 5428 5105
f 17 13 14
f 13 17 3193
f 13 3193 5620
f 3188 922 923
f 5620 3193 3841
f 923 3193 3188
f 3187 3188 3193
f 3193 17 3187
f 8 3841 3193
f 3187 3195 3824
f 3187 17 3195
f 3824 3825 3187
f 3187 3825 3830
f 3841 5618 5620
f 3835 3839 3825
f 3841 8 3839
f 3825 3839 3830
f 8 4 5
f 4 8 3179
f 4 3179 5625
f 918 919 3186
f 5625 3179 3176
f 3186 3179 918
f 3179 8 3193
f 3184 3179 3186
f 3830 3831 3922
f 3832 3922 3831
f 3922 3832 3175
f 3830 3922 3187
f 3176 5623 5625
f 3922 3175 3184
f 3175 3832 3837
f 3184 3175 3176
f 3176 3179 3184
f 8 3830 3839
f 1322 3542 1321
f 3541 1321 3542
f 3541 3542 3543
f 1315 3536 1314
f 3535 1314 3536
f 3535 3536 3537
f 1280 3506 1279
f 3505 1279 3506
f 3505 3506 3507
f 1336 3554 1335
f 3553 1335 3554
f 3553 3554 3555
f 1448 3650 1447
f 3649 1447 3650
f 3649 3650 3651
f 1273 3500 1272
f 3499 1272 3500
f 3499 3500 3501
f 1392 3602 1391
f 3601 1391 3602
f 3601 3602 3603
f 1399 3608 1398
f 3607 1398 3608
f 3607 3608 3609
f 1406 3614 1405
f 3613 1405 3614
f 3613 3614 3615
f 1413 3620 1412
f 3619 1412 3620
f 3619 3620 3621
f 1420 3626 1419
f 3625 1419 3626
f 3625 3626 3627
f 930 3206 929
f 3205 929 3206
f 3205 3206 3207
f 937 3212 936
f 3211 936 3212
f 3211 3212 3213
f 944 3218 943
f 3217 943 3218
f 3217 3218 3219
f 951 3224 950
f 3223 950 3224
f 3223 3224 3225
f 958 3230 957
f 3229 957 3230
f 3229 3230 3231
f 965 3236 964
f 3235 964 3236
f 3235 3236 3237
f 972 3242 971
f 3241 971 3242
f 3241 3242 3243
f 979 3248 978
f 3247 978 3248
f 3247 3248 3249
f 986 3254 985
f 3253 985 3254
f 3253 3254 3255
f 993 3260 992
f 3259 992 3260
f 3259 3260 3261
f 1000 3266 999
f 3265 999 3266
f 3265 3266 3267
f 1007 3272 1006
f 3271 1006 3272
f 3271 3272 3273
f 1014 3278 1013
f 3277 1013 3278
f 3277 3278 3279
f 1021 3284 1020
f 3283 1020 3284
f 3283 3284 3285
f 1364 3578 1363
f 3577 1363 3578
f 3577 3578 3579
f 1371 3584 1370
f 3583 1370 3584
f 3583 3584 3585
f 1028 3290 1027
f 3289 1027 3290
f 3289 3290 3291
f 3955 880 881
f 881 882 3951
f 881 3951 3955
f 3164 729 730
f 730 731 734
f 730 734 3164
f 4650 4651 4654
f 4386 4654 4651
f 4386 4651 4384
f 4682 4683 4686
f 4406 4686 4683
f 4406 4683 4404
f 4626 4627 4630
f 4371 4630 4627
f 4371 4627 4369
f 4658 4659 4662
f 4391 4662 4659
f 4391 4659 4389
f 4754 4755 4758
f 4451 4758 4755
f 4451 4755 4449
f 4618 4619 4622
f 4366 4622 4619
f 4366 4619 4364
f 4762 4763 4766
f 4456 4766 4763
f 4456 4763 4454
f 4770 4771 4774
f 4461 4774 4771
f 4461 4771 4459
f 4778 4779 4782
f 4466 4782 4779
f 4466 4779 4464
f 4786 4787 4790
f 4471 4790 4787
f 4471 4787 4469
f 4794 4795 4798
f 4476 4798 4795
f 4476 4795 4474
f 4586 4587 4590
f 4346 4590 4587
f 4346 4587 4344
f 5227 5228 5231
f 4981 5231 5228
f 4981 5228 4979
f 5235 5236 5239
f 4986 5239 5236
f 4986 5236 4984
f 5243 5244 5247
f 4991 5247 5244
f 4991 5244 4989
f 5251 5252 5255
f 4996 5255 5252
f 4996 5252 4994
f 5211 5212 5215
f 4971 5215 5212
f 4971 5212 4969
f 5259 5260 5263
f 5001 5263 5260
f 5001 5260 4999
f 5267 5268 5271
f 5006 5271 5268
f 5006 5268 5004
f 5275 5276 5279
f 5011 5279 5276
f 5011 5276 5009
f 5283 5284 5287
f 5016 5287 5284
f 5016 5284 5014
f 5531 5532 5535
f 5171 5535 5532
f 5171 5532 5169
f 5539 5540 5543
f 5176 5543 5540
f 5176 5540 5174
f 5219 5220 5223
f 4976 5223 5220
f 4976 5220 4974
f 1434 3638 1433
f 3637 1433 3638
f 3637 3638 3639
f 1441 3644 1440
f 3643 1440 3644
f 3643 3644 3645
f 1357 3572 1356
f 3571 1356 3572
f 3571 3572 3573
f 1553 3740 1552
f 3739 1552 3740
f 3739 3740 3741
f 1623 3800 1622
f 3799 1622 3800
f 3799 3800 3801
f 1329 3548 1328
f 3547 1328 3548
f 3547 3548 3549
f 1574 3758 1573
f 3757 1573 3758
f 3757 3758 3759
f 1581 3764 1580
f 3763 1580 3764
f 3763 3764 3765
f 1588 3770 1587
f 3769 1587 3770
f 3769 3770 3771
f 1595 3776 1594
f 3775 1594 3776
f 3775 3776 3777
f 1602 3782 1601
f 3781 1601 3782
f 3781 3782 3783
f 1168 3410 1167
f 3409 1167 3410
f 3409 3410 3411
f 1175 3416 1174
f 3415 1174 3416
f 3415 3416 3417
f 1182 3422 1181
f 3421 1181 3422
f 3421 3422 3423
f 1189 3428 1188
f 3427 1188 3428
f 3427 3428 3429
f 1196 3434 1195
f 3433 1195 3434
f 3433 3434 3435
f 1203 3440 1202
f 3439 1202 3440
f 3439 3440 3441
f 1210 3446 1209
f 3445 1209 3446
f 3445 3446 3447
f 1217 3452 1216
f 3451 1216 3452
f 3451 3452 3453
f 1224 3458 1223
f 3457 1223 3458
f 3457 3458 3459
f 1231 3464 1230
f 3463 1230 3464
f 3463 3464 3465
f 1238 3470 1237
f 3469 1237 3470
f 3469 3470 3471
f 1245 3476 1244
f 3475 1244 3476
f 3475 3476 3477
f 1252 3482 1251
f 3481 1251 3482
f 3481 3482 3483
f 1259 3488 1258
f 3487 1258 3488
f 3487 3488 3489
f 1609 3788 1608
f 3787 1608 3788
f 3787 3788 3789
f 1616 3794 1615
f 3793 1615 3794
f 3793 3794 3795
f 1266 3494 1265
f 3493 1265 3494
f 3493 3494 3495
f 3989 894 895
f 895 896 3985
f 895 3985 3989
f 3170 719 720
f 720 721 724
f 720 724 3170
f 4802 4803 4806
f 4481 4806 4803
f 4481 4803 4479
f 4850 4851 4854
f 4511 4854 4851
f 4511 4851 4509
f 4738 4739 4742
f 4441 4742 4739
f 4441 4739 4439
f 4810 4811 4814
f 4486 4814 4811
f 4486 4811 4484
f 4922 4923 4926
f 4556 4926 4923
f 4556 4923 4554
f 4690 4691 4694
f 4411 4694 4691
f 4411 4691 4409
f 4938 4939 4942
f 4566 4942 4939
f 4566 4939 4564
f 4946 4947 4950
f 4571 4950 4947
f 4571 4947 4569
f 4954 4955 4958
f 4576 4958 4955
f 4576 4955 4574
f 4962 4963 4966
f 4581 4966 4963
f 4581 4963 4579
f 4930 4931 4934
f 4561 4934 4931
f 4561 4931 4559
f 4610 4611 4614
f 4361 4614 4611
f 4361 4611 4359
f 5435 5436 5439
f 5111 5439 5436
f 5111 5436 5109
f 5443 5444 5447
f 5116 5447 5444
f 5116 5444 5114
f 5451 5452 5455
f 5121 5455 5452
f 5121 5452 5119
f 5459 5460 5463
f 5126 5463 5460
f 5126 5460 5124
f 5507 5508 5511
f 5156 5511 5508
f 5156 5508 5154
f 5467 5468 5471
f 5131 5471 5468
f 5131 5468 5129
f 5475 5476 5479
f 5136 5479 5476
f 5136 5476 5134
f 5483 5484 5487
f 5141 5487 5484
f 5141 5484 5139
f 5491 5492 5495
f 5146 5495 5492
f 5146 5492 5144
f 5579 5580 5583
f 5201 5583 5580
f 5201 5580 5199
f 5587 5588 5591
f 5206 5591 5588
f 5206 5588 5204
f 5499 5500 5503
f 5151 5503 5500
f 5151 5500 5149
f 1663 1664 3992
f 3992 1664 5707
f 5707 1662 1625
f 5707 1625 3992
f 3994 2940 5709
f 5709 2940 2941
f 2939 2642 3994
f 2939 3994 5709
f 1890 1891 3995
f 1891 1892 3995
f 3995 2284 2285
f 2284 3995 1892
f 2334 2335 3996
f 2333 2334 3996
f 3996 2787 2788
f 2787 3996 2335
f 1665 1666 5708
f 1666 1667 5708
f 5708 1660 1661
f 1660 5708 1667
f 2942 2943 5710
f 2943 2944 5710
f 5710 2937 2938
f 2937 5710 2944
f 1887 1888 3997
f 1888 1889 3997
f 3997 2286 2287
f 2286 3997 1889
f 2331 2332 3998
f 2330 2331 3998
f 3998 2789 2790
f 2789 3998 2332
f 1668 1669 5711
f 1669 1670 5711
f 5711 1658 1659
f 1658 5711 1670
f 2945 2946 5712
f 2946 2947 5712
f 5712 2935 2936
f 2935 5712 2947
f 1884 1885 3999
f 1885 1886 3999
f 3999 2288 2289
f 2288 3999 1886
f 2327 2328 4000
f 2328 2329 4000
f 4000 2791 2792
f 2791 4000 2329
f 1671 1672 5713
f 1672 1673 5713
f 5713 1656 1657
f 1656 5713 1673
f 2948 2949 5714
f 2949 2950 5714
f 5714 2933 2934
f 2933 5714 2950
f 1881 1882 4001
f 1882 1883 4001
f 4001 2290 2291
f 2290 4001 1883
f 2325 2326 4002
f 2324 2325 4002
f 4002 2793 2794
f 2793 4002 2326
f 1674 1675 5715
f 1675 1676 5715
f 5715 1654 1655
f 1654 5715 1676
f 2952 2953 5716
f 2951 2952 5716
f 5716 2931 2932
f 2931 5716 2953
f 1878 1879 4003
f 1879 1880 4003
f 4003 2292 2293
f 2292 4003 1880
f 4004 2321 2322
f 4004 2322 2323
f 4004 2795 2796
f 2795 4004 2323
f 1677 1678 5717
f 1678 1679 5717
f 5717 1652 1653
f 1652 5717 1679
f 2955 2956 5718
f 2954 2955 5718
f 5718 2929 2930
f 2929 5718 2956
f 1875 1876 4005
f 1876 1877 4005
f 4005 2294 2295
f 2294 4005 1877
f 2319 2320 4006
f 2318 2319 4006
f 4006 2797 2798
f 2797 4006 2320
f 1680 1681 5719
f 1681 1682 5719
f 5719 1650 1651
f 1650 5719 1682
f 2957 2958 5720
f 2958 2959 5720
f 5720 2927 2928
f 2927 5720 2959
f 1872 1873 4007
f 1873 1874 4007
f 4007 2296 2297
f 2296 4007 1874
f 4008 2315 2316
f 4008 2316 2317
f 4008 2799 2800
f 2799 4008 2317
f 1683 1684 5721
f 1684 1685 5721
f 5721 1648 1649
f 1648 5721 1685
f 2960 2961 5722
f 2961 2962 5722
f 5722 2925 2926
f 2925 5722 2962
f 1869 1870 4009
f 1870 1871 4009
f 4009 2298 2299
f 2298 4009 1871
f 4010 2312 2313
f 4010 2313 2314
f 4010 2801 2802
f 2801 4010 2314
f 1686 1687 5723
f 1687 1688 5723
f 5723 1646 1647
f 1646 5723 1688
f 2963 2964 5724
f 2964 2965 5724
f 5724 2923 2924
f 2923 5724 2965
f 1866 1867 4011
f 1867 1868 4011
f 4011 2300 2301
f 2300 4011 1868
f 4012 2309 2310
f 4012 2310 2311
f 4012 2803 2804
f 2803 4012 2311
f 1689 1690 877
f 1690 1691 877
f 877 899 5725
f 1645 5725 899
f 877 5725 1689
f 913 2966 2967
f 913 2967 912
f 913 2921 5726
f 2922 5726 2921
f 913 5726 2966
f 1864 1865 4013
f 4013 1863 1864
f 1865 761 4013
f 761 762 4013
f 2302 2303 761
f 761 1865 2302
f 2307 2308 4968
f 4968 2308 3160
f 3160 2805 4014
f 2805 3160 2308
f 2806 4014 2805
f 3160 4014 3159
f 1692 1693 5727
f 1693 1694 5727
f 5727 875 876
f 875 5727 1694
f 2989 2990 5728
f 2988 2989 5728
f 5728 2919 2920
f 2919 5728 2990
f 1860 1861 4019
f 1861 1862 4019
f 4019 763 764
f 763 4019 1862
f 4020 3156 3157
f 4020 3157 3158
f 4020 2807 2808
f 2807 4020 3158
f 1695 1696 5729
f 1696 1697 5729
f 5729 873 874
f 873 5729 1697
f 2992 2993 5730
f 2991 2992 5730
f 5730 2917 2918
f 2917 5730 2993
f 1857 1858 4025
f 1858 1859 4025
f 4025 765 766
f 765 4025 1859
f 4026 3153 3154
f 4026 3154 3155
f 4026 2809 2810
f 2809 4026 3155
f 1698 1699 5735
f 1699 1700 5735
f 5735 871 872
f 871 5735 1700
f 2995 2996 5736
f 2994 2995 5736
f 5736 2915 2916
f 2915 5736 2996
f 1854 1855 4031
f 1855 1856 4031
f 4031 767 768
f 767 4031 1856
f 3151 3152 4032
f 3150 3151 4032
f 4032 2811 2812
f 2811 4032 3152
f 1701 1702 5741
f 1702 1703 5741
f 5741 869 870
f 869 5741 1703
f 2998 2999 5742
f 2997 2998 5742
f 5742 2913 2914
f 2913 5742 2999
f 1851 1852 4037
f 1852 1853 4037
f 4037 769 770
f 769 4037 1853
f 3148 3149 4038
f 3147 3148 4038
f 4038 2813 2814
f 2813 4038 3149
f 1704 1705 5747
f 1705 1706 5747
f 5747 867 868
f 867 5747 1706
f 5748 3000 3001
f 5748 3001 3002
f 5748 2911 2912
f 2911 5748 3002
f 1848 1849 4043
f 1849 1850 4043
f 4043 771 772
f 771 4043 1850
f 4044 3144 3145
f 4044 3145 3146
f 4044 2815 2816
f 2815 4044 3146
f 1707 1708 5753
f 1708 1709 5753
f 5753 865 866
f 865 5753 1709
f 5754 3003 3004
f 5754 3004 3005
f 5754 2909 2910
f 2909 5754 3005
f 1845 1846 4049
f 1846 1847 4049
f 4049 773 774
f 773 4049 1847
f 3141 3142 4050
f 3142 3143 4050
f 4050 2817 2818
f 2817 4050 3143
f 1710 1711 5759
f 1711 1712 5759
f 5759 863 864
f 863 5759 1712
f 3007 3008 5760
f 3006 3007 5760
f 5760 2907 2908
f 2907 5760 3008
f 1843 1844 4055
f 1842 1843 4055
f 4055 775 776
f 775 4055 1844
f 3139 3140 4056
f 3138 3139 4056
f 4056 2819 2820
f 2819 4056 3140
f 1713 1714 5765
f 1714 1715 5765
f 5765 861 862
f 861 5765 1715
f 5766 3009 3010
f 5766 3010 3011
f 5766 2905 2906
f 2905 5766 3011
f 1839 1840 4061
f 1840 1841 4061
f 4061 777 778
f 777 4061 1841
f 3135 3136 4062
f 3136 3137 4062
f 4062 2821 2822
f 2821 4062 3137
f 1716 1717 5771
f 1717 1718 5771
f 5771 859 860
f 859 5771 1718
f 5772 3012 3013
f 5772 3013 3014
f 5772 2903 2904
f 2903 5772 3014
f 1836 1837 4067
f 1837 1838 4067
f 4067 779 780
f 779 4067 1838
f 3132 3133 4068
f 3133 3134 4068
f 4068 2823 2824
f 2823 4068 3134
f 1719 1720 5777
f 1720 1721 5777
f 5777 857 858
f 857 5777 1721
f 3015 3016 5778
f 3016 3017 5778
f 5778 2901 2902
f 2901 5778 3017
f 1833 1834 4069
f 1834 1835 4069
f 4069 781 782
f 781 4069 1835
f 3129 3130 4070
f 3130 3131 4070
f 4070 2825 2826
f 2825 4070 3131
f 19 20 403
f 403 20 5789
f 402 5789 705
f 5789 402 403
f 1722 1723 5783
f 1723 1724 5783
f 5783 855 856
f 855 5783 1724
f 5784 3018 3019
f 5784 3019 3020
f 5784 2899 2900
f 2899 5784 3020
f 1830 1831 4075
f 1831 1832 4075
f 4075 783 784
f 783 4075 1832
f 4076 3126 3127
f 4076 3127 3128
f 4076 2827 2828
f 2827 4076 3128
f 706 246 5797
f 5797 246 247
f 5797 553 554
f 5797 554 706
f 21 22 5790
f 22 23 5790
f 5790 703 704
f 703 5790 23
f 1725 1726 5791
f 1726 1727 5791
f 5791 853 854
f 853 5791 1727
f 3022 3023 5792
f 3021 3022 5792
f 5792 2897 2898
f 2897 5792 3023
f 1827 1828 4081
f 1828 1829 4081
f 4081 785 786
f 785 4081 1829
f 3123 3124 4082
f 3124 3125 4082
f 4082 2829 2830
f 2829 4082 3125
f 707 243 244
f 707 244 245
f 707 555 556
f 555 707 245
f 24 25 5798
f 25 26 5798
f 5798 701 702
f 701 5798 26
f 1728 1729 5799
f 1729 1730 5799
f 5799 851 852
f 851 5799 1730
f 3025 3026 5800
f 3024 3025 5800
f 5800 2895 2896
f 2895 5800 3026
f 1824 1825 4087
f 1825 1826 4087
f 4087 787 788
f 787 4087 1826
f 3121 3122 4088
f 3120 3121 4088
f 4088 2831 2832
f 2831 4088 3122
f 708 240 241
f 708 241 242
f 708 557 558
f 557 708 242
f 27 28 5805
f 28 29 5805
f 5805 699 700
f 699 5805 29
f 1732 1733 5806
f 1731 1732 5806
f 5806 849 850
f 849 5806 1733
f 3028 3029 5807
f 3027 3028 5807
f 5807 2893 2894
f 2893 5807 3029
f 1821 1822 4093
f 1822 1823 4093
f 4093 789 790
f 789 4093 1823
f 3118 3119 4094
f 3117 3118 4094
f 4094 2833 2834
f 2833 4094 3119
f 709 237 238
f 709 238 239
f 709 559 560
f 559 709 239
f 30 31 5812
f 31 32 5812
f 5812 697 698
f 697 5812 32
f 1734 1735 5813
f 1735 1736 5813
f 5813 847 848
f 847 5813 1736
f 5814 3030 3031
f 5814 3031 3032
f 5814 2891 2892
f 2891 5814 3032
f 1818 1819 4099
f 1819 1820 4099
f 4099 791 792
f 791 4099 1820
f 4100 3114 3115
f 4100 3115 3116
f 4100 2835 2836
f 2835 4100 3116
f 235 236 710
f 234 235 710
f 710 561 562
f 561 710 236
f 33 34 5819
f 34 35 5819
f 5819 695 696
f 695 5819 35
f 1737 1738 5820
f 1738 1739 5820
f 5820 845 846
f 845 5820 1739
f 3033 3034 5821
f 3034 3035 5821
f 5821 2889 2890
f 2889 5821 3035
f 1815 1816 4105
f 1816 1817 4105
f 4105 793 794
f 793 4105 1817
f 3111 3112 4106
f 3112 3113 4106
f 4106 2837 2838
f 2837 4106 3113
f 232 233 711
f 231 232 711
f 711 563 564
f 563 711 233
f 36 37 5826
f 37 38 5826
f 5826 693 694
f 693 5826 38
f 1740 1741 5827
f 1741 1742 5827
f 5827 843 844
f 843 5827 1742
f 3037 3038 5828
f 3036 3037 5828
f 5828 2887 2888
f 2887 5828 3038
f 1812 1813 4111
f 1813 1814 4111
f 4111 795 796
f 795 4111 1814
f 3109 3110 4112
f 3108 3109 4112
f 4112 2839 2840
f 2839 4112 3110
f 228 229 712
f 229 230 712
f 712 565 566
f 565 712 230
f 39 40 5833
f 40 41 5833
f 5833 691 692
f 691 5833 41
f 1743 1744 5834
f 1744 1745 5834
f 5834 841 842
f 841 5834 1745
f 3040 3041 5835
f 3039 3040 5835
f 5835 2885 2886
f 2885 5835 3041
f 1809 1810 4117
f 1810 1811 4117
f 4117 797 798
f 797 4117 1811
f 3106 3107 4118
f 3105 3106 4118
f 4118 2841 2842
f 2841 4118 3107
f 226 227 713
f 225 226 713
f 713 567 568
f 567 713 227
f 43 44 905
f 42 905 5840
f 905 42 43
f 906 689 5840
f 690 5840 689
f 906 5840 905
f 1746 1747 5841
f 1747 1748 5841
f 5841 839 840
f 839 5841 1748
f 3043 3044 5842
f 3042 3043 5842
f 5842 2883 2884
f 2883 5842 3044
f 1806 1807 4123
f 1807 1808 4123
f 4123 799 800
f 799 4123 1808
f 4124 3102 3103
f 4124 3103 3104
f 4124 2843 2844
f 2843 4124 3104
f 223 224 716
f 716 222 223
f 224 715 716
f 2639 715 569
f 4125 569 570
f 569 4125 2639
f 715 224 569
f 45 46 5847
f 46 47 5847
f 5847 2157 2158
f 2157 5847 47
f 5848 2462 2463
f 5848 2463 2464
f 5848 687 688
f 687 5848 2464
f 1749 1750 5849
f 1750 1751 5849
f 5849 837 838
f 837 5849 1751
f 3045 3046 5850
f 3046 3047 5850
f 5850 2881 2882
f 2881 5850 3047
f 1803 1804 4130
f 1804 1805 4130
f 4130 801 802
f 801 4130 1805
f 4131 3099 3100
f 4131 3100 3101
f 4131 2845 2846
f 2845 4131 3101
f 4132 219 220
f 4132 220 221
f 4132 714 2042
f 714 4132 221
f 4133 2636 2637
f 4133 2637 2638
f 4133 571 572
f 571 4133 2638
f 5855 48 49
f 5855 49 50
f 5855 2155 2156
f 2155 5855 50
f 5856 2465 2466
f 5856 2466 2467
f 5856 685 686
f 685 5856 2467
f 5857 1752 1753
f 5857 1753 1754
f 5857 835 836
f 835 5857 1754
f 5858 3048 3049
f 5858 3049 3050
f 5858 2879 2880
f 2879 5858 3050
f 4140 1800 1801
f 4140 1801 1802
f 4140 803 804
f 803 4140 1802
f 4141 3096 3097
f 4141 3097 3098
f 4141 2847 2848
f 2847 4141 3098
f 4142 216 217
f 4142 217 218
f 4142 2043 2044
f 2043 4142 218
f 4143 2633 2634
f 4143 2634 2635
f 4143 573 574
f 573 4143 2635
f 51 52 5863
f 52 53 5863
f 5863 2153 2154
f 2153 5863 53
f 2468 2469 5864
f 2469 2470 5864
f 5864 683 684
f 683 5864 2470
f 1755 1756 5865
f 1756 1757 5865
f 5865 833 834
f 833 5865 1757
f 3052 3053 5866
f 3051 3052 5866
f 5866 2877 2878
f 2877 5866 3053
f 1797 1798 4150
f 1798 1799 4150
f 4150 805 806
f 805 4150 1799
f 3094 3095 4151
f 3093 3094 4151
f 4151 2849 2850
f 2849 4151 3095
f 214 215 4152
f 213 214 4152
f 4152 2045 2046
f 2045 4152 215
f 2631 2632 4153
f 2630 2631 4153
f 4153 575 576
f 575 4153 2632
f 54 55 5873
f 55 56 5873
f 5873 2151 2152
f 2151 5873 56
f 2472 2473 5874
f 2471 2472 5874
f 5874 681 682
f 681 5874 2473
f 1758 1759 5875
f 1759 1760 831
f 5875 831 832
f 831 5875 1759
f 3055 3056 2875
f 3054 3055 5876
f 5876 2875 2876
f 2875 5876 3055
f 1794 1795 4160
f 1795 1796 807
f 4160 807 808
f 807 4160 1795
f 3090 3091 4161
f 3091 3092 2851
f 4161 2851 2852
f 2851 4161 3091
f 211 212 4162
f 210 211 4162
f 4162 2047 2048
f 2047 4162 212
f 2628 2629 4163
f 2627 2628 4163
f 4163 577 578
f 577 4163 2629
f 57 58 5883
f 58 59 5883
f 5883 2149 2150
f 2149 5883 59
f 2475 2476 5884
f 2474 2475 5884
f 5884 679 680
f 679 5884 2476
f 1761 1762 5885
f 1762 1763 829
f 5885 829 830
f 829 5885 1762
f 5886 3057 3058
f 2873 3058 3059
f 5886 2873 2874
f 2873 5886 3058
f 1791 1792 4170
f 1792 1793 809
f 4170 809 810
f 809 4170 1792
f 3087 3088 4171
f 3088 3089 2853
f 4171 2853 2854
f 2853 4171 3088
f 208 209 4172
f 207 208 4172
f 4172 2049 2050
f 2049 4172 209
f 2625 2626 4173
f 2624 2625 4173
f 4173 579 580
f 579 4173 2626
f 61 62 5893
f 60 61 5893
f 5893 2147 2148
f 2147 5893 62
f 2477 2478 5894
f 2478 2479 5894
f 5894 677 678
f 677 5894 2479
f 1764 1765 5895
f 1765 1766 827
f 5895 827 828
f 827 5895 1765
f 5896 3060 3061
f 2871 3061 3062
f 5896 2871 2872
f 2871 5896 3061
f 1788 1789 4180
f 1789 1790 811
f 4180 811 812
f 811 4180 1789
f 3085 3086 2855
f 3084 3085 4181
f 4181 2855 2856
f 2855 4181 3085
f 205 206 4182
f 204 205 4182
f 4182 2051 2052
f 2051 4182 206
f 4183 2621 2622
f 4183 2622 2623
f 4183 581 582
f 581 4183 2623
f 5903 63 64
f 5903 64 65
f 5903 2145 2146
f 2145 5903 65
f 2481 2482 5904
f 2480 2481 5904
f 5904 675 676
f 675 5904 2482
f 1767 1768 5905
f 1768 1769 825
f 5905 825 826
f 825 5905 1768
f 5906 3063 3064
f 2869 3064 3065
f 5906 2869 2870
f 2869 5906 3064
f 1785 1786 4190
f 1786 1787 813
f 4190 813 814
f 813 4190 1786
f 3082 3083 2857
f 3081 3082 4191
f 4191 2857 2858
f 2857 4191 3082
f 4192 201 202
f 4192 202 203
f 4192 2053 2054
f 2053 4192 203
f 4193 2618 2619
f 4193 2619 2620
f 4193 583 584
f 583 4193 2620
f 67 68 5913
f 66 67 5913
f 5913 2143 2144
f 2143 5913 68
f 2484 2485 5914
f 2483 2484 5914
f 5914 673 674
f 673 5914 2485
f 5915 1770 1771
f 823 1771 1772
f 5915 823 824
f 823 5915 1771
f 5916 3066 3067
f 2867 3067 3068
f 5916 2867 2868
f 2867 5916 3067
f 1782 1783 4200
f 1783 1784 815
f 4200 815 816
f 815 4200 1783
f 3079 3080 2859
f 3078 3079 4201
f 4201 2859 2860
f 2859 4201 3079
f 199 200 4202
f 198 199 4202
f 4202 2055 2056
f 2055 4202 200
f 4203 2615 2616
f 4203 2616 2617
f 4203 585 586
f 585 4203 2617
f 69 70 5923
f 70 71 5923
f 5923 2141 2142
f 2141 5923 71
f 2486 2487 5924
f 2487 2488 5924
f 5924 671 672
f 671 5924 2488
f 1773 1774 5925
f 1774 1775 821
f 5925 821 822
f 821 5925 1774
f 3069 3070 5926
f 3070 3071 2865
f 5926 2865 2866
f 2865 5926 3070
f 4210 1779 1780
f 817 1780 1781
f 4210 817 818
f 817 4210 1780
f 3076 3077 2861
f 3075 3076 4211
f 4211 2861 2862
f 2861 4211 3076
f 196 197 4212
f 195 196 4212
f 4212 2057 2058
f 2057 4212 197
f 2613 2614 4213
f 2612 2613 4213
f 4213 587 588
f 587 4213 2614
f 5933 72 73
f 5933 73 74
f 5933 2139 2140
f 2139 5933 74
f 5934 2489 2490
f 5934 2490 2491
f 5934 669 670
f 669 5934 2491
f 5935 1776 1777
f 820 5935 819
f 1777 1778 819
f 1777 819 5935
f 5936 3072 3073
f 2864 5936 2863
f 3073 3074 2863
f 3073 2863 5936
f 193 194 4220
f 192 193 4220
f 4220 2059 2060
f 2059 4220 194
f 2610 2611 4221
f 2609 2610 4221
f 4221 589 590
f 589 4221 2611
f 76 77 5943
f 75 76 5943
f 5943 2137 2138
f 2137 5943 77
f 2493 2494 5944
f 2492 2493 5944
f 5944 667 668
f 667 5944 2494
f 4228 189 190
f 4228 190 191
f 4228 2061 2062
f 2061 4228 191
f 4229 2606 2607
f 4229 2607 2608
f 4229 591 592
f 591 4229 2608
f 78 79 5951
f 79 80 5951
f 5951 2135 2136
f 2135 5951 80
f 2496 2497 5952
f 2495 2496 5952
f 5952 665 666
f 665 5952 2497
f 4236 186 187
f 4236 187 188
f 4236 2063 2064
f 2063 4236 188
f 2604 2605 4237
f 2603 2604 4237
f 4237 593 594
f 593 4237 2605
f 82 83 5959
f 81 82 5959
f 5959 2133 2134
f 2133 5959 83
f 5960 2498 2499
f 5960 2499 2500
f 5960 663 664
f 663 5960 2500
f 183 184 4244
f 184 185 4244
f 4244 2065 2066
f 2065 4244 185
f 2600 2601 4245
f 2601 2602 4245
f 4245 595 596
f 595 4245 2602
f 84 85 5967
f 85 86 5967
f 5967 2131 2132
f 2131 5967 86
f 2501 2502 5968
f 2502 2503 5968
f 5968 661 662
f 661 5968 2503
f 4252 180 181
f 4252 181 182
f 4252 2067 2068
f 2067 4252 182
f 4253 2597 2598
f 4253 2598 2599
f 4253 597 598
f 597 4253 2599
f 88 89 5975
f 87 88 5975
f 5975 2129 2130
f 2129 5975 89
f 2505 2506 5976
f 2504 2505 5976
f 5976 659 660
f 659 5976 2506
f 178 179 4260
f 177 178 4260
f 4260 2069 2070
f 2069 4260 179
f 2595 2596 4261
f 2594 2595 4261
f 4261 599 600
f 599 4261 2596
f 91 92 5983
f 90 91 5983
f 5983 2127 2128
f 2127 5983 92
f 2508 2509 5984
f 2507 2508 5984
f 5984 657 658
f 657 5984 2509
f 175 176 4268
f 174 175 4268
f 4268 2071 2072
f 2071 4268 176
f 2592 2593 4269
f 2591 2592 4269
f 4269 601 602
f 601 4269 2593
f 94 95 5991
f 93 94 5991
f 5991 2125 2126
f 2125 5991 95
f 2511 2512 5992
f 2510 2511 5992
f 5992 655 656
f 655 5992 2512
f 172 173 4276
f 171 172 4276
f 4276 2073 2074
f 2073 4276 173
f 4277 2588 2589
f 4277 2589 2590
f 4277 603 604
f 603 4277 2590
f 5999 96 97
f 5999 97 98
f 5999 2123 2124
f 2123 5999 98
f 6000 2513 2514
f 6000 2514 2515
f 6000 653 654
f 653 6000 2515
f 4280 168 169
f 4280 169 170
f 4280 2075 2076
f 2075 4280 170
f 4281 2585 2586
f 4281 2586 2587
f 4281 605 606
f 605 4281 2587
f 100 101 6007
f 99 100 6007
f 6007 2121 2122
f 2121 6007 101
f 2517 2518 6008
f 2516 2517 6008
f 6008 651 652
f 651 6008 2518
f 4284 165 166
f 4284 166 167
f 4284 2077 2078
f 2077 4284 167
f 4285 2582 2583
f 4285 2583 2584
f 4285 607 608
f 607 4285 2584
f 103 104 6011
f 102 103 6011
f 6011 2119 2120
f 2119 6011 104
f 2519 2520 6012
f 2520 2521 6012
f 6012 649 650
f 649 6012 2521
f 4288 162 163
f 4288 163 164
f 4288 2079 2080
f 2079 4288 164
f 4289 2579 2580
f 4289 2580 2581
f 4289 609 610
f 609 4289 2581
f 6015 105 106
f 6015 106 107
f 6015 2117 2118
f 2117 6015 107
f 2522 2523 6016
f 2523 2524 6016
f 6016 647 648
f 647 6016 2524
f 159 160 4292
f 160 161 4292
f 4292 2081 2082
f 2081 4292 161
f 2576 2577 4293
f 2577 2578 4293
f 4293 611 612
f 611 4293 2578
f 6019 108 109
f 6019 109 110
f 6019 2115 2116
f 2115 6019 110
f 6020 2525 2526
f 6020 2526 2527
f 6020 645 646
f 645 6020 2527
f 157 158 4296
f 156 157 4296
f 4296 2083 2084
f 2083 4296 158
f 4297 2573 2574
f 4297 2574 2575
f 4297 613 614
f 613 4297 2575
f 6023 111 112
f 6023 112 113
f 6023 2113 2114
f 2113 6023 113
f 6024 2528 2529
f 6024 2529 2530
f 6024 643 644
f 643 6024 2530
f 154 155 4300
f 153 154 4300
f 4300 2085 2086
f 2085 4300 155
f 2571 2572 4301
f 2570 2571 4301
f 4301 615 616
f 615 4301 2572
f 115 116 2111
f 114 115 6027
f 6027 2111 2112
f 2111 6027 115
f 2531 2532 6028
f 2532 2533 641
f 6028 641 642
f 641 6028 2532
f 151 152 2087
f 150 151 4304
f 4304 2087 2088
f 2087 4304 151
f 2568 2569 617
f 2567 2568 4305
f 4305 617 618
f 617 4305 2568
f 6031 117 118
f 2109 118 119
f 6031 2109 2110
f 2109 6031 118
f 6032 2534 2535
f 639 2535 2536
f 6032 639 640
f 639 6032 2535
f 148 149 2089
f 147 148 4308
f 4308 2089 2090
f 2089 4308 148
f 2565 2566 619
f 2564 2565 4309
f 4309 619 620
f 619 4309 2565
f 6035 120 121
f 2107 121 122
f 6035 2107 2108
f 2107 6035 121
f 6036 2537 2538
f 637 2538 2539
f 6036 637 638
f 637 6036 2538
f 145 146 2091
f 144 145 4312
f 4312 2091 2092
f 2091 4312 145
f 2562 2563 621
f 2561 2562 4313
f 4313 621 622
f 621 4313 2562
f 124 125 2105
f 123 124 6039
f 6039 2105 2106
f 2105 6039 124
f 2540 2541 6040
f 2541 2542 635
f 6040 635 636
f 635 6040 2541
f 142 143 2093
f 141 142 4316
f 4316 2093 2094
f 2093 4316 142
f 2559 2560 623
f 2558 2559 4317
f 4317 623 624
f 623 4317 2559
f 6043 126 127
f 2103 127 128
f 6043 2103 2104
f 2103 6043 127
f 2543 2544 6044
f 2544 2545 633
f 6044 633 634
f 633 6044 2544
f 139 140 2095
f 138 139 4320
f 4320 2095 2096
f 2095 4320 139
f 2556 2557 625
f 2555 2556 4321
f 4321 625 626
f 625 4321 2556
f 130 131 2101
f 129 130 6047
f 6047 2101 2102
f 2101 6047 130
f 2546 2547 6048
f 2547 2548 631
f 6048 631 632
f 631 6048 2547
f 136 137 2097
f 135 136 4324
f 4324 2097 2098
f 2097 4324 136
f 2553 2554 627
f 2552 2553 4325
f 4325 627 628
f 627 4325 2553
f 6051 2099 2100
f 133 6051 132
f 133 134 2099
f 133 2099 6051
f 6052 2549 2550
f 630 6052 629
f 2550 2551 629
f 2550 629 6052
f 3593 1374 1373
f 3592 3593 3804
f 1373 1375 3588
f 3588 3804 1373
f 1373 3804 3593
f 3563 1338 1339
f 3562 3563 3805
f 1339 1340 3558
f 3558 3805 1339
f 1339 3805 3563
f 3527 1296 1297
f 3526 3527 3806
f 1297 1298 3522
f 3522 3806 1297
f 1297 3806 3527
f 3635 1423 1422
f 3634 3635 3807
f 1422 1424 3630
f 3630 3807 1422
f 1422 3807 3635
f 3749 1556 1555
f 3748 3749 3808
f 1555 1557 3808
f 3744 3808 1557
f 1555 3808 3749
f 3515 1282 1283
f 3514 3515 3809
f 1283 1284 3510
f 3510 3809 1283
f 1283 3809 3515
f 3689 1486 1485
f 3688 3689 3810
f 1485 1487 3684
f 3684 3810 1485
f 1485 3810 3689
f 3695 1493 1492
f 3694 3695 3811
f 1492 1494 3690
f 3690 3811 1492
f 1492 3811 3695
f 3701 1500 1499
f 3700 3701 3812
f 1499 1501 3696
f 3696 3812 1499
f 1499 3812 3701
f 3713 1514 1513
f 3712 3713 3813
f 1513 1515 3708
f 3708 3813 1513
f 1513 3813 3713
f 3305 1037 1038
f 3304 3305 3814
f 1038 1039 3300
f 3300 3814 1038
f 1038 3814 3305
f 3317 1051 1052
f 3316 3317 3815
f 1052 1053 3312
f 3312 3815 1052
f 1052 3815 3317
f 3329 1065 1066
f 3328 3329 3816
f 1066 1067 3324
f 3324 3816 1066
f 1066 3816 3329
f 3341 1079 1080
f 3340 3341 3817
f 1080 1081 3336
f 3336 3817 1080
f 1080 3817 3341
f 3347 1086 1087
f 3346 3347 3818
f 1087 1088 3342
f 3342 3818 1087
f 1087 3818 3347
f 3353 1093 1094
f 3352 3353 3819
f 1094 1095 3348
f 3348 3819 1094
f 1094 3819 3353
f 3365 1107 1108
f 3364 3365 3820
f 1108 1109 3360
f 3360 3820 1108
f 1108 3820 3365
f 3659 1450 1451
f 3658 3659 3821
f 1451 1452 3654
f 3654 3821 1451
f 1451 3821 3659
f 3665 1457 1458
f 3664 3665 3822
f 1458 1459 3660
f 3660 3822 1458
f 1458 3822 3665
f 3389 1135 1136
f 3388 3389 3823
f 1136 1137 3384
f 3384 3823 1136
f 1136 3823 3389
f 4716 4712 5593
f 4424 4716 4428
f 5593 4717 4427
f 4427 4428 5593
f 5593 4428 4716
f 4724 4720 5594
f 4429 4724 4433
f 5594 4725 4432
f 4432 4433 5594
f 5594 4433 4724
f 4668 4398 4394
f 5595 4668 4664
f 5595 4669 4397
f 4397 4398 5595
f 5595 4398 4668
f 4700 4696 5596
f 4414 4700 4418
f 5596 4701 4417
f 4417 4418 5596
f 5596 4418 4700
f 4820 4493 4489
f 5597 4820 4816
f 5597 4821 4492
f 4492 4493 5597
f 5597 4493 4820
f 4636 4378 4374
f 5598 4636 4632
f 5598 4637 4377
f 4377 4378 5598
f 5598 4378 4636
f 4828 4824 5599
f 4494 4828 4498
f 5599 4829 4498
f 4497 4498 4829
f 5599 4498 4828
f 4844 4840 5600
f 4504 4844 4508
f 5600 4845 4507
f 4507 4508 5600
f 5600 4508 4844
f 4860 4856 5601
f 4514 4860 4518
f 5601 4861 4518
f 4517 4518 4861
f 5601 4518 4860
f 4876 4528 4524
f 5602 4876 4872
f 5602 4877 4528
f 4527 4528 4877
f 5602 4528 4876
f 4892 4538 4534
f 5603 4892 4888
f 5603 4893 4537
f 4537 4538 5603
f 5603 4538 4892
f 4596 4353 4349
f 5604 4596 4592
f 5604 4597 4353
f 4352 4353 4597
f 5604 4353 4596
f 5293 5289 5605
f 5019 5293 5023
f 5605 5294 5023
f 5022 5023 5294
f 5605 5023 5293
f 5301 5297 5606
f 5024 5301 5028
f 5606 5302 5028
f 5027 5028 5302
f 5606 5028 5301
f 5309 5305 5607
f 5029 5309 5033
f 5607 5310 5032
f 5032 5033 5607
f 5607 5033 5309
f 5325 5043 5039
f 5608 5325 5321
f 5608 5326 5042
f 5042 5043 5608
f 5608 5043 5325
f 5341 5053 5049
f 5609 5341 5337
f 5609 5342 5052
f 5052 5053 5609
f 5609 5053 5341
f 5357 5353 5610
f 5059 5357 5063
f 5610 5358 5062
f 5062 5063 5610
f 5610 5063 5357
f 5365 5068 5064
f 5611 5365 5361
f 5611 5366 5068
f 5067 5068 5366
f 5611 5068 5365
f 5373 5073 5069
f 5612 5373 5369
f 5612 5374 5072
f 5072 5073 5612
f 5612 5073 5373
f 5389 5083 5079
f 5613 5389 5385
f 5613 5390 5083
f 5082 5083 5390
f 5613 5083 5389
f 5549 5183 5179
f 5614 5549 5545
f 5614 5550 5182
f 5182 5183 5614
f 5614 5183 5549
f 5557 5553 5615
f 5184 5557 5188
f 5615 5558 5187
f 5187 5188 5615
f 5615 5188 5557
f 5421 5103 5099
f 5616 5421 5417
f 5616 5422 5102
f 5102 5103 5616
f 5616 5103 5421
f 3826 3840 3836
f 3840 3826 3863
f 3842 3843 3863
f 3863 3843 3840
f 3848 3863 3847
f 5621 3863 3848
f 3826 3827 3863
f 16 10 11
f 16 11 3194
f 5617 3842 5621
f 3194 11 5621
f 5621 3842 3863
f 3848 3194 5621
f 3827 3828 7
f 3827 7 3868
f 5622 3177 5626
f 7 1 2
f 3177 3178 5626
f 3869 3827 3868
f 3178 3870 3868
f 3178 2 5626
f 3844 3870 3178
f 3178 3868 2
f 7 2 3868
f 3827 3869 3863
f 3833 3173 3174
f 3174 3838 3833
f 3876 3849 3850
f 3875 3876 3883
f 3850 3851 3883
f 3871 3883 3851
f 3850 3883 3876
f 3880 3884 3879
f 3858 3880 3857
f 3858 3859 3881
f 3881 3884 3858
f 3858 3884 3880
f 3197 5627 3203
f 5627 3888 3203
f 3203 3886 3887
f 3886 3203 3888
f 3887 3202 3203
f 747 5628 753
f 5628 3181 753
f 755 756 753
f 752 753 756
f 755 753 3181
f 3599 1381 1380
f 3598 3599 3891
f 1380 1382 3594
f 3594 3891 1380
f 1380 3891 3599
f 3569 1345 1346
f 3568 3569 3892
f 1346 1347 3564
f 3564 3892 1346
f 1346 3892 3569
f 3533 1303 1304
f 3532 3533 3893
f 1304 1305 3528
f 3528 3893 1304
f 1304 3893 3533
f 3683 1479 1478
f 3682 3683 3894
f 1478 1480 3678
f 3678 3894 1478
f 1478 3894 3683
f 3755 1563 1562
f 3754 3755 3895
f 1562 1564 3895
f 3750 3895 1564
f 1562 3895 3755
f 3521 1289 1290
f 3520 3521 3896
f 1290 1291 3516
f 3516 3896 1290
f 1290 3896 3521
f 3707 1507 1506
f 3706 3707 3897
f 1506 1508 3702
f 3702 3897 1506
f 1506 3897 3707
f 3719 1521 1520
f 3718 3719 3898
f 1520 1522 3714
f 3714 3898 1520
f 1520 3898 3719
f 3725 1528 1527
f 3724 3725 3899
f 1527 1529 3720
f 3720 3899 1527
f 1527 3899 3725
f 3731 1535 1534
f 3730 3731 3900
f 1534 1536 3726
f 3726 3900 1534
f 1534 3900 3731
f 3737 1541 1542
f 3736 3737 3901
f 1542 1543 3732
f 3732 3901 1542
f 1542 3901 3737
f 3299 1030 1031
f 3298 3299 3902
f 1031 1032 3294
f 3294 3902 1031
f 1031 3902 3299
f 3311 3903 3310
f 1045 3311 1044
f 1045 1046 3306
f 3306 3903 1045
f 1045 3903 3311
f 3323 1058 1059
f 3322 3323 3904
f 1059 1060 3318
f 3318 3904 1059
f 1059 3904 3323
f 3335 1072 1073
f 3334 3335 3905
f 1073 1074 3330
f 3330 3905 1073
f 1073 3905 3335
f 3401 1149 1150
f 3400 3401 3906
f 1150 1151 3396
f 3396 3906 1150
f 1150 3906 3401
f 3407 1156 1157
f 3406 3407 3907
f 1157 1158 3402
f 3402 3907 1157
f 1157 3907 3407
f 3359 1100 1101
f 3358 3359 3908
f 1101 1102 3354
f 3354 3908 1101
f 1101 3908 3359
f 3371 1114 1115
f 3370 3371 3909
f 1115 1116 3366
f 3366 3909 1115
f 1115 3909 3371
f 3377 1121 1122
f 3376 3377 3910
f 1122 1123 3372
f 3372 3910 1122
f 1122 3910 3377
f 3383 1128 1129
f 3382 3383 3911
f 1129 1130 3378
f 3378 3911 1129
f 1129 3911 3383
f 3671 1464 1465
f 3670 3671 3912
f 1465 1466 3666
f 3666 3912 1465
f 1465 3912 3671
f 3677 1471 1472
f 3676 3677 3913
f 1472 1473 3672
f 3672 3913 1472
f 1472 3913 3677
f 3395 1142 1143
f 3394 3395 3914
f 1143 1144 3390
f 3390 3914 1143
f 1143 3914 3395
f 885 5629 891
f 5629 3918 891
f 891 3916 3917
f 3916 891 3918
f 3917 890 891
f 743 737 5630
f 743 5630 3166
f 745 746 743
f 742 743 746
f 745 743 3166
f 4732 4728 5631
f 4434 4732 4438
f 5631 4733 4437
f 4437 4438 5631
f 5631 4438 4732
f 4708 4704 5632
f 4419 4708 4423
f 5632 4709 4422
f 4422 4423 5632
f 5632 4423 4708
f 4676 4403 4399
f 5633 4676 4672
f 5633 4677 4402
f 4402 4403 5633
f 5633 4403 4676
f 4748 4744 5634
f 4444 4748 4448
f 5634 4749 4447
f 4447 4448 5634
f 5634 4448 4748
f 4836 4503 4499
f 5635 4836 4832
f 5635 4837 4502
f 4502 4503 5635
f 5635 4503 4836
f 4644 4383 4379
f 5636 4644 4640
f 5636 4645 4382
f 4382 4383 5636
f 5636 4383 4644
f 4868 4864 5637
f 4519 4868 4523
f 5637 4869 4523
f 4522 4523 4869
f 5637 4523 4868
f 4884 4880 5638
f 4529 4884 4533
f 5638 4885 4532
f 4532 4533 5638
f 5638 4533 4884
f 4900 4896 5639
f 4539 4900 4543
f 5639 4901 4543
f 4542 4543 4901
f 5639 4543 4900
f 4908 4548 4544
f 5640 4908 4904
f 5640 4909 4548
f 4547 4548 4909
f 5640 4548 4908
f 4916 4553 4549
f 5641 4916 4912
f 5641 4917 4552
f 4552 4553 5641
f 5641 4553 4916
f 4604 4358 4354
f 5642 4604 4600
f 5642 4605 4358
f 4357 4358 4605
f 5642 4358 4604
f 5317 5313 5643
f 5034 5317 5038
f 5643 5318 5038
f 5037 5038 5318
f 5643 5038 5317
f 5333 5329 5644
f 5044 5333 5048
f 5644 5334 5048
f 5047 5048 5334
f 5644 5048 5333
f 5349 5345 5645
f 5054 5349 5058
f 5645 5350 5057
f 5057 5058 5645
f 5645 5058 5349
f 5517 5163 5159
f 5646 5517 5513
f 5646 5518 5162
f 5162 5163 5646
f 5646 5163 5517
f 5525 5168 5164
f 5647 5525 5521
f 5647 5526 5167
f 5167 5168 5647
f 5647 5168 5525
f 5381 5377 5648
f 5074 5381 5078
f 5648 5382 5077
f 5077 5078 5648
f 5648 5078 5381
f 5397 5088 5084
f 5649 5397 5393
f 5649 5398 5088
f 5087 5088 5398
f 5649 5088 5397
f 5405 5093 5089
f 5650 5405 5401
f 5650 5406 5092
f 5092 5093 5650
f 5650 5093 5405
f 5413 5098 5094
f 5651 5413 5409
f 5651 5414 5098
f 5097 5098 5414
f 5651 5098 5413
f 5565 5193 5189
f 5652 5565 5561
f 5652 5566 5192
f 5192 5193 5652
f 5652 5193 5565
f 5573 5569 5653
f 5194 5573 5198
f 5653 5574 5197
f 5197 5198 5653
f 5653 5198 5573
f 5429 5108 5104
f 5654 5429 5425
f 5654 5430 5107
f 5107 5108 5654
f 5654 5108 5429
f 3846 3864 3866
f 3866 3867 3845
f 3866 3845 3846
f 921 3189 3921
f 3921 3185 920
f 3921 920 921
f 3545 1318 1317
f 3544 3545 3923
f 1317 1319 3540
f 3540 3923 1317
f 1317 3923 3545
f 3539 1310 1311
f 3538 3539 3924
f 1311 1312 3534
f 3534 3924 1311
f 1311 3924 3539
f 3509 1275 1276
f 3508 3509 3925
f 1276 1277 3504
f 3504 3925 1276
f 1276 3925 3509
f 3557 1332 1331
f 3556 3557 3926
f 1331 1333 3552
f 3552 3926 1331
f 1331 3926 3557
f 3653 1444 1443
f 3652 3653 3927
f 1443 1445 3927
f 3648 3927 1445
f 1443 3927 3653
f 3503 1268 1269
f 3502 3503 3928
f 1269 1270 3498
f 3498 3928 1269
f 1269 3928 3503
f 3605 1388 1387
f 3604 3605 3929
f 1387 1389 3600
f 3600 3929 1387
f 1387 3929 3605
f 3611 1395 1394
f 3610 3611 3930
f 1394 1396 3606
f 3606 3930 1394
f 1394 3930 3611
f 3617 1402 1401
f 3616 3617 3931
f 1401 1403 3612
f 3612 3931 1401
f 1401 3931 3617
f 3623 1409 1408
f 3622 3623 3932
f 1408 1410 3618
f 3618 3932 1408
f 1408 3932 3623
f 3629 1415 1416
f 3628 3629 3933
f 1416 1417 3624
f 3624 3933 1416
f 1416 3933 3629
f 3209 925 926
f 3208 3209 3934
f 926 927 3204
f 3204 3934 926
f 926 3934 3209
f 3215 3935 3214
f 933 3215 932
f 933 934 3210
f 3210 3935 933
f 933 3935 3215
f 3221 939 940
f 3220 3221 3936
f 940 941 3936
f 3216 3936 941
f 940 3936 3221
f 3227 3937 3226
f 947 3227 946
f 947 948 3222
f 3222 3937 947
f 947 3937 3227
f 3233 3938 3232
f 954 3233 953
f 954 955 3228
f 3228 3938 954
f 954 3938 3233
f 3239 3939 3238
f 961 3239 960
f 961 962 3234
f 3234 3939 961
f 961 3939 3239
f 3245 967 968
f 3244 3245 3940
f 968 969 3240
f 3240 3940 968
f 968 3940 3245
f 3251 974 975
f 3250 3251 3941
f 975 976 3246
f 3246 3941 975
f 975 3941 3251
f 3257 981 982
f 3256 3257 3942
f 982 983 3252
f 3252 3942 982
f 982 3942 3257
f 3263 988 989
f 3262 3263 3943
f 989 990 3258
f 3258 3943 989
f 989 3943 3263
f 3269 995 996
f 3268 3269 3944
f 996 997 3264
f 3264 3944 996
f 996 3944 3269
f 3275 1002 1003
f 3274 3275 3945
f 1003 1004 3270
f 3270 3945 1003
f 1003 3945 3275
f 3281 1009 1010
f 3280 3281 3946
f 1010 1011 3276
f 3276 3946 1010
f 1010 3946 3281
f 3287 1016 1017
f 3286 3287 3947
f 1017 1018 3282
f 3282 3947 1017
f 1017 3947 3287
f 3581 1359 1360
f 3580 3581 3948
f 1360 1361 3576
f 3576 3948 1360
f 1360 3948 3581
f 3587 1366 1367
f 3586 3587 3949
f 1367 1368 3582
f 3582 3949 1367
f 1367 3949 3587
f 3293 1023 1024
f 3292 3293 3950
f 1024 1025 3288
f 3288 3950 1024
f 1024 3950 3293
f 5655 3954 884
f 878 5655 884
f 3952 3953 884
f 883 884 3953
f 3952 884 3954
f 733 727 5656
f 733 5656 3163
f 735 736 733
f 732 733 736
f 735 733 3163
f 4652 4648 5657
f 4385 4652 4388
f 5657 4653 4387
f 4387 4388 5657
f 5657 4388 4652
f 4684 4408 4405
f 5658 4684 4680
f 5658 4685 4407
f 4407 4408 5658
f 5658 4408 4684
f 4628 4624 5659
f 4370 4628 4373
f 5659 4629 4372
f 4372 4373 5659
f 5659 4373 4628
f 4660 4393 4390
f 5660 4660 4656
f 5660 4661 4392
f 4392 4393 5660
f 5660 4393 4660
f 4756 4453 4450
f 5661 4756 4752
f 5661 4757 4453
f 4452 4453 4757
f 5661 4453 4756
f 4620 4616 5662
f 4365 4620 4368
f 5662 4621 4368
f 4367 4368 4621
f 5662 4368 4620
f 4764 4760 5663
f 4455 4764 4458
f 5663 4765 4457
f 4457 4458 5663
f 5663 4458 4764
f 4772 4768 5664
f 4460 4772 4463
f 5664 4773 4462
f 4462 4463 5664
f 5664 4463 4772
f 4780 4776 5665
f 4465 4780 4468
f 5665 4781 4467
f 4467 4468 5665
f 5665 4468 4780
f 4788 4473 4470
f 5666 4788 4784
f 5666 4789 4473
f 4472 4473 4789
f 5666 4473 4788
f 4796 4478 4475
f 5667 4796 4792
f 5667 4797 4478
f 4477 4478 4797
f 5667 4478 4796
f 4588 4348 4345
f 5668 4588 4584
f 5668 4589 4348
f 4347 4348 4589
f 5668 4348 4588
f 5229 5225 5669
f 4980 5229 4983
f 5669 5230 4983
f 4982 4983 5230
f 5669 4983 5229
f 5237 5233 5670
f 4985 5237 4988
f 5670 5238 4987
f 4987 4988 5670
f 5670 4988 5237
f 5245 5241 5671
f 4990 5245 4993
f 5671 5246 4993
f 4992 4993 5246
f 5671 4993 5245
f 5253 4998 4995
f 5672 5253 5249
f 5672 5254 4997
f 4997 4998 5672
f 5672 4998 5253
f 5213 4973 4970
f 5673 5213 5209
f 5673 5214 4972
f 4972 4973 5673
f 5673 4973 5213
f 5261 5257 5674
f 5000 5261 5003
f 5674 5262 5002
f 5002 5003 5674
f 5674 5003 5261
f 5269 5008 5005
f 5675 5269 5265
f 5675 5270 5007
f 5007 5008 5675
f 5675 5008 5269
f 5277 5013 5010
f 5676 5277 5273
f 5676 5278 5013
f 5012 5013 5278
f 5676 5013 5277
f 5285 5018 5015
f 5677 5285 5281
f 5677 5286 5018
f 5017 5018 5286
f 5677 5018 5285
f 5533 5529 5678
f 5170 5533 5173
f 5678 5534 5172
f 5172 5173 5678
f 5678 5173 5533
f 5541 5537 5679
f 5175 5541 5178
f 5679 5542 5177
f 5177 5178 5679
f 5679 5178 5541
f 5221 4978 4975
f 5680 5221 5217
f 5680 5222 4977
f 4977 4978 5680
f 5680 4978 5221
f 3641 1430 1429
f 3640 3641 3957
f 1429 1431 3636
f 3636 3957 1429
f 1429 3957 3641
f 3647 1436 1437
f 3646 3647 3958
f 1437 1438 3642
f 3642 3958 1437
f 1437 3958 3647
f 3575 1352 1353
f 3574 3575 3959
f 1353 1354 3570
f 3570 3959 1353
f 1353 3959 3575
f 3743 1549 1548
f 3742 3743 3960
f 1548 1550 3738
f 3738 3960 1548
f 1548 3960 3743
f 3803 1619 1618
f 3802 3803 3961
f 1618 1620 3961
f 3798 3961 1620
f 1618 3961 3803
f 3551 1324 1325
f 3550 3551 3962
f 1325 1326 3546
f 3546 3962 1325
f 1325 3962 3551
f 3761 1570 1569
f 3760 3761 3963
f 1569 1571 3756
f 3756 3963 1569
f 1569 3963 3761
f 3767 1577 1576
f 3766 3767 3964
f 1576 1578 3762
f 3762 3964 1576
f 1576 3964 3767
f 3773 1584 1583
f 3772 3773 3965
f 1583 1585 3768
f 3768 3965 1583
f 1583 3965 3773
f 3779 1591 1590
f 3778 3779 3966
f 1590 1592 3774
f 3774 3966 1590
f 1590 3966 3779
f 3785 1597 1598
f 3784 3785 3967
f 1598 1599 3780
f 3780 3967 1598
f 1598 3967 3785
f 3413 1163 1164
f 3412 3413 3968
f 1164 1165 3408
f 3408 3968 1164
f 1164 3968 3413
f 3419 3969 3418
f 1171 3419 1170
f 1171 1172 3414
f 3414 3969 1171
f 1171 3969 3419
f 3425 1177 1178
f 3424 3425 3970
f 1178 1179 3970
f 3420 3970 1179
f 1178 3970 3425
f 3431 3971 3430
f 1185 3431 1184
f 1185 1186 3426
f 3426 3971 1185
f 1185 3971 3431
f 3437 3972 3436
f 1192 3437 1191
f 1192 1193 3432
f 3432 3972 1192
f 1192 3972 3437
f 3443 3973 3442
f 1199 3443 1198
f 1199 1200 3438
f 3438 3973 1199
f 1199 3973 3443
f 3449 1205 1206
f 3448 3449 3974
f 1206 1207 3444
f 3444 3974 1206
f 1206 3974 3449
f 3455 1212 1213
f 3454 3455 3975
f 1213 1214 3450
f 3450 3975 1213
f 1213 3975 3455
f 3461 1219 1220
f 3460 3461 3976
f 1220 1221 3456
f 3456 3976 1220
f 1220 3976 3461
f 3467 1226 1227
f 3466 3467 3977
f 1227 1228 3462
f 3462 3977 1227
f 1227 3977 3467
f 3473 1233 1234
f 3472 3473 3978
f 1234 1235 3468
f 3468 3978 1234
f 1234 3978 3473
f 3479 1240 1241
f 3478 3479 3979
f 1241 1242 3474
f 3474 3979 1241
f 1241 3979 3479
f 3485 1247 1248
f 3484 3485 3980
f 1248 1249 3480
f 3480 3980 1248
f 1248 3980 3485
f 3491 1254 1255
f 3490 3491 3981
f 1255 1256 3486
f 3486 3981 1255
f 1255 3981 3491
f 3791 1604 1605
f 3790 3791 3982
f 1605 1606 3786
f 3786 3982 1605
f 1605 3982 3791
f 3797 1611 1612
f 3796 3797 3983
f 1612 1613 3792
f 3792 3983 1612
f 1612 3983 3797
f 3497 1261 1262
f 3496 3497 3984
f 1262 1263 3492
f 3492 3984 1262
f 1262 3984 3497
f 898 892 5681
f 898 5681 3988
f 3986 3987 898
f 897 898 3987
f 3986 898 3988
f 723 717 5682
f 723 5682 3169
f 725 726 723
f 722 723 726
f 725 723 3169
f 4804 4800 5683
f 4480 4804 4483
f 5683 4805 4482
f 4482 4483 5683
f 5683 4483 4804
f 4852 4848 5684
f 4510 4852 4513
f 5684 4853 4512
f 4512 4513 5684
f 5684 4513 4852
f 4740 4443 4440
f 5685 4740 4736
f 5685 4741 4442
f 4442 4443 5685
f 5685 4443 4740
f 4812 4808 5686
f 4485 4812 4488
f 5686 4813 4487
f 4487 4488 5686
f 5686 4488 4812
f 4924 4558 4555
f 5687 4924 4920
f 5687 4925 4557
f 4557 4558 5687
f 5687 4558 4924
f 4692 4413 4410
f 5688 4692 4688
f 5688 4693 4412
f 4412 4413 5688
f 5688 4413 4692
f 4940 4936 5689
f 4565 4940 4568
f 5689 4941 4568
f 4567 4568 4941
f 5689 4568 4940
f 4948 4944 5690
f 4570 4948 4573
f 5690 4949 4572
f 4572 4573 5690
f 5690 4573 4948
f 4956 4952 5691
f 4575 4956 4578
f 5691 4957 4578
f 4577 4578 4957
f 5691 4578 4956
f 4964 4583 4580
f 5692 4964 4960
f 5692 4965 4583
f 4582 4583 4965
f 5692 4583 4964
f 4932 4563 4560
f 5693 4932 4928
f 5693 4933 4562
f 4562 4563 5693
f 5693 4563 4932
f 4612 4363 4360
f 5694 4612 4608
f 5694 4613 4363
f 4362 4363 4613
f 5694 4363 4612
f 5437 5433 5695
f 5110 5437 5113
f 5695 5438 5113
f 5112 5113 5438
f 5695 5113 5437
f 5445 5441 5696
f 5115 5445 5118
f 5696 5446 5118
f 5117 5118 5446
f 5696 5118 5445
f 5453 5449 5697
f 5120 5453 5123
f 5697 5454 5122
f 5122 5123 5697
f 5697 5123 5453
f 5461 5128 5125
f 5698 5461 5457
f 5698 5462 5127
f 5127 5128 5698
f 5698 5128 5461
f 5509 5158 5155
f 5699 5509 5505
f 5699 5510 5157
f 5157 5158 5699
f 5699 5158 5509
f 5469 5465 5700
f 5130 5469 5133
f 5700 5470 5132
f 5132 5133 5700
f 5700 5133 5469
f 5477 5138 5135
f 5701 5477 5473
f 5701 5478 5138
f 5137 5138 5478
f 5701 5138 5477
f 5485 5143 5140
f 5702 5485 5481
f 5702 5486 5142
f 5142 5143 5702
f 5702 5143 5485
f 5493 5148 5145
f 5703 5493 5489
f 5703 5494 5148
f 5147 5148 5494
f 5703 5148 5493
f 5581 5203 5200
f 5704 5581 5577
f 5704 5582 5202
f 5202 5203 5704
f 5704 5203 5581
f 5589 5585 5705
f 5205 5589 5208
f 5705 5590 5207
f 5207 5208 5705
f 5705 5208 5589
f 5501 5153 5150
f 5706 5501 5497
f 5706 5502 5152
f 5152 5153 5706
f 5706 5153 5501
f 2037 3991 2036
f 2036 3991 4016
f 1626 1627 4016
f 1626 4016 3991
f 2985 2986 4018
f 4018 2986 3993
f 2644 4018 3993
f 2644 3993 2643
f 1894 1895 5731
f 5731 2282 2283
f 5731 2283 1894
f 2337 2338 5733
f 5733 2785 2786
f 5733 2786 2337
f 2034 2035 4022
f 4022 2035 4015
f 1628 1629 4022
f 1628 4022 4015
f 2984 4017 2983
f 2983 4017 4024
f 2646 4024 4017
f 2646 4017 2645
f 1896 1897 5732
f 5732 1897 5737
f 2281 5732 5737
f 2281 5737 2280
f 2339 2340 5734
f 5734 2340 5739
f 2783 2784 5734
f 2783 5734 5739
f 2033 4021 2032
f 2032 4021 4028
f 1630 1631 4028
f 1630 4028 4021
f 2982 4023 2981
f 2981 4023 4030
f 2647 2648 4030
f 2647 4030 4023
f 1899 5743 1898
f 1898 5743 5738
f 2278 2279 5738
f 2278 5738 5743
f 2341 2342 5740
f 5740 2342 5745
f 2781 2782 5740
f 2781 5740 5745
f 2031 4027 2030
f 2030 4027 4034
f 1632 1633 4034
f 1632 4034 4027
f 2980 4029 2979
f 2979 4029 4036
f 2650 4036 4029
f 2650 4029 2649
f 1900 1901 5744
f 5744 1901 5749
f 2277 5744 5749
f 2277 5749 2276
f 2344 5751 2343
f 2343 5751 5746
f 2780 5746 5751
f 2780 5751 2779
f 2029 4033 2028
f 2028 4033 4040
f 1634 1635 4040
f 1634 4040 4033
f 2977 2978 4042
f 4042 2978 4035
f 2652 4042 4035
f 2652 4035 2651
f 1903 5755 1902
f 1902 5755 5750
f 2275 5750 5755
f 2275 5755 2274
f 2345 2346 5752
f 5752 2346 5757
f 2778 5752 5757
f 2778 5757 2777
f 2027 4039 2026
f 2026 4039 4046
f 1636 1637 4046
f 1636 4046 4039
f 2976 4041 2975
f 2975 4041 4048
f 2654 4048 4041
f 2654 4041 2653
f 1904 1905 5756
f 5756 1905 5761
f 2273 5756 5761
f 2273 5761 2272
f 2348 5763 2347
f 2347 5763 5758
f 2776 5758 5763
f 2776 5763 2775
f 2025 4045 2024
f 2024 4045 4052
f 1638 1639 4052
f 1638 4052 4045
f 2973 2974 4054
f 4054 2974 4047
f 2655 2656 4054
f 2655 4054 4047
f 1907 5767 1906
f 1906 5767 5762
f 2271 5762 5767
f 2271 5767 2270
f 2350 5769 2349
f 2349 5769 5764
f 2773 2774 5764
f 2773 5764 5769
f 2023 4051 2022
f 2022 4051 4058
f 1640 1641 4058
f 1640 4058 4051
f 2971 2972 4060
f 4060 2972 4053
f 2657 2658 4060
f 2657 4060 4053
f 1908 1909 5768
f 5768 1909 5773
f 2269 5768 5773
f 2269 5773 2268
f 2352 5775 2351
f 2351 5775 5770
f 2771 2772 5770
f 2771 5770 5775
f 2020 2021 4064
f 4064 2021 4057
f 1642 1643 4064
f 1642 4064 4057
f 2970 4059 2969
f 2969 4059 4066
f 2660 4066 4059
f 2660 4059 2659
f 1911 5779 1910
f 1910 5779 5774
f 2267 5774 5779
f 2267 5779 2266
f 2353 2354 5776
f 5776 2354 5781
f 2769 2770 5776
f 2769 5776 5781
f 901 2019 4063
f 4063 1644 900
f 4063 900 901
f 911 2968 4065
f 4065 2661 910
f 4065 910 911
f 1912 1913 5780
f 5780 1913 5785
f 2265 5780 5785
f 2265 5785 2264
f 2356 5787 2355
f 2355 5787 5782
f 2767 2768 5782
f 2767 5782 5787
f 902 903 2018
f 2018 903 4072
f 2159 4072 903
f 2159 903 904
f 2461 907 4074
f 4074 907 908
f 2662 4074 908
f 2662 908 909
f 1915 5793 1914
f 1914 5793 5786
f 2262 2263 5786
f 2262 5786 5793
f 2357 2358 5788
f 5788 2358 5795
f 2765 2766 5788
f 2765 5788 5795
f 2016 2017 4078
f 4078 2017 4071
f 2161 4078 4071
f 2161 4071 2160
f 2460 4073 2459
f 2459 4073 4080
f 2664 4080 4073
f 2664 4073 2663
f 1916 1917 5794
f 5794 1917 5801
f 2261 5794 5801
f 2261 5801 2260
f 2360 5803 2359
f 2359 5803 5796
f 2763 2764 5796
f 2763 5796 5803
f 2015 4077 2014
f 2014 4077 4084
f 2162 2163 4084
f 2162 4084 4077
f 2458 4079 2457
f 2457 4079 4086
f 2665 2666 4086
f 2665 4086 4079
f 1919 5808 1918
f 1918 5808 5802
f 2259 5802 5808
f 2259 5808 2258
f 2361 2362 5804
f 5804 2362 5810
f 2761 2762 5804
f 2761 5804 5810
f 2012 2013 4090
f 4090 2013 4083
f 2164 2165 4090
f 2164 4090 4083
f 2456 4085 2455
f 2455 4085 4092
f 2668 4092 4085
f 2668 4085 2667
f 1920 1921 5809
f 5809 1921 5815
f 2257 5809 5815
f 2257 5815 2256
f 2364 5817 2363
f 2363 5817 5811
f 2759 2760 5811
f 2759 5811 5817
f 2010 2011 4096
f 4096 2011 4089
f 2166 2167 4096
f 2166 4096 4089
f 2453 2454 4098
f 4098 2454 4091
f 2670 4098 4091
f 2670 4091 2669
f 1923 5822 1922
f 1922 5822 5816
f 2254 2255 5816
f 2254 5816 5822
f 2365 2366 5818
f 5818 2366 5824
f 2757 2758 5818
f 2757 5818 5824
f 2009 4095 2008
f 2008 4095 4102
f 2168 2169 4102
f 2168 4102 4095
f 2452 4097 2451
f 2451 4097 4104
f 2672 4104 4097
f 2672 4097 2671
f 1924 1925 5823
f 5823 1925 5829
f 2253 5823 5829
f 2253 5829 2252
f 2368 5831 2367
f 2367 5831 5825
f 2755 2756 5825
f 2755 5825 5831
f 2006 2007 4108
f 4108 2007 4101
f 2170 2171 4108
f 2170 4108 4101
f 2449 2450 4110
f 4110 2450 4103
f 2674 4110 4103
f 2674 4103 2673
f 1927 5836 1926
f 1926 5836 5830
f 2250 2251 5830
f 2250 5830 5836
f 2369 2370 5832
f 5832 2370 5838
f 2753 2754 5832
f 2753 5832 5838
f 2004 2005 4114
f 4114 2005 4107
f 2172 2173 4114
f 2172 4114 4107
f 2448 4109 2447
f 2447 4109 4116
f 2676 4116 4109
f 2676 4109 2675
f 1928 1929 5837
f 5837 1929 5843
f 2249 5837 5843
f 2249 5843 2248
f 2372 5845 2371
f 2371 5845 5839
f 2751 2752 5839
f 2751 5839 5845
f 2003 4113 2002
f 2002 4113 4120
f 2175 4120 4113
f 2175 4113 2174
f 2445 2446 4122
f 4122 2446 4115
f 2678 4122 4115
f 2678 4115 2677
f 1931 5851 1930
f 1930 5851 5844
f 2247 5844 5851
f 2247 5851 2246
f 2373 2374 5846
f 5846 2374 5853
f 2749 2750 5846
f 2749 5846 5853
f 2001 4119 2000
f 2000 4119 4127
f 2177 4127 4119
f 2177 4119 2176
f 2443 2444 4129
f 4129 2444 4121
f 2679 2680 4129
f 2679 4129 4121
f 1933 5859 1932
f 1932 5859 5852
f 2245 5852 5859
f 2245 5859 2244
f 2375 2376 5854
f 5854 2376 5861
f 2748 5854 5861
f 2748 5861 2747
f 398 400 397
f 397 400 4135
f 401 404 4135
f 401 4135 400
f 1999 4126 1998
f 1998 4126 4137
f 2179 4137 4126
f 2179 4126 2178
f 2441 2442 4139
f 4139 2442 4128
f 2681 2682 4139
f 2681 4139 4128
f 1934 1935 5860
f 5860 1935 5867
f 2242 2243 5860
f 2242 5860 5867
f 2378 5869 2377
f 2377 5869 5862
f 2746 5862 5869
f 2746 5869 2745
f 249 250 5871
f 5871 551 552
f 5871 552 249
f 396 4134 395
f 395 4134 4145
f 405 406 4145
f 405 4145 4134
f 1996 1997 4147
f 4147 1997 4136
f 2180 2181 4147
f 2180 4147 4136
f 2440 4138 2439
f 2439 4138 4149
f 2683 2684 4149
f 2683 4149 4138
f 1936 1937 5868
f 5868 1937 5877
f 2241 5868 5877
f 2241 5877 2240
f 2379 2380 5870
f 5870 2380 5879
f 2743 2744 5870
f 2743 5870 5879
f 252 5881 251
f 251 5881 5872
f 549 550 5872
f 549 5872 5881
f 394 4144 393
f 393 4144 4155
f 407 408 4155
f 407 4155 4144
f 1994 1995 4157
f 4157 1995 4146
f 2182 2183 4157
f 2182 4157 4146
f 2437 2438 4159
f 4159 2438 4148
f 2686 4159 4148
f 2686 4148 2685
f 1939 5887 1938
f 1938 5887 5878
f 2239 5878 5887
f 2239 5887 2238
f 2381 2382 5880
f 5880 2382 5889
f 2741 2742 5880
f 2741 5880 5889
f 254 5891 253
f 253 5891 5882
f 548 5882 5891
f 548 5891 547
f 392 4154 391
f 391 4154 4165
f 409 410 4165
f 409 4165 4154
f 1992 1993 4167
f 4167 1993 4156
f 2184 2185 4167
f 2184 4167 4156
f 2436 4158 2435
f 2435 4158 4169
f 2687 2688 4169
f 2687 4169 4158
f 1941 5897 1940
f 1940 5897 5888
f 2236 2237 5888
f 2236 5888 5897
f 2383 2384 5890
f 5890 2384 5899
f 2739 2740 5890
f 2739 5890 5899
f 256 5901 255
f 255 5901 5892
f 546 5892 5901
f 546 5901 545
f 390 4164 389
f 389 4164 4175
f 411 412 4175
f 411 4175 4164
f 1991 4166 1990
f 1990 4166 4177
f 2186 2187 4177
f 2186 4177 4166
f 2433 2434 4179
f 4179 2434 4168
f 2689 2690 4179
f 2689 4179 4168
f 1942 1943 5898
f 5898 1943 5907
f 2234 2235 5898
f 2234 5898 5907
f 2386 5909 2385
f 2385 5909 5900
f 2738 5900 5909
f 2738 5909 2737
f 258 5911 257
f 257 5911 5902
f 543 544 5902
f 543 5902 5911
f 388 4174 387
f 387 4174 4185
f 414 4185 4174
f 414 4174 413
f 1988 1989 4187
f 4187 1989 4176
f 2189 4187 4176
f 2189 4176 2188
f 2431 2432 4189
f 4189 2432 4178
f 2691 2692 4189
f 2691 4189 4178
f 1944 1945 5908
f 5908 1945 5917
f 2232 2233 5908
f 2232 5908 5917
f 2387 2388 5910
f 5910 2388 5919
f 2736 5910 5919
f 2736 5919 2735
f 260 5921 259
f 259 5921 5912
f 541 542 5912
f 541 5912 5921
f 385 386 4195
f 4195 386 4184
f 416 4195 4184
f 416 4184 415
f 1986 1987 4197
f 4197 1987 4186
f 2190 2191 4197
f 2190 4197 4186
f 2430 4188 2429
f 2429 4188 4199
f 2694 4199 4188
f 2694 4188 2693
f 1946 1947 5918
f 5918 1947 5927
f 2231 5918 5927
f 2231 5927 2230
f 2390 5929 2389
f 2389 5929 5920
f 2733 2734 5920
f 2733 5920 5929
f 261 262 5922
f 5922 262 5931
f 539 540 5922
f 539 5922 5931
f 384 4194 383
f 383 4194 4205
f 417 418 4205
f 417 4205 4194
f 1985 4196 1984
f 1984 4196 4207
f 2193 4207 4196
f 2193 4196 2192
f 2427 2428 4209
f 4209 2428 4198
f 2696 4209 4198
f 2696 4198 2695
f 1949 5937 1948
f 1948 5937 5928
f 2229 5928 5937
f 2229 5937 2228
f 2391 2392 5930
f 5930 2392 5939
f 2731 2732 5930
f 2731 5930 5939
f 263 264 5932
f 5932 264 5941
f 538 5932 5941
f 538 5941 537
f 381 382 4215
f 4215 382 4204
f 420 4215 4204
f 420 4204 419
f 1983 4206 1982
f 1982 4206 4217
f 2194 2195 4217
f 2194 4217 4206
f 2426 4208 2425
f 2425 4208 4219
f 2697 2698 4219
f 2697 4219 4208
f 1951 5945 1950
f 1950 5945 5938
f 2227 5938 5945
f 2227 5945 2226
f 2393 2394 5940
f 5940 2394 5947
f 2730 5940 5947
f 2730 5947 2729
f 265 266 5942
f 5942 266 5949
f 536 5942 5949
f 536 5949 535
f 380 4214 379
f 379 4214 4223
f 421 422 4223
f 421 4223 4214
f 1981 4216 1980
f 1980 4216 4225
f 2196 2197 4225
f 2196 4225 4216
f 2423 2424 4227
f 4227 2424 4218
f 2699 2700 4227
f 2699 4227 4218
f 1952 1953 5946
f 5946 1953 5953
f 2224 2225 5946
f 2224 5946 5953
f 2395 2396 5948
f 5948 2396 5955
f 2728 5948 5955
f 2728 5955 2727
f 267 268 5950
f 5950 268 5957
f 533 534 5950
f 533 5950 5957
f 378 4222 377
f 377 4222 4231
f 423 424 4231
f 423 4231 4222
f 1979 4224 1978
f 1978 4224 4233
f 2198 2199 4233
f 2198 4233 4224
f 2422 4226 2421
f 2421 4226 4235
f 2701 2702 4235
f 2701 4235 4226
f 1955 5961 1954
f 1954 5961 5954
f 2222 2223 5954
f 2222 5954 5961
f 2398 5963 2397
f 2397 5963 5956
f 2726 5956 5963
f 2726 5963 2725
f 269 270 5958
f 5958 270 5965
f 531 532 5958
f 531 5958 5965
f 376 4230 375
f 375 4230 4239
f 425 426 4239
f 425 4239 4230
f 1976 1977 4241
f 4241 1977 4232
f 2200 2201 4241
f 2200 4241 4232
f 2420 4234 2419
f 2419 4234 4243
f 2704 4243 4234
f 2704 4234 2703
f 1956 1957 5962
f 5962 1957 5969
f 2220 2221 5962
f 2220 5962 5969
f 2400 5971 2399
f 2399 5971 5964
f 2724 5964 5971
f 2724 5971 2723
f 271 272 5966
f 5966 272 5973
f 530 5966 5973
f 530 5973 529
f 373 374 4247
f 4247 374 4238
f 428 4247 4238
f 428 4238 427
f 1975 4240 1974
f 1974 4240 4249
f 2203 4249 4240
f 2203 4240 2202
f 2417 2418 4251
f 4251 2418 4242
f 2706 4251 4242
f 2706 4242 2705
f 1959 5977 1958
f 1958 5977 5970
f 2218 2219 5970
f 2218 5970 5977
f 2401 2402 5972
f 5972 2402 5979
f 2722 5972 5979
f 2722 5979 2721
f 274 5981 273
f 273 5981 5974
f 528 5974 5981
f 528 5981 527
f 372 4246 371
f 371 4246 4255
f 429 430 4255
f 429 4255 4246
f 1972 1973 4257
f 4257 1973 4248
f 2204 2205 4257
f 2204 4257 4248
f 2416 4250 2415
f 2415 4250 4259
f 2708 4259 4250
f 2708 4250 2707
f 1961 5985 1960
f 1960 5985 5978
f 2217 5978 5985
f 2217 5985 2216
f 2404 5987 2403
f 2403 5987 5980
f 2720 5980 5987
f 2720 5987 2719
f 276 5989 275
f 275 5989 5982
f 525 526 5982
f 525 5982 5989
f 369 370 4263
f 4263 370 4254
f 432 4263 4254
f 432 4254 431
f 1970 1971 4265
f 4265 1971 4256
f 2206 2207 4265
f 2206 4265 4256
f 2414 4258 2413
f 2413 4258 4267
f 2710 4267 4258
f 2710 4258 2709
f 1962 1963 5986
f 5986 1963 5993
f 2215 5986 5993
f 2215 5993 2214
f 2405 2406 5988
f 5988 2406 5995
f 2717 2718 5988
f 2717 5988 5995
f 278 5997 277
f 277 5997 5990
f 524 5990 5997
f 524 5997 523
f 368 4262 367
f 367 4262 4271
f 433 434 4271
f 433 4271 4262
f 1969 4264 1968
f 1968 4264 4273
f 2209 4273 4264
f 2209 4264 2208
f 2411 2412 4275
f 4275 2412 4266
f 2712 4275 4266
f 2712 4266 2711
f 1965 6001 1964
f 1964 6001 5994
f 2213 5994 6001
f 2213 6001 2212
f 2407 2408 5996
f 5996 2408 6003
f 2715 2716 5996
f 2715 5996 6003
f 280 6005 279
f 279 6005 5998
f 522 5998 6005
f 522 6005 521
f 366 4270 365
f 365 4270 4279
f 435 436 4279
f 435 4279 4270
f 1967 4272 1966
f 1966 4272 6002
f 2211 6002 4272
f 2211 4272 2210
f 2410 4274 2409
f 2409 4274 6004
f 2714 6004 4274
f 2714 4274 2713
f 282 6009 281
f 281 6009 6006
f 520 6006 6009
f 520 6009 519
f 364 4278 363
f 363 4278 4283
f 437 438 4283
f 437 4283 4278
f 283 284 6010
f 6010 284 6013
f 518 6010 6013
f 518 6013 517
f 362 4282 361
f 361 4282 4287
f 439 440 4287
f 439 4287 4282
f 285 286 6014
f 6014 286 6017
f 515 516 6014
f 515 6014 6017
f 360 4286 359
f 359 4286 4291
f 441 442 4291
f 441 4291 4286
f 287 288 6018
f 6018 288 6021
f 513 514 6018
f 513 6018 6021
f 357 358 4295
f 4295 358 4290
f 444 4295 4290
f 444 4290 443
f 290 6025 289
f 289 6025 6022
f 512 6022 6025
f 512 6025 511
f 356 4294 355
f 355 4294 4299
f 445 446 4299
f 445 4299 4294
f 292 6029 291
f 291 6029 6026
f 510 6026 6029
f 510 6029 509
f 354 4298 353
f 353 4298 4303
f 448 4303 4298
f 448 4298 447
f 294 6033 293
f 293 6033 6030
f 508 6030 6033
f 508 6033 507
f 352 4302 351
f 351 4302 4307
f 450 4307 4302
f 450 4302 449
f 296 6037 295
f 295 6037 6034
f 505 506 6034
f 505 6034 6037
f 350 4306 349
f 349 4306 4311
f 452 4311 4306
f 452 4306 451
f 298 6041 297
f 297 6041 6038
f 503 504 6038
f 503 6038 6041
f 348 4310 347
f 347 4310 4315
f 453 454 4315
f 453 4315 4310
f 299 300 6042
f 6042 300 6045
f 501 502 6042
f 501 6042 6045
f 345 346 4319
f 4319 346 4314
f 455 456 4319
f 455 4319 4314
f 301 302 6046
f 6046 302 6049
f 499 500 6046
f 499 6046 6049
f 344 4318 343
f 343 4318 4323
f 457 458 4323
f 457 4323 4318
f 303 304 6050
f 6050 304 6053
f 497 498 6050
f 497 6050 6053
f 342 4322 341
f 341 4322 4327
f 459 460 4327
f 459 4327 4322
f 306 6055 305
f 305 6055 6054
f 495 496 6054
f 495 6054 6055
f 339 340 4329
f 4329 340 4326
f 461 462 4329
f 461 4329 4326
f 308 6057 307
f 307 6057 6056
f 494 6056 6057
f 494 6057 493
f 338 4328 337
f 337 4328 4331
f 463 464 4331
f 463 4331 4328
f 310 6059 309
f 309 6059 6058
f 492 6058 6059
f 492 6059 491
f 336 4330 335
f 335 4330 4333
f 466 4333 4330
f 466 4330 465
f 312 6061 311
f 311 6061 6060
f 490 6060 6061
f 490 6061 489
f 334 4332 333
f 333 4332 4335
f 468 4335 4332
f 468 4332 467
f 313 314 6062
f 6062 314 6063
f 488 6062 6063
f 488 6063 487
f 331 332 4337
f 4337 332 4334
f 469 470 4337
f 469 4337 4334
f 315 316 6064
f 6064 316 6065
f 485 486 6064
f 485 6064 6065
f 330 4336 329
f 329 4336 4339
f 471 472 4339
f 471 4339 4336
f 317 318 6066
f 6066 318 6067
f 483 484 6066
f 483 6066 6067
f 327 328 4341
f 4341 328 4338
f 473 474 4341
f 473 4341 4338
f 320 6069 319
f 319 6069 6068
f 482 6068 6069
f 482 6069 481
f 326 4340 325
f 325 4340 4343
f 476 4343 4340
f 476 4340 475
f 322 6071 321
f 321 6071 6070
f 480 6070 6071
f 480 6071 479
f 324 4342 323
f 323 4342 6072
f 478 6072 4342
f 478 4342 477
